frame,droplet_count,ligament_count,main_ligament_count,uncertain_count,main_region_area,total_detected_area,avg_droplet_diameter,avg_ligament_aspect_ratio,avg_ligament_length
0,0,0,0,0,0,0,0.0,0.0,0.0
1,57,7,0,4,0,3089.5,6.055837562179776,1.8260728609022048,10.571428571428571
2,57,5,1,5,21239.5,26193.5,6.1941607306694175,1.7709596535004377,10.2
3,54,7,2,5,24377.5,29159.5,5.759699433491574,1.8128020210238645,10.142857142857142
4,59,6,1,1,22119.5,26538.0,5.798775473062863,1.8464863338751245,13.0
5,58,5,1,2,22015.0,26337.5,6.040833172197767,2.2939495538197545,12.4
6,57,6,1,3,19486.0,25137.0,6.035992742375197,2.226455700596122,18.166666666666668
7,59,6,1,4,20908.5,27133.5,5.841078396445906,2.306936273490287,21.833333333333332
8,55,11,1,3,20428.5,26839.0,6.016368659758853,2.1595643099425295,18.181818181818183
9,51,7,2,5,16712.5,23082.0,6.4140375961752785,2.3166089089376554,18.0
10,52,6,2,4,20814.5,27151.5,6.220913713897848,2.2061241713506403,19.333333333333332
11,51,8,1,4,20960.5,27302.0,6.166167575111795,2.2039788379572727,15.875
12,49,8,1,4,22758.5,27762.5,6.376511901425639,2.241416258690267,12.5
13,53,7,1,5,22293.0,27000.0,6.160842607113634,2.0359351245283546,13.285714285714286
14,49,8,1,9,23266.0,28032.0,6.08983687233353,2.84966034928791,20.5
15,53,6,1,8,18963.5,23822.5,5.8746016462352415,2.3496914109311153,18.5
16,52,7,1,3,23170.5,28015.0,6.314154035836081,2.1626052846992887,21.714285714285715
17,55,8,1,2,23665.5,28556.5,6.179663805177822,2.3600358482160666,22.125
18,57,8,1,3,24912.5,29418.5,5.974833631928718,2.2764869738074434,14.5
19,56,6,1,3,24804.0,29352.0,6.146334192347405,2.66957641544007,12.5
20,49,4,1,6,19594.5,23885.0,6.083481714410789,2.859649166725275,15.75
21,47,4,1,6,25912.0,30291.5,6.525620472740464,2.657182069593717,17.0
22,47,8,1,6,26653.5,30633.5,6.555572722631478,3.113954034552252,15.5
23,53,11,1,3,19261.0,23605.0,6.163162879473713,2.0626221117938437,13.272727272727273
24,49,12,1,2,19400.5,24376.5,6.331383555512286,2.173117057660058,20.5
25,51,10,1,4,19568.0,24821.0,6.26653695271666,2.5253689535883623,24.7
26,46,5,1,8,19416.5,24175.0,6.815801231408155,2.6068507187975354,24.8
27,50,11,1,5,19283.0,24092.0,6.085246517822487,2.5632055554116606,18.0
28,54,8,1,5,20002.0,23847.5,6.153403610757786,2.3714133596311338,10.625
29,58,11,1,5,18825.5,23687.0,5.9662831241738985,2.10809372551084,18.0
30,51,10,1,8,19263.0,24328.0,6.547957635737304,2.1139247754149895,20.9
31,53,11,1,7,18755.5,24059.5,6.135915812702407,2.088327309865896,21.90909090909091
32,52,10,0,6,0,5213.5,6.076292361714968,2.394062717232941,22.6
33,53,11,1,8,19238.0,24512.5,5.927332181828131,2.3574044893799972,22.818181818181817
34,58,7,1,3,19281.5,24608.5,6.134093243937339,2.2526949177844147,29.142857142857142
35,53,11,1,5,19904.5,25239.5,6.353923135179378,2.359910360444265,24.636363636363637
36,53,13,1,3,16919.0,24586.0,6.150743864438264,2.116338550170463,37.23076923076923
37,58,14,1,4,18170.0,23475.0,5.87869875293142,1.9446427408517024,18.357142857142858
38,58,15,1,8,19284.0,24730.0,5.633147019146893,1.9879750186602387,14.733333333333333
39,60,12,1,6,19767.0,24941.0,5.593798551138278,2.3239804034406064,13.916666666666666
40,55,13,1,7,19974.5,24890.5,5.995943344271677,2.2234712468969082,15.615384615384615
41,60,14,1,7,19968.5,24947.0,5.867530827886085,2.633210876283131,13.642857142857142
42,56,15,1,10,19365.5,24444.5,5.964049387988069,2.105451279401303,12.466666666666667
43,56,11,1,8,17432.0,22619.5,6.523496186020503,2.2778222293915924,15.0
44,59,15,1,5,18146.0,25428.0,6.14878598242472,2.108095071701221,25.666666666666668
45,61,16,1,7,18301.0,25798.0,6.340892799333185,2.5142808513782646,26.375
46,67,13,1,7,17549.5,24610.5,6.184513739645743,2.454670720497494,23.923076923076923
47,64,7,1,11,18998.0,25939.0,6.373296014009234,2.1632515212658667,39.714285714285715
48,70,9,1,9,19235.5,26266.5,5.978070743614706,2.1010708813163,16.77777777777778
49,70,8,1,8,17761.5,25609.5,6.2431243559619345,2.554659849952111,30.5
50,68,15,1,6,17607.5,25971.5,6.1721635724042905,2.3012445074880072,28.733333333333334
51,66,16,1,7,17966.5,25561.5,6.306092078098579,2.2669195221506784,23.125
52,71,15,1,11,18197.0,26339.5,6.160775894810698,2.5287116653233896,23.0
53,67,15,1,10,17358.5,25135.5,6.365973222147159,2.9091896257796637,19.8
54,64,17,1,11,18732.5,26456.5,6.28380472616114,2.26651390424965,17.470588235294116
55,73,17,1,11,18442.0,26336.0,6.0599920186229275,2.4311327423251687,19.0
56,71,17,1,8,17407.0,25137.5,6.045762124627327,2.006497565564894,19.470588235294116
57,68,19,1,9,18705.0,26639.0,6.016987092624867,2.1909353818173827,18.105263157894736
58,73,20,1,5,18926.0,26935.0,6.008716605374434,2.2952434660866223,21.2
59,78,18,1,4,18817.0,27035.0,5.831691575905695,2.517291139642765,27.055555555555557
60,76,17,1,7,19060.0,27142.5,5.895877982426296,2.265792003049613,26.11764705882353
61,81,13,1,8,18873.0,27156.0,6.094231523109748,2.4817389372942054,28.153846153846153
62,69,15,1,9,15547.0,24995.5,6.154610974801323,2.193001600296597,29.933333333333334
63,70,17,1,10,16846.5,26201.0,5.936812310761007,2.2009088424913146,27.41176470588235
64,69,17,1,9,16753.5,26355.5,6.287794626315263,2.2784909701078386,25.58823529411765
65,68,17,1,8,16649.0,26096.0,6.416967046141474,2.08236264688186,26.470588235294116
66,67,17,1,10,18096.0,27207.5,6.421594096386497,2.1137917012998875,26.941176470588236
67,68,15,1,12,17030.5,26470.0,6.635055075105845,2.223519835651656,28.6
68,75,19,1,5,18385.5,26500.0,6.053742858648279,2.479977478003675,23.789473684210527
69,74,17,1,6,17241.0,25825.5,6.597921512619994,2.5418876472921323,28.294117647058822
70,74,14,1,7,17385.5,25597.0,6.44502503507306,2.179695616209327,26.428571428571427
71,70,13,1,9,17665.5,27018.0,6.680866983954046,2.3040587545360136,34.61538461538461
72,73,15,1,5,17409.5,26121.0,6.656738103498341,2.262540128798155,29.333333333333332
73,74,15,1,4,17383.5,26026.5,6.34769705157665,2.115475009062332,32.666666666666664
74,69,13,1,7,18653.0,25342.0,6.233097277841457,2.0771678550271826,19.076923076923077
75,70,15,1,6,18127.5,25521.0,6.3691413924838205,2.1920891522829846,23.4
76,76,15,1,6,17604.0,24780.0,6.213058596265791,2.4093648412621658,19.866666666666667
77,68,15,1,6,19026.0,25768.5,6.585470024659228,2.186469183057647,17.733333333333334
78,71,15,1,9,19229.0,26333.5,6.381702378414375,2.3340845319073624,19.333333333333332
79,72,13,1,11,21550.0,28684.5,6.49347340991203,2.095958658800015,24.076923076923077
80,75,11,1,10,22206.0,29392.5,6.3888466151110785,2.2257041380976355,20.454545454545453
81,65,13,1,8,19416.0,26293.0,6.628079000617143,2.058875229249416,18.384615384615383
82,60,13,1,10,22078.0,28843.5,6.6616452748544015,2.0684042141342482,17.846153846153847
83,59,15,1,7,19828.0,26491.5,6.634013984538253,2.123746873018749,20.6
84,62,13,1,9,20288.0,26111.0,6.253480651952528,2.1018955639012176,17.153846153846153
85,65,11,1,6,21795.0,28051.5,6.1903003581690434,1.9808713851181217,34.0
86,65,12,1,5,19449.0,25910.0,6.287209540601843,2.224568897839659,18.833333333333332
87,63,12,1,5,22602.0,27697.0,6.477213433750033,2.0463400991998846,16.5
88,68,9,1,7,22387.5,28672.0,6.408290214611075,2.252432032113975,18.333333333333332
89,63,11,1,9,21635.0,27774.5,6.195649553260947,2.2269620147381546,16.363636363636363
90,61,13,0,5,0,7023.5,6.649283296152961,2.550227627533972,25.76923076923077
91,63,14,1,2,19579.0,26550.0,6.277995683517312,2.5295965303294485,33.57142857142857
92,65,16,1,4,20773.0,28047.5,6.153744446768056,2.402121904833458,31.0625
93,59,18,1,4,19328.5,28093.0,6.443356691599563,2.409337257706023,34.333333333333336
94,61,16,2,4,20331.5,27977.5,6.407236225713724,2.389732193078211,30.6875
95,57,16,1,5,20279.5,27795.5,6.403476984784882,2.287206822392327,29.25
96,61,13,1,3,20363.0,27183.5,6.7600349139808555,2.412940994606603,28.615384615384617
97,62,16,1,3,16916.5,24365.5,6.336329304777739,1.991926795627656,27.125
98,61,11,1,6,12479.0,23819.5,6.726811683780033,2.3853674930616413,54.54545454545455
99,58,10,1,5,18352.5,27262.5,6.818244188611152,2.239745269527227,35.5
100,55,10,1,4,18707.5,27158.0,7.144395868864323,1.8672026047512362,27.5
101,55,10,1,7,13161.0,23773.5,7.259266665304808,2.3605379240611852,34.3
102,54,10,1,7,9763.0,20384.5,6.8050684005152755,2.4445071733371133,70.5
103,48,9,1,11,16112.5,26594.0,7.254086289184213,1.9835674192234478,66.0
104,49,11,1,8,15981.5,28060.5,7.378331409694052,2.0524361652163114,74.0
105,56,8,0,4,0,5988.0,7.183532049447539,2.052758329462715,29.5
106,59,7,1,4,18582.0,24574.0,6.876268133993592,2.670064918729611,32.0
107,57,7,1,4,18438.0,24336.5,6.746106377448018,2.137014020194423,33.42857142857143
108,57,8,1,4,22505.5,28012.0,6.612477136862911,1.9591708107443924,24.875
109,66,7,1,3,17900.0,24440.0,6.606245625241278,2.2511223429363607,45.42857142857143
110,65,8,1,2,22082.5,28340.5,6.696789376483304,2.4047424093192005,32.75
111,57,8,1,7,16568.0,27780.0,6.439850037734902,2.5429114283193788,103.875
112,56,13,1,6,16284.0,21945.0,6.68051394086226,2.7449508654870507,24.0
113,55,11,1,6,14990.0,22238.0,6.91388422878869,2.0737580749768325,21.90909090909091
114,59,12,1,5,20035.0,29059.0,7.0427571444300625,2.2543206791289307,32.25
115,61,11,1,5,19593.5,29662.0,6.626214954292916,2.5826800537899324,55.0
116,52,12,1,5,14750.0,24043.0,7.153042931757937,2.003362349611906,43.333333333333336
117,57,15,1,3,14686.5,24121.0,6.742577171236748,2.120426019375371,38.93333333333333
118,51,12,0,5,0,6838.5,6.993456209691999,2.220469225319115,19.583333333333332
119,52,15,1,6,14773.0,24091.0,6.880820004041372,2.0679091843760897,18.333333333333332
120,58,15,2,3,14952.5,24081.0,6.357881778528986,2.104260279914022,36.06666666666667
121,59,18,1,5,15344.0,24496.0,6.27438995865702,2.437077329751349,31.444444444444443
122,58,17,1,3,13613.0,22135.0,6.276768857203006,2.1953008547092208,31.0
123,59,15,2,7,20715.0,29553.5,6.280083229684016,2.194590005522624,34.4
124,59,13,2,10,19720.5,29271.5,6.1210790540073665,2.0737388200751794,38.76923076923077
125,55,10,2,8,19289.5,28708.0,5.996842370324049,2.40873220157745,48.6
126,62,15,2,4,15292.5,24835.5,6.265765155301038,2.5034220603715314,44.46666666666667
127,61,14,2,5,18328.0,27133.0,6.378147219740675,2.7577563246967594,37.785714285714285
128,61,11,2,6,16484.5,26884.0,6.42368720167846,2.6232916083556925,40.63636363636363
129,59,13,2,7,17974.5,27015.5,6.223033824824256,2.5404705001722765,44.30769230769231
130,61,12,2,7,18839.0,27783.5,6.191355038646911,2.637517304389152,38.5
131,59,15,2,6,18403.5,27453.0,6.084063791053015,3.0399180060833197,46.2
132,61,11,0,8,0,9103.5,6.163644137642993,2.7508440332743542,61.45454545454545
133,64,16,1,7,18848.5,27803.0,5.968503516099995,3.017207494819671,41.1875
134,65,19,2,5,16338.0,25594.0,6.001712722430162,2.7457848756185146,36.94736842105263
135,64,18,2,4,17622.5,25525.0,6.035612010387073,2.523027999189321,30.444444444444443
136,66,17,2,3,17988.0,25157.0,6.3379784121403,2.309703017105215,25.176470588235293
137,62,14,2,6,20285.5,27134.0,6.5463794472751085,2.249832944325194,27.142857142857142
138,59,14,2,6,23890.5,30882.5,6.68897879676998,2.5858022046537785,30.142857142857142
139,61,16,2,8,25507.5,32742.5,6.198004397075665,2.6717971559764475,27.875
140,66,20,1,7,17702.5,29575.0,6.278302253401556,2.6584201096471474,43.85
141,65,19,1,4,17769.5,29208.0,6.48286357992724,2.5810103438462346,43.68421052631579
142,59,23,1,5,14528.5,24698.5,6.126114472251135,2.380812521983741,31.695652173913043
143,58,20,1,7,12874.5,23593.0,6.006171404872783,2.282941692061719,38.8
144,59,22,1,13,11039.5,21682.0,6.088719862858083,2.3039460779659664,26.545454545454547
145,64,18,1,10,13438.0,23938.5,6.062218812879312,2.4044706140214767,32.333333333333336
146,61,20,1,8,13581.5,23621.0,5.920485572336501,2.2126485637884623,29.0
147,62,22,0,8,0,10108.5,5.585010517258954,2.3580223616968614,30.136363636363637
148,60,20,1,7,9529.0,23652.0,5.795372576439335,2.1347474443382137,37.5
149,59,19,1,10,13821.5,23427.0,5.629024291719307,2.18425145639885,39.0
150,61,19,1,8,13736.0,22964.5,5.760398720742131,2.124000212964902,35.68421052631579
151,61,17,1,10,13556.0,22646.0,5.801752531355556,2.091477208723848,37.294117647058826
152,71,17,1,5,11766.0,20510.0,6.121701128466692,2.258845567033,32.35294117647059
153,70,16,1,8,12986.5,21737.5,5.600026307409218,2.36595157129426,35.875
154,69,16,1,11,13173.5,21719.0,5.632923295037033,2.7553739784756583,33.5625
155,69,18,1,7,13642.0,21830.5,5.550239128068047,2.349031172261565,33.44444444444444
156,71,15,1,7,14202.5,21558.5,5.75117888924124,2.4043753826109358,32.8
157,82,14,1,3,15003.0,21860.5,5.562894454884592,2.5646607168608195,33.214285714285715
158,78,16,1,5,15207.0,21213.0,5.534073024085046,2.6106254322684537,28.0625
159,80,12,1,4,11760.5,18496.5,5.727387082198367,2.2453616153425435,40.166666666666664
160,81,15,1,6,12461.0,21154.5,5.761829936629615,2.3025504461930733,27.333333333333332
161,75,14,1,6,12893.5,22092.5,5.419990085273646,2.281854610472376,37.57142857142857
162,75,16,1,5,15399.0,22679.0,5.440962245846296,2.3015780029382795,15.8125
163,76,13,1,6,15447.5,22860.5,5.5427668183847985,2.4847880218407963,21.076923076923077
164,74,12,1,8,16135.0,23314.5,5.5607996301045715,1.9525167581416734,14.0
165,68,15,0,10,0,9242.0,5.642585222654371,2.0692301459174445,12.333333333333334
166,61,13,1,9,21231.0,25731.0,5.643240967066654,2.149928594693031,11.76923076923077
167,67,13,1,6,21655.5,26281.5,6.013284571633286,2.200587268819275,12.384615384615385
168,69,12,1,6,18150.0,24815.5,5.811050092506589,2.175198518266752,12.0
169,71,12,1,4,18948.0,25453.5,5.819973512720813,2.164208904296439,13.416666666666666
170,68,11,1,5,17631.5,24837.0,5.77815309146346,2.180492548261079,17.636363636363637
171,67,11,1,5,18012.5,25032.0,5.781322307898321,2.3515004383593667,19.272727272727273
172,60,13,1,8,18399.5,25474.5,5.888873329537189,2.3542095851622316,12.846153846153847
173,62,13,1,10,19127.0,26402.5,5.890994669207765,2.600795216946283,12.538461538461538
174,65,10,1,9,19509.0,26968.5,5.877006021225219,2.8433710485893746,17.8
175,69,9,1,7,19846.5,27022.5,5.885937360054884,1.9871282367171088,9.88888888888889
176,68,8,1,10,18006.0,25161.0,5.49074497291177,2.2547971242474287,10.0
177,72,8,0,9,0,7097.5,5.558267683737787,1.8442694437586244,7.5
178,77,11,1,7,20234.5,26652.0,5.4516128735739215,1.9181886617366988,9.636363636363637
179,73,9,1,9,18789.0,25215.0,5.314800250134756,2.0977995150953146,15.444444444444445
180,74,12,1,9,19542.5,26261.5,5.684962774305183,1.988430944290843,16.75
181,71,13,1,11,18546.5,25019.5,5.42436569234367,1.9067806838784964,15.538461538461538
182,75,10,1,10,17779.0,24229.0,5.65473740483008,2.0466062670822427,11.3
183,72,14,2,9,17292.0,24886.0,5.817870964036058,2.216487474444794,36.785714285714285
184,78,16,1,8,16431.0,24182.5,5.545727169660171,2.4057787618495605,39.0625
185,72,13,1,8,12088.5,23926.0,5.508258114793603,2.331710934669262,55.23076923076923
186,73,14,1,7,11303.5,22841.0,5.378956661423529,2.428602639129861,47.857142857142854
187,75,12,0,7,0,6710.5,5.883866154209916,2.358782974150268,30.083333333333332
188,76,11,1,7,16281.5,23397.0,5.929880692656105,2.1842846447665365,33.54545454545455
189,77,15,1,7,16218.5,23288.0,6.005680658840972,2.134831843828549,25.6
190,78,17,2,6,14249.5,24699.5,6.269776871715892,2.1879480478059588,23.823529411764707
191,78,21,1,7,14857.5,25520.0,6.281099195027766,2.1439104318427984,36.57142857142857
192,78,22,1,4,14779.5,24864.0,6.014732165150675,2.2545414956663805,35.81818181818182
193,80,16,1,6,15925.0,25524.0,6.208934632319915,2.413871783398019,39.4375
194,78,18,1,8,15721.5,25246.0,6.288880293638243,2.083461461786735,30.666666666666668
195,81,17,2,5,15853.0,25891.0,5.980088171547716,2.0787808453850114,44.529411764705884
196,72,21,2,4,16128.0,26220.0,6.150868149627768,2.3845254083222907,42.23809523809524
197,75,21,2,3,17024.0,26208.0,5.958829850201479,2.2363978009092325,36.285714285714285
198,72,17,2,7,16605.5,26129.0,5.913793352418766,1.9102710319336145,36.64705882352941
199,67,15,2,11,17120.5,26522.5,6.100838475074522,2.1374016083482235,40.733333333333334
200,70,12,2,8,17288.5,26344.0,6.221049800628091,2.020123251353877,43.833333333333336
201,74,14,2,10,14240.5,23332.0,5.890920766326749,2.043120045441801,33.785714285714285
202,68,14,2,14,17651.5,26617.0,6.079743734272787,2.279661987607409,37.142857142857146
203,68,12,2,14,18236.5,27106.5,5.940490536108737,2.457700472928349,47.666666666666664
204,65,17,2,10,18922.0,27412.5,6.138518369392766,2.3211942824350684,37.470588235294116
205,66,16,2,8,19264.0,27658.0,5.767266671191383,2.1047195804293755,42.125
206,64,15,0,9,0,8355.0,5.904106074896485,2.245872893239246,21.266666666666666
207,61,18,1,7,19544.0,27172.5,5.934701009934519,2.008773950300203,11.5
208,66,15,2,8,19574.5,26640.5,5.8044435417285944,2.1589183203712734,20.2
209,73,14,2,6,19764.5,27163.5,6.350544280661542,2.1782110504394256,23.928571428571427
210,75,14,1,10,19376.0,26506.0,5.955425647223819,2.3274358515180236,23.857142857142858
211,76,15,2,10,20445.5,26902.0,5.809666507496883,2.1196338557030887,14.133333333333333
212,73,15,1,12,16072.0,27423.0,5.921915186667181,2.0862509333745156,14.0
213,74,14,1,11,20897.0,27482.5,5.809122242240706,2.132250797543648,22.857142857142858
214,80,11,1,12,16672.0,27674.5,5.6460733017230735,2.14962963433236,24.0
215,85,9,1,11,16917.5,27808.0,5.6429475956078115,2.240849740851761,27.0
216,77,11,1,10,16409.0,26965.0,5.766072022131826,2.454052773100267,38.45454545454545
217,72,17,1,7,17362.0,27992.0,5.82805515422755,2.2802814829063403,49.588235294117645
218,73,18,1,5,17747.5,28102.5,5.914762785213645,2.214987087456205,46.333333333333336
219,71,14,1,9,18021.0,28431.5,5.889050516391139,2.3359568243268707,59.42857142857143
220,75,12,1,7,18937.5,28126.0,5.618972393676054,2.260927963525164,52.166666666666664
221,76,8,1,9,22259.5,28031.5,5.542250199135518,2.433661012005074,31.125
222,72,14,1,4,18730.0,28167.0,5.761850358487292,2.6899124232627467,51.07142857142857
223,76,12,1,4,20657.5,29638.5,5.523858275933858,2.2836511695751947,50.5
224,73,14,0,6,0,9073.5,5.463470835230075,2.3022069246495356,42.142857142857146
225,75,13,2,8,13287.0,21800.0,5.392671152306436,2.0689159359788425,42.76923076923077
226,80,12,2,7,13570.5,21174.0,5.393872931909207,2.0390019840254627,38.0
227,77,13,2,8,12850.5,20640.0,5.770357007695406,1.862818403444314,34.46153846153846
228,82,12,1,10,7947.5,20616.5,5.663229484057218,2.0935623742820564,23.416666666666668
229,79,12,1,11,8420.5,21216.5,5.59298407997746,2.4492365481907874,21.416666666666668
230,73,16,1,12,8557.5,21690.5,5.918718617887998,2.3602581897301342,19.625
231,71,17,2,10,14954.0,22854.5,5.907207810994255,2.154964827084833,17.176470588235293
232,69,17,2,7,14467.5,22353.5,6.07623675685131,2.1970100676246838,23.941176470588236
233,69,17,2,6,13877.0,21205.0,5.975299838336542,2.114534241995656,21.235294117647058
234,63,17,2,8,14380.5,21271.0,6.086988553541117,2.264029393586965,18.294117647058822
235,64,14,2,7,14976.0,21651.0,5.966103189689094,2.0227749392080043,20.857142857142858
236,68,15,2,7,12840.0,19605.0,5.781947149473204,2.3982499794544387,23.133333333333333
237,70,21,2,6,13802.5,20687.0,5.47911849283424,2.2603072012705625,21.80952380952381
238,76,20,2,5,14122.0,21220.5,5.679529554540103,2.295108685380385,18.65
239,75,19,2,6,14961.5,21871.5,5.673881968556739,2.203226615975528,17.42105263157895
240,72,19,2,7,14308.5,21408.0,5.779210511482012,2.1832208944666553,19.94736842105263
241,76,17,2,7,16715.5,23095.5,5.821423787736685,2.280429805542378,16.705882352941178
242,73,19,2,8,17085.5,23449.5,5.560370846672453,2.3025016229780837,16.789473684210527
243,67,19,2,11,16953.0,22964.5,5.851602799778641,2.1807728113726634,13.210526315789474
244,71,18,2,11,16443.5,22462.5,5.761285401234705,2.1397989243872964,12.444444444444445
245,79,18,2,4,16832.5,22882.0,5.612392943316573,2.0598252512160102,13.222222222222221
246,80,16,2,5,17416.5,23576.5,5.6499593520576585,2.1365413600636707,15.25
247,81,15,2,7,17866.5,23611.5,5.6165599290031984,2.065817908132248,12.733333333333333
248,80,20,2,9,17981.5,24064.5,5.480744251198925,2.111035682345599,10.95
249,75,17,2,10,18299.0,24155.0,5.691798197346832,2.376980859380105,15.294117647058824
250,77,15,2,9,18244.5,24136.5,5.6045113139564435,2.3804245003312046,24.333333333333332
251,74,16,2,6,17365.5,23082.0,5.712681994105648,2.2313728726879885,14.0
252,76,15,2,10,17568.5,24140.5,5.73886205724182,2.713949336155645,15.733333333333333
253,72,17,2,8,19187.5,25668.0,5.804155169921521,2.2732299449676368,10.529411764705882
254,76,14,2,8,17654.5,24021.5,5.706186787382078,2.341775407314104,21.071428571428573
255,71,14,2,9,15888.0,21534.5,5.549583968282145,2.1063572115393594,13.857142857142858
256,71,14,2,8,15761.5,21431.5,5.48329058330642,2.260895212487481,19.5
257,73,12,2,9,17280.5,23155.5,5.7211366613877,1.7277966117199077,24.5
258,69,10,2,11,17089.5,22989.0,5.676431868313236,2.1542555771714227,10.6
259,70,11,2,10,18262.5,23170.5,5.501964577845753,2.0799912711155755,9.0
260,67,8,2,12,18236.0,22880.5,5.515444127964358,2.497231101679702,12.375
261,74,10,2,8,14051.5,19298.0,5.51431166745835,2.4824646664210617,15.7
262,71,16,1,8,9704.5,19181.0,5.432157178613055,2.3119862670247175,45.0
263,76,13,1,4,10688.5,19244.5,5.475619866103901,2.3878269765109335,44.69230769230769
264,75,14,1,4,9273.0,18974.0,5.349229165924885,2.5442758802083008,58.214285714285715
265,69,14,1,6,9479.5,18522.5,5.935189458555076,2.233646485388313,49.714285714285715
266,73,16,1,3,10546.5,18778.0,5.984276354661348,2.3141494450707514,38.5625
267,73,13,1,4,11807.5,19026.0,5.8771852126357675,2.642478234000786,33.0
268,66,11,1,3,12419.0,19031.5,6.207208824214068,2.109616515077778,31.727272727272727
269,70,11,1,2,12409.0,18864.0,6.021428405325317,2.17905602668075,31.90909090909091
270,70,12,0,5,0,6309.5,5.885809701833745,1.9162606971721368,23.416666666666668
271,75,11,1,6,9546.5,18750.0,5.490266908304371,2.5024469702061802,23.454545454545453
272,77,9,1,7,10409.0,19071.0,5.863807702467146,2.4450474576367345,26.0
273,74,8,1,6,9704.5,18166.0,5.953447364790554,2.0162253328954516,26.125
274,75,9,1,3,9830.0,19416.5,6.05802887414311,2.502528521208792,28.22222222222222
275,72,8,1,3,9729.0,19121.5,6.3270951376250535,1.8771243354074718,23.75
276,70,8,1,1,9518.5,19020.5,6.449688506999623,2.010984128235856,93.0
277,71,8,1,4,9459.5,18882.0,6.035725979646032,1.741275019068674,34.0
278,71,7,1,6,9517.0,18728.0,5.7810745322087636,1.9704179232497456,46.57142857142857
279,68,10,1,4,9696.5,18906.5,6.003160539442896,2.153462216073925,29.2
280,62,9,1,7,10358.0,19327.0,6.202504171300873,2.539702317842278,29.0
281,65,12,1,4,8900.5,17671.5,5.6351032201041,2.3558869545528975,22.833333333333332
282,66,12,1,7,8978.0,19161.5,5.501365820600371,2.243713721146855,31.166666666666668
283,66,9,1,7,8938.0,19012.5,5.919515375491197,2.3699399398774865,42.333333333333336
284,73,9,1,8,9143.5,18614.5,5.651985726258875,2.92050785436104,23.77777777777778
285,69,10,1,6,9056.0,18143.5,6.043999174253393,2.6405883824161545,21.9
286,66,11,1,4,9371.5,18370.5,6.482058748274475,2.4914413597696345,16.272727272727273
287,72,7,1,4,9206.5,18020.5,6.21403315399918,2.8582238357656076,15.142857142857142
288,67,13,1,6,9266.5,18591.5,6.231941234785453,2.005204984515062,10.384615384615385
289,72,11,0,4,0,4641.5,5.795492222646378,2.26133436325919,16.0
290,68,12,1,7,13553.5,18054.0,5.799794602956619,2.117057683798203,12.666666666666666
291,64,12,1,6,14419.5,19158.0,6.026236180111333,2.7033193057368976,22.25
292,63,11,1,7,14188.5,18885.0,6.0514356579989546,2.8791093284793012,23.727272727272727
293,65,14,1,6,14205.0,19384.0,5.844205955193903,2.852760474287584,21.142857142857142
294,65,14,1,8,14290.0,19642.5,6.154538294840877,2.620894254429745,24.5
295,67,16,1,7,13885.0,19528.5,6.078238622966458,2.6949734924051634,23.4375
296,67,15,1,4,13824.0,19417.5,6.0999749508611,2.4209172288317937,22.533333333333335
297,67,12,1,6,14207.0,19834.0,6.132136248309764,2.2494514094889086,30.0
298,65,15,1,7,13950.5,19372.5,6.250983257831514,2.5404660972866555,25.666666666666668
299,64,17,1,12,14584.5,19633.0,6.201002660444723,2.4752814683242392,16.176470588235293
300,66,16,1,4,15328.0,19884.0,5.810855250186179,2.395155180158085,15.0625
301,58,21,1,7,15671.5,20279.0,5.576396933097348,2.2767363901986366,13.380952380952381
302,56,18,1,8,20600.0,25828.0,5.782010036526963,3.0037870772815456,23.944444444444443
303,63,18,1,6,20938.5,26493.0,5.978541145834489,3.0137179507048506,16.38888888888889
304,69,12,1,2,23195.5,27329.5,5.880566076032712,2.716958816082595,18.583333333333332
305,65,15,1,4,24086.5,28343.5,5.947402276176076,2.5698378006764955,14.733333333333333
306,64,12,1,5,23927.0,27743.5,5.879650426940093,2.4593016159306478,13.833333333333334
307,59,14,1,5,25276.0,28855.0,5.972047169342266,2.246880519167796,11.142857142857142
308,59,14,1,6,29927.5,33278.0,5.4585575287630785,2.5479618210690846,13.642857142857142
309,59,14,1,8,29485.0,32813.0,5.481441435641955,2.277580004130594,12.214285714285714
310,61,15,1,7,18239.0,22410.5,5.308549036156914,2.339055410335043,15.2
311,59,13,0,6,0,3537.5,5.310864568743021,2.600036566406102,14.615384615384615
312,58,10,1,6,19671.5,23111.5,5.590851713652446,2.028969450984086,17.1
313,50,10,1,6,19302.5,22819.5,5.974444113451951,2.5357996009255124,17.2
314,57,11,1,6,19412.0,23047.5,5.652815544156595,2.1329486870688594,13.727272727272727
315,58,8,1,9,19341.0,22993.0,5.741950470310816,2.0962121411091825,9.75
316,59,8,1,7,17732.5,21317.0,5.551428674169699,2.071381214071322,11.375
317,64,11,1,6,18767.5,22543.5,5.538730064155225,1.9315954946658906,9.272727272727273
318,59,10,1,6,21010.0,24682.5,5.692093978350743,2.0486910314708884,20.6
319,62,12,1,5,16026.5,19762.0,5.5331288343920555,2.0557012742856706,17.833333333333332
320,58,13,1,8,16246.5,21894.0,5.818057984609511,2.0144793181656255,15.615384615384615
321,61,13,1,6,19851.0,25598.5,5.563168580868583,2.116752221739281,17.846153846153847
322,58,11,1,7,20099.5,25233.0,5.6765294789577405,2.0731991862815002,10.090909090909092
323,56,10,1,6,17301.5,22274.0,5.999944518314098,2.088887513032665,8.2
324,53,10,1,9,27962.5,32963.5,5.762661126348457,2.2150888195464526,8.2
325,57,12,1,6,28455.5,33289.5,5.379446742265966,2.0370069940917688,5.75
326,50,9,1,9,26179.5,31739.0,5.31708729507005,2.7517353286451183,27.444444444444443
327,56,10,1,10,26035.0,32967.0,4.795111756200286,2.4803980382118644,37.3
328,50,14,1,8,27529.5,34294.0,5.105337367418965,2.4774969845002737,31.928571428571427
329,48,16,1,12,15986.0,22808.5,4.917125418708285,2.3006084152425386,25.5625
330,46,16,1,9,27832.5,34753.5,5.214688973655498,2.228356597753019,23.9375
331,52,12,1,5,15943.0,23013.5,5.413362969273509,2.044772921836748,25.666666666666668
332,48,14,1,5,14367.0,21511.0,5.380957250575021,2.050739559961293,34.92857142857143
333,50,18,1,5,15560.0,21333.5,5.026023922211984,1.9731137218069665,18.72222222222222
334,48,17,1,5,15344.0,21068.0,5.143264967086044,2.2736185931667117,21.0
335,52,18,1,2,17223.0,22808.5,5.172929166587232,2.1032585131751285,19.22222222222222
336,54,15,1,3,17170.5,22677.5,5.218066485348541,2.1687964689875834,20.6
337,58,13,1,4,19302.5,24779.0,5.067255383361492,2.2382584604618834,21.53846153846154
338,56,13,1,3,19042.5,24191.0,5.123017921719109,2.1652074121565392,26.384615384615383
339,61,16,1,3,21453.5,26534.5,4.897333702871443,2.1981298562583196,21.9375
340,58,16,1,3,21436.5,26484.5,5.244557870454936,2.0667860524111115,19.9375
341,61,16,1,2,16776.5,21657.5,5.435256315322636,1.9500334740765648,19.0
342,64,14,1,4,18236.0,23026.0,5.766570539059502,1.8921931543476027,18.357142857142858
343,64,12,1,5,20573.5,25296.5,5.8910003958772625,1.8494473485078384,18.25
344,59,9,1,6,17426.0,22897.0,6.178385974215444,2.1931796701663204,22.22222222222222
345,61,12,1,4,15289.5,21399.0,5.761087007467811,2.386272663529904,30.666666666666668
346,66,14,1,4,16733.5,22543.0,5.6799827179959665,2.699750418502571,31.714285714285715
347,61,15,1,5,16277.0,22188.0,5.708765932612204,2.3697454785468763,33.0
348,66,12,1,5,15144.0,20926.5,6.155103377637865,2.436943969447218,34.166666666666664
349,64,12,1,9,16039.0,21998.5,5.9861610664318565,2.3899539187580703,27.666666666666668
350,67,13,1,9,14398.5,21028.5,5.7594588874072015,2.1148459636238828,31.307692307692307
351,65,15,1,9,14018.0,21520.5,5.638997472234719,2.396842031926082,39.2
352,70,14,1,8,14405.5,21657.0,5.6386093488327775,2.1510532155672433,39.285714285714285
353,71,13,1,6,14947.0,21936.5,5.772151894312457,2.2798278701600774,39.0
354,69,12,1,7,16563.0,21661.5,5.54093984929149,2.228539761787263,22.416666666666668
355,69,15,1,8,15555.0,21787.0,5.372313225968753,2.2320538772124516,27.133333333333333
356,66,13,1,6,16844.5,21323.0,5.693756117802884,1.9614245508860393,14.307692307692308
357,65,14,0,7,0,5660.5,5.900932449436103,2.017057537123589,23.285714285714285
358,67,14,1,9,16626.5,22136.5,5.5075532217651135,2.0313275583646777,18.357142857142858
359,65,14,1,8,15008.0,20141.5,5.389368719318092,2.0064366831526166,15.5
360,69,13,1,13,13806.0,20457.5,5.199171631668444,2.3513319255216047,19.0
361,69,13,1,8,15473.5,21992.0,5.486909694038877,2.4655963663996423,18.76923076923077
362,62,19,1,6,15866.0,22223.5,5.430000717885815,2.40773645334386,16.842105263157894
363,62,17,1,11,15772.5,22163.5,5.509274478461674,2.2775952502494556,19.11764705882353
364,67,16,1,8,12524.0,18215.0,5.357998220748594,2.392221442270785,20.3125
365,68,20,1,6,12538.0,23897.5,5.795470509549886,2.1880085713329707,38.55
366,75,19,1,6,13267.5,23010.5,5.470132110296401,2.406603635950376,32.0
367,74,16,1,10,13434.0,24678.0,5.1408342413267425,2.1018493739983652,35.1875
368,74,13,1,10,14949.5,25580.0,5.396269874604698,2.1823657770401845,37.61538461538461
369,75,12,1,10,14163.0,24430.0,5.4052161309008495,2.003154374327466,30.833333333333332
370,76,16,1,6,14485.5,24406.5,5.43059702635771,2.090395049530095,26.5625
371,73,12,1,7,16321.0,25757.5,5.542362630803484,2.0176904148588495,33.833333333333336
372,79,15,1,7,16457.5,25940.5,5.490299493244114,2.2285193835280332,27.533333333333335
373,80,12,1,10,17121.5,26019.5,5.242999723918277,2.3254822265071544,25.916666666666668
374,82,9,1,8,17507.5,25574.0,5.446342818563164,3.036200920016142,23.88888888888889
375,82,9,1,9,17868.0,26420.5,5.727485944905955,2.1337470884964094,20.88888888888889
376,78,11,1,8,17217.5,25777.0,5.7569897089525615,2.1899672246895423,21.454545454545453
377,73,16,1,9,18330.0,26199.5,5.721682141352992,2.149332324099007,14.625
378,71,16,1,8,17622.5,25332.5,5.689904889133979,2.2006061796599536,17.5
379,74,13,1,7,18201.5,25911.5,5.834316714739408,2.1050009128958473,19.384615384615383
380,76,12,1,8,18542.0,26035.0,5.834875414350013,2.0775230170076773,12.75
381,68,15,1,8,15003.5,22280.5,6.078493819675928,2.2141071731448148,14.4
382,66,14,1,6,18461.0,25628.0,6.065215251188192,2.4226781278986613,17.357142857142858
383,67,13,1,6,14987.0,23268.5,6.282495006855987,2.795703259323302,18.76923076923077
384,69,9,1,4,18888.0,25080.0,6.108210364261415,2.168624695940557,12.555555555555555
385,73,12,1,4,19156.5,25866.5,6.104001885937521,2.7050176109900255,16.666666666666668
386,68,11,1,7,19057.5,25126.0,6.290644158765246,1.9818040928570642,11.090909090909092
387,66,15,1,5,19366.0,26789.5,6.23295792054101,2.5672879615886863,20.8
388,66,17,1,4,20544.0,27549.5,5.940343796519599,1.9918532868719563,20.0
389,64,14,1,5,20694.0,27685.5,6.230646070203306,2.264096987453326,24.857142857142858
390,64,13,1,2,20965.0,27847.5,6.578019332183859,2.348985306764387,24.923076923076923
391,66,10,1,8,21118.0,28023.5,6.220616631798058,2.409251422122123,31.0
392,65,10,1,10,21670.5,28387.5,6.04012697631171,2.705431570658333,29.9
393,59,12,1,7,22014.5,28175.0,6.354404493708917,2.7602493817406835,22.916666666666668
394,60,11,1,8,22801.0,29374.5,6.16142604328395,2.847717876805038,22.818181818181817
395,58,9,1,7,18583.5,24916.0,5.950205465736517,2.6440433149504226,20.444444444444443
396,56,14,1,6,22695.0,29069.0,5.818832943807816,2.289294522746313,17.928571428571427
397,63,9,1,6,23150.5,29435.5,5.732648672409815,2.685506529812482,24.88888888888889
398,66,8,1,5,21846.5,28086.5,5.761522779700374,2.608056890052399,25.625
399,64,8,1,5,17366.5,25146.0,5.8088995586681,2.552003682215263,36.5
400,61,10,1,7,18149.0,24437.5,5.7923220192144305,2.37674336602086,31.0
401,60,12,1,3,19651.0,25888.0,6.085474058548243,2.5850557270763947,25.25
402,63,10,1,4,18394.5,24635.0,5.959590079937104,2.510320589808789,25.3
403,62,12,1,4,18415.0,24674.5,6.072786928030609,2.3796373145009984,19.833333333333332
404,56,11,1,6,17812.5,23265.0,6.0161560856507155,2.288608776931556,17.727272727272727
405,57,13,1,5,18163.0,24112.0,5.794539414820557,2.0383856578080763,24.384615384615383
406,54,12,1,9,19094.5,25126.5,5.672092658690197,2.359719974789608,27.25
407,56,14,1,5,21147.0,27485.0,5.776001110790928,2.129061264340924,30.928571428571427
408,58,11,1,3,23071.0,28618.5,5.700970402693045,2.077087408131425,27.545454545454547
409,59,13,1,1,23051.5,28714.0,5.78703223671655,2.0359658662312814,27.384615384615383
410,53,14,1,4,23159.0,28709.0,5.923271583806014,2.0583724359177293,25.071428571428573
411,58,11,1,3,23503.0,29128.5,6.285125448090517,2.2093872679742512,27.545454545454547
412,56,10,1,1,21263.0,26617.5,6.131772154937784,2.388539532308223,31.1
413,56,12,0,0,0,5053.5,6.382566683937727,2.0611953673101153,19.75
414,60,12,2,3,21740.0,27171.5,6.039112881512517,2.195373065874301,17.833333333333332
415,55,12,2,2,22123.5,27349.0,6.101602976440793,1.96695168952012,17.083333333333332
416,54,11,2,2,23406.0,28412.5,6.258185383477928,1.9877677578679207,18.90909090909091
417,50,11,2,5,22377.5,27456.5,6.3310448587340815,2.138489637516217,15.272727272727273
418,49,13,1,5,22509.0,27889.5,5.783202956122012,2.227782220005541,19.76923076923077
419,49,12,2,4,22241.5,27319.0,5.8073440792405515,2.4320307306424143,20.5
420,53,12,1,2,22448.5,27474.0,5.953878444375851,2.490064994740511,19.333333333333332
421,51,12,1,2,21472.5,26164.5,5.938192153599245,3.0414361351216077,19.416666666666668
422,56,8,1,3,23102.5,27587.0,5.684432972694587,2.9973893449654576,22.25
423,56,6,1,2,23473.5,27808.5,5.982370308985192,2.2518807312271973,20.166666666666668
424,54,6,1,3,22802.0,27204.0,6.247119571509624,2.140643038363693,20.5
425,49,5,1,4,21297.0,25390.5,6.868804707211424,2.0559693979477798,27.8
426,51,9,1,4,20427.5,24554.5,6.408257639877314,2.427385344720583,18.22222222222222
427,52,8,1,4,20477.0,24739.5,6.461670989520362,1.9606118467771445,19.125
428,47,8,0,3,0,4435.0,6.842417053478505,1.9570370686032987,16.125
429,51,7,1,2,19308.0,23311.5,6.529811802682404,2.3409620026077635,18.285714285714285
430,48,8,0,3,0,3930.5,6.630390717673541,2.0615883797878003,15.5
431,50,7,2,2,10969.5,14746.5,6.2837245967709405,1.9860586351549139,18.0
432,49,12,1,3,19136.0,28616.0,6.2011012447609275,2.579249678715826,63.333333333333336
433,46,11,1,6,24456.0,29727.5,6.895419757565813,3.0938394737909256,24.272727272727273
434,48,13,1,4,13064.0,23457.0,6.862961034682687,3.0442753362171153,61.15384615384615
435,47,11,1,4,27295.0,32081.5,6.757557082141869,3.3053838957964077,19.363636363636363
436,50,8,1,5,19395.5,23626.5,6.197871082711996,2.860373835850329,16.75
437,54,7,1,4,17509.0,22077.5,6.49689140108939,2.563820024771569,16.0
438,55,8,1,10,24494.5,31103.0,6.003345133136624,2.892413083821198,52.75
439,53,13,1,7,17213.0,23925.0,6.04797463474409,2.2240355676030203,41.15384615384615
440,50,17,1,4,17497.0,24221.5,5.839732950063833,2.7827791505041333,35.588235294117645
441,49,19,1,2,17934.5,24908.5,6.261324718661627,2.425756546173918,35.578947368421055
442,43,19,0,1,0,3804.5,6.3939852088330476,2.2549601573134486,14.894736842105264
443,49,17,1,5,18742.0,25340.0,5.948759701824411,2.2856039806443285,37.294117647058826
444,51,15,1,4,18859.0,25000.0,5.570995911296085,2.3917886638771133,37.13333333333333
445,51,16,1,3,18445.5,25379.0,5.664021409569645,2.9377852428178692,38.8125
446,47,17,1,2,28112.0,35588.0,6.222740636306101,2.568363589512835,42.0
447,44,18,1,4,32052.5,36060.5,5.9216598194432555,2.4601038237477386,16.555555555555557
448,50,16,1,5,32822.0,36886.5,5.538206082530538,2.363401559469187,17.25
449,46,16,1,6,32910.5,36901.5,5.591330835221312,2.3013881246805754,16.375
450,43,14,1,8,29578.5,33242.0,6.058818407586832,2.378553168198476,14.785714285714286
451,53,15,1,4,31352.0,36896.5,5.871255386447997,2.35859728673397,21.933333333333334
452,52,17,1,6,31653.0,37420.0,5.645594096850668,2.1230491607706132,22.941176470588236
453,52,15,1,6,31909.5,37431.5,5.428700450903111,2.571887985475944,24.066666666666666
454,52,16,0,6,0,5309.0,5.054967875727824,2.350619568891514,20.5
455,51,15,2,10,23771.0,28943.5,5.419846393239073,2.815980823146984,24.6
456,53,15,2,5,25130.5,28958.0,5.721460825033395,2.0066962480220134,17.8
457,47,18,1,2,26218.5,29865.5,5.529090787998252,2.1464700264043204,17.833333333333332
458,46,14,1,6,26232.0,30254.0,5.660179450931928,2.1474740952970564,14.785714285714286
459,49,16,1,5,25141.5,29238.0,5.530736740273647,2.6800542275775356,17.8125
460,48,18,1,7,25345.5,29832.5,5.718426578953512,2.541925659693348,24.5
461,48,16,1,8,25074.0,29461.5,5.651264148662947,2.4515091233025723,21.3125
462,50,20,1,9,25168.0,29927.0,5.639205219176354,2.468595304305627,16.4
463,50,15,1,15,24548.5,29424.0,5.494725653739156,2.4764905986227914,19.4
464,47,18,1,11,24455.5,29057.0,5.457261499516865,2.4205930415442,18.5
465,44,19,1,11,25734.0,29858.0,5.580320999762937,2.5108896966321694,15.526315789473685
466,45,16,1,12,25961.5,30163.5,4.940685805777471,2.746979549909537,22.0
467,42,15,1,8,26863.5,30237.0,4.84673450134431,2.2590750674702567,15.0
468,42,17,1,7,27350.5,31534.0,4.772571049252483,2.136146481836771,25.176470588235293
469,44,20,1,7,25515.0,29797.0,4.577344648742234,2.285722433993123,22.05
470,41,25,1,5,25308.5,29588.0,4.5071415014984515,2.307541840244838,21.24
471,44,21,1,7,25056.0,29677.5,4.516831395574792,2.0916998887904947,21.333333333333332
472,47,17,1,6,25730.0,31098.5,4.66487741550177,2.528614155291611,31.235294117647058
473,48,15,1,8,21607.5,27056.5,4.99168931007128,2.372944466258912,21.866666666666667
474,50,18,1,7,25291.0,30764.5,5.199296809623013,2.429969412844392,18.944444444444443
475,55,17,1,8,20281.0,25740.0,4.476720596248085,2.1810389270437,19.0
476,61,13,1,4,20092.0,25395.0,4.573064888815762,2.3386391339686647,24.53846153846154
477,57,15,1,6,20167.0,27240.0,4.916325100457907,1.8654639510508293,21.0
478,54,14,1,7,20563.5,27990.5,5.407032056861638,1.990204729182223,14.428571428571429
479,49,14,1,6,25284.0,32544.5,5.519912676942698,1.8597440200468591,12.142857142857142
480,51,19,1,4,20475.5,29023.5,5.2218556199468145,2.2075545371881433,34.68421052631579
481,53,14,0,4,0,5556.0,5.678371539770574,2.044705823209448,24.5
482,56,12,1,7,23948.5,29437.5,5.401955925033789,2.134991652588985,22.75
483,55,11,1,8,24018.0,29390.0,5.177668310310043,2.1174783308906955,23.454545454545453
484,52,12,1,12,24623.0,30312.0,4.957038646115958,2.2434492561235,31.916666666666668
485,47,10,1,12,25624.5,31027.0,4.890097704168012,2.375754070124269,36.0
486,54,13,1,9,25569.0,30574.0,4.583287959183802,1.9164066018838932,24.0
487,53,8,1,7,25281.0,29968.5,5.294321289826676,3.51493856890432,31.625
488,53,9,1,4,26499.5,31412.5,5.394431550317861,2.397081657136903,27.77777777777778
489,50,6,1,7,25650.5,30168.5,5.068725140712644,2.03911479491268,27.833333333333332
490,47,9,1,5,25404.5,30001.0,5.229616827473377,2.088340572006847,23.0
491,45,10,1,8,25082.0,29641.0,5.236247385721174,1.958840389672706,15.3
492,38,10,1,11,31401.5,35546.5,5.834486328356406,2.03463878794862,12.3
493,43,12,1,9,25072.5,29431.0,5.52673538265223,2.0194120946217278,12.25
494,47,19,1,6,26032.0,30562.5,5.21724659497125,2.184370753613245,12.736842105263158
495,46,13,1,5,26595.0,30860.0,5.460328508029521,2.326374361757204,14.923076923076923
496,40,10,1,7,33667.5,37422.0,5.559789297969413,2.040363252412449,12.8
497,40,8,1,10,26219.5,29921.5,5.404310494342017,1.7738269415449615,8.875
498,39,9,1,9,26371.0,30172.5,5.117741332014761,2.2271261200567514,19.666666666666668
499,41,7,1,5,34540.0,38313.5,5.795219523441156,2.564830977444665,27.285714285714285
500,36,9,1,2,27444.0,30749.0,5.4748640164783104,2.241448126433994,21.11111111111111
501,32,9,1,4,30224.0,33372.0,5.9557220025043325,2.2772650559588916,20.666666666666668
502,31,8,1,7,25759.5,28579.0,5.816589762149013,2.2314307380438256,18.5
503,36,6,1,7,25035.0,27681.5,6.075553450919758,2.06724545096531,8.333333333333334
504,42,5,1,4,30564.0,34162.0,5.72068648020446,2.3249984914599646,28.2
505,42,4,1,4,30799.5,34137.5,5.66205267835985,2.652865412823772,32.0
506,40,4,1,2,25165.5,28390.0,6.11067222156844,2.720619497039271,31.25
507,38,6,1,5,25622.5,29556.5,5.934116224493899,2.520542948845886,32.833333333333336
508,34,5,1,5,25131.0,28692.0,6.0183966532861355,2.803967365793536,37.6
509,36,7,1,4,31890.0,35518.5,5.721784779252383,2.3228744955896414,27.571428571428573
510,36,10,1,6,23774.5,27319.0,4.880909153791849,2.1674357480306954,18.9
511,38,11,1,6,23104.5,26540.0,4.8885179683290145,2.4458733437731004,17.545454545454547
512,38,10,1,4,25539.5,28802.5,5.1389593854796365,2.3704249370536368,18.5
513,39,9,1,5,22452.0,25849.5,5.2676835550833765,2.5297855785966212,22.666666666666668
514,39,8,1,8,22683.5,26031.5,5.243424078538245,2.432244566714991,30.5
515,41,10,1,4,21747.0,24669.0,4.980573978721531,2.1366271708312774,19.0
516,38,9,1,4,22432.5,25427.0,5.394325550756626,2.441959592986024,21.22222222222222
517,34,8,1,6,22784.0,25596.0,5.112620638147775,2.0622823233710648,21.625
518,42,6,1,2,24634.0,27302.5,4.979079211991901,2.4646403280718387,23.0
519,35,8,1,2,24755.5,27296.5,5.1725725779522875,2.45505419156036,18.125
520,35,8,1,2,26474.5,28858.5,5.03889938333841,2.494204757932538,22.375
521,34,9,1,6,26472.0,28815.5,4.343752754999117,2.7866119533629203,21.22222222222222
522,37,7,1,3,26431.0,28950.5,4.595578476598808,2.2797610100708265,24.285714285714285
523,34,6,0,5,0,2259.5,4.183920841191315,1.9954575299477828,24.333333333333332
524,36,7,1,5,22653.0,24870.5,4.7927671200789925,1.8265295512002497,18.857142857142858
525,40,7,1,2,20398.5,23527.5,4.818694863425543,2.3280316355639243,19.142857142857142
526,35,11,1,2,22140.0,25926.5,4.966255588676325,2.4252340793996767,34.0
527,37,14,1,5,21453.5,25630.5,4.4531176553023215,2.5396188527079526,18.928571428571427
528,39,14,1,5,21760.5,25525.5,4.460058942460529,2.8339040630087426,20.785714285714285
529,43,14,1,4,21156.5,25310.0,4.677318853527306,2.7373047659388474,23.571428571428573
530,37,11,0,6,0,3569.5,4.936724045429641,3.3307330318096637,27.0
531,37,13,1,9,20653.5,24741.0,4.629214070408649,2.956030120725384,28.846153846153847
532,37,13,1,6,18257.0,22406.5,4.986549154822131,2.6911635915677934,27.923076923076923
533,43,13,1,3,21732.5,26055.5,4.700037651587847,3.054471478168442,29.615384615384617
534,41,11,1,2,22451.0,26688.5,4.802241303619949,2.2913707266667185,34.90909090909091
535,42,12,2,3,18822.5,22793.5,4.8713139582845875,2.511818123874484,29.333333333333332
536,41,12,1,6,18493.0,22644.0,4.99446773659898,2.8551089458966747,26.833333333333332
537,42,13,1,7,17813.0,22566.5,4.920619194635847,3.1022327809635177,21.46153846153846
538,38,13,1,5,20945.5,25611.5,5.377400753649867,2.769314127272728,22.0
539,43,13,1,4,20607.0,25498.0,5.003680995029585,3.266297491421086,29.153846153846153
540,39,15,1,4,20034.0,24881.5,4.97718027327933,2.760780275175115,25.866666666666667
541,41,16,1,3,19645.0,24538.0,4.772646537569807,2.728960581257501,26.0625
542,39,16,1,1,20023.5,24647.0,4.811113530239031,2.6453688204280787,22.625
543,40,12,1,1,20349.0,25069.0,5.473808233064832,2.664812062943595,23.166666666666668
544,43,12,1,2,15733.5,20814.0,5.392711788030633,2.305421310657967,40.75
545,38,12,1,5,15146.5,20205.0,5.342297960385209,2.1387860176869276,35.416666666666664
546,37,12,1,7,15688.0,21132.5,5.055701586656411,2.3883400082568245,34.583333333333336
547,39,12,1,4,13974.5,19659.5,4.95296283619992,2.164585020446794,40.666666666666664
548,40,14,1,6,14409.0,20901.0,4.879406104304166,2.400036706738835,36.5
549,40,10,1,5,14831.0,20868.5,5.680907009337023,2.5769845276218515,36.9
550,39,10,1,8,16205.0,20737.0,5.881626624127019,2.847700150427496,21.8
551,44,10,1,6,15444.5,20636.5,5.908168376904798,2.6466219587523176,27.8
552,40,11,1,4,15460.5,20772.0,6.0128916498705625,2.569543389601885,33.81818181818182
553,35,9,1,5,15648.0,20261.0,6.536346632390218,2.409073885435707,19.555555555555557
554,37,16,1,5,15339.5,20463.5,6.223799588873878,2.688504890798781,16.6875
555,41,12,1,7,15434.5,20777.0,6.327284761135944,2.4646890421820884,18.25
556,44,11,1,9,16207.0,20305.5,5.805118454795495,2.2337001470257474,15.636363636363637
557,43,12,1,8,16327.5,20372.5,5.769419193354052,2.37796383288285,17.416666666666668
558,46,12,1,6,14762.5,18959.0,6.048444414540596,2.440588145823591,20.333333333333332
559,45,12,1,4,17584.5,21816.5,5.634571598113242,2.6245324383788375,23.083333333333332
560,43,15,1,4,18265.0,22307.0,5.394377284784724,2.380334811277384,19.933333333333334
561,46,17,1,2,15117.5,21120.0,5.4338759789309385,2.4332931883735864,35.1764705882353
562,49,14,1,2,18588.5,22772.5,5.823651525832031,2.1569373672052063,21.571428571428573
563,49,16,1,5,17278.0,21647.0,5.920072269892374,2.6712297908297655,18.8125
564,53,15,1,6,18001.0,22906.5,5.652757323767262,1.9512436309408925,19.333333333333332
565,49,15,1,4,17362.0,22346.5,5.913232958465487,2.0474244029675743,25.4
566,47,17,1,4,17081.0,22917.0,5.805102031847841,2.189680331228289,26.41176470588235
567,50,12,1,4,19110.0,23341.5,5.566859298410745,2.1884125573646585,19.0
568,52,18,1,4,17287.0,21812.5,5.381818754217563,2.3739077595966225,15.055555555555555
569,51,17,1,4,17789.5,24361.5,5.394782804798096,2.1472759807126267,17.0
570,46,13,1,1,19320.0,24618.0,5.519073293460981,2.2484406896129117,19.23076923076923
571,51,11,1,7,15715.0,20629.5,4.818393023764654,2.1982930390332682,14.454545454545455
572,43,13,1,8,15775.0,24958.5,4.7330511276487774,2.053997720055049,51.15384615384615
573,50,9,1,8,19474.5,24216.0,4.428732204473112,2.328503191099011,17.22222222222222
574,45,7,1,11,20495.0,24891.0,4.677290710152379,2.562266393895542,18.428571428571427
575,41,8,1,11,20720.0,24871.0,4.752789169621544,2.5291828013805286,15.0
576,41,11,1,8,20370.0,24752.5,5.112143321754041,2.48620849936925,9.181818181818182
577,34,13,1,11,20469.0,24680.5,5.609119940988535,2.1727571313524616,9.384615384615385
578,41,10,1,10,19764.0,23917.5,5.364761382477882,2.2966694310677154,21.4
579,39,14,0,7,0,3943.0,5.337198729761554,2.3766735977308056,22.214285714285715
580,43,18,2,2,19650.0,23656.0,5.453676765924524,2.1820239471573335,22.88888888888889
581,43,14,2,6,19329.0,23220.0,5.01973435670926,2.2886812007717734,23.0
582,36,20,2,5,19800.5,23767.0,5.112198993230282,2.3165637655790987,16.3
583,36,12,2,10,19875.5,23433.5,5.230696203736009,2.241304198609212,15.25
584,42,13,2,8,20332.0,23768.5,5.477711618839399,1.971712800637622,12.384615384615385
585,43,9,2,8,19679.0,23433.5,5.381884786366684,2.1288824147764935,17.0
586,41,11,0,8,0,3741.0,5.623606780024584,2.1009552240467695,13.0
587,38,16,1,7,17495.5,21907.0,5.355924627678777,2.253963031326121,23.4375
588,39,12,1,7,17590.0,22130.5,5.480500700617749,2.546235296265187,33.25
589,35,14,1,9,17168.0,21627.5,5.482804230271871,2.9065254435601364,37.142857142857146
590,35,12,1,9,20498.0,24761.5,4.774628500700621,2.031737014923771,39.0
591,31,15,1,8,20825.5,25196.0,4.530602988654307,2.1582138086272766,31.533333333333335
592,29,12,0,4,0,3791.5,4.762387067303339,2.0186381463299825,25.75
593,35,12,2,6,20688.0,24747.5,5.281539061818524,1.9132571035056356,20.75
594,36,11,2,5,21568.5,25532.5,5.567401509615612,2.479913575210608,22.363636363636363
595,36,12,2,6,21334.0,25509.0,6.0208612823677985,2.5771111506488635,21.25
596,32,11,2,6,22403.5,26628.0,6.125962638311063,2.4817437498620474,23.545454545454547
597,32,12,2,8,17992.0,22150.0,5.8305452824215545,1.8209748897617823,21.75
598,34,5,2,6,30346.5,33244.5,5.442174414810714,1.988428330901132,15.4
599,35,6,1,7,25782.0,32826.5,5.508747863030261,2.5294128486966976,14.0
600,36,8,1,8,16005.5,25909.0,5.200885183497578,2.4928446429088185,56.0
601,36,6,1,9,18776.5,26208.0,5.1855339930052535,2.8089051246652863,17.0
602,37,6,1,7,19762.5,25175.0,5.481476534752877,2.377569904223341,18.166666666666668
603,37,8,1,8,19301.5,25920.5,5.505165025810013,2.6871302656313323,21.0
604,39,12,1,7,28876.0,34406.5,5.2521159286657815,2.31829587866854,14.25
605,34,16,1,6,29639.0,34857.5,5.366596264616656,2.2280016786401196,15.375
606,37,13,1,5,20161.0,25043.5,5.349837166584721,2.5500816990839947,30.846153846153847
607,36,13,1,5,19320.5,25095.0,5.286770615276711,2.3143773641785765,45.46153846153846
608,40,11,1,7,23926.0,28972.0,5.42296039230839,2.646803000576388,41.90909090909091
609,36,9,1,7,24467.0,29296.0,5.52568599018308,2.0366692912419917,45.22222222222222
610,32,11,1,2,19059.5,24227.5,6.221607843498451,2.648287428720367,37.36363636363637
611,36,11,1,5,19162.5,24533.0,5.4222366877899715,2.521282414507346,39.0
612,36,10,1,5,19260.0,23990.0,5.388954834211348,2.1928833230870204,38.7
613,42,9,1,7,22818.5,28630.0,5.3718449835522675,2.4764371193395607,13.222222222222221
614,43,5,1,6,22135.5,26046.5,5.427819178368333,2.7249059511229063,13.4
615,44,6,1,10,21534.0,25514.0,5.741481174183439,2.227137017298814,11.666666666666666
616,45,8,1,9,21608.5,25599.0,5.78774209474163,2.2735259499802396,15.875
617,44,10,1,8,21495.0,24659.5,5.1149929072735105,2.0273978137904645,21.1
618,48,8,1,8,22799.5,26263.5,5.168251885471731,3.337996050606565,24.125
619,47,9,1,4,21587.5,24565.5,5.2993638336456685,2.2841790479843858,17.444444444444443
620,49,11,1,6,21075.5,25211.0,5.0988860573526,2.0824563815379666,18.272727272727273
621,51,15,1,7,17978.0,22265.0,5.323264598715529,2.362053073698721,11.4
622,45,14,1,11,17629.0,25888.5,5.669183003540096,2.2623515099922717,43.357142857142854
623,45,15,0,6,0,2972.5,5.043314985833147,2.321416734612338,13.333333333333334
624,46,11,1,6,36351.0,39519.5,5.396173545167326,2.2687682158248506,25.454545454545453
625,49,11,1,7,18195.5,24150.0,5.295064521588241,2.510596616940751,46.0
626,56,14,1,6,18504.5,25429.5,5.042445325275084,3.0078098551387775,45.357142857142854
627,51,18,1,4,19989.5,23995.0,5.345611141877126,2.599471196569141,21.27777777777778
628,48,17,1,8,27515.5,32973.5,4.962920699093681,2.5545634098933063,21.176470588235293
629,47,19,1,9,26787.5,32404.0,5.040251256254812,2.451087037100058,18.57894736842105
630,52,18,1,6,28592.0,32165.5,4.766556395203923,2.275968720752331,17.944444444444443
631,50,16,1,7,28436.0,32037.5,4.864843622831475,2.482221057760127,19.5625
632,43,15,1,7,28240.0,31656.5,5.606898612235738,2.6993005841526503,17.4
633,38,17,1,10,19873.5,22972.0,5.6305570767899145,2.157100546262802,10.941176470588236
634,47,12,1,6,19845.0,25369.5,5.604783076079519,2.5309738858340163,39.583333333333336
635,47,10,1,6,20316.5,25855.5,5.765859784496648,2.430615530362461,16.8
636,47,7,1,8,20393.0,26058.0,5.562106678372213,2.2244691747952876,18.285714285714285
637,48,13,1,5,20653.0,25928.5,5.520405546731294,2.505080420863942,35.69230769230769
638,53,15,1,6,19393.0,24349.5,5.424947704085612,2.356918048413324,27.266666666666666
639,60,11,0,4,0,4975.5,5.449694202072584,2.4374564896823507,32.54545454545455
640,52,14,1,9,21218.5,25867.5,5.81507050966154,2.606403527045078,21.357142857142858
641,55,18,1,6,21847.5,25847.0,5.638792913934749,2.6688685230068088,13.833333333333334
642,57,17,1,5,21863.5,26172.5,5.412771778337452,2.584996175333539,17.294117647058822
643,56,15,1,6,21573.0,25811.5,5.490865335358206,2.402477452980249,17.6
644,52,15,1,5,21647.0,25543.5,5.791695459037971,2.2748211906670015,14.6
645,58,14,1,7,21719.5,25817.0,5.750324178085502,2.082548165143461,13.357142857142858
646,55,11,1,8,21367.0,25186.0,5.932375213475638,2.495292271380925,14.090909090909092
647,54,14,1,4,21457.5,25595.5,5.577413277519677,2.435703357672618,18.5
648,48,14,1,3,18686.0,22411.5,5.850815773071822,2.282286982634414,18.5
649,47,15,1,6,18223.0,24018.5,6.0088449910992265,2.00335963409326,15.133333333333333
650,42,15,1,6,18283.5,24926.5,6.602082172820822,2.3841591493772616,25.266666666666666
651,45,15,1,6,17979.5,25271.0,6.767910888155252,2.6254929081715526,42.733333333333334
652,49,17,1,7,20137.5,25873.5,6.072285362587424,2.475160408381976,25.41176470588235
653,50,16,1,7,20170.0,25854.5,5.974967695026218,2.518976031211597,29.75
654,52,19,1,7,20519.5,26267.0,5.572285447152837,2.4323671391236648,25.68421052631579
655,46,16,1,6,21572.0,25587.5,5.49382917054518,2.4180403916243662,17.5
656,47,16,1,7,20541.0,25569.0,5.737327803690099,2.3887686912379706,13.9375
657,43,15,0,11,0,4540.5,5.7216517524417005,2.3359343350447945,12.866666666666667
658,52,10,2,12,20574.0,25718.0,5.676746951598842,1.8736892087903727,12.4
659,52,11,1,15,20263.5,25404.0,5.986873591925809,2.0007564852101387,17.727272727272727
660,51,16,1,12,20357.5,25501.0,6.187144070409742,1.953897581752366,14.0
661,53,19,1,8,21050.5,26230.0,5.891707353472477,2.2635490947628476,14.210526315789474
662,56,18,1,10,19386.5,24445.0,5.628332581363727,1.8337653047118225,10.722222222222221
663,61,11,1,9,22012.0,26931.0,5.725391367201755,2.1677292380244304,10.545454545454545
664,57,10,1,10,22802.5,27497.0,5.856439835364038,2.014794454684429,18.8
665,61,11,0,8,0,5010.0,5.443769059123211,2.2148816885556837,19.181818181818183
666,55,15,1,12,22879.0,27782.0,5.541536422430239,2.196115754502642,12.866666666666667
667,59,13,1,7,23097.0,27993.0,5.4377792615300695,1.9604144498757459,14.076923076923077
668,55,11,2,11,22635.0,28085.5,6.023537297475084,2.0968774971640975,14.545454545454545
669,53,11,1,11,23579.0,28585.5,5.9626462876989565,2.1415896408805426,11.181818181818182
670,56,9,1,10,25141.5,30152.5,6.14365109998777,2.4398385648942953,12.11111111111111
671,61,11,1,9,25018.0,30162.0,5.815122031320804,2.5547632706368493,10.272727272727273
672,55,12,1,6,24014.0,28629.5,6.246304116330489,2.4444449611166954,12.25
673,57,14,2,4,21130.5,26029.5,6.201824933039926,2.2898791792798048,10.142857142857142
674,60,15,2,1,24198.5,28185.5,6.072298608541971,1.8784098517141845,8.466666666666667
675,62,12,2,8,24700.5,28881.0,5.582001985603195,2.0683241842459217,12.75
676,57,11,1,6,24924.0,28634.5,5.794780315297917,2.1800583742973587,14.636363636363637
677,57,14,1,5,25194.0,28982.0,6.006839626369254,1.9645104244194918,13.428571428571429
678,65,12,1,3,22801.5,26811.5,5.804975643154071,2.16636281692289,13.166666666666666
679,63,15,2,10,20230.5,27057.5,5.623673304311393,2.0867626152939684,23.666666666666668
680,57,16,1,12,24706.0,31938.5,5.885584729053028,2.5014070925841474,26.3125
681,60,19,1,10,25285.5,32253.0,5.896216139213605,1.9559818570698975,22.68421052631579
682,58,19,1,8,25829.5,32962.0,6.012512774320009,2.1512843620327566,20.894736842105264
683,62,20,1,8,21250.0,28565.5,5.881643327875289,2.087899813308925,19.0
684,62,16,1,12,27781.5,35043.0,5.668321826895441,2.170541021103451,23.6875
685,67,17,1,8,27738.0,34906.5,6.040374422472316,2.349811193900479,19.529411764705884
686,69,21,1,8,27754.0,35543.0,6.144508871680676,2.6315698132707412,18.0
687,54,24,1,6,22596.5,30271.5,6.763331509766718,2.672881680972667,18.041666666666668
688,62,25,1,6,23507.5,31351.0,6.141420452505583,2.231564407093238,16.68
689,62,25,1,7,24001.0,31757.0,6.263914582823976,2.5928392184004574,17.16
690,64,15,1,10,23181.5,30584.5,5.9642069110049425,2.1092775767239194,16.6
691,65,16,1,10,28269.0,35596.5,5.829917448459376,2.147057860723278,12.125
692,66,18,1,9,23791.0,31756.0,5.431087154282372,1.9740522419201512,30.72222222222222
693,72,16,1,9,26138.5,32257.5,5.642320110267827,2.517162659120133,16.6875
694,67,14,1,10,31486.0,37017.5,5.936566540277071,2.0592879413831464,11.785714285714286
695,74,18,1,10,32062.0,37476.5,5.740996985275082,2.1747585397248748,9.833333333333334
696,75,15,1,9,17760.5,23242.5,5.902302074544841,2.1383092711613583,11.733333333333333
697,87,15,1,4,21114.5,27043.0,5.551416768861467,2.2811444887400114,18.666666666666668
698,80,16,1,3,19697.0,25571.5,5.644295740537935,2.305822045360488,17.875
699,74,14,1,3,22886.5,28166.0,5.6835541892072134,2.224010201044889,14.071428571428571
700,72,14,1,5,21169.0,26363.5,5.719009057404408,1.7445668684752889,12.428571428571429
701,73,9,1,6,21183.5,26654.0,5.733067592482851,2.210861791272247,23.666666666666668
702,65,13,1,7,18023.5,23490.5,5.929780163011422,2.0333925273625146,15.846153846153847
703,65,10,1,8,18855.5,27003.5,6.257736668304762,2.036681409160074,16.2
704,67,11,1,5,18965.5,27022.0,6.131214328523128,1.975981425155889,9.181818181818182
705,70,7,1,6,18899.5,25842.5,6.111231919753291,2.098204167145602,7.714285714285714
706,73,8,1,6,18249.0,25670.0,5.983753369115292,1.6247397310542142,25.75
707,69,12,1,7,14683.5,22250.5,6.112637059337896,2.564467684703312,38.333333333333336
708,70,11,1,7,16604.5,23423.5,5.953922416480069,2.1687827505197457,27.727272727272727
709,79,11,1,5,19846.0,26704.0,5.762047996648655,2.4438934364409355,33.36363636363637
710,72,14,1,3,21482.0,29465.0,6.073794118487884,2.5821853521180005,37.642857142857146
711,70,13,1,7,20955.0,28609.5,5.705669762487469,2.4240468938669153,31.923076923076923
712,69,13,1,9,18860.0,26978.5,5.669908358225173,2.5824968375200643,33.30769230769231
713,67,12,1,10,19394.5,26558.5,5.454872636640348,2.777586995661529,37.416666666666664
714,66,13,1,5,15961.0,22781.5,5.6011436061182565,2.3847789500743666,33.0
715,64,16,1,7,14814.0,22311.5,5.646386032133756,2.491737534702651,36.8125
716,63,10,1,10,16231.5,22507.5,5.899827552763759,2.282231128323029,34.0
717,59,16,1,10,20957.0,27013.0,5.7147338385931645,2.2300289526846577,22.75
718,65,16,1,6,20879.0,26675.0,5.597102321448339,2.3962258860315253,24.875
719,69,16,1,7,20813.0,26563.0,5.48051854774834,2.214279043709831,21.8125
720,73,18,1,3,20336.5,26020.5,5.451850887638605,2.3348365958125727,19.11111111111111
721,75,16,1,5,20115.0,25818.5,5.393709843201011,2.139765616314928,19.75
722,79,14,1,8,20202.5,25702.5,5.187569559864696,2.4407911066603365,20.428571428571427
723,79,12,1,10,20554.5,25077.5,5.151615561964835,2.76272553617219,16.583333333333332
724,79,11,1,6,19986.0,25082.5,5.166743421697762,2.28018821646418,19.272727272727273
725,77,13,1,5,15009.0,20168.5,5.167188109031526,2.065390696060525,17.692307692307693
726,65,11,1,11,16098.5,21347.0,5.618283620462792,2.3131117395715792,17.363636363636363
727,70,15,0,6,0,5587.0,5.475150458582044,2.4477974523785044,17.266666666666666
728,68,16,1,7,11086.5,21766.0,5.3298186179447,2.145719484931955,47.0625
729,72,12,2,9,16260.0,21712.0,5.247141707384227,2.1272890490437417,13.416666666666666
730,74,7,2,10,16283.5,21459.0,5.163815797312907,2.3201808078072936,18.0
731,73,11,2,10,14694.5,19889.5,5.298959136174926,2.1034973868703846,7.545454545454546
732,71,9,1,9,10903.0,21953.0,5.484785868142997,2.419328631931506,65.11111111111111
733,76,8,0,6,0,6620.5,5.253185666178718,2.597611712431567,13.625
734,74,11,1,6,15355.0,21947.0,5.30959968453542,2.2890112453568925,31.181818181818183
735,69,8,1,9,15263.0,22709.5,5.514787538804541,2.356050797547418,42.125
736,69,9,1,11,10083.5,22852.5,5.44290765017179,2.2423511360835864,93.55555555555556
737,72,6,1,7,15238.0,22885.5,5.410641659155155,2.3648142041686255,45.833333333333336
738,65,9,1,8,15074.5,22904.0,5.534520844725259,2.268629307821687,37.333333333333336
739,64,8,2,8,15101.0,23045.5,5.579309972737605,2.5116555039133948,44.125
740,70,10,2,5,17917.0,23140.5,5.353721370445922,2.96271730617755,14.7
741,64,14,2,5,18046.5,23235.0,5.381561538625183,1.9452384732020958,9.571428571428571
742,67,15,2,6,14712.0,21726.5,5.337157282873394,2.0931230809435917,26.733333333333334
743,73,8,2,5,16927.0,21957.0,5.609152359661072,2.260197462421384,7.375
744,73,8,2,5,21090.5,26125.5,5.549600237076417,2.508899358013984,11.75
745,72,9,2,6,16568.5,21573.5,5.532787343474576,2.6103987869438066,13.0
746,77,9,2,4,16883.5,23301.5,5.906225637739842,3.212731316999641,37.77777777777778
747,75,10,2,5,17043.5,23622.0,6.0652343953273915,2.5858804413752527,31.8
748,74,13,2,5,17636.5,23871.0,5.974792969215238,2.1772531526249455,18.615384615384617
749,66,11,2,5,17918.5,24369.5,6.4864931867135,2.7720299793843863,21.454545454545453
750,68,10,2,4,17829.5,24154.5,6.0647401950395,2.470751895442958,19.7
751,66,7,2,6,17919.0,24091.5,5.795348521150579,2.679110026696184,30.714285714285715
752,62,10,2,5,18132.5,24376.0,6.144523204877982,3.0459168622496193,18.6
753,66,13,2,5,16875.0,22396.5,6.1975196164296245,1.7785364499443772,15.846153846153847
754,64,11,2,10,15613.5,21876.0,6.177929332091302,2.3343008761908615,22.818181818181817
755,64,8,1,10,16882.5,28126.0,6.344240014429121,2.3089003510652506,69.25
756,63,9,1,10,16638.5,27833.5,6.305816218211955,2.5097247834601135,59.55555555555556
757,64,13,1,5,16173.0,27250.0,6.124631378313511,2.236321909977947,48.30769230769231
758,64,13,1,8,9663.0,21388.0,6.059089501254228,2.2322901750187225,45.30769230769231
759,65,16,1,3,15737.0,26276.0,6.072742056412767,2.7830653320560805,39.125
760,64,19,1,3,15238.0,25670.0,5.8294623499980744,2.642742103682989,41.05263157894737
761,63,19,1,6,10841.5,21029.5,6.086317297071544,2.4188312390605256,37.78947368421053
762,56,18,1,10,10035.5,20756.5,6.700678880140746,2.6514279484260985,38.5
763,61,19,1,8,10260.0,20742.5,6.374039722969609,2.5684459491667613,34.36842105263158
764,58,18,1,6,10437.5,20681.5,6.437291055433199,2.461991164444734,37.5
765,62,15,1,8,14469.0,24581.5,5.883158829517127,2.460983206906713,45.86666666666667
766,56,12,1,5,10494.0,20344.5,6.610730525294254,2.8931497986779133,59.75
767,64,16,1,4,9896.0,19606.0,6.227538985070918,2.548168065977096,48.1875
768,60,16,1,5,10389.0,20562.0,6.272617132860133,2.541174617323052,57.125
769,52,14,1,7,10491.0,20450.0,6.619379487863161,2.7387064091097333,62.5
770,53,12,1,8,10203.0,19327.0,6.710083168215891,3.1631270121633897,60.666666666666664
771,52,13,1,8,10518.0,20869.5,6.747123599686422,2.5552857636720145,70.84615384615384
772,52,12,1,6,10766.5,20690.5,6.344808672200025,2.7272461628972233,55.333333333333336
773,57,14,1,5,11050.0,20725.0,6.039746376631126,2.7183357470380787,56.285714285714285
774,53,13,1,5,8656.0,18486.0,6.018219127072777,2.739758215880783,64.53846153846153
775,52,16,1,2,12490.5,20876.5,6.289298326074283,2.6220696888428603,45.25
776,51,14,1,4,12628.5,20815.5,6.645338227236911,2.6016334069579923,47.07142857142857
777,52,17,1,2,12169.5,20423.5,6.307203382663081,2.3229714077685877,42.64705882352941
778,46,16,1,7,11979.5,20541.0,6.480089601766709,2.420688688839855,45.75
779,49,17,1,8,10265.0,20448.5,6.142909591312442,2.4370535890043623,61.8235294117647
780,47,18,1,5,13016.5,24019.5,6.610391283513063,2.4665860726219657,59.44444444444444
781,54,19,1,5,12798.5,23974.5,6.271812123034776,2.6370778133244492,52.73684210526316
782,49,19,1,8,16425.0,24469.5,6.611864666560158,3.0539407606985356,33.526315789473685
783,50,20,1,3,16898.5,24427.0,6.424663898116643,2.8209044206360567,32.05
784,48,18,1,5,16164.5,23352.5,6.6117845729265605,2.8119286208424072,30.333333333333332
785,46,14,1,6,16917.5,23293.0,6.624767454630624,2.742723421894767,30.357142857142858
786,50,17,1,6,17863.0,24171.0,6.548334859074636,2.5441278332570922,20.470588235294116
787,48,15,1,9,18343.5,23864.0,6.549521692731353,2.359466259361084,20.266666666666666
788,49,13,1,8,19036.0,24514.0,6.259359765639205,2.5976752283919486,27.0
789,51,8,1,9,19593.0,24535.5,6.312949970046226,2.2948956930906887,25.125
790,48,10,1,9,16248.0,21434.5,6.413408518142397,2.301468711392894,21.8
791,50,14,1,5,19605.5,24825.5,6.684304499052049,2.215609126828657,15.071428571428571
792,48,12,1,6,16337.5,21982.5,7.044092979929959,2.1375398892505175,20.75
793,58,9,1,8,16319.0,22572.0,6.450064765322616,2.1375616353859264,15.444444444444445
794,55,12,1,7,14761.5,21273.0,6.28145004232142,2.150302151099987,20.0
795,54,11,1,9,15405.0,22620.0,6.312663251814594,2.354661542025294,21.727272727272727
796,54,13,1,7,15570.5,22627.5,6.4129342388801005,2.224233384844237,17.307692307692307
797,47,14,1,11,15714.5,22759.0,6.748244689004822,2.3977781780938674,15.071428571428571
798,48,13,0,7,0,6705.0,6.78203702397825,2.0776944880023023,16.307692307692307
799,49,11,1,10,15477.5,22161.5,6.498519912855878,2.1457837551572267,18.363636363636363
800,50,10,1,11,14969.0,21478.0,6.589777869433823,2.4471298284725718,18.2
801,55,11,1,9,15049.5,21672.5,6.2350818644148305,2.7908455084781725,17.181818181818183
802,52,10,1,8,15107.5,21636.5,6.358937735518778,2.1031110485613316,17.3
803,52,10,1,8,15190.5,21718.5,6.561565833406201,1.8664400558963796,14.9
804,52,8,1,8,14908.5,21232.0,6.431138656732223,1.934266600444933,15.875
805,55,7,1,8,14857.5,21198.5,6.581719694202077,1.9535162255176912,18.142857142857142
806,59,6,0,8,0,6225.0,6.585614224066952,1.9605734584927488,17.5
807,55,6,1,11,14505.5,20910.0,6.679213576255381,1.9779210347463438,16.166666666666668
808,56,6,1,11,15634.5,21970.0,6.410178779454239,2.1532364757215188,16.166666666666668
809,55,5,1,12,14584.0,21086.5,6.483265914480373,2.429121679232809,14.0
810,54,6,2,11,16661.0,22827.0,6.369007874537964,1.9243918332444383,12.0
811,55,10,2,8,16923.0,23263.0,5.9104683839960686,2.091255568849267,19.2
812,63,8,2,9,17332.5,23591.5,5.750054378316964,2.249998678763533,14.375
813,59,7,1,11,18118.0,24438.5,6.470339216899957,2.3545051885074697,11.714285714285714
814,56,9,1,9,17600.5,24434.5,6.708142010229483,3.0592694753209724,15.444444444444445
815,58,8,1,6,18299.5,24603.5,6.613312457207244,2.7419505770028993,14.75
816,58,9,1,4,18943.5,24673.5,6.434465147496293,2.289041554587244,18.333333333333332
817,57,9,1,4,19016.0,24757.5,6.652605788564105,2.4259056203177654,18.333333333333332
818,60,7,1,4,18860.5,24095.5,6.496056879726999,2.294803092842193,22.857142857142858
819,64,8,0,2,0,5248.0,6.7601134982580495,2.205962144280987,21.0
820,63,8,1,4,13256.0,22847.0,6.627069399620377,2.0552806821977554,12.25
821,66,5,1,5,11352.5,20731.5,6.700488898074233,1.9110941213481674,13.6
822,58,4,1,6,14437.5,23520.5,7.04607214114724,1.9903708707161583,14.5
823,48,8,1,9,22071.0,29351.5,6.903256212960461,2.591502772821136,13.375
824,51,8,1,7,23400.0,32149.0,6.8638131717731055,1.9357669299864306,15.375
825,53,10,1,8,24131.5,32572.0,6.558393425140171,2.2451167011346875,49.3
826,54,12,1,6,25041.0,33333.0,6.136941953845208,2.3038729988283517,45.083333333333336
827,54,12,1,6,15689.5,23432.0,5.934553075331949,2.041478722978316,41.583333333333336
828,57,8,1,6,26047.5,33675.0,5.903382293280597,2.215895642231803,52.5
829,54,10,1,3,26840.0,34133.0,6.171275354727059,1.9207817838821741,40.0
830,53,8,1,7,28593.5,35746.5,6.148695485245561,1.9283554556841513,52.625
831,53,11,1,4,19439.5,26263.0,5.993613778373523,2.143424196188191,38.09090909090909
832,56,9,1,5,18492.0,25311.5,6.007377872886435,2.499430998360963,48.44444444444444
833,48,14,1,5,19235.5,26090.5,5.775986280917726,2.2695591686418024,37.5
834,48,15,1,5,18993.5,25537.5,5.953764343862303,2.40419266399742,32.53333333333333
835,45,13,1,8,19273.5,25286.0,5.828234839282498,2.247969182635062,30.153846153846153
836,48,13,1,8,19812.0,25685.0,5.8113942490582975,2.318051716343638,27.692307692307693
837,46,15,1,5,20085.5,25464.0,5.763007610931918,2.0945735051899113,21.933333333333334
838,47,11,1,6,21430.5,26406.5,5.9634494499063075,2.133031319841671,26.90909090909091
839,51,10,1,3,22109.0,26177.5,6.35359328648395,2.0320431477192136,17.3
840,55,11,1,2,21780.0,26075.0,6.323302553165551,1.985999111009055,21.0
841,59,8,1,1,21315.5,25897.0,5.9491396157092735,2.1314935058003335,19.625
842,51,9,0,3,0,4382.5,6.316613245041632,2.236306361650272,17.444444444444443
843,50,10,1,6,21390.5,25992.5,6.084449487355573,2.3515590360158414,15.5
844,51,6,1,5,17145.0,21071.0,6.135839482579117,2.1981906919467202,14.5
845,49,6,1,5,17343.0,21776.5,6.311486690142035,2.610508051091392,22.166666666666668
846,47,10,1,9,17801.5,22305.5,6.435943977957757,2.214271875566444,12.4
847,47,12,1,8,17888.0,22223.5,6.381208834119712,2.0130613290569603,11.416666666666666
848,48,15,1,4,18090.0,22609.5,6.050479692121716,2.6208909176622375,13.666666666666666
849,47,10,1,5,20154.0,22963.5,5.918675025200072,2.413534841147488,13.3
850,49,11,1,2,19979.0,22693.5,5.9459053403725886,2.4886578575171185,11.181818181818182
851,45,16,1,0,19975.0,23308.5,5.8691306882072825,2.6378128912984966,19.125
852,49,14,1,1,18584.0,21879.0,5.656133248253497,2.297310172776361,18.571428571428573
853,48,11,1,2,20106.0,23548.5,6.442507483886188,2.4885902472381205,21.181818181818183
854,47,8,1,4,19237.0,22641.5,6.037291980143781,2.5492029472537814,30.625
855,53,7,1,5,19088.5,22631.0,5.914607995058954,2.880978754517811,23.714285714285715
856,50,13,0,6,0,3675.0,5.883959913416425,3.274418574785569,18.692307692307693
857,47,13,1,8,19478.5,22839.5,5.829207048689572,2.675982133550514,16.692307692307693
858,48,15,1,3,18849.5,23015.5,5.977353561702429,2.282414212743418,22.6
859,51,11,1,4,18549.5,23048.5,6.261145826530056,2.6618339601124825,27.545454545454547
860,50,14,1,3,19466.0,23918.0,6.34319308854706,2.4852726853616876,22.928571428571427
861,51,16,1,6,19580.5,24251.0,5.5164421780232855,2.5912690237159506,21.125
862,57,12,1,8,19353.0,24191.0,5.70901394855072,2.680243077863852,29.833333333333332
863,58,13,1,5,19413.0,24231.5,5.696184958514436,2.5815732184421307,28.0
864,54,19,1,5,19361.0,24041.0,5.540200013347658,2.5150004698887676,20.36842105263158
865,58,16,1,5,19435.5,24151.5,5.461466566925526,2.5659966891005825,23.875
866,56,17,1,4,18381.0,22978.5,5.58885932490075,2.2905413328939206,21.58823529411765
867,60,23,1,3,18894.0,23651.0,5.366968766738102,2.267083560807841,17.304347826086957
868,66,17,1,4,18819.0,23539.0,5.617656251520746,2.6455785093748916,22.058823529411764
869,64,16,1,5,17992.0,22535.0,5.526732752636429,2.2177397431247368,21.3125
870,66,15,1,4,17651.5,22272.0,5.57286744279984,2.2633057981472424,18.933333333333334
871,68,13,1,8,18068.5,23309.5,5.665568726784622,2.5379212044710013,25.0
872,64,13,1,7,18497.5,23731.0,5.600886071956429,2.7374856093912543,28.923076923076923
873,58,14,1,8,18816.0,23454.5,5.7472547121945885,2.6321774886725327,20.785714285714285
874,59,16,1,5,17994.5,23571.5,5.396626256160258,2.384863298788343,21.0
875,55,13,1,10,19383.0,24160.5,5.505237590723718,2.176845304214226,15.307692307692308
876,56,10,1,8,18085.5,23137.0,5.717976955297631,2.419516832778078,18.7
877,61,11,1,4,18282.5,23378.5,5.70360897506752,2.23039487495676,23.90909090909091
878,53,10,1,6,17862.5,22891.0,5.786058391563061,2.1014860358387097,25.2
879,55,9,1,7,17397.5,22551.0,5.757862030737782,2.2471561788852648,27.555555555555557
880,55,12,1,7,19173.5,24161.0,5.96149791234353,1.9590511973230846,13.083333333333334
881,56,13,1,6,19379.5,24796.5,5.974373282411322,2.0927010896313685,16.76923076923077
882,47,17,1,8,19344.0,24839.5,6.27188328544548,2.0579760940219,15.0
883,45,16,1,7,23351.0,29346.0,6.483125218827921,2.0124280133318213,17.0625
884,54,15,1,7,23418.5,30105.5,6.342977008695933,2.221662397007719,15.8
885,55,14,1,9,24346.0,30727.0,6.683186569617172,2.33662933957029,15.0
886,58,12,1,10,23203.5,29865.5,6.529640602409283,2.5858325777354287,16.333333333333332
887,55,15,1,7,21925.0,28664.5,6.693391680120193,1.9987003488756019,30.6
888,56,11,1,10,22888.5,30771.5,6.63627410630975,2.185489241008697,40.18181818181818
889,58,10,1,11,25797.0,33806.0,6.906740016479748,2.0564169768087255,38.8
890,60,17,1,4,22898.5,31456.0,6.752391740658081,2.500024609571767,36.05882352941177
891,56,12,1,6,23056.0,28795.0,6.855302885454614,2.3342845536426546,22.5
892,53,11,1,9,20427.0,28719.5,6.624723196786789,2.378168645314265,38.27272727272727
893,52,5,1,8,21259.0,26042.0,6.563769704984802,1.647751017253724,5.6
894,49,10,1,4,20877.5,25721.5,7.045820602946966,2.4020087823322744,10.2
895,52,9,1,5,21631.0,26247.0,6.779340055055237,2.3486586648186845,10.555555555555555
896,47,7,1,8,25932.5,30507.5,6.610909702440152,1.7019625471254691,12.428571428571429
897,52,5,1,8,24734.0,29033.0,5.815831370505687,1.9029953497404335,7.8
898,52,8,1,6,19888.5,24238.0,6.075997872449609,1.7734320163865136,8.0
899,58,5,1,5,20056.5,26127.5,6.410502316982166,3.0842089745237207,51.6
900,58,6,1,7,20992.5,26976.0,6.254049543752999,2.2886558925773532,43.166666666666664
901,51,12,1,7,21271.5,27092.5,5.979584247057414,2.368267885566269,26.333333333333332
902,45,11,1,7,21103.0,27292.5,5.966253952206188,2.4856200589677715,35.90909090909091
903,46,11,1,11,20454.0,26200.5,5.662283555812575,2.4917932849021436,32.0
904,43,9,1,10,21605.0,26269.5,6.323870380720753,2.4142159069993183,22.555555555555557
905,42,8,0,6,0,4742.5,6.330020794888176,2.727964144951824,30.0
906,42,9,1,6,21241.0,25834.5,5.853525568238285,2.727161953370881,27.77777777777778
907,44,9,1,6,20861.0,25634.0,5.824196647703616,2.3898444129264544,29.22222222222222
908,47,9,1,5,20208.0,25343.0,5.740268999969575,2.31351482354469,24.555555555555557
909,48,7,1,6,20022.5,24959.0,5.966109472772894,2.4373465772524066,22.714285714285715
910,46,8,2,5,19616.0,25658.5,6.196952044093141,2.506452324376895,40.25
911,45,9,2,6,18711.5,24783.0,6.421715331534436,2.4245645781242464,39.55555555555556
912,48,10,1,4,18780.0,24702.0,6.17014825345221,2.406914490546245,36.7
913,41,13,1,2,19983.0,25669.5,6.917641327100313,1.9860575765653548,24.846153846153847
914,53,9,1,3,20010.0,25585.0,6.106828060034262,2.324959744446587,31.11111111111111
915,50,8,1,2,19343.0,24708.0,6.247353708107017,2.2930641582557922,37.125
916,48,11,1,1,18645.5,23972.0,6.092507519811693,2.3446999666880193,32.0
917,49,8,1,1,19467.5,24849.5,5.547392320521521,2.3007685269136253,45.875
918,47,9,1,0,18762.0,24016.5,5.7046744656326025,2.2456131885679,46.888888888888886
919,41,9,1,1,14922.0,20008.5,5.814768186741045,2.3230012134454543,46.44444444444444
920,44,13,1,2,14879.0,24157.5,5.49920022761015,2.326854459061397,33.07692307692308
921,46,11,1,4,15208.5,24723.0,5.961436965614613,2.0953847167166866,38.0
922,42,13,1,6,15557.0,25113.0,6.0272086036575105,2.367790746094375,42.76923076923077
923,43,9,1,6,16720.5,22397.0,6.058529855678511,2.0016300328757453,12.555555555555555
924,42,11,1,3,16522.0,22168.5,6.2072962131556695,2.182202464305545,15.545454545454545
925,39,10,1,8,19457.5,25420.0,6.155303226649112,1.8515764920326596,11.6
926,44,10,1,7,19563.0,25811.5,6.3174641472915845,2.098133741630961,12.1
927,49,7,1,7,19274.0,25655.5,6.122908345053873,2.6787274972339055,14.285714285714286
928,43,9,1,6,19396.5,25480.5,6.318076783470048,2.2738587800543004,12.222222222222221
929,43,11,1,7,16062.0,22278.5,6.134626878127619,2.564929809090723,28.09090909090909
930,43,12,1,6,16317.5,22631.0,6.176068630718009,2.3374121828759797,29.666666666666668
931,41,12,1,4,16043.0,22364.0,6.667033170606923,2.579868132978001,37.5
932,42,14,1,3,14647.0,21074.5,6.064954018868923,2.481606414659836,35.785714285714285
933,36,11,1,6,14789.5,22664.5,5.857737581659689,2.177470890225445,46.27272727272727
934,34,12,1,5,14650.5,22571.0,6.5112343614922175,2.259020563992917,48.833333333333336
935,38,14,1,2,13407.0,21347.0,6.51557659499131,1.9933145749528598,42.92857142857143
936,42,9,0,4,0,4768.5,6.703316822688025,2.2192297586592957,24.0
937,41,12,1,2,17531.0,22155.0,6.428328559016897,2.2381140967728923,22.916666666666668
938,40,10,1,3,17452.5,21464.0,5.985815402666225,2.1142415384732813,21.0
939,41,11,1,3,9098.0,13699.0,6.066991094412349,2.2704740787398046,27.545454545454547
940,43,11,2,0,17277.5,21691.0,6.147037818855416,2.1795699017315124,27.90909090909091
941,41,13,2,0,15824.0,20458.5,6.356437962537625,2.372432763293388,28.76923076923077
942,42,11,2,0,18429.0,23454.5,6.512191283214076,1.9908037241923708,35.45454545454545
943,40,11,2,4,18263.5,23524.5,6.274573593865204,2.501459728884796,25.0
944,40,8,2,3,19680.5,23414.5,6.234927988871072,2.495374491542176,20.375
945,43,5,2,4,20129.5,23352.5,6.369790942372889,3.1954642748750333,17.0
946,40,4,0,5,0,3045.5,6.603772003912904,2.4322915681042656,21.0
947,44,6,1,5,20142.0,23334.0,6.047752007910631,2.0632618738418724,13.5
948,45,8,1,4,20041.5,23244.5,6.096404307133453,2.23083748294069,11.125
949,49,8,1,4,20130.0,23381.0,6.083330017542055,1.9718093987117227,9.25
950,51,6,1,4,20185.5,23428.5,5.960092355450787,2.3432405812760635,12.333333333333334
951,45,5,1,7,19419.5,22739.0,6.4355265065735585,1.7416137583907318,17.4
952,51,4,1,4,19020.0,22446.0,6.105297741599111,1.7823499938827443,22.0
953,49,3,0,7,0,3814.0,6.538203804243922,1.7529425358850208,24.666666666666668
954,54,6,2,3,18850.0,22165.0,6.142211379673073,1.9015495008304528,17.666666666666668
955,51,3,2,3,17663.5,20818.0,6.39135324136529,1.525926049850046,9.333333333333334
956,50,8,1,2,13325.0,20953.5,6.530757163744079,2.5009387810220156,23.25
957,50,8,1,3,13606.5,21680.5,6.752934794379739,2.5520480584116436,20.0
958,45,8,1,5,12236.5,18506.5,6.749984128317747,2.7833993323287465,15.0
959,49,10,1,5,13560.0,21397.0,6.821985931239762,2.4938448641001223,56.3
960,53,10,1,4,13766.0,21615.0,6.605269374624696,2.4590081087487743,63.5
961,50,10,1,4,15342.5,21627.5,6.565904185027318,2.008188742017607,38.8
962,54,6,1,3,15341.5,21383.0,6.630893943990135,2.2825127943757244,59.166666666666664
963,53,9,1,4,14659.5,21105.0,6.437700060425677,2.4749013222167573,46.888888888888886
964,53,9,1,4,16459.0,22126.5,6.343024829091307,2.1573660734445825,38.666666666666664
965,52,10,1,5,15826.0,21971.5,6.3754854435070625,2.4213496865740574,37.5
966,46,10,1,6,15369.0,21293.5,6.392690471726347,2.8373584510917484,39.0
967,43,11,1,9,15432.0,21279.5,6.016525830692819,2.266750562425823,29.727272727272727
968,43,10,1,10,15732.5,21503.0,5.970988877047823,2.1812242828462063,35.2
969,47,9,1,7,15901.5,21578.5,5.987651929201088,1.9143452004731358,39.0
970,58,7,1,2,13492.0,19240.0,5.84841232338882,2.2355629616425947,39.857142857142854
971,54,9,0,1,0,5669.5,6.104210393603496,2.0473895131862463,39.77777777777778
972,53,8,1,3,4098.5,11632.5,6.190564970530242,2.5781407374578884,34.625
973,50,11,2,0,16752.5,22196.0,6.108850629072363,2.6823281164413624,33.63636363636363
974,48,14,1,1,14851.0,20202.0,6.046284096430084,2.4126321973942755,25.714285714285715
975,50,10,1,4,16842.5,22150.5,5.751471044510561,2.4164041309599043,35.4
976,42,11,1,2,14888.5,19983.0,6.131759076380423,2.2896470187371127,30.454545454545453
977,41,15,1,8,14849.5,20335.0,6.144204021953832,3.372008690290482,22.266666666666666
978,42,11,1,4,11022.5,20306.0,6.130932861226191,2.4601318029681996,25.181818181818183
979,45,16,0,5,0,11296.5,5.8921072562741665,2.6411251186308755,16.3125
980,42,15,2,4,12412.0,21434.5,6.334295427037903,2.5145941162279004,18.8
981,44,12,2,2,17468.0,22741.0,6.235969647165949,2.866771286618566,19.5
982,41,12,2,4,17093.0,22000.0,6.08959595791634,2.397243681984797,16.25
983,41,10,2,5,13333.5,22001.0,5.844307135110396,2.2856530665271912,16.8
984,38,9,2,4,13402.0,21928.0,5.971729577797389,2.3653627123614194,17.0
985,32,11,2,4,15783.0,22127.0,6.461100548909457,2.3354271891833918,18.636363636363637
986,37,14,2,4,13963.0,22304.0,6.163092881321993,2.3696927378340473,16.214285714285715
987,33,13,2,5,13958.0,22373.5,6.202557916596339,2.6623741635350795,17.384615384615383
988,30,14,2,5,17046.0,22402.5,6.102235288942873,2.3647848292132165,16.357142857142858
989,29,14,2,5,12346.0,22316.0,5.9279511797087014,2.4032627523901704,15.5
990,29,9,1,6,8850.0,22949.5,6.088025896525634,2.1887563444389087,35.44444444444444
991,32,10,1,7,7779.0,22497.0,5.843931218913908,2.4648576608514943,30.2
992,29,6,1,8,7914.5,22701.5,5.792236535481408,2.6331675310509746,17.333333333333332
993,27,10,2,9,14013.5,22094.5,5.33362682625134,2.4205089689009425,13.4
994,31,12,2,6,15513.5,22814.0,4.677183475949585,2.3396920846110483,11.416666666666666
995,34,12,2,4,14870.5,23611.0,4.6435812772659935,2.1180893135926637,24.666666666666668
996,41,8,2,5,14088.5,22836.5,4.95104645200023,2.221609868756354,34.25
997,37,12,2,5,14758.5,23609.5,5.360538292266697,2.418470696072573,25.666666666666668
998,35,8,2,9,16745.5,23970.5,5.0251077780688265,2.0499706050850532,14.5
999,38,10,2,7,14885.5,23618.0,4.938870015528245,2.2855030509289875,32.9
1000,36,6,2,7,14242.0,23276.5,5.232738595733046,2.35391347111447,61.5
1001,39,7,2,5,14145.5,21988.5,4.716488230738481,2.7345699636112877,20.571428571428573
1002,35,7,1,9,9571.5,22991.5,4.798881909023185,1.962248291262981,13.714285714285714
1003,29,7,1,7,9585.5,18482.0,5.346229587463225,2.4108754990897006,14.857142857142858
1004,28,12,1,10,8953.5,22348.5,4.988270655793437,2.697605339908791,30.416666666666668
1005,30,13,1,5,9384.0,23077.5,4.724384157264832,2.9566858330935104,41.76923076923077
1006,33,13,1,4,8838.5,22394.5,5.080561607304306,2.887829010528027,41.15384615384615
1007,31,16,1,4,12321.0,22822.5,4.824173821701215,2.6308231638691715,33.0625
1008,34,12,1,3,10267.0,20129.5,4.763618378927186,2.4682558292148253,35.166666666666664
1009,33,14,1,7,13191.0,23559.5,4.750241212182335,2.4391988607146664,25.071428571428573
1010,36,15,1,6,12666.0,23794.5,5.444253150669843,2.502822845428184,24.333333333333332
1011,41,11,1,5,13278.0,24082.0,5.611308280246825,2.3819440562122836,26.818181818181817
1012,39,9,1,6,13610.0,24297.0,5.657366236296373,2.605397057851149,36.44444444444444
1013,42,6,2,7,19357.0,24392.5,4.800318348593931,2.73552166104081,43.166666666666664
1014,46,8,2,7,17395.5,21995.5,4.477975898471086,2.4723181005304102,31.75
1015,46,8,2,8,17427.0,21845.0,4.622129565400822,2.6894638778852036,31.875
1016,43,7,2,7,17688.5,21918.5,4.691255955050676,3.26676207080146,41.285714285714285
1017,37,11,2,6,20817.5,24694.5,4.332895064626851,2.9388578603856126,25.727272727272727
1018,44,9,2,3,18800.0,22216.5,4.289904702970627,2.6822473009773735,26.88888888888889
1019,42,8,1,8,5677.5,9271.0,4.601077776424377,2.792886828786463,29.625
1020,46,13,2,6,17796.5,24870.5,4.237309777601329,2.507355859935619,46.61538461538461
1021,49,11,2,5,18647.5,26069.5,4.885328771042633,2.5249718363769227,75.45454545454545
1022,45,10,2,4,23478.5,26557.5,4.795787543106774,2.1177451646928525,27.7
1023,48,12,2,3,24446.0,27180.0,4.671657028084404,2.493276074401775,21.166666666666668
1024,52,9,2,4,21785.0,24925.0,4.753888283082089,2.2022516201420066,26.333333333333332
1025,51,10,2,6,21307.5,24367.0,4.613267957926891,2.2808497203733524,25.3
1026,45,10,2,11,24436.5,27582.0,4.607870386820932,2.5970475920122214,20.4
1027,49,11,2,9,24467.0,27488.0,4.4441436923305435,2.6883661374315664,18.90909090909091
1028,46,8,2,8,24273.5,27116.0,4.707448801173468,2.144239284041319,22.625
1029,52,10,1,7,5515.0,8585.0,4.829928557815912,2.7087352717775937,18.5
1030,54,13,3,5,23472.0,26451.5,4.577297127053938,3.3272440441827444,15.0
1031,49,13,3,3,24016.0,28537.5,4.612117658314485,2.3474958023808297,32.15384615384615
1032,50,12,2,3,22868.0,27343.0,4.642660041513877,2.3136370074272774,34.75
1033,47,14,2,3,22456.5,27019.0,5.050968616475413,2.2960588555034667,31.714285714285715
1034,51,15,2,3,21411.0,26054.5,4.813766093719919,2.0245046967831386,28.6
1035,47,16,2,3,21264.5,27180.0,5.007436174903091,2.228336239057857,37.6875
1036,55,9,2,6,21786.5,26294.0,4.996265807385335,2.376091708606992,13.333333333333334
1037,54,14,1,4,18788.5,26976.0,4.827120804040738,2.610752495016213,55.714285714285715
1038,53,12,0,3,0,8195.5,4.584204401527544,2.3671333405831994,46.083333333333336
1039,54,13,1,4,17505.5,25959.5,4.50811439842018,2.533292096523085,49.07692307692308
1040,53,15,1,6,17653.0,25716.0,4.392788897938693,2.217849561866756,35.46666666666667
1041,62,14,1,5,18826.5,26507.0,4.444499243913692,2.634463547996273,35.214285714285715
1042,60,15,1,5,16153.5,25327.0,4.551488353900887,2.854684876452345,43.06666666666667
1043,52,12,1,7,20707.0,27797.0,4.758356651362404,2.840196600363146,29.333333333333332
1044,51,12,1,7,18218.5,27152.5,4.864025938166954,2.4806623675129824,73.66666666666667
1045,51,13,1,7,18636.0,27787.5,4.707283955683171,2.0626051162919152,67.61538461538461
1046,50,9,1,8,18616.5,27485.0,5.015882669883409,2.027696375026668,86.22222222222223
1047,50,9,1,6,20123.0,26166.0,4.6574878617143165,2.225602781314653,54.44444444444444
1048,51,7,1,5,21642.0,27194.0,4.67720163262438,2.44575659422108,71.14285714285714
1049,51,9,1,6,19953.5,25212.0,4.4144532828234695,2.186645958007575,55.0
1050,51,8,1,6,20252.5,24648.5,4.632395022819986,2.756962153522579,46.875
1051,47,9,1,11,21259.5,25401.0,4.721413488686794,3.0993450757166014,41.44444444444444
1052,51,8,1,7,21039.5,24307.5,4.757272274327382,2.4094740051294754,22.0
1053,51,11,1,9,20140.0,24303.5,4.589892309623785,2.826352870449419,15.363636363636363
1054,54,14,1,5,21444.0,25325.0,4.68375743867322,2.435937896465321,18.428571428571427
1055,53,13,1,5,21415.0,25453.0,4.278009455816306,1.9712174885009326,22.384615384615383
1056,47,11,1,5,21719.0,25749.5,4.368491060004566,2.1126985711024076,27.727272727272727
1057,41,10,1,8,20015.5,23281.0,4.57400410714118,2.008471702108368,18.1
1058,50,12,1,11,23353.5,28492.0,4.716044504308424,1.8851918487465362,20.083333333333332
1059,52,8,1,15,23318.5,28326.5,4.586881068895319,2.089061865332342,29.625
1060,49,8,1,13,22076.5,26938.5,4.6522825340913645,1.985429221329102,30.75
1061,50,10,1,12,22387.0,27391.0,4.628299462500984,2.8130505859209296,38.2
1062,53,9,1,9,22813.0,27449.0,4.7135040907292005,2.665418525719957,30.11111111111111
1063,57,7,1,8,23940.0,28595.5,4.671457680834496,2.10049341490417,29.714285714285715
1064,54,11,1,5,22847.5,27786.5,4.808049657696474,2.290687887844083,25.727272727272727
1065,52,10,1,4,23089.0,28252.5,4.67802097170961,1.8836770612104425,26.1
1066,55,10,1,3,23472.0,27936.0,4.6415366369900335,2.1772098431244418,39.4
1067,57,10,1,3,21981.5,26813.0,4.498774266467206,2.223301983139666,35.7
1068,55,8,1,4,22652.5,26923.5,4.688054806528222,2.649744557376223,41.125
1069,52,7,1,5,23686.5,27757.0,4.698899052015447,2.20163326453262,48.714285714285715
1070,47,8,1,7,25854.0,29249.0,4.668028278861857,1.902845418311597,28.375
1071,44,14,1,3,24376.5,28257.5,4.665762797010827,2.209391718399121,25.285714285714285
1072,49,9,1,4,24041.0,27493.5,4.610446000075254,2.540063686218401,30.0
1073,49,13,1,8,23555.5,27904.0,4.28179211275721,2.4055179090335286,26.46153846153846
1074,45,12,0,5,0,3830.0,4.856494099905174,2.2036051658505755,24.75
1075,48,10,1,9,22190.0,25886.5,4.782934926346735,2.233867221834143,17.8
1076,48,9,2,12,22608.0,26558.0,4.897222818941791,2.445434126373002,19.0
1077,45,10,1,7,15460.0,18810.0,5.18026959513167,2.0634248826792496,17.3
1078,36,13,1,6,22880.0,28605.5,5.560241423762987,2.1248360561067257,32.23076923076923
1079,43,11,1,2,23152.5,28623.0,5.277459527057489,2.2642138289527267,35.45454545454545
1080,39,10,2,4,23374.0,27807.5,5.300194715885015,2.248480990018402,28.0
1081,44,7,2,5,25037.5,27748.5,5.036040995705901,2.3241213681333344,22.571428571428573
1082,44,10,2,5,24217.5,27964.0,4.9086661409605075,2.3327930714447302,21.0
1083,43,12,2,5,20522.0,27057.5,4.529090649310489,2.3961042198062112,38.25
1084,44,12,2,5,20712.5,26581.5,4.855401613753115,2.5227033718295138,31.416666666666668
1085,41,15,2,5,18830.0,26245.5,4.825101041756134,2.3545540145612,26.866666666666667
1086,45,11,2,6,18153.0,24337.0,4.5569629675855925,2.1211595436290445,31.09090909090909
1087,44,12,2,6,17972.0,23702.0,4.452344916590191,2.056573374407423,27.333333333333332
1088,42,11,2,6,17989.0,23862.5,4.881422495889271,2.175294192844988,23.272727272727273
1089,40,11,2,6,18750.0,23638.0,5.227268077155702,2.189019385460899,26.09090909090909
1090,42,11,2,4,21581.5,26573.0,5.1861370229230275,2.4882984574189932,21.636363636363637
1091,46,8,2,6,21256.0,26830.0,5.03195693327478,2.334359724093645,19.625
1092,44,7,2,6,19675.0,24891.5,5.066515553780523,2.307924327432341,19.571428571428573
1093,46,10,2,7,21369.5,26347.5,5.034601717162763,2.2512767408152934,29.4
1094,38,11,2,5,19891.5,24959.0,5.5535188947574206,2.344670171031772,30.545454545454547
1095,40,11,2,4,20402.5,25236.5,5.550280563741842,2.5109882388241136,26.0
1096,45,11,2,4,20630.0,25559.0,5.65242712297247,2.370879224824033,24.90909090909091
1097,44,8,2,4,19484.0,24242.5,5.636001679170067,2.2940168849594977,33.125
1098,45,8,2,5,20289.5,25016.0,5.632918328111222,2.2442298307985236,33.125
1099,48,5,2,6,21714.0,25202.0,5.406973448491472,2.5490110544580755,26.0
1100,43,7,2,5,19360.5,23651.0,5.541034572663057,2.7369967321619297,34.42857142857143
1101,47,7,2,4,21273.0,24747.0,5.3858413172525825,2.8315007668826273,21.428571428571427
1102,42,12,2,5,22018.0,26391.0,5.320124590220199,2.540052736914941,24.75
1103,42,18,1,3,15850.0,25846.5,5.222295527158343,2.3357440555447324,45.55555555555556
1104,38,15,1,4,15903.5,25672.0,4.743114709167271,2.134157719358006,51.733333333333334
1105,41,8,1,6,18829.5,26737.0,5.018263107056041,1.978180254067995,59.625
1106,39,7,1,8,22599.5,30418.0,5.069726786622656,2.4496512412330125,69.57142857142857
1107,38,8,1,9,18639.0,26250.5,5.205949848522273,2.2264469172109327,58.875
1108,40,10,1,5,16503.0,23700.5,5.696161728003383,2.452030957583216,55.6
1109,36,7,1,11,16422.5,23317.5,5.733656042059543,2.3454108253664794,69.14285714285714
1110,38,9,0,4,0,5182.5,5.698435704085035,1.8201855448543867,40.111111111111114
1111,37,9,1,7,20120.5,26136.0,5.28708164884216,2.4475635235269544,49.111111111111114
1112,40,9,1,6,19173.5,24651.5,4.869679773826764,2.066668942991383,40.111111111111114
1113,40,10,1,5,19315.5,25624.5,4.997266208526387,2.2150424691176624,45.9
1114,39,11,1,4,21568.5,26030.5,5.382692777394704,1.9270193573863876,22.181818181818183
1115,42,9,1,4,22126.0,26172.0,5.680333951918298,2.234927640834308,19.77777777777778
1116,42,11,1,2,22433.0,25972.0,5.608340331393,2.0276621756391604,15.818181818181818
1117,44,9,1,1,22775.5,26068.0,5.570421971730721,1.6692308615984377,15.777777777777779
1118,42,6,1,7,20969.5,25990.0,5.871036110654043,1.8821170621427021,49.333333333333336
1119,40,5,1,3,23201.0,26353.5,5.7585853596589365,1.946033853139878,41.0
1120,41,9,1,5,21213.5,26134.5,5.61658671734101,2.1435757112246474,39.333333333333336
1121,42,10,0,3,0,2897.5,5.325105075475361,2.041852170926486,14.4
1122,43,9,2,3,24672.0,27043.0,5.536649185077779,1.912856799392758,9.333333333333334
1123,45,8,2,2,23131.5,26797.5,5.079203183415474,2.025393970732976,23.75
1124,53,5,2,4,22972.5,26764.0,5.403925910189389,2.518368886188972,24.6
1125,54,5,2,3,24983.0,27384.5,5.591987930785679,2.938919526327944,14.0
1126,56,5,1,4,23254.0,27946.5,5.676456934135943,2.6099459122089983,51.8
1127,54,5,2,2,26273.5,28572.5,5.383065400284047,2.569066341435858,12.4
1128,52,5,2,1,24938.0,28770.0,5.552588289890497,2.5494999676438117,54.6
1129,49,6,2,1,27286.0,29373.5,5.397026740131062,2.5522886124284927,11.833333333333334
1130,44,6,2,4,26673.0,29195.5,5.035004609733626,1.9701818535172322,12.333333333333334
1131,44,8,2,2,20620.0,23523.5,5.0113937513520925,2.238022255122311,17.875
1132,41,9,2,3,26428.0,29263.0,5.393332004499263,2.7114681919555905,17.333333333333332
1133,40,7,2,3,26403.0,30201.5,5.648124828478704,3.8404571320137646,43.142857142857146
1134,43,8,2,3,19872.0,23438.0,5.389692051077185,2.4355045266096327,31.5
1135,45,5,2,3,26124.5,29725.0,5.143787788783946,2.4815724307896647,54.4
1136,44,8,2,2,26394.5,29948.0,5.1341539311036986,1.9946263419059909,37.875
1137,43,6,2,3,27102.0,30092.5,4.9109630785257465,2.3240128002314355,38.5
1138,46,6,2,3,26798.5,29857.0,4.959197982741578,2.0354541574775866,22.666666666666668
1139,43,6,2,5,17106.5,20158.0,5.191740793945624,2.446095847715987,30.833333333333332
1140,43,8,2,3,18869.0,23371.5,5.273138032286995,2.531766267815429,42.25
1141,44,11,2,2,17200.0,23382.0,5.6554751623853035,2.231428410241509,49.45454545454545
1142,45,14,2,2,16901.5,23452.5,5.606805113606209,2.0460763335235677,45.857142857142854
1143,43,12,1,6,12261.5,23437.5,5.453478074577111,1.9685858488093844,84.16666666666667
1144,47,15,1,3,12379.0,23939.0,5.1822287879206055,2.3653412796453264,70.8
1145,48,14,1,7,12485.0,24069.5,4.872921019673924,1.9751572865229954,56.642857142857146
1146,44,16,0,8,0,11242.0,4.848878829157162,2.243864218596076,64.875
1147,50,12,1,2,15091.5,24012.5,5.034071246964377,2.207212217502275,64.5
1148,48,13,2,5,17912.5,26928.0,5.328906397577522,2.440713219931493,64.23076923076923
1149,46,13,2,4,18142.5,25530.0,5.567345596018612,2.0115047968511997,47.0
1150,46,17,1,5,18302.0,23646.0,5.4971650390438525,2.0486953946239237,21.647058823529413
1151,49,17,1,5,17902.0,27790.5,5.359914751107086,2.4679018880692025,28.470588235294116
1152,49,14,1,6,18446.0,28209.5,5.399583680870622,2.4930288813604586,37.857142857142854
1153,48,10,1,5,18640.0,28331.0,5.392268111571083,2.3175217020656245,49.9
1154,51,11,1,3,15116.5,24893.0,5.569198481691364,2.341255884930381,68.63636363636364
1155,49,15,1,8,18233.0,28095.0,5.159392775981119,2.6380215915085925,45.666666666666664
1156,47,17,1,6,18467.0,28382.0,5.342607536173531,2.18259127433255,38.1764705882353
1157,49,14,1,7,19867.0,27917.0,5.3935626742172404,2.001783419753522,36.142857142857146
1158,49,17,1,7,19820.0,28270.0,5.27416839956498,2.324122402075506,34.411764705882355
1159,54,15,1,11,15969.5,23600.5,5.32017041849061,1.9841868666240425,29.066666666666666
1160,53,14,1,11,14522.5,22957.5,5.204424828105003,3.171865966812753,26.071428571428573
1161,54,14,1,10,15891.0,23898.5,5.309659738101857,2.4199966666147095,24.357142857142858
1162,56,14,1,9,14946.5,23227.5,5.139461601061383,2.120954340005012,23.857142857142858
1163,62,13,1,9,16047.0,23284.0,5.405925897111066,2.079271735709925,26.153846153846153
1164,59,14,1,8,18227.5,25003.5,5.380848480418923,2.1867253259864574,25.857142857142858
1165,55,13,1,7,18308.0,24280.5,5.654105568671364,1.9869550297621146,27.23076923076923
1166,56,14,1,7,18500.0,24629.5,5.978222504457492,1.9326029330748051,25.0
1167,59,10,1,13,17524.5,23783.5,5.9116606426713165,2.1213597897599192,27.5
1168,56,16,1,10,17416.0,24173.5,6.079549958894842,2.046283927157078,21.4375
1169,66,13,1,9,17699.0,24692.5,5.570603720215123,2.271750318164367,24.0
1170,58,18,1,3,17608.0,24446.0,5.815427871886664,2.282342549959707,28.166666666666668
1171,57,14,1,7,18912.5,24539.0,5.559614992896712,2.0773314648467713,25.642857142857142
1172,59,16,1,3,17786.0,24520.5,5.299434035495931,2.1172704434334553,30.875
1173,57,16,1,3,17061.5,23226.5,5.565351915486291,2.271289382190336,31.625
1174,55,15,0,4,0,6232.0,5.660990121784265,2.0999856586152874,34.06666666666667
1175,55,13,1,9,16688.5,24243.5,5.553944850797291,2.1179706905182423,36.46153846153846
1176,57,14,1,11,12709.5,23600.0,5.410435109656101,2.2536530102814343,59.57142857142857
1177,53,20,1,9,12645.5,24097.0,5.413436072235654,2.1880674784312766,28.05
1178,63,16,1,7,12929.0,24230.0,5.570927211874672,2.2815055920476226,31.5
1179,60,16,1,4,12815.5,23616.0,5.687758684104477,2.0908900360065386,35.1875
1180,58,16,1,5,11776.5,22745.0,5.645749491171265,2.479429106280278,34.875
1181,59,14,1,9,11804.0,22750.5,5.532229624569933,2.0558886666053016,37.285714285714285
1182,54,15,1,6,11329.0,21975.5,5.488298728025219,2.1670007966518936,32.2
1183,50,13,0,8,0,11108.0,6.319547007653839,2.2858447183662296,40.69230769230769
1184,55,14,1,7,11887.0,22648.5,5.777332398861342,2.0988021947216207,38.57142857142857
1185,60,14,1,6,11724.0,21969.0,5.482613995062393,2.1356562996537853,36.214285714285715
1186,56,12,1,9,12006.0,22635.0,5.84491455491653,2.282614902279043,34.5
1187,53,14,1,6,11889.0,22474.0,6.007042585562809,1.7999828732094814,50.142857142857146
1188,54,12,1,5,11777.5,22098.5,6.06986027083178,1.8381054340437,59.083333333333336
1189,55,11,1,6,11685.5,22053.5,5.7177681760227115,1.8041748536248081,39.72727272727273
1190,55,11,1,7,11749.5,22241.5,6.101207053559777,2.0989736491723243,42.36363636363637
1191,59,8,1,5,12493.0,22388.0,5.994668702494638,2.167320654455847,84.0
1192,57,10,1,6,12075.5,22139.0,5.749027274399268,2.336403078328439,70.6
1193,52,15,1,8,12979.0,22827.0,5.769625285908309,2.140796750109158,47.266666666666666
1194,58,12,1,8,13008.0,23135.5,5.5516295368675355,1.9794741317365723,57.666666666666664
1195,55,12,1,8,13167.5,23093.0,5.497256852806525,2.1394035528944997,45.666666666666664
1196,53,11,1,9,13129.0,22108.5,5.574223296123722,2.1663397518959724,39.81818181818182
1197,52,12,1,10,13202.0,22191.5,5.840420998884187,2.241343989599832,38.333333333333336
1198,54,11,1,9,13089.0,21374.0,6.393313550038687,2.744559171133596,34.72727272727273
1199,52,12,1,12,13022.5,20899.5,6.595567236292684,2.7313912710181545,29.583333333333332
1200,53,15,0,10,0,6750.5,6.381730264210786,2.503627409396437,27.4
1201,58,15,1,7,18003.0,24582.5,5.73878977010413,2.4132763054821176,26.266666666666666
1202,59,14,1,5,17941.0,24750.5,6.098281528971571,2.3088741290531947,28.642857142857142
1203,54,15,0,6,0,6667.5,5.672906963529641,2.3103578032256737,29.066666666666666
1204,51,17,1,6,15691.5,22287.0,6.150354911629202,2.1005529005690775,27.88235294117647
1205,61,15,1,4,15933.5,22490.5,5.924855572290309,2.1877958273215543,27.8
1206,58,14,1,5,18701.5,25204.0,5.816817619630444,2.4655031604515676,31.357142857142858
1207,58,13,1,4,19114.5,25419.0,5.640845889750469,2.292448428855992,32.0
1208,58,12,1,6,19427.5,25473.0,5.55177933282218,2.391107203165837,37.75
1209,62,12,1,3,19561.0,25394.5,5.663736970036193,2.680064752686675,37.416666666666664
1210,61,12,1,5,19758.0,25316.0,5.2593920951198125,2.738662324282018,35.5
1211,58,9,1,4,22204.5,25605.0,5.564282286175508,2.2914778741657313,16.666666666666668
1212,57,12,1,3,22071.5,25918.0,5.637299626691395,2.0962160604009483,15.833333333333334
1213,55,8,1,6,21849.0,25555.5,6.2412647469409395,2.4998854853359993,21.25
1214,57,8,1,5,22069.0,25922.0,6.137590565735131,2.3660220298953303,19.375
1215,60,8,1,2,22305.5,26177.0,6.042392789216304,2.318407596650411,21.875
1216,52,13,1,1,22978.0,26690.0,6.117478959610119,1.966127900992392,15.153846153846153
1217,61,10,0,4,0,3757.0,5.804762521977517,1.9490407399403478,15.6
1218,62,8,2,4,21787.5,25568.0,5.936949661086899,2.038054224994846,18.375
1219,69,6,2,5,21941.0,25678.0,5.579392109492493,2.2660537613415443,22.5
1220,69,8,2,1,21524.5,26746.0,5.656679068805791,2.0638487496422995,40.0
1221,58,9,2,3,22247.0,26575.5,5.696853810122193,1.996709927153001,23.555555555555557
1222,62,6,1,3,22782.5,26446.0,5.72127852110303,1.7515251820331605,10.333333333333334
1223,60,8,1,3,22549.5,26175.5,5.6357648200183466,2.0039583846872993,10.0
1224,59,6,1,3,22463.0,25962.5,5.755268872008116,2.2226688387707823,11.5
1225,55,7,1,2,21300.0,25774.0,5.889767030827579,2.1648850505310264,17.285714285714285
1226,56,10,1,1,21427.5,25785.0,5.761338052510539,2.243644083244791,21.5
1227,55,10,2,1,21424.5,25865.5,5.870568500575855,2.265967782603813,21.1
1228,55,8,1,4,20519.0,24415.0,5.982864512640245,2.490123091176672,14.625
1229,54,11,1,3,19275.0,25022.5,6.015475223826688,2.2387537516029523,29.181818181818183
1230,55,9,1,3,20303.0,25575.0,5.795223246016504,2.30015168810855,42.666666666666664
1231,57,10,1,3,19348.5,25284.5,5.735831946335303,2.0761367445999586,46.7
1232,59,12,1,4,19525.5,25498.5,5.742434873966091,2.228927525726126,33.0
1233,54,11,1,6,19938.0,25638.5,6.155847415491378,2.517814747976659,37.72727272727273
1234,55,13,1,6,15354.0,21878.5,6.2094969632588475,2.4556161491263886,44.38461538461539
1235,56,13,1,2,16267.0,22958.5,6.397275677674648,2.2795628395296226,47.61538461538461
1236,55,10,1,4,16379.5,22986.0,6.731029969849059,2.2860134286651617,26.0
1237,56,11,1,3,21003.5,25847.5,6.29822983890653,2.513620576784033,22.545454545454547
1238,53,11,1,7,21923.5,26515.5,6.121211040475437,2.1210182909032467,18.454545454545453
1239,58,12,1,3,22229.5,26908.5,6.179080144525863,2.084704284708406,18.833333333333332
1240,58,12,1,2,24916.0,29488.5,6.2758075834907,2.185210947384971,19.25
1241,63,11,1,5,25450.0,30057.5,5.881849092161658,2.223368891316303,19.363636363636363
1242,54,12,1,3,23460.0,27978.5,6.30754792683638,2.7293910453198857,20.583333333333332
1243,60,12,1,3,23803.0,30463.0,6.0405477723276615,2.561679997360222,36.083333333333336
1244,59,14,1,2,24099.0,30578.0,6.182494673892357,2.5247785209257487,31.642857142857142
1245,62,12,1,1,18915.5,25314.0,6.1698017623754495,2.4706401841937384,40.166666666666664
1246,59,9,1,1,24811.0,30939.0,6.134781209929184,2.0123526690347266,50.333333333333336
1247,63,8,1,2,25427.0,31577.5,5.8099821000315535,2.307303485959185,58.875
1248,60,8,1,3,25412.0,31231.0,5.904772712578286,2.182989713885148,45.125
1249,58,10,1,4,25788.0,31540.0,6.00318617456495,2.0093335349291745,37.4
1250,58,11,1,5,26520.0,32138.5,5.894765215482277,1.768863606119528,31.0
1251,61,7,1,5,23155.5,28718.5,5.731359196790483,2.831673286420582,50.714285714285715
1252,61,8,1,3,23124.5,28422.5,5.743281527975691,2.525155462454934,46.5
1253,55,12,1,2,16154.0,21392.0,5.947979762647871,2.498003778690539,23.166666666666668
1254,63,9,1,2,11286.0,16756.5,5.79400826198532,2.5323242482802066,27.77777777777778
1255,63,11,1,5,11409.5,20895.5,5.597642649373775,2.637491687567631,24.818181818181817
1256,59,5,0,6,0,9625.0,5.585727102720103,2.5426985224906415,34.0
1257,60,9,2,3,12321.0,21461.5,5.690703549487175,2.195390453424751,20.77777777777778
1258,55,6,1,4,15369.0,20377.5,5.867907139857837,2.3080658790284536,35.5
1259,61,7,1,3,14664.5,21690.0,5.615524403892499,2.789692757928758,46.142857142857146
1260,58,7,1,5,14872.0,21444.5,5.614341162226015,2.3869296072280966,34.42857142857143
1261,58,5,1,7,15844.5,21984.5,5.457907394869133,2.6930894223112607,19.0
1262,54,9,1,3,16905.0,21609.5,5.527483534551418,2.9294064487625002,28.77777777777778
1263,57,5,1,5,30382.5,35220.5,5.2967734323414115,2.1874268846744087,14.8
1264,56,8,1,4,17096.5,22568.0,5.441244371548828,1.8942146412544076,42.125
1265,53,8,1,5,15355.5,19581.0,5.456922559641186,3.1680712712778987,17.375
1266,56,11,1,8,15041.0,21385.5,5.129886216029204,2.161451115284128,33.0
1267,61,5,1,8,14285.5,20145.5,5.318465090371681,2.424500961224303,59.2
1268,58,12,0,6,0,6600.5,5.21383254669484,2.2856432072548167,40.416666666666664
1269,58,8,2,7,12827.0,20898.5,5.5974395039363385,2.2507787579338645,55.0
1270,56,11,2,3,13308.0,21195.5,5.490749439903429,2.220081621691756,59.27272727272727
1271,57,10,2,3,14840.0,22123.0,5.610840136178455,2.215319897873,55.1
1272,54,10,2,1,15963.5,22213.5,5.620024826145814,2.160087662731162,48.2
1273,53,9,1,3,16093.0,23011.0,5.675386539567914,2.1598460600227356,50.55555555555556
1274,56,9,1,3,16191.5,23032.5,5.5704682027145385,2.1767246216940586,51.111111111111114
1275,56,8,1,4,17860.0,24284.5,5.529443716349786,1.9595666603200077,48.75
1276,53,9,1,4,17433.5,24222.0,5.954742584545401,2.015461675103064,45.666666666666664
1277,53,9,1,5,17551.5,24081.5,5.918871442833505,2.0926475514107543,32.888888888888886
1278,54,8,1,7,16354.0,22944.0,5.756161155970824,2.2997909738236757,40.375
1279,50,8,1,9,16988.5,23087.0,5.654876021919102,2.0764303398069597,21.125
1280,49,8,1,8,17130.0,23299.5,6.115389478827394,2.014106546136841,21.125
1281,54,6,1,6,17460.0,23279.0,6.223678723771413,2.133721483717171,15.5
1282,50,12,1,5,17212.0,22762.0,6.338130483524271,2.5095557183752173,12.416666666666666
1283,48,11,0,7,0,5188.0,5.863920488141344,2.368048527577589,10.363636363636363
1284,45,10,1,6,18105.0,23359.0,6.344934956771436,2.310132354176522,19.5
1285,46,13,1,3,19690.5,24910.0,6.2124553667151226,2.4046943152097877,24.23076923076923
1286,46,12,1,5,19833.0,25366.5,5.7854504218092595,2.2994597697547285,27.666666666666668
1287,45,10,1,4,20243.0,25482.5,5.805620269936711,2.3772965618776185,27.6
1288,52,9,2,2,22650.0,27386.5,5.287171619339218,2.341851928797207,28.444444444444443
1289,49,10,1,2,22728.5,27793.0,5.868088668437014,2.2287056581105835,23.5
1290,49,10,1,2,21307.0,26087.0,5.885443892936218,2.7850590421557997,25.0
1291,52,9,2,3,23852.0,28951.5,5.547356879073067,2.528782413292748,30.333333333333332
1292,48,9,2,4,22440.0,27026.0,5.757187955604946,2.3449855444983907,24.555555555555557
1293,50,13,2,4,25437.0,30338.5,5.780975868060008,2.286118111805366,19.153846153846153
1294,48,9,2,3,22435.0,26968.5,5.988407774019,2.5719783494544415,23.77777777777778
1295,52,11,2,5,22132.0,27166.5,5.960116763269372,2.574737945122805,17.818181818181817
1296,48,11,1,4,17785.5,27046.5,6.191409147840062,2.167580998053885,64.72727272727273
1297,49,14,1,7,18159.5,27694.5,6.056001831965247,2.0643526593895487,50.214285714285715
1298,44,12,1,7,18499.0,27882.0,6.097338367905669,2.3258344251806733,50.5
1299,48,12,0,5,0,4918.0,5.996224438387961,2.2053710737666377,12.5
1300,53,11,0,7,0,9779.0,5.7903405443655505,2.2879622835220563,53.18181818181818
1301,52,14,2,4,18084.5,28455.5,5.846755819543313,2.189711062112505,48.785714285714285
1302,51,12,1,9,18395.0,28499.5,5.727073369896248,2.0257786791202577,55.25
1303,53,7,1,9,15276.0,25335.5,6.336760327146736,2.1477658584930497,93.28571428571429
1304,58,8,1,7,15218.0,25011.5,6.168831126168786,2.3819058671093165,85.125
1305,49,11,1,6,12284.0,21325.5,6.350147729197076,2.320538550100769,58.45454545454545
1306,48,10,1,4,14007.5,22654.0,6.370098231599084,2.281831538385491,51.2
1307,43,12,1,7,13243.0,21900.0,6.4213804551154725,2.811111993277115,44.75
1308,51,14,0,9,0,8237.0,5.784014047337516,2.7511773894700258,30.214285714285715
1309,50,13,1,5,5759.5,13677.0,5.9003178978363175,2.6776415352751455,20.615384615384617
1310,49,12,1,10,5704.5,21207.0,6.230365314930708,2.146405987592473,40.75
1311,56,11,1,11,6414.5,21879.0,5.909360441124393,1.8705264186820085,37.36363636363637
1312,58,10,2,7,12392.5,21630.5,6.191059084746151,2.649430838888191,48.9
1313,60,12,1,8,17808.5,26667.0,6.014027823053178,2.8186497033435485,39.666666666666664
1314,56,11,1,9,18168.0,25753.0,6.080358246848228,2.7637226129335897,38.09090909090909
1315,59,16,1,7,19205.0,28307.5,5.728128717638299,2.3391746087764145,46.0
1316,55,15,1,6,19310.5,28243.5,5.952310171433296,2.5676684448537657,37.266666666666666
1317,56,14,1,5,19541.0,28306.5,6.042581661408026,2.3329380318281805,36.92857142857143
1318,58,14,1,2,14178.0,22674.0,5.845349395012581,2.5595781408777643,50.714285714285715
1319,59,15,1,4,14096.0,22627.0,5.871728654421188,2.458939597911871,36.2
1320,58,13,1,6,16553.0,23240.0,5.734617630802532,2.387889500720147,25.153846153846153
1321,56,13,1,7,17401.0,23213.5,5.552595343313964,2.6367749450791678,20.615384615384617
1322,57,13,1,11,16817.5,22970.5,5.471090383502429,2.452530223443709,21.153846153846153
1323,57,14,1,10,17705.5,23598.5,5.768219224049023,2.5495606887000233,19.071428571428573
1324,55,16,1,8,16925.0,23357.0,6.054954864653519,2.0906441563201565,23.5625
1325,58,13,1,11,16472.5,22278.5,6.137751097282136,2.310332607367018,21.0
1326,54,14,1,10,17022.0,22759.0,5.921664694531391,2.2159841962793907,25.785714285714285
1327,64,14,1,6,17332.0,23136.5,5.642761769576274,2.320545601451052,22.857142857142858
1328,57,13,1,8,16651.5,22551.5,6.022971601436137,2.2128157608971475,22.846153846153847
1329,63,12,1,8,17152.0,22906.0,5.646402479193922,2.28017879345744,27.25
1330,63,12,1,4,17378.5,22945.0,5.7870298462959315,2.2114297214676566,25.25
1331,60,10,1,5,19022.5,24262.5,5.884211010055126,2.2220367898383393,25.7
1332,64,8,1,7,19921.5,24824.5,5.598033088789062,2.24971703569639,26.375
1333,58,10,1,6,19483.5,24283.5,5.699603495231589,2.3783353021352545,23.3
1334,60,7,1,5,19734.0,23896.5,5.754031375285732,2.0275470188892624,17.428571428571427
1335,59,9,1,6,16787.0,21397.0,5.811046330825205,2.0331215562611837,24.11111111111111
1336,59,10,1,8,19464.5,24407.0,6.111605707802754,3.1925107528127934,22.4
1337,61,8,1,7,19472.5,24626.0,6.097849260960733,2.5781479328688195,26.5
1338,60,12,1,6,18484.5,23320.0,5.926153134929085,2.2530694003529383,17.5
1339,60,12,1,6,17672.0,23189.5,6.033735636720188,2.3408891516447383,20.916666666666668
1340,56,12,1,4,18247.0,23368.0,6.237743763623523,2.1313546095755163,18.916666666666668
1341,52,14,1,4,18041.0,23273.5,5.998746251356721,1.8212167782704605,20.928571428571427
1342,59,10,1,3,18612.5,23399.0,6.103028393105689,2.0909670919645276,24.2
1343,61,8,1,5,18165.0,22872.5,6.035402342439742,1.9930012237358201,28.25
1344,58,8,1,7,22104.0,26858.5,6.171344442736985,2.228569249769267,21.5
1345,57,8,1,7,19477.0,23991.0,5.572651852422596,2.370898044638755,20.25
1346,54,9,1,6,20313.5,25273.5,5.754317869238982,2.598193938950681,29.666666666666668
1347,57,13,1,4,18902.0,23785.0,5.85461062565433,2.557439500499073,25.846153846153847
1348,55,13,1,4,18469.0,23489.0,6.142468721074566,2.6441669174027425,27.384615384615383
1349,55,17,1,2,18712.0,23888.5,5.919418251647443,2.487249452257249,23.941176470588236
1350,56,14,1,5,18391.0,23845.5,6.4196776987830555,2.7677674436512434,28.214285714285715
1351,54,14,1,6,19796.5,25078.0,6.046763394443102,2.549807301151325,25.071428571428573
1352,52,14,1,3,20156.0,26039.0,6.305904444968196,2.6682776892867603,37.42857142857143
1353,47,15,0,3,0,4897.0,6.6226764836265835,3.178934703010547,21.466666666666665
1354,45,14,1,4,11555.5,19830.0,6.740886495953521,2.600295192808941,24.857142857142858
1355,49,15,1,3,12276.5,21588.5,6.687511535959242,2.8109460748474846,42.93333333333333
1356,46,22,1,2,11257.5,21544.0,6.515787386137199,2.5041813343665824,45.5
1357,43,17,1,6,15826.0,21916.0,6.900272258078754,2.682397873166604,36.0
1358,45,15,1,8,17233.0,21643.5,6.177292613983146,2.521177347241316,14.333333333333334
1359,40,12,1,8,16963.0,21949.0,6.152434479029244,2.651843571976377,24.833333333333332
1360,41,14,1,6,16647.0,22071.5,5.964699711870493,3.0088499544351004,29.928571428571427
1361,41,19,1,4,16099.5,22751.0,6.286419783507915,2.651732738053732,24.36842105263158
1362,40,16,1,5,20657.0,26140.0,6.157096171637256,3.064729754351661,17.625
1363,42,17,1,7,21750.0,25904.0,5.839228844679496,3.2928226476187996,17.352941176470587
1364,39,13,1,7,22189.0,26814.5,6.447397486311159,3.1085573371917894,24.153846153846153
1365,44,13,1,5,21624.0,26198.0,6.158053035303424,3.2530442777674207,23.153846153846153
1366,41,15,1,1,21908.0,25698.0,6.0658794252985535,2.7251619714102424,27.8
1367,37,10,1,4,20114.5,23627.0,6.012406731731235,2.998530220575135,33.0
1368,37,14,1,7,25473.0,31120.0,5.7403656884097805,2.8765147612439437,25.071428571428573
1369,34,18,1,8,20419.0,26054.5,5.546366350703859,2.333920724644981,18.666666666666668
1370,34,20,1,6,20224.5,25308.5,5.070082791067071,2.3126095227362278,26.75
1371,40,14,1,8,20784.0,25536.5,4.999550746367522,2.2406875468310687,25.357142857142858
1372,36,14,1,7,21366.5,25980.0,5.117946562165733,2.311466907098052,29.571428571428573
1373,36,16,1,9,21127.5,25638.0,5.253674607708484,1.9815757589079546,25.5
1374,40,15,1,9,20962.0,25726.5,4.575698027313917,2.166223317130606,23.933333333333334
1375,37,14,0,6,0,4866.0,5.144984734053899,2.1219709716286843,29.285714285714285
1376,39,13,1,9,20552.5,25547.0,5.787334011901654,2.1134846026737084,24.384615384615383
1377,37,11,2,7,20716.5,25685.5,5.8036587438308835,2.1642602080967235,27.0
1378,38,13,1,8,16429.5,25765.0,5.361332158223706,2.1208264921251785,24.0
1379,42,9,1,9,20927.0,26020.0,5.217173490015061,2.5424455831876114,27.666666666666668
1380,45,9,1,9,20450.5,25523.5,5.023761341884195,2.2074078810362856,22.0
1381,42,8,1,7,21229.0,25879.0,5.2474739468776415,2.6889351491509497,32.75
1382,46,11,1,5,17278.5,26043.5,5.279669939618201,2.3718513273879225,30.818181818181817
1383,46,12,1,3,21655.0,25598.0,5.091566415616783,2.3643584251264342,34.083333333333336
1384,48,15,1,6,17918.5,24107.0,4.6556338465538705,2.0900739058802564,35.733333333333334
1385,49,14,1,5,21387.0,25722.5,4.5979647101598315,2.3095583369546295,28.642857142857142
1386,48,10,1,6,17803.0,25211.5,4.61376317768677,2.1219546230914914,55.8
1387,48,14,1,5,17861.0,25369.5,5.171897356102248,2.097042298729704,41.642857142857146
1388,52,10,1,8,21815.5,25928.5,5.165175947463283,2.134695577251221,27.9
1389,47,9,1,11,18431.5,26189.0,5.3633823936320475,1.9552945822066738,74.66666666666667
1390,46,15,1,9,18684.5,26520.0,5.173187349706411,1.968819297622209,46.2
1391,45,15,1,9,15005.5,22866.0,5.12765054709734,1.8629300161414444,47.2
1392,42,13,1,11,17351.5,23346.0,5.316875467204033,2.2715789454724633,31.615384615384617
1393,46,9,1,9,19279.5,27308.5,5.525290412814846,2.1520580699549825,59.55555555555556
1394,40,13,1,8,17560.5,25370.0,5.705747676390841,2.2396286602674857,45.38461538461539
1395,50,13,1,10,15658.0,23784.5,5.080316458494064,2.036707921293758,41.61538461538461
1396,45,9,0,10,0,8135.5,5.659975643964974,2.0600351193717676,54.888888888888886
1397,46,8,1,10,17680.5,25671.0,5.461037169334404,2.376035514939478,53.75
1398,47,13,1,6,17893.0,25121.5,5.328946833902708,2.3323818412999735,33.69230769230769
1399,49,11,1,9,17712.0,24634.5,5.475324697395482,2.513961256697308,20.272727272727273
1400,47,13,1,9,17849.0,25486.5,5.73905454305911,2.592848820274102,21.615384615384617
1401,52,14,1,9,17548.5,24783.0,5.307298639704263,2.483688445321203,26.285714285714285
1402,48,12,1,12,17741.0,25583.5,5.643629479358799,2.743510765217707,34.25
1403,52,15,1,8,17966.0,25769.0,5.2998870601490955,2.631968422075195,26.8
1404,50,15,0,8,0,7462.5,5.253108075886878,2.546498809003395,25.533333333333335
1405,55,17,2,7,18235.5,25706.0,5.555260242588858,2.732760743077749,23.647058823529413
1406,59,16,2,5,18493.0,25720.0,5.54938017709834,2.6753350078865927,35.5625
1407,58,14,2,7,19159.5,25892.5,5.086210782499019,2.4407788828081376,37.92857142857143
1408,62,15,2,5,19040.0,25507.5,4.983155130187795,2.651268413103973,36.0
1409,63,13,1,8,19553.0,25990.0,5.3065337478842665,2.7208636104529242,20.846153846153847
1410,54,13,2,10,19629.5,26023.0,5.325114936625956,2.4726860179665975,18.923076923076923
1411,56,11,2,11,20203.0,26402.5,5.320759645364064,2.535448519841694,16.0
1412,61,12,1,8,20549.5,26730.0,5.527384453216553,2.407210737584869,15.0
1413,54,13,1,9,20474.0,26967.0,5.644675152863422,2.2933223713290407,19.923076923076923
1414,54,12,1,6,23238.0,27009.0,5.806092820906957,2.2436527365758225,12.583333333333334
1415,57,13,2,8,23544.5,27404.5,5.705971065634356,2.15664667492952,13.846153846153847
1416,63,13,1,6,24682.0,28475.0,5.470779489287107,1.7830873186964744,10.76923076923077
1417,66,8,2,5,24825.0,28502.0,5.285286575037694,1.8559429800420568,12.375
1418,67,8,2,6,24611.5,28551.0,5.414449415953529,2.0145264956028868,16.5
1419,62,10,2,8,23856.0,28145.0,5.50951487983358,3.1904819161440536,22.1
1420,55,11,1,8,26717.0,30579.0,5.423067052438666,2.5556293525192575,17.272727272727273
1421,58,13,1,4,27247.5,31196.0,5.2630854991740295,2.5301377261957376,17.53846153846154
1422,56,16,1,3,26389.5,30466.0,5.291786806669003,2.3628137393474105,17.75
1423,59,11,1,4,27122.5,30840.5,5.456528169576573,2.546894086941979,16.0
1424,55,12,1,3,25315.0,28944.5,5.530034223197553,2.2803000389542554,13.833333333333334
1425,50,12,1,7,25742.0,29645.5,5.8098953670351285,2.529220235319036,18.25
1426,56,10,1,5,24437.0,28223.0,5.587507863663616,2.4191984856006234,17.0
1427,55,9,1,10,22825.0,27523.0,5.677762196384532,2.298848873598972,15.88888888888889
1428,57,11,1,3,22489.5,26376.5,5.422987839259921,2.401348831178175,18.90909090909091
1429,61,11,1,4,26245.5,30524.5,5.693260367113828,2.5226267877371,21.818181818181817
1430,60,10,1,4,20362.0,24565.5,5.704057823499566,2.5390967118411076,22.1
1431,58,10,1,6,26555.5,31880.5,5.708849631141119,2.2852238704932386,20.7
1432,55,9,1,8,25132.5,31786.5,5.9578969929428425,2.3459984867965185,21.555555555555557
1433,52,13,1,5,25163.5,32080.5,6.003575696400006,2.4113607125610197,20.692307692307693
1434,58,12,1,5,25949.5,31513.5,5.71931075340338,2.328285801258254,18.833333333333332
1435,55,12,1,4,23383.5,27594.5,5.510962371339883,2.215723311712283,21.75
1436,55,11,1,6,26326.0,30589.0,5.670959485605518,1.8693682092554744,25.272727272727273
1437,66,10,1,2,27284.0,32074.5,5.548483998919635,2.6388525422779736,31.5
1438,63,11,1,5,27344.5,32308.5,5.79429547894561,2.912795553878098,28.363636363636363
1439,57,11,1,5,22141.0,26954.0,5.807778805881486,2.763885027499999,17.181818181818183
1440,62,14,1,4,29563.5,33317.0,5.712352348467575,2.3566451583085213,12.571428571428571
1441,62,10,1,4,32493.0,36011.0,5.259072559033409,2.112942813619263,16.8
1442,59,9,1,4,25040.0,28562.5,5.591088742615218,2.4520934632115265,19.11111111111111
1443,58,9,1,4,25070.0,28694.5,5.549964501965532,2.182389225840087,22.555555555555557
1444,55,12,0,2,0,3716.5,5.682544693109373,2.199199386018037,17.666666666666668
1445,58,11,2,3,23841.0,28124.0,5.743607148271821,1.8704348379262288,21.90909090909091
1446,53,14,2,8,22731.5,26959.0,5.463006655310866,2.1485165819792673,13.0
1447,61,11,1,10,22449.5,27175.0,5.189580584000352,2.2980139468316194,15.909090909090908
1448,66,12,1,6,22596.0,27168.5,5.481761181899162,2.392199083999331,11.916666666666666
1449,67,17,2,6,21604.5,27569.5,5.297607360270098,2.260807064435877,23.11764705882353
1450,61,14,1,7,22282.0,28342.0,5.778268150498524,2.207166298548796,21.142857142857142
1451,62,11,1,9,21533.5,27761.0,5.383896885892658,2.3548087050397144,26.272727272727273
1452,64,13,1,13,22467.5,28560.0,5.562362518655686,2.1274291681318047,22.923076923076923
1453,65,16,1,12,21730.5,28075.5,4.971812028958853,2.1028289168671015,17.9375
1454,66,16,1,8,20839.5,27418.0,5.324236845096239,2.086963737229917,29.375
1455,70,14,1,12,20703.5,27640.5,5.087885187014026,2.175855754798298,31.785714285714285
1456,71,15,1,12,20278.5,27128.0,5.095374678128873,2.0199773581834632,30.466666666666665
1457,78,15,1,10,20140.5,27204.5,5.016801323112985,2.416401830777302,12.0
1458,64,14,1,15,20071.0,27861.0,5.438661030903193,2.292677372779367,19.571428571428573
1459,68,15,1,10,17690.5,25090.0,5.420161497337122,2.1331212084130606,18.2
1460,69,15,1,10,19284.5,27183.5,5.547774749999611,2.4763832895544904,37.333333333333336
1461,71,14,1,8,17314.0,27044.0,5.532357334106184,2.3511185103656986,35.642857142857146
1462,66,14,1,11,17352.0,26858.0,5.729725356675137,2.174973580421997,38.0
1463,67,14,0,11,0,6427.0,5.678300133398083,2.1546079284408792,12.857142857142858
1464,69,16,1,11,15219.0,24672.5,5.40753610669794,2.175842517015055,38.625
1465,65,20,1,10,12079.0,23949.0,5.191821754286201,2.203194107062419,49.0
1466,62,19,1,10,15764.0,26618.0,5.7799721315573045,1.9602211811431385,26.0
1467,69,20,1,6,24056.0,29807.5,5.632337177216119,1.8760772828080134,14.05
1468,76,15,1,9,21133.5,26919.0,5.431367232448275,2.0196917092951705,14.8
1469,88,13,1,8,20902.0,26741.0,5.163367908680486,2.051067895029308,12.846153846153847
1470,80,14,1,9,21083.0,26662.5,5.307991395745377,2.108130944024749,11.5
1471,82,14,1,9,17033.0,26000.5,5.407874508766142,2.2091808694655137,12.285714285714286
1472,77,16,1,7,19615.5,25727.0,5.594582554275568,2.4485314010324997,21.1875
1473,77,19,1,6,16976.5,26119.5,5.4305118379962565,2.4520458384656627,24.210526315789473
1474,73,23,1,4,16984.0,26259.5,5.6507853544734505,2.017232033341094,29.73913043478261
1475,79,17,1,7,20413.5,29360.5,5.301761292245919,2.022145070577354,20.11764705882353
1476,75,18,1,9,17420.0,26015.0,5.048162330112008,2.0878267245195237,25.22222222222222
1477,77,12,1,8,21496.5,29774.0,5.637954393433506,2.4801656561613594,32.833333333333336
1478,76,13,1,12,22216.5,29897.0,5.552814145313123,2.3916076676346827,14.923076923076923
1479,77,13,1,6,20318.0,27500.5,5.578839330957496,2.3341703043381314,15.923076923076923
1480,78,12,1,6,23308.0,31114.0,5.920608645248288,2.502761441633838,14.166666666666666
1481,75,14,1,9,19956.5,27582.0,5.8427039282168485,2.198316590326799,17.642857142857142
1482,72,14,1,8,20010.5,27991.0,5.9521910346676785,2.387224253145519,23.285714285714285
1483,76,13,1,9,20719.5,28570.0,5.656738700498335,2.750893141260458,26.076923076923077
1484,74,14,1,3,20804.5,28449.0,5.531896190315959,2.756093968626708,27.214285714285715
1485,77,15,1,4,21218.0,29018.0,5.597128013689539,2.867492653706643,26.6
1486,74,15,1,6,21473.0,29017.5,5.319005453760818,2.7540516201874037,24.866666666666667
1487,71,16,1,4,20438.0,27891.0,5.354406284647995,2.5767432062734206,23.9375
1488,68,15,1,5,21276.5,28626.5,5.063727728245231,2.3751464233539736,28.2
1489,58,15,1,7,21353.5,28452.0,5.2716189360070205,2.2220422672662563,21.2
1490,62,14,1,6,21115.5,27594.5,5.478242283406571,2.2883880432476844,18.214285714285715
1491,57,13,1,4,20960.5,28485.0,5.769891073238593,2.0622231095791537,33.46153846153846
1492,62,15,1,5,16736.0,25359.5,5.6025120298935125,2.3432839877073417,46.06666666666667
1493,63,13,1,5,20033.0,25577.0,5.448320496365034,2.2300188090896427,11.307692307692308
1494,61,12,1,8,19799.5,24798.5,5.368292983839784,2.401575936279147,24.916666666666668
1495,66,13,1,7,26058.0,31607.5,6.038980835149308,2.4851023649948902,23.923076923076923
1496,74,12,1,5,25620.0,31777.0,5.7220100101119655,2.5823844701189076,19.25
1497,73,12,1,1,25060.0,29814.5,5.8308447424697665,2.094888958974239,22.333333333333332
1498,73,13,1,2,27564.0,31997.0,5.892838176929366,2.0515837903888747,16.76923076923077
1499,73,12,1,6,25653.5,29970.0,5.861340845716671,2.109744932663249,15.833333333333334
1500,72,12,1,5,26068.5,30301.0,6.069716167906156,2.2545734447509673,13.583333333333334
1501,74,14,1,1,27081.0,31715.0,6.5196768416225455,2.5240464721421594,14.214285714285714
1502,73,12,1,3,27024.0,31510.5,6.282241093690649,2.307625965549703,14.833333333333334
1503,79,9,1,5,27142.0,31454.5,5.889780450012046,2.6925350578976666,19.88888888888889
1504,72,11,1,2,26260.0,30549.5,6.115793716128494,3.0100453358569004,21.636363636363637
1505,68,15,1,3,21214.0,26808.0,6.003976644241341,2.6766261667373663,26.866666666666667
1506,71,16,1,2,19717.5,25218.0,5.803472423404489,2.2480176986409233,24.375
1507,69,14,1,4,24747.5,31380.0,5.899069447994619,2.1725469723308484,39.357142857142854
1508,61,20,1,3,24906.5,31649.0,5.724965982323566,2.470522977028947,32.85
1509,63,18,1,5,20206.0,26979.5,5.803426975926133,1.9996308909422549,30.166666666666668
1510,60,19,1,3,26440.5,33093.0,5.642710904250244,2.14039785293697,19.42105263157895
1511,63,13,1,1,29065.0,33199.0,5.566934642169177,2.3884024073269083,22.76923076923077
1512,57,14,1,6,28986.0,33307.0,5.8173158106472584,2.3023699413254466,18.428571428571427
1513,59,16,1,5,21902.5,28102.0,5.737720521401364,2.202288130532226,18.9375
1514,60,14,1,5,21413.0,26770.0,5.914318773884728,2.1852601421308226,11.714285714285714
1515,57,16,0,6,0,5691.5,5.897581062234227,2.4360967993051346,17.25
1516,63,15,1,6,17758.0,28330.5,6.198743354724532,2.5042868082040264,53.6
1517,59,11,1,5,17835.0,28054.5,5.6279468216169635,2.5171475486412844,61.27272727272727
1518,62,12,1,8,17495.5,27908.0,5.716203098080089,2.4086210725415693,56.5
1519,53,7,1,12,22239.0,27884.0,6.0190516394494225,2.651860409985893,24.285714285714285
1520,57,9,1,11,22152.5,28100.0,5.465131973854812,2.0865764710898396,22.444444444444443
1521,54,12,1,11,15767.5,26738.0,5.173501574602098,2.163875575875286,65.5
1522,54,9,1,14,20795.0,27731.0,5.373980879832041,2.0671626487016175,21.444444444444443
1523,54,9,1,14,22220.0,28707.0,5.558893780682801,2.158918237155571,18.77777777777778
1524,58,11,1,12,20719.5,27388.5,5.545251267123681,2.314060797597422,15.545454545454545
1525,54,16,1,10,21391.0,28592.5,5.754686909037037,2.047343408880297,21.8125
1526,54,19,1,12,19795.0,27243.5,5.324164023237709,2.15614987008241,19.63157894736842
1527,57,14,1,14,20124.5,27127.5,5.004125732594421,2.147551015143457,11.428571428571429
1528,57,15,1,15,18253.5,25369.0,5.153532823996336,2.0854295697919993,20.333333333333332
1529,66,16,1,13,18457.5,27435.5,5.459379064101936,2.149097125658639,17.5625
1530,67,15,0,12,0,8881.0,5.571160498850743,2.1786699039988906,22.266666666666666
1531,63,17,1,14,17059.5,27334.0,5.356538394729623,2.249479096868038,23.11764705882353
1532,60,18,1,14,17272.0,27602.5,5.79480850200897,2.077917500071239,21.666666666666668
1533,64,16,2,18,15816.5,25813.5,5.16288275934971,2.4939549359245765,27.4375
1534,60,16,2,12,15603.0,25379.5,6.260959028449625,2.2825740603990727,34.125
1535,70,15,2,11,15350.0,25645.5,6.472333631241068,2.5149321279261523,38.93333333333333
1536,60,16,2,11,17221.0,25688.5,6.226929282614899,2.191248888490012,18.5
1537,67,17,1,9,16784.5,25597.0,5.8712761644781715,2.275984100462596,20.470588235294116
1538,62,19,1,7,17196.0,25335.0,5.873722668100838,2.27395059547439,22.105263157894736
1539,65,24,1,7,17938.5,26520.5,5.575752451878505,2.1714064458209443,23.458333333333332
1540,68,23,1,7,18737.5,26755.0,5.401022184314172,2.0988109509833803,21.565217391304348
1541,66,25,2,14,18740.5,27008.0,5.8482768844322655,1.9667915128502926,17.08
1542,77,21,2,11,23183.0,30592.0,5.6011626449280225,2.2085526469683114,14.095238095238095
1543,79,23,2,10,23253.5,30685.0,5.621142020068928,2.1683965523900417,14.130434782608695
1544,79,20,1,9,24379.0,31232.5,5.69975728912379,2.291307751520385,16.5
1545,78,22,1,9,19972.0,26867.5,5.721940508924386,2.085233890530989,14.318181818181818
1546,81,13,1,9,20099.5,26984.5,6.024884188251896,2.4128873520559924,19.46153846153846
1547,79,17,1,7,20368.5,26947.5,5.865758837171979,2.456521161687707,19.705882352941178
1548,79,13,2,6,21107.5,27449.0,5.8016263028818775,2.3639910470569045,25.846153846153847
1549,75,20,2,4,25482.0,31460.5,5.83472517027402,2.3160080274489063,15.3
1550,82,19,2,7,20525.5,26607.0,5.6793615703384965,2.291982544336227,15.578947368421053
1551,80,21,1,3,20118.0,25817.0,5.793251000870988,2.02459720200945,14.0
1552,86,17,2,5,19249.0,25050.0,6.024080914247148,2.57971385314264,18.764705882352942
1553,85,13,2,8,19835.5,25447.5,6.01608278925632,2.0192509123930202,16.0
1554,76,16,2,8,17795.5,24011.5,6.342493489243713,2.6417309546014645,19.0
1555,85,20,2,8,18213.0,24577.5,6.176686754815065,2.6758675888275714,18.65
1556,90,21,2,11,22849.0,29378.5,5.8031444016421885,2.4204969332427866,17.761904761904763
1557,79,22,2,11,18029.0,24448.0,6.029112671463042,2.4649271787035696,14.818181818181818
1558,74,24,2,14,23412.0,29773.5,5.794750255908277,2.2362022145693152,15.291666666666666
1559,68,26,1,13,18793.5,29800.0,6.347517488032888,2.2360353739712644,32.34615384615385
1560,77,28,1,13,18726.0,29820.5,6.067111494205077,2.0921590358201154,27.535714285714285
1561,85,26,1,11,19332.0,30434.5,6.3507990546548685,1.8664410299963186,28.23076923076923
1562,89,23,1,15,19127.5,30216.5,6.029543705606031,2.153785901005114,32.69565217391305
1563,82,21,1,14,19323.0,26441.5,5.83246777959325,2.1206085878852874,16.333333333333332
1564,87,19,1,15,20339.5,30794.0,6.248845284206538,2.1920327009276486,24.894736842105264
1565,84,18,1,13,20130.0,30655.5,6.237789341249377,2.1883383136698153,27.88888888888889
1566,73,16,1,19,20341.0,30694.0,6.6502051058590945,2.1492339540140386,25.625
1567,76,21,1,13,21513.5,31137.0,6.3824997122153535,2.1930925811414976,24.904761904761905
1568,81,20,0,12,0,9512.0,6.096488853452833,2.358681459546296,34.05
1569,81,15,1,14,23693.0,32258.0,6.158031030922189,2.422606336352336,25.2
1570,87,12,1,12,20163.5,27494.0,6.217423204155541,2.4665038309564666,25.666666666666668
1571,81,15,1,9,18560.5,24938.5,6.362883002269851,2.2483465338666164,15.866666666666667
1572,87,16,1,11,26802.5,33374.5,5.783433231718894,1.9327927456444438,11.375
1573,89,19,1,9,27454.5,33822.5,5.928041979219168,2.047765691662444,12.526315789473685
1574,88,16,1,10,26637.5,33989.5,5.801587515335343,2.2076718196842116,13.3125
1575,91,15,1,8,18611.0,25086.5,5.8666439219576745,2.482701816424644,13.533333333333333
1576,87,11,1,10,20317.0,26868.0,6.168112321837823,2.543482925761826,23.454545454545453
1577,84,14,1,10,22685.0,28721.0,6.107076905732052,2.2211338710745214,19.571428571428573
1578,87,10,1,13,20807.0,27687.5,6.165851861053818,2.3925469528383125,23.1
1579,83,10,1,9,20543.0,28014.0,6.844576652468132,2.0932790837566007,11.4
1580,78,16,0,8,0,7544.5,6.88050751014996,1.9679442724022655,28.625
1581,81,13,1,10,18629.5,26328.0,6.59044781011447,1.990634463716894,21.846153846153847
1582,79,14,1,13,20898.0,26434.0,6.221042447408787,2.1101050729101325,10.642857142857142
1583,77,16,1,10,20936.5,26181.5,6.149968546790364,2.2324845888960754,8.625
1584,77,16,1,10,20931.0,26142.5,5.661858708833783,2.4483770991381446,13.875
1585,74,19,2,5,20847.5,25768.0,6.103617839454569,2.1469606258446303,11.631578947368421
1586,76,17,2,4,20916.5,26111.5,5.770828631738182,2.292770654421216,12.882352941176471
1587,75,13,1,4,20995.0,25855.5,5.876198467231303,2.2214803810361246,13.23076923076923
1588,84,12,1,3,20769.5,25727.5,5.848897420272363,2.4081983331435968,13.5
1589,84,10,1,5,20978.0,25794.0,5.764182068205309,2.856533019921543,19.8
1590,84,13,2,5,20587.5,25181.0,5.66456806805089,2.2557494596160894,10.923076923076923
1591,81,13,1,6,17424.0,24969.0,5.785328873417649,2.3091474682054063,40.84615384615385
1592,78,12,1,5,16853.0,23805.0,5.877089155041204,2.3191726283788285,36.5
1593,76,14,1,5,17399.0,25155.0,5.852305068118078,2.3737452164487878,40.714285714285715
1594,81,12,1,7,19208.5,26714.0,5.71638874926118,2.5349970315540977,41.0
1595,84,10,1,6,16136.0,23683.0,5.647627755999475,3.2403832117062543,21.9
1596,83,11,1,7,16503.5,24088.0,5.566670504121069,2.792466263027535,24.181818181818183
1597,78,13,1,3,17231.0,25098.0,5.935992908304776,2.635931136902076,43.61538461538461
1598,71,15,1,6,17762.0,25651.5,6.109503191670829,2.7577023760308967,39.46666666666667
1599,75,14,1,6,19017.5,25957.0,5.970701693798248,2.4984613088136203,33.142857142857146
1600,73,12,1,5,19245.5,25981.5,5.863032818719204,2.529624436601265,35.583333333333336
1601,69,11,1,7,19889.5,26777.0,5.8343300382985515,2.2932109769203115,39.18181818181818
1602,68,10,1,7,21535.5,28331.5,6.068927253765481,2.410105969927332,43.4
1603,71,11,1,7,22734.0,29085.0,5.8566812747030825,2.1591666469650783,36.09090909090909
1604,60,14,1,9,22753.5,28914.0,5.7139028597733255,2.3017949148814076,28.428571428571427
1605,67,11,1,9,23792.5,29664.0,5.3110854218117955,2.270170777480452,32.27272727272727
1606,67,9,1,9,25752.5,31385.5,5.430817127697972,2.0368554604966835,34.77777777777778
1607,70,9,1,8,26414.0,32085.5,5.657736105671906,2.3468588292121644,30.444444444444443
1608,64,13,1,7,26998.5,32799.0,5.8325618496623735,2.1392839658432257,23.153846153846153
1609,60,15,1,6,26011.5,31561.0,5.760810105460233,2.3895003538002726,20.733333333333334
1610,57,14,1,8,27106.0,33076.5,5.854873851806054,2.321952713226088,26.0
1611,62,16,1,4,26786.5,31893.5,5.463807493622193,2.047438166847802,15.75
1612,59,11,1,9,28398.0,33574.0,6.318619179218619,1.9784644499231694,18.636363636363637
1613,67,9,1,7,27934.0,32883.5,6.27293418874127,2.386126788543813,21.666666666666668
1614,64,12,1,8,27779.5,32719.0,6.035315307070278,2.4295263945228975,19.25
1615,62,12,1,10,28711.0,33589.5,6.400461595517648,2.2390813269841483,16.916666666666668
1616,61,9,1,8,29227.0,33471.5,6.342070970460166,2.227472755895772,19.22222222222222
1617,65,9,1,6,32449.5,36571.5,6.341746551006338,2.4641189939946577,16.555555555555557
1618,68,4,1,5,33065.0,36922.0,6.033853480729059,3.0611769146177226,41.75
1619,66,7,1,4,33442.5,37356.5,5.620219200437945,2.564475359942296,27.857142857142858
1620,59,6,1,4,33418.5,37193.0,5.715808978788101,2.684101649750034,35.333333333333336
1621,59,7,1,2,31872.5,35559.0,5.641768438029713,2.394016005394657,30.857142857142858
1622,56,4,1,5,34367.0,38077.0,5.697917879220229,2.694031128492566,46.0
1623,54,6,1,3,30377.0,34149.0,5.774655340644962,2.3675160260355557,35.833333333333336
1624,55,9,1,2,35161.0,39032.5,5.531070005694629,2.250914367421415,26.0
1625,50,7,1,3,35667.5,39469.5,5.883221460929837,2.2301392388486985,32.0
1626,58,7,1,4,32134.0,36664.0,5.566468078797151,3.4531224970951495,35.0
1627,49,7,1,6,30305.5,33021.0,5.814525332478603,1.9916835719759318,7.857142857142857
1628,55,6,1,6,36482.5,39102.5,5.750184316850964,1.815692404079466,5.5
1629,57,3,1,5,37532.0,40039.0,5.483821654904568,2.07098157563529,9.666666666666666
1630,56,5,1,3,37624.5,39805.0,5.48701611536799,1.9253787402652338,9.0
1631,52,6,1,2,38542.5,40862.5,5.646370714252877,2.2313484107437733,15.0
1632,54,6,1,2,34303.0,36415.0,5.558249092575275,2.2153123088770657,10.333333333333334
1633,49,7,1,4,34687.5,37135.0,5.488886151261887,2.2166219934498965,16.142857142857142
1634,51,4,1,6,35708.5,38338.0,5.5838107732440605,2.0794101459974854,20.25
1635,51,5,1,5,35295.0,37817.5,5.648772531260208,2.099999957899375,15.6
1636,49,3,1,6,35515.5,37985.0,5.847231402515064,2.1190475148199424,20.333333333333332
1637,52,5,1,4,35991.5,38363.5,5.603925834931977,2.5801137948058033,10.8
1638,47,6,1,6,36105.5,38361.0,5.720209706740728,2.51491490943975,9.0
1639,47,10,1,2,35308.5,37744.5,5.937074020464116,2.161647938886257,8.4
1640,47,7,1,4,34676.0,37134.0,6.211667081891312,2.1564237555518573,9.857142857142858
1641,45,9,1,5,35122.0,37503.5,5.933985667894457,2.2712186556676293,11.0
1642,51,8,1,3,37202.5,39812.5,5.8677185809418875,3.1640943013983147,17.75
1643,51,6,1,2,33846.5,36360.5,5.759244597293302,3.2582990343791614,24.5
1644,43,11,1,3,33517.5,39608.5,5.670751810069225,2.8188255269607922,16.818181818181817
1645,41,12,1,4,38720.0,41394.0,5.700568819283872,2.572076241385585,15.833333333333334
1646,39,12,0,2,0,6073.5,5.664602010219853,2.4647221186124297,14.666666666666666
1647,49,10,1,1,37597.5,40922.0,5.326912118730591,2.238715757416768,25.6
1648,47,6,1,4,32105.0,39167.5,5.663296149668981,2.3762282416294016,26.333333333333332
1649,46,9,1,5,33542.0,41181.5,5.780294793055456,2.312335055027911,26.22222222222222
1650,40,9,1,5,33418.5,40983.0,6.172471309195663,2.640363436873857,24.88888888888889
1651,47,11,1,5,26007.5,33368.0,5.507442051268108,2.40784531833473,18.454545454545453
1652,43,16,1,3,26867.5,33999.0,5.846620166131912,2.3554761827042787,14.75
1653,46,14,1,5,30974.5,38132.5,5.230195277098452,2.4113801899754286,16.142857142857142
1654,44,12,0,9,0,3575.0,5.639144000783537,2.320837150494534,22.416666666666668
1655,47,13,1,6,28451.5,31977.0,5.631945173047642,2.648433357642885,23.384615384615383
1656,47,13,1,8,30023.0,36177.5,5.637268706114403,2.2962621981529425,39.15384615384615
1657,43,13,1,4,30088.0,35658.0,5.88002763493667,2.3607479611877435,36.23076923076923
1658,46,13,1,4,23485.5,29017.5,5.4329466845417524,3.126735598200389,37.15384615384615
1659,48,14,1,8,24884.0,28751.0,5.415429021941422,2.5658424157427633,21.571428571428573
1660,48,13,1,5,24567.5,28728.0,5.439583163623635,2.334308882018863,27.307692307692307
1661,49,10,1,7,30726.5,34195.5,5.1919591996031,2.2961670898157944,26.2
1662,52,13,1,7,31708.0,36780.0,5.051836420207388,2.5652600933199046,37.53846153846154
1663,46,10,1,9,31215.5,35341.5,4.982066650712966,3.3021793938898707,38.5
1664,52,17,1,3,23638.0,28388.0,5.231945605938351,3.035170269552388,35.11764705882353
1665,55,13,1,7,32297.0,36623.5,5.080470520033491,2.6518622863105623,27.846153846153847
1666,53,10,1,8,29675.0,33775.5,5.171313092605007,2.7268925335866183,31.1
1667,55,12,1,10,37171.0,44846.0,5.324163720638841,2.608662179956363,33.0
1668,52,15,1,4,19941.5,28224.0,5.394217643669106,2.4142857568391194,37.266666666666666
1669,51,14,1,5,22077.5,29324.5,5.5569160984976165,2.253729480337909,24.642857142857142
1670,47,14,1,5,38282.5,45630.0,5.718787126190191,2.4298375749490977,26.214285714285715
1671,48,15,1,6,37980.5,44347.5,5.67253227417128,2.3176723345981687,18.066666666666666
1672,50,17,1,9,28567.0,35121.5,5.619305240553862,2.455181181978668,15.411764705882353
1673,52,13,1,11,28548.0,35119.0,6.032281349153414,2.9216890506485966,20.46153846153846
1674,55,10,1,10,23533.0,29666.5,5.819965139789067,2.1480570516069317,24.8
1675,56,14,1,7,25369.0,31362.5,5.722489564212015,2.598345440784004,19.857142857142858
1676,54,14,1,8,28077.0,33936.0,5.484877129109779,2.094092100075752,21.0
1677,59,12,1,11,30746.5,36528.0,5.401446843851299,2.339907838153833,20.666666666666668
1678,55,16,1,10,25295.0,30972.0,5.348746154666858,2.1664942631588704,19.6875
1679,59,17,1,6,25417.5,31085.5,5.476469490536001,2.270138922062288,19.88235294117647
1680,58,20,1,6,24921.5,30496.5,5.2953727212994215,2.3943451442930703,16.6
1681,60,15,1,7,16522.0,21918.5,5.299185229951522,2.403718229278729,21.666666666666668
1682,63,19,1,10,18402.5,24098.0,5.351948240137277,2.4443448196143107,18.31578947368421
1683,61,21,1,7,26634.0,32386.5,5.231201245692361,2.5654862203985664,19.142857142857142
1684,57,21,1,9,24777.0,31100.0,5.029196260887288,2.329197932058131,21.38095238095238
1685,60,21,1,13,19426.0,25229.0,4.669448241520107,2.315501770462854,19.333333333333332
1686,57,22,1,11,17923.5,23646.0,4.727984406130203,2.4715796240797268,16.454545454545453
1687,57,20,1,13,23327.5,30890.5,4.847886185320845,2.396329945160899,21.2
1688,55,21,1,12,18223.5,24798.0,4.915802111846376,2.3177928071406715,19.0
1689,65,19,1,9,21159.0,27703.0,4.974500321895794,2.334119534380305,24.210526315789473
1690,63,16,1,12,12828.5,18954.5,5.502781019692236,2.6587497012260326,26.25
1691,59,21,1,9,17415.0,26645.5,5.192226923210581,2.240107416640781,24.904761904761905
1692,58,26,1,8,12301.5,22917.0,5.205153426289366,2.0949441506473883,21.153846153846153
1693,66,20,1,7,15019.5,22180.5,5.444347528285447,2.270497807174575,20.15
1694,70,20,1,10,12887.0,22481.0,5.285230092960827,2.2194329464878177,17.35
1695,68,21,1,10,11820.0,22173.0,5.431543379645561,1.9814783535530505,29.238095238095237
1696,62,21,1,15,11555.0,21932.0,5.389673502167501,2.114082066451941,30.61904761904762
1697,59,24,1,7,11340.0,21551.0,5.965254087415343,2.1798861963896536,34.25
1698,55,24,1,11,11410.0,21453.0,5.912741059210068,2.334085487173092,27.291666666666668
1699,59,20,1,12,11603.5,21870.5,5.782066924022659,1.9715477186954617,38.75
1700,59,23,1,12,11802.0,22085.0,5.312226057586376,2.0960744419077804,33.21739130434783
1701,57,21,1,10,12170.0,21904.5,5.103490631857408,2.2908321292506177,35.04761904761905
1702,56,22,1,13,11836.0,21526.0,5.057432641981659,2.072584226149264,32.45454545454545
1703,63,19,1,10,12108.5,22174.5,5.271154935218083,2.2099080077889277,39.31578947368421
1704,62,22,1,8,12318.5,22343.0,5.278536066331691,1.97799134615844,34.54545454545455
1705,73,17,0,10,0,8145.5,5.310753563277403,2.049181067408431,24.823529411764707
1706,73,18,0,9,0,8309.5,5.359827091433887,2.2617258134429976,29.555555555555557
1707,73,17,1,13,14744.5,22763.5,5.530347541063604,2.1550461240598637,28.0
1708,81,17,1,10,14969.5,22777.0,5.411622331525153,2.1395910499924424,18.41176470588235
1709,80,16,1,9,21334.5,29096.5,5.7096608303552525,1.8859602091163894,17.8125
1710,76,17,1,8,21406.0,29236.0,5.798916783448438,1.9804657318364116,18.235294117647058
1711,75,15,1,10,21403.5,29294.5,5.509813491334201,2.1558306943809344,21.2
1712,69,20,1,5,21700.0,28938.5,5.3553651680116605,2.0285240656213652,22.85
1713,72,16,0,10,0,7438.5,5.256650931642706,2.088445930647915,18.5
1714,82,15,1,7,22280.5,29692.0,5.265452231251887,2.0267978993658757,14.333333333333334
1715,75,15,2,6,22077.0,29460.0,5.563647214488862,1.9428077008942488,19.466666666666665
1716,81,11,2,10,14384.0,21567.0,5.381380651525327,2.2066698139589036,14.818181818181818
1717,73,13,2,6,13981.5,22009.5,5.814097376256387,1.9478537241220042,17.53846153846154
1718,80,10,2,12,15829.5,22853.0,5.525155391010049,2.152773958617972,11.9
1719,74,11,2,9,14252.5,22604.5,5.589450933284697,1.6004262453354332,25.636363636363637
1720,68,4,2,12,13834.0,22097.5,5.919064364461436,2.864010435966562,18.25
1721,66,7,2,13,13720.0,21671.0,5.954537670078277,1.9603715452825579,12.571428571428571
1722,68,11,2,14,12239.5,20692.0,5.8624167412350126,2.0347737714309218,9.727272727272727
1723,69,10,0,13,0,6256.0,5.844067470794688,2.267735662054203,10.7
1724,68,12,2,7,14722.5,20877.5,5.813310899579189,2.7979131034545404,17.583333333333332
1725,69,14,2,3,15622.0,21717.5,5.550184670311181,2.177152237087645,14.214285714285714
1726,70,12,1,5,11119.5,21955.5,5.4600286221901655,2.092950569742489,56.833333333333336
1727,60,12,1,12,11245.5,21900.5,5.463779544617551,2.2617878135341836,46.583333333333336
1728,63,11,1,8,11269.5,21614.5,5.446183259885451,2.5444393620657837,63.09090909090909
1729,61,15,2,5,17049.5,21682.0,5.571680130309747,2.578698835893567,15.066666666666666
1730,58,15,2,5,16996.0,21541.5,5.840358436679934,2.1923621142925116,12.066666666666666
1731,62,10,2,8,17071.5,21560.0,5.5367178175764105,2.128295013655084,16.0
1732,64,10,2,9,16961.5,21637.0,5.4669630497364246,2.208103225516082,19.2
1733,60,12,1,7,11113.0,17324.0,5.602627977709705,2.159153953961691,15.583333333333334
1734,63,11,1,10,11309.0,20443.5,5.497857022729828,2.1975262420210773,13.363636363636363
1735,64,10,1,12,12272.0,21290.0,5.534328900999183,2.0683945513878506,14.6
1736,74,11,1,7,11992.5,20507.5,5.508060968072042,1.8535134894653558,9.636363636363637
1737,68,12,1,7,12871.5,20432.5,5.603963683555404,2.0348522035664613,9.25
1738,68,12,1,9,12671.5,19863.5,5.668486211174935,2.306385037250023,17.833333333333332
1739,73,8,1,8,13214.5,20059.5,5.777407005819905,2.492434786224635,16.625
1740,69,9,1,4,13278.0,19960.5,6.023182047609107,2.4834614654890275,26.88888888888889
1741,70,12,1,4,12402.5,18832.0,5.884292141985101,2.2014560154157654,22.25
1742,65,14,1,5,13262.0,19426.0,5.649617285252426,2.1412601199130377,18.928571428571427
1743,71,11,1,8,13145.5,18944.0,5.364839870045016,2.1907442311846923,18.454545454545453
1744,67,13,1,8,13321.5,19139.5,5.852502559967997,2.499275441460412,20.615384615384617
1745,71,12,1,8,13029.5,19183.0,5.7027614131341595,2.5345636437351553,19.083333333333332
1746,72,11,1,7,14028.5,19315.5,5.7210907909196225,3.182180627347036,20.90909090909091
1747,65,14,1,8,13653.0,19230.0,5.722690029869229,2.5218869352663025,17.428571428571427
1748,71,13,1,7,14304.0,19584.5,5.591285554181632,2.380577662207325,16.923076923076923
1749,67,13,1,6,14725.0,19769.0,5.748963319985539,2.3908841323905166,16.53846153846154
1750,61,16,0,5,0,4974.5,5.627393878832838,2.1324790570989878,17.8125
1751,63,11,1,6,11619.5,19986.0,5.861910230922652,2.3445120098353613,52.36363636363637
1752,62,15,1,9,16256.5,20753.5,5.651308361814699,2.2234405356971823,14.333333333333334
1753,65,13,1,4,16607.5,21041.0,5.607365889667824,2.2891943366228404,17.0
1754,67,12,1,3,18024.0,22308.0,5.533649178035362,2.138508822681174,18.083333333333332
1755,63,12,1,3,19629.0,23869.0,5.781419637071879,2.402038744839729,14.583333333333334
1756,64,12,1,5,20633.0,24792.0,5.5629285722610975,2.3333187071681123,16.0
1757,69,11,1,4,20247.5,24348.0,5.46640126054535,2.1735320858295077,16.636363636363637
1758,63,12,1,7,20166.5,24387.5,5.759252880520247,2.365384580934791,17.333333333333332
1759,63,12,1,3,20650.5,24584.5,5.910785947674553,2.3815696452244444,19.583333333333332
1760,65,12,1,2,21219.0,24995.5,6.114287176211708,2.753814458559494,15.166666666666666
1761,62,13,1,3,22339.5,26005.0,6.00770442410952,2.8346014534832924,16.384615384615383
1762,60,12,1,2,21053.0,24658.5,5.931452486004754,2.746187458104787,17.333333333333332
1763,57,16,1,4,21718.5,25915.0,5.79734022520192,2.246027274113368,15.25
1764,56,13,1,7,21875.0,26207.5,5.762571862654459,2.3365376478672966,18.0
1765,51,12,1,6,21877.5,26280.0,6.066862125196887,2.5323509383146883,25.166666666666668
1766,55,11,1,4,22162.0,26645.0,5.750421217210741,2.6466995520060883,27.363636363636363
1767,49,14,1,3,23624.0,27812.5,6.087559112266356,2.471171573183944,16.071428571428573
1768,54,10,1,4,23367.0,27290.5,6.036778578889718,1.9946411497498207,16.5
1769,53,12,1,3,21905.0,26691.0,6.135349790427291,2.360699424686503,24.166666666666668
1770,55,12,1,2,22594.5,27555.0,6.062118011158267,2.129662005915473,28.25
1771,50,14,1,4,22522.5,27483.5,6.159984187372869,1.9606990186123257,23.571428571428573
1772,49,13,1,2,22993.0,27892.0,6.237649567206467,2.327843687675611,28.307692307692307
1773,49,15,1,2,23120.0,28085.5,6.288754893545679,2.4154608175195547,25.866666666666667
1774,54,8,1,3,23468.0,28532.5,5.910918201235056,2.4861577755082527,35.75
1775,47,13,1,2,23166.0,28133.5,5.996209752414854,2.3712509163957196,23.53846153846154
1776,54,9,1,2,24221.0,27878.5,6.0893151088198865,2.205117297080825,8.777777777777779
1777,48,10,1,3,24395.5,28159.5,6.390089262722184,2.330160362690498,13.3
1778,46,9,1,4,23849.0,27522.0,6.510386709267125,2.1088886189382583,12.222222222222221
1779,48,8,1,6,22901.5,27900.5,5.725177895485112,2.1861441127883188,32.875
1780,43,9,1,4,24627.0,29299.5,5.968037440927134,2.1538554099739824,29.22222222222222
1781,48,6,1,6,24802.0,29589.5,5.931013908108388,2.0328339395501365,43.833333333333336
1782,48,8,1,4,24661.5,29362.5,6.012396832060944,1.9225559565755908,28.75
1783,50,5,1,3,25867.5,29202.0,6.225347918235808,2.226127104611084,9.2
1784,50,6,1,2,23168.5,28197.0,6.324704141276908,1.958210072444513,43.666666666666664
1785,47,9,1,3,22962.5,28078.5,6.100933941829684,1.9262449649070321,34.77777777777778
1786,49,6,1,4,22994.5,28224.0,6.231572140134821,2.1299929979994556,46.166666666666664
1787,51,5,1,1,21855.0,27103.0,6.271170146295361,2.0311919216557253,60.2
1788,44,9,1,3,21605.5,27798.5,5.909794333119468,1.9890343423929868,43.666666666666664
1789,42,7,1,2,20766.5,26801.0,6.469786373164614,1.7778709112384345,53.0
1790,43,7,1,3,23114.0,26939.0,6.1419892653358055,2.027732156092902,19.0
1791,42,6,1,2,22650.5,26458.5,6.5195312041100975,2.3106817099690478,22.333333333333332
1792,43,11,1,2,22376.0,26333.5,6.142895784191858,2.1375394143598734,16.272727272727273
1793,42,12,1,3,21932.5,25881.0,6.280586373131113,2.182582507082877,17.833333333333332
1794,48,13,1,2,21691.5,25580.5,5.613308156713901,2.1231348749800554,16.692307692307693
1795,45,12,1,2,21675.5,25469.0,6.019616880271851,2.258709006257172,15.333333333333334
1796,46,10,1,1,21389.0,25114.5,6.043922070707328,2.2295129307564925,13.6
1797,47,7,1,4,21887.0,25014.0,5.910189988028582,2.7705256964021636,11.428571428571429
1798,43,8,1,4,21318.5,24906.0,6.067854204579365,2.471095802328151,19.25
1799,40,7,1,2,20368.0,23707.5,6.639460698205855,2.341057345254586,16.428571428571427
1800,43,9,1,2,20270.5,23544.0,6.204491947489575,2.5971793834381183,16.444444444444443
1801,41,8,1,3,20237.0,23533.0,6.955860796313321,3.0246660298698163,17.0
1802,46,7,1,1,20277.0,23461.5,6.242719099115947,3.0290019483938964,18.571428571428573
1803,43,5,1,1,22044.5,25045.0,6.558220684664729,2.04591386872838,18.6
1804,43,3,1,0,22584.5,25418.0,6.559063322017684,4.1231717634986795,30.0
1805,37,6,1,2,22668.5,25393.5,6.333632822097365,3.322742075788522,20.666666666666668
1806,39,5,1,3,22813.0,25436.0,5.726911957818842,2.2227645980779105,24.0
1807,36,4,1,4,22799.0,25272.0,6.0053451292737305,4.309657022647372,19.25
1808,39,3,1,3,23062.0,25498.0,5.927593838066225,1.8550365514195235,14.0
1809,41,6,1,1,22476.0,24921.5,6.040301347653353,2.8442388173804325,12.5
1810,45,5,1,2,23369.5,25782.0,5.720706802884879,3.1901062020205533,14.4
1811,39,5,1,1,23204.5,25810.5,5.925456353980115,3.96324822372458,24.0
1812,40,5,1,3,19038.0,21610.5,5.823959841466965,3.696658801827109,22.0
1813,40,6,0,3,0,2743.5,5.916635082319493,3.3405368684903474,20.333333333333332
1814,34,4,1,4,19677.5,25910.0,5.913609180567667,2.720813492403373,23.5
1815,32,6,1,5,20648.0,26415.5,5.929171545840625,2.2841487163297027,23.666666666666668
1816,29,4,1,6,21728.0,27226.5,6.108849922004095,2.213422343304974,36.0
1817,36,5,1,3,22425.5,27505.5,6.240905743982831,2.754184068434153,34.2
1818,37,4,1,4,22550.5,27633.5,6.270151085038993,2.3053129218002613,30.75
1819,38,2,1,5,24863.0,29380.0,6.1438591431708645,2.6609909777647593,22.5
1820,40,5,1,3,25724.0,30106.0,5.411028256865686,2.9296104077529344,16.6
1821,34,6,1,5,26024.5,30182.0,5.778199299902912,2.498015855397661,15.833333333333334
1822,34,11,1,6,25905.0,29942.5,5.0197888888044595,2.6120631929565525,15.0
1823,34,9,1,3,26315.0,29827.5,4.820885891063554,2.4311778683237484,15.222222222222221
1824,30,12,1,4,26344.5,29967.5,4.869641541397848,2.5192071346782874,15.333333333333334
1825,31,9,1,4,26613.5,30250.5,4.697629026134692,2.529564236613399,32.888888888888886
1826,30,13,1,6,26477.5,30038.5,4.869629222420842,2.47364427899718,22.23076923076923
1827,33,9,1,7,26401.5,30076.0,5.24122168436754,2.580028763249551,33.0
1828,34,12,1,5,26712.0,30231.0,5.1380828259856415,2.660641205374085,26.166666666666668
1829,35,10,1,7,18161.0,21375.5,4.895138648098778,2.4897104118527658,24.8
1830,31,12,1,4,18280.0,24034.5,5.374692953299217,2.4525543342364147,37.833333333333336
1831,34,11,1,6,18355.0,23317.5,5.133503178491336,2.6731065796398172,35.72727272727273
1832,35,8,1,3,18097.5,22463.0,5.2278947477327575,3.048835060823089,50.125
1833,34,6,1,6,24326.0,27970.0,5.414647498212649,2.7613782441556576,39.166666666666664
1834,33,7,1,4,25051.0,28327.0,5.513025591988652,2.7611689637385215,35.0
1835,37,11,1,7,17746.5,21973.5,5.324104319219628,2.2517956990894263,23.545454545454547
1836,33,10,1,6,17693.0,21926.0,5.749847385723912,2.447225935908109,26.6
1837,36,10,1,6,25372.5,29350.0,5.595703747542471,2.1831179072239153,18.5
1838,33,15,1,3,22182.5,29129.5,5.166504468223152,2.100036362782208,44.0
1839,33,12,0,4,0,6628.0,5.8287879788573225,2.2214800212054175,22.5
1840,35,9,1,2,25873.5,28954.0,5.898560215478693,2.5552161340890907,21.333333333333332
1841,40,8,1,5,17771.0,20751.0,5.569351912739754,2.6934229191712387,18.25
1842,39,8,1,4,31296.0,34168.0,5.631023805904964,2.8090056466179574,19.375
1843,37,5,1,6,17149.5,19914.0,5.752096294319864,3.9147785484998456,23.8
1844,34,6,1,6,17643.5,20406.5,5.55074542569399,3.330121506351957,24.0
1845,36,8,2,7,16713.0,19897.0,5.342831308626625,2.584891160807614,15.375
1846,33,7,1,10,21679.0,24829.5,5.32040294355366,2.180430963367801,25.142857142857142
1847,35,8,1,8,22176.5,25717.5,5.339490589837751,2.1171630488666873,22.5
1848,34,9,1,3,22879.0,26025.5,5.445508278866301,2.119627347044078,30.11111111111111
1849,35,13,1,4,16855.0,20155.0,5.207283213230744,1.9697527945818927,22.153846153846153
1850,39,11,1,6,16156.5,19801.0,4.9470584344387785,1.9524780694572856,11.363636363636363
1851,41,12,1,4,17509.5,20301.5,5.222365701719765,2.471124962021821,11.583333333333334
1852,40,10,1,4,17531.0,20041.0,5.50336233552804,2.406026762049402,9.9
1853,39,11,1,5,17567.0,20213.0,5.263552579715862,2.116108514755621,12.909090909090908
1854,36,12,1,4,17814.5,20740.0,5.3265449838194865,2.2837332851528642,11.666666666666666
1855,39,11,1,3,18489.5,21289.0,5.586083435426458,1.9748543858137433,14.727272727272727
1856,37,8,1,6,18650.0,22260.0,5.735815818764098,2.215316455474373,15.25
1857,40,6,1,7,19945.0,22729.5,5.6650367448986305,2.042138632508263,9.833333333333334
1858,36,9,1,6,22074.0,25207.0,5.387631797439469,2.0328873239740073,10.11111111111111
1859,37,9,1,5,22711.5,25603.0,5.350909774750416,2.0486594976921184,14.88888888888889
1860,38,7,1,6,22725.0,25646.0,5.3687941173428015,2.320438196927909,16.0
1861,33,6,0,9,0,2995.5,5.094569639018883,2.319835483870963,21.0
1862,34,8,2,6,23272.5,26391.5,5.482423401236991,2.131455031735422,13.75
1863,33,4,1,9,23530.0,26571.0,5.578049572009249,2.500723675235864,22.5
1864,32,6,1,9,21013.5,24047.0,5.356314504095,1.9040894437535318,16.833333333333332
1865,32,5,1,9,22895.5,25975.0,5.423867604366114,2.3044845529716613,18.4
1866,34,8,1,6,22244.0,27186.5,5.351826222125719,2.4133331163568084,27.625
1867,32,8,1,6,23695.0,27230.0,5.251464355103525,2.4969529720048738,28.125
1868,33,11,2,4,23494.5,26834.5,5.2774211435262695,2.589525356763842,21.818181818181817
1869,36,10,0,4,0,3280.0,5.751863424378746,2.594400379286704,18.3
1870,35,10,1,4,16288.5,23838.0,6.1141680544760115,2.5050064414604636,19.8
1871,36,11,1,5,16207.0,28630.5,5.966200524425088,2.1920203444795514,62.81818181818182
1872,40,14,1,5,16118.5,28252.0,5.609117495908531,2.030729211679192,47.285714285714285
1873,41,6,1,9,16695.5,28365.5,5.796470592638045,2.2032270079717957,25.666666666666668
1874,45,9,1,9,17319.5,28647.5,5.385624352002375,2.6632745103066164,15.11111111111111
1875,41,12,1,3,17162.5,28356.5,6.147572216973866,2.4247392809089776,69.33333333333333
1876,40,12,1,6,16969.0,28715.0,5.679744013900833,2.815173313041829,78.83333333333333
1877,42,12,1,4,17467.5,28261.5,5.40033502468978,2.345865071969887,74.66666666666667
1878,40,10,1,7,15475.5,25835.5,5.75707389796381,2.8079055395431634,60.6
1879,43,12,1,7,17273.0,28025.5,5.5938149826735115,2.8868006313771235,47.75
1880,42,10,1,10,16560.0,27925.0,5.474575369233781,2.3602292685746438,44.2
1881,44,10,1,11,16703.0,27984.0,5.846600682584045,2.0999190722971948,41.8
1882,49,8,1,6,12239.5,22626.5,6.0134576934893795,2.498058575624002,45.125
1883,46,5,1,9,11887.5,22188.0,6.481373250438421,2.0922077835037896,54.6
1884,40,6,1,8,11888.5,22183.0,6.910183724427316,2.1419218087354017,77.5
1885,46,5,1,9,12454.5,21048.0,5.962730704145673,2.3688354650865238,61.0
1886,48,4,1,7,13262.5,21988.5,6.150411242229669,1.9053557889221022,50.75
1887,43,4,1,6,14386.5,22137.5,6.3844839869687755,2.0980496922199046,98.0
1888,43,9,1,5,13398.5,21871.0,5.967838993068344,2.62054706346083,60.666666666666664
1889,42,9,1,7,15325.0,22282.0,6.100698890366006,2.0671403953903575,43.0
1890,39,9,1,9,13795.5,21251.0,5.9646894586795876,1.9554125482593538,51.333333333333336
1891,38,12,1,9,13560.5,21175.5,5.103773626456626,2.410850924427165,25.166666666666668
1892,42,11,1,10,13422.5,21348.5,5.159630191136624,2.2859993482228345,34.0
1893,41,10,1,12,13255.0,20851.5,5.089773200766116,1.89727364096071,29.1
1894,40,10,1,9,13212.5,20100.0,5.322535825889676,2.2307775185952594,21.2
1895,37,11,1,8,16375.5,22248.0,4.825779669918478,2.4213885848161025,18.363636363636363
1896,30,9,1,10,15906.5,21477.5,5.442237638471264,2.12425078066886,19.88888888888889
1897,39,7,1,10,16361.5,22623.0,5.724675334707913,2.1639069360606586,18.142857142857142
1898,39,10,1,10,17357.0,23396.0,5.4698196249027236,2.4203141413890847,16.8
1899,39,10,1,8,15170.5,21061.0,5.306878943786316,2.29113372078122,20.0
1900,42,8,1,8,13684.5,21976.5,5.7501564465953825,2.709948167684354,20.625
1901,37,8,1,8,17979.0,23336.0,5.589472715298174,2.3971233808777255,14.25
1902,35,6,1,8,17962.0,23181.5,5.448230087257788,2.631406576224801,12.0
1903,35,7,1,6,18105.5,23218.5,5.912588194003834,2.294596586930628,10.571428571428571
1904,35,6,1,8,17858.5,23105.5,6.062904450437841,1.8803196389754797,9.666666666666666
1905,40,7,1,5,17530.5,22574.5,5.82443378365091,1.9768391244833534,13.571428571428571
1906,38,6,1,4,17598.5,22519.5,6.3151246627689535,2.226755031404864,19.833333333333332
1907,32,7,1,9,17672.0,22270.0,5.5973183916914495,2.5263131449908225,18.571428571428573
1908,31,9,1,7,17919.0,22393.5,5.723449220796394,2.4409056384485273,13.666666666666666
1909,32,7,1,9,18101.5,23451.5,5.890055536181118,2.4148963316319754,18.428571428571427
1910,35,7,1,7,18017.5,22435.0,5.527812928856768,2.889391738680328,31.571428571428573
1911,36,7,1,5,16934.0,21912.5,5.375738816748424,2.0702812530831443,36.142857142857146
1912,35,7,1,4,17091.5,22010.0,5.5459967971684305,2.183158526746938,25.142857142857142
1913,40,7,1,3,16915.0,21280.5,5.718526411948695,1.71297241849744,17.857142857142858
1914,42,8,1,5,16931.0,21961.0,5.9283326598236625,1.892595266747455,20.0
1915,44,8,1,6,16918.5,21852.5,5.732983716795096,3.3153249603213104,19.0
1916,45,9,1,7,17151.5,22313.0,5.807192282054509,3.2144830869849077,23.22222222222222
1917,48,8,1,7,17320.5,22553.5,5.861317077463762,3.3984230415791847,25.625
1918,51,7,1,4,18249.5,23344.0,6.132516330064669,2.541636067278032,22.0
1919,48,7,1,3,17740.5,22669.0,6.1082603513347,2.415981606229969,32.714285714285715
1920,50,8,1,0,15945.0,20831.5,6.4883875167979586,2.4955709516900715,28.25
1921,46,7,1,4,16099.5,22906.0,6.390224946243833,3.019176124762984,33.42857142857143
1922,51,7,1,5,16055.5,22758.5,5.535626044364632,3.178220092346506,34.714285714285715
1923,50,9,1,7,15848.5,22914.0,5.208584262019745,2.3491251491696645,34.77777777777778
1924,43,7,1,10,16054.0,23120.0,5.5346268342674465,2.2857096304651936,27.428571428571427
1925,43,8,1,9,16154.5,23157.0,5.708908614683477,2.174962587479472,21.125
1926,42,9,1,7,15668.0,22544.5,5.810288741826678,2.2630789030464067,19.11111111111111
1927,46,10,1,5,15386.0,21959.0,5.619378663775302,2.515173525838448,16.4
1928,46,9,1,5,15470.0,22084.5,5.8267439763214295,2.1437713145644244,19.22222222222222
1929,40,11,1,6,15468.0,22107.0,5.7669575309796866,2.100778172145226,17.818181818181817
1930,37,16,1,6,14432.0,21529.0,5.660080133188923,2.4640689387316606,20.875
1931,43,13,1,4,14374.0,22828.5,5.182633389986408,2.0840711473086757,16.46153846153846
1932,37,13,1,7,14614.5,23165.0,5.238141626816755,1.9782816696843264,18.384615384615383
1933,35,8,1,8,11785.5,19385.0,6.199846744886547,2.166862392019294,17.125
1934,39,7,1,8,15935.5,23278.0,5.700516606287223,2.0600739831581043,15.714285714285714
1935,40,7,1,7,15796.5,22646.0,6.091488407625223,2.0805286184209,14.714285714285714
1936,33,14,1,6,17910.5,23453.5,6.179027287487833,2.1456122356745597,13.642857142857142
1937,40,11,1,6,18359.5,23528.5,6.303569781670828,2.4109505374243074,9.454545454545455
1938,47,9,1,7,14975.5,20168.5,6.240300501889669,2.7383517754151234,13.555555555555555
1939,45,12,1,5,15164.5,19904.5,6.7176929938629755,2.4831695394867563,7.333333333333333
1940,45,9,1,3,15881.0,20461.5,7.105773478572122,2.073864026361407,20.88888888888889
1941,47,10,1,2,16069.0,20700.5,6.809027495733815,2.2544705991465133,18.0
1942,48,6,1,6,17835.0,22542.0,6.2298076923628045,2.614946333552732,24.333333333333332
1943,50,6,1,7,17510.5,22202.0,6.248060140704926,2.2017957104633776,17.0
1944,51,4,1,7,18157.0,22607.0,6.202264489059582,2.2907907850159916,29.5
1945,50,7,1,6,18490.0,22988.5,6.374745925972335,2.658415395383115,17.428571428571427
1946,49,7,1,4,19146.0,23400.0,6.429241186994794,2.669652612182317,18.857142857142858
1947,48,10,1,5,19096.5,23518.5,6.460215400262072,3.0788226082656025,19.8
1948,44,11,1,3,20750.0,25339.5,6.484769836394764,2.8281139448226678,19.09090909090909
1949,44,9,1,4,22487.0,26974.5,6.460087996364825,2.4172711153139086,17.88888888888889
1950,51,9,1,2,22199.0,26696.0,6.3066357280288425,2.2678546665485873,17.666666666666668
1951,50,9,1,3,19505.0,25137.5,6.345811428851594,1.834054537952918,31.88888888888889
1952,48,6,1,4,21427.5,25727.0,6.336178152101697,2.022871050686867,22.333333333333332
1953,47,6,1,7,25140.0,29387.0,6.285677923395028,1.9210270414006547,16.333333333333332
1954,47,6,1,4,25724.5,29817.5,6.729538517554294,1.9314041720818653,20.0
1955,43,10,1,4,26399.0,30295.5,6.82087575495155,2.036794196670838,14.0
1956,45,10,1,5,26791.5,30674.0,5.832836395252263,2.051508356209365,14.7
1957,43,13,1,6,24496.0,28299.0,5.998966259453683,2.343141088419463,12.153846153846153
1958,40,14,1,5,25379.0,28998.5,6.256989185879421,2.3599972902876885,15.857142857142858
1959,45,12,1,5,26292.5,29691.0,6.192641037514921,2.3706971248301105,11.083333333333334
1960,47,8,1,4,23780.0,26987.0,6.074609532594984,2.327886598956669,13.875
1961,44,9,1,6,24202.5,27723.5,6.422808970396079,2.8963899173149814,18.0
1962,43,7,1,7,23250.0,26710.5,6.599766222787538,3.1135971635301223,19.428571428571427
1963,40,12,1,8,23634.5,27616.0,6.8071122483645,2.4150239692587374,23.0
1964,44,8,1,4,25346.0,28481.5,6.472457148027612,2.308161465758975,14.125
1965,43,8,1,2,24086.5,27569.5,6.768928406299785,2.2436583116964917,21.0
1966,38,11,1,3,25040.5,28352.5,6.6373797322429295,2.08921333328201,18.363636363636363
1967,38,10,1,8,22949.5,26466.5,6.3723412740647305,2.2025970870516822,20.2
1968,43,7,1,4,23916.0,27193.0,5.836464906470781,2.649151882784134,21.428571428571427
1969,37,12,1,2,23511.5,26959.0,6.1156541727063045,2.4208530739343863,21.0
1970,35,13,1,3,23649.5,26679.0,5.944209312137329,2.5363581287230175,18.153846153846153
1971,38,13,1,3,23373.5,26639.5,5.618797611656327,2.910277872468032,23.153846153846153
1972,38,10,1,1,22527.0,25709.0,5.273129609125589,3.2767892128228344,30.7
1973,35,8,0,3,0,3079.0,5.143808395066137,2.4751457309911595,39.5
1974,33,10,1,4,21517.0,24268.5,5.474463741629861,2.2038827740241618,23.7
1975,36,11,1,4,22155.0,24588.0,5.693545223959975,2.5927083200230254,17.363636363636363
1976,40,14,1,1,21532.0,24052.0,5.362244108876592,2.4737523762258204,16.0
1977,39,12,1,4,20237.0,22794.5,5.428354776924669,2.279997717327261,13.083333333333334
1978,39,13,1,3,20076.0,22698.0,5.4537763249928215,2.7445940254421353,13.76923076923077
1979,38,7,1,4,21666.5,24316.0,5.150561469891159,3.023201429408628,21.714285714285715
1980,36,13,1,2,20169.0,24006.5,5.3623912843850885,2.6744667016620003,34.15384615384615
1981,36,17,1,3,17855.0,21603.0,4.5327544854532515,2.2652667649592426,26.470588235294116
1982,36,16,1,4,19452.0,23599.0,4.566471345202085,2.268744313650666,23.8125
1983,38,14,1,5,18649.0,24400.0,4.554211520252376,2.307118901360977,43.57142857142857
1984,42,10,1,5,18190.0,22701.0,4.543480760841599,2.357305680255552,46.2
1985,41,11,1,8,20458.0,24892.5,4.8835270292353075,1.9378833966849611,12.818181818181818
1986,40,11,1,6,18283.0,24324.5,5.236925748549545,2.672968737974113,54.63636363636363
1987,37,10,1,5,19122.0,24849.0,5.517566484655196,2.544797511848216,59.0
1988,41,9,1,3,20675.0,24767.5,5.106370697922427,2.6146548902644855,37.44444444444444
1989,39,9,1,5,21191.5,25169.0,5.210500731475128,2.2891181326874426,33.333333333333336
1990,40,12,1,6,21237.5,25263.0,5.028325887722545,2.4105571983483616,27.25
1991,45,14,1,5,21113.5,26151.0,5.06838397207994,2.2483223420738754,29.928571428571427
1992,40,13,1,6,23465.5,27372.0,5.343071065930476,2.041713163956941,18.76923076923077
1993,43,13,1,4,19855.0,25585.0,5.225220003286357,2.049379891449213,43.53846153846154
1994,49,9,1,6,19207.5,25302.0,4.9935593651720716,1.8055218560269666,54.77777777777778
1995,49,14,1,5,21977.5,26321.5,4.721036958618667,2.334818499030617,23.142857142857142
1996,40,12,1,4,20319.0,24218.5,5.34884871259693,2.209209575020267,24.166666666666668
1997,43,13,1,6,20093.5,23833.5,4.895494057337424,2.0837775388196813,20.923076923076923
1998,45,12,1,11,20599.0,24820.5,4.7304283039937065,2.3271611626433977,20.916666666666668
1999,43,13,1,9,18325.5,22487.0,4.78506063669294,2.2713032239898676,25.615384615384617
