0 0.414062 0.000000 0.412109 0.001953 0.412109 0.003906 0.416016 0.007812 0.419922 0.007812 0.419922 0.000000
0 0.695312 0.074219 0.693359 0.074219 0.689453 0.078125 0.689453 0.080078 0.691406 0.082031 0.695312 0.082031 0.697266 0.080078 0.697266 0.076172
0 0.105469 0.087891 0.103516 0.089844 0.101562 0.089844 0.101562 0.091797 0.099609 0.093750 0.099609 0.101562 0.101562 0.103516 0.101562 0.105469 0.103516 0.105469 0.105469 0.107422 0.109375 0.107422 0.111328 0.105469 0.113281 0.105469 0.117188 0.101562 0.117188 0.093750 0.111328 0.087891
0 0.435547 0.105469 0.433594 0.107422 0.433594 0.109375 0.435547 0.111328 0.439453 0.111328 0.441406 0.109375 0.441406 0.107422 0.439453 0.105469
0 0.751953 0.111328 0.750000 0.111328 0.746094 0.115234 0.746094 0.119141 0.748047 0.121094 0.750000 0.121094 0.751953 0.119141 0.753906 0.119141 0.753906 0.113281
0 0.214844 0.125000 0.212891 0.126953 0.214844 0.128906 0.216797 0.126953
0 0.458984 0.126953 0.457031 0.128906 0.457031 0.132812 0.458984 0.134766 0.462891 0.134766 0.464844 0.132812 0.464844 0.128906 0.462891 0.126953
0 0.474609 0.132812 0.472656 0.134766 0.472656 0.138672 0.474609 0.140625 0.478516 0.140625 0.480469 0.138672 0.480469 0.134766 0.478516 0.132812
0 0.031250 0.148438 0.031250 0.156250 0.037109 0.160156 0.039062 0.158203 0.046875 0.158203 0.050781 0.154297 0.050781 0.150391 0.048828 0.148438 0.048828 0.146484 0.046875 0.146484 0.044922 0.144531 0.035156 0.144531
0 0.398438 0.158203 0.396484 0.160156 0.396484 0.162109 0.398438 0.164062 0.400391 0.164062 0.402344 0.162109 0.402344 0.160156 0.400391 0.158203
0 0.599609 0.183594 0.599609 0.187500 0.601562 0.189453 0.603516 0.189453 0.605469 0.187500 0.607422 0.187500 0.607422 0.183594 0.605469 0.183594 0.603516 0.181641 0.601562 0.181641
0 0.890625 0.181641 0.888672 0.183594 0.888672 0.187500 0.892578 0.191406 0.896484 0.191406 0.898438 0.189453 0.898438 0.183594 0.896484 0.181641
0 0.941406 0.179688 0.939453 0.181641 0.939453 0.187500 0.941406 0.189453 0.943359 0.189453 0.945312 0.191406 0.949219 0.191406 0.951172 0.189453 0.951172 0.185547 0.947266 0.181641 0.945312 0.181641 0.943359 0.179688
0 0.056641 0.187500 0.054688 0.189453 0.054688 0.193359 0.056641 0.195312 0.062500 0.195312 0.064453 0.193359 0.064453 0.189453 0.062500 0.187500
0 0.476562 0.199219 0.474609 0.201172 0.474609 0.203125 0.476562 0.205078 0.480469 0.205078 0.480469 0.201172 0.478516 0.199219
0 0.576172 0.201172 0.576172 0.203125 0.574219 0.205078 0.576172 0.207031 0.576172 0.208984 0.580078 0.214844 0.589844 0.214844 0.593750 0.210938 0.593750 0.207031 0.591797 0.205078 0.591797 0.201172 0.589844 0.199219 0.580078 0.199219 0.578125 0.201172
0 0.822266 0.218750 0.822266 0.220703 0.828125 0.226562 0.833984 0.226562 0.835938 0.224609 0.837891 0.224609 0.837891 0.216797 0.833984 0.212891 0.828125 0.212891
0 0.359375 0.214844 0.353516 0.214844 0.349609 0.218750 0.349609 0.224609 0.353516 0.228516 0.355469 0.228516 0.361328 0.222656 0.361328 0.216797
0 0.345703 0.253906 0.345703 0.255859 0.347656 0.257812 0.349609 0.257812 0.351562 0.259766 0.361328 0.259766 0.363281 0.257812 0.363281 0.253906 0.359375 0.250000 0.351562 0.250000 0.349609 0.251953 0.347656 0.251953
1 0.267578 0.265625 0.267578 0.279297 0.273438 0.285156 0.285156 0.287109 0.298828 0.285156 0.306641 0.287109 0.314453 0.300781 0.318359 0.300781 0.322266 0.296875 0.314453 0.281250 0.294922 0.265625 0.285156 0.265625 0.281250 0.261719 0.273438 0.259766
0 0.925781 0.259766 0.921875 0.263672 0.921875 0.267578 0.925781 0.271484 0.931641 0.271484 0.933594 0.269531 0.933594 0.263672 0.929688 0.259766
0 0.240234 0.273438 0.238281 0.275391 0.238281 0.283203 0.244141 0.289062 0.246094 0.289062 0.248047 0.287109 0.248047 0.275391 0.246094 0.275391 0.244141 0.273438
0 0.332031 0.277344 0.330078 0.279297 0.330078 0.287109 0.332031 0.289062 0.337891 0.289062 0.339844 0.287109 0.339844 0.279297 0.337891 0.277344
0 0.650391 0.294922 0.652344 0.296875 0.652344 0.298828 0.654297 0.300781 0.662109 0.300781 0.664062 0.298828 0.664062 0.291016 0.656250 0.291016 0.652344 0.294922
0 0.384766 0.300781 0.382812 0.302734 0.382812 0.306641 0.384766 0.306641 0.386719 0.308594 0.388672 0.306641 0.388672 0.302734 0.386719 0.300781
0 0.320312 0.314453 0.320312 0.318359 0.322266 0.320312 0.332031 0.320312 0.335938 0.316406 0.333984 0.314453 0.332031 0.314453 0.328125 0.310547 0.326172 0.310547 0.324219 0.312500 0.322266 0.312500
0 0.300781 0.330078 0.300781 0.332031 0.298828 0.333984 0.298828 0.337891 0.300781 0.339844 0.304688 0.339844 0.306641 0.337891 0.306641 0.333984 0.302734 0.330078
0 0.322266 0.330078 0.322266 0.332031 0.320312 0.333984 0.322266 0.335938 0.322266 0.337891 0.326172 0.337891 0.330078 0.333984 0.330078 0.332031 0.328125 0.330078
0 0.355469 0.332031 0.351562 0.335938 0.351562 0.339844 0.353516 0.341797 0.361328 0.341797 0.361328 0.339844 0.363281 0.337891 0.363281 0.335938 0.361328 0.333984 0.359375 0.333984 0.357422 0.332031
0 0.376953 0.332031 0.375000 0.333984 0.375000 0.337891 0.376953 0.339844 0.378906 0.339844 0.380859 0.337891 0.380859 0.333984 0.378906 0.332031
0 0.750000 0.332031 0.740234 0.339844 0.740234 0.349609 0.748047 0.357422 0.755859 0.357422 0.757812 0.359375 0.767578 0.351562 0.769531 0.347656 0.769531 0.339844 0.765625 0.333984 0.761719 0.333984 0.759766 0.332031
0 0.246094 0.337891 0.244141 0.339844 0.244141 0.343750 0.250000 0.343750 0.250000 0.339844 0.248047 0.337891
0 0.505859 0.335938 0.501953 0.335938 0.498047 0.339844 0.496094 0.339844 0.496094 0.345703 0.498047 0.347656 0.498047 0.349609 0.500000 0.349609 0.501953 0.351562 0.503906 0.351562 0.507812 0.347656 0.507812 0.337891
0 0.652344 0.339844 0.650391 0.341797 0.652344 0.343750 0.650391 0.345703 0.648438 0.345703 0.652344 0.345703 0.656250 0.349609 0.660156 0.349609 0.660156 0.347656 0.662109 0.345703 0.662109 0.343750 0.656250 0.337891 0.654297 0.339844
0 0.320312 0.351562 0.316406 0.351562 0.312500 0.355469 0.312500 0.361328 0.314453 0.363281 0.316406 0.363281 0.318359 0.361328 0.318359 0.359375 0.320312 0.357422
0 0.792969 0.357422 0.792969 0.359375 0.789062 0.363281 0.789062 0.369141 0.791016 0.371094 0.791016 0.373047 0.794922 0.376953 0.802734 0.376953 0.806641 0.373047 0.806641 0.369141 0.808594 0.367188 0.808594 0.365234 0.804688 0.361328 0.804688 0.359375 0.802734 0.357422
0 0.357422 0.359375 0.357422 0.361328 0.355469 0.363281 0.355469 0.365234 0.357422 0.367188 0.361328 0.367188 0.363281 0.365234 0.363281 0.363281 0.361328 0.361328 0.359375 0.361328
0 0.583984 0.376953 0.582031 0.376953 0.582031 0.380859 0.583984 0.378906
0 0.365234 0.382812 0.363281 0.384766 0.363281 0.394531 0.367188 0.398438 0.371094 0.398438 0.373047 0.396484 0.375000 0.396484 0.376953 0.394531 0.376953 0.386719 0.373047 0.382812
0 0.669922 0.382812 0.667969 0.384766 0.669922 0.386719 0.669922 0.390625 0.671875 0.392578 0.673828 0.392578 0.675781 0.390625 0.675781 0.388672
0 0.347656 0.394531 0.347656 0.396484 0.353516 0.396484 0.351562 0.394531 0.351562 0.392578 0.349609 0.392578
0 0.923828 0.390625 0.921875 0.392578 0.921875 0.394531 0.923828 0.396484 0.925781 0.396484 0.927734 0.394531 0.927734 0.392578 0.925781 0.390625
1 0.203125 0.398438 0.205078 0.400391 0.208984 0.400391 0.212891 0.404297 0.214844 0.402344 0.214844 0.400391 0.212891 0.398438
0 0.324219 0.400391 0.320312 0.400391 0.318359 0.402344 0.318359 0.408203 0.320312 0.410156 0.322266 0.410156 0.324219 0.408203 0.324219 0.406250 0.326172 0.404297 0.324219 0.402344
0 0.615234 0.406250 0.615234 0.412109 0.613281 0.416016 0.621094 0.427734 0.626953 0.427734 0.630859 0.429688 0.632812 0.427734 0.638672 0.427734 0.644531 0.421875 0.644531 0.412109 0.638672 0.406250 0.630859 0.402344 0.621094 0.402344
0 0.906250 0.406250 0.904297 0.408203 0.902344 0.408203 0.902344 0.412109 0.904297 0.414062 0.908203 0.414062 0.910156 0.412109 0.910156 0.410156
0 0.169922 0.427734 0.171875 0.429688 0.171875 0.431641 0.175781 0.435547 0.183594 0.435547 0.189453 0.429688 0.187500 0.427734 0.187500 0.425781 0.183594 0.421875 0.177734 0.421875 0.175781 0.423828 0.173828 0.423828
0 0.822266 0.423828 0.820312 0.425781 0.820312 0.427734 0.822266 0.429688 0.826172 0.429688 0.826172 0.425781 0.824219 0.423828
0 0.789062 0.437500 0.787109 0.439453 0.787109 0.441406 0.789062 0.443359 0.791016 0.443359 0.792969 0.441406 0.792969 0.439453 0.791016 0.437500
0 0.935547 0.441406 0.931641 0.441406 0.931641 0.443359 0.933594 0.445312 0.935547 0.443359
0 0.683594 0.449219 0.677734 0.457031 0.677734 0.460938 0.679688 0.462891 0.677734 0.466797 0.685547 0.476562 0.689453 0.478516 0.697266 0.478516 0.699219 0.476562 0.701172 0.478516 0.708984 0.468750 0.708984 0.460938 0.707031 0.458984 0.707031 0.455078 0.701172 0.449219 0.697266 0.449219 0.695312 0.447266 0.687500 0.447266
0 0.880859 0.453125 0.878906 0.453125 0.876953 0.455078 0.873047 0.455078 0.869141 0.458984 0.869141 0.460938 0.867188 0.462891 0.869141 0.472656 0.871094 0.474609 0.875000 0.474609 0.876953 0.476562 0.878906 0.476562 0.880859 0.474609 0.884766 0.474609 0.888672 0.470703 0.888672 0.468750 0.890625 0.466797 0.890625 0.464844 0.888672 0.462891 0.888672 0.457031 0.886719 0.457031
0 0.531250 0.457031 0.527344 0.460938 0.527344 0.466797 0.531250 0.470703 0.535156 0.470703 0.537109 0.468750 0.539062 0.468750 0.539062 0.466797 0.541016 0.464844 0.541016 0.460938 0.537109 0.457031
1 0.144531 0.460938 0.142578 0.462891 0.144531 0.464844 0.144531 0.466797 0.146484 0.468750 0.144531 0.466797 0.146484 0.464844 0.146484 0.460938
0 0.585938 0.464844 0.583984 0.466797 0.583984 0.468750 0.585938 0.470703 0.587891 0.470703 0.589844 0.468750 0.589844 0.466797 0.587891 0.464844
0 0.617188 0.472656 0.617188 0.474609 0.623047 0.478516 0.623047 0.484375 0.626953 0.484375 0.628906 0.486328 0.628906 0.488281 0.632812 0.484375 0.634766 0.484375 0.634766 0.480469 0.636719 0.478516 0.630859 0.472656 0.625000 0.472656 0.623047 0.470703 0.619141 0.470703
0 0.511719 0.474609 0.505859 0.480469 0.505859 0.490234 0.507812 0.492188 0.507812 0.494141 0.511719 0.498047 0.519531 0.498047 0.523438 0.492188 0.523438 0.486328 0.525391 0.484375 0.525391 0.482422 0.519531 0.476562 0.517578 0.476562 0.515625 0.474609
0 0.724609 0.474609 0.724609 0.478516 0.728516 0.482422 0.732422 0.478516 0.732422 0.476562 0.730469 0.474609
0 0.294922 0.476562 0.291016 0.476562 0.289062 0.478516 0.289062 0.480469 0.291016 0.482422 0.291016 0.484375 0.292969 0.482422 0.294922 0.482422
0 0.558594 0.478516 0.554688 0.478516 0.550781 0.482422 0.550781 0.494141 0.548828 0.496094 0.548828 0.500000 0.550781 0.501953 0.550781 0.503906 0.556641 0.503906 0.560547 0.500000 0.560547 0.498047 0.558594 0.496094 0.560547 0.494141 0.560547 0.492188 0.564453 0.488281 0.564453 0.482422 0.562500 0.482422
0 0.714844 0.476562 0.707031 0.482422 0.701172 0.484375 0.697266 0.488281 0.695312 0.496094 0.691406 0.498047 0.691406 0.500000 0.699219 0.503906 0.699219 0.507812 0.705078 0.515625 0.714844 0.515625 0.722656 0.509766 0.722656 0.494141 0.718750 0.490234 0.718750 0.480469
0 0.964844 0.476562 0.962891 0.478516 0.962891 0.482422 0.964844 0.484375 0.968750 0.484375 0.970703 0.482422 0.970703 0.478516 0.968750 0.476562
0 0.800781 0.486328 0.796875 0.486328 0.796875 0.488281 0.798828 0.490234 0.800781 0.488281
0 0.857422 0.490234 0.859375 0.494141 0.859375 0.501953 0.861328 0.503906 0.871094 0.503906 0.876953 0.517578 0.878906 0.515625 0.882812 0.515625 0.886719 0.509766 0.875000 0.501953 0.878906 0.498047 0.878906 0.490234 0.871094 0.484375 0.867188 0.484375
0 0.898438 0.484375 0.896484 0.486328 0.896484 0.488281 0.898438 0.490234 0.900391 0.488281 0.900391 0.486328
0 0.306641 0.492188 0.302734 0.492188 0.300781 0.494141 0.298828 0.494141 0.298828 0.500000 0.300781 0.501953 0.304688 0.501953 0.306641 0.500000 0.306641 0.498047 0.308594 0.496094 0.308594 0.494141
0 0.644531 0.492188 0.640625 0.496094 0.640625 0.503906 0.644531 0.507812 0.646484 0.507812 0.648438 0.505859 0.650391 0.505859 0.652344 0.503906 0.652344 0.496094 0.650391 0.494141 0.648438 0.494141 0.646484 0.492188
0 0.802734 0.496094 0.800781 0.498047 0.800781 0.500000 0.802734 0.501953 0.806641 0.501953 0.806641 0.498047 0.804688 0.496094
0 0.662109 0.501953 0.656250 0.507812 0.656250 0.515625 0.658203 0.515625 0.660156 0.517578 0.666016 0.517578 0.669922 0.513672 0.669922 0.505859 0.666016 0.501953
0 0.841797 0.500000 0.839844 0.501953 0.839844 0.503906 0.843750 0.507812 0.847656 0.507812 0.849609 0.505859 0.849609 0.501953 0.847656 0.501953 0.845703 0.500000
0 0.933594 0.503906 0.931641 0.501953 0.929688 0.503906 0.929688 0.505859 0.933594 0.505859
0 0.273438 0.505859 0.271484 0.503906 0.269531 0.505859 0.269531 0.507812 0.273438 0.507812
0 0.744141 0.505859 0.746094 0.507812 0.746094 0.509766 0.751953 0.509766 0.751953 0.505859 0.750000 0.503906 0.746094 0.503906
0 0.990234 0.505859 0.988281 0.507812 0.990234 0.509766 0.990234 0.511719 0.992188 0.513672 0.996094 0.513672 0.998047 0.511719 0.998047 0.507812 0.996094 0.507812 0.994141 0.505859
0 0.310547 0.515625 0.308594 0.513672 0.306641 0.513672 0.304688 0.515625 0.302734 0.515625 0.300781 0.517578 0.300781 0.519531 0.302734 0.521484 0.304688 0.521484 0.306641 0.519531 0.308594 0.519531 0.310547 0.517578
1 0.228516 0.523438 0.226562 0.525391 0.226562 0.529297 0.228516 0.527344
1 0.292969 0.523438 0.289062 0.529297 0.289062 0.533203 0.292969 0.537109 0.292969 0.539062 0.300781 0.546875 0.298828 0.548828 0.298828 0.550781 0.300781 0.552734 0.302734 0.552734 0.302734 0.548828 0.298828 0.542969 0.300781 0.541016 0.304688 0.531250 0.298828 0.523438
0 0.404297 0.533203 0.404297 0.535156 0.406250 0.535156 0.410156 0.539062 0.410156 0.544922 0.412109 0.546875 0.414062 0.546875 0.416016 0.544922 0.416016 0.542969 0.417969 0.541016 0.417969 0.539062 0.416016 0.539062 0.414062 0.537109 0.412109 0.537109 0.408203 0.533203
0 0.593750 0.533203 0.593750 0.535156 0.595703 0.537109 0.597656 0.535156 0.595703 0.533203
0 0.855469 0.533203 0.853516 0.531250 0.851562 0.533203
0 0.253906 0.541016 0.251953 0.542969 0.253906 0.544922 0.255859 0.542969
1 0.439453 0.539062 0.441406 0.541016 0.437500 0.544922 0.437500 0.546875 0.439453 0.548828 0.441406 0.548828 0.443359 0.550781 0.445312 0.550781 0.445312 0.544922
1 0.541016 0.542969 0.537109 0.548828 0.539062 0.552734 0.539062 0.558594 0.542969 0.560547 0.548828 0.560547 0.550781 0.562500 0.550781 0.566406 0.554688 0.570312 0.558594 0.570312 0.560547 0.566406 0.560547 0.558594 0.552734 0.552734 0.550781 0.548828 0.550781 0.542969 0.546875 0.542969 0.544922 0.541016
0 0.392578 0.544922 0.392578 0.552734 0.400391 0.552734 0.402344 0.550781 0.402344 0.548828 0.398438 0.544922
0 0.515625 0.548828 0.513672 0.552734 0.509766 0.552734 0.501953 0.560547 0.501953 0.566406 0.500000 0.570312 0.507812 0.580078 0.521484 0.580078 0.523438 0.582031 0.531250 0.574219 0.535156 0.564453 0.531250 0.558594 0.531250 0.554688 0.517578 0.550781
0 0.660156 0.552734 0.656250 0.556641 0.656250 0.558594 0.658203 0.560547 0.658203 0.562500 0.660156 0.564453 0.662109 0.564453 0.666016 0.560547 0.666016 0.556641 0.662109 0.552734
0 0.804688 0.556641 0.802734 0.558594 0.804688 0.562500 0.804688 0.568359 0.802734 0.570312 0.792969 0.568359 0.787109 0.574219 0.787109 0.580078 0.789062 0.583984 0.796875 0.589844 0.798828 0.589844 0.804688 0.583984 0.804688 0.578125 0.808594 0.572266 0.812500 0.574219 0.816406 0.570312 0.816406 0.566406
1 0.900391 0.556641 0.902344 0.558594 0.908203 0.558594 0.910156 0.560547 0.908203 0.558594 0.908203 0.556641 0.906250 0.554688 0.902344 0.554688
0 0.392578 0.564453 0.392578 0.574219 0.390625 0.576172 0.392578 0.574219 0.396484 0.578125 0.400391 0.578125 0.402344 0.576172 0.402344 0.572266 0.404297 0.570312 0.404297 0.568359 0.400391 0.564453
0 0.599609 0.564453 0.597656 0.564453 0.595703 0.562500 0.589844 0.562500 0.587891 0.564453 0.587891 0.566406 0.585938 0.568359 0.583984 0.568359 0.583984 0.570312 0.585938 0.568359 0.587891 0.570312 0.587891 0.572266 0.585938 0.574219 0.583984 0.574219 0.585938 0.576172 0.583984 0.578125 0.587891 0.582031 0.591797 0.582031 0.593750 0.580078 0.595703 0.580078 0.595703 0.578125 0.601562 0.572266 0.601562 0.570312 0.599609 0.568359
0 0.861328 0.568359 0.853516 0.574219 0.853516 0.582031 0.857422 0.587891 0.859375 0.587891 0.865234 0.593750 0.869141 0.593750 0.873047 0.597656 0.873047 0.595703 0.880859 0.589844 0.880859 0.582031 0.873047 0.572266
0 0.705078 0.570312 0.703125 0.572266 0.703125 0.574219 0.705078 0.576172 0.708984 0.576172 0.710938 0.574219 0.710938 0.572266 0.708984 0.570312
0 0.449219 0.576172 0.451172 0.578125 0.451172 0.580078 0.453125 0.582031 0.455078 0.582031 0.458984 0.578125 0.458984 0.576172 0.457031 0.576172 0.455078 0.574219 0.453125 0.574219 0.451172 0.576172
0 0.416016 0.585938 0.408203 0.585938 0.406250 0.583984 0.400391 0.587891 0.400391 0.591797 0.408203 0.599609 0.394531 0.611328 0.394531 0.617188 0.402344 0.619141 0.406250 0.615234 0.414062 0.615234 0.417969 0.611328 0.417969 0.607422 0.419922 0.605469 0.417969 0.603516 0.419922 0.589844
1 0.447266 0.587891 0.443359 0.587891 0.437500 0.593750 0.435547 0.593750 0.435547 0.595703 0.437500 0.597656 0.437500 0.601562 0.433594 0.605469 0.433594 0.609375 0.435547 0.611328 0.441406 0.611328 0.443359 0.609375 0.443359 0.601562 0.445312 0.599609 0.447266 0.599609 0.451172 0.593750 0.451172 0.591797
0 0.707031 0.587891 0.707031 0.589844 0.708984 0.591797 0.708984 0.593750 0.710938 0.593750 0.712891 0.595703 0.714844 0.593750 0.716797 0.593750 0.716797 0.589844 0.718750 0.587891 0.716797 0.587891 0.714844 0.585938 0.708984 0.585938
1 0.839844 0.585938 0.839844 0.589844 0.845703 0.589844 0.847656 0.591797 0.847656 0.593750 0.849609 0.595703 0.851562 0.595703 0.853516 0.593750 0.853516 0.591797 0.851562 0.589844 0.847656 0.589844 0.843750 0.585938
1 0.369141 0.591797 0.369141 0.597656 0.365234 0.601562 0.365234 0.605469 0.375000 0.615234 0.380859 0.615234 0.382812 0.613281 0.382812 0.607422 0.380859 0.605469 0.375000 0.605469 0.373047 0.603516 0.373047 0.597656 0.375000 0.595703 0.375000 0.593750 0.373047 0.591797
0 0.558594 0.591797 0.556641 0.593750 0.558594 0.595703 0.560547 0.595703 0.560547 0.593750
1 0.769531 0.593750 0.765625 0.593750 0.763672 0.591797 0.757812 0.595703 0.757812 0.607422 0.755859 0.609375 0.755859 0.613281 0.746094 0.619141 0.746094 0.623047 0.742188 0.626953 0.744141 0.630859 0.746094 0.628906 0.755859 0.628906 0.759766 0.625000 0.759766 0.619141 0.757812 0.617188 0.771484 0.605469 0.771484 0.601562 0.773438 0.599609
0 0.517578 0.595703 0.513672 0.599609 0.515625 0.601562 0.515625 0.603516 0.517578 0.605469 0.521484 0.605469 0.523438 0.603516 0.523438 0.597656 0.521484 0.595703
0 0.814453 0.611328 0.816406 0.613281 0.824219 0.611328 0.828125 0.615234 0.828125 0.617188 0.835938 0.623047 0.845703 0.623047 0.849609 0.619141 0.847656 0.617188 0.849609 0.615234 0.847656 0.613281 0.847656 0.609375 0.843750 0.601562 0.837891 0.595703 0.830078 0.595703 0.826172 0.599609 0.824219 0.605469 0.822266 0.607422 0.816406 0.607422
0 0.242188 0.601562 0.242188 0.609375 0.248047 0.615234 0.251953 0.615234 0.255859 0.611328 0.259766 0.611328 0.259766 0.607422 0.251953 0.599609 0.244141 0.599609
0 0.546875 0.599609 0.542969 0.599609 0.537109 0.605469 0.537109 0.609375 0.535156 0.611328 0.535156 0.615234 0.539062 0.619141 0.544922 0.619141 0.550781 0.613281 0.550781 0.609375 0.552734 0.607422 0.554688 0.609375
1 0.578125 0.597656 0.576172 0.597656 0.570312 0.601562 0.570312 0.613281 0.576172 0.619141 0.576172 0.621094 0.574219 0.623047 0.570312 0.623047 0.572266 0.623047 0.576172 0.626953 0.576172 0.619141 0.582031 0.613281 0.583984 0.613281 0.583984 0.611328 0.585938 0.609375 0.585938 0.603516
0 0.720703 0.599609 0.716797 0.603516 0.716797 0.605469 0.714844 0.607422 0.716797 0.613281 0.720703 0.617188 0.722656 0.617188 0.724609 0.619141 0.726562 0.617188 0.730469 0.617188 0.736328 0.611328 0.736328 0.605469 0.734375 0.603516 0.734375 0.601562 0.732422 0.601562 0.730469 0.599609
0 0.884766 0.597656 0.884766 0.601562 0.886719 0.601562 0.888672 0.599609 0.886719 0.597656
0 0.960938 0.603516 0.955078 0.607422 0.955078 0.619141 0.960938 0.625000 0.966797 0.625000 0.970703 0.621094 0.970703 0.613281 0.968750 0.611328 0.968750 0.609375 0.962891 0.603516
0 0.890625 0.605469 0.888672 0.607422 0.888672 0.615234 0.890625 0.615234 0.892578 0.617188 0.896484 0.617188 0.896484 0.615234 0.898438 0.613281 0.898438 0.609375 0.894531 0.605469
0 0.921875 0.607422 0.921875 0.617188 0.923828 0.617188 0.925781 0.619141 0.931641 0.619141 0.933594 0.617188 0.935547 0.617188 0.935547 0.615234 0.937500 0.613281 0.937500 0.611328 0.935547 0.609375 0.935547 0.607422 0.933594 0.605469 0.925781 0.605469 0.923828 0.607422
0 0.607422 0.609375 0.607422 0.611328 0.603516 0.615234 0.601562 0.621094 0.603516 0.623047 0.605469 0.628906 0.607422 0.628906 0.611328 0.632812 0.619141 0.632812 0.623047 0.628906 0.623047 0.625000 0.625000 0.623047 0.623047 0.621094 0.623047 0.617188 0.615234 0.609375
0 0.554688 0.613281 0.554688 0.615234 0.552734 0.617188 0.552734 0.621094 0.554688 0.623047 0.560547 0.623047 0.562500 0.621094 0.564453 0.621094 0.562500 0.619141 0.562500 0.615234 0.560547 0.613281
1 0.675781 0.619141 0.666016 0.625000 0.666016 0.628906 0.648438 0.648438 0.640625 0.652344 0.630859 0.648438 0.626953 0.652344 0.626953 0.666016 0.619141 0.673828 0.623047 0.679688 0.630859 0.677734 0.638672 0.683594 0.652344 0.679688 0.654297 0.673828 0.664062 0.666016 0.662109 0.662109 0.671875 0.654297 0.671875 0.640625 0.681641 0.630859
0 0.779297 0.621094 0.773438 0.625000 0.773438 0.626953 0.771484 0.628906 0.771484 0.636719 0.777344 0.642578 0.783203 0.642578 0.789062 0.638672 0.789062 0.636719 0.791016 0.634766 0.791016 0.628906 0.787109 0.625000 0.787109 0.623047 0.785156 0.623047 0.783203 0.621094
0 0.816406 0.625000 0.816406 0.630859 0.818359 0.632812 0.824219 0.632812 0.826172 0.630859 0.826172 0.626953 0.824219 0.625000 0.822266 0.625000 0.820312 0.623047 0.818359 0.625000
0 0.287109 0.626953 0.285156 0.626953 0.279297 0.632812 0.279297 0.634766 0.281250 0.634766 0.283203 0.636719 0.287109 0.636719 0.289062 0.634766 0.289062 0.628906
0 0.386719 0.632812 0.384766 0.630859 0.380859 0.630859 0.376953 0.634766 0.376953 0.636719 0.378906 0.638672 0.382812 0.638672 0.386719 0.634766
0 0.320312 0.634766 0.320312 0.638672 0.322266 0.640625 0.324219 0.638672 0.324219 0.636719 0.322266 0.634766
0 0.355469 0.632812 0.351562 0.632812 0.349609 0.634766 0.349609 0.640625 0.351562 0.642578 0.353516 0.642578 0.357422 0.638672 0.357422 0.636719 0.355469 0.634766
0 0.400391 0.634766 0.398438 0.636719 0.398438 0.642578 0.400391 0.644531 0.400391 0.646484 0.404297 0.650391 0.406250 0.648438 0.408203 0.648438 0.408203 0.644531 0.406250 0.642578 0.406250 0.640625 0.408203 0.638672 0.404297 0.634766
0 0.626953 0.632812 0.625000 0.634766 0.625000 0.636719 0.626953 0.638672 0.628906 0.638672 0.630859 0.636719 0.630859 0.634766 0.628906 0.632812
0 0.722656 0.634766 0.720703 0.636719 0.720703 0.640625 0.722656 0.642578 0.724609 0.642578 0.728516 0.638672 0.728516 0.636719 0.726562 0.636719 0.724609 0.634766
0 0.419922 0.636719 0.417969 0.638672 0.417969 0.644531 0.416016 0.646484 0.417969 0.648438 0.419922 0.648438 0.421875 0.650391 0.425781 0.650391 0.427734 0.648438 0.427734 0.646484 0.429688 0.644531 0.429688 0.642578 0.431641 0.640625 0.429688 0.642578 0.427734 0.640625 0.427734 0.638672 0.425781 0.636719
1 0.685547 0.638672 0.687500 0.638672 0.689453 0.640625 0.689453 0.646484 0.691406 0.648438 0.693359 0.648438 0.695312 0.646484 0.695312 0.642578 0.693359 0.640625 0.689453 0.640625 0.687500 0.638672
0 0.802734 0.636719 0.800781 0.638672 0.800781 0.644531 0.802734 0.646484 0.804688 0.646484 0.806641 0.644531 0.808594 0.644531 0.808594 0.640625 0.804688 0.636719
0 0.533203 0.640625 0.531250 0.642578 0.533203 0.644531 0.535156 0.642578
0 0.591797 0.640625 0.589844 0.642578 0.589844 0.644531 0.591797 0.646484 0.595703 0.646484 0.597656 0.644531 0.597656 0.642578 0.595703 0.640625
0 0.367188 0.648438 0.365234 0.650391 0.365234 0.652344 0.363281 0.654297 0.363281 0.658203 0.365234 0.660156 0.365234 0.662109 0.367188 0.664062 0.369141 0.664062 0.375000 0.658203 0.375000 0.654297 0.371094 0.650391 0.369141 0.650391
1 0.750000 0.652344 0.740234 0.652344 0.736328 0.648438 0.728516 0.648438 0.726562 0.650391 0.726562 0.660156 0.724609 0.662109 0.726562 0.664062 0.722656 0.669922 0.728516 0.679688 0.724609 0.685547 0.724609 0.689453 0.728516 0.695312 0.734375 0.689453 0.734375 0.683594 0.730469 0.679688 0.740234 0.675781 0.740234 0.671875 0.750000 0.658203
0 0.794922 0.652344 0.792969 0.650391 0.789062 0.650391 0.789062 0.652344 0.787109 0.654297 0.783203 0.654297 0.781250 0.652344 0.775391 0.652344 0.775391 0.654297 0.773438 0.656250 0.773438 0.664062 0.775391 0.666016 0.773438 0.667969 0.775391 0.669922 0.777344 0.667969 0.779297 0.669922 0.785156 0.667969 0.787109 0.666016 0.787109 0.658203 0.789062 0.656250 0.792969 0.656250 0.794922 0.654297
0 0.529297 0.656250 0.525391 0.660156 0.525391 0.666016 0.523438 0.667969 0.523438 0.675781 0.525391 0.677734 0.523438 0.681641 0.525391 0.685547 0.531250 0.689453 0.537109 0.687500 0.550781 0.689453 0.554688 0.685547 0.554688 0.681641 0.558594 0.679688 0.560547 0.675781 0.560547 0.666016 0.558594 0.664062 0.560547 0.662109 0.548828 0.667969 0.537109 0.656250
0 0.759766 0.656250 0.757812 0.658203 0.757812 0.662109 0.761719 0.666016 0.763672 0.666016 0.765625 0.664062 0.765625 0.658203 0.763672 0.656250
0 0.804688 0.667969 0.802734 0.669922 0.802734 0.673828 0.806641 0.677734 0.812500 0.677734 0.814453 0.675781 0.814453 0.669922 0.812500 0.667969
1 0.615234 0.677734 0.607422 0.671875 0.591797 0.673828 0.585938 0.683594 0.585938 0.691406 0.591797 0.701172 0.589844 0.703125 0.580078 0.691406 0.574219 0.691406 0.572266 0.693359 0.574219 0.701172 0.570312 0.705078 0.568359 0.703125 0.558594 0.703125 0.552734 0.712891 0.544922 0.714844 0.542969 0.722656 0.548828 0.728516 0.566406 0.730469 0.568359 0.728516 0.568359 0.720703 0.564453 0.716797 0.578125 0.708984 0.582031 0.708984 0.587891 0.714844 0.587891 0.720703 0.595703 0.712891 0.595703 0.707031 0.589844 0.703125 0.593750 0.699219 0.595703 0.701172 0.609375 0.699219 0.617188 0.685547
0 0.716797 0.673828 0.714844 0.675781 0.712891 0.675781 0.710938 0.677734 0.710938 0.679688 0.712891 0.681641 0.716797 0.681641 0.718750 0.679688 0.718750 0.677734 0.716797 0.675781
0 0.675781 0.681641 0.675781 0.683594 0.677734 0.685547 0.679688 0.685547 0.683594 0.689453 0.691406 0.689453 0.691406 0.687500 0.693359 0.685547 0.693359 0.681641 0.691406 0.681641 0.687500 0.677734 0.685547 0.677734 0.679688 0.683594 0.677734 0.683594
0 0.669922 0.681641 0.667969 0.683594 0.666016 0.683594 0.666016 0.685547 0.669922 0.685547
0 0.792969 0.685547 0.787109 0.689453 0.787109 0.701172 0.785156 0.703125 0.785156 0.707031 0.791016 0.714844 0.796875 0.716797 0.804688 0.710938 0.804688 0.705078 0.806641 0.703125 0.806641 0.699219 0.804688 0.697266 0.804688 0.693359 0.802734 0.689453 0.796875 0.685547
1 0.810547 0.687500 0.810547 0.691406 0.818359 0.691406 0.820312 0.693359 0.822266 0.691406 0.820312 0.689453 0.818359 0.689453 0.816406 0.687500 0.814453 0.687500 0.812500 0.685547
0 0.742188 0.687500 0.740234 0.689453 0.742188 0.691406 0.744141 0.691406 0.744141 0.689453
0 0.718750 0.697266 0.716797 0.697266 0.714844 0.699219 0.714844 0.701172 0.718750 0.701172
0 0.779297 0.699219 0.777344 0.697266 0.775391 0.699219 0.775391 0.701172 0.777344 0.701172
0 0.529297 0.701172 0.523438 0.705078 0.523438 0.708984 0.521484 0.710938 0.523438 0.712891 0.523438 0.716797 0.527344 0.720703 0.533203 0.720703 0.537109 0.714844 0.537109 0.708984 0.535156 0.707031 0.535156 0.705078 0.531250 0.701172
0 0.701172 0.699219 0.699219 0.701172 0.697266 0.701172 0.697266 0.703125 0.695312 0.705078 0.693359 0.705078 0.693359 0.708984 0.691406 0.710938 0.691406 0.722656 0.699219 0.730469 0.703125 0.730469 0.707031 0.726562 0.707031 0.724609 0.710938 0.718750 0.710938 0.707031 0.707031 0.703125 0.707031 0.701172 0.703125 0.701172
0 0.734375 0.701172 0.732422 0.701172 0.732422 0.710938 0.736328 0.707031 0.736328 0.703125
0 0.964844 0.712891 0.960938 0.716797 0.960938 0.722656 0.964844 0.726562 0.968750 0.726562 0.972656 0.722656 0.972656 0.714844 0.970703 0.712891
0 0.501953 0.716797 0.501953 0.718750 0.505859 0.722656 0.509766 0.718750 0.507812 0.716797
1 0.626953 0.716797 0.626953 0.720703 0.638672 0.732422 0.644531 0.732422 0.644531 0.730469 0.646484 0.728516 0.646484 0.726562 0.644531 0.724609 0.644531 0.722656 0.640625 0.718750 0.632812 0.718750 0.630859 0.716797
0 0.900391 0.714844 0.902344 0.716797 0.904297 0.714844
0 0.732422 0.720703 0.730469 0.722656 0.726562 0.722656 0.722656 0.726562 0.722656 0.728516 0.726562 0.732422 0.730469 0.732422 0.736328 0.726562 0.734375 0.724609 0.732422 0.724609 0.730469 0.722656
0 0.818359 0.730469 0.814453 0.730469 0.810547 0.734375 0.810547 0.742188 0.816406 0.742188 0.818359 0.740234 0.820312 0.740234 0.820312 0.732422
0 0.402344 0.734375 0.400391 0.736328 0.404297 0.740234 0.406250 0.740234 0.408203 0.738281 0.408203 0.736328 0.406250 0.734375
0 0.607422 0.736328 0.607422 0.738281 0.605469 0.740234 0.605469 0.742188 0.607422 0.744141 0.609375 0.744141 0.611328 0.742188 0.611328 0.738281 0.609375 0.738281
1 0.789062 0.734375 0.785156 0.742188 0.791016 0.750000 0.794922 0.750000 0.796875 0.751953 0.794922 0.755859 0.794922 0.761719 0.796875 0.763672 0.796875 0.771484 0.800781 0.773438 0.804688 0.767578 0.808594 0.765625 0.806641 0.763672 0.808594 0.761719 0.808594 0.757812 0.804688 0.751953 0.804688 0.748047 0.800781 0.744141 0.800781 0.740234 0.796875 0.736328
0 0.583984 0.740234 0.582031 0.742188 0.578125 0.742188 0.574219 0.746094 0.574219 0.755859 0.576172 0.757812 0.583984 0.757812 0.587891 0.753906 0.587891 0.744141
0 0.646484 0.738281 0.642578 0.740234 0.642578 0.751953 0.644531 0.755859 0.654297 0.763672 0.654297 0.775391 0.662109 0.777344 0.667969 0.771484 0.667969 0.767578 0.669922 0.765625 0.667969 0.761719 0.667969 0.753906 0.671875 0.750000 0.669922 0.750000 0.667969 0.746094 0.662109 0.742188 0.648438 0.740234
0 0.964844 0.744141 0.962891 0.746094 0.962891 0.750000 0.964844 0.750000 0.966797 0.748047 0.966797 0.746094
1 0.779297 0.751953 0.777344 0.750000 0.773438 0.750000 0.771484 0.748047 0.769531 0.750000 0.769531 0.753906 0.767578 0.755859 0.763672 0.755859 0.759766 0.751953 0.757812 0.751953 0.755859 0.750000 0.755859 0.753906 0.753906 0.755859 0.751953 0.755859 0.748047 0.751953 0.744141 0.751953 0.742188 0.753906 0.742188 0.757812 0.744141 0.759766 0.748047 0.759766 0.751953 0.755859 0.753906 0.757812 0.753906 0.761719 0.755859 0.761719 0.757812 0.763672 0.757812 0.765625 0.759766 0.765625 0.761719 0.763672 0.763672 0.763672 0.767578 0.759766 0.771484 0.759766 0.773438 0.761719 0.779297 0.755859
0 0.925781 0.750000 0.925781 0.751953 0.927734 0.753906 0.933594 0.753906 0.933594 0.750000 0.931641 0.750000 0.929688 0.748047 0.927734 0.748047
0 0.363281 0.750000 0.361328 0.750000 0.359375 0.751953 0.357422 0.751953 0.357422 0.755859 0.359375 0.757812 0.363281 0.757812 0.365234 0.755859 0.365234 0.751953
0 0.722656 0.753906 0.722656 0.755859 0.720703 0.757812 0.722656 0.759766 0.726562 0.759766 0.728516 0.757812 0.728516 0.755859 0.726562 0.753906
0 0.564453 0.759766 0.562500 0.761719 0.560547 0.761719 0.556641 0.765625 0.558594 0.767578 0.556641 0.769531 0.558594 0.769531 0.562500 0.773438 0.564453 0.773438 0.568359 0.769531 0.568359 0.763672 0.566406 0.763672 0.564453 0.761719
0 0.935547 0.757812 0.935547 0.765625 0.937500 0.763672 0.939453 0.765625 0.941406 0.765625 0.943359 0.763672 0.943359 0.759766 0.941406 0.757812
0 0.976562 0.757812 0.974609 0.759766 0.976562 0.761719 0.978516 0.759766
0 0.421875 0.763672 0.417969 0.767578 0.417969 0.771484 0.419922 0.773438 0.419922 0.775391 0.423828 0.775391 0.425781 0.777344 0.425781 0.775391 0.427734 0.773438 0.427734 0.771484 0.429688 0.769531 0.429688 0.767578 0.425781 0.763672
0 0.382812 0.765625 0.380859 0.767578 0.380859 0.771484 0.382812 0.773438 0.384766 0.773438 0.386719 0.771484 0.386719 0.767578 0.384766 0.765625
0 0.330078 0.771484 0.330078 0.773438 0.332031 0.775391 0.333984 0.773438 0.332031 0.771484
0 0.710938 0.771484 0.708984 0.771484 0.707031 0.773438 0.705078 0.773438 0.703125 0.775391 0.701172 0.775391 0.701172 0.789062 0.703125 0.789062 0.705078 0.791016 0.707031 0.789062 0.708984 0.789062 0.710938 0.787109 0.712891 0.787109 0.716797 0.783203 0.716797 0.779297 0.710938 0.773438
0 0.878906 0.769531 0.876953 0.771484 0.876953 0.773438 0.878906 0.775391 0.880859 0.773438 0.880859 0.771484
0 0.492188 0.773438 0.492188 0.775391 0.496094 0.775391 0.494141 0.773438
0 0.533203 0.775391 0.529297 0.775391 0.527344 0.777344 0.527344 0.781250 0.531250 0.785156 0.535156 0.781250 0.535156 0.777344
1 0.693359 0.775391 0.689453 0.775391 0.685547 0.779297 0.687500 0.781250 0.685547 0.785156 0.679688 0.785156 0.677734 0.787109 0.677734 0.791016 0.679688 0.792969 0.677734 0.796875 0.677734 0.812500 0.681641 0.818359 0.685547 0.818359 0.689453 0.810547 0.689453 0.806641 0.685547 0.798828 0.685547 0.792969 0.687500 0.791016 0.687500 0.787109 0.691406 0.785156 0.695312 0.779297
0 0.759766 0.775391 0.757812 0.777344 0.759766 0.779297 0.761719 0.779297 0.761719 0.775391
0 0.923828 0.773438 0.921875 0.775391 0.921875 0.777344 0.923828 0.779297 0.925781 0.777344 0.925781 0.775391
0 0.230469 0.779297 0.226562 0.779297 0.226562 0.781250 0.228516 0.783203 0.230469 0.781250
0 0.503906 0.777344 0.501953 0.777344 0.498047 0.781250 0.498047 0.787109 0.503906 0.787109 0.505859 0.785156 0.505859 0.779297
0 0.558594 0.777344 0.558594 0.781250 0.560547 0.781250 0.560547 0.779297
0 0.833984 0.779297 0.824219 0.785156 0.824219 0.794922 0.822266 0.796875 0.822266 0.806641 0.830078 0.814453 0.835938 0.812500 0.841797 0.802734 0.845703 0.804688 0.841797 0.802734 0.845703 0.798828 0.845703 0.792969 0.839844 0.783203
0 0.800781 0.785156 0.798828 0.785156 0.796875 0.783203 0.794922 0.783203 0.792969 0.785156 0.792969 0.787109 0.791016 0.789062 0.791016 0.791016 0.792969 0.792969 0.792969 0.794922 0.794922 0.792969 0.798828 0.792969 0.802734 0.789062 0.800781 0.787109
0 0.210938 0.785156 0.208984 0.787109 0.208984 0.792969 0.210938 0.794922 0.216797 0.794922 0.220703 0.791016 0.220703 0.789062 0.216797 0.785156
0 0.349609 0.789062 0.351562 0.791016 0.353516 0.789062
0 0.658203 0.794922 0.656250 0.796875 0.656250 0.798828 0.658203 0.800781 0.660156 0.798828 0.660156 0.796875
0 0.779297 0.800781 0.779297 0.804688 0.783203 0.808594 0.785156 0.808594 0.787109 0.810547 0.792969 0.810547 0.794922 0.808594 0.794922 0.804688 0.789062 0.798828 0.781250 0.798828
0 0.271484 0.808594 0.271484 0.812500 0.273438 0.814453 0.273438 0.816406 0.277344 0.816406 0.279297 0.814453 0.281250 0.814453 0.283203 0.812500 0.283203 0.810547 0.279297 0.806641 0.273438 0.806641
0 0.751953 0.804688 0.750000 0.806641 0.750000 0.808594 0.751953 0.810547 0.753906 0.810547 0.755859 0.808594 0.755859 0.806641 0.753906 0.804688
0 0.767578 0.810547 0.765625 0.812500 0.765625 0.816406 0.767578 0.818359 0.769531 0.818359 0.771484 0.816406 0.771484 0.812500 0.769531 0.810547
0 0.625000 0.816406 0.625000 0.818359 0.626953 0.820312 0.630859 0.820312 0.632812 0.818359 0.634766 0.820312 0.634766 0.818359 0.632812 0.818359 0.628906 0.814453 0.626953 0.814453
0 0.656250 0.820312 0.660156 0.824219 0.664062 0.824219 0.666016 0.822266 0.667969 0.822266 0.667969 0.818359 0.664062 0.814453 0.660156 0.814453 0.658203 0.816406 0.658203 0.818359
0 0.740234 0.812500 0.738281 0.812500 0.732422 0.818359 0.732422 0.824219 0.734375 0.826172 0.740234 0.826172 0.744141 0.822266 0.744141 0.818359 0.742188 0.816406 0.742188 0.814453
0 0.238281 0.818359 0.236328 0.820312 0.236328 0.822266 0.238281 0.824219 0.240234 0.824219 0.242188 0.822266 0.242188 0.820312 0.240234 0.818359
0 0.640625 0.816406 0.638672 0.818359 0.638672 0.820312 0.642578 0.824219 0.644531 0.824219 0.646484 0.822266 0.646484 0.820312 0.642578 0.816406
0 0.839844 0.818359 0.837891 0.820312 0.837891 0.826172 0.839844 0.828125 0.843750 0.828125 0.843750 0.826172 0.845703 0.824219 0.845703 0.822266 0.843750 0.820312 0.843750 0.818359
0 0.546875 0.826172 0.542969 0.822266 0.541016 0.824219 0.535156 0.824219 0.531250 0.828125 0.529297 0.828125 0.531250 0.830078 0.531250 0.833984 0.535156 0.833984 0.537109 0.835938 0.537109 0.833984 0.542969 0.828125 0.546875 0.828125
0 0.783203 0.828125 0.783203 0.837891 0.787109 0.841797 0.796875 0.841797 0.800781 0.837891 0.800781 0.828125 0.798828 0.828125 0.796875 0.826172 0.796875 0.824219 0.791016 0.824219 0.789062 0.826172
0 0.865234 0.824219 0.859375 0.830078 0.859375 0.839844 0.857422 0.841797 0.869141 0.847656 0.871094 0.849609 0.871094 0.853516 0.875000 0.857422 0.882812 0.857422 0.886719 0.853516 0.886719 0.843750 0.876953 0.835938 0.875000 0.830078 0.869141 0.824219
0 0.691406 0.830078 0.689453 0.832031 0.689453 0.833984 0.691406 0.835938 0.695312 0.835938 0.695312 0.832031 0.693359 0.830078
0 0.710938 0.830078 0.701172 0.837891 0.703125 0.863281 0.699219 0.878906 0.693359 0.884766 0.697266 0.884766 0.707031 0.894531 0.718750 0.894531 0.726562 0.890625 0.732422 0.882812 0.734375 0.884766 0.732422 0.882812 0.734375 0.869141 0.728516 0.853516 0.728516 0.837891 0.718750 0.830078
0 0.908203 0.828125 0.906250 0.830078 0.906250 0.833984 0.908203 0.835938 0.912109 0.835938 0.914062 0.833984 0.914062 0.832031 0.910156 0.828125
1 0.812500 0.837891 0.808594 0.843750 0.814453 0.849609 0.814453 0.855469 0.806641 0.865234 0.810547 0.880859 0.794922 0.890625 0.791016 0.908203 0.796875 0.912109 0.802734 0.910156 0.810547 0.917969 0.818359 0.917969 0.826172 0.902344 0.822266 0.888672 0.835938 0.880859 0.837891 0.867188 0.828125 0.853516 0.820312 0.851562 0.824219 0.843750 0.822266 0.837891
0 0.529297 0.839844 0.525391 0.843750 0.527344 0.845703 0.527344 0.847656 0.529297 0.849609 0.533203 0.849609 0.535156 0.847656 0.535156 0.845703 0.533203 0.843750 0.533203 0.841797 0.531250 0.839844
0 0.894531 0.841797 0.892578 0.843750 0.892578 0.845703 0.890625 0.847656 0.892578 0.849609 0.892578 0.851562 0.896484 0.855469 0.896484 0.857422 0.898438 0.855469 0.900391 0.857422 0.906250 0.851562 0.906250 0.849609 0.904297 0.847656 0.904297 0.843750 0.902344 0.843750 0.900391 0.841797
0 0.679688 0.845703 0.677734 0.847656 0.679688 0.849609 0.681641 0.849609 0.683594 0.847656 0.681641 0.845703
0 0.910156 0.859375 0.910156 0.861328 0.914062 0.865234 0.914062 0.867188 0.917969 0.871094 0.921875 0.871094 0.923828 0.869141 0.923828 0.863281 0.921875 0.861328 0.921875 0.859375
0 0.441406 0.865234 0.439453 0.867188 0.439453 0.869141 0.441406 0.871094 0.443359 0.869141 0.443359 0.867188
0 0.527344 0.894531 0.525391 0.906250 0.531250 0.914062 0.556641 0.914062 0.568359 0.910156 0.580078 0.935547 0.580078 0.929688 0.597656 0.917969 0.599609 0.902344 0.570312 0.871094 0.562500 0.873047 0.562500 0.886719 0.550781 0.898438 0.541016 0.890625 0.531250 0.890625
0 0.873047 0.876953 0.867188 0.880859 0.867188 0.882812 0.863281 0.888672 0.863281 0.896484 0.869141 0.902344 0.878906 0.902344 0.886719 0.894531 0.888672 0.884766 0.882812 0.876953
0 0.984375 0.875000 0.980469 0.878906 0.980469 0.882812 0.982422 0.884766 0.988281 0.884766 0.990234 0.882812 0.990234 0.878906 0.986328 0.875000
0 0.220703 0.882812 0.218750 0.884766 0.218750 0.890625 0.220703 0.892578 0.222656 0.892578 0.224609 0.890625 0.224609 0.884766 0.222656 0.882812
0 0.603516 0.882812 0.599609 0.886719 0.599609 0.890625 0.603516 0.894531 0.607422 0.894531 0.611328 0.890625 0.611328 0.886719 0.607422 0.882812
0 0.626953 0.888672 0.623047 0.892578 0.625000 0.894531 0.626953 0.894531 0.630859 0.898438 0.632812 0.898438 0.634766 0.896484 0.634766 0.894531 0.628906 0.888672
0 0.654297 0.890625 0.652344 0.892578 0.652344 0.896484 0.656250 0.900391 0.658203 0.900391 0.662109 0.896484 0.662109 0.894531 0.658203 0.890625
0 0.740234 0.890625 0.738281 0.892578 0.738281 0.896484 0.742188 0.900391 0.744141 0.900391 0.746094 0.902344 0.750000 0.902344 0.750000 0.900391 0.751953 0.898438 0.751953 0.896484 0.748047 0.892578 0.744141 0.892578 0.742188 0.890625
0 0.697266 0.906250 0.697266 0.910156 0.703125 0.916016 0.710938 0.916016 0.714844 0.912109 0.714844 0.910156 0.710938 0.906250 0.710938 0.904297 0.708984 0.904297 0.707031 0.902344 0.699219 0.902344 0.699219 0.904297
0 0.681641 0.916016 0.681641 0.917969 0.679688 0.919922 0.679688 0.927734 0.681641 0.929688 0.685547 0.929688 0.687500 0.931641 0.687500 0.929688 0.691406 0.925781 0.691406 0.921875 0.687500 0.917969 0.683594 0.917969
0 0.906250 0.917969 0.902344 0.917969 0.900391 0.919922 0.902344 0.919922 0.904297 0.921875 0.904297 0.923828 0.906250 0.921875
1 0.998047 0.921875 0.996094 0.923828 0.996094 0.929688 0.998047 0.931641 0.998047 0.933594
0 0.548828 0.929688 0.548828 0.931641 0.550781 0.933594 0.548828 0.935547 0.558594 0.943359 0.558594 0.949219 0.560547 0.951172 0.568359 0.951172 0.572266 0.947266 0.572266 0.941406 0.570312 0.939453 0.570312 0.935547 0.568359 0.935547 0.558594 0.927734 0.552734 0.927734 0.550781 0.929688
0 0.730469 0.925781 0.728516 0.927734 0.728516 0.931641 0.730469 0.933594 0.732422 0.933594 0.734375 0.931641 0.734375 0.927734 0.732422 0.925781
1 0.804688 0.931641 0.800781 0.929688 0.789062 0.937500 0.779297 0.937500 0.757812 0.951172 0.757812 0.970703 0.750000 0.990234 0.751953 0.998047 0.783203 0.998047 0.775391 0.986328 0.775391 0.978516 0.785156 0.970703 0.787109 0.947266 0.792969 0.941406 0.802734 0.945312 0.808594 0.939453
0 0.880859 0.933594 0.878906 0.935547 0.878906 0.939453 0.880859 0.941406 0.882812 0.941406 0.884766 0.939453 0.884766 0.935547 0.882812 0.933594
0 0.994141 0.941406 0.990234 0.945312 0.990234 0.951172 0.994141 0.955078 0.998047 0.955078 0.998047 0.943359 0.996094 0.941406
0 0.904297 0.945312 0.904297 0.949219 0.906250 0.949219 0.908203 0.947266 0.906250 0.945312
0 0.802734 0.949219 0.791016 0.962891 0.791016 0.972656 0.792969 0.976562 0.802734 0.984375 0.812500 0.986328 0.818359 0.980469 0.818359 0.972656 0.810547 0.962891 0.810547 0.958984 0.808594 0.957031 0.810547 0.955078 0.808594 0.951172
0 0.722656 0.955078 0.720703 0.957031 0.720703 0.974609 0.722656 0.978516 0.726562 0.982422 0.738281 0.982422 0.744141 0.976562 0.744141 0.966797 0.742188 0.962891 0.736328 0.958984 0.730469 0.958984 0.726562 0.955078
0 0.851562 0.955078 0.847656 0.958984 0.847656 0.962891 0.849609 0.964844 0.855469 0.964844 0.857422 0.962891 0.857422 0.958984 0.853516 0.955078
0 0.978516 0.962891 0.976562 0.964844 0.976562 0.966797 0.978516 0.968750 0.978516 0.970703 0.980469 0.970703 0.982422 0.968750 0.982422 0.964844 0.980469 0.962891
0 0.675781 0.974609 0.675781 0.978516 0.679688 0.978516 0.679688 0.974609
0 0.619141 0.982422 0.615234 0.982422 0.615234 0.986328 0.617188 0.986328 0.619141 0.984375
0 0.988281 0.980469 0.984375 0.980469 0.982422 0.982422 0.984375 0.984375 0.986328 0.984375 0.988281 0.982422
0 0.412109 0.001953 0.408203 0.001953 0.406250 0.000000 0.412109 0.000000
0 0.429688 0.000000 0.429688 0.001953 0.427734 0.001953 0.425781 0.003906 0.421875 0.003906 0.419922 0.001953 0.419922 0.000000
0 0.416016 0.007812 0.416016 0.011719 0.412109 0.011719 0.410156 0.009766 0.414062 0.005859
0 0.103516 0.085938 0.103516 0.089844 0.099609 0.089844 0.097656 0.087891 0.101562 0.083984
0 0.099609 0.099609 0.099609 0.103516 0.095703 0.103516 0.093750 0.101562 0.097656 0.097656
0 0.119141 0.109375 0.117188 0.109375 0.115234 0.111328 0.111328 0.111328 0.109375 0.109375 0.109375 0.103516 0.111328 0.101562 0.115234 0.101562 0.117188 0.103516 0.119141 0.103516
0 0.435547 0.111328 0.435547 0.115234 0.431641 0.115234 0.429688 0.113281 0.433594 0.109375
0 0.443359 0.111328 0.443359 0.115234 0.439453 0.115234 0.437500 0.113281 0.441406 0.109375
0 0.746094 0.111328 0.746094 0.115234 0.742188 0.115234 0.740234 0.113281 0.744141 0.109375
0 0.757812 0.113281 0.757812 0.117188 0.753906 0.117188 0.751953 0.115234 0.755859 0.111328
0 0.216797 0.119141 0.216797 0.123047 0.212891 0.123047 0.210938 0.121094 0.214844 0.117188
0 0.751953 0.121094 0.751953 0.125000 0.748047 0.125000 0.746094 0.123047 0.750000 0.119141
0 0.464844 0.123047 0.464844 0.126953 0.460938 0.126953 0.458984 0.125000 0.462891 0.121094
0 0.457031 0.126953 0.457031 0.130859 0.453125 0.130859 0.451172 0.128906 0.455078 0.125000
0 0.472656 0.134766 0.470703 0.134766 0.468750 0.136719 0.464844 0.136719 0.462891 0.134766 0.462891 0.128906 0.464844 0.126953 0.468750 0.126953 0.470703 0.128906 0.472656 0.128906
0 0.484375 0.130859 0.484375 0.134766 0.480469 0.134766 0.478516 0.132812 0.482422 0.128906
0 0.460938 0.134766 0.460938 0.138672 0.457031 0.138672 0.455078 0.136719 0.458984 0.132812
0 0.050781 0.144531 0.048828 0.144531 0.046875 0.146484 0.042969 0.146484 0.041016 0.144531 0.041016 0.138672 0.042969 0.136719 0.046875 0.136719 0.048828 0.138672 0.050781 0.138672
0 0.031250 0.150391 0.031250 0.154297 0.027344 0.154297 0.025391 0.152344 0.029297 0.148438
0 0.046875 0.164062 0.044922 0.164062 0.042969 0.166016 0.039062 0.166016 0.037109 0.164062 0.037109 0.158203 0.039062 0.156250 0.042969 0.156250 0.044922 0.158203 0.046875 0.158203
0 0.605469 0.177734 0.605469 0.181641 0.601562 0.181641 0.599609 0.179688 0.603516 0.175781
0 0.953125 0.181641 0.951172 0.181641 0.949219 0.183594 0.945312 0.183594 0.943359 0.181641 0.943359 0.175781 0.945312 0.173828 0.949219 0.173828 0.951172 0.175781 0.953125 0.175781
0 0.906250 0.183594 0.904297 0.183594 0.902344 0.185547 0.898438 0.185547 0.896484 0.183594 0.896484 0.177734 0.898438 0.175781 0.902344 0.175781 0.904297 0.177734 0.906250 0.177734
0 0.939453 0.179688 0.939453 0.183594 0.935547 0.183594 0.933594 0.181641 0.937500 0.177734
0 0.062500 0.181641 0.062500 0.185547 0.058594 0.185547 0.056641 0.183594 0.060547 0.179688
0 0.599609 0.185547 0.599609 0.189453 0.595703 0.189453 0.593750 0.187500 0.597656 0.183594
0 0.607422 0.189453 0.607422 0.193359 0.603516 0.193359 0.601562 0.191406 0.605469 0.187500
0 0.943359 0.189453 0.943359 0.193359 0.939453 0.193359 0.937500 0.191406 0.941406 0.187500
0 0.068359 0.191406 0.068359 0.195312 0.064453 0.195312 0.062500 0.193359 0.066406 0.189453
0 0.601562 0.195312 0.599609 0.197266 0.599609 0.199219 0.597656 0.201172 0.591797 0.201172 0.589844 0.199219 0.589844 0.197266 0.587891 0.195312 0.587891 0.193359 0.589844 0.191406 0.589844 0.189453 0.591797 0.187500 0.597656 0.187500 0.599609 0.189453 0.599609 0.191406 0.601562 0.193359
0 0.896484 0.197266 0.894531 0.197266 0.892578 0.199219 0.888672 0.199219 0.886719 0.197266 0.886719 0.191406 0.888672 0.189453 0.892578 0.189453 0.894531 0.191406 0.896484 0.191406
0 0.058594 0.195312 0.058594 0.199219 0.054688 0.199219 0.052734 0.197266 0.056641 0.193359
0 0.482422 0.195312 0.482422 0.199219 0.478516 0.199219 0.476562 0.197266 0.480469 0.193359
0 0.474609 0.201172 0.474609 0.205078 0.470703 0.205078 0.468750 0.203125 0.472656 0.199219
0 0.013672 0.208984 0.011719 0.208984 0.009766 0.210938 0.005859 0.210938 0.003906 0.208984 0.003906 0.203125 0.005859 0.201172 0.009766 0.201172 0.011719 0.203125 0.013672 0.203125
0 0.357422 0.210938 0.357422 0.214844 0.353516 0.214844 0.351562 0.212891 0.355469 0.208984
0 0.351562 0.220703 0.349609 0.220703 0.347656 0.222656 0.343750 0.222656 0.341797 0.220703 0.341797 0.214844 0.343750 0.212891 0.347656 0.212891 0.349609 0.214844 0.351562 0.214844
0 0.365234 0.218750 0.365234 0.222656 0.361328 0.222656 0.359375 0.220703 0.363281 0.216797
0 0.027344 0.226562 0.025391 0.226562 0.023438 0.228516 0.019531 0.228516 0.017578 0.226562 0.017578 0.220703 0.019531 0.218750 0.023438 0.218750 0.025391 0.220703 0.027344 0.220703
0 0.062500 0.224609 0.062500 0.228516 0.058594 0.228516 0.056641 0.226562 0.060547 0.222656
0 0.107422 0.230469 0.105469 0.232422 0.105469 0.234375 0.103516 0.236328 0.097656 0.236328 0.095703 0.234375 0.095703 0.232422 0.093750 0.230469 0.093750 0.228516 0.095703 0.226562 0.095703 0.224609 0.097656 0.222656 0.103516 0.222656 0.105469 0.224609 0.105469 0.226562 0.107422 0.228516
0 0.363281 0.242188 0.357422 0.248047 0.351562 0.248047 0.345703 0.242188 0.345703 0.236328 0.351562 0.230469 0.357422 0.230469 0.363281 0.236328
0 0.359375 0.248047 0.357422 0.248047 0.355469 0.250000 0.351562 0.250000 0.349609 0.248047 0.349609 0.242188 0.351562 0.240234 0.355469 0.240234 0.357422 0.242188 0.359375 0.242188
0 0.142578 0.250000 0.136719 0.255859 0.130859 0.255859 0.125000 0.250000 0.125000 0.244141 0.130859 0.238281 0.136719 0.238281 0.142578 0.244141
0 0.154297 0.248047 0.154297 0.251953 0.150391 0.251953 0.148438 0.250000 0.152344 0.246094
0 0.935547 0.257812 0.933594 0.257812 0.931641 0.259766 0.927734 0.259766 0.925781 0.257812 0.925781 0.251953 0.927734 0.250000 0.931641 0.250000 0.933594 0.251953 0.935547 0.251953
0 0.201172 0.259766 0.199219 0.259766 0.197266 0.261719 0.193359 0.261719 0.191406 0.259766 0.191406 0.253906 0.193359 0.251953 0.197266 0.251953 0.199219 0.253906 0.201172 0.253906
0 0.357422 0.259766 0.357422 0.263672 0.353516 0.263672 0.351562 0.261719 0.355469 0.257812
0 0.269531 0.265625 0.267578 0.265625 0.265625 0.267578 0.261719 0.267578 0.259766 0.265625 0.259766 0.259766 0.261719 0.257812 0.265625 0.257812 0.267578 0.259766 0.269531 0.259766
0 0.291016 0.265625 0.289062 0.265625 0.287109 0.267578 0.283203 0.267578 0.281250 0.265625 0.281250 0.259766 0.283203 0.257812 0.287109 0.257812 0.289062 0.259766 0.291016 0.259766
0 0.164062 0.267578 0.162109 0.267578 0.160156 0.269531 0.156250 0.269531 0.154297 0.267578 0.154297 0.261719 0.156250 0.259766 0.160156 0.259766 0.162109 0.261719 0.164062 0.261719
0 0.152344 0.269531 0.150391 0.269531 0.148438 0.271484 0.144531 0.271484 0.142578 0.269531 0.142578 0.263672 0.144531 0.261719 0.148438 0.261719 0.150391 0.263672 0.152344 0.263672
0 0.244141 0.271484 0.242188 0.271484 0.240234 0.273438 0.236328 0.273438 0.234375 0.271484 0.234375 0.265625 0.236328 0.263672 0.240234 0.263672 0.242188 0.265625 0.244141 0.265625
0 0.214844 0.273438 0.212891 0.273438 0.210938 0.275391 0.207031 0.275391 0.205078 0.273438 0.205078 0.267578 0.207031 0.265625 0.210938 0.265625 0.212891 0.267578 0.214844 0.267578
0 0.125000 0.279297 0.119141 0.285156 0.113281 0.285156 0.107422 0.279297 0.107422 0.273438 0.113281 0.267578 0.119141 0.267578 0.125000 0.273438
0 0.193359 0.279297 0.187500 0.285156 0.181641 0.285156 0.175781 0.279297 0.175781 0.273438 0.181641 0.267578 0.187500 0.267578 0.193359 0.273438
0 0.314453 0.275391 0.314453 0.279297 0.310547 0.279297 0.308594 0.277344 0.312500 0.273438
0 0.267578 0.287109 0.265625 0.287109 0.263672 0.289062 0.253906 0.289062 0.248047 0.283203 0.248047 0.273438 0.250000 0.271484 0.251953 0.271484 0.251953 0.269531 0.253906 0.267578 0.263672 0.267578 0.269531 0.273438 0.269531 0.283203 0.267578 0.285156
0 0.240234 0.287109 0.238281 0.287109 0.236328 0.289062 0.232422 0.289062 0.230469 0.287109 0.230469 0.281250 0.232422 0.279297 0.236328 0.279297 0.238281 0.281250 0.240234 0.281250
0 0.328125 0.285156 0.326172 0.287109 0.326172 0.289062 0.324219 0.291016 0.318359 0.291016 0.316406 0.289062 0.316406 0.287109 0.314453 0.285156 0.314453 0.283203 0.316406 0.281250 0.316406 0.279297 0.318359 0.277344 0.324219 0.277344 0.326172 0.279297 0.326172 0.281250 0.328125 0.283203
0 0.283203 0.289062 0.281250 0.289062 0.279297 0.291016 0.275391 0.291016 0.273438 0.289062 0.273438 0.283203 0.275391 0.281250 0.279297 0.281250 0.281250 0.283203 0.283203 0.283203
0 0.210938 0.292969 0.208984 0.292969 0.207031 0.294922 0.203125 0.294922 0.201172 0.292969 0.201172 0.287109 0.203125 0.285156 0.207031 0.285156 0.208984 0.287109 0.210938 0.287109
0 0.306641 0.291016 0.304688 0.292969 0.304688 0.294922 0.302734 0.296875 0.296875 0.296875 0.294922 0.294922 0.294922 0.292969 0.292969 0.291016 0.292969 0.289062 0.294922 0.287109 0.294922 0.285156 0.296875 0.283203 0.302734 0.283203 0.304688 0.285156 0.304688 0.287109 0.306641 0.289062
0 0.337891 0.289062 0.337891 0.292969 0.333984 0.292969 0.332031 0.291016 0.335938 0.287109
0 0.337891 0.302734 0.332031 0.308594 0.326172 0.308594 0.320312 0.302734 0.320312 0.296875 0.326172 0.291016 0.332031 0.291016 0.337891 0.296875
0 0.136719 0.302734 0.136719 0.306641 0.132812 0.306641 0.130859 0.304688 0.134766 0.300781
0 0.330078 0.304688 0.328125 0.306641 0.328125 0.308594 0.326172 0.310547 0.320312 0.310547 0.318359 0.308594 0.318359 0.306641 0.316406 0.304688 0.316406 0.302734 0.318359 0.300781 0.318359 0.298828 0.320312 0.296875 0.326172 0.296875 0.328125 0.298828 0.328125 0.300781 0.330078 0.302734
0 0.335938 0.310547 0.335938 0.314453 0.332031 0.314453 0.330078 0.312500 0.333984 0.308594
0 0.136719 0.320312 0.134766 0.320312 0.132812 0.322266 0.128906 0.322266 0.126953 0.320312 0.126953 0.314453 0.128906 0.312500 0.132812 0.312500 0.134766 0.314453 0.136719 0.314453
0 0.332031 0.326172 0.330078 0.326172 0.328125 0.328125 0.324219 0.328125 0.322266 0.326172 0.322266 0.320312 0.324219 0.318359 0.328125 0.318359 0.330078 0.320312 0.332031 0.320312
0 0.763672 0.328125 0.757812 0.333984 0.751953 0.333984 0.746094 0.328125 0.746094 0.322266 0.751953 0.316406 0.757812 0.316406 0.763672 0.322266
0 0.132812 0.332031 0.130859 0.332031 0.128906 0.333984 0.125000 0.333984 0.123047 0.332031 0.123047 0.326172 0.125000 0.324219 0.128906 0.324219 0.130859 0.326172 0.132812 0.326172
0 0.361328 0.328125 0.361328 0.332031 0.357422 0.332031 0.355469 0.330078 0.359375 0.326172
0 0.025391 0.333984 0.019531 0.339844 0.013672 0.339844 0.007812 0.333984 0.007812 0.328125 0.013672 0.322266 0.019531 0.322266 0.025391 0.328125
0 0.230469 0.333984 0.228516 0.335938 0.228516 0.337891 0.226562 0.339844 0.220703 0.339844 0.218750 0.337891 0.218750 0.335938 0.216797 0.333984 0.216797 0.332031 0.218750 0.330078 0.218750 0.328125 0.220703 0.326172 0.226562 0.326172 0.228516 0.328125 0.228516 0.330078 0.230469 0.332031
0 0.320312 0.332031 0.320312 0.335938 0.316406 0.335938 0.314453 0.333984 0.318359 0.330078
0 0.333984 0.332031 0.333984 0.335938 0.330078 0.335938 0.328125 0.333984 0.332031 0.330078
0 0.503906 0.332031 0.503906 0.335938 0.500000 0.335938 0.498047 0.333984 0.501953 0.330078
0 0.371094 0.337891 0.369141 0.337891 0.367188 0.339844 0.363281 0.339844 0.361328 0.337891 0.361328 0.332031 0.363281 0.330078 0.367188 0.330078 0.369141 0.332031 0.371094 0.332031
0 0.253906 0.335938 0.253906 0.339844 0.250000 0.339844 0.248047 0.337891 0.251953 0.333984
0 0.390625 0.339844 0.388672 0.339844 0.386719 0.341797 0.382812 0.341797 0.380859 0.339844 0.380859 0.333984 0.382812 0.332031 0.386719 0.332031 0.388672 0.333984 0.390625 0.333984
0 0.324219 0.337891 0.324219 0.341797 0.320312 0.341797 0.318359 0.339844 0.322266 0.335938
0 0.322266 0.345703 0.316406 0.351562 0.310547 0.351562 0.304688 0.345703 0.304688 0.339844 0.310547 0.333984 0.316406 0.333984 0.322266 0.339844
0 0.347656 0.351562 0.345703 0.351562 0.343750 0.353516 0.333984 0.353516 0.328125 0.347656 0.328125 0.337891 0.330078 0.335938 0.332031 0.335938 0.332031 0.333984 0.333984 0.332031 0.343750 0.332031 0.349609 0.337891 0.349609 0.347656 0.347656 0.349609
0 0.498047 0.345703 0.496094 0.345703 0.494141 0.347656 0.490234 0.347656 0.488281 0.345703 0.488281 0.339844 0.490234 0.337891 0.494141 0.337891 0.496094 0.339844 0.498047 0.339844
0 0.515625 0.345703 0.513672 0.345703 0.511719 0.347656 0.507812 0.347656 0.505859 0.345703 0.505859 0.339844 0.507812 0.337891 0.511719 0.337891 0.513672 0.339844 0.515625 0.339844
0 0.330078 0.345703 0.328125 0.347656 0.328125 0.349609 0.326172 0.351562 0.320312 0.351562 0.318359 0.349609 0.318359 0.347656 0.316406 0.345703 0.316406 0.343750 0.318359 0.341797 0.318359 0.339844 0.320312 0.337891 0.326172 0.337891 0.328125 0.339844 0.328125 0.341797 0.330078 0.343750
0 0.123047 0.345703 0.123047 0.349609 0.119141 0.349609 0.117188 0.347656 0.121094 0.343750
0 0.365234 0.349609 0.363281 0.351562 0.363281 0.353516 0.361328 0.355469 0.355469 0.355469 0.353516 0.353516 0.353516 0.351562 0.351562 0.349609 0.351562 0.347656 0.353516 0.345703 0.353516 0.343750 0.355469 0.341797 0.361328 0.341797 0.363281 0.343750 0.363281 0.345703 0.365234 0.347656
0 0.246094 0.361328 0.244141 0.361328 0.242188 0.363281 0.232422 0.363281 0.226562 0.357422 0.226562 0.347656 0.228516 0.345703 0.230469 0.345703 0.230469 0.343750 0.232422 0.341797 0.242188 0.341797 0.248047 0.347656 0.248047 0.357422 0.246094 0.359375
0 0.312500 0.353516 0.312500 0.357422 0.308594 0.357422 0.306641 0.355469 0.310547 0.351562
0 0.783203 0.363281 0.781250 0.363281 0.779297 0.365234 0.769531 0.365234 0.763672 0.359375 0.763672 0.349609 0.765625 0.347656 0.767578 0.347656 0.767578 0.345703 0.769531 0.343750 0.779297 0.343750 0.785156 0.349609 0.785156 0.359375 0.783203 0.361328
0 0.033203 0.367188 0.031250 0.367188 0.029297 0.369141 0.019531 0.369141 0.013672 0.363281 0.013672 0.353516 0.015625 0.351562 0.017578 0.351562 0.017578 0.349609 0.019531 0.347656 0.029297 0.347656 0.035156 0.353516 0.035156 0.363281 0.033203 0.365234
0 0.365234 0.357422 0.365234 0.361328 0.361328 0.361328 0.359375 0.359375 0.363281 0.355469
0 0.322266 0.359375 0.322266 0.363281 0.318359 0.363281 0.316406 0.361328 0.320312 0.357422
0 0.751953 0.363281 0.746094 0.369141 0.740234 0.369141 0.734375 0.363281 0.734375 0.357422 0.740234 0.351562 0.746094 0.351562 0.751953 0.357422
0 0.355469 0.361328 0.355469 0.365234 0.351562 0.365234 0.349609 0.363281 0.353516 0.359375
0 0.757812 0.365234 0.751953 0.371094 0.746094 0.371094 0.740234 0.365234 0.740234 0.359375 0.746094 0.353516 0.751953 0.353516 0.757812 0.359375
0 0.207031 0.367188 0.201172 0.373047 0.195312 0.373047 0.189453 0.367188 0.189453 0.361328 0.195312 0.355469 0.201172 0.355469 0.207031 0.361328
0 0.316406 0.363281 0.316406 0.367188 0.312500 0.367188 0.310547 0.365234 0.314453 0.361328
0 0.367188 0.363281 0.367188 0.367188 0.363281 0.367188 0.361328 0.365234 0.365234 0.361328
0 0.167969 0.367188 0.166016 0.369141 0.166016 0.371094 0.164062 0.373047 0.158203 0.373047 0.156250 0.371094 0.156250 0.369141 0.154297 0.367188 0.154297 0.365234 0.156250 0.363281 0.156250 0.361328 0.158203 0.359375 0.164062 0.359375 0.166016 0.361328 0.166016 0.363281 0.167969 0.365234
0 0.357422 0.367188 0.357422 0.371094 0.353516 0.371094 0.351562 0.369141 0.355469 0.365234
0 0.150391 0.373047 0.148438 0.375000 0.148438 0.376953 0.146484 0.378906 0.140625 0.378906 0.138672 0.376953 0.138672 0.375000 0.136719 0.373047 0.136719 0.371094 0.138672 0.369141 0.138672 0.367188 0.140625 0.365234 0.146484 0.365234 0.148438 0.367188 0.148438 0.369141 0.150391 0.371094
0 0.371094 0.376953 0.369141 0.378906 0.369141 0.380859 0.367188 0.382812 0.361328 0.382812 0.359375 0.380859 0.359375 0.378906 0.357422 0.376953 0.357422 0.375000 0.359375 0.373047 0.359375 0.371094 0.361328 0.369141 0.367188 0.369141 0.369141 0.371094 0.369141 0.373047 0.371094 0.375000
0 0.380859 0.382812 0.378906 0.382812 0.376953 0.384766 0.373047 0.384766 0.371094 0.382812 0.371094 0.376953 0.373047 0.375000 0.376953 0.375000 0.378906 0.376953 0.380859 0.376953
0 0.128906 0.382812 0.126953 0.384766 0.126953 0.386719 0.125000 0.388672 0.119141 0.388672 0.117188 0.386719 0.117188 0.384766 0.115234 0.382812 0.115234 0.380859 0.117188 0.378906 0.117188 0.376953 0.119141 0.375000 0.125000 0.375000 0.126953 0.376953 0.126953 0.378906 0.128906 0.380859
0 0.269531 0.390625 0.267578 0.390625 0.265625 0.392578 0.255859 0.392578 0.250000 0.386719 0.250000 0.376953 0.251953 0.375000 0.253906 0.375000 0.253906 0.373047 0.255859 0.371094 0.265625 0.371094 0.271484 0.376953 0.271484 0.386719 0.269531 0.388672
0 0.675781 0.382812 0.675781 0.386719 0.671875 0.386719 0.669922 0.384766 0.673828 0.380859
0 0.927734 0.384766 0.927734 0.388672 0.923828 0.388672 0.921875 0.386719 0.925781 0.382812
0 0.269531 0.390625 0.267578 0.392578 0.267578 0.394531 0.265625 0.396484 0.259766 0.396484 0.257812 0.394531 0.257812 0.392578 0.255859 0.390625 0.255859 0.388672 0.257812 0.386719 0.257812 0.384766 0.259766 0.382812 0.265625 0.382812 0.267578 0.384766 0.267578 0.386719 0.269531 0.388672
0 0.933594 0.390625 0.933594 0.394531 0.929688 0.394531 0.927734 0.392578 0.931641 0.388672
0 0.296875 0.392578 0.296875 0.396484 0.292969 0.396484 0.291016 0.394531 0.294922 0.390625
0 0.347656 0.392578 0.347656 0.396484 0.343750 0.396484 0.341797 0.394531 0.345703 0.390625
0 0.363281 0.396484 0.361328 0.396484 0.359375 0.398438 0.355469 0.398438 0.353516 0.396484 0.353516 0.390625 0.355469 0.388672 0.359375 0.388672 0.361328 0.390625 0.363281 0.390625
0 0.921875 0.392578 0.921875 0.396484 0.917969 0.396484 0.916016 0.394531 0.919922 0.390625
0 0.382812 0.398438 0.380859 0.398438 0.378906 0.400391 0.375000 0.400391 0.373047 0.398438 0.373047 0.392578 0.375000 0.390625 0.378906 0.390625 0.380859 0.392578 0.382812 0.392578
0 0.302734 0.396484 0.302734 0.400391 0.298828 0.400391 0.296875 0.398438 0.300781 0.394531
0 0.642578 0.400391 0.636719 0.406250 0.630859 0.406250 0.625000 0.400391 0.625000 0.394531 0.630859 0.388672 0.636719 0.388672 0.642578 0.394531
0 0.353516 0.398438 0.353516 0.402344 0.349609 0.402344 0.347656 0.400391 0.351562 0.396484
0 0.373047 0.398438 0.373047 0.402344 0.369141 0.402344 0.367188 0.400391 0.371094 0.396484
0 0.318359 0.402344 0.318359 0.406250 0.314453 0.406250 0.312500 0.404297 0.316406 0.400391
0 0.283203 0.408203 0.281250 0.408203 0.279297 0.410156 0.275391 0.410156 0.273438 0.408203 0.273438 0.402344 0.275391 0.400391 0.279297 0.400391 0.281250 0.402344 0.283203 0.402344
0 0.330078 0.404297 0.330078 0.408203 0.326172 0.408203 0.324219 0.406250 0.328125 0.402344
0 0.912109 0.404297 0.912109 0.408203 0.908203 0.408203 0.906250 0.406250 0.910156 0.402344
0 0.902344 0.410156 0.902344 0.414062 0.898438 0.414062 0.896484 0.412109 0.900391 0.408203
0 0.302734 0.416016 0.300781 0.416016 0.298828 0.417969 0.294922 0.417969 0.292969 0.416016 0.292969 0.410156 0.294922 0.408203 0.298828 0.408203 0.300781 0.410156 0.302734 0.410156
0 0.910156 0.414062 0.910156 0.417969 0.906250 0.417969 0.904297 0.416016 0.908203 0.412109
0 0.826172 0.419922 0.826172 0.423828 0.822266 0.423828 0.820312 0.421875 0.824219 0.417969
0 0.306641 0.433594 0.304688 0.433594 0.302734 0.435547 0.292969 0.435547 0.287109 0.429688 0.287109 0.419922 0.289062 0.417969 0.291016 0.417969 0.291016 0.416016 0.292969 0.414062 0.302734 0.414062 0.308594 0.419922 0.308594 0.429688 0.306641 0.431641
0 0.832031 0.423828 0.832031 0.427734 0.828125 0.427734 0.826172 0.425781 0.830078 0.421875
0 0.621094 0.427734 0.619141 0.429688 0.619141 0.431641 0.617188 0.433594 0.611328 0.433594 0.609375 0.431641 0.609375 0.429688 0.607422 0.427734 0.607422 0.425781 0.609375 0.423828 0.609375 0.421875 0.611328 0.419922 0.617188 0.419922 0.619141 0.421875 0.619141 0.423828 0.621094 0.425781
0 0.820312 0.427734 0.820312 0.431641 0.816406 0.431641 0.814453 0.429688 0.818359 0.425781
0 0.642578 0.435547 0.636719 0.441406 0.630859 0.441406 0.625000 0.435547 0.625000 0.429688 0.630859 0.423828 0.636719 0.423828 0.642578 0.429688
0 0.792969 0.431641 0.792969 0.435547 0.789062 0.435547 0.787109 0.433594 0.791016 0.429688
0 0.300781 0.441406 0.298828 0.441406 0.296875 0.443359 0.292969 0.443359 0.291016 0.441406 0.291016 0.435547 0.292969 0.433594 0.296875 0.433594 0.298828 0.435547 0.300781 0.435547
0 0.787109 0.439453 0.787109 0.443359 0.783203 0.443359 0.781250 0.441406 0.785156 0.437500
0 0.796875 0.439453 0.796875 0.443359 0.792969 0.443359 0.791016 0.441406 0.794922 0.437500
0 0.710938 0.451172 0.708984 0.451172 0.707031 0.453125 0.697266 0.453125 0.691406 0.447266 0.691406 0.437500 0.693359 0.435547 0.695312 0.435547 0.695312 0.433594 0.697266 0.431641 0.707031 0.431641 0.712891 0.437500 0.712891 0.447266 0.710938 0.449219
0 0.003906 0.457031 0.000000 0.457031 0.000000 0.435547 0.003906 0.435547 0.005859 0.437500 0.005859 0.439453 0.007812 0.439453 0.009766 0.441406 0.009766 0.451172 0.007812 0.453125 0.007812 0.455078 0.005859 0.455078
0 0.537109 0.455078 0.535156 0.455078 0.533203 0.457031 0.529297 0.457031 0.527344 0.455078 0.527344 0.449219 0.529297 0.447266 0.533203 0.447266 0.535156 0.449219 0.537109 0.449219
0 0.876953 0.455078 0.875000 0.455078 0.873047 0.457031 0.869141 0.457031 0.867188 0.455078 0.867188 0.449219 0.869141 0.447266 0.873047 0.447266 0.875000 0.449219 0.876953 0.449219
0 0.308594 0.455078 0.306641 0.457031 0.306641 0.458984 0.304688 0.460938 0.298828 0.460938 0.296875 0.458984 0.296875 0.457031 0.294922 0.455078 0.294922 0.453125 0.296875 0.451172 0.296875 0.449219 0.298828 0.447266 0.304688 0.447266 0.306641 0.449219 0.306641 0.451172 0.308594 0.453125
0 0.529297 0.458984 0.527344 0.458984 0.525391 0.460938 0.521484 0.460938 0.519531 0.458984 0.519531 0.453125 0.521484 0.451172 0.525391 0.451172 0.527344 0.453125 0.529297 0.453125
0 0.898438 0.457031 0.896484 0.458984 0.896484 0.460938 0.894531 0.462891 0.888672 0.462891 0.886719 0.460938 0.886719 0.458984 0.884766 0.457031 0.884766 0.455078 0.886719 0.453125 0.886719 0.451172 0.888672 0.449219 0.894531 0.449219 0.896484 0.451172 0.896484 0.453125 0.898438 0.455078
0 0.546875 0.462891 0.544922 0.462891 0.542969 0.464844 0.539062 0.464844 0.537109 0.462891 0.537109 0.457031 0.539062 0.455078 0.542969 0.455078 0.544922 0.457031 0.546875 0.457031
0 0.869141 0.466797 0.867188 0.466797 0.865234 0.468750 0.861328 0.468750 0.859375 0.466797 0.859375 0.460938 0.861328 0.458984 0.865234 0.458984 0.867188 0.460938 0.869141 0.460938
0 0.626953 0.466797 0.626953 0.470703 0.623047 0.470703 0.621094 0.468750 0.625000 0.464844
0 0.681641 0.470703 0.675781 0.476562 0.669922 0.476562 0.664062 0.470703 0.664062 0.464844 0.669922 0.458984 0.675781 0.458984 0.681641 0.464844
0 0.298828 0.472656 0.296875 0.472656 0.294922 0.474609 0.291016 0.474609 0.289062 0.472656 0.289062 0.466797 0.291016 0.464844 0.294922 0.464844 0.296875 0.466797 0.298828 0.466797
0 0.531250 0.474609 0.529297 0.476562 0.529297 0.478516 0.527344 0.480469 0.521484 0.480469 0.519531 0.478516 0.519531 0.476562 0.517578 0.474609 0.517578 0.472656 0.519531 0.470703 0.519531 0.468750 0.521484 0.466797 0.527344 0.466797 0.529297 0.468750 0.529297 0.470703 0.531250 0.472656
0 0.589844 0.472656 0.589844 0.476562 0.585938 0.476562 0.583984 0.474609 0.587891 0.470703
0 0.970703 0.472656 0.970703 0.476562 0.966797 0.476562 0.964844 0.474609 0.968750 0.470703
0 0.564453 0.478516 0.562500 0.478516 0.560547 0.480469 0.556641 0.480469 0.554688 0.478516 0.554688 0.472656 0.556641 0.470703 0.560547 0.470703 0.562500 0.472656 0.564453 0.472656
0 0.710938 0.478516 0.708984 0.480469 0.708984 0.482422 0.707031 0.484375 0.701172 0.484375 0.699219 0.482422 0.699219 0.480469 0.697266 0.478516 0.697266 0.476562 0.699219 0.474609 0.699219 0.472656 0.701172 0.470703 0.707031 0.470703 0.708984 0.472656 0.708984 0.474609 0.710938 0.476562
0 0.880859 0.480469 0.878906 0.482422 0.878906 0.484375 0.876953 0.486328 0.871094 0.486328 0.869141 0.484375 0.869141 0.482422 0.867188 0.480469 0.867188 0.478516 0.869141 0.476562 0.869141 0.474609 0.871094 0.472656 0.876953 0.472656 0.878906 0.474609 0.878906 0.476562 0.880859 0.478516
0 0.974609 0.478516 0.974609 0.482422 0.970703 0.482422 0.968750 0.480469 0.972656 0.476562
0 0.285156 0.482422 0.283203 0.484375 0.283203 0.486328 0.281250 0.488281 0.275391 0.488281 0.273438 0.486328 0.273438 0.484375 0.271484 0.482422 0.271484 0.480469 0.273438 0.478516 0.273438 0.476562 0.275391 0.474609 0.281250 0.474609 0.283203 0.476562 0.283203 0.478516 0.285156 0.480469
0 0.542969 0.492188 0.541016 0.492188 0.539062 0.494141 0.529297 0.494141 0.523438 0.488281 0.523438 0.478516 0.525391 0.476562 0.527344 0.476562 0.527344 0.474609 0.529297 0.472656 0.539062 0.472656 0.544922 0.478516 0.544922 0.488281 0.542969 0.490234
0 0.966797 0.484375 0.966797 0.488281 0.962891 0.488281 0.960938 0.486328 0.964844 0.482422
0 0.505859 0.486328 0.505859 0.490234 0.501953 0.490234 0.500000 0.488281 0.503906 0.484375
0 0.527344 0.486328 0.527344 0.490234 0.523438 0.490234 0.521484 0.488281 0.525391 0.484375
0 0.728516 0.488281 0.726562 0.490234 0.726562 0.492188 0.724609 0.494141 0.718750 0.494141 0.716797 0.492188 0.716797 0.490234 0.714844 0.488281 0.714844 0.486328 0.716797 0.484375 0.716797 0.482422 0.718750 0.480469 0.724609 0.480469 0.726562 0.482422 0.726562 0.484375 0.728516 0.486328
0 0.253906 0.492188 0.251953 0.492188 0.250000 0.494141 0.246094 0.494141 0.244141 0.492188 0.244141 0.486328 0.246094 0.484375 0.250000 0.484375 0.251953 0.486328 0.253906 0.486328
0 0.304688 0.488281 0.304688 0.492188 0.300781 0.492188 0.298828 0.490234 0.302734 0.486328
0 0.550781 0.488281 0.550781 0.492188 0.546875 0.492188 0.544922 0.490234 0.548828 0.486328
0 0.642578 0.494141 0.640625 0.494141 0.638672 0.496094 0.634766 0.496094 0.632812 0.494141 0.632812 0.488281 0.634766 0.486328 0.638672 0.486328 0.640625 0.488281 0.642578 0.488281
0 0.566406 0.496094 0.564453 0.496094 0.562500 0.498047 0.558594 0.498047 0.556641 0.496094 0.556641 0.490234 0.558594 0.488281 0.562500 0.488281 0.564453 0.490234 0.566406 0.490234
0 0.800781 0.492188 0.800781 0.496094 0.796875 0.496094 0.794922 0.494141 0.798828 0.490234
0 0.269531 0.498047 0.267578 0.498047 0.265625 0.500000 0.261719 0.500000 0.259766 0.498047 0.259766 0.492188 0.261719 0.490234 0.265625 0.490234 0.267578 0.492188 0.269531 0.492188
0 0.509766 0.498047 0.507812 0.498047 0.505859 0.500000 0.501953 0.500000 0.500000 0.498047 0.500000 0.492188 0.501953 0.490234 0.505859 0.490234 0.507812 0.492188 0.509766 0.492188
0 0.859375 0.498047 0.857422 0.498047 0.855469 0.500000 0.851562 0.500000 0.849609 0.498047 0.849609 0.492188 0.851562 0.490234 0.855469 0.490234 0.857422 0.492188 0.859375 0.492188
0 0.310547 0.498047 0.310547 0.501953 0.306641 0.501953 0.304688 0.500000 0.308594 0.496094
0 0.519531 0.503906 0.517578 0.503906 0.515625 0.505859 0.511719 0.505859 0.509766 0.503906 0.509766 0.498047 0.511719 0.496094 0.515625 0.496094 0.517578 0.498047 0.519531 0.498047
0 0.660156 0.503906 0.658203 0.503906 0.656250 0.505859 0.652344 0.505859 0.650391 0.503906 0.650391 0.498047 0.652344 0.496094 0.656250 0.496094 0.658203 0.498047 0.660156 0.498047
0 0.746094 0.500000 0.746094 0.503906 0.742188 0.503906 0.740234 0.501953 0.744141 0.498047
0 0.882812 0.503906 0.880859 0.503906 0.878906 0.505859 0.875000 0.505859 0.873047 0.503906 0.873047 0.498047 0.875000 0.496094 0.878906 0.496094 0.880859 0.498047 0.882812 0.498047
0 0.755859 0.501953 0.755859 0.505859 0.751953 0.505859 0.750000 0.503906 0.753906 0.500000
0 0.998047 0.500000 0.998047 0.505859 0.996094 0.505859 0.994141 0.503906
0 0.642578 0.507812 0.640625 0.507812 0.638672 0.509766 0.634766 0.509766 0.632812 0.507812 0.632812 0.501953 0.634766 0.500000 0.638672 0.500000 0.640625 0.501953 0.642578 0.501953
0 0.308594 0.507812 0.306641 0.509766 0.306641 0.511719 0.304688 0.513672 0.298828 0.513672 0.296875 0.511719 0.296875 0.509766 0.294922 0.507812 0.294922 0.505859 0.296875 0.503906 0.296875 0.501953 0.298828 0.500000 0.304688 0.500000 0.306641 0.501953 0.306641 0.503906 0.308594 0.505859
0 0.701172 0.507812 0.699219 0.509766 0.699219 0.511719 0.697266 0.513672 0.691406 0.513672 0.689453 0.511719 0.689453 0.509766 0.687500 0.507812 0.687500 0.505859 0.689453 0.503906 0.689453 0.501953 0.691406 0.500000 0.697266 0.500000 0.699219 0.501953 0.699219 0.503906 0.701172 0.505859
0 0.873047 0.509766 0.871094 0.509766 0.869141 0.511719 0.865234 0.511719 0.863281 0.509766 0.863281 0.503906 0.865234 0.501953 0.869141 0.501953 0.871094 0.503906 0.873047 0.503906
0 0.228516 0.509766 0.226562 0.511719 0.226562 0.513672 0.224609 0.515625 0.218750 0.515625 0.216797 0.513672 0.216797 0.511719 0.214844 0.509766 0.214844 0.507812 0.216797 0.505859 0.216797 0.503906 0.218750 0.501953 0.224609 0.501953 0.226562 0.503906 0.226562 0.505859 0.228516 0.507812
0 0.298828 0.517578 0.296875 0.517578 0.294922 0.519531 0.285156 0.519531 0.279297 0.513672 0.279297 0.503906 0.281250 0.501953 0.283203 0.501953 0.283203 0.500000 0.285156 0.498047 0.294922 0.498047 0.300781 0.503906 0.300781 0.513672 0.298828 0.515625
0 0.656250 0.511719 0.654297 0.511719 0.652344 0.513672 0.648438 0.513672 0.646484 0.511719 0.646484 0.505859 0.648438 0.503906 0.652344 0.503906 0.654297 0.505859 0.656250 0.505859
0 0.677734 0.511719 0.675781 0.511719 0.673828 0.513672 0.669922 0.513672 0.667969 0.511719 0.667969 0.505859 0.669922 0.503906 0.673828 0.503906 0.675781 0.505859 0.677734 0.505859
0 0.746094 0.507812 0.746094 0.511719 0.742188 0.511719 0.740234 0.509766 0.744141 0.505859
0 0.755859 0.507812 0.755859 0.511719 0.751953 0.511719 0.750000 0.509766 0.753906 0.505859
0 0.181641 0.519531 0.179688 0.519531 0.177734 0.521484 0.173828 0.521484 0.171875 0.519531 0.171875 0.513672 0.173828 0.511719 0.177734 0.511719 0.179688 0.513672 0.181641 0.513672
0 0.671875 0.521484 0.669922 0.521484 0.667969 0.523438 0.664062 0.523438 0.662109 0.521484 0.662109 0.515625 0.664062 0.513672 0.667969 0.513672 0.669922 0.515625 0.671875 0.515625
0 0.720703 0.519531 0.718750 0.521484 0.718750 0.523438 0.716797 0.525391 0.710938 0.525391 0.708984 0.523438 0.708984 0.521484 0.707031 0.519531 0.707031 0.517578 0.708984 0.515625 0.708984 0.513672 0.710938 0.511719 0.716797 0.511719 0.718750 0.513672 0.718750 0.515625 0.720703 0.517578
0 0.201172 0.525391 0.199219 0.525391 0.197266 0.527344 0.193359 0.527344 0.191406 0.525391 0.191406 0.519531 0.193359 0.517578 0.197266 0.517578 0.199219 0.519531 0.201172 0.519531
0 0.302734 0.521484 0.302734 0.525391 0.298828 0.525391 0.296875 0.523438 0.300781 0.519531
0 0.291016 0.523438 0.291016 0.527344 0.287109 0.527344 0.285156 0.525391 0.289062 0.521484
0 0.855469 0.525391 0.855469 0.529297 0.851562 0.529297 0.849609 0.527344 0.853516 0.523438
0 0.166016 0.531250 0.164062 0.531250 0.162109 0.533203 0.158203 0.533203 0.156250 0.531250 0.156250 0.525391 0.158203 0.523438 0.162109 0.523438 0.164062 0.525391 0.166016 0.525391
0 0.306641 0.533203 0.306641 0.537109 0.302734 0.537109 0.300781 0.535156 0.304688 0.531250
0 0.603516 0.533203 0.603516 0.537109 0.599609 0.537109 0.597656 0.535156 0.601562 0.531250
0 0.294922 0.539062 0.294922 0.542969 0.291016 0.542969 0.289062 0.541016 0.292969 0.537109
0 0.599609 0.539062 0.599609 0.542969 0.595703 0.542969 0.593750 0.541016 0.597656 0.537109
0 0.408203 0.544922 0.406250 0.544922 0.404297 0.546875 0.400391 0.546875 0.398438 0.544922 0.398438 0.539062 0.400391 0.537109 0.404297 0.537109 0.406250 0.539062 0.408203 0.539062
0 0.421875 0.542969 0.421875 0.546875 0.417969 0.546875 0.416016 0.544922 0.419922 0.541016
0 0.255859 0.546875 0.255859 0.550781 0.251953 0.550781 0.250000 0.548828 0.253906 0.544922
0 0.179688 0.548828 0.179688 0.552734 0.175781 0.552734 0.173828 0.550781 0.177734 0.546875
0 0.537109 0.552734 0.531250 0.558594 0.525391 0.558594 0.519531 0.552734 0.519531 0.546875 0.525391 0.541016 0.531250 0.541016 0.537109 0.546875
0 0.906250 0.548828 0.906250 0.552734 0.902344 0.552734 0.900391 0.550781 0.904297 0.546875
0 0.003906 0.562500 0.000000 0.562500 0.000000 0.541016 0.003906 0.541016 0.005859 0.542969 0.005859 0.544922 0.007812 0.544922 0.009766 0.546875 0.009766 0.556641 0.007812 0.558594 0.007812 0.560547 0.005859 0.560547
0 0.509766 0.552734 0.507812 0.554688 0.507812 0.556641 0.505859 0.558594 0.500000 0.558594 0.498047 0.556641 0.498047 0.554688 0.496094 0.552734 0.496094 0.550781 0.498047 0.548828 0.498047 0.546875 0.500000 0.544922 0.505859 0.544922 0.507812 0.546875 0.507812 0.548828 0.509766 0.550781
0 0.558594 0.554688 0.556641 0.554688 0.554688 0.556641 0.550781 0.556641 0.548828 0.554688 0.548828 0.548828 0.550781 0.546875 0.554688 0.546875 0.556641 0.548828 0.558594 0.548828
0 0.402344 0.560547 0.400391 0.560547 0.398438 0.562500 0.394531 0.562500 0.392578 0.560547 0.392578 0.554688 0.394531 0.552734 0.398438 0.552734 0.400391 0.554688 0.402344 0.554688
0 0.816406 0.560547 0.814453 0.560547 0.812500 0.562500 0.808594 0.562500 0.806641 0.560547 0.806641 0.554688 0.808594 0.552734 0.812500 0.552734 0.814453 0.554688 0.816406 0.554688
0 0.656250 0.558594 0.656250 0.562500 0.652344 0.562500 0.650391 0.560547 0.654297 0.556641
0 0.669922 0.558594 0.669922 0.562500 0.666016 0.562500 0.664062 0.560547 0.667969 0.556641
0 0.589844 0.564453 0.587891 0.564453 0.585938 0.566406 0.582031 0.566406 0.580078 0.564453 0.580078 0.558594 0.582031 0.556641 0.585938 0.556641 0.587891 0.558594 0.589844 0.558594
0 0.908203 0.560547 0.908203 0.564453 0.904297 0.564453 0.902344 0.562500 0.906250 0.558594
0 0.566406 0.562500 0.566406 0.566406 0.562500 0.566406 0.560547 0.564453 0.564453 0.560547
0 0.314453 0.568359 0.312500 0.568359 0.310547 0.570312 0.306641 0.570312 0.304688 0.568359 0.304688 0.562500 0.306641 0.560547 0.310547 0.560547 0.312500 0.562500 0.314453 0.562500
0 0.548828 0.568359 0.542969 0.574219 0.537109 0.574219 0.531250 0.568359 0.531250 0.562500 0.537109 0.556641 0.542969 0.556641 0.548828 0.562500
0 0.607422 0.568359 0.605469 0.568359 0.603516 0.570312 0.599609 0.570312 0.597656 0.568359 0.597656 0.562500 0.599609 0.560547 0.603516 0.560547 0.605469 0.562500 0.607422 0.562500
0 0.804688 0.568359 0.802734 0.568359 0.800781 0.570312 0.796875 0.570312 0.794922 0.568359 0.794922 0.562500 0.796875 0.560547 0.800781 0.560547 0.802734 0.562500 0.804688 0.562500
0 0.869141 0.568359 0.867188 0.568359 0.865234 0.570312 0.861328 0.570312 0.859375 0.568359 0.859375 0.562500 0.861328 0.560547 0.865234 0.560547 0.867188 0.562500 0.869141 0.562500
0 0.039062 0.570312 0.037109 0.570312 0.035156 0.572266 0.031250 0.572266 0.029297 0.570312 0.029297 0.564453 0.031250 0.562500 0.035156 0.562500 0.037109 0.564453 0.039062 0.564453
0 0.326172 0.566406 0.326172 0.570312 0.322266 0.570312 0.320312 0.568359 0.324219 0.564453
0 0.824219 0.570312 0.822266 0.570312 0.820312 0.572266 0.816406 0.572266 0.814453 0.570312 0.814453 0.564453 0.816406 0.562500 0.820312 0.562500 0.822266 0.564453 0.824219 0.564453
0 0.861328 0.570312 0.859375 0.570312 0.857422 0.572266 0.853516 0.572266 0.851562 0.570312 0.851562 0.564453 0.853516 0.562500 0.857422 0.562500 0.859375 0.564453 0.861328 0.564453
0 0.392578 0.572266 0.390625 0.572266 0.388672 0.574219 0.384766 0.574219 0.382812 0.572266 0.382812 0.566406 0.384766 0.564453 0.388672 0.564453 0.390625 0.566406 0.392578 0.566406
0 0.552734 0.568359 0.552734 0.572266 0.548828 0.572266 0.546875 0.570312 0.550781 0.566406
0 0.503906 0.580078 0.501953 0.580078 0.500000 0.582031 0.490234 0.582031 0.484375 0.576172 0.484375 0.566406 0.486328 0.564453 0.488281 0.564453 0.488281 0.562500 0.490234 0.560547 0.500000 0.560547 0.505859 0.566406 0.505859 0.576172 0.503906 0.578125
0 0.298828 0.572266 0.298828 0.576172 0.294922 0.576172 0.292969 0.574219 0.296875 0.570312
0 0.703125 0.572266 0.703125 0.576172 0.699219 0.576172 0.697266 0.574219 0.701172 0.570312
0 0.714844 0.572266 0.714844 0.576172 0.710938 0.576172 0.708984 0.574219 0.712891 0.570312
0 0.320312 0.574219 0.320312 0.578125 0.316406 0.578125 0.314453 0.576172 0.318359 0.572266
0 0.185547 0.576172 0.185547 0.580078 0.181641 0.580078 0.179688 0.578125 0.183594 0.574219
0 0.414062 0.578125 0.412109 0.580078 0.412109 0.582031 0.410156 0.583984 0.404297 0.583984 0.402344 0.582031 0.402344 0.580078 0.400391 0.578125 0.400391 0.576172 0.402344 0.574219 0.402344 0.572266 0.404297 0.570312 0.410156 0.570312 0.412109 0.572266 0.412109 0.574219 0.414062 0.576172
0 0.052734 0.582031 0.050781 0.582031 0.048828 0.583984 0.044922 0.583984 0.042969 0.582031 0.042969 0.576172 0.044922 0.574219 0.048828 0.574219 0.050781 0.576172 0.052734 0.576172
0 0.816406 0.580078 0.814453 0.582031 0.814453 0.583984 0.812500 0.585938 0.806641 0.585938 0.804688 0.583984 0.804688 0.582031 0.802734 0.580078 0.802734 0.578125 0.804688 0.576172 0.804688 0.574219 0.806641 0.572266 0.812500 0.572266 0.814453 0.574219 0.814453 0.576172 0.816406 0.578125
0 0.285156 0.580078 0.285156 0.583984 0.281250 0.583984 0.279297 0.582031 0.283203 0.578125
0 0.712891 0.583984 0.710938 0.583984 0.708984 0.585938 0.705078 0.585938 0.703125 0.583984 0.703125 0.578125 0.705078 0.576172 0.708984 0.576172 0.710938 0.578125 0.712891 0.578125
0 0.302734 0.582031 0.302734 0.585938 0.298828 0.585938 0.296875 0.583984 0.300781 0.580078
0 0.451172 0.585938 0.449219 0.585938 0.447266 0.587891 0.443359 0.587891 0.441406 0.585938 0.441406 0.580078 0.443359 0.578125 0.447266 0.578125 0.449219 0.580078 0.451172 0.580078
0 0.855469 0.585938 0.853516 0.585938 0.851562 0.587891 0.847656 0.587891 0.845703 0.585938 0.845703 0.580078 0.847656 0.578125 0.851562 0.578125 0.853516 0.580078 0.855469 0.580078
0 0.523438 0.587891 0.517578 0.593750 0.511719 0.593750 0.505859 0.587891 0.505859 0.582031 0.511719 0.576172 0.517578 0.576172 0.523438 0.582031
0 0.289062 0.585938 0.289062 0.589844 0.285156 0.589844 0.283203 0.587891 0.287109 0.583984
0 0.787109 0.595703 0.785156 0.595703 0.783203 0.597656 0.773438 0.597656 0.767578 0.591797 0.767578 0.582031 0.769531 0.580078 0.771484 0.580078 0.771484 0.578125 0.773438 0.576172 0.783203 0.576172 0.789062 0.582031 0.789062 0.591797 0.787109 0.593750
0 0.191406 0.587891 0.191406 0.591797 0.187500 0.591797 0.185547 0.589844 0.189453 0.585938
0 0.376953 0.587891 0.376953 0.591797 0.373047 0.591797 0.371094 0.589844 0.375000 0.585938
0 0.275391 0.589844 0.275391 0.593750 0.271484 0.593750 0.269531 0.591797 0.273438 0.587891
0 0.824219 0.599609 0.822266 0.599609 0.820312 0.601562 0.810547 0.601562 0.804688 0.595703 0.804688 0.585938 0.806641 0.583984 0.808594 0.583984 0.808594 0.582031 0.810547 0.580078 0.820312 0.580078 0.826172 0.585938 0.826172 0.595703 0.824219 0.597656
0 0.865234 0.593750 0.863281 0.593750 0.861328 0.595703 0.857422 0.595703 0.855469 0.593750 0.855469 0.587891 0.857422 0.585938 0.861328 0.585938 0.863281 0.587891 0.865234 0.587891
0 0.886719 0.593750 0.884766 0.593750 0.882812 0.595703 0.878906 0.595703 0.876953 0.593750 0.876953 0.587891 0.878906 0.585938 0.882812 0.585938 0.884766 0.587891 0.886719 0.587891
0 0.730469 0.593750 0.728516 0.595703 0.728516 0.597656 0.726562 0.599609 0.720703 0.599609 0.718750 0.597656 0.718750 0.595703 0.716797 0.593750 0.716797 0.591797 0.718750 0.589844 0.718750 0.587891 0.720703 0.585938 0.726562 0.585938 0.728516 0.587891 0.728516 0.589844 0.730469 0.591797
0 0.294922 0.595703 0.292969 0.597656 0.292969 0.599609 0.291016 0.601562 0.285156 0.601562 0.283203 0.599609 0.283203 0.597656 0.281250 0.595703 0.281250 0.593750 0.283203 0.591797 0.283203 0.589844 0.285156 0.587891 0.291016 0.587891 0.292969 0.589844 0.292969 0.591797 0.294922 0.593750
0 0.582031 0.597656 0.580078 0.597656 0.578125 0.599609 0.574219 0.599609 0.572266 0.597656 0.572266 0.591797 0.574219 0.589844 0.578125 0.589844 0.580078 0.591797 0.582031 0.591797
0 0.367188 0.595703 0.367188 0.599609 0.363281 0.599609 0.361328 0.597656 0.365234 0.593750
0 0.722656 0.599609 0.720703 0.599609 0.718750 0.601562 0.714844 0.601562 0.712891 0.599609 0.712891 0.593750 0.714844 0.591797 0.718750 0.591797 0.720703 0.593750 0.722656 0.593750
0 0.847656 0.599609 0.845703 0.599609 0.843750 0.601562 0.839844 0.601562 0.837891 0.599609 0.837891 0.593750 0.839844 0.591797 0.843750 0.591797 0.845703 0.593750 0.847656 0.593750
0 0.408203 0.599609 0.406250 0.601562 0.406250 0.603516 0.404297 0.605469 0.398438 0.605469 0.396484 0.603516 0.396484 0.601562 0.394531 0.599609 0.394531 0.597656 0.396484 0.595703 0.396484 0.593750 0.398438 0.591797 0.404297 0.591797 0.406250 0.593750 0.406250 0.595703 0.408203 0.597656
0 0.863281 0.607422 0.861328 0.607422 0.859375 0.609375 0.849609 0.609375 0.843750 0.603516 0.843750 0.593750 0.845703 0.591797 0.847656 0.591797 0.847656 0.589844 0.849609 0.587891 0.859375 0.587891 0.865234 0.593750 0.865234 0.603516 0.863281 0.605469
0 0.380859 0.603516 0.378906 0.603516 0.376953 0.605469 0.373047 0.605469 0.371094 0.603516 0.371094 0.597656 0.373047 0.595703 0.376953 0.595703 0.378906 0.597656 0.380859 0.597656
0 0.433594 0.603516 0.427734 0.609375 0.421875 0.609375 0.416016 0.603516 0.416016 0.597656 0.421875 0.591797 0.427734 0.591797 0.433594 0.597656
0 0.898438 0.603516 0.896484 0.603516 0.894531 0.605469 0.890625 0.605469 0.888672 0.603516 0.888672 0.597656 0.890625 0.595703 0.894531 0.595703 0.896484 0.597656 0.898438 0.597656
0 0.960938 0.599609 0.960938 0.603516 0.957031 0.603516 0.955078 0.601562 0.958984 0.597656
0 0.269531 0.603516 0.267578 0.605469 0.267578 0.607422 0.265625 0.609375 0.259766 0.609375 0.257812 0.607422 0.257812 0.605469 0.255859 0.603516 0.255859 0.601562 0.257812 0.599609 0.257812 0.597656 0.259766 0.595703 0.265625 0.595703 0.267578 0.597656 0.267578 0.599609 0.269531 0.601562
0 0.363281 0.601562 0.363281 0.605469 0.359375 0.605469 0.357422 0.603516 0.361328 0.599609
0 0.447266 0.601562 0.447266 0.605469 0.443359 0.605469 0.441406 0.603516 0.445312 0.599609
0 0.759766 0.605469 0.757812 0.605469 0.755859 0.607422 0.751953 0.607422 0.750000 0.605469 0.750000 0.599609 0.751953 0.597656 0.755859 0.597656 0.757812 0.599609 0.759766 0.599609
0 0.826172 0.605469 0.824219 0.605469 0.822266 0.607422 0.818359 0.607422 0.816406 0.605469 0.816406 0.599609 0.818359 0.597656 0.822266 0.597656 0.824219 0.599609 0.826172 0.599609
0 0.537109 0.605469 0.535156 0.607422 0.535156 0.609375 0.533203 0.611328 0.527344 0.611328 0.525391 0.609375 0.525391 0.607422 0.523438 0.605469 0.523438 0.603516 0.525391 0.601562 0.525391 0.599609 0.527344 0.597656 0.533203 0.597656 0.535156 0.599609 0.535156 0.601562 0.537109 0.603516
0 0.570312 0.607422 0.564453 0.613281 0.558594 0.613281 0.552734 0.607422 0.552734 0.601562 0.558594 0.595703 0.564453 0.595703 0.570312 0.601562
0 0.199219 0.607422 0.197266 0.609375 0.197266 0.611328 0.195312 0.613281 0.189453 0.613281 0.187500 0.611328 0.187500 0.609375 0.185547 0.607422 0.185547 0.605469 0.187500 0.603516 0.187500 0.601562 0.189453 0.599609 0.195312 0.599609 0.197266 0.601562 0.197266 0.603516 0.199219 0.605469
0 0.521484 0.611328 0.519531 0.611328 0.517578 0.613281 0.513672 0.613281 0.511719 0.611328 0.511719 0.605469 0.513672 0.603516 0.517578 0.603516 0.519531 0.605469 0.521484 0.605469
0 0.716797 0.613281 0.714844 0.613281 0.712891 0.615234 0.708984 0.615234 0.707031 0.613281 0.707031 0.607422 0.708984 0.605469 0.712891 0.605469 0.714844 0.607422 0.716797 0.607422
0 0.246094 0.611328 0.246094 0.615234 0.242188 0.615234 0.240234 0.613281 0.244141 0.609375
0 0.373047 0.615234 0.371094 0.615234 0.369141 0.617188 0.365234 0.617188 0.363281 0.615234 0.363281 0.609375 0.365234 0.607422 0.369141 0.607422 0.371094 0.609375 0.373047 0.609375
0 0.394531 0.613281 0.392578 0.615234 0.392578 0.617188 0.390625 0.619141 0.384766 0.619141 0.382812 0.617188 0.382812 0.615234 0.380859 0.613281 0.380859 0.611328 0.382812 0.609375 0.382812 0.607422 0.384766 0.605469 0.390625 0.605469 0.392578 0.607422 0.392578 0.609375 0.394531 0.611328
0 0.625000 0.615234 0.623047 0.615234 0.621094 0.617188 0.617188 0.617188 0.615234 0.615234 0.615234 0.609375 0.617188 0.607422 0.621094 0.607422 0.623047 0.609375 0.625000 0.609375
0 0.750000 0.615234 0.744141 0.621094 0.738281 0.621094 0.732422 0.615234 0.732422 0.609375 0.738281 0.603516 0.744141 0.603516 0.750000 0.609375
0 0.755859 0.611328 0.755859 0.615234 0.751953 0.615234 0.750000 0.613281 0.753906 0.609375
0 0.921875 0.615234 0.919922 0.615234 0.917969 0.617188 0.914062 0.617188 0.912109 0.615234 0.912109 0.609375 0.914062 0.607422 0.917969 0.607422 0.919922 0.609375 0.921875 0.609375
0 0.902344 0.613281 0.902344 0.617188 0.898438 0.617188 0.896484 0.615234 0.900391 0.611328
0 0.955078 0.613281 0.955078 0.617188 0.951172 0.617188 0.949219 0.615234 0.953125 0.611328
0 0.974609 0.613281 0.974609 0.617188 0.970703 0.617188 0.968750 0.615234 0.972656 0.611328
0 0.585938 0.619141 0.583984 0.619141 0.582031 0.621094 0.578125 0.621094 0.576172 0.619141 0.576172 0.613281 0.578125 0.611328 0.582031 0.611328 0.583984 0.613281 0.585938 0.613281
0 0.601562 0.625000 0.599609 0.625000 0.597656 0.626953 0.587891 0.626953 0.582031 0.621094 0.582031 0.611328 0.583984 0.609375 0.585938 0.609375 0.585938 0.607422 0.587891 0.605469 0.597656 0.605469 0.603516 0.611328 0.603516 0.621094 0.601562 0.623047
0 0.761719 0.615234 0.761719 0.619141 0.757812 0.619141 0.755859 0.617188 0.759766 0.613281
0 0.777344 0.619141 0.771484 0.625000 0.765625 0.625000 0.759766 0.619141 0.759766 0.613281 0.765625 0.607422 0.771484 0.607422 0.777344 0.613281
0 0.412109 0.621094 0.410156 0.621094 0.408203 0.623047 0.404297 0.623047 0.402344 0.621094 0.402344 0.615234 0.404297 0.613281 0.408203 0.613281 0.410156 0.615234 0.412109 0.615234
0 0.552734 0.621094 0.550781 0.621094 0.548828 0.623047 0.544922 0.623047 0.542969 0.621094 0.542969 0.615234 0.544922 0.613281 0.548828 0.613281 0.550781 0.615234 0.552734 0.615234
0 0.832031 0.619141 0.830078 0.621094 0.830078 0.623047 0.828125 0.625000 0.822266 0.625000 0.820312 0.623047 0.820312 0.621094 0.818359 0.619141 0.818359 0.617188 0.820312 0.615234 0.820312 0.613281 0.822266 0.611328 0.828125 0.611328 0.830078 0.613281 0.830078 0.615234 0.832031 0.617188
0 0.896484 0.617188 0.896484 0.621094 0.892578 0.621094 0.890625 0.619141 0.894531 0.615234
0 0.460938 0.623047 0.455078 0.628906 0.449219 0.628906 0.443359 0.623047 0.443359 0.617188 0.449219 0.611328 0.455078 0.611328 0.460938 0.617188
0 0.937500 0.623047 0.935547 0.623047 0.933594 0.625000 0.929688 0.625000 0.927734 0.623047 0.927734 0.617188 0.929688 0.615234 0.933594 0.615234 0.935547 0.617188 0.937500 0.617188
0 0.794922 0.625000 0.792969 0.625000 0.791016 0.626953 0.787109 0.626953 0.785156 0.625000 0.785156 0.619141 0.787109 0.617188 0.791016 0.617188 0.792969 0.619141 0.794922 0.619141
0 0.972656 0.621094 0.972656 0.625000 0.968750 0.625000 0.966797 0.623047 0.970703 0.619141
0 0.226562 0.626953 0.224609 0.626953 0.222656 0.628906 0.218750 0.628906 0.216797 0.626953 0.216797 0.621094 0.218750 0.619141 0.222656 0.619141 0.224609 0.621094 0.226562 0.621094
0 0.375000 0.632812 0.373047 0.632812 0.371094 0.634766 0.361328 0.634766 0.355469 0.628906 0.355469 0.619141 0.357422 0.617188 0.359375 0.617188 0.359375 0.615234 0.361328 0.613281 0.371094 0.613281 0.376953 0.619141 0.376953 0.628906 0.375000 0.630859
0 0.562500 0.623047 0.562500 0.626953 0.558594 0.626953 0.556641 0.625000 0.560547 0.621094
0 0.966797 0.625000 0.966797 0.628906 0.962891 0.628906 0.960938 0.626953 0.964844 0.623047
0 0.484375 0.630859 0.482422 0.630859 0.480469 0.632812 0.476562 0.632812 0.474609 0.630859 0.474609 0.625000 0.476562 0.623047 0.480469 0.623047 0.482422 0.625000 0.484375 0.625000
0 0.628906 0.630859 0.626953 0.630859 0.625000 0.632812 0.621094 0.632812 0.619141 0.630859 0.619141 0.625000 0.621094 0.623047 0.625000 0.623047 0.626953 0.625000 0.628906 0.625000
0 0.687500 0.630859 0.685547 0.630859 0.683594 0.632812 0.679688 0.632812 0.677734 0.630859 0.677734 0.625000 0.679688 0.623047 0.683594 0.623047 0.685547 0.625000 0.687500 0.625000
0 0.060547 0.638672 0.058594 0.638672 0.056641 0.640625 0.046875 0.640625 0.041016 0.634766 0.041016 0.625000 0.042969 0.623047 0.044922 0.623047 0.044922 0.621094 0.046875 0.619141 0.056641 0.619141 0.062500 0.625000 0.062500 0.634766 0.060547 0.636719
0 0.355469 0.628906 0.355469 0.632812 0.351562 0.632812 0.349609 0.630859 0.353516 0.626953
0 0.251953 0.642578 0.250000 0.642578 0.248047 0.644531 0.238281 0.644531 0.232422 0.638672 0.232422 0.628906 0.234375 0.626953 0.236328 0.626953 0.236328 0.625000 0.238281 0.623047 0.248047 0.623047 0.253906 0.628906 0.253906 0.638672 0.251953 0.640625
0 0.361328 0.632812 0.361328 0.636719 0.357422 0.636719 0.355469 0.634766 0.359375 0.630859
0 0.613281 0.636719 0.611328 0.636719 0.609375 0.638672 0.605469 0.638672 0.603516 0.636719 0.603516 0.630859 0.605469 0.628906 0.609375 0.628906 0.611328 0.630859 0.613281 0.630859
0 0.261719 0.638672 0.259766 0.638672 0.257812 0.640625 0.253906 0.640625 0.251953 0.638672 0.251953 0.632812 0.253906 0.630859 0.257812 0.630859 0.259766 0.632812 0.261719 0.632812
0 0.283203 0.638672 0.281250 0.638672 0.279297 0.640625 0.275391 0.640625 0.273438 0.638672 0.273438 0.632812 0.275391 0.630859 0.279297 0.630859 0.281250 0.632812 0.283203 0.632812
0 0.318359 0.634766 0.318359 0.638672 0.314453 0.638672 0.312500 0.636719 0.316406 0.632812
0 0.330078 0.634766 0.330078 0.638672 0.326172 0.638672 0.324219 0.636719 0.328125 0.632812
0 0.535156 0.634766 0.535156 0.638672 0.531250 0.638672 0.529297 0.636719 0.533203 0.632812
0 0.656250 0.640625 0.654297 0.640625 0.652344 0.642578 0.648438 0.642578 0.646484 0.640625 0.646484 0.634766 0.648438 0.632812 0.652344 0.632812 0.654297 0.634766 0.656250 0.634766
0 0.720703 0.636719 0.720703 0.640625 0.716797 0.640625 0.714844 0.638672 0.718750 0.634766
0 0.349609 0.638672 0.349609 0.642578 0.345703 0.642578 0.343750 0.640625 0.347656 0.636719
0 0.384766 0.638672 0.384766 0.642578 0.380859 0.642578 0.378906 0.640625 0.382812 0.636719
0 0.417969 0.642578 0.416016 0.642578 0.414062 0.644531 0.410156 0.644531 0.408203 0.642578 0.408203 0.636719 0.410156 0.634766 0.414062 0.634766 0.416016 0.636719 0.417969 0.636719
0 0.439453 0.640625 0.437500 0.642578 0.437500 0.644531 0.435547 0.646484 0.429688 0.646484 0.427734 0.644531 0.427734 0.642578 0.425781 0.640625 0.425781 0.638672 0.427734 0.636719 0.427734 0.634766 0.429688 0.632812 0.435547 0.632812 0.437500 0.634766 0.437500 0.636719 0.439453 0.638672
0 0.589844 0.638672 0.589844 0.642578 0.585938 0.642578 0.583984 0.640625 0.587891 0.636719
0 0.322266 0.640625 0.322266 0.644531 0.318359 0.644531 0.316406 0.642578 0.320312 0.638672
0 0.375000 0.644531 0.369141 0.650391 0.363281 0.650391 0.357422 0.644531 0.357422 0.638672 0.363281 0.632812 0.369141 0.632812 0.375000 0.638672
0 0.681641 0.642578 0.679688 0.644531 0.679688 0.646484 0.677734 0.648438 0.671875 0.648438 0.669922 0.646484 0.669922 0.644531 0.667969 0.642578 0.667969 0.640625 0.669922 0.638672 0.669922 0.636719 0.671875 0.634766 0.677734 0.634766 0.679688 0.636719 0.679688 0.638672 0.681641 0.640625
0 0.699219 0.640625 0.699219 0.644531 0.695312 0.644531 0.693359 0.642578 0.697266 0.638672
0 0.798828 0.642578 0.796875 0.644531 0.796875 0.646484 0.794922 0.648438 0.789062 0.648438 0.787109 0.646484 0.787109 0.644531 0.785156 0.642578 0.785156 0.640625 0.787109 0.638672 0.787109 0.636719 0.789062 0.634766 0.794922 0.634766 0.796875 0.636719 0.796875 0.638672 0.798828 0.640625
0 0.496094 0.644531 0.494141 0.646484 0.494141 0.648438 0.492188 0.650391 0.486328 0.650391 0.484375 0.648438 0.484375 0.646484 0.482422 0.644531 0.482422 0.642578 0.484375 0.640625 0.484375 0.638672 0.486328 0.636719 0.492188 0.636719 0.494141 0.638672 0.494141 0.640625 0.496094 0.642578
0 0.812500 0.642578 0.812500 0.646484 0.808594 0.646484 0.806641 0.644531 0.810547 0.640625
0 0.380859 0.646484 0.378906 0.648438 0.378906 0.650391 0.376953 0.652344 0.371094 0.652344 0.369141 0.650391 0.369141 0.648438 0.367188 0.646484 0.367188 0.644531 0.369141 0.642578 0.369141 0.640625 0.371094 0.638672 0.376953 0.638672 0.378906 0.640625 0.378906 0.642578 0.380859 0.644531
0 0.628906 0.654297 0.626953 0.654297 0.625000 0.656250 0.615234 0.656250 0.609375 0.650391 0.609375 0.640625 0.611328 0.638672 0.613281 0.638672 0.613281 0.636719 0.615234 0.634766 0.625000 0.634766 0.630859 0.640625 0.630859 0.650391 0.628906 0.652344
0 0.730469 0.648438 0.728516 0.648438 0.726562 0.650391 0.722656 0.650391 0.720703 0.648438 0.720703 0.642578 0.722656 0.640625 0.726562 0.640625 0.728516 0.642578 0.730469 0.642578
0 0.779297 0.648438 0.773438 0.654297 0.767578 0.654297 0.761719 0.648438 0.761719 0.642578 0.767578 0.636719 0.773438 0.636719 0.779297 0.642578
0 0.597656 0.646484 0.597656 0.650391 0.593750 0.650391 0.591797 0.648438 0.595703 0.644531
0 0.648438 0.650391 0.646484 0.650391 0.644531 0.652344 0.640625 0.652344 0.638672 0.650391 0.638672 0.644531 0.640625 0.642578 0.644531 0.642578 0.646484 0.644531 0.648438 0.644531
0 0.789062 0.648438 0.787109 0.650391 0.787109 0.652344 0.785156 0.654297 0.779297 0.654297 0.777344 0.652344 0.777344 0.650391 0.775391 0.648438 0.775391 0.646484 0.777344 0.644531 0.777344 0.642578 0.779297 0.640625 0.785156 0.640625 0.787109 0.642578 0.787109 0.644531 0.789062 0.646484
0 0.791016 0.656250 0.791016 0.660156 0.787109 0.660156 0.785156 0.658203 0.789062 0.654297
0 0.507812 0.662109 0.505859 0.662109 0.503906 0.664062 0.500000 0.664062 0.498047 0.662109 0.498047 0.656250 0.500000 0.654297 0.503906 0.654297 0.505859 0.656250 0.507812 0.656250
0 0.457031 0.664062 0.455078 0.664062 0.453125 0.666016 0.449219 0.666016 0.447266 0.664062 0.447266 0.658203 0.449219 0.656250 0.453125 0.656250 0.455078 0.658203 0.457031 0.658203
0 0.773438 0.664062 0.771484 0.664062 0.769531 0.666016 0.765625 0.666016 0.763672 0.664062 0.763672 0.658203 0.765625 0.656250 0.769531 0.656250 0.771484 0.658203 0.773438 0.658203
0 0.271484 0.671875 0.269531 0.671875 0.267578 0.673828 0.257812 0.673828 0.251953 0.667969 0.251953 0.658203 0.253906 0.656250 0.255859 0.656250 0.255859 0.654297 0.257812 0.652344 0.267578 0.652344 0.273438 0.658203 0.273438 0.667969 0.271484 0.669922
0 0.390625 0.666016 0.388672 0.666016 0.386719 0.667969 0.382812 0.667969 0.380859 0.666016 0.380859 0.660156 0.382812 0.658203 0.386719 0.658203 0.388672 0.660156 0.390625 0.660156
0 0.552734 0.666016 0.550781 0.666016 0.548828 0.667969 0.544922 0.667969 0.542969 0.666016 0.542969 0.660156 0.544922 0.658203 0.548828 0.658203 0.550781 0.660156 0.552734 0.660156
0 0.726562 0.666016 0.724609 0.666016 0.722656 0.667969 0.718750 0.667969 0.716797 0.666016 0.716797 0.660156 0.718750 0.658203 0.722656 0.658203 0.724609 0.660156 0.726562 0.660156
0 0.814453 0.666016 0.812500 0.666016 0.810547 0.667969 0.806641 0.667969 0.804688 0.666016 0.804688 0.660156 0.806641 0.658203 0.810547 0.658203 0.812500 0.660156 0.814453 0.660156
0 0.300781 0.667969 0.298828 0.667969 0.296875 0.669922 0.292969 0.669922 0.291016 0.667969 0.291016 0.662109 0.292969 0.660156 0.296875 0.660156 0.298828 0.662109 0.300781 0.662109
0 0.351562 0.666016 0.349609 0.667969 0.349609 0.669922 0.347656 0.671875 0.341797 0.671875 0.339844 0.669922 0.339844 0.667969 0.337891 0.666016 0.337891 0.664062 0.339844 0.662109 0.339844 0.660156 0.341797 0.658203 0.347656 0.658203 0.349609 0.660156 0.349609 0.662109 0.351562 0.664062
0 0.625000 0.667969 0.619141 0.673828 0.613281 0.673828 0.607422 0.667969 0.607422 0.662109 0.613281 0.656250 0.619141 0.656250 0.625000 0.662109
0 0.628906 0.667969 0.626953 0.667969 0.625000 0.669922 0.621094 0.669922 0.619141 0.667969 0.619141 0.662109 0.621094 0.660156 0.625000 0.660156 0.626953 0.662109 0.628906 0.662109
0 0.521484 0.675781 0.519531 0.675781 0.517578 0.677734 0.507812 0.677734 0.501953 0.671875 0.501953 0.662109 0.503906 0.660156 0.505859 0.660156 0.505859 0.658203 0.507812 0.656250 0.517578 0.656250 0.523438 0.662109 0.523438 0.671875 0.521484 0.673828
0 0.605469 0.669922 0.603516 0.669922 0.601562 0.671875 0.597656 0.671875 0.595703 0.669922 0.595703 0.664062 0.597656 0.662109 0.601562 0.662109 0.603516 0.664062 0.605469 0.664062
0 0.671875 0.669922 0.666016 0.675781 0.660156 0.675781 0.654297 0.669922 0.654297 0.664062 0.660156 0.658203 0.666016 0.658203 0.671875 0.664062
0 0.484375 0.671875 0.478516 0.677734 0.472656 0.677734 0.466797 0.671875 0.466797 0.666016 0.472656 0.660156 0.478516 0.660156 0.484375 0.666016
0 0.451172 0.679688 0.449219 0.679688 0.447266 0.681641 0.437500 0.681641 0.431641 0.675781 0.431641 0.666016 0.433594 0.664062 0.435547 0.664062 0.435547 0.662109 0.437500 0.660156 0.447266 0.660156 0.453125 0.666016 0.453125 0.675781 0.451172 0.677734
0 0.748047 0.673828 0.746094 0.673828 0.744141 0.675781 0.740234 0.675781 0.738281 0.673828 0.738281 0.667969 0.740234 0.666016 0.744141 0.666016 0.746094 0.667969 0.748047 0.667969
0 0.818359 0.669922 0.818359 0.673828 0.814453 0.673828 0.812500 0.671875 0.816406 0.667969
0 0.404297 0.675781 0.402344 0.675781 0.400391 0.677734 0.396484 0.677734 0.394531 0.675781 0.394531 0.669922 0.396484 0.667969 0.400391 0.667969 0.402344 0.669922 0.404297 0.669922
0 0.691406 0.673828 0.691406 0.677734 0.687500 0.677734 0.685547 0.675781 0.689453 0.671875
0 0.800781 0.683594 0.798828 0.683594 0.796875 0.685547 0.787109 0.685547 0.781250 0.679688 0.781250 0.669922 0.783203 0.667969 0.785156 0.667969 0.785156 0.666016 0.787109 0.664062 0.796875 0.664062 0.802734 0.669922 0.802734 0.679688 0.800781 0.681641
0 0.525391 0.681641 0.523438 0.681641 0.521484 0.683594 0.517578 0.683594 0.515625 0.681641 0.515625 0.675781 0.517578 0.673828 0.521484 0.673828 0.523438 0.675781 0.525391 0.675781
0 0.634766 0.681641 0.632812 0.681641 0.630859 0.683594 0.626953 0.683594 0.625000 0.681641 0.625000 0.675781 0.626953 0.673828 0.630859 0.673828 0.632812 0.675781 0.634766 0.675781
0 0.728516 0.681641 0.726562 0.681641 0.724609 0.683594 0.720703 0.683594 0.718750 0.681641 0.718750 0.675781 0.720703 0.673828 0.724609 0.673828 0.726562 0.675781 0.728516 0.675781
0 0.746094 0.679688 0.744141 0.681641 0.744141 0.683594 0.742188 0.685547 0.736328 0.685547 0.734375 0.683594 0.734375 0.681641 0.732422 0.679688 0.732422 0.677734 0.734375 0.675781 0.734375 0.673828 0.736328 0.671875 0.742188 0.671875 0.744141 0.673828 0.744141 0.675781 0.746094 0.677734
0 0.501953 0.681641 0.500000 0.683594 0.500000 0.685547 0.498047 0.687500 0.492188 0.687500 0.490234 0.685547 0.490234 0.683594 0.488281 0.681641 0.488281 0.679688 0.490234 0.677734 0.490234 0.675781 0.492188 0.673828 0.498047 0.673828 0.500000 0.675781 0.500000 0.677734 0.501953 0.679688
0 0.697266 0.681641 0.697266 0.685547 0.693359 0.685547 0.691406 0.683594 0.695312 0.679688
0 0.810547 0.683594 0.808594 0.685547 0.808594 0.687500 0.806641 0.689453 0.800781 0.689453 0.798828 0.687500 0.798828 0.685547 0.796875 0.683594 0.796875 0.681641 0.798828 0.679688 0.798828 0.677734 0.800781 0.675781 0.806641 0.675781 0.808594 0.677734 0.808594 0.679688 0.810547 0.681641
0 0.648438 0.687500 0.646484 0.687500 0.644531 0.689453 0.640625 0.689453 0.638672 0.687500 0.638672 0.681641 0.640625 0.679688 0.644531 0.679688 0.646484 0.681641 0.648438 0.681641
0 0.632812 0.695312 0.630859 0.695312 0.628906 0.697266 0.619141 0.697266 0.613281 0.691406 0.613281 0.681641 0.615234 0.679688 0.617188 0.679688 0.617188 0.677734 0.619141 0.675781 0.628906 0.675781 0.634766 0.681641 0.634766 0.691406 0.632812 0.693359
0 0.542969 0.691406 0.541016 0.691406 0.539062 0.693359 0.535156 0.693359 0.533203 0.691406 0.533203 0.685547 0.535156 0.683594 0.539062 0.683594 0.541016 0.685547 0.542969 0.685547
0 0.683594 0.687500 0.683594 0.691406 0.679688 0.691406 0.677734 0.689453 0.681641 0.685547
0 0.738281 0.687500 0.738281 0.691406 0.734375 0.691406 0.732422 0.689453 0.736328 0.685547
0 0.107422 0.695312 0.105469 0.695312 0.103516 0.697266 0.099609 0.697266 0.097656 0.695312 0.097656 0.689453 0.099609 0.687500 0.103516 0.687500 0.105469 0.689453 0.107422 0.689453
0 0.544922 0.697266 0.539062 0.703125 0.533203 0.703125 0.527344 0.697266 0.527344 0.691406 0.533203 0.685547 0.539062 0.685547 0.544922 0.691406
0 0.812500 0.697266 0.810547 0.697266 0.808594 0.699219 0.804688 0.699219 0.802734 0.697266 0.802734 0.691406 0.804688 0.689453 0.808594 0.689453 0.810547 0.691406 0.812500 0.691406
0 0.591797 0.699219 0.589844 0.699219 0.587891 0.701172 0.583984 0.701172 0.582031 0.699219 0.582031 0.693359 0.583984 0.691406 0.587891 0.691406 0.589844 0.693359 0.591797 0.693359
0 0.699219 0.697266 0.697266 0.699219 0.697266 0.701172 0.695312 0.703125 0.689453 0.703125 0.687500 0.701172 0.687500 0.699219 0.685547 0.697266 0.685547 0.695312 0.687500 0.693359 0.687500 0.691406 0.689453 0.689453 0.695312 0.689453 0.697266 0.691406 0.697266 0.693359 0.699219 0.695312
0 0.787109 0.701172 0.785156 0.701172 0.783203 0.703125 0.779297 0.703125 0.777344 0.701172 0.777344 0.695312 0.779297 0.693359 0.783203 0.693359 0.785156 0.695312 0.787109 0.695312
0 0.031250 0.701172 0.029297 0.703125 0.029297 0.705078 0.027344 0.707031 0.021484 0.707031 0.019531 0.705078 0.019531 0.703125 0.017578 0.701172 0.017578 0.699219 0.019531 0.697266 0.019531 0.695312 0.021484 0.693359 0.027344 0.693359 0.029297 0.695312 0.029297 0.697266 0.031250 0.699219
0 0.574219 0.703125 0.572266 0.703125 0.570312 0.705078 0.566406 0.705078 0.564453 0.703125 0.564453 0.697266 0.566406 0.695312 0.570312 0.695312 0.572266 0.697266 0.574219 0.697266
0 0.417969 0.703125 0.416016 0.705078 0.416016 0.707031 0.414062 0.708984 0.408203 0.708984 0.406250 0.707031 0.406250 0.705078 0.404297 0.703125 0.404297 0.701172 0.406250 0.699219 0.406250 0.697266 0.408203 0.695312 0.414062 0.695312 0.416016 0.697266 0.416016 0.699219 0.417969 0.701172
0 0.492188 0.710938 0.490234 0.710938 0.488281 0.712891 0.478516 0.712891 0.472656 0.707031 0.472656 0.697266 0.474609 0.695312 0.476562 0.695312 0.476562 0.693359 0.478516 0.691406 0.488281 0.691406 0.494141 0.697266 0.494141 0.707031 0.492188 0.708984
0 0.085938 0.712891 0.083984 0.712891 0.082031 0.714844 0.072266 0.714844 0.066406 0.708984 0.066406 0.699219 0.068359 0.697266 0.070312 0.697266 0.070312 0.695312 0.072266 0.693359 0.082031 0.693359 0.087891 0.699219 0.087891 0.708984 0.085938 0.710938
0 0.449219 0.705078 0.447266 0.707031 0.447266 0.708984 0.445312 0.710938 0.439453 0.710938 0.437500 0.708984 0.437500 0.707031 0.435547 0.705078 0.435547 0.703125 0.437500 0.701172 0.437500 0.699219 0.439453 0.697266 0.445312 0.697266 0.447266 0.699219 0.447266 0.701172 0.449219 0.703125
0 0.716797 0.707031 0.714844 0.707031 0.712891 0.708984 0.708984 0.708984 0.707031 0.707031 0.707031 0.701172 0.708984 0.699219 0.712891 0.699219 0.714844 0.701172 0.716797 0.701172
0 0.033203 0.707031 0.031250 0.708984 0.031250 0.710938 0.029297 0.712891 0.023438 0.712891 0.021484 0.710938 0.021484 0.708984 0.019531 0.707031 0.019531 0.705078 0.021484 0.703125 0.021484 0.701172 0.023438 0.699219 0.029297 0.699219 0.031250 0.701172 0.031250 0.703125 0.033203 0.705078
0 0.523438 0.708984 0.517578 0.714844 0.511719 0.714844 0.505859 0.708984 0.505859 0.703125 0.511719 0.697266 0.517578 0.697266 0.523438 0.703125
0 0.808594 0.705078 0.808594 0.708984 0.804688 0.708984 0.802734 0.707031 0.806641 0.703125
0 0.404297 0.708984 0.402344 0.710938 0.402344 0.712891 0.400391 0.714844 0.394531 0.714844 0.392578 0.712891 0.392578 0.710938 0.390625 0.708984 0.390625 0.707031 0.392578 0.705078 0.392578 0.703125 0.394531 0.701172 0.400391 0.701172 0.402344 0.703125 0.402344 0.705078 0.404297 0.707031
0 0.466797 0.708984 0.464844 0.710938 0.464844 0.712891 0.462891 0.714844 0.457031 0.714844 0.455078 0.712891 0.455078 0.710938 0.453125 0.708984 0.453125 0.707031 0.455078 0.705078 0.455078 0.703125 0.457031 0.701172 0.462891 0.701172 0.464844 0.703125 0.464844 0.705078 0.466797 0.707031
0 0.507812 0.712891 0.505859 0.712891 0.503906 0.714844 0.500000 0.714844 0.498047 0.712891 0.498047 0.707031 0.500000 0.705078 0.503906 0.705078 0.505859 0.707031 0.507812 0.707031
0 0.548828 0.710938 0.546875 0.712891 0.546875 0.714844 0.544922 0.716797 0.539062 0.716797 0.537109 0.714844 0.537109 0.712891 0.535156 0.710938 0.535156 0.708984 0.537109 0.707031 0.537109 0.705078 0.539062 0.703125 0.544922 0.703125 0.546875 0.705078 0.546875 0.707031 0.548828 0.708984
0 0.968750 0.708984 0.968750 0.712891 0.964844 0.712891 0.962891 0.710938 0.966797 0.707031
0 0.349609 0.714844 0.347656 0.714844 0.345703 0.716797 0.341797 0.716797 0.339844 0.714844 0.339844 0.708984 0.341797 0.707031 0.345703 0.707031 0.347656 0.708984 0.349609 0.708984
0 0.585938 0.714844 0.583984 0.714844 0.582031 0.716797 0.578125 0.716797 0.576172 0.714844 0.576172 0.708984 0.578125 0.707031 0.582031 0.707031 0.583984 0.708984 0.585938 0.708984
0 0.693359 0.712891 0.691406 0.714844 0.691406 0.716797 0.689453 0.718750 0.683594 0.718750 0.681641 0.716797 0.681641 0.714844 0.679688 0.712891 0.679688 0.710938 0.681641 0.708984 0.681641 0.707031 0.683594 0.705078 0.689453 0.705078 0.691406 0.707031 0.691406 0.708984 0.693359 0.710938
0 0.789062 0.710938 0.789062 0.714844 0.785156 0.714844 0.783203 0.712891 0.787109 0.708984
0 0.332031 0.716797 0.326172 0.722656 0.320312 0.722656 0.314453 0.716797 0.314453 0.710938 0.320312 0.705078 0.326172 0.705078 0.332031 0.710938
0 0.386719 0.714844 0.384766 0.716797 0.384766 0.718750 0.382812 0.720703 0.376953 0.720703 0.375000 0.718750 0.375000 0.716797 0.373047 0.714844 0.373047 0.712891 0.375000 0.710938 0.375000 0.708984 0.376953 0.707031 0.382812 0.707031 0.384766 0.708984 0.384766 0.710938 0.386719 0.712891
0 0.636719 0.714844 0.636719 0.718750 0.632812 0.718750 0.630859 0.716797 0.634766 0.712891
0 0.800781 0.714844 0.800781 0.718750 0.796875 0.718750 0.794922 0.716797 0.798828 0.712891
0 0.583984 0.720703 0.578125 0.726562 0.572266 0.726562 0.566406 0.720703 0.566406 0.714844 0.572266 0.708984 0.578125 0.708984 0.583984 0.714844
0 0.648438 0.720703 0.646484 0.720703 0.644531 0.722656 0.640625 0.722656 0.638672 0.720703 0.638672 0.714844 0.640625 0.712891 0.644531 0.712891 0.646484 0.714844 0.648438 0.714844
0 0.724609 0.720703 0.718750 0.726562 0.712891 0.726562 0.707031 0.720703 0.707031 0.714844 0.712891 0.708984 0.718750 0.708984 0.724609 0.714844
0 0.736328 0.718750 0.736328 0.722656 0.732422 0.722656 0.730469 0.720703 0.734375 0.716797
0 0.904297 0.718750 0.904297 0.722656 0.900391 0.722656 0.898438 0.720703 0.902344 0.716797
0 0.980469 0.722656 0.978516 0.722656 0.976562 0.724609 0.972656 0.724609 0.970703 0.722656 0.970703 0.716797 0.972656 0.714844 0.976562 0.714844 0.978516 0.716797 0.980469 0.716797
0 0.503906 0.720703 0.503906 0.724609 0.500000 0.724609 0.498047 0.722656 0.501953 0.718750
0 0.296875 0.726562 0.291016 0.732422 0.285156 0.732422 0.279297 0.726562 0.279297 0.720703 0.285156 0.714844 0.291016 0.714844 0.296875 0.720703
0 0.714844 0.726562 0.712891 0.726562 0.710938 0.728516 0.707031 0.728516 0.705078 0.726562 0.705078 0.720703 0.707031 0.718750 0.710938 0.718750 0.712891 0.720703 0.714844 0.720703
0 0.695312 0.728516 0.693359 0.728516 0.691406 0.730469 0.687500 0.730469 0.685547 0.728516 0.685547 0.722656 0.687500 0.720703 0.691406 0.720703 0.693359 0.722656 0.695312 0.722656
0 0.808594 0.734375 0.806641 0.734375 0.804688 0.736328 0.794922 0.736328 0.789062 0.730469 0.789062 0.720703 0.791016 0.718750 0.792969 0.718750 0.792969 0.716797 0.794922 0.714844 0.804688 0.714844 0.810547 0.720703 0.810547 0.730469 0.808594 0.732422
0 0.966797 0.726562 0.966797 0.730469 0.962891 0.730469 0.960938 0.728516 0.964844 0.724609
0 0.406250 0.728516 0.406250 0.732422 0.402344 0.732422 0.400391 0.730469 0.404297 0.726562
0 0.560547 0.732422 0.558594 0.732422 0.556641 0.734375 0.552734 0.734375 0.550781 0.732422 0.550781 0.726562 0.552734 0.724609 0.556641 0.724609 0.558594 0.726562 0.560547 0.726562
0 0.732422 0.732422 0.732422 0.736328 0.728516 0.736328 0.726562 0.734375 0.730469 0.730469
0 0.824219 0.732422 0.824219 0.736328 0.820312 0.736328 0.818359 0.734375 0.822266 0.730469
0 0.412109 0.734375 0.412109 0.738281 0.408203 0.738281 0.406250 0.736328 0.410156 0.732422
0 0.578125 0.740234 0.572266 0.746094 0.566406 0.746094 0.560547 0.740234 0.560547 0.734375 0.566406 0.728516 0.572266 0.728516 0.578125 0.734375
0 0.621094 0.740234 0.619141 0.740234 0.617188 0.742188 0.613281 0.742188 0.611328 0.740234 0.611328 0.734375 0.613281 0.732422 0.617188 0.732422 0.619141 0.734375 0.621094 0.734375
0 0.642578 0.738281 0.640625 0.740234 0.640625 0.742188 0.638672 0.744141 0.632812 0.744141 0.630859 0.742188 0.630859 0.740234 0.628906 0.738281 0.628906 0.736328 0.630859 0.734375 0.630859 0.732422 0.632812 0.730469 0.638672 0.730469 0.640625 0.732422 0.640625 0.734375 0.642578 0.736328
0 0.664062 0.738281 0.662109 0.740234 0.662109 0.742188 0.660156 0.744141 0.654297 0.744141 0.652344 0.742188 0.652344 0.740234 0.650391 0.738281 0.650391 0.736328 0.652344 0.734375 0.652344 0.732422 0.654297 0.730469 0.660156 0.730469 0.662109 0.732422 0.662109 0.734375 0.664062 0.736328
0 0.402344 0.738281 0.402344 0.742188 0.398438 0.742188 0.396484 0.740234 0.400391 0.736328
0 0.572266 0.748047 0.570312 0.748047 0.568359 0.750000 0.558594 0.750000 0.552734 0.744141 0.552734 0.734375 0.554688 0.732422 0.556641 0.732422 0.556641 0.730469 0.558594 0.728516 0.568359 0.728516 0.574219 0.734375 0.574219 0.744141 0.572266 0.746094
0 0.144531 0.750000 0.142578 0.750000 0.140625 0.751953 0.130859 0.751953 0.125000 0.746094 0.125000 0.736328 0.126953 0.734375 0.128906 0.734375 0.128906 0.732422 0.130859 0.730469 0.140625 0.730469 0.146484 0.736328 0.146484 0.746094 0.144531 0.748047
0 0.345703 0.744141 0.343750 0.744141 0.341797 0.746094 0.337891 0.746094 0.335938 0.744141 0.335938 0.738281 0.337891 0.736328 0.341797 0.736328 0.343750 0.738281 0.345703 0.738281
0 0.593750 0.744141 0.591797 0.744141 0.589844 0.746094 0.585938 0.746094 0.583984 0.744141 0.583984 0.738281 0.585938 0.736328 0.589844 0.736328 0.591797 0.738281 0.593750 0.738281
0 0.746094 0.750000 0.744141 0.750000 0.742188 0.751953 0.732422 0.751953 0.726562 0.746094 0.726562 0.736328 0.728516 0.734375 0.730469 0.734375 0.730469 0.732422 0.732422 0.730469 0.742188 0.730469 0.748047 0.736328 0.748047 0.746094 0.746094 0.748047
0 0.810547 0.742188 0.808594 0.744141 0.808594 0.746094 0.806641 0.748047 0.800781 0.748047 0.798828 0.746094 0.798828 0.744141 0.796875 0.742188 0.796875 0.740234 0.798828 0.738281 0.798828 0.736328 0.800781 0.734375 0.806641 0.734375 0.808594 0.736328 0.808594 0.738281 0.810547 0.740234
0 0.822266 0.740234 0.822266 0.744141 0.818359 0.744141 0.816406 0.742188 0.820312 0.738281
0 0.259766 0.746094 0.257812 0.748047 0.257812 0.750000 0.255859 0.751953 0.250000 0.751953 0.248047 0.750000 0.248047 0.748047 0.246094 0.746094 0.246094 0.744141 0.248047 0.742188 0.248047 0.740234 0.250000 0.738281 0.255859 0.738281 0.257812 0.740234 0.257812 0.742188 0.259766 0.744141
0 0.619141 0.748047 0.617188 0.748047 0.615234 0.750000 0.611328 0.750000 0.609375 0.748047 0.609375 0.742188 0.611328 0.740234 0.615234 0.740234 0.617188 0.742188 0.619141 0.742188
0 0.933594 0.744141 0.933594 0.748047 0.929688 0.748047 0.927734 0.746094 0.931641 0.742188
0 0.369141 0.750000 0.369141 0.753906 0.365234 0.753906 0.363281 0.751953 0.367188 0.748047
0 0.769531 0.753906 0.767578 0.753906 0.765625 0.755859 0.761719 0.755859 0.759766 0.753906 0.759766 0.748047 0.761719 0.746094 0.765625 0.746094 0.767578 0.748047 0.769531 0.748047
0 0.796875 0.750000 0.796875 0.753906 0.792969 0.753906 0.791016 0.751953 0.794922 0.748047
0 0.574219 0.753906 0.572266 0.755859 0.572266 0.757812 0.570312 0.759766 0.564453 0.759766 0.562500 0.757812 0.562500 0.755859 0.560547 0.753906 0.560547 0.751953 0.562500 0.750000 0.562500 0.748047 0.564453 0.746094 0.570312 0.746094 0.572266 0.748047 0.572266 0.750000 0.574219 0.751953
0 0.753906 0.751953 0.753906 0.755859 0.750000 0.755859 0.748047 0.753906 0.751953 0.750000
0 0.646484 0.755859 0.644531 0.757812 0.644531 0.759766 0.642578 0.761719 0.636719 0.761719 0.634766 0.759766 0.634766 0.757812 0.632812 0.755859 0.632812 0.753906 0.634766 0.751953 0.634766 0.750000 0.636719 0.748047 0.642578 0.748047 0.644531 0.750000 0.644531 0.751953 0.646484 0.753906
0 0.742188 0.753906 0.742188 0.757812 0.738281 0.757812 0.736328 0.755859 0.740234 0.751953
0 0.935547 0.753906 0.935547 0.757812 0.931641 0.757812 0.929688 0.755859 0.933594 0.751953
0 0.339844 0.755859 0.339844 0.759766 0.335938 0.759766 0.333984 0.757812 0.337891 0.753906
0 0.367188 0.757812 0.367188 0.761719 0.363281 0.761719 0.361328 0.759766 0.365234 0.755859
0 0.427734 0.761719 0.425781 0.761719 0.423828 0.763672 0.419922 0.763672 0.417969 0.761719 0.417969 0.755859 0.419922 0.753906 0.423828 0.753906 0.425781 0.755859 0.427734 0.755859
0 0.677734 0.759766 0.675781 0.761719 0.675781 0.763672 0.673828 0.765625 0.667969 0.765625 0.666016 0.763672 0.666016 0.761719 0.664062 0.759766 0.664062 0.757812 0.666016 0.755859 0.666016 0.753906 0.667969 0.751953 0.673828 0.751953 0.675781 0.753906 0.675781 0.755859 0.677734 0.757812
0 0.753906 0.757812 0.753906 0.761719 0.750000 0.761719 0.748047 0.759766 0.751953 0.755859
0 0.558594 0.765625 0.556641 0.765625 0.554688 0.767578 0.550781 0.767578 0.548828 0.765625 0.548828 0.759766 0.550781 0.757812 0.554688 0.757812 0.556641 0.759766 0.558594 0.759766
0 0.621094 0.771484 0.619141 0.771484 0.617188 0.773438 0.607422 0.773438 0.601562 0.767578 0.601562 0.757812 0.603516 0.755859 0.605469 0.755859 0.605469 0.753906 0.607422 0.751953 0.617188 0.751953 0.623047 0.757812 0.623047 0.767578 0.621094 0.769531
0 0.656250 0.765625 0.654297 0.765625 0.652344 0.767578 0.648438 0.767578 0.646484 0.765625 0.646484 0.759766 0.648438 0.757812 0.652344 0.757812 0.654297 0.759766 0.656250 0.759766
0 0.771484 0.765625 0.769531 0.765625 0.767578 0.767578 0.763672 0.767578 0.761719 0.765625 0.761719 0.759766 0.763672 0.757812 0.767578 0.757812 0.769531 0.759766 0.771484 0.759766
0 0.796875 0.761719 0.796875 0.765625 0.792969 0.765625 0.791016 0.763672 0.794922 0.759766
0 0.814453 0.765625 0.812500 0.765625 0.810547 0.767578 0.806641 0.767578 0.804688 0.765625 0.804688 0.759766 0.806641 0.757812 0.810547 0.757812 0.812500 0.759766 0.814453 0.759766
0 0.224609 0.773438 0.222656 0.773438 0.220703 0.775391 0.210938 0.775391 0.205078 0.769531 0.205078 0.759766 0.207031 0.757812 0.208984 0.757812 0.208984 0.755859 0.210938 0.753906 0.220703 0.753906 0.226562 0.759766 0.226562 0.769531 0.224609 0.771484
0 0.593750 0.767578 0.587891 0.773438 0.582031 0.773438 0.576172 0.767578 0.576172 0.761719 0.582031 0.755859 0.587891 0.755859 0.593750 0.761719
0 0.390625 0.765625 0.390625 0.769531 0.386719 0.769531 0.384766 0.767578 0.388672 0.763672
0 0.378906 0.767578 0.378906 0.771484 0.375000 0.771484 0.373047 0.769531 0.376953 0.765625
0 0.628906 0.769531 0.628906 0.773438 0.625000 0.773438 0.623047 0.771484 0.626953 0.767578
0 0.730469 0.773438 0.724609 0.779297 0.718750 0.779297 0.712891 0.773438 0.712891 0.767578 0.718750 0.761719 0.724609 0.761719 0.730469 0.767578
0 0.431641 0.771484 0.431641 0.775391 0.427734 0.775391 0.425781 0.773438 0.429688 0.769531
0 0.560547 0.771484 0.560547 0.775391 0.556641 0.775391 0.554688 0.773438 0.558594 0.769531
0 0.691406 0.771484 0.691406 0.775391 0.687500 0.775391 0.685547 0.773438 0.689453 0.769531
0 0.929688 0.771484 0.929688 0.775391 0.925781 0.775391 0.923828 0.773438 0.927734 0.769531
0 0.419922 0.773438 0.419922 0.777344 0.416016 0.777344 0.414062 0.775391 0.417969 0.771484
0 0.583984 0.783203 0.582031 0.783203 0.580078 0.785156 0.570312 0.785156 0.564453 0.779297 0.564453 0.769531 0.566406 0.767578 0.568359 0.767578 0.568359 0.765625 0.570312 0.763672 0.580078 0.763672 0.585938 0.769531 0.585938 0.779297 0.583984 0.781250
0 0.681641 0.777344 0.675781 0.783203 0.669922 0.783203 0.664062 0.777344 0.664062 0.771484 0.669922 0.765625 0.675781 0.765625 0.681641 0.771484
0 0.203125 0.787109 0.201172 0.787109 0.199219 0.789062 0.189453 0.789062 0.183594 0.783203 0.183594 0.773438 0.185547 0.771484 0.187500 0.771484 0.187500 0.769531 0.189453 0.767578 0.199219 0.767578 0.205078 0.773438 0.205078 0.783203 0.203125 0.785156
0 0.425781 0.777344 0.425781 0.781250 0.421875 0.781250 0.419922 0.779297 0.423828 0.775391
0 0.500000 0.777344 0.500000 0.781250 0.496094 0.781250 0.494141 0.779297 0.498047 0.775391
0 0.539062 0.777344 0.539062 0.781250 0.535156 0.781250 0.533203 0.779297 0.537109 0.775391
0 0.921875 0.777344 0.921875 0.781250 0.917969 0.781250 0.916016 0.779297 0.919922 0.775391
0 0.224609 0.785156 0.222656 0.785156 0.220703 0.787109 0.216797 0.787109 0.214844 0.785156 0.214844 0.779297 0.216797 0.777344 0.220703 0.777344 0.222656 0.779297 0.224609 0.779297
0 0.236328 0.781250 0.236328 0.785156 0.232422 0.785156 0.230469 0.783203 0.234375 0.779297
0 0.613281 0.783203 0.611328 0.785156 0.611328 0.787109 0.609375 0.789062 0.603516 0.789062 0.601562 0.787109 0.601562 0.785156 0.599609 0.783203 0.599609 0.781250 0.601562 0.779297 0.601562 0.777344 0.603516 0.775391 0.609375 0.775391 0.611328 0.777344 0.611328 0.779297 0.613281 0.781250
0 0.761719 0.781250 0.761719 0.785156 0.757812 0.785156 0.755859 0.783203 0.759766 0.779297
0 0.355469 0.783203 0.355469 0.787109 0.351562 0.787109 0.349609 0.785156 0.353516 0.781250
0 0.529297 0.787109 0.527344 0.787109 0.525391 0.789062 0.521484 0.789062 0.519531 0.787109 0.519531 0.781250 0.521484 0.779297 0.525391 0.779297 0.527344 0.781250 0.529297 0.781250
0 0.519531 0.787109 0.517578 0.789062 0.517578 0.791016 0.515625 0.792969 0.509766 0.792969 0.507812 0.791016 0.507812 0.789062 0.505859 0.787109 0.505859 0.785156 0.507812 0.783203 0.507812 0.781250 0.509766 0.779297 0.515625 0.779297 0.517578 0.781250 0.517578 0.783203 0.519531 0.785156
0 0.691406 0.785156 0.691406 0.789062 0.687500 0.789062 0.685547 0.787109 0.689453 0.783203
0 0.849609 0.789062 0.847656 0.789062 0.845703 0.791016 0.841797 0.791016 0.839844 0.789062 0.839844 0.783203 0.841797 0.781250 0.845703 0.781250 0.847656 0.783203 0.849609 0.783203
0 0.189453 0.791016 0.187500 0.791016 0.185547 0.792969 0.181641 0.792969 0.179688 0.791016 0.179688 0.785156 0.181641 0.783203 0.185547 0.783203 0.187500 0.785156 0.189453 0.785156
0 0.113281 0.792969 0.107422 0.798828 0.101562 0.798828 0.095703 0.792969 0.095703 0.787109 0.101562 0.781250 0.107422 0.781250 0.113281 0.787109
0 0.173828 0.792969 0.167969 0.798828 0.162109 0.798828 0.156250 0.792969 0.156250 0.787109 0.162109 0.781250 0.167969 0.781250 0.173828 0.787109
0 0.621094 0.791016 0.619141 0.792969 0.619141 0.794922 0.617188 0.796875 0.611328 0.796875 0.609375 0.794922 0.609375 0.792969 0.607422 0.791016 0.607422 0.789062 0.609375 0.787109 0.609375 0.785156 0.611328 0.783203 0.617188 0.783203 0.619141 0.785156 0.619141 0.787109 0.621094 0.789062
0 0.716797 0.792969 0.714844 0.792969 0.712891 0.794922 0.708984 0.794922 0.707031 0.792969 0.707031 0.787109 0.708984 0.785156 0.712891 0.785156 0.714844 0.787109 0.716797 0.787109
0 0.349609 0.791016 0.349609 0.794922 0.345703 0.794922 0.343750 0.792969 0.347656 0.789062
0 0.591797 0.792969 0.589844 0.794922 0.589844 0.796875 0.587891 0.798828 0.582031 0.798828 0.580078 0.796875 0.580078 0.794922 0.578125 0.792969 0.578125 0.791016 0.580078 0.789062 0.580078 0.787109 0.582031 0.785156 0.587891 0.785156 0.589844 0.787109 0.589844 0.789062 0.591797 0.791016
0 0.679688 0.794922 0.677734 0.794922 0.675781 0.796875 0.671875 0.796875 0.669922 0.794922 0.669922 0.789062 0.671875 0.787109 0.675781 0.787109 0.677734 0.789062 0.679688 0.789062
0 0.824219 0.794922 0.822266 0.794922 0.820312 0.796875 0.816406 0.796875 0.814453 0.794922 0.814453 0.789062 0.816406 0.787109 0.820312 0.787109 0.822266 0.789062 0.824219 0.789062
0 0.792969 0.796875 0.791016 0.796875 0.789062 0.798828 0.785156 0.798828 0.783203 0.796875 0.783203 0.791016 0.785156 0.789062 0.789062 0.789062 0.791016 0.791016 0.792969 0.791016
0 0.216797 0.794922 0.216797 0.798828 0.212891 0.798828 0.210938 0.796875 0.214844 0.792969
0 0.564453 0.798828 0.562500 0.798828 0.560547 0.800781 0.556641 0.800781 0.554688 0.798828 0.554688 0.792969 0.556641 0.791016 0.560547 0.791016 0.562500 0.792969 0.564453 0.792969
0 0.544922 0.800781 0.539062 0.806641 0.533203 0.806641 0.527344 0.800781 0.527344 0.794922 0.533203 0.789062 0.539062 0.789062 0.544922 0.794922
0 0.533203 0.802734 0.531250 0.802734 0.529297 0.804688 0.525391 0.804688 0.523438 0.802734 0.523438 0.796875 0.525391 0.794922 0.529297 0.794922 0.531250 0.796875 0.533203 0.796875
0 0.693359 0.802734 0.691406 0.802734 0.689453 0.804688 0.685547 0.804688 0.683594 0.802734 0.683594 0.796875 0.685547 0.794922 0.689453 0.794922 0.691406 0.796875 0.693359 0.796875
0 0.755859 0.800781 0.755859 0.804688 0.751953 0.804688 0.750000 0.802734 0.753906 0.798828
0 0.273438 0.802734 0.273438 0.806641 0.269531 0.806641 0.267578 0.804688 0.271484 0.800781
0 0.281250 0.802734 0.281250 0.806641 0.277344 0.806641 0.275391 0.804688 0.279297 0.800781
0 0.523438 0.806641 0.521484 0.806641 0.519531 0.808594 0.515625 0.808594 0.513672 0.806641 0.513672 0.800781 0.515625 0.798828 0.519531 0.798828 0.521484 0.800781 0.523438 0.800781
0 0.677734 0.808594 0.675781 0.808594 0.673828 0.810547 0.669922 0.810547 0.667969 0.808594 0.667969 0.802734 0.669922 0.800781 0.673828 0.800781 0.675781 0.802734 0.677734 0.802734
0 0.761719 0.804688 0.761719 0.808594 0.757812 0.808594 0.755859 0.806641 0.759766 0.802734
0 0.845703 0.808594 0.843750 0.808594 0.841797 0.810547 0.837891 0.810547 0.835938 0.808594 0.835938 0.802734 0.837891 0.800781 0.841797 0.800781 0.843750 0.802734 0.845703 0.802734
0 0.171875 0.808594 0.169922 0.810547 0.169922 0.812500 0.167969 0.814453 0.162109 0.814453 0.160156 0.812500 0.160156 0.810547 0.158203 0.808594 0.158203 0.806641 0.160156 0.804688 0.160156 0.802734 0.162109 0.800781 0.167969 0.800781 0.169922 0.802734 0.169922 0.804688 0.171875 0.806641
0 0.189453 0.810547 0.189453 0.814453 0.185547 0.814453 0.183594 0.812500 0.187500 0.808594
0 0.271484 0.814453 0.269531 0.814453 0.267578 0.816406 0.263672 0.816406 0.261719 0.814453 0.261719 0.808594 0.263672 0.806641 0.267578 0.806641 0.269531 0.808594 0.271484 0.808594
0 0.548828 0.814453 0.542969 0.820312 0.537109 0.820312 0.531250 0.814453 0.531250 0.808594 0.537109 0.802734 0.542969 0.802734 0.548828 0.808594
0 0.691406 0.810547 0.691406 0.814453 0.687500 0.814453 0.685547 0.812500 0.689453 0.808594
0 0.734375 0.816406 0.732422 0.816406 0.730469 0.818359 0.726562 0.818359 0.724609 0.816406 0.724609 0.810547 0.726562 0.808594 0.730469 0.808594 0.732422 0.810547 0.734375 0.810547
0 0.658203 0.814453 0.658203 0.818359 0.654297 0.818359 0.652344 0.816406 0.656250 0.812500
0 0.750000 0.818359 0.748047 0.818359 0.746094 0.820312 0.742188 0.820312 0.740234 0.818359 0.740234 0.812500 0.742188 0.810547 0.746094 0.810547 0.748047 0.812500 0.750000 0.812500
0 0.279297 0.816406 0.279297 0.820312 0.275391 0.820312 0.273438 0.818359 0.277344 0.814453
0 0.796875 0.818359 0.794922 0.820312 0.794922 0.822266 0.792969 0.824219 0.787109 0.824219 0.785156 0.822266 0.785156 0.820312 0.783203 0.818359 0.783203 0.816406 0.785156 0.814453 0.785156 0.812500 0.787109 0.810547 0.792969 0.810547 0.794922 0.812500 0.794922 0.814453 0.796875 0.816406
0 0.617188 0.822266 0.611328 0.828125 0.605469 0.828125 0.599609 0.822266 0.599609 0.816406 0.605469 0.810547 0.611328 0.810547 0.617188 0.816406
0 0.111328 0.824219 0.105469 0.830078 0.099609 0.830078 0.093750 0.824219 0.093750 0.818359 0.099609 0.812500 0.105469 0.812500 0.111328 0.818359
0 0.236328 0.820312 0.236328 0.824219 0.232422 0.824219 0.230469 0.822266 0.234375 0.818359
0 0.554688 0.824219 0.552734 0.824219 0.550781 0.826172 0.546875 0.826172 0.544922 0.824219 0.544922 0.818359 0.546875 0.816406 0.550781 0.816406 0.552734 0.818359 0.554688 0.818359
0 0.869141 0.820312 0.869141 0.824219 0.865234 0.824219 0.863281 0.822266 0.867188 0.818359
0 0.246094 0.822266 0.246094 0.826172 0.242188 0.826172 0.240234 0.824219 0.244141 0.820312
0 0.662109 0.824219 0.662109 0.828125 0.658203 0.828125 0.656250 0.826172 0.660156 0.822266
0 0.746094 0.824219 0.746094 0.828125 0.742188 0.828125 0.740234 0.826172 0.744141 0.822266
0 0.861328 0.830078 0.855469 0.835938 0.849609 0.835938 0.843750 0.830078 0.843750 0.824219 0.849609 0.818359 0.855469 0.818359 0.861328 0.824219
0 0.550781 0.828125 0.550781 0.832031 0.546875 0.832031 0.544922 0.830078 0.548828 0.826172
0 0.845703 0.828125 0.845703 0.832031 0.841797 0.832031 0.839844 0.830078 0.843750 0.826172
0 0.708984 0.832031 0.707031 0.833984 0.707031 0.835938 0.705078 0.837891 0.699219 0.837891 0.697266 0.835938 0.697266 0.833984 0.695312 0.832031 0.695312 0.830078 0.697266 0.828125 0.697266 0.826172 0.699219 0.824219 0.705078 0.824219 0.707031 0.826172 0.707031 0.828125 0.708984 0.830078
0 0.785156 0.832031 0.783203 0.833984 0.783203 0.835938 0.781250 0.837891 0.775391 0.837891 0.773438 0.835938 0.773438 0.833984 0.771484 0.832031 0.771484 0.830078 0.773438 0.828125 0.773438 0.826172 0.775391 0.824219 0.781250 0.824219 0.783203 0.826172 0.783203 0.828125 0.785156 0.830078
0 0.917969 0.830078 0.917969 0.833984 0.914062 0.833984 0.912109 0.832031 0.916016 0.828125
0 0.533203 0.837891 0.531250 0.837891 0.529297 0.839844 0.525391 0.839844 0.523438 0.837891 0.523438 0.832031 0.525391 0.830078 0.529297 0.830078 0.531250 0.832031 0.533203 0.832031
0 0.630859 0.837891 0.628906 0.837891 0.626953 0.839844 0.623047 0.839844 0.621094 0.837891 0.621094 0.832031 0.623047 0.830078 0.626953 0.830078 0.628906 0.832031 0.630859 0.832031
0 0.894531 0.837891 0.888672 0.843750 0.882812 0.843750 0.876953 0.837891 0.876953 0.832031 0.882812 0.826172 0.888672 0.826172 0.894531 0.832031
0 0.115234 0.839844 0.113281 0.839844 0.111328 0.841797 0.107422 0.841797 0.105469 0.839844 0.105469 0.833984 0.107422 0.832031 0.111328 0.832031 0.113281 0.833984 0.115234 0.833984
0 0.593750 0.839844 0.587891 0.845703 0.582031 0.845703 0.576172 0.839844 0.576172 0.833984 0.582031 0.828125 0.587891 0.828125 0.593750 0.833984
0 0.810547 0.837891 0.808594 0.839844 0.808594 0.841797 0.806641 0.843750 0.800781 0.843750 0.798828 0.841797 0.798828 0.839844 0.796875 0.837891 0.796875 0.835938 0.798828 0.833984 0.798828 0.832031 0.800781 0.830078 0.806641 0.830078 0.808594 0.832031 0.808594 0.833984 0.810547 0.835938
0 0.541016 0.841797 0.539062 0.841797 0.537109 0.843750 0.533203 0.843750 0.531250 0.841797 0.531250 0.835938 0.533203 0.833984 0.537109 0.833984 0.539062 0.835938 0.541016 0.835938
0 0.908203 0.841797 0.906250 0.841797 0.904297 0.843750 0.900391 0.843750 0.898438 0.841797 0.898438 0.835938 0.900391 0.833984 0.904297 0.833984 0.906250 0.835938 0.908203 0.835938
0 0.166016 0.843750 0.160156 0.849609 0.154297 0.849609 0.148438 0.843750 0.148438 0.837891 0.154297 0.832031 0.160156 0.832031 0.166016 0.837891
0 0.117188 0.843750 0.115234 0.845703 0.115234 0.847656 0.113281 0.849609 0.107422 0.849609 0.105469 0.847656 0.105469 0.845703 0.103516 0.843750 0.103516 0.841797 0.105469 0.839844 0.105469 0.837891 0.107422 0.835938 0.113281 0.835938 0.115234 0.837891 0.115234 0.839844 0.117188 0.841797
0 0.556641 0.851562 0.554688 0.851562 0.552734 0.853516 0.542969 0.853516 0.537109 0.847656 0.537109 0.837891 0.539062 0.835938 0.541016 0.835938 0.541016 0.833984 0.542969 0.832031 0.552734 0.832031 0.558594 0.837891 0.558594 0.847656 0.556641 0.849609
0 0.525391 0.843750 0.525391 0.847656 0.521484 0.847656 0.519531 0.845703 0.523438 0.841797
0 0.892578 0.847656 0.890625 0.847656 0.888672 0.849609 0.884766 0.849609 0.882812 0.847656 0.882812 0.841797 0.884766 0.839844 0.888672 0.839844 0.890625 0.841797 0.892578 0.841797
0 0.566406 0.851562 0.564453 0.851562 0.562500 0.853516 0.558594 0.853516 0.556641 0.851562 0.556641 0.845703 0.558594 0.843750 0.562500 0.843750 0.564453 0.845703 0.566406 0.845703
0 0.871094 0.849609 0.869141 0.851562 0.869141 0.853516 0.867188 0.855469 0.861328 0.855469 0.859375 0.853516 0.859375 0.851562 0.857422 0.849609 0.857422 0.847656 0.859375 0.845703 0.859375 0.843750 0.861328 0.841797 0.867188 0.841797 0.869141 0.843750 0.869141 0.845703 0.871094 0.847656
0 0.531250 0.849609 0.531250 0.853516 0.527344 0.853516 0.525391 0.851562 0.529297 0.847656
0 0.578125 0.849609 0.578125 0.853516 0.574219 0.853516 0.572266 0.851562 0.576172 0.847656
0 0.832031 0.851562 0.830078 0.853516 0.830078 0.855469 0.828125 0.857422 0.822266 0.857422 0.820312 0.855469 0.820312 0.853516 0.818359 0.851562 0.818359 0.849609 0.820312 0.847656 0.820312 0.845703 0.822266 0.843750 0.828125 0.843750 0.830078 0.845703 0.830078 0.847656 0.832031 0.849609
0 0.841797 0.859375 0.839844 0.859375 0.837891 0.861328 0.828125 0.861328 0.822266 0.855469 0.822266 0.845703 0.824219 0.843750 0.826172 0.843750 0.826172 0.841797 0.828125 0.839844 0.837891 0.839844 0.843750 0.845703 0.843750 0.855469 0.841797 0.857422
0 0.611328 0.855469 0.605469 0.861328 0.599609 0.861328 0.593750 0.855469 0.593750 0.849609 0.599609 0.843750 0.605469 0.843750 0.611328 0.849609
0 0.812500 0.861328 0.810547 0.861328 0.808594 0.863281 0.798828 0.863281 0.792969 0.857422 0.792969 0.847656 0.794922 0.845703 0.796875 0.845703 0.796875 0.843750 0.798828 0.841797 0.808594 0.841797 0.814453 0.847656 0.814453 0.857422 0.812500 0.859375
0 0.742188 0.857422 0.736328 0.863281 0.730469 0.863281 0.724609 0.857422 0.724609 0.851562 0.730469 0.845703 0.736328 0.845703 0.742188 0.851562
0 0.156250 0.859375 0.154297 0.859375 0.152344 0.861328 0.148438 0.861328 0.146484 0.859375 0.146484 0.853516 0.148438 0.851562 0.152344 0.851562 0.154297 0.853516 0.156250 0.853516
0 0.679688 0.857422 0.677734 0.859375 0.677734 0.861328 0.675781 0.863281 0.669922 0.863281 0.667969 0.861328 0.667969 0.859375 0.666016 0.857422 0.666016 0.855469 0.667969 0.853516 0.667969 0.851562 0.669922 0.849609 0.675781 0.849609 0.677734 0.851562 0.677734 0.853516 0.679688 0.855469
0 0.906250 0.861328 0.904297 0.861328 0.902344 0.863281 0.898438 0.863281 0.896484 0.861328 0.896484 0.855469 0.898438 0.853516 0.902344 0.853516 0.904297 0.855469 0.906250 0.855469
0 0.931641 0.865234 0.929688 0.865234 0.927734 0.867188 0.923828 0.867188 0.921875 0.865234 0.921875 0.859375 0.923828 0.857422 0.927734 0.857422 0.929688 0.859375 0.931641 0.859375
0 0.130859 0.867188 0.128906 0.867188 0.126953 0.869141 0.123047 0.869141 0.121094 0.867188 0.121094 0.861328 0.123047 0.859375 0.126953 0.859375 0.128906 0.861328 0.130859 0.861328
0 0.701172 0.873047 0.699219 0.873047 0.697266 0.875000 0.687500 0.875000 0.681641 0.869141 0.681641 0.859375 0.683594 0.857422 0.685547 0.857422 0.685547 0.855469 0.687500 0.853516 0.697266 0.853516 0.703125 0.859375 0.703125 0.869141 0.701172 0.871094
0 0.849609 0.867188 0.843750 0.873047 0.837891 0.873047 0.832031 0.867188 0.832031 0.861328 0.837891 0.855469 0.843750 0.855469 0.849609 0.861328
0 0.914062 0.863281 0.914062 0.867188 0.910156 0.867188 0.908203 0.865234 0.912109 0.861328
0 0.890625 0.875000 0.888672 0.875000 0.886719 0.876953 0.876953 0.876953 0.871094 0.871094 0.871094 0.861328 0.873047 0.859375 0.875000 0.859375 0.875000 0.857422 0.876953 0.855469 0.886719 0.855469 0.892578 0.861328 0.892578 0.871094 0.890625 0.873047
0 0.437500 0.867188 0.437500 0.871094 0.433594 0.871094 0.431641 0.869141 0.435547 0.865234
0 0.447266 0.867188 0.447266 0.871094 0.443359 0.871094 0.441406 0.869141 0.445312 0.865234
0 0.650391 0.871094 0.648438 0.871094 0.646484 0.873047 0.642578 0.873047 0.640625 0.871094 0.640625 0.865234 0.642578 0.863281 0.646484 0.863281 0.648438 0.865234 0.650391 0.865234
0 0.648438 0.882812 0.646484 0.882812 0.644531 0.884766 0.634766 0.884766 0.628906 0.878906 0.628906 0.869141 0.630859 0.867188 0.632812 0.867188 0.632812 0.865234 0.634766 0.863281 0.644531 0.863281 0.650391 0.869141 0.650391 0.878906 0.648438 0.880859
0 0.615234 0.882812 0.613281 0.882812 0.611328 0.884766 0.607422 0.884766 0.605469 0.882812 0.605469 0.876953 0.607422 0.875000 0.611328 0.875000 0.613281 0.876953 0.615234 0.876953
0 0.746094 0.882812 0.740234 0.888672 0.734375 0.888672 0.728516 0.882812 0.728516 0.876953 0.734375 0.871094 0.740234 0.871094 0.746094 0.876953
0 0.998047 0.886719 0.994141 0.886719 0.992188 0.884766 0.992188 0.882812 0.990234 0.880859 0.990234 0.878906 0.992188 0.876953 0.992188 0.875000 0.994141 0.873047 0.998047 0.873047
0 0.675781 0.884766 0.673828 0.884766 0.671875 0.886719 0.667969 0.886719 0.666016 0.884766 0.666016 0.878906 0.667969 0.876953 0.671875 0.876953 0.673828 0.878906 0.675781 0.878906
0 0.228516 0.882812 0.228516 0.886719 0.224609 0.886719 0.222656 0.884766 0.226562 0.880859
0 0.867188 0.884766 0.865234 0.886719 0.865234 0.888672 0.863281 0.890625 0.857422 0.890625 0.855469 0.888672 0.855469 0.886719 0.853516 0.884766 0.853516 0.882812 0.855469 0.880859 0.855469 0.878906 0.857422 0.876953 0.863281 0.876953 0.865234 0.878906 0.865234 0.880859 0.867188 0.882812
0 0.216797 0.884766 0.216797 0.888672 0.212891 0.888672 0.210938 0.886719 0.214844 0.882812
0 0.660156 0.888672 0.658203 0.888672 0.656250 0.890625 0.652344 0.890625 0.650391 0.888672 0.650391 0.882812 0.652344 0.880859 0.656250 0.880859 0.658203 0.882812 0.660156 0.882812
0 0.228516 0.888672 0.228516 0.892578 0.224609 0.892578 0.222656 0.890625 0.226562 0.886719
0 0.562500 0.892578 0.556641 0.898438 0.550781 0.898438 0.544922 0.892578 0.544922 0.886719 0.550781 0.880859 0.556641 0.880859 0.562500 0.886719
0 0.736328 0.890625 0.734375 0.892578 0.734375 0.894531 0.732422 0.896484 0.726562 0.896484 0.724609 0.894531 0.724609 0.892578 0.722656 0.890625 0.722656 0.888672 0.724609 0.886719 0.724609 0.884766 0.726562 0.882812 0.732422 0.882812 0.734375 0.884766 0.734375 0.886719 0.736328 0.888672
0 0.748047 0.888672 0.748047 0.892578 0.744141 0.892578 0.742188 0.890625 0.746094 0.886719
0 0.599609 0.892578 0.597656 0.894531 0.597656 0.896484 0.595703 0.898438 0.589844 0.898438 0.587891 0.896484 0.587891 0.894531 0.585938 0.892578 0.585938 0.890625 0.587891 0.888672 0.587891 0.886719 0.589844 0.884766 0.595703 0.884766 0.597656 0.886719 0.597656 0.888672 0.599609 0.890625
0 0.796875 0.898438 0.794922 0.898438 0.792969 0.900391 0.789062 0.900391 0.787109 0.898438 0.787109 0.892578 0.789062 0.890625 0.792969 0.890625 0.794922 0.892578 0.796875 0.892578
0 0.628906 0.896484 0.628906 0.900391 0.625000 0.900391 0.623047 0.898438 0.626953 0.894531
0 0.527344 0.902344 0.525391 0.902344 0.523438 0.904297 0.519531 0.904297 0.517578 0.902344 0.517578 0.896484 0.519531 0.894531 0.523438 0.894531 0.525391 0.896484 0.527344 0.896484
0 0.718750 0.900391 0.716797 0.902344 0.716797 0.904297 0.714844 0.906250 0.708984 0.906250 0.707031 0.904297 0.707031 0.902344 0.705078 0.900391 0.705078 0.898438 0.707031 0.896484 0.707031 0.894531 0.708984 0.892578 0.714844 0.892578 0.716797 0.894531 0.716797 0.896484 0.718750 0.898438
0 0.742188 0.898438 0.742188 0.902344 0.738281 0.902344 0.736328 0.900391 0.740234 0.896484
0 0.892578 0.900391 0.890625 0.902344 0.890625 0.904297 0.888672 0.906250 0.882812 0.906250 0.880859 0.904297 0.880859 0.902344 0.878906 0.900391 0.878906 0.898438 0.880859 0.896484 0.880859 0.894531 0.882812 0.892578 0.888672 0.892578 0.890625 0.894531 0.890625 0.896484 0.892578 0.898438
0 0.830078 0.908203 0.828125 0.908203 0.826172 0.910156 0.822266 0.910156 0.820312 0.908203 0.820312 0.902344 0.822266 0.900391 0.826172 0.900391 0.828125 0.902344 0.830078 0.902344
0 0.875000 0.906250 0.873047 0.908203 0.873047 0.910156 0.871094 0.912109 0.865234 0.912109 0.863281 0.910156 0.863281 0.908203 0.861328 0.906250 0.861328 0.904297 0.863281 0.902344 0.863281 0.900391 0.865234 0.898438 0.871094 0.898438 0.873047 0.900391 0.873047 0.902344 0.875000 0.904297
0 0.572266 0.914062 0.570312 0.916016 0.570312 0.917969 0.568359 0.919922 0.562500 0.919922 0.560547 0.917969 0.560547 0.916016 0.558594 0.914062 0.558594 0.912109 0.560547 0.910156 0.560547 0.908203 0.562500 0.906250 0.568359 0.906250 0.570312 0.908203 0.570312 0.910156 0.572266 0.912109
0 0.603516 0.916016 0.601562 0.916016 0.599609 0.917969 0.595703 0.917969 0.593750 0.916016 0.593750 0.910156 0.595703 0.908203 0.599609 0.908203 0.601562 0.910156 0.603516 0.910156
0 0.808594 0.916016 0.806641 0.916016 0.804688 0.917969 0.800781 0.917969 0.798828 0.916016 0.798828 0.910156 0.800781 0.908203 0.804688 0.908203 0.806641 0.910156 0.808594 0.910156
0 0.902344 0.914062 0.902344 0.917969 0.898438 0.917969 0.896484 0.916016 0.900391 0.912109
0 0.910156 0.914062 0.910156 0.917969 0.906250 0.917969 0.904297 0.916016 0.908203 0.912109
0 0.701172 0.917969 0.699219 0.919922 0.699219 0.921875 0.697266 0.923828 0.691406 0.923828 0.689453 0.921875 0.689453 0.919922 0.687500 0.917969 0.687500 0.916016 0.689453 0.914062 0.689453 0.912109 0.691406 0.910156 0.697266 0.910156 0.699219 0.912109 0.699219 0.914062 0.701172 0.916016
0 0.679688 0.917969 0.679688 0.921875 0.675781 0.921875 0.673828 0.919922 0.677734 0.916016
0 0.591797 0.925781 0.589844 0.925781 0.587891 0.927734 0.583984 0.927734 0.582031 0.925781 0.582031 0.919922 0.583984 0.917969 0.587891 0.917969 0.589844 0.919922 0.591797 0.919922
0 0.996094 0.921875 0.996094 0.925781 0.992188 0.925781 0.990234 0.923828 0.994141 0.919922
0 0.683594 0.929688 0.683594 0.933594 0.679688 0.933594 0.677734 0.931641 0.681641 0.927734
0 0.794922 0.935547 0.792969 0.935547 0.791016 0.937500 0.787109 0.937500 0.785156 0.935547 0.785156 0.929688 0.787109 0.927734 0.791016 0.927734 0.792969 0.929688 0.794922 0.929688
0 0.998047 0.943359 0.994141 0.943359 0.992188 0.941406 0.992188 0.935547 0.994141 0.933594 0.998047 0.933594
0 0.878906 0.939453 0.878906 0.943359 0.875000 0.943359 0.873047 0.941406 0.876953 0.937500
0 0.888672 0.939453 0.888672 0.943359 0.884766 0.943359 0.882812 0.941406 0.886719 0.937500
0 0.521484 0.945312 0.519531 0.945312 0.517578 0.947266 0.513672 0.947266 0.511719 0.945312 0.511719 0.939453 0.513672 0.937500 0.517578 0.937500 0.519531 0.939453 0.521484 0.939453
0 0.773438 0.945312 0.771484 0.945312 0.769531 0.947266 0.765625 0.947266 0.763672 0.945312 0.763672 0.939453 0.765625 0.937500 0.769531 0.937500 0.771484 0.939453 0.773438 0.939453
0 0.800781 0.953125 0.794922 0.958984 0.789062 0.958984 0.783203 0.953125 0.783203 0.947266 0.789062 0.941406 0.794922 0.941406 0.800781 0.947266
0 0.509766 0.955078 0.507812 0.955078 0.505859 0.957031 0.501953 0.957031 0.500000 0.955078 0.500000 0.949219 0.501953 0.947266 0.505859 0.947266 0.507812 0.949219 0.509766 0.949219
0 0.992188 0.955078 0.990234 0.955078 0.988281 0.957031 0.984375 0.957031 0.982422 0.955078 0.982422 0.949219 0.984375 0.947266 0.988281 0.947266 0.990234 0.949219 0.992188 0.949219
0 0.851562 0.953125 0.851562 0.957031 0.847656 0.957031 0.845703 0.955078 0.849609 0.951172
0 0.572266 0.957031 0.570312 0.958984 0.570312 0.960938 0.568359 0.962891 0.562500 0.962891 0.560547 0.960938 0.560547 0.958984 0.558594 0.957031 0.558594 0.955078 0.560547 0.953125 0.560547 0.951172 0.562500 0.949219 0.568359 0.949219 0.570312 0.951172 0.570312 0.953125 0.572266 0.955078
0 0.736328 0.958984 0.734375 0.958984 0.732422 0.960938 0.728516 0.960938 0.726562 0.958984 0.726562 0.953125 0.728516 0.951172 0.732422 0.951172 0.734375 0.953125 0.736328 0.953125
0 0.865234 0.960938 0.863281 0.960938 0.861328 0.962891 0.857422 0.962891 0.855469 0.960938 0.855469 0.955078 0.857422 0.953125 0.861328 0.953125 0.863281 0.955078 0.865234 0.955078
0 0.998047 0.962891 0.994141 0.962891 0.992188 0.960938 0.992188 0.955078 0.994141 0.953125 0.998047 0.953125
0 0.820312 0.962891 0.818359 0.964844 0.818359 0.966797 0.816406 0.968750 0.810547 0.968750 0.808594 0.966797 0.808594 0.964844 0.806641 0.962891 0.806641 0.960938 0.808594 0.958984 0.808594 0.957031 0.810547 0.955078 0.816406 0.955078 0.818359 0.957031 0.818359 0.958984 0.820312 0.960938
0 0.541016 0.966797 0.539062 0.966797 0.537109 0.968750 0.533203 0.968750 0.531250 0.966797 0.531250 0.960938 0.533203 0.958984 0.537109 0.958984 0.539062 0.960938 0.541016 0.960938
0 0.722656 0.968750 0.720703 0.968750 0.718750 0.970703 0.714844 0.970703 0.712891 0.968750 0.712891 0.962891 0.714844 0.960938 0.718750 0.960938 0.720703 0.962891 0.722656 0.962891
0 0.853516 0.964844 0.853516 0.968750 0.849609 0.968750 0.847656 0.966797 0.851562 0.962891
0 0.791016 0.970703 0.789062 0.970703 0.787109 0.972656 0.783203 0.972656 0.781250 0.970703 0.781250 0.964844 0.783203 0.962891 0.787109 0.962891 0.789062 0.964844 0.791016 0.964844
0 0.453125 0.970703 0.451172 0.972656 0.451172 0.974609 0.449219 0.976562 0.443359 0.976562 0.441406 0.974609 0.441406 0.972656 0.439453 0.970703 0.439453 0.968750 0.441406 0.966797 0.441406 0.964844 0.443359 0.962891 0.449219 0.962891 0.451172 0.964844 0.451172 0.966797 0.453125 0.968750
0 0.490234 0.972656 0.484375 0.978516 0.478516 0.978516 0.472656 0.972656 0.472656 0.966797 0.478516 0.960938 0.484375 0.960938 0.490234 0.966797
0 0.429688 0.972656 0.427734 0.974609 0.427734 0.976562 0.425781 0.978516 0.419922 0.978516 0.417969 0.976562 0.417969 0.974609 0.416016 0.972656 0.416016 0.970703 0.417969 0.968750 0.417969 0.966797 0.419922 0.964844 0.425781 0.964844 0.427734 0.966797 0.427734 0.968750 0.429688 0.970703
0 0.328125 0.976562 0.326172 0.976562 0.324219 0.978516 0.320312 0.978516 0.318359 0.976562 0.318359 0.970703 0.320312 0.968750 0.324219 0.968750 0.326172 0.970703 0.328125 0.970703
0 0.986328 0.976562 0.984375 0.976562 0.982422 0.978516 0.978516 0.978516 0.976562 0.976562 0.976562 0.970703 0.978516 0.968750 0.982422 0.968750 0.984375 0.970703 0.986328 0.970703
0 0.587891 0.976562 0.585938 0.978516 0.585938 0.980469 0.583984 0.982422 0.578125 0.982422 0.576172 0.980469 0.576172 0.978516 0.574219 0.976562 0.574219 0.974609 0.576172 0.972656 0.576172 0.970703 0.578125 0.968750 0.583984 0.968750 0.585938 0.970703 0.585938 0.972656 0.587891 0.974609
0 0.757812 0.978516 0.751953 0.984375 0.746094 0.984375 0.740234 0.978516 0.740234 0.972656 0.746094 0.966797 0.751953 0.966797 0.757812 0.972656
0 0.400391 0.982422 0.398438 0.984375 0.398438 0.986328 0.396484 0.988281 0.390625 0.988281 0.388672 0.986328 0.388672 0.984375 0.386719 0.982422 0.386719 0.980469 0.388672 0.978516 0.388672 0.976562 0.390625 0.974609 0.396484 0.974609 0.398438 0.976562 0.398438 0.978516 0.400391 0.980469
0 0.792969 0.990234 0.791016 0.990234 0.789062 0.992188 0.779297 0.992188 0.773438 0.986328 0.773438 0.976562 0.775391 0.974609 0.777344 0.974609 0.777344 0.972656 0.779297 0.970703 0.789062 0.970703 0.794922 0.976562 0.794922 0.986328 0.792969 0.988281
0 0.982422 0.980469 0.982422 0.984375 0.978516 0.984375 0.976562 0.982422 0.980469 0.978516
0 0.730469 0.986328 0.728516 0.986328 0.726562 0.988281 0.722656 0.988281 0.720703 0.986328 0.720703 0.980469 0.722656 0.978516 0.726562 0.978516 0.728516 0.980469 0.730469 0.980469
0 0.613281 0.984375 0.613281 0.988281 0.609375 0.988281 0.607422 0.986328 0.611328 0.982422
0 0.314453 0.990234 0.308594 0.996094 0.302734 0.996094 0.296875 0.990234 0.296875 0.984375 0.302734 0.978516 0.308594 0.978516 0.314453 0.984375
0 0.351562 0.988281 0.349609 0.990234 0.349609 0.992188 0.347656 0.994141 0.341797 0.994141 0.339844 0.992188 0.339844 0.990234 0.337891 0.988281 0.337891 0.986328 0.339844 0.984375 0.339844 0.982422 0.341797 0.980469 0.347656 0.980469 0.349609 0.982422 0.349609 0.984375 0.351562 0.986328
0 0.382812 0.990234 0.380859 0.990234 0.378906 0.992188 0.375000 0.992188 0.373047 0.990234 0.373047 0.984375 0.375000 0.982422 0.378906 0.982422 0.380859 0.984375 0.382812 0.984375
0 0.265625 0.994141 0.263672 0.996094 0.263672 0.998047 0.253906 0.998047 0.253906 0.996094 0.251953 0.994141 0.251953 0.992188 0.253906 0.990234 0.253906 0.988281 0.255859 0.986328 0.261719 0.986328 0.263672 0.988281 0.263672 0.990234 0.265625 0.992188
0 0.443359 0.998047 0.425781 0.998047 0.425781 0.994141 0.431641 0.988281 0.437500 0.988281 0.443359 0.994141
0 0.474609 0.998047 0.457031 0.998047 0.457031 0.994141 0.462891 0.988281 0.468750 0.988281 0.474609 0.994141
0 0.501953 0.998047 0.484375 0.998047 0.484375 0.994141 0.490234 0.988281 0.496094 0.988281 0.501953 0.994141
0 0.593750 0.998047 0.583984 0.998047 0.583984 0.994141 0.585938 0.992188 0.589844 0.992188 0.591797 0.994141 0.593750 0.994141
0 0.613281 0.998047 0.603516 0.998047 0.603516 0.994141 0.605469 0.992188 0.609375 0.992188 0.611328 0.994141 0.613281 0.994141
