0 0.417969 0.000000 0.419922 0.001953 0.419922 0.003906 0.421875 0.005859 0.423828 0.005859 0.425781 0.003906 0.425781 0.000000
0 0.443359 0.005859 0.443359 0.007812 0.441406 0.009766 0.441406 0.011719 0.443359 0.013672 0.449219 0.013672 0.451172 0.011719 0.451172 0.009766 0.447266 0.005859
0 0.136719 0.015625 0.134766 0.017578 0.134766 0.021484 0.136719 0.023438 0.142578 0.023438 0.144531 0.021484 0.144531 0.019531 0.140625 0.015625
0 0.412109 0.035156 0.410156 0.037109 0.410156 0.039062 0.412109 0.041016 0.414062 0.041016 0.416016 0.039062 0.416016 0.037109 0.414062 0.035156
0 0.119141 0.062500 0.113281 0.062500 0.107422 0.066406 0.107422 0.078125 0.105469 0.080078 0.105469 0.089844 0.107422 0.091797 0.113281 0.091797 0.115234 0.087891 0.115234 0.083984 0.117188 0.082031 0.125000 0.082031 0.128906 0.078125 0.126953 0.074219 0.126953 0.068359
0 0.287109 0.072266 0.283203 0.076172 0.283203 0.078125 0.285156 0.080078 0.285156 0.082031 0.291016 0.082031 0.294922 0.078125 0.294922 0.076172 0.291016 0.072266
0 0.154297 0.093750 0.152344 0.091797 0.146484 0.091797 0.144531 0.093750 0.142578 0.093750 0.140625 0.095703 0.140625 0.101562 0.142578 0.103516 0.144531 0.103516 0.146484 0.101562 0.148438 0.101562 0.150391 0.099609 0.152344 0.099609 0.154297 0.097656
1 0.095703 0.123047 0.097656 0.126953 0.107422 0.126953 0.109375 0.128906 0.105469 0.132812 0.105469 0.138672 0.109375 0.142578 0.115234 0.142578 0.123047 0.134766 0.128906 0.134766 0.134766 0.142578 0.136719 0.156250 0.142578 0.162109 0.148438 0.162109 0.150391 0.160156 0.152344 0.162109 0.158203 0.162109 0.167969 0.171875 0.171875 0.169922 0.173828 0.154297 0.169922 0.150391 0.164062 0.150391 0.148438 0.134766 0.146484 0.121094 0.130859 0.111328 0.136719 0.105469 0.134766 0.101562 0.130859 0.101562 0.126953 0.105469 0.117188 0.105469 0.109375 0.111328 0.109375 0.115234 0.105469 0.119141 0.099609 0.119141
1 0.207031 0.107422 0.191406 0.103516 0.177734 0.109375 0.177734 0.113281 0.171875 0.119141 0.162109 0.113281 0.156250 0.113281 0.152344 0.119141 0.156250 0.126953 0.164062 0.126953 0.181641 0.119141 0.189453 0.123047 0.199219 0.123047 0.207031 0.113281
0 0.261719 0.117188 0.257812 0.113281 0.255859 0.115234 0.253906 0.115234 0.251953 0.117188 0.251953 0.119141 0.250000 0.121094 0.250000 0.123047 0.253906 0.123047 0.255859 0.125000 0.259766 0.125000 0.261719 0.123047
0 0.232422 0.158203 0.230469 0.160156 0.230469 0.162109 0.232422 0.164062 0.236328 0.164062 0.238281 0.162109 0.238281 0.160156 0.236328 0.158203
0 0.134766 0.175781 0.134766 0.179688 0.136719 0.179688 0.136719 0.175781
0 0.414062 0.175781 0.416016 0.177734 0.417969 0.175781
0 0.814453 0.187500 0.812500 0.189453 0.812500 0.191406 0.814453 0.193359 0.816406 0.191406 0.816406 0.189453
0 0.220703 0.199219 0.218750 0.201172 0.218750 0.203125 0.220703 0.205078 0.222656 0.205078 0.222656 0.201172
0 0.919922 0.199219 0.917969 0.201172 0.919922 0.203125 0.919922 0.205078 0.921875 0.205078 0.923828 0.203125 0.923828 0.201172 0.921875 0.199219
0 0.175781 0.222656 0.175781 0.224609 0.181641 0.224609 0.185547 0.228516 0.187500 0.226562 0.189453 0.228516 0.191406 0.228516 0.193359 0.226562 0.193359 0.222656 0.189453 0.218750 0.189453 0.216797 0.187500 0.214844 0.185547 0.214844 0.179688 0.220703 0.177734 0.220703
0 0.902344 0.214844 0.900391 0.214844 0.898438 0.216797 0.898438 0.218750 0.902344 0.218750
0 0.865234 0.224609 0.861328 0.228516 0.861328 0.232422 0.865234 0.236328 0.871094 0.236328 0.873047 0.234375 0.873047 0.228516 0.869141 0.224609
0 0.736328 0.228516 0.734375 0.230469 0.734375 0.232422 0.736328 0.234375 0.738281 0.234375 0.738281 0.230469
1 0.179688 0.230469 0.177734 0.232422 0.177734 0.238281 0.179688 0.236328 0.181641 0.236328 0.181641 0.234375 0.179688 0.232422
0 0.191406 0.236328 0.189453 0.238281 0.191406 0.240234 0.193359 0.240234 0.195312 0.238281 0.193359 0.236328
0 0.787109 0.240234 0.783203 0.244141 0.783203 0.246094 0.785156 0.248047 0.785156 0.250000 0.789062 0.253906 0.796875 0.253906 0.798828 0.251953 0.798828 0.244141 0.794922 0.240234
0 0.185547 0.244141 0.181641 0.248047 0.183594 0.250000 0.185547 0.250000 0.187500 0.251953 0.189453 0.251953 0.191406 0.250000 0.191406 0.246094 0.189453 0.246094 0.187500 0.244141
0 0.310547 0.251953 0.308594 0.253906 0.308594 0.257812 0.310547 0.259766 0.314453 0.259766 0.318359 0.255859 0.314453 0.251953
0 0.330078 0.257812 0.330078 0.261719 0.332031 0.263672 0.335938 0.263672 0.335938 0.261719 0.337891 0.259766 0.335938 0.257812
0 0.550781 0.257812 0.548828 0.259766 0.548828 0.261719 0.550781 0.263672 0.552734 0.263672 0.554688 0.261719 0.554688 0.259766 0.552734 0.257812
0 0.535156 0.269531 0.533203 0.271484 0.533203 0.273438 0.535156 0.275391 0.539062 0.275391 0.539062 0.271484 0.537109 0.269531
0 0.185547 0.273438 0.183594 0.275391 0.183594 0.281250 0.187500 0.281250 0.187500 0.279297 0.189453 0.277344
0 0.345703 0.277344 0.345703 0.279297 0.351562 0.279297 0.353516 0.281250 0.355469 0.291016 0.359375 0.296875 0.361328 0.296875 0.363281 0.294922 0.367188 0.294922 0.367188 0.292969 0.369141 0.291016 0.369141 0.283203 0.365234 0.277344 0.363281 0.277344 0.357422 0.273438 0.351562 0.279297
0 0.593750 0.275391 0.591797 0.277344 0.591797 0.279297 0.593750 0.281250 0.597656 0.281250 0.599609 0.279297 0.599609 0.277344 0.597656 0.275391
0 0.167969 0.277344 0.166016 0.279297 0.166016 0.285156 0.167969 0.287109 0.171875 0.287109 0.173828 0.285156 0.173828 0.279297 0.171875 0.277344
0 0.388672 0.289062 0.386719 0.291016 0.386719 0.292969 0.388672 0.294922 0.390625 0.294922 0.392578 0.292969
1 0.246094 0.292969 0.242188 0.292969 0.240234 0.294922 0.236328 0.294922 0.232422 0.298828 0.232422 0.300781 0.234375 0.302734 0.238281 0.302734 0.242188 0.298828 0.244141 0.298828 0.246094 0.296875
0 0.279297 0.298828 0.277344 0.298828 0.277344 0.302734 0.279297 0.300781
0 0.259766 0.306641 0.257812 0.308594 0.257812 0.314453 0.263672 0.314453 0.265625 0.312500 0.263672 0.310547 0.263672 0.308594 0.261719 0.306641
0 0.445312 0.306641 0.445312 0.308594 0.447266 0.310547 0.449219 0.310547 0.451172 0.308594 0.451172 0.306641
0 0.542969 0.308594 0.541016 0.310547 0.541016 0.312500 0.542969 0.314453 0.546875 0.314453 0.546875 0.312500
0 0.771484 0.308594 0.769531 0.310547 0.767578 0.310547 0.767578 0.312500 0.765625 0.314453 0.765625 0.324219 0.771484 0.332031 0.773438 0.332031 0.775391 0.333984 0.781250 0.333984 0.787109 0.330078 0.787109 0.318359 0.781250 0.308594
1 0.279297 0.320312 0.277344 0.318359 0.273438 0.318359 0.273438 0.320312 0.271484 0.322266 0.269531 0.322266 0.267578 0.324219 0.265625 0.322266 0.267578 0.324219 0.269531 0.322266 0.271484 0.324219 0.277344 0.324219 0.279297 0.322266
0 0.140625 0.320312 0.140625 0.322266 0.138672 0.324219 0.140625 0.326172 0.142578 0.326172 0.144531 0.324219 0.144531 0.322266 0.142578 0.320312
0 0.400391 0.324219 0.398438 0.326172 0.398438 0.333984 0.400391 0.335938 0.402344 0.335938 0.404297 0.337891 0.408203 0.337891 0.408203 0.332031 0.406250 0.330078 0.406250 0.328125 0.402344 0.324219
0 0.548828 0.328125 0.546875 0.330078 0.548828 0.332031 0.550781 0.332031 0.550781 0.330078
1 0.472656 0.333984 0.468750 0.333984 0.468750 0.335938 0.464844 0.339844 0.462891 0.337891 0.460938 0.337891 0.458984 0.339844 0.458984 0.341797 0.460938 0.343750 0.464844 0.343750 0.464844 0.339844 0.466797 0.337891 0.470703 0.337891 0.472656 0.335938
0 0.820312 0.332031 0.818359 0.333984 0.808594 0.333984 0.804688 0.337891 0.804688 0.345703 0.808594 0.349609 0.820312 0.349609 0.824219 0.345703 0.824219 0.337891
0 0.546875 0.337891 0.544922 0.339844 0.544922 0.343750 0.546875 0.343750 0.548828 0.345703 0.552734 0.345703 0.554688 0.343750 0.550781 0.339844 0.548828 0.339844
0 0.427734 0.341797 0.429688 0.343750 0.429688 0.345703 0.431641 0.347656 0.433594 0.347656 0.433594 0.343750 0.435547 0.341797
0 0.425781 0.355469 0.423828 0.353516 0.421875 0.353516 0.419922 0.351562 0.417969 0.351562 0.416016 0.349609 0.414062 0.349609 0.414062 0.355469 0.410156 0.359375 0.410156 0.363281 0.412109 0.365234 0.414062 0.365234 0.416016 0.363281 0.417969 0.363281 0.419922 0.361328 0.423828 0.361328 0.425781 0.359375
0 0.474609 0.363281 0.472656 0.363281 0.470703 0.365234 0.470703 0.369141 0.472656 0.371094 0.476562 0.367188 0.476562 0.365234
0 0.830078 0.371094 0.828125 0.373047 0.828125 0.375000 0.830078 0.376953 0.832031 0.376953 0.833984 0.375000 0.833984 0.373047 0.832031 0.371094
0 0.417969 0.394531 0.416016 0.396484 0.416016 0.402344 0.417969 0.404297 0.419922 0.404297 0.419922 0.400391 0.421875 0.398438 0.419922 0.396484 0.419922 0.394531
0 0.656250 0.398438 0.648438 0.398438 0.646484 0.400391 0.646484 0.402344 0.644531 0.404297 0.644531 0.412109 0.640625 0.417969 0.640625 0.423828 0.642578 0.425781 0.646484 0.425781 0.650391 0.421875 0.658203 0.421875 0.662109 0.417969 0.662109 0.406250
0 0.765625 0.398438 0.763672 0.400391 0.763672 0.406250 0.765625 0.408203 0.765625 0.410156 0.771484 0.410156 0.773438 0.408203 0.773438 0.402344 0.769531 0.398438 0.767578 0.400391
0 0.466797 0.404297 0.462891 0.404297 0.462891 0.406250 0.464844 0.408203 0.466797 0.406250
0 0.460938 0.414062 0.457031 0.414062 0.453125 0.417969 0.453125 0.421875 0.455078 0.423828 0.458984 0.423828 0.460938 0.421875 0.460938 0.419922 0.462891 0.417969 0.462891 0.416016
0 0.812500 0.419922 0.810547 0.421875 0.810547 0.425781 0.814453 0.429688 0.816406 0.429688 0.818359 0.427734 0.818359 0.423828 0.814453 0.419922
0 0.283203 0.429688 0.283203 0.435547 0.289062 0.435547 0.291016 0.433594 0.294922 0.433594 0.292969 0.431641 0.292969 0.429688 0.289062 0.425781 0.287109 0.425781
1 0.361328 0.425781 0.357422 0.425781 0.355469 0.427734 0.355469 0.431641 0.353516 0.433594 0.353516 0.435547 0.355469 0.437500 0.357422 0.435547 0.359375 0.437500 0.359375 0.433594 0.361328 0.431641
0 0.453125 0.427734 0.447266 0.427734 0.445312 0.429688 0.445312 0.435547 0.447266 0.437500 0.449219 0.435547 0.451172 0.435547 0.455078 0.431641 0.455078 0.429688
0 0.339844 0.431641 0.337891 0.431641 0.333984 0.435547 0.335938 0.435547 0.337891 0.437500 0.335938 0.439453 0.337891 0.439453 0.339844 0.437500 0.341797 0.437500 0.341797 0.433594
0 0.742188 0.435547 0.740234 0.435547 0.738281 0.437500 0.736328 0.437500 0.734375 0.439453 0.734375 0.449219 0.736328 0.451172 0.744141 0.451172 0.748047 0.447266 0.748047 0.439453 0.746094 0.439453
0 0.369141 0.445312 0.367188 0.447266 0.369141 0.449219 0.371094 0.449219 0.373047 0.447266 0.371094 0.445312
0 0.441406 0.445312 0.439453 0.447266 0.439453 0.451172 0.441406 0.451172 0.443359 0.449219 0.443359 0.447266
0 0.263672 0.453125 0.263672 0.455078 0.261719 0.457031 0.261719 0.458984 0.257812 0.462891 0.257812 0.466797 0.259766 0.468750 0.265625 0.468750 0.265625 0.464844 0.267578 0.462891 0.269531 0.462891 0.269531 0.460938 0.263672 0.455078
0 0.462891 0.457031 0.462891 0.462891 0.464844 0.464844 0.462891 0.466797 0.476562 0.466797 0.474609 0.466797 0.472656 0.464844 0.472656 0.462891 0.470703 0.460938 0.470703 0.457031 0.468750 0.455078 0.466797 0.455078 0.464844 0.457031
0 0.486328 0.458984 0.484375 0.462891 0.486328 0.464844 0.484375 0.466797 0.488281 0.468750 0.488281 0.476562 0.494141 0.482422 0.500000 0.482422 0.501953 0.484375 0.500000 0.486328 0.501953 0.484375 0.507812 0.486328 0.509766 0.482422 0.500000 0.470703 0.511719 0.458984 0.511719 0.457031 0.509766 0.455078 0.498047 0.455078 0.494141 0.458984 0.490234 0.457031
0 0.767578 0.455078 0.759766 0.455078 0.755859 0.457031 0.748047 0.468750 0.748047 0.478516 0.750000 0.482422 0.753906 0.484375 0.763672 0.484375 0.767578 0.480469 0.767578 0.476562 0.771484 0.472656 0.771484 0.466797 0.773438 0.464844 0.771484 0.458984
0 0.423828 0.462891 0.421875 0.464844 0.421875 0.468750 0.423828 0.470703 0.425781 0.470703 0.427734 0.468750 0.427734 0.464844 0.425781 0.462891
0 0.566406 0.462891 0.564453 0.462891 0.562500 0.464844 0.564453 0.466797 0.566406 0.464844
0 0.582031 0.470703 0.582031 0.472656 0.580078 0.474609 0.578125 0.474609 0.578125 0.486328 0.583984 0.492188 0.591797 0.492188 0.595703 0.488281 0.595703 0.476562 0.591797 0.472656 0.589844 0.472656 0.587891 0.470703
0 0.472656 0.474609 0.470703 0.472656 0.468750 0.474609 0.468750 0.476562 0.472656 0.476562
0 0.937500 0.482422 0.933594 0.488281 0.933594 0.498047 0.935547 0.500000 0.937500 0.500000 0.939453 0.501953 0.941406 0.501953 0.945312 0.498047 0.947266 0.498047 0.947266 0.496094 0.949219 0.494141 0.949219 0.492188 0.945312 0.488281 0.945312 0.486328 0.941406 0.482422
0 0.837891 0.492188 0.833984 0.488281 0.832031 0.488281 0.828125 0.492188 0.828125 0.498047 0.835938 0.498047 0.837891 0.496094
0 0.384766 0.496094 0.380859 0.496094 0.378906 0.498047 0.378906 0.501953 0.380859 0.503906 0.382812 0.503906 0.384766 0.501953 0.384766 0.500000 0.386719 0.498047
1 0.478516 0.500000 0.476562 0.498047 0.470703 0.498047 0.468750 0.496094 0.466797 0.496094 0.464844 0.498047 0.464844 0.501953 0.460938 0.505859 0.458984 0.503906 0.458984 0.500000 0.455078 0.500000 0.453125 0.501953 0.453125 0.509766 0.455078 0.511719 0.458984 0.511719 0.460938 0.509766 0.470703 0.509766 0.478516 0.503906
0 0.695312 0.496094 0.693359 0.498047 0.693359 0.500000 0.695312 0.501953 0.699219 0.501953 0.699219 0.498047 0.697266 0.496094
0 0.417969 0.500000 0.414062 0.500000 0.410156 0.503906 0.410156 0.509766 0.412109 0.509766 0.414062 0.511719 0.417969 0.507812
0 0.517578 0.503906 0.515625 0.505859 0.513672 0.505859 0.511719 0.507812 0.511719 0.511719 0.515625 0.515625 0.517578 0.515625 0.519531 0.513672 0.521484 0.513672 0.521484 0.511719 0.523438 0.509766 0.523438 0.507812 0.521484 0.505859 0.519531 0.505859
0 0.072266 0.519531 0.072266 0.515625 0.070312 0.513672 0.070312 0.511719 0.068359 0.511719 0.066406 0.513672 0.060547 0.513672 0.058594 0.515625 0.058594 0.517578 0.060547 0.517578 0.062500 0.519531
0 0.736328 0.511719 0.734375 0.513672 0.734375 0.519531 0.736328 0.521484 0.738281 0.521484 0.742188 0.517578 0.742188 0.515625 0.740234 0.513672 0.738281 0.513672
1 0.443359 0.521484 0.443359 0.523438 0.445312 0.525391 0.447266 0.525391 0.449219 0.523438 0.451172 0.525391 0.451172 0.527344 0.457031 0.527344 0.458984 0.525391 0.458984 0.521484 0.457031 0.519531 0.453125 0.519531 0.451172 0.521484 0.447266 0.521484 0.445312 0.519531 0.445312 0.517578 0.445312 0.519531
0 0.496094 0.519531 0.492188 0.519531 0.492188 0.523438 0.494141 0.525391 0.496094 0.523438
0 0.541016 0.533203 0.541016 0.529297 0.539062 0.527344 0.539062 0.523438 0.537109 0.521484 0.535156 0.521484 0.529297 0.525391 0.523438 0.523438 0.519531 0.527344 0.519531 0.531250 0.521484 0.533203 0.527344 0.533203 0.527344 0.527344 0.529297 0.525391 0.531250 0.525391 0.533203 0.527344 0.531250 0.529297 0.531250 0.533203 0.533203 0.533203 0.535156 0.535156 0.539062 0.535156
0 0.841797 0.521484 0.841797 0.529297 0.845703 0.533203 0.851562 0.533203 0.853516 0.531250 0.853516 0.525391 0.847656 0.519531 0.845703 0.519531 0.843750 0.521484
0 0.361328 0.523438 0.359375 0.523438 0.355469 0.527344 0.355469 0.535156 0.363281 0.535156 0.365234 0.533203 0.365234 0.527344
0 0.421875 0.525391 0.417969 0.525391 0.416016 0.527344 0.416016 0.531250 0.417969 0.533203 0.419922 0.533203 0.423828 0.529297 0.423828 0.527344
1 0.474609 0.527344 0.472656 0.527344 0.470703 0.525391 0.468750 0.525391 0.468750 0.527344 0.466797 0.529297 0.464844 0.529297 0.462891 0.531250 0.460938 0.531250 0.458984 0.533203 0.458984 0.537109 0.462891 0.537109 0.466797 0.533203 0.468750 0.535156 0.470703 0.533203 0.472656 0.533203 0.474609 0.531250
0 0.562500 0.531250 0.560547 0.533203 0.562500 0.535156 0.564453 0.535156 0.564453 0.531250
0 0.771484 0.531250 0.769531 0.533203 0.769531 0.535156 0.771484 0.537109 0.773438 0.537109 0.775391 0.535156 0.775391 0.533203 0.773438 0.531250
0 0.996094 0.533203 0.990234 0.533203 0.990234 0.535156 0.988281 0.537109 0.980469 0.537109 0.978516 0.539062 0.978516 0.542969 0.982422 0.546875 0.988281 0.546875 0.992188 0.541016 0.996094 0.541016
0 0.447266 0.546875 0.445312 0.548828 0.443359 0.548828 0.443359 0.552734 0.447266 0.552734 0.449219 0.550781 0.447266 0.548828
0 0.500000 0.550781 0.498047 0.548828 0.496094 0.548828 0.494141 0.550781 0.494141 0.552734 0.498047 0.552734
1 0.414062 0.568359 0.416016 0.578125 0.437500 0.576172 0.441406 0.582031 0.455078 0.578125 0.462891 0.580078 0.472656 0.572266 0.470703 0.566406 0.460938 0.564453 0.457031 0.566406 0.451172 0.562500 0.445312 0.562500 0.441406 0.568359 0.435547 0.570312 0.433594 0.568359 0.435547 0.560547 0.431641 0.554688 0.427734 0.556641 0.425781 0.562500
0 0.396484 0.562500 0.396484 0.564453 0.394531 0.566406 0.394531 0.568359 0.392578 0.570312 0.392578 0.572266 0.394531 0.574219 0.394531 0.578125 0.396484 0.580078 0.400391 0.580078 0.402344 0.578125 0.404297 0.578125 0.406250 0.576172 0.406250 0.566406 0.404297 0.564453 0.402344 0.564453 0.400391 0.562500
0 0.490234 0.564453 0.488281 0.566406 0.484375 0.566406 0.482422 0.568359 0.482422 0.570312 0.478516 0.574219 0.478516 0.582031 0.482422 0.585938 0.490234 0.585938 0.496094 0.580078 0.496094 0.578125 0.498047 0.576172 0.498047 0.574219 0.490234 0.566406
0 0.908203 0.568359 0.906250 0.570312 0.906250 0.583984 0.908203 0.585938 0.908203 0.587891 0.912109 0.591797 0.919922 0.591797 0.919922 0.589844 0.923828 0.585938 0.923828 0.576172 0.919922 0.570312 0.917969 0.570312 0.916016 0.568359
0 0.957031 0.578125 0.955078 0.580078 0.955078 0.582031 0.953125 0.583984 0.957031 0.587891 0.960938 0.587891 0.962891 0.585938 0.962891 0.582031 0.958984 0.578125
0 0.425781 0.582031 0.423828 0.583984 0.423828 0.589844 0.427734 0.593750 0.427734 0.595703 0.429688 0.595703 0.431641 0.597656 0.433594 0.597656 0.435547 0.595703 0.435547 0.591797 0.433594 0.589844 0.433594 0.585938 0.429688 0.582031
0 0.529297 0.585938 0.527344 0.583984 0.525391 0.585938 0.525391 0.587891 0.527344 0.587891
0 0.595703 0.582031 0.593750 0.582031 0.591797 0.583984 0.591797 0.585938 0.593750 0.587891 0.595703 0.585938
0 0.802734 0.582031 0.800781 0.583984 0.800781 0.585938 0.802734 0.585938
0 0.769531 0.585938 0.767578 0.587891 0.767578 0.589844 0.769531 0.591797 0.771484 0.591797 0.773438 0.589844 0.773438 0.587891 0.771484 0.585938
0 0.443359 0.589844 0.443359 0.593750 0.447266 0.593750 0.447266 0.591797 0.445312 0.589844
0 0.417969 0.597656 0.410156 0.597656 0.406250 0.601562 0.406250 0.605469 0.412109 0.611328 0.414062 0.611328 0.419922 0.605469 0.419922 0.599609
0 0.945312 0.597656 0.941406 0.601562 0.941406 0.603516 0.943359 0.605469 0.943359 0.607422 0.947266 0.611328 0.949219 0.611328 0.953125 0.607422 0.953125 0.599609 0.951172 0.599609 0.949219 0.597656
0 0.761719 0.603516 0.759766 0.605469 0.759766 0.607422 0.761719 0.609375 0.765625 0.609375 0.767578 0.607422 0.767578 0.605469 0.765625 0.603516
0 0.537109 0.607422 0.535156 0.609375 0.535156 0.615234 0.537109 0.617188 0.541016 0.617188 0.541016 0.607422
0 0.562500 0.605469 0.558594 0.605469 0.558594 0.607422 0.560547 0.609375 0.562500 0.607422
1 0.968750 0.611328 0.970703 0.613281 0.970703 0.617188 0.974609 0.621094 0.982422 0.621094 0.988281 0.615234 0.992188 0.615234 0.994141 0.617188 0.996094 0.617188 0.998047 0.615234 0.998047 0.605469 0.992188 0.605469 0.988281 0.609375 0.984375 0.609375 0.980469 0.605469 0.974609 0.605469
0 0.193359 0.623047 0.193359 0.625000 0.195312 0.625000
0 0.914062 0.621094 0.910156 0.625000 0.910156 0.634766 0.914062 0.638672 0.919922 0.638672 0.923828 0.634766 0.923828 0.626953 0.917969 0.621094
0 0.431641 0.626953 0.425781 0.630859 0.425781 0.640625 0.429688 0.644531 0.435547 0.644531 0.437500 0.642578 0.439453 0.642578 0.443359 0.638672 0.443359 0.630859 0.441406 0.630859 0.437500 0.626953
0 0.564453 0.625000 0.558594 0.630859 0.558594 0.640625 0.562500 0.644531 0.566406 0.644531 0.568359 0.646484 0.572266 0.642578 0.574219 0.642578 0.576172 0.640625 0.576172 0.632812 0.574219 0.630859 0.574219 0.628906 0.570312 0.625000
0 0.646484 0.634766 0.642578 0.634766 0.640625 0.636719 0.638672 0.636719 0.638672 0.638672 0.636719 0.640625 0.636719 0.646484 0.634766 0.648438 0.634766 0.654297 0.638672 0.658203 0.644531 0.658203 0.648438 0.652344 0.648438 0.648438 0.650391 0.646484 0.650391 0.638672
1 0.546875 0.640625 0.544922 0.642578 0.546875 0.644531 0.546875 0.646484 0.548828 0.648438 0.548828 0.650391 0.544922 0.654297 0.542969 0.654297 0.544922 0.656250 0.544922 0.658203 0.546875 0.660156 0.550781 0.660156 0.552734 0.658203 0.552734 0.652344 0.546875 0.646484 0.550781 0.642578 0.548828 0.640625
0 0.408203 0.654297 0.404297 0.654297 0.402344 0.652344 0.402344 0.650391 0.400391 0.650391 0.398438 0.652344 0.396484 0.652344 0.396484 0.654297 0.394531 0.656250 0.394531 0.662109 0.396484 0.664062 0.402344 0.664062 0.404297 0.662109 0.406250 0.662109 0.406250 0.656250
0 0.871094 0.652344 0.869141 0.654297 0.869141 0.658203 0.867188 0.660156 0.869141 0.662109 0.869141 0.666016 0.871094 0.667969 0.880859 0.667969 0.882812 0.666016 0.882812 0.662109 0.873047 0.652344
0 0.457031 0.658203 0.451172 0.664062 0.451172 0.671875 0.455078 0.671875 0.457031 0.673828 0.460938 0.673828 0.462891 0.671875 0.462891 0.667969 0.464844 0.666016 0.462891 0.664062 0.462891 0.662109 0.458984 0.658203
0 0.916016 0.660156 0.914062 0.662109 0.912109 0.662109 0.912109 0.664062 0.910156 0.666016 0.910156 0.667969 0.916016 0.673828 0.917969 0.673828 0.923828 0.667969 0.923828 0.666016 0.919922 0.662109 0.917969 0.662109
1 0.982422 0.662109 0.980469 0.664062 0.980469 0.667969 0.986328 0.671875 0.986328 0.673828 0.984375 0.675781 0.984375 0.677734 0.988281 0.681641 0.990234 0.681641 0.992188 0.679688 0.992188 0.675781 0.986328 0.669922 0.988281 0.667969 0.988281 0.662109
0 0.515625 0.669922 0.513672 0.671875 0.513672 0.673828 0.517578 0.677734 0.519531 0.677734 0.521484 0.675781 0.521484 0.671875 0.519531 0.669922
0 0.732422 0.669922 0.730469 0.671875 0.730469 0.673828 0.728516 0.675781 0.728516 0.681641 0.730469 0.683594 0.732422 0.683594 0.734375 0.685547 0.736328 0.685547 0.742188 0.679688 0.742188 0.673828 0.738281 0.669922
0 0.394531 0.671875 0.394531 0.683594 0.396484 0.685547 0.402344 0.685547 0.404297 0.683594 0.404297 0.681641 0.406250 0.679688 0.406250 0.677734 0.404297 0.675781 0.404297 0.673828 0.402344 0.673828 0.400391 0.671875
0 0.603516 0.683594 0.599609 0.687500 0.599609 0.689453 0.603516 0.693359 0.605469 0.693359 0.607422 0.691406 0.607422 0.685547 0.605469 0.683594
0 0.914062 0.683594 0.912109 0.685547 0.912109 0.691406 0.916016 0.695312 0.921875 0.695312 0.925781 0.691406 0.925781 0.687500 0.921875 0.683594
0 0.396484 0.693359 0.396484 0.697266 0.400391 0.701172 0.400391 0.699219 0.404297 0.695312 0.402344 0.693359
0 0.355469 0.695312 0.353516 0.697266 0.353516 0.699219 0.355469 0.701172 0.357422 0.699219 0.357422 0.697266
0 0.382812 0.697266 0.378906 0.701172 0.378906 0.705078 0.380859 0.707031 0.382812 0.707031 0.384766 0.708984 0.388672 0.708984 0.392578 0.705078 0.392578 0.701172 0.388672 0.697266
0 0.623047 0.707031 0.621094 0.708984 0.617188 0.708984 0.613281 0.712891 0.613281 0.716797 0.611328 0.718750 0.613281 0.720703 0.613281 0.722656 0.619141 0.728516 0.625000 0.728516 0.625000 0.726562 0.628906 0.722656 0.628906 0.712891
0 0.708984 0.708984 0.707031 0.710938 0.707031 0.712891 0.705078 0.714844 0.705078 0.716797 0.707031 0.718750 0.707031 0.720703 0.714844 0.720703 0.718750 0.716797 0.716797 0.714844 0.716797 0.710938 0.714844 0.708984
0 0.835938 0.707031 0.832031 0.710938 0.832031 0.716797 0.833984 0.718750 0.835938 0.724609 0.839844 0.728516 0.843750 0.728516 0.851562 0.720703 0.851562 0.714844 0.843750 0.707031
0 0.681641 0.712891 0.679688 0.714844 0.671875 0.714844 0.667969 0.716797 0.667969 0.720703 0.666016 0.722656 0.666016 0.730469 0.667969 0.732422 0.667969 0.736328 0.675781 0.742188 0.683594 0.742188 0.687500 0.740234 0.691406 0.736328 0.691406 0.730469 0.693359 0.728516 0.691406 0.726562 0.689453 0.716797 0.685547 0.716797
0 0.884766 0.718750 0.882812 0.720703 0.882812 0.728516 0.884766 0.730469 0.890625 0.730469 0.892578 0.728516 0.892578 0.720703 0.890625 0.718750
0 0.962891 0.722656 0.960938 0.724609 0.960938 0.732422 0.962891 0.734375 0.964844 0.734375 0.966797 0.736328 0.968750 0.736328 0.974609 0.730469 0.974609 0.728516 0.972656 0.726562 0.974609 0.724609 0.972656 0.724609 0.970703 0.722656
0 0.710938 0.738281 0.710938 0.746094 0.712891 0.748047 0.726562 0.748047 0.724609 0.746094 0.724609 0.738281 0.720703 0.734375 0.720703 0.732422 0.718750 0.732422 0.716797 0.734375 0.714844 0.734375
0 0.367188 0.736328 0.365234 0.736328 0.363281 0.738281 0.365234 0.740234 0.367188 0.738281
0 0.601562 0.734375 0.599609 0.736328 0.597656 0.734375 0.595703 0.734375 0.589844 0.738281 0.589844 0.746094 0.595703 0.751953 0.597656 0.751953 0.599609 0.750000 0.601562 0.750000 0.605469 0.746094 0.605469 0.742188 0.603516 0.740234 0.603516 0.738281 0.601562 0.736328
0 0.748047 0.736328 0.744141 0.742188 0.740234 0.742188 0.738281 0.744141 0.732422 0.744141 0.730469 0.746094 0.730469 0.755859 0.732422 0.757812 0.734375 0.757812 0.736328 0.759766 0.742188 0.759766 0.748047 0.753906 0.748047 0.750000 0.751953 0.744141 0.751953 0.742188 0.748047 0.738281
0 0.998047 0.755859 0.996094 0.753906 0.994141 0.755859 0.992188 0.755859 0.990234 0.757812 0.988281 0.757812 0.986328 0.759766 0.986328 0.763672 0.990234 0.763672 0.992188 0.761719 0.994141 0.761719 0.996094 0.763672 0.998047 0.761719
0 0.507812 0.757812 0.509766 0.759766 0.505859 0.763672 0.507812 0.765625 0.507812 0.767578 0.509766 0.765625 0.511719 0.767578 0.515625 0.767578 0.517578 0.769531 0.517578 0.765625 0.519531 0.763672 0.517578 0.761719 0.517578 0.757812
0 0.837891 0.771484 0.833984 0.775391 0.830078 0.775391 0.830078 0.777344 0.828125 0.779297 0.828125 0.785156 0.830078 0.787109 0.830078 0.791016 0.832031 0.792969 0.832031 0.794922 0.833984 0.794922 0.839844 0.798828 0.843750 0.798828 0.843750 0.796875 0.849609 0.792969 0.849609 0.791016 0.851562 0.789062 0.851562 0.783203 0.843750 0.775391 0.841797 0.775391 0.839844 0.773438 0.839844 0.771484
0 0.310547 0.773438 0.308594 0.775391 0.306641 0.775391 0.306641 0.777344 0.304688 0.779297 0.304688 0.791016 0.310547 0.791016 0.310547 0.789062 0.312500 0.787109 0.312500 0.785156 0.316406 0.781250 0.316406 0.777344 0.314453 0.775391 0.312500 0.775391
0 0.515625 0.775391 0.513672 0.777344 0.513672 0.779297 0.515625 0.781250 0.515625 0.783203 0.519531 0.787109 0.523438 0.787109 0.525391 0.785156 0.525391 0.779297 0.523438 0.777344 0.517578 0.777344
0 0.712891 0.779297 0.714844 0.781250 0.714844 0.783203 0.718750 0.783203 0.718750 0.779297
0 0.951172 0.777344 0.945312 0.783203 0.945312 0.785156 0.943359 0.787109 0.943359 0.791016 0.945312 0.792969 0.945312 0.796875 0.951172 0.802734 0.957031 0.802734 0.964844 0.794922 0.964844 0.787109 0.962891 0.785156 0.962891 0.781250 0.958984 0.777344
0 0.810547 0.785156 0.808594 0.787109 0.808594 0.791016 0.810547 0.792969 0.812500 0.792969 0.814453 0.794922 0.818359 0.791016 0.818359 0.787109 0.816406 0.785156
0 0.310547 0.796875 0.298828 0.810547 0.292969 0.812500 0.289062 0.816406 0.289062 0.824219 0.296875 0.833984 0.306641 0.833984 0.310547 0.832031 0.320312 0.814453 0.318359 0.802734
0 0.484375 0.810547 0.478516 0.802734 0.474609 0.800781 0.464844 0.802734 0.460938 0.806641 0.445312 0.808594 0.439453 0.816406 0.439453 0.828125 0.441406 0.832031 0.447266 0.835938 0.462891 0.833984 0.464844 0.832031 0.466797 0.833984 0.472656 0.830078 0.476562 0.830078 0.480469 0.826172 0.480469 0.822266 0.484375 0.816406
0 0.531250 0.800781 0.529297 0.802734 0.527344 0.802734 0.525391 0.804688 0.527344 0.806641 0.527344 0.808594 0.529297 0.810547 0.531250 0.810547 0.531250 0.808594 0.533203 0.806641 0.533203 0.804688 0.531250 0.802734
0 0.744141 0.802734 0.742188 0.802734 0.736328 0.808594 0.732422 0.808594 0.732422 0.810547 0.728516 0.814453 0.728516 0.822266 0.730469 0.824219 0.732422 0.824219 0.734375 0.826172 0.738281 0.826172 0.744141 0.820312 0.744141 0.818359 0.746094 0.816406 0.746094 0.812500 0.744141 0.810547
0 0.833984 0.824219 0.833984 0.828125 0.837891 0.833984 0.843750 0.837891 0.845703 0.835938 0.849609 0.835938 0.853516 0.832031 0.859375 0.832031 0.861328 0.830078 0.863281 0.832031 0.869141 0.832031 0.871094 0.830078 0.871094 0.826172 0.867188 0.820312 0.859375 0.820312 0.855469 0.818359 0.849609 0.810547 0.841797 0.812500
1 0.570312 0.818359 0.564453 0.822266 0.564453 0.832031 0.560547 0.835938 0.560547 0.843750 0.566406 0.849609 0.568359 0.849609 0.572266 0.845703 0.574219 0.845703 0.574219 0.841797 0.576172 0.839844 0.576172 0.837891 0.574219 0.835938 0.574219 0.832031 0.572266 0.830078 0.572266 0.828125 0.574219 0.826172 0.574219 0.822266
0 0.804688 0.820312 0.798828 0.826172 0.796875 0.824219 0.794922 0.828125 0.789062 0.828125 0.775391 0.837891 0.769531 0.853516 0.781250 0.865234 0.773438 0.867188 0.771484 0.875000 0.779297 0.875000 0.783203 0.865234 0.789062 0.873047 0.796875 0.873047 0.800781 0.869141 0.802734 0.849609 0.808594 0.839844 0.808594 0.832031 0.802734 0.824219 0.806641 0.822266
0 0.654297 0.824219 0.654297 0.826172 0.650391 0.830078 0.652344 0.832031 0.654297 0.832031 0.656250 0.830078 0.656250 0.826172
0 0.626953 0.837891 0.632812 0.849609 0.625000 0.869141 0.630859 0.882812 0.628906 0.888672 0.636719 0.886719 0.638672 0.892578 0.644531 0.890625 0.652344 0.896484 0.662109 0.896484 0.669922 0.882812 0.656250 0.863281 0.666016 0.861328 0.666016 0.851562 0.669922 0.851562 0.675781 0.841797 0.669922 0.839844 0.652344 0.855469 0.646484 0.847656 0.644531 0.832031
0 0.691406 0.832031 0.689453 0.833984 0.689453 0.835938 0.691406 0.837891 0.691406 0.839844 0.693359 0.837891 0.695312 0.839844 0.695312 0.837891 0.697266 0.835938 0.697266 0.833984 0.695312 0.832031
0 0.496094 0.843750 0.492188 0.843750 0.484375 0.851562 0.484375 0.853516 0.486328 0.855469 0.486328 0.857422 0.490234 0.861328 0.492188 0.861328 0.494141 0.859375 0.496094 0.859375 0.498047 0.857422 0.498047 0.855469 0.500000 0.853516 0.500000 0.847656
0 0.574219 0.853516 0.574219 0.857422 0.576172 0.859375 0.578125 0.857422 0.580078 0.859375 0.580078 0.857422 0.578125 0.855469 0.578125 0.853516
0 0.566406 0.873047 0.556641 0.880859 0.556641 0.888672 0.560547 0.896484 0.564453 0.900391 0.570312 0.900391 0.574219 0.902344 0.580078 0.898438 0.582031 0.890625 0.583984 0.888672 0.583984 0.884766 0.582031 0.882812 0.582031 0.878906 0.580078 0.878906 0.578125 0.875000 0.574219 0.875000 0.572266 0.873047
0 0.417969 0.875000 0.416016 0.876953 0.416016 0.878906 0.417969 0.880859 0.419922 0.880859 0.419922 0.875000
0 0.433594 0.876953 0.431641 0.876953 0.429688 0.875000 0.427734 0.876953 0.427734 0.880859 0.431641 0.880859 0.433594 0.878906
0 0.871094 0.892578 0.871094 0.894531 0.875000 0.898438 0.882812 0.898438 0.884766 0.896484 0.884766 0.892578 0.880859 0.888672 0.875000 0.888672
0 0.378906 0.890625 0.375000 0.894531 0.376953 0.896484 0.376953 0.898438 0.378906 0.900391 0.382812 0.900391 0.386719 0.896484 0.386719 0.892578 0.384766 0.892578 0.382812 0.890625
0 0.822266 0.892578 0.818359 0.896484 0.818359 0.898438 0.816406 0.900391 0.818359 0.902344 0.818359 0.904297 0.820312 0.906250 0.826172 0.906250 0.828125 0.904297 0.830078 0.904297 0.832031 0.902344 0.832031 0.896484 0.828125 0.892578
0 0.593750 0.900391 0.585938 0.910156 0.585938 0.935547 0.589844 0.949219 0.601562 0.958984 0.619141 0.960938 0.632812 0.953125 0.630859 0.951172 0.640625 0.919922 0.636719 0.917969 0.628906 0.921875 0.623047 0.916016 0.615234 0.914062 0.607422 0.904297
0 0.685547 0.906250 0.681641 0.902344 0.681641 0.900391 0.679688 0.898438 0.677734 0.898438 0.675781 0.900391 0.673828 0.900391 0.673828 0.902344 0.671875 0.904297 0.667969 0.904297 0.667969 0.906250 0.666016 0.908203 0.666016 0.910156 0.667969 0.912109 0.673828 0.908203 0.675781 0.910156 0.681641 0.910156
1 0.498047 0.908203 0.496094 0.912109 0.494141 0.910156 0.496094 0.912109 0.480469 0.923828 0.468750 0.925781 0.464844 0.931641 0.466797 0.935547 0.476562 0.941406 0.480469 0.935547 0.484375 0.933594 0.486328 0.935547 0.492188 0.933594 0.496094 0.927734 0.494141 0.923828 0.498047 0.919922 0.501953 0.921875 0.501953 0.914062
0 0.414062 0.912109 0.410156 0.912109 0.406250 0.916016 0.406250 0.921875 0.408203 0.923828 0.408203 0.925781 0.410156 0.925781 0.412109 0.927734 0.414062 0.925781 0.416016 0.925781 0.417969 0.923828 0.417969 0.916016
0 0.966797 0.916016 0.958984 0.927734 0.960938 0.929688 0.958984 0.941406 0.964844 0.949219 0.966797 0.960938 0.978516 0.968750 0.982422 0.968750 0.994141 0.960938 0.998047 0.964844 0.998047 0.929688 0.982422 0.916016
0 0.363281 0.917969 0.361328 0.919922 0.361328 0.921875 0.363281 0.923828 0.363281 0.925781 0.365234 0.925781 0.367188 0.923828 0.367188 0.919922 0.365234 0.917969
0 0.560547 0.919922 0.558594 0.919922 0.554688 0.923828 0.552734 0.923828 0.550781 0.925781 0.552734 0.927734 0.550781 0.929688 0.550781 0.933594 0.552734 0.935547 0.552734 0.937500 0.554688 0.937500 0.556641 0.939453 0.558594 0.939453 0.566406 0.931641 0.566406 0.925781 0.564453 0.923828 0.564453 0.921875 0.562500 0.921875
1 0.773438 0.917969 0.771484 0.923828 0.777344 0.927734 0.773438 0.933594 0.773438 0.943359 0.781250 0.953125 0.792969 0.958984 0.785156 0.966797 0.785156 0.972656 0.791016 0.978516 0.798828 0.978516 0.810547 0.972656 0.814453 0.964844 0.806641 0.953125 0.808594 0.947266 0.791016 0.929688 0.792969 0.919922
0 0.894531 0.919922 0.890625 0.923828 0.890625 0.925781 0.894531 0.929688 0.898438 0.929688 0.900391 0.927734 0.900391 0.919922
0 0.687500 0.921875 0.675781 0.921875 0.669922 0.927734 0.667969 0.935547 0.662109 0.939453 0.662109 0.960938 0.669922 0.970703 0.681641 0.968750 0.687500 0.958984 0.687500 0.955078 0.697266 0.943359 0.697266 0.931641
0 0.332031 0.929688 0.330078 0.931641 0.328125 0.931641 0.328125 0.933594 0.330078 0.935547 0.332031 0.935547 0.333984 0.933594 0.333984 0.931641
0 0.531250 0.931641 0.527344 0.935547 0.527344 0.943359 0.531250 0.947266 0.537109 0.947266 0.541016 0.943359 0.541016 0.933594 0.539062 0.933594 0.537109 0.931641
0 0.716797 0.929688 0.714844 0.931641 0.712891 0.931641 0.708984 0.935547 0.708984 0.939453 0.710938 0.941406 0.710938 0.943359 0.712891 0.945312 0.716797 0.945312 0.718750 0.943359 0.718750 0.941406 0.720703 0.939453 0.720703 0.935547 0.718750 0.933594 0.718750 0.931641
0 0.724609 0.935547 0.736328 0.947266 0.736328 0.949219 0.740234 0.953125 0.748047 0.953125 0.751953 0.949219 0.753906 0.939453 0.750000 0.933594 0.748047 0.933594 0.746094 0.931641 0.738281 0.931641 0.736328 0.929688 0.732422 0.929688 0.726562 0.935547
0 0.878906 0.937500 0.876953 0.939453 0.876953 0.947266 0.878906 0.949219 0.878906 0.951172 0.884766 0.951172 0.888672 0.947266 0.888672 0.941406 0.884766 0.937500
0 0.824219 0.943359 0.824219 0.949219 0.830078 0.955078 0.843750 0.955078 0.845703 0.953125 0.845703 0.947266 0.843750 0.945312 0.839844 0.945312 0.833984 0.941406 0.826172 0.941406
0 0.761719 0.949219 0.761719 0.951172 0.763672 0.953125 0.763672 0.955078 0.767578 0.955078 0.769531 0.953125 0.771484 0.953125 0.773438 0.951172 0.771484 0.949219 0.771484 0.947266 0.769531 0.945312 0.763672 0.945312 0.763672 0.947266
0 0.951172 0.953125 0.947266 0.953125 0.945312 0.955078 0.941406 0.955078 0.939453 0.957031 0.939453 0.960938 0.935547 0.966797 0.937500 0.966797 0.943359 0.972656 0.951172 0.972656 0.955078 0.968750 0.957031 0.968750 0.957031 0.966797 0.958984 0.964844 0.957031 0.962891 0.957031 0.958984
0 0.925781 0.964844 0.921875 0.968750 0.921875 0.970703 0.919922 0.972656 0.919922 0.974609 0.921875 0.976562 0.925781 0.976562 0.927734 0.978516 0.933594 0.978516 0.935547 0.976562 0.935547 0.970703 0.933594 0.970703 0.927734 0.964844
0 0.531250 0.970703 0.529297 0.972656 0.529297 0.980469 0.531250 0.982422 0.539062 0.982422 0.539062 0.980469 0.541016 0.978516 0.541016 0.974609 0.539062 0.972656 0.537109 0.972656 0.535156 0.970703
0 0.449219 0.974609 0.445312 0.978516 0.445312 0.984375 0.447266 0.986328 0.453125 0.986328 0.455078 0.984375 0.455078 0.976562 0.453125 0.974609
0 0.962891 0.982422 0.962891 0.988281 0.968750 0.996094 0.968750 0.998047 0.970703 0.996094 0.972656 0.998047 0.976562 0.998047 0.980469 0.994141 0.982422 0.994141 0.984375 0.998047 0.988281 0.998047 0.990234 0.996094 0.990234 0.994141 0.986328 0.992188 0.984375 0.994141 0.982422 0.992188 0.982422 0.986328 0.978516 0.980469 0.974609 0.978516 0.966797 0.978516
1 0.746094 0.988281 0.744141 0.986328 0.740234 0.986328 0.738281 0.988281 0.738281 0.994141 0.736328 0.996094 0.732422 0.996094 0.730469 0.994141 0.724609 0.998047 0.738281 0.998047 0.740234 0.996094 0.744141 0.996094 0.746094 0.994141
1 0.857422 0.996094 0.857422 0.998047 0.876953 0.998047 0.876953 0.996094 0.875000 0.996094 0.873047 0.994141 0.873047 0.992188 0.863281 0.992188 0.861328 0.994141 0.859375 0.994141
1 0.904297 0.998047 0.902344 0.996094 0.900391 0.996094 0.898438 0.998047 0.896484 0.998047
0 0.431641 0.001953 0.427734 0.001953 0.425781 0.000000 0.431641 0.000000
0 0.445312 0.000000 0.445312 0.001953 0.439453 0.007812 0.433594 0.007812 0.427734 0.001953 0.427734 0.000000
0 0.419922 0.000000 0.419922 0.005859 0.416016 0.005859 0.414062 0.003906 0.417969 0.000000
0 0.425781 0.005859 0.425781 0.009766 0.421875 0.009766 0.419922 0.007812 0.423828 0.003906
0 0.140625 0.011719 0.140625 0.015625 0.136719 0.015625 0.134766 0.013672 0.138672 0.009766
0 0.447266 0.015625 0.447266 0.019531 0.443359 0.019531 0.441406 0.017578 0.445312 0.013672
0 0.140625 0.023438 0.140625 0.027344 0.136719 0.027344 0.134766 0.025391 0.138672 0.021484
0 0.408203 0.035156 0.408203 0.039062 0.404297 0.039062 0.402344 0.037109 0.406250 0.033203
0 0.419922 0.035156 0.419922 0.039062 0.416016 0.039062 0.414062 0.037109 0.417969 0.033203
0 0.001953 0.058594 0.000000 0.058594 0.000000 0.044922 0.001953 0.044922 0.003906 0.046875 0.003906 0.048828 0.005859 0.050781 0.005859 0.052734 0.003906 0.054688 0.003906 0.056641
0 0.044922 0.056641 0.042969 0.056641 0.041016 0.058594 0.037109 0.058594 0.035156 0.056641 0.035156 0.050781 0.037109 0.048828 0.041016 0.048828 0.042969 0.050781 0.044922 0.050781
0 0.115234 0.062500 0.113281 0.062500 0.111328 0.064453 0.107422 0.064453 0.105469 0.062500 0.105469 0.056641 0.107422 0.054688 0.111328 0.054688 0.113281 0.056641 0.115234 0.056641
0 0.062500 0.064453 0.060547 0.064453 0.058594 0.066406 0.054688 0.066406 0.052734 0.064453 0.052734 0.058594 0.054688 0.056641 0.058594 0.056641 0.060547 0.058594 0.062500 0.058594
0 0.070312 0.070312 0.068359 0.070312 0.066406 0.072266 0.062500 0.072266 0.060547 0.070312 0.060547 0.064453 0.062500 0.062500 0.066406 0.062500 0.068359 0.064453 0.070312 0.064453
0 0.134766 0.074219 0.132812 0.074219 0.130859 0.076172 0.126953 0.076172 0.125000 0.074219 0.125000 0.068359 0.126953 0.066406 0.130859 0.066406 0.132812 0.068359 0.134766 0.068359
0 0.000000 0.078125 0.000000 0.068359 0.001953 0.070312 0.003906 0.070312 0.003906 0.076172 0.001953 0.076172
0 0.107422 0.078125 0.105469 0.078125 0.103516 0.080078 0.099609 0.080078 0.097656 0.078125 0.097656 0.072266 0.099609 0.070312 0.103516 0.070312 0.105469 0.072266 0.107422 0.072266
0 0.123047 0.085938 0.121094 0.085938 0.119141 0.087891 0.115234 0.087891 0.113281 0.085938 0.113281 0.080078 0.115234 0.078125 0.119141 0.078125 0.121094 0.080078 0.123047 0.080078
0 0.146484 0.089844 0.146484 0.093750 0.142578 0.093750 0.140625 0.091797 0.144531 0.087891
0 0.130859 0.101562 0.128906 0.101562 0.126953 0.103516 0.117188 0.103516 0.111328 0.097656 0.111328 0.087891 0.113281 0.085938 0.115234 0.085938 0.115234 0.083984 0.117188 0.082031 0.126953 0.082031 0.132812 0.087891 0.132812 0.097656 0.130859 0.099609
0 0.199219 0.099609 0.197266 0.101562 0.197266 0.103516 0.195312 0.105469 0.189453 0.105469 0.187500 0.103516 0.187500 0.101562 0.185547 0.099609 0.185547 0.097656 0.187500 0.095703 0.187500 0.093750 0.189453 0.091797 0.195312 0.091797 0.197266 0.093750 0.197266 0.095703 0.199219 0.097656
0 0.111328 0.115234 0.109375 0.115234 0.107422 0.117188 0.097656 0.117188 0.091797 0.111328 0.091797 0.101562 0.093750 0.099609 0.095703 0.099609 0.095703 0.097656 0.097656 0.095703 0.107422 0.095703 0.113281 0.101562 0.113281 0.111328 0.111328 0.113281
0 0.138672 0.113281 0.136719 0.113281 0.134766 0.115234 0.130859 0.115234 0.128906 0.113281 0.128906 0.107422 0.130859 0.105469 0.134766 0.105469 0.136719 0.107422 0.138672 0.107422
0 0.175781 0.111328 0.173828 0.113281 0.173828 0.115234 0.171875 0.117188 0.166016 0.117188 0.164062 0.115234 0.164062 0.113281 0.162109 0.111328 0.162109 0.109375 0.164062 0.107422 0.164062 0.105469 0.166016 0.103516 0.171875 0.103516 0.173828 0.105469 0.173828 0.107422 0.175781 0.109375
0 0.152344 0.121094 0.150391 0.121094 0.148438 0.123047 0.138672 0.123047 0.132812 0.117188 0.132812 0.107422 0.134766 0.105469 0.136719 0.105469 0.136719 0.103516 0.138672 0.101562 0.148438 0.101562 0.154297 0.107422 0.154297 0.117188 0.152344 0.119141
0 0.109375 0.117188 0.107422 0.117188 0.105469 0.119141 0.101562 0.119141 0.099609 0.117188 0.099609 0.111328 0.101562 0.109375 0.105469 0.109375 0.107422 0.111328 0.109375 0.111328
0 0.095703 0.119141 0.093750 0.121094 0.093750 0.123047 0.091797 0.125000 0.085938 0.125000 0.083984 0.123047 0.083984 0.121094 0.082031 0.119141 0.082031 0.117188 0.083984 0.115234 0.083984 0.113281 0.085938 0.111328 0.091797 0.111328 0.093750 0.113281 0.093750 0.115234 0.095703 0.117188
0 0.207031 0.123047 0.205078 0.123047 0.203125 0.125000 0.199219 0.125000 0.197266 0.123047 0.197266 0.117188 0.199219 0.115234 0.203125 0.115234 0.205078 0.117188 0.207031 0.117188
0 0.191406 0.125000 0.189453 0.126953 0.189453 0.128906 0.187500 0.130859 0.181641 0.130859 0.179688 0.128906 0.179688 0.126953 0.177734 0.125000 0.177734 0.123047 0.179688 0.121094 0.179688 0.119141 0.181641 0.117188 0.187500 0.117188 0.189453 0.119141 0.189453 0.121094 0.191406 0.123047
0 0.101562 0.142578 0.099609 0.142578 0.097656 0.144531 0.087891 0.144531 0.082031 0.138672 0.082031 0.128906 0.083984 0.126953 0.085938 0.126953 0.085938 0.125000 0.087891 0.123047 0.097656 0.123047 0.103516 0.128906 0.103516 0.138672 0.101562 0.140625
0 0.164062 0.136719 0.158203 0.142578 0.152344 0.142578 0.146484 0.136719 0.146484 0.130859 0.152344 0.125000 0.158203 0.125000 0.164062 0.130859
0 0.134766 0.142578 0.128906 0.148438 0.123047 0.148438 0.117188 0.142578 0.117188 0.136719 0.123047 0.130859 0.128906 0.130859 0.134766 0.136719
0 0.111328 0.142578 0.111328 0.146484 0.107422 0.146484 0.105469 0.144531 0.109375 0.140625
0 0.082031 0.148438 0.080078 0.148438 0.078125 0.150391 0.074219 0.150391 0.072266 0.148438 0.072266 0.142578 0.074219 0.140625 0.078125 0.140625 0.080078 0.142578 0.082031 0.142578
0 0.166016 0.148438 0.164062 0.148438 0.162109 0.150391 0.158203 0.150391 0.156250 0.148438 0.156250 0.142578 0.158203 0.140625 0.162109 0.140625 0.164062 0.142578 0.166016 0.142578
0 0.078125 0.154297 0.076172 0.154297 0.074219 0.156250 0.070312 0.156250 0.068359 0.154297 0.068359 0.148438 0.070312 0.146484 0.074219 0.146484 0.076172 0.148438 0.078125 0.148438
0 0.177734 0.154297 0.177734 0.158203 0.173828 0.158203 0.171875 0.156250 0.175781 0.152344
0 0.234375 0.154297 0.234375 0.158203 0.230469 0.158203 0.228516 0.156250 0.232422 0.152344
0 0.156250 0.166016 0.154297 0.166016 0.152344 0.167969 0.148438 0.167969 0.146484 0.166016 0.146484 0.160156 0.148438 0.158203 0.152344 0.158203 0.154297 0.160156 0.156250 0.160156
0 0.164062 0.167969 0.162109 0.167969 0.160156 0.169922 0.156250 0.169922 0.154297 0.167969 0.154297 0.162109 0.156250 0.160156 0.160156 0.160156 0.162109 0.162109 0.164062 0.162109
0 0.175781 0.164062 0.175781 0.167969 0.171875 0.167969 0.169922 0.166016 0.173828 0.162109
0 0.238281 0.164062 0.238281 0.167969 0.234375 0.167969 0.232422 0.166016 0.236328 0.162109
0 0.175781 0.193359 0.173828 0.193359 0.171875 0.195312 0.167969 0.195312 0.166016 0.193359 0.166016 0.187500 0.167969 0.185547 0.171875 0.185547 0.173828 0.187500 0.175781 0.187500
0 0.031250 0.207031 0.029297 0.207031 0.027344 0.208984 0.017578 0.208984 0.011719 0.203125 0.011719 0.193359 0.017578 0.187500 0.027344 0.187500 0.033203 0.193359 0.033203 0.203125 0.031250 0.205078
0 0.156250 0.203125 0.154297 0.203125 0.152344 0.205078 0.148438 0.205078 0.146484 0.203125 0.146484 0.197266 0.148438 0.195312 0.152344 0.195312 0.154297 0.197266 0.156250 0.197266
0 0.216797 0.199219 0.216797 0.203125 0.212891 0.203125 0.210938 0.201172 0.214844 0.197266
0 0.023438 0.205078 0.021484 0.207031 0.021484 0.208984 0.019531 0.210938 0.013672 0.210938 0.011719 0.208984 0.011719 0.207031 0.009766 0.205078 0.009766 0.203125 0.011719 0.201172 0.011719 0.199219 0.013672 0.197266 0.019531 0.197266 0.021484 0.199219 0.021484 0.201172 0.023438 0.203125
0 0.171875 0.208984 0.169922 0.208984 0.167969 0.210938 0.164062 0.210938 0.162109 0.208984 0.162109 0.203125 0.164062 0.201172 0.167969 0.201172 0.169922 0.203125 0.171875 0.203125
0 0.152344 0.212891 0.150391 0.212891 0.148438 0.214844 0.144531 0.214844 0.142578 0.212891 0.142578 0.207031 0.144531 0.205078 0.148438 0.205078 0.150391 0.207031 0.152344 0.207031
0 0.193359 0.216797 0.193359 0.220703 0.189453 0.220703 0.187500 0.218750 0.191406 0.214844
0 0.869141 0.220703 0.869141 0.224609 0.865234 0.224609 0.863281 0.222656 0.867188 0.218750
0 0.171875 0.234375 0.169922 0.234375 0.167969 0.236328 0.158203 0.236328 0.152344 0.230469 0.152344 0.220703 0.154297 0.218750 0.156250 0.218750 0.156250 0.216797 0.158203 0.214844 0.167969 0.214844 0.173828 0.220703 0.173828 0.230469 0.171875 0.232422
0 0.019531 0.230469 0.013672 0.236328 0.007812 0.236328 0.001953 0.230469 0.001953 0.224609 0.007812 0.218750 0.013672 0.218750 0.019531 0.224609
0 0.876953 0.226562 0.876953 0.230469 0.873047 0.230469 0.871094 0.228516 0.875000 0.224609
0 0.189453 0.232422 0.187500 0.232422 0.185547 0.234375 0.181641 0.234375 0.179688 0.232422 0.179688 0.226562 0.181641 0.224609 0.185547 0.224609 0.187500 0.226562 0.189453 0.226562
0 0.035156 0.240234 0.033203 0.240234 0.031250 0.242188 0.027344 0.242188 0.025391 0.240234 0.025391 0.234375 0.027344 0.232422 0.031250 0.232422 0.033203 0.234375 0.035156 0.234375
0 0.154297 0.240234 0.152344 0.240234 0.150391 0.242188 0.146484 0.242188 0.144531 0.240234 0.144531 0.234375 0.146484 0.232422 0.150391 0.232422 0.152344 0.234375 0.154297 0.234375
0 0.796875 0.236328 0.796875 0.240234 0.792969 0.240234 0.791016 0.238281 0.794922 0.234375
0 0.867188 0.236328 0.867188 0.240234 0.863281 0.240234 0.861328 0.238281 0.865234 0.234375
0 0.787109 0.238281 0.787109 0.242188 0.783203 0.242188 0.781250 0.240234 0.785156 0.236328
0 0.056641 0.244141 0.054688 0.246094 0.054688 0.248047 0.052734 0.250000 0.046875 0.250000 0.044922 0.248047 0.044922 0.246094 0.042969 0.244141 0.042969 0.242188 0.044922 0.240234 0.044922 0.238281 0.046875 0.236328 0.052734 0.236328 0.054688 0.238281 0.054688 0.240234 0.056641 0.242188
0 0.181641 0.244141 0.179688 0.246094 0.179688 0.248047 0.177734 0.250000 0.171875 0.250000 0.169922 0.248047 0.169922 0.246094 0.167969 0.244141 0.167969 0.242188 0.169922 0.240234 0.169922 0.238281 0.171875 0.236328 0.177734 0.236328 0.179688 0.238281 0.179688 0.240234 0.181641 0.242188
0 0.193359 0.242188 0.193359 0.246094 0.189453 0.246094 0.187500 0.244141 0.191406 0.240234
0 0.806641 0.246094 0.804688 0.246094 0.802734 0.248047 0.798828 0.248047 0.796875 0.246094 0.796875 0.240234 0.798828 0.238281 0.802734 0.238281 0.804688 0.240234 0.806641 0.240234
0 0.130859 0.248047 0.125000 0.253906 0.119141 0.253906 0.113281 0.248047 0.113281 0.242188 0.119141 0.236328 0.125000 0.236328 0.130859 0.242188
0 0.312500 0.248047 0.312500 0.251953 0.308594 0.251953 0.306641 0.250000 0.310547 0.246094
0 0.072266 0.251953 0.070312 0.253906 0.070312 0.255859 0.068359 0.257812 0.062500 0.257812 0.060547 0.255859 0.060547 0.253906 0.058594 0.251953 0.058594 0.250000 0.060547 0.248047 0.060547 0.246094 0.062500 0.244141 0.068359 0.244141 0.070312 0.246094 0.070312 0.248047 0.072266 0.250000
0 0.099609 0.259766 0.097656 0.259766 0.095703 0.261719 0.085938 0.261719 0.080078 0.255859 0.080078 0.246094 0.082031 0.244141 0.083984 0.244141 0.083984 0.242188 0.085938 0.240234 0.095703 0.240234 0.101562 0.246094 0.101562 0.255859 0.099609 0.257812
0 0.158203 0.253906 0.156250 0.253906 0.154297 0.255859 0.150391 0.255859 0.148438 0.253906 0.148438 0.248047 0.150391 0.246094 0.154297 0.246094 0.156250 0.248047 0.158203 0.248047
0 0.279297 0.253906 0.277344 0.253906 0.275391 0.255859 0.271484 0.255859 0.269531 0.253906 0.269531 0.248047 0.271484 0.246094 0.275391 0.246094 0.277344 0.248047 0.279297 0.248047
0 0.021484 0.255859 0.015625 0.261719 0.009766 0.261719 0.003906 0.255859 0.003906 0.250000 0.009766 0.244141 0.015625 0.244141 0.021484 0.250000
0 0.294922 0.251953 0.294922 0.255859 0.291016 0.255859 0.289062 0.253906 0.292969 0.250000
0 0.195312 0.257812 0.193359 0.257812 0.191406 0.259766 0.187500 0.259766 0.185547 0.257812 0.185547 0.251953 0.187500 0.250000 0.191406 0.250000 0.193359 0.251953 0.195312 0.251953
0 0.308594 0.253906 0.308594 0.257812 0.304688 0.257812 0.302734 0.255859 0.306641 0.251953
0 0.794922 0.253906 0.794922 0.257812 0.791016 0.257812 0.789062 0.255859 0.792969 0.251953
0 0.306641 0.259766 0.300781 0.265625 0.294922 0.265625 0.289062 0.259766 0.289062 0.253906 0.294922 0.248047 0.300781 0.248047 0.306641 0.253906
0 0.224609 0.257812 0.224609 0.261719 0.220703 0.261719 0.218750 0.259766 0.222656 0.255859
0 0.320312 0.257812 0.320312 0.261719 0.316406 0.261719 0.314453 0.259766 0.318359 0.255859
0 0.146484 0.263672 0.144531 0.263672 0.142578 0.265625 0.138672 0.265625 0.136719 0.263672 0.136719 0.257812 0.138672 0.255859 0.142578 0.255859 0.144531 0.257812 0.146484 0.257812
0 0.341797 0.259766 0.341797 0.263672 0.337891 0.263672 0.335938 0.261719 0.339844 0.257812
0 0.281250 0.261719 0.281250 0.265625 0.277344 0.265625 0.275391 0.263672 0.279297 0.259766
0 0.335938 0.265625 0.335938 0.269531 0.332031 0.269531 0.330078 0.267578 0.333984 0.263672
0 0.224609 0.273438 0.222656 0.273438 0.220703 0.275391 0.216797 0.275391 0.214844 0.273438 0.214844 0.267578 0.216797 0.265625 0.220703 0.265625 0.222656 0.267578 0.224609 0.267578
0 0.160156 0.271484 0.160156 0.275391 0.156250 0.275391 0.154297 0.273438 0.158203 0.269531
0 0.173828 0.275391 0.171875 0.275391 0.169922 0.277344 0.166016 0.277344 0.164062 0.275391 0.164062 0.269531 0.166016 0.267578 0.169922 0.267578 0.171875 0.269531 0.173828 0.269531
0 0.251953 0.273438 0.251953 0.277344 0.248047 0.277344 0.246094 0.275391 0.250000 0.271484
0 0.369141 0.275391 0.369141 0.279297 0.365234 0.279297 0.363281 0.277344 0.367188 0.273438
0 0.015625 0.287109 0.013672 0.287109 0.011719 0.289062 0.001953 0.289062 0.000000 0.287109 0.000000 0.269531 0.001953 0.267578 0.011719 0.267578 0.013672 0.269531 0.013672 0.271484 0.015625 0.271484 0.017578 0.273438 0.017578 0.283203 0.015625 0.285156
0 0.214844 0.283203 0.212891 0.283203 0.210938 0.285156 0.207031 0.285156 0.205078 0.283203 0.205078 0.277344 0.207031 0.275391 0.210938 0.275391 0.212891 0.277344 0.214844 0.277344
0 0.183594 0.285156 0.181641 0.285156 0.179688 0.287109 0.175781 0.287109 0.173828 0.285156 0.173828 0.279297 0.175781 0.277344 0.179688 0.277344 0.181641 0.279297 0.183594 0.279297
0 0.355469 0.285156 0.355469 0.289062 0.351562 0.289062 0.349609 0.287109 0.353516 0.283203
0 0.203125 0.291016 0.201172 0.291016 0.199219 0.292969 0.195312 0.292969 0.193359 0.291016 0.193359 0.285156 0.195312 0.283203 0.199219 0.283203 0.201172 0.285156 0.203125 0.285156
0 0.394531 0.287109 0.394531 0.291016 0.390625 0.291016 0.388672 0.289062 0.392578 0.285156
0 0.373047 0.289062 0.373047 0.292969 0.369141 0.292969 0.367188 0.291016 0.371094 0.287109
0 0.142578 0.292969 0.140625 0.294922 0.140625 0.296875 0.138672 0.298828 0.132812 0.298828 0.130859 0.296875 0.130859 0.294922 0.128906 0.292969 0.128906 0.291016 0.130859 0.289062 0.130859 0.287109 0.132812 0.285156 0.138672 0.285156 0.140625 0.287109 0.140625 0.289062 0.142578 0.291016
0 0.234375 0.292969 0.232422 0.294922 0.232422 0.296875 0.230469 0.298828 0.224609 0.298828 0.222656 0.296875 0.222656 0.294922 0.220703 0.292969 0.220703 0.291016 0.222656 0.289062 0.222656 0.287109 0.224609 0.285156 0.230469 0.285156 0.232422 0.287109 0.232422 0.289062 0.234375 0.291016
0 0.187500 0.302734 0.185547 0.302734 0.183594 0.304688 0.173828 0.304688 0.167969 0.298828 0.167969 0.289062 0.169922 0.287109 0.171875 0.287109 0.171875 0.285156 0.173828 0.283203 0.183594 0.283203 0.189453 0.289062 0.189453 0.298828 0.187500 0.300781
0 0.386719 0.292969 0.386719 0.296875 0.382812 0.296875 0.380859 0.294922 0.384766 0.291016
0 0.173828 0.298828 0.167969 0.304688 0.162109 0.304688 0.156250 0.298828 0.156250 0.292969 0.162109 0.287109 0.167969 0.287109 0.173828 0.292969
0 0.369141 0.294922 0.369141 0.298828 0.365234 0.298828 0.363281 0.296875 0.367188 0.292969
0 0.285156 0.296875 0.285156 0.300781 0.281250 0.300781 0.279297 0.298828 0.283203 0.294922
0 0.781250 0.306641 0.779297 0.306641 0.777344 0.308594 0.773438 0.308594 0.771484 0.306641 0.771484 0.300781 0.773438 0.298828 0.777344 0.298828 0.779297 0.300781 0.781250 0.300781
0 0.550781 0.306641 0.550781 0.310547 0.546875 0.310547 0.544922 0.308594 0.548828 0.304688
0 0.205078 0.312500 0.199219 0.318359 0.193359 0.318359 0.187500 0.312500 0.187500 0.306641 0.193359 0.300781 0.199219 0.300781 0.205078 0.306641
0 0.142578 0.314453 0.136719 0.320312 0.130859 0.320312 0.125000 0.314453 0.125000 0.308594 0.130859 0.302734 0.136719 0.302734 0.142578 0.308594
0 0.158203 0.314453 0.156250 0.314453 0.154297 0.316406 0.150391 0.316406 0.148438 0.314453 0.148438 0.308594 0.150391 0.306641 0.154297 0.306641 0.156250 0.308594 0.158203 0.308594
0 0.271484 0.318359 0.269531 0.318359 0.267578 0.320312 0.263672 0.320312 0.261719 0.318359 0.261719 0.312500 0.263672 0.310547 0.267578 0.310547 0.269531 0.312500 0.271484 0.312500
0 0.792969 0.318359 0.791016 0.318359 0.789062 0.320312 0.785156 0.320312 0.783203 0.318359 0.783203 0.312500 0.785156 0.310547 0.789062 0.310547 0.791016 0.312500 0.792969 0.312500
0 0.261719 0.322266 0.259766 0.324219 0.259766 0.326172 0.257812 0.328125 0.251953 0.328125 0.250000 0.326172 0.250000 0.324219 0.248047 0.322266 0.248047 0.320312 0.250000 0.318359 0.250000 0.316406 0.251953 0.314453 0.257812 0.314453 0.259766 0.316406 0.259766 0.318359 0.261719 0.320312
0 0.283203 0.320312 0.283203 0.324219 0.279297 0.324219 0.277344 0.322266 0.281250 0.318359
0 0.001953 0.332031 0.000000 0.332031 0.000000 0.318359 0.001953 0.318359 0.003906 0.320312 0.003906 0.322266 0.005859 0.324219 0.005859 0.326172 0.003906 0.328125 0.003906 0.330078
0 0.185547 0.328125 0.183594 0.330078 0.183594 0.332031 0.181641 0.333984 0.175781 0.333984 0.173828 0.332031 0.173828 0.330078 0.171875 0.328125 0.171875 0.326172 0.173828 0.324219 0.173828 0.322266 0.175781 0.320312 0.181641 0.320312 0.183594 0.322266 0.183594 0.324219 0.185547 0.326172
0 0.410156 0.326172 0.410156 0.330078 0.406250 0.330078 0.404297 0.328125 0.408203 0.324219
0 0.396484 0.328125 0.396484 0.332031 0.392578 0.332031 0.390625 0.330078 0.394531 0.326172
0 0.142578 0.332031 0.140625 0.333984 0.140625 0.335938 0.138672 0.337891 0.132812 0.337891 0.130859 0.335938 0.130859 0.333984 0.128906 0.332031 0.128906 0.330078 0.130859 0.328125 0.130859 0.326172 0.132812 0.324219 0.138672 0.324219 0.140625 0.326172 0.140625 0.328125 0.142578 0.330078
0 0.275391 0.333984 0.273438 0.333984 0.271484 0.335938 0.267578 0.335938 0.265625 0.333984 0.265625 0.328125 0.267578 0.326172 0.271484 0.326172 0.273438 0.328125 0.275391 0.328125
0 0.771484 0.333984 0.769531 0.333984 0.767578 0.335938 0.763672 0.335938 0.761719 0.333984 0.761719 0.328125 0.763672 0.326172 0.767578 0.326172 0.769531 0.328125 0.771484 0.328125
0 0.816406 0.330078 0.816406 0.333984 0.812500 0.333984 0.810547 0.332031 0.814453 0.328125
0 0.802734 0.341797 0.800781 0.341797 0.798828 0.343750 0.789062 0.343750 0.783203 0.337891 0.783203 0.328125 0.785156 0.326172 0.787109 0.326172 0.787109 0.324219 0.789062 0.322266 0.798828 0.322266 0.804688 0.328125 0.804688 0.337891 0.802734 0.339844
0 0.466797 0.333984 0.466797 0.337891 0.462891 0.337891 0.460938 0.335938 0.464844 0.332031
0 0.550781 0.333984 0.550781 0.337891 0.546875 0.337891 0.544922 0.335938 0.548828 0.332031
0 0.779297 0.337891 0.777344 0.337891 0.775391 0.339844 0.771484 0.339844 0.769531 0.337891 0.769531 0.332031 0.771484 0.330078 0.775391 0.330078 0.777344 0.332031 0.779297 0.332031
0 0.275391 0.335938 0.275391 0.339844 0.271484 0.339844 0.269531 0.337891 0.273438 0.333984
0 0.402344 0.335938 0.402344 0.339844 0.398438 0.339844 0.396484 0.337891 0.400391 0.333984
0 0.281250 0.339844 0.281250 0.343750 0.277344 0.343750 0.275391 0.341797 0.279297 0.337891
0 0.423828 0.343750 0.417969 0.349609 0.412109 0.349609 0.406250 0.343750 0.406250 0.337891 0.412109 0.332031 0.417969 0.332031 0.423828 0.337891
0 0.546875 0.343750 0.546875 0.347656 0.542969 0.347656 0.541016 0.345703 0.544922 0.341797
0 0.414062 0.349609 0.408203 0.355469 0.402344 0.355469 0.396484 0.349609 0.396484 0.343750 0.402344 0.337891 0.408203 0.337891 0.414062 0.343750
0 0.462891 0.349609 0.460938 0.349609 0.458984 0.351562 0.455078 0.351562 0.453125 0.349609 0.453125 0.343750 0.455078 0.341797 0.458984 0.341797 0.460938 0.343750 0.462891 0.343750
0 0.291016 0.351562 0.289062 0.351562 0.287109 0.353516 0.283203 0.353516 0.281250 0.351562 0.281250 0.345703 0.283203 0.343750 0.287109 0.343750 0.289062 0.345703 0.291016 0.345703
0 0.427734 0.351562 0.425781 0.351562 0.423828 0.353516 0.419922 0.353516 0.417969 0.351562 0.417969 0.345703 0.419922 0.343750 0.423828 0.343750 0.425781 0.345703 0.427734 0.345703
0 0.166016 0.361328 0.164062 0.361328 0.162109 0.363281 0.152344 0.363281 0.146484 0.357422 0.146484 0.347656 0.148438 0.345703 0.150391 0.345703 0.150391 0.343750 0.152344 0.341797 0.162109 0.341797 0.167969 0.347656 0.167969 0.357422 0.166016 0.359375
0 0.820312 0.355469 0.818359 0.355469 0.816406 0.357422 0.812500 0.357422 0.810547 0.355469 0.810547 0.349609 0.812500 0.347656 0.816406 0.347656 0.818359 0.349609 0.820312 0.349609
0 0.003906 0.365234 0.000000 0.365234 0.000000 0.343750 0.003906 0.343750 0.005859 0.345703 0.005859 0.347656 0.007812 0.347656 0.009766 0.349609 0.009766 0.359375 0.007812 0.361328 0.007812 0.363281 0.005859 0.363281
0 0.291016 0.353516 0.291016 0.357422 0.287109 0.357422 0.285156 0.355469 0.289062 0.351562
0 0.296875 0.361328 0.296875 0.365234 0.292969 0.365234 0.291016 0.363281 0.294922 0.359375
0 0.421875 0.361328 0.421875 0.365234 0.417969 0.365234 0.416016 0.363281 0.419922 0.359375
0 0.832031 0.367188 0.832031 0.371094 0.828125 0.371094 0.826172 0.369141 0.830078 0.365234
0 0.837891 0.369141 0.837891 0.373047 0.833984 0.373047 0.832031 0.371094 0.835938 0.367188
0 0.000000 0.380859 0.000000 0.371094 0.001953 0.373047 0.003906 0.373047 0.003906 0.378906 0.001953 0.378906
0 0.830078 0.376953 0.830078 0.380859 0.826172 0.380859 0.824219 0.378906 0.828125 0.375000
0 0.775391 0.398438 0.773438 0.398438 0.771484 0.400391 0.767578 0.400391 0.765625 0.398438 0.765625 0.392578 0.767578 0.390625 0.771484 0.390625 0.773438 0.392578 0.775391 0.392578
0 0.416016 0.398438 0.416016 0.402344 0.412109 0.402344 0.410156 0.400391 0.414062 0.396484
0 0.777344 0.402344 0.777344 0.406250 0.773438 0.406250 0.771484 0.404297 0.775391 0.400391
0 0.328125 0.414062 0.326172 0.414062 0.324219 0.416016 0.314453 0.416016 0.308594 0.410156 0.308594 0.400391 0.310547 0.398438 0.312500 0.398438 0.312500 0.396484 0.314453 0.394531 0.324219 0.394531 0.330078 0.400391 0.330078 0.410156 0.328125 0.412109
0 0.671875 0.406250 0.669922 0.408203 0.669922 0.410156 0.667969 0.412109 0.662109 0.412109 0.660156 0.410156 0.660156 0.408203 0.658203 0.406250 0.658203 0.404297 0.660156 0.402344 0.660156 0.400391 0.662109 0.398438 0.667969 0.398438 0.669922 0.400391 0.669922 0.402344 0.671875 0.404297
0 0.763672 0.404297 0.763672 0.408203 0.759766 0.408203 0.757812 0.406250 0.761719 0.402344
0 0.646484 0.414062 0.644531 0.414062 0.642578 0.416016 0.638672 0.416016 0.636719 0.414062 0.636719 0.408203 0.638672 0.406250 0.642578 0.406250 0.644531 0.408203 0.646484 0.408203
0 0.769531 0.410156 0.769531 0.414062 0.765625 0.414062 0.763672 0.412109 0.767578 0.408203
0 0.470703 0.416016 0.468750 0.416016 0.466797 0.417969 0.462891 0.417969 0.460938 0.416016 0.460938 0.410156 0.462891 0.408203 0.466797 0.408203 0.468750 0.410156 0.470703 0.410156
0 0.818359 0.416016 0.818359 0.419922 0.814453 0.419922 0.812500 0.417969 0.816406 0.414062
0 0.638672 0.419922 0.638672 0.423828 0.634766 0.423828 0.632812 0.421875 0.636719 0.417969
0 0.656250 0.425781 0.654297 0.425781 0.652344 0.427734 0.648438 0.427734 0.646484 0.425781 0.646484 0.419922 0.648438 0.417969 0.652344 0.417969 0.654297 0.419922 0.656250 0.419922
0 0.824219 0.421875 0.824219 0.425781 0.820312 0.425781 0.818359 0.423828 0.822266 0.419922
0 0.457031 0.423828 0.457031 0.427734 0.453125 0.427734 0.451172 0.425781 0.455078 0.421875
0 0.810547 0.423828 0.810547 0.427734 0.806641 0.427734 0.804688 0.425781 0.808594 0.421875
0 0.644531 0.425781 0.644531 0.429688 0.640625 0.429688 0.638672 0.427734 0.642578 0.423828
0 0.332031 0.433594 0.326172 0.439453 0.320312 0.439453 0.314453 0.433594 0.314453 0.427734 0.320312 0.421875 0.326172 0.421875 0.332031 0.427734
0 0.445312 0.429688 0.445312 0.433594 0.441406 0.433594 0.439453 0.431641 0.443359 0.427734
0 0.818359 0.429688 0.818359 0.433594 0.814453 0.433594 0.812500 0.431641 0.816406 0.427734
0 0.740234 0.435547 0.738281 0.435547 0.736328 0.437500 0.732422 0.437500 0.730469 0.435547 0.730469 0.429688 0.732422 0.427734 0.736328 0.427734 0.738281 0.429688 0.740234 0.429688
0 0.351562 0.439453 0.349609 0.439453 0.347656 0.441406 0.343750 0.441406 0.341797 0.439453 0.341797 0.433594 0.343750 0.431641 0.347656 0.431641 0.349609 0.433594 0.351562 0.433594
0 0.453125 0.435547 0.453125 0.439453 0.449219 0.439453 0.447266 0.437500 0.451172 0.433594
0 0.326172 0.441406 0.324219 0.441406 0.322266 0.443359 0.318359 0.443359 0.316406 0.441406 0.316406 0.435547 0.318359 0.433594 0.322266 0.433594 0.324219 0.435547 0.326172 0.435547
0 0.734375 0.447266 0.732422 0.447266 0.730469 0.449219 0.726562 0.449219 0.724609 0.447266 0.724609 0.441406 0.726562 0.439453 0.730469 0.439453 0.732422 0.441406 0.734375 0.441406
0 0.437500 0.447266 0.437500 0.451172 0.433594 0.451172 0.431641 0.449219 0.435547 0.445312
0 0.445312 0.451172 0.445312 0.455078 0.441406 0.455078 0.439453 0.453125 0.443359 0.449219
0 0.332031 0.455078 0.330078 0.457031 0.330078 0.458984 0.328125 0.460938 0.322266 0.460938 0.320312 0.458984 0.320312 0.457031 0.318359 0.455078 0.318359 0.453125 0.320312 0.451172 0.320312 0.449219 0.322266 0.447266 0.328125 0.447266 0.330078 0.449219 0.330078 0.451172 0.332031 0.453125
0 0.464844 0.453125 0.464844 0.457031 0.460938 0.457031 0.458984 0.455078 0.462891 0.451172
0 0.496094 0.455078 0.496094 0.458984 0.492188 0.458984 0.490234 0.457031 0.494141 0.453125
0 0.515625 0.455078 0.515625 0.458984 0.511719 0.458984 0.509766 0.457031 0.513672 0.453125
0 0.566406 0.457031 0.566406 0.460938 0.562500 0.460938 0.560547 0.458984 0.564453 0.455078
0 0.753906 0.460938 0.748047 0.466797 0.742188 0.466797 0.736328 0.460938 0.736328 0.455078 0.742188 0.449219 0.748047 0.449219 0.753906 0.455078
0 0.484375 0.460938 0.482422 0.462891 0.482422 0.464844 0.480469 0.466797 0.474609 0.466797 0.472656 0.464844 0.472656 0.462891 0.470703 0.460938 0.470703 0.458984 0.472656 0.457031 0.472656 0.455078 0.474609 0.453125 0.480469 0.453125 0.482422 0.455078 0.482422 0.457031 0.484375 0.458984
0 0.421875 0.462891 0.421875 0.466797 0.417969 0.466797 0.416016 0.464844 0.419922 0.460938
0 0.560547 0.462891 0.560547 0.466797 0.556641 0.466797 0.554688 0.464844 0.558594 0.460938
0 0.333984 0.466797 0.333984 0.470703 0.330078 0.470703 0.328125 0.468750 0.332031 0.464844
0 0.431641 0.466797 0.431641 0.470703 0.427734 0.470703 0.425781 0.468750 0.429688 0.464844
0 0.472656 0.466797 0.472656 0.470703 0.468750 0.470703 0.466797 0.468750 0.470703 0.464844
0 0.503906 0.468750 0.503906 0.472656 0.500000 0.472656 0.498047 0.470703 0.501953 0.466797
0 0.513672 0.470703 0.511719 0.472656 0.511719 0.474609 0.509766 0.476562 0.503906 0.476562 0.501953 0.474609 0.501953 0.472656 0.500000 0.470703 0.500000 0.468750 0.501953 0.466797 0.501953 0.464844 0.503906 0.462891 0.509766 0.462891 0.511719 0.464844 0.511719 0.466797 0.513672 0.468750
0 0.597656 0.472656 0.595703 0.472656 0.593750 0.474609 0.589844 0.474609 0.587891 0.472656 0.587891 0.466797 0.589844 0.464844 0.593750 0.464844 0.595703 0.466797 0.597656 0.466797
0 0.488281 0.472656 0.486328 0.474609 0.486328 0.476562 0.484375 0.478516 0.478516 0.478516 0.476562 0.476562 0.476562 0.474609 0.474609 0.472656 0.474609 0.470703 0.476562 0.468750 0.476562 0.466797 0.478516 0.464844 0.484375 0.464844 0.486328 0.466797 0.486328 0.468750 0.488281 0.470703
0 0.427734 0.472656 0.427734 0.476562 0.423828 0.476562 0.421875 0.474609 0.425781 0.470703
0 0.580078 0.474609 0.578125 0.476562 0.578125 0.478516 0.576172 0.480469 0.570312 0.480469 0.568359 0.478516 0.568359 0.476562 0.566406 0.474609 0.566406 0.472656 0.568359 0.470703 0.568359 0.468750 0.570312 0.466797 0.576172 0.466797 0.578125 0.468750 0.578125 0.470703 0.580078 0.472656
0 0.748047 0.476562 0.746094 0.476562 0.744141 0.478516 0.740234 0.478516 0.738281 0.476562 0.738281 0.470703 0.740234 0.468750 0.744141 0.468750 0.746094 0.470703 0.748047 0.470703
0 0.775391 0.478516 0.773438 0.478516 0.771484 0.480469 0.767578 0.480469 0.765625 0.478516 0.765625 0.472656 0.767578 0.470703 0.771484 0.470703 0.773438 0.472656 0.775391 0.472656
0 0.332031 0.482422 0.330078 0.484375 0.330078 0.486328 0.328125 0.488281 0.322266 0.488281 0.320312 0.486328 0.320312 0.484375 0.318359 0.482422 0.318359 0.480469 0.320312 0.478516 0.320312 0.476562 0.322266 0.474609 0.328125 0.474609 0.330078 0.476562 0.330078 0.478516 0.332031 0.480469
0 0.603516 0.486328 0.601562 0.486328 0.599609 0.488281 0.595703 0.488281 0.593750 0.486328 0.593750 0.480469 0.595703 0.478516 0.599609 0.478516 0.601562 0.480469 0.603516 0.480469
0 0.490234 0.494141 0.488281 0.494141 0.486328 0.496094 0.476562 0.496094 0.470703 0.490234 0.470703 0.480469 0.472656 0.478516 0.474609 0.478516 0.474609 0.476562 0.476562 0.474609 0.486328 0.474609 0.492188 0.480469 0.492188 0.490234 0.490234 0.492188
0 0.503906 0.484375 0.503906 0.488281 0.500000 0.488281 0.498047 0.486328 0.501953 0.482422
0 0.755859 0.488281 0.753906 0.488281 0.751953 0.490234 0.748047 0.490234 0.746094 0.488281 0.746094 0.482422 0.748047 0.480469 0.751953 0.480469 0.753906 0.482422 0.755859 0.482422
0 0.767578 0.488281 0.765625 0.488281 0.763672 0.490234 0.759766 0.490234 0.757812 0.488281 0.757812 0.482422 0.759766 0.480469 0.763672 0.480469 0.765625 0.482422 0.767578 0.482422
0 0.935547 0.484375 0.935547 0.488281 0.931641 0.488281 0.929688 0.486328 0.933594 0.482422
0 0.949219 0.484375 0.949219 0.488281 0.945312 0.488281 0.943359 0.486328 0.947266 0.482422
0 0.580078 0.490234 0.578125 0.490234 0.576172 0.492188 0.572266 0.492188 0.570312 0.490234 0.570312 0.484375 0.572266 0.482422 0.576172 0.482422 0.578125 0.484375 0.580078 0.484375
0 0.357422 0.492188 0.355469 0.492188 0.353516 0.494141 0.349609 0.494141 0.347656 0.492188 0.347656 0.486328 0.349609 0.484375 0.353516 0.484375 0.355469 0.486328 0.357422 0.486328
0 0.339844 0.490234 0.339844 0.494141 0.335938 0.494141 0.333984 0.492188 0.337891 0.488281
0 0.841797 0.490234 0.841797 0.494141 0.837891 0.494141 0.835938 0.492188 0.839844 0.488281
0 0.701172 0.492188 0.701172 0.496094 0.697266 0.496094 0.695312 0.494141 0.699219 0.490234
0 0.828125 0.492188 0.828125 0.496094 0.824219 0.496094 0.822266 0.494141 0.826172 0.490234
0 0.591797 0.498047 0.589844 0.498047 0.587891 0.500000 0.583984 0.500000 0.582031 0.498047 0.582031 0.492188 0.583984 0.490234 0.587891 0.490234 0.589844 0.492188 0.591797 0.492188
0 0.390625 0.498047 0.390625 0.501953 0.386719 0.501953 0.384766 0.500000 0.388672 0.496094
0 0.693359 0.498047 0.693359 0.501953 0.689453 0.501953 0.687500 0.500000 0.691406 0.496094
0 0.705078 0.498047 0.705078 0.501953 0.701172 0.501953 0.699219 0.500000 0.703125 0.496094
0 0.341797 0.509766 0.339844 0.509766 0.337891 0.511719 0.328125 0.511719 0.322266 0.505859 0.322266 0.496094 0.324219 0.494141 0.326172 0.494141 0.326172 0.492188 0.328125 0.490234 0.337891 0.490234 0.343750 0.496094 0.343750 0.505859 0.341797 0.507812
0 0.482422 0.500000 0.482422 0.503906 0.478516 0.503906 0.476562 0.501953 0.480469 0.498047
0 0.835938 0.500000 0.835938 0.503906 0.832031 0.503906 0.830078 0.501953 0.833984 0.498047
0 0.937500 0.500000 0.937500 0.503906 0.933594 0.503906 0.931641 0.501953 0.935547 0.498047
0 0.951172 0.503906 0.949219 0.503906 0.947266 0.505859 0.943359 0.505859 0.941406 0.503906 0.941406 0.498047 0.943359 0.496094 0.947266 0.496094 0.949219 0.498047 0.951172 0.498047
0 0.410156 0.501953 0.410156 0.505859 0.406250 0.505859 0.404297 0.503906 0.408203 0.500000
0 0.421875 0.501953 0.421875 0.505859 0.417969 0.505859 0.416016 0.503906 0.419922 0.500000
0 0.515625 0.501953 0.515625 0.505859 0.511719 0.505859 0.509766 0.503906 0.513672 0.500000
0 0.523438 0.501953 0.523438 0.505859 0.519531 0.505859 0.517578 0.503906 0.521484 0.500000
0 0.369141 0.507812 0.367188 0.507812 0.365234 0.509766 0.361328 0.509766 0.359375 0.507812 0.359375 0.501953 0.361328 0.500000 0.365234 0.500000 0.367188 0.501953 0.369141 0.501953
0 0.355469 0.505859 0.355469 0.509766 0.351562 0.509766 0.349609 0.507812 0.353516 0.503906
0 0.476562 0.505859 0.476562 0.509766 0.472656 0.509766 0.470703 0.507812 0.474609 0.503906
0 0.849609 0.517578 0.847656 0.517578 0.845703 0.519531 0.835938 0.519531 0.830078 0.513672 0.830078 0.503906 0.832031 0.501953 0.833984 0.501953 0.833984 0.500000 0.835938 0.498047 0.845703 0.498047 0.851562 0.503906 0.851562 0.513672 0.849609 0.515625
0 0.363281 0.517578 0.357422 0.523438 0.351562 0.523438 0.345703 0.517578 0.345703 0.511719 0.351562 0.505859 0.357422 0.505859 0.363281 0.511719
0 0.455078 0.517578 0.453125 0.517578 0.451172 0.519531 0.447266 0.519531 0.445312 0.517578 0.445312 0.511719 0.447266 0.509766 0.451172 0.509766 0.453125 0.511719 0.455078 0.511719
0 0.421875 0.517578 0.419922 0.519531 0.419922 0.521484 0.417969 0.523438 0.412109 0.523438 0.410156 0.521484 0.410156 0.519531 0.408203 0.517578 0.408203 0.515625 0.410156 0.513672 0.410156 0.511719 0.412109 0.509766 0.417969 0.509766 0.419922 0.511719 0.419922 0.513672 0.421875 0.515625
0 0.470703 0.517578 0.468750 0.519531 0.468750 0.521484 0.466797 0.523438 0.460938 0.523438 0.458984 0.521484 0.458984 0.519531 0.457031 0.517578 0.457031 0.515625 0.458984 0.513672 0.458984 0.511719 0.460938 0.509766 0.466797 0.509766 0.468750 0.511719 0.468750 0.513672 0.470703 0.515625
0 0.732422 0.515625 0.732422 0.519531 0.728516 0.519531 0.726562 0.517578 0.730469 0.513672
0 0.525391 0.521484 0.523438 0.521484 0.521484 0.523438 0.517578 0.523438 0.515625 0.521484 0.515625 0.515625 0.517578 0.513672 0.521484 0.513672 0.523438 0.515625 0.525391 0.515625
0 0.744141 0.517578 0.744141 0.521484 0.740234 0.521484 0.738281 0.519531 0.742188 0.515625
0 0.333984 0.523438 0.332031 0.523438 0.330078 0.525391 0.326172 0.525391 0.324219 0.523438 0.324219 0.517578 0.326172 0.515625 0.330078 0.515625 0.332031 0.517578 0.333984 0.517578
0 0.855469 0.519531 0.855469 0.523438 0.851562 0.523438 0.849609 0.521484 0.853516 0.517578
0 0.419922 0.521484 0.419922 0.525391 0.416016 0.525391 0.414062 0.523438 0.417969 0.519531
0 0.349609 0.533203 0.347656 0.533203 0.345703 0.535156 0.335938 0.535156 0.330078 0.529297 0.330078 0.519531 0.332031 0.517578 0.333984 0.517578 0.333984 0.515625 0.335938 0.513672 0.345703 0.513672 0.351562 0.519531 0.351562 0.529297 0.349609 0.531250
0 0.357422 0.523438 0.357422 0.527344 0.353516 0.527344 0.351562 0.525391 0.355469 0.521484
0 0.542969 0.523438 0.542969 0.527344 0.539062 0.527344 0.537109 0.525391 0.541016 0.521484
0 0.427734 0.525391 0.427734 0.529297 0.423828 0.529297 0.421875 0.527344 0.425781 0.523438
0 0.451172 0.525391 0.451172 0.529297 0.447266 0.529297 0.445312 0.527344 0.449219 0.523438
0 0.531250 0.525391 0.531250 0.529297 0.527344 0.529297 0.525391 0.527344 0.529297 0.523438
0 0.841797 0.525391 0.841797 0.529297 0.837891 0.529297 0.835938 0.527344 0.839844 0.523438
0 0.369141 0.529297 0.369141 0.533203 0.365234 0.533203 0.363281 0.531250 0.367188 0.527344
0 0.498047 0.529297 0.498047 0.533203 0.494141 0.533203 0.492188 0.531250 0.496094 0.527344
0 0.769531 0.529297 0.769531 0.533203 0.765625 0.533203 0.763672 0.531250 0.767578 0.527344
0 0.779297 0.529297 0.779297 0.533203 0.775391 0.533203 0.773438 0.531250 0.777344 0.527344
0 0.417969 0.531250 0.417969 0.535156 0.414062 0.535156 0.412109 0.533203 0.416016 0.529297
0 0.425781 0.531250 0.425781 0.535156 0.421875 0.535156 0.419922 0.533203 0.423828 0.529297
0 0.845703 0.531250 0.845703 0.535156 0.841797 0.535156 0.839844 0.533203 0.843750 0.529297
0 0.855469 0.531250 0.855469 0.535156 0.851562 0.535156 0.849609 0.533203 0.853516 0.529297
0 0.353516 0.537109 0.347656 0.542969 0.341797 0.542969 0.335938 0.537109 0.335938 0.531250 0.341797 0.525391 0.347656 0.525391 0.353516 0.531250
0 0.488281 0.533203 0.488281 0.537109 0.484375 0.537109 0.482422 0.535156 0.486328 0.531250
0 0.519531 0.535156 0.517578 0.537109 0.517578 0.539062 0.515625 0.541016 0.509766 0.541016 0.507812 0.539062 0.507812 0.537109 0.505859 0.535156 0.505859 0.533203 0.507812 0.531250 0.507812 0.529297 0.509766 0.527344 0.515625 0.527344 0.517578 0.529297 0.517578 0.531250 0.519531 0.533203
0 0.988281 0.533203 0.988281 0.537109 0.984375 0.537109 0.982422 0.535156 0.986328 0.531250
0 0.363281 0.535156 0.363281 0.539062 0.359375 0.539062 0.357422 0.537109 0.361328 0.533203
0 0.457031 0.539062 0.451172 0.544922 0.445312 0.544922 0.439453 0.539062 0.439453 0.533203 0.445312 0.527344 0.451172 0.527344 0.457031 0.533203
0 0.527344 0.539062 0.525391 0.539062 0.523438 0.541016 0.519531 0.541016 0.517578 0.539062 0.517578 0.533203 0.519531 0.531250 0.523438 0.531250 0.525391 0.533203 0.527344 0.533203
0 0.472656 0.541016 0.470703 0.541016 0.468750 0.542969 0.464844 0.542969 0.462891 0.541016 0.462891 0.535156 0.464844 0.533203 0.468750 0.533203 0.470703 0.535156 0.472656 0.535156
0 0.562500 0.537109 0.562500 0.541016 0.558594 0.541016 0.556641 0.539062 0.560547 0.535156
0 0.775391 0.537109 0.775391 0.541016 0.771484 0.541016 0.769531 0.539062 0.773438 0.535156
0 0.511719 0.542969 0.509766 0.544922 0.509766 0.546875 0.507812 0.548828 0.501953 0.548828 0.500000 0.546875 0.500000 0.544922 0.498047 0.542969 0.498047 0.541016 0.500000 0.539062 0.500000 0.537109 0.501953 0.535156 0.507812 0.535156 0.509766 0.537109 0.509766 0.539062 0.511719 0.541016
0 0.542969 0.542969 0.541016 0.544922 0.541016 0.546875 0.539062 0.548828 0.533203 0.548828 0.531250 0.546875 0.531250 0.544922 0.529297 0.542969 0.529297 0.541016 0.531250 0.539062 0.531250 0.537109 0.533203 0.535156 0.539062 0.535156 0.541016 0.537109 0.541016 0.539062 0.542969 0.541016
0 0.998047 0.550781 0.994141 0.550781 0.992188 0.548828 0.992188 0.546875 0.990234 0.544922 0.990234 0.542969 0.992188 0.541016 0.992188 0.539062 0.994141 0.537109 0.998047 0.537109
0 0.984375 0.546875 0.984375 0.550781 0.980469 0.550781 0.978516 0.548828 0.982422 0.544922
0 0.509766 0.552734 0.509766 0.556641 0.505859 0.556641 0.503906 0.554688 0.507812 0.550781
0 0.562500 0.558594 0.560547 0.558594 0.558594 0.560547 0.554688 0.560547 0.552734 0.558594 0.552734 0.552734 0.554688 0.550781 0.558594 0.550781 0.560547 0.552734 0.562500 0.552734
0 0.001953 0.564453 0.000000 0.564453 0.000000 0.550781 0.001953 0.550781 0.003906 0.552734 0.003906 0.554688 0.005859 0.556641 0.005859 0.558594 0.003906 0.560547 0.003906 0.562500
0 0.425781 0.562500 0.423828 0.562500 0.421875 0.564453 0.417969 0.564453 0.416016 0.562500 0.416016 0.556641 0.417969 0.554688 0.421875 0.554688 0.423828 0.556641 0.425781 0.556641
0 0.447266 0.560547 0.445312 0.562500 0.445312 0.564453 0.443359 0.566406 0.437500 0.566406 0.435547 0.564453 0.435547 0.562500 0.433594 0.560547 0.433594 0.558594 0.435547 0.556641 0.435547 0.554688 0.437500 0.552734 0.443359 0.552734 0.445312 0.554688 0.445312 0.556641 0.447266 0.558594
0 0.462891 0.560547 0.460938 0.562500 0.460938 0.564453 0.458984 0.566406 0.453125 0.566406 0.451172 0.564453 0.451172 0.562500 0.449219 0.560547 0.449219 0.558594 0.451172 0.556641 0.451172 0.554688 0.453125 0.552734 0.458984 0.552734 0.460938 0.554688 0.460938 0.556641 0.462891 0.558594
0 0.531250 0.560547 0.529297 0.562500 0.529297 0.564453 0.527344 0.566406 0.521484 0.566406 0.519531 0.564453 0.519531 0.562500 0.517578 0.560547 0.517578 0.558594 0.519531 0.556641 0.519531 0.554688 0.521484 0.552734 0.527344 0.552734 0.529297 0.554688 0.529297 0.556641 0.531250 0.558594
0 0.441406 0.568359 0.439453 0.568359 0.437500 0.570312 0.433594 0.570312 0.431641 0.568359 0.431641 0.562500 0.433594 0.560547 0.437500 0.560547 0.439453 0.562500 0.441406 0.562500
0 0.916016 0.564453 0.916016 0.568359 0.912109 0.568359 0.910156 0.566406 0.914062 0.562500
0 0.369141 0.570312 0.367188 0.570312 0.365234 0.572266 0.361328 0.572266 0.359375 0.570312 0.359375 0.564453 0.361328 0.562500 0.365234 0.562500 0.367188 0.564453 0.369141 0.564453
0 0.347656 0.574219 0.341797 0.580078 0.335938 0.580078 0.330078 0.574219 0.330078 0.568359 0.335938 0.562500 0.341797 0.562500 0.347656 0.568359
0 0.480469 0.574219 0.478516 0.574219 0.476562 0.576172 0.472656 0.576172 0.470703 0.574219 0.470703 0.568359 0.472656 0.566406 0.476562 0.566406 0.478516 0.568359 0.480469 0.568359
0 0.505859 0.572266 0.503906 0.574219 0.503906 0.576172 0.501953 0.578125 0.496094 0.578125 0.494141 0.576172 0.494141 0.574219 0.492188 0.572266 0.492188 0.570312 0.494141 0.568359 0.494141 0.566406 0.496094 0.564453 0.501953 0.564453 0.503906 0.566406 0.503906 0.568359 0.505859 0.570312
0 0.906250 0.570312 0.906250 0.574219 0.902344 0.574219 0.900391 0.572266 0.904297 0.568359
0 0.572266 0.574219 0.570312 0.576172 0.570312 0.578125 0.568359 0.580078 0.562500 0.580078 0.560547 0.578125 0.560547 0.576172 0.558594 0.574219 0.558594 0.572266 0.560547 0.570312 0.560547 0.568359 0.562500 0.566406 0.568359 0.566406 0.570312 0.568359 0.570312 0.570312 0.572266 0.572266
0 0.394531 0.576172 0.394531 0.580078 0.390625 0.580078 0.388672 0.578125 0.392578 0.574219
0 0.439453 0.578125 0.437500 0.580078 0.437500 0.582031 0.435547 0.583984 0.429688 0.583984 0.427734 0.582031 0.427734 0.580078 0.425781 0.578125 0.425781 0.576172 0.427734 0.574219 0.427734 0.572266 0.429688 0.570312 0.435547 0.570312 0.437500 0.572266 0.437500 0.574219 0.439453 0.576172
0 0.558594 0.578125 0.556641 0.580078 0.556641 0.582031 0.554688 0.583984 0.548828 0.583984 0.546875 0.582031 0.546875 0.580078 0.544922 0.578125 0.544922 0.576172 0.546875 0.574219 0.546875 0.572266 0.548828 0.570312 0.554688 0.570312 0.556641 0.572266 0.556641 0.574219 0.558594 0.576172
0 0.027344 0.582031 0.025391 0.582031 0.023438 0.583984 0.019531 0.583984 0.017578 0.582031 0.017578 0.576172 0.019531 0.574219 0.023438 0.574219 0.025391 0.576172 0.027344 0.576172
0 0.460938 0.582031 0.458984 0.583984 0.458984 0.585938 0.457031 0.587891 0.451172 0.587891 0.449219 0.585938 0.449219 0.583984 0.447266 0.582031 0.447266 0.580078 0.449219 0.578125 0.449219 0.576172 0.451172 0.574219 0.457031 0.574219 0.458984 0.576172 0.458984 0.578125 0.460938 0.580078
0 0.808594 0.580078 0.808594 0.583984 0.804688 0.583984 0.802734 0.582031 0.806641 0.578125
0 0.382812 0.583984 0.380859 0.585938 0.380859 0.587891 0.378906 0.589844 0.373047 0.589844 0.371094 0.587891 0.371094 0.585938 0.369141 0.583984 0.369141 0.582031 0.371094 0.580078 0.371094 0.578125 0.373047 0.576172 0.378906 0.576172 0.380859 0.578125 0.380859 0.580078 0.382812 0.582031
0 0.443359 0.583984 0.441406 0.585938 0.441406 0.587891 0.439453 0.589844 0.433594 0.589844 0.431641 0.587891 0.431641 0.585938 0.429688 0.583984 0.429688 0.582031 0.431641 0.580078 0.431641 0.578125 0.433594 0.576172 0.439453 0.576172 0.441406 0.578125 0.441406 0.580078 0.443359 0.582031
0 0.582031 0.582031 0.582031 0.585938 0.578125 0.585938 0.576172 0.583984 0.580078 0.580078
0 0.771484 0.582031 0.771484 0.585938 0.767578 0.585938 0.765625 0.583984 0.769531 0.580078
0 0.798828 0.582031 0.798828 0.585938 0.794922 0.585938 0.792969 0.583984 0.796875 0.580078
0 0.488281 0.589844 0.486328 0.589844 0.484375 0.591797 0.480469 0.591797 0.478516 0.589844 0.478516 0.583984 0.480469 0.582031 0.484375 0.582031 0.486328 0.583984 0.488281 0.583984
0 0.500000 0.587891 0.498047 0.589844 0.498047 0.591797 0.496094 0.593750 0.490234 0.593750 0.488281 0.591797 0.488281 0.589844 0.486328 0.587891 0.486328 0.585938 0.488281 0.583984 0.488281 0.582031 0.490234 0.580078 0.496094 0.580078 0.498047 0.582031 0.498047 0.583984 0.500000 0.585938
0 0.544922 0.597656 0.542969 0.597656 0.541016 0.599609 0.531250 0.599609 0.525391 0.593750 0.525391 0.583984 0.527344 0.582031 0.529297 0.582031 0.529297 0.580078 0.531250 0.578125 0.541016 0.578125 0.546875 0.583984 0.546875 0.593750 0.544922 0.595703
0 0.777344 0.587891 0.777344 0.591797 0.773438 0.591797 0.771484 0.589844 0.775391 0.585938
0 0.912109 0.589844 0.912109 0.593750 0.908203 0.593750 0.906250 0.591797 0.910156 0.587891
0 0.769531 0.591797 0.769531 0.595703 0.765625 0.595703 0.763672 0.593750 0.767578 0.589844
0 0.955078 0.595703 0.953125 0.595703 0.951172 0.597656 0.947266 0.597656 0.945312 0.595703 0.945312 0.589844 0.947266 0.587891 0.951172 0.587891 0.953125 0.589844 0.955078 0.589844
0 0.039062 0.597656 0.037109 0.597656 0.035156 0.599609 0.031250 0.599609 0.029297 0.597656 0.029297 0.591797 0.031250 0.589844 0.035156 0.589844 0.037109 0.591797 0.039062 0.591797
0 0.427734 0.597656 0.425781 0.597656 0.423828 0.599609 0.419922 0.599609 0.417969 0.597656 0.417969 0.591797 0.419922 0.589844 0.423828 0.589844 0.425781 0.591797 0.427734 0.591797
0 0.410156 0.595703 0.410156 0.599609 0.406250 0.599609 0.404297 0.597656 0.408203 0.593750
0 0.562500 0.599609 0.560547 0.599609 0.558594 0.601562 0.554688 0.601562 0.552734 0.599609 0.552734 0.593750 0.554688 0.591797 0.558594 0.591797 0.560547 0.593750 0.562500 0.593750
0 0.943359 0.597656 0.943359 0.601562 0.939453 0.601562 0.937500 0.599609 0.941406 0.595703
0 0.763672 0.599609 0.763672 0.603516 0.759766 0.603516 0.757812 0.601562 0.761719 0.597656
0 0.400391 0.611328 0.398438 0.611328 0.396484 0.613281 0.386719 0.613281 0.380859 0.607422 0.380859 0.597656 0.382812 0.595703 0.384766 0.595703 0.384766 0.593750 0.386719 0.591797 0.396484 0.591797 0.402344 0.597656 0.402344 0.607422 0.400391 0.609375
0 0.361328 0.613281 0.359375 0.613281 0.357422 0.615234 0.347656 0.615234 0.341797 0.609375 0.341797 0.599609 0.343750 0.597656 0.345703 0.597656 0.345703 0.595703 0.347656 0.593750 0.357422 0.593750 0.363281 0.599609 0.363281 0.609375 0.361328 0.611328
0 0.384766 0.607422 0.382812 0.607422 0.380859 0.609375 0.376953 0.609375 0.375000 0.607422 0.375000 0.601562 0.376953 0.599609 0.380859 0.599609 0.382812 0.601562 0.384766 0.601562
0 0.544922 0.603516 0.544922 0.607422 0.541016 0.607422 0.539062 0.605469 0.542969 0.601562
0 0.957031 0.603516 0.957031 0.607422 0.953125 0.607422 0.951172 0.605469 0.955078 0.601562
0 0.974609 0.603516 0.974609 0.607422 0.970703 0.607422 0.968750 0.605469 0.972656 0.601562
0 0.990234 0.607422 0.988281 0.607422 0.986328 0.609375 0.982422 0.609375 0.980469 0.607422 0.980469 0.601562 0.982422 0.599609 0.986328 0.599609 0.988281 0.601562 0.990234 0.601562
0 0.408203 0.605469 0.408203 0.609375 0.404297 0.609375 0.402344 0.607422 0.406250 0.603516
0 0.421875 0.605469 0.421875 0.609375 0.417969 0.609375 0.416016 0.607422 0.419922 0.603516
0 0.759766 0.605469 0.759766 0.609375 0.755859 0.609375 0.753906 0.607422 0.757812 0.603516
0 0.943359 0.605469 0.943359 0.609375 0.939453 0.609375 0.937500 0.607422 0.941406 0.603516
0 0.970703 0.609375 0.964844 0.615234 0.958984 0.615234 0.953125 0.609375 0.953125 0.603516 0.958984 0.597656 0.964844 0.597656 0.970703 0.603516
0 0.535156 0.609375 0.535156 0.613281 0.531250 0.613281 0.529297 0.611328 0.533203 0.607422
0 0.769531 0.609375 0.769531 0.613281 0.765625 0.613281 0.763672 0.611328 0.767578 0.607422
0 0.435547 0.623047 0.433594 0.623047 0.431641 0.625000 0.421875 0.625000 0.416016 0.619141 0.416016 0.609375 0.417969 0.607422 0.419922 0.607422 0.419922 0.605469 0.421875 0.603516 0.431641 0.603516 0.437500 0.609375 0.437500 0.619141 0.435547 0.621094
0 0.566406 0.625000 0.564453 0.625000 0.562500 0.626953 0.552734 0.626953 0.546875 0.621094 0.546875 0.611328 0.548828 0.609375 0.550781 0.609375 0.550781 0.607422 0.552734 0.605469 0.562500 0.605469 0.568359 0.611328 0.568359 0.621094 0.566406 0.623047
0 0.970703 0.615234 0.970703 0.619141 0.966797 0.619141 0.964844 0.617188 0.968750 0.613281
0 0.994141 0.621094 0.992188 0.621094 0.990234 0.623047 0.986328 0.623047 0.984375 0.621094 0.984375 0.615234 0.986328 0.613281 0.990234 0.613281 0.992188 0.615234 0.994141 0.615234
0 0.978516 0.621094 0.978516 0.625000 0.974609 0.625000 0.972656 0.623047 0.976562 0.619141
0 0.056641 0.626953 0.054688 0.626953 0.052734 0.628906 0.048828 0.628906 0.046875 0.626953 0.046875 0.621094 0.048828 0.619141 0.052734 0.619141 0.054688 0.621094 0.056641 0.621094
0 0.382812 0.626953 0.380859 0.626953 0.378906 0.628906 0.375000 0.628906 0.373047 0.626953 0.373047 0.621094 0.375000 0.619141 0.378906 0.619141 0.380859 0.621094 0.382812 0.621094
0 0.443359 0.626953 0.441406 0.626953 0.439453 0.628906 0.435547 0.628906 0.433594 0.626953 0.433594 0.621094 0.435547 0.619141 0.439453 0.619141 0.441406 0.621094 0.443359 0.621094
0 0.355469 0.630859 0.353516 0.630859 0.351562 0.632812 0.347656 0.632812 0.345703 0.630859 0.345703 0.625000 0.347656 0.623047 0.351562 0.623047 0.353516 0.625000 0.355469 0.625000
0 0.560547 0.630859 0.558594 0.630859 0.556641 0.632812 0.552734 0.632812 0.550781 0.630859 0.550781 0.625000 0.552734 0.623047 0.556641 0.623047 0.558594 0.625000 0.560547 0.625000
0 0.578125 0.626953 0.578125 0.630859 0.574219 0.630859 0.572266 0.628906 0.576172 0.625000
0 0.929688 0.630859 0.927734 0.630859 0.925781 0.632812 0.921875 0.632812 0.919922 0.630859 0.919922 0.625000 0.921875 0.623047 0.925781 0.623047 0.927734 0.625000 0.929688 0.625000
0 0.648438 0.632812 0.646484 0.632812 0.644531 0.634766 0.640625 0.634766 0.638672 0.632812 0.638672 0.626953 0.640625 0.625000 0.644531 0.625000 0.646484 0.626953 0.648438 0.626953
0 0.910156 0.632812 0.908203 0.632812 0.906250 0.634766 0.902344 0.634766 0.900391 0.632812 0.900391 0.626953 0.902344 0.625000 0.906250 0.625000 0.908203 0.626953 0.910156 0.626953
0 0.425781 0.636719 0.423828 0.636719 0.421875 0.638672 0.417969 0.638672 0.416016 0.636719 0.416016 0.630859 0.417969 0.628906 0.421875 0.628906 0.423828 0.630859 0.425781 0.630859
0 0.451172 0.636719 0.449219 0.636719 0.447266 0.638672 0.443359 0.638672 0.441406 0.636719 0.441406 0.630859 0.443359 0.628906 0.447266 0.628906 0.449219 0.630859 0.451172 0.630859
0 0.558594 0.634766 0.558594 0.638672 0.554688 0.638672 0.552734 0.636719 0.556641 0.632812
0 0.080078 0.642578 0.078125 0.642578 0.076172 0.644531 0.072266 0.644531 0.070312 0.642578 0.070312 0.636719 0.072266 0.634766 0.076172 0.634766 0.078125 0.636719 0.080078 0.636719
0 0.085938 0.644531 0.083984 0.644531 0.082031 0.646484 0.078125 0.646484 0.076172 0.644531 0.076172 0.638672 0.078125 0.636719 0.082031 0.636719 0.083984 0.638672 0.085938 0.638672
0 0.562500 0.646484 0.560547 0.646484 0.558594 0.648438 0.554688 0.648438 0.552734 0.646484 0.552734 0.640625 0.554688 0.638672 0.558594 0.638672 0.560547 0.640625 0.562500 0.640625
0 0.574219 0.642578 0.574219 0.646484 0.570312 0.646484 0.568359 0.644531 0.572266 0.640625
0 0.441406 0.648438 0.439453 0.648438 0.437500 0.650391 0.433594 0.650391 0.431641 0.648438 0.431641 0.642578 0.433594 0.640625 0.437500 0.640625 0.439453 0.642578 0.441406 0.642578
0 0.636719 0.648438 0.634766 0.648438 0.632812 0.650391 0.628906 0.650391 0.626953 0.648438 0.626953 0.642578 0.628906 0.640625 0.632812 0.640625 0.634766 0.642578 0.636719 0.642578
0 0.357422 0.648438 0.355469 0.650391 0.355469 0.652344 0.353516 0.654297 0.347656 0.654297 0.345703 0.652344 0.345703 0.650391 0.343750 0.648438 0.343750 0.646484 0.345703 0.644531 0.345703 0.642578 0.347656 0.640625 0.353516 0.640625 0.355469 0.642578 0.355469 0.644531 0.357422 0.646484
0 0.398438 0.648438 0.398438 0.652344 0.394531 0.652344 0.392578 0.650391 0.396484 0.646484
0 0.925781 0.658203 0.923828 0.658203 0.921875 0.660156 0.912109 0.660156 0.906250 0.654297 0.906250 0.644531 0.908203 0.642578 0.910156 0.642578 0.910156 0.640625 0.912109 0.638672 0.921875 0.638672 0.927734 0.644531 0.927734 0.654297 0.925781 0.656250
0 0.101562 0.660156 0.099609 0.660156 0.097656 0.662109 0.087891 0.662109 0.082031 0.656250 0.082031 0.646484 0.083984 0.644531 0.085938 0.644531 0.085938 0.642578 0.087891 0.640625 0.097656 0.640625 0.103516 0.646484 0.103516 0.656250 0.101562 0.658203
0 0.408203 0.650391 0.408203 0.654297 0.404297 0.654297 0.402344 0.652344 0.406250 0.648438
0 0.654297 0.656250 0.652344 0.656250 0.650391 0.658203 0.646484 0.658203 0.644531 0.656250 0.644531 0.650391 0.646484 0.648438 0.650391 0.648438 0.652344 0.650391 0.654297 0.650391
0 0.869141 0.656250 0.869141 0.660156 0.865234 0.660156 0.863281 0.658203 0.867188 0.654297
0 0.914062 0.658203 0.914062 0.662109 0.910156 0.662109 0.908203 0.660156 0.912109 0.656250
0 0.990234 0.658203 0.990234 0.662109 0.986328 0.662109 0.984375 0.660156 0.988281 0.656250
0 0.550781 0.660156 0.550781 0.664062 0.546875 0.664062 0.544922 0.662109 0.548828 0.658203
0 0.923828 0.660156 0.923828 0.664062 0.919922 0.664062 0.917969 0.662109 0.921875 0.658203
0 0.541016 0.671875 0.539062 0.671875 0.537109 0.673828 0.527344 0.673828 0.521484 0.667969 0.521484 0.658203 0.523438 0.656250 0.525391 0.656250 0.525391 0.654297 0.527344 0.652344 0.537109 0.652344 0.542969 0.658203 0.542969 0.667969 0.541016 0.669922
0 0.980469 0.662109 0.980469 0.666016 0.976562 0.666016 0.974609 0.664062 0.978516 0.660156
0 0.470703 0.667969 0.468750 0.667969 0.466797 0.669922 0.462891 0.669922 0.460938 0.667969 0.460938 0.662109 0.462891 0.660156 0.466797 0.660156 0.468750 0.662109 0.470703 0.662109
0 0.400391 0.669922 0.398438 0.669922 0.396484 0.671875 0.392578 0.671875 0.390625 0.669922 0.390625 0.664062 0.392578 0.662109 0.396484 0.662109 0.398438 0.664062 0.400391 0.664062
0 0.912109 0.667969 0.912109 0.671875 0.908203 0.671875 0.906250 0.669922 0.910156 0.666016
0 0.998047 0.675781 0.994141 0.675781 0.992188 0.673828 0.992188 0.671875 0.990234 0.669922 0.990234 0.667969 0.992188 0.666016 0.992188 0.664062 0.994141 0.662109 0.998047 0.662109
0 0.878906 0.673828 0.876953 0.673828 0.875000 0.675781 0.871094 0.675781 0.869141 0.673828 0.869141 0.667969 0.871094 0.666016 0.875000 0.666016 0.876953 0.667969 0.878906 0.667969
0 0.525391 0.671875 0.525391 0.675781 0.521484 0.675781 0.519531 0.673828 0.523438 0.669922
0 0.730469 0.675781 0.728516 0.675781 0.726562 0.677734 0.722656 0.677734 0.720703 0.675781 0.720703 0.669922 0.722656 0.667969 0.726562 0.667969 0.728516 0.669922 0.730469 0.669922
0 0.121094 0.677734 0.119141 0.677734 0.117188 0.679688 0.113281 0.679688 0.111328 0.677734 0.111328 0.671875 0.113281 0.669922 0.117188 0.669922 0.119141 0.671875 0.121094 0.671875
0 0.457031 0.677734 0.455078 0.677734 0.453125 0.679688 0.449219 0.679688 0.447266 0.677734 0.447266 0.671875 0.449219 0.669922 0.453125 0.669922 0.455078 0.671875 0.457031 0.671875
0 0.513672 0.673828 0.513672 0.677734 0.509766 0.677734 0.507812 0.675781 0.511719 0.671875
0 0.921875 0.679688 0.919922 0.679688 0.917969 0.681641 0.914062 0.681641 0.912109 0.679688 0.912109 0.673828 0.914062 0.671875 0.917969 0.671875 0.919922 0.673828 0.921875 0.673828
0 0.414062 0.681641 0.412109 0.681641 0.410156 0.683594 0.406250 0.683594 0.404297 0.681641 0.404297 0.675781 0.406250 0.673828 0.410156 0.673828 0.412109 0.675781 0.414062 0.675781
0 0.748047 0.681641 0.746094 0.681641 0.744141 0.683594 0.740234 0.683594 0.738281 0.681641 0.738281 0.675781 0.740234 0.673828 0.744141 0.673828 0.746094 0.675781 0.748047 0.675781
0 0.326172 0.683594 0.320312 0.689453 0.314453 0.689453 0.308594 0.683594 0.308594 0.677734 0.314453 0.671875 0.320312 0.671875 0.326172 0.677734
0 0.990234 0.681641 0.990234 0.685547 0.986328 0.685547 0.984375 0.683594 0.988281 0.679688
0 0.126953 0.689453 0.125000 0.689453 0.123047 0.691406 0.119141 0.691406 0.117188 0.689453 0.117188 0.683594 0.119141 0.681641 0.123047 0.681641 0.125000 0.683594 0.126953 0.683594
0 0.408203 0.689453 0.406250 0.689453 0.404297 0.691406 0.400391 0.691406 0.398438 0.689453 0.398438 0.683594 0.400391 0.681641 0.404297 0.681641 0.406250 0.683594 0.408203 0.683594
0 0.599609 0.687500 0.599609 0.691406 0.595703 0.691406 0.593750 0.689453 0.597656 0.685547
0 0.613281 0.687500 0.613281 0.691406 0.609375 0.691406 0.607422 0.689453 0.611328 0.685547
0 0.396484 0.691406 0.394531 0.693359 0.394531 0.695312 0.392578 0.697266 0.386719 0.697266 0.384766 0.695312 0.384766 0.693359 0.382812 0.691406 0.382812 0.689453 0.384766 0.687500 0.384766 0.685547 0.386719 0.683594 0.392578 0.683594 0.394531 0.685547 0.394531 0.687500 0.396484 0.689453
0 0.914062 0.691406 0.914062 0.695312 0.910156 0.695312 0.908203 0.693359 0.912109 0.689453
0 0.925781 0.693359 0.925781 0.697266 0.921875 0.697266 0.919922 0.695312 0.923828 0.691406
0 0.919922 0.695312 0.919922 0.699219 0.916016 0.699219 0.914062 0.697266 0.917969 0.693359
0 0.316406 0.701172 0.316406 0.705078 0.312500 0.705078 0.310547 0.703125 0.314453 0.699219
0 0.378906 0.703125 0.376953 0.705078 0.376953 0.707031 0.375000 0.708984 0.369141 0.708984 0.367188 0.707031 0.367188 0.705078 0.365234 0.703125 0.365234 0.701172 0.367188 0.699219 0.367188 0.697266 0.369141 0.695312 0.375000 0.695312 0.376953 0.697266 0.376953 0.699219 0.378906 0.701172
0 0.712891 0.707031 0.710938 0.707031 0.708984 0.708984 0.705078 0.708984 0.703125 0.707031 0.703125 0.701172 0.705078 0.699219 0.708984 0.699219 0.710938 0.701172 0.712891 0.701172
0 0.361328 0.708984 0.359375 0.708984 0.357422 0.710938 0.353516 0.710938 0.351562 0.708984 0.351562 0.703125 0.353516 0.701172 0.357422 0.701172 0.359375 0.703125 0.361328 0.703125
0 0.621094 0.705078 0.621094 0.708984 0.617188 0.708984 0.615234 0.707031 0.619141 0.703125
0 0.847656 0.705078 0.847656 0.708984 0.843750 0.708984 0.841797 0.707031 0.845703 0.703125
0 0.326172 0.710938 0.320312 0.716797 0.314453 0.716797 0.308594 0.710938 0.308594 0.705078 0.314453 0.699219 0.320312 0.699219 0.326172 0.705078
0 0.378906 0.710938 0.376953 0.710938 0.375000 0.712891 0.371094 0.712891 0.369141 0.710938 0.369141 0.705078 0.371094 0.703125 0.375000 0.703125 0.376953 0.705078 0.378906 0.705078
0 0.615234 0.712891 0.613281 0.712891 0.611328 0.714844 0.607422 0.714844 0.605469 0.712891 0.605469 0.707031 0.607422 0.705078 0.611328 0.705078 0.613281 0.707031 0.615234 0.707031
0 0.634766 0.712891 0.632812 0.712891 0.630859 0.714844 0.626953 0.714844 0.625000 0.712891 0.625000 0.707031 0.626953 0.705078 0.630859 0.705078 0.632812 0.707031 0.634766 0.707031
0 0.681641 0.712891 0.679688 0.712891 0.677734 0.714844 0.673828 0.714844 0.671875 0.712891 0.671875 0.707031 0.673828 0.705078 0.677734 0.705078 0.679688 0.707031 0.681641 0.707031
0 0.136719 0.714844 0.134766 0.714844 0.132812 0.716797 0.128906 0.716797 0.126953 0.714844 0.126953 0.708984 0.128906 0.707031 0.132812 0.707031 0.134766 0.708984 0.136719 0.708984
0 0.316406 0.714844 0.314453 0.714844 0.312500 0.716797 0.308594 0.716797 0.306641 0.714844 0.306641 0.708984 0.308594 0.707031 0.312500 0.707031 0.314453 0.708984 0.316406 0.708984
0 0.724609 0.714844 0.722656 0.714844 0.720703 0.716797 0.716797 0.716797 0.714844 0.714844 0.714844 0.708984 0.716797 0.707031 0.720703 0.707031 0.722656 0.708984 0.724609 0.708984
0 0.888672 0.714844 0.888672 0.718750 0.884766 0.718750 0.882812 0.716797 0.886719 0.712891
0 0.966797 0.718750 0.966797 0.722656 0.962891 0.722656 0.960938 0.720703 0.964844 0.716797
0 0.367188 0.724609 0.365234 0.724609 0.363281 0.726562 0.359375 0.726562 0.357422 0.724609 0.357422 0.718750 0.359375 0.716797 0.363281 0.716797 0.365234 0.718750 0.367188 0.718750
0 0.835938 0.724609 0.833984 0.724609 0.832031 0.726562 0.828125 0.726562 0.826172 0.724609 0.826172 0.718750 0.828125 0.716797 0.832031 0.716797 0.833984 0.718750 0.835938 0.718750
0 0.349609 0.726562 0.347656 0.726562 0.345703 0.728516 0.341797 0.728516 0.339844 0.726562 0.339844 0.720703 0.341797 0.718750 0.345703 0.718750 0.347656 0.720703 0.349609 0.720703
0 0.634766 0.726562 0.632812 0.726562 0.630859 0.728516 0.626953 0.728516 0.625000 0.726562 0.625000 0.720703 0.626953 0.718750 0.630859 0.718750 0.632812 0.720703 0.634766 0.720703
0 0.882812 0.722656 0.882812 0.726562 0.878906 0.726562 0.876953 0.724609 0.880859 0.720703
0 0.896484 0.722656 0.896484 0.726562 0.892578 0.726562 0.890625 0.724609 0.894531 0.720703
0 0.960938 0.724609 0.960938 0.728516 0.957031 0.728516 0.955078 0.726562 0.958984 0.722656
0 0.304688 0.730469 0.302734 0.730469 0.300781 0.732422 0.296875 0.732422 0.294922 0.730469 0.294922 0.724609 0.296875 0.722656 0.300781 0.722656 0.302734 0.724609 0.304688 0.724609
0 0.335938 0.730469 0.333984 0.730469 0.332031 0.732422 0.328125 0.732422 0.326172 0.730469 0.326172 0.724609 0.328125 0.722656 0.332031 0.722656 0.333984 0.724609 0.335938 0.724609
0 0.720703 0.728516 0.718750 0.730469 0.718750 0.732422 0.716797 0.734375 0.710938 0.734375 0.708984 0.732422 0.708984 0.730469 0.707031 0.728516 0.707031 0.726562 0.708984 0.724609 0.708984 0.722656 0.710938 0.720703 0.716797 0.720703 0.718750 0.722656 0.718750 0.724609 0.720703 0.726562
0 0.853516 0.730469 0.851562 0.730469 0.849609 0.732422 0.845703 0.732422 0.843750 0.730469 0.843750 0.724609 0.845703 0.722656 0.849609 0.722656 0.851562 0.724609 0.853516 0.724609
0 0.708984 0.738281 0.707031 0.738281 0.705078 0.740234 0.695312 0.740234 0.689453 0.734375 0.689453 0.724609 0.691406 0.722656 0.693359 0.722656 0.693359 0.720703 0.695312 0.718750 0.705078 0.718750 0.710938 0.724609 0.710938 0.734375 0.708984 0.736328
0 0.617188 0.734375 0.611328 0.740234 0.605469 0.740234 0.599609 0.734375 0.599609 0.728516 0.605469 0.722656 0.611328 0.722656 0.617188 0.728516
0 0.980469 0.734375 0.978516 0.734375 0.976562 0.736328 0.972656 0.736328 0.970703 0.734375 0.970703 0.728516 0.972656 0.726562 0.976562 0.726562 0.978516 0.728516 0.980469 0.728516
0 0.595703 0.732422 0.595703 0.736328 0.591797 0.736328 0.589844 0.734375 0.593750 0.730469
0 0.894531 0.736328 0.892578 0.736328 0.890625 0.738281 0.886719 0.738281 0.884766 0.736328 0.884766 0.730469 0.886719 0.728516 0.890625 0.728516 0.892578 0.730469 0.894531 0.730469
0 0.966797 0.734375 0.966797 0.738281 0.962891 0.738281 0.960938 0.736328 0.964844 0.732422
0 0.291016 0.740234 0.289062 0.740234 0.287109 0.742188 0.283203 0.742188 0.281250 0.740234 0.281250 0.734375 0.283203 0.732422 0.287109 0.732422 0.289062 0.734375 0.291016 0.734375
0 0.373047 0.736328 0.373047 0.740234 0.369141 0.740234 0.367188 0.738281 0.371094 0.734375
0 0.607422 0.738281 0.607422 0.742188 0.603516 0.742188 0.601562 0.740234 0.605469 0.736328
0 0.738281 0.740234 0.736328 0.742188 0.736328 0.744141 0.734375 0.746094 0.728516 0.746094 0.726562 0.744141 0.726562 0.742188 0.724609 0.740234 0.724609 0.738281 0.726562 0.736328 0.726562 0.734375 0.728516 0.732422 0.734375 0.732422 0.736328 0.734375 0.736328 0.736328 0.738281 0.738281
0 0.744141 0.742188 0.742188 0.742188 0.740234 0.744141 0.736328 0.744141 0.734375 0.742188 0.734375 0.736328 0.736328 0.734375 0.740234 0.734375 0.742188 0.736328 0.744141 0.736328
0 0.142578 0.744141 0.140625 0.744141 0.138672 0.746094 0.134766 0.746094 0.132812 0.744141 0.132812 0.738281 0.134766 0.736328 0.138672 0.736328 0.140625 0.738281 0.142578 0.738281
0 0.589844 0.740234 0.589844 0.744141 0.585938 0.744141 0.583984 0.742188 0.587891 0.738281
0 0.675781 0.742188 0.673828 0.744141 0.673828 0.746094 0.671875 0.748047 0.666016 0.748047 0.664062 0.746094 0.664062 0.744141 0.662109 0.742188 0.662109 0.740234 0.664062 0.738281 0.664062 0.736328 0.666016 0.734375 0.671875 0.734375 0.673828 0.736328 0.673828 0.738281 0.675781 0.740234
0 0.367188 0.742188 0.367188 0.746094 0.363281 0.746094 0.361328 0.744141 0.365234 0.740234
0 0.681641 0.746094 0.679688 0.746094 0.677734 0.748047 0.673828 0.748047 0.671875 0.746094 0.671875 0.740234 0.673828 0.738281 0.677734 0.738281 0.679688 0.740234 0.681641 0.740234
0 0.687500 0.746094 0.685547 0.746094 0.683594 0.748047 0.679688 0.748047 0.677734 0.746094 0.677734 0.740234 0.679688 0.738281 0.683594 0.738281 0.685547 0.740234 0.687500 0.740234
0 0.730469 0.751953 0.728516 0.751953 0.726562 0.753906 0.722656 0.753906 0.720703 0.751953 0.720703 0.746094 0.722656 0.744141 0.726562 0.744141 0.728516 0.746094 0.730469 0.746094
0 0.755859 0.751953 0.753906 0.751953 0.751953 0.753906 0.748047 0.753906 0.746094 0.751953 0.746094 0.746094 0.748047 0.744141 0.751953 0.744141 0.753906 0.746094 0.755859 0.746094
0 0.275391 0.753906 0.273438 0.753906 0.271484 0.755859 0.267578 0.755859 0.265625 0.753906 0.265625 0.748047 0.267578 0.746094 0.271484 0.746094 0.273438 0.748047 0.275391 0.748047
0 0.607422 0.753906 0.605469 0.753906 0.603516 0.755859 0.599609 0.755859 0.597656 0.753906 0.597656 0.748047 0.599609 0.746094 0.603516 0.746094 0.605469 0.748047 0.607422 0.748047
0 0.998047 0.748047 0.998047 0.753906 0.996094 0.753906 0.994141 0.751953
0 0.992188 0.753906 0.992188 0.757812 0.988281 0.757812 0.986328 0.755859 0.990234 0.751953
0 0.164062 0.757812 0.162109 0.759766 0.162109 0.761719 0.160156 0.763672 0.154297 0.763672 0.152344 0.761719 0.152344 0.759766 0.150391 0.757812 0.150391 0.755859 0.152344 0.753906 0.152344 0.751953 0.154297 0.750000 0.160156 0.750000 0.162109 0.751953 0.162109 0.753906 0.164062 0.755859
0 0.736328 0.757812 0.736328 0.761719 0.732422 0.761719 0.730469 0.759766 0.734375 0.755859
0 0.746094 0.757812 0.746094 0.761719 0.742188 0.761719 0.740234 0.759766 0.744141 0.755859
0 0.263672 0.769531 0.261719 0.769531 0.259766 0.771484 0.250000 0.771484 0.244141 0.765625 0.244141 0.755859 0.246094 0.753906 0.248047 0.753906 0.248047 0.751953 0.250000 0.750000 0.259766 0.750000 0.265625 0.755859 0.265625 0.765625 0.263672 0.767578
0 0.994141 0.761719 0.994141 0.765625 0.990234 0.765625 0.988281 0.763672 0.992188 0.759766
0 0.503906 0.763672 0.503906 0.767578 0.500000 0.767578 0.498047 0.765625 0.501953 0.761719
0 0.253906 0.775391 0.251953 0.775391 0.250000 0.777344 0.240234 0.777344 0.234375 0.771484 0.234375 0.761719 0.236328 0.759766 0.238281 0.759766 0.238281 0.757812 0.240234 0.755859 0.250000 0.755859 0.255859 0.761719 0.255859 0.771484 0.253906 0.773438
0 0.236328 0.777344 0.234375 0.777344 0.232422 0.779297 0.222656 0.779297 0.216797 0.773438 0.216797 0.763672 0.218750 0.761719 0.220703 0.761719 0.220703 0.759766 0.222656 0.757812 0.232422 0.757812 0.238281 0.763672 0.238281 0.773438 0.236328 0.775391
0 0.308594 0.771484 0.308594 0.775391 0.304688 0.775391 0.302734 0.773438 0.306641 0.769531
0 0.316406 0.771484 0.316406 0.775391 0.312500 0.775391 0.310547 0.773438 0.314453 0.769531
0 0.525391 0.775391 0.523438 0.775391 0.521484 0.777344 0.517578 0.777344 0.515625 0.775391 0.515625 0.769531 0.517578 0.767578 0.521484 0.767578 0.523438 0.769531 0.525391 0.769531
0 0.849609 0.775391 0.847656 0.775391 0.845703 0.777344 0.841797 0.777344 0.839844 0.775391 0.839844 0.769531 0.841797 0.767578 0.845703 0.767578 0.847656 0.769531 0.849609 0.769531
0 0.955078 0.773438 0.955078 0.777344 0.951172 0.777344 0.949219 0.775391 0.953125 0.771484
0 0.966797 0.779297 0.964844 0.779297 0.962891 0.781250 0.958984 0.781250 0.957031 0.779297 0.957031 0.773438 0.958984 0.771484 0.962891 0.771484 0.964844 0.773438 0.966797 0.773438
0 0.253906 0.781250 0.251953 0.781250 0.250000 0.783203 0.246094 0.783203 0.244141 0.781250 0.244141 0.775391 0.246094 0.773438 0.250000 0.773438 0.251953 0.775391 0.253906 0.775391
0 0.513672 0.779297 0.513672 0.783203 0.509766 0.783203 0.507812 0.781250 0.511719 0.777344
0 0.533203 0.783203 0.531250 0.783203 0.529297 0.785156 0.525391 0.785156 0.523438 0.783203 0.523438 0.777344 0.525391 0.775391 0.529297 0.775391 0.531250 0.777344 0.533203 0.777344
0 0.947266 0.783203 0.945312 0.783203 0.943359 0.785156 0.939453 0.785156 0.937500 0.783203 0.937500 0.777344 0.939453 0.775391 0.943359 0.775391 0.945312 0.777344 0.947266 0.777344
0 0.169922 0.783203 0.167969 0.785156 0.167969 0.787109 0.166016 0.789062 0.160156 0.789062 0.158203 0.787109 0.158203 0.785156 0.156250 0.783203 0.156250 0.781250 0.158203 0.779297 0.158203 0.777344 0.160156 0.775391 0.166016 0.775391 0.167969 0.777344 0.167969 0.779297 0.169922 0.781250
0 0.966797 0.781250 0.966797 0.785156 0.962891 0.785156 0.960938 0.783203 0.964844 0.779297
0 0.216797 0.785156 0.214844 0.787109 0.214844 0.789062 0.212891 0.791016 0.207031 0.791016 0.205078 0.789062 0.205078 0.787109 0.203125 0.785156 0.203125 0.783203 0.205078 0.781250 0.205078 0.779297 0.207031 0.777344 0.212891 0.777344 0.214844 0.779297 0.214844 0.781250 0.216797 0.783203
0 0.304688 0.783203 0.304688 0.787109 0.300781 0.787109 0.298828 0.785156 0.302734 0.781250
0 0.519531 0.785156 0.519531 0.789062 0.515625 0.789062 0.513672 0.787109 0.517578 0.783203
0 0.255859 0.791016 0.253906 0.791016 0.251953 0.792969 0.248047 0.792969 0.246094 0.791016 0.246094 0.785156 0.248047 0.783203 0.251953 0.783203 0.253906 0.785156 0.255859 0.785156
0 0.832031 0.789062 0.830078 0.791016 0.830078 0.792969 0.828125 0.794922 0.822266 0.794922 0.820312 0.792969 0.820312 0.791016 0.818359 0.789062 0.818359 0.787109 0.820312 0.785156 0.820312 0.783203 0.822266 0.781250 0.828125 0.781250 0.830078 0.783203 0.830078 0.785156 0.832031 0.787109
0 0.273438 0.794922 0.271484 0.794922 0.269531 0.796875 0.265625 0.796875 0.263672 0.794922 0.263672 0.789062 0.265625 0.787109 0.269531 0.787109 0.271484 0.789062 0.273438 0.789062
0 0.322266 0.792969 0.320312 0.794922 0.320312 0.796875 0.318359 0.798828 0.312500 0.798828 0.310547 0.796875 0.310547 0.794922 0.308594 0.792969 0.308594 0.791016 0.310547 0.789062 0.310547 0.787109 0.312500 0.785156 0.318359 0.785156 0.320312 0.787109 0.320312 0.789062 0.322266 0.791016
0 0.945312 0.794922 0.943359 0.794922 0.941406 0.796875 0.937500 0.796875 0.935547 0.794922 0.935547 0.789062 0.937500 0.787109 0.941406 0.787109 0.943359 0.789062 0.945312 0.789062
0 0.812500 0.792969 0.812500 0.796875 0.808594 0.796875 0.806641 0.794922 0.810547 0.791016
0 0.310547 0.798828 0.308594 0.798828 0.306641 0.800781 0.302734 0.800781 0.300781 0.798828 0.300781 0.792969 0.302734 0.791016 0.306641 0.791016 0.308594 0.792969 0.310547 0.792969
0 0.970703 0.798828 0.968750 0.798828 0.966797 0.800781 0.962891 0.800781 0.960938 0.798828 0.960938 0.792969 0.962891 0.791016 0.966797 0.791016 0.968750 0.792969 0.970703 0.792969
0 0.462891 0.802734 0.460938 0.804688 0.460938 0.806641 0.458984 0.808594 0.453125 0.808594 0.451172 0.806641 0.451172 0.804688 0.449219 0.802734 0.449219 0.800781 0.451172 0.798828 0.451172 0.796875 0.453125 0.794922 0.458984 0.794922 0.460938 0.796875 0.460938 0.798828 0.462891 0.800781
0 0.966797 0.804688 0.964844 0.804688 0.962891 0.806641 0.958984 0.806641 0.957031 0.804688 0.957031 0.798828 0.958984 0.796875 0.962891 0.796875 0.964844 0.798828 0.966797 0.798828
0 0.326172 0.806641 0.324219 0.806641 0.322266 0.808594 0.318359 0.808594 0.316406 0.806641 0.316406 0.800781 0.318359 0.798828 0.322266 0.798828 0.324219 0.800781 0.326172 0.800781
0 0.847656 0.806641 0.841797 0.812500 0.835938 0.812500 0.830078 0.806641 0.830078 0.800781 0.835938 0.794922 0.841797 0.794922 0.847656 0.800781
0 0.302734 0.808594 0.300781 0.808594 0.298828 0.810547 0.294922 0.810547 0.292969 0.808594 0.292969 0.802734 0.294922 0.800781 0.298828 0.800781 0.300781 0.802734 0.302734 0.802734
0 0.488281 0.808594 0.486328 0.808594 0.484375 0.810547 0.480469 0.810547 0.478516 0.808594 0.478516 0.802734 0.480469 0.800781 0.484375 0.800781 0.486328 0.802734 0.488281 0.802734
0 0.736328 0.808594 0.734375 0.808594 0.732422 0.810547 0.728516 0.810547 0.726562 0.808594 0.726562 0.802734 0.728516 0.800781 0.732422 0.800781 0.734375 0.802734 0.736328 0.802734
0 0.156250 0.816406 0.154297 0.816406 0.152344 0.818359 0.148438 0.818359 0.146484 0.816406 0.146484 0.810547 0.148438 0.808594 0.152344 0.808594 0.154297 0.810547 0.156250 0.810547
0 0.865234 0.816406 0.863281 0.818359 0.863281 0.820312 0.861328 0.822266 0.855469 0.822266 0.853516 0.820312 0.853516 0.818359 0.851562 0.816406 0.851562 0.814453 0.853516 0.812500 0.853516 0.810547 0.855469 0.808594 0.861328 0.808594 0.863281 0.810547 0.863281 0.812500 0.865234 0.814453
0 0.574219 0.816406 0.574219 0.820312 0.570312 0.820312 0.568359 0.818359 0.572266 0.814453
0 0.751953 0.822266 0.750000 0.822266 0.748047 0.824219 0.744141 0.824219 0.742188 0.822266 0.742188 0.816406 0.744141 0.814453 0.748047 0.814453 0.750000 0.816406 0.751953 0.816406
0 0.488281 0.824219 0.486328 0.824219 0.484375 0.826172 0.480469 0.826172 0.478516 0.824219 0.478516 0.818359 0.480469 0.816406 0.484375 0.816406 0.486328 0.818359 0.488281 0.818359
0 0.441406 0.826172 0.439453 0.826172 0.437500 0.828125 0.433594 0.828125 0.431641 0.826172 0.431641 0.820312 0.433594 0.818359 0.437500 0.818359 0.439453 0.820312 0.441406 0.820312
0 0.730469 0.826172 0.728516 0.826172 0.726562 0.828125 0.722656 0.828125 0.720703 0.826172 0.720703 0.820312 0.722656 0.818359 0.726562 0.818359 0.728516 0.820312 0.730469 0.820312
0 0.875000 0.822266 0.875000 0.826172 0.871094 0.826172 0.869141 0.824219 0.873047 0.820312
0 0.320312 0.830078 0.318359 0.830078 0.316406 0.832031 0.312500 0.832031 0.310547 0.830078 0.310547 0.824219 0.312500 0.822266 0.316406 0.822266 0.318359 0.824219 0.320312 0.824219
0 0.744141 0.830078 0.742188 0.830078 0.740234 0.832031 0.736328 0.832031 0.734375 0.830078 0.734375 0.824219 0.736328 0.822266 0.740234 0.822266 0.742188 0.824219 0.744141 0.824219
0 0.791016 0.830078 0.785156 0.835938 0.779297 0.835938 0.773438 0.830078 0.773438 0.824219 0.779297 0.818359 0.785156 0.818359 0.791016 0.824219
0 0.292969 0.832031 0.291016 0.832031 0.289062 0.833984 0.285156 0.833984 0.283203 0.832031 0.283203 0.826172 0.285156 0.824219 0.289062 0.824219 0.291016 0.826172 0.292969 0.826172
0 0.580078 0.832031 0.578125 0.832031 0.576172 0.833984 0.572266 0.833984 0.570312 0.832031 0.570312 0.826172 0.572266 0.824219 0.576172 0.824219 0.578125 0.826172 0.580078 0.826172
0 0.443359 0.833984 0.441406 0.833984 0.439453 0.835938 0.435547 0.835938 0.433594 0.833984 0.433594 0.828125 0.435547 0.826172 0.439453 0.826172 0.441406 0.828125 0.443359 0.828125
0 0.638672 0.833984 0.636719 0.833984 0.634766 0.835938 0.630859 0.835938 0.628906 0.833984 0.628906 0.828125 0.630859 0.826172 0.634766 0.826172 0.636719 0.828125 0.638672 0.828125
0 0.160156 0.837891 0.154297 0.843750 0.148438 0.843750 0.142578 0.837891 0.142578 0.832031 0.148438 0.826172 0.154297 0.826172 0.160156 0.832031
0 0.462891 0.837891 0.460938 0.837891 0.458984 0.839844 0.455078 0.839844 0.453125 0.837891 0.453125 0.832031 0.455078 0.830078 0.458984 0.830078 0.460938 0.832031 0.462891 0.832031
0 0.839844 0.835938 0.837891 0.837891 0.837891 0.839844 0.835938 0.841797 0.830078 0.841797 0.828125 0.839844 0.828125 0.837891 0.826172 0.835938 0.826172 0.833984 0.828125 0.832031 0.828125 0.830078 0.830078 0.828125 0.835938 0.828125 0.837891 0.830078 0.837891 0.832031 0.839844 0.833984
0 0.863281 0.835938 0.861328 0.837891 0.861328 0.839844 0.859375 0.841797 0.853516 0.841797 0.851562 0.839844 0.851562 0.837891 0.849609 0.835938 0.849609 0.833984 0.851562 0.832031 0.851562 0.830078 0.853516 0.828125 0.859375 0.828125 0.861328 0.830078 0.861328 0.832031 0.863281 0.833984
0 0.486328 0.845703 0.484375 0.845703 0.482422 0.847656 0.472656 0.847656 0.466797 0.841797 0.466797 0.832031 0.468750 0.830078 0.470703 0.830078 0.470703 0.828125 0.472656 0.826172 0.482422 0.826172 0.488281 0.832031 0.488281 0.841797 0.486328 0.843750
0 0.689453 0.841797 0.687500 0.843750 0.687500 0.845703 0.685547 0.847656 0.679688 0.847656 0.677734 0.845703 0.677734 0.843750 0.675781 0.841797 0.675781 0.839844 0.677734 0.837891 0.677734 0.835938 0.679688 0.833984 0.685547 0.833984 0.687500 0.835938 0.687500 0.837891 0.689453 0.839844
0 0.222656 0.851562 0.220703 0.851562 0.218750 0.853516 0.208984 0.853516 0.203125 0.847656 0.203125 0.837891 0.205078 0.835938 0.207031 0.835938 0.207031 0.833984 0.208984 0.832031 0.218750 0.832031 0.224609 0.837891 0.224609 0.847656 0.222656 0.849609
0 0.490234 0.843750 0.490234 0.847656 0.486328 0.847656 0.484375 0.845703 0.488281 0.841797
0 0.580078 0.847656 0.578125 0.847656 0.576172 0.849609 0.572266 0.849609 0.570312 0.847656 0.570312 0.841797 0.572266 0.839844 0.576172 0.839844 0.578125 0.841797 0.580078 0.841797
0 0.349609 0.853516 0.347656 0.853516 0.345703 0.855469 0.341797 0.855469 0.339844 0.853516 0.339844 0.847656 0.341797 0.845703 0.345703 0.845703 0.347656 0.847656 0.349609 0.847656
0 0.634766 0.851562 0.632812 0.853516 0.632812 0.855469 0.630859 0.857422 0.625000 0.857422 0.623047 0.855469 0.623047 0.853516 0.621094 0.851562 0.621094 0.849609 0.623047 0.847656 0.623047 0.845703 0.625000 0.843750 0.630859 0.843750 0.632812 0.845703 0.632812 0.847656 0.634766 0.849609
0 0.812500 0.851562 0.810547 0.853516 0.810547 0.855469 0.808594 0.857422 0.802734 0.857422 0.800781 0.855469 0.800781 0.853516 0.798828 0.851562 0.798828 0.849609 0.800781 0.847656 0.800781 0.845703 0.802734 0.843750 0.808594 0.843750 0.810547 0.845703 0.810547 0.847656 0.812500 0.849609
0 0.673828 0.855469 0.671875 0.855469 0.669922 0.857422 0.666016 0.857422 0.664062 0.855469 0.664062 0.849609 0.666016 0.847656 0.669922 0.847656 0.671875 0.849609 0.673828 0.849609
0 0.505859 0.857422 0.503906 0.857422 0.501953 0.859375 0.498047 0.859375 0.496094 0.857422 0.496094 0.851562 0.498047 0.849609 0.501953 0.849609 0.503906 0.851562 0.505859 0.851562
0 0.162109 0.865234 0.160156 0.865234 0.158203 0.867188 0.148438 0.867188 0.142578 0.861328 0.142578 0.851562 0.144531 0.849609 0.146484 0.849609 0.146484 0.847656 0.148438 0.845703 0.158203 0.845703 0.164062 0.851562 0.164062 0.861328 0.162109 0.863281
0 0.253906 0.859375 0.251953 0.861328 0.251953 0.863281 0.250000 0.865234 0.244141 0.865234 0.242188 0.863281 0.242188 0.861328 0.240234 0.859375 0.240234 0.857422 0.242188 0.855469 0.242188 0.853516 0.244141 0.851562 0.250000 0.851562 0.251953 0.853516 0.251953 0.855469 0.253906 0.857422
0 0.369141 0.861328 0.367188 0.861328 0.365234 0.863281 0.361328 0.863281 0.359375 0.861328 0.359375 0.855469 0.361328 0.853516 0.365234 0.853516 0.367188 0.855469 0.369141 0.855469
0 0.236328 0.871094 0.234375 0.871094 0.232422 0.873047 0.222656 0.873047 0.216797 0.867188 0.216797 0.857422 0.218750 0.855469 0.220703 0.855469 0.220703 0.853516 0.222656 0.851562 0.232422 0.851562 0.238281 0.857422 0.238281 0.867188 0.236328 0.869141
0 0.785156 0.863281 0.783203 0.865234 0.783203 0.867188 0.781250 0.869141 0.775391 0.869141 0.773438 0.867188 0.773438 0.865234 0.771484 0.863281 0.771484 0.861328 0.773438 0.859375 0.773438 0.857422 0.775391 0.855469 0.781250 0.855469 0.783203 0.857422 0.783203 0.859375 0.785156 0.861328
0 0.275391 0.865234 0.273438 0.867188 0.273438 0.869141 0.271484 0.871094 0.265625 0.871094 0.263672 0.869141 0.263672 0.867188 0.261719 0.865234 0.261719 0.863281 0.263672 0.861328 0.263672 0.859375 0.265625 0.857422 0.271484 0.857422 0.273438 0.859375 0.273438 0.861328 0.275391 0.863281
0 0.335938 0.867188 0.333984 0.867188 0.332031 0.869141 0.328125 0.869141 0.326172 0.867188 0.326172 0.861328 0.328125 0.859375 0.332031 0.859375 0.333984 0.861328 0.335938 0.861328
0 0.574219 0.873047 0.572266 0.873047 0.570312 0.875000 0.560547 0.875000 0.554688 0.869141 0.554688 0.859375 0.556641 0.857422 0.558594 0.857422 0.558594 0.855469 0.560547 0.853516 0.570312 0.853516 0.576172 0.859375 0.576172 0.869141 0.574219 0.871094
0 0.664062 0.867188 0.662109 0.867188 0.660156 0.869141 0.656250 0.869141 0.654297 0.867188 0.654297 0.861328 0.656250 0.859375 0.660156 0.859375 0.662109 0.861328 0.664062 0.861328
0 0.294922 0.867188 0.292969 0.869141 0.292969 0.871094 0.291016 0.873047 0.285156 0.873047 0.283203 0.871094 0.283203 0.869141 0.281250 0.867188 0.281250 0.865234 0.283203 0.863281 0.283203 0.861328 0.285156 0.859375 0.291016 0.859375 0.292969 0.861328 0.292969 0.863281 0.294922 0.865234
0 0.806641 0.869141 0.804688 0.869141 0.802734 0.871094 0.798828 0.871094 0.796875 0.869141 0.796875 0.863281 0.798828 0.861328 0.802734 0.861328 0.804688 0.863281 0.806641 0.863281
0 0.236328 0.869141 0.234375 0.871094 0.234375 0.873047 0.232422 0.875000 0.226562 0.875000 0.224609 0.873047 0.224609 0.871094 0.222656 0.869141 0.222656 0.867188 0.224609 0.865234 0.224609 0.863281 0.226562 0.861328 0.232422 0.861328 0.234375 0.863281 0.234375 0.865234 0.236328 0.867188
0 0.417969 0.871094 0.417969 0.875000 0.414062 0.875000 0.412109 0.873047 0.416016 0.869141
0 0.562500 0.876953 0.560547 0.878906 0.560547 0.880859 0.558594 0.882812 0.552734 0.882812 0.550781 0.880859 0.550781 0.878906 0.548828 0.876953 0.548828 0.875000 0.550781 0.873047 0.550781 0.871094 0.552734 0.869141 0.558594 0.869141 0.560547 0.871094 0.560547 0.873047 0.562500 0.875000
0 0.628906 0.878906 0.626953 0.878906 0.625000 0.880859 0.621094 0.880859 0.619141 0.878906 0.619141 0.873047 0.621094 0.871094 0.625000 0.871094 0.626953 0.873047 0.628906 0.873047
0 0.425781 0.876953 0.425781 0.880859 0.421875 0.880859 0.419922 0.878906 0.423828 0.875000
0 0.437500 0.876953 0.437500 0.880859 0.433594 0.880859 0.431641 0.878906 0.435547 0.875000
0 0.341797 0.882812 0.339844 0.882812 0.337891 0.884766 0.333984 0.884766 0.332031 0.882812 0.332031 0.876953 0.333984 0.875000 0.337891 0.875000 0.339844 0.876953 0.341797 0.876953
0 0.416016 0.878906 0.416016 0.882812 0.412109 0.882812 0.410156 0.880859 0.414062 0.876953
0 0.166016 0.882812 0.164062 0.884766 0.164062 0.886719 0.162109 0.888672 0.156250 0.888672 0.154297 0.886719 0.154297 0.884766 0.152344 0.882812 0.152344 0.880859 0.154297 0.878906 0.154297 0.876953 0.156250 0.875000 0.162109 0.875000 0.164062 0.876953 0.164062 0.878906 0.166016 0.880859
0 0.365234 0.884766 0.363281 0.884766 0.361328 0.886719 0.357422 0.886719 0.355469 0.884766 0.355469 0.878906 0.357422 0.876953 0.361328 0.876953 0.363281 0.878906 0.365234 0.878906
0 0.878906 0.884766 0.878906 0.888672 0.875000 0.888672 0.873047 0.886719 0.876953 0.882812
0 0.648438 0.892578 0.646484 0.894531 0.646484 0.896484 0.644531 0.898438 0.638672 0.898438 0.636719 0.896484 0.636719 0.894531 0.634766 0.892578 0.634766 0.890625 0.636719 0.888672 0.636719 0.886719 0.638672 0.884766 0.644531 0.884766 0.646484 0.886719 0.646484 0.888672 0.648438 0.890625
0 0.822266 0.890625 0.822266 0.894531 0.818359 0.894531 0.816406 0.892578 0.820312 0.888672
0 0.837891 0.896484 0.835938 0.896484 0.833984 0.898438 0.830078 0.898438 0.828125 0.896484 0.828125 0.890625 0.830078 0.888672 0.833984 0.888672 0.835938 0.890625 0.837891 0.890625
0 0.888672 0.892578 0.888672 0.896484 0.884766 0.896484 0.882812 0.894531 0.886719 0.890625
0 0.312500 0.898438 0.306641 0.904297 0.300781 0.904297 0.294922 0.898438 0.294922 0.892578 0.300781 0.886719 0.306641 0.886719 0.312500 0.892578
0 0.673828 0.896484 0.671875 0.898438 0.671875 0.900391 0.669922 0.902344 0.664062 0.902344 0.662109 0.900391 0.662109 0.898438 0.660156 0.896484 0.660156 0.894531 0.662109 0.892578 0.662109 0.890625 0.664062 0.888672 0.669922 0.888672 0.671875 0.890625 0.671875 0.892578 0.673828 0.894531
0 0.376953 0.896484 0.376953 0.900391 0.373047 0.900391 0.371094 0.898438 0.375000 0.894531
0 0.390625 0.896484 0.390625 0.900391 0.386719 0.900391 0.384766 0.898438 0.388672 0.894531
0 0.564453 0.900391 0.558594 0.906250 0.552734 0.906250 0.546875 0.900391 0.546875 0.894531 0.552734 0.888672 0.558594 0.888672 0.564453 0.894531
0 0.875000 0.896484 0.875000 0.900391 0.871094 0.900391 0.869141 0.898438 0.873047 0.894531
0 0.882812 0.898438 0.882812 0.902344 0.878906 0.902344 0.876953 0.900391 0.880859 0.896484
0 0.384766 0.900391 0.384766 0.904297 0.380859 0.904297 0.378906 0.902344 0.382812 0.898438
0 0.404297 0.916016 0.402344 0.916016 0.400391 0.917969 0.390625 0.917969 0.384766 0.912109 0.384766 0.902344 0.386719 0.900391 0.388672 0.900391 0.388672 0.898438 0.390625 0.896484 0.400391 0.896484 0.406250 0.902344 0.406250 0.912109 0.404297 0.914062
0 0.416016 0.910156 0.414062 0.910156 0.412109 0.912109 0.408203 0.912109 0.406250 0.910156 0.406250 0.904297 0.408203 0.902344 0.412109 0.902344 0.414062 0.904297 0.416016 0.904297
0 0.625000 0.912109 0.619141 0.917969 0.613281 0.917969 0.607422 0.912109 0.607422 0.906250 0.613281 0.900391 0.619141 0.900391 0.625000 0.906250
0 0.828125 0.912109 0.826172 0.912109 0.824219 0.914062 0.820312 0.914062 0.818359 0.912109 0.818359 0.906250 0.820312 0.904297 0.824219 0.904297 0.826172 0.906250 0.828125 0.906250
0 0.248047 0.919922 0.246094 0.919922 0.244141 0.921875 0.234375 0.921875 0.228516 0.916016 0.228516 0.906250 0.230469 0.904297 0.232422 0.904297 0.232422 0.902344 0.234375 0.900391 0.244141 0.900391 0.250000 0.906250 0.250000 0.916016 0.248047 0.917969
0 0.890625 0.919922 0.888672 0.919922 0.886719 0.921875 0.876953 0.921875 0.871094 0.916016 0.871094 0.906250 0.873047 0.904297 0.875000 0.904297 0.875000 0.902344 0.876953 0.900391 0.886719 0.900391 0.892578 0.906250 0.892578 0.916016 0.890625 0.917969
0 0.261719 0.923828 0.259766 0.923828 0.257812 0.925781 0.248047 0.925781 0.242188 0.919922 0.242188 0.910156 0.244141 0.908203 0.246094 0.908203 0.246094 0.906250 0.248047 0.904297 0.257812 0.904297 0.263672 0.910156 0.263672 0.919922 0.261719 0.921875
0 0.425781 0.917969 0.423828 0.917969 0.421875 0.919922 0.417969 0.919922 0.416016 0.917969 0.416016 0.912109 0.417969 0.910156 0.421875 0.910156 0.423828 0.912109 0.425781 0.912109
0 0.787109 0.917969 0.785156 0.917969 0.783203 0.919922 0.779297 0.919922 0.777344 0.917969 0.777344 0.912109 0.779297 0.910156 0.783203 0.910156 0.785156 0.912109 0.787109 0.912109
0 0.406250 0.919922 0.404297 0.919922 0.402344 0.921875 0.398438 0.921875 0.396484 0.919922 0.396484 0.914062 0.398438 0.912109 0.402344 0.912109 0.404297 0.914062 0.406250 0.914062
0 0.681641 0.919922 0.679688 0.919922 0.677734 0.921875 0.673828 0.921875 0.671875 0.919922 0.671875 0.914062 0.673828 0.912109 0.677734 0.912109 0.679688 0.914062 0.681641 0.914062
0 0.898438 0.916016 0.898438 0.919922 0.894531 0.919922 0.892578 0.917969 0.896484 0.914062
0 0.361328 0.917969 0.361328 0.921875 0.357422 0.921875 0.355469 0.919922 0.359375 0.916016
0 0.484375 0.921875 0.482422 0.921875 0.480469 0.923828 0.476562 0.923828 0.474609 0.921875 0.474609 0.916016 0.476562 0.914062 0.480469 0.914062 0.482422 0.916016 0.484375 0.916016
0 0.316406 0.921875 0.314453 0.923828 0.314453 0.925781 0.312500 0.927734 0.306641 0.927734 0.304688 0.925781 0.304688 0.923828 0.302734 0.921875 0.302734 0.919922 0.304688 0.917969 0.304688 0.916016 0.306641 0.914062 0.312500 0.914062 0.314453 0.916016 0.314453 0.917969 0.316406 0.919922
0 0.697266 0.923828 0.695312 0.923828 0.693359 0.925781 0.689453 0.925781 0.687500 0.923828 0.687500 0.917969 0.689453 0.916016 0.693359 0.916016 0.695312 0.917969 0.697266 0.917969
0 0.371094 0.921875 0.371094 0.925781 0.367188 0.925781 0.365234 0.923828 0.369141 0.919922
0 0.408203 0.925781 0.406250 0.925781 0.404297 0.927734 0.400391 0.927734 0.398438 0.925781 0.398438 0.919922 0.400391 0.917969 0.404297 0.917969 0.406250 0.919922 0.408203 0.919922
0 0.904297 0.921875 0.904297 0.925781 0.900391 0.925781 0.898438 0.923828 0.902344 0.919922
0 0.501953 0.927734 0.500000 0.927734 0.498047 0.929688 0.494141 0.929688 0.492188 0.927734 0.492188 0.921875 0.494141 0.919922 0.498047 0.919922 0.500000 0.921875 0.501953 0.921875
0 0.671875 0.927734 0.669922 0.927734 0.667969 0.929688 0.664062 0.929688 0.662109 0.927734 0.662109 0.921875 0.664062 0.919922 0.667969 0.919922 0.669922 0.921875 0.671875 0.921875
0 0.964844 0.927734 0.958984 0.933594 0.953125 0.933594 0.947266 0.927734 0.947266 0.921875 0.953125 0.916016 0.958984 0.916016 0.964844 0.921875
0 0.998047 0.933594 0.994141 0.933594 0.988281 0.927734 0.988281 0.921875 0.994141 0.916016 0.998047 0.916016
0 0.222656 0.927734 0.220703 0.929688 0.220703 0.931641 0.218750 0.933594 0.212891 0.933594 0.210938 0.931641 0.210938 0.929688 0.208984 0.927734 0.208984 0.925781 0.210938 0.923828 0.210938 0.921875 0.212891 0.919922 0.218750 0.919922 0.220703 0.921875 0.220703 0.923828 0.222656 0.925781
0 0.365234 0.925781 0.365234 0.929688 0.361328 0.929688 0.359375 0.927734 0.363281 0.923828
0 0.416016 0.925781 0.416016 0.929688 0.412109 0.929688 0.410156 0.927734 0.414062 0.923828
0 0.589844 0.935547 0.587891 0.935547 0.585938 0.937500 0.576172 0.937500 0.570312 0.931641 0.570312 0.921875 0.572266 0.919922 0.574219 0.919922 0.574219 0.917969 0.576172 0.916016 0.585938 0.916016 0.591797 0.921875 0.591797 0.931641 0.589844 0.933594
0 0.533203 0.931641 0.531250 0.931641 0.529297 0.933594 0.525391 0.933594 0.523438 0.931641 0.523438 0.925781 0.525391 0.923828 0.529297 0.923828 0.531250 0.925781 0.533203 0.925781
0 0.746094 0.931641 0.744141 0.931641 0.742188 0.933594 0.738281 0.933594 0.736328 0.931641 0.736328 0.925781 0.738281 0.923828 0.742188 0.923828 0.744141 0.925781 0.746094 0.925781
0 0.892578 0.931641 0.890625 0.933594 0.890625 0.935547 0.888672 0.937500 0.882812 0.937500 0.880859 0.935547 0.880859 0.933594 0.878906 0.931641 0.878906 0.929688 0.880859 0.927734 0.880859 0.925781 0.882812 0.923828 0.888672 0.923828 0.890625 0.925781 0.890625 0.927734 0.892578 0.929688
0 0.179688 0.933594 0.177734 0.935547 0.177734 0.937500 0.175781 0.939453 0.169922 0.939453 0.167969 0.937500 0.167969 0.935547 0.166016 0.933594 0.166016 0.931641 0.167969 0.929688 0.167969 0.927734 0.169922 0.925781 0.175781 0.925781 0.177734 0.927734 0.177734 0.929688 0.179688 0.931641
0 0.669922 0.933594 0.667969 0.935547 0.667969 0.937500 0.666016 0.939453 0.660156 0.939453 0.658203 0.937500 0.658203 0.935547 0.656250 0.933594 0.656250 0.931641 0.658203 0.929688 0.658203 0.927734 0.660156 0.925781 0.666016 0.925781 0.667969 0.927734 0.667969 0.929688 0.669922 0.931641
0 0.708984 0.935547 0.707031 0.937500 0.707031 0.939453 0.705078 0.941406 0.699219 0.941406 0.697266 0.939453 0.697266 0.937500 0.695312 0.935547 0.695312 0.933594 0.697266 0.931641 0.697266 0.929688 0.699219 0.927734 0.705078 0.927734 0.707031 0.929688 0.707031 0.931641 0.708984 0.933594
0 0.808594 0.935547 0.806641 0.937500 0.806641 0.939453 0.804688 0.941406 0.798828 0.941406 0.796875 0.939453 0.796875 0.937500 0.794922 0.935547 0.794922 0.933594 0.796875 0.931641 0.796875 0.929688 0.798828 0.927734 0.804688 0.927734 0.806641 0.929688 0.806641 0.931641 0.808594 0.933594
0 0.328125 0.939453 0.326172 0.939453 0.324219 0.941406 0.320312 0.941406 0.318359 0.939453 0.318359 0.933594 0.320312 0.931641 0.324219 0.931641 0.326172 0.933594 0.328125 0.933594
0 0.490234 0.939453 0.488281 0.939453 0.486328 0.941406 0.482422 0.941406 0.480469 0.939453 0.480469 0.933594 0.482422 0.931641 0.486328 0.931641 0.488281 0.933594 0.490234 0.933594
0 0.552734 0.937500 0.550781 0.939453 0.550781 0.941406 0.548828 0.943359 0.542969 0.943359 0.541016 0.941406 0.541016 0.939453 0.539062 0.937500 0.539062 0.935547 0.541016 0.933594 0.541016 0.931641 0.542969 0.929688 0.548828 0.929688 0.550781 0.931641 0.550781 0.933594 0.552734 0.935547
0 0.771484 0.945312 0.769531 0.945312 0.767578 0.947266 0.757812 0.947266 0.751953 0.941406 0.751953 0.931641 0.753906 0.929688 0.755859 0.929688 0.755859 0.927734 0.757812 0.925781 0.767578 0.925781 0.773438 0.931641 0.773438 0.941406 0.771484 0.943359
0 0.898438 0.937500 0.896484 0.939453 0.896484 0.941406 0.894531 0.943359 0.888672 0.943359 0.886719 0.941406 0.886719 0.939453 0.884766 0.937500 0.884766 0.935547 0.886719 0.933594 0.886719 0.931641 0.888672 0.929688 0.894531 0.929688 0.896484 0.931641 0.896484 0.933594 0.898438 0.935547
0 0.527344 0.943359 0.525391 0.943359 0.523438 0.945312 0.519531 0.945312 0.517578 0.943359 0.517578 0.937500 0.519531 0.935547 0.523438 0.935547 0.525391 0.937500 0.527344 0.937500
0 0.841797 0.943359 0.839844 0.943359 0.837891 0.945312 0.833984 0.945312 0.832031 0.943359 0.832031 0.937500 0.833984 0.935547 0.837891 0.935547 0.839844 0.937500 0.841797 0.937500
0 0.648438 0.953125 0.646484 0.953125 0.644531 0.955078 0.634766 0.955078 0.628906 0.949219 0.628906 0.939453 0.630859 0.937500 0.632812 0.937500 0.632812 0.935547 0.634766 0.933594 0.644531 0.933594 0.650391 0.939453 0.650391 0.949219 0.648438 0.951172
0 0.777344 0.947266 0.775391 0.947266 0.773438 0.949219 0.769531 0.949219 0.767578 0.947266 0.767578 0.941406 0.769531 0.939453 0.773438 0.939453 0.775391 0.941406 0.777344 0.941406
0 0.876953 0.947266 0.875000 0.947266 0.873047 0.949219 0.869141 0.949219 0.867188 0.947266 0.867188 0.941406 0.869141 0.939453 0.873047 0.939453 0.875000 0.941406 0.876953 0.941406
0 0.896484 0.947266 0.894531 0.947266 0.892578 0.949219 0.888672 0.949219 0.886719 0.947266 0.886719 0.941406 0.888672 0.939453 0.892578 0.939453 0.894531 0.941406 0.896484 0.941406
0 0.736328 0.949219 0.730469 0.955078 0.724609 0.955078 0.718750 0.949219 0.718750 0.943359 0.724609 0.937500 0.730469 0.937500 0.736328 0.943359
0 0.542969 0.951172 0.541016 0.951172 0.539062 0.953125 0.535156 0.953125 0.533203 0.951172 0.533203 0.945312 0.535156 0.943359 0.539062 0.943359 0.541016 0.945312 0.542969 0.945312
0 0.849609 0.947266 0.849609 0.951172 0.845703 0.951172 0.843750 0.949219 0.847656 0.945312
0 0.968750 0.957031 0.966797 0.957031 0.964844 0.958984 0.955078 0.958984 0.949219 0.953125 0.949219 0.943359 0.951172 0.941406 0.953125 0.941406 0.953125 0.939453 0.955078 0.937500 0.964844 0.937500 0.970703 0.943359 0.970703 0.953125 0.968750 0.955078
0 0.822266 0.953125 0.816406 0.958984 0.810547 0.958984 0.804688 0.953125 0.804688 0.947266 0.810547 0.941406 0.816406 0.941406 0.822266 0.947266
0 0.695312 0.955078 0.693359 0.955078 0.691406 0.957031 0.687500 0.957031 0.685547 0.955078 0.685547 0.949219 0.687500 0.947266 0.691406 0.947266 0.693359 0.949219 0.695312 0.949219
0 0.837891 0.958984 0.835938 0.958984 0.833984 0.960938 0.830078 0.960938 0.828125 0.958984 0.828125 0.953125 0.830078 0.951172 0.833984 0.951172 0.835938 0.953125 0.837891 0.953125
0 0.542969 0.966797 0.541016 0.966797 0.539062 0.968750 0.529297 0.968750 0.523438 0.962891 0.523438 0.953125 0.525391 0.951172 0.527344 0.951172 0.527344 0.949219 0.529297 0.947266 0.539062 0.947266 0.544922 0.953125 0.544922 0.962891 0.542969 0.964844
0 0.796875 0.958984 0.794922 0.960938 0.794922 0.962891 0.792969 0.964844 0.787109 0.964844 0.785156 0.962891 0.785156 0.960938 0.783203 0.958984 0.783203 0.957031 0.785156 0.955078 0.785156 0.953125 0.787109 0.951172 0.792969 0.951172 0.794922 0.953125 0.794922 0.955078 0.796875 0.957031
0 0.271484 0.968750 0.269531 0.968750 0.267578 0.970703 0.257812 0.970703 0.251953 0.964844 0.251953 0.955078 0.253906 0.953125 0.255859 0.953125 0.255859 0.951172 0.257812 0.949219 0.267578 0.949219 0.273438 0.955078 0.273438 0.964844 0.271484 0.966797
0 0.619141 0.966797 0.613281 0.972656 0.607422 0.972656 0.601562 0.966797 0.601562 0.960938 0.607422 0.955078 0.613281 0.955078 0.619141 0.960938
0 0.937500 0.966797 0.935547 0.966797 0.933594 0.968750 0.929688 0.968750 0.927734 0.966797 0.927734 0.960938 0.929688 0.958984 0.933594 0.958984 0.935547 0.960938 0.937500 0.960938
0 0.318359 0.970703 0.312500 0.976562 0.306641 0.976562 0.300781 0.970703 0.300781 0.964844 0.306641 0.958984 0.312500 0.958984 0.318359 0.964844
0 0.541016 0.970703 0.539062 0.970703 0.537109 0.972656 0.533203 0.972656 0.531250 0.970703 0.531250 0.964844 0.533203 0.962891 0.537109 0.962891 0.539062 0.964844 0.541016 0.964844
0 0.921875 0.966797 0.921875 0.970703 0.917969 0.970703 0.916016 0.968750 0.919922 0.964844
0 0.974609 0.976562 0.972656 0.976562 0.970703 0.978516 0.960938 0.978516 0.955078 0.972656 0.955078 0.962891 0.957031 0.960938 0.958984 0.960938 0.958984 0.958984 0.960938 0.957031 0.970703 0.957031 0.976562 0.962891 0.976562 0.972656 0.974609 0.974609
0 0.818359 0.972656 0.816406 0.972656 0.814453 0.974609 0.810547 0.974609 0.808594 0.972656 0.808594 0.966797 0.810547 0.964844 0.814453 0.964844 0.816406 0.966797 0.818359 0.966797
0 0.451172 0.974609 0.449219 0.974609 0.447266 0.976562 0.443359 0.976562 0.441406 0.974609 0.441406 0.968750 0.443359 0.966797 0.447266 0.966797 0.449219 0.968750 0.451172 0.968750
0 0.546875 0.974609 0.544922 0.974609 0.542969 0.976562 0.539062 0.976562 0.537109 0.974609 0.537109 0.968750 0.539062 0.966797 0.542969 0.966797 0.544922 0.968750 0.546875 0.968750
0 0.943359 0.974609 0.941406 0.974609 0.939453 0.976562 0.935547 0.976562 0.933594 0.974609 0.933594 0.968750 0.935547 0.966797 0.939453 0.966797 0.941406 0.968750 0.943359 0.968750
0 0.986328 0.974609 0.980469 0.980469 0.974609 0.980469 0.968750 0.974609 0.968750 0.968750 0.974609 0.962891 0.980469 0.962891 0.986328 0.968750
0 0.808594 0.978516 0.806641 0.978516 0.804688 0.980469 0.800781 0.980469 0.798828 0.978516 0.798828 0.972656 0.800781 0.970703 0.804688 0.970703 0.806641 0.972656 0.808594 0.972656
0 0.529297 0.980469 0.527344 0.980469 0.525391 0.982422 0.521484 0.982422 0.519531 0.980469 0.519531 0.974609 0.521484 0.972656 0.525391 0.972656 0.527344 0.974609 0.529297 0.974609
0 0.791016 0.980469 0.789062 0.980469 0.787109 0.982422 0.783203 0.982422 0.781250 0.980469 0.781250 0.974609 0.783203 0.972656 0.787109 0.972656 0.789062 0.974609 0.791016 0.974609
0 0.927734 0.976562 0.927734 0.980469 0.923828 0.980469 0.921875 0.978516 0.925781 0.974609
0 0.462891 0.982422 0.460938 0.982422 0.458984 0.984375 0.455078 0.984375 0.453125 0.982422 0.453125 0.976562 0.455078 0.974609 0.458984 0.974609 0.460938 0.976562 0.462891 0.976562
0 0.445312 0.980469 0.445312 0.984375 0.441406 0.984375 0.439453 0.982422 0.443359 0.978516
0 0.960938 0.990234 0.958984 0.990234 0.957031 0.992188 0.947266 0.992188 0.941406 0.986328 0.941406 0.976562 0.943359 0.974609 0.945312 0.974609 0.945312 0.972656 0.947266 0.970703 0.957031 0.970703 0.962891 0.976562 0.962891 0.986328 0.960938 0.988281
0 0.537109 0.988281 0.535156 0.988281 0.533203 0.990234 0.529297 0.990234 0.527344 0.988281 0.527344 0.982422 0.529297 0.980469 0.533203 0.980469 0.535156 0.982422 0.537109 0.982422
0 0.451172 0.986328 0.451172 0.990234 0.447266 0.990234 0.445312 0.988281 0.449219 0.984375
0 0.988281 0.990234 0.986328 0.990234 0.984375 0.992188 0.980469 0.992188 0.978516 0.990234 0.978516 0.984375 0.980469 0.982422 0.984375 0.982422 0.986328 0.984375 0.988281 0.984375
0 0.871094 0.992188 0.869141 0.992188 0.867188 0.994141 0.863281 0.994141 0.861328 0.992188 0.861328 0.986328 0.863281 0.984375 0.867188 0.984375 0.869141 0.986328 0.871094 0.986328
0 0.267578 0.998047 0.253906 0.998047 0.253906 0.996094 0.255859 0.994141 0.255859 0.992188 0.257812 0.990234 0.263672 0.990234 0.265625 0.992188 0.265625 0.994141 0.267578 0.996094
0 0.308594 0.998047 0.298828 0.998047 0.298828 0.994141 0.300781 0.992188 0.304688 0.992188 0.306641 0.994141 0.308594 0.994141
0 0.458984 0.998047 0.441406 0.998047 0.441406 0.994141 0.447266 0.988281 0.453125 0.988281 0.458984 0.994141
0 0.544922 0.998047 0.523438 0.998047 0.523438 0.992188 0.525391 0.990234 0.527344 0.990234 0.527344 0.988281 0.529297 0.986328 0.539062 0.986328 0.544922 0.992188
0 0.742188 0.996094 0.742188 0.998047 0.736328 0.998047 0.740234 0.994141
0 0.972656 0.996094 0.972656 0.998047 0.966797 0.998047 0.970703 0.994141
0 0.984375 0.998047 0.974609 0.998047 0.974609 0.994141 0.976562 0.992188 0.980469 0.992188 0.982422 0.994141 0.984375 0.994141
