0 0.951172 0.023438 0.947266 0.027344 0.947266 0.029297 0.949219 0.031250 0.955078 0.031250 0.957031 0.029297 0.957031 0.025391 0.955078 0.023438
0 0.824219 0.031250 0.822266 0.033203 0.822266 0.035156 0.824219 0.037109 0.828125 0.037109 0.828125 0.031250
0 0.818359 0.060547 0.818359 0.066406 0.820312 0.068359 0.822266 0.068359 0.824219 0.066406 0.824219 0.062500 0.822266 0.060547
1 0.003906 0.085938 0.000000 0.085938 0.000000 0.111328 0.001953 0.111328 0.005859 0.107422 0.005859 0.105469 0.009766 0.099609 0.009766 0.095703 0.007812 0.093750 0.007812 0.089844
0 0.714844 0.089844 0.714844 0.091797 0.716797 0.091797
0 0.398438 0.132812 0.396484 0.130859 0.394531 0.130859 0.392578 0.132812 0.392578 0.134766 0.396484 0.134766
0 0.501953 0.136719 0.500000 0.138672 0.498047 0.138672 0.496094 0.140625 0.496094 0.144531 0.498047 0.146484 0.503906 0.146484 0.505859 0.144531 0.505859 0.140625
0 0.777344 0.175781 0.777344 0.177734 0.781250 0.181641 0.787109 0.181641 0.789062 0.179688 0.787109 0.177734 0.787109 0.175781 0.785156 0.173828 0.779297 0.173828
0 0.996094 0.177734 0.992188 0.181641 0.992188 0.185547 0.996094 0.189453 0.998047 0.189453 0.998047 0.177734
0 0.720703 0.216797 0.720703 0.220703 0.724609 0.224609 0.736328 0.224609 0.740234 0.220703 0.740234 0.212891 0.738281 0.210938 0.724609 0.210938 0.724609 0.212891
0 0.707031 0.230469 0.705078 0.228516 0.703125 0.228516 0.701172 0.230469 0.701172 0.232422 0.705078 0.232422
0 0.902344 0.238281 0.900391 0.240234 0.900391 0.246094 0.902344 0.248047 0.902344 0.250000 0.908203 0.250000 0.910156 0.248047 0.910156 0.240234 0.908203 0.238281
0 0.626953 0.267578 0.625000 0.269531 0.625000 0.271484 0.628906 0.275391 0.630859 0.275391 0.632812 0.273438 0.632812 0.269531 0.630859 0.267578
0 0.916016 0.269531 0.912109 0.273438 0.912109 0.275391 0.914062 0.277344 0.912109 0.279297 0.914062 0.281250 0.914062 0.283203 0.917969 0.283203 0.923828 0.287109 0.925781 0.285156 0.927734 0.285156 0.929688 0.283203 0.929688 0.273438 0.925781 0.269531
0 0.785156 0.281250 0.783203 0.283203 0.783203 0.285156 0.787109 0.289062 0.791016 0.289062 0.792969 0.287109 0.792969 0.283203 0.791016 0.281250
0 0.724609 0.298828 0.720703 0.298828 0.720703 0.300781 0.722656 0.302734 0.724609 0.300781
0 0.476562 0.310547 0.476562 0.314453 0.478516 0.316406 0.480469 0.316406 0.482422 0.314453 0.482422 0.310547
0 0.333984 0.314453 0.330078 0.318359 0.330078 0.324219 0.332031 0.326172 0.332031 0.328125 0.335938 0.328125 0.337891 0.326172 0.339844 0.326172 0.339844 0.318359 0.337891 0.316406 0.335938 0.316406
0 0.343750 0.326172 0.345703 0.326172 0.347656 0.328125 0.353516 0.328125 0.355469 0.326172 0.357422 0.326172 0.357422 0.322266 0.355469 0.320312 0.355469 0.318359 0.353516 0.316406 0.349609 0.316406 0.345703 0.320312 0.345703 0.324219
0 0.708984 0.316406 0.707031 0.318359 0.708984 0.320312 0.710938 0.320312 0.712891 0.318359 0.710938 0.316406
0 0.765625 0.316406 0.757812 0.326172 0.757812 0.339844 0.759766 0.343750 0.765625 0.347656 0.767578 0.345703 0.777344 0.345703 0.783203 0.337891 0.783203 0.324219 0.777344 0.318359 0.773438 0.318359 0.771484 0.316406
0 0.572266 0.335938 0.570312 0.337891 0.570312 0.343750 0.572266 0.345703 0.578125 0.345703 0.580078 0.343750 0.580078 0.337891 0.578125 0.335938
0 0.714844 0.337891 0.714844 0.345703 0.726562 0.353516 0.730469 0.363281 0.732422 0.363281 0.734375 0.367188 0.744141 0.367188 0.748047 0.365234 0.753906 0.357422 0.748047 0.339844 0.738281 0.335938 0.736328 0.337891 0.734375 0.335938 0.730469 0.339844 0.726562 0.339844 0.722656 0.335938 0.716797 0.335938
0 0.919922 0.341797 0.919922 0.343750 0.917969 0.345703 0.917969 0.351562 0.921875 0.355469 0.923828 0.353516 0.927734 0.353516 0.929688 0.351562 0.929688 0.345703 0.927734 0.343750 0.925781 0.343750 0.923828 0.341797
0 0.957031 0.339844 0.955078 0.339844 0.951172 0.343750 0.951172 0.345703 0.953125 0.347656 0.957031 0.347656 0.958984 0.345703 0.958984 0.341797
0 0.880859 0.349609 0.876953 0.353516 0.875000 0.353516 0.875000 0.357422 0.873047 0.359375 0.878906 0.365234 0.884766 0.365234 0.886719 0.363281 0.888672 0.363281 0.888672 0.359375 0.890625 0.357422 0.888672 0.355469 0.888672 0.353516 0.886719 0.351562 0.884766 0.351562 0.882812 0.349609
0 0.699219 0.357422 0.697266 0.359375 0.699219 0.361328 0.701172 0.361328 0.701172 0.357422
0 0.847656 0.367188 0.843750 0.367188 0.839844 0.371094 0.841797 0.373047 0.841797 0.375000 0.843750 0.376953 0.845703 0.375000 0.847656 0.375000 0.849609 0.373047 0.849609 0.369141
0 0.623047 0.378906 0.623047 0.380859 0.621094 0.382812 0.621094 0.384766 0.623047 0.386719 0.625000 0.386719 0.626953 0.384766 0.626953 0.380859 0.625000 0.378906
0 0.634766 0.384766 0.628906 0.390625 0.628906 0.392578 0.626953 0.394531 0.626953 0.402344 0.628906 0.404297 0.628906 0.406250 0.632812 0.410156 0.638672 0.410156 0.642578 0.406250 0.644531 0.406250 0.644531 0.404297 0.648438 0.400391 0.648438 0.394531 0.646484 0.392578 0.646484 0.388672 0.644531 0.388672 0.640625 0.384766
1 0.761719 0.400391 0.763672 0.417969 0.771484 0.423828 0.783203 0.423828 0.792969 0.417969 0.796875 0.425781 0.800781 0.427734 0.804688 0.423828 0.812500 0.423828 0.820312 0.419922 0.822266 0.416016 0.820312 0.404297 0.808594 0.398438 0.798828 0.398438 0.794922 0.402344 0.789062 0.402344 0.781250 0.396484 0.767578 0.394531
0 0.890625 0.394531 0.888672 0.394531 0.886719 0.396484 0.888672 0.398438 0.888672 0.400391 0.890625 0.398438
0 0.679688 0.402344 0.675781 0.406250 0.675781 0.410156 0.681641 0.416016 0.683594 0.416016 0.687500 0.412109 0.687500 0.408203 0.685547 0.406250 0.685547 0.404297 0.683594 0.402344
0 0.941406 0.406250 0.939453 0.408203 0.939453 0.414062 0.941406 0.416016 0.945312 0.416016 0.947266 0.414062 0.947266 0.412109 0.949219 0.410156 0.945312 0.406250
0 0.845703 0.410156 0.843750 0.412109 0.843750 0.414062 0.845703 0.416016 0.847656 0.416016 0.849609 0.414062 0.849609 0.412109 0.847656 0.410156
0 0.873047 0.412109 0.871094 0.414062 0.865234 0.414062 0.861328 0.419922 0.861328 0.423828 0.863281 0.425781 0.863281 0.427734 0.867188 0.431641 0.873047 0.431641 0.875000 0.429688 0.876953 0.429688 0.880859 0.423828 0.880859 0.419922 0.878906 0.417969 0.878906 0.416016
0 0.611328 0.416016 0.611328 0.417969 0.609375 0.419922 0.609375 0.423828 0.611328 0.425781 0.617188 0.425781 0.621094 0.421875 0.619141 0.419922 0.619141 0.417969 0.617188 0.416016
0 0.507812 0.425781 0.505859 0.427734 0.505859 0.431641 0.507812 0.433594 0.509766 0.433594 0.511719 0.431641 0.511719 0.427734 0.509766 0.425781
1 0.373047 0.433594 0.373047 0.435547 0.371094 0.437500 0.373047 0.439453
0 0.943359 0.435547 0.943359 0.439453 0.947266 0.439453 0.947266 0.435547
0 0.720703 0.437500 0.718750 0.439453 0.718750 0.445312 0.724609 0.445312 0.726562 0.443359 0.726562 0.439453 0.724609 0.437500
0 0.513672 0.441406 0.511719 0.441406 0.509766 0.443359 0.509766 0.445312 0.513672 0.445312
0 0.892578 0.443359 0.890625 0.445312 0.890625 0.447266 0.892578 0.449219 0.890625 0.451172 0.892578 0.453125 0.896484 0.453125 0.898438 0.455078 0.902344 0.451172 0.902344 0.443359
0 0.826172 0.445312 0.824219 0.447266 0.826172 0.449219 0.828125 0.449219 0.828125 0.445312
0 0.652344 0.453125 0.650391 0.455078 0.652344 0.457031 0.654297 0.455078
0 0.820312 0.457031 0.818359 0.458984 0.818359 0.460938 0.820312 0.462891 0.822266 0.460938 0.822266 0.458984
0 0.843750 0.457031 0.843750 0.458984 0.847656 0.458984 0.847656 0.457031
0 0.865234 0.458984 0.863281 0.460938 0.859375 0.460938 0.855469 0.466797 0.855469 0.470703 0.857422 0.472656 0.857422 0.476562 0.861328 0.480469 0.869141 0.472656 0.869141 0.462891
0 0.626953 0.462891 0.626953 0.472656 0.630859 0.476562 0.632812 0.476562 0.634766 0.474609 0.636719 0.474609 0.638672 0.472656 0.638672 0.466797 0.634766 0.462891
0 0.738281 0.464844 0.736328 0.466797 0.738281 0.468750 0.742188 0.478516 0.746094 0.482422 0.751953 0.482422 0.759766 0.474609 0.759766 0.462891 0.757812 0.462891 0.755859 0.460938 0.748047 0.460938 0.744141 0.464844
0 0.939453 0.460938 0.937500 0.462891 0.937500 0.468750 0.941406 0.472656 0.943359 0.472656 0.947266 0.468750 0.947266 0.462891 0.945312 0.460938
0 0.376953 0.464844 0.375000 0.466797 0.375000 0.468750 0.376953 0.470703 0.378906 0.468750 0.378906 0.466797
1 0.373047 0.476562 0.373047 0.478516 0.375000 0.478516 0.376953 0.480469 0.376953 0.482422 0.375000 0.484375 0.375000 0.488281 0.373047 0.490234 0.373047 0.496094 0.371094 0.498047 0.371094 0.500000 0.369141 0.501953 0.371094 0.501953 0.373047 0.503906 0.378906 0.503906 0.382812 0.500000 0.382812 0.498047 0.380859 0.496094 0.382812 0.494141 0.380859 0.492188 0.376953 0.492188 0.375000 0.490234 0.375000 0.488281 0.376953 0.486328 0.380859 0.486328 0.380859 0.484375 0.382812 0.482422 0.382812 0.478516 0.380859 0.478516 0.378906 0.476562
0 0.775391 0.480469 0.773438 0.482422 0.775391 0.484375 0.775391 0.486328 0.779297 0.486328 0.779297 0.482422 0.777344 0.480469
0 0.619141 0.488281 0.615234 0.492188 0.615234 0.501953 0.619141 0.505859 0.621094 0.505859 0.623047 0.507812 0.625000 0.505859 0.626953 0.505859 0.630859 0.501953 0.630859 0.494141 0.625000 0.488281
0 0.642578 0.488281 0.640625 0.488281 0.638672 0.490234 0.638672 0.492188 0.642578 0.492188
0 0.947266 0.490234 0.945312 0.492188 0.945312 0.500000 0.949219 0.503906 0.953125 0.503906 0.955078 0.501953 0.957031 0.501953 0.958984 0.500000 0.958984 0.492188 0.957031 0.490234
0 0.894531 0.500000 0.892578 0.501953 0.892578 0.503906 0.894531 0.505859 0.896484 0.503906 0.896484 0.501953
0 0.716797 0.513672 0.714844 0.517578 0.716797 0.529297 0.710938 0.535156 0.710938 0.541016 0.714844 0.544922 0.722656 0.544922 0.726562 0.539062 0.734375 0.542969 0.742188 0.539062 0.748047 0.541016 0.753906 0.539062 0.753906 0.531250 0.744141 0.523438 0.742188 0.517578 0.736328 0.511719 0.724609 0.507812
0 0.818359 0.513672 0.818359 0.519531 0.820312 0.521484 0.820312 0.523438 0.822266 0.523438 0.826172 0.527344 0.832031 0.527344 0.837891 0.533203 0.843750 0.533203 0.847656 0.529297 0.847656 0.521484 0.843750 0.517578 0.839844 0.517578 0.833984 0.511719 0.832031 0.511719 0.830078 0.509766 0.822266 0.509766
0 0.875000 0.513672 0.875000 0.517578 0.876953 0.519531 0.876953 0.523438 0.878906 0.523438 0.880859 0.525391 0.882812 0.523438 0.886719 0.523438 0.886719 0.515625 0.884766 0.515625 0.880859 0.511719 0.878906 0.511719 0.876953 0.513672
0 0.654297 0.525391 0.654297 0.533203 0.660156 0.535156 0.666016 0.533203 0.677734 0.537109 0.679688 0.539062 0.677734 0.541016 0.677734 0.546875 0.683594 0.550781 0.691406 0.548828 0.697266 0.541016 0.697266 0.537109 0.691406 0.531250 0.689453 0.525391 0.681641 0.519531 0.673828 0.519531 0.667969 0.515625 0.662109 0.525391
0 0.978516 0.517578 0.970703 0.517578 0.964844 0.521484 0.964844 0.525391 0.966797 0.527344 0.966797 0.529297 0.970703 0.533203 0.974609 0.533203 0.982422 0.525391 0.982422 0.519531 0.980469 0.519531
0 0.603516 0.521484 0.601562 0.519531 0.599609 0.519531 0.597656 0.521484 0.597656 0.525391 0.601562 0.525391 0.603516 0.523438
0 0.371094 0.531250 0.369141 0.533203 0.371094 0.535156 0.373047 0.533203
0 0.599609 0.544922 0.601562 0.546875 0.601562 0.548828 0.605469 0.548828 0.607422 0.546875 0.609375 0.546875 0.609375 0.544922 0.605469 0.541016 0.603516 0.541016
0 0.654297 0.550781 0.654297 0.552734 0.652344 0.554688 0.652344 0.556641 0.654297 0.558594 0.658203 0.558594 0.660156 0.556641 0.660156 0.554688 0.656250 0.550781
0 0.392578 0.556641 0.390625 0.554688 0.388672 0.556641 0.388672 0.558594 0.390625 0.558594
1 0.777344 0.556641 0.769531 0.564453 0.769531 0.572266 0.773438 0.576172 0.783203 0.576172 0.787109 0.582031 0.787109 0.589844 0.789062 0.589844 0.791016 0.591797 0.800781 0.591797 0.802734 0.593750 0.802734 0.599609 0.808594 0.599609 0.810547 0.597656 0.810547 0.591797 0.804688 0.591797 0.802734 0.593750 0.800781 0.591797 0.800781 0.589844 0.804688 0.583984 0.804688 0.578125 0.798828 0.572266 0.794922 0.572266 0.792969 0.574219 0.791016 0.572266 0.789062 0.572266 0.785156 0.568359 0.785156 0.562500 0.781250 0.558594 0.779297 0.558594
0 0.564453 0.568359 0.564453 0.572266 0.568359 0.572266
0 0.632812 0.570312 0.630859 0.572266 0.630859 0.576172 0.632812 0.578125 0.636719 0.578125 0.638672 0.576172 0.638672 0.570312
0 0.539062 0.576172 0.541016 0.578125 0.539062 0.580078 0.539062 0.583984 0.541016 0.585938 0.546875 0.585938 0.546875 0.578125 0.544922 0.576172 0.542969 0.578125 0.541016 0.578125
0 0.666016 0.576172 0.660156 0.580078 0.660156 0.582031 0.658203 0.583984 0.658203 0.589844 0.662109 0.595703 0.669922 0.595703 0.671875 0.597656 0.675781 0.593750 0.673828 0.591797 0.673828 0.587891 0.671875 0.585938 0.671875 0.580078 0.667969 0.576172
0 0.730469 0.583984 0.726562 0.580078 0.716797 0.580078 0.716797 0.583984 0.712891 0.585938 0.708984 0.582031 0.710938 0.574219 0.707031 0.574219 0.695312 0.582031 0.693359 0.589844 0.699219 0.599609 0.710938 0.599609 0.718750 0.591797 0.726562 0.591797
0 0.580078 0.583984 0.578125 0.585938 0.578125 0.593750 0.582031 0.593750 0.583984 0.595703 0.585938 0.595703 0.585938 0.587891 0.582031 0.583984
0 0.814453 0.583984 0.812500 0.585938 0.814453 0.587891 0.816406 0.587891 0.816406 0.585938
0 0.351562 0.591797 0.355469 0.591797 0.357422 0.593750 0.357422 0.595703 0.359375 0.595703 0.361328 0.593750 0.361328 0.589844 0.359375 0.587891 0.357422 0.587891 0.353516 0.591797
0 0.625000 0.591797 0.621094 0.597656 0.621094 0.601562 0.625000 0.609375 0.632812 0.615234 0.630859 0.617188 0.640625 0.623047 0.654297 0.611328 0.654297 0.601562 0.646484 0.593750 0.638672 0.589844 0.630859 0.589844 0.628906 0.591797
0 0.888672 0.589844 0.886719 0.593750 0.886719 0.599609 0.884766 0.601562 0.886719 0.603516 0.884766 0.607422 0.884766 0.613281 0.886719 0.617188 0.890625 0.619141 0.896484 0.619141 0.904297 0.613281 0.904297 0.609375 0.906250 0.607422 0.904297 0.605469 0.904297 0.595703 0.900391 0.591797 0.896484 0.591797 0.894531 0.589844 0.890625 0.591797
0 0.849609 0.593750 0.845703 0.593750 0.843750 0.595703 0.843750 0.597656 0.845703 0.599609 0.847656 0.599609 0.851562 0.595703
0 0.689453 0.597656 0.685547 0.597656 0.683594 0.599609 0.683594 0.601562 0.685547 0.603516 0.687500 0.603516 0.689453 0.601562
0 0.822266 0.601562 0.820312 0.603516 0.822266 0.605469 0.824219 0.603516
0 0.466797 0.607422 0.464844 0.607422 0.462891 0.605469 0.458984 0.605469 0.457031 0.607422 0.455078 0.607422 0.453125 0.609375 0.451172 0.609375 0.451172 0.619141 0.453125 0.621094 0.458984 0.621094 0.460938 0.619141 0.464844 0.619141 0.464844 0.617188 0.466797 0.615234
0 0.693359 0.607422 0.689453 0.613281 0.695312 0.621094 0.685547 0.628906 0.683594 0.634766 0.687500 0.642578 0.693359 0.648438 0.701172 0.650391 0.708984 0.644531 0.710938 0.640625 0.710938 0.632812 0.708984 0.628906 0.699219 0.621094 0.701172 0.619141 0.701172 0.609375
0 0.482422 0.615234 0.482422 0.621094 0.484375 0.621094 0.486328 0.619141 0.486328 0.617188 0.484375 0.615234
0 0.761719 0.613281 0.753906 0.613281 0.751953 0.615234 0.750000 0.615234 0.746094 0.621094 0.746094 0.625000 0.753906 0.632812 0.755859 0.632812 0.767578 0.621094 0.767578 0.619141
0 0.843750 0.617188 0.841797 0.619141 0.839844 0.619141 0.839844 0.621094 0.841797 0.623047 0.843750 0.623047
0 0.441406 0.621094 0.439453 0.621094 0.437500 0.623047 0.437500 0.626953 0.439453 0.628906 0.441406 0.626953 0.443359 0.626953 0.443359 0.623047
1 0.824219 0.626953 0.822266 0.628906 0.822266 0.630859 0.828125 0.636719 0.828125 0.640625 0.830078 0.640625 0.832031 0.642578 0.832031 0.644531 0.832031 0.642578 0.835938 0.638672 0.833984 0.638672 0.830078 0.634766 0.828125 0.636719 0.826172 0.634766 0.826172 0.628906
1 0.916016 0.632812 0.914062 0.634766 0.917969 0.640625 0.917969 0.646484 0.919922 0.650391 0.925781 0.654297 0.927734 0.671875 0.929688 0.673828 0.937500 0.673828 0.941406 0.667969 0.941406 0.660156 0.943359 0.658203 0.941406 0.650391 0.931641 0.642578 0.931641 0.638672 0.925781 0.634766 0.917969 0.634766
0 0.976562 0.636719 0.972656 0.640625 0.972656 0.642578 0.976562 0.646484 0.978516 0.646484 0.982422 0.642578 0.982422 0.640625 0.978516 0.636719
0 0.859375 0.644531 0.857422 0.646484 0.855469 0.646484 0.853516 0.648438 0.851562 0.648438 0.849609 0.650391 0.849609 0.652344 0.851562 0.654297 0.851562 0.656250 0.855469 0.660156 0.859375 0.660156 0.863281 0.656250 0.863281 0.650391 0.859375 0.646484
0 0.898438 0.646484 0.894531 0.650391 0.894531 0.654297 0.896484 0.656250 0.894531 0.658203 0.896484 0.656250 0.900391 0.656250 0.902344 0.654297 0.902344 0.650391
1 0.744141 0.648438 0.738281 0.648438 0.732422 0.652344 0.732422 0.664062 0.738281 0.669922 0.734375 0.671875 0.728516 0.681641 0.732422 0.683594 0.730469 0.685547 0.736328 0.685547 0.740234 0.681641 0.740234 0.673828 0.742188 0.671875 0.744141 0.673828 0.748047 0.673828 0.751953 0.667969 0.751953 0.658203 0.750000 0.656250 0.750000 0.652344
0 0.908203 0.652344 0.906250 0.654297 0.906250 0.658203 0.910156 0.662109 0.912109 0.662109 0.914062 0.660156 0.914062 0.656250 0.916016 0.654297 0.914062 0.652344
1 0.771484 0.658203 0.771484 0.660156 0.773438 0.662109 0.777344 0.662109 0.779297 0.664062 0.779297 0.666016 0.781250 0.667969 0.781250 0.671875 0.783203 0.671875 0.785156 0.673828 0.787109 0.671875 0.789062 0.671875 0.791016 0.669922 0.789062 0.667969 0.791016 0.666016 0.802734 0.666016 0.804688 0.664062 0.804688 0.660156 0.800781 0.656250 0.794922 0.656250 0.792969 0.658203 0.792969 0.662109 0.791016 0.664062 0.789062 0.664062 0.785156 0.660156 0.781250 0.660156 0.779297 0.662109 0.777344 0.660156 0.777344 0.658203 0.775391 0.656250 0.773438 0.656250
0 0.712891 0.664062 0.708984 0.669922 0.712891 0.675781 0.712891 0.683594 0.716797 0.683594 0.716797 0.677734 0.722656 0.671875 0.722656 0.667969 0.718750 0.664062
1 0.824219 0.666016 0.818359 0.666016 0.816406 0.667969 0.816406 0.675781 0.814453 0.677734 0.814453 0.683594 0.812500 0.685547 0.810547 0.683594 0.808594 0.685547 0.806641 0.685547 0.804688 0.683594 0.802734 0.685547 0.800781 0.685547 0.800781 0.687500 0.798828 0.689453 0.798828 0.697266 0.800781 0.699219 0.802734 0.699219 0.808594 0.705078 0.812500 0.701172 0.812500 0.695312 0.814453 0.693359 0.812500 0.691406 0.812500 0.685547 0.814453 0.683594 0.818359 0.683594 0.820312 0.681641 0.820312 0.679688 0.824219 0.675781 0.826172 0.675781 0.828125 0.673828 0.828125 0.669922
0 0.845703 0.671875 0.843750 0.673828 0.843750 0.679688 0.847656 0.679688 0.849609 0.681641 0.851562 0.681641 0.855469 0.677734 0.855469 0.673828 0.853516 0.671875
0 0.597656 0.683594 0.597656 0.685547 0.599609 0.687500 0.601562 0.685547 0.603516 0.685547 0.601562 0.683594
1 0.400391 0.689453 0.398438 0.689453 0.396484 0.687500 0.392578 0.691406 0.390625 0.691406 0.392578 0.693359 0.390625 0.695312 0.390625 0.697266 0.392578 0.699219 0.386719 0.705078 0.380859 0.705078 0.378906 0.703125 0.373047 0.701172 0.369141 0.705078 0.369141 0.712891 0.371094 0.714844 0.371094 0.716797 0.376953 0.716797 0.382812 0.710938 0.386719 0.710938 0.388672 0.708984 0.388672 0.703125 0.390625 0.701172 0.398438 0.701172 0.402344 0.707031 0.404297 0.705078 0.404297 0.701172 0.400391 0.695312
0 0.636719 0.691406 0.634766 0.689453 0.632812 0.689453 0.630859 0.691406 0.630859 0.695312 0.634766 0.695312 0.636719 0.693359
0 0.681641 0.693359 0.681641 0.699219 0.683594 0.701172 0.689453 0.701172 0.693359 0.697266 0.695312 0.699219 0.697266 0.697266 0.701172 0.697266 0.701172 0.691406 0.699219 0.691406 0.697266 0.689453 0.695312 0.689453 0.693359 0.691406 0.691406 0.689453 0.687500 0.689453
0 0.835938 0.687500 0.833984 0.689453 0.833984 0.693359 0.837891 0.697266 0.841797 0.697266 0.845703 0.693359 0.845703 0.691406 0.841797 0.687500
0 0.531250 0.693359 0.529297 0.695312 0.531250 0.697266 0.533203 0.697266 0.533203 0.693359
0 0.898438 0.697266 0.894531 0.697266 0.890625 0.701172 0.886719 0.699219 0.882812 0.693359 0.876953 0.693359 0.867188 0.701172 0.867188 0.705078 0.863281 0.707031 0.863281 0.708984 0.869141 0.708984 0.873047 0.716797 0.880859 0.718750 0.882812 0.714844 0.886719 0.714844 0.888672 0.712891 0.892578 0.703125 0.898438 0.703125 0.900391 0.701172
0 0.841797 0.701172 0.839844 0.703125 0.837891 0.703125 0.833984 0.707031 0.833984 0.714844 0.837891 0.718750 0.839844 0.718750 0.841797 0.720703 0.843750 0.720703 0.849609 0.716797 0.849609 0.714844 0.851562 0.712891 0.851562 0.710938
0 0.597656 0.703125 0.595703 0.703125 0.593750 0.705078 0.593750 0.707031 0.595703 0.708984 0.597656 0.707031
0 0.677734 0.705078 0.675781 0.707031 0.675781 0.710938 0.681641 0.710938 0.681641 0.707031 0.679688 0.705078
0 0.755859 0.705078 0.753906 0.707031 0.755859 0.708984 0.755859 0.710938 0.757812 0.712891 0.761719 0.712891 0.763672 0.710938 0.763672 0.707031 0.761719 0.705078
0 0.791016 0.707031 0.787109 0.710938 0.787109 0.712891 0.785156 0.714844 0.785156 0.716797 0.787109 0.718750 0.787109 0.720703 0.789062 0.722656 0.796875 0.722656 0.798828 0.720703 0.798828 0.714844 0.800781 0.712891 0.800781 0.710938 0.798828 0.710938 0.796875 0.708984 0.796875 0.707031
0 0.583984 0.712891 0.582031 0.714844 0.582031 0.724609 0.583984 0.726562 0.583984 0.732422 0.587891 0.736328 0.591797 0.736328 0.597656 0.732422 0.597656 0.730469 0.599609 0.728516 0.599609 0.722656 0.597656 0.720703 0.597656 0.718750 0.591797 0.712891
0 0.732422 0.710938 0.728516 0.714844 0.728516 0.716797 0.726562 0.718750 0.728516 0.720703 0.728516 0.724609 0.738281 0.724609 0.742188 0.720703 0.742188 0.714844 0.740234 0.712891 0.738281 0.712891 0.736328 0.710938
0 0.701172 0.718750 0.699219 0.720703 0.695312 0.720703 0.693359 0.722656 0.691406 0.722656 0.687500 0.726562 0.687500 0.728516 0.689453 0.730469 0.689453 0.734375 0.691406 0.734375 0.693359 0.736328 0.701172 0.736328 0.705078 0.732422 0.705078 0.724609 0.701172 0.720703
0 0.894531 0.720703 0.894531 0.722656 0.892578 0.724609 0.890625 0.724609 0.890625 0.726562 0.892578 0.726562 0.894531 0.728516 0.896484 0.728516 0.898438 0.726562 0.898438 0.722656 0.896484 0.720703
0 0.539062 0.722656 0.539062 0.724609 0.537109 0.726562 0.539062 0.728516 0.541016 0.728516 0.542969 0.726562 0.542969 0.724609 0.541016 0.722656
0 0.625000 0.730469 0.621094 0.734375 0.621094 0.740234 0.623047 0.742188 0.625000 0.742188 0.626953 0.744141 0.630859 0.744141 0.632812 0.742188 0.632812 0.734375 0.628906 0.730469
0 0.910156 0.732422 0.908203 0.730469 0.906250 0.732422
0 0.449219 0.736328 0.447266 0.738281 0.447266 0.740234 0.449219 0.742188 0.451172 0.742188 0.453125 0.740234 0.453125 0.738281 0.451172 0.736328
1 0.748047 0.736328 0.748047 0.738281 0.750000 0.738281 0.751953 0.740234 0.753906 0.738281 0.751953 0.736328 0.750000 0.738281
0 0.826172 0.736328 0.824219 0.738281 0.824219 0.744141 0.826172 0.746094 0.830078 0.746094 0.830078 0.744141 0.832031 0.742188 0.832031 0.740234 0.830078 0.738281 0.830078 0.736328
0 0.677734 0.744141 0.673828 0.740234 0.671875 0.740234 0.669922 0.738281 0.667969 0.740234 0.664062 0.740234 0.660156 0.744141 0.660156 0.750000 0.664062 0.753906 0.666016 0.753906 0.667969 0.751953 0.675781 0.751953 0.677734 0.750000
0 0.849609 0.738281 0.849609 0.740234 0.853516 0.744141 0.855469 0.744141 0.855469 0.740234 0.853516 0.738281
0 0.890625 0.740234 0.888672 0.740234 0.886719 0.742188 0.888672 0.744141 0.888672 0.746094 0.890625 0.744141 0.892578 0.744141 0.892578 0.742188
0 0.935547 0.738281 0.933594 0.740234 0.935547 0.742188 0.937500 0.742188 0.937500 0.738281
0 0.960938 0.738281 0.958984 0.740234 0.958984 0.742188 0.960938 0.744141 0.962891 0.744141 0.964844 0.742188 0.964844 0.740234 0.962891 0.738281
0 0.601562 0.746094 0.601562 0.748047 0.607422 0.748047 0.607422 0.746094 0.605469 0.744141 0.603516 0.744141
0 0.623047 0.748047 0.621094 0.748047 0.619141 0.746094 0.617188 0.746094 0.615234 0.748047 0.615234 0.751953 0.619141 0.751953 0.619141 0.750000 0.621094 0.748047
0 0.640625 0.750000 0.638672 0.751953 0.638672 0.755859 0.640625 0.757812 0.638672 0.759766 0.638672 0.763672 0.644531 0.769531 0.646484 0.767578 0.652344 0.765625 0.656250 0.759766 0.654297 0.757812 0.654297 0.755859 0.650391 0.751953 0.644531 0.751953 0.642578 0.750000
1 0.777344 0.750000 0.779297 0.751953 0.775391 0.753906 0.775391 0.759766 0.779297 0.765625 0.779297 0.771484 0.783203 0.773438 0.787109 0.781250 0.792969 0.781250 0.796875 0.779297 0.794922 0.777344 0.796875 0.773438 0.794922 0.769531 0.794922 0.763672 0.792969 0.761719 0.791016 0.763672 0.787109 0.763672 0.783203 0.759766 0.783203 0.753906
0 0.289062 0.755859 0.287109 0.757812 0.287109 0.761719 0.289062 0.763672 0.292969 0.763672 0.292969 0.761719 0.294922 0.759766 0.294922 0.757812 0.292969 0.755859
0 0.898438 0.757812 0.896484 0.755859 0.894531 0.755859 0.892578 0.757812 0.892578 0.759766 0.896484 0.759766
0 0.908203 0.755859 0.904297 0.759766 0.904297 0.769531 0.906250 0.771484 0.906250 0.773438 0.908203 0.773438 0.910156 0.775391 0.914062 0.775391 0.916016 0.777344 0.919922 0.777344 0.919922 0.775391 0.923828 0.771484 0.923828 0.761719 0.919922 0.757812 0.917969 0.757812 0.916016 0.755859
0 0.632812 0.771484 0.623047 0.759766 0.619141 0.759766 0.611328 0.767578 0.601562 0.769531 0.595703 0.777344 0.593750 0.775391 0.595703 0.777344 0.593750 0.781250 0.603516 0.789062 0.611328 0.789062 0.617188 0.785156 0.619141 0.779297 0.623047 0.779297 0.626953 0.783203 0.632812 0.781250
0 0.753906 0.757812 0.751953 0.759766 0.751953 0.763672 0.748047 0.767578 0.748047 0.771484 0.750000 0.769531 0.759766 0.779297 0.765625 0.779297 0.767578 0.777344 0.769531 0.777344 0.773438 0.771484 0.773438 0.767578 0.771484 0.765625 0.771484 0.763672 0.769531 0.761719 0.765625 0.761719 0.761719 0.757812
0 0.826172 0.763672 0.824219 0.761719 0.822266 0.761719 0.820312 0.759766 0.816406 0.763672 0.808594 0.763672 0.808594 0.765625 0.810547 0.767578 0.812500 0.767578 0.814453 0.769531 0.818359 0.769531 0.820312 0.771484 0.822266 0.769531 0.822266 0.767578
0 0.841797 0.757812 0.839844 0.759766 0.839844 0.761719 0.841797 0.763672 0.843750 0.763672 0.845703 0.761719
0 0.386719 0.765625 0.384766 0.767578 0.384766 0.769531 0.386719 0.771484 0.388672 0.769531 0.388672 0.767578
1 0.996094 0.769531 0.992188 0.769531 0.990234 0.771484 0.988281 0.771484 0.986328 0.773438 0.984375 0.773438 0.984375 0.777344 0.986328 0.779297 0.988281 0.779297 0.988281 0.777344
0 0.886719 0.775391 0.884766 0.777344 0.876953 0.777344 0.867188 0.785156 0.871094 0.789062 0.869141 0.791016 0.871094 0.791016 0.873047 0.792969 0.873047 0.794922 0.873047 0.792969 0.876953 0.789062 0.878906 0.791016 0.882812 0.791016 0.884766 0.789062 0.884766 0.785156 0.886719 0.783203 0.886719 0.779297 0.888672 0.777344
0 0.726562 0.777344 0.724609 0.779297 0.724609 0.785156 0.726562 0.787109 0.730469 0.787109 0.732422 0.789062 0.732422 0.787109 0.734375 0.785156 0.734375 0.781250 0.730469 0.777344
0 0.105469 0.783203 0.101562 0.783203 0.099609 0.785156 0.099609 0.789062 0.103516 0.792969 0.103516 0.791016 0.107422 0.787109 0.107422 0.785156
0 0.634766 0.785156 0.628906 0.792969 0.628906 0.796875 0.632812 0.800781 0.634766 0.812500 0.638672 0.816406 0.644531 0.814453 0.650391 0.822266 0.658203 0.824219 0.662109 0.820312 0.667969 0.820312 0.673828 0.814453 0.673828 0.806641 0.669922 0.798828 0.664062 0.796875 0.662109 0.798828 0.658203 0.796875 0.654297 0.798828 0.652344 0.796875 0.652344 0.787109 0.646484 0.781250
0 0.822266 0.787109 0.820312 0.789062 0.820312 0.791016 0.822266 0.792969 0.824219 0.791016 0.824219 0.789062
0 0.789062 0.792969 0.785156 0.796875 0.787109 0.798828 0.787109 0.800781 0.789062 0.802734 0.791016 0.802734 0.792969 0.800781 0.794922 0.800781 0.794922 0.796875 0.791016 0.792969
0 0.837891 0.794922 0.835938 0.792969 0.833984 0.792969 0.832031 0.794922 0.830078 0.794922 0.830078 0.796875 0.828125 0.798828 0.835938 0.798828 0.837891 0.796875
0 0.990234 0.794922 0.990234 0.796875 0.992188 0.798828 0.994141 0.796875 0.992188 0.794922
0 0.810547 0.798828 0.806641 0.802734 0.808594 0.804688 0.808594 0.806641 0.810547 0.808594 0.812500 0.808594 0.814453 0.806641 0.814453 0.802734 0.812500 0.800781 0.812500 0.798828
0 0.898438 0.796875 0.896484 0.798828 0.896484 0.800781 0.894531 0.802734 0.896484 0.804688 0.900391 0.804688 0.900391 0.798828
0 0.880859 0.800781 0.878906 0.802734 0.878906 0.804688 0.880859 0.806641 0.882812 0.806641 0.884766 0.804688 0.884766 0.802734 0.882812 0.800781
0 0.724609 0.812500 0.720703 0.812500 0.718750 0.814453 0.718750 0.818359 0.720703 0.820312 0.722656 0.820312 0.726562 0.816406 0.726562 0.814453
0 0.773438 0.814453 0.769531 0.818359 0.769531 0.824219 0.771484 0.826172 0.771484 0.828125 0.773438 0.828125 0.775391 0.830078 0.781250 0.830078 0.785156 0.826172 0.783203 0.826172 0.781250 0.824219 0.781250 0.816406 0.779297 0.816406 0.777344 0.814453
0 0.962891 0.814453 0.964844 0.816406 0.966797 0.816406 0.968750 0.818359 0.972656 0.814453 0.970703 0.812500 0.966797 0.812500 0.966797 0.814453 0.964844 0.816406
0 0.263672 0.818359 0.261719 0.816406 0.259766 0.816406 0.257812 0.818359 0.257812 0.822266 0.261719 0.822266 0.263672 0.820312
0 0.421875 0.818359 0.419922 0.820312 0.419922 0.824219 0.421875 0.826172 0.425781 0.826172 0.427734 0.824219 0.427734 0.820312 0.425781 0.818359
0 0.800781 0.820312 0.802734 0.822266 0.806641 0.822266 0.806641 0.820312 0.804688 0.818359 0.802734 0.818359
0 0.755859 0.820312 0.753906 0.822266 0.753906 0.824219 0.755859 0.826172 0.757812 0.826172 0.759766 0.824219 0.759766 0.822266 0.757812 0.820312
0 0.845703 0.820312 0.843750 0.822266 0.843750 0.830078 0.851562 0.830078 0.851562 0.822266 0.849609 0.820312
0 0.914062 0.828125 0.912109 0.826172 0.906250 0.826172 0.902344 0.830078 0.904297 0.832031 0.902344 0.833984 0.902344 0.835938 0.900391 0.837891 0.910156 0.837891 0.914062 0.833984
0 0.269531 0.828125 0.267578 0.830078 0.269531 0.832031 0.271484 0.832031 0.273438 0.830078 0.271484 0.828125
0 0.460938 0.830078 0.455078 0.835938 0.455078 0.841797 0.457031 0.843750 0.458984 0.843750 0.460938 0.845703 0.464844 0.845703 0.464844 0.843750 0.466797 0.841797 0.468750 0.841797 0.466797 0.839844 0.468750 0.837891 0.468750 0.833984 0.466797 0.832031 0.466797 0.830078
0 0.496094 0.830078 0.494141 0.830078 0.490234 0.833984 0.490234 0.837891 0.492188 0.839844 0.496094 0.839844 0.498047 0.837891 0.498047 0.832031
0 0.810547 0.832031 0.808594 0.833984 0.808594 0.835938 0.810547 0.837891 0.812500 0.837891 0.814453 0.835938 0.814453 0.833984 0.812500 0.832031
0 0.984375 0.843750 0.980469 0.843750 0.980469 0.847656 0.982422 0.849609 0.982422 0.851562 0.986328 0.847656 0.986328 0.845703
0 0.902344 0.851562 0.904297 0.853516 0.904297 0.857422 0.910156 0.863281 0.914062 0.859375 0.914062 0.853516 0.912109 0.851562
0 0.722656 0.859375 0.720703 0.859375 0.718750 0.861328 0.716797 0.861328 0.714844 0.863281 0.714844 0.867188 0.716797 0.869141 0.722656 0.869141 0.724609 0.867188 0.724609 0.861328
0 0.550781 0.869141 0.546875 0.869141 0.546875 0.871094 0.548828 0.873047 0.550781 0.871094
0 0.794922 0.869141 0.796875 0.871094 0.791016 0.876953 0.791016 0.890625 0.794922 0.892578 0.794922 0.894531 0.800781 0.902344 0.806641 0.902344 0.810547 0.898438 0.812500 0.900391 0.810547 0.898438 0.810547 0.878906 0.808594 0.875000 0.802734 0.871094 0.796875 0.871094
0 0.619141 0.871094 0.617188 0.873047 0.617188 0.878906 0.615234 0.880859 0.615234 0.884766 0.613281 0.886719 0.613281 0.888672 0.617188 0.892578 0.623047 0.892578 0.626953 0.888672 0.626953 0.886719 0.623047 0.880859 0.623047 0.873047 0.621094 0.871094
0 0.730469 0.876953 0.728516 0.878906 0.726562 0.878906 0.722656 0.882812 0.718750 0.882812 0.714844 0.886719 0.714844 0.892578 0.720703 0.898438 0.722656 0.898438 0.730469 0.888672 0.732422 0.890625 0.736328 0.886719 0.736328 0.882812
0 0.876953 0.878906 0.873047 0.882812 0.873047 0.890625 0.875000 0.892578 0.878906 0.892578 0.880859 0.894531 0.882812 0.892578 0.884766 0.892578 0.886719 0.890625 0.886719 0.884766 0.884766 0.882812 0.884766 0.880859 0.882812 0.878906
0 0.900391 0.882812 0.896484 0.882812 0.890625 0.888672 0.890625 0.894531 0.894531 0.898438 0.896484 0.896484 0.900391 0.896484 0.904297 0.892578 0.904297 0.888672 0.902344 0.886719 0.902344 0.884766
0 0.958984 0.892578 0.955078 0.884766 0.947266 0.884766 0.943359 0.888672 0.927734 0.888672 0.925781 0.890625 0.919922 0.890625 0.919922 0.892578 0.916016 0.894531 0.916016 0.904297 0.927734 0.912109 0.935547 0.912109 0.941406 0.908203 0.953125 0.908203 0.958984 0.902344
0 0.994141 0.884766 0.988281 0.888672 0.988281 0.892578 0.986328 0.894531 0.986328 0.896484 0.990234 0.900391 0.990234 0.902344 0.992188 0.902344 0.994141 0.904297 0.998047 0.904297 0.998047 0.886719 0.996094 0.884766
0 0.408203 0.888672 0.404297 0.888672 0.402344 0.890625 0.402344 0.894531 0.404297 0.896484 0.406250 0.896484 0.410156 0.892578 0.410156 0.890625
0 0.781250 0.886719 0.773438 0.886719 0.769531 0.890625 0.769531 0.896484 0.773438 0.900391 0.777344 0.900391 0.779297 0.898438 0.781250 0.898438 0.785156 0.894531 0.785156 0.890625
0 0.740234 0.896484 0.740234 0.900391 0.742188 0.898438 0.751953 0.908203 0.755859 0.908203 0.759766 0.904297 0.759766 0.902344 0.763672 0.896484 0.757812 0.890625 0.751953 0.890625 0.750000 0.892578 0.748047 0.892578 0.748047 0.896484 0.746094 0.898438 0.744141 0.896484
0 0.423828 0.910156 0.421875 0.908203 0.419922 0.908203 0.417969 0.910156 0.417969 0.914062 0.421875 0.914062 0.423828 0.912109
0 0.837891 0.912109 0.835938 0.912109 0.832031 0.916016 0.833984 0.917969 0.833984 0.919922 0.835938 0.919922 0.837891 0.917969 0.837891 0.916016 0.839844 0.914062
0 0.326172 0.916016 0.324219 0.916016 0.322266 0.917969 0.324219 0.919922 0.326172 0.917969
0 0.404297 0.916016 0.402344 0.917969 0.402344 0.925781 0.404297 0.927734 0.410156 0.927734 0.412109 0.925781 0.412109 0.921875 0.414062 0.919922 0.410156 0.916016
0 0.699219 0.916016 0.699219 0.917969 0.697266 0.919922 0.699219 0.921875 0.701172 0.921875 0.703125 0.923828 0.703125 0.921875 0.705078 0.919922 0.705078 0.917969 0.703125 0.917969 0.701172 0.916016
0 0.773438 0.914062 0.771484 0.916016 0.771484 0.923828 0.773438 0.925781 0.773438 0.927734 0.777344 0.931641 0.781250 0.931641 0.783203 0.929688 0.783203 0.927734 0.785156 0.925781 0.785156 0.919922 0.779297 0.914062
0 0.798828 0.914062 0.796875 0.914062 0.794922 0.916016 0.794922 0.917969 0.796875 0.919922 0.798828 0.917969
0 0.947266 0.923828 0.947266 0.929688 0.953125 0.935547 0.960938 0.935547 0.964844 0.931641 0.966797 0.931641 0.968750 0.933594 0.968750 0.935547 0.970703 0.933594 0.972656 0.933594 0.974609 0.935547 0.974609 0.929688 0.968750 0.929688 0.966797 0.927734 0.964844 0.921875 0.960938 0.917969 0.953125 0.917969
0 0.591797 0.921875 0.589844 0.923828 0.589844 0.925781 0.593750 0.929688 0.597656 0.929688 0.599609 0.927734 0.599609 0.923828 0.597656 0.921875
0 0.732422 0.925781 0.730469 0.927734 0.730469 0.931641 0.732422 0.933594 0.734375 0.933594 0.738281 0.937500 0.742188 0.937500 0.744141 0.939453 0.746094 0.937500 0.746094 0.933594 0.748047 0.931641 0.748047 0.927734 0.746094 0.925781 0.746094 0.923828 0.738281 0.923828 0.736328 0.925781
0 0.935547 0.921875 0.933594 0.923828 0.931641 0.923828 0.929688 0.925781 0.929688 0.927734 0.931641 0.929688 0.933594 0.929688 0.935547 0.927734 0.935547 0.925781 0.933594 0.923828
0 0.529297 0.925781 0.527344 0.927734 0.525391 0.927734 0.525391 0.929688 0.523438 0.931641 0.527344 0.935547 0.529297 0.935547 0.531250 0.933594 0.531250 0.929688 0.529297 0.927734
0 0.580078 0.927734 0.578125 0.929688 0.578125 0.935547 0.576172 0.937500 0.578125 0.937500 0.580078 0.939453 0.578125 0.941406 0.585938 0.941406 0.585938 0.937500 0.587891 0.935547 0.587891 0.931641 0.585938 0.929688 0.585938 0.927734
0 0.916016 0.927734 0.914062 0.927734 0.912109 0.925781 0.910156 0.927734 0.908203 0.927734 0.906250 0.929688 0.906250 0.933594 0.908203 0.935547 0.916016 0.935547 0.916016 0.933594 0.917969 0.931641 0.916016 0.929688
0 0.623047 0.933594 0.628906 0.933594 0.628906 0.931641 0.626953 0.929688 0.625000 0.929688 0.625000 0.931641
0 0.687500 0.931641 0.685547 0.933594 0.675781 0.933594 0.673828 0.935547 0.671875 0.935547 0.673828 0.935547 0.675781 0.937500 0.675781 0.939453 0.671875 0.943359 0.673828 0.945312 0.673828 0.947266 0.677734 0.951172 0.685547 0.951172 0.687500 0.949219 0.687500 0.947266 0.689453 0.945312 0.689453 0.937500 0.687500 0.935547
0 0.375000 0.935547 0.373047 0.935547 0.369141 0.939453 0.369141 0.943359 0.371094 0.945312 0.375000 0.945312 0.376953 0.943359 0.376953 0.937500
0 0.820312 0.939453 0.820312 0.941406 0.816406 0.945312 0.816406 0.951172 0.824219 0.960938 0.824219 0.972656 0.826172 0.974609 0.830078 0.974609 0.832031 0.972656 0.832031 0.964844 0.837891 0.958984 0.839844 0.953125 0.835938 0.947266 0.835938 0.943359 0.832031 0.939453
0 0.433594 0.941406 0.431641 0.943359 0.431641 0.945312 0.433594 0.947266 0.435547 0.947266 0.435547 0.945312 0.437500 0.943359 0.435547 0.941406
0 0.738281 0.943359 0.736328 0.945312 0.736328 0.947266 0.734375 0.949219 0.734375 0.953125 0.736328 0.955078 0.744141 0.955078 0.746094 0.953125 0.746094 0.947266 0.742188 0.943359
0 0.773438 0.941406 0.763672 0.945312 0.751953 0.964844 0.748047 0.966797 0.750000 0.968750 0.750000 0.974609 0.753906 0.978516 0.761719 0.978516 0.769531 0.972656 0.769531 0.968750 0.777344 0.962891 0.781250 0.953125 0.779297 0.951172 0.779297 0.947266
0 0.896484 0.941406 0.894531 0.943359 0.894531 0.945312 0.896484 0.947266 0.900391 0.947266 0.900391 0.943359 0.898438 0.941406
0 0.240234 0.957031 0.232422 0.953125 0.216797 0.955078 0.212891 0.958984 0.208984 0.958984 0.203125 0.966797 0.201172 0.978516 0.203125 0.986328 0.210938 0.998047 0.250000 0.998047 0.250000 0.972656 0.248047 0.964844
1 0.576172 0.970703 0.576172 0.972656 0.580078 0.974609 0.583984 0.972656 0.582031 0.970703 0.585938 0.968750 0.587891 0.970703 0.591797 0.970703 0.593750 0.974609 0.597656 0.976562 0.603516 0.976562 0.607422 0.972656 0.607422 0.966797 0.609375 0.964844 0.603516 0.960938 0.599609 0.962891 0.597656 0.960938 0.595703 0.962891 0.593750 0.960938 0.589844 0.960938 0.583984 0.968750 0.578125 0.968750
0 0.964844 0.960938 0.962891 0.960938 0.960938 0.962891 0.957031 0.962891 0.957031 0.964844 0.955078 0.966797 0.953125 0.966797 0.953125 0.974609 0.958984 0.980469 0.966797 0.980469 0.972656 0.976562 0.972656 0.966797 0.968750 0.962891 0.966797 0.962891
1 0.998047 0.960938 0.998047 0.962891 0.996094 0.964844 0.996094 0.970703 0.994141 0.972656 0.996094 0.974609 0.996094 0.978516 0.998047 0.980469
0 0.720703 0.966797 0.720703 0.970703 0.722656 0.972656 0.724609 0.972656 0.724609 0.966797
0 0.917969 0.982422 0.919922 0.984375 0.917969 0.988281 0.919922 0.998047 0.953125 0.998047 0.951172 0.986328 0.945312 0.980469 0.945312 0.978516 0.941406 0.976562 0.937500 0.976562 0.935547 0.974609 0.925781 0.974609
0 0.626953 0.978516 0.625000 0.980469 0.625000 0.984375 0.626953 0.986328 0.628906 0.986328 0.630859 0.984375 0.630859 0.980469 0.628906 0.978516
0 0.458984 0.982422 0.455078 0.986328 0.457031 0.988281 0.460938 0.988281 0.460938 0.984375
0 0.861328 0.986328 0.859375 0.988281 0.859375 0.990234 0.863281 0.994141 0.867188 0.994141 0.867188 0.992188 0.869141 0.990234 0.865234 0.986328
0 0.988281 0.986328 0.986328 0.984375 0.984375 0.984375 0.982422 0.986328 0.980469 0.986328 0.980469 0.988281 0.976562 0.992188 0.974609 0.990234 0.974609 0.994141 0.976562 0.996094 0.974609 0.998047 0.990234 0.998047 0.988281 0.996094
1 0.845703 0.994141 0.839844 0.988281 0.833984 0.988281 0.826172 0.996094 0.820312 0.996094 0.818359 0.998047 0.845703 0.998047
1 0.779297 0.998047 0.789062 0.998047 0.787109 0.998047 0.785156 0.996094 0.781250 0.996094
1 0.958984 0.998047 0.968750 0.998047 0.966797 0.996094 0.962891 0.996094 0.960938 0.998047
0 0.947266 0.027344 0.945312 0.027344 0.943359 0.029297 0.939453 0.029297 0.937500 0.027344 0.937500 0.021484 0.939453 0.019531 0.943359 0.019531 0.945312 0.021484 0.947266 0.021484
0 0.960938 0.025391 0.960938 0.029297 0.957031 0.029297 0.955078 0.027344 0.958984 0.023438
0 0.828125 0.039062 0.828125 0.042969 0.824219 0.042969 0.822266 0.041016 0.826172 0.037109
0 0.826172 0.056641 0.826172 0.060547 0.822266 0.060547 0.820312 0.058594 0.824219 0.054688
0 0.001953 0.083984 0.000000 0.083984 0.000000 0.078125 0.000000 0.080078 0.001953 0.082031
0 0.013672 0.107422 0.011719 0.107422 0.009766 0.109375 0.005859 0.109375 0.003906 0.107422 0.003906 0.101562 0.005859 0.099609 0.009766 0.099609 0.011719 0.101562 0.013672 0.101562
0 0.400391 0.126953 0.400391 0.130859 0.396484 0.130859 0.394531 0.128906 0.398438 0.125000
0 0.390625 0.130859 0.390625 0.134766 0.386719 0.134766 0.384766 0.132812 0.388672 0.128906
0 0.398438 0.136719 0.398438 0.140625 0.394531 0.140625 0.392578 0.138672 0.396484 0.134766
0 0.496094 0.140625 0.496094 0.144531 0.492188 0.144531 0.490234 0.142578 0.494141 0.138672
0 0.509766 0.140625 0.509766 0.144531 0.505859 0.144531 0.503906 0.142578 0.507812 0.138672
0 0.503906 0.146484 0.503906 0.150391 0.500000 0.150391 0.498047 0.148438 0.501953 0.144531
0 0.013672 0.164062 0.013672 0.167969 0.009766 0.167969 0.007812 0.166016 0.011719 0.162109
0 0.791016 0.171875 0.789062 0.171875 0.787109 0.173828 0.783203 0.173828 0.781250 0.171875 0.781250 0.166016 0.783203 0.164062 0.787109 0.164062 0.789062 0.166016 0.791016 0.166016
0 0.019531 0.169922 0.019531 0.173828 0.015625 0.173828 0.013672 0.171875 0.017578 0.167969
0 0.035156 0.179688 0.033203 0.179688 0.031250 0.181641 0.021484 0.181641 0.015625 0.175781 0.015625 0.166016 0.017578 0.164062 0.019531 0.164062 0.019531 0.162109 0.021484 0.160156 0.031250 0.160156 0.037109 0.166016 0.037109 0.175781 0.035156 0.177734
0 0.000000 0.185547 0.000000 0.175781 0.001953 0.177734 0.003906 0.177734 0.003906 0.183594 0.001953 0.183594
0 0.087891 0.187500 0.085938 0.187500 0.083984 0.189453 0.080078 0.189453 0.078125 0.187500 0.078125 0.181641 0.080078 0.179688 0.083984 0.179688 0.085938 0.181641 0.087891 0.181641
0 0.785156 0.183594 0.785156 0.187500 0.781250 0.187500 0.779297 0.185547 0.783203 0.181641
0 0.056641 0.189453 0.054688 0.189453 0.052734 0.191406 0.048828 0.191406 0.046875 0.189453 0.046875 0.183594 0.048828 0.181641 0.052734 0.181641 0.054688 0.183594 0.056641 0.183594
0 0.072266 0.195312 0.070312 0.195312 0.068359 0.197266 0.064453 0.197266 0.062500 0.195312 0.062500 0.189453 0.064453 0.187500 0.068359 0.187500 0.070312 0.189453 0.072266 0.189453
0 0.072266 0.212891 0.070312 0.212891 0.068359 0.214844 0.058594 0.214844 0.052734 0.208984 0.052734 0.199219 0.054688 0.197266 0.056641 0.197266 0.056641 0.195312 0.058594 0.193359 0.068359 0.193359 0.074219 0.199219 0.074219 0.208984 0.072266 0.210938
0 0.736328 0.208984 0.734375 0.208984 0.732422 0.210938 0.728516 0.210938 0.726562 0.208984 0.726562 0.203125 0.728516 0.201172 0.732422 0.201172 0.734375 0.203125 0.736328 0.203125
0 0.707031 0.224609 0.707031 0.228516 0.703125 0.228516 0.701172 0.226562 0.705078 0.222656
0 0.701172 0.226562 0.701172 0.230469 0.697266 0.230469 0.695312 0.228516 0.699219 0.224609
0 0.736328 0.230469 0.734375 0.230469 0.732422 0.232422 0.728516 0.232422 0.726562 0.230469 0.726562 0.224609 0.728516 0.222656 0.732422 0.222656 0.734375 0.224609 0.736328 0.224609
0 0.072266 0.234375 0.070312 0.236328 0.070312 0.238281 0.068359 0.240234 0.062500 0.240234 0.060547 0.238281 0.060547 0.236328 0.058594 0.234375 0.058594 0.232422 0.060547 0.230469 0.060547 0.228516 0.062500 0.226562 0.068359 0.226562 0.070312 0.228516 0.070312 0.230469 0.072266 0.232422
0 0.910156 0.236328 0.908203 0.236328 0.906250 0.238281 0.902344 0.238281 0.900391 0.236328 0.900391 0.230469 0.902344 0.228516 0.906250 0.228516 0.908203 0.230469 0.910156 0.230469
0 0.705078 0.234375 0.705078 0.238281 0.701172 0.238281 0.699219 0.236328 0.703125 0.232422
0 0.917969 0.248047 0.916016 0.248047 0.914062 0.250000 0.910156 0.250000 0.908203 0.248047 0.908203 0.242188 0.910156 0.240234 0.914062 0.240234 0.916016 0.242188 0.917969 0.242188
0 0.066406 0.248047 0.064453 0.250000 0.064453 0.251953 0.062500 0.253906 0.056641 0.253906 0.054688 0.251953 0.054688 0.250000 0.052734 0.248047 0.052734 0.246094 0.054688 0.244141 0.054688 0.242188 0.056641 0.240234 0.062500 0.240234 0.064453 0.242188 0.064453 0.244141 0.066406 0.246094
0 0.902344 0.248047 0.902344 0.251953 0.898438 0.251953 0.896484 0.250000 0.900391 0.246094
0 0.630859 0.261719 0.630859 0.265625 0.626953 0.265625 0.625000 0.263672 0.628906 0.259766
0 0.636719 0.265625 0.636719 0.269531 0.632812 0.269531 0.630859 0.267578 0.634766 0.263672
0 0.625000 0.271484 0.625000 0.275391 0.621094 0.275391 0.619141 0.273438 0.623047 0.269531
0 0.076172 0.279297 0.074219 0.279297 0.072266 0.281250 0.068359 0.281250 0.066406 0.279297 0.066406 0.273438 0.068359 0.271484 0.072266 0.271484 0.074219 0.273438 0.076172 0.273438
0 0.630859 0.275391 0.630859 0.279297 0.626953 0.279297 0.625000 0.277344 0.628906 0.273438
0 0.794922 0.277344 0.794922 0.281250 0.791016 0.281250 0.789062 0.279297 0.792969 0.275391
0 0.109375 0.283203 0.103516 0.289062 0.097656 0.289062 0.091797 0.283203 0.091797 0.277344 0.097656 0.271484 0.103516 0.271484 0.109375 0.277344
0 0.046875 0.292969 0.044922 0.292969 0.042969 0.294922 0.033203 0.294922 0.027344 0.289062 0.027344 0.279297 0.029297 0.277344 0.031250 0.277344 0.031250 0.275391 0.033203 0.273438 0.042969 0.273438 0.048828 0.279297 0.048828 0.289062 0.046875 0.291016
0 0.783203 0.285156 0.783203 0.289062 0.779297 0.289062 0.777344 0.287109 0.781250 0.283203
0 0.074219 0.310547 0.072266 0.310547 0.070312 0.312500 0.060547 0.312500 0.054688 0.306641 0.054688 0.296875 0.056641 0.294922 0.058594 0.294922 0.058594 0.292969 0.060547 0.291016 0.070312 0.291016 0.076172 0.296875 0.076172 0.306641 0.074219 0.308594
0 0.130859 0.302734 0.128906 0.304688 0.128906 0.306641 0.126953 0.308594 0.121094 0.308594 0.119141 0.306641 0.119141 0.304688 0.117188 0.302734 0.117188 0.300781 0.119141 0.298828 0.119141 0.296875 0.121094 0.294922 0.126953 0.294922 0.128906 0.296875 0.128906 0.298828 0.130859 0.300781
0 0.476562 0.308594 0.476562 0.312500 0.472656 0.312500 0.470703 0.310547 0.474609 0.306641
0 0.785156 0.318359 0.783203 0.318359 0.781250 0.320312 0.771484 0.320312 0.765625 0.314453 0.765625 0.304688 0.767578 0.302734 0.769531 0.302734 0.769531 0.300781 0.771484 0.298828 0.781250 0.298828 0.787109 0.304688 0.787109 0.314453 0.785156 0.316406
0 0.333984 0.314453 0.332031 0.314453 0.330078 0.316406 0.326172 0.316406 0.324219 0.314453 0.324219 0.308594 0.326172 0.306641 0.330078 0.306641 0.332031 0.308594 0.333984 0.308594
0 0.710938 0.310547 0.710938 0.314453 0.707031 0.314453 0.705078 0.312500 0.708984 0.308594
0 0.488281 0.312500 0.488281 0.316406 0.484375 0.316406 0.482422 0.314453 0.486328 0.310547
0 0.097656 0.324219 0.095703 0.324219 0.093750 0.326172 0.083984 0.326172 0.078125 0.320312 0.078125 0.310547 0.080078 0.308594 0.082031 0.308594 0.082031 0.306641 0.083984 0.304688 0.093750 0.304688 0.099609 0.310547 0.099609 0.320312 0.097656 0.322266
0 0.363281 0.320312 0.361328 0.320312 0.359375 0.322266 0.355469 0.322266 0.353516 0.320312 0.353516 0.314453 0.355469 0.312500 0.359375 0.312500 0.361328 0.314453 0.363281 0.314453
0 0.347656 0.322266 0.345703 0.322266 0.343750 0.324219 0.339844 0.324219 0.337891 0.322266 0.337891 0.316406 0.339844 0.314453 0.343750 0.314453 0.345703 0.316406 0.347656 0.316406
0 0.482422 0.318359 0.482422 0.322266 0.478516 0.322266 0.476562 0.320312 0.480469 0.316406
0 0.330078 0.320312 0.330078 0.324219 0.326172 0.324219 0.324219 0.322266 0.328125 0.318359
0 0.708984 0.320312 0.708984 0.324219 0.705078 0.324219 0.703125 0.322266 0.707031 0.318359
0 0.121094 0.335938 0.119141 0.335938 0.117188 0.337891 0.107422 0.337891 0.101562 0.332031 0.101562 0.322266 0.103516 0.320312 0.105469 0.320312 0.105469 0.318359 0.107422 0.316406 0.117188 0.316406 0.123047 0.322266 0.123047 0.332031 0.121094 0.333984
0 0.355469 0.328125 0.355469 0.332031 0.351562 0.332031 0.349609 0.330078 0.353516 0.326172
0 0.757812 0.341797 0.755859 0.341797 0.753906 0.343750 0.744141 0.343750 0.738281 0.337891 0.738281 0.328125 0.740234 0.326172 0.742188 0.326172 0.742188 0.324219 0.744141 0.322266 0.753906 0.322266 0.759766 0.328125 0.759766 0.337891 0.757812 0.339844
0 0.796875 0.335938 0.791016 0.341797 0.785156 0.341797 0.779297 0.335938 0.779297 0.330078 0.785156 0.324219 0.791016 0.324219 0.796875 0.330078
0 0.732422 0.339844 0.730469 0.339844 0.728516 0.341797 0.724609 0.341797 0.722656 0.339844 0.722656 0.333984 0.724609 0.332031 0.728516 0.332031 0.730469 0.333984 0.732422 0.333984
0 0.927734 0.339844 0.925781 0.339844 0.923828 0.341797 0.919922 0.341797 0.917969 0.339844 0.917969 0.333984 0.919922 0.332031 0.923828 0.332031 0.925781 0.333984 0.927734 0.333984
0 0.955078 0.335938 0.955078 0.339844 0.951172 0.339844 0.949219 0.337891 0.953125 0.333984
0 0.583984 0.337891 0.583984 0.341797 0.580078 0.341797 0.578125 0.339844 0.582031 0.335938
0 0.962891 0.339844 0.962891 0.343750 0.958984 0.343750 0.957031 0.341797 0.960938 0.337891
0 0.714844 0.345703 0.712891 0.345703 0.710938 0.347656 0.707031 0.347656 0.705078 0.345703 0.705078 0.339844 0.707031 0.337891 0.710938 0.337891 0.712891 0.339844 0.714844 0.339844
0 0.951172 0.341797 0.951172 0.345703 0.947266 0.345703 0.945312 0.343750 0.949219 0.339844
0 0.763672 0.347656 0.757812 0.353516 0.751953 0.353516 0.746094 0.347656 0.746094 0.341797 0.751953 0.335938 0.757812 0.335938 0.763672 0.341797
0 0.947266 0.347656 0.941406 0.353516 0.935547 0.353516 0.929688 0.347656 0.929688 0.341797 0.935547 0.335938 0.941406 0.335938 0.947266 0.341797
0 0.574219 0.345703 0.574219 0.349609 0.570312 0.349609 0.568359 0.347656 0.572266 0.343750
0 0.134766 0.351562 0.128906 0.357422 0.123047 0.357422 0.117188 0.351562 0.117188 0.345703 0.123047 0.339844 0.128906 0.339844 0.134766 0.345703
0 0.937500 0.351562 0.935547 0.351562 0.933594 0.353516 0.929688 0.353516 0.927734 0.351562 0.927734 0.345703 0.929688 0.343750 0.933594 0.343750 0.935547 0.345703 0.937500 0.345703
0 0.248047 0.355469 0.246094 0.355469 0.244141 0.357422 0.240234 0.357422 0.238281 0.355469 0.238281 0.349609 0.240234 0.347656 0.244141 0.347656 0.246094 0.349609 0.248047 0.349609
0 0.277344 0.355469 0.275391 0.355469 0.273438 0.357422 0.269531 0.357422 0.267578 0.355469 0.267578 0.349609 0.269531 0.347656 0.273438 0.347656 0.275391 0.349609 0.277344 0.349609
0 0.726562 0.355469 0.724609 0.355469 0.722656 0.357422 0.718750 0.357422 0.716797 0.355469 0.716797 0.349609 0.718750 0.347656 0.722656 0.347656 0.724609 0.349609 0.726562 0.349609
0 0.919922 0.355469 0.917969 0.355469 0.916016 0.357422 0.912109 0.357422 0.910156 0.355469 0.910156 0.349609 0.912109 0.347656 0.916016 0.347656 0.917969 0.349609 0.919922 0.349609
0 0.240234 0.357422 0.238281 0.357422 0.236328 0.359375 0.232422 0.359375 0.230469 0.357422 0.230469 0.351562 0.232422 0.349609 0.236328 0.349609 0.238281 0.351562 0.240234 0.351562
0 0.287109 0.357422 0.285156 0.357422 0.283203 0.359375 0.279297 0.359375 0.277344 0.357422 0.277344 0.351562 0.279297 0.349609 0.283203 0.349609 0.285156 0.351562 0.287109 0.351562
0 0.929688 0.353516 0.929688 0.357422 0.925781 0.357422 0.923828 0.355469 0.927734 0.351562
0 0.294922 0.359375 0.292969 0.359375 0.291016 0.361328 0.287109 0.361328 0.285156 0.359375 0.285156 0.353516 0.287109 0.351562 0.291016 0.351562 0.292969 0.353516 0.294922 0.353516
0 0.304688 0.361328 0.304688 0.365234 0.300781 0.365234 0.298828 0.363281 0.302734 0.359375
0 0.312500 0.365234 0.310547 0.365234 0.308594 0.367188 0.304688 0.367188 0.302734 0.365234 0.302734 0.359375 0.304688 0.357422 0.308594 0.357422 0.310547 0.359375 0.312500 0.359375
0 0.845703 0.363281 0.845703 0.367188 0.841797 0.367188 0.839844 0.365234 0.843750 0.361328
0 0.326172 0.371094 0.324219 0.371094 0.322266 0.373047 0.318359 0.373047 0.316406 0.371094 0.316406 0.365234 0.318359 0.363281 0.322266 0.363281 0.324219 0.365234 0.326172 0.365234
0 0.839844 0.369141 0.839844 0.373047 0.835938 0.373047 0.833984 0.371094 0.837891 0.367188
0 0.853516 0.369141 0.853516 0.373047 0.849609 0.373047 0.847656 0.371094 0.851562 0.367188
0 0.171875 0.382812 0.169922 0.382812 0.167969 0.384766 0.158203 0.384766 0.152344 0.378906 0.152344 0.369141 0.154297 0.367188 0.156250 0.367188 0.156250 0.365234 0.158203 0.363281 0.167969 0.363281 0.173828 0.369141 0.173828 0.378906 0.171875 0.380859
0 0.191406 0.376953 0.189453 0.376953 0.187500 0.378906 0.183594 0.378906 0.181641 0.376953 0.181641 0.371094 0.183594 0.369141 0.187500 0.369141 0.189453 0.371094 0.191406 0.371094
0 0.625000 0.375000 0.625000 0.378906 0.621094 0.378906 0.619141 0.376953 0.623047 0.373047
0 0.843750 0.375000 0.843750 0.378906 0.839844 0.378906 0.837891 0.376953 0.841797 0.373047
0 0.849609 0.375000 0.849609 0.378906 0.845703 0.378906 0.843750 0.376953 0.847656 0.373047
0 0.341797 0.380859 0.339844 0.380859 0.337891 0.382812 0.333984 0.382812 0.332031 0.380859 0.332031 0.375000 0.333984 0.373047 0.337891 0.373047 0.339844 0.375000 0.341797 0.375000
0 0.619141 0.380859 0.619141 0.384766 0.615234 0.384766 0.613281 0.382812 0.617188 0.378906
0 0.650391 0.386719 0.648438 0.386719 0.646484 0.388672 0.642578 0.388672 0.640625 0.386719 0.640625 0.380859 0.642578 0.378906 0.646484 0.378906 0.648438 0.380859 0.650391 0.380859
0 0.349609 0.388672 0.347656 0.388672 0.345703 0.390625 0.341797 0.390625 0.339844 0.388672 0.339844 0.382812 0.341797 0.380859 0.345703 0.380859 0.347656 0.382812 0.349609 0.382812
0 0.355469 0.394531 0.353516 0.394531 0.351562 0.396484 0.347656 0.396484 0.345703 0.394531 0.345703 0.388672 0.347656 0.386719 0.351562 0.386719 0.353516 0.388672 0.355469 0.388672
0 0.628906 0.394531 0.626953 0.394531 0.625000 0.396484 0.621094 0.396484 0.619141 0.394531 0.619141 0.388672 0.621094 0.386719 0.625000 0.386719 0.626953 0.388672 0.628906 0.388672
0 0.779297 0.394531 0.777344 0.394531 0.775391 0.396484 0.771484 0.396484 0.769531 0.394531 0.769531 0.388672 0.771484 0.386719 0.775391 0.386719 0.777344 0.388672 0.779297 0.388672
0 0.798828 0.398438 0.792969 0.404297 0.787109 0.404297 0.781250 0.398438 0.781250 0.392578 0.787109 0.386719 0.792969 0.386719 0.798828 0.392578
0 0.146484 0.410156 0.144531 0.410156 0.142578 0.412109 0.132812 0.412109 0.126953 0.406250 0.126953 0.396484 0.128906 0.394531 0.130859 0.394531 0.130859 0.392578 0.132812 0.390625 0.142578 0.390625 0.148438 0.396484 0.148438 0.406250 0.146484 0.408203
0 0.949219 0.404297 0.949219 0.408203 0.945312 0.408203 0.943359 0.406250 0.947266 0.402344
0 0.630859 0.410156 0.625000 0.416016 0.619141 0.416016 0.613281 0.410156 0.613281 0.404297 0.619141 0.398438 0.625000 0.398438 0.630859 0.404297
0 0.648438 0.410156 0.646484 0.410156 0.644531 0.412109 0.640625 0.412109 0.638672 0.410156 0.638672 0.404297 0.640625 0.402344 0.644531 0.402344 0.646484 0.404297 0.648438 0.404297
0 0.691406 0.408203 0.691406 0.412109 0.687500 0.412109 0.685547 0.410156 0.689453 0.406250
0 0.871094 0.412109 0.869141 0.412109 0.867188 0.414062 0.863281 0.414062 0.861328 0.412109 0.861328 0.406250 0.863281 0.404297 0.867188 0.404297 0.869141 0.406250 0.871094 0.406250
0 0.865234 0.412109 0.863281 0.414062 0.863281 0.416016 0.861328 0.417969 0.855469 0.417969 0.853516 0.416016 0.853516 0.414062 0.851562 0.412109 0.851562 0.410156 0.853516 0.408203 0.853516 0.406250 0.855469 0.404297 0.861328 0.404297 0.863281 0.406250 0.863281 0.408203 0.865234 0.410156
0 0.617188 0.412109 0.617188 0.416016 0.613281 0.416016 0.611328 0.414062 0.615234 0.410156
0 0.765625 0.414062 0.763672 0.416016 0.763672 0.417969 0.761719 0.419922 0.755859 0.419922 0.753906 0.417969 0.753906 0.416016 0.751953 0.414062 0.751953 0.412109 0.753906 0.410156 0.753906 0.408203 0.755859 0.406250 0.761719 0.406250 0.763672 0.408203 0.763672 0.410156 0.765625 0.412109
0 0.939453 0.412109 0.939453 0.416016 0.935547 0.416016 0.933594 0.414062 0.937500 0.410156
0 0.951172 0.412109 0.951172 0.416016 0.947266 0.416016 0.945312 0.414062 0.949219 0.410156
0 0.679688 0.414062 0.679688 0.417969 0.675781 0.417969 0.673828 0.416016 0.677734 0.412109
0 0.687500 0.414062 0.687500 0.417969 0.683594 0.417969 0.681641 0.416016 0.685547 0.412109
0 0.369141 0.416016 0.369141 0.419922 0.365234 0.419922 0.363281 0.417969 0.367188 0.414062
0 0.609375 0.416016 0.609375 0.419922 0.605469 0.419922 0.603516 0.417969 0.607422 0.414062
0 0.001953 0.427734 0.000000 0.427734 0.000000 0.414062 0.001953 0.414062 0.003906 0.416016 0.003906 0.417969 0.005859 0.419922 0.005859 0.421875 0.003906 0.423828 0.003906 0.425781
0 0.798828 0.421875 0.796875 0.423828 0.796875 0.425781 0.794922 0.427734 0.789062 0.427734 0.787109 0.425781 0.787109 0.423828 0.785156 0.421875 0.785156 0.419922 0.787109 0.417969 0.787109 0.416016 0.789062 0.414062 0.794922 0.414062 0.796875 0.416016 0.796875 0.417969 0.798828 0.419922
0 0.861328 0.421875 0.859375 0.423828 0.859375 0.425781 0.857422 0.427734 0.851562 0.427734 0.849609 0.425781 0.849609 0.423828 0.847656 0.421875 0.847656 0.419922 0.849609 0.417969 0.849609 0.416016 0.851562 0.414062 0.857422 0.414062 0.859375 0.416016 0.859375 0.417969 0.861328 0.419922
0 0.609375 0.421875 0.609375 0.425781 0.605469 0.425781 0.603516 0.423828 0.607422 0.419922
0 0.810547 0.427734 0.808594 0.427734 0.806641 0.429688 0.802734 0.429688 0.800781 0.427734 0.800781 0.421875 0.802734 0.419922 0.806641 0.419922 0.808594 0.421875 0.810547 0.421875
0 0.619141 0.425781 0.619141 0.429688 0.615234 0.429688 0.613281 0.427734 0.617188 0.423828
0 0.890625 0.435547 0.884766 0.441406 0.878906 0.441406 0.873047 0.435547 0.873047 0.429688 0.878906 0.423828 0.884766 0.423828 0.890625 0.429688
0 0.724609 0.433594 0.724609 0.437500 0.720703 0.437500 0.718750 0.435547 0.722656 0.431641
0 0.351562 0.435547 0.351562 0.439453 0.347656 0.439453 0.345703 0.437500 0.349609 0.433594
0 0.513672 0.435547 0.513672 0.439453 0.509766 0.439453 0.507812 0.437500 0.511719 0.433594
0 0.716797 0.439453 0.716797 0.443359 0.712891 0.443359 0.710938 0.441406 0.714844 0.437500
0 0.730469 0.439453 0.730469 0.443359 0.726562 0.443359 0.724609 0.441406 0.728516 0.437500
0 0.519531 0.441406 0.519531 0.445312 0.515625 0.445312 0.513672 0.443359 0.517578 0.439453
0 0.847656 0.451172 0.847656 0.455078 0.843750 0.455078 0.841797 0.453125 0.845703 0.449219
0 0.841797 0.457031 0.841797 0.460938 0.837891 0.460938 0.835938 0.458984 0.839844 0.455078
0 0.943359 0.457031 0.943359 0.460938 0.939453 0.460938 0.937500 0.458984 0.941406 0.455078
0 0.630859 0.458984 0.630859 0.462891 0.626953 0.462891 0.625000 0.460938 0.628906 0.457031
0 0.021484 0.470703 0.019531 0.470703 0.017578 0.472656 0.007812 0.472656 0.001953 0.466797 0.001953 0.457031 0.007812 0.451172 0.017578 0.451172 0.023438 0.457031 0.023438 0.466797 0.021484 0.468750
0 0.357422 0.464844 0.355469 0.464844 0.353516 0.466797 0.349609 0.466797 0.347656 0.464844 0.347656 0.458984 0.349609 0.457031 0.353516 0.457031 0.355469 0.458984 0.357422 0.458984
0 0.380859 0.460938 0.380859 0.464844 0.376953 0.464844 0.375000 0.462891 0.378906 0.458984
0 0.640625 0.460938 0.640625 0.464844 0.636719 0.464844 0.634766 0.462891 0.638672 0.458984
0 0.748047 0.464844 0.746094 0.464844 0.744141 0.466797 0.740234 0.466797 0.738281 0.464844 0.738281 0.458984 0.740234 0.457031 0.744141 0.457031 0.746094 0.458984 0.748047 0.458984
0 0.951172 0.462891 0.951172 0.466797 0.947266 0.466797 0.945312 0.464844 0.949219 0.460938
0 0.373047 0.464844 0.373047 0.468750 0.369141 0.468750 0.367188 0.466797 0.371094 0.462891
0 0.937500 0.470703 0.935547 0.470703 0.933594 0.472656 0.929688 0.472656 0.927734 0.470703 0.927734 0.464844 0.929688 0.462891 0.933594 0.462891 0.935547 0.464844 0.937500 0.464844
0 0.378906 0.470703 0.378906 0.474609 0.375000 0.474609 0.373047 0.472656 0.376953 0.468750
0 0.642578 0.470703 0.642578 0.474609 0.638672 0.474609 0.636719 0.472656 0.640625 0.468750
0 0.857422 0.474609 0.855469 0.474609 0.853516 0.476562 0.849609 0.476562 0.847656 0.474609 0.847656 0.468750 0.849609 0.466797 0.853516 0.466797 0.855469 0.468750 0.857422 0.468750
0 0.353516 0.472656 0.353516 0.476562 0.349609 0.476562 0.347656 0.474609 0.351562 0.470703
0 0.875000 0.476562 0.873047 0.476562 0.871094 0.478516 0.867188 0.478516 0.865234 0.476562 0.865234 0.470703 0.867188 0.468750 0.871094 0.468750 0.873047 0.470703 0.875000 0.470703
0 0.742188 0.478516 0.740234 0.478516 0.738281 0.480469 0.734375 0.480469 0.732422 0.478516 0.732422 0.472656 0.734375 0.470703 0.738281 0.470703 0.740234 0.472656 0.742188 0.472656
0 0.767578 0.478516 0.765625 0.480469 0.765625 0.482422 0.763672 0.484375 0.757812 0.484375 0.755859 0.482422 0.755859 0.480469 0.753906 0.478516 0.753906 0.476562 0.755859 0.474609 0.755859 0.472656 0.757812 0.470703 0.763672 0.470703 0.765625 0.472656 0.765625 0.474609 0.767578 0.476562
0 0.376953 0.478516 0.376953 0.482422 0.373047 0.482422 0.371094 0.480469 0.375000 0.476562
0 0.634766 0.482422 0.632812 0.484375 0.632812 0.486328 0.630859 0.488281 0.625000 0.488281 0.623047 0.486328 0.623047 0.484375 0.621094 0.482422 0.621094 0.480469 0.623047 0.478516 0.623047 0.476562 0.625000 0.474609 0.630859 0.474609 0.632812 0.476562 0.632812 0.478516 0.634766 0.480469
0 0.347656 0.482422 0.347656 0.486328 0.343750 0.486328 0.341797 0.484375 0.345703 0.480469
0 0.367188 0.492188 0.365234 0.492188 0.363281 0.494141 0.353516 0.494141 0.347656 0.488281 0.347656 0.478516 0.349609 0.476562 0.351562 0.476562 0.351562 0.474609 0.353516 0.472656 0.363281 0.472656 0.369141 0.478516 0.369141 0.488281 0.367188 0.490234
0 0.785156 0.482422 0.785156 0.486328 0.781250 0.486328 0.779297 0.484375 0.783203 0.480469
0 0.955078 0.488281 0.953125 0.488281 0.951172 0.490234 0.947266 0.490234 0.945312 0.488281 0.945312 0.482422 0.947266 0.480469 0.951172 0.480469 0.953125 0.482422 0.955078 0.482422
0 0.380859 0.488281 0.380859 0.492188 0.376953 0.492188 0.375000 0.490234 0.378906 0.486328
0 0.349609 0.494141 0.347656 0.494141 0.345703 0.496094 0.341797 0.496094 0.339844 0.494141 0.339844 0.488281 0.341797 0.486328 0.345703 0.486328 0.347656 0.488281 0.349609 0.488281
0 0.636719 0.494141 0.634766 0.494141 0.632812 0.496094 0.628906 0.496094 0.626953 0.494141 0.626953 0.488281 0.628906 0.486328 0.632812 0.486328 0.634766 0.488281 0.636719 0.488281
0 0.945312 0.496094 0.943359 0.496094 0.941406 0.498047 0.937500 0.498047 0.935547 0.496094 0.935547 0.490234 0.937500 0.488281 0.941406 0.488281 0.943359 0.490234 0.945312 0.490234
0 0.966797 0.496094 0.964844 0.496094 0.962891 0.498047 0.958984 0.498047 0.957031 0.496094 0.957031 0.490234 0.958984 0.488281 0.962891 0.488281 0.964844 0.490234 0.966797 0.490234
0 0.001953 0.501953 0.000000 0.501953 0.000000 0.488281 0.001953 0.488281 0.003906 0.490234 0.003906 0.492188 0.005859 0.494141 0.005859 0.496094 0.003906 0.498047 0.003906 0.500000
0 0.615234 0.496094 0.615234 0.500000 0.611328 0.500000 0.609375 0.498047 0.613281 0.494141
0 0.898438 0.496094 0.898438 0.500000 0.894531 0.500000 0.892578 0.498047 0.896484 0.494141
0 0.031250 0.500000 0.029297 0.501953 0.029297 0.503906 0.027344 0.505859 0.021484 0.505859 0.019531 0.503906 0.019531 0.501953 0.017578 0.500000 0.017578 0.498047 0.019531 0.496094 0.019531 0.494141 0.021484 0.492188 0.027344 0.492188 0.029297 0.494141 0.029297 0.496094 0.031250 0.498047
0 0.343750 0.501953 0.343750 0.505859 0.339844 0.505859 0.337891 0.503906 0.341797 0.500000
0 0.890625 0.501953 0.890625 0.505859 0.886719 0.505859 0.884766 0.503906 0.888672 0.500000
0 0.902344 0.501953 0.902344 0.505859 0.898438 0.505859 0.896484 0.503906 0.900391 0.500000
0 0.380859 0.503906 0.380859 0.507812 0.376953 0.507812 0.375000 0.505859 0.378906 0.501953
0 0.630859 0.503906 0.630859 0.507812 0.626953 0.507812 0.625000 0.505859 0.628906 0.501953
0 0.953125 0.507812 0.951172 0.507812 0.949219 0.509766 0.945312 0.509766 0.943359 0.507812 0.943359 0.501953 0.945312 0.500000 0.949219 0.500000 0.951172 0.501953 0.953125 0.501953
0 0.958984 0.507812 0.957031 0.507812 0.955078 0.509766 0.951172 0.509766 0.949219 0.507812 0.949219 0.501953 0.951172 0.500000 0.955078 0.500000 0.957031 0.501953 0.958984 0.501953
0 0.824219 0.505859 0.824219 0.509766 0.820312 0.509766 0.818359 0.507812 0.822266 0.503906
0 0.896484 0.505859 0.896484 0.509766 0.892578 0.509766 0.890625 0.507812 0.894531 0.503906
0 0.343750 0.509766 0.343750 0.513672 0.339844 0.513672 0.337891 0.511719 0.341797 0.507812
0 0.720703 0.513672 0.718750 0.513672 0.716797 0.515625 0.712891 0.515625 0.710938 0.513672 0.710938 0.507812 0.712891 0.505859 0.716797 0.505859 0.718750 0.507812 0.720703 0.507812
0 0.968750 0.519531 0.966797 0.519531 0.964844 0.521484 0.955078 0.521484 0.949219 0.515625 0.949219 0.505859 0.951172 0.503906 0.953125 0.503906 0.953125 0.501953 0.955078 0.500000 0.964844 0.500000 0.970703 0.505859 0.970703 0.515625 0.968750 0.517578
0 0.839844 0.511719 0.839844 0.515625 0.835938 0.515625 0.833984 0.513672 0.837891 0.509766
0 0.974609 0.517578 0.972656 0.517578 0.970703 0.519531 0.966797 0.519531 0.964844 0.517578 0.964844 0.511719 0.966797 0.509766 0.970703 0.509766 0.972656 0.511719 0.974609 0.511719
0 0.675781 0.515625 0.675781 0.519531 0.671875 0.519531 0.669922 0.517578 0.673828 0.513672
0 0.687500 0.517578 0.687500 0.521484 0.683594 0.521484 0.681641 0.519531 0.685547 0.515625
0 0.666016 0.523438 0.664062 0.523438 0.662109 0.525391 0.658203 0.525391 0.656250 0.523438 0.656250 0.517578 0.658203 0.515625 0.662109 0.515625 0.664062 0.517578 0.666016 0.517578
0 0.820312 0.523438 0.818359 0.523438 0.816406 0.525391 0.812500 0.525391 0.810547 0.523438 0.810547 0.517578 0.812500 0.515625 0.816406 0.515625 0.818359 0.517578 0.820312 0.517578
0 0.595703 0.521484 0.595703 0.525391 0.591797 0.525391 0.589844 0.523438 0.593750 0.519531
0 0.607422 0.521484 0.607422 0.525391 0.603516 0.525391 0.601562 0.523438 0.605469 0.519531
0 0.751953 0.525391 0.750000 0.525391 0.748047 0.527344 0.744141 0.527344 0.742188 0.525391 0.742188 0.519531 0.744141 0.517578 0.748047 0.517578 0.750000 0.519531 0.751953 0.519531
0 0.373047 0.525391 0.373047 0.529297 0.369141 0.529297 0.367188 0.527344 0.371094 0.523438
0 0.710938 0.535156 0.708984 0.535156 0.707031 0.537109 0.697266 0.537109 0.691406 0.531250 0.691406 0.521484 0.693359 0.519531 0.695312 0.519531 0.695312 0.517578 0.697266 0.515625 0.707031 0.515625 0.712891 0.521484 0.712891 0.531250 0.710938 0.533203
0 0.851562 0.527344 0.851562 0.531250 0.847656 0.531250 0.845703 0.529297 0.849609 0.525391
0 0.966797 0.531250 0.964844 0.531250 0.962891 0.533203 0.958984 0.533203 0.957031 0.531250 0.957031 0.525391 0.958984 0.523438 0.962891 0.523438 0.964844 0.525391 0.966797 0.525391
0 0.054688 0.529297 0.054688 0.533203 0.050781 0.533203 0.048828 0.531250 0.052734 0.527344
0 0.341797 0.533203 0.339844 0.533203 0.337891 0.535156 0.333984 0.535156 0.332031 0.533203 0.332031 0.527344 0.333984 0.525391 0.337891 0.525391 0.339844 0.527344 0.341797 0.527344
0 0.833984 0.533203 0.832031 0.533203 0.830078 0.535156 0.826172 0.535156 0.824219 0.533203 0.824219 0.527344 0.826172 0.525391 0.830078 0.525391 0.832031 0.527344 0.833984 0.527344
0 0.984375 0.533203 0.982422 0.533203 0.980469 0.535156 0.976562 0.535156 0.974609 0.533203 0.974609 0.527344 0.976562 0.525391 0.980469 0.525391 0.982422 0.527344 0.984375 0.527344
0 0.609375 0.533203 0.607422 0.535156 0.607422 0.537109 0.605469 0.539062 0.599609 0.539062 0.597656 0.537109 0.597656 0.535156 0.595703 0.533203 0.595703 0.531250 0.597656 0.529297 0.597656 0.527344 0.599609 0.525391 0.605469 0.525391 0.607422 0.527344 0.607422 0.529297 0.609375 0.531250
0 0.679688 0.541016 0.677734 0.541016 0.675781 0.542969 0.671875 0.542969 0.669922 0.541016 0.669922 0.535156 0.671875 0.533203 0.675781 0.533203 0.677734 0.535156 0.679688 0.535156
0 0.732422 0.542969 0.730469 0.542969 0.728516 0.544922 0.724609 0.544922 0.722656 0.542969 0.722656 0.537109 0.724609 0.535156 0.728516 0.535156 0.730469 0.537109 0.732422 0.537109
0 0.746094 0.542969 0.744141 0.542969 0.742188 0.544922 0.738281 0.544922 0.736328 0.542969 0.736328 0.537109 0.738281 0.535156 0.742188 0.535156 0.744141 0.537109 0.746094 0.537109
0 0.060547 0.541016 0.060547 0.544922 0.056641 0.544922 0.054688 0.542969 0.058594 0.539062
0 0.613281 0.541016 0.613281 0.544922 0.609375 0.544922 0.607422 0.542969 0.611328 0.539062
0 0.363281 0.542969 0.363281 0.546875 0.359375 0.546875 0.357422 0.544922 0.361328 0.541016
0 0.601562 0.546875 0.601562 0.550781 0.597656 0.550781 0.595703 0.548828 0.599609 0.544922
0 0.611328 0.546875 0.611328 0.550781 0.607422 0.550781 0.605469 0.548828 0.609375 0.544922
0 0.697266 0.552734 0.695312 0.552734 0.693359 0.554688 0.689453 0.554688 0.687500 0.552734 0.687500 0.546875 0.689453 0.544922 0.693359 0.544922 0.695312 0.546875 0.697266 0.546875
0 0.365234 0.554688 0.365234 0.558594 0.361328 0.558594 0.359375 0.556641 0.363281 0.552734
0 0.355469 0.556641 0.355469 0.560547 0.351562 0.560547 0.349609 0.558594 0.353516 0.554688
0 0.654297 0.558594 0.654297 0.562500 0.650391 0.562500 0.648438 0.560547 0.652344 0.556641
0 0.345703 0.566406 0.343750 0.566406 0.341797 0.568359 0.337891 0.568359 0.335938 0.566406 0.335938 0.560547 0.337891 0.558594 0.341797 0.558594 0.343750 0.560547 0.345703 0.560547
0 0.363281 0.562500 0.363281 0.566406 0.359375 0.566406 0.357422 0.564453 0.361328 0.560547
0 0.769531 0.568359 0.767578 0.568359 0.765625 0.570312 0.761719 0.570312 0.759766 0.568359 0.759766 0.562500 0.761719 0.560547 0.765625 0.560547 0.767578 0.562500 0.769531 0.562500
0 0.640625 0.566406 0.640625 0.570312 0.636719 0.570312 0.634766 0.568359 0.638672 0.564453
0 0.792969 0.572266 0.791016 0.572266 0.789062 0.574219 0.785156 0.574219 0.783203 0.572266 0.783203 0.566406 0.785156 0.564453 0.789062 0.564453 0.791016 0.566406 0.792969 0.566406
0 0.630859 0.570312 0.630859 0.574219 0.626953 0.574219 0.625000 0.572266 0.628906 0.568359
0 0.353516 0.572266 0.353516 0.576172 0.349609 0.576172 0.347656 0.574219 0.351562 0.570312
0 0.667969 0.572266 0.667969 0.576172 0.664062 0.576172 0.662109 0.574219 0.666016 0.570312
0 0.705078 0.578125 0.703125 0.578125 0.701172 0.580078 0.697266 0.580078 0.695312 0.578125 0.695312 0.572266 0.697266 0.570312 0.701172 0.570312 0.703125 0.572266 0.705078 0.572266
0 0.550781 0.578125 0.550781 0.582031 0.546875 0.582031 0.544922 0.580078 0.548828 0.576172
0 0.785156 0.582031 0.783203 0.582031 0.781250 0.583984 0.777344 0.583984 0.775391 0.582031 0.775391 0.576172 0.777344 0.574219 0.781250 0.574219 0.783203 0.576172 0.785156 0.576172
0 0.716797 0.583984 0.714844 0.583984 0.712891 0.585938 0.708984 0.585938 0.707031 0.583984 0.707031 0.578125 0.708984 0.576172 0.712891 0.576172 0.714844 0.578125 0.716797 0.578125
0 0.539062 0.582031 0.539062 0.585938 0.535156 0.585938 0.533203 0.583984 0.537109 0.580078
0 0.058594 0.587891 0.056641 0.589844 0.056641 0.591797 0.054688 0.593750 0.048828 0.593750 0.046875 0.591797 0.046875 0.589844 0.044922 0.587891 0.044922 0.585938 0.046875 0.583984 0.046875 0.582031 0.048828 0.580078 0.054688 0.580078 0.056641 0.582031 0.056641 0.583984 0.058594 0.585938
0 0.365234 0.585938 0.365234 0.589844 0.361328 0.589844 0.359375 0.587891 0.363281 0.583984
0 0.546875 0.585938 0.546875 0.589844 0.542969 0.589844 0.541016 0.587891 0.544922 0.583984
0 0.677734 0.585938 0.677734 0.589844 0.673828 0.589844 0.671875 0.587891 0.675781 0.583984
0 0.691406 0.589844 0.685547 0.595703 0.679688 0.595703 0.673828 0.589844 0.673828 0.583984 0.679688 0.578125 0.685547 0.578125 0.691406 0.583984
0 0.732422 0.585938 0.732422 0.589844 0.728516 0.589844 0.726562 0.587891 0.730469 0.583984
0 0.810547 0.589844 0.808594 0.589844 0.806641 0.591797 0.802734 0.591797 0.800781 0.589844 0.800781 0.583984 0.802734 0.582031 0.806641 0.582031 0.808594 0.583984 0.810547 0.583984
0 0.347656 0.587891 0.347656 0.591797 0.343750 0.591797 0.341797 0.589844 0.345703 0.585938
0 0.576172 0.587891 0.576172 0.591797 0.572266 0.591797 0.570312 0.589844 0.574219 0.585938
0 0.589844 0.587891 0.589844 0.591797 0.585938 0.591797 0.583984 0.589844 0.587891 0.585938
0 0.695312 0.593750 0.693359 0.593750 0.691406 0.595703 0.687500 0.595703 0.685547 0.593750 0.685547 0.587891 0.687500 0.585938 0.691406 0.585938 0.693359 0.587891 0.695312 0.587891
0 0.660156 0.593750 0.658203 0.595703 0.658203 0.597656 0.656250 0.599609 0.650391 0.599609 0.648438 0.597656 0.648438 0.595703 0.646484 0.593750 0.646484 0.591797 0.648438 0.589844 0.648438 0.587891 0.650391 0.585938 0.656250 0.585938 0.658203 0.587891 0.658203 0.589844 0.660156 0.591797
0 0.582031 0.593750 0.582031 0.597656 0.578125 0.597656 0.576172 0.595703 0.580078 0.591797
0 0.722656 0.597656 0.720703 0.597656 0.718750 0.599609 0.714844 0.599609 0.712891 0.597656 0.712891 0.591797 0.714844 0.589844 0.718750 0.589844 0.720703 0.591797 0.722656 0.591797
0 0.701172 0.603516 0.699219 0.603516 0.697266 0.605469 0.693359 0.605469 0.691406 0.603516 0.691406 0.597656 0.693359 0.595703 0.697266 0.595703 0.699219 0.597656 0.701172 0.597656
0 0.460938 0.605469 0.458984 0.605469 0.457031 0.607422 0.453125 0.607422 0.451172 0.605469 0.451172 0.599609 0.453125 0.597656 0.457031 0.597656 0.458984 0.599609 0.460938 0.599609
0 0.888672 0.603516 0.886719 0.605469 0.886719 0.607422 0.884766 0.609375 0.878906 0.609375 0.876953 0.607422 0.876953 0.605469 0.875000 0.603516 0.875000 0.601562 0.876953 0.599609 0.876953 0.597656 0.878906 0.595703 0.884766 0.595703 0.886719 0.597656 0.886719 0.599609 0.888672 0.601562
0 0.916016 0.603516 0.914062 0.605469 0.914062 0.607422 0.912109 0.609375 0.906250 0.609375 0.904297 0.607422 0.904297 0.605469 0.902344 0.603516 0.902344 0.601562 0.904297 0.599609 0.904297 0.597656 0.906250 0.595703 0.912109 0.595703 0.914062 0.597656 0.914062 0.599609 0.916016 0.601562
0 0.041016 0.613281 0.039062 0.613281 0.037109 0.615234 0.033203 0.615234 0.031250 0.613281 0.031250 0.607422 0.033203 0.605469 0.037109 0.605469 0.039062 0.607422 0.041016 0.607422
0 0.765625 0.613281 0.763672 0.613281 0.761719 0.615234 0.757812 0.615234 0.755859 0.613281 0.755859 0.607422 0.757812 0.605469 0.761719 0.605469 0.763672 0.607422 0.765625 0.607422
0 0.753906 0.611328 0.753906 0.615234 0.750000 0.615234 0.748047 0.613281 0.751953 0.609375
0 0.322266 0.617188 0.320312 0.617188 0.318359 0.619141 0.314453 0.619141 0.312500 0.617188 0.312500 0.611328 0.314453 0.609375 0.318359 0.609375 0.320312 0.611328 0.322266 0.611328
0 0.625000 0.625000 0.623047 0.625000 0.621094 0.626953 0.611328 0.626953 0.605469 0.621094 0.605469 0.611328 0.607422 0.609375 0.609375 0.609375 0.609375 0.607422 0.611328 0.605469 0.621094 0.605469 0.626953 0.611328 0.626953 0.621094 0.625000 0.623047
0 0.632812 0.617188 0.630859 0.619141 0.630859 0.621094 0.628906 0.623047 0.623047 0.623047 0.621094 0.621094 0.621094 0.619141 0.619141 0.617188 0.619141 0.615234 0.621094 0.613281 0.621094 0.611328 0.623047 0.609375 0.628906 0.609375 0.630859 0.611328 0.630859 0.613281 0.632812 0.615234
0 0.451172 0.621094 0.449219 0.621094 0.447266 0.623047 0.443359 0.623047 0.441406 0.621094 0.441406 0.615234 0.443359 0.613281 0.447266 0.613281 0.449219 0.615234 0.451172 0.615234
0 0.652344 0.623047 0.650391 0.623047 0.648438 0.625000 0.644531 0.625000 0.642578 0.623047 0.642578 0.617188 0.644531 0.615234 0.648438 0.615234 0.650391 0.617188 0.652344 0.617188
0 0.695312 0.623047 0.693359 0.623047 0.691406 0.625000 0.687500 0.625000 0.685547 0.623047 0.685547 0.617188 0.687500 0.615234 0.691406 0.615234 0.693359 0.617188 0.695312 0.617188
0 0.707031 0.623047 0.705078 0.623047 0.703125 0.625000 0.699219 0.625000 0.697266 0.623047 0.697266 0.617188 0.699219 0.615234 0.703125 0.615234 0.705078 0.617188 0.707031 0.617188
0 0.837891 0.619141 0.837891 0.623047 0.833984 0.623047 0.832031 0.621094 0.835938 0.617188
0 0.232422 0.623047 0.230469 0.625000 0.230469 0.626953 0.228516 0.628906 0.222656 0.628906 0.220703 0.626953 0.220703 0.625000 0.218750 0.623047 0.218750 0.621094 0.220703 0.619141 0.220703 0.617188 0.222656 0.615234 0.228516 0.615234 0.230469 0.617188 0.230469 0.619141 0.232422 0.621094
0 0.306641 0.625000 0.304688 0.625000 0.302734 0.626953 0.298828 0.626953 0.296875 0.625000 0.296875 0.619141 0.298828 0.617188 0.302734 0.617188 0.304688 0.619141 0.306641 0.619141
0 0.466797 0.625000 0.464844 0.625000 0.462891 0.626953 0.458984 0.626953 0.457031 0.625000 0.457031 0.619141 0.458984 0.617188 0.462891 0.617188 0.464844 0.619141 0.466797 0.619141
0 0.039062 0.626953 0.037109 0.626953 0.035156 0.628906 0.031250 0.628906 0.029297 0.626953 0.029297 0.621094 0.031250 0.619141 0.035156 0.619141 0.037109 0.621094 0.039062 0.621094
0 0.435547 0.623047 0.435547 0.626953 0.431641 0.626953 0.429688 0.625000 0.433594 0.621094
0 0.828125 0.623047 0.828125 0.626953 0.824219 0.626953 0.822266 0.625000 0.826172 0.621094
0 0.292969 0.628906 0.291016 0.628906 0.289062 0.630859 0.285156 0.630859 0.283203 0.628906 0.283203 0.623047 0.285156 0.621094 0.289062 0.621094 0.291016 0.623047 0.292969 0.623047
0 0.619141 0.626953 0.617188 0.628906 0.617188 0.630859 0.615234 0.632812 0.609375 0.632812 0.607422 0.630859 0.607422 0.628906 0.605469 0.626953 0.605469 0.625000 0.607422 0.623047 0.607422 0.621094 0.609375 0.619141 0.615234 0.619141 0.617188 0.621094 0.617188 0.623047 0.619141 0.625000
0 0.765625 0.625000 0.765625 0.628906 0.761719 0.628906 0.759766 0.626953 0.763672 0.623047
0 0.287109 0.630859 0.285156 0.630859 0.283203 0.632812 0.279297 0.632812 0.277344 0.630859 0.277344 0.625000 0.279297 0.623047 0.283203 0.623047 0.285156 0.625000 0.287109 0.625000
0 0.263672 0.632812 0.261719 0.632812 0.259766 0.634766 0.255859 0.634766 0.253906 0.632812 0.253906 0.626953 0.255859 0.625000 0.259766 0.625000 0.261719 0.626953 0.263672 0.626953
0 0.275391 0.632812 0.273438 0.632812 0.271484 0.634766 0.267578 0.634766 0.265625 0.632812 0.265625 0.626953 0.267578 0.625000 0.271484 0.625000 0.273438 0.626953 0.275391 0.626953
0 0.441406 0.628906 0.441406 0.632812 0.437500 0.632812 0.435547 0.630859 0.439453 0.626953
0 0.751953 0.628906 0.751953 0.632812 0.748047 0.632812 0.746094 0.630859 0.750000 0.626953
0 0.832031 0.628906 0.832031 0.632812 0.828125 0.632812 0.826172 0.630859 0.830078 0.626953
0 0.927734 0.632812 0.925781 0.632812 0.923828 0.634766 0.919922 0.634766 0.917969 0.632812 0.917969 0.626953 0.919922 0.625000 0.923828 0.625000 0.925781 0.626953 0.927734 0.626953
0 0.716797 0.634766 0.714844 0.634766 0.712891 0.636719 0.708984 0.636719 0.707031 0.634766 0.707031 0.628906 0.708984 0.626953 0.712891 0.626953 0.714844 0.628906 0.716797 0.628906
0 0.824219 0.632812 0.824219 0.636719 0.820312 0.636719 0.818359 0.634766 0.822266 0.630859
0 0.630859 0.636719 0.630859 0.640625 0.626953 0.640625 0.625000 0.638672 0.628906 0.634766
0 0.687500 0.642578 0.685547 0.642578 0.683594 0.644531 0.679688 0.644531 0.677734 0.642578 0.677734 0.636719 0.679688 0.634766 0.683594 0.634766 0.685547 0.636719 0.687500 0.636719
0 0.759766 0.650391 0.757812 0.650391 0.755859 0.652344 0.746094 0.652344 0.740234 0.646484 0.740234 0.636719 0.742188 0.634766 0.744141 0.634766 0.744141 0.632812 0.746094 0.630859 0.755859 0.630859 0.761719 0.636719 0.761719 0.646484 0.759766 0.648438
0 0.943359 0.642578 0.941406 0.644531 0.941406 0.646484 0.939453 0.648438 0.933594 0.648438 0.931641 0.646484 0.931641 0.644531 0.929688 0.642578 0.929688 0.640625 0.931641 0.638672 0.931641 0.636719 0.933594 0.634766 0.939453 0.634766 0.941406 0.636719 0.941406 0.638672 0.943359 0.640625
0 0.986328 0.640625 0.986328 0.644531 0.982422 0.644531 0.980469 0.642578 0.984375 0.638672
0 0.916016 0.644531 0.914062 0.646484 0.914062 0.648438 0.912109 0.650391 0.906250 0.650391 0.904297 0.648438 0.904297 0.646484 0.902344 0.644531 0.902344 0.642578 0.904297 0.640625 0.904297 0.638672 0.906250 0.636719 0.912109 0.636719 0.914062 0.638672 0.914062 0.640625 0.916016 0.642578
0 0.974609 0.644531 0.974609 0.648438 0.970703 0.648438 0.968750 0.646484 0.972656 0.642578
0 0.712891 0.650391 0.710938 0.650391 0.708984 0.652344 0.705078 0.652344 0.703125 0.650391 0.703125 0.644531 0.705078 0.642578 0.708984 0.642578 0.710938 0.644531 0.712891 0.644531
0 0.871094 0.652344 0.869141 0.652344 0.867188 0.654297 0.863281 0.654297 0.861328 0.652344 0.861328 0.646484 0.863281 0.644531 0.867188 0.644531 0.869141 0.646484 0.871094 0.646484
0 0.894531 0.650391 0.894531 0.654297 0.890625 0.654297 0.888672 0.652344 0.892578 0.648438
0 0.072266 0.656250 0.066406 0.662109 0.060547 0.662109 0.054688 0.656250 0.054688 0.650391 0.060547 0.644531 0.066406 0.644531 0.072266 0.650391
0 0.804688 0.652344 0.804688 0.656250 0.800781 0.656250 0.798828 0.654297 0.802734 0.650391
0 0.906250 0.652344 0.906250 0.656250 0.902344 0.656250 0.900391 0.654297 0.904297 0.650391
0 0.589844 0.660156 0.587891 0.660156 0.585938 0.662109 0.582031 0.662109 0.580078 0.660156 0.580078 0.654297 0.582031 0.652344 0.585938 0.652344 0.587891 0.654297 0.589844 0.654297
0 0.767578 0.662109 0.761719 0.667969 0.755859 0.667969 0.750000 0.662109 0.750000 0.656250 0.755859 0.650391 0.761719 0.650391 0.767578 0.656250
0 0.906250 0.662109 0.904297 0.662109 0.902344 0.664062 0.898438 0.664062 0.896484 0.662109 0.896484 0.656250 0.898438 0.654297 0.902344 0.654297 0.904297 0.656250 0.906250 0.656250
0 0.927734 0.660156 0.925781 0.662109 0.925781 0.664062 0.923828 0.666016 0.917969 0.666016 0.916016 0.664062 0.916016 0.662109 0.914062 0.660156 0.914062 0.658203 0.916016 0.656250 0.916016 0.654297 0.917969 0.652344 0.923828 0.652344 0.925781 0.654297 0.925781 0.656250 0.927734 0.658203
0 0.619141 0.660156 0.619141 0.664062 0.615234 0.664062 0.613281 0.662109 0.617188 0.658203
0 0.949219 0.664062 0.947266 0.664062 0.945312 0.666016 0.941406 0.666016 0.939453 0.664062 0.939453 0.658203 0.941406 0.656250 0.945312 0.656250 0.947266 0.658203 0.949219 0.658203
0 0.205078 0.664062 0.203125 0.666016 0.203125 0.667969 0.201172 0.669922 0.195312 0.669922 0.193359 0.667969 0.193359 0.666016 0.191406 0.664062 0.191406 0.662109 0.193359 0.660156 0.193359 0.658203 0.195312 0.656250 0.201172 0.656250 0.203125 0.658203 0.203125 0.660156 0.205078 0.662109
0 0.572266 0.666016 0.570312 0.666016 0.568359 0.667969 0.564453 0.667969 0.562500 0.666016 0.562500 0.660156 0.564453 0.658203 0.568359 0.658203 0.570312 0.660156 0.572266 0.660156
0 0.777344 0.662109 0.777344 0.666016 0.773438 0.666016 0.771484 0.664062 0.775391 0.660156
0 0.087891 0.675781 0.085938 0.675781 0.083984 0.677734 0.074219 0.677734 0.068359 0.671875 0.068359 0.662109 0.070312 0.660156 0.072266 0.660156 0.072266 0.658203 0.074219 0.656250 0.083984 0.656250 0.089844 0.662109 0.089844 0.671875 0.087891 0.673828
0 0.734375 0.667969 0.732422 0.669922 0.732422 0.671875 0.730469 0.673828 0.724609 0.673828 0.722656 0.671875 0.722656 0.669922 0.720703 0.667969 0.720703 0.666016 0.722656 0.664062 0.722656 0.662109 0.724609 0.660156 0.730469 0.660156 0.732422 0.662109 0.732422 0.664062 0.734375 0.666016
0 0.816406 0.669922 0.814453 0.671875 0.814453 0.673828 0.812500 0.675781 0.806641 0.675781 0.804688 0.673828 0.804688 0.671875 0.802734 0.669922 0.802734 0.667969 0.804688 0.666016 0.804688 0.664062 0.806641 0.662109 0.812500 0.662109 0.814453 0.664062 0.814453 0.666016 0.816406 0.667969
0 0.849609 0.667969 0.849609 0.671875 0.845703 0.671875 0.843750 0.669922 0.847656 0.666016
0 0.947266 0.671875 0.945312 0.671875 0.943359 0.673828 0.939453 0.673828 0.937500 0.671875 0.937500 0.666016 0.939453 0.664062 0.943359 0.664062 0.945312 0.666016 0.947266 0.666016
0 0.464844 0.681641 0.462891 0.681641 0.460938 0.683594 0.451172 0.683594 0.445312 0.677734 0.445312 0.667969 0.447266 0.666016 0.449219 0.666016 0.449219 0.664062 0.451172 0.662109 0.460938 0.662109 0.466797 0.667969 0.466797 0.677734 0.464844 0.679688
0 0.511719 0.675781 0.509766 0.677734 0.509766 0.679688 0.507812 0.681641 0.501953 0.681641 0.500000 0.679688 0.500000 0.677734 0.498047 0.675781 0.498047 0.673828 0.500000 0.671875 0.500000 0.669922 0.501953 0.667969 0.507812 0.667969 0.509766 0.669922 0.509766 0.671875 0.511719 0.673828
0 0.603516 0.677734 0.601562 0.677734 0.599609 0.679688 0.595703 0.679688 0.593750 0.677734 0.593750 0.671875 0.595703 0.669922 0.599609 0.669922 0.601562 0.671875 0.603516 0.671875
0 0.712891 0.677734 0.710938 0.677734 0.708984 0.679688 0.705078 0.679688 0.703125 0.677734 0.703125 0.671875 0.705078 0.669922 0.708984 0.669922 0.710938 0.671875 0.712891 0.671875
0 0.751953 0.675781 0.750000 0.677734 0.750000 0.679688 0.748047 0.681641 0.742188 0.681641 0.740234 0.679688 0.740234 0.677734 0.738281 0.675781 0.738281 0.673828 0.740234 0.671875 0.740234 0.669922 0.742188 0.667969 0.748047 0.667969 0.750000 0.669922 0.750000 0.671875 0.751953 0.673828
0 0.935547 0.673828 0.935547 0.677734 0.931641 0.677734 0.929688 0.675781 0.933594 0.671875
0 0.720703 0.675781 0.720703 0.679688 0.716797 0.679688 0.714844 0.677734 0.718750 0.673828
0 0.462891 0.679688 0.460938 0.681641 0.460938 0.683594 0.458984 0.685547 0.453125 0.685547 0.451172 0.683594 0.451172 0.681641 0.449219 0.679688 0.449219 0.677734 0.451172 0.675781 0.451172 0.673828 0.453125 0.671875 0.458984 0.671875 0.460938 0.673828 0.460938 0.675781 0.462891 0.677734
0 0.707031 0.687500 0.705078 0.687500 0.703125 0.689453 0.693359 0.689453 0.687500 0.683594 0.687500 0.673828 0.689453 0.671875 0.691406 0.671875 0.691406 0.669922 0.693359 0.667969 0.703125 0.667969 0.708984 0.673828 0.708984 0.683594 0.707031 0.685547
0 0.841797 0.681641 0.835938 0.687500 0.830078 0.687500 0.824219 0.681641 0.824219 0.675781 0.830078 0.669922 0.835938 0.669922 0.841797 0.675781
0 0.595703 0.681641 0.593750 0.683594 0.593750 0.685547 0.591797 0.687500 0.585938 0.687500 0.583984 0.685547 0.583984 0.683594 0.582031 0.681641 0.582031 0.679688 0.583984 0.677734 0.583984 0.675781 0.585938 0.673828 0.591797 0.673828 0.593750 0.675781 0.593750 0.677734 0.595703 0.679688
0 0.847656 0.685547 0.845703 0.685547 0.843750 0.687500 0.839844 0.687500 0.837891 0.685547 0.837891 0.679688 0.839844 0.677734 0.843750 0.677734 0.845703 0.679688 0.847656 0.679688
0 0.687500 0.689453 0.685547 0.689453 0.683594 0.691406 0.679688 0.691406 0.677734 0.689453 0.677734 0.683594 0.679688 0.681641 0.683594 0.681641 0.685547 0.683594 0.687500 0.683594
0 0.818359 0.689453 0.816406 0.689453 0.814453 0.691406 0.810547 0.691406 0.808594 0.689453 0.808594 0.683594 0.810547 0.681641 0.814453 0.681641 0.816406 0.683594 0.818359 0.683594
0 0.216797 0.689453 0.214844 0.691406 0.214844 0.693359 0.212891 0.695312 0.207031 0.695312 0.205078 0.693359 0.205078 0.691406 0.203125 0.689453 0.203125 0.687500 0.205078 0.685547 0.205078 0.683594 0.207031 0.681641 0.212891 0.681641 0.214844 0.683594 0.214844 0.685547 0.216797 0.687500
0 0.583984 0.687500 0.583984 0.691406 0.580078 0.691406 0.578125 0.689453 0.582031 0.685547
0 0.630859 0.687500 0.630859 0.691406 0.626953 0.691406 0.625000 0.689453 0.628906 0.685547
0 0.640625 0.691406 0.640625 0.695312 0.636719 0.695312 0.634766 0.693359 0.638672 0.689453
0 0.833984 0.691406 0.833984 0.695312 0.830078 0.695312 0.828125 0.693359 0.832031 0.689453
0 0.718750 0.703125 0.716797 0.703125 0.714844 0.705078 0.705078 0.705078 0.699219 0.699219 0.699219 0.689453 0.701172 0.687500 0.703125 0.687500 0.703125 0.685547 0.705078 0.683594 0.714844 0.683594 0.720703 0.689453 0.720703 0.699219 0.718750 0.701172
0 0.529297 0.697266 0.527344 0.699219 0.527344 0.701172 0.525391 0.703125 0.519531 0.703125 0.517578 0.701172 0.517578 0.699219 0.515625 0.697266 0.515625 0.695312 0.517578 0.693359 0.517578 0.691406 0.519531 0.689453 0.525391 0.689453 0.527344 0.691406 0.527344 0.693359 0.529297 0.695312
0 0.630859 0.695312 0.630859 0.699219 0.626953 0.699219 0.625000 0.697266 0.628906 0.693359
0 0.892578 0.699219 0.890625 0.699219 0.888672 0.701172 0.884766 0.701172 0.882812 0.699219 0.882812 0.693359 0.884766 0.691406 0.888672 0.691406 0.890625 0.693359 0.892578 0.693359
0 0.902344 0.695312 0.902344 0.699219 0.898438 0.699219 0.896484 0.697266 0.900391 0.693359
0 0.388672 0.699219 0.386719 0.701172 0.386719 0.703125 0.384766 0.705078 0.378906 0.705078 0.376953 0.703125 0.376953 0.701172 0.375000 0.699219 0.375000 0.697266 0.376953 0.695312 0.376953 0.693359 0.378906 0.691406 0.384766 0.691406 0.386719 0.693359 0.386719 0.695312 0.388672 0.697266
0 0.593750 0.707031 0.591797 0.707031 0.589844 0.708984 0.580078 0.708984 0.574219 0.703125 0.574219 0.693359 0.576172 0.691406 0.578125 0.691406 0.578125 0.689453 0.580078 0.687500 0.589844 0.687500 0.595703 0.693359 0.595703 0.703125 0.593750 0.705078
0 0.847656 0.701172 0.845703 0.701172 0.843750 0.703125 0.839844 0.703125 0.837891 0.701172 0.837891 0.695312 0.839844 0.693359 0.843750 0.693359 0.845703 0.695312 0.847656 0.695312
0 0.447266 0.701172 0.445312 0.703125 0.445312 0.705078 0.443359 0.707031 0.437500 0.707031 0.435547 0.705078 0.435547 0.703125 0.433594 0.701172 0.433594 0.699219 0.435547 0.697266 0.435547 0.695312 0.437500 0.693359 0.443359 0.693359 0.445312 0.695312 0.445312 0.697266 0.447266 0.699219
0 0.839844 0.703125 0.837891 0.703125 0.835938 0.705078 0.832031 0.705078 0.830078 0.703125 0.830078 0.697266 0.832031 0.695312 0.835938 0.695312 0.837891 0.697266 0.839844 0.697266
0 0.763672 0.701172 0.763672 0.705078 0.759766 0.705078 0.757812 0.703125 0.761719 0.699219
0 0.398438 0.707031 0.396484 0.707031 0.394531 0.708984 0.390625 0.708984 0.388672 0.707031 0.388672 0.701172 0.390625 0.699219 0.394531 0.699219 0.396484 0.701172 0.398438 0.701172
0 0.689453 0.707031 0.687500 0.707031 0.685547 0.708984 0.681641 0.708984 0.679688 0.707031 0.679688 0.701172 0.681641 0.699219 0.685547 0.699219 0.687500 0.701172 0.689453 0.701172
0 0.806641 0.705078 0.804688 0.707031 0.804688 0.708984 0.802734 0.710938 0.796875 0.710938 0.794922 0.708984 0.794922 0.707031 0.792969 0.705078 0.792969 0.703125 0.794922 0.701172 0.794922 0.699219 0.796875 0.697266 0.802734 0.697266 0.804688 0.699219 0.804688 0.701172 0.806641 0.703125
0 0.369141 0.708984 0.367188 0.708984 0.365234 0.710938 0.361328 0.710938 0.359375 0.708984 0.359375 0.703125 0.361328 0.701172 0.365234 0.701172 0.367188 0.703125 0.369141 0.703125
0 0.753906 0.707031 0.753906 0.710938 0.750000 0.710938 0.748047 0.708984 0.751953 0.705078
0 0.789062 0.710938 0.787109 0.710938 0.785156 0.712891 0.781250 0.712891 0.779297 0.710938 0.779297 0.705078 0.781250 0.703125 0.785156 0.703125 0.787109 0.705078 0.789062 0.705078
0 0.232422 0.718750 0.230469 0.718750 0.228516 0.720703 0.218750 0.720703 0.212891 0.714844 0.212891 0.705078 0.214844 0.703125 0.216797 0.703125 0.216797 0.701172 0.218750 0.699219 0.228516 0.699219 0.234375 0.705078 0.234375 0.714844 0.232422 0.716797
0 0.246094 0.708984 0.246094 0.712891 0.242188 0.712891 0.240234 0.710938 0.244141 0.707031
0 0.751953 0.710938 0.750000 0.712891 0.750000 0.714844 0.748047 0.716797 0.742188 0.716797 0.740234 0.714844 0.740234 0.712891 0.738281 0.710938 0.738281 0.708984 0.740234 0.707031 0.740234 0.705078 0.742188 0.703125 0.748047 0.703125 0.750000 0.705078 0.750000 0.707031 0.751953 0.708984
0 0.767578 0.708984 0.767578 0.712891 0.763672 0.712891 0.761719 0.710938 0.765625 0.707031
0 0.785156 0.712891 0.779297 0.718750 0.773438 0.718750 0.767578 0.712891 0.767578 0.707031 0.773438 0.701172 0.779297 0.701172 0.785156 0.707031
0 0.833984 0.708984 0.833984 0.712891 0.830078 0.712891 0.828125 0.710938 0.832031 0.707031
0 0.898438 0.710938 0.896484 0.712891 0.896484 0.714844 0.894531 0.716797 0.888672 0.716797 0.886719 0.714844 0.886719 0.712891 0.884766 0.710938 0.884766 0.708984 0.886719 0.707031 0.886719 0.705078 0.888672 0.703125 0.894531 0.703125 0.896484 0.705078 0.896484 0.707031 0.898438 0.708984
0 0.369141 0.714844 0.367188 0.714844 0.365234 0.716797 0.361328 0.716797 0.359375 0.714844 0.359375 0.708984 0.361328 0.707031 0.365234 0.707031 0.367188 0.708984 0.369141 0.708984
0 0.384766 0.710938 0.384766 0.714844 0.380859 0.714844 0.378906 0.712891 0.382812 0.708984
0 0.599609 0.714844 0.597656 0.714844 0.595703 0.716797 0.591797 0.716797 0.589844 0.714844 0.589844 0.708984 0.591797 0.707031 0.595703 0.707031 0.597656 0.708984 0.599609 0.708984
0 0.675781 0.710938 0.675781 0.714844 0.671875 0.714844 0.669922 0.712891 0.673828 0.708984
0 0.730469 0.714844 0.728516 0.714844 0.726562 0.716797 0.722656 0.716797 0.720703 0.714844 0.720703 0.708984 0.722656 0.707031 0.726562 0.707031 0.728516 0.708984 0.730469 0.708984
0 0.142578 0.722656 0.140625 0.722656 0.138672 0.724609 0.128906 0.724609 0.123047 0.718750 0.123047 0.708984 0.125000 0.707031 0.126953 0.707031 0.126953 0.705078 0.128906 0.703125 0.138672 0.703125 0.144531 0.708984 0.144531 0.718750 0.142578 0.720703
0 0.253906 0.712891 0.253906 0.716797 0.250000 0.716797 0.248047 0.714844 0.251953 0.710938
0 0.757812 0.712891 0.757812 0.716797 0.753906 0.716797 0.751953 0.714844 0.755859 0.710938
0 0.853516 0.712891 0.853516 0.716797 0.849609 0.716797 0.847656 0.714844 0.851562 0.710938
0 0.787109 0.718750 0.785156 0.718750 0.783203 0.720703 0.779297 0.720703 0.777344 0.718750 0.777344 0.712891 0.779297 0.710938 0.783203 0.710938 0.785156 0.712891 0.787109 0.712891
0 0.806641 0.718750 0.804688 0.718750 0.802734 0.720703 0.798828 0.720703 0.796875 0.718750 0.796875 0.712891 0.798828 0.710938 0.802734 0.710938 0.804688 0.712891 0.806641 0.712891
0 0.523438 0.722656 0.521484 0.722656 0.519531 0.724609 0.515625 0.724609 0.513672 0.722656 0.513672 0.716797 0.515625 0.714844 0.519531 0.714844 0.521484 0.716797 0.523438 0.716797
0 0.841797 0.718750 0.841797 0.722656 0.837891 0.722656 0.835938 0.720703 0.839844 0.716797
0 0.304688 0.726562 0.302734 0.726562 0.300781 0.728516 0.296875 0.728516 0.294922 0.726562 0.294922 0.720703 0.296875 0.718750 0.300781 0.718750 0.302734 0.720703 0.304688 0.720703
0 0.427734 0.726562 0.421875 0.732422 0.416016 0.732422 0.410156 0.726562 0.410156 0.720703 0.416016 0.714844 0.421875 0.714844 0.427734 0.720703
0 0.546875 0.724609 0.546875 0.728516 0.542969 0.728516 0.541016 0.726562 0.544922 0.722656
0 0.583984 0.726562 0.582031 0.728516 0.582031 0.730469 0.580078 0.732422 0.574219 0.732422 0.572266 0.730469 0.572266 0.728516 0.570312 0.726562 0.570312 0.724609 0.572266 0.722656 0.572266 0.720703 0.574219 0.718750 0.580078 0.718750 0.582031 0.720703 0.582031 0.722656 0.583984 0.724609
0 0.275391 0.730469 0.273438 0.730469 0.271484 0.732422 0.267578 0.732422 0.265625 0.730469 0.265625 0.724609 0.267578 0.722656 0.271484 0.722656 0.273438 0.724609 0.275391 0.724609
0 0.451172 0.728516 0.449219 0.730469 0.449219 0.732422 0.447266 0.734375 0.441406 0.734375 0.439453 0.732422 0.439453 0.730469 0.437500 0.728516 0.437500 0.726562 0.439453 0.724609 0.439453 0.722656 0.441406 0.720703 0.447266 0.720703 0.449219 0.722656 0.449219 0.724609 0.451172 0.726562
0 0.605469 0.730469 0.603516 0.730469 0.601562 0.732422 0.597656 0.732422 0.595703 0.730469 0.595703 0.724609 0.597656 0.722656 0.601562 0.722656 0.603516 0.724609 0.605469 0.724609
0 0.740234 0.730469 0.738281 0.730469 0.736328 0.732422 0.732422 0.732422 0.730469 0.730469 0.730469 0.724609 0.732422 0.722656 0.736328 0.722656 0.738281 0.724609 0.740234 0.724609
0 0.531250 0.738281 0.529297 0.738281 0.527344 0.740234 0.517578 0.740234 0.511719 0.734375 0.511719 0.724609 0.513672 0.722656 0.515625 0.722656 0.515625 0.720703 0.517578 0.718750 0.527344 0.718750 0.533203 0.724609 0.533203 0.734375 0.531250 0.736328
0 0.904297 0.728516 0.904297 0.732422 0.900391 0.732422 0.898438 0.730469 0.902344 0.726562
0 0.269531 0.740234 0.267578 0.740234 0.265625 0.742188 0.255859 0.742188 0.250000 0.736328 0.250000 0.726562 0.251953 0.724609 0.253906 0.724609 0.253906 0.722656 0.255859 0.720703 0.265625 0.720703 0.271484 0.726562 0.271484 0.736328 0.269531 0.738281
0 0.755859 0.732422 0.755859 0.736328 0.751953 0.736328 0.750000 0.734375 0.753906 0.730469
0 0.830078 0.732422 0.830078 0.736328 0.826172 0.736328 0.824219 0.734375 0.828125 0.730469
0 0.636719 0.734375 0.636719 0.738281 0.632812 0.738281 0.630859 0.736328 0.634766 0.732422
0 0.669922 0.738281 0.667969 0.738281 0.666016 0.740234 0.662109 0.740234 0.660156 0.738281 0.660156 0.732422 0.662109 0.730469 0.666016 0.730469 0.667969 0.732422 0.669922 0.732422
0 0.679688 0.740234 0.677734 0.740234 0.675781 0.742188 0.671875 0.742188 0.669922 0.740234 0.669922 0.734375 0.671875 0.732422 0.675781 0.732422 0.677734 0.734375 0.679688 0.734375
0 0.251953 0.742188 0.250000 0.742188 0.248047 0.744141 0.244141 0.744141 0.242188 0.742188 0.242188 0.736328 0.244141 0.734375 0.248047 0.734375 0.250000 0.736328 0.251953 0.736328
0 0.339844 0.740234 0.337891 0.742188 0.337891 0.744141 0.335938 0.746094 0.330078 0.746094 0.328125 0.744141 0.328125 0.742188 0.326172 0.740234 0.326172 0.738281 0.328125 0.736328 0.328125 0.734375 0.330078 0.732422 0.335938 0.732422 0.337891 0.734375 0.337891 0.736328 0.339844 0.738281
0 0.623047 0.742188 0.621094 0.742188 0.619141 0.744141 0.615234 0.744141 0.613281 0.742188 0.613281 0.736328 0.615234 0.734375 0.619141 0.734375 0.621094 0.736328 0.623047 0.736328
0 0.748047 0.738281 0.748047 0.742188 0.744141 0.742188 0.742188 0.740234 0.746094 0.736328
0 0.824219 0.738281 0.824219 0.742188 0.820312 0.742188 0.818359 0.740234 0.822266 0.736328
0 0.886719 0.738281 0.886719 0.742188 0.882812 0.742188 0.880859 0.740234 0.884766 0.736328
0 0.351562 0.744141 0.349609 0.744141 0.347656 0.746094 0.343750 0.746094 0.341797 0.744141 0.341797 0.738281 0.343750 0.736328 0.347656 0.736328 0.349609 0.738281 0.351562 0.738281
0 0.087891 0.746094 0.085938 0.746094 0.083984 0.748047 0.080078 0.748047 0.078125 0.746094 0.078125 0.740234 0.080078 0.738281 0.083984 0.738281 0.085938 0.740234 0.087891 0.740234
0 0.113281 0.746094 0.111328 0.746094 0.109375 0.748047 0.105469 0.748047 0.103516 0.746094 0.103516 0.740234 0.105469 0.738281 0.109375 0.738281 0.111328 0.740234 0.113281 0.740234
0 0.851562 0.742188 0.851562 0.746094 0.847656 0.746094 0.845703 0.744141 0.849609 0.740234
0 0.511719 0.746094 0.509766 0.748047 0.509766 0.750000 0.507812 0.751953 0.501953 0.751953 0.500000 0.750000 0.500000 0.748047 0.498047 0.746094 0.498047 0.744141 0.500000 0.742188 0.500000 0.740234 0.501953 0.738281 0.507812 0.738281 0.509766 0.740234 0.509766 0.742188 0.511719 0.744141
0 0.660156 0.748047 0.658203 0.750000 0.658203 0.751953 0.656250 0.753906 0.650391 0.753906 0.648438 0.751953 0.648438 0.750000 0.646484 0.748047 0.646484 0.746094 0.648438 0.744141 0.648438 0.742188 0.650391 0.740234 0.656250 0.740234 0.658203 0.742188 0.658203 0.744141 0.660156 0.746094
0 0.830078 0.746094 0.830078 0.750000 0.826172 0.750000 0.824219 0.748047 0.828125 0.744141
0 0.916016 0.755859 0.914062 0.755859 0.912109 0.757812 0.902344 0.757812 0.896484 0.751953 0.896484 0.742188 0.898438 0.740234 0.900391 0.740234 0.900391 0.738281 0.902344 0.736328 0.912109 0.736328 0.917969 0.742188 0.917969 0.751953 0.916016 0.753906
0 0.294922 0.750000 0.292969 0.751953 0.292969 0.753906 0.291016 0.755859 0.285156 0.755859 0.283203 0.753906 0.283203 0.751953 0.281250 0.750000 0.281250 0.748047 0.283203 0.746094 0.283203 0.744141 0.285156 0.742188 0.291016 0.742188 0.292969 0.744141 0.292969 0.746094 0.294922 0.748047
0 0.898438 0.751953 0.896484 0.751953 0.894531 0.753906 0.890625 0.753906 0.888672 0.751953 0.888672 0.746094 0.890625 0.744141 0.894531 0.744141 0.896484 0.746094 0.898438 0.746094
0 0.533203 0.753906 0.531250 0.753906 0.529297 0.755859 0.525391 0.755859 0.523438 0.753906 0.523438 0.748047 0.525391 0.746094 0.529297 0.746094 0.531250 0.748047 0.533203 0.748047
0 0.542969 0.755859 0.537109 0.761719 0.531250 0.761719 0.525391 0.755859 0.525391 0.750000 0.531250 0.744141 0.537109 0.744141 0.542969 0.750000
0 0.925781 0.753906 0.923828 0.755859 0.923828 0.757812 0.921875 0.759766 0.916016 0.759766 0.914062 0.757812 0.914062 0.755859 0.912109 0.753906 0.912109 0.751953 0.914062 0.750000 0.914062 0.748047 0.916016 0.746094 0.921875 0.746094 0.923828 0.748047 0.923828 0.750000 0.925781 0.751953
0 0.431641 0.755859 0.429688 0.757812 0.429688 0.759766 0.427734 0.761719 0.421875 0.761719 0.419922 0.759766 0.419922 0.757812 0.417969 0.755859 0.417969 0.753906 0.419922 0.751953 0.419922 0.750000 0.421875 0.748047 0.427734 0.748047 0.429688 0.750000 0.429688 0.751953 0.431641 0.753906
0 0.673828 0.757812 0.671875 0.757812 0.669922 0.759766 0.666016 0.759766 0.664062 0.757812 0.664062 0.751953 0.666016 0.750000 0.669922 0.750000 0.671875 0.751953 0.673828 0.751953
0 0.667969 0.757812 0.666016 0.759766 0.666016 0.761719 0.664062 0.763672 0.658203 0.763672 0.656250 0.761719 0.656250 0.759766 0.654297 0.757812 0.654297 0.755859 0.656250 0.753906 0.656250 0.751953 0.658203 0.750000 0.664062 0.750000 0.666016 0.751953 0.666016 0.753906 0.667969 0.755859
0 0.791016 0.761719 0.789062 0.761719 0.787109 0.763672 0.783203 0.763672 0.781250 0.761719 0.781250 0.755859 0.783203 0.753906 0.787109 0.753906 0.789062 0.755859 0.791016 0.755859
0 0.849609 0.757812 0.849609 0.761719 0.845703 0.761719 0.843750 0.759766 0.847656 0.755859
0 0.365234 0.761719 0.363281 0.763672 0.363281 0.765625 0.361328 0.767578 0.355469 0.767578 0.353516 0.765625 0.353516 0.763672 0.351562 0.761719 0.351562 0.759766 0.353516 0.757812 0.353516 0.755859 0.355469 0.753906 0.361328 0.753906 0.363281 0.755859 0.363281 0.757812 0.365234 0.759766
0 0.753906 0.763672 0.751953 0.763672 0.750000 0.765625 0.746094 0.765625 0.744141 0.763672 0.744141 0.757812 0.746094 0.755859 0.750000 0.755859 0.751953 0.757812 0.753906 0.757812
0 0.250000 0.771484 0.248047 0.771484 0.246094 0.773438 0.236328 0.773438 0.230469 0.767578 0.230469 0.757812 0.232422 0.755859 0.234375 0.755859 0.234375 0.753906 0.236328 0.751953 0.246094 0.751953 0.251953 0.757812 0.251953 0.767578 0.250000 0.769531
0 0.615234 0.763672 0.613281 0.765625 0.613281 0.767578 0.611328 0.769531 0.605469 0.769531 0.603516 0.767578 0.603516 0.765625 0.601562 0.763672 0.601562 0.761719 0.603516 0.759766 0.603516 0.757812 0.605469 0.755859 0.611328 0.755859 0.613281 0.757812 0.613281 0.759766 0.615234 0.761719
0 0.933594 0.763672 0.931641 0.765625 0.931641 0.767578 0.929688 0.769531 0.923828 0.769531 0.921875 0.767578 0.921875 0.765625 0.919922 0.763672 0.919922 0.761719 0.921875 0.759766 0.921875 0.757812 0.923828 0.755859 0.929688 0.755859 0.931641 0.757812 0.931641 0.759766 0.933594 0.761719
0 0.234375 0.767578 0.232422 0.767578 0.230469 0.769531 0.226562 0.769531 0.224609 0.767578 0.224609 0.761719 0.226562 0.759766 0.230469 0.759766 0.232422 0.761719 0.234375 0.761719
0 0.316406 0.767578 0.310547 0.773438 0.304688 0.773438 0.298828 0.767578 0.298828 0.761719 0.304688 0.755859 0.310547 0.755859 0.316406 0.761719
0 0.412109 0.767578 0.410156 0.767578 0.408203 0.769531 0.404297 0.769531 0.402344 0.767578 0.402344 0.761719 0.404297 0.759766 0.408203 0.759766 0.410156 0.761719 0.412109 0.761719
0 0.630859 0.763672 0.630859 0.767578 0.626953 0.767578 0.625000 0.765625 0.628906 0.761719
0 0.779297 0.767578 0.777344 0.767578 0.775391 0.769531 0.771484 0.769531 0.769531 0.767578 0.769531 0.761719 0.771484 0.759766 0.775391 0.759766 0.777344 0.761719 0.779297 0.761719
0 0.382812 0.767578 0.380859 0.769531 0.380859 0.771484 0.378906 0.773438 0.373047 0.773438 0.371094 0.771484 0.371094 0.769531 0.369141 0.767578 0.369141 0.765625 0.371094 0.763672 0.371094 0.761719 0.373047 0.759766 0.378906 0.759766 0.380859 0.761719 0.380859 0.763672 0.382812 0.765625
0 0.509766 0.769531 0.507812 0.769531 0.505859 0.771484 0.501953 0.771484 0.500000 0.769531 0.500000 0.763672 0.501953 0.761719 0.505859 0.761719 0.507812 0.763672 0.509766 0.763672
0 0.845703 0.765625 0.845703 0.769531 0.841797 0.769531 0.839844 0.767578 0.843750 0.763672
0 0.806641 0.769531 0.804688 0.771484 0.804688 0.773438 0.802734 0.775391 0.796875 0.775391 0.794922 0.773438 0.794922 0.771484 0.792969 0.769531 0.792969 0.767578 0.794922 0.765625 0.794922 0.763672 0.796875 0.761719 0.802734 0.761719 0.804688 0.763672 0.804688 0.765625 0.806641 0.767578
0 0.251953 0.773438 0.250000 0.773438 0.248047 0.775391 0.244141 0.775391 0.242188 0.773438 0.242188 0.767578 0.244141 0.765625 0.248047 0.765625 0.250000 0.767578 0.251953 0.767578
0 0.296875 0.773438 0.291016 0.779297 0.285156 0.779297 0.279297 0.773438 0.279297 0.767578 0.285156 0.761719 0.291016 0.761719 0.296875 0.767578
0 0.453125 0.773438 0.447266 0.779297 0.441406 0.779297 0.435547 0.773438 0.435547 0.767578 0.441406 0.761719 0.447266 0.761719 0.453125 0.767578
0 0.906250 0.773438 0.900391 0.779297 0.894531 0.779297 0.888672 0.773438 0.888672 0.767578 0.894531 0.761719 0.900391 0.761719 0.906250 0.767578
0 0.931641 0.773438 0.929688 0.773438 0.927734 0.775391 0.923828 0.775391 0.921875 0.773438 0.921875 0.767578 0.923828 0.765625 0.927734 0.765625 0.929688 0.767578 0.931641 0.767578
0 0.275391 0.775391 0.273438 0.775391 0.271484 0.777344 0.267578 0.777344 0.265625 0.775391 0.265625 0.769531 0.267578 0.767578 0.271484 0.767578 0.273438 0.769531 0.275391 0.769531
0 0.783203 0.775391 0.781250 0.777344 0.781250 0.779297 0.779297 0.781250 0.773438 0.781250 0.771484 0.779297 0.771484 0.777344 0.769531 0.775391 0.769531 0.773438 0.771484 0.771484 0.771484 0.769531 0.773438 0.767578 0.779297 0.767578 0.781250 0.769531 0.781250 0.771484 0.783203 0.773438
0 0.800781 0.773438 0.800781 0.777344 0.796875 0.777344 0.794922 0.775391 0.798828 0.771484
0 0.884766 0.773438 0.884766 0.777344 0.880859 0.777344 0.878906 0.775391 0.882812 0.771484
0 0.998047 0.779297 0.994141 0.779297 0.992188 0.777344 0.992188 0.771484 0.994141 0.769531 0.998047 0.769531
0 0.726562 0.775391 0.726562 0.779297 0.722656 0.779297 0.720703 0.777344 0.724609 0.773438
0 0.736328 0.775391 0.736328 0.779297 0.732422 0.779297 0.730469 0.777344 0.734375 0.773438
0 0.757812 0.779297 0.755859 0.779297 0.753906 0.781250 0.750000 0.781250 0.748047 0.779297 0.748047 0.773438 0.750000 0.771484 0.753906 0.771484 0.755859 0.773438 0.757812 0.773438
0 0.841797 0.785156 0.839844 0.785156 0.837891 0.787109 0.828125 0.787109 0.822266 0.781250 0.822266 0.771484 0.824219 0.769531 0.826172 0.769531 0.826172 0.767578 0.828125 0.765625 0.837891 0.765625 0.843750 0.771484 0.843750 0.781250 0.841797 0.783203
0 0.916016 0.781250 0.914062 0.781250 0.912109 0.783203 0.908203 0.783203 0.906250 0.781250 0.906250 0.775391 0.908203 0.773438 0.912109 0.773438 0.914062 0.775391 0.916016 0.775391
0 0.150391 0.781250 0.148438 0.783203 0.148438 0.785156 0.146484 0.787109 0.140625 0.787109 0.138672 0.785156 0.138672 0.783203 0.136719 0.781250 0.136719 0.779297 0.138672 0.777344 0.138672 0.775391 0.140625 0.773438 0.146484 0.773438 0.148438 0.775391 0.148438 0.777344 0.150391 0.779297
0 0.394531 0.783203 0.392578 0.783203 0.390625 0.785156 0.386719 0.785156 0.384766 0.783203 0.384766 0.777344 0.386719 0.775391 0.390625 0.775391 0.392578 0.777344 0.394531 0.777344
0 0.593750 0.789062 0.591797 0.789062 0.589844 0.791016 0.580078 0.791016 0.574219 0.785156 0.574219 0.775391 0.576172 0.773438 0.578125 0.773438 0.578125 0.771484 0.580078 0.769531 0.589844 0.769531 0.595703 0.775391 0.595703 0.785156 0.593750 0.787109
0 0.640625 0.783203 0.638672 0.783203 0.636719 0.785156 0.632812 0.785156 0.630859 0.783203 0.630859 0.777344 0.632812 0.775391 0.636719 0.775391 0.638672 0.777344 0.640625 0.777344
0 0.890625 0.779297 0.890625 0.783203 0.886719 0.783203 0.884766 0.781250 0.888672 0.777344
0 0.101562 0.781250 0.101562 0.785156 0.097656 0.785156 0.095703 0.783203 0.099609 0.779297
0 0.792969 0.781250 0.792969 0.785156 0.789062 0.785156 0.787109 0.783203 0.791016 0.779297
0 0.998047 0.791016 0.994141 0.791016 0.988281 0.785156 0.988281 0.779297 0.994141 0.773438 0.998047 0.773438
0 0.507812 0.787109 0.505859 0.787109 0.503906 0.789062 0.500000 0.789062 0.498047 0.787109 0.498047 0.781250 0.500000 0.779297 0.503906 0.779297 0.505859 0.781250 0.507812 0.781250
0 0.634766 0.787109 0.632812 0.787109 0.630859 0.789062 0.626953 0.789062 0.625000 0.787109 0.625000 0.781250 0.626953 0.779297 0.630859 0.779297 0.632812 0.781250 0.634766 0.781250
0 0.724609 0.783203 0.724609 0.787109 0.720703 0.787109 0.718750 0.785156 0.722656 0.781250
0 0.738281 0.783203 0.738281 0.787109 0.734375 0.787109 0.732422 0.785156 0.736328 0.781250
0 0.359375 0.789062 0.357422 0.789062 0.355469 0.791016 0.351562 0.791016 0.349609 0.789062 0.349609 0.783203 0.351562 0.781250 0.355469 0.781250 0.357422 0.783203 0.359375 0.783203
0 0.492188 0.789062 0.490234 0.789062 0.488281 0.791016 0.484375 0.791016 0.482422 0.789062 0.482422 0.783203 0.484375 0.781250 0.488281 0.781250 0.490234 0.783203 0.492188 0.783203
0 0.548828 0.789062 0.542969 0.794922 0.537109 0.794922 0.531250 0.789062 0.531250 0.783203 0.537109 0.777344 0.542969 0.777344 0.548828 0.783203
0 0.820312 0.785156 0.820312 0.789062 0.816406 0.789062 0.814453 0.787109 0.818359 0.783203
0 0.111328 0.787109 0.111328 0.791016 0.107422 0.791016 0.105469 0.789062 0.109375 0.785156
0 0.630859 0.791016 0.625000 0.796875 0.619141 0.796875 0.613281 0.791016 0.613281 0.785156 0.619141 0.779297 0.625000 0.779297 0.630859 0.785156
0 0.732422 0.789062 0.732422 0.792969 0.728516 0.792969 0.726562 0.791016 0.730469 0.787109
0 0.224609 0.794922 0.222656 0.794922 0.220703 0.796875 0.216797 0.796875 0.214844 0.794922 0.214844 0.789062 0.216797 0.787109 0.220703 0.787109 0.222656 0.789062 0.224609 0.789062
0 0.832031 0.791016 0.832031 0.794922 0.828125 0.794922 0.826172 0.792969 0.830078 0.789062
0 0.193359 0.794922 0.191406 0.796875 0.191406 0.798828 0.189453 0.800781 0.183594 0.800781 0.181641 0.798828 0.181641 0.796875 0.179688 0.794922 0.179688 0.792969 0.181641 0.791016 0.181641 0.789062 0.183594 0.787109 0.189453 0.787109 0.191406 0.789062 0.191406 0.791016 0.193359 0.792969
0 0.458984 0.796875 0.457031 0.796875 0.455078 0.798828 0.451172 0.798828 0.449219 0.796875 0.449219 0.791016 0.451172 0.789062 0.455078 0.789062 0.457031 0.791016 0.458984 0.791016
0 0.658203 0.798828 0.656250 0.798828 0.654297 0.800781 0.650391 0.800781 0.648438 0.798828 0.648438 0.792969 0.650391 0.791016 0.654297 0.791016 0.656250 0.792969 0.658203 0.792969
0 0.798828 0.794922 0.798828 0.798828 0.794922 0.798828 0.792969 0.796875 0.796875 0.792969
0 0.998047 0.792969 0.998047 0.798828 0.996094 0.798828 0.994141 0.796875
0 0.886719 0.796875 0.886719 0.800781 0.882812 0.800781 0.880859 0.798828 0.884766 0.794922
0 0.267578 0.802734 0.265625 0.802734 0.263672 0.804688 0.259766 0.804688 0.257812 0.802734 0.257812 0.796875 0.259766 0.794922 0.263672 0.794922 0.265625 0.796875 0.267578 0.796875
0 0.611328 0.808594 0.609375 0.808594 0.607422 0.810547 0.597656 0.810547 0.591797 0.804688 0.591797 0.794922 0.593750 0.792969 0.595703 0.792969 0.595703 0.791016 0.597656 0.789062 0.607422 0.789062 0.613281 0.794922 0.613281 0.804688 0.611328 0.806641
0 0.828125 0.800781 0.826172 0.802734 0.826172 0.804688 0.824219 0.806641 0.818359 0.806641 0.816406 0.804688 0.816406 0.802734 0.814453 0.800781 0.814453 0.798828 0.816406 0.796875 0.816406 0.794922 0.818359 0.792969 0.824219 0.792969 0.826172 0.794922 0.826172 0.796875 0.828125 0.798828
0 0.833984 0.798828 0.833984 0.802734 0.830078 0.802734 0.828125 0.800781 0.832031 0.796875
0 0.839844 0.798828 0.839844 0.802734 0.835938 0.802734 0.833984 0.800781 0.837891 0.796875
0 0.376953 0.806641 0.375000 0.806641 0.373047 0.808594 0.369141 0.808594 0.367188 0.806641 0.367188 0.800781 0.369141 0.798828 0.373047 0.798828 0.375000 0.800781 0.376953 0.800781
0 0.804688 0.804688 0.802734 0.806641 0.802734 0.808594 0.800781 0.810547 0.794922 0.810547 0.792969 0.808594 0.792969 0.806641 0.791016 0.804688 0.791016 0.802734 0.792969 0.800781 0.792969 0.798828 0.794922 0.796875 0.800781 0.796875 0.802734 0.798828 0.802734 0.800781 0.804688 0.802734
0 0.140625 0.808594 0.134766 0.814453 0.128906 0.814453 0.123047 0.808594 0.123047 0.802734 0.128906 0.796875 0.134766 0.796875 0.140625 0.802734
0 0.449219 0.808594 0.447266 0.808594 0.445312 0.810547 0.441406 0.810547 0.439453 0.808594 0.439453 0.802734 0.441406 0.800781 0.445312 0.800781 0.447266 0.802734 0.449219 0.802734
0 0.419922 0.816406 0.417969 0.816406 0.416016 0.818359 0.406250 0.818359 0.400391 0.812500 0.400391 0.802734 0.402344 0.800781 0.404297 0.800781 0.404297 0.798828 0.406250 0.796875 0.416016 0.796875 0.421875 0.802734 0.421875 0.812500 0.419922 0.814453
0 0.603516 0.810547 0.601562 0.810547 0.599609 0.812500 0.595703 0.812500 0.593750 0.810547 0.593750 0.804688 0.595703 0.802734 0.599609 0.802734 0.601562 0.804688 0.603516 0.804688
0 0.880859 0.806641 0.880859 0.810547 0.876953 0.810547 0.875000 0.808594 0.878906 0.804688
0 0.970703 0.806641 0.970703 0.810547 0.966797 0.810547 0.964844 0.808594 0.968750 0.804688
0 0.531250 0.812500 0.525391 0.818359 0.519531 0.818359 0.513672 0.812500 0.513672 0.806641 0.519531 0.800781 0.525391 0.800781 0.531250 0.806641
0 0.630859 0.818359 0.628906 0.818359 0.626953 0.820312 0.617188 0.820312 0.611328 0.814453 0.611328 0.804688 0.613281 0.802734 0.615234 0.802734 0.615234 0.800781 0.617188 0.798828 0.626953 0.798828 0.632812 0.804688 0.632812 0.814453 0.630859 0.816406
0 0.720703 0.808594 0.720703 0.812500 0.716797 0.812500 0.714844 0.810547 0.718750 0.806641
0 0.777344 0.810547 0.777344 0.814453 0.773438 0.814453 0.771484 0.812500 0.775391 0.808594
0 0.810547 0.814453 0.808594 0.814453 0.806641 0.816406 0.802734 0.816406 0.800781 0.814453 0.800781 0.808594 0.802734 0.806641 0.806641 0.806641 0.808594 0.808594 0.810547 0.808594
0 0.677734 0.818359 0.675781 0.818359 0.673828 0.820312 0.669922 0.820312 0.667969 0.818359 0.667969 0.812500 0.669922 0.810547 0.673828 0.810547 0.675781 0.812500 0.677734 0.812500
0 0.716797 0.814453 0.716797 0.818359 0.712891 0.818359 0.710938 0.816406 0.714844 0.812500
0 0.974609 0.816406 0.974609 0.820312 0.970703 0.820312 0.968750 0.818359 0.972656 0.814453
0 0.310547 0.822266 0.308594 0.822266 0.306641 0.824219 0.302734 0.824219 0.300781 0.822266 0.300781 0.816406 0.302734 0.814453 0.306641 0.814453 0.308594 0.816406 0.310547 0.816406
0 0.626953 0.822266 0.625000 0.822266 0.623047 0.824219 0.619141 0.824219 0.617188 0.822266 0.617188 0.816406 0.619141 0.814453 0.623047 0.814453 0.625000 0.816406 0.626953 0.816406
0 0.648438 0.820312 0.646484 0.822266 0.646484 0.824219 0.644531 0.826172 0.638672 0.826172 0.636719 0.824219 0.636719 0.822266 0.634766 0.820312 0.634766 0.818359 0.636719 0.816406 0.636719 0.814453 0.638672 0.812500 0.644531 0.812500 0.646484 0.814453 0.646484 0.816406 0.648438 0.818359
0 0.789062 0.822266 0.787109 0.822266 0.785156 0.824219 0.781250 0.824219 0.779297 0.822266 0.779297 0.816406 0.781250 0.814453 0.785156 0.814453 0.787109 0.816406 0.789062 0.816406
0 0.853516 0.818359 0.853516 0.822266 0.849609 0.822266 0.847656 0.820312 0.851562 0.816406
0 0.597656 0.824219 0.595703 0.824219 0.593750 0.826172 0.589844 0.826172 0.587891 0.824219 0.587891 0.818359 0.589844 0.816406 0.593750 0.816406 0.595703 0.818359 0.597656 0.818359
0 0.722656 0.820312 0.722656 0.824219 0.718750 0.824219 0.716797 0.822266 0.720703 0.818359
0 0.271484 0.822266 0.271484 0.826172 0.267578 0.826172 0.265625 0.824219 0.269531 0.820312
0 0.431641 0.822266 0.431641 0.826172 0.427734 0.826172 0.425781 0.824219 0.429688 0.820312
0 0.654297 0.822266 0.654297 0.826172 0.650391 0.826172 0.648438 0.824219 0.652344 0.820312
0 0.667969 0.826172 0.666016 0.826172 0.664062 0.828125 0.660156 0.828125 0.658203 0.826172 0.658203 0.820312 0.660156 0.818359 0.664062 0.818359 0.666016 0.820312 0.667969 0.820312
0 0.753906 0.822266 0.753906 0.826172 0.750000 0.826172 0.748047 0.824219 0.751953 0.820312
0 0.769531 0.826172 0.767578 0.826172 0.765625 0.828125 0.761719 0.828125 0.759766 0.826172 0.759766 0.820312 0.761719 0.818359 0.765625 0.818359 0.767578 0.820312 0.769531 0.820312
0 0.804688 0.824219 0.804688 0.828125 0.800781 0.828125 0.798828 0.826172 0.802734 0.822266
0 0.919922 0.828125 0.917969 0.828125 0.916016 0.830078 0.912109 0.830078 0.910156 0.828125 0.910156 0.822266 0.912109 0.820312 0.916016 0.820312 0.917969 0.822266 0.919922 0.822266
0 0.498047 0.826172 0.498047 0.830078 0.494141 0.830078 0.492188 0.828125 0.496094 0.824219
0 0.843750 0.826172 0.843750 0.830078 0.839844 0.830078 0.837891 0.828125 0.841797 0.824219
0 0.855469 0.826172 0.855469 0.830078 0.851562 0.830078 0.849609 0.828125 0.853516 0.824219
0 0.277344 0.828125 0.277344 0.832031 0.273438 0.832031 0.271484 0.830078 0.275391 0.826172
0 0.425781 0.828125 0.425781 0.832031 0.421875 0.832031 0.419922 0.830078 0.423828 0.826172
0 0.775391 0.828125 0.775391 0.832031 0.771484 0.832031 0.769531 0.830078 0.773438 0.826172
0 0.181641 0.833984 0.175781 0.839844 0.169922 0.839844 0.164062 0.833984 0.164062 0.828125 0.169922 0.822266 0.175781 0.822266 0.181641 0.828125
0 0.630859 0.833984 0.628906 0.833984 0.626953 0.835938 0.623047 0.835938 0.621094 0.833984 0.621094 0.828125 0.623047 0.826172 0.626953 0.826172 0.628906 0.828125 0.630859 0.828125
0 0.904297 0.833984 0.902344 0.833984 0.900391 0.835938 0.896484 0.835938 0.894531 0.833984 0.894531 0.828125 0.896484 0.826172 0.900391 0.826172 0.902344 0.828125 0.904297 0.828125
0 0.394531 0.835938 0.392578 0.835938 0.390625 0.837891 0.386719 0.837891 0.384766 0.835938 0.384766 0.830078 0.386719 0.828125 0.390625 0.828125 0.392578 0.830078 0.394531 0.830078
0 0.490234 0.835938 0.488281 0.835938 0.486328 0.837891 0.482422 0.837891 0.480469 0.835938 0.480469 0.830078 0.482422 0.828125 0.486328 0.828125 0.488281 0.830078 0.490234 0.830078
0 0.609375 0.835938 0.607422 0.835938 0.605469 0.837891 0.601562 0.837891 0.599609 0.835938 0.599609 0.830078 0.601562 0.828125 0.605469 0.828125 0.607422 0.830078 0.609375 0.830078
0 0.455078 0.837891 0.453125 0.837891 0.451172 0.839844 0.447266 0.839844 0.445312 0.837891 0.445312 0.832031 0.447266 0.830078 0.451172 0.830078 0.453125 0.832031 0.455078 0.832031
0 0.501953 0.833984 0.501953 0.837891 0.498047 0.837891 0.496094 0.835938 0.500000 0.832031
0 0.533203 0.835938 0.531250 0.837891 0.531250 0.839844 0.529297 0.841797 0.523438 0.841797 0.521484 0.839844 0.521484 0.837891 0.519531 0.835938 0.519531 0.833984 0.521484 0.832031 0.521484 0.830078 0.523438 0.828125 0.529297 0.828125 0.531250 0.830078 0.531250 0.832031 0.533203 0.833984
0 0.623047 0.837891 0.621094 0.837891 0.619141 0.839844 0.615234 0.839844 0.613281 0.837891 0.613281 0.832031 0.615234 0.830078 0.619141 0.830078 0.621094 0.832031 0.623047 0.832031
0 0.474609 0.843750 0.472656 0.843750 0.470703 0.845703 0.466797 0.845703 0.464844 0.843750 0.464844 0.837891 0.466797 0.835938 0.470703 0.835938 0.472656 0.837891 0.474609 0.837891
0 0.492188 0.839844 0.492188 0.843750 0.488281 0.843750 0.486328 0.841797 0.490234 0.837891
0 0.916016 0.843750 0.914062 0.845703 0.914062 0.847656 0.912109 0.849609 0.906250 0.849609 0.904297 0.847656 0.904297 0.845703 0.902344 0.843750 0.902344 0.841797 0.904297 0.839844 0.904297 0.837891 0.906250 0.835938 0.912109 0.835938 0.914062 0.837891 0.914062 0.839844 0.916016 0.841797
0 0.462891 0.849609 0.460938 0.849609 0.458984 0.851562 0.455078 0.851562 0.453125 0.849609 0.453125 0.843750 0.455078 0.841797 0.458984 0.841797 0.460938 0.843750 0.462891 0.843750
0 0.179688 0.857422 0.177734 0.859375 0.177734 0.861328 0.175781 0.863281 0.169922 0.863281 0.167969 0.861328 0.167969 0.859375 0.166016 0.857422 0.166016 0.855469 0.167969 0.853516 0.167969 0.851562 0.169922 0.849609 0.175781 0.849609 0.177734 0.851562 0.177734 0.853516 0.179688 0.855469
0 0.552734 0.857422 0.550781 0.859375 0.550781 0.861328 0.548828 0.863281 0.542969 0.863281 0.541016 0.861328 0.541016 0.859375 0.539062 0.857422 0.539062 0.855469 0.541016 0.853516 0.541016 0.851562 0.542969 0.849609 0.548828 0.849609 0.550781 0.851562 0.550781 0.853516 0.552734 0.855469
0 0.720703 0.855469 0.720703 0.859375 0.716797 0.859375 0.714844 0.857422 0.718750 0.853516
0 0.406250 0.863281 0.404297 0.863281 0.402344 0.865234 0.398438 0.865234 0.396484 0.863281 0.396484 0.857422 0.398438 0.855469 0.402344 0.855469 0.404297 0.857422 0.406250 0.857422
0 0.728516 0.859375 0.728516 0.863281 0.724609 0.863281 0.722656 0.861328 0.726562 0.857422
0 0.365234 0.865234 0.363281 0.865234 0.361328 0.867188 0.357422 0.867188 0.355469 0.865234 0.355469 0.859375 0.357422 0.857422 0.361328 0.857422 0.363281 0.859375 0.365234 0.859375
0 0.136719 0.865234 0.134766 0.867188 0.134766 0.869141 0.132812 0.871094 0.126953 0.871094 0.125000 0.869141 0.125000 0.867188 0.123047 0.865234 0.123047 0.863281 0.125000 0.861328 0.125000 0.859375 0.126953 0.857422 0.132812 0.857422 0.134766 0.859375 0.134766 0.861328 0.136719 0.863281
0 0.714844 0.865234 0.714844 0.869141 0.710938 0.869141 0.708984 0.867188 0.712891 0.863281
0 0.812500 0.869141 0.810547 0.871094 0.810547 0.873047 0.808594 0.875000 0.802734 0.875000 0.800781 0.873047 0.800781 0.871094 0.798828 0.869141 0.798828 0.867188 0.800781 0.865234 0.800781 0.863281 0.802734 0.861328 0.808594 0.861328 0.810547 0.863281 0.810547 0.865234 0.812500 0.867188
0 0.380859 0.873047 0.378906 0.873047 0.376953 0.875000 0.373047 0.875000 0.371094 0.873047 0.371094 0.867188 0.373047 0.865234 0.376953 0.865234 0.378906 0.867188 0.380859 0.867188
0 0.138672 0.878906 0.136719 0.878906 0.134766 0.880859 0.130859 0.880859 0.128906 0.878906 0.128906 0.873047 0.130859 0.871094 0.134766 0.871094 0.136719 0.873047 0.138672 0.873047
0 0.169922 0.876953 0.167969 0.878906 0.167969 0.880859 0.166016 0.882812 0.160156 0.882812 0.158203 0.880859 0.158203 0.878906 0.156250 0.876953 0.156250 0.875000 0.158203 0.873047 0.158203 0.871094 0.160156 0.869141 0.166016 0.869141 0.167969 0.871094 0.167969 0.873047 0.169922 0.875000
0 0.726562 0.876953 0.724609 0.878906 0.724609 0.880859 0.722656 0.882812 0.716797 0.882812 0.714844 0.880859 0.714844 0.878906 0.712891 0.876953 0.712891 0.875000 0.714844 0.873047 0.714844 0.871094 0.716797 0.869141 0.722656 0.869141 0.724609 0.871094 0.724609 0.873047 0.726562 0.875000
0 0.365234 0.880859 0.363281 0.880859 0.361328 0.882812 0.357422 0.882812 0.355469 0.880859 0.355469 0.875000 0.357422 0.873047 0.361328 0.873047 0.363281 0.875000 0.365234 0.875000
0 0.615234 0.882812 0.613281 0.882812 0.611328 0.884766 0.607422 0.884766 0.605469 0.882812 0.605469 0.876953 0.607422 0.875000 0.611328 0.875000 0.613281 0.876953 0.615234 0.876953
0 0.632812 0.882812 0.630859 0.882812 0.628906 0.884766 0.625000 0.884766 0.623047 0.882812 0.623047 0.876953 0.625000 0.875000 0.628906 0.875000 0.630859 0.876953 0.632812 0.876953
0 0.998047 0.886719 0.994141 0.886719 0.992188 0.884766 0.992188 0.878906 0.994141 0.876953 0.998047 0.876953
0 0.396484 0.884766 0.394531 0.886719 0.394531 0.888672 0.392578 0.890625 0.386719 0.890625 0.384766 0.888672 0.384766 0.886719 0.382812 0.884766 0.382812 0.882812 0.384766 0.880859 0.384766 0.878906 0.386719 0.876953 0.392578 0.876953 0.394531 0.878906 0.394531 0.880859 0.396484 0.882812
0 0.873047 0.886719 0.871094 0.886719 0.869141 0.888672 0.865234 0.888672 0.863281 0.886719 0.863281 0.880859 0.865234 0.878906 0.869141 0.878906 0.871094 0.880859 0.873047 0.880859
0 0.892578 0.886719 0.890625 0.886719 0.888672 0.888672 0.884766 0.888672 0.882812 0.886719 0.882812 0.880859 0.884766 0.878906 0.888672 0.878906 0.890625 0.880859 0.892578 0.880859
0 0.906250 0.882812 0.906250 0.886719 0.902344 0.886719 0.900391 0.884766 0.904297 0.880859
0 0.945312 0.886719 0.939453 0.892578 0.933594 0.892578 0.927734 0.886719 0.927734 0.880859 0.933594 0.875000 0.939453 0.875000 0.945312 0.880859
0 0.773438 0.884766 0.773438 0.888672 0.769531 0.888672 0.767578 0.886719 0.771484 0.882812
0 0.820312 0.888672 0.818359 0.890625 0.818359 0.892578 0.816406 0.894531 0.810547 0.894531 0.808594 0.892578 0.808594 0.890625 0.806641 0.888672 0.806641 0.886719 0.808594 0.884766 0.808594 0.882812 0.810547 0.880859 0.816406 0.880859 0.818359 0.882812 0.818359 0.884766 0.820312 0.886719
0 0.414062 0.890625 0.414062 0.894531 0.410156 0.894531 0.408203 0.892578 0.412109 0.888672
0 0.968750 0.892578 0.966797 0.894531 0.966797 0.896484 0.964844 0.898438 0.958984 0.898438 0.957031 0.896484 0.957031 0.894531 0.955078 0.892578 0.955078 0.890625 0.957031 0.888672 0.957031 0.886719 0.958984 0.884766 0.964844 0.884766 0.966797 0.886719 0.966797 0.888672 0.968750 0.890625
0 0.716797 0.892578 0.716797 0.896484 0.712891 0.896484 0.710938 0.894531 0.714844 0.890625
0 0.796875 0.894531 0.794922 0.896484 0.794922 0.898438 0.792969 0.900391 0.787109 0.900391 0.785156 0.898438 0.785156 0.896484 0.783203 0.894531 0.783203 0.892578 0.785156 0.890625 0.785156 0.888672 0.787109 0.886719 0.792969 0.886719 0.794922 0.888672 0.794922 0.890625 0.796875 0.892578
0 0.363281 0.898438 0.361328 0.898438 0.359375 0.900391 0.355469 0.900391 0.353516 0.898438 0.353516 0.892578 0.355469 0.890625 0.359375 0.890625 0.361328 0.892578 0.363281 0.892578
0 0.769531 0.898438 0.767578 0.898438 0.765625 0.900391 0.761719 0.900391 0.759766 0.898438 0.759766 0.892578 0.761719 0.890625 0.765625 0.890625 0.767578 0.892578 0.769531 0.892578
0 0.775391 0.908203 0.769531 0.914062 0.763672 0.914062 0.757812 0.908203 0.757812 0.902344 0.763672 0.896484 0.769531 0.896484 0.775391 0.902344
0 0.783203 0.906250 0.781250 0.908203 0.781250 0.910156 0.779297 0.912109 0.773438 0.912109 0.771484 0.910156 0.771484 0.908203 0.769531 0.906250 0.769531 0.904297 0.771484 0.902344 0.771484 0.900391 0.773438 0.898438 0.779297 0.898438 0.781250 0.900391 0.781250 0.902344 0.783203 0.904297
0 0.791016 0.908203 0.785156 0.914062 0.779297 0.914062 0.773438 0.908203 0.773438 0.902344 0.779297 0.896484 0.785156 0.896484 0.791016 0.902344
0 0.996094 0.908203 0.994141 0.908203 0.992188 0.910156 0.988281 0.910156 0.986328 0.908203 0.986328 0.902344 0.988281 0.900391 0.992188 0.900391 0.994141 0.902344 0.996094 0.902344
0 0.416016 0.914062 0.414062 0.914062 0.412109 0.916016 0.408203 0.916016 0.406250 0.914062 0.406250 0.908203 0.408203 0.906250 0.412109 0.906250 0.414062 0.908203 0.416016 0.908203
0 0.388672 0.914062 0.386719 0.916016 0.386719 0.917969 0.384766 0.919922 0.378906 0.919922 0.376953 0.917969 0.376953 0.916016 0.375000 0.914062 0.375000 0.912109 0.376953 0.910156 0.376953 0.908203 0.378906 0.906250 0.384766 0.906250 0.386719 0.908203 0.386719 0.910156 0.388672 0.912109
0 0.953125 0.916016 0.947266 0.921875 0.941406 0.921875 0.935547 0.916016 0.935547 0.910156 0.941406 0.904297 0.947266 0.904297 0.953125 0.910156
0 0.353516 0.917969 0.351562 0.919922 0.351562 0.921875 0.349609 0.923828 0.343750 0.923828 0.341797 0.921875 0.341797 0.919922 0.339844 0.917969 0.339844 0.916016 0.341797 0.914062 0.341797 0.912109 0.343750 0.910156 0.349609 0.910156 0.351562 0.912109 0.351562 0.914062 0.353516 0.916016
0 0.597656 0.916016 0.597656 0.919922 0.593750 0.919922 0.591797 0.917969 0.595703 0.914062
0 0.771484 0.916016 0.771484 0.919922 0.767578 0.919922 0.765625 0.917969 0.769531 0.914062
0 0.929688 0.919922 0.923828 0.925781 0.917969 0.925781 0.912109 0.919922 0.912109 0.914062 0.917969 0.908203 0.923828 0.908203 0.929688 0.914062
0 0.419922 0.921875 0.417969 0.921875 0.416016 0.923828 0.412109 0.923828 0.410156 0.921875 0.410156 0.916016 0.412109 0.914062 0.416016 0.914062 0.417969 0.916016 0.419922 0.916016
0 0.603516 0.921875 0.603516 0.925781 0.599609 0.925781 0.597656 0.923828 0.601562 0.919922
0 0.972656 0.925781 0.970703 0.925781 0.968750 0.927734 0.964844 0.927734 0.962891 0.925781 0.962891 0.919922 0.964844 0.917969 0.968750 0.917969 0.970703 0.919922 0.972656 0.919922
0 0.378906 0.925781 0.376953 0.927734 0.376953 0.929688 0.375000 0.931641 0.369141 0.931641 0.367188 0.929688 0.367188 0.927734 0.365234 0.925781 0.365234 0.923828 0.367188 0.921875 0.367188 0.919922 0.369141 0.917969 0.375000 0.917969 0.376953 0.919922 0.376953 0.921875 0.378906 0.923828
0 0.789062 0.923828 0.789062 0.927734 0.785156 0.927734 0.783203 0.925781 0.787109 0.921875
0 0.912109 0.923828 0.912109 0.927734 0.908203 0.927734 0.906250 0.925781 0.910156 0.921875
0 0.591797 0.925781 0.591797 0.929688 0.587891 0.929688 0.585938 0.927734 0.589844 0.923828
0 0.773438 0.929688 0.771484 0.929688 0.769531 0.931641 0.765625 0.931641 0.763672 0.929688 0.763672 0.923828 0.765625 0.921875 0.769531 0.921875 0.771484 0.923828 0.773438 0.923828
0 0.685547 0.931641 0.683594 0.931641 0.681641 0.933594 0.677734 0.933594 0.675781 0.931641 0.675781 0.925781 0.677734 0.923828 0.681641 0.923828 0.683594 0.925781 0.685547 0.925781
0 0.410156 0.933594 0.408203 0.933594 0.406250 0.935547 0.402344 0.935547 0.400391 0.933594 0.400391 0.927734 0.402344 0.925781 0.406250 0.925781 0.408203 0.927734 0.410156 0.927734
0 0.578125 0.933594 0.576172 0.933594 0.574219 0.935547 0.570312 0.935547 0.568359 0.933594 0.568359 0.927734 0.570312 0.925781 0.574219 0.925781 0.576172 0.927734 0.578125 0.927734
0 0.623047 0.929688 0.623047 0.933594 0.619141 0.933594 0.617188 0.931641 0.621094 0.927734
0 0.634766 0.929688 0.634766 0.933594 0.630859 0.933594 0.628906 0.931641 0.632812 0.927734
0 0.779297 0.935547 0.777344 0.937500 0.777344 0.939453 0.775391 0.941406 0.769531 0.941406 0.767578 0.939453 0.767578 0.937500 0.765625 0.935547 0.765625 0.933594 0.767578 0.931641 0.767578 0.929688 0.769531 0.927734 0.775391 0.927734 0.777344 0.929688 0.777344 0.931641 0.779297 0.933594
0 0.968750 0.937500 0.966797 0.937500 0.964844 0.939453 0.960938 0.939453 0.958984 0.937500 0.958984 0.931641 0.960938 0.929688 0.964844 0.929688 0.966797 0.931641 0.968750 0.931641
0 0.628906 0.935547 0.628906 0.939453 0.625000 0.939453 0.623047 0.937500 0.626953 0.933594
0 0.908203 0.939453 0.906250 0.939453 0.904297 0.941406 0.900391 0.941406 0.898438 0.939453 0.898438 0.933594 0.900391 0.931641 0.904297 0.931641 0.906250 0.933594 0.908203 0.933594
0 0.332031 0.939453 0.330078 0.941406 0.330078 0.943359 0.328125 0.945312 0.322266 0.945312 0.320312 0.943359 0.320312 0.941406 0.318359 0.939453 0.318359 0.937500 0.320312 0.935547 0.320312 0.933594 0.322266 0.931641 0.328125 0.931641 0.330078 0.933594 0.330078 0.935547 0.332031 0.937500
0 0.675781 0.937500 0.675781 0.941406 0.671875 0.941406 0.669922 0.939453 0.673828 0.935547
0 0.740234 0.941406 0.738281 0.941406 0.736328 0.943359 0.732422 0.943359 0.730469 0.941406 0.730469 0.935547 0.732422 0.933594 0.736328 0.933594 0.738281 0.935547 0.740234 0.935547
0 0.697266 0.943359 0.695312 0.943359 0.693359 0.945312 0.689453 0.945312 0.687500 0.943359 0.687500 0.937500 0.689453 0.935547 0.693359 0.935547 0.695312 0.937500 0.697266 0.937500
0 0.583984 0.941406 0.583984 0.945312 0.580078 0.945312 0.578125 0.943359 0.582031 0.939453
0 0.763672 0.951172 0.761719 0.951172 0.759766 0.953125 0.750000 0.953125 0.744141 0.947266 0.744141 0.937500 0.746094 0.935547 0.748047 0.935547 0.748047 0.933594 0.750000 0.931641 0.759766 0.931641 0.765625 0.937500 0.765625 0.947266 0.763672 0.949219
0 0.894531 0.941406 0.894531 0.945312 0.890625 0.945312 0.888672 0.943359 0.892578 0.939453
0 0.306641 0.947266 0.304688 0.947266 0.302734 0.949219 0.298828 0.949219 0.296875 0.947266 0.296875 0.941406 0.298828 0.939453 0.302734 0.939453 0.304688 0.941406 0.306641 0.941406
0 0.734375 0.945312 0.734375 0.949219 0.730469 0.949219 0.728516 0.947266 0.732422 0.943359
0 0.847656 0.947266 0.845703 0.949219 0.845703 0.951172 0.843750 0.953125 0.837891 0.953125 0.835938 0.951172 0.835938 0.949219 0.833984 0.947266 0.833984 0.945312 0.835938 0.943359 0.835938 0.941406 0.837891 0.939453 0.843750 0.939453 0.845703 0.941406 0.845703 0.943359 0.847656 0.945312
0 0.968750 0.955078 0.966797 0.955078 0.964844 0.957031 0.955078 0.957031 0.949219 0.951172 0.949219 0.941406 0.951172 0.939453 0.953125 0.939453 0.953125 0.937500 0.955078 0.935547 0.964844 0.935547 0.970703 0.941406 0.970703 0.951172 0.968750 0.953125
0 0.898438 0.947266 0.898438 0.951172 0.894531 0.951172 0.892578 0.949219 0.896484 0.945312
0 0.232422 0.951172 0.230469 0.953125 0.230469 0.955078 0.228516 0.957031 0.222656 0.957031 0.220703 0.955078 0.220703 0.953125 0.218750 0.951172 0.218750 0.949219 0.220703 0.947266 0.220703 0.945312 0.222656 0.943359 0.228516 0.943359 0.230469 0.945312 0.230469 0.947266 0.232422 0.949219
0 0.291016 0.957031 0.289062 0.957031 0.287109 0.958984 0.283203 0.958984 0.281250 0.957031 0.281250 0.951172 0.283203 0.949219 0.287109 0.949219 0.289062 0.951172 0.291016 0.951172
0 0.250000 0.957031 0.248047 0.958984 0.248047 0.960938 0.246094 0.962891 0.240234 0.962891 0.238281 0.960938 0.238281 0.958984 0.236328 0.957031 0.236328 0.955078 0.238281 0.953125 0.238281 0.951172 0.240234 0.949219 0.246094 0.949219 0.248047 0.951172 0.248047 0.953125 0.250000 0.955078
0 0.333984 0.958984 0.332031 0.958984 0.330078 0.960938 0.326172 0.960938 0.324219 0.958984 0.324219 0.953125 0.326172 0.951172 0.330078 0.951172 0.332031 0.953125 0.333984 0.953125
0 0.603516 0.960938 0.601562 0.960938 0.599609 0.962891 0.595703 0.962891 0.593750 0.960938 0.593750 0.955078 0.595703 0.953125 0.599609 0.953125 0.601562 0.955078 0.603516 0.955078
0 0.755859 0.958984 0.753906 0.960938 0.753906 0.962891 0.751953 0.964844 0.746094 0.964844 0.744141 0.962891 0.744141 0.960938 0.742188 0.958984 0.742188 0.957031 0.744141 0.955078 0.744141 0.953125 0.746094 0.951172 0.751953 0.951172 0.753906 0.953125 0.753906 0.955078 0.755859 0.957031
0 0.962891 0.958984 0.960938 0.960938 0.960938 0.962891 0.958984 0.964844 0.953125 0.964844 0.951172 0.962891 0.951172 0.960938 0.949219 0.958984 0.949219 0.957031 0.951172 0.955078 0.951172 0.953125 0.953125 0.951172 0.958984 0.951172 0.960938 0.953125 0.960938 0.955078 0.962891 0.957031
0 0.666016 0.962891 0.664062 0.962891 0.662109 0.964844 0.658203 0.964844 0.656250 0.962891 0.656250 0.957031 0.658203 0.955078 0.662109 0.955078 0.664062 0.957031 0.666016 0.957031
0 0.972656 0.962891 0.970703 0.962891 0.968750 0.964844 0.964844 0.964844 0.962891 0.962891 0.962891 0.957031 0.964844 0.955078 0.968750 0.955078 0.970703 0.957031 0.972656 0.957031
0 0.585938 0.964844 0.583984 0.964844 0.582031 0.966797 0.578125 0.966797 0.576172 0.964844 0.576172 0.958984 0.578125 0.957031 0.582031 0.957031 0.583984 0.958984 0.585938 0.958984
0 0.826172 0.964844 0.824219 0.964844 0.822266 0.966797 0.818359 0.966797 0.816406 0.964844 0.816406 0.958984 0.818359 0.957031 0.822266 0.957031 0.824219 0.958984 0.826172 0.958984
0 0.291016 0.962891 0.291016 0.966797 0.287109 0.966797 0.285156 0.964844 0.289062 0.960938
0 0.687500 0.974609 0.685547 0.974609 0.683594 0.976562 0.673828 0.976562 0.667969 0.970703 0.667969 0.960938 0.669922 0.958984 0.671875 0.958984 0.671875 0.957031 0.673828 0.955078 0.683594 0.955078 0.689453 0.960938 0.689453 0.970703 0.687500 0.972656
0 0.697266 0.964844 0.697266 0.968750 0.693359 0.968750 0.691406 0.966797 0.695312 0.962891
0 0.839844 0.968750 0.837891 0.968750 0.835938 0.970703 0.832031 0.970703 0.830078 0.968750 0.830078 0.962891 0.832031 0.960938 0.835938 0.960938 0.837891 0.962891 0.839844 0.962891
0 0.318359 0.970703 0.316406 0.970703 0.314453 0.972656 0.310547 0.972656 0.308594 0.970703 0.308594 0.964844 0.310547 0.962891 0.314453 0.962891 0.316406 0.964844 0.318359 0.964844
0 0.779297 0.968750 0.777344 0.970703 0.777344 0.972656 0.775391 0.974609 0.769531 0.974609 0.767578 0.972656 0.767578 0.970703 0.765625 0.968750 0.765625 0.966797 0.767578 0.964844 0.767578 0.962891 0.769531 0.960938 0.775391 0.960938 0.777344 0.962891 0.777344 0.964844 0.779297 0.966797
0 0.576172 0.968750 0.576172 0.972656 0.572266 0.972656 0.570312 0.970703 0.574219 0.966797
0 0.714844 0.972656 0.712891 0.972656 0.710938 0.974609 0.707031 0.974609 0.705078 0.972656 0.705078 0.966797 0.707031 0.964844 0.710938 0.964844 0.712891 0.966797 0.714844 0.966797
0 0.750000 0.978516 0.748047 0.978516 0.746094 0.980469 0.736328 0.980469 0.730469 0.974609 0.730469 0.964844 0.732422 0.962891 0.734375 0.962891 0.734375 0.960938 0.736328 0.958984 0.746094 0.958984 0.751953 0.964844 0.751953 0.974609 0.750000 0.976562
0 0.306641 0.974609 0.304688 0.974609 0.302734 0.976562 0.298828 0.976562 0.296875 0.974609 0.296875 0.968750 0.298828 0.966797 0.302734 0.966797 0.304688 0.968750 0.306641 0.968750
0 0.615234 0.974609 0.613281 0.974609 0.611328 0.976562 0.607422 0.976562 0.605469 0.974609 0.605469 0.968750 0.607422 0.966797 0.611328 0.966797 0.613281 0.968750 0.615234 0.968750
0 0.648438 0.976562 0.646484 0.976562 0.644531 0.978516 0.640625 0.978516 0.638672 0.976562 0.638672 0.970703 0.640625 0.968750 0.644531 0.968750 0.646484 0.970703 0.648438 0.970703
0 0.595703 0.976562 0.593750 0.978516 0.593750 0.980469 0.591797 0.982422 0.585938 0.982422 0.583984 0.980469 0.583984 0.978516 0.582031 0.976562 0.582031 0.974609 0.583984 0.972656 0.583984 0.970703 0.585938 0.968750 0.591797 0.968750 0.593750 0.970703 0.593750 0.972656 0.595703 0.974609
0 0.828125 0.974609 0.828125 0.978516 0.824219 0.978516 0.822266 0.976562 0.826172 0.972656
0 0.955078 0.978516 0.949219 0.984375 0.943359 0.984375 0.937500 0.978516 0.937500 0.972656 0.943359 0.966797 0.949219 0.966797 0.955078 0.972656
0 0.726562 0.980469 0.724609 0.980469 0.722656 0.982422 0.718750 0.982422 0.716797 0.980469 0.716797 0.974609 0.718750 0.972656 0.722656 0.972656 0.724609 0.974609 0.726562 0.974609
0 0.464844 0.980469 0.464844 0.984375 0.460938 0.984375 0.458984 0.982422 0.462891 0.978516
0 0.759766 0.986328 0.753906 0.992188 0.748047 0.992188 0.742188 0.986328 0.742188 0.980469 0.748047 0.974609 0.753906 0.974609 0.759766 0.980469
0 0.835938 0.986328 0.830078 0.992188 0.824219 0.992188 0.818359 0.986328 0.818359 0.980469 0.824219 0.974609 0.830078 0.974609 0.835938 0.980469
0 0.455078 0.984375 0.455078 0.988281 0.451172 0.988281 0.449219 0.986328 0.453125 0.982422
0 0.962891 0.988281 0.957031 0.994141 0.951172 0.994141 0.945312 0.988281 0.945312 0.982422 0.951172 0.976562 0.957031 0.976562 0.962891 0.982422
0 0.464844 0.988281 0.464844 0.992188 0.460938 0.992188 0.458984 0.990234 0.462891 0.986328
0 0.781250 0.992188 0.781250 0.996094 0.777344 0.996094 0.775391 0.994141 0.779297 0.990234
0 0.789062 0.992188 0.789062 0.996094 0.785156 0.996094 0.783203 0.994141 0.787109 0.990234
0 0.777344 0.996094 0.775391 0.998047 0.765625 0.998047 0.763672 0.996094 0.763672 0.994141 0.765625 0.992188 0.765625 0.990234 0.767578 0.988281 0.773438 0.988281 0.775391 0.990234 0.775391 0.992188 0.777344 0.994141
0 0.210938 0.998047 0.197266 0.998047 0.197266 0.996094 0.199219 0.994141 0.199219 0.992188 0.201172 0.990234 0.207031 0.990234 0.208984 0.992188 0.208984 0.994141 0.210938 0.996094
0 0.263672 0.998047 0.246094 0.998047 0.246094 0.994141 0.251953 0.988281 0.257812 0.988281 0.263672 0.994141
0 0.464844 0.998047 0.451172 0.998047 0.451172 0.996094 0.453125 0.994141 0.453125 0.992188 0.455078 0.990234 0.460938 0.990234 0.462891 0.992188 0.462891 0.994141 0.464844 0.996094
0 0.650391 0.998047 0.640625 0.998047 0.640625 0.994141 0.642578 0.992188 0.646484 0.992188 0.648438 0.994141 0.650391 0.994141
0 0.695312 0.998047 0.673828 0.998047 0.673828 0.992188 0.675781 0.990234 0.677734 0.990234 0.677734 0.988281 0.679688 0.986328 0.689453 0.986328 0.695312 0.992188
0 0.730469 0.998047 0.716797 0.998047 0.716797 0.996094 0.718750 0.994141 0.718750 0.992188 0.720703 0.990234 0.726562 0.990234 0.728516 0.992188 0.728516 0.994141 0.730469 0.996094
0 0.857422 0.998047 0.843750 0.998047 0.843750 0.996094 0.845703 0.994141 0.845703 0.992188 0.847656 0.990234 0.853516 0.990234 0.855469 0.992188 0.855469 0.994141 0.857422 0.996094
0 0.867188 0.996094 0.867188 0.998047 0.861328 0.998047 0.865234 0.994141
0 0.921875 0.998047 0.908203 0.998047 0.908203 0.996094 0.910156 0.994141 0.910156 0.992188 0.912109 0.990234 0.917969 0.990234 0.919922 0.992188 0.919922 0.994141 0.921875 0.996094
0 0.998047 0.988281 0.998047 0.998047 0.988281 0.998047 0.988281 0.994141 0.994141 0.988281
