0 0.171875 0.054688 0.167969 0.058594 0.167969 0.060547 0.169922 0.062500 0.169922 0.064453 0.171875 0.066406 0.175781 0.066406 0.179688 0.062500 0.179688 0.058594 0.175781 0.054688
0 0.111328 0.068359 0.107422 0.072266 0.107422 0.074219 0.109375 0.076172 0.109375 0.078125 0.111328 0.078125 0.113281 0.080078 0.115234 0.080078 0.119141 0.076172 0.119141 0.070312 0.117188 0.068359
1 0.000000 0.072266 0.000000 0.082031 0.001953 0.082031 0.001953 0.078125 0.003906 0.076172 0.003906 0.074219 0.001953 0.074219
0 0.158203 0.103516 0.156250 0.105469 0.156250 0.109375 0.158203 0.111328 0.160156 0.111328 0.162109 0.109375 0.162109 0.105469 0.160156 0.103516
0 0.255859 0.113281 0.253906 0.115234 0.253906 0.119141 0.255859 0.121094 0.259766 0.121094 0.261719 0.119141 0.261719 0.115234 0.259766 0.113281
0 0.210938 0.134766 0.210938 0.136719 0.212891 0.138672 0.216797 0.138672 0.218750 0.140625 0.220703 0.138672 0.222656 0.138672 0.222656 0.136719 0.216797 0.130859 0.214844 0.130859
0 0.328125 0.167969 0.330078 0.169922 0.332031 0.167969
1 0.023438 0.179688 0.021484 0.179688 0.019531 0.181641 0.019531 0.183594 0.015625 0.187500 0.017578 0.189453 0.019531 0.189453 0.023438 0.185547 0.023438 0.183594 0.025391 0.181641
1 0.121094 0.189453 0.121094 0.191406 0.123047 0.193359 0.125000 0.193359 0.126953 0.191406 0.128906 0.191406 0.130859 0.193359 0.130859 0.191406 0.128906 0.191406 0.126953 0.189453 0.125000 0.189453 0.123047 0.187500
1 0.015625 0.193359 0.013672 0.193359 0.011719 0.195312 0.003906 0.195312 0.001953 0.197266 0.000000 0.197266 0.000000 0.212891 0.001953 0.212891 0.003906 0.210938 0.003906 0.208984 0.001953 0.207031 0.007812 0.201172 0.009766 0.201172 0.015625 0.197266
0 0.267578 0.207031 0.265625 0.208984 0.267578 0.208984
0 0.744141 0.208984 0.742188 0.210938 0.742188 0.216797 0.746094 0.220703 0.750000 0.220703 0.751953 0.218750 0.751953 0.210938 0.750000 0.208984
1 0.062500 0.212891 0.062500 0.214844 0.064453 0.216797 0.068359 0.216797 0.072266 0.220703 0.072266 0.222656 0.076172 0.222656 0.082031 0.228516 0.082031 0.232422 0.083984 0.232422 0.085938 0.230469 0.085938 0.224609 0.087891 0.222656 0.095703 0.222656 0.093750 0.220703 0.093750 0.218750 0.093750 0.220703 0.091797 0.222656 0.087891 0.222656 0.085938 0.220703 0.083984 0.220703 0.080078 0.216797 0.078125 0.218750 0.076172 0.216797 0.068359 0.216797 0.066406 0.214844 0.064453 0.214844
0 0.796875 0.232422 0.794922 0.234375 0.794922 0.236328 0.796875 0.238281 0.798828 0.238281 0.800781 0.236328 0.798828 0.234375 0.798828 0.232422
0 0.267578 0.234375 0.259766 0.234375 0.255859 0.238281 0.255859 0.242188 0.259766 0.246094 0.263672 0.246094 0.269531 0.240234 0.269531 0.236328
1 0.693359 0.248047 0.691406 0.248047 0.691406 0.250000 0.689453 0.251953 0.691406 0.253906 0.693359 0.251953
0 0.550781 0.250000 0.548828 0.251953 0.548828 0.255859 0.550781 0.255859 0.552734 0.253906 0.552734 0.251953
0 0.287109 0.261719 0.285156 0.259766 0.283203 0.261719
1 0.361328 0.271484 0.359375 0.269531 0.357422 0.271484 0.355469 0.271484 0.355469 0.273438 0.359375 0.273438
0 0.294922 0.292969 0.294922 0.294922 0.296875 0.294922 0.296875 0.292969
0 0.396484 0.294922 0.396484 0.296875 0.398438 0.298828 0.400391 0.298828 0.402344 0.296875 0.400391 0.294922
0 0.960938 0.306641 0.958984 0.308594 0.958984 0.312500 0.960938 0.314453 0.962891 0.314453 0.964844 0.312500 0.964844 0.308594 0.962891 0.306641
0 0.316406 0.326172 0.312500 0.326172 0.312500 0.328125 0.314453 0.330078 0.316406 0.328125
0 0.611328 0.328125 0.611328 0.335938 0.613281 0.337891 0.619141 0.337891 0.623047 0.333984 0.628906 0.333984 0.625000 0.333984 0.621094 0.330078 0.621094 0.328125 0.619141 0.326172 0.613281 0.326172
0 0.878906 0.326172 0.876953 0.324219 0.875000 0.326172 0.875000 0.328125 0.878906 0.328125
0 0.968750 0.324219 0.968750 0.326172 0.970703 0.326172 0.970703 0.324219
0 0.468750 0.330078 0.468750 0.332031 0.470703 0.332031 0.470703 0.330078
0 0.490234 0.328125 0.486328 0.328125 0.484375 0.330078 0.484375 0.332031 0.486328 0.333984 0.488281 0.333984 0.490234 0.332031
0 0.226562 0.335938 0.224609 0.337891 0.226562 0.339844 0.228516 0.339844 0.230469 0.337891 0.228516 0.335938
0 0.306641 0.347656 0.304688 0.345703 0.302734 0.347656 0.302734 0.349609 0.306641 0.349609
0 0.595703 0.365234 0.597656 0.375000 0.603516 0.380859 0.617188 0.382812 0.626953 0.375000 0.634766 0.375000 0.638672 0.371094 0.640625 0.357422 0.638672 0.353516 0.636719 0.353516 0.628906 0.359375 0.625000 0.359375 0.615234 0.351562 0.605469 0.351562 0.599609 0.355469
0 0.275391 0.355469 0.273438 0.357422 0.275391 0.359375 0.277344 0.359375 0.277344 0.357422
0 0.291016 0.355469 0.287109 0.359375 0.289062 0.361328 0.291016 0.361328 0.292969 0.359375 0.292969 0.357422
0 0.568359 0.361328 0.568359 0.363281 0.570312 0.365234 0.572266 0.365234 0.574219 0.363281 0.576172 0.363281 0.574219 0.361328 0.574219 0.359375 0.570312 0.359375
0 0.763672 0.359375 0.763672 0.361328 0.765625 0.363281 0.767578 0.363281 0.767578 0.361328 0.765625 0.359375
0 0.306641 0.367188 0.304688 0.369141 0.310547 0.375000 0.310547 0.378906 0.314453 0.378906 0.312500 0.376953 0.312500 0.371094 0.314453 0.369141 0.312500 0.367188
1 0.302734 0.380859 0.304688 0.382812 0.302734 0.384766 0.302734 0.386719 0.304688 0.388672 0.302734 0.390625 0.302734 0.392578 0.300781 0.394531 0.298828 0.394531 0.296875 0.396484 0.296875 0.398438 0.298828 0.398438 0.300781 0.396484 0.304688 0.396484 0.304688 0.388672 0.306641 0.386719 0.306641 0.384766
1 0.570312 0.380859 0.572266 0.380859 0.574219 0.382812 0.574219 0.380859
1 0.326172 0.388672 0.328125 0.390625 0.328125 0.394531 0.330078 0.396484 0.332031 0.396484 0.333984 0.394531 0.333984 0.392578 0.332031 0.390625 0.330078 0.390625 0.328125 0.388672
0 0.964844 0.386719 0.964844 0.388672 0.966797 0.390625 0.966797 0.392578 0.968750 0.392578 0.970703 0.390625 0.970703 0.386719
0 0.406250 0.394531 0.408203 0.396484 0.412109 0.396484 0.412109 0.394531 0.410156 0.392578 0.408203 0.392578
1 0.351562 0.402344 0.347656 0.402344 0.345703 0.404297 0.343750 0.404297 0.339844 0.408203 0.337891 0.408203 0.335938 0.410156 0.335938 0.416016 0.337891 0.416016 0.339844 0.414062 0.343750 0.414062 0.345703 0.412109 0.345703 0.410156 0.351562 0.404297
0 0.369141 0.412109 0.367188 0.414062 0.367188 0.419922 0.371094 0.419922 0.375000 0.423828 0.373047 0.425781 0.375000 0.429688 0.375000 0.433594 0.376953 0.437500 0.380859 0.439453 0.382812 0.435547 0.388672 0.429688 0.390625 0.429688 0.392578 0.425781 0.384766 0.421875 0.378906 0.421875 0.375000 0.417969 0.376953 0.414062 0.373047 0.412109
0 0.312500 0.419922 0.310547 0.419922 0.308594 0.421875 0.308594 0.423828 0.310547 0.425781 0.312500 0.423828
0 0.908203 0.419922 0.908203 0.423828 0.910156 0.425781 0.912109 0.425781 0.914062 0.423828 0.914062 0.419922
0 0.792969 0.425781 0.792969 0.431641 0.794922 0.435547 0.796875 0.435547 0.802734 0.441406 0.802734 0.445312 0.804688 0.447266 0.812500 0.449219 0.814453 0.451172 0.820312 0.451172 0.824219 0.449219 0.826172 0.445312 0.826172 0.437500 0.820312 0.431641 0.808594 0.429688 0.800781 0.421875 0.796875 0.421875
0 0.570312 0.429688 0.558594 0.429688 0.554688 0.433594 0.554688 0.443359 0.560547 0.447266 0.562500 0.445312 0.566406 0.445312 0.570312 0.441406 0.570312 0.439453 0.572266 0.437500 0.572266 0.431641
0 0.369141 0.441406 0.367188 0.443359 0.367188 0.449219 0.369141 0.451172 0.371094 0.451172 0.375000 0.447266
1 0.376953 0.455078 0.376953 0.457031 0.380859 0.460938 0.384766 0.460938 0.386719 0.462891 0.396484 0.462891 0.398438 0.460938 0.398438 0.457031 0.394531 0.453125 0.378906 0.453125
0 0.751953 0.458984 0.750000 0.460938 0.750000 0.462891 0.751953 0.464844 0.753906 0.462891 0.751953 0.460938
1 0.363281 0.464844 0.361328 0.472656 0.365234 0.480469 0.373047 0.478516 0.380859 0.486328 0.388672 0.486328 0.390625 0.488281 0.394531 0.488281 0.396484 0.486328 0.398438 0.478516 0.388672 0.470703 0.384766 0.474609 0.380859 0.470703 0.375000 0.472656 0.371094 0.468750 0.375000 0.464844 0.373047 0.460938 0.367188 0.460938
0 0.357422 0.478516 0.355469 0.478516 0.353516 0.476562 0.351562 0.478516 0.351562 0.484375 0.353516 0.482422 0.355469 0.482422 0.357422 0.480469
0 0.826172 0.478516 0.824219 0.480469 0.824219 0.482422 0.826172 0.484375 0.826172 0.486328 0.828125 0.488281 0.833984 0.488281 0.835938 0.486328 0.835938 0.484375 0.837891 0.482422 0.833984 0.478516 0.832031 0.478516 0.830078 0.476562 0.828125 0.478516
0 0.544922 0.482422 0.541016 0.488281 0.541016 0.500000 0.542969 0.501953 0.542969 0.505859 0.548828 0.507812 0.556641 0.513672 0.558594 0.511719 0.568359 0.509766 0.576172 0.501953 0.574219 0.500000 0.576172 0.498047 0.576172 0.490234 0.572266 0.484375 0.564453 0.480469 0.550781 0.480469 0.548828 0.482422
0 0.941406 0.482422 0.941406 0.484375 0.939453 0.486328 0.941406 0.488281 0.943359 0.488281 0.945312 0.486328 0.943359 0.484375 0.943359 0.482422
0 0.810547 0.492188 0.808594 0.494141 0.808594 0.500000 0.810547 0.501953 0.816406 0.501953 0.818359 0.500000 0.818359 0.498047 0.814453 0.494141 0.812500 0.494141
0 0.644531 0.498047 0.640625 0.498047 0.640625 0.500000 0.642578 0.501953 0.644531 0.500000
1 0.302734 0.500000 0.300781 0.500000 0.298828 0.501953 0.296875 0.501953 0.294922 0.503906 0.292969 0.503906 0.292969 0.505859 0.294922 0.507812 0.296875 0.507812 0.300781 0.503906 0.302734 0.503906
0 0.742188 0.503906 0.742188 0.509766 0.746094 0.513672 0.757812 0.513672 0.761719 0.509766 0.761719 0.503906 0.757812 0.500000 0.746094 0.500000
0 0.681641 0.509766 0.679688 0.511719 0.679688 0.517578 0.681641 0.519531 0.685547 0.519531 0.687500 0.517578 0.687500 0.509766
0 0.634766 0.513672 0.630859 0.513672 0.628906 0.515625 0.626953 0.515625 0.626953 0.517578 0.623047 0.521484 0.625000 0.521484 0.630859 0.527344 0.630859 0.529297 0.632812 0.529297 0.636719 0.525391 0.638672 0.525391 0.638672 0.517578
0 0.953125 0.521484 0.951172 0.521484 0.949219 0.523438 0.951172 0.525391 0.951172 0.527344 0.953125 0.525391 0.955078 0.525391 0.953125 0.523438
0 0.425781 0.525391 0.423828 0.523438 0.421875 0.525391 0.421875 0.527344 0.423828 0.527344
0 0.572266 0.525391 0.570312 0.527344 0.570312 0.533203 0.572266 0.535156 0.578125 0.535156 0.580078 0.533203 0.580078 0.527344 0.578125 0.525391
0 0.650391 0.525391 0.646484 0.529297 0.644531 0.529297 0.644531 0.531250 0.642578 0.533203 0.642578 0.539062 0.648438 0.544922 0.650391 0.544922 0.652344 0.542969 0.654297 0.544922 0.656250 0.542969 0.658203 0.542969 0.664062 0.537109 0.664062 0.533203 0.662109 0.531250 0.662109 0.529297 0.660156 0.529297 0.654297 0.525391
0 0.689453 0.533203 0.687500 0.535156 0.687500 0.539062 0.689453 0.541016 0.691406 0.541016 0.693359 0.539062 0.693359 0.535156 0.691406 0.533203
0 0.449219 0.541016 0.449219 0.544922 0.447266 0.546875 0.449219 0.548828 0.451172 0.548828 0.453125 0.546875 0.455078 0.546875 0.453125 0.544922 0.453125 0.542969 0.451172 0.541016
1 0.771484 0.542969 0.767578 0.539062 0.759766 0.539062 0.757812 0.542969 0.751953 0.548828 0.742188 0.548828 0.740234 0.552734 0.740234 0.556641 0.748047 0.560547 0.759766 0.554688 0.763672 0.554688 0.769531 0.550781 0.771484 0.546875
0 0.804688 0.542969 0.802734 0.542969 0.798828 0.546875 0.794922 0.544922 0.794922 0.546875 0.792969 0.548828 0.789062 0.548828 0.787109 0.552734 0.789062 0.554688 0.789062 0.560547 0.787109 0.562500 0.791016 0.564453 0.791016 0.568359 0.794922 0.572266 0.800781 0.572266 0.802734 0.570312 0.804688 0.562500 0.806641 0.560547 0.810547 0.560547 0.812500 0.556641 0.810547 0.550781
0 0.603516 0.564453 0.601562 0.566406 0.601562 0.568359 0.603516 0.570312 0.605469 0.570312 0.607422 0.568359 0.607422 0.566406 0.605469 0.564453
0 0.521484 0.576172 0.521484 0.578125 0.517578 0.583984 0.517578 0.589844 0.515625 0.591797 0.515625 0.597656 0.521484 0.603516 0.525391 0.603516 0.531250 0.597656 0.531250 0.593750 0.533203 0.591797 0.535156 0.591797 0.533203 0.589844 0.531250 0.580078 0.527344 0.576172
0 0.992188 0.574219 0.990234 0.576172 0.990234 0.580078 0.992188 0.580078 0.994141 0.578125 0.994141 0.576172
0 0.794922 0.578125 0.792969 0.580078 0.792969 0.582031 0.791016 0.583984 0.791016 0.587891 0.792969 0.589844 0.798828 0.589844 0.800781 0.587891 0.800781 0.585938 0.802734 0.583984 0.802734 0.582031 0.798828 0.578125
0 0.953125 0.578125 0.951172 0.580078 0.951172 0.585938 0.957031 0.585938 0.958984 0.583984 0.958984 0.582031 0.955078 0.578125
1 0.591797 0.587891 0.582031 0.597656 0.582031 0.601562 0.591797 0.607422 0.595703 0.611328 0.595703 0.615234 0.597656 0.613281 0.601562 0.613281 0.605469 0.621094 0.615234 0.621094 0.617188 0.619141 0.617188 0.611328 0.605469 0.601562 0.601562 0.595703 0.601562 0.591797
0 0.541016 0.589844 0.539062 0.591797 0.539062 0.597656 0.541016 0.597656 0.542969 0.595703 0.542969 0.591797
0 0.619141 0.591797 0.615234 0.595703 0.615234 0.599609 0.617188 0.601562 0.623047 0.601562 0.625000 0.599609 0.625000 0.595703 0.621094 0.591797
0 0.658203 0.599609 0.654297 0.603516 0.654297 0.605469 0.652344 0.607422 0.652344 0.609375 0.656250 0.613281 0.664062 0.613281 0.666016 0.611328 0.666016 0.601562 0.664062 0.601562 0.662109 0.599609
0 0.919922 0.599609 0.917969 0.601562 0.917969 0.605469 0.919922 0.607422 0.921875 0.607422 0.927734 0.613281 0.927734 0.615234 0.929688 0.617188 0.935547 0.619141 0.935547 0.617188 0.937500 0.615234 0.937500 0.609375 0.939453 0.607422 0.937500 0.605469 0.937500 0.603516 0.933594 0.599609
0 0.478516 0.613281 0.478516 0.625000 0.482422 0.630859 0.494141 0.630859 0.496094 0.628906 0.498047 0.630859 0.505859 0.626953 0.513672 0.628906 0.517578 0.634766 0.519531 0.626953 0.523438 0.625000 0.523438 0.617188 0.525391 0.615234 0.523438 0.613281 0.525391 0.611328 0.513672 0.601562 0.505859 0.603516 0.503906 0.601562 0.494141 0.601562 0.490234 0.605469 0.482422 0.607422
0 0.429688 0.615234 0.429688 0.621094 0.431641 0.623047 0.437500 0.623047 0.439453 0.625000 0.441406 0.623047 0.445312 0.623047 0.447266 0.621094 0.447266 0.617188 0.445312 0.617188 0.443359 0.615234 0.439453 0.615234 0.435547 0.611328 0.433594 0.613281 0.431641 0.613281
0 0.863281 0.609375 0.861328 0.611328 0.859375 0.611328 0.855469 0.615234 0.855469 0.625000 0.861328 0.628906 0.867188 0.628906 0.873047 0.623047 0.873047 0.615234 0.869141 0.611328 0.867188 0.611328 0.865234 0.609375
0 0.728516 0.617188 0.724609 0.621094 0.724609 0.625000 0.728516 0.628906 0.734375 0.628906 0.734375 0.626953 0.736328 0.625000 0.736328 0.619141 0.734375 0.617188
0 0.382812 0.625000 0.380859 0.626953 0.371094 0.623047 0.361328 0.632812 0.353516 0.625000 0.341797 0.626953 0.337891 0.636719 0.328125 0.644531 0.330078 0.654297 0.341797 0.656250 0.353516 0.650391 0.359375 0.658203 0.371094 0.656250 0.375000 0.648438 0.380859 0.650391 0.384766 0.646484 0.382812 0.642578 0.384766 0.632812 0.380859 0.626953
0 0.974609 0.621094 0.974609 0.623047 0.972656 0.625000 0.972656 0.628906 0.974609 0.630859 0.976562 0.630859 0.978516 0.628906 0.980469 0.628906 0.980469 0.625000 0.978516 0.623047 0.976562 0.623047
0 0.753906 0.626953 0.750000 0.630859 0.750000 0.636719 0.751953 0.638672 0.757812 0.638672 0.757812 0.636719 0.759766 0.634766 0.759766 0.630859 0.755859 0.626953
0 0.804688 0.626953 0.802734 0.628906 0.802734 0.634766 0.804688 0.636719 0.812500 0.636719 0.812500 0.634766 0.814453 0.632812 0.814453 0.628906 0.812500 0.626953
0 0.919922 0.626953 0.917969 0.628906 0.919922 0.630859 0.919922 0.632812 0.921875 0.632812 0.925781 0.628906 0.923828 0.628906 0.921875 0.626953
0 0.628906 0.628906 0.626953 0.630859 0.626953 0.634766 0.628906 0.636719 0.632812 0.636719 0.634766 0.634766 0.634766 0.630859 0.632812 0.628906
0 0.990234 0.628906 0.988281 0.630859 0.988281 0.632812 0.990234 0.634766 0.994141 0.634766 0.994141 0.630859 0.992188 0.628906
0 0.445312 0.634766 0.443359 0.634766 0.441406 0.636719 0.439453 0.636719 0.435547 0.640625 0.435547 0.644531 0.433594 0.646484 0.439453 0.652344 0.443359 0.652344 0.445312 0.650391 0.447266 0.650391 0.451172 0.646484 0.451172 0.642578 0.449219 0.640625 0.449219 0.638672
0 0.460938 0.640625 0.457031 0.644531 0.457031 0.650391 0.458984 0.652344 0.458984 0.654297 0.464844 0.654297 0.468750 0.650391 0.468750 0.642578 0.466797 0.642578 0.464844 0.640625
0 0.851562 0.644531 0.849609 0.646484 0.849609 0.652344 0.851562 0.654297 0.859375 0.654297 0.859375 0.652344 0.861328 0.650391 0.861328 0.648438 0.859375 0.646484 0.859375 0.644531
0 0.818359 0.648438 0.816406 0.650391 0.816406 0.654297 0.822266 0.654297 0.824219 0.652344 0.820312 0.648438
0 0.619141 0.652344 0.615234 0.656250 0.619141 0.660156 0.623047 0.660156 0.623047 0.654297 0.621094 0.652344
0 0.875000 0.660156 0.875000 0.662109 0.876953 0.664062 0.876953 0.666016 0.878906 0.667969 0.882812 0.667969 0.884766 0.666016 0.884766 0.662109 0.880859 0.658203 0.878906 0.658203 0.876953 0.660156
0 0.474609 0.666016 0.472656 0.667969 0.474609 0.669922 0.476562 0.669922 0.478516 0.667969 0.476562 0.666016
0 0.509766 0.664062 0.505859 0.664062 0.503906 0.666016 0.505859 0.667969 0.507812 0.667969 0.509766 0.666016
0 0.697266 0.666016 0.695312 0.667969 0.695312 0.677734 0.699219 0.681641 0.703125 0.677734 0.703125 0.669922 0.699219 0.666016
0 0.912109 0.664062 0.910156 0.666016 0.910156 0.671875 0.912109 0.673828 0.914062 0.673828 0.917969 0.669922 0.917969 0.667969 0.914062 0.664062
0 0.316406 0.667969 0.314453 0.669922 0.314453 0.675781 0.316406 0.677734 0.318359 0.677734 0.320312 0.675781 0.320312 0.669922 0.318359 0.667969
0 0.714844 0.667969 0.714844 0.675781 0.716797 0.677734 0.720703 0.677734 0.722656 0.675781 0.722656 0.669922 0.720703 0.667969
0 0.781250 0.669922 0.779297 0.671875 0.775391 0.671875 0.773438 0.673828 0.773438 0.679688 0.775391 0.681641 0.783203 0.681641 0.785156 0.679688 0.785156 0.675781 0.781250 0.671875
0 0.531250 0.673828 0.527344 0.675781 0.521484 0.683594 0.521484 0.697266 0.527344 0.707031 0.533203 0.710938 0.544922 0.712891 0.556641 0.705078 0.558594 0.701172 0.558594 0.689453 0.550781 0.679688 0.537109 0.673828
0 0.802734 0.685547 0.806641 0.689453 0.810547 0.689453 0.816406 0.683594 0.822266 0.683594 0.826172 0.679688 0.826172 0.677734 0.824219 0.677734 0.822266 0.675781 0.812500 0.675781 0.810547 0.673828 0.808594 0.673828 0.802734 0.679688
0 0.845703 0.673828 0.843750 0.675781 0.845703 0.677734 0.847656 0.675781
0 0.939453 0.673828 0.937500 0.675781 0.937500 0.677734 0.939453 0.679688 0.943359 0.679688 0.945312 0.677734 0.945312 0.675781 0.943359 0.673828
0 0.332031 0.683594 0.330078 0.685547 0.328125 0.685547 0.324219 0.689453 0.324219 0.697266 0.326172 0.699219 0.326172 0.701172 0.330078 0.705078 0.330078 0.707031 0.335938 0.707031 0.339844 0.703125 0.339844 0.693359 0.341797 0.691406 0.341797 0.687500 0.337891 0.683594
0 0.355469 0.689453 0.355469 0.691406 0.359375 0.695312 0.359375 0.699219 0.361328 0.699219 0.363281 0.701172 0.373047 0.701172 0.373047 0.691406 0.369141 0.685547 0.367188 0.685547 0.365234 0.683594 0.363281 0.683594 0.361328 0.685547 0.359375 0.685547
0 0.789062 0.683594 0.787109 0.685547 0.787109 0.689453 0.789062 0.691406 0.789062 0.693359 0.792969 0.693359 0.794922 0.691406 0.794922 0.685547 0.792969 0.683594
0 0.976562 0.687500 0.980469 0.691406 0.980469 0.693359 0.982422 0.693359 0.984375 0.691406 0.984375 0.687500 0.982422 0.685547 0.980469 0.685547 0.978516 0.687500
0 0.673828 0.687500 0.673828 0.689453 0.669922 0.693359 0.669922 0.697266 0.671875 0.699219 0.669922 0.701172 0.673828 0.705078 0.675781 0.705078 0.677734 0.707031 0.685547 0.707031 0.687500 0.705078 0.689453 0.705078 0.691406 0.703125 0.691406 0.693359 0.689453 0.691406 0.689453 0.689453 0.687500 0.689453 0.685547 0.687500
0 0.826172 0.687500 0.824219 0.687500 0.822266 0.689453 0.824219 0.691406 0.826172 0.689453
0 0.914062 0.689453 0.906250 0.695312 0.906250 0.701172 0.904297 0.703125 0.910156 0.710938 0.912109 0.710938 0.914062 0.712891 0.919922 0.712891 0.927734 0.707031 0.927734 0.703125 0.929688 0.701172 0.929688 0.695312 0.923828 0.689453
0 0.947266 0.689453 0.943359 0.693359 0.943359 0.697266 0.947266 0.701172 0.951172 0.701172 0.951172 0.699219 0.953125 0.697266 0.953125 0.691406 0.951172 0.689453
0 0.718750 0.691406 0.718750 0.693359 0.716797 0.695312 0.716797 0.701172 0.718750 0.703125 0.722656 0.703125 0.724609 0.701172 0.724609 0.693359 0.722656 0.693359 0.720703 0.691406
1 0.640625 0.705078 0.638672 0.701172 0.626953 0.695312 0.613281 0.695312 0.601562 0.703125 0.597656 0.703125 0.591797 0.697266 0.583984 0.697266 0.578125 0.701172 0.576172 0.710938 0.587891 0.720703 0.599609 0.712891 0.613281 0.712891 0.630859 0.716797 0.638672 0.712891
0 0.839844 0.699219 0.837891 0.697266 0.833984 0.697266 0.832031 0.695312 0.833984 0.697266 0.832031 0.699219 0.832031 0.701172 0.830078 0.703125 0.822266 0.703125 0.820312 0.705078 0.820312 0.707031 0.822266 0.708984 0.828125 0.708984 0.830078 0.707031 0.839844 0.707031
0 0.859375 0.701172 0.861328 0.703125 0.861328 0.707031 0.865234 0.707031 0.867188 0.705078 0.867188 0.703125 0.865234 0.701172
0 0.880859 0.703125 0.878906 0.705078 0.880859 0.707031 0.882812 0.705078
0 0.771484 0.707031 0.769531 0.708984 0.771484 0.710938 0.773438 0.710938 0.773438 0.707031
0 0.369141 0.710938 0.369141 0.714844 0.371094 0.716797 0.373047 0.716797 0.373047 0.710938
0 0.744141 0.712891 0.742188 0.714844 0.744141 0.716797 0.746094 0.716797 0.748047 0.714844 0.746094 0.712891
0 0.166016 0.716797 0.166016 0.718750 0.167969 0.720703 0.171875 0.720703 0.173828 0.722656 0.177734 0.722656 0.179688 0.720703 0.179688 0.716797 0.177734 0.714844 0.167969 0.714844
0 0.363281 0.718750 0.359375 0.722656 0.359375 0.724609 0.357422 0.726562 0.359375 0.728516 0.359375 0.730469 0.361328 0.732422 0.363281 0.732422 0.369141 0.738281 0.371094 0.736328 0.373047 0.736328 0.378906 0.730469 0.378906 0.722656 0.376953 0.722656 0.375000 0.720703 0.369141 0.722656 0.365234 0.718750
0 0.916016 0.720703 0.910156 0.726562 0.910156 0.742188 0.916016 0.750000 0.925781 0.750000 0.931641 0.744141 0.933594 0.740234 0.933594 0.730469 0.927734 0.722656 0.923828 0.720703
0 0.496094 0.728516 0.496094 0.730469 0.494141 0.732422 0.494141 0.734375 0.498047 0.734375 0.500000 0.736328 0.500000 0.732422 0.498047 0.730469 0.498047 0.728516
0 0.888672 0.728516 0.886719 0.726562 0.880859 0.726562 0.878906 0.728516 0.878906 0.734375 0.869141 0.746094 0.863281 0.740234 0.857422 0.740234 0.855469 0.742188 0.855469 0.751953 0.853516 0.753906 0.849609 0.753906 0.847656 0.755859 0.847656 0.759766 0.851562 0.763672 0.857422 0.763672 0.861328 0.767578 0.867188 0.767578 0.871094 0.763672 0.871094 0.761719 0.863281 0.753906 0.863281 0.751953 0.867188 0.748047 0.871094 0.748047 0.873047 0.750000 0.873047 0.755859 0.880859 0.763672 0.886719 0.763672 0.892578 0.755859 0.892578 0.751953 0.888672 0.748047 0.890625 0.744141 0.890625 0.738281 0.888672 0.736328
1 0.390625 0.734375 0.388672 0.736328 0.386719 0.736328 0.384766 0.738281 0.384766 0.744141 0.386719 0.744141 0.386719 0.742188 0.392578 0.736328
0 0.804688 0.734375 0.796875 0.740234 0.796875 0.757812 0.802734 0.765625 0.806641 0.767578 0.812500 0.767578 0.816406 0.765625 0.822266 0.757812 0.822266 0.746094 0.812500 0.734375
0 0.535156 0.740234 0.533203 0.740234 0.531250 0.742188 0.533203 0.744141 0.535156 0.742188
0 0.652344 0.738281 0.644531 0.738281 0.642578 0.740234 0.642578 0.742188 0.636719 0.748047 0.636719 0.757812 0.638672 0.759766 0.642578 0.759766 0.644531 0.757812 0.646484 0.757812 0.648438 0.755859 0.654297 0.753906 0.654297 0.750000 0.656250 0.748047 0.656250 0.742188
0 0.388672 0.751953 0.386719 0.753906 0.386719 0.755859 0.388672 0.757812 0.390625 0.757812 0.392578 0.755859 0.392578 0.753906 0.390625 0.751953
1 0.486328 0.753906 0.486328 0.761719 0.484375 0.763672 0.492188 0.773438 0.503906 0.777344 0.511719 0.777344 0.513672 0.779297 0.515625 0.777344 0.521484 0.777344 0.527344 0.773438 0.523438 0.765625 0.511719 0.759766 0.509766 0.761719 0.505859 0.759766 0.501953 0.750000 0.500000 0.751953 0.494141 0.750000
0 0.787109 0.753906 0.785156 0.753906 0.783203 0.755859 0.781250 0.755859 0.781250 0.757812 0.779297 0.759766 0.779297 0.763672 0.781250 0.765625 0.787109 0.765625 0.791016 0.761719 0.791016 0.757812
0 0.769531 0.767578 0.759766 0.769531 0.753906 0.775391 0.753906 0.779297 0.751953 0.781250 0.753906 0.789062 0.748047 0.794922 0.751953 0.798828 0.755859 0.798828 0.759766 0.794922 0.771484 0.794922 0.777344 0.789062 0.777344 0.781250 0.779297 0.779297
0 0.443359 0.781250 0.451172 0.787109 0.451172 0.791016 0.449219 0.792969 0.447266 0.791016 0.449219 0.792969 0.453125 0.791016 0.451172 0.789062 0.453125 0.785156 0.455078 0.787109 0.458984 0.787109 0.466797 0.781250 0.468750 0.783203 0.474609 0.777344 0.474609 0.773438 0.472656 0.771484 0.466797 0.771484 0.464844 0.773438 0.460938 0.773438 0.458984 0.771484 0.455078 0.773438 0.451172 0.771484 0.443359 0.775391
1 0.996094 0.777344 0.990234 0.783203 0.990234 0.785156 0.988281 0.787109 0.988281 0.791016 0.990234 0.792969 0.992188 0.798828 0.998047 0.804688 0.998047 0.777344
0 0.681641 0.789062 0.677734 0.787109 0.669922 0.787109 0.666016 0.789062 0.658203 0.798828 0.658203 0.812500 0.656250 0.814453 0.658203 0.814453 0.662109 0.818359 0.673828 0.818359 0.681641 0.814453 0.685547 0.808594 0.683594 0.804688 0.685547 0.802734 0.685547 0.794922
0 0.947266 0.789062 0.945312 0.791016 0.945312 0.796875 0.951172 0.796875 0.953125 0.794922 0.953125 0.792969 0.949219 0.789062
0 0.925781 0.794922 0.923828 0.796875 0.923828 0.798828 0.921875 0.800781 0.925781 0.804688 0.929688 0.804688 0.933594 0.800781 0.933594 0.798828 0.929688 0.794922
1 0.857422 0.804688 0.847656 0.798828 0.832031 0.800781 0.826172 0.796875 0.818359 0.804688 0.808594 0.802734 0.804688 0.806641 0.796875 0.806641 0.794922 0.814453 0.810547 0.828125 0.820312 0.822266 0.824219 0.808594 0.830078 0.806641 0.853516 0.810547
0 0.714844 0.812500 0.712891 0.814453 0.712891 0.818359 0.714844 0.820312 0.718750 0.820312 0.718750 0.814453 0.716797 0.812500
0 0.773438 0.814453 0.765625 0.820312 0.773438 0.843750 0.771484 0.853516 0.777344 0.855469 0.777344 0.863281 0.791016 0.876953 0.783203 0.890625 0.785156 0.900391 0.792969 0.908203 0.814453 0.906250 0.837891 0.890625 0.835938 0.871094 0.826172 0.859375 0.818359 0.861328 0.808594 0.855469 0.792969 0.835938 0.792969 0.826172 0.781250 0.814453
0 0.927734 0.818359 0.921875 0.824219 0.921875 0.830078 0.927734 0.835938 0.935547 0.835938 0.939453 0.832031 0.939453 0.830078 0.941406 0.828125 0.941406 0.824219 0.937500 0.818359
0 0.595703 0.826172 0.595703 0.835938 0.597656 0.837891 0.603516 0.837891 0.609375 0.841797 0.611328 0.839844 0.615234 0.839844 0.617188 0.837891 0.619141 0.837891 0.619141 0.832031 0.617188 0.830078 0.617188 0.828125 0.613281 0.824219 0.609375 0.824219 0.607422 0.822266 0.601562 0.822266 0.597656 0.826172
1 0.513672 0.826172 0.513672 0.830078 0.515625 0.830078 0.517578 0.828125 0.519531 0.830078 0.521484 0.830078 0.523438 0.832031 0.525391 0.830078 0.525391 0.828125 0.523438 0.826172 0.519531 0.826172 0.517578 0.828125 0.515625 0.826172
0 0.750000 0.828125 0.732422 0.828125 0.724609 0.841797 0.728516 0.841797 0.730469 0.851562 0.724609 0.853516 0.718750 0.849609 0.707031 0.857422 0.710938 0.875000 0.707031 0.886719 0.708984 0.908203 0.724609 0.910156 0.734375 0.900391 0.734375 0.894531 0.746094 0.886719 0.748047 0.875000 0.765625 0.869141 0.767578 0.849609
0 0.847656 0.824219 0.847656 0.826172 0.845703 0.828125 0.845703 0.832031 0.847656 0.833984 0.849609 0.833984 0.851562 0.832031 0.851562 0.826172 0.849609 0.826172
0 0.482422 0.830078 0.480469 0.832031 0.480469 0.835938 0.482422 0.837891 0.484375 0.835938 0.484375 0.832031
0 0.701172 0.828125 0.697266 0.828125 0.699219 0.830078 0.697266 0.832031 0.693359 0.832031 0.695312 0.833984 0.695312 0.835938 0.697266 0.833984 0.699219 0.835938 0.703125 0.832031 0.701172 0.830078
0 0.894531 0.833984 0.894531 0.841797 0.900391 0.847656 0.902344 0.847656 0.904297 0.849609 0.916016 0.849609 0.917969 0.847656 0.917969 0.843750 0.919922 0.841797 0.917969 0.839844 0.917969 0.835938 0.912109 0.830078 0.902344 0.830078 0.900391 0.832031 0.896484 0.832031
0 0.972656 0.832031 0.970703 0.833984 0.970703 0.835938 0.972656 0.837891 0.974609 0.837891 0.976562 0.835938 0.976562 0.833984 0.974609 0.832031
0 0.455078 0.835938 0.451172 0.839844 0.449219 0.839844 0.447266 0.841797 0.447266 0.843750 0.445312 0.845703 0.445312 0.849609 0.451172 0.855469 0.460938 0.855469 0.466797 0.849609 0.466797 0.845703 0.464844 0.843750 0.464844 0.841797 0.460938 0.837891 0.457031 0.837891
0 0.490234 0.843750 0.486328 0.847656 0.486328 0.849609 0.490234 0.853516 0.492188 0.853516 0.496094 0.849609 0.496094 0.847656 0.492188 0.843750
0 0.689453 0.843750 0.689453 0.845703 0.681641 0.851562 0.681641 0.857422 0.679688 0.859375 0.679688 0.861328 0.683594 0.867188 0.685547 0.867188 0.687500 0.869141 0.693359 0.869141 0.697266 0.865234 0.699219 0.865234 0.699219 0.863281 0.701172 0.861328 0.701172 0.857422 0.703125 0.855469 0.699219 0.851562 0.699219 0.849609 0.693359 0.845703 0.693359 0.843750
0 0.662109 0.855469 0.658203 0.859375 0.658203 0.863281 0.662109 0.867188 0.667969 0.867188 0.671875 0.863281 0.669922 0.861328 0.673828 0.857422 0.671875 0.859375 0.667969 0.855469
0 0.187500 0.861328 0.189453 0.863281 0.191406 0.861328 0.193359 0.861328 0.191406 0.859375 0.189453 0.859375
0 0.570312 0.859375 0.568359 0.861328 0.570312 0.861328
0 0.503906 0.876953 0.498047 0.876953 0.496094 0.878906 0.494141 0.878906 0.490234 0.884766 0.490234 0.890625 0.498047 0.898438 0.498047 0.896484 0.503906 0.890625 0.509766 0.890625 0.511719 0.888672 0.507812 0.884766 0.507812 0.880859 0.505859 0.880859 0.503906 0.878906
0 0.679688 0.876953 0.679688 0.878906 0.677734 0.880859 0.677734 0.886719 0.679688 0.888672 0.683594 0.888672 0.685547 0.890625 0.689453 0.886719 0.689453 0.880859 0.685547 0.876953
0 0.957031 0.875000 0.955078 0.880859 0.949219 0.886719 0.949219 0.894531 0.953125 0.904297 0.955078 0.904297 0.957031 0.908203 0.972656 0.908203 0.976562 0.912109 0.978516 0.910156 0.984375 0.912109 0.988281 0.904297 0.986328 0.896484 0.974609 0.892578 0.966797 0.876953
0 0.937500 0.882812 0.935547 0.884766 0.935547 0.888672 0.941406 0.888672 0.941406 0.884766 0.939453 0.882812
0 0.464844 0.890625 0.462891 0.892578 0.462891 0.900391 0.464844 0.900391 0.470703 0.906250 0.478516 0.906250 0.482422 0.902344 0.482422 0.896484 0.478516 0.892578 0.472656 0.892578 0.470703 0.890625 0.470703 0.888672
0 0.527344 0.890625 0.525391 0.892578 0.527344 0.894531 0.529297 0.892578
0 0.384766 0.896484 0.382812 0.896484 0.380859 0.898438 0.380859 0.902344 0.382812 0.904297 0.386719 0.900391 0.386719 0.898438
0 0.589844 0.898438 0.587891 0.898438 0.585938 0.896484 0.583984 0.898438 0.578125 0.900391 0.570312 0.910156 0.570312 0.914062 0.576172 0.919922 0.578125 0.917969 0.583984 0.917969 0.585938 0.916016 0.587891 0.916016 0.593750 0.910156 0.593750 0.908203 0.591797 0.906250 0.591797 0.900391
0 0.929688 0.896484 0.923828 0.902344 0.921875 0.906250 0.921875 0.912109 0.925781 0.919922 0.931641 0.925781 0.939453 0.925781 0.943359 0.923828 0.947266 0.916016 0.947266 0.912109 0.945312 0.910156 0.945312 0.906250 0.943359 0.902344 0.939453 0.898438 0.935547 0.896484
0 0.531250 0.900391 0.529297 0.902344 0.529297 0.910156 0.533203 0.914062 0.537109 0.914062 0.541016 0.910156 0.541016 0.906250 0.542969 0.904297 0.539062 0.900391
0 0.656250 0.900391 0.654297 0.902344 0.654297 0.904297 0.656250 0.906250 0.660156 0.906250 0.662109 0.904297 0.662109 0.902344 0.660156 0.900391
0 0.687500 0.898438 0.683594 0.902344 0.687500 0.910156 0.675781 0.919922 0.673828 0.929688 0.667969 0.937500 0.669922 0.939453 0.675781 0.937500 0.681641 0.943359 0.687500 0.945312 0.697266 0.945312 0.705078 0.941406 0.708984 0.935547 0.710938 0.927734 0.708984 0.921875 0.710938 0.919922 0.705078 0.912109 0.695312 0.910156 0.691406 0.906250 0.693359 0.902344
1 0.125000 0.904297 0.123047 0.904297 0.121094 0.906250 0.121094 0.912109 0.119141 0.914062 0.115234 0.914062 0.113281 0.916016 0.113281 0.917969 0.115234 0.919922 0.119141 0.919922 0.121094 0.917969 0.121094 0.916016 0.119141 0.914062 0.123047 0.910156 0.125000 0.910156 0.126953 0.908203 0.125000 0.906250
0 0.402344 0.910156 0.402344 0.916016 0.406250 0.919922 0.410156 0.919922 0.414062 0.916016 0.414062 0.914062 0.412109 0.912109 0.412109 0.910156 0.410156 0.910156 0.408203 0.908203 0.406250 0.908203 0.404297 0.910156
0 0.863281 0.908203 0.861328 0.910156 0.863281 0.912109 0.865234 0.912109 0.867188 0.910156 0.865234 0.908203
0 0.343750 0.910156 0.337891 0.916016 0.337891 0.923828 0.339844 0.925781 0.339844 0.927734 0.345703 0.933594 0.347656 0.933594 0.349609 0.935547 0.357422 0.935547 0.363281 0.927734 0.363281 0.917969 0.361328 0.916016 0.359375 0.910156
0 0.431641 0.912109 0.429688 0.912109 0.425781 0.916016 0.425781 0.919922 0.427734 0.921875 0.431641 0.921875 0.435547 0.917969 0.435547 0.916016
0 0.177734 0.916016 0.177734 0.917969 0.181641 0.917969 0.181641 0.916016
0 0.457031 0.916016 0.455078 0.917969 0.455078 0.921875 0.457031 0.921875 0.458984 0.919922 0.458984 0.917969
0 0.376953 0.919922 0.375000 0.921875 0.373047 0.921875 0.373047 0.923828 0.371094 0.925781 0.371094 0.929688 0.373047 0.931641 0.373047 0.935547 0.375000 0.937500 0.380859 0.937500 0.382812 0.935547 0.382812 0.923828 0.380859 0.921875 0.380859 0.919922
0 0.203125 0.925781 0.203125 0.933594 0.207031 0.933594 0.208984 0.931641 0.208984 0.927734 0.207031 0.925781
0 0.460938 0.927734 0.458984 0.929688 0.458984 0.933594 0.460938 0.935547 0.464844 0.935547 0.466797 0.933594 0.466797 0.927734
1 0.652344 0.927734 0.650391 0.929688 0.652344 0.931641 0.652344 0.933594
0 0.812500 0.929688 0.808594 0.933594 0.808594 0.935547 0.812500 0.939453 0.814453 0.939453 0.818359 0.935547 0.818359 0.933594 0.814453 0.929688
1 0.587891 0.933594 0.583984 0.937500 0.583984 0.941406 0.589844 0.945312 0.585938 0.951172 0.585938 0.958984 0.589844 0.970703 0.597656 0.976562 0.605469 0.988281 0.607422 0.998047 0.648438 0.998047 0.646484 0.996094 0.646484 0.988281 0.642578 0.982422 0.636719 0.978516 0.632812 0.978516 0.621094 0.988281 0.615234 0.982422 0.617188 0.970703 0.619141 0.968750 0.621094 0.970703 0.623047 0.964844 0.619141 0.964844 0.615234 0.970703 0.613281 0.966797 0.603516 0.958984 0.603516 0.949219 0.599609 0.945312 0.593750 0.945312 0.591797 0.943359 0.593750 0.937500
0 0.248047 0.939453 0.246094 0.937500 0.244141 0.939453 0.244141 0.941406 0.248047 0.941406
0 0.916016 0.939453 0.914062 0.941406 0.914062 0.943359 0.912109 0.945312 0.914062 0.947266 0.916016 0.947266 0.917969 0.945312 0.919922 0.945312 0.919922 0.943359 0.917969 0.943359 0.916016 0.941406
0 0.986328 0.939453 0.978516 0.947266 0.978516 0.955078 0.984375 0.958984 0.992188 0.958984 0.998047 0.953125 0.998047 0.949219 0.990234 0.941406 0.988281 0.941406
0 0.869141 0.943359 0.865234 0.951172 0.871094 0.951172 0.873047 0.955078 0.863281 0.968750 0.863281 0.976562 0.875000 0.984375 0.886719 0.986328 0.892578 0.978516 0.894531 0.958984 0.888672 0.953125 0.876953 0.951172 0.875000 0.949219 0.876953 0.945312 0.875000 0.943359
0 0.517578 0.945312 0.513672 0.949219 0.513672 0.951172 0.517578 0.955078 0.517578 0.953125 0.519531 0.951172 0.519531 0.947266
0 0.859375 0.947266 0.857422 0.947266 0.855469 0.949219 0.851562 0.949219 0.851562 0.955078 0.849609 0.957031 0.851562 0.958984 0.853516 0.958984 0.855469 0.960938 0.857422 0.960938 0.863281 0.955078 0.861328 0.953125 0.861328 0.949219
0 0.375000 0.949219 0.371094 0.949219 0.369141 0.951172 0.369141 0.958984 0.373047 0.962891 0.375000 0.960938 0.376953 0.960938 0.378906 0.958984 0.378906 0.951172 0.376953 0.951172
0 0.457031 0.957031 0.458984 0.958984 0.464844 0.958984 0.466797 0.960938 0.472656 0.960938 0.474609 0.958984 0.474609 0.951172 0.472656 0.951172 0.470703 0.949219 0.466797 0.949219 0.460938 0.955078 0.458984 0.955078
0 0.830078 0.955078 0.828125 0.957031 0.828125 0.958984 0.830078 0.960938 0.833984 0.960938 0.833984 0.957031 0.832031 0.955078
0 0.701172 0.966797 0.697266 0.966797 0.697266 0.968750 0.699219 0.970703 0.701172 0.968750
0 0.816406 0.966797 0.810547 0.972656 0.810547 0.982422 0.812500 0.982422 0.814453 0.984375 0.822266 0.984375 0.824219 0.982422 0.826172 0.982422 0.826172 0.980469 0.830078 0.976562 0.830078 0.972656 0.826172 0.966797
0 0.980469 0.968750 0.978516 0.970703 0.980469 0.972656 0.980469 0.974609 0.982422 0.974609 0.984375 0.972656 0.984375 0.970703 0.982422 0.968750
0 0.505859 0.972656 0.503906 0.974609 0.503906 0.976562 0.507812 0.980469 0.509766 0.980469 0.511719 0.978516 0.511719 0.974609 0.509766 0.972656
0 0.750000 0.972656 0.746094 0.972656 0.742188 0.976562 0.742188 0.984375 0.744141 0.986328 0.746094 0.986328 0.748047 0.988281 0.753906 0.982422 0.753906 0.976562
0 0.841797 0.976562 0.841797 0.978516 0.837891 0.982422 0.837891 0.990234 0.839844 0.992188 0.847656 0.992188 0.851562 0.988281 0.851562 0.980469 0.849609 0.978516 0.845703 0.978516 0.843750 0.976562
1 0.958984 0.998047 0.982422 0.998047 0.982422 0.996094 0.980469 0.994141 0.980469 0.992188 0.974609 0.986328 0.968750 0.986328 0.966797 0.988281 0.964844 0.986328 0.960938 0.990234 0.960938 0.996094
0 0.677734 0.988281 0.677734 0.990234 0.675781 0.992188 0.677734 0.994141 0.679688 0.994141 0.681641 0.992188 0.681641 0.990234 0.679688 0.988281
0 0.716797 0.988281 0.712891 0.992188 0.712891 0.996094 0.714844 0.998047 0.720703 0.998047 0.720703 0.996094 0.722656 0.994141 0.722656 0.992188 0.718750 0.988281
0 0.558594 0.994141 0.558594 0.996094 0.560547 0.998047 0.566406 0.998047 0.566406 0.994141 0.564453 0.992188 0.560547 0.992188
0 0.591797 0.994141 0.591797 0.998047 0.599609 0.998047 0.597656 0.996094 0.597656 0.992188 0.593750 0.992188
1 0.798828 0.998047 0.810547 0.998047 0.808594 0.996094 0.802734 0.996094 0.800781 0.998047
0 0.007812 0.000000 0.007812 0.001953 0.005859 0.001953 0.003906 0.003906 0.000000 0.003906 0.000000 0.000000
0 0.035156 0.013672 0.033203 0.013672 0.031250 0.015625 0.027344 0.015625 0.025391 0.013672 0.025391 0.007812 0.027344 0.005859 0.031250 0.005859 0.033203 0.007812 0.035156 0.007812
0 0.048828 0.023438 0.046875 0.023438 0.044922 0.025391 0.041016 0.025391 0.039062 0.023438 0.039062 0.017578 0.041016 0.015625 0.044922 0.015625 0.046875 0.017578 0.048828 0.017578
0 0.029297 0.029297 0.027344 0.031250 0.027344 0.033203 0.025391 0.035156 0.019531 0.035156 0.017578 0.033203 0.017578 0.031250 0.015625 0.029297 0.015625 0.027344 0.017578 0.025391 0.017578 0.023438 0.019531 0.021484 0.025391 0.021484 0.027344 0.023438 0.027344 0.025391 0.029297 0.027344
0 0.058594 0.033203 0.056641 0.033203 0.054688 0.035156 0.050781 0.035156 0.048828 0.033203 0.048828 0.027344 0.050781 0.025391 0.054688 0.025391 0.056641 0.027344 0.058594 0.027344
0 0.064453 0.041016 0.062500 0.041016 0.060547 0.042969 0.056641 0.042969 0.054688 0.041016 0.054688 0.035156 0.056641 0.033203 0.060547 0.033203 0.062500 0.035156 0.064453 0.035156
0 0.042969 0.056641 0.041016 0.056641 0.039062 0.058594 0.029297 0.058594 0.023438 0.052734 0.023438 0.042969 0.025391 0.041016 0.027344 0.041016 0.027344 0.039062 0.029297 0.037109 0.039062 0.037109 0.044922 0.042969 0.044922 0.052734 0.042969 0.054688
0 0.070312 0.050781 0.068359 0.050781 0.066406 0.052734 0.062500 0.052734 0.060547 0.050781 0.060547 0.044922 0.062500 0.042969 0.066406 0.042969 0.068359 0.044922 0.070312 0.044922
0 0.177734 0.052734 0.175781 0.052734 0.173828 0.054688 0.169922 0.054688 0.167969 0.052734 0.167969 0.046875 0.169922 0.044922 0.173828 0.044922 0.175781 0.046875 0.177734 0.046875
0 0.169922 0.058594 0.167969 0.058594 0.166016 0.060547 0.162109 0.060547 0.160156 0.058594 0.160156 0.052734 0.162109 0.050781 0.166016 0.050781 0.167969 0.052734 0.169922 0.052734
0 0.183594 0.060547 0.183594 0.064453 0.179688 0.064453 0.177734 0.062500 0.181641 0.058594
0 0.111328 0.064453 0.111328 0.068359 0.107422 0.068359 0.105469 0.066406 0.109375 0.062500
0 0.177734 0.066406 0.177734 0.070312 0.173828 0.070312 0.171875 0.068359 0.175781 0.064453
0 0.123047 0.068359 0.123047 0.072266 0.119141 0.072266 0.117188 0.070312 0.121094 0.066406
0 0.107422 0.074219 0.105469 0.076172 0.105469 0.078125 0.103516 0.080078 0.097656 0.080078 0.095703 0.078125 0.095703 0.076172 0.093750 0.074219 0.093750 0.072266 0.095703 0.070312 0.095703 0.068359 0.097656 0.066406 0.103516 0.066406 0.105469 0.068359 0.105469 0.070312 0.107422 0.072266
0 0.083984 0.080078 0.082031 0.080078 0.080078 0.082031 0.076172 0.082031 0.074219 0.080078 0.074219 0.074219 0.076172 0.072266 0.080078 0.072266 0.082031 0.074219 0.083984 0.074219
0 0.119141 0.078125 0.119141 0.082031 0.115234 0.082031 0.113281 0.080078 0.117188 0.076172
0 0.099609 0.107422 0.097656 0.109375 0.097656 0.111328 0.095703 0.113281 0.089844 0.113281 0.087891 0.111328 0.087891 0.109375 0.085938 0.107422 0.085938 0.105469 0.087891 0.103516 0.087891 0.101562 0.089844 0.099609 0.095703 0.099609 0.097656 0.101562 0.097656 0.103516 0.099609 0.105469
0 0.019531 0.115234 0.013672 0.121094 0.007812 0.121094 0.001953 0.115234 0.001953 0.109375 0.007812 0.103516 0.013672 0.103516 0.019531 0.109375
0 0.201172 0.115234 0.199219 0.115234 0.197266 0.117188 0.193359 0.117188 0.191406 0.115234 0.191406 0.109375 0.193359 0.107422 0.197266 0.107422 0.199219 0.109375 0.201172 0.109375
0 0.009766 0.117188 0.007812 0.117188 0.005859 0.119141 0.001953 0.119141 0.000000 0.117188 0.000000 0.111328 0.001953 0.109375 0.005859 0.109375 0.007812 0.111328 0.009766 0.111328
0 0.253906 0.113281 0.253906 0.117188 0.250000 0.117188 0.248047 0.115234 0.251953 0.111328
0 0.267578 0.115234 0.267578 0.119141 0.263672 0.119141 0.261719 0.117188 0.265625 0.113281
0 0.031250 0.125000 0.029297 0.125000 0.027344 0.126953 0.023438 0.126953 0.021484 0.125000 0.021484 0.119141 0.023438 0.117188 0.027344 0.117188 0.029297 0.119141 0.031250 0.119141
0 0.160156 0.130859 0.158203 0.130859 0.156250 0.132812 0.146484 0.132812 0.140625 0.126953 0.140625 0.117188 0.142578 0.115234 0.144531 0.115234 0.144531 0.113281 0.146484 0.111328 0.156250 0.111328 0.162109 0.117188 0.162109 0.126953 0.160156 0.128906
0 0.185547 0.125000 0.183594 0.125000 0.181641 0.126953 0.177734 0.126953 0.175781 0.125000 0.175781 0.119141 0.177734 0.117188 0.181641 0.117188 0.183594 0.119141 0.185547 0.119141
0 0.257812 0.121094 0.257812 0.125000 0.253906 0.125000 0.251953 0.123047 0.255859 0.119141
0 0.146484 0.126953 0.146484 0.130859 0.142578 0.130859 0.140625 0.128906 0.144531 0.125000
0 0.134766 0.132812 0.132812 0.132812 0.130859 0.134766 0.126953 0.134766 0.125000 0.132812 0.125000 0.126953 0.126953 0.125000 0.130859 0.125000 0.132812 0.126953 0.134766 0.126953
0 0.220703 0.128906 0.220703 0.132812 0.216797 0.132812 0.214844 0.130859 0.218750 0.126953
0 0.216797 0.140625 0.216797 0.144531 0.212891 0.144531 0.210938 0.142578 0.214844 0.138672
0 0.191406 0.144531 0.189453 0.146484 0.189453 0.148438 0.187500 0.150391 0.181641 0.150391 0.179688 0.148438 0.179688 0.146484 0.177734 0.144531 0.177734 0.142578 0.179688 0.140625 0.179688 0.138672 0.181641 0.136719 0.187500 0.136719 0.189453 0.138672 0.189453 0.140625 0.191406 0.142578
0 0.050781 0.162109 0.044922 0.167969 0.039062 0.167969 0.033203 0.162109 0.033203 0.156250 0.039062 0.150391 0.044922 0.150391 0.050781 0.156250
0 0.205078 0.166016 0.203125 0.166016 0.201172 0.167969 0.197266 0.167969 0.195312 0.166016 0.195312 0.160156 0.197266 0.158203 0.201172 0.158203 0.203125 0.160156 0.205078 0.160156
0 0.011719 0.169922 0.009766 0.169922 0.007812 0.171875 0.003906 0.171875 0.001953 0.169922 0.001953 0.164062 0.003906 0.162109 0.007812 0.162109 0.009766 0.164062 0.011719 0.164062
0 0.068359 0.171875 0.066406 0.171875 0.064453 0.173828 0.060547 0.173828 0.058594 0.171875 0.058594 0.166016 0.060547 0.164062 0.064453 0.164062 0.066406 0.166016 0.068359 0.166016
0 0.199219 0.175781 0.197266 0.175781 0.195312 0.177734 0.191406 0.177734 0.189453 0.175781 0.189453 0.169922 0.191406 0.167969 0.195312 0.167969 0.197266 0.169922 0.199219 0.169922
0 0.056641 0.175781 0.056641 0.179688 0.052734 0.179688 0.050781 0.177734 0.054688 0.173828
0 0.017578 0.179688 0.017578 0.183594 0.013672 0.183594 0.011719 0.181641 0.015625 0.177734
0 0.025391 0.195312 0.023438 0.195312 0.021484 0.197266 0.017578 0.197266 0.015625 0.195312 0.015625 0.189453 0.017578 0.187500 0.021484 0.187500 0.023438 0.189453 0.025391 0.189453
0 0.751953 0.207031 0.750000 0.207031 0.748047 0.208984 0.744141 0.208984 0.742188 0.207031 0.742188 0.201172 0.744141 0.199219 0.748047 0.199219 0.750000 0.201172 0.751953 0.201172
0 0.263672 0.207031 0.263672 0.210938 0.259766 0.210938 0.257812 0.208984 0.261719 0.205078
0 0.015625 0.210938 0.013672 0.212891 0.013672 0.214844 0.011719 0.216797 0.005859 0.216797 0.003906 0.214844 0.003906 0.212891 0.001953 0.210938 0.001953 0.208984 0.003906 0.207031 0.003906 0.205078 0.005859 0.203125 0.011719 0.203125 0.013672 0.205078 0.013672 0.207031 0.015625 0.208984
0 0.095703 0.212891 0.093750 0.214844 0.093750 0.216797 0.091797 0.218750 0.085938 0.218750 0.083984 0.216797 0.083984 0.214844 0.082031 0.212891 0.082031 0.210938 0.083984 0.208984 0.083984 0.207031 0.085938 0.205078 0.091797 0.205078 0.093750 0.207031 0.093750 0.208984 0.095703 0.210938
0 0.742188 0.212891 0.742188 0.216797 0.738281 0.216797 0.736328 0.214844 0.740234 0.210938
0 0.755859 0.212891 0.755859 0.216797 0.751953 0.216797 0.750000 0.214844 0.753906 0.210938
0 0.195312 0.220703 0.193359 0.222656 0.193359 0.224609 0.191406 0.226562 0.185547 0.226562 0.183594 0.224609 0.183594 0.222656 0.181641 0.220703 0.181641 0.218750 0.183594 0.216797 0.183594 0.214844 0.185547 0.212891 0.191406 0.212891 0.193359 0.214844 0.193359 0.216797 0.195312 0.218750
0 0.746094 0.218750 0.746094 0.222656 0.742188 0.222656 0.740234 0.220703 0.744141 0.216797
0 0.068359 0.236328 0.066406 0.236328 0.064453 0.238281 0.054688 0.238281 0.048828 0.232422 0.048828 0.222656 0.050781 0.220703 0.052734 0.220703 0.052734 0.218750 0.054688 0.216797 0.064453 0.216797 0.070312 0.222656 0.070312 0.232422 0.068359 0.234375
0 0.181641 0.232422 0.179688 0.232422 0.177734 0.234375 0.173828 0.234375 0.171875 0.232422 0.171875 0.226562 0.173828 0.224609 0.177734 0.224609 0.179688 0.226562 0.181641 0.226562
0 0.267578 0.228516 0.267578 0.232422 0.263672 0.232422 0.261719 0.230469 0.265625 0.226562
0 0.003906 0.250000 0.000000 0.250000 0.000000 0.228516 0.003906 0.228516 0.005859 0.230469 0.005859 0.232422 0.007812 0.232422 0.009766 0.234375 0.009766 0.244141 0.007812 0.246094 0.007812 0.248047 0.005859 0.248047
0 0.166016 0.242188 0.164062 0.244141 0.164062 0.246094 0.162109 0.248047 0.156250 0.248047 0.154297 0.246094 0.154297 0.244141 0.152344 0.242188 0.152344 0.240234 0.154297 0.238281 0.154297 0.236328 0.156250 0.234375 0.162109 0.234375 0.164062 0.236328 0.164062 0.238281 0.166016 0.240234
0 0.255859 0.242188 0.255859 0.246094 0.251953 0.246094 0.250000 0.244141 0.253906 0.240234
0 0.271484 0.242188 0.271484 0.246094 0.267578 0.246094 0.265625 0.244141 0.269531 0.240234
0 0.691406 0.244141 0.691406 0.248047 0.687500 0.248047 0.685547 0.246094 0.689453 0.242188
0 0.261719 0.246094 0.261719 0.250000 0.257812 0.250000 0.255859 0.248047 0.259766 0.244141
0 0.109375 0.257812 0.107422 0.257812 0.105469 0.259766 0.095703 0.259766 0.089844 0.253906 0.089844 0.244141 0.091797 0.242188 0.093750 0.242188 0.093750 0.240234 0.095703 0.238281 0.105469 0.238281 0.111328 0.244141 0.111328 0.253906 0.109375 0.255859
0 0.689453 0.251953 0.689453 0.255859 0.685547 0.255859 0.683594 0.253906 0.687500 0.250000
0 0.001953 0.263672 0.000000 0.263672 0.000000 0.250000 0.001953 0.250000 0.003906 0.251953 0.003906 0.253906 0.005859 0.255859 0.005859 0.257812 0.003906 0.259766 0.003906 0.261719
0 0.019531 0.265625 0.017578 0.265625 0.015625 0.267578 0.011719 0.267578 0.009766 0.265625 0.009766 0.259766 0.011719 0.257812 0.015625 0.257812 0.017578 0.259766 0.019531 0.259766
0 0.144531 0.281250 0.142578 0.281250 0.140625 0.283203 0.130859 0.283203 0.125000 0.277344 0.125000 0.267578 0.126953 0.265625 0.128906 0.265625 0.128906 0.263672 0.130859 0.261719 0.140625 0.261719 0.146484 0.267578 0.146484 0.277344 0.144531 0.279297
0 0.003906 0.300781 0.000000 0.300781 0.000000 0.279297 0.003906 0.279297 0.005859 0.281250 0.005859 0.283203 0.007812 0.283203 0.009766 0.285156 0.009766 0.294922 0.007812 0.296875 0.007812 0.298828 0.005859 0.298828
0 0.296875 0.296875 0.296875 0.300781 0.292969 0.300781 0.291016 0.298828 0.294922 0.294922
0 0.962891 0.302734 0.962891 0.306641 0.958984 0.306641 0.957031 0.304688 0.960938 0.300781
0 0.142578 0.308594 0.140625 0.308594 0.138672 0.310547 0.134766 0.310547 0.132812 0.308594 0.132812 0.302734 0.134766 0.300781 0.138672 0.300781 0.140625 0.302734 0.142578 0.302734
0 0.970703 0.308594 0.970703 0.312500 0.966797 0.312500 0.964844 0.310547 0.968750 0.306641
0 0.958984 0.310547 0.958984 0.314453 0.955078 0.314453 0.953125 0.312500 0.957031 0.308594
0 0.970703 0.320312 0.968750 0.320312 0.966797 0.322266 0.962891 0.322266 0.960938 0.320312 0.960938 0.314453 0.962891 0.312500 0.966797 0.312500 0.968750 0.314453 0.970703 0.314453
0 0.490234 0.322266 0.490234 0.326172 0.486328 0.326172 0.484375 0.324219 0.488281 0.320312
0 0.615234 0.322266 0.615234 0.326172 0.611328 0.326172 0.609375 0.324219 0.613281 0.320312
0 0.873047 0.324219 0.873047 0.328125 0.869141 0.328125 0.867188 0.326172 0.871094 0.322266
0 0.482422 0.332031 0.480469 0.332031 0.478516 0.333984 0.474609 0.333984 0.472656 0.332031 0.472656 0.326172 0.474609 0.324219 0.478516 0.324219 0.480469 0.326172 0.482422 0.326172
0 0.496094 0.328125 0.496094 0.332031 0.492188 0.332031 0.490234 0.330078 0.494141 0.326172
0 0.626953 0.328125 0.626953 0.332031 0.623047 0.332031 0.621094 0.330078 0.625000 0.326172
0 0.972656 0.328125 0.972656 0.332031 0.968750 0.332031 0.966797 0.330078 0.970703 0.326172
0 0.490234 0.333984 0.490234 0.337891 0.486328 0.337891 0.484375 0.335938 0.488281 0.332031
0 0.611328 0.333984 0.611328 0.337891 0.607422 0.337891 0.605469 0.335938 0.609375 0.332031
0 0.623047 0.335938 0.623047 0.339844 0.619141 0.339844 0.617188 0.337891 0.621094 0.333984
0 0.150391 0.341797 0.144531 0.347656 0.138672 0.347656 0.132812 0.341797 0.132812 0.335938 0.138672 0.330078 0.144531 0.330078 0.150391 0.335938
0 0.142578 0.347656 0.142578 0.351562 0.138672 0.351562 0.136719 0.349609 0.140625 0.345703
0 0.630859 0.357422 0.628906 0.357422 0.626953 0.359375 0.617188 0.359375 0.611328 0.353516 0.611328 0.343750 0.613281 0.341797 0.615234 0.341797 0.615234 0.339844 0.617188 0.337891 0.626953 0.337891 0.632812 0.343750 0.632812 0.353516 0.630859 0.355469
0 0.308594 0.351562 0.308594 0.355469 0.304688 0.355469 0.302734 0.353516 0.306641 0.349609
0 0.767578 0.353516 0.767578 0.357422 0.763672 0.357422 0.761719 0.355469 0.765625 0.351562
0 0.273438 0.355469 0.273438 0.359375 0.269531 0.359375 0.267578 0.357422 0.271484 0.353516
0 0.570312 0.355469 0.570312 0.359375 0.566406 0.359375 0.564453 0.357422 0.568359 0.353516
0 0.193359 0.361328 0.191406 0.363281 0.191406 0.365234 0.189453 0.367188 0.183594 0.367188 0.181641 0.365234 0.181641 0.363281 0.179688 0.361328 0.179688 0.359375 0.181641 0.357422 0.181641 0.355469 0.183594 0.353516 0.189453 0.353516 0.191406 0.355469 0.191406 0.357422 0.193359 0.359375
0 0.265625 0.361328 0.265625 0.365234 0.261719 0.365234 0.259766 0.363281 0.263672 0.359375
0 0.580078 0.361328 0.580078 0.365234 0.576172 0.365234 0.574219 0.363281 0.578125 0.359375
0 0.144531 0.367188 0.142578 0.367188 0.140625 0.369141 0.136719 0.369141 0.134766 0.367188 0.134766 0.361328 0.136719 0.359375 0.140625 0.359375 0.142578 0.361328 0.144531 0.361328
0 0.310547 0.363281 0.310547 0.367188 0.306641 0.367188 0.304688 0.365234 0.308594 0.361328
0 0.599609 0.367188 0.593750 0.373047 0.587891 0.373047 0.582031 0.367188 0.582031 0.361328 0.587891 0.355469 0.593750 0.355469 0.599609 0.361328
0 0.646484 0.367188 0.644531 0.367188 0.642578 0.369141 0.638672 0.369141 0.636719 0.367188 0.636719 0.361328 0.638672 0.359375 0.642578 0.359375 0.644531 0.361328 0.646484 0.361328
0 0.570312 0.365234 0.570312 0.369141 0.566406 0.369141 0.564453 0.367188 0.568359 0.363281
0 0.208984 0.373047 0.207031 0.375000 0.207031 0.376953 0.205078 0.378906 0.199219 0.378906 0.197266 0.376953 0.197266 0.375000 0.195312 0.373047 0.195312 0.371094 0.197266 0.369141 0.197266 0.367188 0.199219 0.365234 0.205078 0.365234 0.207031 0.367188 0.207031 0.369141 0.208984 0.371094
0 0.316406 0.371094 0.316406 0.375000 0.312500 0.375000 0.310547 0.373047 0.314453 0.369141
0 0.310547 0.373047 0.310547 0.376953 0.306641 0.376953 0.304688 0.375000 0.308594 0.371094
0 0.001953 0.382812 0.000000 0.382812 0.000000 0.369141 0.001953 0.369141 0.003906 0.371094 0.003906 0.373047 0.005859 0.375000 0.005859 0.376953 0.003906 0.378906 0.003906 0.380859
0 0.630859 0.380859 0.628906 0.382812 0.628906 0.384766 0.626953 0.386719 0.621094 0.386719 0.619141 0.384766 0.619141 0.382812 0.617188 0.380859 0.617188 0.378906 0.619141 0.376953 0.619141 0.375000 0.621094 0.373047 0.626953 0.373047 0.628906 0.375000 0.628906 0.376953 0.630859 0.378906
0 0.310547 0.380859 0.310547 0.384766 0.306641 0.384766 0.304688 0.382812 0.308594 0.378906
0 0.970703 0.380859 0.970703 0.384766 0.966797 0.384766 0.964844 0.382812 0.968750 0.378906
0 0.611328 0.384766 0.609375 0.386719 0.609375 0.388672 0.607422 0.390625 0.601562 0.390625 0.599609 0.388672 0.599609 0.386719 0.597656 0.384766 0.597656 0.382812 0.599609 0.380859 0.599609 0.378906 0.601562 0.376953 0.607422 0.376953 0.609375 0.378906 0.609375 0.380859 0.611328 0.382812
0 0.326172 0.388672 0.320312 0.394531 0.314453 0.394531 0.308594 0.388672 0.308594 0.382812 0.314453 0.376953 0.320312 0.376953 0.326172 0.382812
0 0.333984 0.384766 0.333984 0.388672 0.330078 0.388672 0.328125 0.386719 0.332031 0.382812
0 0.013672 0.390625 0.011719 0.390625 0.009766 0.392578 0.005859 0.392578 0.003906 0.390625 0.003906 0.384766 0.005859 0.382812 0.009766 0.382812 0.011719 0.384766 0.013672 0.384766
0 0.300781 0.386719 0.300781 0.390625 0.296875 0.390625 0.294922 0.388672 0.298828 0.384766
0 0.310547 0.388672 0.310547 0.392578 0.306641 0.392578 0.304688 0.390625 0.308594 0.386719
0 0.966797 0.390625 0.966797 0.394531 0.962891 0.394531 0.960938 0.392578 0.964844 0.388672
0 0.974609 0.390625 0.974609 0.394531 0.970703 0.394531 0.968750 0.392578 0.972656 0.388672
0 0.330078 0.394531 0.330078 0.398438 0.326172 0.398438 0.324219 0.396484 0.328125 0.392578
0 0.000000 0.402344 0.000000 0.392578 0.001953 0.394531 0.003906 0.394531 0.003906 0.400391 0.001953 0.400391
0 0.185547 0.406250 0.183594 0.406250 0.181641 0.408203 0.171875 0.408203 0.166016 0.402344 0.166016 0.392578 0.167969 0.390625 0.169922 0.390625 0.169922 0.388672 0.171875 0.386719 0.181641 0.386719 0.187500 0.392578 0.187500 0.402344 0.185547 0.404297
0 0.408203 0.396484 0.408203 0.400391 0.404297 0.400391 0.402344 0.398438 0.406250 0.394531
0 0.302734 0.398438 0.302734 0.402344 0.298828 0.402344 0.296875 0.400391 0.300781 0.396484
0 0.160156 0.412109 0.158203 0.412109 0.156250 0.414062 0.146484 0.414062 0.140625 0.408203 0.140625 0.398438 0.142578 0.396484 0.144531 0.396484 0.144531 0.394531 0.146484 0.392578 0.156250 0.392578 0.162109 0.398438 0.162109 0.408203 0.160156 0.410156
0 0.222656 0.408203 0.216797 0.414062 0.210938 0.414062 0.205078 0.408203 0.205078 0.402344 0.210938 0.396484 0.216797 0.396484 0.222656 0.402344
0 0.339844 0.404297 0.339844 0.408203 0.335938 0.408203 0.333984 0.406250 0.337891 0.402344
0 0.351562 0.408203 0.351562 0.412109 0.347656 0.412109 0.345703 0.410156 0.349609 0.406250
0 0.367188 0.414062 0.365234 0.414062 0.363281 0.416016 0.359375 0.416016 0.357422 0.414062 0.357422 0.408203 0.359375 0.406250 0.363281 0.406250 0.365234 0.408203 0.367188 0.408203
0 0.001953 0.421875 0.000000 0.421875 0.000000 0.404297 0.001953 0.404297 0.007812 0.410156 0.007812 0.416016
0 0.238281 0.416016 0.236328 0.416016 0.234375 0.417969 0.230469 0.417969 0.228516 0.416016 0.228516 0.410156 0.230469 0.408203 0.234375 0.408203 0.236328 0.410156 0.238281 0.410156
0 0.265625 0.416016 0.265625 0.419922 0.261719 0.419922 0.259766 0.417969 0.263672 0.414062
0 0.384766 0.419922 0.382812 0.419922 0.380859 0.421875 0.376953 0.421875 0.375000 0.419922 0.375000 0.414062 0.376953 0.412109 0.380859 0.412109 0.382812 0.414062 0.384766 0.414062
0 0.908203 0.417969 0.908203 0.421875 0.904297 0.421875 0.902344 0.419922 0.906250 0.416016
0 0.917969 0.417969 0.917969 0.421875 0.914062 0.421875 0.912109 0.419922 0.916016 0.416016
0 0.351562 0.427734 0.345703 0.433594 0.339844 0.433594 0.333984 0.427734 0.333984 0.421875 0.339844 0.416016 0.345703 0.416016 0.351562 0.421875
0 0.570312 0.427734 0.568359 0.427734 0.566406 0.429688 0.562500 0.429688 0.560547 0.427734 0.560547 0.421875 0.562500 0.419922 0.566406 0.419922 0.568359 0.421875 0.570312 0.421875
0 0.357422 0.435547 0.355469 0.435547 0.353516 0.437500 0.343750 0.437500 0.337891 0.431641 0.337891 0.421875 0.339844 0.419922 0.341797 0.419922 0.341797 0.417969 0.343750 0.416016 0.353516 0.416016 0.359375 0.421875 0.359375 0.431641 0.357422 0.433594
0 0.810547 0.425781 0.810547 0.429688 0.806641 0.429688 0.804688 0.427734 0.808594 0.423828
0 0.912109 0.425781 0.912109 0.429688 0.908203 0.429688 0.906250 0.427734 0.910156 0.423828
0 0.273438 0.435547 0.271484 0.435547 0.269531 0.437500 0.265625 0.437500 0.263672 0.435547 0.263672 0.429688 0.265625 0.427734 0.269531 0.427734 0.271484 0.429688 0.273438 0.429688
0 0.300781 0.435547 0.298828 0.435547 0.296875 0.437500 0.292969 0.437500 0.291016 0.435547 0.291016 0.429688 0.292969 0.427734 0.296875 0.427734 0.298828 0.429688 0.300781 0.429688
0 0.826172 0.431641 0.826172 0.435547 0.822266 0.435547 0.820312 0.433594 0.824219 0.429688
0 0.000000 0.439453 0.000000 0.429688 0.001953 0.431641 0.003906 0.431641 0.003906 0.437500 0.001953 0.437500
0 0.345703 0.437500 0.343750 0.437500 0.341797 0.439453 0.337891 0.439453 0.335938 0.437500 0.335938 0.431641 0.337891 0.429688 0.341797 0.429688 0.343750 0.431641 0.345703 0.431641
0 0.376953 0.439453 0.375000 0.439453 0.373047 0.441406 0.369141 0.441406 0.367188 0.439453 0.367188 0.433594 0.369141 0.431641 0.373047 0.431641 0.375000 0.433594 0.376953 0.433594
0 0.322266 0.439453 0.320312 0.441406 0.320312 0.443359 0.318359 0.445312 0.312500 0.445312 0.310547 0.443359 0.310547 0.441406 0.308594 0.439453 0.308594 0.437500 0.310547 0.435547 0.310547 0.433594 0.312500 0.431641 0.318359 0.431641 0.320312 0.433594 0.320312 0.435547 0.322266 0.437500
0 0.554688 0.437500 0.554688 0.441406 0.550781 0.441406 0.548828 0.439453 0.552734 0.435547
0 0.388672 0.445312 0.386719 0.447266 0.386719 0.449219 0.384766 0.451172 0.378906 0.451172 0.376953 0.449219 0.376953 0.447266 0.375000 0.445312 0.375000 0.443359 0.376953 0.441406 0.376953 0.439453 0.378906 0.437500 0.384766 0.437500 0.386719 0.439453 0.386719 0.441406 0.388672 0.443359
0 0.574219 0.447266 0.572266 0.447266 0.570312 0.449219 0.566406 0.449219 0.564453 0.447266 0.564453 0.441406 0.566406 0.439453 0.570312 0.439453 0.572266 0.441406 0.574219 0.441406
0 0.830078 0.443359 0.830078 0.447266 0.826172 0.447266 0.824219 0.445312 0.828125 0.441406
0 0.560547 0.445312 0.560547 0.449219 0.556641 0.449219 0.554688 0.447266 0.558594 0.443359
0 0.349609 0.453125 0.347656 0.453125 0.345703 0.455078 0.341797 0.455078 0.339844 0.453125 0.339844 0.447266 0.341797 0.445312 0.345703 0.445312 0.347656 0.447266 0.349609 0.447266
0 0.812500 0.449219 0.812500 0.453125 0.808594 0.453125 0.806641 0.451172 0.810547 0.447266
0 0.339844 0.453125 0.339844 0.457031 0.335938 0.457031 0.333984 0.455078 0.337891 0.451172
0 0.376953 0.457031 0.375000 0.457031 0.373047 0.458984 0.369141 0.458984 0.367188 0.457031 0.367188 0.451172 0.369141 0.449219 0.373047 0.449219 0.375000 0.451172 0.376953 0.451172
0 0.402344 0.455078 0.402344 0.458984 0.398438 0.458984 0.396484 0.457031 0.400391 0.453125
0 0.753906 0.455078 0.753906 0.458984 0.750000 0.458984 0.748047 0.457031 0.751953 0.453125
0 0.363281 0.464844 0.361328 0.464844 0.359375 0.466797 0.355469 0.466797 0.353516 0.464844 0.353516 0.458984 0.355469 0.457031 0.359375 0.457031 0.361328 0.458984 0.363281 0.458984
0 0.748047 0.460938 0.748047 0.464844 0.744141 0.464844 0.742188 0.462891 0.746094 0.458984
0 0.390625 0.466797 0.388672 0.468750 0.388672 0.470703 0.386719 0.472656 0.380859 0.472656 0.378906 0.470703 0.378906 0.468750 0.376953 0.466797 0.376953 0.464844 0.378906 0.462891 0.378906 0.460938 0.380859 0.458984 0.386719 0.458984 0.388672 0.460938 0.388672 0.462891 0.390625 0.464844
0 0.359375 0.474609 0.357422 0.474609 0.355469 0.476562 0.351562 0.476562 0.349609 0.474609 0.349609 0.468750 0.351562 0.466797 0.355469 0.466797 0.357422 0.468750 0.359375 0.468750
0 0.835938 0.474609 0.833984 0.474609 0.832031 0.476562 0.828125 0.476562 0.826172 0.474609 0.826172 0.468750 0.828125 0.466797 0.832031 0.466797 0.833984 0.468750 0.835938 0.468750
0 0.333984 0.476562 0.332031 0.476562 0.330078 0.478516 0.326172 0.478516 0.324219 0.476562 0.324219 0.470703 0.326172 0.468750 0.330078 0.468750 0.332031 0.470703 0.333984 0.470703
0 0.566406 0.476562 0.564453 0.478516 0.564453 0.480469 0.562500 0.482422 0.556641 0.482422 0.554688 0.480469 0.554688 0.478516 0.552734 0.476562 0.552734 0.474609 0.554688 0.472656 0.554688 0.470703 0.556641 0.468750 0.562500 0.468750 0.564453 0.470703 0.564453 0.472656 0.566406 0.474609
0 0.361328 0.478516 0.361328 0.482422 0.357422 0.482422 0.355469 0.480469 0.359375 0.476562
0 0.343750 0.490234 0.341797 0.490234 0.339844 0.492188 0.330078 0.492188 0.324219 0.486328 0.324219 0.476562 0.326172 0.474609 0.328125 0.474609 0.328125 0.472656 0.330078 0.470703 0.339844 0.470703 0.345703 0.476562 0.345703 0.486328 0.343750 0.488281
0 0.376953 0.484375 0.375000 0.484375 0.373047 0.486328 0.369141 0.486328 0.367188 0.484375 0.367188 0.478516 0.369141 0.476562 0.373047 0.476562 0.375000 0.478516 0.376953 0.478516
0 0.845703 0.484375 0.843750 0.484375 0.841797 0.486328 0.837891 0.486328 0.835938 0.484375 0.835938 0.478516 0.837891 0.476562 0.841797 0.476562 0.843750 0.478516 0.845703 0.478516
0 0.003906 0.496094 0.000000 0.496094 0.000000 0.474609 0.003906 0.474609 0.005859 0.476562 0.005859 0.478516 0.007812 0.478516 0.009766 0.480469 0.009766 0.490234 0.007812 0.492188 0.007812 0.494141 0.005859 0.494141
0 0.400391 0.484375 0.400391 0.488281 0.396484 0.488281 0.394531 0.486328 0.398438 0.482422
0 0.390625 0.492188 0.388672 0.492188 0.386719 0.494141 0.382812 0.494141 0.380859 0.492188 0.380859 0.486328 0.382812 0.484375 0.386719 0.484375 0.388672 0.486328 0.390625 0.486328
0 0.826172 0.490234 0.824219 0.492188 0.824219 0.494141 0.822266 0.496094 0.816406 0.496094 0.814453 0.494141 0.814453 0.492188 0.812500 0.490234 0.812500 0.488281 0.814453 0.486328 0.814453 0.484375 0.816406 0.482422 0.822266 0.482422 0.824219 0.484375 0.824219 0.486328 0.826172 0.488281
0 0.585938 0.496094 0.583984 0.498047 0.583984 0.500000 0.582031 0.501953 0.576172 0.501953 0.574219 0.500000 0.574219 0.498047 0.572266 0.496094 0.572266 0.494141 0.574219 0.492188 0.574219 0.490234 0.576172 0.488281 0.582031 0.488281 0.583984 0.490234 0.583984 0.492188 0.585938 0.494141
0 0.757812 0.498047 0.755859 0.498047 0.753906 0.500000 0.750000 0.500000 0.748047 0.498047 0.748047 0.492188 0.750000 0.490234 0.753906 0.490234 0.755859 0.492188 0.757812 0.492188
0 0.808594 0.498047 0.808594 0.501953 0.804688 0.501953 0.802734 0.500000 0.806641 0.496094
0 0.814453 0.503906 0.814453 0.507812 0.810547 0.507812 0.808594 0.505859 0.812500 0.501953
0 0.640625 0.507812 0.638672 0.509766 0.638672 0.511719 0.636719 0.513672 0.630859 0.513672 0.628906 0.511719 0.628906 0.509766 0.626953 0.507812 0.626953 0.505859 0.628906 0.503906 0.628906 0.501953 0.630859 0.500000 0.636719 0.500000 0.638672 0.501953 0.638672 0.503906 0.640625 0.505859
0 0.550781 0.509766 0.548828 0.511719 0.548828 0.513672 0.546875 0.515625 0.541016 0.515625 0.539062 0.513672 0.539062 0.511719 0.537109 0.509766 0.537109 0.507812 0.539062 0.505859 0.539062 0.503906 0.541016 0.501953 0.546875 0.501953 0.548828 0.503906 0.548828 0.505859 0.550781 0.507812
0 0.695312 0.511719 0.693359 0.511719 0.691406 0.513672 0.687500 0.513672 0.685547 0.511719 0.685547 0.505859 0.687500 0.503906 0.691406 0.503906 0.693359 0.505859 0.695312 0.505859
0 0.087891 0.511719 0.085938 0.513672 0.085938 0.515625 0.083984 0.517578 0.078125 0.517578 0.076172 0.515625 0.076172 0.513672 0.074219 0.511719 0.074219 0.509766 0.076172 0.507812 0.076172 0.505859 0.078125 0.503906 0.083984 0.503906 0.085938 0.505859 0.085938 0.507812 0.087891 0.509766
0 0.679688 0.509766 0.679688 0.513672 0.675781 0.513672 0.673828 0.511719 0.677734 0.507812
0 0.060547 0.521484 0.058594 0.521484 0.056641 0.523438 0.046875 0.523438 0.041016 0.517578 0.041016 0.507812 0.042969 0.505859 0.044922 0.505859 0.044922 0.503906 0.046875 0.501953 0.056641 0.501953 0.062500 0.507812 0.062500 0.517578 0.060547 0.519531
0 0.384766 0.515625 0.382812 0.515625 0.380859 0.517578 0.376953 0.517578 0.375000 0.515625 0.375000 0.509766 0.376953 0.507812 0.380859 0.507812 0.382812 0.509766 0.384766 0.509766
0 0.576172 0.517578 0.570312 0.523438 0.564453 0.523438 0.558594 0.517578 0.558594 0.511719 0.564453 0.505859 0.570312 0.505859 0.576172 0.511719
0 0.365234 0.519531 0.363281 0.519531 0.361328 0.521484 0.357422 0.521484 0.355469 0.519531 0.355469 0.513672 0.357422 0.511719 0.361328 0.511719 0.363281 0.513672 0.365234 0.513672
0 0.757812 0.519531 0.755859 0.519531 0.753906 0.521484 0.750000 0.521484 0.748047 0.519531 0.748047 0.513672 0.750000 0.511719 0.753906 0.511719 0.755859 0.513672 0.757812 0.513672
0 0.689453 0.517578 0.689453 0.521484 0.685547 0.521484 0.683594 0.519531 0.687500 0.515625
0 0.673828 0.529297 0.671875 0.529297 0.669922 0.531250 0.660156 0.531250 0.654297 0.525391 0.654297 0.515625 0.656250 0.513672 0.658203 0.513672 0.658203 0.511719 0.660156 0.509766 0.669922 0.509766 0.675781 0.515625 0.675781 0.525391 0.673828 0.527344
0 0.650391 0.525391 0.648438 0.527344 0.648438 0.529297 0.646484 0.531250 0.640625 0.531250 0.638672 0.529297 0.638672 0.527344 0.636719 0.525391 0.636719 0.523438 0.638672 0.521484 0.638672 0.519531 0.640625 0.517578 0.646484 0.517578 0.648438 0.519531 0.648438 0.521484 0.650391 0.523438
0 0.693359 0.525391 0.691406 0.527344 0.691406 0.529297 0.689453 0.531250 0.683594 0.531250 0.681641 0.529297 0.681641 0.527344 0.679688 0.525391 0.679688 0.523438 0.681641 0.521484 0.681641 0.519531 0.683594 0.517578 0.689453 0.517578 0.691406 0.519531 0.691406 0.521484 0.693359 0.523438
0 0.583984 0.525391 0.583984 0.529297 0.580078 0.529297 0.578125 0.527344 0.582031 0.523438
0 0.628906 0.529297 0.626953 0.529297 0.625000 0.531250 0.621094 0.531250 0.619141 0.529297 0.619141 0.523438 0.621094 0.521484 0.625000 0.521484 0.626953 0.523438 0.628906 0.523438
0 0.763672 0.535156 0.761719 0.535156 0.759766 0.537109 0.750000 0.537109 0.744141 0.531250 0.744141 0.521484 0.746094 0.519531 0.748047 0.519531 0.748047 0.517578 0.750000 0.515625 0.759766 0.515625 0.765625 0.521484 0.765625 0.531250 0.763672 0.533203
0 0.679688 0.537109 0.677734 0.537109 0.675781 0.539062 0.666016 0.539062 0.660156 0.533203 0.660156 0.523438 0.662109 0.521484 0.664062 0.521484 0.664062 0.519531 0.666016 0.517578 0.675781 0.517578 0.681641 0.523438 0.681641 0.533203 0.679688 0.535156
0 0.644531 0.531250 0.642578 0.533203 0.642578 0.535156 0.640625 0.537109 0.634766 0.537109 0.632812 0.535156 0.632812 0.533203 0.630859 0.531250 0.630859 0.529297 0.632812 0.527344 0.632812 0.525391 0.634766 0.523438 0.640625 0.523438 0.642578 0.525391 0.642578 0.527344 0.644531 0.529297
0 0.000000 0.537109 0.000000 0.527344 0.001953 0.529297 0.003906 0.529297 0.003906 0.535156 0.001953 0.535156
0 0.380859 0.535156 0.378906 0.535156 0.376953 0.537109 0.373047 0.537109 0.371094 0.535156 0.371094 0.529297 0.373047 0.527344 0.376953 0.527344 0.378906 0.529297 0.380859 0.529297
0 0.029297 0.535156 0.027344 0.537109 0.027344 0.539062 0.025391 0.541016 0.019531 0.541016 0.017578 0.539062 0.017578 0.537109 0.015625 0.535156 0.015625 0.533203 0.017578 0.531250 0.017578 0.529297 0.019531 0.527344 0.025391 0.527344 0.027344 0.529297 0.027344 0.531250 0.029297 0.533203
0 0.687500 0.533203 0.687500 0.537109 0.683594 0.537109 0.681641 0.535156 0.685547 0.531250
0 0.576172 0.535156 0.576172 0.539062 0.572266 0.539062 0.570312 0.537109 0.574219 0.533203
0 0.699219 0.535156 0.699219 0.539062 0.695312 0.539062 0.693359 0.537109 0.697266 0.533203
0 0.109375 0.546875 0.107422 0.546875 0.105469 0.548828 0.095703 0.548828 0.089844 0.542969 0.089844 0.533203 0.091797 0.531250 0.093750 0.531250 0.093750 0.529297 0.095703 0.527344 0.105469 0.527344 0.111328 0.533203 0.111328 0.542969 0.109375 0.544922
0 0.777344 0.542969 0.775391 0.542969 0.773438 0.544922 0.769531 0.544922 0.767578 0.542969 0.767578 0.537109 0.769531 0.535156 0.773438 0.535156 0.775391 0.537109 0.777344 0.537109
0 0.802734 0.541016 0.800781 0.542969 0.800781 0.544922 0.798828 0.546875 0.792969 0.546875 0.791016 0.544922 0.791016 0.542969 0.789062 0.541016 0.789062 0.539062 0.791016 0.537109 0.791016 0.535156 0.792969 0.533203 0.798828 0.533203 0.800781 0.535156 0.800781 0.537109 0.802734 0.539062
0 0.656250 0.548828 0.654297 0.548828 0.652344 0.550781 0.648438 0.550781 0.646484 0.548828 0.646484 0.542969 0.648438 0.541016 0.652344 0.541016 0.654297 0.542969 0.656250 0.542969
0 0.755859 0.548828 0.753906 0.548828 0.751953 0.550781 0.748047 0.550781 0.746094 0.548828 0.746094 0.542969 0.748047 0.541016 0.751953 0.541016 0.753906 0.542969 0.755859 0.542969
0 0.814453 0.548828 0.812500 0.548828 0.810547 0.550781 0.806641 0.550781 0.804688 0.548828 0.804688 0.542969 0.806641 0.541016 0.810547 0.541016 0.812500 0.542969 0.814453 0.542969
0 0.177734 0.552734 0.175781 0.554688 0.175781 0.556641 0.173828 0.558594 0.167969 0.558594 0.166016 0.556641 0.166016 0.554688 0.164062 0.552734 0.164062 0.550781 0.166016 0.548828 0.166016 0.546875 0.167969 0.544922 0.173828 0.544922 0.175781 0.546875 0.175781 0.548828 0.177734 0.550781
0 0.189453 0.554688 0.187500 0.554688 0.185547 0.556641 0.181641 0.556641 0.179688 0.554688 0.179688 0.548828 0.181641 0.546875 0.185547 0.546875 0.187500 0.548828 0.189453 0.548828
0 0.140625 0.558594 0.138672 0.558594 0.136719 0.560547 0.132812 0.560547 0.130859 0.558594 0.130859 0.552734 0.132812 0.550781 0.136719 0.550781 0.138672 0.552734 0.140625 0.552734
0 0.765625 0.558594 0.763672 0.558594 0.761719 0.560547 0.757812 0.560547 0.755859 0.558594 0.755859 0.552734 0.757812 0.550781 0.761719 0.550781 0.763672 0.552734 0.765625 0.552734
0 0.787109 0.564453 0.785156 0.564453 0.783203 0.566406 0.773438 0.566406 0.767578 0.560547 0.767578 0.550781 0.769531 0.548828 0.771484 0.548828 0.771484 0.546875 0.773438 0.544922 0.783203 0.544922 0.789062 0.550781 0.789062 0.560547 0.787109 0.562500
0 0.355469 0.558594 0.353516 0.560547 0.353516 0.562500 0.351562 0.564453 0.345703 0.564453 0.343750 0.562500 0.343750 0.560547 0.341797 0.558594 0.341797 0.556641 0.343750 0.554688 0.343750 0.552734 0.345703 0.550781 0.351562 0.550781 0.353516 0.552734 0.353516 0.554688 0.355469 0.556641
0 0.607422 0.560547 0.607422 0.564453 0.603516 0.564453 0.601562 0.562500 0.605469 0.558594
0 0.753906 0.564453 0.751953 0.564453 0.750000 0.566406 0.746094 0.566406 0.744141 0.564453 0.744141 0.558594 0.746094 0.556641 0.750000 0.556641 0.751953 0.558594 0.753906 0.558594
0 0.087891 0.564453 0.085938 0.566406 0.085938 0.568359 0.083984 0.570312 0.078125 0.570312 0.076172 0.568359 0.076172 0.566406 0.074219 0.564453 0.074219 0.562500 0.076172 0.560547 0.076172 0.558594 0.078125 0.556641 0.083984 0.556641 0.085938 0.558594 0.085938 0.560547 0.087891 0.562500
0 0.810547 0.566406 0.808594 0.566406 0.806641 0.568359 0.802734 0.568359 0.800781 0.566406 0.800781 0.560547 0.802734 0.558594 0.806641 0.558594 0.808594 0.560547 0.810547 0.560547
0 0.345703 0.568359 0.343750 0.568359 0.341797 0.570312 0.337891 0.570312 0.335938 0.568359 0.335938 0.562500 0.337891 0.560547 0.341797 0.560547 0.343750 0.562500 0.345703 0.562500
0 0.601562 0.564453 0.601562 0.568359 0.597656 0.568359 0.595703 0.566406 0.599609 0.562500
0 0.130859 0.568359 0.128906 0.570312 0.128906 0.572266 0.126953 0.574219 0.121094 0.574219 0.119141 0.572266 0.119141 0.570312 0.117188 0.568359 0.117188 0.566406 0.119141 0.564453 0.119141 0.562500 0.121094 0.560547 0.126953 0.560547 0.128906 0.562500 0.128906 0.564453 0.130859 0.566406
0 0.609375 0.570312 0.609375 0.574219 0.605469 0.574219 0.603516 0.572266 0.607422 0.568359
0 0.216797 0.583984 0.214844 0.583984 0.212891 0.585938 0.203125 0.585938 0.197266 0.580078 0.197266 0.570312 0.199219 0.568359 0.201172 0.568359 0.201172 0.566406 0.203125 0.564453 0.212891 0.564453 0.218750 0.570312 0.218750 0.580078 0.216797 0.582031
0 0.796875 0.578125 0.794922 0.578125 0.792969 0.580078 0.789062 0.580078 0.787109 0.578125 0.787109 0.572266 0.789062 0.570312 0.792969 0.570312 0.794922 0.572266 0.796875 0.572266
0 0.800781 0.574219 0.800781 0.578125 0.796875 0.578125 0.794922 0.576172 0.798828 0.572266
0 0.957031 0.574219 0.957031 0.578125 0.953125 0.578125 0.951172 0.576172 0.955078 0.572266
0 0.998047 0.574219 0.998047 0.580078 0.996094 0.580078 0.994141 0.578125
0 0.951172 0.578125 0.951172 0.582031 0.947266 0.582031 0.945312 0.580078 0.949219 0.576172
0 0.519531 0.583984 0.517578 0.583984 0.515625 0.585938 0.511719 0.585938 0.509766 0.583984 0.509766 0.578125 0.511719 0.576172 0.515625 0.576172 0.517578 0.578125 0.519531 0.578125
0 0.806641 0.580078 0.806641 0.583984 0.802734 0.583984 0.800781 0.582031 0.804688 0.578125
0 0.365234 0.583984 0.363281 0.585938 0.363281 0.587891 0.361328 0.589844 0.355469 0.589844 0.353516 0.587891 0.353516 0.585938 0.351562 0.583984 0.351562 0.582031 0.353516 0.580078 0.353516 0.578125 0.355469 0.576172 0.361328 0.576172 0.363281 0.578125 0.363281 0.580078 0.365234 0.582031
0 0.962891 0.583984 0.962891 0.587891 0.958984 0.587891 0.957031 0.585938 0.960938 0.582031
0 0.539062 0.589844 0.537109 0.589844 0.535156 0.591797 0.531250 0.591797 0.529297 0.589844 0.529297 0.583984 0.531250 0.582031 0.535156 0.582031 0.537109 0.583984 0.539062 0.583984
0 0.804688 0.585938 0.804688 0.589844 0.800781 0.589844 0.798828 0.587891 0.802734 0.583984
0 0.955078 0.585938 0.955078 0.589844 0.951172 0.589844 0.949219 0.587891 0.953125 0.583984
0 0.113281 0.589844 0.111328 0.591797 0.111328 0.593750 0.109375 0.595703 0.103516 0.595703 0.101562 0.593750 0.101562 0.591797 0.099609 0.589844 0.099609 0.587891 0.101562 0.585938 0.101562 0.583984 0.103516 0.582031 0.109375 0.582031 0.111328 0.583984 0.111328 0.585938 0.113281 0.587891
0 0.185547 0.589844 0.183594 0.591797 0.183594 0.593750 0.181641 0.595703 0.175781 0.595703 0.173828 0.593750 0.173828 0.591797 0.171875 0.589844 0.171875 0.587891 0.173828 0.585938 0.173828 0.583984 0.175781 0.582031 0.181641 0.582031 0.183594 0.583984 0.183594 0.585938 0.185547 0.587891
0 0.587891 0.591797 0.585938 0.591797 0.583984 0.593750 0.580078 0.593750 0.578125 0.591797 0.578125 0.585938 0.580078 0.583984 0.583984 0.583984 0.585938 0.585938 0.587891 0.585938
0 0.621094 0.587891 0.621094 0.591797 0.617188 0.591797 0.615234 0.589844 0.619141 0.585938
0 0.933594 0.597656 0.931641 0.597656 0.929688 0.599609 0.925781 0.599609 0.923828 0.597656 0.923828 0.591797 0.925781 0.589844 0.929688 0.589844 0.931641 0.591797 0.933594 0.591797
0 0.515625 0.597656 0.513672 0.599609 0.513672 0.601562 0.511719 0.603516 0.505859 0.603516 0.503906 0.601562 0.503906 0.599609 0.501953 0.597656 0.501953 0.595703 0.503906 0.593750 0.503906 0.591797 0.505859 0.589844 0.511719 0.589844 0.513672 0.591797 0.513672 0.593750 0.515625 0.595703
0 0.537109 0.599609 0.535156 0.599609 0.533203 0.601562 0.529297 0.601562 0.527344 0.599609 0.527344 0.593750 0.529297 0.591797 0.533203 0.591797 0.535156 0.593750 0.537109 0.593750
0 0.632812 0.599609 0.630859 0.599609 0.628906 0.601562 0.625000 0.601562 0.623047 0.599609 0.623047 0.593750 0.625000 0.591797 0.628906 0.591797 0.630859 0.593750 0.632812 0.593750
0 0.617188 0.601562 0.615234 0.603516 0.615234 0.605469 0.613281 0.607422 0.607422 0.607422 0.605469 0.605469 0.605469 0.603516 0.603516 0.601562 0.603516 0.599609 0.605469 0.597656 0.605469 0.595703 0.607422 0.593750 0.613281 0.593750 0.615234 0.595703 0.615234 0.597656 0.617188 0.599609
0 0.351562 0.603516 0.349609 0.605469 0.349609 0.607422 0.347656 0.609375 0.341797 0.609375 0.339844 0.607422 0.339844 0.605469 0.337891 0.603516 0.337891 0.601562 0.339844 0.599609 0.339844 0.597656 0.341797 0.595703 0.347656 0.595703 0.349609 0.597656 0.349609 0.599609 0.351562 0.601562
0 0.490234 0.605469 0.488281 0.605469 0.486328 0.607422 0.482422 0.607422 0.480469 0.605469 0.480469 0.599609 0.482422 0.597656 0.486328 0.597656 0.488281 0.599609 0.490234 0.599609
0 0.527344 0.607422 0.525391 0.607422 0.523438 0.609375 0.519531 0.609375 0.517578 0.607422 0.517578 0.601562 0.519531 0.599609 0.523438 0.599609 0.525391 0.601562 0.527344 0.601562
0 0.593750 0.611328 0.591797 0.611328 0.589844 0.613281 0.585938 0.613281 0.583984 0.611328 0.583984 0.605469 0.585938 0.603516 0.589844 0.603516 0.591797 0.605469 0.593750 0.605469
0 0.875000 0.611328 0.873047 0.611328 0.871094 0.613281 0.867188 0.613281 0.865234 0.611328 0.865234 0.605469 0.867188 0.603516 0.871094 0.603516 0.873047 0.605469 0.875000 0.605469
0 0.945312 0.611328 0.943359 0.611328 0.941406 0.613281 0.937500 0.613281 0.935547 0.611328 0.935547 0.605469 0.937500 0.603516 0.941406 0.603516 0.943359 0.605469 0.945312 0.605469
0 0.441406 0.611328 0.441406 0.615234 0.437500 0.615234 0.435547 0.613281 0.439453 0.609375
0 0.927734 0.615234 0.925781 0.615234 0.923828 0.617188 0.919922 0.617188 0.917969 0.615234 0.917969 0.609375 0.919922 0.607422 0.923828 0.607422 0.925781 0.609375 0.927734 0.609375
0 0.603516 0.617188 0.601562 0.617188 0.599609 0.619141 0.595703 0.619141 0.593750 0.617188 0.593750 0.611328 0.595703 0.609375 0.599609 0.609375 0.601562 0.611328 0.603516 0.611328
0 0.478516 0.619141 0.476562 0.619141 0.474609 0.621094 0.470703 0.621094 0.468750 0.619141 0.468750 0.613281 0.470703 0.611328 0.474609 0.611328 0.476562 0.613281 0.478516 0.613281
0 0.728516 0.615234 0.728516 0.619141 0.724609 0.619141 0.722656 0.617188 0.726562 0.613281
0 0.074219 0.621094 0.072266 0.621094 0.070312 0.623047 0.066406 0.623047 0.064453 0.621094 0.064453 0.615234 0.066406 0.613281 0.070312 0.613281 0.072266 0.615234 0.074219 0.615234
0 0.880859 0.621094 0.878906 0.621094 0.876953 0.623047 0.873047 0.623047 0.871094 0.621094 0.871094 0.615234 0.873047 0.613281 0.876953 0.613281 0.878906 0.615234 0.880859 0.615234
0 0.097656 0.623047 0.095703 0.623047 0.093750 0.625000 0.089844 0.625000 0.087891 0.623047 0.087891 0.617188 0.089844 0.615234 0.093750 0.615234 0.095703 0.617188 0.097656 0.617188
0 0.855469 0.623047 0.853516 0.623047 0.851562 0.625000 0.847656 0.625000 0.845703 0.623047 0.845703 0.617188 0.847656 0.615234 0.851562 0.615234 0.853516 0.617188 0.855469 0.617188
0 0.527344 0.621094 0.527344 0.625000 0.523438 0.625000 0.521484 0.623047 0.525391 0.619141
0 0.611328 0.621094 0.611328 0.625000 0.607422 0.625000 0.605469 0.623047 0.609375 0.619141
0 0.626953 0.625000 0.625000 0.626953 0.625000 0.628906 0.623047 0.630859 0.617188 0.630859 0.615234 0.628906 0.615234 0.626953 0.613281 0.625000 0.613281 0.623047 0.615234 0.621094 0.615234 0.619141 0.617188 0.617188 0.623047 0.617188 0.625000 0.619141 0.625000 0.621094 0.626953 0.623047
0 0.755859 0.623047 0.755859 0.626953 0.751953 0.626953 0.750000 0.625000 0.753906 0.621094
0 0.972656 0.623047 0.972656 0.626953 0.968750 0.626953 0.966797 0.625000 0.970703 0.621094
0 0.632812 0.625000 0.632812 0.628906 0.628906 0.628906 0.626953 0.626953 0.630859 0.623047
0 0.804688 0.625000 0.804688 0.628906 0.800781 0.628906 0.798828 0.626953 0.802734 0.623047
0 0.988281 0.628906 0.986328 0.628906 0.984375 0.630859 0.980469 0.630859 0.978516 0.628906 0.978516 0.623047 0.980469 0.621094 0.984375 0.621094 0.986328 0.623047 0.988281 0.623047
0 0.509766 0.630859 0.507812 0.630859 0.505859 0.632812 0.501953 0.632812 0.500000 0.630859 0.500000 0.625000 0.501953 0.623047 0.505859 0.623047 0.507812 0.625000 0.509766 0.625000
0 0.748047 0.628906 0.746094 0.630859 0.746094 0.632812 0.744141 0.634766 0.738281 0.634766 0.736328 0.632812 0.736328 0.630859 0.734375 0.628906 0.734375 0.626953 0.736328 0.625000 0.736328 0.623047 0.738281 0.621094 0.744141 0.621094 0.746094 0.623047 0.746094 0.625000 0.748047 0.626953
0 0.763672 0.626953 0.763672 0.630859 0.759766 0.630859 0.757812 0.628906 0.761719 0.625000
0 0.875000 0.630859 0.873047 0.630859 0.871094 0.632812 0.867188 0.632812 0.865234 0.630859 0.865234 0.625000 0.867188 0.623047 0.871094 0.623047 0.873047 0.625000 0.875000 0.625000
0 0.191406 0.632812 0.185547 0.638672 0.179688 0.638672 0.173828 0.632812 0.173828 0.626953 0.179688 0.621094 0.185547 0.621094 0.191406 0.626953
0 0.443359 0.630859 0.441406 0.632812 0.441406 0.634766 0.439453 0.636719 0.433594 0.636719 0.431641 0.634766 0.431641 0.632812 0.429688 0.630859 0.429688 0.628906 0.431641 0.626953 0.431641 0.625000 0.433594 0.623047 0.439453 0.623047 0.441406 0.625000 0.441406 0.626953 0.443359 0.628906
0 0.732422 0.628906 0.732422 0.632812 0.728516 0.632812 0.726562 0.630859 0.730469 0.626953
0 0.498047 0.634766 0.496094 0.634766 0.494141 0.636719 0.490234 0.636719 0.488281 0.634766 0.488281 0.628906 0.490234 0.626953 0.494141 0.626953 0.496094 0.628906 0.498047 0.628906
0 0.638672 0.630859 0.638672 0.634766 0.634766 0.634766 0.632812 0.632812 0.636719 0.628906
0 0.978516 0.630859 0.978516 0.634766 0.974609 0.634766 0.972656 0.632812 0.976562 0.628906
0 0.998047 0.628906 0.998047 0.634766 0.996094 0.634766 0.994141 0.632812
0 0.339844 0.636719 0.333984 0.642578 0.328125 0.642578 0.322266 0.636719 0.322266 0.630859 0.328125 0.625000 0.333984 0.625000 0.339844 0.630859
0 0.865234 0.636719 0.859375 0.642578 0.853516 0.642578 0.847656 0.636719 0.847656 0.630859 0.853516 0.625000 0.859375 0.625000 0.865234 0.630859
0 0.925781 0.632812 0.925781 0.636719 0.921875 0.636719 0.919922 0.634766 0.923828 0.630859
0 0.486328 0.644531 0.484375 0.644531 0.482422 0.646484 0.472656 0.646484 0.466797 0.640625 0.466797 0.630859 0.468750 0.628906 0.470703 0.628906 0.470703 0.626953 0.472656 0.625000 0.482422 0.625000 0.488281 0.630859 0.488281 0.640625 0.486328 0.642578
0 0.750000 0.634766 0.750000 0.638672 0.746094 0.638672 0.744141 0.636719 0.748047 0.632812
0 0.763672 0.634766 0.763672 0.638672 0.759766 0.638672 0.757812 0.636719 0.761719 0.632812
0 0.630859 0.636719 0.630859 0.640625 0.626953 0.640625 0.625000 0.638672 0.628906 0.634766
0 0.390625 0.642578 0.388672 0.642578 0.386719 0.644531 0.382812 0.644531 0.380859 0.642578 0.380859 0.636719 0.382812 0.634766 0.386719 0.634766 0.388672 0.636719 0.390625 0.636719
0 0.755859 0.638672 0.755859 0.642578 0.751953 0.642578 0.750000 0.640625 0.753906 0.636719
0 0.820312 0.642578 0.818359 0.644531 0.818359 0.646484 0.816406 0.648438 0.810547 0.648438 0.808594 0.646484 0.808594 0.644531 0.806641 0.642578 0.806641 0.640625 0.808594 0.638672 0.808594 0.636719 0.810547 0.634766 0.816406 0.634766 0.818359 0.636719 0.818359 0.638672 0.820312 0.640625
0 0.435547 0.646484 0.433594 0.646484 0.431641 0.648438 0.427734 0.648438 0.425781 0.646484 0.425781 0.640625 0.427734 0.638672 0.431641 0.638672 0.433594 0.640625 0.435547 0.640625
0 0.457031 0.646484 0.455078 0.646484 0.453125 0.648438 0.449219 0.648438 0.447266 0.646484 0.447266 0.640625 0.449219 0.638672 0.453125 0.638672 0.455078 0.640625 0.457031 0.640625
0 0.326172 0.654297 0.324219 0.654297 0.322266 0.656250 0.312500 0.656250 0.306641 0.650391 0.306641 0.640625 0.308594 0.638672 0.310547 0.638672 0.310547 0.636719 0.312500 0.634766 0.322266 0.634766 0.328125 0.640625 0.328125 0.650391 0.326172 0.652344
0 0.867188 0.648438 0.865234 0.648438 0.863281 0.650391 0.859375 0.650391 0.857422 0.648438 0.857422 0.642578 0.859375 0.640625 0.863281 0.640625 0.865234 0.642578 0.867188 0.642578
0 0.378906 0.652344 0.376953 0.652344 0.375000 0.654297 0.371094 0.654297 0.369141 0.652344 0.369141 0.646484 0.371094 0.644531 0.375000 0.644531 0.376953 0.646484 0.378906 0.646484
0 0.302734 0.654297 0.300781 0.654297 0.298828 0.656250 0.294922 0.656250 0.292969 0.654297 0.292969 0.648438 0.294922 0.646484 0.298828 0.646484 0.300781 0.648438 0.302734 0.648438
0 0.474609 0.654297 0.472656 0.654297 0.470703 0.656250 0.466797 0.656250 0.464844 0.654297 0.464844 0.648438 0.466797 0.646484 0.470703 0.646484 0.472656 0.648438 0.474609 0.648438
0 0.849609 0.650391 0.849609 0.654297 0.845703 0.654297 0.843750 0.652344 0.847656 0.648438
0 0.357422 0.654297 0.355469 0.656250 0.355469 0.658203 0.353516 0.660156 0.347656 0.660156 0.345703 0.658203 0.345703 0.656250 0.343750 0.654297 0.343750 0.652344 0.345703 0.650391 0.345703 0.648438 0.347656 0.646484 0.353516 0.646484 0.355469 0.648438 0.355469 0.650391 0.357422 0.652344
0 0.826172 0.652344 0.826172 0.656250 0.822266 0.656250 0.820312 0.654297 0.824219 0.650391
0 0.628906 0.656250 0.628906 0.660156 0.625000 0.660156 0.623047 0.658203 0.626953 0.654297
0 0.623047 0.662109 0.623047 0.666016 0.619141 0.666016 0.617188 0.664062 0.621094 0.660156
0 0.875000 0.662109 0.875000 0.666016 0.871094 0.666016 0.869141 0.664062 0.873047 0.660156
0 0.888672 0.662109 0.888672 0.666016 0.884766 0.666016 0.882812 0.664062 0.886719 0.660156
0 0.919922 0.662109 0.919922 0.666016 0.916016 0.666016 0.914062 0.664062 0.917969 0.660156
0 0.722656 0.664062 0.722656 0.667969 0.718750 0.667969 0.716797 0.666016 0.720703 0.662109
0 0.910156 0.664062 0.910156 0.667969 0.906250 0.667969 0.904297 0.666016 0.908203 0.662109
0 0.777344 0.667969 0.777344 0.671875 0.773438 0.671875 0.771484 0.669922 0.775391 0.666016
0 0.882812 0.667969 0.882812 0.671875 0.878906 0.671875 0.876953 0.669922 0.880859 0.666016
0 0.910156 0.669922 0.910156 0.673828 0.906250 0.673828 0.904297 0.671875 0.908203 0.667969
0 0.919922 0.669922 0.919922 0.673828 0.916016 0.673828 0.914062 0.671875 0.917969 0.667969
0 0.312500 0.671875 0.312500 0.675781 0.308594 0.675781 0.306641 0.673828 0.310547 0.669922
0 0.695312 0.671875 0.695312 0.675781 0.691406 0.675781 0.689453 0.673828 0.693359 0.669922
0 0.710938 0.675781 0.708984 0.675781 0.707031 0.677734 0.703125 0.677734 0.701172 0.675781 0.701172 0.669922 0.703125 0.667969 0.707031 0.667969 0.708984 0.669922 0.710938 0.669922
0 0.287109 0.677734 0.285156 0.677734 0.283203 0.679688 0.279297 0.679688 0.277344 0.677734 0.277344 0.671875 0.279297 0.669922 0.283203 0.669922 0.285156 0.671875 0.287109 0.671875
0 0.554688 0.675781 0.552734 0.677734 0.552734 0.679688 0.550781 0.681641 0.544922 0.681641 0.542969 0.679688 0.542969 0.677734 0.541016 0.675781 0.541016 0.673828 0.542969 0.671875 0.542969 0.669922 0.544922 0.667969 0.550781 0.667969 0.552734 0.669922 0.552734 0.671875 0.554688 0.673828
0 0.724609 0.675781 0.724609 0.679688 0.720703 0.679688 0.718750 0.677734 0.722656 0.673828
0 0.197266 0.681641 0.195312 0.681641 0.193359 0.683594 0.189453 0.683594 0.187500 0.681641 0.187500 0.675781 0.189453 0.673828 0.193359 0.673828 0.195312 0.675781 0.197266 0.675781
0 0.560547 0.679688 0.558594 0.681641 0.558594 0.683594 0.556641 0.685547 0.550781 0.685547 0.548828 0.683594 0.548828 0.681641 0.546875 0.679688 0.546875 0.677734 0.548828 0.675781 0.548828 0.673828 0.550781 0.671875 0.556641 0.671875 0.558594 0.673828 0.558594 0.675781 0.560547 0.677734
0 0.773438 0.681641 0.771484 0.681641 0.769531 0.683594 0.765625 0.683594 0.763672 0.681641 0.763672 0.675781 0.765625 0.673828 0.769531 0.673828 0.771484 0.675781 0.773438 0.675781
0 0.332031 0.681641 0.330078 0.683594 0.330078 0.685547 0.328125 0.687500 0.322266 0.687500 0.320312 0.685547 0.320312 0.683594 0.318359 0.681641 0.318359 0.679688 0.320312 0.677734 0.320312 0.675781 0.322266 0.673828 0.328125 0.673828 0.330078 0.675781 0.330078 0.677734 0.332031 0.679688
0 0.367188 0.683594 0.365234 0.683594 0.363281 0.685547 0.359375 0.685547 0.357422 0.683594 0.357422 0.677734 0.359375 0.675781 0.363281 0.675781 0.365234 0.677734 0.367188 0.677734
0 0.695312 0.683594 0.689453 0.689453 0.683594 0.689453 0.677734 0.683594 0.677734 0.677734 0.683594 0.671875 0.689453 0.671875 0.695312 0.677734
0 0.847656 0.679688 0.847656 0.683594 0.843750 0.683594 0.841797 0.681641 0.845703 0.677734
0 0.802734 0.685547 0.800781 0.685547 0.798828 0.687500 0.794922 0.687500 0.792969 0.685547 0.792969 0.679688 0.794922 0.677734 0.798828 0.677734 0.800781 0.679688 0.802734 0.679688
0 0.921875 0.683594 0.919922 0.685547 0.919922 0.687500 0.917969 0.689453 0.912109 0.689453 0.910156 0.687500 0.910156 0.685547 0.908203 0.683594 0.908203 0.681641 0.910156 0.679688 0.910156 0.677734 0.912109 0.675781 0.917969 0.675781 0.919922 0.677734 0.919922 0.679688 0.921875 0.681641
0 0.787109 0.687500 0.785156 0.687500 0.783203 0.689453 0.779297 0.689453 0.777344 0.687500 0.777344 0.681641 0.779297 0.679688 0.783203 0.679688 0.785156 0.681641 0.787109 0.681641
0 0.949219 0.687500 0.947266 0.687500 0.945312 0.689453 0.941406 0.689453 0.939453 0.687500 0.939453 0.681641 0.941406 0.679688 0.945312 0.679688 0.947266 0.681641 0.949219 0.681641
0 0.566406 0.687500 0.564453 0.689453 0.564453 0.691406 0.562500 0.693359 0.556641 0.693359 0.554688 0.691406 0.554688 0.689453 0.552734 0.687500 0.552734 0.685547 0.554688 0.683594 0.554688 0.681641 0.556641 0.679688 0.562500 0.679688 0.564453 0.681641 0.564453 0.683594 0.566406 0.685547
0 0.822266 0.689453 0.820312 0.689453 0.818359 0.691406 0.814453 0.691406 0.812500 0.689453 0.812500 0.683594 0.814453 0.681641 0.818359 0.681641 0.820312 0.683594 0.822266 0.683594
0 0.285156 0.699219 0.283203 0.699219 0.281250 0.701172 0.271484 0.701172 0.265625 0.695312 0.265625 0.685547 0.267578 0.683594 0.269531 0.683594 0.269531 0.681641 0.271484 0.679688 0.281250 0.679688 0.287109 0.685547 0.287109 0.695312 0.285156 0.697266
0 0.326172 0.693359 0.324219 0.693359 0.322266 0.695312 0.318359 0.695312 0.316406 0.693359 0.316406 0.687500 0.318359 0.685547 0.322266 0.685547 0.324219 0.687500 0.326172 0.687500
0 0.378906 0.693359 0.376953 0.693359 0.375000 0.695312 0.371094 0.695312 0.369141 0.693359 0.369141 0.687500 0.371094 0.685547 0.375000 0.685547 0.376953 0.687500 0.378906 0.687500
0 0.435547 0.693359 0.433594 0.693359 0.431641 0.695312 0.427734 0.695312 0.425781 0.693359 0.425781 0.687500 0.427734 0.685547 0.431641 0.685547 0.433594 0.687500 0.435547 0.687500
0 0.826172 0.695312 0.820312 0.701172 0.814453 0.701172 0.808594 0.695312 0.808594 0.689453 0.814453 0.683594 0.820312 0.683594 0.826172 0.689453
0 0.357422 0.697266 0.351562 0.703125 0.345703 0.703125 0.339844 0.697266 0.339844 0.691406 0.345703 0.685547 0.351562 0.685547 0.357422 0.691406
0 0.585938 0.697266 0.583984 0.697266 0.582031 0.699219 0.578125 0.699219 0.576172 0.697266 0.576172 0.691406 0.578125 0.689453 0.582031 0.689453 0.583984 0.691406 0.585938 0.691406
0 0.794922 0.693359 0.794922 0.697266 0.791016 0.697266 0.789062 0.695312 0.792969 0.691406
0 0.839844 0.693359 0.839844 0.697266 0.835938 0.697266 0.833984 0.695312 0.837891 0.691406
0 0.607422 0.697266 0.605469 0.699219 0.605469 0.701172 0.603516 0.703125 0.597656 0.703125 0.595703 0.701172 0.595703 0.699219 0.593750 0.697266 0.593750 0.695312 0.595703 0.693359 0.595703 0.691406 0.597656 0.689453 0.603516 0.689453 0.605469 0.691406 0.605469 0.693359 0.607422 0.695312
0 0.941406 0.697266 0.939453 0.699219 0.939453 0.701172 0.937500 0.703125 0.931641 0.703125 0.929688 0.701172 0.929688 0.699219 0.927734 0.697266 0.927734 0.695312 0.929688 0.693359 0.929688 0.691406 0.931641 0.689453 0.937500 0.689453 0.939453 0.691406 0.939453 0.693359 0.941406 0.695312
0 0.957031 0.695312 0.957031 0.699219 0.953125 0.699219 0.951172 0.697266 0.955078 0.693359
0 0.230469 0.701172 0.224609 0.707031 0.218750 0.707031 0.212891 0.701172 0.212891 0.695312 0.218750 0.689453 0.224609 0.689453 0.230469 0.695312
0 0.671875 0.701172 0.669922 0.701172 0.667969 0.703125 0.664062 0.703125 0.662109 0.701172 0.662109 0.695312 0.664062 0.693359 0.667969 0.693359 0.669922 0.695312 0.671875 0.695312
0 0.906250 0.701172 0.904297 0.701172 0.902344 0.703125 0.898438 0.703125 0.896484 0.701172 0.896484 0.695312 0.898438 0.693359 0.902344 0.693359 0.904297 0.695312 0.906250 0.695312
0 0.574219 0.708984 0.572266 0.708984 0.570312 0.710938 0.560547 0.710938 0.554688 0.705078 0.554688 0.695312 0.556641 0.693359 0.558594 0.693359 0.558594 0.691406 0.560547 0.689453 0.570312 0.689453 0.576172 0.695312 0.576172 0.705078 0.574219 0.707031
0 0.728516 0.699219 0.728516 0.703125 0.724609 0.703125 0.722656 0.701172 0.726562 0.697266
0 0.843750 0.699219 0.843750 0.703125 0.839844 0.703125 0.837891 0.701172 0.841797 0.697266
0 0.275391 0.705078 0.273438 0.705078 0.271484 0.707031 0.267578 0.707031 0.265625 0.705078 0.265625 0.699219 0.267578 0.697266 0.271484 0.697266 0.273438 0.699219 0.275391 0.699219
0 0.328125 0.705078 0.326172 0.705078 0.324219 0.707031 0.320312 0.707031 0.318359 0.705078 0.318359 0.699219 0.320312 0.697266 0.324219 0.697266 0.326172 0.699219 0.328125 0.699219
0 0.380859 0.703125 0.378906 0.705078 0.378906 0.707031 0.376953 0.708984 0.371094 0.708984 0.369141 0.707031 0.369141 0.705078 0.367188 0.703125 0.367188 0.701172 0.369141 0.699219 0.369141 0.697266 0.371094 0.695312 0.376953 0.695312 0.378906 0.697266 0.378906 0.699219 0.380859 0.701172
0 0.455078 0.703125 0.453125 0.705078 0.453125 0.707031 0.451172 0.708984 0.445312 0.708984 0.443359 0.707031 0.443359 0.705078 0.441406 0.703125 0.441406 0.701172 0.443359 0.699219 0.443359 0.697266 0.445312 0.695312 0.451172 0.695312 0.453125 0.697266 0.453125 0.699219 0.455078 0.701172
0 0.775391 0.701172 0.775391 0.705078 0.771484 0.705078 0.769531 0.703125 0.773438 0.699219
0 0.871094 0.701172 0.871094 0.705078 0.867188 0.705078 0.865234 0.703125 0.869141 0.699219
0 0.949219 0.701172 0.949219 0.705078 0.945312 0.705078 0.943359 0.703125 0.947266 0.699219
0 0.820312 0.703125 0.820312 0.707031 0.816406 0.707031 0.814453 0.705078 0.818359 0.701172
0 0.859375 0.703125 0.859375 0.707031 0.855469 0.707031 0.853516 0.705078 0.857422 0.701172
0 0.681641 0.710938 0.679688 0.710938 0.677734 0.712891 0.673828 0.712891 0.671875 0.710938 0.671875 0.705078 0.673828 0.703125 0.677734 0.703125 0.679688 0.705078 0.681641 0.705078
0 0.691406 0.710938 0.689453 0.710938 0.687500 0.712891 0.683594 0.712891 0.681641 0.710938 0.681641 0.705078 0.683594 0.703125 0.687500 0.703125 0.689453 0.705078 0.691406 0.705078
0 0.560547 0.710938 0.558594 0.712891 0.558594 0.714844 0.556641 0.716797 0.550781 0.716797 0.548828 0.714844 0.548828 0.712891 0.546875 0.710938 0.546875 0.708984 0.548828 0.707031 0.548828 0.705078 0.550781 0.703125 0.556641 0.703125 0.558594 0.705078 0.558594 0.707031 0.560547 0.708984
0 0.646484 0.712891 0.644531 0.712891 0.642578 0.714844 0.638672 0.714844 0.636719 0.712891 0.636719 0.707031 0.638672 0.705078 0.642578 0.705078 0.644531 0.707031 0.646484 0.707031
0 0.748047 0.708984 0.748047 0.712891 0.744141 0.712891 0.742188 0.710938 0.746094 0.707031
0 0.835938 0.712891 0.833984 0.712891 0.832031 0.714844 0.828125 0.714844 0.826172 0.712891 0.826172 0.707031 0.828125 0.705078 0.832031 0.705078 0.833984 0.707031 0.835938 0.707031
0 0.882812 0.708984 0.882812 0.712891 0.878906 0.712891 0.876953 0.710938 0.880859 0.707031
0 0.173828 0.710938 0.173828 0.714844 0.169922 0.714844 0.167969 0.712891 0.171875 0.708984
0 0.402344 0.710938 0.402344 0.714844 0.398438 0.714844 0.396484 0.712891 0.400391 0.708984
0 0.537109 0.712891 0.535156 0.714844 0.535156 0.716797 0.533203 0.718750 0.527344 0.718750 0.525391 0.716797 0.525391 0.714844 0.523438 0.712891 0.523438 0.710938 0.525391 0.708984 0.525391 0.707031 0.527344 0.705078 0.533203 0.705078 0.535156 0.707031 0.535156 0.708984 0.537109 0.710938
0 0.777344 0.710938 0.777344 0.714844 0.773438 0.714844 0.771484 0.712891 0.775391 0.708984
0 0.615234 0.716797 0.613281 0.716797 0.611328 0.718750 0.607422 0.718750 0.605469 0.716797 0.605469 0.710938 0.607422 0.708984 0.611328 0.708984 0.613281 0.710938 0.615234 0.710938
0 0.742188 0.712891 0.742188 0.716797 0.738281 0.716797 0.736328 0.714844 0.740234 0.710938
0 0.421875 0.718750 0.419922 0.718750 0.417969 0.720703 0.414062 0.720703 0.412109 0.718750 0.412109 0.712891 0.414062 0.710938 0.417969 0.710938 0.419922 0.712891 0.421875 0.712891
0 0.603516 0.718750 0.601562 0.718750 0.599609 0.720703 0.595703 0.720703 0.593750 0.718750 0.593750 0.712891 0.595703 0.710938 0.599609 0.710938 0.601562 0.712891 0.603516 0.712891
0 0.921875 0.716797 0.919922 0.718750 0.919922 0.720703 0.917969 0.722656 0.912109 0.722656 0.910156 0.720703 0.910156 0.718750 0.908203 0.716797 0.908203 0.714844 0.910156 0.712891 0.910156 0.710938 0.912109 0.708984 0.917969 0.708984 0.919922 0.710938 0.919922 0.712891 0.921875 0.714844
0 0.394531 0.726562 0.392578 0.726562 0.390625 0.728516 0.380859 0.728516 0.375000 0.722656 0.375000 0.712891 0.376953 0.710938 0.378906 0.710938 0.378906 0.708984 0.380859 0.707031 0.390625 0.707031 0.396484 0.712891 0.396484 0.722656 0.394531 0.724609
0 0.183594 0.718750 0.183594 0.722656 0.179688 0.722656 0.177734 0.720703 0.181641 0.716797
0 0.371094 0.718750 0.371094 0.722656 0.367188 0.722656 0.365234 0.720703 0.369141 0.716797
0 0.406250 0.718750 0.406250 0.722656 0.402344 0.722656 0.400391 0.720703 0.404297 0.716797
0 0.587891 0.722656 0.585938 0.722656 0.583984 0.724609 0.580078 0.724609 0.578125 0.722656 0.578125 0.716797 0.580078 0.714844 0.583984 0.714844 0.585938 0.716797 0.587891 0.716797
0 0.748047 0.718750 0.748047 0.722656 0.744141 0.722656 0.742188 0.720703 0.746094 0.716797
0 0.173828 0.720703 0.173828 0.724609 0.169922 0.724609 0.167969 0.722656 0.171875 0.718750
0 0.238281 0.730469 0.236328 0.730469 0.234375 0.732422 0.224609 0.732422 0.218750 0.726562 0.218750 0.716797 0.220703 0.714844 0.222656 0.714844 0.222656 0.712891 0.224609 0.710938 0.234375 0.710938 0.240234 0.716797 0.240234 0.726562 0.238281 0.728516
0 0.359375 0.720703 0.359375 0.724609 0.355469 0.724609 0.353516 0.722656 0.357422 0.718750
0 0.277344 0.728516 0.275391 0.728516 0.273438 0.730469 0.269531 0.730469 0.267578 0.728516 0.267578 0.722656 0.269531 0.720703 0.273438 0.720703 0.275391 0.722656 0.277344 0.722656
0 0.937500 0.728516 0.935547 0.728516 0.933594 0.730469 0.929688 0.730469 0.927734 0.728516 0.927734 0.722656 0.929688 0.720703 0.933594 0.720703 0.935547 0.722656 0.937500 0.722656
0 0.453125 0.730469 0.451172 0.732422 0.451172 0.734375 0.449219 0.736328 0.443359 0.736328 0.441406 0.734375 0.441406 0.732422 0.439453 0.730469 0.439453 0.728516 0.441406 0.726562 0.441406 0.724609 0.443359 0.722656 0.449219 0.722656 0.451172 0.724609 0.451172 0.726562 0.453125 0.728516
0 0.435547 0.732422 0.433594 0.734375 0.433594 0.736328 0.431641 0.738281 0.425781 0.738281 0.423828 0.736328 0.423828 0.734375 0.421875 0.732422 0.421875 0.730469 0.423828 0.728516 0.423828 0.726562 0.425781 0.724609 0.431641 0.724609 0.433594 0.726562 0.433594 0.728516 0.435547 0.730469
0 0.812500 0.734375 0.810547 0.734375 0.808594 0.736328 0.804688 0.736328 0.802734 0.734375 0.802734 0.728516 0.804688 0.726562 0.808594 0.726562 0.810547 0.728516 0.812500 0.728516
0 0.365234 0.732422 0.365234 0.736328 0.361328 0.736328 0.359375 0.734375 0.363281 0.730469
0 0.431641 0.742188 0.429688 0.742188 0.427734 0.744141 0.417969 0.744141 0.412109 0.738281 0.412109 0.728516 0.414062 0.726562 0.416016 0.726562 0.416016 0.724609 0.417969 0.722656 0.427734 0.722656 0.433594 0.728516 0.433594 0.738281 0.431641 0.740234
0 0.880859 0.736328 0.878906 0.736328 0.876953 0.738281 0.873047 0.738281 0.871094 0.736328 0.871094 0.730469 0.873047 0.728516 0.876953 0.728516 0.878906 0.730469 0.880859 0.730469
0 0.382812 0.738281 0.380859 0.740234 0.380859 0.742188 0.378906 0.744141 0.373047 0.744141 0.371094 0.742188 0.371094 0.740234 0.369141 0.738281 0.369141 0.736328 0.371094 0.734375 0.371094 0.732422 0.373047 0.730469 0.378906 0.730469 0.380859 0.732422 0.380859 0.734375 0.382812 0.736328
0 0.560547 0.740234 0.558594 0.740234 0.556641 0.742188 0.552734 0.742188 0.550781 0.740234 0.550781 0.734375 0.552734 0.732422 0.556641 0.732422 0.558594 0.734375 0.560547 0.734375
0 0.132812 0.742188 0.130859 0.742188 0.128906 0.744141 0.125000 0.744141 0.123047 0.742188 0.123047 0.736328 0.125000 0.734375 0.128906 0.734375 0.130859 0.736328 0.132812 0.736328
0 0.154297 0.742188 0.152344 0.742188 0.150391 0.744141 0.146484 0.744141 0.144531 0.742188 0.144531 0.736328 0.146484 0.734375 0.150391 0.734375 0.152344 0.736328 0.154297 0.736328
0 0.798828 0.742188 0.796875 0.742188 0.794922 0.744141 0.791016 0.744141 0.789062 0.742188 0.789062 0.736328 0.791016 0.734375 0.794922 0.734375 0.796875 0.736328 0.798828 0.736328
0 0.824219 0.742188 0.822266 0.742188 0.820312 0.744141 0.816406 0.744141 0.814453 0.742188 0.814453 0.736328 0.816406 0.734375 0.820312 0.734375 0.822266 0.736328 0.824219 0.736328
0 0.218750 0.744141 0.216797 0.744141 0.214844 0.746094 0.210938 0.746094 0.208984 0.744141 0.208984 0.738281 0.210938 0.736328 0.214844 0.736328 0.216797 0.738281 0.218750 0.738281
0 0.371094 0.744141 0.365234 0.750000 0.359375 0.750000 0.353516 0.744141 0.353516 0.738281 0.359375 0.732422 0.365234 0.732422 0.371094 0.738281
0 0.642578 0.744141 0.640625 0.744141 0.638672 0.746094 0.634766 0.746094 0.632812 0.744141 0.632812 0.738281 0.634766 0.736328 0.638672 0.736328 0.640625 0.738281 0.642578 0.738281
0 0.908203 0.750000 0.906250 0.750000 0.904297 0.751953 0.894531 0.751953 0.888672 0.746094 0.888672 0.736328 0.890625 0.734375 0.892578 0.734375 0.892578 0.732422 0.894531 0.730469 0.904297 0.730469 0.910156 0.736328 0.910156 0.746094 0.908203 0.748047
0 0.201172 0.744141 0.199219 0.746094 0.199219 0.748047 0.197266 0.750000 0.191406 0.750000 0.189453 0.748047 0.189453 0.746094 0.187500 0.744141 0.187500 0.742188 0.189453 0.740234 0.189453 0.738281 0.191406 0.736328 0.197266 0.736328 0.199219 0.738281 0.199219 0.740234 0.201172 0.742188
0 0.271484 0.746094 0.269531 0.746094 0.267578 0.748047 0.263672 0.748047 0.261719 0.746094 0.261719 0.740234 0.263672 0.738281 0.267578 0.738281 0.269531 0.740234 0.271484 0.740234
0 0.664062 0.748047 0.662109 0.748047 0.660156 0.750000 0.656250 0.750000 0.654297 0.748047 0.654297 0.742188 0.656250 0.740234 0.660156 0.740234 0.662109 0.742188 0.664062 0.742188
0 0.896484 0.748047 0.894531 0.748047 0.892578 0.750000 0.888672 0.750000 0.886719 0.748047 0.886719 0.742188 0.888672 0.740234 0.892578 0.740234 0.894531 0.742188 0.896484 0.742188
0 0.935547 0.750000 0.933594 0.750000 0.931641 0.751953 0.927734 0.751953 0.925781 0.750000 0.925781 0.744141 0.927734 0.742188 0.931641 0.742188 0.933594 0.744141 0.935547 0.744141
0 0.636719 0.753906 0.634766 0.753906 0.632812 0.755859 0.628906 0.755859 0.626953 0.753906 0.626953 0.748047 0.628906 0.746094 0.632812 0.746094 0.634766 0.748047 0.636719 0.748047
0 0.919922 0.753906 0.917969 0.753906 0.916016 0.755859 0.912109 0.755859 0.910156 0.753906 0.910156 0.748047 0.912109 0.746094 0.916016 0.746094 0.917969 0.748047 0.919922 0.748047
0 0.277344 0.761719 0.275391 0.761719 0.273438 0.763672 0.263672 0.763672 0.257812 0.757812 0.257812 0.748047 0.259766 0.746094 0.261719 0.746094 0.261719 0.744141 0.263672 0.742188 0.273438 0.742188 0.279297 0.748047 0.279297 0.757812 0.277344 0.759766
0 0.546875 0.755859 0.544922 0.755859 0.542969 0.757812 0.539062 0.757812 0.537109 0.755859 0.537109 0.750000 0.539062 0.748047 0.542969 0.748047 0.544922 0.750000 0.546875 0.750000
0 0.873047 0.755859 0.871094 0.755859 0.869141 0.757812 0.865234 0.757812 0.863281 0.755859 0.863281 0.750000 0.865234 0.748047 0.869141 0.748047 0.871094 0.750000 0.873047 0.750000
0 0.314453 0.753906 0.314453 0.757812 0.310547 0.757812 0.308594 0.755859 0.312500 0.751953
0 0.828125 0.757812 0.826172 0.757812 0.824219 0.759766 0.820312 0.759766 0.818359 0.757812 0.818359 0.751953 0.820312 0.750000 0.824219 0.750000 0.826172 0.751953 0.828125 0.751953
0 0.376953 0.759766 0.375000 0.759766 0.373047 0.761719 0.369141 0.761719 0.367188 0.759766 0.367188 0.753906 0.369141 0.751953 0.373047 0.751953 0.375000 0.753906 0.376953 0.753906
0 0.511719 0.759766 0.509766 0.759766 0.507812 0.761719 0.503906 0.761719 0.501953 0.759766 0.501953 0.753906 0.503906 0.751953 0.507812 0.751953 0.509766 0.753906 0.511719 0.753906
0 0.533203 0.765625 0.531250 0.765625 0.529297 0.767578 0.519531 0.767578 0.513672 0.761719 0.513672 0.751953 0.515625 0.750000 0.517578 0.750000 0.517578 0.748047 0.519531 0.746094 0.529297 0.746094 0.535156 0.751953 0.535156 0.761719 0.533203 0.763672
0 0.583984 0.759766 0.578125 0.765625 0.572266 0.765625 0.566406 0.759766 0.566406 0.753906 0.572266 0.748047 0.578125 0.748047 0.583984 0.753906
0 0.486328 0.761719 0.484375 0.761719 0.482422 0.763672 0.478516 0.763672 0.476562 0.761719 0.476562 0.755859 0.478516 0.753906 0.482422 0.753906 0.484375 0.755859 0.486328 0.755859
0 0.654297 0.761719 0.652344 0.761719 0.650391 0.763672 0.646484 0.763672 0.644531 0.761719 0.644531 0.755859 0.646484 0.753906 0.650391 0.753906 0.652344 0.755859 0.654297 0.755859
0 0.800781 0.761719 0.798828 0.761719 0.796875 0.763672 0.792969 0.763672 0.791016 0.761719 0.791016 0.755859 0.792969 0.753906 0.796875 0.753906 0.798828 0.755859 0.800781 0.755859
0 0.896484 0.761719 0.894531 0.761719 0.892578 0.763672 0.888672 0.763672 0.886719 0.761719 0.886719 0.755859 0.888672 0.753906 0.892578 0.753906 0.894531 0.755859 0.896484 0.755859
0 0.410156 0.761719 0.408203 0.763672 0.408203 0.765625 0.406250 0.767578 0.400391 0.767578 0.398438 0.765625 0.398438 0.763672 0.396484 0.761719 0.396484 0.759766 0.398438 0.757812 0.398438 0.755859 0.400391 0.753906 0.406250 0.753906 0.408203 0.755859 0.408203 0.757812 0.410156 0.759766
0 0.533203 0.763672 0.531250 0.765625 0.531250 0.767578 0.529297 0.769531 0.523438 0.769531 0.521484 0.767578 0.521484 0.765625 0.519531 0.763672 0.519531 0.761719 0.521484 0.759766 0.521484 0.757812 0.523438 0.755859 0.529297 0.755859 0.531250 0.757812 0.531250 0.759766 0.533203 0.761719
0 0.353516 0.765625 0.351562 0.767578 0.351562 0.769531 0.349609 0.771484 0.343750 0.771484 0.341797 0.769531 0.341797 0.767578 0.339844 0.765625 0.339844 0.763672 0.341797 0.761719 0.341797 0.759766 0.343750 0.757812 0.349609 0.757812 0.351562 0.759766 0.351562 0.761719 0.353516 0.763672
0 0.457031 0.767578 0.451172 0.773438 0.445312 0.773438 0.439453 0.767578 0.439453 0.761719 0.445312 0.755859 0.451172 0.755859 0.457031 0.761719
0 0.609375 0.765625 0.607422 0.767578 0.607422 0.769531 0.605469 0.771484 0.599609 0.771484 0.597656 0.769531 0.597656 0.767578 0.595703 0.765625 0.595703 0.763672 0.597656 0.761719 0.597656 0.759766 0.599609 0.757812 0.605469 0.757812 0.607422 0.759766 0.607422 0.761719 0.609375 0.763672
0 0.859375 0.763672 0.859375 0.767578 0.855469 0.767578 0.853516 0.765625 0.857422 0.761719
0 0.312500 0.769531 0.310547 0.769531 0.308594 0.771484 0.304688 0.771484 0.302734 0.769531 0.302734 0.763672 0.304688 0.761719 0.308594 0.761719 0.310547 0.763672 0.312500 0.763672
0 0.763672 0.769531 0.761719 0.769531 0.759766 0.771484 0.755859 0.771484 0.753906 0.769531 0.753906 0.763672 0.755859 0.761719 0.759766 0.761719 0.761719 0.763672 0.763672 0.763672
0 0.820312 0.769531 0.818359 0.769531 0.816406 0.771484 0.812500 0.771484 0.810547 0.769531 0.810547 0.763672 0.812500 0.761719 0.816406 0.761719 0.818359 0.763672 0.820312 0.763672
0 0.488281 0.771484 0.486328 0.773438 0.486328 0.775391 0.484375 0.777344 0.478516 0.777344 0.476562 0.775391 0.476562 0.773438 0.474609 0.771484 0.474609 0.769531 0.476562 0.767578 0.476562 0.765625 0.478516 0.763672 0.484375 0.763672 0.486328 0.765625 0.486328 0.767578 0.488281 0.769531
0 0.785156 0.771484 0.783203 0.773438 0.783203 0.775391 0.781250 0.777344 0.775391 0.777344 0.773438 0.775391 0.773438 0.773438 0.771484 0.771484 0.771484 0.769531 0.773438 0.767578 0.773438 0.765625 0.775391 0.763672 0.781250 0.763672 0.783203 0.765625 0.783203 0.767578 0.785156 0.769531
0 0.126953 0.777344 0.125000 0.777344 0.123047 0.779297 0.119141 0.779297 0.117188 0.777344 0.117188 0.771484 0.119141 0.769531 0.123047 0.769531 0.125000 0.771484 0.126953 0.771484
0 0.367188 0.775391 0.365234 0.777344 0.365234 0.779297 0.363281 0.781250 0.357422 0.781250 0.355469 0.779297 0.355469 0.777344 0.353516 0.775391 0.353516 0.773438 0.355469 0.771484 0.355469 0.769531 0.357422 0.767578 0.363281 0.767578 0.365234 0.769531 0.365234 0.771484 0.367188 0.773438
0 0.384766 0.783203 0.382812 0.783203 0.380859 0.785156 0.371094 0.785156 0.365234 0.779297 0.365234 0.769531 0.367188 0.767578 0.369141 0.767578 0.369141 0.765625 0.371094 0.763672 0.380859 0.763672 0.386719 0.769531 0.386719 0.779297 0.384766 0.781250
0 0.500000 0.777344 0.498047 0.777344 0.496094 0.779297 0.492188 0.779297 0.490234 0.777344 0.490234 0.771484 0.492188 0.769531 0.496094 0.769531 0.498047 0.771484 0.500000 0.771484
0 0.792969 0.783203 0.791016 0.783203 0.789062 0.785156 0.779297 0.785156 0.773438 0.779297 0.773438 0.769531 0.775391 0.767578 0.777344 0.767578 0.777344 0.765625 0.779297 0.763672 0.789062 0.763672 0.794922 0.769531 0.794922 0.779297 0.792969 0.781250
0 0.308594 0.785156 0.306641 0.785156 0.304688 0.787109 0.294922 0.787109 0.289062 0.781250 0.289062 0.771484 0.291016 0.769531 0.292969 0.769531 0.292969 0.767578 0.294922 0.765625 0.304688 0.765625 0.310547 0.771484 0.310547 0.781250 0.308594 0.783203
0 0.337891 0.779297 0.332031 0.785156 0.326172 0.785156 0.320312 0.779297 0.320312 0.773438 0.326172 0.767578 0.332031 0.767578 0.337891 0.773438
0 0.177734 0.781250 0.171875 0.787109 0.166016 0.787109 0.160156 0.781250 0.160156 0.775391 0.166016 0.769531 0.171875 0.769531 0.177734 0.775391
0 0.322266 0.781250 0.320312 0.781250 0.318359 0.783203 0.314453 0.783203 0.312500 0.781250 0.312500 0.775391 0.314453 0.773438 0.318359 0.773438 0.320312 0.775391 0.322266 0.775391
0 0.994141 0.777344 0.994141 0.781250 0.990234 0.781250 0.988281 0.779297 0.992188 0.775391
0 0.265625 0.783203 0.263672 0.783203 0.261719 0.785156 0.257812 0.785156 0.255859 0.783203 0.255859 0.777344 0.257812 0.775391 0.261719 0.775391 0.263672 0.777344 0.265625 0.777344
0 0.535156 0.783203 0.529297 0.789062 0.523438 0.789062 0.517578 0.783203 0.517578 0.777344 0.523438 0.771484 0.529297 0.771484 0.535156 0.777344
0 0.574219 0.791016 0.572266 0.791016 0.570312 0.792969 0.560547 0.792969 0.554688 0.787109 0.554688 0.777344 0.556641 0.775391 0.558594 0.775391 0.558594 0.773438 0.560547 0.771484 0.570312 0.771484 0.576172 0.777344 0.576172 0.787109 0.574219 0.789062
0 0.195312 0.785156 0.193359 0.787109 0.193359 0.789062 0.191406 0.791016 0.185547 0.791016 0.183594 0.789062 0.183594 0.787109 0.181641 0.785156 0.181641 0.783203 0.183594 0.781250 0.183594 0.779297 0.185547 0.777344 0.191406 0.777344 0.193359 0.779297 0.193359 0.781250 0.195312 0.783203
0 0.302734 0.787109 0.300781 0.787109 0.298828 0.789062 0.294922 0.789062 0.292969 0.787109 0.292969 0.781250 0.294922 0.779297 0.298828 0.779297 0.300781 0.781250 0.302734 0.781250
0 0.421875 0.787109 0.416016 0.792969 0.410156 0.792969 0.404297 0.787109 0.404297 0.781250 0.410156 0.775391 0.416016 0.775391 0.421875 0.781250
0 0.470703 0.787109 0.468750 0.787109 0.466797 0.789062 0.462891 0.789062 0.460938 0.787109 0.460938 0.781250 0.462891 0.779297 0.466797 0.779297 0.468750 0.781250 0.470703 0.781250
0 0.683594 0.787109 0.681641 0.787109 0.679688 0.789062 0.675781 0.789062 0.673828 0.787109 0.673828 0.781250 0.675781 0.779297 0.679688 0.779297 0.681641 0.781250 0.683594 0.781250
0 0.755859 0.785156 0.753906 0.787109 0.753906 0.789062 0.751953 0.791016 0.746094 0.791016 0.744141 0.789062 0.744141 0.787109 0.742188 0.785156 0.742188 0.783203 0.744141 0.781250 0.744141 0.779297 0.746094 0.777344 0.751953 0.777344 0.753906 0.779297 0.753906 0.781250 0.755859 0.783203
0 0.589844 0.787109 0.587891 0.789062 0.587891 0.791016 0.585938 0.792969 0.580078 0.792969 0.578125 0.791016 0.578125 0.789062 0.576172 0.787109 0.576172 0.785156 0.578125 0.783203 0.578125 0.781250 0.580078 0.779297 0.585938 0.779297 0.587891 0.781250 0.587891 0.783203 0.589844 0.785156
0 0.458984 0.791016 0.457031 0.791016 0.455078 0.792969 0.451172 0.792969 0.449219 0.791016 0.449219 0.785156 0.451172 0.783203 0.455078 0.783203 0.457031 0.785156 0.458984 0.785156
0 0.787109 0.789062 0.785156 0.791016 0.785156 0.792969 0.783203 0.794922 0.777344 0.794922 0.775391 0.792969 0.775391 0.791016 0.773438 0.789062 0.773438 0.787109 0.775391 0.785156 0.775391 0.783203 0.777344 0.781250 0.783203 0.781250 0.785156 0.783203 0.785156 0.785156 0.787109 0.787109
0 0.289062 0.789062 0.289062 0.792969 0.285156 0.792969 0.283203 0.791016 0.287109 0.787109
0 0.691406 0.794922 0.689453 0.794922 0.687500 0.796875 0.683594 0.796875 0.681641 0.794922 0.681641 0.789062 0.683594 0.787109 0.687500 0.787109 0.689453 0.789062 0.691406 0.789062
0 0.927734 0.791016 0.927734 0.794922 0.923828 0.794922 0.921875 0.792969 0.925781 0.789062
0 0.943359 0.792969 0.941406 0.794922 0.941406 0.796875 0.939453 0.798828 0.933594 0.798828 0.931641 0.796875 0.931641 0.794922 0.929688 0.792969 0.929688 0.791016 0.931641 0.789062 0.931641 0.787109 0.933594 0.785156 0.939453 0.785156 0.941406 0.787109 0.941406 0.789062 0.943359 0.791016
0 0.613281 0.798828 0.611328 0.798828 0.609375 0.800781 0.605469 0.800781 0.603516 0.798828 0.603516 0.792969 0.605469 0.791016 0.609375 0.791016 0.611328 0.792969 0.613281 0.792969
0 0.765625 0.798828 0.763672 0.798828 0.761719 0.800781 0.757812 0.800781 0.755859 0.798828 0.755859 0.792969 0.757812 0.791016 0.761719 0.791016 0.763672 0.792969 0.765625 0.792969
0 0.851562 0.798828 0.849609 0.798828 0.847656 0.800781 0.843750 0.800781 0.841797 0.798828 0.841797 0.792969 0.843750 0.791016 0.847656 0.791016 0.849609 0.792969 0.851562 0.792969
0 0.992188 0.798828 0.990234 0.798828 0.988281 0.800781 0.984375 0.800781 0.982422 0.798828 0.982422 0.792969 0.984375 0.791016 0.988281 0.791016 0.990234 0.792969 0.992188 0.792969
0 0.285156 0.800781 0.283203 0.800781 0.281250 0.802734 0.277344 0.802734 0.275391 0.800781 0.275391 0.794922 0.277344 0.792969 0.281250 0.792969 0.283203 0.794922 0.285156 0.794922
0 0.324219 0.800781 0.318359 0.806641 0.312500 0.806641 0.306641 0.800781 0.306641 0.794922 0.312500 0.789062 0.318359 0.789062 0.324219 0.794922
0 0.921875 0.800781 0.919922 0.800781 0.917969 0.802734 0.914062 0.802734 0.912109 0.800781 0.912109 0.794922 0.914062 0.792969 0.917969 0.792969 0.919922 0.794922 0.921875 0.794922
0 0.941406 0.800781 0.939453 0.800781 0.937500 0.802734 0.933594 0.802734 0.931641 0.800781 0.931641 0.794922 0.933594 0.792969 0.937500 0.792969 0.939453 0.794922 0.941406 0.794922
0 0.328125 0.800781 0.326172 0.802734 0.326172 0.804688 0.324219 0.806641 0.318359 0.806641 0.316406 0.804688 0.316406 0.802734 0.314453 0.800781 0.314453 0.798828 0.316406 0.796875 0.316406 0.794922 0.318359 0.792969 0.324219 0.792969 0.326172 0.794922 0.326172 0.796875 0.328125 0.798828
0 0.242188 0.802734 0.240234 0.804688 0.240234 0.806641 0.238281 0.808594 0.232422 0.808594 0.230469 0.806641 0.230469 0.804688 0.228516 0.802734 0.228516 0.800781 0.230469 0.798828 0.230469 0.796875 0.232422 0.794922 0.238281 0.794922 0.240234 0.796875 0.240234 0.798828 0.242188 0.800781
0 0.808594 0.804688 0.806641 0.804688 0.804688 0.806641 0.800781 0.806641 0.798828 0.804688 0.798828 0.798828 0.800781 0.796875 0.804688 0.796875 0.806641 0.798828 0.808594 0.798828
0 0.822266 0.804688 0.820312 0.804688 0.818359 0.806641 0.814453 0.806641 0.812500 0.804688 0.812500 0.798828 0.814453 0.796875 0.818359 0.796875 0.820312 0.798828 0.822266 0.798828
0 0.546875 0.804688 0.544922 0.806641 0.544922 0.808594 0.542969 0.810547 0.537109 0.810547 0.535156 0.808594 0.535156 0.806641 0.533203 0.804688 0.533203 0.802734 0.535156 0.800781 0.535156 0.798828 0.537109 0.796875 0.542969 0.796875 0.544922 0.798828 0.544922 0.800781 0.546875 0.802734
0 0.691406 0.806641 0.689453 0.806641 0.687500 0.808594 0.683594 0.808594 0.681641 0.806641 0.681641 0.800781 0.683594 0.798828 0.687500 0.798828 0.689453 0.800781 0.691406 0.800781
0 0.779297 0.812500 0.777344 0.812500 0.775391 0.814453 0.765625 0.814453 0.759766 0.808594 0.759766 0.798828 0.761719 0.796875 0.763672 0.796875 0.763672 0.794922 0.765625 0.792969 0.775391 0.792969 0.781250 0.798828 0.781250 0.808594 0.779297 0.810547
0 0.658203 0.808594 0.656250 0.808594 0.654297 0.810547 0.650391 0.810547 0.648438 0.808594 0.648438 0.802734 0.650391 0.800781 0.654297 0.800781 0.656250 0.802734 0.658203 0.802734
0 0.394531 0.812500 0.392578 0.814453 0.392578 0.816406 0.390625 0.818359 0.384766 0.818359 0.382812 0.816406 0.382812 0.814453 0.380859 0.812500 0.380859 0.810547 0.382812 0.808594 0.382812 0.806641 0.384766 0.804688 0.390625 0.804688 0.392578 0.806641 0.392578 0.808594 0.394531 0.810547
0 0.845703 0.814453 0.843750 0.814453 0.841797 0.816406 0.837891 0.816406 0.835938 0.814453 0.835938 0.808594 0.837891 0.806641 0.841797 0.806641 0.843750 0.808594 0.845703 0.808594
0 0.935547 0.812500 0.933594 0.814453 0.933594 0.816406 0.931641 0.818359 0.925781 0.818359 0.923828 0.816406 0.923828 0.814453 0.921875 0.812500 0.921875 0.810547 0.923828 0.808594 0.923828 0.806641 0.925781 0.804688 0.931641 0.804688 0.933594 0.806641 0.933594 0.808594 0.935547 0.810547
0 0.833984 0.814453 0.832031 0.816406 0.832031 0.818359 0.830078 0.820312 0.824219 0.820312 0.822266 0.818359 0.822266 0.816406 0.820312 0.814453 0.820312 0.812500 0.822266 0.810547 0.822266 0.808594 0.824219 0.806641 0.830078 0.806641 0.832031 0.808594 0.832031 0.810547 0.833984 0.812500
0 0.265625 0.814453 0.265625 0.818359 0.261719 0.818359 0.259766 0.816406 0.263672 0.812500
0 0.308594 0.826172 0.306641 0.826172 0.304688 0.828125 0.294922 0.828125 0.289062 0.822266 0.289062 0.812500 0.291016 0.810547 0.292969 0.810547 0.292969 0.808594 0.294922 0.806641 0.304688 0.806641 0.310547 0.812500 0.310547 0.822266 0.308594 0.824219
0 0.587891 0.828125 0.585938 0.828125 0.583984 0.830078 0.574219 0.830078 0.568359 0.824219 0.568359 0.814453 0.570312 0.812500 0.572266 0.812500 0.572266 0.810547 0.574219 0.808594 0.583984 0.808594 0.589844 0.814453 0.589844 0.824219 0.587891 0.826172
0 0.607422 0.818359 0.607422 0.822266 0.603516 0.822266 0.601562 0.820312 0.605469 0.816406
0 0.677734 0.822266 0.675781 0.822266 0.673828 0.824219 0.669922 0.824219 0.667969 0.822266 0.667969 0.816406 0.669922 0.814453 0.673828 0.814453 0.675781 0.816406 0.677734 0.816406
0 0.947266 0.824219 0.945312 0.824219 0.943359 0.826172 0.939453 0.826172 0.937500 0.824219 0.937500 0.818359 0.939453 0.816406 0.943359 0.816406 0.945312 0.818359 0.947266 0.818359
0 0.521484 0.822266 0.521484 0.826172 0.517578 0.826172 0.515625 0.824219 0.519531 0.820312
0 0.736328 0.826172 0.734375 0.828125 0.734375 0.830078 0.732422 0.832031 0.726562 0.832031 0.724609 0.830078 0.724609 0.828125 0.722656 0.826172 0.722656 0.824219 0.724609 0.822266 0.724609 0.820312 0.726562 0.818359 0.732422 0.818359 0.734375 0.820312 0.734375 0.822266 0.736328 0.824219
0 0.357422 0.828125 0.355469 0.830078 0.355469 0.832031 0.353516 0.833984 0.347656 0.833984 0.345703 0.832031 0.345703 0.830078 0.343750 0.828125 0.343750 0.826172 0.345703 0.824219 0.345703 0.822266 0.347656 0.820312 0.353516 0.820312 0.355469 0.822266 0.355469 0.824219 0.357422 0.826172
0 0.904297 0.830078 0.902344 0.830078 0.900391 0.832031 0.896484 0.832031 0.894531 0.830078 0.894531 0.824219 0.896484 0.822266 0.900391 0.822266 0.902344 0.824219 0.904297 0.824219
0 0.250000 0.832031 0.248047 0.832031 0.246094 0.833984 0.242188 0.833984 0.240234 0.832031 0.240234 0.826172 0.242188 0.824219 0.246094 0.824219 0.248047 0.826172 0.250000 0.826172
0 0.576172 0.830078 0.574219 0.832031 0.574219 0.833984 0.572266 0.835938 0.566406 0.835938 0.564453 0.833984 0.564453 0.832031 0.562500 0.830078 0.562500 0.828125 0.564453 0.826172 0.564453 0.824219 0.566406 0.822266 0.572266 0.822266 0.574219 0.824219 0.574219 0.826172 0.576172 0.828125
0 0.595703 0.828125 0.595703 0.832031 0.591797 0.832031 0.589844 0.830078 0.593750 0.826172
0 0.923828 0.830078 0.921875 0.832031 0.921875 0.833984 0.919922 0.835938 0.914062 0.835938 0.912109 0.833984 0.912109 0.832031 0.910156 0.830078 0.910156 0.828125 0.912109 0.826172 0.912109 0.824219 0.914062 0.822266 0.919922 0.822266 0.921875 0.824219 0.921875 0.826172 0.923828 0.828125
0 0.947266 0.832031 0.945312 0.832031 0.943359 0.833984 0.939453 0.833984 0.937500 0.832031 0.937500 0.826172 0.939453 0.824219 0.943359 0.824219 0.945312 0.826172 0.947266 0.826172
0 0.199219 0.832031 0.197266 0.833984 0.197266 0.835938 0.195312 0.837891 0.189453 0.837891 0.187500 0.835938 0.187500 0.833984 0.185547 0.832031 0.185547 0.830078 0.187500 0.828125 0.187500 0.826172 0.189453 0.824219 0.195312 0.824219 0.197266 0.826172 0.197266 0.828125 0.199219 0.830078
0 0.519531 0.830078 0.519531 0.833984 0.515625 0.833984 0.513672 0.832031 0.517578 0.828125
0 0.980469 0.830078 0.980469 0.833984 0.976562 0.833984 0.974609 0.832031 0.978516 0.828125
0 0.970703 0.832031 0.970703 0.835938 0.966797 0.835938 0.964844 0.833984 0.968750 0.830078
0 0.542969 0.837891 0.541016 0.837891 0.539062 0.839844 0.535156 0.839844 0.533203 0.837891 0.533203 0.832031 0.535156 0.830078 0.539062 0.830078 0.541016 0.832031 0.542969 0.832031
0 0.810547 0.843750 0.808594 0.843750 0.806641 0.845703 0.796875 0.845703 0.791016 0.839844 0.791016 0.830078 0.792969 0.828125 0.794922 0.828125 0.794922 0.826172 0.796875 0.824219 0.806641 0.824219 0.812500 0.830078 0.812500 0.839844 0.810547 0.841797
0 0.927734 0.835938 0.925781 0.837891 0.925781 0.839844 0.923828 0.841797 0.917969 0.841797 0.916016 0.839844 0.916016 0.837891 0.914062 0.835938 0.914062 0.833984 0.916016 0.832031 0.916016 0.830078 0.917969 0.828125 0.923828 0.828125 0.925781 0.830078 0.925781 0.832031 0.927734 0.833984
0 0.980469 0.835938 0.980469 0.839844 0.976562 0.839844 0.974609 0.837891 0.978516 0.833984
0 0.603516 0.837891 0.603516 0.841797 0.599609 0.841797 0.597656 0.839844 0.601562 0.835938
0 0.263672 0.849609 0.261719 0.849609 0.259766 0.851562 0.250000 0.851562 0.244141 0.845703 0.244141 0.835938 0.246094 0.833984 0.248047 0.833984 0.248047 0.832031 0.250000 0.830078 0.259766 0.830078 0.265625 0.835938 0.265625 0.845703 0.263672 0.847656
0 0.490234 0.843750 0.488281 0.843750 0.486328 0.845703 0.482422 0.845703 0.480469 0.843750 0.480469 0.837891 0.482422 0.835938 0.486328 0.835938 0.488281 0.837891 0.490234 0.837891
0 0.472656 0.845703 0.470703 0.845703 0.468750 0.847656 0.464844 0.847656 0.462891 0.845703 0.462891 0.839844 0.464844 0.837891 0.468750 0.837891 0.470703 0.839844 0.472656 0.839844
0 0.220703 0.845703 0.218750 0.847656 0.218750 0.849609 0.216797 0.851562 0.210938 0.851562 0.208984 0.849609 0.208984 0.847656 0.207031 0.845703 0.207031 0.843750 0.208984 0.841797 0.208984 0.839844 0.210938 0.837891 0.216797 0.837891 0.218750 0.839844 0.218750 0.841797 0.220703 0.843750
0 0.337891 0.847656 0.332031 0.853516 0.326172 0.853516 0.320312 0.847656 0.320312 0.841797 0.326172 0.835938 0.332031 0.835938 0.337891 0.841797
0 0.900391 0.849609 0.898438 0.849609 0.896484 0.851562 0.892578 0.851562 0.890625 0.849609 0.890625 0.843750 0.892578 0.841797 0.896484 0.841797 0.898438 0.843750 0.900391 0.843750
0 0.566406 0.851562 0.564453 0.851562 0.562500 0.853516 0.558594 0.853516 0.556641 0.851562 0.556641 0.845703 0.558594 0.843750 0.562500 0.843750 0.564453 0.845703 0.566406 0.845703
0 0.779297 0.851562 0.773438 0.857422 0.767578 0.857422 0.761719 0.851562 0.761719 0.845703 0.767578 0.839844 0.773438 0.839844 0.779297 0.845703
0 0.472656 0.853516 0.470703 0.853516 0.468750 0.855469 0.464844 0.855469 0.462891 0.853516 0.462891 0.847656 0.464844 0.845703 0.468750 0.845703 0.470703 0.847656 0.472656 0.847656
0 0.734375 0.851562 0.732422 0.853516 0.732422 0.855469 0.730469 0.857422 0.724609 0.857422 0.722656 0.855469 0.722656 0.853516 0.720703 0.851562 0.720703 0.849609 0.722656 0.847656 0.722656 0.845703 0.724609 0.843750 0.730469 0.843750 0.732422 0.845703 0.732422 0.847656 0.734375 0.849609
0 0.820312 0.853516 0.814453 0.859375 0.808594 0.859375 0.802734 0.853516 0.802734 0.847656 0.808594 0.841797 0.814453 0.841797 0.820312 0.847656
0 0.498047 0.851562 0.498047 0.855469 0.494141 0.855469 0.492188 0.853516 0.496094 0.849609
0 0.552734 0.855469 0.550781 0.855469 0.548828 0.857422 0.544922 0.857422 0.542969 0.855469 0.542969 0.849609 0.544922 0.847656 0.548828 0.847656 0.550781 0.849609 0.552734 0.849609
0 0.664062 0.851562 0.664062 0.855469 0.660156 0.855469 0.658203 0.853516 0.662109 0.849609
0 0.312500 0.863281 0.310547 0.863281 0.308594 0.865234 0.298828 0.865234 0.292969 0.859375 0.292969 0.849609 0.294922 0.847656 0.296875 0.847656 0.296875 0.845703 0.298828 0.843750 0.308594 0.843750 0.314453 0.849609 0.314453 0.859375 0.312500 0.861328
0 0.492188 0.853516 0.492188 0.857422 0.488281 0.857422 0.486328 0.855469 0.490234 0.851562
0 0.681641 0.855469 0.679688 0.857422 0.679688 0.859375 0.677734 0.861328 0.671875 0.861328 0.669922 0.859375 0.669922 0.857422 0.667969 0.855469 0.667969 0.853516 0.669922 0.851562 0.669922 0.849609 0.671875 0.847656 0.677734 0.847656 0.679688 0.849609 0.679688 0.851562 0.681641 0.853516
0 0.658203 0.859375 0.658203 0.863281 0.654297 0.863281 0.652344 0.861328 0.656250 0.857422
0 0.708984 0.861328 0.707031 0.863281 0.707031 0.865234 0.705078 0.867188 0.699219 0.867188 0.697266 0.865234 0.697266 0.863281 0.695312 0.861328 0.695312 0.859375 0.697266 0.857422 0.697266 0.855469 0.699219 0.853516 0.705078 0.853516 0.707031 0.855469 0.707031 0.857422 0.708984 0.859375
0 0.666016 0.867188 0.666016 0.871094 0.662109 0.871094 0.660156 0.869141 0.664062 0.865234
0 0.685547 0.871094 0.679688 0.876953 0.673828 0.876953 0.667969 0.871094 0.667969 0.865234 0.673828 0.859375 0.679688 0.859375 0.685547 0.865234
0 0.302734 0.875000 0.296875 0.880859 0.291016 0.880859 0.285156 0.875000 0.285156 0.869141 0.291016 0.863281 0.296875 0.863281 0.302734 0.869141
0 0.203125 0.882812 0.201172 0.882812 0.199219 0.884766 0.189453 0.884766 0.183594 0.878906 0.183594 0.869141 0.185547 0.867188 0.187500 0.867188 0.187500 0.865234 0.189453 0.863281 0.199219 0.863281 0.205078 0.869141 0.205078 0.878906 0.203125 0.880859
0 0.496094 0.878906 0.494141 0.878906 0.492188 0.880859 0.488281 0.880859 0.486328 0.878906 0.486328 0.873047 0.488281 0.871094 0.492188 0.871094 0.494141 0.873047 0.496094 0.873047
0 0.712891 0.884766 0.710938 0.884766 0.708984 0.886719 0.699219 0.886719 0.693359 0.880859 0.693359 0.871094 0.695312 0.869141 0.697266 0.869141 0.697266 0.867188 0.699219 0.865234 0.708984 0.865234 0.714844 0.871094 0.714844 0.880859 0.712891 0.882812
0 0.757812 0.876953 0.755859 0.878906 0.755859 0.880859 0.753906 0.882812 0.748047 0.882812 0.746094 0.880859 0.746094 0.878906 0.744141 0.876953 0.744141 0.875000 0.746094 0.873047 0.746094 0.871094 0.748047 0.869141 0.753906 0.869141 0.755859 0.871094 0.755859 0.873047 0.757812 0.875000
0 0.789062 0.884766 0.787109 0.884766 0.785156 0.886719 0.775391 0.886719 0.769531 0.880859 0.769531 0.871094 0.771484 0.869141 0.773438 0.869141 0.773438 0.867188 0.775391 0.865234 0.785156 0.865234 0.791016 0.871094 0.791016 0.880859 0.789062 0.882812
0 0.691406 0.876953 0.691406 0.880859 0.687500 0.880859 0.685547 0.878906 0.689453 0.875000
0 0.841797 0.880859 0.839844 0.880859 0.837891 0.882812 0.833984 0.882812 0.832031 0.880859 0.832031 0.875000 0.833984 0.873047 0.837891 0.873047 0.839844 0.875000 0.841797 0.875000
0 0.677734 0.878906 0.677734 0.882812 0.673828 0.882812 0.671875 0.880859 0.675781 0.876953
0 0.955078 0.880859 0.953125 0.882812 0.953125 0.884766 0.951172 0.886719 0.945312 0.886719 0.943359 0.884766 0.943359 0.882812 0.941406 0.880859 0.941406 0.878906 0.943359 0.876953 0.943359 0.875000 0.945312 0.873047 0.951172 0.873047 0.953125 0.875000 0.953125 0.876953 0.955078 0.878906
0 0.980469 0.888672 0.978516 0.890625 0.978516 0.892578 0.976562 0.894531 0.970703 0.894531 0.968750 0.892578 0.968750 0.890625 0.966797 0.888672 0.966797 0.886719 0.968750 0.884766 0.968750 0.882812 0.970703 0.880859 0.976562 0.880859 0.978516 0.882812 0.978516 0.884766 0.980469 0.886719
0 0.679688 0.888672 0.679688 0.892578 0.675781 0.892578 0.673828 0.890625 0.677734 0.886719
0 0.492188 0.892578 0.490234 0.894531 0.490234 0.896484 0.488281 0.898438 0.482422 0.898438 0.480469 0.896484 0.480469 0.894531 0.478516 0.892578 0.478516 0.890625 0.480469 0.888672 0.480469 0.886719 0.482422 0.884766 0.488281 0.884766 0.490234 0.886719 0.490234 0.888672 0.492188 0.890625
0 0.507812 0.896484 0.505859 0.896484 0.503906 0.898438 0.500000 0.898438 0.498047 0.896484 0.498047 0.890625 0.500000 0.888672 0.503906 0.888672 0.505859 0.890625 0.507812 0.890625
0 0.687500 0.896484 0.685547 0.896484 0.683594 0.898438 0.679688 0.898438 0.677734 0.896484 0.677734 0.890625 0.679688 0.888672 0.683594 0.888672 0.685547 0.890625 0.687500 0.890625
0 0.939453 0.896484 0.937500 0.896484 0.935547 0.898438 0.931641 0.898438 0.929688 0.896484 0.929688 0.890625 0.931641 0.888672 0.935547 0.888672 0.937500 0.890625 0.939453 0.890625
0 0.593750 0.898438 0.591797 0.898438 0.589844 0.900391 0.585938 0.900391 0.583984 0.898438 0.583984 0.892578 0.585938 0.890625 0.589844 0.890625 0.591797 0.892578 0.593750 0.892578
0 0.742188 0.896484 0.740234 0.898438 0.740234 0.900391 0.738281 0.902344 0.732422 0.902344 0.730469 0.900391 0.730469 0.898438 0.728516 0.896484 0.728516 0.894531 0.730469 0.892578 0.730469 0.890625 0.732422 0.888672 0.738281 0.888672 0.740234 0.890625 0.740234 0.892578 0.742188 0.894531
0 0.832031 0.898438 0.830078 0.898438 0.828125 0.900391 0.824219 0.900391 0.822266 0.898438 0.822266 0.892578 0.824219 0.890625 0.828125 0.890625 0.830078 0.892578 0.832031 0.892578
0 0.929688 0.898438 0.927734 0.898438 0.925781 0.900391 0.921875 0.900391 0.919922 0.898438 0.919922 0.892578 0.921875 0.890625 0.925781 0.890625 0.927734 0.892578 0.929688 0.892578
0 0.521484 0.906250 0.519531 0.906250 0.517578 0.908203 0.507812 0.908203 0.501953 0.902344 0.501953 0.892578 0.503906 0.890625 0.505859 0.890625 0.505859 0.888672 0.507812 0.886719 0.517578 0.886719 0.523438 0.892578 0.523438 0.902344 0.521484 0.904297
0 0.580078 0.900391 0.578125 0.900391 0.576172 0.902344 0.572266 0.902344 0.570312 0.900391 0.570312 0.894531 0.572266 0.892578 0.576172 0.892578 0.578125 0.894531 0.580078 0.894531
0 0.955078 0.900391 0.949219 0.906250 0.943359 0.906250 0.937500 0.900391 0.937500 0.894531 0.943359 0.888672 0.949219 0.888672 0.955078 0.894531
0 0.255859 0.902344 0.250000 0.908203 0.244141 0.908203 0.238281 0.902344 0.238281 0.896484 0.244141 0.890625 0.250000 0.890625 0.255859 0.896484
0 0.380859 0.898438 0.380859 0.902344 0.376953 0.902344 0.375000 0.900391 0.378906 0.896484
0 0.542969 0.898438 0.542969 0.902344 0.539062 0.902344 0.537109 0.900391 0.541016 0.896484
0 0.998047 0.910156 0.992188 0.910156 0.986328 0.904297 0.986328 0.894531 0.988281 0.892578 0.990234 0.892578 0.990234 0.890625 0.992188 0.888672 0.998047 0.888672
0 0.390625 0.900391 0.390625 0.904297 0.386719 0.904297 0.384766 0.902344 0.388672 0.898438
0 0.654297 0.900391 0.654297 0.904297 0.650391 0.904297 0.648438 0.902344 0.652344 0.898438
0 0.599609 0.906250 0.597656 0.906250 0.595703 0.908203 0.591797 0.908203 0.589844 0.906250 0.589844 0.900391 0.591797 0.898438 0.595703 0.898438 0.597656 0.900391 0.599609 0.900391
0 0.708984 0.906250 0.703125 0.912109 0.697266 0.912109 0.691406 0.906250 0.691406 0.900391 0.697266 0.894531 0.703125 0.894531 0.708984 0.900391
0 0.314453 0.908203 0.308594 0.914062 0.302734 0.914062 0.296875 0.908203 0.296875 0.902344 0.302734 0.896484 0.308594 0.896484 0.314453 0.902344
0 0.408203 0.904297 0.408203 0.908203 0.404297 0.908203 0.402344 0.906250 0.406250 0.902344
0 0.470703 0.908203 0.468750 0.908203 0.466797 0.910156 0.462891 0.910156 0.460938 0.908203 0.460938 0.902344 0.462891 0.900391 0.466797 0.900391 0.468750 0.902344 0.470703 0.902344
0 0.574219 0.908203 0.572266 0.908203 0.570312 0.910156 0.566406 0.910156 0.564453 0.908203 0.564453 0.902344 0.566406 0.900391 0.570312 0.900391 0.572266 0.902344 0.574219 0.902344
0 0.357422 0.910156 0.355469 0.910156 0.353516 0.912109 0.349609 0.912109 0.347656 0.910156 0.347656 0.904297 0.349609 0.902344 0.353516 0.902344 0.355469 0.904297 0.357422 0.904297
0 0.480469 0.910156 0.478516 0.910156 0.476562 0.912109 0.472656 0.912109 0.470703 0.910156 0.470703 0.904297 0.472656 0.902344 0.476562 0.902344 0.478516 0.904297 0.480469 0.904297
0 0.792969 0.908203 0.791016 0.910156 0.791016 0.912109 0.789062 0.914062 0.783203 0.914062 0.781250 0.912109 0.781250 0.910156 0.779297 0.908203 0.779297 0.906250 0.781250 0.904297 0.781250 0.902344 0.783203 0.900391 0.789062 0.900391 0.791016 0.902344 0.791016 0.904297 0.792969 0.906250
0 0.816406 0.910156 0.814453 0.912109 0.814453 0.914062 0.812500 0.916016 0.806641 0.916016 0.804688 0.914062 0.804688 0.912109 0.802734 0.910156 0.802734 0.908203 0.804688 0.906250 0.804688 0.904297 0.806641 0.902344 0.812500 0.902344 0.814453 0.904297 0.814453 0.906250 0.816406 0.908203
0 0.119141 0.910156 0.119141 0.914062 0.115234 0.914062 0.113281 0.912109 0.117188 0.908203
0 0.416016 0.910156 0.416016 0.914062 0.412109 0.914062 0.410156 0.912109 0.414062 0.908203
0 0.687500 0.912109 0.685547 0.914062 0.685547 0.916016 0.683594 0.917969 0.677734 0.917969 0.675781 0.916016 0.675781 0.914062 0.673828 0.912109 0.673828 0.910156 0.675781 0.908203 0.675781 0.906250 0.677734 0.904297 0.683594 0.904297 0.685547 0.906250 0.685547 0.908203 0.687500 0.910156
0 0.207031 0.916016 0.205078 0.917969 0.205078 0.919922 0.203125 0.921875 0.197266 0.921875 0.195312 0.919922 0.195312 0.917969 0.193359 0.916016 0.193359 0.914062 0.195312 0.912109 0.195312 0.910156 0.197266 0.908203 0.203125 0.908203 0.205078 0.910156 0.205078 0.912109 0.207031 0.914062
0 0.439453 0.914062 0.439453 0.917969 0.435547 0.917969 0.433594 0.916016 0.437500 0.912109
0 0.537109 0.914062 0.537109 0.917969 0.533203 0.917969 0.531250 0.916016 0.535156 0.912109
0 0.113281 0.916016 0.113281 0.919922 0.109375 0.919922 0.107422 0.917969 0.111328 0.914062
0 0.453125 0.916016 0.453125 0.919922 0.449219 0.919922 0.447266 0.917969 0.451172 0.914062
0 0.591797 0.919922 0.589844 0.919922 0.587891 0.921875 0.583984 0.921875 0.582031 0.919922 0.582031 0.914062 0.583984 0.912109 0.587891 0.912109 0.589844 0.914062 0.591797 0.914062
0 0.404297 0.917969 0.404297 0.921875 0.400391 0.921875 0.398438 0.919922 0.402344 0.916016
0 0.927734 0.919922 0.925781 0.921875 0.925781 0.923828 0.923828 0.925781 0.917969 0.925781 0.916016 0.923828 0.916016 0.921875 0.914062 0.919922 0.914062 0.917969 0.916016 0.916016 0.916016 0.914062 0.917969 0.912109 0.923828 0.912109 0.925781 0.914062 0.925781 0.916016 0.927734 0.917969
0 0.234375 0.921875 0.232422 0.923828 0.232422 0.925781 0.230469 0.927734 0.224609 0.927734 0.222656 0.925781 0.222656 0.923828 0.220703 0.921875 0.220703 0.919922 0.222656 0.917969 0.222656 0.916016 0.224609 0.914062 0.230469 0.914062 0.232422 0.916016 0.232422 0.917969 0.234375 0.919922
0 0.400391 0.923828 0.394531 0.929688 0.388672 0.929688 0.382812 0.923828 0.382812 0.917969 0.388672 0.912109 0.394531 0.912109 0.400391 0.917969
0 0.466797 0.923828 0.464844 0.923828 0.462891 0.925781 0.458984 0.925781 0.457031 0.923828 0.457031 0.917969 0.458984 0.916016 0.462891 0.916016 0.464844 0.917969 0.466797 0.917969
0 0.119141 0.921875 0.119141 0.925781 0.115234 0.925781 0.113281 0.923828 0.117188 0.919922
0 0.431641 0.921875 0.431641 0.925781 0.427734 0.925781 0.425781 0.923828 0.429688 0.919922
0 0.277344 0.925781 0.275391 0.927734 0.275391 0.929688 0.273438 0.931641 0.267578 0.931641 0.265625 0.929688 0.265625 0.927734 0.263672 0.925781 0.263672 0.923828 0.265625 0.921875 0.265625 0.919922 0.267578 0.917969 0.273438 0.917969 0.275391 0.919922 0.275391 0.921875 0.277344 0.923828
0 0.373047 0.927734 0.371094 0.929688 0.371094 0.931641 0.369141 0.933594 0.363281 0.933594 0.361328 0.931641 0.361328 0.929688 0.359375 0.927734 0.359375 0.925781 0.361328 0.923828 0.361328 0.921875 0.363281 0.919922 0.369141 0.919922 0.371094 0.921875 0.371094 0.923828 0.373047 0.925781
0 0.460938 0.929688 0.458984 0.929688 0.457031 0.931641 0.453125 0.931641 0.451172 0.929688 0.451172 0.923828 0.453125 0.921875 0.457031 0.921875 0.458984 0.923828 0.460938 0.923828
0 0.816406 0.925781 0.816406 0.929688 0.812500 0.929688 0.810547 0.927734 0.814453 0.923828
0 0.943359 0.929688 0.941406 0.929688 0.939453 0.931641 0.935547 0.931641 0.933594 0.929688 0.933594 0.923828 0.935547 0.921875 0.939453 0.921875 0.941406 0.923828 0.943359 0.923828
0 0.337891 0.939453 0.335938 0.939453 0.333984 0.941406 0.324219 0.941406 0.318359 0.935547 0.318359 0.925781 0.320312 0.923828 0.322266 0.923828 0.322266 0.921875 0.324219 0.919922 0.333984 0.919922 0.339844 0.925781 0.339844 0.935547 0.337891 0.937500
0 0.390625 0.933594 0.388672 0.933594 0.386719 0.935547 0.382812 0.935547 0.380859 0.933594 0.380859 0.927734 0.382812 0.925781 0.386719 0.925781 0.388672 0.927734 0.390625 0.927734
0 0.470703 0.933594 0.470703 0.937500 0.466797 0.937500 0.464844 0.935547 0.468750 0.931641
0 0.810547 0.935547 0.810547 0.939453 0.806641 0.939453 0.804688 0.937500 0.808594 0.933594
0 0.285156 0.943359 0.283203 0.943359 0.281250 0.945312 0.277344 0.945312 0.275391 0.943359 0.275391 0.937500 0.277344 0.935547 0.281250 0.935547 0.283203 0.937500 0.285156 0.937500
0 0.816406 0.939453 0.816406 0.943359 0.812500 0.943359 0.810547 0.941406 0.814453 0.937500
0 0.382812 0.943359 0.380859 0.945312 0.380859 0.947266 0.378906 0.949219 0.373047 0.949219 0.371094 0.947266 0.371094 0.945312 0.369141 0.943359 0.369141 0.941406 0.371094 0.939453 0.371094 0.937500 0.373047 0.935547 0.378906 0.935547 0.380859 0.937500 0.380859 0.939453 0.382812 0.941406
0 0.597656 0.945312 0.595703 0.945312 0.593750 0.947266 0.589844 0.947266 0.587891 0.945312 0.587891 0.939453 0.589844 0.937500 0.593750 0.937500 0.595703 0.939453 0.597656 0.939453
0 0.468750 0.945312 0.466797 0.947266 0.466797 0.949219 0.464844 0.951172 0.458984 0.951172 0.457031 0.949219 0.457031 0.947266 0.455078 0.945312 0.455078 0.943359 0.457031 0.941406 0.457031 0.939453 0.458984 0.937500 0.464844 0.937500 0.466797 0.939453 0.466797 0.941406 0.468750 0.943359
0 0.998047 0.949219 0.994141 0.949219 0.992188 0.947266 0.992188 0.941406 0.994141 0.939453 0.998047 0.939453
0 0.589844 0.949219 0.587891 0.949219 0.585938 0.951172 0.582031 0.951172 0.580078 0.949219 0.580078 0.943359 0.582031 0.941406 0.585938 0.941406 0.587891 0.943359 0.589844 0.943359
0 0.689453 0.947266 0.687500 0.949219 0.687500 0.951172 0.685547 0.953125 0.679688 0.953125 0.677734 0.951172 0.677734 0.949219 0.675781 0.947266 0.675781 0.945312 0.677734 0.943359 0.677734 0.941406 0.679688 0.939453 0.685547 0.939453 0.687500 0.941406 0.687500 0.943359 0.689453 0.945312
0 0.980469 0.949219 0.978516 0.949219 0.976562 0.951172 0.972656 0.951172 0.970703 0.949219 0.970703 0.943359 0.972656 0.941406 0.976562 0.941406 0.978516 0.943359 0.980469 0.943359
0 0.513672 0.947266 0.513672 0.951172 0.509766 0.951172 0.507812 0.949219 0.511719 0.945312
0 0.884766 0.951172 0.882812 0.951172 0.880859 0.953125 0.876953 0.953125 0.875000 0.951172 0.875000 0.945312 0.876953 0.943359 0.880859 0.943359 0.882812 0.945312 0.884766 0.945312
0 0.525391 0.949219 0.525391 0.953125 0.521484 0.953125 0.519531 0.951172 0.523438 0.947266
0 0.386719 0.957031 0.384766 0.957031 0.382812 0.958984 0.378906 0.958984 0.376953 0.957031 0.376953 0.951172 0.378906 0.949219 0.382812 0.949219 0.384766 0.951172 0.386719 0.951172
0 0.478516 0.953125 0.478516 0.957031 0.474609 0.957031 0.472656 0.955078 0.476562 0.951172
0 0.369141 0.958984 0.367188 0.958984 0.365234 0.960938 0.361328 0.960938 0.359375 0.958984 0.359375 0.953125 0.361328 0.951172 0.365234 0.951172 0.367188 0.953125 0.369141 0.953125
0 0.457031 0.955078 0.457031 0.958984 0.453125 0.958984 0.451172 0.957031 0.455078 0.953125
0 0.837891 0.955078 0.837891 0.958984 0.833984 0.958984 0.832031 0.957031 0.835938 0.953125
0 0.998047 0.960938 0.994141 0.960938 0.992188 0.958984 0.992188 0.953125 0.994141 0.951172 0.998047 0.951172
0 0.587891 0.960938 0.585938 0.960938 0.583984 0.962891 0.580078 0.962891 0.578125 0.960938 0.578125 0.955078 0.580078 0.953125 0.583984 0.953125 0.585938 0.955078 0.587891 0.955078
0 0.609375 0.960938 0.607422 0.960938 0.605469 0.962891 0.601562 0.962891 0.599609 0.960938 0.599609 0.955078 0.601562 0.953125 0.605469 0.953125 0.607422 0.955078 0.609375 0.955078
0 0.871094 0.960938 0.869141 0.960938 0.867188 0.962891 0.863281 0.962891 0.861328 0.960938 0.861328 0.955078 0.863281 0.953125 0.867188 0.953125 0.869141 0.955078 0.871094 0.955078
0 0.466797 0.958984 0.466797 0.962891 0.462891 0.962891 0.460938 0.960938 0.464844 0.957031
0 0.986328 0.962891 0.984375 0.962891 0.982422 0.964844 0.978516 0.964844 0.976562 0.962891 0.976562 0.957031 0.978516 0.955078 0.982422 0.955078 0.984375 0.957031 0.986328 0.957031
0 0.703125 0.962891 0.703125 0.966797 0.699219 0.966797 0.697266 0.964844 0.701172 0.960938
0 0.830078 0.966797 0.828125 0.966797 0.826172 0.968750 0.822266 0.968750 0.820312 0.966797 0.820312 0.960938 0.822266 0.958984 0.826172 0.958984 0.828125 0.960938 0.830078 0.960938
0 0.695312 0.966797 0.695312 0.970703 0.691406 0.970703 0.689453 0.968750 0.693359 0.964844
0 0.898438 0.970703 0.896484 0.970703 0.894531 0.972656 0.890625 0.972656 0.888672 0.970703 0.888672 0.964844 0.890625 0.962891 0.894531 0.962891 0.896484 0.964844 0.898438 0.964844
0 0.507812 0.968750 0.507812 0.972656 0.503906 0.972656 0.501953 0.970703 0.505859 0.966797
0 0.513672 0.968750 0.513672 0.972656 0.509766 0.972656 0.507812 0.970703 0.511719 0.966797
0 0.705078 0.968750 0.705078 0.972656 0.701172 0.972656 0.699219 0.970703 0.703125 0.966797
0 0.318359 0.972656 0.316406 0.974609 0.316406 0.976562 0.314453 0.978516 0.308594 0.978516 0.306641 0.976562 0.306641 0.974609 0.304688 0.972656 0.304688 0.970703 0.306641 0.968750 0.306641 0.966797 0.308594 0.964844 0.314453 0.964844 0.316406 0.966797 0.316406 0.968750 0.318359 0.970703
0 0.812500 0.972656 0.810547 0.974609 0.810547 0.976562 0.808594 0.978516 0.802734 0.978516 0.800781 0.976562 0.800781 0.974609 0.798828 0.972656 0.798828 0.970703 0.800781 0.968750 0.800781 0.966797 0.802734 0.964844 0.808594 0.964844 0.810547 0.966797 0.810547 0.968750 0.812500 0.970703
0 0.599609 0.978516 0.597656 0.978516 0.595703 0.980469 0.591797 0.980469 0.589844 0.978516 0.589844 0.972656 0.591797 0.970703 0.595703 0.970703 0.597656 0.972656 0.599609 0.972656
0 0.742188 0.980469 0.740234 0.980469 0.738281 0.982422 0.734375 0.982422 0.732422 0.980469 0.732422 0.974609 0.734375 0.972656 0.738281 0.972656 0.740234 0.974609 0.742188 0.974609
0 0.626953 0.982422 0.625000 0.984375 0.625000 0.986328 0.623047 0.988281 0.617188 0.988281 0.615234 0.986328 0.615234 0.984375 0.613281 0.982422 0.613281 0.980469 0.615234 0.978516 0.615234 0.976562 0.617188 0.974609 0.623047 0.974609 0.625000 0.976562 0.625000 0.978516 0.626953 0.980469
0 0.648438 0.984375 0.646484 0.984375 0.644531 0.986328 0.640625 0.986328 0.638672 0.984375 0.638672 0.978516 0.640625 0.976562 0.644531 0.976562 0.646484 0.978516 0.648438 0.978516
0 0.837891 0.982422 0.835938 0.984375 0.835938 0.986328 0.833984 0.988281 0.828125 0.988281 0.826172 0.986328 0.826172 0.984375 0.824219 0.982422 0.824219 0.980469 0.826172 0.978516 0.826172 0.976562 0.828125 0.974609 0.833984 0.974609 0.835938 0.976562 0.835938 0.978516 0.837891 0.980469
0 0.759766 0.986328 0.757812 0.986328 0.755859 0.988281 0.751953 0.988281 0.750000 0.986328 0.750000 0.980469 0.751953 0.978516 0.755859 0.978516 0.757812 0.980469 0.759766 0.980469
0 0.984375 0.986328 0.982422 0.988281 0.982422 0.990234 0.980469 0.992188 0.974609 0.992188 0.972656 0.990234 0.972656 0.988281 0.970703 0.986328 0.970703 0.984375 0.972656 0.982422 0.972656 0.980469 0.974609 0.978516 0.980469 0.978516 0.982422 0.980469 0.982422 0.982422 0.984375 0.984375
0 0.513672 0.990234 0.511719 0.990234 0.509766 0.992188 0.505859 0.992188 0.503906 0.990234 0.503906 0.984375 0.505859 0.982422 0.509766 0.982422 0.511719 0.984375 0.513672 0.984375
0 0.818359 0.988281 0.816406 0.990234 0.816406 0.992188 0.814453 0.994141 0.808594 0.994141 0.806641 0.992188 0.806641 0.990234 0.804688 0.988281 0.804688 0.986328 0.806641 0.984375 0.806641 0.982422 0.808594 0.980469 0.814453 0.980469 0.816406 0.982422 0.816406 0.984375 0.818359 0.986328
0 0.566406 0.988281 0.566406 0.992188 0.562500 0.992188 0.560547 0.990234 0.564453 0.986328
0 0.806641 0.992188 0.806641 0.996094 0.802734 0.996094 0.800781 0.994141 0.804688 0.990234
0 0.322266 0.998047 0.300781 0.998047 0.300781 0.992188 0.302734 0.990234 0.304688 0.990234 0.304688 0.988281 0.306641 0.986328 0.316406 0.986328 0.322266 0.992188
0 0.349609 0.998047 0.339844 0.998047 0.339844 0.994141 0.341797 0.992188 0.345703 0.992188 0.347656 0.994141 0.349609 0.994141
0 0.560547 0.996094 0.560547 0.998047 0.554688 0.998047 0.558594 0.994141
0 0.574219 0.998047 0.564453 0.998047 0.564453 0.994141 0.566406 0.992188 0.570312 0.992188 0.572266 0.994141 0.574219 0.994141
0 0.609375 0.998047 0.595703 0.998047 0.595703 0.996094 0.597656 0.994141 0.597656 0.992188 0.599609 0.990234 0.605469 0.990234 0.607422 0.992188 0.607422 0.994141 0.609375 0.996094
0 0.658203 0.998047 0.640625 0.998047 0.640625 0.994141 0.646484 0.988281 0.652344 0.988281 0.658203 0.994141
0 0.681641 0.996094 0.681641 0.998047 0.675781 0.998047 0.679688 0.994141
0 0.712891 0.998047 0.703125 0.998047 0.703125 0.994141 0.705078 0.992188 0.708984 0.992188 0.710938 0.994141 0.712891 0.994141
0 0.724609 0.996094 0.724609 0.998047 0.718750 0.998047 0.722656 0.994141
0 0.750000 0.998047 0.728516 0.998047 0.728516 0.992188 0.730469 0.990234 0.732422 0.990234 0.732422 0.988281 0.734375 0.986328 0.744141 0.986328 0.750000 0.992188
0 0.835938 0.998047 0.814453 0.998047 0.814453 0.992188 0.816406 0.990234 0.818359 0.990234 0.818359 0.988281 0.820312 0.986328 0.830078 0.986328 0.835938 0.992188
0 0.853516 0.998047 0.839844 0.998047 0.839844 0.996094 0.841797 0.994141 0.841797 0.992188 0.843750 0.990234 0.849609 0.990234 0.851562 0.992188 0.851562 0.994141 0.853516 0.996094
0 0.962891 0.998047 0.949219 0.998047 0.949219 0.996094 0.951172 0.994141 0.951172 0.992188 0.953125 0.990234 0.958984 0.990234 0.960938 0.992188 0.960938 0.994141 0.962891 0.996094
