0 0.478516 0.013672 0.476562 0.015625 0.476562 0.017578 0.480469 0.021484 0.482422 0.021484 0.486328 0.017578 0.484375 0.015625 0.484375 0.013672
0 0.525391 0.011719 0.523438 0.013672 0.525391 0.015625 0.525391 0.017578 0.527344 0.019531 0.531250 0.019531 0.533203 0.017578 0.533203 0.013672 0.531250 0.011719
0 0.761719 0.019531 0.763672 0.021484 0.767578 0.021484 0.767578 0.017578 0.763672 0.017578
0 0.279297 0.035156 0.277344 0.035156 0.275391 0.033203 0.269531 0.033203 0.267578 0.035156 0.263672 0.035156 0.259766 0.039062 0.259766 0.044922 0.263672 0.048828 0.269531 0.048828 0.271484 0.046875 0.275391 0.046875 0.279297 0.042969 0.279297 0.041016 0.281250 0.039062 0.279297 0.037109
0 0.292969 0.031250 0.289062 0.035156 0.289062 0.037109 0.291016 0.039062 0.292969 0.039062 0.294922 0.041016 0.296875 0.041016 0.300781 0.037109 0.300781 0.035156 0.296875 0.031250
0 0.351562 0.031250 0.347656 0.035156 0.347656 0.039062 0.349609 0.041016 0.357422 0.041016 0.359375 0.039062 0.359375 0.035156 0.355469 0.031250
0 0.539062 0.046875 0.537109 0.048828 0.537109 0.050781 0.539062 0.052734 0.539062 0.054688 0.541016 0.054688 0.542969 0.052734 0.542969 0.048828 0.541016 0.046875
1 0.152344 0.070312 0.154297 0.072266 0.154297 0.074219 0.156250 0.072266 0.158203 0.072266 0.160156 0.074219 0.164062 0.074219 0.164062 0.072266 0.160156 0.068359 0.154297 0.068359
0 0.167969 0.072266 0.167969 0.074219 0.169922 0.076172 0.173828 0.076172 0.175781 0.074219 0.173828 0.072266
0 0.248047 0.076172 0.246094 0.078125 0.246094 0.083984 0.248047 0.085938 0.251953 0.085938 0.253906 0.083984 0.253906 0.076172
0 0.179688 0.085938 0.179688 0.087891 0.181641 0.089844 0.187500 0.089844 0.189453 0.087891 0.189453 0.085938 0.187500 0.083984 0.181641 0.083984
1 0.195312 0.099609 0.191406 0.099609 0.187500 0.103516 0.187500 0.105469 0.185547 0.107422 0.185547 0.109375 0.183594 0.111328 0.183594 0.113281 0.185547 0.115234 0.187500 0.115234 0.197266 0.105469 0.197266 0.101562
1 0.337891 0.105469 0.337891 0.109375 0.339844 0.111328 0.345703 0.111328 0.347656 0.113281 0.349609 0.113281 0.351562 0.111328 0.355469 0.111328 0.357422 0.109375 0.359375 0.111328 0.359375 0.109375 0.357422 0.109375 0.355469 0.107422 0.353516 0.107422 0.349609 0.103516 0.347656 0.103516 0.345703 0.101562 0.341797 0.101562
0 0.287109 0.117188 0.287109 0.121094 0.289062 0.123047 0.294922 0.123047 0.294922 0.119141 0.292969 0.117188
0 0.343750 0.119141 0.339844 0.125000 0.339844 0.132812 0.337891 0.134766 0.339844 0.136719 0.341797 0.142578 0.349609 0.142578 0.353516 0.138672 0.353516 0.134766 0.355469 0.132812 0.355469 0.125000 0.351562 0.119141
0 0.724609 0.121094 0.722656 0.119141 0.720703 0.121094 0.720703 0.123047 0.724609 0.123047
1 0.283203 0.126953 0.279297 0.126953 0.277344 0.128906 0.277344 0.132812 0.275391 0.134766 0.275391 0.136719 0.273438 0.138672 0.273438 0.142578 0.275391 0.144531 0.279297 0.144531 0.281250 0.142578 0.281250 0.138672 0.283203 0.136719 0.283203 0.134766 0.285156 0.132812 0.285156 0.128906
0 0.458984 0.126953 0.458984 0.128906 0.457031 0.130859 0.457031 0.132812 0.462891 0.138672 0.466797 0.134766 0.466797 0.130859 0.464844 0.128906 0.460938 0.128906
1 0.175781 0.132812 0.167969 0.138672 0.169922 0.150391 0.166016 0.156250 0.166016 0.164062 0.164062 0.166016 0.164062 0.173828 0.162109 0.175781 0.162109 0.183594 0.164062 0.185547 0.160156 0.189453 0.160156 0.199219 0.162109 0.203125 0.156250 0.208984 0.156250 0.212891 0.158203 0.214844 0.162109 0.214844 0.164062 0.212891 0.162109 0.205078 0.166016 0.201172 0.169922 0.193359 0.167969 0.191406 0.167969 0.183594 0.169922 0.181641 0.169922 0.177734 0.173828 0.173828 0.173828 0.166016 0.175781 0.164062 0.175781 0.148438 0.179688 0.140625 0.179688 0.136719
0 0.199219 0.140625 0.199219 0.148438 0.203125 0.152344 0.214844 0.152344 0.216797 0.150391 0.220703 0.150391 0.222656 0.148438 0.226562 0.148438 0.228516 0.146484 0.228516 0.144531 0.214844 0.132812 0.205078 0.132812
0 0.294922 0.144531 0.292969 0.146484 0.292969 0.148438 0.289062 0.152344 0.292969 0.158203 0.292969 0.162109 0.294922 0.164062 0.300781 0.164062 0.304688 0.160156 0.304688 0.158203 0.306641 0.156250 0.306641 0.150391 0.302734 0.144531
1 0.230469 0.152344 0.224609 0.173828 0.236328 0.179688 0.246094 0.175781 0.251953 0.179688 0.251953 0.193359 0.255859 0.201172 0.253906 0.207031 0.259766 0.220703 0.267578 0.220703 0.277344 0.214844 0.281250 0.205078 0.289062 0.199219 0.267578 0.175781 0.267578 0.166016 0.255859 0.156250 0.244141 0.158203
0 0.242188 0.189453 0.234375 0.189453 0.234375 0.191406 0.230469 0.195312 0.228516 0.195312 0.222656 0.201172 0.222656 0.207031 0.226562 0.210938 0.228516 0.210938 0.230469 0.212891 0.232422 0.210938 0.234375 0.210938 0.242188 0.203125 0.242188 0.201172 0.244141 0.199219 0.244141 0.197266 0.242188 0.195312 0.244141 0.193359 0.244141 0.191406
0 0.308594 0.195312 0.306641 0.197266 0.304688 0.197266 0.304688 0.199219 0.300781 0.203125 0.300781 0.205078 0.298828 0.207031 0.298828 0.208984 0.300781 0.210938 0.302734 0.210938 0.304688 0.212891 0.306641 0.212891 0.308594 0.214844 0.310547 0.214844 0.314453 0.208984 0.314453 0.199219 0.310547 0.195312
0 0.197266 0.210938 0.195312 0.212891 0.195312 0.214844 0.193359 0.216797 0.195312 0.218750 0.201172 0.218750 0.203125 0.216797 0.203125 0.210938
0 0.222656 0.246094 0.222656 0.250000 0.226562 0.250000
0 0.603516 0.261719 0.601562 0.261719 0.601562 0.263672
0 0.316406 0.267578 0.314453 0.267578 0.312500 0.269531 0.312500 0.271484 0.314453 0.273438 0.316406 0.271484
0 0.408203 0.273438 0.404297 0.277344 0.404297 0.279297 0.408203 0.283203 0.410156 0.283203 0.412109 0.281250 0.412109 0.275391 0.410156 0.273438
0 0.441406 0.273438 0.439453 0.275391 0.439453 0.277344 0.443359 0.281250 0.445312 0.281250 0.445312 0.279297 0.447266 0.277344 0.447266 0.275391 0.445312 0.273438
0 0.910156 0.275391 0.908203 0.277344 0.908203 0.279297 0.906250 0.281250 0.906250 0.283203 0.908203 0.285156 0.908203 0.287109 0.912109 0.291016 0.916016 0.291016 0.919922 0.287109 0.919922 0.277344 0.917969 0.277344 0.916016 0.275391
0 0.242188 0.277344 0.240234 0.277344 0.238281 0.279297 0.238281 0.287109 0.242188 0.287109 0.242188 0.285156 0.244141 0.283203 0.244141 0.281250 0.242188 0.279297
0 0.275391 0.279297 0.275391 0.287109 0.285156 0.292969 0.287109 0.291016 0.289062 0.292969 0.292969 0.292969 0.298828 0.289062 0.296875 0.287109 0.296875 0.285156 0.294922 0.283203 0.294922 0.279297 0.292969 0.277344 0.277344 0.277344
0 0.353516 0.281250 0.351562 0.283203 0.351562 0.285156 0.349609 0.287109 0.349609 0.291016 0.351562 0.292969 0.351562 0.294922 0.355469 0.294922 0.357422 0.296875 0.359375 0.294922 0.359375 0.292969 0.361328 0.291016 0.361328 0.285156 0.359375 0.283203 0.355469 0.283203
0 0.316406 0.287109 0.316406 0.291016 0.318359 0.292969 0.320312 0.292969 0.324219 0.289062 0.322266 0.289062 0.320312 0.287109
1 0.240234 0.291016 0.238281 0.292969 0.238281 0.296875 0.238281 0.292969
0 0.539062 0.294922 0.537109 0.292969 0.535156 0.292969 0.533203 0.294922 0.531250 0.294922 0.531250 0.298828 0.535156 0.298828
0 0.875000 0.294922 0.875000 0.296875 0.876953 0.298828 0.878906 0.296875 0.876953 0.294922
0 0.218750 0.298828 0.216797 0.296875 0.214844 0.298828 0.214844 0.300781 0.216797 0.300781
0 0.261719 0.296875 0.259766 0.298828 0.263672 0.302734 0.265625 0.302734 0.267578 0.300781 0.267578 0.296875
0 0.339844 0.296875 0.337891 0.296875 0.335938 0.298828 0.330078 0.298828 0.326172 0.302734 0.326172 0.304688 0.324219 0.306641 0.328125 0.310547 0.330078 0.310547 0.333984 0.314453 0.333984 0.312500 0.337891 0.308594 0.339844 0.308594 0.341797 0.306641 0.341797 0.302734 0.339844 0.300781
0 0.472656 0.298828 0.470703 0.300781 0.472656 0.302734 0.472656 0.304688 0.474609 0.304688 0.476562 0.302734 0.476562 0.300781 0.474609 0.298828
0 0.273438 0.302734 0.275391 0.304688 0.277344 0.302734 0.279297 0.302734 0.277344 0.302734 0.275391 0.300781
0 0.486328 0.302734 0.484375 0.304688 0.484375 0.308594 0.486328 0.310547 0.486328 0.312500 0.488281 0.314453 0.488281 0.316406 0.490234 0.318359 0.498047 0.318359 0.501953 0.314453 0.501953 0.306641 0.498047 0.302734 0.494141 0.302734 0.492188 0.300781 0.490234 0.300781 0.488281 0.302734
0 0.253906 0.306641 0.251953 0.306641 0.250000 0.308594 0.250000 0.310547 0.253906 0.310547
0 0.359375 0.312500 0.363281 0.316406 0.363281 0.314453 0.365234 0.312500 0.367188 0.312500 0.369141 0.314453 0.369141 0.312500 0.367188 0.310547 0.361328 0.310547
0 0.292969 0.316406 0.292969 0.324219 0.296875 0.328125 0.296875 0.330078 0.294922 0.332031 0.296875 0.330078 0.300781 0.333984 0.304688 0.333984 0.306641 0.332031 0.308594 0.332031 0.308594 0.330078 0.312500 0.326172 0.312500 0.324219 0.314453 0.322266 0.316406 0.322266 0.316406 0.320312 0.314453 0.318359 0.306641 0.318359 0.304688 0.316406 0.298828 0.316406 0.296875 0.314453 0.294922 0.314453
0 0.925781 0.318359 0.925781 0.320312 0.927734 0.322266 0.929688 0.322266 0.931641 0.320312 0.931641 0.318359
0 0.957031 0.322266 0.955078 0.324219 0.955078 0.326172 0.957031 0.328125 0.958984 0.328125 0.960938 0.326172 0.960938 0.324219 0.958984 0.322266
0 0.261719 0.324219 0.261719 0.326172 0.259766 0.328125 0.261719 0.330078 0.265625 0.330078 0.267578 0.328125 0.267578 0.326172 0.265625 0.324219
0 0.242188 0.328125 0.242188 0.332031 0.244141 0.333984 0.246094 0.333984 0.248047 0.332031 0.248047 0.328125
0 0.544922 0.361328 0.542969 0.363281 0.542969 0.365234 0.541016 0.367188 0.541016 0.369141 0.542969 0.369141 0.546875 0.373047 0.548828 0.373047 0.552734 0.369141 0.552734 0.367188 0.550781 0.365234 0.550781 0.363281 0.548828 0.361328
0 0.894531 0.359375 0.890625 0.363281 0.890625 0.365234 0.888672 0.367188 0.888672 0.369141 0.890625 0.371094 0.888672 0.373047 0.892578 0.378906 0.894531 0.378906 0.896484 0.380859 0.904297 0.380859 0.910156 0.375000 0.910156 0.373047 0.912109 0.371094 0.912109 0.367188 0.910156 0.365234 0.910156 0.363281 0.906250 0.359375
0 0.767578 0.378906 0.767578 0.382812 0.771484 0.382812 0.771484 0.380859 0.769531 0.378906
0 0.947266 0.392578 0.943359 0.396484 0.943359 0.406250 0.949219 0.410156 0.955078 0.410156 0.957031 0.408203 0.958984 0.408203 0.962891 0.404297 0.962891 0.398438 0.957031 0.392578
0 0.576172 0.398438 0.574219 0.398438 0.570312 0.402344 0.570312 0.406250 0.572266 0.408203 0.574219 0.408203 0.576172 0.406250 0.578125 0.406250 0.578125 0.404297 0.580078 0.402344
0 0.417969 0.406250 0.416016 0.408203 0.416016 0.414062 0.419922 0.417969 0.421875 0.416016 0.423828 0.416016 0.423828 0.410156 0.419922 0.406250
0 0.992188 0.410156 0.990234 0.412109 0.990234 0.414062 0.992188 0.416016 0.994141 0.416016 0.996094 0.414062 0.996094 0.412109 0.994141 0.410156
1 0.408203 0.414062 0.402344 0.419922 0.392578 0.419922 0.361328 0.451172 0.363281 0.458984 0.376953 0.449219 0.382812 0.451172 0.382812 0.466797 0.390625 0.474609 0.386719 0.490234 0.396484 0.498047 0.394531 0.513672 0.400391 0.521484 0.384766 0.529297 0.369141 0.523438 0.367188 0.539062 0.378906 0.537109 0.382812 0.529297 0.398438 0.535156 0.400391 0.527344 0.406250 0.525391 0.406250 0.533203 0.414062 0.533203 0.410156 0.544922 0.416016 0.544922 0.419922 0.539062 0.431641 0.548828 0.433594 0.539062 0.416016 0.529297 0.402344 0.494141 0.408203 0.482422 0.416016 0.488281 0.412109 0.478516 0.402344 0.478516 0.410156 0.460938 0.410156 0.449219 0.402344 0.457031 0.396484 0.443359 0.402344 0.435547 0.402344 0.425781 0.412109 0.419922
1 0.544922 0.419922 0.542969 0.421875 0.542969 0.423828 0.544922 0.425781 0.544922 0.431641 0.542969 0.433594 0.546875 0.437500 0.546875 0.441406 0.548828 0.441406 0.548828 0.439453 0.552734 0.433594 0.552734 0.429688 0.546875 0.423828 0.548828 0.421875 0.546875 0.419922
0 0.937500 0.425781 0.935547 0.427734 0.935547 0.431641 0.937500 0.433594 0.939453 0.433594 0.941406 0.435547 0.943359 0.435547 0.945312 0.433594 0.945312 0.427734 0.943359 0.425781
0 0.724609 0.429688 0.722656 0.431641 0.722656 0.437500 0.724609 0.439453 0.728516 0.439453 0.730469 0.437500 0.730469 0.431641 0.728516 0.429688
0 0.490234 0.435547 0.488281 0.437500 0.490234 0.439453 0.492188 0.439453 0.492188 0.435547
0 0.748047 0.439453 0.746094 0.441406 0.748047 0.443359 0.750000 0.443359 0.751953 0.441406 0.750000 0.439453
0 0.671875 0.441406 0.669922 0.443359 0.666016 0.443359 0.664062 0.445312 0.664062 0.449219 0.666016 0.451172 0.671875 0.451172 0.671875 0.449219 0.673828 0.447266 0.673828 0.445312 0.671875 0.443359
0 0.802734 0.443359 0.800781 0.445312 0.800781 0.447266 0.802734 0.449219 0.806641 0.449219 0.808594 0.447266 0.804688 0.443359
0 0.888672 0.443359 0.886719 0.445312 0.886719 0.449219 0.888672 0.451172 0.888672 0.453125 0.894531 0.453125 0.898438 0.449219 0.898438 0.447266 0.894531 0.443359
1 0.435547 0.449219 0.435547 0.451172 0.439453 0.451172 0.439453 0.449219 0.437500 0.451172
0 0.769531 0.453125 0.765625 0.458984 0.765625 0.466797 0.767578 0.468750 0.767578 0.472656 0.771484 0.476562 0.779297 0.476562 0.781250 0.474609 0.783203 0.474609 0.785156 0.472656 0.785156 0.468750 0.787109 0.466797 0.787109 0.460938 0.779297 0.453125
0 0.646484 0.462891 0.644531 0.464844 0.644531 0.474609 0.646484 0.476562 0.650391 0.476562 0.652344 0.474609 0.652344 0.464844 0.650391 0.464844 0.648438 0.462891
0 0.951172 0.460938 0.947266 0.464844 0.945312 0.464844 0.945312 0.468750 0.943359 0.470703 0.947266 0.474609 0.951172 0.474609 0.953125 0.472656 0.953125 0.462891
1 0.373047 0.470703 0.373047 0.472656 0.369141 0.476562 0.367188 0.476562 0.365234 0.478516 0.365234 0.480469 0.367188 0.482422 0.369141 0.480469 0.369141 0.478516 0.371094 0.476562 0.375000 0.476562 0.375000 0.472656
0 0.421875 0.468750 0.421875 0.472656 0.423828 0.472656 0.425781 0.470703 0.423828 0.468750
0 0.666016 0.472656 0.664062 0.474609 0.664062 0.476562 0.666016 0.478516 0.667969 0.478516 0.669922 0.476562 0.669922 0.474609 0.667969 0.472656
0 0.566406 0.476562 0.564453 0.476562 0.560547 0.480469 0.560547 0.482422 0.562500 0.484375 0.566406 0.484375 0.568359 0.482422 0.568359 0.478516
0 0.615234 0.482422 0.613281 0.482422 0.609375 0.478516 0.607422 0.478516 0.601562 0.484375 0.601562 0.488281 0.603516 0.490234 0.607422 0.490234 0.609375 0.488281 0.611328 0.488281 0.615234 0.484375
0 0.705078 0.480469 0.707031 0.482422 0.710938 0.482422 0.710938 0.478516 0.707031 0.478516
0 0.437500 0.492188 0.437500 0.498047 0.441406 0.498047 0.443359 0.496094 0.443359 0.494141 0.441406 0.492188
0 0.628906 0.494141 0.626953 0.496094 0.626953 0.501953 0.628906 0.503906 0.634766 0.503906 0.636719 0.501953 0.636719 0.498047 0.632812 0.494141
0 0.685547 0.492188 0.683594 0.494141 0.683594 0.496094 0.685547 0.498047 0.687500 0.498047 0.689453 0.496094 0.689453 0.494141 0.687500 0.492188
0 0.880859 0.494141 0.880859 0.503906 0.884766 0.507812 0.892578 0.507812 0.892578 0.505859 0.894531 0.503906 0.894531 0.496094 0.892578 0.494141 0.890625 0.494141 0.888672 0.492188 0.886719 0.492188 0.884766 0.494141
1 0.453125 0.496094 0.453125 0.498047 0.455078 0.500000 0.457031 0.498047 0.458984 0.498047 0.457031 0.498047 0.455078 0.496094
0 0.607422 0.498047 0.605469 0.500000 0.601562 0.500000 0.599609 0.501953 0.599609 0.505859 0.601562 0.507812 0.603516 0.507812 0.605469 0.505859 0.605469 0.503906 0.607422 0.501953 0.605469 0.500000
0 0.417969 0.500000 0.417969 0.501953 0.419922 0.503906 0.423828 0.503906 0.423828 0.500000
0 0.423828 0.515625 0.419922 0.519531 0.419922 0.525391 0.421875 0.525391 0.423828 0.523438 0.425781 0.523438 0.427734 0.521484 0.427734 0.519531
0 0.587891 0.517578 0.589844 0.519531 0.585938 0.523438 0.585938 0.527344 0.587891 0.529297 0.593750 0.529297 0.597656 0.525391 0.597656 0.523438 0.591797 0.517578 0.589844 0.519531
0 0.871094 0.521484 0.871094 0.535156 0.875000 0.539062 0.876953 0.539062 0.878906 0.541016 0.888672 0.541016 0.892578 0.537109 0.892578 0.535156 0.894531 0.533203 0.894531 0.525391 0.888672 0.517578 0.876953 0.517578 0.873047 0.521484
0 0.609375 0.519531 0.605469 0.519531 0.603516 0.521484 0.603516 0.527344 0.605469 0.529297 0.607422 0.527344 0.611328 0.527344 0.613281 0.525391 0.613281 0.523438
0 0.664062 0.523438 0.660156 0.527344 0.660156 0.535156 0.666016 0.541016 0.675781 0.541016 0.681641 0.535156 0.681641 0.529297 0.675781 0.523438
0 0.281250 0.535156 0.279297 0.535156 0.277344 0.533203 0.273438 0.533203 0.267578 0.539062 0.265625 0.539062 0.267578 0.539062 0.271484 0.542969 0.273438 0.542969 0.277344 0.539062 0.277344 0.537109 0.279297 0.535156
0 0.466797 0.535156 0.464844 0.537109 0.460938 0.537109 0.460938 0.541016 0.464844 0.544922 0.466797 0.544922 0.468750 0.542969 0.468750 0.537109
0 0.929688 0.535156 0.927734 0.537109 0.931641 0.541016 0.933594 0.541016 0.935547 0.539062 0.935547 0.537109 0.933594 0.535156
0 0.386719 0.542969 0.384766 0.544922 0.384766 0.546875 0.382812 0.548828 0.382812 0.554688 0.384766 0.556641 0.386719 0.556641 0.388672 0.558594 0.386719 0.560547 0.392578 0.554688 0.392578 0.546875 0.390625 0.544922 0.388672 0.544922
0 0.732422 0.542969 0.734375 0.544922 0.736328 0.544922 0.736328 0.542969
0 0.851562 0.542969 0.851562 0.544922 0.849609 0.546875 0.849609 0.548828 0.851562 0.550781 0.855469 0.550781 0.855469 0.544922 0.853516 0.542969
1 0.404297 0.548828 0.402344 0.550781 0.402344 0.552734 0.404297 0.554688 0.404297 0.556641 0.406250 0.558594 0.406250 0.560547 0.410156 0.560547 0.412109 0.558594 0.410156 0.556641 0.410156 0.554688 0.408203 0.552734 0.408203 0.548828
0 0.951172 0.546875 0.949219 0.548828 0.951172 0.550781 0.951172 0.552734 0.949219 0.554688 0.949219 0.558594 0.953125 0.562500 0.958984 0.562500 0.960938 0.560547 0.960938 0.558594 0.962891 0.556641 0.962891 0.554688 0.957031 0.548828 0.955078 0.548828 0.953125 0.546875
1 0.431641 0.552734 0.425781 0.558594 0.425781 0.564453 0.429688 0.568359 0.431641 0.568359 0.433594 0.570312 0.433594 0.572266 0.437500 0.576172 0.435547 0.578125 0.431641 0.578125 0.429688 0.576172 0.431641 0.578125 0.431641 0.580078 0.433594 0.582031 0.435547 0.582031 0.435547 0.578125 0.437500 0.576172 0.439453 0.576172 0.437500 0.574219 0.439453 0.572266 0.433594 0.566406 0.433594 0.556641 0.431641 0.554688
0 0.478516 0.558594 0.480469 0.560547 0.486328 0.560547 0.490234 0.564453 0.492188 0.562500 0.496094 0.562500 0.494141 0.560547 0.494141 0.556641 0.492188 0.554688 0.488281 0.554688 0.484375 0.558594 0.482422 0.558594 0.480469 0.556641
0 0.986328 0.554688 0.982422 0.558594 0.982422 0.560547 0.986328 0.564453 0.990234 0.564453 0.992188 0.562500 0.992188 0.556641 0.990234 0.554688
0 0.582031 0.558594 0.580078 0.560547 0.580078 0.562500 0.582031 0.564453 0.583984 0.564453 0.585938 0.562500 0.585938 0.560547 0.583984 0.558594
0 0.402344 0.564453 0.396484 0.564453 0.394531 0.566406 0.380859 0.566406 0.376953 0.570312 0.376953 0.576172 0.380859 0.580078 0.382812 0.580078 0.388672 0.583984 0.396484 0.576172 0.400391 0.576172 0.404297 0.580078 0.402344 0.578125 0.404297 0.576172 0.402344 0.574219
0 0.894531 0.562500 0.892578 0.564453 0.892578 0.566406 0.896484 0.570312 0.898438 0.570312 0.900391 0.568359 0.900391 0.564453 0.898438 0.562500
0 0.701172 0.570312 0.699219 0.572266 0.695312 0.572266 0.691406 0.568359 0.685547 0.568359 0.683594 0.570312 0.683594 0.578125 0.681641 0.580078 0.681641 0.583984 0.679688 0.585938 0.679688 0.587891 0.683594 0.591797 0.687500 0.591797 0.693359 0.585938 0.693359 0.580078 0.697266 0.576172 0.699219 0.578125 0.701172 0.578125 0.703125 0.576172
1 0.421875 0.570312 0.423828 0.572266 0.423828 0.574219 0.421875 0.576172 0.423828 0.578125 0.425781 0.576172 0.425781 0.572266 0.423828 0.570312
0 0.585938 0.574219 0.585938 0.578125 0.587891 0.580078 0.589844 0.580078 0.591797 0.578125 0.591797 0.576172 0.589844 0.574219
0 0.759766 0.574219 0.757812 0.576172 0.757812 0.578125 0.759766 0.580078 0.761719 0.580078 0.763672 0.578125 0.763672 0.576172 0.761719 0.574219
0 0.943359 0.578125 0.945312 0.580078 0.945312 0.582031 0.949219 0.582031 0.949219 0.580078 0.947266 0.578125
1 0.261719 0.587891 0.263672 0.589844 0.265625 0.587891 0.267578 0.589844 0.269531 0.589844 0.271484 0.591797 0.269531 0.593750 0.271484 0.591797 0.277344 0.591797 0.279297 0.589844 0.275391 0.589844 0.273438 0.591797 0.271484 0.591797 0.269531 0.589844 0.269531 0.585938 0.267578 0.583984 0.265625 0.583984 0.265625 0.585938 0.263672 0.587891
0 0.722656 0.583984 0.722656 0.587891 0.724609 0.587891 0.726562 0.585938 0.724609 0.583984
0 0.560547 0.591797 0.558594 0.593750 0.558594 0.597656 0.564453 0.597656 0.564453 0.593750 0.562500 0.591797
0 0.587891 0.597656 0.587891 0.599609 0.591797 0.599609 0.589844 0.597656
0 0.816406 0.601562 0.814453 0.603516 0.816406 0.605469 0.818359 0.605469 0.818359 0.601562
1 0.443359 0.611328 0.439453 0.611328 0.437500 0.613281 0.437500 0.615234 0.441406 0.619141 0.441406 0.623047 0.439453 0.625000 0.439453 0.628906 0.441406 0.630859 0.443359 0.628906 0.443359 0.625000 0.447266 0.621094 0.441406 0.615234 0.443359 0.613281
0 0.554688 0.609375 0.552734 0.611328 0.554688 0.613281 0.554688 0.615234 0.556641 0.617188 0.558594 0.617188 0.560547 0.615234 0.560547 0.611328 0.558594 0.609375
0 0.597656 0.611328 0.595703 0.613281 0.595703 0.615234 0.599609 0.619141 0.603516 0.619141 0.603516 0.617188 0.605469 0.615234 0.603516 0.613281 0.603516 0.611328
0 0.685547 0.613281 0.681641 0.613281 0.681641 0.619141 0.683594 0.617188 0.683594 0.615234
0 0.628906 0.623047 0.626953 0.625000 0.632812 0.630859 0.634766 0.630859 0.636719 0.628906 0.636719 0.625000 0.634766 0.623047
0 0.707031 0.626953 0.707031 0.628906 0.710938 0.632812 0.718750 0.632812 0.722656 0.628906 0.722656 0.626953 0.720703 0.625000 0.718750 0.625000 0.716797 0.623047 0.712891 0.623047 0.710938 0.625000 0.708984 0.625000
0 0.990234 0.623047 0.988281 0.621094 0.986328 0.623047 0.984375 0.623047 0.986328 0.625000 0.988281 0.625000
0 0.683594 0.626953 0.683594 0.630859 0.685547 0.632812 0.685547 0.634766 0.689453 0.630859 0.691406 0.632812 0.691406 0.630859 0.687500 0.626953
0 0.490234 0.628906 0.488281 0.630859 0.488281 0.632812 0.490234 0.634766 0.492188 0.634766 0.492188 0.630859
0 0.546875 0.630859 0.546875 0.632812 0.544922 0.634766 0.544922 0.636719 0.542969 0.638672 0.544922 0.640625 0.546875 0.640625 0.548828 0.642578 0.556641 0.642578 0.558594 0.640625 0.558594 0.636719 0.556641 0.634766 0.554688 0.634766 0.550781 0.630859 0.548828 0.632812
0 0.843750 0.630859 0.845703 0.632812 0.845703 0.634766 0.847656 0.636719 0.849609 0.636719 0.853516 0.632812 0.853516 0.630859 0.851562 0.632812 0.845703 0.632812
0 0.666016 0.638672 0.662109 0.638672 0.662109 0.640625 0.664062 0.642578 0.666016 0.640625
0 0.808594 0.636719 0.804688 0.636719 0.804688 0.638672 0.806641 0.640625 0.806641 0.642578 0.808594 0.640625
0 0.941406 0.636719 0.939453 0.638672 0.939453 0.642578 0.941406 0.644531 0.943359 0.644531 0.945312 0.642578 0.945312 0.638672 0.943359 0.636719
0 0.751953 0.640625 0.750000 0.642578 0.750000 0.646484 0.751953 0.648438 0.755859 0.648438 0.755859 0.646484 0.757812 0.644531 0.753906 0.640625
0 0.529297 0.646484 0.527344 0.648438 0.527344 0.652344 0.531250 0.656250 0.529297 0.658203 0.531250 0.656250 0.533203 0.656250 0.535156 0.658203 0.537109 0.658203 0.539062 0.660156 0.541016 0.660156 0.542969 0.658203 0.542969 0.652344 0.541016 0.650391 0.539062 0.650391 0.535156 0.646484
0 0.630859 0.644531 0.628906 0.646484 0.628906 0.648438 0.630859 0.650391 0.632812 0.650391 0.634766 0.648438
0 0.712891 0.652344 0.710938 0.652344 0.708984 0.654297 0.708984 0.656250 0.710938 0.658203 0.707031 0.664062 0.707031 0.669922 0.708984 0.671875 0.712891 0.671875 0.718750 0.666016 0.722656 0.666016 0.722656 0.660156 0.716797 0.654297 0.714844 0.654297
0 0.785156 0.656250 0.785156 0.658203 0.783203 0.660156 0.787109 0.664062 0.789062 0.662109 0.791016 0.662109 0.791016 0.660156 0.787109 0.656250
0 0.929688 0.660156 0.927734 0.662109 0.927734 0.666016 0.929688 0.667969 0.931641 0.667969 0.933594 0.666016 0.933594 0.664062
0 0.523438 0.664062 0.517578 0.666016 0.515625 0.671875 0.523438 0.677734 0.527344 0.683594 0.519531 0.687500 0.515625 0.691406 0.515625 0.695312 0.519531 0.703125 0.523438 0.705078 0.529297 0.703125 0.531250 0.705078 0.533203 0.697266 0.539062 0.693359 0.542969 0.687500 0.539062 0.677734 0.535156 0.677734 0.531250 0.673828 0.531250 0.669922
0 0.550781 0.666016 0.546875 0.666016 0.546875 0.667969 0.548828 0.669922 0.550781 0.667969
0 0.564453 0.671875 0.564453 0.673828 0.566406 0.675781 0.566406 0.679688 0.570312 0.679688 0.572266 0.677734 0.576172 0.677734 0.576172 0.675781 0.578125 0.673828 0.576172 0.671875 0.574219 0.673828 0.572266 0.671875 0.570312 0.673828 0.566406 0.669922
0 0.697266 0.667969 0.695312 0.667969 0.693359 0.669922 0.691406 0.669922 0.691406 0.671875 0.693359 0.673828 0.693359 0.675781 0.697266 0.675781 0.699219 0.673828 0.699219 0.669922
0 0.748047 0.667969 0.746094 0.669922 0.746094 0.671875 0.748047 0.673828 0.750000 0.673828 0.751953 0.671875 0.751953 0.669922 0.750000 0.667969
0 0.652344 0.671875 0.638672 0.671875 0.638672 0.673828 0.634766 0.677734 0.634766 0.683594 0.632812 0.685547 0.634766 0.687500 0.634766 0.691406 0.632812 0.693359 0.636719 0.697266 0.640625 0.697266 0.642578 0.695312 0.642578 0.693359 0.650391 0.687500 0.650391 0.685547 0.652344 0.683594
0 0.453125 0.675781 0.439453 0.675781 0.419922 0.689453 0.414062 0.685547 0.408203 0.691406 0.402344 0.681641 0.396484 0.683594 0.396484 0.693359 0.388672 0.703125 0.398438 0.710938 0.404297 0.705078 0.408203 0.708984 0.406250 0.716797 0.410156 0.718750 0.404297 0.726562 0.410156 0.732422 0.414062 0.728516 0.429688 0.728516 0.435547 0.722656 0.445312 0.724609 0.453125 0.732422 0.457031 0.728516 0.457031 0.699219 0.462891 0.691406
1 0.730469 0.681641 0.730469 0.689453 0.736328 0.695312 0.736328 0.703125 0.742188 0.707031 0.748047 0.705078 0.748047 0.701172 0.746094 0.699219 0.744141 0.693359 0.742188 0.695312 0.740234 0.693359 0.740234 0.691406 0.742188 0.689453 0.738281 0.685547 0.738281 0.683594 0.736328 0.681641
0 0.359375 0.685547 0.359375 0.687500 0.363281 0.691406 0.365234 0.689453 0.365234 0.685547 0.363281 0.685547 0.361328 0.687500
0 0.330078 0.689453 0.328125 0.691406 0.328125 0.693359 0.330078 0.695312 0.332031 0.693359 0.332031 0.691406
0 0.693359 0.691406 0.691406 0.689453 0.689453 0.691406 0.689453 0.693359 0.693359 0.693359
0 0.707031 0.687500 0.707031 0.689453 0.705078 0.691406 0.703125 0.691406 0.705078 0.693359 0.705078 0.695312 0.707031 0.697266 0.710938 0.697266 0.712891 0.695312 0.712891 0.691406 0.710938 0.689453 0.708984 0.689453
0 0.771484 0.687500 0.769531 0.689453 0.769531 0.697266 0.775391 0.697266 0.777344 0.695312 0.777344 0.693359 0.775391 0.691406 0.775391 0.689453 0.773438 0.689453
1 0.341797 0.691406 0.339844 0.693359 0.337891 0.693359 0.335938 0.695312 0.335938 0.697266 0.337891 0.699219 0.339844 0.699219 0.339844 0.693359
0 0.664062 0.695312 0.662109 0.697266 0.664062 0.699219 0.666016 0.697266
0 0.722656 0.695312 0.720703 0.697266 0.720703 0.699219 0.718750 0.701172 0.720703 0.703125 0.720703 0.705078 0.724609 0.708984 0.726562 0.708984 0.728516 0.707031 0.728516 0.705078 0.726562 0.703125 0.726562 0.699219
0 0.753906 0.699219 0.753906 0.707031 0.757812 0.710938 0.763672 0.710938 0.767578 0.707031 0.769531 0.707031 0.775391 0.710938 0.777344 0.708984 0.777344 0.707031 0.775391 0.707031 0.773438 0.705078 0.771484 0.707031 0.769531 0.707031 0.767578 0.705078 0.767578 0.701172 0.765625 0.701172 0.761719 0.697266 0.757812 0.697266 0.755859 0.699219
0 0.802734 0.695312 0.800781 0.697266 0.800781 0.703125 0.802734 0.705078 0.804688 0.705078 0.806641 0.703125 0.806641 0.697266 0.804688 0.695312
0 0.287109 0.703125 0.289062 0.705078 0.287109 0.707031 0.289062 0.708984 0.291016 0.708984 0.291016 0.705078 0.289062 0.705078
0 0.318359 0.705078 0.318359 0.708984 0.320312 0.710938 0.324219 0.710938 0.326172 0.708984 0.322266 0.705078
0 0.619141 0.705078 0.619141 0.707031 0.617188 0.708984 0.617188 0.714844 0.619141 0.716797 0.621094 0.716797 0.626953 0.720703 0.628906 0.718750 0.634766 0.716797 0.634766 0.714844 0.636719 0.712891 0.636719 0.708984 0.632812 0.703125 0.621094 0.703125
0 0.333984 0.708984 0.333984 0.710938 0.332031 0.712891 0.332031 0.714844 0.333984 0.716797 0.337891 0.716797 0.337891 0.710938 0.335938 0.708984
0 0.351562 0.708984 0.347656 0.708984 0.349609 0.710938 0.349609 0.716797 0.343750 0.728516 0.339844 0.732422 0.339844 0.736328 0.347656 0.744141 0.361328 0.736328 0.361328 0.732422 0.367188 0.726562 0.367188 0.718750 0.363281 0.714844 0.357422 0.714844 0.355469 0.710938
0 0.734375 0.712891 0.730469 0.716797 0.730469 0.722656 0.734375 0.726562 0.742188 0.726562 0.748047 0.732422 0.750000 0.732422 0.751953 0.730469 0.751953 0.728516 0.759766 0.720703 0.757812 0.718750 0.757812 0.716797 0.750000 0.708984 0.748047 0.708984 0.740234 0.716797 0.736328 0.712891
0 0.671875 0.714844 0.669922 0.714844 0.660156 0.722656 0.660156 0.728516 0.666016 0.734375 0.667969 0.734375 0.669922 0.736328 0.673828 0.732422 0.675781 0.732422 0.677734 0.730469 0.677734 0.720703 0.675781 0.718750 0.675781 0.716797 0.673828 0.716797
0 0.892578 0.755859 0.884766 0.755859 0.882812 0.757812 0.882812 0.761719 0.880859 0.763672 0.880859 0.769531 0.882812 0.769531 0.884766 0.771484 0.888672 0.771484 0.894531 0.765625 0.894531 0.761719 0.896484 0.759766 0.894531 0.759766 0.892578 0.757812
0 0.513672 0.761719 0.511719 0.763672 0.511719 0.765625 0.513672 0.767578 0.515625 0.767578 0.517578 0.765625 0.517578 0.763672 0.515625 0.761719
0 0.716797 0.767578 0.712891 0.771484 0.712891 0.775391 0.710938 0.777344 0.710938 0.779297 0.714844 0.785156 0.716797 0.785156 0.718750 0.787109 0.724609 0.787109 0.728516 0.783203 0.728516 0.773438 0.724609 0.769531 0.722656 0.769531 0.720703 0.767578
0 0.814453 0.765625 0.812500 0.767578 0.814453 0.769531 0.816406 0.767578
0 0.582031 0.771484 0.580078 0.773438 0.580078 0.775391 0.578125 0.777344 0.580078 0.779297 0.578125 0.781250 0.580078 0.779297 0.583984 0.783203 0.587891 0.783203 0.589844 0.785156 0.589844 0.783203 0.593750 0.779297 0.591797 0.777344 0.591797 0.773438 0.589844 0.771484
0 0.919922 0.775391 0.919922 0.777344 0.917969 0.779297 0.917969 0.781250 0.919922 0.783203 0.921875 0.783203 0.923828 0.785156 0.925781 0.785156 0.927734 0.783203 0.927734 0.779297 0.925781 0.777344 0.925781 0.775391 0.923828 0.775391 0.921875 0.777344
0 0.988281 0.777344 0.980469 0.777344 0.976562 0.781250 0.970703 0.783203 0.970703 0.785156 0.968750 0.787109 0.968750 0.794922 0.972656 0.798828 0.986328 0.798828 0.992188 0.794922 0.992188 0.792969 0.994141 0.791016 0.994141 0.785156
0 0.947266 0.783203 0.945312 0.785156 0.943359 0.785156 0.941406 0.787109 0.943359 0.789062 0.943359 0.791016 0.945312 0.792969 0.949219 0.792969 0.951172 0.791016 0.951172 0.787109
0 0.734375 0.791016 0.734375 0.794922 0.738281 0.798828 0.740234 0.798828 0.742188 0.796875 0.742188 0.792969 0.740234 0.791016
0 0.767578 0.796875 0.767578 0.800781 0.773438 0.802734 0.783203 0.812500 0.783203 0.818359 0.792969 0.828125 0.806641 0.822266 0.810547 0.814453 0.810547 0.804688 0.806641 0.798828 0.802734 0.796875 0.791016 0.796875 0.789062 0.800781 0.779297 0.800781 0.773438 0.794922
0 0.869141 0.792969 0.865234 0.796875 0.863281 0.796875 0.865234 0.798828 0.865234 0.800781 0.863281 0.802734 0.863281 0.804688 0.867188 0.808594 0.873047 0.808594 0.878906 0.804688 0.878906 0.800781 0.876953 0.798828 0.876953 0.794922 0.875000 0.792969
0 0.896484 0.796875 0.894531 0.798828 0.894531 0.800781 0.896484 0.802734 0.900391 0.802734 0.900391 0.798828 0.898438 0.796875
0 0.583984 0.800781 0.578125 0.806641 0.578125 0.812500 0.582031 0.816406 0.583984 0.816406 0.585938 0.818359 0.587891 0.818359 0.593750 0.812500 0.593750 0.808594 0.587891 0.802734 0.585938 0.802734
0 0.691406 0.804688 0.687500 0.808594 0.687500 0.816406 0.691406 0.820312 0.699219 0.820312 0.705078 0.814453 0.705078 0.810547 0.701172 0.806641 0.701172 0.804688
1 0.865234 0.814453 0.855469 0.822266 0.855469 0.830078 0.863281 0.837891 0.861328 0.839844 0.863281 0.845703 0.867188 0.849609 0.875000 0.849609 0.878906 0.845703 0.878906 0.837891 0.871094 0.830078 0.873047 0.828125 0.873047 0.822266 0.869141 0.818359 0.869141 0.816406
0 0.947266 0.820312 0.941406 0.826172 0.941406 0.837891 0.949219 0.847656 0.958984 0.847656 0.964844 0.839844 0.966797 0.841797 0.964844 0.839844 0.966797 0.826172 0.964844 0.824219 0.957031 0.824219 0.955078 0.822266 0.949219 0.822266
0 0.613281 0.835938 0.609375 0.832031 0.607422 0.832031 0.605469 0.833984 0.605469 0.835938 0.603516 0.837891 0.605469 0.839844 0.609375 0.839844
0 0.664062 0.832031 0.662109 0.832031 0.658203 0.835938 0.658203 0.841797 0.660156 0.843750 0.664062 0.843750 0.667969 0.839844 0.667969 0.835938
0 0.283203 0.835938 0.281250 0.837891 0.283203 0.837891
0 0.791016 0.837891 0.789062 0.837891 0.787109 0.839844 0.789062 0.841797 0.791016 0.839844
0 0.554688 0.843750 0.554688 0.849609 0.558594 0.853516 0.564453 0.853516 0.566406 0.851562 0.566406 0.845703 0.564453 0.843750 0.564453 0.841797 0.562500 0.843750 0.560547 0.841797 0.558594 0.841797 0.556641 0.843750
0 0.503906 0.857422 0.507812 0.861328 0.511719 0.861328 0.511719 0.857422 0.509766 0.855469 0.505859 0.855469
0 0.523438 0.855469 0.519531 0.859375 0.519531 0.863281 0.525391 0.869141 0.527344 0.869141 0.529297 0.867188 0.531250 0.867188 0.531250 0.865234 0.533203 0.863281 0.531250 0.861328 0.531250 0.859375 0.529297 0.857422 0.527344 0.857422 0.525391 0.855469
0 0.816406 0.857422 0.812500 0.861328 0.812500 0.863281 0.810547 0.865234 0.810547 0.869141 0.812500 0.871094 0.812500 0.873047 0.816406 0.876953 0.820312 0.876953 0.822266 0.875000 0.824219 0.875000 0.824219 0.873047 0.826172 0.871094 0.826172 0.863281 0.820312 0.857422
1 0.408203 0.869141 0.408203 0.871094 0.410156 0.871094 0.410156 0.867188 0.412109 0.865234 0.414062 0.867188 0.414062 0.869141 0.416016 0.869141 0.417969 0.871094 0.425781 0.871094 0.429688 0.865234 0.425781 0.859375 0.416016 0.859375 0.414062 0.861328 0.414062 0.863281
0 0.462891 0.861328 0.458984 0.865234 0.458984 0.871094 0.460938 0.873047 0.468750 0.873047 0.470703 0.871094 0.470703 0.865234 0.466797 0.861328
0 0.779297 0.861328 0.777344 0.863281 0.775391 0.863281 0.773438 0.865234 0.773438 0.869141 0.775391 0.869141 0.777344 0.871094 0.779297 0.871094 0.783203 0.867188 0.783203 0.865234
0 0.714844 0.865234 0.712891 0.867188 0.712891 0.873047 0.718750 0.873047 0.718750 0.871094 0.720703 0.869141 0.716797 0.865234
0 0.226562 0.867188 0.224609 0.869141 0.224609 0.873047 0.226562 0.875000 0.230469 0.875000 0.230469 0.869141 0.228516 0.867188
0 0.708984 0.876953 0.707031 0.878906 0.707031 0.880859 0.705078 0.882812 0.707031 0.884766 0.707031 0.886719 0.714844 0.886719 0.716797 0.884766 0.716797 0.880859 0.712891 0.876953
0 0.841797 0.880859 0.841797 0.884766 0.843750 0.886719 0.845703 0.886719 0.845703 0.884766 0.847656 0.882812 0.845703 0.880859
0 0.902344 0.884766 0.900391 0.886719 0.900391 0.888672 0.902344 0.890625 0.906250 0.890625 0.906250 0.886719 0.904297 0.884766
0 0.531250 0.888672 0.521484 0.894531 0.515625 0.906250 0.515625 0.929688 0.519531 0.933594 0.527344 0.933594 0.531250 0.931641 0.542969 0.916016 0.542969 0.898438
0 0.699219 0.896484 0.693359 0.902344 0.693359 0.908203 0.695312 0.910156 0.697266 0.910156 0.699219 0.912109 0.707031 0.912109 0.708984 0.910156 0.708984 0.908203 0.710938 0.906250 0.710938 0.904297 0.705078 0.898438 0.703125 0.898438 0.701172 0.896484
0 0.839844 0.896484 0.839844 0.898438 0.837891 0.900391 0.837891 0.904297 0.839844 0.904297 0.841797 0.906250 0.841797 0.908203 0.843750 0.908203 0.847656 0.904297 0.847656 0.902344 0.849609 0.900391 0.847656 0.900391 0.845703 0.898438 0.845703 0.896484
0 0.333984 0.900391 0.333984 0.902344 0.337891 0.906250 0.343750 0.906250 0.345703 0.904297 0.345703 0.900391 0.343750 0.898438 0.335938 0.898438
1 0.396484 0.906250 0.392578 0.906250 0.388672 0.910156 0.388672 0.916016 0.384766 0.919922 0.376953 0.921875 0.369141 0.927734 0.369141 0.933594 0.382812 0.947266 0.394531 0.955078 0.392578 0.958984 0.388672 0.957031 0.378906 0.960938 0.375000 0.966797 0.373047 0.982422 0.380859 0.988281 0.392578 0.988281 0.396484 0.986328 0.400391 0.980469 0.400391 0.972656 0.402344 0.970703 0.398438 0.962891 0.400391 0.958984 0.398438 0.953125 0.398438 0.941406 0.388672 0.925781 0.388672 0.917969 0.398438 0.914062 0.398438 0.908203
0 0.318359 0.912109 0.318359 0.914062 0.316406 0.916016 0.316406 0.923828 0.318359 0.925781 0.324219 0.925781 0.326172 0.923828 0.326172 0.914062 0.324219 0.912109
0 0.595703 0.919922 0.589844 0.925781 0.591797 0.927734 0.591797 0.929688 0.593750 0.931641 0.593750 0.933594 0.601562 0.933594 0.607422 0.927734 0.607422 0.923828 0.605469 0.921875 0.605469 0.919922
0 0.796875 0.933594 0.791016 0.939453 0.789062 0.939453 0.789062 0.947266 0.791016 0.949219 0.791016 0.953125 0.800781 0.964844 0.808594 0.966797 0.812500 0.964844 0.818359 0.957031 0.820312 0.957031 0.818359 0.955078 0.818359 0.949219 0.810547 0.939453 0.810547 0.937500 0.800781 0.937500
0 0.718750 0.937500 0.712891 0.945312 0.712891 0.951172 0.710938 0.953125 0.710938 0.962891 0.712891 0.964844 0.710938 0.966797 0.716797 0.974609 0.724609 0.974609 0.736328 0.962891 0.738281 0.958984 0.738281 0.951172 0.734375 0.941406 0.728516 0.937500
0 0.982422 0.953125 0.982422 0.955078 0.980469 0.957031 0.980469 0.958984 0.982422 0.960938 0.980469 0.962891 0.988281 0.962891 0.988281 0.957031 0.984375 0.953125
0 0.490234 0.966797 0.490234 0.968750 0.488281 0.970703 0.488281 0.972656 0.492188 0.972656 0.492188 0.968750
0 0.501953 0.966797 0.501953 0.968750 0.503906 0.970703 0.505859 0.970703 0.507812 0.968750 0.509766 0.968750 0.505859 0.964844 0.503906 0.964844
0 0.664062 0.982422 0.666016 0.984375 0.666016 0.990234 0.669922 0.998047 0.691406 0.998047 0.695312 0.992188 0.695312 0.986328 0.693359 0.984375 0.693359 0.980469 0.685547 0.974609 0.675781 0.974609 0.673828 0.972656
0 0.439453 0.984375 0.437500 0.986328 0.437500 0.992188 0.439453 0.994141 0.443359 0.994141 0.445312 0.992188 0.445312 0.986328 0.443359 0.984375
0 0.945312 0.984375 0.945312 0.990234 0.943359 0.992188 0.945312 0.994141 0.953125 0.994141 0.955078 0.992188 0.955078 0.988281 0.951172 0.984375
1 0.847656 0.998047 0.845703 0.998047 0.843750 0.996094 0.843750 0.994141 0.841797 0.996094 0.839844 0.996094 0.837891 0.998047
0 0.537109 0.000000 0.537109 0.001953 0.531250 0.007812 0.525391 0.007812 0.519531 0.001953 0.519531 0.000000
0 0.533203 0.007812 0.531250 0.007812 0.529297 0.009766 0.525391 0.009766 0.523438 0.007812 0.523438 0.001953 0.525391 0.000000 0.529297 0.000000 0.531250 0.001953 0.533203 0.001953
0 0.492188 0.013672 0.490234 0.013672 0.488281 0.015625 0.484375 0.015625 0.482422 0.013672 0.482422 0.007812 0.484375 0.005859 0.488281 0.005859 0.490234 0.007812 0.492188 0.007812
0 0.537109 0.011719 0.537109 0.015625 0.533203 0.015625 0.531250 0.013672 0.535156 0.009766
0 0.539062 0.023438 0.537109 0.023438 0.535156 0.025391 0.531250 0.025391 0.529297 0.023438 0.529297 0.017578 0.531250 0.015625 0.535156 0.015625 0.537109 0.017578 0.539062 0.017578
0 0.480469 0.021484 0.480469 0.025391 0.476562 0.025391 0.474609 0.023438 0.478516 0.019531
0 0.529297 0.025391 0.527344 0.025391 0.525391 0.027344 0.521484 0.027344 0.519531 0.025391 0.519531 0.019531 0.521484 0.017578 0.525391 0.017578 0.527344 0.019531 0.529297 0.019531
0 0.296875 0.025391 0.296875 0.029297 0.292969 0.029297 0.291016 0.027344 0.294922 0.023438
0 0.273438 0.029297 0.271484 0.031250 0.271484 0.033203 0.269531 0.035156 0.263672 0.035156 0.261719 0.033203 0.261719 0.031250 0.259766 0.029297 0.259766 0.027344 0.261719 0.025391 0.261719 0.023438 0.263672 0.021484 0.269531 0.021484 0.271484 0.023438 0.271484 0.025391 0.273438 0.027344
0 0.359375 0.027344 0.359375 0.031250 0.355469 0.031250 0.353516 0.029297 0.357422 0.025391
0 0.349609 0.029297 0.349609 0.033203 0.345703 0.033203 0.343750 0.031250 0.347656 0.027344
0 0.304688 0.031250 0.304688 0.035156 0.300781 0.035156 0.298828 0.033203 0.302734 0.029297
0 0.289062 0.041016 0.287109 0.041016 0.285156 0.042969 0.281250 0.042969 0.279297 0.041016 0.279297 0.035156 0.281250 0.033203 0.285156 0.033203 0.287109 0.035156 0.289062 0.035156
0 0.347656 0.037109 0.347656 0.041016 0.343750 0.041016 0.341797 0.039062 0.345703 0.035156
0 0.300781 0.039062 0.300781 0.042969 0.296875 0.042969 0.294922 0.041016 0.298828 0.037109
0 0.361328 0.039062 0.361328 0.042969 0.357422 0.042969 0.355469 0.041016 0.359375 0.037109
0 0.259766 0.044922 0.257812 0.044922 0.255859 0.046875 0.251953 0.046875 0.250000 0.044922 0.250000 0.039062 0.251953 0.037109 0.255859 0.037109 0.257812 0.039062 0.259766 0.039062
0 0.355469 0.042969 0.355469 0.046875 0.351562 0.046875 0.349609 0.044922 0.353516 0.041016
0 0.546875 0.044922 0.546875 0.048828 0.542969 0.048828 0.541016 0.046875 0.544922 0.042969
0 0.537109 0.046875 0.537109 0.050781 0.533203 0.050781 0.531250 0.048828 0.535156 0.044922
0 0.277344 0.052734 0.275391 0.052734 0.273438 0.054688 0.269531 0.054688 0.267578 0.052734 0.267578 0.046875 0.269531 0.044922 0.273438 0.044922 0.275391 0.046875 0.277344 0.046875
0 0.542969 0.054688 0.542969 0.058594 0.539062 0.058594 0.537109 0.056641 0.541016 0.052734
0 0.162109 0.064453 0.162109 0.068359 0.158203 0.068359 0.156250 0.066406 0.160156 0.062500
0 0.169922 0.068359 0.167969 0.068359 0.166016 0.070312 0.162109 0.070312 0.160156 0.068359 0.160156 0.062500 0.162109 0.060547 0.166016 0.060547 0.167969 0.062500 0.169922 0.062500
0 0.150391 0.066406 0.150391 0.070312 0.146484 0.070312 0.144531 0.068359 0.148438 0.064453
0 0.128906 0.070312 0.128906 0.074219 0.125000 0.074219 0.123047 0.072266 0.126953 0.068359
0 0.119141 0.076172 0.117188 0.076172 0.115234 0.078125 0.111328 0.078125 0.109375 0.076172 0.109375 0.070312 0.111328 0.068359 0.115234 0.068359 0.117188 0.070312 0.119141 0.070312
0 0.154297 0.072266 0.154297 0.076172 0.150391 0.076172 0.148438 0.074219 0.152344 0.070312
0 0.160156 0.074219 0.160156 0.078125 0.156250 0.078125 0.154297 0.076172 0.158203 0.072266
0 0.105469 0.080078 0.103516 0.080078 0.101562 0.082031 0.097656 0.082031 0.095703 0.080078 0.095703 0.074219 0.097656 0.072266 0.101562 0.072266 0.103516 0.074219 0.105469 0.074219
0 0.169922 0.076172 0.169922 0.080078 0.166016 0.080078 0.164062 0.078125 0.167969 0.074219
0 0.185547 0.080078 0.183594 0.080078 0.181641 0.082031 0.177734 0.082031 0.175781 0.080078 0.175781 0.074219 0.177734 0.072266 0.181641 0.072266 0.183594 0.074219 0.185547 0.074219
0 0.132812 0.078125 0.132812 0.082031 0.128906 0.082031 0.126953 0.080078 0.130859 0.076172
0 0.125000 0.080078 0.125000 0.083984 0.121094 0.083984 0.119141 0.082031 0.123047 0.078125
0 0.257812 0.080078 0.257812 0.083984 0.253906 0.083984 0.251953 0.082031 0.255859 0.078125
0 0.246094 0.082031 0.246094 0.085938 0.242188 0.085938 0.240234 0.083984 0.244141 0.080078
0 0.093750 0.087891 0.091797 0.087891 0.089844 0.089844 0.085938 0.089844 0.083984 0.087891 0.083984 0.082031 0.085938 0.080078 0.089844 0.080078 0.091797 0.082031 0.093750 0.082031
0 0.109375 0.087891 0.109375 0.091797 0.105469 0.091797 0.103516 0.089844 0.107422 0.085938
0 0.083984 0.093750 0.082031 0.093750 0.080078 0.095703 0.076172 0.095703 0.074219 0.093750 0.074219 0.087891 0.076172 0.085938 0.080078 0.085938 0.082031 0.087891 0.083984 0.087891
0 0.101562 0.091797 0.101562 0.095703 0.097656 0.095703 0.095703 0.093750 0.099609 0.089844
0 0.191406 0.097656 0.189453 0.097656 0.187500 0.099609 0.183594 0.099609 0.181641 0.097656 0.181641 0.091797 0.183594 0.089844 0.187500 0.089844 0.189453 0.091797 0.191406 0.091797
0 0.339844 0.099609 0.339844 0.103516 0.335938 0.103516 0.333984 0.101562 0.337891 0.097656
0 0.066406 0.105469 0.064453 0.105469 0.062500 0.107422 0.058594 0.107422 0.056641 0.105469 0.056641 0.099609 0.058594 0.097656 0.062500 0.097656 0.064453 0.099609 0.066406 0.099609
0 0.187500 0.105469 0.185547 0.105469 0.183594 0.107422 0.179688 0.107422 0.177734 0.105469 0.177734 0.099609 0.179688 0.097656 0.183594 0.097656 0.185547 0.099609 0.187500 0.099609
0 0.080078 0.113281 0.078125 0.113281 0.076172 0.115234 0.072266 0.115234 0.070312 0.113281 0.070312 0.107422 0.072266 0.105469 0.076172 0.105469 0.078125 0.107422 0.080078 0.107422
0 0.199219 0.113281 0.197266 0.113281 0.195312 0.115234 0.191406 0.115234 0.189453 0.113281 0.189453 0.107422 0.191406 0.105469 0.195312 0.105469 0.197266 0.107422 0.199219 0.107422
0 0.044922 0.113281 0.042969 0.115234 0.042969 0.117188 0.041016 0.119141 0.035156 0.119141 0.033203 0.117188 0.033203 0.115234 0.031250 0.113281 0.031250 0.111328 0.033203 0.109375 0.033203 0.107422 0.035156 0.105469 0.041016 0.105469 0.042969 0.107422 0.042969 0.109375 0.044922 0.111328
0 0.072266 0.119141 0.070312 0.119141 0.068359 0.121094 0.064453 0.121094 0.062500 0.119141 0.062500 0.113281 0.064453 0.111328 0.068359 0.111328 0.070312 0.113281 0.072266 0.113281
0 0.343750 0.117188 0.341797 0.119141 0.341797 0.121094 0.339844 0.123047 0.333984 0.123047 0.332031 0.121094 0.332031 0.119141 0.330078 0.117188 0.330078 0.115234 0.332031 0.113281 0.332031 0.111328 0.333984 0.109375 0.339844 0.109375 0.341797 0.111328 0.341797 0.113281 0.343750 0.115234
0 0.363281 0.119141 0.361328 0.121094 0.361328 0.123047 0.359375 0.125000 0.353516 0.125000 0.351562 0.123047 0.351562 0.121094 0.349609 0.119141 0.349609 0.117188 0.351562 0.115234 0.351562 0.113281 0.353516 0.111328 0.359375 0.111328 0.361328 0.113281 0.361328 0.115234 0.363281 0.117188
0 0.025391 0.128906 0.023438 0.128906 0.021484 0.130859 0.017578 0.130859 0.015625 0.128906 0.015625 0.123047 0.017578 0.121094 0.021484 0.121094 0.023438 0.123047 0.025391 0.123047
0 0.724609 0.125000 0.724609 0.128906 0.720703 0.128906 0.718750 0.126953 0.722656 0.123047
0 0.339844 0.128906 0.337891 0.130859 0.337891 0.132812 0.335938 0.134766 0.330078 0.134766 0.328125 0.132812 0.328125 0.130859 0.326172 0.128906 0.326172 0.126953 0.328125 0.125000 0.328125 0.123047 0.330078 0.121094 0.335938 0.121094 0.337891 0.123047 0.337891 0.125000 0.339844 0.126953
0 0.212891 0.128906 0.212891 0.132812 0.208984 0.132812 0.207031 0.130859 0.210938 0.126953
0 0.205078 0.130859 0.205078 0.134766 0.201172 0.134766 0.199219 0.132812 0.203125 0.128906
0 0.003906 0.144531 0.000000 0.144531 0.000000 0.123047 0.003906 0.123047 0.005859 0.125000 0.005859 0.126953 0.007812 0.126953 0.009766 0.128906 0.009766 0.138672 0.007812 0.140625 0.007812 0.142578 0.005859 0.142578
0 0.052734 0.134766 0.050781 0.136719 0.050781 0.138672 0.048828 0.140625 0.042969 0.140625 0.041016 0.138672 0.041016 0.136719 0.039062 0.134766 0.039062 0.132812 0.041016 0.130859 0.041016 0.128906 0.042969 0.126953 0.048828 0.126953 0.050781 0.128906 0.050781 0.130859 0.052734 0.132812
0 0.224609 0.136719 0.222656 0.136719 0.220703 0.138672 0.216797 0.138672 0.214844 0.136719 0.214844 0.130859 0.216797 0.128906 0.220703 0.128906 0.222656 0.130859 0.224609 0.130859
0 0.365234 0.134766 0.363281 0.136719 0.363281 0.138672 0.361328 0.140625 0.355469 0.140625 0.353516 0.138672 0.353516 0.136719 0.351562 0.134766 0.351562 0.132812 0.353516 0.130859 0.353516 0.128906 0.355469 0.126953 0.361328 0.126953 0.363281 0.128906 0.363281 0.130859 0.365234 0.132812
0 0.169922 0.138672 0.167969 0.138672 0.166016 0.140625 0.162109 0.140625 0.160156 0.138672 0.160156 0.132812 0.162109 0.130859 0.166016 0.130859 0.167969 0.132812 0.169922 0.132812
0 0.201172 0.142578 0.199219 0.142578 0.197266 0.144531 0.193359 0.144531 0.191406 0.142578 0.191406 0.136719 0.193359 0.134766 0.197266 0.134766 0.199219 0.136719 0.201172 0.136719
0 0.199219 0.144531 0.193359 0.150391 0.187500 0.150391 0.181641 0.144531 0.181641 0.138672 0.187500 0.132812 0.193359 0.132812 0.199219 0.138672
0 0.294922 0.142578 0.292969 0.144531 0.292969 0.146484 0.291016 0.148438 0.285156 0.148438 0.283203 0.146484 0.283203 0.144531 0.281250 0.142578 0.281250 0.140625 0.283203 0.138672 0.283203 0.136719 0.285156 0.134766 0.291016 0.134766 0.292969 0.136719 0.292969 0.138672 0.294922 0.140625
0 0.169922 0.150391 0.167969 0.150391 0.166016 0.152344 0.162109 0.152344 0.160156 0.150391 0.160156 0.144531 0.162109 0.142578 0.166016 0.142578 0.167969 0.144531 0.169922 0.144531
0 0.042969 0.152344 0.041016 0.152344 0.039062 0.154297 0.035156 0.154297 0.033203 0.152344 0.033203 0.146484 0.035156 0.144531 0.039062 0.144531 0.041016 0.146484 0.042969 0.146484
0 0.251953 0.154297 0.250000 0.156250 0.250000 0.158203 0.248047 0.160156 0.242188 0.160156 0.240234 0.158203 0.240234 0.156250 0.238281 0.154297 0.238281 0.152344 0.240234 0.150391 0.240234 0.148438 0.242188 0.146484 0.248047 0.146484 0.250000 0.148438 0.250000 0.150391 0.251953 0.152344
0 0.226562 0.156250 0.224609 0.158203 0.224609 0.160156 0.222656 0.162109 0.216797 0.162109 0.214844 0.160156 0.214844 0.158203 0.212891 0.156250 0.212891 0.154297 0.214844 0.152344 0.214844 0.150391 0.216797 0.148438 0.222656 0.148438 0.224609 0.150391 0.224609 0.152344 0.226562 0.154297
0 0.265625 0.158203 0.263672 0.158203 0.261719 0.160156 0.257812 0.160156 0.255859 0.158203 0.255859 0.152344 0.257812 0.150391 0.261719 0.150391 0.263672 0.152344 0.265625 0.152344
0 0.166016 0.166016 0.164062 0.166016 0.162109 0.167969 0.158203 0.167969 0.156250 0.166016 0.156250 0.160156 0.158203 0.158203 0.162109 0.158203 0.164062 0.160156 0.166016 0.160156
0 0.310547 0.166016 0.308594 0.166016 0.306641 0.167969 0.302734 0.167969 0.300781 0.166016 0.300781 0.160156 0.302734 0.158203 0.306641 0.158203 0.308594 0.160156 0.310547 0.160156
0 0.181641 0.169922 0.179688 0.169922 0.177734 0.171875 0.173828 0.171875 0.171875 0.169922 0.171875 0.164062 0.173828 0.162109 0.177734 0.162109 0.179688 0.164062 0.181641 0.164062
0 0.164062 0.173828 0.162109 0.173828 0.160156 0.175781 0.156250 0.175781 0.154297 0.173828 0.154297 0.167969 0.156250 0.166016 0.160156 0.166016 0.162109 0.167969 0.164062 0.167969
0 0.052734 0.175781 0.050781 0.175781 0.048828 0.177734 0.044922 0.177734 0.042969 0.175781 0.042969 0.169922 0.044922 0.167969 0.048828 0.167969 0.050781 0.169922 0.052734 0.169922
0 0.277344 0.173828 0.275391 0.175781 0.275391 0.177734 0.273438 0.179688 0.267578 0.179688 0.265625 0.177734 0.265625 0.175781 0.263672 0.173828 0.263672 0.171875 0.265625 0.169922 0.265625 0.167969 0.267578 0.166016 0.273438 0.166016 0.275391 0.167969 0.275391 0.169922 0.277344 0.171875
0 0.177734 0.181641 0.175781 0.181641 0.173828 0.183594 0.169922 0.183594 0.167969 0.181641 0.167969 0.175781 0.169922 0.173828 0.173828 0.173828 0.175781 0.175781 0.177734 0.175781
0 0.289062 0.187500 0.287109 0.187500 0.285156 0.189453 0.275391 0.189453 0.269531 0.183594 0.269531 0.173828 0.271484 0.171875 0.273438 0.171875 0.273438 0.169922 0.275391 0.167969 0.285156 0.167969 0.291016 0.173828 0.291016 0.183594 0.289062 0.185547
0 0.253906 0.185547 0.248047 0.191406 0.242188 0.191406 0.236328 0.185547 0.236328 0.179688 0.242188 0.173828 0.248047 0.173828 0.253906 0.179688
0 0.162109 0.187500 0.160156 0.187500 0.158203 0.189453 0.154297 0.189453 0.152344 0.187500 0.152344 0.181641 0.154297 0.179688 0.158203 0.179688 0.160156 0.181641 0.162109 0.181641
0 0.052734 0.191406 0.050781 0.191406 0.048828 0.193359 0.044922 0.193359 0.042969 0.191406 0.042969 0.185547 0.044922 0.183594 0.048828 0.183594 0.050781 0.185547 0.052734 0.185547
0 0.285156 0.191406 0.283203 0.191406 0.281250 0.193359 0.277344 0.193359 0.275391 0.191406 0.275391 0.185547 0.277344 0.183594 0.281250 0.183594 0.283203 0.185547 0.285156 0.185547
0 0.304688 0.201172 0.302734 0.201172 0.300781 0.203125 0.296875 0.203125 0.294922 0.201172 0.294922 0.195312 0.296875 0.193359 0.300781 0.193359 0.302734 0.195312 0.304688 0.195312
0 0.160156 0.203125 0.158203 0.203125 0.156250 0.205078 0.152344 0.205078 0.150391 0.203125 0.150391 0.197266 0.152344 0.195312 0.156250 0.195312 0.158203 0.197266 0.160156 0.197266
0 0.255859 0.201172 0.253906 0.203125 0.253906 0.205078 0.251953 0.207031 0.246094 0.207031 0.244141 0.205078 0.244141 0.203125 0.242188 0.201172 0.242188 0.199219 0.244141 0.197266 0.244141 0.195312 0.246094 0.193359 0.251953 0.193359 0.253906 0.195312 0.253906 0.197266 0.255859 0.199219
0 0.050781 0.201172 0.050781 0.205078 0.046875 0.205078 0.044922 0.203125 0.048828 0.199219
0 0.171875 0.207031 0.169922 0.207031 0.167969 0.208984 0.164062 0.208984 0.162109 0.207031 0.162109 0.201172 0.164062 0.199219 0.167969 0.199219 0.169922 0.201172 0.171875 0.201172
0 0.287109 0.207031 0.285156 0.207031 0.283203 0.208984 0.279297 0.208984 0.277344 0.207031 0.277344 0.201172 0.279297 0.199219 0.283203 0.199219 0.285156 0.201172 0.287109 0.201172
0 0.322266 0.207031 0.320312 0.207031 0.318359 0.208984 0.314453 0.208984 0.312500 0.207031 0.312500 0.201172 0.314453 0.199219 0.318359 0.199219 0.320312 0.201172 0.322266 0.201172
0 0.224609 0.208984 0.218750 0.214844 0.212891 0.214844 0.207031 0.208984 0.207031 0.203125 0.212891 0.197266 0.218750 0.197266 0.224609 0.203125
0 0.195312 0.212891 0.193359 0.212891 0.191406 0.214844 0.187500 0.214844 0.185547 0.212891 0.185547 0.207031 0.187500 0.205078 0.191406 0.205078 0.193359 0.207031 0.195312 0.207031
0 0.001953 0.218750 0.000000 0.218750 0.000000 0.205078 0.001953 0.205078 0.003906 0.207031 0.003906 0.208984 0.005859 0.210938 0.005859 0.212891 0.003906 0.214844 0.003906 0.216797
0 0.304688 0.210938 0.304688 0.214844 0.300781 0.214844 0.298828 0.212891 0.302734 0.208984
0 0.050781 0.214844 0.050781 0.218750 0.046875 0.218750 0.044922 0.216797 0.048828 0.212891
0 0.279297 0.220703 0.277344 0.220703 0.275391 0.222656 0.271484 0.222656 0.269531 0.220703 0.269531 0.214844 0.271484 0.212891 0.275391 0.212891 0.277344 0.214844 0.279297 0.214844
0 0.201172 0.218750 0.201172 0.222656 0.197266 0.222656 0.195312 0.220703 0.199219 0.216797
0 0.033203 0.242188 0.031250 0.242188 0.029297 0.244141 0.019531 0.244141 0.013672 0.238281 0.013672 0.228516 0.015625 0.226562 0.017578 0.226562 0.017578 0.224609 0.019531 0.222656 0.029297 0.222656 0.035156 0.228516 0.035156 0.238281 0.033203 0.240234
0 0.132812 0.238281 0.130859 0.240234 0.130859 0.242188 0.128906 0.244141 0.123047 0.244141 0.121094 0.242188 0.121094 0.240234 0.119141 0.238281 0.119141 0.236328 0.121094 0.234375 0.121094 0.232422 0.123047 0.230469 0.128906 0.230469 0.130859 0.232422 0.130859 0.234375 0.132812 0.236328
0 0.224609 0.240234 0.224609 0.244141 0.220703 0.244141 0.218750 0.242188 0.222656 0.238281
0 0.230469 0.244141 0.230469 0.248047 0.226562 0.248047 0.224609 0.246094 0.228516 0.242188
0 0.101562 0.250000 0.099609 0.250000 0.097656 0.251953 0.093750 0.251953 0.091797 0.250000 0.091797 0.244141 0.093750 0.242188 0.097656 0.242188 0.099609 0.244141 0.101562 0.244141
0 0.062500 0.253906 0.060547 0.253906 0.058594 0.255859 0.054688 0.255859 0.052734 0.253906 0.052734 0.248047 0.054688 0.246094 0.058594 0.246094 0.060547 0.248047 0.062500 0.248047
0 0.001953 0.261719 0.000000 0.261719 0.000000 0.248047 0.001953 0.248047 0.003906 0.250000 0.003906 0.251953 0.005859 0.253906 0.005859 0.255859 0.003906 0.257812 0.003906 0.259766
0 0.140625 0.255859 0.138672 0.257812 0.138672 0.259766 0.136719 0.261719 0.130859 0.261719 0.128906 0.259766 0.128906 0.257812 0.126953 0.255859 0.126953 0.253906 0.128906 0.251953 0.128906 0.250000 0.130859 0.248047 0.136719 0.248047 0.138672 0.250000 0.138672 0.251953 0.140625 0.253906
0 0.076172 0.261719 0.074219 0.263672 0.074219 0.265625 0.072266 0.267578 0.066406 0.267578 0.064453 0.265625 0.064453 0.263672 0.062500 0.261719 0.062500 0.259766 0.064453 0.257812 0.064453 0.255859 0.066406 0.253906 0.072266 0.253906 0.074219 0.255859 0.074219 0.257812 0.076172 0.259766
0 0.115234 0.263672 0.113281 0.265625 0.113281 0.267578 0.111328 0.269531 0.105469 0.269531 0.103516 0.267578 0.103516 0.265625 0.101562 0.263672 0.101562 0.261719 0.103516 0.259766 0.103516 0.257812 0.105469 0.255859 0.111328 0.255859 0.113281 0.257812 0.113281 0.259766 0.115234 0.261719
0 0.154297 0.271484 0.152344 0.271484 0.150391 0.273438 0.146484 0.273438 0.144531 0.271484 0.144531 0.265625 0.146484 0.263672 0.150391 0.263672 0.152344 0.265625 0.154297 0.265625
0 0.410156 0.269531 0.410156 0.273438 0.406250 0.273438 0.404297 0.271484 0.408203 0.267578
0 0.916016 0.273438 0.914062 0.273438 0.912109 0.275391 0.908203 0.275391 0.906250 0.273438 0.906250 0.267578 0.908203 0.265625 0.912109 0.265625 0.914062 0.267578 0.916016 0.267578
0 0.291016 0.275391 0.289062 0.275391 0.287109 0.277344 0.283203 0.277344 0.281250 0.275391 0.281250 0.269531 0.283203 0.267578 0.287109 0.267578 0.289062 0.269531 0.291016 0.269531
0 0.439453 0.273438 0.439453 0.277344 0.435547 0.277344 0.433594 0.275391 0.437500 0.271484
0 0.162109 0.279297 0.160156 0.279297 0.158203 0.281250 0.154297 0.281250 0.152344 0.279297 0.152344 0.273438 0.154297 0.271484 0.158203 0.271484 0.160156 0.273438 0.162109 0.273438
0 0.238281 0.275391 0.238281 0.279297 0.234375 0.279297 0.232422 0.277344 0.236328 0.273438
0 0.404297 0.275391 0.404297 0.279297 0.400391 0.279297 0.398438 0.277344 0.402344 0.273438
0 0.451172 0.275391 0.451172 0.279297 0.447266 0.279297 0.445312 0.277344 0.449219 0.273438
0 0.001953 0.285156 0.000000 0.285156 0.000000 0.271484 0.001953 0.271484 0.003906 0.273438 0.003906 0.275391 0.005859 0.277344 0.005859 0.279297 0.003906 0.281250 0.003906 0.283203
0 0.085938 0.281250 0.083984 0.281250 0.082031 0.283203 0.078125 0.283203 0.076172 0.281250 0.076172 0.275391 0.078125 0.273438 0.082031 0.273438 0.083984 0.275391 0.085938 0.275391
0 0.433594 0.287109 0.431641 0.287109 0.429688 0.289062 0.419922 0.289062 0.414062 0.283203 0.414062 0.273438 0.416016 0.271484 0.417969 0.271484 0.417969 0.269531 0.419922 0.267578 0.429688 0.267578 0.435547 0.273438 0.435547 0.283203 0.433594 0.285156
0 0.322266 0.283203 0.320312 0.283203 0.318359 0.285156 0.314453 0.285156 0.312500 0.283203 0.312500 0.277344 0.314453 0.275391 0.318359 0.275391 0.320312 0.277344 0.322266 0.277344
0 0.248047 0.281250 0.248047 0.285156 0.244141 0.285156 0.242188 0.283203 0.246094 0.279297
0 0.406250 0.281250 0.406250 0.285156 0.402344 0.285156 0.400391 0.283203 0.404297 0.279297
0 0.416016 0.281250 0.416016 0.285156 0.412109 0.285156 0.410156 0.283203 0.414062 0.279297
0 0.445312 0.281250 0.445312 0.285156 0.441406 0.285156 0.439453 0.283203 0.443359 0.279297
0 0.167969 0.287109 0.166016 0.287109 0.164062 0.289062 0.160156 0.289062 0.158203 0.287109 0.158203 0.281250 0.160156 0.279297 0.164062 0.279297 0.166016 0.281250 0.167969 0.281250
0 0.238281 0.283203 0.238281 0.287109 0.234375 0.287109 0.232422 0.285156 0.236328 0.281250
0 0.304688 0.287109 0.302734 0.287109 0.300781 0.289062 0.296875 0.289062 0.294922 0.287109 0.294922 0.281250 0.296875 0.279297 0.300781 0.279297 0.302734 0.281250 0.304688 0.281250
0 0.927734 0.287109 0.925781 0.287109 0.923828 0.289062 0.919922 0.289062 0.917969 0.287109 0.917969 0.281250 0.919922 0.279297 0.923828 0.279297 0.925781 0.281250 0.927734 0.281250
0 0.148438 0.287109 0.146484 0.289062 0.146484 0.291016 0.144531 0.292969 0.138672 0.292969 0.136719 0.291016 0.136719 0.289062 0.134766 0.287109 0.134766 0.285156 0.136719 0.283203 0.136719 0.281250 0.138672 0.279297 0.144531 0.279297 0.146484 0.281250 0.146484 0.283203 0.148438 0.285156
0 0.365234 0.287109 0.365234 0.291016 0.361328 0.291016 0.359375 0.289062 0.363281 0.285156
0 0.910156 0.291016 0.908203 0.291016 0.906250 0.292969 0.902344 0.292969 0.900391 0.291016 0.900391 0.285156 0.902344 0.283203 0.906250 0.283203 0.908203 0.285156 0.910156 0.285156
0 0.103516 0.294922 0.097656 0.300781 0.091797 0.300781 0.085938 0.294922 0.085938 0.289062 0.091797 0.283203 0.097656 0.283203 0.103516 0.289062
0 0.533203 0.291016 0.533203 0.294922 0.529297 0.294922 0.527344 0.292969 0.531250 0.289062
0 0.287109 0.296875 0.285156 0.296875 0.283203 0.298828 0.279297 0.298828 0.277344 0.296875 0.277344 0.291016 0.279297 0.289062 0.283203 0.289062 0.285156 0.291016 0.287109 0.291016
0 0.333984 0.296875 0.332031 0.296875 0.330078 0.298828 0.326172 0.298828 0.324219 0.296875 0.324219 0.291016 0.326172 0.289062 0.330078 0.289062 0.332031 0.291016 0.333984 0.291016
0 0.363281 0.292969 0.363281 0.296875 0.359375 0.296875 0.357422 0.294922 0.361328 0.291016
0 0.490234 0.296875 0.490234 0.300781 0.486328 0.300781 0.484375 0.298828 0.488281 0.294922
0 0.541016 0.296875 0.541016 0.300781 0.537109 0.300781 0.535156 0.298828 0.539062 0.294922
0 0.353516 0.300781 0.351562 0.302734 0.351562 0.304688 0.349609 0.306641 0.343750 0.306641 0.341797 0.304688 0.341797 0.302734 0.339844 0.300781 0.339844 0.298828 0.341797 0.296875 0.341797 0.294922 0.343750 0.292969 0.349609 0.292969 0.351562 0.294922 0.351562 0.296875 0.353516 0.298828
0 0.498047 0.298828 0.498047 0.302734 0.494141 0.302734 0.492188 0.300781 0.496094 0.296875
0 0.166016 0.304688 0.164062 0.304688 0.162109 0.306641 0.158203 0.306641 0.156250 0.304688 0.156250 0.298828 0.158203 0.296875 0.162109 0.296875 0.164062 0.298828 0.166016 0.298828
0 0.271484 0.300781 0.271484 0.304688 0.267578 0.304688 0.265625 0.302734 0.269531 0.298828
0 0.300781 0.312500 0.298828 0.312500 0.296875 0.314453 0.287109 0.314453 0.281250 0.308594 0.281250 0.298828 0.283203 0.296875 0.285156 0.296875 0.285156 0.294922 0.287109 0.292969 0.296875 0.292969 0.302734 0.298828 0.302734 0.308594 0.300781 0.310547
0 0.310547 0.312500 0.308594 0.312500 0.306641 0.314453 0.296875 0.314453 0.291016 0.308594 0.291016 0.298828 0.292969 0.296875 0.294922 0.296875 0.294922 0.294922 0.296875 0.292969 0.306641 0.292969 0.312500 0.298828 0.312500 0.308594 0.310547 0.310547
0 0.150391 0.306641 0.148438 0.308594 0.148438 0.310547 0.146484 0.312500 0.140625 0.312500 0.138672 0.310547 0.138672 0.308594 0.136719 0.306641 0.136719 0.304688 0.138672 0.302734 0.138672 0.300781 0.140625 0.298828 0.146484 0.298828 0.148438 0.300781 0.148438 0.302734 0.150391 0.304688
0 0.263672 0.308594 0.261719 0.308594 0.259766 0.310547 0.255859 0.310547 0.253906 0.308594 0.253906 0.302734 0.255859 0.300781 0.259766 0.300781 0.261719 0.302734 0.263672 0.302734
0 0.138672 0.310547 0.136719 0.312500 0.136719 0.314453 0.134766 0.316406 0.128906 0.316406 0.126953 0.314453 0.126953 0.312500 0.125000 0.310547 0.125000 0.308594 0.126953 0.306641 0.126953 0.304688 0.128906 0.302734 0.134766 0.302734 0.136719 0.304688 0.136719 0.306641 0.138672 0.308594
0 0.343750 0.314453 0.341797 0.314453 0.339844 0.316406 0.335938 0.316406 0.333984 0.314453 0.333984 0.308594 0.335938 0.306641 0.339844 0.306641 0.341797 0.308594 0.343750 0.308594
0 0.505859 0.310547 0.505859 0.314453 0.501953 0.314453 0.500000 0.312500 0.503906 0.308594
0 0.003906 0.324219 0.000000 0.324219 0.000000 0.302734 0.003906 0.302734 0.005859 0.304688 0.005859 0.306641 0.007812 0.306641 0.009766 0.308594 0.009766 0.318359 0.007812 0.320312 0.007812 0.322266 0.005859 0.322266
0 0.310547 0.316406 0.308594 0.316406 0.306641 0.318359 0.302734 0.318359 0.300781 0.316406 0.300781 0.310547 0.302734 0.308594 0.306641 0.308594 0.308594 0.310547 0.310547 0.310547
0 0.332031 0.312500 0.332031 0.316406 0.328125 0.316406 0.326172 0.314453 0.330078 0.310547
0 0.488281 0.312500 0.488281 0.316406 0.484375 0.316406 0.482422 0.314453 0.486328 0.310547
0 0.931641 0.312500 0.931641 0.316406 0.927734 0.316406 0.925781 0.314453 0.929688 0.310547
0 0.105469 0.320312 0.103516 0.322266 0.103516 0.324219 0.101562 0.326172 0.095703 0.326172 0.093750 0.324219 0.093750 0.322266 0.091797 0.320312 0.091797 0.318359 0.093750 0.316406 0.093750 0.314453 0.095703 0.312500 0.101562 0.312500 0.103516 0.314453 0.103516 0.316406 0.105469 0.318359
0 0.330078 0.328125 0.328125 0.328125 0.326172 0.330078 0.316406 0.330078 0.310547 0.324219 0.310547 0.314453 0.312500 0.312500 0.314453 0.312500 0.314453 0.310547 0.316406 0.308594 0.326172 0.308594 0.332031 0.314453 0.332031 0.324219 0.330078 0.326172
0 0.496094 0.318359 0.496094 0.322266 0.492188 0.322266 0.490234 0.320312 0.494141 0.316406
0 0.216797 0.320312 0.216797 0.324219 0.212891 0.324219 0.210938 0.322266 0.214844 0.318359
0 0.259766 0.322266 0.257812 0.324219 0.257812 0.326172 0.255859 0.328125 0.250000 0.328125 0.248047 0.326172 0.248047 0.324219 0.246094 0.322266 0.246094 0.320312 0.248047 0.318359 0.248047 0.316406 0.250000 0.314453 0.255859 0.314453 0.257812 0.316406 0.257812 0.318359 0.259766 0.320312
0 0.927734 0.322266 0.927734 0.326172 0.923828 0.326172 0.921875 0.324219 0.925781 0.320312
0 0.273438 0.324219 0.273438 0.328125 0.269531 0.328125 0.267578 0.326172 0.271484 0.322266
0 0.230469 0.326172 0.230469 0.330078 0.226562 0.330078 0.224609 0.328125 0.228516 0.324219
0 0.296875 0.330078 0.294922 0.330078 0.292969 0.332031 0.289062 0.332031 0.287109 0.330078 0.287109 0.324219 0.289062 0.322266 0.292969 0.322266 0.294922 0.324219 0.296875 0.324219
0 0.316406 0.332031 0.314453 0.332031 0.312500 0.333984 0.308594 0.333984 0.306641 0.332031 0.306641 0.326172 0.308594 0.324219 0.312500 0.324219 0.314453 0.326172 0.316406 0.326172
0 0.214844 0.330078 0.214844 0.333984 0.210938 0.333984 0.208984 0.332031 0.212891 0.328125
0 0.089844 0.341797 0.087891 0.341797 0.085938 0.343750 0.076172 0.343750 0.070312 0.337891 0.070312 0.328125 0.072266 0.326172 0.074219 0.326172 0.074219 0.324219 0.076172 0.322266 0.085938 0.322266 0.091797 0.328125 0.091797 0.337891 0.089844 0.339844
0 0.082031 0.335938 0.080078 0.337891 0.080078 0.339844 0.078125 0.341797 0.072266 0.341797 0.070312 0.339844 0.070312 0.337891 0.068359 0.335938 0.068359 0.333984 0.070312 0.332031 0.070312 0.330078 0.072266 0.328125 0.078125 0.328125 0.080078 0.330078 0.080078 0.332031 0.082031 0.333984
0 0.250000 0.333984 0.250000 0.337891 0.246094 0.337891 0.244141 0.335938 0.248047 0.332031
0 0.240234 0.339844 0.238281 0.339844 0.236328 0.341797 0.232422 0.341797 0.230469 0.339844 0.230469 0.333984 0.232422 0.332031 0.236328 0.332031 0.238281 0.333984 0.240234 0.333984
0 0.298828 0.347656 0.296875 0.347656 0.294922 0.349609 0.285156 0.349609 0.279297 0.343750 0.279297 0.333984 0.281250 0.332031 0.283203 0.332031 0.283203 0.330078 0.285156 0.328125 0.294922 0.328125 0.300781 0.333984 0.300781 0.343750 0.298828 0.345703
0 0.281250 0.345703 0.281250 0.349609 0.277344 0.349609 0.275391 0.347656 0.279297 0.343750
0 0.226562 0.349609 0.224609 0.351562 0.224609 0.353516 0.222656 0.355469 0.216797 0.355469 0.214844 0.353516 0.214844 0.351562 0.212891 0.349609 0.212891 0.347656 0.214844 0.345703 0.214844 0.343750 0.216797 0.341797 0.222656 0.341797 0.224609 0.343750 0.224609 0.345703 0.226562 0.347656
0 0.244141 0.351562 0.242188 0.353516 0.242188 0.355469 0.240234 0.357422 0.234375 0.357422 0.232422 0.355469 0.232422 0.353516 0.230469 0.351562 0.230469 0.349609 0.232422 0.347656 0.232422 0.345703 0.234375 0.343750 0.240234 0.343750 0.242188 0.345703 0.242188 0.347656 0.244141 0.349609
0 0.101562 0.355469 0.099609 0.355469 0.097656 0.357422 0.093750 0.357422 0.091797 0.355469 0.091797 0.349609 0.093750 0.347656 0.097656 0.347656 0.099609 0.349609 0.101562 0.349609
0 0.906250 0.357422 0.904297 0.357422 0.902344 0.359375 0.898438 0.359375 0.896484 0.357422 0.896484 0.351562 0.898438 0.349609 0.902344 0.349609 0.904297 0.351562 0.906250 0.351562
0 0.197266 0.357422 0.195312 0.359375 0.195312 0.361328 0.193359 0.363281 0.187500 0.363281 0.185547 0.361328 0.185547 0.359375 0.183594 0.357422 0.183594 0.355469 0.185547 0.353516 0.185547 0.351562 0.187500 0.349609 0.193359 0.349609 0.195312 0.351562 0.195312 0.353516 0.197266 0.355469
0 0.550781 0.357422 0.550781 0.361328 0.546875 0.361328 0.544922 0.359375 0.548828 0.355469
0 0.542969 0.361328 0.542969 0.365234 0.539062 0.365234 0.537109 0.363281 0.541016 0.359375
0 0.308594 0.365234 0.306641 0.367188 0.306641 0.369141 0.304688 0.371094 0.298828 0.371094 0.296875 0.369141 0.296875 0.367188 0.294922 0.365234 0.294922 0.363281 0.296875 0.361328 0.296875 0.359375 0.298828 0.357422 0.304688 0.357422 0.306641 0.359375 0.306641 0.361328 0.308594 0.363281
0 0.126953 0.375000 0.125000 0.375000 0.123047 0.376953 0.113281 0.376953 0.107422 0.371094 0.107422 0.361328 0.109375 0.359375 0.111328 0.359375 0.111328 0.357422 0.113281 0.355469 0.123047 0.355469 0.128906 0.361328 0.128906 0.371094 0.126953 0.373047
0 0.556641 0.365234 0.556641 0.369141 0.552734 0.369141 0.550781 0.367188 0.554688 0.363281
0 0.275391 0.369141 0.273438 0.371094 0.273438 0.373047 0.271484 0.375000 0.265625 0.375000 0.263672 0.373047 0.263672 0.371094 0.261719 0.369141 0.261719 0.367188 0.263672 0.365234 0.263672 0.363281 0.265625 0.361328 0.271484 0.361328 0.273438 0.363281 0.273438 0.365234 0.275391 0.367188
0 0.544922 0.371094 0.544922 0.375000 0.541016 0.375000 0.539062 0.373047 0.542969 0.369141
0 0.552734 0.371094 0.552734 0.375000 0.548828 0.375000 0.546875 0.373047 0.550781 0.369141
0 0.160156 0.384766 0.158203 0.384766 0.156250 0.386719 0.146484 0.386719 0.140625 0.380859 0.140625 0.371094 0.142578 0.369141 0.144531 0.369141 0.144531 0.367188 0.146484 0.365234 0.156250 0.365234 0.162109 0.371094 0.162109 0.380859 0.160156 0.382812
0 0.916016 0.378906 0.914062 0.378906 0.912109 0.380859 0.908203 0.380859 0.906250 0.378906 0.906250 0.373047 0.908203 0.371094 0.912109 0.371094 0.914062 0.373047 0.916016 0.373047
0 0.333984 0.380859 0.332031 0.380859 0.330078 0.382812 0.326172 0.382812 0.324219 0.380859 0.324219 0.375000 0.326172 0.373047 0.330078 0.373047 0.332031 0.375000 0.333984 0.375000
0 0.351562 0.384766 0.349609 0.384766 0.347656 0.386719 0.343750 0.386719 0.341797 0.384766 0.341797 0.378906 0.343750 0.376953 0.347656 0.376953 0.349609 0.378906 0.351562 0.378906
0 0.375000 0.384766 0.373047 0.384766 0.371094 0.386719 0.367188 0.386719 0.365234 0.384766 0.365234 0.378906 0.367188 0.376953 0.371094 0.376953 0.373047 0.378906 0.375000 0.378906
0 0.898438 0.384766 0.896484 0.384766 0.894531 0.386719 0.890625 0.386719 0.888672 0.384766 0.888672 0.378906 0.890625 0.376953 0.894531 0.376953 0.896484 0.378906 0.898438 0.378906
0 0.767578 0.382812 0.767578 0.386719 0.763672 0.386719 0.761719 0.384766 0.765625 0.380859
0 0.390625 0.396484 0.388672 0.396484 0.386719 0.398438 0.382812 0.398438 0.380859 0.396484 0.380859 0.390625 0.382812 0.388672 0.386719 0.388672 0.388672 0.390625 0.390625 0.390625
0 0.964844 0.392578 0.964844 0.396484 0.960938 0.396484 0.958984 0.394531 0.962891 0.390625
0 0.328125 0.398438 0.326172 0.400391 0.326172 0.402344 0.324219 0.404297 0.318359 0.404297 0.316406 0.402344 0.316406 0.400391 0.314453 0.398438 0.314453 0.396484 0.316406 0.394531 0.316406 0.392578 0.318359 0.390625 0.324219 0.390625 0.326172 0.392578 0.326172 0.394531 0.328125 0.396484
0 0.572266 0.396484 0.572266 0.400391 0.568359 0.400391 0.566406 0.398438 0.570312 0.394531
0 0.582031 0.396484 0.582031 0.400391 0.578125 0.400391 0.576172 0.398438 0.580078 0.394531
0 0.001953 0.406250 0.000000 0.406250 0.000000 0.392578 0.001953 0.392578 0.003906 0.394531 0.003906 0.396484 0.005859 0.398438 0.005859 0.400391 0.003906 0.402344 0.003906 0.404297
0 0.365234 0.402344 0.359375 0.408203 0.353516 0.408203 0.347656 0.402344 0.347656 0.396484 0.353516 0.390625 0.359375 0.390625 0.365234 0.396484
0 0.398438 0.398438 0.398438 0.402344 0.394531 0.402344 0.392578 0.400391 0.396484 0.396484
0 0.943359 0.400391 0.943359 0.404297 0.939453 0.404297 0.937500 0.402344 0.941406 0.398438
0 0.417969 0.402344 0.417969 0.406250 0.414062 0.406250 0.412109 0.404297 0.416016 0.400391
0 0.308594 0.416016 0.306641 0.416016 0.304688 0.417969 0.294922 0.417969 0.289062 0.412109 0.289062 0.402344 0.291016 0.400391 0.292969 0.400391 0.292969 0.398438 0.294922 0.396484 0.304688 0.396484 0.310547 0.402344 0.310547 0.412109 0.308594 0.414062
0 0.402344 0.410156 0.400391 0.410156 0.398438 0.412109 0.394531 0.412109 0.392578 0.410156 0.392578 0.404297 0.394531 0.402344 0.398438 0.402344 0.400391 0.404297 0.402344 0.404297
0 0.572266 0.406250 0.572266 0.410156 0.568359 0.410156 0.566406 0.408203 0.570312 0.404297
0 0.580078 0.406250 0.580078 0.410156 0.576172 0.410156 0.574219 0.408203 0.578125 0.404297
0 0.427734 0.408203 0.427734 0.412109 0.423828 0.412109 0.421875 0.410156 0.425781 0.406250
0 0.998047 0.406250 0.998047 0.412109 0.996094 0.412109 0.994141 0.410156
0 0.388672 0.414062 0.386719 0.414062 0.384766 0.416016 0.380859 0.416016 0.378906 0.414062 0.378906 0.408203 0.380859 0.406250 0.384766 0.406250 0.386719 0.408203 0.388672 0.408203
0 0.416016 0.410156 0.416016 0.414062 0.412109 0.414062 0.410156 0.412109 0.414062 0.408203
0 0.960938 0.414062 0.958984 0.414062 0.957031 0.416016 0.953125 0.416016 0.951172 0.414062 0.951172 0.408203 0.953125 0.406250 0.957031 0.406250 0.958984 0.408203 0.960938 0.408203
0 0.990234 0.414062 0.990234 0.417969 0.986328 0.417969 0.984375 0.416016 0.988281 0.412109
0 0.570312 0.427734 0.568359 0.427734 0.566406 0.429688 0.556641 0.429688 0.550781 0.423828 0.550781 0.414062 0.552734 0.412109 0.554688 0.412109 0.554688 0.410156 0.556641 0.408203 0.566406 0.408203 0.572266 0.414062 0.572266 0.423828 0.570312 0.425781
0 0.000000 0.425781 0.000000 0.416016 0.001953 0.417969 0.003906 0.417969 0.003906 0.423828 0.001953 0.423828
0 0.380859 0.433594 0.378906 0.433594 0.376953 0.435547 0.367188 0.435547 0.361328 0.429688 0.361328 0.419922 0.363281 0.417969 0.365234 0.417969 0.365234 0.416016 0.367188 0.414062 0.376953 0.414062 0.382812 0.419922 0.382812 0.429688 0.380859 0.431641
0 0.552734 0.423828 0.552734 0.427734 0.548828 0.427734 0.546875 0.425781 0.550781 0.421875
0 0.332031 0.429688 0.326172 0.435547 0.320312 0.435547 0.314453 0.429688 0.314453 0.423828 0.320312 0.417969 0.326172 0.417969 0.332031 0.423828
0 0.353516 0.429688 0.351562 0.429688 0.349609 0.431641 0.345703 0.431641 0.343750 0.429688 0.343750 0.423828 0.345703 0.421875 0.349609 0.421875 0.351562 0.423828 0.353516 0.423828
0 0.544922 0.425781 0.544922 0.429688 0.541016 0.429688 0.539062 0.427734 0.542969 0.423828
0 0.722656 0.429688 0.722656 0.433594 0.718750 0.433594 0.716797 0.431641 0.720703 0.427734
0 0.734375 0.429688 0.734375 0.433594 0.730469 0.433594 0.728516 0.431641 0.732422 0.427734
0 0.556641 0.433594 0.556641 0.437500 0.552734 0.437500 0.550781 0.435547 0.554688 0.431641
0 0.671875 0.439453 0.669922 0.439453 0.667969 0.441406 0.664062 0.441406 0.662109 0.439453 0.662109 0.433594 0.664062 0.431641 0.667969 0.431641 0.669922 0.433594 0.671875 0.433594
0 0.945312 0.441406 0.943359 0.441406 0.941406 0.443359 0.937500 0.443359 0.935547 0.441406 0.935547 0.435547 0.937500 0.433594 0.941406 0.433594 0.943359 0.435547 0.945312 0.435547
0 0.371094 0.443359 0.369141 0.443359 0.367188 0.445312 0.363281 0.445312 0.361328 0.443359 0.361328 0.437500 0.363281 0.435547 0.367188 0.435547 0.369141 0.437500 0.371094 0.437500
0 0.402344 0.443359 0.400391 0.443359 0.398438 0.445312 0.394531 0.445312 0.392578 0.443359 0.392578 0.437500 0.394531 0.435547 0.398438 0.435547 0.400391 0.437500 0.402344 0.437500
0 0.726562 0.439453 0.726562 0.443359 0.722656 0.443359 0.720703 0.441406 0.724609 0.437500
0 0.806641 0.439453 0.806641 0.443359 0.802734 0.443359 0.800781 0.441406 0.804688 0.437500
0 0.890625 0.439453 0.890625 0.443359 0.886719 0.443359 0.884766 0.441406 0.888672 0.437500
0 0.902344 0.443359 0.900391 0.443359 0.898438 0.445312 0.894531 0.445312 0.892578 0.443359 0.892578 0.437500 0.894531 0.435547 0.898438 0.435547 0.900391 0.437500 0.902344 0.437500
0 0.664062 0.443359 0.664062 0.447266 0.660156 0.447266 0.658203 0.445312 0.662109 0.441406
0 0.779297 0.447266 0.777344 0.449219 0.777344 0.451172 0.775391 0.453125 0.769531 0.453125 0.767578 0.451172 0.767578 0.449219 0.765625 0.447266 0.765625 0.445312 0.767578 0.443359 0.767578 0.441406 0.769531 0.439453 0.775391 0.439453 0.777344 0.441406 0.777344 0.443359 0.779297 0.445312
0 0.015625 0.447266 0.015625 0.451172 0.011719 0.451172 0.009766 0.449219 0.013672 0.445312
0 0.677734 0.447266 0.677734 0.451172 0.673828 0.451172 0.671875 0.449219 0.675781 0.445312
0 0.886719 0.447266 0.886719 0.451172 0.882812 0.451172 0.880859 0.449219 0.884766 0.445312
0 0.359375 0.458984 0.357422 0.458984 0.355469 0.460938 0.345703 0.460938 0.339844 0.455078 0.339844 0.445312 0.341797 0.443359 0.343750 0.443359 0.343750 0.441406 0.345703 0.439453 0.355469 0.439453 0.361328 0.445312 0.361328 0.455078 0.359375 0.457031
0 0.810547 0.449219 0.810547 0.453125 0.806641 0.453125 0.804688 0.451172 0.808594 0.447266
0 0.384766 0.455078 0.382812 0.457031 0.382812 0.458984 0.380859 0.460938 0.375000 0.460938 0.373047 0.458984 0.373047 0.457031 0.371094 0.455078 0.371094 0.453125 0.373047 0.451172 0.373047 0.449219 0.375000 0.447266 0.380859 0.447266 0.382812 0.449219 0.382812 0.451172 0.384766 0.453125
0 0.675781 0.457031 0.673828 0.457031 0.671875 0.458984 0.667969 0.458984 0.666016 0.457031 0.666016 0.451172 0.667969 0.449219 0.671875 0.449219 0.673828 0.451172 0.675781 0.451172
0 0.894531 0.453125 0.894531 0.457031 0.890625 0.457031 0.888672 0.455078 0.892578 0.451172
0 0.351562 0.464844 0.349609 0.464844 0.347656 0.466797 0.337891 0.466797 0.332031 0.460938 0.332031 0.451172 0.333984 0.449219 0.335938 0.449219 0.335938 0.447266 0.337891 0.445312 0.347656 0.445312 0.353516 0.451172 0.353516 0.460938 0.351562 0.462891
0 0.798828 0.458984 0.792969 0.464844 0.787109 0.464844 0.781250 0.458984 0.781250 0.453125 0.787109 0.447266 0.792969 0.447266 0.798828 0.453125
0 0.652344 0.460938 0.650391 0.460938 0.648438 0.462891 0.644531 0.462891 0.642578 0.460938 0.642578 0.455078 0.644531 0.453125 0.648438 0.453125 0.650391 0.455078 0.652344 0.455078
0 0.767578 0.466797 0.765625 0.468750 0.765625 0.470703 0.763672 0.472656 0.757812 0.472656 0.755859 0.470703 0.755859 0.468750 0.753906 0.466797 0.753906 0.464844 0.755859 0.462891 0.755859 0.460938 0.757812 0.458984 0.763672 0.458984 0.765625 0.460938 0.765625 0.462891 0.767578 0.464844
0 0.339844 0.466797 0.339844 0.470703 0.335938 0.470703 0.333984 0.468750 0.337891 0.464844
0 0.644531 0.472656 0.642578 0.472656 0.640625 0.474609 0.636719 0.474609 0.634766 0.472656 0.634766 0.466797 0.636719 0.464844 0.640625 0.464844 0.642578 0.466797 0.644531 0.466797
0 0.794922 0.470703 0.792969 0.472656 0.792969 0.474609 0.791016 0.476562 0.785156 0.476562 0.783203 0.474609 0.783203 0.472656 0.781250 0.470703 0.781250 0.468750 0.783203 0.466797 0.783203 0.464844 0.785156 0.462891 0.791016 0.462891 0.792969 0.464844 0.792969 0.466797 0.794922 0.468750
0 0.662109 0.474609 0.660156 0.474609 0.658203 0.476562 0.654297 0.476562 0.652344 0.474609 0.652344 0.468750 0.654297 0.466797 0.658203 0.466797 0.660156 0.468750 0.662109 0.468750
0 0.673828 0.470703 0.673828 0.474609 0.669922 0.474609 0.667969 0.472656 0.671875 0.468750
0 0.365234 0.476562 0.363281 0.476562 0.361328 0.478516 0.357422 0.478516 0.355469 0.476562 0.355469 0.470703 0.357422 0.468750 0.361328 0.468750 0.363281 0.470703 0.365234 0.470703
0 0.390625 0.476562 0.388672 0.478516 0.388672 0.480469 0.386719 0.482422 0.380859 0.482422 0.378906 0.480469 0.378906 0.478516 0.376953 0.476562 0.376953 0.474609 0.378906 0.472656 0.378906 0.470703 0.380859 0.468750 0.386719 0.468750 0.388672 0.470703 0.388672 0.472656 0.390625 0.474609
0 0.714844 0.474609 0.714844 0.478516 0.710938 0.478516 0.708984 0.476562 0.712891 0.472656
0 0.951172 0.474609 0.951172 0.478516 0.947266 0.478516 0.945312 0.476562 0.949219 0.472656
0 0.650391 0.476562 0.650391 0.480469 0.646484 0.480469 0.644531 0.478516 0.648438 0.474609
0 0.673828 0.476562 0.673828 0.480469 0.669922 0.480469 0.667969 0.478516 0.671875 0.474609
0 0.789062 0.478516 0.787109 0.480469 0.787109 0.482422 0.785156 0.484375 0.779297 0.484375 0.777344 0.482422 0.777344 0.480469 0.775391 0.478516 0.775391 0.476562 0.777344 0.474609 0.777344 0.472656 0.779297 0.470703 0.785156 0.470703 0.787109 0.472656 0.787109 0.474609 0.789062 0.476562
0 0.001953 0.486328 0.000000 0.486328 0.000000 0.472656 0.001953 0.472656 0.003906 0.474609 0.003906 0.476562 0.005859 0.478516 0.005859 0.480469 0.003906 0.482422 0.003906 0.484375
0 0.347656 0.482422 0.345703 0.482422 0.343750 0.484375 0.339844 0.484375 0.337891 0.482422 0.337891 0.476562 0.339844 0.474609 0.343750 0.474609 0.345703 0.476562 0.347656 0.476562
0 0.560547 0.478516 0.560547 0.482422 0.556641 0.482422 0.554688 0.480469 0.558594 0.476562
0 0.572266 0.478516 0.572266 0.482422 0.568359 0.482422 0.566406 0.480469 0.570312 0.476562
0 0.417969 0.480469 0.417969 0.484375 0.414062 0.484375 0.412109 0.482422 0.416016 0.478516
0 0.359375 0.486328 0.353516 0.492188 0.347656 0.492188 0.341797 0.486328 0.341797 0.480469 0.347656 0.474609 0.353516 0.474609 0.359375 0.480469
0 0.710938 0.484375 0.710938 0.488281 0.707031 0.488281 0.705078 0.486328 0.708984 0.482422
0 0.445312 0.488281 0.445312 0.492188 0.441406 0.492188 0.439453 0.490234 0.443359 0.486328
0 0.896484 0.492188 0.894531 0.492188 0.892578 0.494141 0.888672 0.494141 0.886719 0.492188 0.886719 0.486328 0.888672 0.484375 0.892578 0.484375 0.894531 0.486328 0.896484 0.486328
0 0.410156 0.494141 0.408203 0.494141 0.406250 0.496094 0.402344 0.496094 0.400391 0.494141 0.400391 0.488281 0.402344 0.486328 0.406250 0.486328 0.408203 0.488281 0.410156 0.488281
0 0.683594 0.490234 0.683594 0.494141 0.679688 0.494141 0.677734 0.492188 0.681641 0.488281
0 0.605469 0.496094 0.603516 0.496094 0.601562 0.498047 0.597656 0.498047 0.595703 0.496094 0.595703 0.490234 0.597656 0.488281 0.601562 0.488281 0.603516 0.490234 0.605469 0.490234
0 0.361328 0.494141 0.361328 0.498047 0.357422 0.498047 0.355469 0.496094 0.359375 0.492188
0 0.435547 0.494141 0.435547 0.498047 0.431641 0.498047 0.429688 0.496094 0.433594 0.492188
0 0.693359 0.494141 0.693359 0.498047 0.689453 0.498047 0.687500 0.496094 0.691406 0.492188
0 0.625000 0.500000 0.619141 0.505859 0.613281 0.505859 0.607422 0.500000 0.607422 0.494141 0.613281 0.488281 0.619141 0.488281 0.625000 0.494141
0 0.640625 0.496094 0.640625 0.500000 0.636719 0.500000 0.634766 0.498047 0.638672 0.494141
0 0.451172 0.501953 0.449219 0.501953 0.447266 0.503906 0.443359 0.503906 0.441406 0.501953 0.441406 0.496094 0.443359 0.494141 0.447266 0.494141 0.449219 0.496094 0.451172 0.496094
0 0.441406 0.500000 0.441406 0.503906 0.437500 0.503906 0.435547 0.501953 0.439453 0.498047
0 0.687500 0.500000 0.687500 0.503906 0.683594 0.503906 0.681641 0.501953 0.685547 0.498047
0 0.396484 0.505859 0.390625 0.511719 0.384766 0.511719 0.378906 0.505859 0.378906 0.500000 0.384766 0.494141 0.390625 0.494141 0.396484 0.500000
0 0.599609 0.503906 0.599609 0.507812 0.595703 0.507812 0.593750 0.505859 0.597656 0.501953
0 0.634766 0.505859 0.634766 0.509766 0.630859 0.509766 0.628906 0.507812 0.632812 0.503906
0 0.419922 0.509766 0.417969 0.511719 0.417969 0.513672 0.416016 0.515625 0.410156 0.515625 0.408203 0.513672 0.408203 0.511719 0.406250 0.509766 0.406250 0.507812 0.408203 0.505859 0.408203 0.503906 0.410156 0.501953 0.416016 0.501953 0.417969 0.503906 0.417969 0.505859 0.419922 0.507812
0 0.369141 0.513672 0.367188 0.513672 0.365234 0.515625 0.361328 0.515625 0.359375 0.513672 0.359375 0.507812 0.361328 0.505859 0.365234 0.505859 0.367188 0.507812 0.369141 0.507812
0 0.886719 0.511719 0.884766 0.513672 0.884766 0.515625 0.882812 0.517578 0.876953 0.517578 0.875000 0.515625 0.875000 0.513672 0.873047 0.511719 0.873047 0.509766 0.875000 0.507812 0.875000 0.505859 0.876953 0.503906 0.882812 0.503906 0.884766 0.505859 0.884766 0.507812 0.886719 0.509766
0 0.380859 0.513672 0.380859 0.517578 0.376953 0.517578 0.375000 0.515625 0.378906 0.511719
0 0.605469 0.515625 0.603516 0.517578 0.603516 0.519531 0.601562 0.521484 0.595703 0.521484 0.593750 0.519531 0.593750 0.517578 0.591797 0.515625 0.591797 0.513672 0.593750 0.511719 0.593750 0.509766 0.595703 0.507812 0.601562 0.507812 0.603516 0.509766 0.603516 0.511719 0.605469 0.513672
0 0.673828 0.521484 0.671875 0.521484 0.669922 0.523438 0.666016 0.523438 0.664062 0.521484 0.664062 0.515625 0.666016 0.513672 0.669922 0.513672 0.671875 0.515625 0.673828 0.515625
0 0.380859 0.523438 0.378906 0.523438 0.376953 0.525391 0.373047 0.525391 0.371094 0.523438 0.371094 0.517578 0.373047 0.515625 0.376953 0.515625 0.378906 0.517578 0.380859 0.517578
0 0.398438 0.523438 0.396484 0.523438 0.394531 0.525391 0.390625 0.525391 0.388672 0.523438 0.388672 0.517578 0.390625 0.515625 0.394531 0.515625 0.396484 0.517578 0.398438 0.517578
0 0.585938 0.523438 0.583984 0.523438 0.582031 0.525391 0.578125 0.525391 0.576172 0.523438 0.576172 0.517578 0.578125 0.515625 0.582031 0.515625 0.583984 0.517578 0.585938 0.517578
0 0.408203 0.529297 0.406250 0.529297 0.404297 0.531250 0.400391 0.531250 0.398438 0.529297 0.398438 0.523438 0.400391 0.521484 0.404297 0.521484 0.406250 0.523438 0.408203 0.523438
0 0.662109 0.529297 0.660156 0.529297 0.658203 0.531250 0.654297 0.531250 0.652344 0.529297 0.652344 0.523438 0.654297 0.521484 0.658203 0.521484 0.660156 0.523438 0.662109 0.523438
0 0.371094 0.531250 0.369141 0.531250 0.367188 0.533203 0.363281 0.533203 0.361328 0.531250 0.361328 0.525391 0.363281 0.523438 0.367188 0.523438 0.369141 0.525391 0.371094 0.525391
0 0.603516 0.531250 0.601562 0.531250 0.599609 0.533203 0.595703 0.533203 0.593750 0.531250 0.593750 0.525391 0.595703 0.523438 0.599609 0.523438 0.601562 0.525391 0.603516 0.525391
0 0.429688 0.533203 0.427734 0.533203 0.425781 0.535156 0.421875 0.535156 0.419922 0.533203 0.419922 0.527344 0.421875 0.525391 0.425781 0.525391 0.427734 0.527344 0.429688 0.527344
0 0.587891 0.533203 0.585938 0.533203 0.583984 0.535156 0.580078 0.535156 0.578125 0.533203 0.578125 0.527344 0.580078 0.525391 0.583984 0.525391 0.585938 0.527344 0.587891 0.527344
0 0.611328 0.529297 0.611328 0.533203 0.607422 0.533203 0.605469 0.531250 0.609375 0.527344
0 0.466797 0.531250 0.466797 0.535156 0.462891 0.535156 0.460938 0.533203 0.464844 0.529297
0 0.435547 0.533203 0.435547 0.537109 0.431641 0.537109 0.429688 0.535156 0.433594 0.531250
0 0.873047 0.537109 0.871094 0.537109 0.869141 0.539062 0.865234 0.539062 0.863281 0.537109 0.863281 0.531250 0.865234 0.529297 0.869141 0.529297 0.871094 0.531250 0.873047 0.531250
0 0.474609 0.535156 0.474609 0.539062 0.470703 0.539062 0.468750 0.537109 0.472656 0.533203
0 0.390625 0.539062 0.388672 0.541016 0.388672 0.542969 0.386719 0.544922 0.380859 0.544922 0.378906 0.542969 0.378906 0.541016 0.376953 0.539062 0.376953 0.537109 0.378906 0.535156 0.378906 0.533203 0.380859 0.531250 0.386719 0.531250 0.388672 0.533203 0.388672 0.535156 0.390625 0.537109
0 0.664062 0.541016 0.662109 0.541016 0.660156 0.542969 0.656250 0.542969 0.654297 0.541016 0.654297 0.535156 0.656250 0.533203 0.660156 0.533203 0.662109 0.535156 0.664062 0.535156
0 0.355469 0.542969 0.353516 0.542969 0.351562 0.544922 0.347656 0.544922 0.345703 0.542969 0.345703 0.537109 0.347656 0.535156 0.351562 0.535156 0.353516 0.537109 0.355469 0.537109
0 0.683594 0.542969 0.681641 0.542969 0.679688 0.544922 0.675781 0.544922 0.673828 0.542969 0.673828 0.537109 0.675781 0.535156 0.679688 0.535156 0.681641 0.537109 0.683594 0.537109
0 0.732422 0.539062 0.732422 0.542969 0.728516 0.542969 0.726562 0.541016 0.730469 0.537109
0 0.384766 0.542969 0.382812 0.544922 0.382812 0.546875 0.380859 0.548828 0.375000 0.548828 0.373047 0.546875 0.373047 0.544922 0.371094 0.542969 0.371094 0.541016 0.373047 0.539062 0.373047 0.537109 0.375000 0.535156 0.380859 0.535156 0.382812 0.537109 0.382812 0.539062 0.384766 0.541016
0 0.472656 0.541016 0.472656 0.544922 0.468750 0.544922 0.466797 0.542969 0.470703 0.539062
0 0.890625 0.544922 0.888672 0.544922 0.886719 0.546875 0.882812 0.546875 0.880859 0.544922 0.880859 0.539062 0.882812 0.537109 0.886719 0.537109 0.888672 0.539062 0.890625 0.539062
0 0.427734 0.546875 0.425781 0.546875 0.423828 0.548828 0.419922 0.548828 0.417969 0.546875 0.417969 0.541016 0.419922 0.539062 0.423828 0.539062 0.425781 0.541016 0.427734 0.541016
0 0.441406 0.546875 0.439453 0.546875 0.437500 0.548828 0.433594 0.548828 0.431641 0.546875 0.431641 0.541016 0.433594 0.539062 0.437500 0.539062 0.439453 0.541016 0.441406 0.541016
0 0.849609 0.544922 0.849609 0.548828 0.845703 0.548828 0.843750 0.546875 0.847656 0.542969
0 0.958984 0.544922 0.958984 0.548828 0.955078 0.548828 0.953125 0.546875 0.957031 0.542969
0 0.427734 0.552734 0.421875 0.558594 0.416016 0.558594 0.410156 0.552734 0.410156 0.546875 0.416016 0.541016 0.421875 0.541016 0.427734 0.546875
0 0.400391 0.554688 0.398438 0.554688 0.396484 0.556641 0.392578 0.556641 0.390625 0.554688 0.390625 0.548828 0.392578 0.546875 0.396484 0.546875 0.398438 0.548828 0.400391 0.548828
0 0.412109 0.550781 0.412109 0.554688 0.408203 0.554688 0.406250 0.552734 0.410156 0.548828
0 0.439453 0.554688 0.437500 0.554688 0.435547 0.556641 0.431641 0.556641 0.429688 0.554688 0.429688 0.548828 0.431641 0.546875 0.435547 0.546875 0.437500 0.548828 0.439453 0.548828
0 0.453125 0.550781 0.453125 0.554688 0.449219 0.554688 0.447266 0.552734 0.451172 0.548828
0 0.951172 0.550781 0.951172 0.554688 0.947266 0.554688 0.945312 0.552734 0.949219 0.548828
0 0.351562 0.556641 0.349609 0.556641 0.347656 0.558594 0.343750 0.558594 0.341797 0.556641 0.341797 0.550781 0.343750 0.548828 0.347656 0.548828 0.349609 0.550781 0.351562 0.550781
0 0.486328 0.552734 0.486328 0.556641 0.482422 0.556641 0.480469 0.554688 0.484375 0.550781
0 0.966797 0.552734 0.966797 0.556641 0.962891 0.556641 0.960938 0.554688 0.964844 0.550781
0 0.527344 0.558594 0.525391 0.558594 0.523438 0.560547 0.519531 0.560547 0.517578 0.558594 0.517578 0.552734 0.519531 0.550781 0.523438 0.550781 0.525391 0.552734 0.527344 0.552734
0 0.982422 0.554688 0.982422 0.558594 0.978516 0.558594 0.976562 0.556641 0.980469 0.552734
0 0.441406 0.560547 0.439453 0.560547 0.437500 0.562500 0.433594 0.562500 0.431641 0.560547 0.431641 0.554688 0.433594 0.552734 0.437500 0.552734 0.439453 0.554688 0.441406 0.554688
0 0.498047 0.556641 0.498047 0.560547 0.494141 0.560547 0.492188 0.558594 0.496094 0.554688
0 0.998047 0.562500 0.994141 0.562500 0.992188 0.560547 0.992188 0.554688 0.994141 0.552734 0.998047 0.552734
0 0.902344 0.558594 0.902344 0.562500 0.898438 0.562500 0.896484 0.560547 0.900391 0.556641
0 0.951172 0.558594 0.951172 0.562500 0.947266 0.562500 0.945312 0.560547 0.949219 0.556641
0 0.964844 0.558594 0.964844 0.562500 0.960938 0.562500 0.958984 0.560547 0.962891 0.556641
0 0.396484 0.562500 0.394531 0.564453 0.394531 0.566406 0.392578 0.568359 0.386719 0.568359 0.384766 0.566406 0.384766 0.564453 0.382812 0.562500 0.382812 0.560547 0.384766 0.558594 0.384766 0.556641 0.386719 0.554688 0.392578 0.554688 0.394531 0.556641 0.394531 0.558594 0.396484 0.560547
0 0.894531 0.560547 0.894531 0.564453 0.890625 0.564453 0.888672 0.562500 0.892578 0.558594
0 0.003906 0.574219 0.000000 0.574219 0.000000 0.552734 0.003906 0.552734 0.005859 0.554688 0.005859 0.556641 0.007812 0.556641 0.009766 0.558594 0.009766 0.568359 0.007812 0.570312 0.007812 0.572266 0.005859 0.572266
0 0.488281 0.562500 0.488281 0.566406 0.484375 0.566406 0.482422 0.564453 0.486328 0.560547
0 0.523438 0.562500 0.523438 0.566406 0.519531 0.566406 0.517578 0.564453 0.521484 0.560547
0 0.958984 0.562500 0.958984 0.566406 0.955078 0.566406 0.953125 0.564453 0.957031 0.560547
0 0.582031 0.564453 0.582031 0.568359 0.578125 0.568359 0.576172 0.566406 0.580078 0.562500
0 0.988281 0.564453 0.988281 0.568359 0.984375 0.568359 0.982422 0.566406 0.986328 0.562500
0 0.345703 0.566406 0.345703 0.570312 0.341797 0.570312 0.339844 0.568359 0.343750 0.564453
0 0.455078 0.570312 0.453125 0.570312 0.451172 0.572266 0.447266 0.572266 0.445312 0.570312 0.445312 0.564453 0.447266 0.562500 0.451172 0.562500 0.453125 0.564453 0.455078 0.564453
0 0.539062 0.570312 0.537109 0.570312 0.535156 0.572266 0.531250 0.572266 0.529297 0.570312 0.529297 0.564453 0.531250 0.562500 0.535156 0.562500 0.537109 0.564453 0.539062 0.564453
0 0.591797 0.570312 0.589844 0.570312 0.587891 0.572266 0.583984 0.572266 0.582031 0.570312 0.582031 0.564453 0.583984 0.562500 0.587891 0.562500 0.589844 0.564453 0.591797 0.564453
0 0.433594 0.574219 0.431641 0.574219 0.429688 0.576172 0.425781 0.576172 0.423828 0.574219 0.423828 0.568359 0.425781 0.566406 0.429688 0.566406 0.431641 0.568359 0.433594 0.568359
0 0.898438 0.570312 0.898438 0.574219 0.894531 0.574219 0.892578 0.572266 0.896484 0.568359
0 0.708984 0.572266 0.708984 0.576172 0.705078 0.576172 0.703125 0.574219 0.707031 0.570312
0 0.462891 0.574219 0.462891 0.578125 0.458984 0.578125 0.457031 0.576172 0.460938 0.572266
0 0.683594 0.580078 0.681641 0.580078 0.679688 0.582031 0.675781 0.582031 0.673828 0.580078 0.673828 0.574219 0.675781 0.572266 0.679688 0.572266 0.681641 0.574219 0.683594 0.574219
0 0.943359 0.578125 0.943359 0.582031 0.939453 0.582031 0.937500 0.580078 0.941406 0.576172
0 0.955078 0.578125 0.955078 0.582031 0.951172 0.582031 0.949219 0.580078 0.953125 0.576172
0 0.343750 0.583984 0.341797 0.583984 0.339844 0.585938 0.335938 0.585938 0.333984 0.583984 0.333984 0.578125 0.335938 0.576172 0.339844 0.576172 0.341797 0.578125 0.343750 0.578125
0 0.589844 0.582031 0.589844 0.585938 0.585938 0.585938 0.583984 0.583984 0.587891 0.580078
0 0.583984 0.587891 0.578125 0.593750 0.572266 0.593750 0.566406 0.587891 0.566406 0.582031 0.572266 0.576172 0.578125 0.576172 0.583984 0.582031
0 0.560547 0.587891 0.560547 0.591797 0.556641 0.591797 0.554688 0.589844 0.558594 0.585938
0 0.693359 0.587891 0.693359 0.591797 0.689453 0.591797 0.687500 0.589844 0.691406 0.585938
0 0.337891 0.595703 0.335938 0.595703 0.333984 0.597656 0.330078 0.597656 0.328125 0.595703 0.328125 0.589844 0.330078 0.587891 0.333984 0.587891 0.335938 0.589844 0.337891 0.589844
0 0.558594 0.593750 0.558594 0.597656 0.554688 0.597656 0.552734 0.595703 0.556641 0.591797
0 0.429688 0.599609 0.427734 0.599609 0.425781 0.601562 0.421875 0.601562 0.419922 0.599609 0.419922 0.593750 0.421875 0.591797 0.425781 0.591797 0.427734 0.593750 0.429688 0.593750
0 0.003906 0.611328 0.000000 0.611328 0.000000 0.589844 0.003906 0.589844 0.005859 0.591797 0.005859 0.593750 0.007812 0.593750 0.009766 0.595703 0.009766 0.605469 0.007812 0.607422 0.007812 0.609375 0.005859 0.609375
0 0.406250 0.603516 0.404297 0.603516 0.402344 0.605469 0.398438 0.605469 0.396484 0.603516 0.396484 0.597656 0.398438 0.595703 0.402344 0.595703 0.404297 0.597656 0.406250 0.597656
0 0.562500 0.605469 0.560547 0.605469 0.558594 0.607422 0.554688 0.607422 0.552734 0.605469 0.552734 0.599609 0.554688 0.597656 0.558594 0.597656 0.560547 0.599609 0.562500 0.599609
0 0.472656 0.603516 0.472656 0.607422 0.468750 0.607422 0.466797 0.605469 0.470703 0.601562
0 0.564453 0.609375 0.564453 0.613281 0.560547 0.613281 0.558594 0.611328 0.562500 0.607422
0 0.447266 0.613281 0.447266 0.617188 0.443359 0.617188 0.441406 0.615234 0.445312 0.611328
0 0.554688 0.613281 0.554688 0.617188 0.550781 0.617188 0.548828 0.615234 0.552734 0.611328
0 0.718750 0.621094 0.716797 0.621094 0.714844 0.623047 0.710938 0.623047 0.708984 0.621094 0.708984 0.615234 0.710938 0.613281 0.714844 0.613281 0.716797 0.615234 0.718750 0.615234
0 0.375000 0.623047 0.373047 0.623047 0.371094 0.625000 0.367188 0.625000 0.365234 0.623047 0.365234 0.617188 0.367188 0.615234 0.371094 0.615234 0.373047 0.617188 0.375000 0.617188
0 0.693359 0.623047 0.691406 0.623047 0.689453 0.625000 0.685547 0.625000 0.683594 0.623047 0.683594 0.617188 0.685547 0.615234 0.689453 0.615234 0.691406 0.617188 0.693359 0.617188
0 0.984375 0.619141 0.984375 0.623047 0.980469 0.623047 0.978516 0.621094 0.982422 0.617188
0 0.994141 0.619141 0.994141 0.623047 0.990234 0.623047 0.988281 0.621094 0.992188 0.617188
0 0.353516 0.625000 0.351562 0.625000 0.349609 0.626953 0.345703 0.626953 0.343750 0.625000 0.343750 0.619141 0.345703 0.617188 0.349609 0.617188 0.351562 0.619141 0.353516 0.619141
0 0.406250 0.628906 0.400391 0.634766 0.394531 0.634766 0.388672 0.628906 0.388672 0.623047 0.394531 0.617188 0.400391 0.617188 0.406250 0.623047
0 0.488281 0.625000 0.488281 0.628906 0.484375 0.628906 0.482422 0.626953 0.486328 0.623047
0 0.681641 0.626953 0.681641 0.630859 0.677734 0.630859 0.675781 0.628906 0.679688 0.625000
0 0.851562 0.626953 0.851562 0.630859 0.847656 0.630859 0.845703 0.628906 0.849609 0.625000
0 0.988281 0.626953 0.988281 0.630859 0.984375 0.630859 0.982422 0.628906 0.986328 0.625000
0 0.558594 0.630859 0.558594 0.634766 0.554688 0.634766 0.552734 0.632812 0.556641 0.628906
0 0.669922 0.632812 0.669922 0.636719 0.666016 0.636719 0.664062 0.634766 0.667969 0.630859
0 0.716797 0.632812 0.716797 0.636719 0.712891 0.636719 0.710938 0.634766 0.714844 0.630859
0 0.945312 0.632812 0.945312 0.636719 0.941406 0.636719 0.939453 0.634766 0.943359 0.630859
0 0.447266 0.636719 0.445312 0.638672 0.445312 0.640625 0.443359 0.642578 0.437500 0.642578 0.435547 0.640625 0.435547 0.638672 0.433594 0.636719 0.433594 0.634766 0.435547 0.632812 0.435547 0.630859 0.437500 0.628906 0.443359 0.628906 0.445312 0.630859 0.445312 0.632812 0.447266 0.634766
0 0.687500 0.634766 0.687500 0.638672 0.683594 0.638672 0.681641 0.636719 0.685547 0.632812
0 0.757812 0.636719 0.757812 0.640625 0.753906 0.640625 0.751953 0.638672 0.755859 0.634766
0 0.951172 0.638672 0.951172 0.642578 0.947266 0.642578 0.945312 0.640625 0.949219 0.636719
0 0.750000 0.640625 0.750000 0.644531 0.746094 0.644531 0.744141 0.642578 0.748047 0.638672
0 0.484375 0.646484 0.482422 0.646484 0.480469 0.648438 0.476562 0.648438 0.474609 0.646484 0.474609 0.640625 0.476562 0.638672 0.480469 0.638672 0.482422 0.640625 0.484375 0.640625
0 0.667969 0.642578 0.667969 0.646484 0.664062 0.646484 0.662109 0.644531 0.666016 0.640625
0 0.550781 0.646484 0.548828 0.648438 0.548828 0.650391 0.546875 0.652344 0.541016 0.652344 0.539062 0.650391 0.539062 0.648438 0.537109 0.646484 0.537109 0.644531 0.539062 0.642578 0.539062 0.640625 0.541016 0.638672 0.546875 0.638672 0.548828 0.640625 0.548828 0.642578 0.550781 0.644531
0 0.761719 0.644531 0.761719 0.648438 0.757812 0.648438 0.755859 0.646484 0.759766 0.642578
0 0.943359 0.644531 0.943359 0.648438 0.939453 0.648438 0.937500 0.646484 0.941406 0.642578
0 0.019531 0.650391 0.017578 0.650391 0.015625 0.652344 0.011719 0.652344 0.009766 0.650391 0.009766 0.644531 0.011719 0.642578 0.015625 0.642578 0.017578 0.644531 0.019531 0.644531
0 0.755859 0.648438 0.755859 0.652344 0.751953 0.652344 0.750000 0.650391 0.753906 0.646484
0 0.414062 0.656250 0.408203 0.662109 0.402344 0.662109 0.396484 0.656250 0.396484 0.650391 0.402344 0.644531 0.408203 0.644531 0.414062 0.650391
0 0.453125 0.656250 0.451172 0.656250 0.449219 0.658203 0.445312 0.658203 0.443359 0.656250 0.443359 0.650391 0.445312 0.648438 0.449219 0.648438 0.451172 0.650391 0.453125 0.650391
0 0.724609 0.656250 0.722656 0.656250 0.720703 0.658203 0.716797 0.658203 0.714844 0.656250 0.714844 0.650391 0.716797 0.648438 0.720703 0.648438 0.722656 0.650391 0.724609 0.650391
0 0.791016 0.652344 0.791016 0.656250 0.787109 0.656250 0.785156 0.654297 0.789062 0.650391
0 0.025391 0.660156 0.023438 0.660156 0.021484 0.662109 0.017578 0.662109 0.015625 0.660156 0.015625 0.654297 0.017578 0.652344 0.021484 0.652344 0.023438 0.654297 0.025391 0.654297
0 0.474609 0.660156 0.472656 0.660156 0.470703 0.662109 0.466797 0.662109 0.464844 0.660156 0.464844 0.654297 0.466797 0.652344 0.470703 0.652344 0.472656 0.654297 0.474609 0.654297
0 0.498047 0.658203 0.496094 0.660156 0.496094 0.662109 0.494141 0.664062 0.488281 0.664062 0.486328 0.662109 0.486328 0.660156 0.484375 0.658203 0.484375 0.656250 0.486328 0.654297 0.486328 0.652344 0.488281 0.650391 0.494141 0.650391 0.496094 0.652344 0.496094 0.654297 0.498047 0.656250
0 0.708984 0.662109 0.707031 0.662109 0.705078 0.664062 0.701172 0.664062 0.699219 0.662109 0.699219 0.656250 0.701172 0.654297 0.705078 0.654297 0.707031 0.656250 0.708984 0.656250
0 0.927734 0.658203 0.927734 0.662109 0.923828 0.662109 0.921875 0.660156 0.925781 0.656250
0 0.070312 0.664062 0.068359 0.666016 0.068359 0.667969 0.066406 0.669922 0.060547 0.669922 0.058594 0.667969 0.058594 0.666016 0.056641 0.664062 0.056641 0.662109 0.058594 0.660156 0.058594 0.658203 0.060547 0.656250 0.066406 0.656250 0.068359 0.658203 0.068359 0.660156 0.070312 0.662109
0 0.539062 0.664062 0.537109 0.666016 0.537109 0.667969 0.535156 0.669922 0.529297 0.669922 0.527344 0.667969 0.527344 0.666016 0.525391 0.664062 0.525391 0.662109 0.527344 0.660156 0.527344 0.658203 0.529297 0.656250 0.535156 0.656250 0.537109 0.658203 0.537109 0.660156 0.539062 0.662109
0 0.693359 0.664062 0.693359 0.667969 0.689453 0.667969 0.687500 0.666016 0.691406 0.662109
0 0.753906 0.664062 0.753906 0.667969 0.750000 0.667969 0.748047 0.666016 0.751953 0.662109
0 0.937500 0.664062 0.937500 0.667969 0.933594 0.667969 0.931641 0.666016 0.935547 0.662109
0 0.451172 0.675781 0.449219 0.675781 0.447266 0.677734 0.437500 0.677734 0.431641 0.671875 0.431641 0.662109 0.433594 0.660156 0.435547 0.660156 0.435547 0.658203 0.437500 0.656250 0.447266 0.656250 0.453125 0.662109 0.453125 0.671875 0.451172 0.673828
0 0.498047 0.669922 0.496094 0.669922 0.494141 0.671875 0.490234 0.671875 0.488281 0.669922 0.488281 0.664062 0.490234 0.662109 0.494141 0.662109 0.496094 0.664062 0.498047 0.664062
0 0.556641 0.666016 0.556641 0.669922 0.552734 0.669922 0.550781 0.667969 0.554688 0.664062
0 0.041016 0.669922 0.039062 0.671875 0.039062 0.673828 0.037109 0.675781 0.031250 0.675781 0.029297 0.673828 0.029297 0.671875 0.027344 0.669922 0.027344 0.667969 0.029297 0.666016 0.029297 0.664062 0.031250 0.662109 0.037109 0.662109 0.039062 0.664062 0.039062 0.666016 0.041016 0.667969
0 0.359375 0.669922 0.357422 0.671875 0.357422 0.673828 0.355469 0.675781 0.349609 0.675781 0.347656 0.673828 0.347656 0.671875 0.345703 0.669922 0.345703 0.667969 0.347656 0.666016 0.347656 0.664062 0.349609 0.662109 0.355469 0.662109 0.357422 0.664062 0.357422 0.666016 0.359375 0.667969
0 0.648438 0.667969 0.648438 0.671875 0.644531 0.671875 0.642578 0.669922 0.646484 0.666016
0 0.929688 0.667969 0.929688 0.671875 0.925781 0.671875 0.923828 0.669922 0.927734 0.666016
0 0.722656 0.673828 0.720703 0.673828 0.718750 0.675781 0.714844 0.675781 0.712891 0.673828 0.712891 0.667969 0.714844 0.666016 0.718750 0.666016 0.720703 0.667969 0.722656 0.667969
0 0.734375 0.675781 0.728516 0.681641 0.722656 0.681641 0.716797 0.675781 0.716797 0.669922 0.722656 0.664062 0.728516 0.664062 0.734375 0.669922
0 0.755859 0.671875 0.755859 0.675781 0.751953 0.675781 0.750000 0.673828 0.753906 0.669922
0 0.582031 0.673828 0.582031 0.677734 0.578125 0.677734 0.576172 0.675781 0.580078 0.671875
0 0.636719 0.673828 0.636719 0.677734 0.632812 0.677734 0.630859 0.675781 0.634766 0.671875
0 0.083984 0.679688 0.082031 0.681641 0.082031 0.683594 0.080078 0.685547 0.074219 0.685547 0.072266 0.683594 0.072266 0.681641 0.070312 0.679688 0.070312 0.677734 0.072266 0.675781 0.072266 0.673828 0.074219 0.671875 0.080078 0.671875 0.082031 0.673828 0.082031 0.675781 0.083984 0.677734
0 0.337891 0.681641 0.335938 0.681641 0.333984 0.683594 0.330078 0.683594 0.328125 0.681641 0.328125 0.675781 0.330078 0.673828 0.333984 0.673828 0.335938 0.675781 0.337891 0.675781
0 0.574219 0.677734 0.574219 0.681641 0.570312 0.681641 0.568359 0.679688 0.572266 0.675781
0 0.658203 0.681641 0.656250 0.681641 0.654297 0.683594 0.650391 0.683594 0.648438 0.681641 0.648438 0.675781 0.650391 0.673828 0.654297 0.673828 0.656250 0.675781 0.658203 0.675781
0 0.423828 0.689453 0.421875 0.689453 0.419922 0.691406 0.410156 0.691406 0.404297 0.685547 0.404297 0.675781 0.406250 0.673828 0.408203 0.673828 0.408203 0.671875 0.410156 0.669922 0.419922 0.669922 0.425781 0.675781 0.425781 0.685547 0.423828 0.687500
0 0.527344 0.683594 0.525391 0.683594 0.523438 0.685547 0.519531 0.685547 0.517578 0.683594 0.517578 0.677734 0.519531 0.675781 0.523438 0.675781 0.525391 0.677734 0.527344 0.677734
0 0.396484 0.683594 0.396484 0.687500 0.392578 0.687500 0.390625 0.685547 0.394531 0.681641
0 0.484375 0.693359 0.482422 0.693359 0.480469 0.695312 0.470703 0.695312 0.464844 0.689453 0.464844 0.679688 0.466797 0.677734 0.468750 0.677734 0.468750 0.675781 0.470703 0.673828 0.480469 0.673828 0.486328 0.679688 0.486328 0.689453 0.484375 0.691406
0 0.517578 0.693359 0.515625 0.693359 0.513672 0.695312 0.503906 0.695312 0.498047 0.689453 0.498047 0.679688 0.500000 0.677734 0.501953 0.677734 0.501953 0.675781 0.503906 0.673828 0.513672 0.673828 0.519531 0.679688 0.519531 0.689453 0.517578 0.691406
0 0.558594 0.695312 0.556641 0.695312 0.554688 0.697266 0.544922 0.697266 0.539062 0.691406 0.539062 0.681641 0.541016 0.679688 0.542969 0.679688 0.542969 0.677734 0.544922 0.675781 0.554688 0.675781 0.560547 0.681641 0.560547 0.691406 0.558594 0.693359
0 0.636719 0.689453 0.634766 0.689453 0.632812 0.691406 0.628906 0.691406 0.626953 0.689453 0.626953 0.683594 0.628906 0.681641 0.632812 0.681641 0.634766 0.683594 0.636719 0.683594
0 0.777344 0.685547 0.777344 0.689453 0.773438 0.689453 0.771484 0.687500 0.775391 0.683594
0 0.332031 0.697266 0.330078 0.697266 0.328125 0.699219 0.318359 0.699219 0.312500 0.693359 0.312500 0.683594 0.314453 0.681641 0.316406 0.681641 0.316406 0.679688 0.318359 0.677734 0.328125 0.677734 0.333984 0.683594 0.333984 0.693359 0.332031 0.695312
0 0.349609 0.687500 0.349609 0.691406 0.345703 0.691406 0.343750 0.689453 0.347656 0.685547
0 0.500000 0.693359 0.498047 0.693359 0.496094 0.695312 0.492188 0.695312 0.490234 0.693359 0.490234 0.687500 0.492188 0.685547 0.496094 0.685547 0.498047 0.687500 0.500000 0.687500
0 0.687500 0.689453 0.687500 0.693359 0.683594 0.693359 0.681641 0.691406 0.685547 0.687500
0 0.699219 0.689453 0.699219 0.693359 0.695312 0.693359 0.693359 0.691406 0.697266 0.687500
0 0.759766 0.693359 0.753906 0.699219 0.748047 0.699219 0.742188 0.693359 0.742188 0.687500 0.748047 0.681641 0.753906 0.681641 0.759766 0.687500
0 0.650391 0.695312 0.648438 0.695312 0.646484 0.697266 0.642578 0.697266 0.640625 0.695312 0.640625 0.689453 0.642578 0.687500 0.646484 0.687500 0.648438 0.689453 0.650391 0.689453
0 0.099609 0.697266 0.093750 0.703125 0.087891 0.703125 0.082031 0.697266 0.082031 0.691406 0.087891 0.685547 0.093750 0.685547 0.099609 0.691406
0 0.736328 0.697266 0.734375 0.697266 0.732422 0.699219 0.728516 0.699219 0.726562 0.697266 0.726562 0.691406 0.728516 0.689453 0.732422 0.689453 0.734375 0.691406 0.736328 0.691406
0 0.541016 0.699219 0.539062 0.699219 0.537109 0.701172 0.533203 0.701172 0.531250 0.699219 0.531250 0.693359 0.533203 0.691406 0.537109 0.691406 0.539062 0.693359 0.541016 0.693359
0 0.693359 0.695312 0.693359 0.699219 0.689453 0.699219 0.687500 0.697266 0.691406 0.693359
0 0.800781 0.695312 0.800781 0.699219 0.796875 0.699219 0.794922 0.697266 0.798828 0.693359
0 0.810547 0.695312 0.810547 0.699219 0.806641 0.699219 0.804688 0.697266 0.808594 0.693359
0 0.464844 0.701172 0.462891 0.701172 0.460938 0.703125 0.457031 0.703125 0.455078 0.701172 0.455078 0.695312 0.457031 0.693359 0.460938 0.693359 0.462891 0.695312 0.464844 0.695312
0 0.599609 0.701172 0.597656 0.701172 0.595703 0.703125 0.591797 0.703125 0.589844 0.701172 0.589844 0.695312 0.591797 0.693359 0.595703 0.693359 0.597656 0.695312 0.599609 0.695312
0 0.289062 0.701172 0.287109 0.703125 0.287109 0.705078 0.285156 0.707031 0.279297 0.707031 0.277344 0.705078 0.277344 0.703125 0.275391 0.701172 0.275391 0.699219 0.277344 0.697266 0.277344 0.695312 0.279297 0.693359 0.285156 0.693359 0.287109 0.695312 0.287109 0.697266 0.289062 0.699219
0 0.578125 0.701172 0.576172 0.703125 0.576172 0.705078 0.574219 0.707031 0.568359 0.707031 0.566406 0.705078 0.566406 0.703125 0.564453 0.701172 0.564453 0.699219 0.566406 0.697266 0.566406 0.695312 0.568359 0.693359 0.574219 0.693359 0.576172 0.695312 0.576172 0.697266 0.578125 0.699219
0 0.773438 0.703125 0.771484 0.703125 0.769531 0.705078 0.765625 0.705078 0.763672 0.703125 0.763672 0.697266 0.765625 0.695312 0.769531 0.695312 0.771484 0.697266 0.773438 0.697266
0 0.810547 0.701172 0.810547 0.705078 0.806641 0.705078 0.804688 0.703125 0.808594 0.699219
0 0.359375 0.712891 0.357422 0.712891 0.355469 0.714844 0.345703 0.714844 0.339844 0.708984 0.339844 0.699219 0.341797 0.697266 0.343750 0.697266 0.343750 0.695312 0.345703 0.693359 0.355469 0.693359 0.361328 0.699219 0.361328 0.708984 0.359375 0.710938
0 0.478516 0.712891 0.476562 0.712891 0.474609 0.714844 0.464844 0.714844 0.458984 0.708984 0.458984 0.699219 0.460938 0.697266 0.462891 0.697266 0.462891 0.695312 0.464844 0.693359 0.474609 0.693359 0.480469 0.699219 0.480469 0.708984 0.478516 0.710938
0 0.615234 0.712891 0.613281 0.712891 0.611328 0.714844 0.601562 0.714844 0.595703 0.708984 0.595703 0.699219 0.597656 0.697266 0.599609 0.697266 0.599609 0.695312 0.601562 0.693359 0.611328 0.693359 0.617188 0.699219 0.617188 0.708984 0.615234 0.710938
0 0.269531 0.707031 0.267578 0.708984 0.267578 0.710938 0.265625 0.712891 0.259766 0.712891 0.257812 0.710938 0.257812 0.708984 0.255859 0.707031 0.255859 0.705078 0.257812 0.703125 0.257812 0.701172 0.259766 0.699219 0.265625 0.699219 0.267578 0.701172 0.267578 0.703125 0.269531 0.705078
0 0.333984 0.708984 0.332031 0.708984 0.330078 0.710938 0.326172 0.710938 0.324219 0.708984 0.324219 0.703125 0.326172 0.701172 0.330078 0.701172 0.332031 0.703125 0.333984 0.703125
0 0.527344 0.708984 0.525391 0.708984 0.523438 0.710938 0.519531 0.710938 0.517578 0.708984 0.517578 0.703125 0.519531 0.701172 0.523438 0.701172 0.525391 0.703125 0.527344 0.703125
0 0.753906 0.708984 0.751953 0.708984 0.750000 0.710938 0.746094 0.710938 0.744141 0.708984 0.744141 0.703125 0.746094 0.701172 0.750000 0.701172 0.751953 0.703125 0.753906 0.703125
0 0.105469 0.712891 0.103516 0.712891 0.101562 0.714844 0.097656 0.714844 0.095703 0.712891 0.095703 0.707031 0.097656 0.705078 0.101562 0.705078 0.103516 0.707031 0.105469 0.707031
0 0.746094 0.712891 0.744141 0.712891 0.742188 0.714844 0.738281 0.714844 0.736328 0.712891 0.736328 0.707031 0.738281 0.705078 0.742188 0.705078 0.744141 0.707031 0.746094 0.707031
0 0.328125 0.710938 0.328125 0.714844 0.324219 0.714844 0.322266 0.712891 0.326172 0.708984
0 0.363281 0.714844 0.361328 0.714844 0.359375 0.716797 0.355469 0.716797 0.353516 0.714844 0.353516 0.708984 0.355469 0.707031 0.359375 0.707031 0.361328 0.708984 0.363281 0.708984
0 0.412109 0.714844 0.406250 0.720703 0.400391 0.720703 0.394531 0.714844 0.394531 0.708984 0.400391 0.703125 0.406250 0.703125 0.412109 0.708984
0 0.761719 0.714844 0.759766 0.714844 0.757812 0.716797 0.753906 0.716797 0.751953 0.714844 0.751953 0.708984 0.753906 0.707031 0.757812 0.707031 0.759766 0.708984 0.761719 0.708984
0 0.322266 0.712891 0.322266 0.716797 0.318359 0.716797 0.316406 0.714844 0.320312 0.710938
0 0.667969 0.718750 0.666016 0.718750 0.664062 0.720703 0.660156 0.720703 0.658203 0.718750 0.658203 0.712891 0.660156 0.710938 0.664062 0.710938 0.666016 0.712891 0.667969 0.712891
0 0.240234 0.720703 0.238281 0.720703 0.236328 0.722656 0.232422 0.722656 0.230469 0.720703 0.230469 0.714844 0.232422 0.712891 0.236328 0.712891 0.238281 0.714844 0.240234 0.714844
0 0.775391 0.720703 0.769531 0.726562 0.763672 0.726562 0.757812 0.720703 0.757812 0.714844 0.763672 0.708984 0.769531 0.708984 0.775391 0.714844
0 0.634766 0.722656 0.632812 0.722656 0.630859 0.724609 0.626953 0.724609 0.625000 0.722656 0.625000 0.716797 0.626953 0.714844 0.630859 0.714844 0.632812 0.716797 0.634766 0.716797
0 0.111328 0.724609 0.109375 0.724609 0.107422 0.726562 0.103516 0.726562 0.101562 0.724609 0.101562 0.718750 0.103516 0.716797 0.107422 0.716797 0.109375 0.718750 0.111328 0.718750
0 0.347656 0.724609 0.345703 0.724609 0.343750 0.726562 0.339844 0.726562 0.337891 0.724609 0.337891 0.718750 0.339844 0.716797 0.343750 0.716797 0.345703 0.718750 0.347656 0.718750
0 0.500000 0.724609 0.498047 0.724609 0.496094 0.726562 0.492188 0.726562 0.490234 0.724609 0.490234 0.718750 0.492188 0.716797 0.496094 0.716797 0.498047 0.718750 0.500000 0.718750
0 0.570312 0.728516 0.568359 0.728516 0.566406 0.730469 0.562500 0.730469 0.560547 0.728516 0.560547 0.722656 0.562500 0.720703 0.566406 0.720703 0.568359 0.722656 0.570312 0.722656
0 0.683594 0.730469 0.681641 0.730469 0.679688 0.732422 0.675781 0.732422 0.673828 0.730469 0.673828 0.724609 0.675781 0.722656 0.679688 0.722656 0.681641 0.724609 0.683594 0.724609
0 0.802734 0.732422 0.796875 0.738281 0.791016 0.738281 0.785156 0.732422 0.785156 0.726562 0.791016 0.720703 0.796875 0.720703 0.802734 0.726562
0 0.228516 0.732422 0.226562 0.734375 0.226562 0.736328 0.224609 0.738281 0.218750 0.738281 0.216797 0.736328 0.216797 0.734375 0.214844 0.732422 0.214844 0.730469 0.216797 0.728516 0.216797 0.726562 0.218750 0.724609 0.224609 0.724609 0.226562 0.726562 0.226562 0.728516 0.228516 0.730469
0 0.427734 0.732422 0.425781 0.734375 0.425781 0.736328 0.423828 0.738281 0.417969 0.738281 0.416016 0.736328 0.416016 0.734375 0.414062 0.732422 0.414062 0.730469 0.416016 0.728516 0.416016 0.726562 0.417969 0.724609 0.423828 0.724609 0.425781 0.726562 0.425781 0.728516 0.427734 0.730469
0 0.664062 0.734375 0.662109 0.734375 0.660156 0.736328 0.656250 0.736328 0.654297 0.734375 0.654297 0.728516 0.656250 0.726562 0.660156 0.726562 0.662109 0.728516 0.664062 0.728516
0 0.367188 0.736328 0.365234 0.736328 0.363281 0.738281 0.359375 0.738281 0.357422 0.736328 0.357422 0.730469 0.359375 0.728516 0.363281 0.728516 0.365234 0.730469 0.367188 0.730469
0 0.412109 0.736328 0.410156 0.736328 0.408203 0.738281 0.404297 0.738281 0.402344 0.736328 0.402344 0.730469 0.404297 0.728516 0.408203 0.728516 0.410156 0.730469 0.412109 0.730469
0 0.488281 0.732422 0.488281 0.736328 0.484375 0.736328 0.482422 0.734375 0.486328 0.730469
0 0.556641 0.738281 0.554688 0.738281 0.552734 0.740234 0.548828 0.740234 0.546875 0.738281 0.546875 0.732422 0.548828 0.730469 0.552734 0.730469 0.554688 0.732422 0.556641 0.732422
0 0.677734 0.738281 0.675781 0.738281 0.673828 0.740234 0.669922 0.740234 0.667969 0.738281 0.667969 0.732422 0.669922 0.730469 0.673828 0.730469 0.675781 0.732422 0.677734 0.732422
0 0.152344 0.740234 0.150391 0.742188 0.150391 0.744141 0.148438 0.746094 0.142578 0.746094 0.140625 0.744141 0.140625 0.742188 0.138672 0.740234 0.138672 0.738281 0.140625 0.736328 0.140625 0.734375 0.142578 0.732422 0.148438 0.732422 0.150391 0.734375 0.150391 0.736328 0.152344 0.738281
0 0.468750 0.740234 0.466797 0.742188 0.466797 0.744141 0.464844 0.746094 0.458984 0.746094 0.457031 0.744141 0.457031 0.742188 0.455078 0.740234 0.455078 0.738281 0.457031 0.736328 0.457031 0.734375 0.458984 0.732422 0.464844 0.732422 0.466797 0.734375 0.466797 0.736328 0.468750 0.738281
0 0.162109 0.750000 0.160156 0.750000 0.158203 0.751953 0.148438 0.751953 0.142578 0.746094 0.142578 0.736328 0.144531 0.734375 0.146484 0.734375 0.146484 0.732422 0.148438 0.730469 0.158203 0.730469 0.164062 0.736328 0.164062 0.746094 0.162109 0.748047
0 0.355469 0.740234 0.355469 0.744141 0.351562 0.744141 0.349609 0.742188 0.353516 0.738281
0 0.392578 0.742188 0.392578 0.746094 0.388672 0.746094 0.386719 0.744141 0.390625 0.740234
0 0.185547 0.753906 0.183594 0.753906 0.181641 0.755859 0.171875 0.755859 0.166016 0.750000 0.166016 0.740234 0.167969 0.738281 0.169922 0.738281 0.169922 0.736328 0.171875 0.734375 0.181641 0.734375 0.187500 0.740234 0.187500 0.750000 0.185547 0.751953
0 0.812500 0.744141 0.812500 0.748047 0.808594 0.748047 0.806641 0.746094 0.810547 0.742188
0 0.480469 0.751953 0.478516 0.751953 0.476562 0.753906 0.472656 0.753906 0.470703 0.751953 0.470703 0.746094 0.472656 0.744141 0.476562 0.744141 0.478516 0.746094 0.480469 0.746094
0 0.431641 0.753906 0.429688 0.753906 0.427734 0.755859 0.423828 0.755859 0.421875 0.753906 0.421875 0.748047 0.423828 0.746094 0.427734 0.746094 0.429688 0.748047 0.431641 0.748047
0 0.796875 0.753906 0.794922 0.755859 0.794922 0.757812 0.792969 0.759766 0.787109 0.759766 0.785156 0.757812 0.785156 0.755859 0.783203 0.753906 0.783203 0.751953 0.785156 0.750000 0.785156 0.748047 0.787109 0.746094 0.792969 0.746094 0.794922 0.748047 0.794922 0.750000 0.796875 0.751953
0 0.455078 0.757812 0.453125 0.757812 0.451172 0.759766 0.447266 0.759766 0.445312 0.757812 0.445312 0.751953 0.447266 0.750000 0.451172 0.750000 0.453125 0.751953 0.455078 0.751953
0 0.896484 0.753906 0.896484 0.757812 0.892578 0.757812 0.890625 0.755859 0.894531 0.751953
0 0.238281 0.761719 0.236328 0.761719 0.234375 0.763672 0.230469 0.763672 0.228516 0.761719 0.228516 0.755859 0.230469 0.753906 0.234375 0.753906 0.236328 0.755859 0.238281 0.755859
0 0.441406 0.767578 0.439453 0.767578 0.437500 0.769531 0.427734 0.769531 0.421875 0.763672 0.421875 0.753906 0.423828 0.751953 0.425781 0.751953 0.425781 0.750000 0.427734 0.748047 0.437500 0.748047 0.443359 0.753906 0.443359 0.763672 0.441406 0.765625
0 0.882812 0.761719 0.880859 0.761719 0.878906 0.763672 0.875000 0.763672 0.873047 0.761719 0.873047 0.755859 0.875000 0.753906 0.878906 0.753906 0.880859 0.755859 0.882812 0.755859
0 0.476562 0.763672 0.474609 0.763672 0.472656 0.765625 0.468750 0.765625 0.466797 0.763672 0.466797 0.757812 0.468750 0.755859 0.472656 0.755859 0.474609 0.757812 0.476562 0.757812
0 0.306641 0.765625 0.304688 0.765625 0.302734 0.767578 0.298828 0.767578 0.296875 0.765625 0.296875 0.759766 0.298828 0.757812 0.302734 0.757812 0.304688 0.759766 0.306641 0.759766
0 0.355469 0.763672 0.353516 0.765625 0.353516 0.767578 0.351562 0.769531 0.345703 0.769531 0.343750 0.767578 0.343750 0.765625 0.341797 0.763672 0.341797 0.761719 0.343750 0.759766 0.343750 0.757812 0.345703 0.755859 0.351562 0.755859 0.353516 0.757812 0.353516 0.759766 0.355469 0.761719
0 0.716797 0.769531 0.714844 0.769531 0.712891 0.771484 0.708984 0.771484 0.707031 0.769531 0.707031 0.763672 0.708984 0.761719 0.712891 0.761719 0.714844 0.763672 0.716797 0.763672
0 0.724609 0.765625 0.724609 0.769531 0.720703 0.769531 0.718750 0.767578 0.722656 0.763672
0 0.900391 0.769531 0.898438 0.769531 0.896484 0.771484 0.892578 0.771484 0.890625 0.769531 0.890625 0.763672 0.892578 0.761719 0.896484 0.761719 0.898438 0.763672 0.900391 0.763672
0 0.732422 0.771484 0.730469 0.771484 0.728516 0.773438 0.724609 0.773438 0.722656 0.771484 0.722656 0.765625 0.724609 0.763672 0.728516 0.763672 0.730469 0.765625 0.732422 0.765625
0 0.927734 0.773438 0.925781 0.773438 0.923828 0.775391 0.919922 0.775391 0.917969 0.773438 0.917969 0.767578 0.919922 0.765625 0.923828 0.765625 0.925781 0.767578 0.927734 0.767578
0 0.255859 0.773438 0.253906 0.775391 0.253906 0.777344 0.251953 0.779297 0.246094 0.779297 0.244141 0.777344 0.244141 0.775391 0.242188 0.773438 0.242188 0.771484 0.244141 0.769531 0.244141 0.767578 0.246094 0.765625 0.251953 0.765625 0.253906 0.767578 0.253906 0.769531 0.255859 0.771484
0 0.599609 0.775391 0.597656 0.775391 0.595703 0.777344 0.591797 0.777344 0.589844 0.775391 0.589844 0.769531 0.591797 0.767578 0.595703 0.767578 0.597656 0.769531 0.599609 0.769531
0 0.712891 0.775391 0.710938 0.775391 0.708984 0.777344 0.705078 0.777344 0.703125 0.775391 0.703125 0.769531 0.705078 0.767578 0.708984 0.767578 0.710938 0.769531 0.712891 0.769531
0 0.931641 0.775391 0.931641 0.779297 0.927734 0.779297 0.925781 0.777344 0.929688 0.773438
0 0.980469 0.779297 0.978516 0.779297 0.976562 0.781250 0.972656 0.781250 0.970703 0.779297 0.970703 0.773438 0.972656 0.771484 0.976562 0.771484 0.978516 0.773438 0.980469 0.773438
0 0.273438 0.781250 0.271484 0.781250 0.269531 0.783203 0.265625 0.783203 0.263672 0.781250 0.263672 0.775391 0.265625 0.773438 0.269531 0.773438 0.271484 0.775391 0.273438 0.775391
0 0.712891 0.783203 0.710938 0.783203 0.708984 0.785156 0.705078 0.785156 0.703125 0.783203 0.703125 0.777344 0.705078 0.775391 0.708984 0.775391 0.710938 0.777344 0.712891 0.777344
0 0.443359 0.785156 0.441406 0.785156 0.439453 0.787109 0.435547 0.787109 0.433594 0.785156 0.433594 0.779297 0.435547 0.777344 0.439453 0.777344 0.441406 0.779297 0.443359 0.779297
0 0.892578 0.791016 0.890625 0.791016 0.888672 0.792969 0.878906 0.792969 0.873047 0.787109 0.873047 0.777344 0.875000 0.775391 0.876953 0.775391 0.876953 0.773438 0.878906 0.771484 0.888672 0.771484 0.894531 0.777344 0.894531 0.787109 0.892578 0.789062
0 0.941406 0.783203 0.939453 0.785156 0.939453 0.787109 0.937500 0.789062 0.931641 0.789062 0.929688 0.787109 0.929688 0.785156 0.927734 0.783203 0.927734 0.781250 0.929688 0.779297 0.929688 0.777344 0.931641 0.775391 0.937500 0.775391 0.939453 0.777344 0.939453 0.779297 0.941406 0.781250
0 0.416016 0.787109 0.414062 0.787109 0.412109 0.789062 0.408203 0.789062 0.406250 0.787109 0.406250 0.781250 0.408203 0.779297 0.412109 0.779297 0.414062 0.781250 0.416016 0.781250
0 0.732422 0.789062 0.730469 0.789062 0.728516 0.791016 0.724609 0.791016 0.722656 0.789062 0.722656 0.783203 0.724609 0.781250 0.728516 0.781250 0.730469 0.783203 0.732422 0.783203
0 0.925781 0.785156 0.925781 0.789062 0.921875 0.789062 0.919922 0.787109 0.923828 0.783203
0 0.998047 0.791016 0.994141 0.791016 0.992188 0.789062 0.992188 0.783203 0.994141 0.781250 0.998047 0.781250
0 0.386719 0.796875 0.384766 0.796875 0.382812 0.798828 0.373047 0.798828 0.367188 0.792969 0.367188 0.783203 0.369141 0.781250 0.371094 0.781250 0.371094 0.779297 0.373047 0.777344 0.382812 0.777344 0.388672 0.783203 0.388672 0.792969 0.386719 0.794922
0 0.720703 0.791016 0.718750 0.791016 0.716797 0.792969 0.712891 0.792969 0.710938 0.791016 0.710938 0.785156 0.712891 0.783203 0.716797 0.783203 0.718750 0.785156 0.720703 0.785156
0 0.744141 0.789062 0.744141 0.792969 0.740234 0.792969 0.738281 0.791016 0.742188 0.787109
0 0.261719 0.792969 0.259766 0.794922 0.259766 0.796875 0.257812 0.798828 0.251953 0.798828 0.250000 0.796875 0.250000 0.794922 0.248047 0.792969 0.248047 0.791016 0.250000 0.789062 0.250000 0.787109 0.251953 0.785156 0.257812 0.785156 0.259766 0.787109 0.259766 0.789062 0.261719 0.791016
0 0.593750 0.794922 0.587891 0.800781 0.582031 0.800781 0.576172 0.794922 0.576172 0.789062 0.582031 0.783203 0.587891 0.783203 0.593750 0.789062
0 0.388672 0.794922 0.386719 0.796875 0.386719 0.798828 0.384766 0.800781 0.378906 0.800781 0.376953 0.798828 0.376953 0.796875 0.375000 0.794922 0.375000 0.792969 0.376953 0.791016 0.376953 0.789062 0.378906 0.787109 0.384766 0.787109 0.386719 0.789062 0.386719 0.791016 0.388672 0.792969
0 0.763672 0.802734 0.761719 0.802734 0.759766 0.804688 0.750000 0.804688 0.744141 0.798828 0.744141 0.789062 0.746094 0.787109 0.748047 0.787109 0.748047 0.785156 0.750000 0.783203 0.759766 0.783203 0.765625 0.789062 0.765625 0.798828 0.763672 0.800781
0 0.792969 0.794922 0.791016 0.796875 0.791016 0.798828 0.789062 0.800781 0.783203 0.800781 0.781250 0.798828 0.781250 0.796875 0.779297 0.794922 0.779297 0.792969 0.781250 0.791016 0.781250 0.789062 0.783203 0.787109 0.789062 0.787109 0.791016 0.789062 0.791016 0.791016 0.792969 0.792969
0 0.767578 0.794922 0.767578 0.798828 0.763672 0.798828 0.761719 0.796875 0.765625 0.792969
0 0.810547 0.798828 0.808594 0.798828 0.806641 0.800781 0.802734 0.800781 0.800781 0.798828 0.800781 0.792969 0.802734 0.791016 0.806641 0.791016 0.808594 0.792969 0.810547 0.792969
0 0.738281 0.796875 0.738281 0.800781 0.734375 0.800781 0.732422 0.798828 0.736328 0.794922
0 0.890625 0.800781 0.888672 0.802734 0.888672 0.804688 0.886719 0.806641 0.880859 0.806641 0.878906 0.804688 0.878906 0.802734 0.876953 0.800781 0.876953 0.798828 0.878906 0.796875 0.878906 0.794922 0.880859 0.792969 0.886719 0.792969 0.888672 0.794922 0.888672 0.796875 0.890625 0.798828
0 0.988281 0.802734 0.986328 0.802734 0.984375 0.804688 0.980469 0.804688 0.978516 0.802734 0.978516 0.796875 0.980469 0.794922 0.984375 0.794922 0.986328 0.796875 0.988281 0.796875
0 0.597656 0.804688 0.595703 0.804688 0.593750 0.806641 0.589844 0.806641 0.587891 0.804688 0.587891 0.798828 0.589844 0.796875 0.593750 0.796875 0.595703 0.798828 0.597656 0.798828
0 0.707031 0.806641 0.705078 0.806641 0.703125 0.808594 0.699219 0.808594 0.697266 0.806641 0.697266 0.800781 0.699219 0.798828 0.703125 0.798828 0.705078 0.800781 0.707031 0.800781
0 0.423828 0.808594 0.421875 0.808594 0.419922 0.810547 0.416016 0.810547 0.414062 0.808594 0.414062 0.802734 0.416016 0.800781 0.419922 0.800781 0.421875 0.802734 0.423828 0.802734
0 0.306641 0.808594 0.304688 0.810547 0.304688 0.812500 0.302734 0.814453 0.296875 0.814453 0.294922 0.812500 0.294922 0.810547 0.292969 0.808594 0.292969 0.806641 0.294922 0.804688 0.294922 0.802734 0.296875 0.800781 0.302734 0.800781 0.304688 0.802734 0.304688 0.804688 0.306641 0.806641
0 0.833984 0.806641 0.833984 0.810547 0.830078 0.810547 0.828125 0.808594 0.832031 0.804688
0 0.230469 0.818359 0.228516 0.818359 0.226562 0.820312 0.216797 0.820312 0.210938 0.814453 0.210938 0.804688 0.212891 0.802734 0.214844 0.802734 0.214844 0.800781 0.216797 0.798828 0.226562 0.798828 0.232422 0.804688 0.232422 0.814453 0.230469 0.816406
0 0.687500 0.814453 0.685547 0.814453 0.683594 0.816406 0.679688 0.816406 0.677734 0.814453 0.677734 0.808594 0.679688 0.806641 0.683594 0.806641 0.685547 0.808594 0.687500 0.808594
0 0.873047 0.816406 0.871094 0.816406 0.869141 0.818359 0.865234 0.818359 0.863281 0.816406 0.863281 0.810547 0.865234 0.808594 0.869141 0.808594 0.871094 0.810547 0.873047 0.810547
0 0.785156 0.816406 0.783203 0.818359 0.783203 0.820312 0.781250 0.822266 0.775391 0.822266 0.773438 0.820312 0.773438 0.818359 0.771484 0.816406 0.771484 0.814453 0.773438 0.812500 0.773438 0.810547 0.775391 0.808594 0.781250 0.808594 0.783203 0.810547 0.783203 0.812500 0.785156 0.814453
0 0.818359 0.818359 0.816406 0.820312 0.816406 0.822266 0.814453 0.824219 0.808594 0.824219 0.806641 0.822266 0.806641 0.820312 0.804688 0.818359 0.804688 0.816406 0.806641 0.814453 0.806641 0.812500 0.808594 0.810547 0.814453 0.810547 0.816406 0.812500 0.816406 0.814453 0.818359 0.816406
0 0.585938 0.822266 0.583984 0.822266 0.582031 0.824219 0.578125 0.824219 0.576172 0.822266 0.576172 0.816406 0.578125 0.814453 0.582031 0.814453 0.583984 0.816406 0.585938 0.816406
0 0.859375 0.822266 0.857422 0.822266 0.855469 0.824219 0.851562 0.824219 0.849609 0.822266 0.849609 0.816406 0.851562 0.814453 0.855469 0.814453 0.857422 0.816406 0.859375 0.816406
0 0.878906 0.822266 0.876953 0.822266 0.875000 0.824219 0.871094 0.824219 0.869141 0.822266 0.869141 0.816406 0.871094 0.814453 0.875000 0.814453 0.876953 0.816406 0.878906 0.816406
0 0.341797 0.830078 0.339844 0.830078 0.337891 0.832031 0.328125 0.832031 0.322266 0.826172 0.322266 0.816406 0.324219 0.814453 0.326172 0.814453 0.326172 0.812500 0.328125 0.810547 0.337891 0.810547 0.343750 0.816406 0.343750 0.826172 0.341797 0.828125
0 0.960938 0.824219 0.958984 0.824219 0.957031 0.826172 0.953125 0.826172 0.951172 0.824219 0.951172 0.818359 0.953125 0.816406 0.957031 0.816406 0.958984 0.818359 0.960938 0.818359
0 0.269531 0.824219 0.267578 0.826172 0.267578 0.828125 0.265625 0.830078 0.259766 0.830078 0.257812 0.828125 0.257812 0.826172 0.255859 0.824219 0.255859 0.822266 0.257812 0.820312 0.257812 0.818359 0.259766 0.816406 0.265625 0.816406 0.267578 0.818359 0.267578 0.820312 0.269531 0.822266
0 0.697266 0.826172 0.695312 0.826172 0.693359 0.828125 0.689453 0.828125 0.687500 0.826172 0.687500 0.820312 0.689453 0.818359 0.693359 0.818359 0.695312 0.820312 0.697266 0.820312
0 0.808594 0.828125 0.806641 0.828125 0.804688 0.830078 0.800781 0.830078 0.798828 0.828125 0.798828 0.822266 0.800781 0.820312 0.804688 0.820312 0.806641 0.822266 0.808594 0.822266
0 0.664062 0.830078 0.662109 0.830078 0.660156 0.832031 0.656250 0.832031 0.654297 0.830078 0.654297 0.824219 0.656250 0.822266 0.660156 0.822266 0.662109 0.824219 0.664062 0.824219
0 0.878906 0.832031 0.876953 0.832031 0.875000 0.833984 0.871094 0.833984 0.869141 0.832031 0.869141 0.826172 0.871094 0.824219 0.875000 0.824219 0.876953 0.826172 0.878906 0.826172
0 0.216797 0.837891 0.214844 0.837891 0.212891 0.839844 0.208984 0.839844 0.207031 0.837891 0.207031 0.832031 0.208984 0.830078 0.212891 0.830078 0.214844 0.832031 0.216797 0.832031
0 0.671875 0.833984 0.671875 0.837891 0.667969 0.837891 0.666016 0.835938 0.669922 0.832031
0 0.970703 0.837891 0.968750 0.837891 0.966797 0.839844 0.962891 0.839844 0.960938 0.837891 0.960938 0.832031 0.962891 0.830078 0.966797 0.830078 0.968750 0.832031 0.970703 0.832031
0 0.562500 0.839844 0.560547 0.839844 0.558594 0.841797 0.554688 0.841797 0.552734 0.839844 0.552734 0.833984 0.554688 0.832031 0.558594 0.832031 0.560547 0.833984 0.562500 0.833984
0 0.658203 0.839844 0.656250 0.839844 0.654297 0.841797 0.650391 0.841797 0.648438 0.839844 0.648438 0.833984 0.650391 0.832031 0.654297 0.832031 0.656250 0.833984 0.658203 0.833984
0 0.865234 0.839844 0.863281 0.839844 0.861328 0.841797 0.857422 0.841797 0.855469 0.839844 0.855469 0.833984 0.857422 0.832031 0.861328 0.832031 0.863281 0.833984 0.865234 0.833984
0 0.294922 0.847656 0.292969 0.847656 0.291016 0.849609 0.281250 0.849609 0.275391 0.843750 0.275391 0.833984 0.277344 0.832031 0.279297 0.832031 0.279297 0.830078 0.281250 0.828125 0.291016 0.828125 0.296875 0.833984 0.296875 0.843750 0.294922 0.845703
0 0.572266 0.843750 0.570312 0.843750 0.568359 0.845703 0.564453 0.845703 0.562500 0.843750 0.562500 0.837891 0.564453 0.835938 0.568359 0.835938 0.570312 0.837891 0.572266 0.837891
0 0.947266 0.843750 0.945312 0.845703 0.945312 0.847656 0.943359 0.849609 0.937500 0.849609 0.935547 0.847656 0.935547 0.845703 0.933594 0.843750 0.933594 0.841797 0.935547 0.839844 0.935547 0.837891 0.937500 0.835938 0.943359 0.835938 0.945312 0.837891 0.945312 0.839844 0.947266 0.841797
0 0.416016 0.847656 0.414062 0.847656 0.412109 0.849609 0.408203 0.849609 0.406250 0.847656 0.406250 0.841797 0.408203 0.839844 0.412109 0.839844 0.414062 0.841797 0.416016 0.841797
0 0.666016 0.843750 0.666016 0.847656 0.662109 0.847656 0.660156 0.845703 0.664062 0.841797
0 0.367188 0.857422 0.365234 0.857422 0.363281 0.859375 0.353516 0.859375 0.347656 0.853516 0.347656 0.843750 0.349609 0.841797 0.351562 0.841797 0.351562 0.839844 0.353516 0.837891 0.363281 0.837891 0.369141 0.843750 0.369141 0.853516 0.367188 0.855469
0 0.421875 0.853516 0.416016 0.859375 0.410156 0.859375 0.404297 0.853516 0.404297 0.847656 0.410156 0.841797 0.416016 0.841797 0.421875 0.847656
0 0.964844 0.851562 0.962891 0.853516 0.962891 0.855469 0.960938 0.857422 0.955078 0.857422 0.953125 0.855469 0.953125 0.853516 0.951172 0.851562 0.951172 0.849609 0.953125 0.847656 0.953125 0.845703 0.955078 0.843750 0.960938 0.843750 0.962891 0.845703 0.962891 0.847656 0.964844 0.849609
0 0.533203 0.855469 0.531250 0.855469 0.529297 0.857422 0.525391 0.857422 0.523438 0.855469 0.523438 0.849609 0.525391 0.847656 0.529297 0.847656 0.531250 0.849609 0.533203 0.849609
0 0.875000 0.855469 0.873047 0.855469 0.871094 0.857422 0.867188 0.857422 0.865234 0.855469 0.865234 0.849609 0.867188 0.847656 0.871094 0.847656 0.873047 0.849609 0.875000 0.849609
0 0.238281 0.863281 0.236328 0.863281 0.234375 0.865234 0.224609 0.865234 0.218750 0.859375 0.218750 0.849609 0.220703 0.847656 0.222656 0.847656 0.222656 0.845703 0.224609 0.843750 0.234375 0.843750 0.240234 0.849609 0.240234 0.859375 0.238281 0.861328
0 0.320312 0.857422 0.318359 0.857422 0.316406 0.859375 0.312500 0.859375 0.310547 0.857422 0.310547 0.851562 0.312500 0.849609 0.316406 0.849609 0.318359 0.851562 0.320312 0.851562
0 0.521484 0.857422 0.519531 0.857422 0.517578 0.859375 0.513672 0.859375 0.511719 0.857422 0.511719 0.851562 0.513672 0.849609 0.517578 0.849609 0.519531 0.851562 0.521484 0.851562
0 0.550781 0.863281 0.548828 0.863281 0.546875 0.865234 0.537109 0.865234 0.531250 0.859375 0.531250 0.849609 0.533203 0.847656 0.535156 0.847656 0.535156 0.845703 0.537109 0.843750 0.546875 0.843750 0.552734 0.849609 0.552734 0.859375 0.550781 0.861328
0 0.558594 0.857422 0.556641 0.857422 0.554688 0.859375 0.550781 0.859375 0.548828 0.857422 0.548828 0.851562 0.550781 0.849609 0.554688 0.849609 0.556641 0.851562 0.558594 0.851562
0 0.464844 0.861328 0.462891 0.861328 0.460938 0.863281 0.457031 0.863281 0.455078 0.861328 0.455078 0.855469 0.457031 0.853516 0.460938 0.853516 0.462891 0.855469 0.464844 0.855469
0 0.505859 0.859375 0.505859 0.863281 0.501953 0.863281 0.500000 0.861328 0.503906 0.857422
0 0.783203 0.859375 0.783203 0.863281 0.779297 0.863281 0.777344 0.861328 0.781250 0.857422
0 0.832031 0.863281 0.830078 0.863281 0.828125 0.865234 0.824219 0.865234 0.822266 0.863281 0.822266 0.857422 0.824219 0.855469 0.828125 0.855469 0.830078 0.857422 0.832031 0.857422
0 0.521484 0.867188 0.519531 0.867188 0.517578 0.869141 0.513672 0.869141 0.511719 0.867188 0.511719 0.861328 0.513672 0.859375 0.517578 0.859375 0.519531 0.861328 0.521484 0.861328
0 0.773438 0.863281 0.773438 0.867188 0.769531 0.867188 0.767578 0.865234 0.771484 0.861328
0 0.478516 0.869141 0.476562 0.869141 0.474609 0.871094 0.470703 0.871094 0.468750 0.869141 0.468750 0.863281 0.470703 0.861328 0.474609 0.861328 0.476562 0.863281 0.478516 0.863281
0 0.458984 0.871094 0.457031 0.871094 0.455078 0.873047 0.451172 0.873047 0.449219 0.871094 0.449219 0.865234 0.451172 0.863281 0.455078 0.863281 0.457031 0.865234 0.458984 0.865234
0 0.242188 0.873047 0.240234 0.873047 0.238281 0.875000 0.234375 0.875000 0.232422 0.873047 0.232422 0.867188 0.234375 0.865234 0.238281 0.865234 0.240234 0.867188 0.242188 0.867188
0 0.785156 0.869141 0.785156 0.873047 0.781250 0.873047 0.779297 0.871094 0.783203 0.867188
0 0.812500 0.873047 0.810547 0.873047 0.808594 0.875000 0.804688 0.875000 0.802734 0.873047 0.802734 0.867188 0.804688 0.865234 0.808594 0.865234 0.810547 0.867188 0.812500 0.867188
0 0.359375 0.873047 0.357422 0.875000 0.357422 0.876953 0.355469 0.878906 0.349609 0.878906 0.347656 0.876953 0.347656 0.875000 0.345703 0.873047 0.345703 0.871094 0.347656 0.869141 0.347656 0.867188 0.349609 0.865234 0.355469 0.865234 0.357422 0.867188 0.357422 0.869141 0.359375 0.871094
0 0.363281 0.875000 0.361328 0.875000 0.359375 0.876953 0.355469 0.876953 0.353516 0.875000 0.353516 0.869141 0.355469 0.867188 0.359375 0.867188 0.361328 0.869141 0.363281 0.869141
0 0.378906 0.875000 0.376953 0.875000 0.375000 0.876953 0.371094 0.876953 0.369141 0.875000 0.369141 0.869141 0.371094 0.867188 0.375000 0.867188 0.376953 0.869141 0.378906 0.869141
0 0.402344 0.875000 0.400391 0.875000 0.398438 0.876953 0.394531 0.876953 0.392578 0.875000 0.392578 0.869141 0.394531 0.867188 0.398438 0.867188 0.400391 0.869141 0.402344 0.869141
0 0.712891 0.875000 0.710938 0.875000 0.708984 0.876953 0.705078 0.876953 0.703125 0.875000 0.703125 0.869141 0.705078 0.867188 0.708984 0.867188 0.710938 0.869141 0.712891 0.869141
0 0.779297 0.871094 0.779297 0.875000 0.775391 0.875000 0.773438 0.873047 0.777344 0.869141
0 0.466797 0.878906 0.464844 0.878906 0.462891 0.880859 0.458984 0.880859 0.457031 0.878906 0.457031 0.873047 0.458984 0.871094 0.462891 0.871094 0.464844 0.873047 0.466797 0.873047
0 0.337891 0.882812 0.332031 0.888672 0.326172 0.888672 0.320312 0.882812 0.320312 0.876953 0.326172 0.871094 0.332031 0.871094 0.337891 0.876953
0 0.707031 0.878906 0.707031 0.882812 0.703125 0.882812 0.701172 0.880859 0.705078 0.876953
0 0.720703 0.878906 0.720703 0.882812 0.716797 0.882812 0.714844 0.880859 0.718750 0.876953
0 0.818359 0.884766 0.812500 0.890625 0.806641 0.890625 0.800781 0.884766 0.800781 0.878906 0.806641 0.873047 0.812500 0.873047 0.818359 0.878906
0 0.394531 0.882812 0.394531 0.886719 0.390625 0.886719 0.388672 0.884766 0.392578 0.880859
0 0.244141 0.896484 0.242188 0.896484 0.240234 0.898438 0.230469 0.898438 0.224609 0.892578 0.224609 0.882812 0.226562 0.880859 0.228516 0.880859 0.228516 0.878906 0.230469 0.876953 0.240234 0.876953 0.246094 0.882812 0.246094 0.892578 0.244141 0.894531
0 0.291016 0.892578 0.285156 0.898438 0.279297 0.898438 0.273438 0.892578 0.273438 0.886719 0.279297 0.880859 0.285156 0.880859 0.291016 0.886719
0 0.525391 0.894531 0.523438 0.894531 0.521484 0.896484 0.517578 0.896484 0.515625 0.894531 0.515625 0.888672 0.517578 0.886719 0.521484 0.886719 0.523438 0.888672 0.525391 0.888672
0 0.544922 0.894531 0.542969 0.894531 0.541016 0.896484 0.537109 0.896484 0.535156 0.894531 0.535156 0.888672 0.537109 0.886719 0.541016 0.886719 0.542969 0.888672 0.544922 0.888672
0 0.847656 0.894531 0.845703 0.894531 0.843750 0.896484 0.839844 0.896484 0.837891 0.894531 0.837891 0.888672 0.839844 0.886719 0.843750 0.886719 0.845703 0.888672 0.847656 0.888672
0 0.712891 0.894531 0.710938 0.896484 0.710938 0.898438 0.708984 0.900391 0.703125 0.900391 0.701172 0.898438 0.701172 0.896484 0.699219 0.894531 0.699219 0.892578 0.701172 0.890625 0.701172 0.888672 0.703125 0.886719 0.708984 0.886719 0.710938 0.888672 0.710938 0.890625 0.712891 0.892578
0 0.347656 0.896484 0.347656 0.900391 0.343750 0.900391 0.341797 0.898438 0.345703 0.894531
0 0.519531 0.902344 0.517578 0.902344 0.515625 0.904297 0.511719 0.904297 0.509766 0.902344 0.509766 0.896484 0.511719 0.894531 0.515625 0.894531 0.517578 0.896484 0.519531 0.896484
0 0.304688 0.902344 0.302734 0.904297 0.302734 0.906250 0.300781 0.908203 0.294922 0.908203 0.292969 0.906250 0.292969 0.904297 0.291016 0.902344 0.291016 0.900391 0.292969 0.898438 0.292969 0.896484 0.294922 0.894531 0.300781 0.894531 0.302734 0.896484 0.302734 0.898438 0.304688 0.900391
0 0.552734 0.902344 0.550781 0.904297 0.550781 0.906250 0.548828 0.908203 0.542969 0.908203 0.541016 0.906250 0.541016 0.904297 0.539062 0.902344 0.539062 0.900391 0.541016 0.898438 0.541016 0.896484 0.542969 0.894531 0.548828 0.894531 0.550781 0.896484 0.550781 0.898438 0.552734 0.900391
0 0.851562 0.902344 0.851562 0.906250 0.847656 0.906250 0.845703 0.904297 0.849609 0.900391
0 0.798828 0.906250 0.796875 0.908203 0.796875 0.910156 0.794922 0.912109 0.789062 0.912109 0.787109 0.910156 0.787109 0.908203 0.785156 0.906250 0.785156 0.904297 0.787109 0.902344 0.787109 0.900391 0.789062 0.898438 0.794922 0.898438 0.796875 0.900391 0.796875 0.902344 0.798828 0.904297
0 0.402344 0.906250 0.402344 0.910156 0.398438 0.910156 0.396484 0.908203 0.400391 0.904297
0 0.951172 0.912109 0.949219 0.912109 0.947266 0.914062 0.943359 0.914062 0.941406 0.912109 0.941406 0.906250 0.943359 0.904297 0.947266 0.904297 0.949219 0.906250 0.951172 0.906250
0 0.242188 0.912109 0.240234 0.914062 0.240234 0.916016 0.238281 0.917969 0.232422 0.917969 0.230469 0.916016 0.230469 0.914062 0.228516 0.912109 0.228516 0.910156 0.230469 0.908203 0.230469 0.906250 0.232422 0.904297 0.238281 0.904297 0.240234 0.906250 0.240234 0.908203 0.242188 0.910156
0 0.337891 0.912109 0.335938 0.914062 0.335938 0.916016 0.333984 0.917969 0.328125 0.917969 0.326172 0.916016 0.326172 0.914062 0.324219 0.912109 0.324219 0.910156 0.326172 0.908203 0.326172 0.906250 0.328125 0.904297 0.333984 0.904297 0.335938 0.906250 0.335938 0.908203 0.337891 0.910156
0 0.699219 0.910156 0.699219 0.914062 0.695312 0.914062 0.693359 0.912109 0.697266 0.908203
0 0.402344 0.912109 0.402344 0.916016 0.398438 0.916016 0.396484 0.914062 0.400391 0.910156
0 0.773438 0.916016 0.771484 0.916016 0.769531 0.917969 0.765625 0.917969 0.763672 0.916016 0.763672 0.910156 0.765625 0.908203 0.769531 0.908203 0.771484 0.910156 0.773438 0.910156
0 0.812500 0.914062 0.810547 0.916016 0.810547 0.917969 0.808594 0.919922 0.802734 0.919922 0.800781 0.917969 0.800781 0.916016 0.798828 0.914062 0.798828 0.912109 0.800781 0.910156 0.800781 0.908203 0.802734 0.906250 0.808594 0.906250 0.810547 0.908203 0.810547 0.910156 0.812500 0.912109
0 0.386719 0.916016 0.384766 0.917969 0.384766 0.919922 0.382812 0.921875 0.376953 0.921875 0.375000 0.919922 0.375000 0.917969 0.373047 0.916016 0.373047 0.914062 0.375000 0.912109 0.375000 0.910156 0.376953 0.908203 0.382812 0.908203 0.384766 0.910156 0.384766 0.912109 0.386719 0.914062
0 0.707031 0.917969 0.705078 0.917969 0.703125 0.919922 0.699219 0.919922 0.697266 0.917969 0.697266 0.912109 0.699219 0.910156 0.703125 0.910156 0.705078 0.912109 0.707031 0.912109
0 0.597656 0.919922 0.595703 0.919922 0.593750 0.921875 0.589844 0.921875 0.587891 0.919922 0.587891 0.914062 0.589844 0.912109 0.593750 0.912109 0.595703 0.914062 0.597656 0.914062
0 0.333984 0.923828 0.332031 0.923828 0.330078 0.925781 0.326172 0.925781 0.324219 0.923828 0.324219 0.917969 0.326172 0.916016 0.330078 0.916016 0.332031 0.917969 0.333984 0.917969
0 0.515625 0.923828 0.513672 0.923828 0.511719 0.925781 0.507812 0.925781 0.505859 0.923828 0.505859 0.917969 0.507812 0.916016 0.511719 0.916016 0.513672 0.917969 0.515625 0.917969
0 0.935547 0.921875 0.933594 0.923828 0.933594 0.925781 0.931641 0.927734 0.925781 0.927734 0.923828 0.925781 0.923828 0.923828 0.921875 0.921875 0.921875 0.919922 0.923828 0.917969 0.923828 0.916016 0.925781 0.914062 0.931641 0.914062 0.933594 0.916016 0.933594 0.917969 0.935547 0.919922
0 0.371094 0.923828 0.371094 0.927734 0.367188 0.927734 0.365234 0.925781 0.369141 0.921875
0 0.542969 0.927734 0.541016 0.927734 0.539062 0.929688 0.535156 0.929688 0.533203 0.927734 0.533203 0.921875 0.535156 0.919922 0.539062 0.919922 0.541016 0.921875 0.542969 0.921875
0 0.921875 0.925781 0.919922 0.927734 0.919922 0.929688 0.917969 0.931641 0.912109 0.931641 0.910156 0.929688 0.910156 0.927734 0.908203 0.925781 0.908203 0.923828 0.910156 0.921875 0.910156 0.919922 0.912109 0.917969 0.917969 0.917969 0.919922 0.919922 0.919922 0.921875 0.921875 0.923828
0 0.591797 0.929688 0.589844 0.929688 0.587891 0.931641 0.583984 0.931641 0.582031 0.929688 0.582031 0.923828 0.583984 0.921875 0.587891 0.921875 0.589844 0.923828 0.591797 0.923828
0 0.402344 0.931641 0.400391 0.933594 0.400391 0.935547 0.398438 0.937500 0.392578 0.937500 0.390625 0.935547 0.390625 0.933594 0.388672 0.931641 0.388672 0.929688 0.390625 0.927734 0.390625 0.925781 0.392578 0.923828 0.398438 0.923828 0.400391 0.925781 0.400391 0.927734 0.402344 0.929688
0 0.726562 0.935547 0.724609 0.935547 0.722656 0.937500 0.718750 0.937500 0.716797 0.935547 0.716797 0.929688 0.718750 0.927734 0.722656 0.927734 0.724609 0.929688 0.726562 0.929688
0 0.806641 0.933594 0.804688 0.935547 0.804688 0.937500 0.802734 0.939453 0.796875 0.939453 0.794922 0.937500 0.794922 0.935547 0.792969 0.933594 0.792969 0.931641 0.794922 0.929688 0.794922 0.927734 0.796875 0.925781 0.802734 0.925781 0.804688 0.927734 0.804688 0.929688 0.806641 0.931641
0 0.234375 0.943359 0.232422 0.943359 0.230469 0.945312 0.220703 0.945312 0.214844 0.939453 0.214844 0.929688 0.216797 0.927734 0.218750 0.927734 0.218750 0.925781 0.220703 0.923828 0.230469 0.923828 0.236328 0.929688 0.236328 0.939453 0.234375 0.941406
0 0.601562 0.933594 0.601562 0.937500 0.597656 0.937500 0.595703 0.935547 0.599609 0.931641
0 0.527344 0.939453 0.525391 0.939453 0.523438 0.941406 0.519531 0.941406 0.517578 0.939453 0.517578 0.933594 0.519531 0.931641 0.523438 0.931641 0.525391 0.933594 0.527344 0.933594
0 0.376953 0.943359 0.375000 0.943359 0.373047 0.945312 0.369141 0.945312 0.367188 0.943359 0.367188 0.937500 0.369141 0.935547 0.373047 0.935547 0.375000 0.937500 0.376953 0.937500
0 0.714844 0.945312 0.712891 0.945312 0.710938 0.947266 0.707031 0.947266 0.705078 0.945312 0.705078 0.939453 0.707031 0.937500 0.710938 0.937500 0.712891 0.939453 0.714844 0.939453
0 0.828125 0.945312 0.822266 0.951172 0.816406 0.951172 0.810547 0.945312 0.810547 0.939453 0.816406 0.933594 0.822266 0.933594 0.828125 0.939453
0 0.742188 0.947266 0.740234 0.947266 0.738281 0.949219 0.734375 0.949219 0.732422 0.947266 0.732422 0.941406 0.734375 0.939453 0.738281 0.939453 0.740234 0.941406 0.742188 0.941406
0 0.226562 0.949219 0.224609 0.949219 0.222656 0.951172 0.218750 0.951172 0.216797 0.949219 0.216797 0.943359 0.218750 0.941406 0.222656 0.941406 0.224609 0.943359 0.226562 0.943359
0 0.330078 0.949219 0.324219 0.955078 0.318359 0.955078 0.312500 0.949219 0.312500 0.943359 0.318359 0.937500 0.324219 0.937500 0.330078 0.943359
0 0.390625 0.953125 0.388672 0.955078 0.388672 0.957031 0.386719 0.958984 0.380859 0.958984 0.378906 0.957031 0.378906 0.955078 0.376953 0.953125 0.376953 0.951172 0.378906 0.949219 0.378906 0.947266 0.380859 0.945312 0.386719 0.945312 0.388672 0.947266 0.388672 0.949219 0.390625 0.951172
0 0.921875 0.955078 0.919922 0.957031 0.919922 0.958984 0.917969 0.960938 0.912109 0.960938 0.910156 0.958984 0.910156 0.957031 0.908203 0.955078 0.908203 0.953125 0.910156 0.951172 0.910156 0.949219 0.912109 0.947266 0.917969 0.947266 0.919922 0.949219 0.919922 0.951172 0.921875 0.953125
0 0.945312 0.958984 0.943359 0.960938 0.943359 0.962891 0.941406 0.964844 0.935547 0.964844 0.933594 0.962891 0.933594 0.960938 0.931641 0.958984 0.931641 0.957031 0.933594 0.955078 0.933594 0.953125 0.935547 0.951172 0.941406 0.951172 0.943359 0.953125 0.943359 0.955078 0.945312 0.957031
0 0.798828 0.962891 0.792969 0.968750 0.787109 0.968750 0.781250 0.962891 0.781250 0.957031 0.787109 0.951172 0.792969 0.951172 0.798828 0.957031
0 0.964844 0.962891 0.962891 0.962891 0.960938 0.964844 0.957031 0.964844 0.955078 0.962891 0.955078 0.957031 0.957031 0.955078 0.960938 0.955078 0.962891 0.957031 0.964844 0.957031
0 0.406250 0.966797 0.404297 0.966797 0.402344 0.968750 0.398438 0.968750 0.396484 0.966797 0.396484 0.960938 0.398438 0.958984 0.402344 0.958984 0.404297 0.960938 0.406250 0.960938
0 0.490234 0.962891 0.490234 0.966797 0.486328 0.966797 0.484375 0.964844 0.488281 0.960938
0 0.712891 0.966797 0.710938 0.966797 0.708984 0.968750 0.705078 0.968750 0.703125 0.966797 0.703125 0.960938 0.705078 0.958984 0.708984 0.958984 0.710938 0.960938 0.712891 0.960938
0 0.513672 0.964844 0.513672 0.968750 0.509766 0.968750 0.507812 0.966797 0.511719 0.962891
0 0.351562 0.968750 0.349609 0.970703 0.349609 0.972656 0.347656 0.974609 0.341797 0.974609 0.339844 0.972656 0.339844 0.970703 0.337891 0.968750 0.337891 0.966797 0.339844 0.964844 0.339844 0.962891 0.341797 0.960938 0.347656 0.960938 0.349609 0.962891 0.349609 0.964844 0.351562 0.966797
0 0.501953 0.970703 0.500000 0.970703 0.498047 0.972656 0.494141 0.972656 0.492188 0.970703 0.492188 0.964844 0.494141 0.962891 0.498047 0.962891 0.500000 0.964844 0.501953 0.964844
0 0.738281 0.970703 0.736328 0.970703 0.734375 0.972656 0.730469 0.972656 0.728516 0.970703 0.728516 0.964844 0.730469 0.962891 0.734375 0.962891 0.736328 0.964844 0.738281 0.964844
0 0.818359 0.968750 0.816406 0.970703 0.816406 0.972656 0.814453 0.974609 0.808594 0.974609 0.806641 0.972656 0.806641 0.970703 0.804688 0.968750 0.804688 0.966797 0.806641 0.964844 0.806641 0.962891 0.808594 0.960938 0.814453 0.960938 0.816406 0.962891 0.816406 0.964844 0.818359 0.966797
0 0.230469 0.972656 0.228516 0.972656 0.226562 0.974609 0.222656 0.974609 0.220703 0.972656 0.220703 0.966797 0.222656 0.964844 0.226562 0.964844 0.228516 0.966797 0.230469 0.966797
0 0.486328 0.968750 0.486328 0.972656 0.482422 0.972656 0.480469 0.970703 0.484375 0.966797
0 0.923828 0.976562 0.921875 0.976562 0.919922 0.978516 0.916016 0.978516 0.914062 0.976562 0.914062 0.970703 0.916016 0.968750 0.919922 0.968750 0.921875 0.970703 0.923828 0.970703
0 0.492188 0.974609 0.492188 0.978516 0.488281 0.978516 0.486328 0.976562 0.490234 0.972656
0 0.406250 0.982422 0.404297 0.982422 0.402344 0.984375 0.398438 0.984375 0.396484 0.982422 0.396484 0.976562 0.398438 0.974609 0.402344 0.974609 0.404297 0.976562 0.406250 0.976562
0 0.375000 0.982422 0.373047 0.984375 0.373047 0.986328 0.371094 0.988281 0.365234 0.988281 0.363281 0.986328 0.363281 0.984375 0.361328 0.982422 0.361328 0.980469 0.363281 0.978516 0.363281 0.976562 0.365234 0.974609 0.371094 0.974609 0.373047 0.976562 0.373047 0.978516 0.375000 0.980469
0 0.435547 0.986328 0.435547 0.990234 0.431641 0.990234 0.429688 0.988281 0.433594 0.984375
0 0.228516 0.998047 0.218750 0.998047 0.218750 0.994141 0.220703 0.992188 0.224609 0.992188 0.226562 0.994141 0.228516 0.994141
0 0.390625 0.998047 0.369141 0.998047 0.369141 0.992188 0.371094 0.990234 0.373047 0.990234 0.373047 0.988281 0.375000 0.986328 0.384766 0.986328 0.390625 0.992188
0 0.445312 0.998047 0.435547 0.998047 0.435547 0.994141 0.437500 0.992188 0.441406 0.992188 0.443359 0.994141 0.445312 0.994141
0 0.673828 0.998047 0.656250 0.998047 0.656250 0.994141 0.662109 0.988281 0.667969 0.988281 0.673828 0.994141
0 0.705078 0.998047 0.687500 0.998047 0.687500 0.994141 0.693359 0.988281 0.699219 0.988281 0.705078 0.994141
0 0.949219 0.998047 0.939453 0.998047 0.939453 0.994141 0.941406 0.992188 0.945312 0.992188 0.947266 0.994141 0.949219 0.994141
0 0.957031 0.998047 0.947266 0.998047 0.947266 0.994141 0.949219 0.992188 0.953125 0.992188 0.955078 0.994141 0.957031 0.994141
