0 0.101562 0.056641 0.097656 0.060547 0.097656 0.066406 0.099609 0.068359 0.103516 0.068359 0.105469 0.070312 0.107422 0.068359 0.107422 0.066406 0.109375 0.064453 0.109375 0.062500 0.103516 0.056641
0 0.160156 0.058594 0.158203 0.060547 0.158203 0.064453 0.162109 0.068359 0.164062 0.068359 0.167969 0.064453 0.167969 0.062500 0.164062 0.058594
0 0.230469 0.119141 0.232422 0.119141 0.234375 0.121094 0.240234 0.121094 0.240234 0.115234 0.238281 0.113281 0.236328 0.113281 0.234375 0.115234 0.232422 0.115234 0.232422 0.117188
1 0.078125 0.130859 0.074219 0.134766 0.072266 0.128906 0.066406 0.126953 0.056641 0.132812 0.042969 0.132812 0.037109 0.128906 0.037109 0.123047 0.029297 0.125000 0.019531 0.138672 0.007812 0.142578 0.005859 0.150391 0.000000 0.152344 0.000000 0.158203 0.007812 0.162109 0.005859 0.166016 0.005859 0.152344 0.019531 0.140625 0.023438 0.142578 0.027344 0.132812 0.035156 0.132812 0.041016 0.136719 0.041016 0.142578 0.027344 0.148438 0.031250 0.146484 0.035156 0.150391 0.033203 0.156250 0.037109 0.156250 0.037109 0.148438 0.042969 0.150391 0.041016 0.160156 0.035156 0.160156 0.021484 0.169922 0.019531 0.162109 0.009766 0.171875 0.000000 0.169922 0.000000 0.177734 0.009766 0.177734 0.019531 0.167969 0.025391 0.173828 0.041016 0.160156 0.062500 0.162109 0.056641 0.160156 0.060547 0.154297 0.062500 0.156250 0.060547 0.140625 0.072266 0.134766 0.076172 0.138672
0 0.185547 0.126953 0.183594 0.128906 0.183594 0.130859 0.185547 0.132812 0.189453 0.132812 0.191406 0.130859 0.191406 0.128906 0.189453 0.126953
0 0.197266 0.128906 0.195312 0.130859 0.195312 0.134766 0.197266 0.136719 0.201172 0.136719 0.201172 0.134766 0.203125 0.132812 0.203125 0.130859 0.201172 0.128906
0 0.714844 0.207031 0.714844 0.208984 0.712891 0.210938 0.714844 0.212891 0.714844 0.214844 0.716797 0.216797 0.722656 0.216797 0.724609 0.214844 0.724609 0.208984 0.722656 0.207031
0 0.244141 0.226562 0.244141 0.230469 0.250000 0.234375 0.253906 0.234375 0.255859 0.232422 0.257812 0.232422 0.261719 0.236328 0.263672 0.234375 0.259766 0.230469 0.259766 0.224609 0.257812 0.222656 0.257812 0.220703 0.250000 0.220703
0 0.769531 0.234375 0.767578 0.234375 0.765625 0.236328 0.765625 0.238281 0.767578 0.240234 0.769531 0.238281
0 0.232422 0.246094 0.230469 0.246094 0.230469 0.248047
0 0.648438 0.246094 0.646484 0.248047 0.646484 0.250000 0.648438 0.251953 0.650391 0.251953 0.652344 0.250000 0.652344 0.248047 0.650391 0.246094
0 0.505859 0.250000 0.505859 0.251953 0.507812 0.253906 0.509766 0.253906 0.511719 0.251953 0.509766 0.250000
0 0.285156 0.277344 0.281250 0.277344 0.281250 0.281250 0.283203 0.283203 0.285156 0.281250
0 0.351562 0.296875 0.349609 0.298828 0.351562 0.300781 0.353516 0.300781 0.353516 0.298828
0 0.523438 0.296875 0.521484 0.298828 0.519531 0.298828 0.519531 0.300781 0.521484 0.302734 0.523438 0.302734 0.525391 0.300781 0.525391 0.298828
0 0.939453 0.310547 0.937500 0.308594 0.935547 0.308594 0.933594 0.310547 0.933594 0.314453 0.937500 0.314453 0.939453 0.312500
0 0.386719 0.316406 0.382812 0.316406 0.380859 0.318359 0.382812 0.318359 0.384766 0.320312 0.386719 0.318359
0 0.917969 0.318359 0.917969 0.320312 0.919922 0.322266 0.921875 0.320312 0.919922 0.318359
0 0.474609 0.320312 0.474609 0.322266 0.472656 0.324219 0.472656 0.326172 0.474609 0.328125 0.476562 0.328125 0.478516 0.326172 0.478516 0.324219 0.476562 0.322266 0.476562 0.320312
0 0.599609 0.320312 0.597656 0.320312 0.593750 0.324219 0.593750 0.330078 0.597656 0.333984 0.599609 0.332031 0.601562 0.332031 0.603516 0.330078 0.603516 0.324219
0 0.841797 0.324219 0.839844 0.326172 0.839844 0.328125 0.841797 0.328125 0.843750 0.330078 0.845703 0.328125 0.845703 0.326172 0.843750 0.324219
1 0.298828 0.330078 0.298828 0.333984 0.300781 0.333984 0.302734 0.335938 0.304688 0.335938 0.306641 0.333984 0.304688 0.332031 0.300781 0.332031
0 0.572266 0.343750 0.568359 0.349609 0.572266 0.363281 0.580078 0.369141 0.585938 0.369141 0.587891 0.371094 0.593750 0.369141 0.601562 0.375000 0.603516 0.373047 0.603516 0.367188 0.611328 0.359375 0.611328 0.353516 0.601562 0.347656 0.593750 0.345703 0.591797 0.343750 0.593750 0.341797 0.587891 0.339844 0.578125 0.339844
0 0.298828 0.349609 0.296875 0.349609 0.296875 0.353516 0.298828 0.351562
0 0.216797 0.353516 0.212891 0.353516 0.212891 0.355469 0.214844 0.357422 0.216797 0.355469
0 0.750000 0.355469 0.748047 0.355469 0.748047 0.357422
0 0.273438 0.361328 0.271484 0.363281 0.273438 0.365234 0.273438 0.367188 0.271484 0.369141 0.277344 0.369141 0.275391 0.367188 0.275391 0.363281
0 0.412109 0.359375 0.410156 0.359375 0.408203 0.361328 0.412109 0.361328
0 0.552734 0.359375 0.552734 0.363281 0.554688 0.365234 0.556641 0.365234 0.558594 0.363281 0.558594 0.361328 0.556641 0.359375
0 0.292969 0.365234 0.289062 0.365234 0.287109 0.367188 0.287109 0.369141 0.289062 0.369141 0.291016 0.371094 0.292969 0.369141
0 0.298828 0.365234 0.298828 0.367188 0.296875 0.369141 0.298828 0.371094 0.300781 0.371094 0.302734 0.369141 0.302734 0.367188 0.300781 0.365234
0 0.740234 0.373047 0.738281 0.373047 0.736328 0.371094 0.734375 0.373047 0.734375 0.375000 0.738281 0.375000
0 0.238281 0.375000 0.236328 0.376953 0.238281 0.376953
1 0.000000 0.378906 0.000000 0.406250 0.001953 0.404297 0.001953 0.380859
0 0.281250 0.378906 0.279297 0.378906 0.279297 0.380859
0 0.294922 0.378906 0.292969 0.380859 0.289062 0.380859 0.289062 0.382812 0.291016 0.384766 0.292969 0.384766 0.292969 0.380859
0 0.923828 0.380859 0.921875 0.382812 0.921875 0.384766 0.923828 0.386719 0.925781 0.386719 0.927734 0.384766 0.927734 0.382812 0.925781 0.380859
0 0.318359 0.384766 0.316406 0.386719 0.316406 0.388672 0.318359 0.390625 0.320312 0.390625 0.322266 0.388672 0.322266 0.386719 0.320312 0.384766
0 0.281250 0.388672 0.279297 0.390625 0.281250 0.390625
0 0.316406 0.398438 0.314453 0.400391 0.318359 0.404297 0.320312 0.404297 0.322266 0.402344 0.320312 0.400391 0.318359 0.400391
0 0.328125 0.400391 0.328125 0.404297 0.330078 0.406250 0.332031 0.406250 0.333984 0.404297 0.335938 0.404297 0.335938 0.400391 0.333984 0.400391 0.332031 0.398438 0.330078 0.398438
0 0.335938 0.414062 0.332031 0.414062 0.330078 0.416016 0.330078 0.417969 0.332031 0.419922 0.333984 0.419922 0.335938 0.417969
1 0.767578 0.417969 0.767578 0.425781 0.769531 0.425781 0.785156 0.441406 0.796875 0.443359 0.802734 0.437500 0.800781 0.429688 0.791016 0.421875 0.783203 0.421875 0.779297 0.417969 0.779297 0.416016 0.775391 0.414062 0.771484 0.414062
0 0.544922 0.417969 0.542969 0.419922 0.541016 0.419922 0.537109 0.423828 0.537109 0.433594 0.541016 0.437500 0.546875 0.439453 0.548828 0.437500 0.552734 0.437500 0.556641 0.433594 0.554688 0.431641 0.554688 0.429688 0.556641 0.427734 0.550781 0.421875 0.548828 0.421875
0 0.867188 0.417969 0.863281 0.417969 0.863281 0.421875 0.865234 0.423828 0.867188 0.421875
0 0.714844 0.453125 0.714844 0.455078 0.712891 0.457031 0.712891 0.458984 0.716797 0.458984 0.716797 0.455078
0 0.789062 0.460938 0.785156 0.464844 0.785156 0.466797 0.787109 0.468750 0.787109 0.470703 0.789062 0.472656 0.792969 0.472656 0.796875 0.468750 0.796875 0.462891 0.794922 0.462891 0.792969 0.460938
0 0.544922 0.466797 0.535156 0.464844 0.521484 0.470703 0.515625 0.480469 0.515625 0.486328 0.519531 0.494141 0.527344 0.498047 0.539062 0.498047 0.542969 0.496094 0.542969 0.494141 0.550781 0.486328 0.550781 0.482422 0.552734 0.480469 0.548828 0.470703
0 0.892578 0.474609 0.890625 0.476562 0.890625 0.478516 0.892578 0.480469 0.896484 0.480469 0.896484 0.476562 0.894531 0.474609
0 0.714844 0.482422 0.710938 0.486328 0.710938 0.488281 0.708984 0.490234 0.712891 0.496094 0.712891 0.500000 0.714844 0.500000 0.716797 0.501953 0.724609 0.501953 0.726562 0.500000 0.726562 0.496094 0.728516 0.494141 0.726562 0.492188 0.726562 0.488281 0.722656 0.484375 0.720703 0.484375 0.718750 0.482422 0.716797 0.484375
0 0.773438 0.480469 0.771484 0.480469 0.767578 0.484375 0.769531 0.486328 0.769531 0.490234 0.771484 0.492188 0.773438 0.490234 0.777344 0.490234 0.779297 0.488281 0.779297 0.486328
0 0.607422 0.490234 0.605469 0.492188 0.605469 0.496094 0.603516 0.498047 0.597656 0.498047 0.593750 0.501953 0.593750 0.509766 0.595703 0.509766 0.599609 0.513672 0.603516 0.513672 0.607422 0.509766 0.607422 0.507812 0.609375 0.505859 0.605469 0.500000 0.611328 0.494141 0.611328 0.492188 0.609375 0.492188
0 0.650391 0.500000 0.646484 0.503906 0.646484 0.505859 0.650391 0.509766 0.652344 0.509766 0.656250 0.505859 0.656250 0.503906 0.652344 0.500000
0 0.632812 0.509766 0.630859 0.509766 0.628906 0.507812 0.626953 0.507812 0.625000 0.509766 0.621094 0.509766 0.619141 0.511719 0.619141 0.513672 0.615234 0.517578 0.615234 0.521484 0.613281 0.523438 0.619141 0.529297 0.628906 0.529297 0.632812 0.525391 0.632812 0.523438 0.634766 0.521484 0.634766 0.513672 0.632812 0.511719
0 0.550781 0.513672 0.546875 0.517578 0.546875 0.521484 0.548828 0.523438 0.552734 0.523438 0.554688 0.525391 0.554688 0.523438 0.556641 0.521484 0.558594 0.521484 0.558594 0.515625 0.556641 0.513672
0 0.654297 0.523438 0.652344 0.525391 0.652344 0.527344 0.654297 0.529297 0.658203 0.529297 0.658203 0.523438
0 0.724609 0.523438 0.720703 0.527344 0.720703 0.531250 0.726562 0.537109 0.728516 0.537109 0.730469 0.539062 0.732422 0.539062 0.736328 0.535156 0.736328 0.527344 0.732422 0.523438
0 0.705078 0.535156 0.705078 0.541016 0.708984 0.544922 0.712891 0.544922 0.714844 0.546875 0.718750 0.546875 0.722656 0.542969 0.722656 0.539062 0.720703 0.537109 0.718750 0.537109 0.716797 0.535156 0.712891 0.535156 0.710938 0.533203 0.707031 0.533203
0 0.769531 0.531250 0.761719 0.535156 0.757812 0.533203 0.753906 0.537109 0.748047 0.537109 0.748047 0.541016 0.750000 0.542969 0.750000 0.546875 0.751953 0.550781 0.759766 0.556641 0.761719 0.556641 0.765625 0.552734 0.767578 0.546875 0.775391 0.539062 0.775391 0.535156
0 0.417969 0.539062 0.417969 0.541016 0.416016 0.542969 0.414062 0.542969 0.417969 0.546875 0.419922 0.544922 0.421875 0.544922 0.417969 0.541016
0 0.576172 0.552734 0.572266 0.556641 0.574219 0.558594 0.574219 0.560547 0.578125 0.560547 0.578125 0.554688
0 0.507812 0.564453 0.501953 0.560547 0.492188 0.570312 0.490234 0.585938 0.484375 0.582031 0.460938 0.591797 0.455078 0.601562 0.455078 0.613281 0.460938 0.617188 0.480469 0.609375 0.498047 0.615234 0.503906 0.609375 0.505859 0.597656 0.496094 0.589844 0.505859 0.582031 0.513672 0.582031 0.505859 0.572266
0 0.757812 0.564453 0.755859 0.566406 0.755859 0.568359 0.757812 0.570312 0.757812 0.572266 0.761719 0.576172 0.763672 0.576172 0.767578 0.572266 0.767578 0.570312 0.765625 0.568359 0.765625 0.566406 0.763672 0.566406 0.761719 0.564453
0 0.912109 0.566406 0.908203 0.566406 0.906250 0.568359 0.906250 0.572266 0.908203 0.574219 0.910156 0.574219 0.914062 0.570312 0.914062 0.568359
0 0.951172 0.566406 0.949219 0.568359 0.949219 0.570312 0.951172 0.572266 0.953125 0.572266 0.955078 0.570312 0.955078 0.568359 0.953125 0.566406
0 0.845703 0.572266 0.843750 0.574219 0.845703 0.576172 0.847656 0.574219
1 0.564453 0.578125 0.560547 0.582031 0.560547 0.585938 0.562500 0.587891 0.560547 0.591797 0.562500 0.601562 0.574219 0.613281 0.580078 0.613281 0.583984 0.611328 0.583984 0.601562 0.574219 0.593750 0.576172 0.582031 0.572266 0.578125
0 0.587891 0.578125 0.583984 0.582031 0.583984 0.583984 0.587891 0.587891 0.593750 0.587891 0.593750 0.585938 0.595703 0.583984 0.595703 0.582031 0.591797 0.578125
0 0.882812 0.582031 0.882812 0.583984 0.880859 0.585938 0.880859 0.589844 0.878906 0.591797 0.880859 0.591797 0.882812 0.593750 0.882812 0.595703 0.888672 0.601562 0.890625 0.601562 0.894531 0.597656 0.896484 0.597656 0.896484 0.591797 0.888672 0.583984 0.884766 0.583984
0 0.537109 0.593750 0.539062 0.595703 0.542969 0.595703 0.544922 0.597656 0.544922 0.591797 0.539062 0.591797
0 0.822266 0.589844 0.820312 0.591797 0.820312 0.601562 0.824219 0.605469 0.824219 0.607422 0.832031 0.607422 0.835938 0.603516 0.835938 0.595703 0.833984 0.593750 0.833984 0.591797 0.832031 0.589844
1 0.425781 0.603516 0.425781 0.599609 0.423828 0.597656 0.419922 0.597656 0.417969 0.595703 0.412109 0.599609 0.406250 0.599609 0.404297 0.597656 0.402344 0.599609 0.402344 0.601562 0.404297 0.603516 0.410156 0.603516 0.414062 0.607422 0.416016 0.605469 0.423828 0.605469
0 0.630859 0.593750 0.623047 0.593750 0.623047 0.595703 0.621094 0.597656 0.621094 0.607422 0.623047 0.609375 0.625000 0.607422 0.628906 0.607422 0.632812 0.603516 0.632812 0.601562 0.634766 0.599609 0.632812 0.597656 0.632812 0.595703
0 0.695312 0.599609 0.693359 0.601562 0.693359 0.603516 0.691406 0.605469 0.691406 0.607422 0.695312 0.611328 0.699219 0.611328 0.701172 0.609375 0.701172 0.601562 0.699219 0.601562 0.697266 0.599609
0 0.320312 0.609375 0.322266 0.626953 0.326172 0.630859 0.333984 0.628906 0.337891 0.630859 0.335938 0.644531 0.337891 0.646484 0.341797 0.642578 0.349609 0.642578 0.355469 0.632812 0.363281 0.630859 0.365234 0.613281 0.361328 0.607422 0.349609 0.605469 0.341797 0.613281 0.337891 0.613281 0.328125 0.603516 0.326172 0.605469 0.324219 0.603516
0 0.720703 0.605469 0.716797 0.609375 0.716797 0.611328 0.714844 0.613281 0.714844 0.615234 0.720703 0.621094 0.722656 0.621094 0.726562 0.617188 0.726562 0.609375 0.722656 0.605469
0 0.941406 0.611328 0.939453 0.611328 0.935547 0.615234 0.935547 0.623047 0.941406 0.623047 0.943359 0.621094 0.943359 0.613281
1 0.414062 0.623047 0.419922 0.630859 0.427734 0.630859 0.431641 0.628906 0.437500 0.636719 0.443359 0.636719 0.445312 0.634766 0.445312 0.625000 0.443359 0.623047 0.439453 0.625000 0.437500 0.623047 0.435547 0.625000 0.425781 0.615234 0.419922 0.615234
0 0.595703 0.615234 0.593750 0.617188 0.593750 0.621094 0.595703 0.623047 0.599609 0.623047 0.601562 0.621094 0.601562 0.617188 0.599609 0.615234
0 0.679688 0.615234 0.679688 0.617188 0.681641 0.619141 0.683594 0.619141 0.685547 0.617188 0.687500 0.617188 0.683594 0.613281 0.681641 0.613281
0 0.769531 0.613281 0.765625 0.617188 0.765625 0.619141 0.769531 0.623047 0.775391 0.623047 0.777344 0.621094 0.777344 0.615234 0.775391 0.613281
0 0.865234 0.621094 0.861328 0.625000 0.863281 0.626953 0.867188 0.626953 0.867188 0.623047
0 0.814453 0.626953 0.812500 0.628906 0.812500 0.636719 0.814453 0.638672 0.818359 0.638672 0.822266 0.634766 0.822266 0.630859 0.820312 0.628906 0.816406 0.628906
0 0.767578 0.636719 0.765625 0.638672 0.765625 0.644531 0.767578 0.646484 0.769531 0.646484 0.771484 0.644531 0.771484 0.638672 0.769531 0.636719
0 0.832031 0.644531 0.832031 0.646484 0.835938 0.646484 0.837891 0.648438 0.839844 0.648438 0.841797 0.650391 0.843750 0.650391 0.845703 0.648438 0.845703 0.642578 0.843750 0.640625 0.839844 0.640625 0.835938 0.644531
0 0.437500 0.646484 0.435547 0.646484 0.433594 0.648438 0.433594 0.650391 0.435547 0.650391 0.437500 0.648438
0 0.869141 0.646484 0.867188 0.648438 0.867188 0.652344 0.869141 0.654297 0.873047 0.654297 0.875000 0.652344 0.875000 0.646484
0 0.306641 0.648438 0.302734 0.648438 0.300781 0.650391 0.300781 0.656250 0.302734 0.658203 0.304688 0.658203 0.308594 0.654297 0.308594 0.650391
0 0.589844 0.650391 0.589844 0.652344 0.591797 0.654297 0.597656 0.654297 0.597656 0.650391 0.595703 0.648438 0.591797 0.648438
0 0.660156 0.648438 0.658203 0.650391 0.658203 0.654297 0.660156 0.656250 0.662109 0.656250 0.664062 0.654297 0.664062 0.650391 0.662109 0.648438
0 0.476562 0.656250 0.476562 0.660156 0.478516 0.662109 0.480469 0.662109 0.482422 0.660156 0.482422 0.658203 0.480469 0.656250
0 0.507812 0.656250 0.496094 0.669922 0.500000 0.683594 0.505859 0.689453 0.503906 0.691406 0.505859 0.689453 0.515625 0.695312 0.521484 0.695312 0.529297 0.691406 0.537109 0.681641 0.531250 0.666016 0.515625 0.656250 0.509766 0.658203
0 0.740234 0.658203 0.740234 0.664062 0.742188 0.666016 0.746094 0.666016 0.748047 0.664062 0.750000 0.664062 0.750000 0.658203 0.748047 0.656250 0.742188 0.656250
0 0.769531 0.656250 0.765625 0.660156 0.767578 0.662109 0.767578 0.667969 0.769531 0.669922 0.775391 0.669922 0.779297 0.666016 0.779297 0.662109 0.773438 0.656250
1 0.890625 0.656250 0.892578 0.658203 0.892578 0.662109 0.894531 0.664062 0.896484 0.664062 0.898438 0.666016 0.900391 0.664062 0.900391 0.660156 0.898438 0.658203 0.892578 0.658203
1 0.306641 0.673828 0.312500 0.683594 0.318359 0.683594 0.324219 0.677734 0.332031 0.681641 0.339844 0.681641 0.349609 0.673828 0.351562 0.664062 0.345703 0.662109 0.339844 0.667969 0.339844 0.671875 0.333984 0.673828 0.332031 0.667969 0.326172 0.662109 0.322266 0.664062 0.320312 0.660156 0.318359 0.662109 0.312500 0.662109 0.308594 0.666016
1 0.683594 0.662109 0.681641 0.664062 0.681641 0.667969 0.683594 0.669922 0.685547 0.669922 0.689453 0.673828 0.685547 0.677734 0.685547 0.681641 0.689453 0.685547 0.691406 0.685547 0.695312 0.681641 0.695312 0.675781 0.691406 0.671875 0.689453 0.671875 0.687500 0.669922 0.689453 0.667969 0.687500 0.662109
0 0.667969 0.664062 0.664062 0.666016 0.650391 0.666016 0.644531 0.671875 0.644531 0.677734 0.642578 0.681641 0.648438 0.687500 0.652344 0.689453 0.656250 0.689453 0.660156 0.685547 0.662109 0.685547 0.664062 0.683594 0.664062 0.679688 0.666016 0.675781 0.669922 0.673828 0.669922 0.667969
0 0.796875 0.664062 0.794922 0.664062 0.792969 0.666016 0.794922 0.667969 0.796875 0.666016
0 0.929688 0.667969 0.929688 0.671875 0.931641 0.673828 0.933594 0.673828 0.935547 0.671875 0.937500 0.671875 0.937500 0.669922 0.935547 0.667969 0.935547 0.666016 0.931641 0.666016
0 0.900391 0.669922 0.900391 0.675781 0.906250 0.681641 0.910156 0.681641 0.910156 0.679688 0.912109 0.677734 0.912109 0.671875 0.910156 0.669922 0.908203 0.669922 0.906250 0.667969 0.904297 0.667969 0.902344 0.669922
1 0.613281 0.679688 0.605469 0.673828 0.599609 0.675781 0.595703 0.673828 0.583984 0.685547 0.574219 0.687500 0.566406 0.677734 0.558594 0.677734 0.552734 0.683594 0.554688 0.685547 0.552734 0.689453 0.560547 0.701172 0.566406 0.701172 0.572266 0.697266 0.583984 0.705078 0.591797 0.697266 0.611328 0.693359
0 0.886719 0.673828 0.884766 0.675781 0.880859 0.675781 0.875000 0.681641 0.875000 0.689453 0.878906 0.695312 0.884766 0.695312 0.886719 0.697266 0.890625 0.697266 0.892578 0.695312 0.896484 0.695312 0.898438 0.693359 0.898438 0.689453 0.900391 0.687500 0.898438 0.685547 0.898438 0.681641 0.896484 0.679688 0.896484 0.677734 0.894531 0.675781 0.890625 0.675781 0.888672 0.673828
0 0.748047 0.677734 0.746094 0.679688 0.746094 0.681641 0.748047 0.683594 0.748047 0.685547 0.753906 0.685547 0.755859 0.683594 0.755859 0.679688 0.753906 0.677734
1 0.777344 0.681641 0.777344 0.685547 0.779297 0.685547 0.783203 0.689453 0.787109 0.689453 0.789062 0.691406 0.789062 0.693359 0.787109 0.695312 0.791016 0.699219 0.796875 0.699219 0.798828 0.693359 0.796875 0.691406 0.791016 0.691406 0.789062 0.689453 0.789062 0.683594 0.787109 0.681641
0 0.816406 0.681641 0.814453 0.683594 0.814453 0.687500 0.816406 0.689453 0.818359 0.689453 0.820312 0.687500 0.820312 0.685547
0 0.994141 0.683594 0.992188 0.685547 0.992188 0.687500 0.994141 0.689453 0.996094 0.687500 0.996094 0.685547
1 0.830078 0.689453 0.826172 0.689453 0.828125 0.691406 0.828125 0.693359 0.826172 0.695312 0.826172 0.701172 0.826172 0.695312 0.828125 0.693359 0.830078 0.693359 0.832031 0.691406
0 0.156250 0.691406 0.156250 0.697266 0.160156 0.697266 0.162109 0.695312 0.160156 0.693359 0.160156 0.691406
0 0.728516 0.691406 0.726562 0.693359 0.726562 0.695312 0.728516 0.697266 0.730469 0.695312 0.730469 0.693359
0 0.126953 0.697266 0.123047 0.697266 0.121094 0.699219 0.123047 0.701172 0.125000 0.701172 0.126953 0.699219
0 0.169922 0.697266 0.167969 0.699219 0.169922 0.701172 0.169922 0.703125 0.173828 0.703125 0.175781 0.701172 0.175781 0.697266
0 0.707031 0.701172 0.703125 0.701172 0.703125 0.703125 0.705078 0.705078 0.707031 0.703125
1 0.457031 0.703125 0.455078 0.703125 0.451172 0.707031 0.451172 0.708984 0.449219 0.710938 0.451172 0.712891 0.455078 0.712891 0.455078 0.708984 0.457031 0.707031
0 0.873047 0.705078 0.871094 0.707031 0.871094 0.712891 0.873047 0.714844 0.876953 0.714844 0.876953 0.712891 0.878906 0.710938 0.878906 0.708984 0.876953 0.707031 0.875000 0.707031
0 0.890625 0.708984 0.886719 0.714844 0.886719 0.728516 0.888672 0.732422 0.894531 0.736328 0.906250 0.736328 0.910156 0.730469 0.910156 0.716797 0.908203 0.712891 0.904297 0.708984 0.900391 0.708984 0.898438 0.707031 0.894531 0.708984
0 0.974609 0.708984 0.970703 0.712891 0.970703 0.718750 0.976562 0.724609 0.978516 0.724609 0.980469 0.722656 0.982422 0.722656 0.986328 0.718750 0.986328 0.716797 0.984375 0.714844 0.984375 0.712891 0.980469 0.708984
1 0.361328 0.710938 0.355469 0.710938 0.355469 0.712891 0.347656 0.720703 0.347656 0.722656 0.351562 0.726562 0.353516 0.726562 0.359375 0.720703 0.357422 0.718750 0.359375 0.716797 0.361328 0.716797
0 0.335938 0.716797 0.335938 0.718750 0.339844 0.718750 0.337891 0.716797
0 0.628906 0.718750 0.625000 0.714844 0.617188 0.714844 0.609375 0.718750 0.607422 0.716797 0.609375 0.718750 0.601562 0.726562 0.601562 0.730469 0.603516 0.732422 0.607422 0.732422 0.609375 0.734375 0.607422 0.736328 0.609375 0.734375 0.619141 0.736328 0.628906 0.730469 0.628906 0.726562 0.630859 0.724609
0 0.781250 0.716797 0.779297 0.718750 0.775391 0.718750 0.769531 0.724609 0.769531 0.734375 0.771484 0.736328 0.771484 0.742188 0.777344 0.748047 0.777344 0.750000 0.779297 0.748047 0.789062 0.748047 0.792969 0.746094 0.794922 0.738281 0.796875 0.736328 0.796875 0.730469 0.794922 0.726562 0.787109 0.718750 0.783203 0.718750
0 0.847656 0.716797 0.837891 0.714844 0.830078 0.722656 0.820312 0.718750 0.816406 0.722656 0.814453 0.732422 0.808594 0.736328 0.812500 0.746094 0.828125 0.742188 0.830078 0.744141 0.828125 0.742188 0.830078 0.740234 0.828125 0.732422 0.832031 0.728516 0.839844 0.740234 0.845703 0.740234 0.851562 0.732422
0 0.326172 0.720703 0.326172 0.722656 0.324219 0.724609 0.322266 0.724609 0.318359 0.728516 0.318359 0.730469 0.316406 0.732422 0.318359 0.734375 0.318359 0.738281 0.320312 0.740234 0.328125 0.740234 0.330078 0.738281 0.332031 0.738281 0.328125 0.734375 0.328125 0.726562 0.326172 0.724609
1 0.304688 0.722656 0.300781 0.722656 0.296875 0.726562 0.289062 0.748047 0.279297 0.757812 0.275391 0.757812 0.271484 0.753906 0.267578 0.755859 0.265625 0.759766 0.267578 0.765625 0.263672 0.769531 0.271484 0.779297 0.287109 0.773438 0.298828 0.757812 0.296875 0.750000 0.308594 0.736328 0.308594 0.726562
0 0.365234 0.722656 0.363281 0.724609 0.361328 0.724609 0.361328 0.726562 0.363281 0.728516 0.365234 0.728516 0.367188 0.726562 0.367188 0.724609
0 0.501953 0.722656 0.501953 0.726562 0.503906 0.726562 0.503906 0.722656
0 0.347656 0.734375 0.345703 0.736328 0.345703 0.742188 0.347656 0.742188 0.349609 0.744141 0.353516 0.740234 0.353516 0.738281 0.349609 0.734375
0 0.748047 0.744141 0.748047 0.746094 0.742188 0.751953 0.738281 0.751953 0.732422 0.755859 0.732422 0.759766 0.730469 0.761719 0.732422 0.775391 0.742188 0.781250 0.744141 0.779297 0.748047 0.781250 0.755859 0.771484 0.755859 0.759766 0.753906 0.757812 0.755859 0.750000 0.753906 0.746094 0.750000 0.748047
0 0.849609 0.744141 0.849609 0.746094 0.851562 0.748047 0.849609 0.750000 0.851562 0.751953 0.855469 0.751953 0.857422 0.750000 0.859375 0.750000 0.859375 0.746094 0.857422 0.746094 0.855469 0.744141
0 0.962891 0.742188 0.960938 0.744141 0.960938 0.748047 0.962891 0.750000 0.966797 0.750000 0.968750 0.748047 0.968750 0.744141 0.966797 0.742188
0 0.314453 0.753906 0.314453 0.755859 0.316406 0.755859 0.316406 0.753906
1 0.958984 0.763672 0.958984 0.769531 0.957031 0.771484 0.957031 0.781250 0.960938 0.785156 0.962891 0.785156 0.970703 0.794922 0.972656 0.792969 0.984375 0.792969 0.986328 0.791016 0.986328 0.785156 0.982422 0.781250 0.982422 0.779297 0.980469 0.781250 0.976562 0.777344 0.976562 0.769531 0.972656 0.765625 0.964844 0.765625 0.962891 0.763672
0 0.648438 0.765625 0.642578 0.765625 0.632812 0.773438 0.632812 0.791016 0.638672 0.798828 0.646484 0.798828 0.652344 0.792969 0.656250 0.785156 0.656250 0.777344 0.654297 0.775391 0.654297 0.769531
0 0.828125 0.765625 0.826172 0.767578 0.826172 0.769531 0.822266 0.773438 0.824219 0.773438 0.826172 0.775391 0.832031 0.775391 0.832031 0.771484 0.833984 0.769531 0.830078 0.769531 0.828125 0.767578
0 0.716797 0.771484 0.716797 0.773438 0.714844 0.775391 0.714844 0.777344 0.716797 0.779297 0.722656 0.779297 0.722656 0.773438 0.720703 0.771484
0 0.814453 0.773438 0.810547 0.773438 0.808594 0.775391 0.808594 0.777344 0.806641 0.779297 0.804688 0.779297 0.806641 0.781250 0.806641 0.785156 0.804688 0.787109 0.804688 0.792969 0.806641 0.794922 0.810547 0.794922 0.814453 0.791016 0.814453 0.789062 0.818359 0.785156 0.818359 0.783203 0.820312 0.781250 0.818359 0.779297 0.818359 0.777344
0 0.791016 0.777344 0.783203 0.779297 0.785156 0.785156 0.781250 0.789062 0.779297 0.787109 0.769531 0.791016 0.765625 0.785156 0.761719 0.785156 0.757812 0.789062 0.759766 0.794922 0.779297 0.814453 0.787109 0.812500 0.791016 0.806641 0.789062 0.794922 0.785156 0.791016 0.791016 0.787109 0.794922 0.787109 0.794922 0.781250
0 0.894531 0.777344 0.892578 0.779297 0.894531 0.781250 0.894531 0.783203 0.896484 0.785156 0.898438 0.785156 0.900391 0.783203 0.900391 0.779297 0.898438 0.777344
0 0.873047 0.781250 0.873047 0.789062 0.875000 0.789062 0.876953 0.791016 0.880859 0.791016 0.882812 0.789062 0.882812 0.783203 0.880859 0.781250
1 0.746094 0.800781 0.740234 0.810547 0.740234 0.822266 0.748047 0.832031 0.750000 0.845703 0.763672 0.861328 0.757812 0.873047 0.759766 0.878906 0.775391 0.888672 0.791016 0.886719 0.810547 0.875000 0.810547 0.851562 0.783203 0.837891 0.759766 0.804688 0.751953 0.798828
0 0.900391 0.798828 0.896484 0.802734 0.896484 0.804688 0.894531 0.806641 0.894531 0.812500 0.898438 0.818359 0.900391 0.818359 0.902344 0.820312 0.906250 0.820312 0.912109 0.814453 0.912109 0.806641 0.906250 0.800781 0.906250 0.798828 0.904297 0.798828 0.902344 0.800781
0 0.957031 0.802734 0.957031 0.806641 0.960938 0.810547 0.968750 0.810547 0.970703 0.808594 0.968750 0.806641 0.968750 0.802734 0.966797 0.802734 0.964844 0.800781 0.958984 0.800781
1 0.482422 0.804688 0.486328 0.808594 0.484375 0.810547 0.486328 0.808594 0.488281 0.810547 0.492188 0.810547 0.494141 0.808594 0.490234 0.804688 0.486328 0.804688 0.484375 0.806641
0 0.572266 0.808594 0.572266 0.814453 0.578125 0.820312 0.582031 0.820312 0.583984 0.822266 0.585938 0.820312 0.589844 0.820312 0.591797 0.818359 0.593750 0.818359 0.597656 0.812500 0.589844 0.804688 0.576172 0.804688
0 0.675781 0.804688 0.675781 0.808594 0.677734 0.810547 0.677734 0.812500 0.681641 0.812500 0.681641 0.806641 0.679688 0.804688
1 0.458984 0.810547 0.457031 0.810547 0.455078 0.808594 0.453125 0.810547 0.453125 0.812500 0.451172 0.814453 0.451172 0.818359 0.451172 0.816406 0.453125 0.814453 0.455078 0.816406 0.457031 0.814453 0.457031 0.812500
1 0.726562 0.814453 0.716797 0.810547 0.705078 0.812500 0.701172 0.824219 0.708984 0.835938 0.705078 0.839844 0.691406 0.837891 0.683594 0.845703 0.685547 0.861328 0.679688 0.873047 0.679688 0.888672 0.666016 0.890625 0.644531 0.908203 0.652344 0.914062 0.658203 0.923828 0.677734 0.921875 0.687500 0.906250 0.683594 0.894531 0.695312 0.892578 0.710938 0.873047 0.714844 0.871094 0.718750 0.875000 0.716797 0.871094 0.724609 0.867188 0.732422 0.857422 0.736328 0.857422 0.744141 0.847656 0.738281 0.828125
0 0.841797 0.808594 0.837891 0.812500 0.837891 0.814453 0.839844 0.816406 0.839844 0.818359 0.841797 0.820312 0.845703 0.820312 0.847656 0.818359 0.847656 0.812500 0.843750 0.808594
0 0.867188 0.810547 0.867188 0.812500 0.865234 0.814453 0.863281 0.814453 0.867188 0.820312 0.867188 0.826172 0.873047 0.832031 0.882812 0.832031 0.888672 0.826172 0.888672 0.818359 0.882812 0.812500 0.878906 0.812500 0.876953 0.810547
0 0.441406 0.814453 0.437500 0.818359 0.435547 0.818359 0.427734 0.824219 0.425781 0.824219 0.423828 0.826172 0.423828 0.830078 0.421875 0.832031 0.425781 0.835938 0.425781 0.837891 0.429688 0.837891 0.433594 0.841797 0.433594 0.839844 0.443359 0.830078 0.443359 0.828125 0.445312 0.826172 0.447266 0.826172 0.445312 0.824219 0.445312 0.820312 0.441406 0.816406
0 0.808594 0.812500 0.808594 0.818359 0.812500 0.818359 0.814453 0.816406 0.814453 0.814453 0.812500 0.812500
0 0.974609 0.812500 0.970703 0.816406 0.970703 0.822266 0.972656 0.824219 0.974609 0.824219 0.976562 0.826172 0.978516 0.826172 0.982422 0.822266 0.982422 0.816406 0.978516 0.812500
0 0.173828 0.822266 0.171875 0.824219 0.173828 0.826172 0.175781 0.826172 0.177734 0.824219 0.175781 0.822266
0 0.468750 0.822266 0.466797 0.822266 0.460938 0.828125 0.462891 0.828125 0.464844 0.830078 0.464844 0.832031 0.468750 0.832031 0.470703 0.830078 0.470703 0.824219
0 0.935547 0.824219 0.935547 0.826172 0.933594 0.828125 0.933594 0.830078 0.935547 0.830078 0.937500 0.832031 0.939453 0.830078 0.939453 0.826172 0.937500 0.826172
0 0.669922 0.830078 0.662109 0.830078 0.656250 0.835938 0.656250 0.839844 0.654297 0.841797 0.654297 0.845703 0.660156 0.851562 0.666016 0.851562 0.667969 0.849609 0.669922 0.849609 0.673828 0.845703 0.673828 0.833984
0 0.632812 0.832031 0.630859 0.833984 0.630859 0.839844 0.632812 0.841797 0.636719 0.841797 0.638672 0.843750 0.638672 0.841797 0.640625 0.839844 0.640625 0.835938 0.636719 0.832031
0 0.648438 0.833984 0.646484 0.835938 0.648438 0.837891 0.650391 0.835938
0 0.533203 0.837891 0.531250 0.839844 0.533203 0.841797 0.535156 0.841797 0.533203 0.839844
0 0.666016 0.863281 0.662109 0.859375 0.654297 0.859375 0.652344 0.865234 0.650391 0.867188 0.646484 0.867188 0.646484 0.869141 0.642578 0.873047 0.646484 0.876953 0.654297 0.869141 0.658203 0.873047 0.660156 0.873047 0.664062 0.869141
0 0.919922 0.859375 0.916016 0.861328 0.917969 0.867188 0.914062 0.876953 0.910156 0.880859 0.906250 0.880859 0.898438 0.892578 0.900391 0.904297 0.906250 0.908203 0.916016 0.908203 0.925781 0.890625 0.931641 0.890625 0.937500 0.894531 0.945312 0.888672 0.943359 0.880859 0.929688 0.867188 0.923828 0.865234
0 0.986328 0.861328 0.982422 0.861328 0.982422 0.863281 0.980469 0.865234 0.980469 0.869141 0.984375 0.873047 0.984375 0.875000 0.986328 0.873047 0.988281 0.873047 0.992188 0.869141 0.992188 0.865234 0.990234 0.863281 0.988281 0.863281
0 0.472656 0.863281 0.472656 0.865234 0.470703 0.867188 0.470703 0.871094 0.468750 0.873047 0.466797 0.873047 0.468750 0.875000 0.468750 0.876953 0.470703 0.878906 0.484375 0.878906 0.486328 0.876953 0.486328 0.867188 0.482422 0.863281
0 0.496094 0.865234 0.494141 0.867188 0.494141 0.869141 0.496094 0.871094 0.496094 0.873047 0.498047 0.873047 0.498047 0.871094 0.500000 0.869141 0.498047 0.867188 0.498047 0.865234
0 0.902344 0.863281 0.898438 0.863281 0.896484 0.865234 0.896484 0.867188 0.894531 0.869141 0.896484 0.871094 0.896484 0.873047 0.898438 0.873047 0.900391 0.875000 0.906250 0.869141 0.904297 0.867188 0.904297 0.865234
0 0.166016 0.871094 0.167969 0.873047 0.167969 0.871094
0 0.455078 0.871094 0.447266 0.871094 0.441406 0.876953 0.441406 0.890625 0.443359 0.888672 0.447266 0.892578 0.451172 0.892578 0.457031 0.888672 0.457031 0.873047
1 0.125000 0.875000 0.121094 0.875000 0.119141 0.876953 0.119141 0.878906 0.121094 0.880859 0.121094 0.882812 0.119141 0.884766 0.119141 0.886719 0.121094 0.888672 0.123047 0.888672 0.125000 0.886719 0.125000 0.880859 0.126953 0.878906 0.126953 0.876953
0 0.507812 0.875000 0.507812 0.876953 0.505859 0.878906 0.505859 0.884766 0.507812 0.886719 0.507812 0.888672 0.515625 0.888672 0.517578 0.886719 0.517578 0.884766 0.519531 0.882812 0.519531 0.878906 0.515625 0.875000
0 0.621094 0.876953 0.619141 0.878906 0.619141 0.880859 0.621094 0.882812 0.623047 0.882812 0.625000 0.880859 0.625000 0.878906 0.623047 0.876953
0 0.371094 0.878906 0.369141 0.880859 0.369141 0.884766 0.371094 0.886719 0.373047 0.886719 0.375000 0.884766 0.375000 0.880859 0.373047 0.878906
0 0.562500 0.880859 0.556641 0.880859 0.542969 0.892578 0.542969 0.898438 0.548828 0.904297 0.552734 0.904297 0.554688 0.902344 0.556641 0.902344 0.556641 0.900391 0.564453 0.892578 0.564453 0.886719 0.566406 0.884766
1 0.392578 0.890625 0.392578 0.896484 0.398438 0.902344 0.406250 0.902344 0.408203 0.904297 0.412109 0.904297 0.414062 0.902344 0.414062 0.896484 0.412109 0.894531 0.404297 0.894531 0.400391 0.890625 0.400391 0.888672 0.398438 0.888672 0.396484 0.886719
0 0.800781 0.886719 0.800781 0.888672 0.802734 0.890625 0.804688 0.888672 0.802734 0.886719
0 0.332031 0.892578 0.324219 0.898438 0.324219 0.906250 0.326172 0.908203 0.326172 0.910156 0.335938 0.919922 0.341797 0.919922 0.347656 0.910156 0.345703 0.900391 0.339844 0.894531 0.337891 0.894531 0.335938 0.892578
0 0.232422 0.896484 0.230469 0.898438 0.230469 0.900391 0.232422 0.902344 0.234375 0.900391 0.234375 0.898438
0 0.433594 0.896484 0.431641 0.898438 0.431641 0.900391 0.433594 0.902344 0.435547 0.900391 0.435547 0.898438
0 0.607422 0.900391 0.605469 0.902344 0.607422 0.904297 0.609375 0.904297 0.611328 0.902344 0.609375 0.902344
0 0.357422 0.904297 0.359375 0.906250 0.357422 0.908203 0.357422 0.914062 0.361328 0.917969 0.367188 0.917969 0.369141 0.916016 0.371094 0.916016 0.371094 0.906250 0.367188 0.902344 0.361328 0.902344 0.359375 0.904297
0 0.451172 0.904297 0.447266 0.904297 0.443359 0.908203 0.443359 0.910156 0.447266 0.914062 0.449219 0.914062 0.453125 0.910156 0.453125 0.906250
0 0.628906 0.904297 0.625000 0.904297 0.625000 0.906250 0.623047 0.908203 0.623047 0.910156 0.626953 0.910156 0.626953 0.906250
1 0.779297 0.910156 0.777344 0.912109 0.777344 0.917969 0.779297 0.919922 0.779297 0.921875 0.777344 0.923828 0.777344 0.927734 0.779297 0.929688 0.781250 0.929688 0.783203 0.927734 0.783203 0.917969 0.785156 0.916016 0.785156 0.914062 0.781250 0.910156
0 0.376953 0.914062 0.376953 0.916016 0.380859 0.919922 0.378906 0.917969 0.380859 0.916016 0.380859 0.914062
0 0.863281 0.916016 0.859375 0.919922 0.863281 0.923828 0.865234 0.923828 0.867188 0.921875 0.867188 0.919922
1 0.833984 0.929688 0.828125 0.923828 0.820312 0.931641 0.816406 0.927734 0.812500 0.927734 0.810547 0.929688 0.808594 0.929688 0.808594 0.937500 0.814453 0.941406 0.816406 0.939453 0.820312 0.939453 0.820312 0.935547 0.824219 0.931641 0.830078 0.933594
0 0.949219 0.921875 0.947266 0.923828 0.945312 0.923828 0.945312 0.925781 0.943359 0.927734 0.943359 0.933594 0.941406 0.935547 0.943359 0.937500 0.943359 0.939453 0.947266 0.943359 0.953125 0.943359 0.955078 0.941406 0.957031 0.941406 0.962891 0.935547 0.964844 0.935547 0.964844 0.933594 0.962891 0.933594 0.951172 0.921875
0 0.353516 0.931641 0.351562 0.931641 0.349609 0.933594 0.349609 0.935547 0.347656 0.937500 0.347656 0.941406 0.349609 0.943359 0.353516 0.943359 0.357422 0.939453 0.357422 0.935547
0 0.460938 0.931641 0.458984 0.929688 0.453125 0.929688 0.451172 0.931641 0.449219 0.931641 0.447266 0.933594 0.443359 0.933594 0.441406 0.935547 0.441406 0.937500 0.443359 0.939453 0.451172 0.939453 0.453125 0.941406 0.455078 0.941406 0.457031 0.939453 0.458984 0.939453 0.458984 0.937500 0.460938 0.935547
0 0.486328 0.935547 0.482422 0.935547 0.482422 0.937500 0.480469 0.939453 0.480469 0.941406 0.482422 0.943359 0.484375 0.943359 0.486328 0.941406
0 0.654297 0.935547 0.652344 0.933594 0.650391 0.935547 0.650391 0.937500 0.654297 0.937500
0 0.861328 0.933594 0.847656 0.933594 0.835938 0.937500 0.832031 0.941406 0.830078 0.955078 0.839844 0.960938 0.845703 0.972656 0.851562 0.974609 0.857422 0.970703 0.859375 0.964844 0.855469 0.958984 0.855469 0.955078 0.857422 0.953125 0.861328 0.955078 0.867188 0.949219 0.865234 0.945312 0.867188 0.941406
0 0.488281 0.949219 0.486328 0.951172 0.486328 0.957031 0.488281 0.958984 0.490234 0.958984 0.492188 0.957031 0.492188 0.953125
0 0.791016 0.951172 0.785156 0.951172 0.781250 0.955078 0.783203 0.970703 0.779297 0.974609 0.773438 0.974609 0.765625 0.980469 0.765625 0.996094 0.767578 0.998047 0.791016 0.998047 0.791016 0.988281 0.794922 0.982422 0.791016 0.974609 0.796875 0.968750 0.796875 0.957031
0 0.898438 0.951172 0.900391 0.953125 0.900391 0.958984 0.904297 0.958984 0.906250 0.960938 0.908203 0.958984 0.910156 0.958984 0.910156 0.957031 0.906250 0.953125 0.906250 0.951172 0.904297 0.949219 0.902344 0.951172
0 0.712891 0.962891 0.712891 0.968750 0.716797 0.972656 0.722656 0.972656 0.724609 0.970703 0.726562 0.970703 0.726562 0.964844 0.720703 0.958984 0.716797 0.958984
0 0.935547 0.957031 0.931641 0.957031 0.931641 0.960938 0.933594 0.962891 0.935547 0.960938
0 0.535156 0.962891 0.533203 0.964844 0.533203 0.968750 0.535156 0.970703 0.537109 0.970703 0.539062 0.968750 0.539062 0.964844 0.537109 0.962891
0 0.632812 0.960938 0.632812 0.962891 0.634766 0.964844 0.636719 0.964844 0.636719 0.960938
0 0.810547 0.962891 0.808594 0.964844 0.806641 0.964844 0.804688 0.966797 0.804688 0.972656 0.806641 0.974609 0.806641 0.976562 0.808594 0.976562 0.810547 0.978516 0.812500 0.978516 0.814453 0.976562 0.816406 0.976562 0.816406 0.974609 0.818359 0.972656 0.818359 0.966797 0.816406 0.964844 0.814453 0.964844 0.812500 0.962891
0 0.484375 0.966797 0.476562 0.972656 0.476562 0.982422 0.482422 0.994141 0.492188 0.994141 0.498047 0.990234 0.498047 0.982422 0.501953 0.974609 0.500000 0.974609 0.494141 0.968750 0.486328 0.968750
0 0.564453 0.966797 0.560547 0.966797 0.556641 0.970703 0.556641 0.972656 0.558594 0.974609 0.562500 0.974609 0.564453 0.972656
0 0.927734 0.966797 0.929688 0.968750 0.925781 0.972656 0.925781 0.984375 0.929688 0.988281 0.929688 0.990234 0.941406 0.990234 0.947266 0.984375 0.945312 0.982422 0.945312 0.976562 0.943359 0.974609 0.943359 0.972656 0.941406 0.972656 0.935547 0.966797 0.933594 0.968750 0.929688 0.968750
0 0.679688 0.968750 0.679688 0.970703 0.677734 0.972656 0.677734 0.978516 0.683594 0.978516 0.685547 0.976562 0.685547 0.970703 0.683594 0.970703 0.681641 0.968750
0 0.451172 0.982422 0.447266 0.982422 0.445312 0.984375 0.445312 0.990234 0.447266 0.992188 0.449219 0.992188 0.453125 0.988281 0.453125 0.984375
0 0.632812 0.980469 0.628906 0.984375 0.628906 0.986328 0.630859 0.988281 0.634766 0.988281 0.634766 0.982422
0 0.662109 0.980469 0.660156 0.982422 0.660156 0.986328 0.662109 0.988281 0.664062 0.988281 0.666016 0.986328 0.666016 0.982422 0.664062 0.980469
1 0.839844 0.982422 0.835938 0.986328 0.837891 0.988281 0.837891 0.990234 0.839844 0.992188 0.839844 0.996094 0.837891 0.998047 0.847656 0.998047 0.847656 0.996094 0.841797 0.990234 0.839844 0.992188 0.837891 0.990234 0.837891 0.988281 0.839844 0.986328 0.837891 0.984375
0 0.400391 0.990234 0.400391 0.998047 0.414062 0.998047 0.414062 0.990234 0.410156 0.986328 0.404297 0.986328
1 0.392578 0.998047 0.390625 0.996094 0.390625 0.994141 0.386719 0.990234 0.386719 0.988281 0.382812 0.988281 0.380859 0.990234 0.371094 0.992188 0.369141 0.994141 0.359375 0.998047
1 0.560547 0.998047 0.558594 0.996094 0.558594 0.994141 0.556641 0.994141 0.554688 0.992188 0.550781 0.992188 0.548828 0.990234 0.544922 0.990234 0.539062 0.996094 0.537109 0.996094 0.533203 0.992188 0.525391 0.992188 0.523438 0.994141 0.523438 0.998047
1 0.794922 0.998047 0.820312 0.998047 0.816406 0.994141 0.816406 0.992188 0.810547 0.988281 0.804688 0.988281
0 0.017578 0.029297 0.015625 0.029297 0.013672 0.031250 0.009766 0.031250 0.007812 0.029297 0.007812 0.023438 0.009766 0.021484 0.013672 0.021484 0.015625 0.023438 0.017578 0.023438
0 0.025391 0.044922 0.023438 0.044922 0.021484 0.046875 0.017578 0.046875 0.015625 0.044922 0.015625 0.039062 0.017578 0.037109 0.021484 0.037109 0.023438 0.039062 0.025391 0.039062
0 0.099609 0.060547 0.097656 0.060547 0.095703 0.062500 0.091797 0.062500 0.089844 0.060547 0.089844 0.054688 0.091797 0.052734 0.095703 0.052734 0.097656 0.054688 0.099609 0.054688
0 0.167969 0.056641 0.167969 0.060547 0.164062 0.060547 0.162109 0.058594 0.166016 0.054688
0 0.113281 0.062500 0.113281 0.066406 0.109375 0.066406 0.107422 0.064453 0.111328 0.060547
0 0.033203 0.068359 0.031250 0.068359 0.029297 0.070312 0.025391 0.070312 0.023438 0.068359 0.023438 0.062500 0.025391 0.060547 0.029297 0.060547 0.031250 0.062500 0.033203 0.062500
0 0.160156 0.066406 0.160156 0.070312 0.156250 0.070312 0.154297 0.068359 0.158203 0.064453
0 0.169922 0.066406 0.169922 0.070312 0.166016 0.070312 0.164062 0.068359 0.167969 0.064453
0 0.105469 0.070312 0.105469 0.074219 0.101562 0.074219 0.099609 0.072266 0.103516 0.068359
0 0.078125 0.082031 0.076172 0.082031 0.074219 0.083984 0.070312 0.083984 0.068359 0.082031 0.068359 0.076172 0.070312 0.074219 0.074219 0.074219 0.076172 0.076172 0.078125 0.076172
0 0.037109 0.089844 0.035156 0.091797 0.035156 0.093750 0.033203 0.095703 0.027344 0.095703 0.025391 0.093750 0.025391 0.091797 0.023438 0.089844 0.023438 0.087891 0.025391 0.085938 0.025391 0.083984 0.027344 0.082031 0.033203 0.082031 0.035156 0.083984 0.035156 0.085938 0.037109 0.087891
0 0.072266 0.095703 0.070312 0.097656 0.070312 0.099609 0.068359 0.101562 0.062500 0.101562 0.060547 0.099609 0.060547 0.097656 0.058594 0.095703 0.058594 0.093750 0.060547 0.091797 0.060547 0.089844 0.062500 0.087891 0.068359 0.087891 0.070312 0.089844 0.070312 0.091797 0.072266 0.093750
0 0.113281 0.097656 0.111328 0.099609 0.111328 0.101562 0.109375 0.103516 0.103516 0.103516 0.101562 0.101562 0.101562 0.099609 0.099609 0.097656 0.099609 0.095703 0.101562 0.093750 0.101562 0.091797 0.103516 0.089844 0.109375 0.089844 0.111328 0.091797 0.111328 0.093750 0.113281 0.095703
0 0.082031 0.101562 0.080078 0.101562 0.078125 0.103516 0.074219 0.103516 0.072266 0.101562 0.072266 0.095703 0.074219 0.093750 0.078125 0.093750 0.080078 0.095703 0.082031 0.095703
0 0.089844 0.107422 0.087891 0.107422 0.085938 0.109375 0.082031 0.109375 0.080078 0.107422 0.080078 0.101562 0.082031 0.099609 0.085938 0.099609 0.087891 0.101562 0.089844 0.101562
0 0.158203 0.107422 0.156250 0.107422 0.154297 0.109375 0.150391 0.109375 0.148438 0.107422 0.148438 0.101562 0.150391 0.099609 0.154297 0.099609 0.156250 0.101562 0.158203 0.101562
0 0.175781 0.107422 0.173828 0.107422 0.171875 0.109375 0.167969 0.109375 0.166016 0.107422 0.166016 0.101562 0.167969 0.099609 0.171875 0.099609 0.173828 0.101562 0.175781 0.101562
0 0.130859 0.111328 0.128906 0.113281 0.128906 0.115234 0.126953 0.117188 0.121094 0.117188 0.119141 0.115234 0.119141 0.113281 0.117188 0.111328 0.117188 0.109375 0.119141 0.107422 0.119141 0.105469 0.121094 0.103516 0.126953 0.103516 0.128906 0.105469 0.128906 0.107422 0.130859 0.109375
0 0.238281 0.109375 0.238281 0.113281 0.234375 0.113281 0.232422 0.111328 0.236328 0.107422
0 0.031250 0.117188 0.025391 0.123047 0.019531 0.123047 0.013672 0.117188 0.013672 0.111328 0.019531 0.105469 0.025391 0.105469 0.031250 0.111328
0 0.109375 0.119141 0.107422 0.119141 0.105469 0.121094 0.101562 0.121094 0.099609 0.119141 0.099609 0.113281 0.101562 0.111328 0.105469 0.111328 0.107422 0.113281 0.109375 0.113281
0 0.246094 0.115234 0.246094 0.119141 0.242188 0.119141 0.240234 0.117188 0.244141 0.113281
0 0.171875 0.121094 0.169922 0.123047 0.169922 0.125000 0.167969 0.126953 0.162109 0.126953 0.160156 0.125000 0.160156 0.123047 0.158203 0.121094 0.158203 0.119141 0.160156 0.117188 0.160156 0.115234 0.162109 0.113281 0.167969 0.113281 0.169922 0.115234 0.169922 0.117188 0.171875 0.119141
0 0.238281 0.123047 0.238281 0.126953 0.234375 0.126953 0.232422 0.125000 0.236328 0.121094
0 0.195312 0.128906 0.195312 0.132812 0.191406 0.132812 0.189453 0.130859 0.193359 0.126953
0 0.115234 0.134766 0.109375 0.140625 0.103516 0.140625 0.097656 0.134766 0.097656 0.128906 0.103516 0.123047 0.109375 0.123047 0.115234 0.128906
0 0.207031 0.130859 0.207031 0.134766 0.203125 0.134766 0.201172 0.132812 0.205078 0.128906
0 0.039062 0.140625 0.037109 0.140625 0.035156 0.142578 0.031250 0.142578 0.029297 0.140625 0.029297 0.134766 0.031250 0.132812 0.035156 0.132812 0.037109 0.134766 0.039062 0.134766
0 0.201172 0.136719 0.201172 0.140625 0.197266 0.140625 0.195312 0.138672 0.199219 0.134766
0 0.000000 0.150391 0.000000 0.140625 0.001953 0.142578 0.003906 0.142578 0.003906 0.148438 0.001953 0.148438
0 0.083984 0.156250 0.082031 0.156250 0.080078 0.158203 0.070312 0.158203 0.064453 0.152344 0.064453 0.142578 0.066406 0.140625 0.068359 0.140625 0.068359 0.138672 0.070312 0.136719 0.080078 0.136719 0.085938 0.142578 0.085938 0.152344 0.083984 0.154297
0 0.021484 0.154297 0.019531 0.156250 0.019531 0.158203 0.017578 0.160156 0.011719 0.160156 0.009766 0.158203 0.009766 0.156250 0.007812 0.154297 0.007812 0.152344 0.009766 0.150391 0.009766 0.148438 0.011719 0.146484 0.017578 0.146484 0.019531 0.148438 0.019531 0.150391 0.021484 0.152344
0 0.042969 0.154297 0.042969 0.158203 0.039062 0.158203 0.037109 0.156250 0.041016 0.152344
0 0.060547 0.156250 0.060547 0.160156 0.056641 0.160156 0.054688 0.158203 0.058594 0.154297
0 0.169922 0.162109 0.167969 0.162109 0.166016 0.164062 0.162109 0.164062 0.160156 0.162109 0.160156 0.156250 0.162109 0.154297 0.166016 0.154297 0.167969 0.156250 0.169922 0.156250
0 0.050781 0.164062 0.050781 0.167969 0.046875 0.167969 0.044922 0.166016 0.048828 0.162109
0 0.011719 0.166016 0.011719 0.169922 0.007812 0.169922 0.005859 0.167969 0.009766 0.164062
0 0.019531 0.169922 0.019531 0.173828 0.015625 0.173828 0.013672 0.171875 0.017578 0.167969
0 0.125000 0.181641 0.123047 0.181641 0.121094 0.183594 0.111328 0.183594 0.105469 0.177734 0.105469 0.167969 0.107422 0.166016 0.109375 0.166016 0.109375 0.164062 0.111328 0.162109 0.121094 0.162109 0.126953 0.167969 0.126953 0.177734 0.125000 0.179688
0 0.169922 0.187500 0.167969 0.187500 0.166016 0.189453 0.156250 0.189453 0.150391 0.183594 0.150391 0.173828 0.152344 0.171875 0.154297 0.171875 0.154297 0.169922 0.156250 0.167969 0.166016 0.167969 0.171875 0.173828 0.171875 0.183594 0.169922 0.185547
0 0.029297 0.191406 0.027344 0.191406 0.025391 0.193359 0.015625 0.193359 0.009766 0.187500 0.009766 0.177734 0.015625 0.171875 0.025391 0.171875 0.031250 0.177734 0.031250 0.187500 0.029297 0.189453
0 0.166016 0.185547 0.164062 0.187500 0.164062 0.189453 0.162109 0.191406 0.156250 0.191406 0.154297 0.189453 0.154297 0.187500 0.152344 0.185547 0.152344 0.183594 0.154297 0.181641 0.154297 0.179688 0.156250 0.177734 0.162109 0.177734 0.164062 0.179688 0.164062 0.181641 0.166016 0.183594
0 0.003906 0.203125 0.000000 0.203125 0.000000 0.181641 0.003906 0.181641 0.005859 0.183594 0.005859 0.185547 0.007812 0.185547 0.009766 0.187500 0.009766 0.197266 0.007812 0.199219 0.007812 0.201172 0.005859 0.201172
0 0.060547 0.195312 0.054688 0.201172 0.048828 0.201172 0.042969 0.195312 0.042969 0.189453 0.048828 0.183594 0.054688 0.183594 0.060547 0.189453
0 0.726562 0.205078 0.724609 0.205078 0.722656 0.207031 0.718750 0.207031 0.716797 0.205078 0.716797 0.199219 0.718750 0.197266 0.722656 0.197266 0.724609 0.199219 0.726562 0.199219
0 0.158203 0.210938 0.156250 0.212891 0.156250 0.214844 0.154297 0.216797 0.148438 0.216797 0.146484 0.214844 0.146484 0.212891 0.144531 0.210938 0.144531 0.208984 0.146484 0.207031 0.146484 0.205078 0.148438 0.203125 0.154297 0.203125 0.156250 0.205078 0.156250 0.207031 0.158203 0.208984
0 0.714844 0.212891 0.714844 0.216797 0.710938 0.216797 0.708984 0.214844 0.712891 0.210938
0 0.728516 0.212891 0.728516 0.216797 0.724609 0.216797 0.722656 0.214844 0.726562 0.210938
0 0.000000 0.222656 0.000000 0.212891 0.001953 0.214844 0.003906 0.214844 0.003906 0.220703 0.001953 0.220703
0 0.251953 0.216797 0.251953 0.220703 0.248047 0.220703 0.246094 0.218750 0.250000 0.214844
0 0.259766 0.216797 0.259766 0.220703 0.255859 0.220703 0.253906 0.218750 0.257812 0.214844
0 0.720703 0.222656 0.718750 0.222656 0.716797 0.224609 0.712891 0.224609 0.710938 0.222656 0.710938 0.216797 0.712891 0.214844 0.716797 0.214844 0.718750 0.216797 0.720703 0.216797
0 0.246094 0.220703 0.246094 0.224609 0.242188 0.224609 0.240234 0.222656 0.244141 0.218750
0 0.146484 0.226562 0.144531 0.228516 0.144531 0.230469 0.142578 0.232422 0.136719 0.232422 0.134766 0.230469 0.134766 0.228516 0.132812 0.226562 0.132812 0.224609 0.134766 0.222656 0.134766 0.220703 0.136719 0.218750 0.142578 0.218750 0.144531 0.220703 0.144531 0.222656 0.146484 0.224609
0 0.263672 0.226562 0.263672 0.230469 0.259766 0.230469 0.257812 0.228516 0.261719 0.224609
0 0.257812 0.232422 0.257812 0.236328 0.253906 0.236328 0.251953 0.234375 0.255859 0.230469
0 0.251953 0.234375 0.251953 0.238281 0.248047 0.238281 0.246094 0.236328 0.250000 0.232422
0 0.000000 0.248047 0.000000 0.238281 0.001953 0.240234 0.003906 0.240234 0.003906 0.246094 0.001953 0.246094
0 0.511719 0.244141 0.511719 0.248047 0.507812 0.248047 0.505859 0.246094 0.509766 0.242188
0 0.130859 0.248047 0.128906 0.250000 0.128906 0.251953 0.126953 0.253906 0.121094 0.253906 0.119141 0.251953 0.119141 0.250000 0.117188 0.248047 0.117188 0.246094 0.119141 0.244141 0.119141 0.242188 0.121094 0.240234 0.126953 0.240234 0.128906 0.242188 0.128906 0.244141 0.130859 0.246094
0 0.128906 0.269531 0.126953 0.269531 0.125000 0.271484 0.121094 0.271484 0.119141 0.269531 0.119141 0.263672 0.121094 0.261719 0.125000 0.261719 0.126953 0.263672 0.128906 0.263672
0 0.289062 0.275391 0.289062 0.279297 0.285156 0.279297 0.283203 0.277344 0.287109 0.273438
0 0.279297 0.277344 0.279297 0.281250 0.275391 0.281250 0.273438 0.279297 0.277344 0.275391
0 0.128906 0.287109 0.126953 0.287109 0.125000 0.289062 0.121094 0.289062 0.119141 0.287109 0.119141 0.281250 0.121094 0.279297 0.125000 0.279297 0.126953 0.281250 0.128906 0.281250
0 0.285156 0.285156 0.285156 0.289062 0.281250 0.289062 0.279297 0.287109 0.283203 0.283203
0 0.128906 0.302734 0.128906 0.306641 0.125000 0.306641 0.123047 0.304688 0.126953 0.300781
0 0.935547 0.304688 0.935547 0.308594 0.931641 0.308594 0.929688 0.306641 0.933594 0.302734
0 0.126953 0.312500 0.126953 0.316406 0.123047 0.316406 0.121094 0.314453 0.125000 0.310547
0 0.933594 0.314453 0.933594 0.318359 0.929688 0.318359 0.927734 0.316406 0.931641 0.312500
0 0.941406 0.314453 0.941406 0.318359 0.937500 0.318359 0.935547 0.316406 0.939453 0.312500
0 0.480469 0.318359 0.480469 0.322266 0.476562 0.322266 0.474609 0.320312 0.478516 0.316406
0 0.595703 0.318359 0.595703 0.322266 0.591797 0.322266 0.589844 0.320312 0.593750 0.316406
0 0.126953 0.326172 0.125000 0.326172 0.123047 0.328125 0.119141 0.328125 0.117188 0.326172 0.117188 0.320312 0.119141 0.318359 0.123047 0.318359 0.125000 0.320312 0.126953 0.320312
0 0.470703 0.322266 0.470703 0.326172 0.466797 0.326172 0.464844 0.324219 0.468750 0.320312
0 0.306641 0.326172 0.306641 0.330078 0.302734 0.330078 0.300781 0.328125 0.304688 0.324219
0 0.476562 0.328125 0.476562 0.332031 0.472656 0.332031 0.470703 0.330078 0.474609 0.326172
0 0.302734 0.335938 0.302734 0.339844 0.298828 0.339844 0.296875 0.337891 0.300781 0.333984
0 0.308594 0.335938 0.308594 0.339844 0.304688 0.339844 0.302734 0.337891 0.306641 0.333984
0 0.167969 0.343750 0.166016 0.343750 0.164062 0.345703 0.160156 0.345703 0.158203 0.343750 0.158203 0.337891 0.160156 0.335938 0.164062 0.335938 0.166016 0.337891 0.167969 0.337891
0 0.576172 0.341797 0.574219 0.343750 0.574219 0.345703 0.572266 0.347656 0.566406 0.347656 0.564453 0.345703 0.564453 0.343750 0.562500 0.341797 0.562500 0.339844 0.564453 0.337891 0.564453 0.335938 0.566406 0.333984 0.572266 0.333984 0.574219 0.335938 0.574219 0.337891 0.576172 0.339844
0 0.607422 0.343750 0.601562 0.349609 0.595703 0.349609 0.589844 0.343750 0.589844 0.337891 0.595703 0.332031 0.601562 0.332031 0.607422 0.337891
0 0.136719 0.349609 0.134766 0.351562 0.134766 0.353516 0.132812 0.355469 0.126953 0.355469 0.125000 0.353516 0.125000 0.351562 0.123047 0.349609 0.123047 0.347656 0.125000 0.345703 0.125000 0.343750 0.126953 0.341797 0.132812 0.341797 0.134766 0.343750 0.134766 0.345703 0.136719 0.347656
0 0.294922 0.347656 0.294922 0.351562 0.291016 0.351562 0.289062 0.349609 0.292969 0.345703
0 0.189453 0.353516 0.187500 0.355469 0.187500 0.357422 0.185547 0.359375 0.179688 0.359375 0.177734 0.357422 0.177734 0.355469 0.175781 0.353516 0.175781 0.351562 0.177734 0.349609 0.177734 0.347656 0.179688 0.345703 0.185547 0.345703 0.187500 0.347656 0.187500 0.349609 0.189453 0.351562
0 0.556641 0.353516 0.556641 0.357422 0.552734 0.357422 0.550781 0.355469 0.554688 0.351562
0 0.550781 0.359375 0.550781 0.363281 0.546875 0.363281 0.544922 0.361328 0.548828 0.357422
0 0.574219 0.361328 0.572266 0.363281 0.572266 0.365234 0.570312 0.367188 0.564453 0.367188 0.562500 0.365234 0.562500 0.363281 0.560547 0.361328 0.560547 0.359375 0.562500 0.357422 0.562500 0.355469 0.564453 0.353516 0.570312 0.353516 0.572266 0.355469 0.572266 0.357422 0.574219 0.359375
0 0.287109 0.367188 0.285156 0.367188 0.283203 0.369141 0.279297 0.369141 0.277344 0.367188 0.277344 0.361328 0.279297 0.359375 0.283203 0.359375 0.285156 0.361328 0.287109 0.361328
0 0.298828 0.363281 0.298828 0.367188 0.294922 0.367188 0.292969 0.365234 0.296875 0.361328
0 0.271484 0.365234 0.271484 0.369141 0.267578 0.369141 0.265625 0.367188 0.269531 0.363281
0 0.306641 0.365234 0.306641 0.369141 0.302734 0.369141 0.300781 0.367188 0.304688 0.363281
0 0.558594 0.365234 0.558594 0.369141 0.554688 0.369141 0.552734 0.367188 0.556641 0.363281
0 0.296875 0.369141 0.296875 0.373047 0.292969 0.373047 0.291016 0.371094 0.294922 0.367188
0 0.732422 0.371094 0.732422 0.375000 0.728516 0.375000 0.726562 0.373047 0.730469 0.369141
0 0.001953 0.380859 0.000000 0.380859 0.000000 0.367188 0.001953 0.367188 0.003906 0.369141 0.003906 0.371094 0.005859 0.373047 0.005859 0.375000 0.003906 0.376953 0.003906 0.378906
0 0.593750 0.376953 0.587891 0.382812 0.582031 0.382812 0.576172 0.376953 0.576172 0.371094 0.582031 0.365234 0.587891 0.365234 0.593750 0.371094
0 0.199219 0.380859 0.193359 0.386719 0.187500 0.386719 0.181641 0.380859 0.181641 0.375000 0.187500 0.369141 0.193359 0.369141 0.199219 0.375000
0 0.244141 0.376953 0.244141 0.380859 0.240234 0.380859 0.238281 0.378906 0.242188 0.375000
0 0.929688 0.376953 0.929688 0.380859 0.925781 0.380859 0.923828 0.378906 0.927734 0.375000
0 0.318359 0.380859 0.318359 0.384766 0.314453 0.384766 0.312500 0.382812 0.316406 0.378906
0 0.919922 0.380859 0.919922 0.384766 0.916016 0.384766 0.914062 0.382812 0.917969 0.378906
0 0.164062 0.392578 0.162109 0.392578 0.160156 0.394531 0.150391 0.394531 0.144531 0.388672 0.144531 0.378906 0.146484 0.376953 0.148438 0.376953 0.148438 0.375000 0.150391 0.373047 0.160156 0.373047 0.166016 0.378906 0.166016 0.388672 0.164062 0.390625
0 0.281250 0.382812 0.281250 0.386719 0.277344 0.386719 0.275391 0.384766 0.279297 0.380859
0 0.289062 0.382812 0.289062 0.386719 0.285156 0.386719 0.283203 0.384766 0.287109 0.380859
0 0.138672 0.388672 0.136719 0.390625 0.136719 0.392578 0.134766 0.394531 0.128906 0.394531 0.126953 0.392578 0.126953 0.390625 0.125000 0.388672 0.125000 0.386719 0.126953 0.384766 0.126953 0.382812 0.128906 0.380859 0.134766 0.380859 0.136719 0.382812 0.136719 0.384766 0.138672 0.386719
0 0.927734 0.386719 0.927734 0.390625 0.923828 0.390625 0.921875 0.388672 0.925781 0.384766
0 0.292969 0.392578 0.291016 0.392578 0.289062 0.394531 0.285156 0.394531 0.283203 0.392578 0.283203 0.386719 0.285156 0.384766 0.289062 0.384766 0.291016 0.386719 0.292969 0.386719
0 0.320312 0.390625 0.320312 0.394531 0.316406 0.394531 0.314453 0.392578 0.318359 0.388672
0 0.011719 0.396484 0.009766 0.396484 0.007812 0.398438 0.003906 0.398438 0.001953 0.396484 0.001953 0.390625 0.003906 0.388672 0.007812 0.388672 0.009766 0.390625 0.011719 0.390625
0 0.191406 0.400391 0.189453 0.400391 0.187500 0.402344 0.183594 0.402344 0.181641 0.400391 0.181641 0.394531 0.183594 0.392578 0.187500 0.392578 0.189453 0.394531 0.191406 0.394531
0 0.328125 0.400391 0.328125 0.404297 0.324219 0.404297 0.322266 0.402344 0.326172 0.398438
0 0.353516 0.406250 0.351562 0.406250 0.349609 0.408203 0.345703 0.408203 0.343750 0.406250 0.343750 0.400391 0.345703 0.398438 0.349609 0.398438 0.351562 0.400391 0.353516 0.400391
0 0.335938 0.406250 0.335938 0.410156 0.332031 0.410156 0.330078 0.408203 0.333984 0.404297
0 0.371094 0.410156 0.369141 0.410156 0.367188 0.412109 0.363281 0.412109 0.361328 0.410156 0.361328 0.404297 0.363281 0.402344 0.367188 0.402344 0.369141 0.404297 0.371094 0.404297
0 0.003906 0.419922 0.000000 0.419922 0.000000 0.398438 0.003906 0.398438 0.005859 0.400391 0.005859 0.402344 0.007812 0.402344 0.009766 0.404297 0.009766 0.414062 0.007812 0.416016 0.007812 0.417969 0.005859 0.417969
0 0.287109 0.416016 0.281250 0.421875 0.275391 0.421875 0.269531 0.416016 0.269531 0.410156 0.275391 0.404297 0.281250 0.404297 0.287109 0.410156
0 0.865234 0.414062 0.865234 0.417969 0.861328 0.417969 0.859375 0.416016 0.863281 0.412109
0 0.542969 0.416016 0.542969 0.419922 0.539062 0.419922 0.537109 0.417969 0.541016 0.414062
0 0.787109 0.419922 0.785156 0.419922 0.783203 0.421875 0.779297 0.421875 0.777344 0.419922 0.777344 0.414062 0.779297 0.412109 0.783203 0.412109 0.785156 0.414062 0.787109 0.414062
0 0.328125 0.421875 0.326172 0.421875 0.324219 0.423828 0.320312 0.423828 0.318359 0.421875 0.318359 0.416016 0.320312 0.414062 0.324219 0.414062 0.326172 0.416016 0.328125 0.416016
0 0.240234 0.421875 0.238281 0.423828 0.238281 0.425781 0.236328 0.427734 0.230469 0.427734 0.228516 0.425781 0.228516 0.423828 0.226562 0.421875 0.226562 0.419922 0.228516 0.417969 0.228516 0.416016 0.230469 0.414062 0.236328 0.414062 0.238281 0.416016 0.238281 0.417969 0.240234 0.419922
0 0.359375 0.421875 0.357422 0.423828 0.357422 0.425781 0.355469 0.427734 0.349609 0.427734 0.347656 0.425781 0.347656 0.423828 0.345703 0.421875 0.345703 0.419922 0.347656 0.417969 0.347656 0.416016 0.349609 0.414062 0.355469 0.414062 0.357422 0.416016 0.357422 0.417969 0.359375 0.419922
0 0.800781 0.423828 0.798828 0.423828 0.796875 0.425781 0.792969 0.425781 0.791016 0.423828 0.791016 0.417969 0.792969 0.416016 0.796875 0.416016 0.798828 0.417969 0.800781 0.417969
0 0.873047 0.419922 0.873047 0.423828 0.869141 0.423828 0.867188 0.421875 0.871094 0.417969
0 0.537109 0.421875 0.537109 0.425781 0.533203 0.425781 0.531250 0.423828 0.535156 0.419922
0 0.556641 0.421875 0.556641 0.425781 0.552734 0.425781 0.550781 0.423828 0.554688 0.419922
0 0.863281 0.421875 0.863281 0.425781 0.859375 0.425781 0.857422 0.423828 0.861328 0.419922
0 0.312500 0.423828 0.312500 0.427734 0.308594 0.427734 0.306641 0.425781 0.310547 0.421875
0 0.353516 0.433594 0.351562 0.433594 0.349609 0.435547 0.339844 0.435547 0.333984 0.429688 0.333984 0.419922 0.335938 0.417969 0.337891 0.417969 0.337891 0.416016 0.339844 0.414062 0.349609 0.414062 0.355469 0.419922 0.355469 0.429688 0.353516 0.431641
0 0.806641 0.429688 0.804688 0.429688 0.802734 0.431641 0.798828 0.431641 0.796875 0.429688 0.796875 0.423828 0.798828 0.421875 0.802734 0.421875 0.804688 0.423828 0.806641 0.423828
0 0.367188 0.427734 0.367188 0.431641 0.363281 0.431641 0.361328 0.429688 0.365234 0.425781
0 0.304688 0.435547 0.302734 0.435547 0.300781 0.437500 0.296875 0.437500 0.294922 0.435547 0.294922 0.429688 0.296875 0.427734 0.300781 0.427734 0.302734 0.429688 0.304688 0.429688
0 0.322266 0.439453 0.320312 0.439453 0.318359 0.441406 0.314453 0.441406 0.312500 0.439453 0.312500 0.433594 0.314453 0.431641 0.318359 0.431641 0.320312 0.433594 0.322266 0.433594
0 0.332031 0.435547 0.332031 0.439453 0.328125 0.439453 0.326172 0.437500 0.330078 0.433594
0 0.552734 0.437500 0.552734 0.441406 0.548828 0.441406 0.546875 0.439453 0.550781 0.435547
0 0.783203 0.437500 0.783203 0.441406 0.779297 0.441406 0.777344 0.439453 0.781250 0.435547
0 0.800781 0.441406 0.800781 0.445312 0.796875 0.445312 0.794922 0.443359 0.798828 0.439453
0 0.722656 0.455078 0.722656 0.458984 0.718750 0.458984 0.716797 0.457031 0.720703 0.453125
0 0.019531 0.458984 0.017578 0.460938 0.017578 0.462891 0.015625 0.464844 0.009766 0.464844 0.007812 0.462891 0.007812 0.460938 0.005859 0.458984 0.005859 0.457031 0.007812 0.455078 0.007812 0.453125 0.009766 0.451172 0.015625 0.451172 0.017578 0.453125 0.017578 0.455078 0.019531 0.457031
0 0.378906 0.460938 0.376953 0.462891 0.376953 0.464844 0.375000 0.466797 0.369141 0.466797 0.367188 0.464844 0.367188 0.462891 0.365234 0.460938 0.365234 0.458984 0.367188 0.457031 0.367188 0.455078 0.369141 0.453125 0.375000 0.453125 0.376953 0.455078 0.376953 0.457031 0.378906 0.458984
0 0.712891 0.458984 0.712891 0.462891 0.708984 0.462891 0.707031 0.460938 0.710938 0.457031
0 0.556641 0.468750 0.554688 0.470703 0.554688 0.472656 0.552734 0.474609 0.546875 0.474609 0.544922 0.472656 0.544922 0.470703 0.542969 0.468750 0.542969 0.466797 0.544922 0.464844 0.544922 0.462891 0.546875 0.460938 0.552734 0.460938 0.554688 0.462891 0.554688 0.464844 0.556641 0.466797
0 0.804688 0.470703 0.802734 0.470703 0.800781 0.472656 0.796875 0.472656 0.794922 0.470703 0.794922 0.464844 0.796875 0.462891 0.800781 0.462891 0.802734 0.464844 0.804688 0.464844
0 0.386719 0.468750 0.386719 0.472656 0.382812 0.472656 0.380859 0.470703 0.384766 0.466797
0 0.003906 0.482422 0.000000 0.482422 0.000000 0.460938 0.003906 0.460938 0.005859 0.462891 0.005859 0.464844 0.007812 0.464844 0.009766 0.466797 0.009766 0.476562 0.007812 0.478516 0.007812 0.480469 0.005859 0.480469
0 0.800781 0.476562 0.798828 0.476562 0.796875 0.478516 0.792969 0.478516 0.791016 0.476562 0.791016 0.470703 0.792969 0.468750 0.796875 0.468750 0.798828 0.470703 0.800781 0.470703
0 0.787109 0.476562 0.785156 0.478516 0.785156 0.480469 0.783203 0.482422 0.777344 0.482422 0.775391 0.480469 0.775391 0.478516 0.773438 0.476562 0.773438 0.474609 0.775391 0.472656 0.775391 0.470703 0.777344 0.468750 0.783203 0.468750 0.785156 0.470703 0.785156 0.472656 0.787109 0.474609
0 0.367188 0.484375 0.365234 0.484375 0.363281 0.486328 0.359375 0.486328 0.357422 0.484375 0.357422 0.478516 0.359375 0.476562 0.363281 0.476562 0.365234 0.478516 0.367188 0.478516
0 0.384766 0.486328 0.382812 0.486328 0.380859 0.488281 0.376953 0.488281 0.375000 0.486328 0.375000 0.480469 0.376953 0.478516 0.380859 0.478516 0.382812 0.480469 0.384766 0.480469
0 0.769531 0.488281 0.769531 0.492188 0.765625 0.492188 0.763672 0.490234 0.767578 0.486328
0 0.046875 0.494141 0.041016 0.500000 0.035156 0.500000 0.029297 0.494141 0.029297 0.488281 0.035156 0.482422 0.041016 0.482422 0.046875 0.488281
0 0.068359 0.494141 0.066406 0.494141 0.064453 0.496094 0.060547 0.496094 0.058594 0.494141 0.058594 0.488281 0.060547 0.486328 0.064453 0.486328 0.066406 0.488281 0.068359 0.488281
0 0.371094 0.500000 0.369141 0.500000 0.367188 0.501953 0.357422 0.501953 0.351562 0.496094 0.351562 0.486328 0.353516 0.484375 0.355469 0.484375 0.355469 0.482422 0.357422 0.480469 0.367188 0.480469 0.373047 0.486328 0.373047 0.496094 0.371094 0.498047
0 0.734375 0.494141 0.732422 0.494141 0.730469 0.496094 0.726562 0.496094 0.724609 0.494141 0.724609 0.488281 0.726562 0.486328 0.730469 0.486328 0.732422 0.488281 0.734375 0.488281
0 0.779297 0.490234 0.779297 0.494141 0.775391 0.494141 0.773438 0.492188 0.777344 0.488281
0 0.605469 0.496094 0.603516 0.496094 0.601562 0.498047 0.597656 0.498047 0.595703 0.496094 0.595703 0.490234 0.597656 0.488281 0.601562 0.488281 0.603516 0.490234 0.605469 0.490234
0 0.654297 0.496094 0.654297 0.500000 0.650391 0.500000 0.648438 0.498047 0.652344 0.494141
0 0.531250 0.500000 0.529297 0.501953 0.529297 0.503906 0.527344 0.505859 0.521484 0.505859 0.519531 0.503906 0.519531 0.501953 0.517578 0.500000 0.517578 0.498047 0.519531 0.496094 0.519531 0.494141 0.521484 0.492188 0.527344 0.492188 0.529297 0.494141 0.529297 0.496094 0.531250 0.498047
0 0.714844 0.501953 0.712891 0.501953 0.710938 0.503906 0.707031 0.503906 0.705078 0.501953 0.705078 0.496094 0.707031 0.494141 0.710938 0.494141 0.712891 0.496094 0.714844 0.496094
0 0.552734 0.509766 0.550781 0.509766 0.548828 0.511719 0.539062 0.511719 0.533203 0.505859 0.533203 0.496094 0.535156 0.494141 0.537109 0.494141 0.537109 0.492188 0.539062 0.490234 0.548828 0.490234 0.554688 0.496094 0.554688 0.505859 0.552734 0.507812
0 0.359375 0.505859 0.357422 0.505859 0.355469 0.507812 0.351562 0.507812 0.349609 0.505859 0.349609 0.500000 0.351562 0.498047 0.355469 0.498047 0.357422 0.500000 0.359375 0.500000
0 0.595703 0.505859 0.593750 0.505859 0.591797 0.507812 0.587891 0.507812 0.585938 0.505859 0.585938 0.500000 0.587891 0.498047 0.591797 0.498047 0.593750 0.500000 0.595703 0.500000
0 0.660156 0.501953 0.660156 0.505859 0.656250 0.505859 0.654297 0.503906 0.658203 0.500000
0 0.724609 0.507812 0.722656 0.507812 0.720703 0.509766 0.716797 0.509766 0.714844 0.507812 0.714844 0.501953 0.716797 0.500000 0.720703 0.500000 0.722656 0.501953 0.724609 0.501953
0 0.656250 0.507812 0.656250 0.511719 0.652344 0.511719 0.650391 0.509766 0.654297 0.505859
0 0.556641 0.509766 0.556641 0.513672 0.552734 0.513672 0.550781 0.511719 0.554688 0.507812
0 0.619141 0.511719 0.617188 0.513672 0.617188 0.515625 0.615234 0.517578 0.609375 0.517578 0.607422 0.515625 0.607422 0.513672 0.605469 0.511719 0.605469 0.509766 0.607422 0.507812 0.607422 0.505859 0.609375 0.503906 0.615234 0.503906 0.617188 0.505859 0.617188 0.507812 0.619141 0.509766
0 0.001953 0.519531 0.000000 0.519531 0.000000 0.505859 0.001953 0.505859 0.003906 0.507812 0.003906 0.509766 0.005859 0.511719 0.005859 0.513672 0.003906 0.515625 0.003906 0.517578
0 0.728516 0.521484 0.726562 0.521484 0.724609 0.523438 0.714844 0.523438 0.708984 0.517578 0.708984 0.507812 0.710938 0.505859 0.712891 0.505859 0.712891 0.503906 0.714844 0.501953 0.724609 0.501953 0.730469 0.507812 0.730469 0.517578 0.728516 0.519531
0 0.087891 0.525391 0.085938 0.525391 0.083984 0.527344 0.074219 0.527344 0.068359 0.521484 0.068359 0.511719 0.070312 0.509766 0.072266 0.509766 0.072266 0.507812 0.074219 0.505859 0.083984 0.505859 0.089844 0.511719 0.089844 0.521484 0.087891 0.523438
0 0.546875 0.515625 0.546875 0.519531 0.542969 0.519531 0.541016 0.517578 0.544922 0.513672
0 0.650391 0.519531 0.644531 0.525391 0.638672 0.525391 0.632812 0.519531 0.632812 0.513672 0.638672 0.507812 0.644531 0.507812 0.650391 0.513672
0 0.373047 0.519531 0.373047 0.523438 0.369141 0.523438 0.367188 0.521484 0.371094 0.517578
0 0.562500 0.519531 0.562500 0.523438 0.558594 0.523438 0.556641 0.521484 0.560547 0.517578
0 0.660156 0.519531 0.660156 0.523438 0.656250 0.523438 0.654297 0.521484 0.658203 0.517578
0 0.554688 0.523438 0.554688 0.527344 0.550781 0.527344 0.548828 0.525391 0.552734 0.521484
0 0.085938 0.527344 0.083984 0.529297 0.083984 0.531250 0.082031 0.533203 0.076172 0.533203 0.074219 0.531250 0.074219 0.529297 0.072266 0.527344 0.072266 0.525391 0.074219 0.523438 0.074219 0.521484 0.076172 0.519531 0.082031 0.519531 0.083984 0.521484 0.083984 0.523438 0.085938 0.525391
0 0.361328 0.527344 0.361328 0.531250 0.357422 0.531250 0.355469 0.529297 0.359375 0.525391
0 0.767578 0.533203 0.765625 0.533203 0.763672 0.535156 0.759766 0.535156 0.757812 0.533203 0.757812 0.527344 0.759766 0.525391 0.763672 0.525391 0.765625 0.527344 0.767578 0.527344
0 0.775391 0.529297 0.775391 0.533203 0.771484 0.533203 0.769531 0.531250 0.773438 0.527344
0 0.658203 0.531250 0.658203 0.535156 0.654297 0.535156 0.652344 0.533203 0.656250 0.529297
0 0.722656 0.535156 0.720703 0.535156 0.718750 0.537109 0.714844 0.537109 0.712891 0.535156 0.712891 0.529297 0.714844 0.527344 0.718750 0.527344 0.720703 0.529297 0.722656 0.529297
0 0.164062 0.541016 0.162109 0.541016 0.160156 0.542969 0.156250 0.542969 0.154297 0.541016 0.154297 0.535156 0.156250 0.533203 0.160156 0.533203 0.162109 0.535156 0.164062 0.535156
0 0.349609 0.541016 0.349609 0.544922 0.345703 0.544922 0.343750 0.542969 0.347656 0.539062
0 0.072266 0.546875 0.070312 0.546875 0.068359 0.548828 0.064453 0.548828 0.062500 0.546875 0.062500 0.541016 0.064453 0.539062 0.068359 0.539062 0.070312 0.541016 0.072266 0.541016
0 0.746094 0.552734 0.744141 0.552734 0.742188 0.554688 0.732422 0.554688 0.726562 0.548828 0.726562 0.539062 0.728516 0.537109 0.730469 0.537109 0.730469 0.535156 0.732422 0.533203 0.742188 0.533203 0.748047 0.539062 0.748047 0.548828 0.746094 0.550781
0 0.123047 0.548828 0.121094 0.550781 0.121094 0.552734 0.119141 0.554688 0.113281 0.554688 0.111328 0.552734 0.111328 0.550781 0.109375 0.548828 0.109375 0.546875 0.111328 0.544922 0.111328 0.542969 0.113281 0.541016 0.119141 0.541016 0.121094 0.542969 0.121094 0.544922 0.123047 0.546875
0 0.714844 0.550781 0.712891 0.550781 0.710938 0.552734 0.707031 0.552734 0.705078 0.550781 0.705078 0.544922 0.707031 0.542969 0.710938 0.542969 0.712891 0.544922 0.714844 0.544922
0 0.751953 0.550781 0.750000 0.550781 0.748047 0.552734 0.744141 0.552734 0.742188 0.550781 0.742188 0.544922 0.744141 0.542969 0.748047 0.542969 0.750000 0.544922 0.751953 0.544922
0 0.773438 0.550781 0.771484 0.550781 0.769531 0.552734 0.765625 0.552734 0.763672 0.550781 0.763672 0.544922 0.765625 0.542969 0.769531 0.542969 0.771484 0.544922 0.773438 0.544922
0 0.578125 0.548828 0.578125 0.552734 0.574219 0.552734 0.572266 0.550781 0.576172 0.546875
0 0.345703 0.554688 0.343750 0.554688 0.341797 0.556641 0.337891 0.556641 0.335938 0.554688 0.335938 0.548828 0.337891 0.546875 0.341797 0.546875 0.343750 0.548828 0.345703 0.548828
0 0.181641 0.564453 0.179688 0.564453 0.177734 0.566406 0.167969 0.566406 0.162109 0.560547 0.162109 0.550781 0.164062 0.548828 0.166016 0.548828 0.166016 0.546875 0.167969 0.544922 0.177734 0.544922 0.183594 0.550781 0.183594 0.560547 0.181641 0.562500
0 0.765625 0.562500 0.763672 0.562500 0.761719 0.564453 0.757812 0.564453 0.755859 0.562500 0.755859 0.556641 0.757812 0.554688 0.761719 0.554688 0.763672 0.556641 0.765625 0.556641
0 0.105469 0.564453 0.099609 0.570312 0.093750 0.570312 0.087891 0.564453 0.087891 0.558594 0.093750 0.552734 0.099609 0.552734 0.105469 0.558594
0 0.576172 0.560547 0.576172 0.564453 0.572266 0.564453 0.570312 0.562500 0.574219 0.558594
0 0.498047 0.562500 0.498047 0.566406 0.494141 0.566406 0.492188 0.564453 0.496094 0.560547
0 0.908203 0.562500 0.908203 0.566406 0.904297 0.566406 0.902344 0.564453 0.906250 0.560547
0 0.951172 0.562500 0.951172 0.566406 0.947266 0.566406 0.945312 0.564453 0.949219 0.560547
0 0.769531 0.564453 0.769531 0.568359 0.765625 0.568359 0.763672 0.566406 0.767578 0.562500
0 0.513672 0.572266 0.511719 0.572266 0.509766 0.574219 0.505859 0.574219 0.503906 0.572266 0.503906 0.566406 0.505859 0.564453 0.509766 0.564453 0.511719 0.566406 0.513672 0.566406
0 0.755859 0.568359 0.755859 0.572266 0.751953 0.572266 0.750000 0.570312 0.753906 0.566406
0 0.917969 0.568359 0.917969 0.572266 0.914062 0.572266 0.912109 0.570312 0.916016 0.566406
0 0.957031 0.572266 0.957031 0.576172 0.953125 0.576172 0.951172 0.574219 0.955078 0.570312
0 0.593750 0.574219 0.593750 0.578125 0.589844 0.578125 0.587891 0.576172 0.591797 0.572266
0 0.761719 0.574219 0.761719 0.578125 0.757812 0.578125 0.755859 0.576172 0.759766 0.572266
0 0.332031 0.582031 0.330078 0.582031 0.328125 0.583984 0.324219 0.583984 0.322266 0.582031 0.322266 0.576172 0.324219 0.574219 0.328125 0.574219 0.330078 0.576172 0.332031 0.576172
0 0.494141 0.585938 0.492188 0.585938 0.490234 0.587891 0.486328 0.587891 0.484375 0.585938 0.484375 0.580078 0.486328 0.578125 0.490234 0.578125 0.492188 0.580078 0.494141 0.580078
0 0.896484 0.585938 0.894531 0.585938 0.892578 0.587891 0.888672 0.587891 0.886719 0.585938 0.886719 0.580078 0.888672 0.578125 0.892578 0.578125 0.894531 0.580078 0.896484 0.580078
0 0.476562 0.583984 0.476562 0.587891 0.472656 0.587891 0.470703 0.585938 0.474609 0.582031
0 0.154297 0.589844 0.148438 0.595703 0.142578 0.595703 0.136719 0.589844 0.136719 0.583984 0.142578 0.578125 0.148438 0.578125 0.154297 0.583984
0 0.328125 0.589844 0.326172 0.589844 0.324219 0.591797 0.320312 0.591797 0.318359 0.589844 0.318359 0.583984 0.320312 0.582031 0.324219 0.582031 0.326172 0.583984 0.328125 0.583984
0 0.597656 0.585938 0.597656 0.589844 0.593750 0.589844 0.591797 0.587891 0.595703 0.583984
0 0.503906 0.591797 0.501953 0.591797 0.500000 0.593750 0.496094 0.593750 0.494141 0.591797 0.494141 0.585938 0.496094 0.583984 0.500000 0.583984 0.501953 0.585938 0.503906 0.585938
0 0.839844 0.591797 0.837891 0.591797 0.835938 0.593750 0.832031 0.593750 0.830078 0.591797 0.830078 0.585938 0.832031 0.583984 0.835938 0.583984 0.837891 0.585938 0.839844 0.585938
0 0.880859 0.587891 0.880859 0.591797 0.876953 0.591797 0.875000 0.589844 0.878906 0.585938
0 0.585938 0.591797 0.583984 0.593750 0.583984 0.595703 0.582031 0.597656 0.576172 0.597656 0.574219 0.595703 0.574219 0.593750 0.572266 0.591797 0.572266 0.589844 0.574219 0.587891 0.574219 0.585938 0.576172 0.583984 0.582031 0.583984 0.583984 0.585938 0.583984 0.587891 0.585938 0.589844
0 0.060547 0.597656 0.058594 0.597656 0.056641 0.599609 0.052734 0.599609 0.050781 0.597656 0.050781 0.591797 0.052734 0.589844 0.056641 0.589844 0.058594 0.591797 0.060547 0.591797
0 0.421875 0.593750 0.421875 0.597656 0.417969 0.597656 0.416016 0.595703 0.419922 0.591797
0 0.882812 0.597656 0.880859 0.597656 0.878906 0.599609 0.875000 0.599609 0.873047 0.597656 0.873047 0.591797 0.875000 0.589844 0.878906 0.589844 0.880859 0.591797 0.882812 0.591797
0 0.412109 0.595703 0.412109 0.599609 0.408203 0.599609 0.406250 0.597656 0.410156 0.593750
0 0.701172 0.595703 0.701172 0.599609 0.697266 0.599609 0.695312 0.597656 0.699219 0.593750
0 0.457031 0.601562 0.455078 0.601562 0.453125 0.603516 0.449219 0.603516 0.447266 0.601562 0.447266 0.595703 0.449219 0.593750 0.453125 0.593750 0.455078 0.595703 0.457031 0.595703
0 0.080078 0.603516 0.078125 0.603516 0.076172 0.605469 0.072266 0.605469 0.070312 0.603516 0.070312 0.597656 0.072266 0.595703 0.076172 0.595703 0.078125 0.597656 0.080078 0.597656
0 0.900391 0.603516 0.898438 0.603516 0.896484 0.605469 0.892578 0.605469 0.890625 0.603516 0.890625 0.597656 0.892578 0.595703 0.896484 0.595703 0.898438 0.597656 0.900391 0.597656
0 0.166016 0.603516 0.164062 0.605469 0.164062 0.607422 0.162109 0.609375 0.156250 0.609375 0.154297 0.607422 0.154297 0.605469 0.152344 0.603516 0.152344 0.601562 0.154297 0.599609 0.154297 0.597656 0.156250 0.595703 0.162109 0.595703 0.164062 0.597656 0.164062 0.599609 0.166016 0.601562
0 0.359375 0.605469 0.357422 0.605469 0.355469 0.607422 0.351562 0.607422 0.349609 0.605469 0.349609 0.599609 0.351562 0.597656 0.355469 0.597656 0.357422 0.599609 0.359375 0.599609
0 0.822266 0.605469 0.820312 0.605469 0.818359 0.607422 0.814453 0.607422 0.812500 0.605469 0.812500 0.599609 0.814453 0.597656 0.818359 0.597656 0.820312 0.599609 0.822266 0.599609
0 0.322266 0.605469 0.320312 0.607422 0.320312 0.609375 0.318359 0.611328 0.312500 0.611328 0.310547 0.609375 0.310547 0.607422 0.308594 0.605469 0.308594 0.603516 0.310547 0.601562 0.310547 0.599609 0.312500 0.597656 0.318359 0.597656 0.320312 0.599609 0.320312 0.601562 0.322266 0.603516
0 0.365234 0.607422 0.363281 0.607422 0.361328 0.609375 0.357422 0.609375 0.355469 0.607422 0.355469 0.601562 0.357422 0.599609 0.361328 0.599609 0.363281 0.601562 0.365234 0.601562
0 0.410156 0.603516 0.410156 0.607422 0.406250 0.607422 0.404297 0.605469 0.408203 0.601562
0 0.841797 0.607422 0.839844 0.607422 0.837891 0.609375 0.833984 0.609375 0.832031 0.607422 0.832031 0.601562 0.833984 0.599609 0.837891 0.599609 0.839844 0.601562 0.841797 0.601562
0 0.511719 0.609375 0.509766 0.609375 0.507812 0.611328 0.503906 0.611328 0.501953 0.609375 0.501953 0.603516 0.503906 0.601562 0.507812 0.601562 0.509766 0.603516 0.511719 0.603516
0 0.345703 0.609375 0.343750 0.611328 0.343750 0.613281 0.341797 0.615234 0.335938 0.615234 0.333984 0.613281 0.333984 0.611328 0.332031 0.609375 0.332031 0.607422 0.333984 0.605469 0.333984 0.603516 0.335938 0.601562 0.341797 0.601562 0.343750 0.603516 0.343750 0.605469 0.345703 0.607422
0 0.572266 0.611328 0.570312 0.611328 0.568359 0.613281 0.564453 0.613281 0.562500 0.611328 0.562500 0.605469 0.564453 0.603516 0.568359 0.603516 0.570312 0.605469 0.572266 0.605469
0 0.943359 0.607422 0.943359 0.611328 0.939453 0.611328 0.937500 0.609375 0.941406 0.605469
0 0.423828 0.613281 0.421875 0.613281 0.419922 0.615234 0.416016 0.615234 0.414062 0.613281 0.414062 0.607422 0.416016 0.605469 0.419922 0.605469 0.421875 0.607422 0.423828 0.607422
0 0.482422 0.613281 0.480469 0.613281 0.478516 0.615234 0.474609 0.615234 0.472656 0.613281 0.472656 0.607422 0.474609 0.605469 0.478516 0.605469 0.480469 0.607422 0.482422 0.607422
0 0.714844 0.611328 0.712891 0.613281 0.712891 0.615234 0.710938 0.617188 0.705078 0.617188 0.703125 0.615234 0.703125 0.613281 0.701172 0.611328 0.701172 0.609375 0.703125 0.607422 0.703125 0.605469 0.705078 0.603516 0.710938 0.603516 0.712891 0.605469 0.712891 0.607422 0.714844 0.609375
0 0.777344 0.609375 0.777344 0.613281 0.773438 0.613281 0.771484 0.611328 0.775391 0.607422
0 0.593750 0.613281 0.591797 0.615234 0.591797 0.617188 0.589844 0.619141 0.583984 0.619141 0.582031 0.617188 0.582031 0.615234 0.580078 0.613281 0.580078 0.611328 0.582031 0.609375 0.582031 0.607422 0.583984 0.605469 0.589844 0.605469 0.591797 0.607422 0.591797 0.609375 0.593750 0.611328
0 0.695312 0.615234 0.693359 0.615234 0.691406 0.617188 0.687500 0.617188 0.685547 0.615234 0.685547 0.609375 0.687500 0.607422 0.691406 0.607422 0.693359 0.609375 0.695312 0.609375
0 0.453125 0.623047 0.451172 0.623047 0.449219 0.625000 0.439453 0.625000 0.433594 0.619141 0.433594 0.609375 0.435547 0.607422 0.437500 0.607422 0.437500 0.605469 0.439453 0.603516 0.449219 0.603516 0.455078 0.609375 0.455078 0.619141 0.453125 0.621094
0 0.503906 0.617188 0.501953 0.617188 0.500000 0.619141 0.496094 0.619141 0.494141 0.617188 0.494141 0.611328 0.496094 0.609375 0.500000 0.609375 0.501953 0.611328 0.503906 0.611328
0 0.679688 0.613281 0.679688 0.617188 0.675781 0.617188 0.673828 0.615234 0.677734 0.611328
0 0.734375 0.617188 0.732422 0.617188 0.730469 0.619141 0.726562 0.619141 0.724609 0.617188 0.724609 0.611328 0.726562 0.609375 0.730469 0.609375 0.732422 0.611328 0.734375 0.611328
0 0.767578 0.617188 0.765625 0.617188 0.763672 0.619141 0.759766 0.619141 0.757812 0.617188 0.757812 0.611328 0.759766 0.609375 0.763672 0.609375 0.765625 0.611328 0.767578 0.611328
0 0.302734 0.619141 0.300781 0.619141 0.298828 0.621094 0.294922 0.621094 0.292969 0.619141 0.292969 0.613281 0.294922 0.611328 0.298828 0.611328 0.300781 0.613281 0.302734 0.613281
0 0.318359 0.625000 0.316406 0.625000 0.314453 0.626953 0.304688 0.626953 0.298828 0.621094 0.298828 0.611328 0.300781 0.609375 0.302734 0.609375 0.302734 0.607422 0.304688 0.605469 0.314453 0.605469 0.320312 0.611328 0.320312 0.621094 0.318359 0.623047
0 0.605469 0.615234 0.605469 0.619141 0.601562 0.619141 0.599609 0.617188 0.603516 0.613281
0 0.716797 0.615234 0.716797 0.619141 0.712891 0.619141 0.710938 0.617188 0.714844 0.613281
0 0.830078 0.625000 0.828125 0.625000 0.826172 0.626953 0.816406 0.626953 0.810547 0.621094 0.810547 0.611328 0.812500 0.609375 0.814453 0.609375 0.814453 0.607422 0.816406 0.605469 0.826172 0.605469 0.832031 0.611328 0.832031 0.621094 0.830078 0.623047
0 0.187500 0.619141 0.185547 0.621094 0.185547 0.623047 0.183594 0.625000 0.177734 0.625000 0.175781 0.623047 0.175781 0.621094 0.173828 0.619141 0.173828 0.617188 0.175781 0.615234 0.175781 0.613281 0.177734 0.611328 0.183594 0.611328 0.185547 0.613281 0.185547 0.615234 0.187500 0.617188
0 0.785156 0.621094 0.783203 0.621094 0.781250 0.623047 0.777344 0.623047 0.775391 0.621094 0.775391 0.615234 0.777344 0.613281 0.781250 0.613281 0.783203 0.615234 0.785156 0.615234
0 0.947266 0.617188 0.947266 0.621094 0.943359 0.621094 0.941406 0.619141 0.945312 0.615234
0 0.439453 0.623047 0.437500 0.623047 0.435547 0.625000 0.431641 0.625000 0.429688 0.623047 0.429688 0.617188 0.431641 0.615234 0.435547 0.615234 0.437500 0.617188 0.439453 0.617188
0 0.767578 0.619141 0.767578 0.623047 0.763672 0.623047 0.761719 0.621094 0.765625 0.617188
0 0.369141 0.625000 0.367188 0.625000 0.365234 0.626953 0.361328 0.626953 0.359375 0.625000 0.359375 0.619141 0.361328 0.617188 0.365234 0.617188 0.367188 0.619141 0.369141 0.619141
0 0.685547 0.621094 0.685547 0.625000 0.681641 0.625000 0.679688 0.623047 0.683594 0.619141
0 0.724609 0.621094 0.724609 0.625000 0.720703 0.625000 0.718750 0.623047 0.722656 0.619141
0 0.603516 0.623047 0.603516 0.626953 0.599609 0.626953 0.597656 0.625000 0.601562 0.621094
0 0.824219 0.626953 0.822266 0.626953 0.820312 0.628906 0.816406 0.628906 0.814453 0.626953 0.814453 0.621094 0.816406 0.619141 0.820312 0.619141 0.822266 0.621094 0.824219 0.621094
0 0.291016 0.628906 0.289062 0.630859 0.289062 0.632812 0.287109 0.634766 0.281250 0.634766 0.279297 0.632812 0.279297 0.630859 0.277344 0.628906 0.277344 0.626953 0.279297 0.625000 0.279297 0.623047 0.281250 0.621094 0.287109 0.621094 0.289062 0.623047 0.289062 0.625000 0.291016 0.626953
0 0.812500 0.626953 0.812500 0.630859 0.808594 0.630859 0.806641 0.628906 0.810547 0.625000
0 0.449219 0.628906 0.449219 0.632812 0.445312 0.632812 0.443359 0.630859 0.447266 0.626953
0 0.777344 0.630859 0.775391 0.632812 0.775391 0.634766 0.773438 0.636719 0.767578 0.636719 0.765625 0.634766 0.765625 0.632812 0.763672 0.630859 0.763672 0.628906 0.765625 0.626953 0.765625 0.625000 0.767578 0.623047 0.773438 0.623047 0.775391 0.625000 0.775391 0.626953 0.777344 0.628906
0 0.337891 0.634766 0.335938 0.634766 0.333984 0.636719 0.330078 0.636719 0.328125 0.634766 0.328125 0.628906 0.330078 0.626953 0.333984 0.626953 0.335938 0.628906 0.337891 0.628906
0 0.433594 0.634766 0.431641 0.634766 0.429688 0.636719 0.425781 0.636719 0.423828 0.634766 0.423828 0.628906 0.425781 0.626953 0.429688 0.626953 0.431641 0.628906 0.433594 0.628906
0 0.603516 0.638672 0.597656 0.644531 0.591797 0.644531 0.585938 0.638672 0.585938 0.632812 0.591797 0.626953 0.597656 0.626953 0.603516 0.632812
0 0.812500 0.634766 0.812500 0.638672 0.808594 0.638672 0.806641 0.636719 0.810547 0.632812
0 0.835938 0.636719 0.833984 0.638672 0.833984 0.640625 0.832031 0.642578 0.826172 0.642578 0.824219 0.640625 0.824219 0.638672 0.822266 0.636719 0.822266 0.634766 0.824219 0.632812 0.824219 0.630859 0.826172 0.628906 0.832031 0.628906 0.833984 0.630859 0.833984 0.632812 0.835938 0.634766
0 0.843750 0.634766 0.843750 0.638672 0.839844 0.638672 0.837891 0.636719 0.841797 0.632812
0 0.765625 0.636719 0.765625 0.640625 0.761719 0.640625 0.759766 0.638672 0.763672 0.634766
0 0.441406 0.642578 0.439453 0.642578 0.437500 0.644531 0.433594 0.644531 0.431641 0.642578 0.431641 0.636719 0.433594 0.634766 0.437500 0.634766 0.439453 0.636719 0.441406 0.636719
0 0.818359 0.638672 0.818359 0.642578 0.814453 0.642578 0.812500 0.640625 0.816406 0.636719
0 0.837891 0.640625 0.837891 0.644531 0.833984 0.644531 0.832031 0.642578 0.835938 0.638672
0 0.279297 0.646484 0.277344 0.646484 0.275391 0.648438 0.271484 0.648438 0.269531 0.646484 0.269531 0.640625 0.271484 0.638672 0.275391 0.638672 0.277344 0.640625 0.279297 0.640625
0 0.775391 0.642578 0.775391 0.646484 0.771484 0.646484 0.769531 0.644531 0.773438 0.640625
0 0.875000 0.642578 0.875000 0.646484 0.871094 0.646484 0.869141 0.644531 0.873047 0.640625
0 0.593750 0.644531 0.593750 0.648438 0.589844 0.648438 0.587891 0.646484 0.591797 0.642578
0 0.849609 0.644531 0.849609 0.648438 0.845703 0.648438 0.843750 0.646484 0.847656 0.642578
0 0.601562 0.648438 0.601562 0.652344 0.597656 0.652344 0.595703 0.650391 0.599609 0.646484
0 0.667969 0.648438 0.667969 0.652344 0.664062 0.652344 0.662109 0.650391 0.666016 0.646484
0 0.779297 0.650391 0.777344 0.652344 0.777344 0.654297 0.775391 0.656250 0.769531 0.656250 0.767578 0.654297 0.767578 0.652344 0.765625 0.650391 0.765625 0.648438 0.767578 0.646484 0.767578 0.644531 0.769531 0.642578 0.775391 0.642578 0.777344 0.644531 0.777344 0.646484 0.779297 0.648438
0 0.839844 0.648438 0.839844 0.652344 0.835938 0.652344 0.833984 0.650391 0.837891 0.646484
0 0.746094 0.650391 0.746094 0.654297 0.742188 0.654297 0.740234 0.652344 0.744141 0.648438
0 0.867188 0.650391 0.867188 0.654297 0.863281 0.654297 0.861328 0.652344 0.865234 0.648438
0 0.878906 0.650391 0.878906 0.654297 0.875000 0.654297 0.873047 0.652344 0.876953 0.648438
0 0.896484 0.654297 0.896484 0.658203 0.892578 0.658203 0.890625 0.656250 0.894531 0.652344
0 0.595703 0.656250 0.595703 0.660156 0.591797 0.660156 0.589844 0.658203 0.593750 0.654297
0 0.740234 0.656250 0.740234 0.660156 0.736328 0.660156 0.734375 0.658203 0.738281 0.654297
0 0.312500 0.662109 0.310547 0.662109 0.308594 0.664062 0.304688 0.664062 0.302734 0.662109 0.302734 0.656250 0.304688 0.654297 0.308594 0.654297 0.310547 0.656250 0.312500 0.656250
0 0.503906 0.662109 0.501953 0.662109 0.500000 0.664062 0.496094 0.664062 0.494141 0.662109 0.494141 0.656250 0.496094 0.654297 0.500000 0.654297 0.501953 0.656250 0.503906 0.656250
0 0.687500 0.658203 0.687500 0.662109 0.683594 0.662109 0.681641 0.660156 0.685547 0.656250
0 0.785156 0.662109 0.783203 0.662109 0.781250 0.664062 0.777344 0.664062 0.775391 0.662109 0.775391 0.656250 0.777344 0.654297 0.781250 0.654297 0.783203 0.656250 0.785156 0.656250
0 0.265625 0.664062 0.263672 0.664062 0.261719 0.666016 0.257812 0.666016 0.255859 0.664062 0.255859 0.658203 0.257812 0.656250 0.261719 0.656250 0.263672 0.658203 0.265625 0.658203
0 0.537109 0.662109 0.535156 0.664062 0.535156 0.666016 0.533203 0.667969 0.527344 0.667969 0.525391 0.666016 0.525391 0.664062 0.523438 0.662109 0.523438 0.660156 0.525391 0.658203 0.525391 0.656250 0.527344 0.654297 0.533203 0.654297 0.535156 0.656250 0.535156 0.658203 0.537109 0.660156
0 0.664062 0.664062 0.662109 0.664062 0.660156 0.666016 0.656250 0.666016 0.654297 0.664062 0.654297 0.658203 0.656250 0.656250 0.660156 0.656250 0.662109 0.658203 0.664062 0.658203
0 0.742188 0.664062 0.742188 0.667969 0.738281 0.667969 0.736328 0.666016 0.740234 0.662109
0 0.767578 0.664062 0.767578 0.667969 0.763672 0.667969 0.761719 0.666016 0.765625 0.662109
0 0.603516 0.669922 0.597656 0.675781 0.591797 0.675781 0.585938 0.669922 0.585938 0.664062 0.591797 0.658203 0.597656 0.658203 0.603516 0.664062
0 0.765625 0.669922 0.759766 0.675781 0.753906 0.675781 0.748047 0.669922 0.748047 0.664062 0.753906 0.658203 0.759766 0.658203 0.765625 0.664062
0 0.912109 0.666016 0.912109 0.669922 0.908203 0.669922 0.906250 0.667969 0.910156 0.664062
0 0.271484 0.677734 0.269531 0.677734 0.267578 0.679688 0.257812 0.679688 0.251953 0.673828 0.251953 0.664062 0.253906 0.662109 0.255859 0.662109 0.255859 0.660156 0.257812 0.658203 0.267578 0.658203 0.273438 0.664062 0.273438 0.673828 0.271484 0.675781
0 0.339844 0.671875 0.337891 0.671875 0.335938 0.673828 0.332031 0.673828 0.330078 0.671875 0.330078 0.666016 0.332031 0.664062 0.335938 0.664062 0.337891 0.666016 0.339844 0.666016
0 0.408203 0.671875 0.406250 0.671875 0.404297 0.673828 0.400391 0.673828 0.398438 0.671875 0.398438 0.666016 0.400391 0.664062 0.404297 0.664062 0.406250 0.666016 0.408203 0.666016
0 0.421875 0.671875 0.419922 0.671875 0.417969 0.673828 0.414062 0.673828 0.412109 0.671875 0.412109 0.666016 0.414062 0.664062 0.417969 0.664062 0.419922 0.666016 0.421875 0.666016
0 0.542969 0.669922 0.541016 0.671875 0.541016 0.673828 0.539062 0.675781 0.533203 0.675781 0.531250 0.673828 0.531250 0.671875 0.529297 0.669922 0.529297 0.667969 0.531250 0.666016 0.531250 0.664062 0.533203 0.662109 0.539062 0.662109 0.541016 0.664062 0.541016 0.666016 0.542969 0.667969
0 0.697266 0.671875 0.695312 0.671875 0.693359 0.673828 0.689453 0.673828 0.687500 0.671875 0.687500 0.666016 0.689453 0.664062 0.693359 0.664062 0.695312 0.666016 0.697266 0.666016
0 0.751953 0.671875 0.750000 0.673828 0.750000 0.675781 0.748047 0.677734 0.742188 0.677734 0.740234 0.675781 0.740234 0.673828 0.738281 0.671875 0.738281 0.669922 0.740234 0.667969 0.740234 0.666016 0.742188 0.664062 0.748047 0.664062 0.750000 0.666016 0.750000 0.667969 0.751953 0.669922
0 0.773438 0.669922 0.773438 0.673828 0.769531 0.673828 0.767578 0.671875 0.771484 0.667969
0 0.900391 0.671875 0.898438 0.673828 0.898438 0.675781 0.896484 0.677734 0.890625 0.677734 0.888672 0.675781 0.888672 0.673828 0.886719 0.671875 0.886719 0.669922 0.888672 0.667969 0.888672 0.666016 0.890625 0.664062 0.896484 0.664062 0.898438 0.666016 0.898438 0.667969 0.900391 0.669922
0 0.357422 0.675781 0.355469 0.675781 0.353516 0.677734 0.349609 0.677734 0.347656 0.675781 0.347656 0.669922 0.349609 0.667969 0.353516 0.667969 0.355469 0.669922 0.357422 0.669922
0 0.685547 0.671875 0.685547 0.675781 0.681641 0.675781 0.679688 0.673828 0.683594 0.669922
0 0.787109 0.673828 0.785156 0.675781 0.785156 0.677734 0.783203 0.679688 0.777344 0.679688 0.775391 0.677734 0.775391 0.675781 0.773438 0.673828 0.773438 0.671875 0.775391 0.669922 0.775391 0.667969 0.777344 0.666016 0.783203 0.666016 0.785156 0.667969 0.785156 0.669922 0.787109 0.671875
0 0.207031 0.675781 0.205078 0.677734 0.205078 0.679688 0.203125 0.681641 0.197266 0.681641 0.195312 0.679688 0.195312 0.677734 0.193359 0.675781 0.193359 0.673828 0.195312 0.671875 0.195312 0.669922 0.197266 0.667969 0.203125 0.667969 0.205078 0.669922 0.205078 0.671875 0.207031 0.673828
0 0.263672 0.677734 0.261719 0.677734 0.259766 0.679688 0.255859 0.679688 0.253906 0.677734 0.253906 0.671875 0.255859 0.669922 0.259766 0.669922 0.261719 0.671875 0.263672 0.671875
0 0.308594 0.677734 0.306641 0.677734 0.304688 0.679688 0.300781 0.679688 0.298828 0.677734 0.298828 0.671875 0.300781 0.669922 0.304688 0.669922 0.306641 0.671875 0.308594 0.671875
0 0.615234 0.677734 0.613281 0.677734 0.611328 0.679688 0.607422 0.679688 0.605469 0.677734 0.605469 0.671875 0.607422 0.669922 0.611328 0.669922 0.613281 0.671875 0.615234 0.671875
0 0.644531 0.677734 0.642578 0.677734 0.640625 0.679688 0.636719 0.679688 0.634766 0.677734 0.634766 0.671875 0.636719 0.669922 0.640625 0.669922 0.642578 0.671875 0.644531 0.671875
0 0.880859 0.677734 0.878906 0.677734 0.876953 0.679688 0.873047 0.679688 0.871094 0.677734 0.871094 0.671875 0.873047 0.669922 0.876953 0.669922 0.878906 0.671875 0.880859 0.671875
0 0.671875 0.679688 0.669922 0.679688 0.667969 0.681641 0.664062 0.681641 0.662109 0.679688 0.662109 0.673828 0.664062 0.671875 0.667969 0.671875 0.669922 0.673828 0.671875 0.673828
0 0.501953 0.679688 0.500000 0.681641 0.500000 0.683594 0.498047 0.685547 0.492188 0.685547 0.490234 0.683594 0.490234 0.681641 0.488281 0.679688 0.488281 0.677734 0.490234 0.675781 0.490234 0.673828 0.492188 0.671875 0.498047 0.671875 0.500000 0.673828 0.500000 0.675781 0.501953 0.677734
0 0.904297 0.681641 0.902344 0.681641 0.900391 0.683594 0.896484 0.683594 0.894531 0.681641 0.894531 0.675781 0.896484 0.673828 0.900391 0.673828 0.902344 0.675781 0.904297 0.675781
0 0.328125 0.683594 0.326172 0.683594 0.324219 0.685547 0.320312 0.685547 0.318359 0.683594 0.318359 0.677734 0.320312 0.675781 0.324219 0.675781 0.326172 0.677734 0.328125 0.677734
0 0.349609 0.683594 0.347656 0.683594 0.345703 0.685547 0.341797 0.685547 0.339844 0.683594 0.339844 0.677734 0.341797 0.675781 0.345703 0.675781 0.347656 0.677734 0.349609 0.677734
0 0.400391 0.681641 0.398438 0.683594 0.398438 0.685547 0.396484 0.687500 0.390625 0.687500 0.388672 0.685547 0.388672 0.683594 0.386719 0.681641 0.386719 0.679688 0.388672 0.677734 0.388672 0.675781 0.390625 0.673828 0.396484 0.673828 0.398438 0.675781 0.398438 0.677734 0.400391 0.679688
0 0.433594 0.683594 0.431641 0.683594 0.429688 0.685547 0.425781 0.685547 0.423828 0.683594 0.423828 0.677734 0.425781 0.675781 0.429688 0.675781 0.431641 0.677734 0.433594 0.677734
0 0.585938 0.681641 0.583984 0.683594 0.583984 0.685547 0.582031 0.687500 0.576172 0.687500 0.574219 0.685547 0.574219 0.683594 0.572266 0.681641 0.572266 0.679688 0.574219 0.677734 0.574219 0.675781 0.576172 0.673828 0.582031 0.673828 0.583984 0.675781 0.583984 0.677734 0.585938 0.679688
0 0.998047 0.677734 0.998047 0.683594 0.996094 0.683594 0.994141 0.681641
0 0.759766 0.681641 0.759766 0.685547 0.755859 0.685547 0.753906 0.683594 0.757812 0.679688
0 0.359375 0.687500 0.353516 0.693359 0.347656 0.693359 0.341797 0.687500 0.341797 0.681641 0.347656 0.675781 0.353516 0.675781 0.359375 0.681641
0 0.550781 0.693359 0.548828 0.693359 0.546875 0.695312 0.537109 0.695312 0.531250 0.689453 0.531250 0.679688 0.533203 0.677734 0.535156 0.677734 0.535156 0.675781 0.537109 0.673828 0.546875 0.673828 0.552734 0.679688 0.552734 0.689453 0.550781 0.691406
0 0.748047 0.683594 0.748047 0.687500 0.744141 0.687500 0.742188 0.685547 0.746094 0.681641
0 0.812500 0.683594 0.812500 0.687500 0.808594 0.687500 0.806641 0.685547 0.810547 0.681641
0 0.333984 0.689453 0.328125 0.695312 0.322266 0.695312 0.316406 0.689453 0.316406 0.683594 0.322266 0.677734 0.328125 0.677734 0.333984 0.683594
0 0.648438 0.689453 0.646484 0.689453 0.644531 0.691406 0.640625 0.691406 0.638672 0.689453 0.638672 0.683594 0.640625 0.681641 0.644531 0.681641 0.646484 0.683594 0.648438 0.683594
0 0.753906 0.685547 0.753906 0.689453 0.750000 0.689453 0.748047 0.687500 0.751953 0.683594
0 0.781250 0.685547 0.781250 0.689453 0.777344 0.689453 0.775391 0.687500 0.779297 0.683594
0 0.832031 0.685547 0.832031 0.689453 0.828125 0.689453 0.826172 0.687500 0.830078 0.683594
0 0.728516 0.687500 0.728516 0.691406 0.724609 0.691406 0.722656 0.689453 0.726562 0.685547
0 0.539062 0.691406 0.537109 0.693359 0.537109 0.695312 0.535156 0.697266 0.529297 0.697266 0.527344 0.695312 0.527344 0.693359 0.525391 0.691406 0.525391 0.689453 0.527344 0.687500 0.527344 0.685547 0.529297 0.683594 0.535156 0.683594 0.537109 0.685547 0.537109 0.687500 0.539062 0.689453
0 0.789062 0.689453 0.789062 0.693359 0.785156 0.693359 0.783203 0.691406 0.787109 0.687500
0 0.998047 0.687500 0.998047 0.693359 0.996094 0.693359 0.994141 0.691406
0 0.175781 0.691406 0.175781 0.695312 0.171875 0.695312 0.169922 0.693359 0.173828 0.689453
0 0.736328 0.691406 0.736328 0.695312 0.732422 0.695312 0.730469 0.693359 0.734375 0.689453
0 0.824219 0.695312 0.822266 0.695312 0.820312 0.697266 0.816406 0.697266 0.814453 0.695312 0.814453 0.689453 0.816406 0.687500 0.820312 0.687500 0.822266 0.689453 0.824219 0.689453
0 0.169922 0.697266 0.167969 0.697266 0.166016 0.699219 0.162109 0.699219 0.160156 0.697266 0.160156 0.691406 0.162109 0.689453 0.166016 0.689453 0.167969 0.691406 0.169922 0.691406
0 0.216797 0.703125 0.214844 0.703125 0.212891 0.705078 0.203125 0.705078 0.197266 0.699219 0.197266 0.689453 0.199219 0.687500 0.201172 0.687500 0.201172 0.685547 0.203125 0.683594 0.212891 0.683594 0.218750 0.689453 0.218750 0.699219 0.216797 0.701172
0 0.380859 0.693359 0.380859 0.697266 0.376953 0.697266 0.375000 0.695312 0.378906 0.691406
0 0.519531 0.697266 0.517578 0.699219 0.517578 0.701172 0.515625 0.703125 0.509766 0.703125 0.507812 0.701172 0.507812 0.699219 0.505859 0.697266 0.505859 0.695312 0.507812 0.693359 0.507812 0.691406 0.509766 0.689453 0.515625 0.689453 0.517578 0.691406 0.517578 0.693359 0.519531 0.695312
0 0.832031 0.695312 0.832031 0.699219 0.828125 0.699219 0.826172 0.697266 0.830078 0.693359
0 0.343750 0.701172 0.341797 0.701172 0.339844 0.703125 0.335938 0.703125 0.333984 0.701172 0.333984 0.695312 0.335938 0.693359 0.339844 0.693359 0.341797 0.695312 0.343750 0.695312
0 0.357422 0.697266 0.357422 0.701172 0.353516 0.701172 0.351562 0.699219 0.355469 0.695312
0 0.576172 0.701172 0.574219 0.701172 0.572266 0.703125 0.568359 0.703125 0.566406 0.701172 0.566406 0.695312 0.568359 0.693359 0.572266 0.693359 0.574219 0.695312 0.576172 0.695312
0 0.597656 0.701172 0.595703 0.701172 0.593750 0.703125 0.589844 0.703125 0.587891 0.701172 0.587891 0.695312 0.589844 0.693359 0.593750 0.693359 0.595703 0.695312 0.597656 0.695312
0 0.708984 0.697266 0.708984 0.701172 0.705078 0.701172 0.703125 0.699219 0.707031 0.695312
0 0.728516 0.697266 0.728516 0.701172 0.724609 0.701172 0.722656 0.699219 0.726562 0.695312
0 0.263672 0.703125 0.261719 0.703125 0.259766 0.705078 0.255859 0.705078 0.253906 0.703125 0.253906 0.697266 0.255859 0.695312 0.259766 0.695312 0.261719 0.697266 0.263672 0.697266
0 0.375000 0.708984 0.373047 0.708984 0.371094 0.710938 0.361328 0.710938 0.355469 0.705078 0.355469 0.695312 0.357422 0.693359 0.359375 0.693359 0.359375 0.691406 0.361328 0.689453 0.371094 0.689453 0.376953 0.695312 0.376953 0.705078 0.375000 0.707031
0 0.794922 0.699219 0.794922 0.703125 0.791016 0.703125 0.789062 0.701172 0.792969 0.697266
0 0.701172 0.701172 0.701172 0.705078 0.697266 0.705078 0.695312 0.703125 0.699219 0.699219
0 0.894531 0.705078 0.888672 0.710938 0.882812 0.710938 0.876953 0.705078 0.876953 0.699219 0.882812 0.693359 0.888672 0.693359 0.894531 0.699219
0 0.613281 0.714844 0.611328 0.714844 0.609375 0.716797 0.599609 0.716797 0.593750 0.710938 0.593750 0.701172 0.595703 0.699219 0.597656 0.699219 0.597656 0.697266 0.599609 0.695312 0.609375 0.695312 0.615234 0.701172 0.615234 0.710938 0.613281 0.712891
0 0.708984 0.705078 0.708984 0.708984 0.705078 0.708984 0.703125 0.707031 0.707031 0.703125
0 0.976562 0.708984 0.974609 0.708984 0.972656 0.710938 0.968750 0.710938 0.966797 0.708984 0.966797 0.703125 0.968750 0.701172 0.972656 0.701172 0.974609 0.703125 0.976562 0.703125
0 0.130859 0.712891 0.128906 0.712891 0.126953 0.714844 0.123047 0.714844 0.121094 0.712891 0.121094 0.707031 0.123047 0.705078 0.126953 0.705078 0.128906 0.707031 0.130859 0.707031
0 0.433594 0.712891 0.431641 0.712891 0.429688 0.714844 0.425781 0.714844 0.423828 0.712891 0.423828 0.707031 0.425781 0.705078 0.429688 0.705078 0.431641 0.707031 0.433594 0.707031
0 0.138672 0.714844 0.136719 0.714844 0.134766 0.716797 0.130859 0.716797 0.128906 0.714844 0.128906 0.708984 0.130859 0.707031 0.134766 0.707031 0.136719 0.708984 0.138672 0.708984
0 0.353516 0.714844 0.351562 0.714844 0.349609 0.716797 0.345703 0.716797 0.343750 0.714844 0.343750 0.708984 0.345703 0.707031 0.349609 0.707031 0.351562 0.708984 0.353516 0.708984
0 0.419922 0.712891 0.417969 0.714844 0.417969 0.716797 0.416016 0.718750 0.410156 0.718750 0.408203 0.716797 0.408203 0.714844 0.406250 0.712891 0.406250 0.710938 0.408203 0.708984 0.408203 0.707031 0.410156 0.705078 0.416016 0.705078 0.417969 0.707031 0.417969 0.708984 0.419922 0.710938
0 0.621094 0.714844 0.619141 0.714844 0.617188 0.716797 0.613281 0.716797 0.611328 0.714844 0.611328 0.708984 0.613281 0.707031 0.617188 0.707031 0.619141 0.708984 0.621094 0.708984
0 0.972656 0.714844 0.970703 0.714844 0.968750 0.716797 0.964844 0.716797 0.962891 0.714844 0.962891 0.708984 0.964844 0.707031 0.968750 0.707031 0.970703 0.708984 0.972656 0.708984
0 0.992188 0.716797 0.990234 0.716797 0.988281 0.718750 0.984375 0.718750 0.982422 0.716797 0.982422 0.710938 0.984375 0.708984 0.988281 0.708984 0.990234 0.710938 0.992188 0.710938
0 0.998047 0.724609 0.992188 0.724609 0.986328 0.718750 0.986328 0.708984 0.988281 0.707031 0.990234 0.707031 0.990234 0.705078 0.992188 0.703125 0.998047 0.703125
0 0.197266 0.718750 0.195312 0.718750 0.193359 0.720703 0.189453 0.720703 0.187500 0.718750 0.187500 0.712891 0.189453 0.710938 0.193359 0.710938 0.195312 0.712891 0.197266 0.712891
0 0.789062 0.718750 0.787109 0.718750 0.785156 0.720703 0.781250 0.720703 0.779297 0.718750 0.779297 0.712891 0.781250 0.710938 0.785156 0.710938 0.787109 0.712891 0.789062 0.712891
0 0.916016 0.718750 0.914062 0.718750 0.912109 0.720703 0.908203 0.720703 0.906250 0.718750 0.906250 0.712891 0.908203 0.710938 0.912109 0.710938 0.914062 0.712891 0.916016 0.712891
0 0.609375 0.720703 0.607422 0.720703 0.605469 0.722656 0.601562 0.722656 0.599609 0.720703 0.599609 0.714844 0.601562 0.712891 0.605469 0.712891 0.607422 0.714844 0.609375 0.714844
0 0.777344 0.720703 0.775391 0.720703 0.773438 0.722656 0.769531 0.722656 0.767578 0.720703 0.767578 0.714844 0.769531 0.712891 0.773438 0.712891 0.775391 0.714844 0.777344 0.714844
0 0.345703 0.728516 0.343750 0.728516 0.341797 0.730469 0.332031 0.730469 0.326172 0.724609 0.326172 0.714844 0.328125 0.712891 0.330078 0.712891 0.330078 0.710938 0.332031 0.708984 0.341797 0.708984 0.347656 0.714844 0.347656 0.724609 0.345703 0.726562
0 0.636719 0.722656 0.634766 0.722656 0.632812 0.724609 0.628906 0.724609 0.626953 0.722656 0.626953 0.716797 0.628906 0.714844 0.632812 0.714844 0.634766 0.716797 0.636719 0.716797
0 0.972656 0.722656 0.970703 0.722656 0.968750 0.724609 0.964844 0.724609 0.962891 0.722656 0.962891 0.716797 0.964844 0.714844 0.968750 0.714844 0.970703 0.716797 0.972656 0.716797
0 0.361328 0.722656 0.361328 0.726562 0.357422 0.726562 0.355469 0.724609 0.359375 0.720703
0 0.371094 0.722656 0.371094 0.726562 0.367188 0.726562 0.365234 0.724609 0.369141 0.720703
0 0.982422 0.722656 0.982422 0.726562 0.978516 0.726562 0.976562 0.724609 0.980469 0.720703
0 0.263672 0.728516 0.257812 0.734375 0.251953 0.734375 0.246094 0.728516 0.246094 0.722656 0.251953 0.716797 0.257812 0.716797 0.263672 0.722656
0 0.525391 0.728516 0.523438 0.728516 0.521484 0.730469 0.517578 0.730469 0.515625 0.728516 0.515625 0.722656 0.517578 0.720703 0.521484 0.720703 0.523438 0.722656 0.525391 0.722656
0 0.546875 0.728516 0.544922 0.728516 0.542969 0.730469 0.539062 0.730469 0.537109 0.728516 0.537109 0.722656 0.539062 0.720703 0.542969 0.720703 0.544922 0.722656 0.546875 0.722656
0 0.632812 0.724609 0.632812 0.728516 0.628906 0.728516 0.626953 0.726562 0.630859 0.722656
0 0.857422 0.728516 0.855469 0.728516 0.853516 0.730469 0.849609 0.730469 0.847656 0.728516 0.847656 0.722656 0.849609 0.720703 0.853516 0.720703 0.855469 0.722656 0.857422 0.722656
0 0.978516 0.728516 0.976562 0.728516 0.974609 0.730469 0.970703 0.730469 0.968750 0.728516 0.968750 0.722656 0.970703 0.720703 0.974609 0.720703 0.976562 0.722656 0.978516 0.722656
0 0.812500 0.736328 0.810547 0.736328 0.808594 0.738281 0.798828 0.738281 0.792969 0.732422 0.792969 0.722656 0.794922 0.720703 0.796875 0.720703 0.796875 0.718750 0.798828 0.716797 0.808594 0.716797 0.814453 0.722656 0.814453 0.732422 0.812500 0.734375
0 0.318359 0.732422 0.316406 0.732422 0.314453 0.734375 0.310547 0.734375 0.308594 0.732422 0.308594 0.726562 0.310547 0.724609 0.314453 0.724609 0.316406 0.726562 0.318359 0.726562
0 0.357422 0.732422 0.355469 0.732422 0.353516 0.734375 0.349609 0.734375 0.347656 0.732422 0.347656 0.726562 0.349609 0.724609 0.353516 0.724609 0.355469 0.726562 0.357422 0.726562
0 0.402344 0.738281 0.400391 0.738281 0.398438 0.740234 0.388672 0.740234 0.382812 0.734375 0.382812 0.724609 0.384766 0.722656 0.386719 0.722656 0.386719 0.720703 0.388672 0.718750 0.398438 0.718750 0.404297 0.724609 0.404297 0.734375 0.402344 0.736328
0 0.332031 0.730469 0.332031 0.734375 0.328125 0.734375 0.326172 0.732422 0.330078 0.728516
0 0.468750 0.734375 0.466797 0.734375 0.464844 0.736328 0.460938 0.736328 0.458984 0.734375 0.458984 0.728516 0.460938 0.726562 0.464844 0.726562 0.466797 0.728516 0.468750 0.728516
0 0.835938 0.734375 0.833984 0.734375 0.832031 0.736328 0.828125 0.736328 0.826172 0.734375 0.826172 0.728516 0.828125 0.726562 0.832031 0.726562 0.833984 0.728516 0.835938 0.728516
0 0.296875 0.736328 0.294922 0.736328 0.292969 0.738281 0.289062 0.738281 0.287109 0.736328 0.287109 0.730469 0.289062 0.728516 0.292969 0.728516 0.294922 0.730469 0.296875 0.730469
0 0.519531 0.736328 0.513672 0.742188 0.507812 0.742188 0.501953 0.736328 0.501953 0.730469 0.507812 0.724609 0.513672 0.724609 0.519531 0.730469
0 0.628906 0.738281 0.626953 0.738281 0.625000 0.740234 0.621094 0.740234 0.619141 0.738281 0.619141 0.732422 0.621094 0.730469 0.625000 0.730469 0.626953 0.732422 0.628906 0.732422
0 0.771484 0.738281 0.769531 0.738281 0.767578 0.740234 0.763672 0.740234 0.761719 0.738281 0.761719 0.732422 0.763672 0.730469 0.767578 0.730469 0.769531 0.732422 0.771484 0.732422
0 0.484375 0.740234 0.482422 0.740234 0.480469 0.742188 0.476562 0.742188 0.474609 0.740234 0.474609 0.734375 0.476562 0.732422 0.480469 0.732422 0.482422 0.734375 0.484375 0.734375
0 0.556641 0.740234 0.554688 0.740234 0.552734 0.742188 0.548828 0.742188 0.546875 0.740234 0.546875 0.734375 0.548828 0.732422 0.552734 0.732422 0.554688 0.734375 0.556641 0.734375
0 0.619141 0.740234 0.617188 0.740234 0.615234 0.742188 0.611328 0.742188 0.609375 0.740234 0.609375 0.734375 0.611328 0.732422 0.615234 0.732422 0.617188 0.734375 0.619141 0.734375
0 0.855469 0.740234 0.853516 0.740234 0.851562 0.742188 0.847656 0.742188 0.845703 0.740234 0.845703 0.734375 0.847656 0.732422 0.851562 0.732422 0.853516 0.734375 0.855469 0.734375
0 0.898438 0.740234 0.896484 0.740234 0.894531 0.742188 0.890625 0.742188 0.888672 0.740234 0.888672 0.734375 0.890625 0.732422 0.894531 0.732422 0.896484 0.734375 0.898438 0.734375
0 0.109375 0.740234 0.107422 0.742188 0.107422 0.744141 0.105469 0.746094 0.099609 0.746094 0.097656 0.744141 0.097656 0.742188 0.095703 0.740234 0.095703 0.738281 0.097656 0.736328 0.097656 0.734375 0.099609 0.732422 0.105469 0.732422 0.107422 0.734375 0.107422 0.736328 0.109375 0.738281
0 0.904297 0.742188 0.902344 0.742188 0.900391 0.744141 0.896484 0.744141 0.894531 0.742188 0.894531 0.736328 0.896484 0.734375 0.900391 0.734375 0.902344 0.736328 0.904297 0.736328
0 0.437500 0.744141 0.435547 0.746094 0.435547 0.748047 0.433594 0.750000 0.427734 0.750000 0.425781 0.748047 0.425781 0.746094 0.423828 0.744141 0.423828 0.742188 0.425781 0.740234 0.425781 0.738281 0.427734 0.736328 0.433594 0.736328 0.435547 0.738281 0.435547 0.740234 0.437500 0.742188
0 0.972656 0.742188 0.972656 0.746094 0.968750 0.746094 0.966797 0.744141 0.970703 0.740234
0 0.960938 0.744141 0.960938 0.748047 0.957031 0.748047 0.955078 0.746094 0.958984 0.742188
0 0.304688 0.750000 0.302734 0.750000 0.300781 0.751953 0.296875 0.751953 0.294922 0.750000 0.294922 0.744141 0.296875 0.742188 0.300781 0.742188 0.302734 0.744141 0.304688 0.744141
0 0.779297 0.750000 0.777344 0.750000 0.775391 0.751953 0.771484 0.751953 0.769531 0.750000 0.769531 0.744141 0.771484 0.742188 0.775391 0.742188 0.777344 0.744141 0.779297 0.744141
0 0.744141 0.750000 0.742188 0.751953 0.742188 0.753906 0.740234 0.755859 0.734375 0.755859 0.732422 0.753906 0.732422 0.751953 0.730469 0.750000 0.730469 0.748047 0.732422 0.746094 0.732422 0.744141 0.734375 0.742188 0.740234 0.742188 0.742188 0.744141 0.742188 0.746094 0.744141 0.748047
0 0.773438 0.757812 0.771484 0.757812 0.769531 0.759766 0.759766 0.759766 0.753906 0.753906 0.753906 0.744141 0.755859 0.742188 0.757812 0.742188 0.757812 0.740234 0.759766 0.738281 0.769531 0.738281 0.775391 0.744141 0.775391 0.753906 0.773438 0.755859
0 0.791016 0.751953 0.789062 0.751953 0.787109 0.753906 0.783203 0.753906 0.781250 0.751953 0.781250 0.746094 0.783203 0.744141 0.787109 0.744141 0.789062 0.746094 0.791016 0.746094
0 0.582031 0.753906 0.580078 0.753906 0.578125 0.755859 0.574219 0.755859 0.572266 0.753906 0.572266 0.748047 0.574219 0.746094 0.578125 0.746094 0.580078 0.748047 0.582031 0.748047
0 0.158203 0.755859 0.152344 0.761719 0.146484 0.761719 0.140625 0.755859 0.140625 0.750000 0.146484 0.744141 0.152344 0.744141 0.158203 0.750000
0 0.466797 0.753906 0.464844 0.755859 0.464844 0.757812 0.462891 0.759766 0.457031 0.759766 0.455078 0.757812 0.455078 0.755859 0.453125 0.753906 0.453125 0.751953 0.455078 0.750000 0.455078 0.748047 0.457031 0.746094 0.462891 0.746094 0.464844 0.748047 0.464844 0.750000 0.466797 0.751953
0 0.857422 0.751953 0.857422 0.755859 0.853516 0.755859 0.851562 0.753906 0.855469 0.750000
0 0.115234 0.755859 0.113281 0.757812 0.113281 0.759766 0.111328 0.761719 0.105469 0.761719 0.103516 0.759766 0.103516 0.757812 0.101562 0.755859 0.101562 0.753906 0.103516 0.751953 0.103516 0.750000 0.105469 0.748047 0.111328 0.748047 0.113281 0.750000 0.113281 0.751953 0.115234 0.753906
0 0.281250 0.757812 0.279297 0.757812 0.277344 0.759766 0.273438 0.759766 0.271484 0.757812 0.271484 0.751953 0.273438 0.750000 0.277344 0.750000 0.279297 0.751953 0.281250 0.751953
0 0.347656 0.755859 0.345703 0.757812 0.345703 0.759766 0.343750 0.761719 0.337891 0.761719 0.335938 0.759766 0.335938 0.757812 0.333984 0.755859 0.333984 0.753906 0.335938 0.751953 0.335938 0.750000 0.337891 0.748047 0.343750 0.748047 0.345703 0.750000 0.345703 0.751953 0.347656 0.753906
0 0.474609 0.753906 0.474609 0.757812 0.470703 0.757812 0.468750 0.755859 0.472656 0.751953
0 0.505859 0.757812 0.503906 0.757812 0.501953 0.759766 0.498047 0.759766 0.496094 0.757812 0.496094 0.751953 0.498047 0.750000 0.501953 0.750000 0.503906 0.751953 0.505859 0.751953
0 0.367188 0.765625 0.365234 0.765625 0.363281 0.767578 0.353516 0.767578 0.347656 0.761719 0.347656 0.751953 0.349609 0.750000 0.351562 0.750000 0.351562 0.748047 0.353516 0.746094 0.363281 0.746094 0.369141 0.751953 0.369141 0.761719 0.367188 0.763672
0 0.482422 0.761719 0.480469 0.761719 0.478516 0.763672 0.474609 0.763672 0.472656 0.761719 0.472656 0.755859 0.474609 0.753906 0.478516 0.753906 0.480469 0.755859 0.482422 0.755859
0 0.974609 0.759766 0.972656 0.761719 0.972656 0.763672 0.970703 0.765625 0.964844 0.765625 0.962891 0.763672 0.962891 0.761719 0.960938 0.759766 0.960938 0.757812 0.962891 0.755859 0.962891 0.753906 0.964844 0.751953 0.970703 0.751953 0.972656 0.753906 0.972656 0.755859 0.974609 0.757812
0 0.320312 0.763672 0.318359 0.763672 0.316406 0.765625 0.312500 0.765625 0.310547 0.763672 0.310547 0.757812 0.312500 0.755859 0.316406 0.755859 0.318359 0.757812 0.320312 0.757812
0 0.644531 0.765625 0.642578 0.765625 0.640625 0.767578 0.636719 0.767578 0.634766 0.765625 0.634766 0.759766 0.636719 0.757812 0.640625 0.757812 0.642578 0.759766 0.644531 0.759766
0 0.654297 0.765625 0.652344 0.765625 0.650391 0.767578 0.646484 0.767578 0.644531 0.765625 0.644531 0.759766 0.646484 0.757812 0.650391 0.757812 0.652344 0.759766 0.654297 0.759766
0 0.181641 0.767578 0.175781 0.773438 0.169922 0.773438 0.164062 0.767578 0.164062 0.761719 0.169922 0.755859 0.175781 0.755859 0.181641 0.761719
0 0.267578 0.767578 0.265625 0.767578 0.263672 0.769531 0.259766 0.769531 0.257812 0.767578 0.257812 0.761719 0.259766 0.759766 0.263672 0.759766 0.265625 0.761719 0.267578 0.761719
0 0.402344 0.775391 0.400391 0.775391 0.398438 0.777344 0.388672 0.777344 0.382812 0.771484 0.382812 0.761719 0.384766 0.759766 0.386719 0.759766 0.386719 0.757812 0.388672 0.755859 0.398438 0.755859 0.404297 0.761719 0.404297 0.771484 0.402344 0.773438
0 0.437500 0.769531 0.435547 0.769531 0.433594 0.771484 0.429688 0.771484 0.427734 0.769531 0.427734 0.763672 0.429688 0.761719 0.433594 0.761719 0.435547 0.763672 0.437500 0.763672
0 0.589844 0.769531 0.589844 0.773438 0.585938 0.773438 0.583984 0.771484 0.587891 0.767578
0 0.734375 0.771484 0.732422 0.773438 0.732422 0.775391 0.730469 0.777344 0.724609 0.777344 0.722656 0.775391 0.722656 0.773438 0.720703 0.771484 0.720703 0.769531 0.722656 0.767578 0.722656 0.765625 0.724609 0.763672 0.730469 0.763672 0.732422 0.765625 0.732422 0.767578 0.734375 0.769531
0 0.820312 0.773438 0.818359 0.773438 0.816406 0.775391 0.812500 0.775391 0.810547 0.773438 0.810547 0.767578 0.812500 0.765625 0.816406 0.765625 0.818359 0.767578 0.820312 0.767578
0 0.222656 0.773438 0.220703 0.775391 0.220703 0.777344 0.218750 0.779297 0.212891 0.779297 0.210938 0.777344 0.210938 0.775391 0.208984 0.773438 0.208984 0.771484 0.210938 0.769531 0.210938 0.767578 0.212891 0.765625 0.218750 0.765625 0.220703 0.767578 0.220703 0.769531 0.222656 0.771484
0 0.771484 0.781250 0.769531 0.781250 0.767578 0.783203 0.757812 0.783203 0.751953 0.777344 0.751953 0.767578 0.753906 0.765625 0.755859 0.765625 0.755859 0.763672 0.757812 0.761719 0.767578 0.761719 0.773438 0.767578 0.773438 0.777344 0.771484 0.779297
0 0.267578 0.773438 0.267578 0.777344 0.263672 0.777344 0.261719 0.775391 0.265625 0.771484
0 0.308594 0.783203 0.306641 0.783203 0.304688 0.785156 0.294922 0.785156 0.289062 0.779297 0.289062 0.769531 0.291016 0.767578 0.292969 0.767578 0.292969 0.765625 0.294922 0.763672 0.304688 0.763672 0.310547 0.769531 0.310547 0.779297 0.308594 0.781250
0 0.662109 0.777344 0.660156 0.777344 0.658203 0.779297 0.654297 0.779297 0.652344 0.777344 0.652344 0.771484 0.654297 0.769531 0.658203 0.769531 0.660156 0.771484 0.662109 0.771484
0 0.789062 0.773438 0.789062 0.777344 0.785156 0.777344 0.783203 0.775391 0.787109 0.771484
0 0.958984 0.777344 0.957031 0.777344 0.955078 0.779297 0.951172 0.779297 0.949219 0.777344 0.949219 0.771484 0.951172 0.769531 0.955078 0.769531 0.957031 0.771484 0.958984 0.771484
0 0.984375 0.779297 0.982422 0.779297 0.980469 0.781250 0.976562 0.781250 0.974609 0.779297 0.974609 0.773438 0.976562 0.771484 0.980469 0.771484 0.982422 0.773438 0.984375 0.773438
0 0.291016 0.779297 0.289062 0.781250 0.289062 0.783203 0.287109 0.785156 0.281250 0.785156 0.279297 0.783203 0.279297 0.781250 0.277344 0.779297 0.277344 0.777344 0.279297 0.775391 0.279297 0.773438 0.281250 0.771484 0.287109 0.771484 0.289062 0.773438 0.289062 0.775391 0.291016 0.777344
0 0.716797 0.777344 0.716797 0.781250 0.712891 0.781250 0.710938 0.779297 0.714844 0.775391
0 0.761719 0.779297 0.759766 0.781250 0.759766 0.783203 0.757812 0.785156 0.751953 0.785156 0.750000 0.783203 0.750000 0.781250 0.748047 0.779297 0.748047 0.777344 0.750000 0.775391 0.750000 0.773438 0.751953 0.771484 0.757812 0.771484 0.759766 0.773438 0.759766 0.775391 0.761719 0.777344
0 0.826172 0.781250 0.824219 0.781250 0.822266 0.783203 0.818359 0.783203 0.816406 0.781250 0.816406 0.775391 0.818359 0.773438 0.822266 0.773438 0.824219 0.775391 0.826172 0.775391
0 0.878906 0.777344 0.878906 0.781250 0.875000 0.781250 0.873047 0.779297 0.876953 0.775391
0 0.806641 0.781250 0.804688 0.783203 0.804688 0.785156 0.802734 0.787109 0.796875 0.787109 0.794922 0.785156 0.794922 0.783203 0.792969 0.781250 0.792969 0.779297 0.794922 0.777344 0.794922 0.775391 0.796875 0.773438 0.802734 0.773438 0.804688 0.775391 0.804688 0.777344 0.806641 0.779297
0 0.890625 0.785156 0.888672 0.785156 0.886719 0.787109 0.882812 0.787109 0.880859 0.785156 0.880859 0.779297 0.882812 0.777344 0.886719 0.777344 0.888672 0.779297 0.890625 0.779297
0 0.998047 0.792969 0.992188 0.792969 0.986328 0.787109 0.986328 0.777344 0.988281 0.775391 0.990234 0.775391 0.990234 0.773438 0.992188 0.771484 0.998047 0.771484
0 0.783203 0.785156 0.781250 0.787109 0.781250 0.789062 0.779297 0.791016 0.773438 0.791016 0.771484 0.789062 0.771484 0.787109 0.769531 0.785156 0.769531 0.783203 0.771484 0.781250 0.771484 0.779297 0.773438 0.777344 0.779297 0.777344 0.781250 0.779297 0.781250 0.781250 0.783203 0.783203
0 0.634766 0.789062 0.632812 0.789062 0.630859 0.791016 0.626953 0.791016 0.625000 0.789062 0.625000 0.783203 0.626953 0.781250 0.630859 0.781250 0.632812 0.783203 0.634766 0.783203
0 0.873047 0.785156 0.873047 0.789062 0.869141 0.789062 0.867188 0.787109 0.871094 0.783203
0 0.818359 0.787109 0.818359 0.791016 0.814453 0.791016 0.812500 0.789062 0.816406 0.785156
0 0.966797 0.791016 0.964844 0.791016 0.962891 0.792969 0.958984 0.792969 0.957031 0.791016 0.957031 0.785156 0.958984 0.783203 0.962891 0.783203 0.964844 0.785156 0.966797 0.785156
0 0.521484 0.791016 0.519531 0.792969 0.519531 0.794922 0.517578 0.796875 0.511719 0.796875 0.509766 0.794922 0.509766 0.792969 0.507812 0.791016 0.507812 0.789062 0.509766 0.787109 0.509766 0.785156 0.511719 0.783203 0.517578 0.783203 0.519531 0.785156 0.519531 0.787109 0.521484 0.789062
0 0.755859 0.798828 0.753906 0.798828 0.751953 0.800781 0.742188 0.800781 0.736328 0.794922 0.736328 0.785156 0.738281 0.783203 0.740234 0.783203 0.740234 0.781250 0.742188 0.779297 0.751953 0.779297 0.757812 0.785156 0.757812 0.794922 0.755859 0.796875
0 0.792969 0.792969 0.791016 0.792969 0.789062 0.794922 0.785156 0.794922 0.783203 0.792969 0.783203 0.787109 0.785156 0.785156 0.789062 0.785156 0.791016 0.787109 0.792969 0.787109
0 0.257812 0.794922 0.255859 0.794922 0.253906 0.796875 0.250000 0.796875 0.248047 0.794922 0.248047 0.789062 0.250000 0.787109 0.253906 0.787109 0.255859 0.789062 0.257812 0.789062
0 0.658203 0.794922 0.656250 0.794922 0.654297 0.796875 0.650391 0.796875 0.648438 0.794922 0.648438 0.789062 0.650391 0.787109 0.654297 0.787109 0.656250 0.789062 0.658203 0.789062
0 0.371094 0.796875 0.369141 0.796875 0.367188 0.798828 0.363281 0.798828 0.361328 0.796875 0.361328 0.791016 0.363281 0.789062 0.367188 0.789062 0.369141 0.791016 0.371094 0.791016
0 0.570312 0.802734 0.568359 0.802734 0.566406 0.804688 0.556641 0.804688 0.550781 0.798828 0.550781 0.789062 0.552734 0.787109 0.554688 0.787109 0.554688 0.785156 0.556641 0.783203 0.566406 0.783203 0.572266 0.789062 0.572266 0.798828 0.570312 0.800781
0 0.804688 0.796875 0.798828 0.802734 0.792969 0.802734 0.787109 0.796875 0.787109 0.791016 0.792969 0.785156 0.798828 0.785156 0.804688 0.791016
0 0.181641 0.794922 0.181641 0.798828 0.177734 0.798828 0.175781 0.796875 0.179688 0.792969
0 0.289062 0.804688 0.287109 0.804688 0.285156 0.806641 0.275391 0.806641 0.269531 0.800781 0.269531 0.791016 0.271484 0.789062 0.273438 0.789062 0.273438 0.787109 0.275391 0.785156 0.285156 0.785156 0.291016 0.791016 0.291016 0.800781 0.289062 0.802734
0 0.228516 0.800781 0.226562 0.800781 0.224609 0.802734 0.220703 0.802734 0.218750 0.800781 0.218750 0.794922 0.220703 0.792969 0.224609 0.792969 0.226562 0.794922 0.228516 0.794922
0 0.904297 0.796875 0.904297 0.800781 0.900391 0.800781 0.898438 0.798828 0.902344 0.794922
0 0.642578 0.802734 0.640625 0.802734 0.638672 0.804688 0.634766 0.804688 0.632812 0.802734 0.632812 0.796875 0.634766 0.794922 0.638672 0.794922 0.640625 0.796875 0.642578 0.796875
0 0.490234 0.800781 0.490234 0.804688 0.486328 0.804688 0.484375 0.802734 0.488281 0.798828
0 0.916016 0.804688 0.914062 0.804688 0.912109 0.806641 0.908203 0.806641 0.906250 0.804688 0.906250 0.798828 0.908203 0.796875 0.912109 0.796875 0.914062 0.798828 0.916016 0.798828
0 0.277344 0.812500 0.275391 0.812500 0.273438 0.814453 0.263672 0.814453 0.257812 0.808594 0.257812 0.798828 0.259766 0.796875 0.261719 0.796875 0.261719 0.794922 0.263672 0.792969 0.273438 0.792969 0.279297 0.798828 0.279297 0.808594 0.277344 0.810547
0 0.341797 0.804688 0.339844 0.806641 0.339844 0.808594 0.337891 0.810547 0.332031 0.810547 0.330078 0.808594 0.330078 0.806641 0.328125 0.804688 0.328125 0.802734 0.330078 0.800781 0.330078 0.798828 0.332031 0.796875 0.337891 0.796875 0.339844 0.798828 0.339844 0.800781 0.341797 0.802734
0 0.593750 0.802734 0.593750 0.806641 0.589844 0.806641 0.587891 0.804688 0.591797 0.800781
0 0.187500 0.808594 0.185547 0.808594 0.183594 0.810547 0.179688 0.810547 0.177734 0.808594 0.177734 0.802734 0.179688 0.800781 0.183594 0.800781 0.185547 0.802734 0.187500 0.802734
0 0.457031 0.804688 0.457031 0.808594 0.453125 0.808594 0.451172 0.806641 0.455078 0.802734
0 0.482422 0.806641 0.482422 0.810547 0.478516 0.810547 0.476562 0.808594 0.480469 0.804688
0 0.519531 0.810547 0.517578 0.810547 0.515625 0.812500 0.511719 0.812500 0.509766 0.810547 0.509766 0.804688 0.511719 0.802734 0.515625 0.802734 0.517578 0.804688 0.519531 0.804688
0 0.958984 0.810547 0.957031 0.810547 0.955078 0.812500 0.951172 0.812500 0.949219 0.810547 0.949219 0.804688 0.951172 0.802734 0.955078 0.802734 0.957031 0.804688 0.958984 0.804688
0 0.488281 0.810547 0.488281 0.814453 0.484375 0.814453 0.482422 0.812500 0.486328 0.808594
0 0.494141 0.812500 0.494141 0.816406 0.490234 0.816406 0.488281 0.814453 0.492188 0.810547
0 0.777344 0.816406 0.771484 0.822266 0.765625 0.822266 0.759766 0.816406 0.759766 0.810547 0.765625 0.804688 0.771484 0.804688 0.777344 0.810547
0 0.851562 0.812500 0.851562 0.816406 0.847656 0.816406 0.845703 0.814453 0.849609 0.810547
0 0.896484 0.814453 0.894531 0.816406 0.894531 0.818359 0.892578 0.820312 0.886719 0.820312 0.884766 0.818359 0.884766 0.816406 0.882812 0.814453 0.882812 0.812500 0.884766 0.810547 0.884766 0.808594 0.886719 0.806641 0.892578 0.806641 0.894531 0.808594 0.894531 0.810547 0.896484 0.812500
0 0.988281 0.816406 0.986328 0.816406 0.984375 0.818359 0.980469 0.818359 0.978516 0.816406 0.978516 0.810547 0.980469 0.808594 0.984375 0.808594 0.986328 0.810547 0.988281 0.810547
0 0.437500 0.818359 0.435547 0.818359 0.433594 0.820312 0.429688 0.820312 0.427734 0.818359 0.427734 0.812500 0.429688 0.810547 0.433594 0.810547 0.435547 0.812500 0.437500 0.812500
0 0.451172 0.818359 0.449219 0.818359 0.447266 0.820312 0.443359 0.820312 0.441406 0.818359 0.441406 0.812500 0.443359 0.810547 0.447266 0.810547 0.449219 0.812500 0.451172 0.812500
0 0.574219 0.814453 0.574219 0.818359 0.570312 0.818359 0.568359 0.816406 0.572266 0.812500
0 0.839844 0.814453 0.839844 0.818359 0.835938 0.818359 0.833984 0.816406 0.837891 0.812500
0 0.917969 0.818359 0.916016 0.818359 0.914062 0.820312 0.910156 0.820312 0.908203 0.818359 0.908203 0.812500 0.910156 0.810547 0.914062 0.810547 0.916016 0.812500 0.917969 0.812500
0 0.970703 0.818359 0.968750 0.818359 0.966797 0.820312 0.962891 0.820312 0.960938 0.818359 0.960938 0.812500 0.962891 0.810547 0.966797 0.810547 0.968750 0.812500 0.970703 0.812500
0 0.246094 0.828125 0.244141 0.828125 0.242188 0.830078 0.232422 0.830078 0.226562 0.824219 0.226562 0.814453 0.228516 0.812500 0.230469 0.812500 0.230469 0.810547 0.232422 0.808594 0.242188 0.808594 0.248047 0.814453 0.248047 0.824219 0.246094 0.826172
0 0.464844 0.822266 0.462891 0.822266 0.460938 0.824219 0.457031 0.824219 0.455078 0.822266 0.455078 0.816406 0.457031 0.814453 0.460938 0.814453 0.462891 0.816406 0.464844 0.816406
0 0.203125 0.830078 0.201172 0.830078 0.199219 0.832031 0.189453 0.832031 0.183594 0.826172 0.183594 0.816406 0.185547 0.814453 0.187500 0.814453 0.187500 0.812500 0.189453 0.810547 0.199219 0.810547 0.205078 0.816406 0.205078 0.826172 0.203125 0.828125
0 0.869141 0.824219 0.867188 0.824219 0.865234 0.826172 0.861328 0.826172 0.859375 0.824219 0.859375 0.818359 0.861328 0.816406 0.865234 0.816406 0.867188 0.818359 0.869141 0.818359
0 0.316406 0.832031 0.314453 0.832031 0.312500 0.833984 0.302734 0.833984 0.296875 0.828125 0.296875 0.818359 0.298828 0.816406 0.300781 0.816406 0.300781 0.814453 0.302734 0.812500 0.312500 0.812500 0.318359 0.818359 0.318359 0.828125 0.316406 0.830078
0 0.589844 0.826172 0.587891 0.826172 0.585938 0.828125 0.582031 0.828125 0.580078 0.826172 0.580078 0.820312 0.582031 0.818359 0.585938 0.818359 0.587891 0.820312 0.589844 0.820312
0 0.988281 0.826172 0.986328 0.826172 0.984375 0.828125 0.980469 0.828125 0.978516 0.826172 0.978516 0.820312 0.980469 0.818359 0.984375 0.818359 0.986328 0.820312 0.988281 0.820312
0 0.474609 0.824219 0.474609 0.828125 0.470703 0.828125 0.468750 0.826172 0.472656 0.822266
0 0.515625 0.826172 0.515625 0.830078 0.511719 0.830078 0.509766 0.828125 0.513672 0.824219
0 0.976562 0.830078 0.974609 0.830078 0.972656 0.832031 0.968750 0.832031 0.966797 0.830078 0.966797 0.824219 0.968750 0.822266 0.972656 0.822266 0.974609 0.824219 0.976562 0.824219
0 0.462891 0.828125 0.462891 0.832031 0.458984 0.832031 0.457031 0.830078 0.460938 0.826172
0 0.542969 0.830078 0.541016 0.832031 0.541016 0.833984 0.539062 0.835938 0.533203 0.835938 0.531250 0.833984 0.531250 0.832031 0.529297 0.830078 0.529297 0.828125 0.531250 0.826172 0.531250 0.824219 0.533203 0.822266 0.539062 0.822266 0.541016 0.824219 0.541016 0.826172 0.542969 0.828125
0 0.933594 0.828125 0.933594 0.832031 0.929688 0.832031 0.927734 0.830078 0.931641 0.826172
0 0.943359 0.830078 0.943359 0.833984 0.939453 0.833984 0.937500 0.832031 0.941406 0.828125
0 0.447266 0.835938 0.445312 0.835938 0.443359 0.837891 0.439453 0.837891 0.437500 0.835938 0.437500 0.830078 0.439453 0.828125 0.443359 0.828125 0.445312 0.830078 0.447266 0.830078
0 0.660156 0.835938 0.658203 0.835938 0.656250 0.837891 0.652344 0.837891 0.650391 0.835938 0.650391 0.830078 0.652344 0.828125 0.656250 0.828125 0.658203 0.830078 0.660156 0.830078
0 0.751953 0.833984 0.750000 0.835938 0.750000 0.837891 0.748047 0.839844 0.742188 0.839844 0.740234 0.837891 0.740234 0.835938 0.738281 0.833984 0.738281 0.832031 0.740234 0.830078 0.740234 0.828125 0.742188 0.826172 0.748047 0.826172 0.750000 0.828125 0.750000 0.830078 0.751953 0.832031
0 0.876953 0.835938 0.875000 0.835938 0.873047 0.837891 0.869141 0.837891 0.867188 0.835938 0.867188 0.830078 0.869141 0.828125 0.873047 0.828125 0.875000 0.830078 0.876953 0.830078
0 0.886719 0.835938 0.884766 0.835938 0.882812 0.837891 0.878906 0.837891 0.876953 0.835938 0.876953 0.830078 0.878906 0.828125 0.882812 0.828125 0.884766 0.830078 0.886719 0.830078
0 0.644531 0.833984 0.644531 0.837891 0.640625 0.837891 0.638672 0.835938 0.642578 0.832031
0 0.632812 0.839844 0.632812 0.843750 0.628906 0.843750 0.626953 0.841797 0.630859 0.837891
0 0.638672 0.843750 0.638672 0.847656 0.634766 0.847656 0.632812 0.845703 0.636719 0.841797
0 0.658203 0.853516 0.652344 0.859375 0.646484 0.859375 0.640625 0.853516 0.640625 0.847656 0.646484 0.841797 0.652344 0.841797 0.658203 0.847656
0 0.667969 0.857422 0.666016 0.857422 0.664062 0.859375 0.660156 0.859375 0.658203 0.857422 0.658203 0.851562 0.660156 0.849609 0.664062 0.849609 0.666016 0.851562 0.667969 0.851562
0 0.761719 0.865234 0.759766 0.865234 0.757812 0.867188 0.748047 0.867188 0.742188 0.861328 0.742188 0.851562 0.744141 0.849609 0.746094 0.849609 0.746094 0.847656 0.748047 0.845703 0.757812 0.845703 0.763672 0.851562 0.763672 0.861328 0.761719 0.863281
0 0.482422 0.861328 0.480469 0.861328 0.478516 0.863281 0.474609 0.863281 0.472656 0.861328 0.472656 0.855469 0.474609 0.853516 0.478516 0.853516 0.480469 0.855469 0.482422 0.855469
0 0.685547 0.867188 0.683594 0.867188 0.681641 0.869141 0.671875 0.869141 0.666016 0.863281 0.666016 0.853516 0.667969 0.851562 0.669922 0.851562 0.669922 0.849609 0.671875 0.847656 0.681641 0.847656 0.687500 0.853516 0.687500 0.863281 0.685547 0.865234
0 0.988281 0.857422 0.988281 0.861328 0.984375 0.861328 0.982422 0.859375 0.986328 0.855469
0 0.738281 0.861328 0.736328 0.863281 0.736328 0.865234 0.734375 0.867188 0.728516 0.867188 0.726562 0.865234 0.726562 0.863281 0.724609 0.861328 0.724609 0.859375 0.726562 0.857422 0.726562 0.855469 0.728516 0.853516 0.734375 0.853516 0.736328 0.855469 0.736328 0.857422 0.738281 0.859375
0 0.816406 0.863281 0.814453 0.863281 0.812500 0.865234 0.808594 0.865234 0.806641 0.863281 0.806641 0.857422 0.808594 0.855469 0.812500 0.855469 0.814453 0.857422 0.816406 0.857422
0 0.896484 0.863281 0.896484 0.867188 0.892578 0.867188 0.890625 0.865234 0.894531 0.861328
0 0.998047 0.871094 0.994141 0.871094 0.992188 0.869141 0.992188 0.867188 0.990234 0.865234 0.990234 0.863281 0.992188 0.861328 0.992188 0.859375 0.994141 0.857422 0.998047 0.857422
0 0.494141 0.871094 0.492188 0.871094 0.490234 0.873047 0.486328 0.873047 0.484375 0.871094 0.484375 0.865234 0.486328 0.863281 0.490234 0.863281 0.492188 0.865234 0.494141 0.865234
0 0.447266 0.873047 0.445312 0.873047 0.443359 0.875000 0.439453 0.875000 0.437500 0.873047 0.437500 0.867188 0.439453 0.865234 0.443359 0.865234 0.445312 0.867188 0.447266 0.867188
0 0.982422 0.869141 0.982422 0.873047 0.978516 0.873047 0.976562 0.871094 0.980469 0.867188
0 0.945312 0.873047 0.943359 0.875000 0.943359 0.876953 0.941406 0.878906 0.935547 0.878906 0.933594 0.876953 0.933594 0.875000 0.931641 0.873047 0.931641 0.871094 0.933594 0.869141 0.933594 0.867188 0.935547 0.865234 0.941406 0.865234 0.943359 0.867188 0.943359 0.869141 0.945312 0.871094
0 0.507812 0.876953 0.505859 0.876953 0.503906 0.878906 0.500000 0.878906 0.498047 0.876953 0.498047 0.871094 0.500000 0.869141 0.503906 0.869141 0.505859 0.871094 0.507812 0.871094
0 0.916016 0.875000 0.914062 0.876953 0.914062 0.878906 0.912109 0.880859 0.906250 0.880859 0.904297 0.878906 0.904297 0.876953 0.902344 0.875000 0.902344 0.873047 0.904297 0.871094 0.904297 0.869141 0.906250 0.867188 0.912109 0.867188 0.914062 0.869141 0.914062 0.871094 0.916016 0.873047
0 0.992188 0.873047 0.992188 0.876953 0.988281 0.876953 0.986328 0.875000 0.990234 0.871094
0 0.619141 0.875000 0.619141 0.878906 0.615234 0.878906 0.613281 0.876953 0.617188 0.873047
0 0.722656 0.884766 0.720703 0.884766 0.718750 0.886719 0.708984 0.886719 0.703125 0.880859 0.703125 0.871094 0.705078 0.869141 0.707031 0.869141 0.707031 0.867188 0.708984 0.865234 0.718750 0.865234 0.724609 0.871094 0.724609 0.880859 0.722656 0.882812
0 0.468750 0.878906 0.466797 0.880859 0.466797 0.882812 0.464844 0.884766 0.458984 0.884766 0.457031 0.882812 0.457031 0.880859 0.455078 0.878906 0.455078 0.876953 0.457031 0.875000 0.457031 0.873047 0.458984 0.871094 0.464844 0.871094 0.466797 0.873047 0.466797 0.875000 0.468750 0.876953
0 0.503906 0.880859 0.498047 0.886719 0.492188 0.886719 0.486328 0.880859 0.486328 0.875000 0.492188 0.869141 0.498047 0.869141 0.503906 0.875000
0 0.369141 0.878906 0.369141 0.882812 0.365234 0.882812 0.363281 0.880859 0.367188 0.876953
0 0.628906 0.878906 0.628906 0.882812 0.625000 0.882812 0.623047 0.880859 0.626953 0.876953
0 0.804688 0.882812 0.802734 0.882812 0.800781 0.884766 0.796875 0.884766 0.794922 0.882812 0.794922 0.876953 0.796875 0.875000 0.800781 0.875000 0.802734 0.876953 0.804688 0.876953
0 0.121094 0.880859 0.121094 0.884766 0.117188 0.884766 0.115234 0.882812 0.119141 0.878906
0 0.128906 0.880859 0.128906 0.884766 0.125000 0.884766 0.123047 0.882812 0.126953 0.878906
0 0.482422 0.884766 0.480469 0.884766 0.478516 0.886719 0.474609 0.886719 0.472656 0.884766 0.472656 0.878906 0.474609 0.876953 0.478516 0.876953 0.480469 0.878906 0.482422 0.878906
0 0.505859 0.880859 0.505859 0.884766 0.501953 0.884766 0.500000 0.882812 0.503906 0.878906
0 0.554688 0.884766 0.552734 0.884766 0.550781 0.886719 0.546875 0.886719 0.544922 0.884766 0.544922 0.878906 0.546875 0.876953 0.550781 0.876953 0.552734 0.878906 0.554688 0.878906
0 0.677734 0.890625 0.675781 0.890625 0.673828 0.892578 0.664062 0.892578 0.658203 0.886719 0.658203 0.876953 0.660156 0.875000 0.662109 0.875000 0.662109 0.873047 0.664062 0.871094 0.673828 0.871094 0.679688 0.876953 0.679688 0.886719 0.677734 0.888672
0 0.443359 0.886719 0.441406 0.886719 0.439453 0.888672 0.435547 0.888672 0.433594 0.886719 0.433594 0.880859 0.435547 0.878906 0.439453 0.878906 0.441406 0.880859 0.443359 0.880859
0 0.525391 0.886719 0.523438 0.886719 0.521484 0.888672 0.517578 0.888672 0.515625 0.886719 0.515625 0.880859 0.517578 0.878906 0.521484 0.878906 0.523438 0.880859 0.525391 0.880859
0 0.621094 0.882812 0.621094 0.886719 0.617188 0.886719 0.615234 0.884766 0.619141 0.880859
0 0.294922 0.886719 0.292969 0.888672 0.292969 0.890625 0.291016 0.892578 0.285156 0.892578 0.283203 0.890625 0.283203 0.888672 0.281250 0.886719 0.281250 0.884766 0.283203 0.882812 0.283203 0.880859 0.285156 0.878906 0.291016 0.878906 0.292969 0.880859 0.292969 0.882812 0.294922 0.884766
0 0.771484 0.890625 0.769531 0.890625 0.767578 0.892578 0.763672 0.892578 0.761719 0.890625 0.761719 0.884766 0.763672 0.882812 0.767578 0.882812 0.769531 0.884766 0.771484 0.884766
0 0.404297 0.888672 0.404297 0.892578 0.400391 0.892578 0.398438 0.890625 0.402344 0.886719
0 0.517578 0.888672 0.517578 0.892578 0.513672 0.892578 0.511719 0.890625 0.515625 0.886719
0 0.789062 0.890625 0.787109 0.892578 0.787109 0.894531 0.785156 0.896484 0.779297 0.896484 0.777344 0.894531 0.777344 0.892578 0.775391 0.890625 0.775391 0.888672 0.777344 0.886719 0.777344 0.884766 0.779297 0.882812 0.785156 0.882812 0.787109 0.884766 0.787109 0.886719 0.789062 0.888672
0 0.191406 0.892578 0.189453 0.894531 0.189453 0.896484 0.187500 0.898438 0.181641 0.898438 0.179688 0.896484 0.179688 0.894531 0.177734 0.892578 0.177734 0.890625 0.179688 0.888672 0.179688 0.886719 0.181641 0.884766 0.187500 0.884766 0.189453 0.886719 0.189453 0.888672 0.191406 0.890625
0 0.220703 0.892578 0.218750 0.894531 0.218750 0.896484 0.216797 0.898438 0.210938 0.898438 0.208984 0.896484 0.208984 0.894531 0.207031 0.892578 0.207031 0.890625 0.208984 0.888672 0.208984 0.886719 0.210938 0.884766 0.216797 0.884766 0.218750 0.886719 0.218750 0.888672 0.220703 0.890625
0 0.332031 0.894531 0.330078 0.894531 0.328125 0.896484 0.324219 0.896484 0.322266 0.894531 0.322266 0.888672 0.324219 0.886719 0.328125 0.886719 0.330078 0.888672 0.332031 0.888672
0 0.392578 0.890625 0.392578 0.894531 0.388672 0.894531 0.386719 0.892578 0.390625 0.888672
0 0.933594 0.894531 0.931641 0.896484 0.931641 0.898438 0.929688 0.900391 0.923828 0.900391 0.921875 0.898438 0.921875 0.896484 0.919922 0.894531 0.919922 0.892578 0.921875 0.890625 0.921875 0.888672 0.923828 0.886719 0.929688 0.886719 0.931641 0.888672 0.931641 0.890625 0.933594 0.892578
0 0.455078 0.896484 0.453125 0.898438 0.453125 0.900391 0.451172 0.902344 0.445312 0.902344 0.443359 0.900391 0.443359 0.898438 0.441406 0.896484 0.441406 0.894531 0.443359 0.892578 0.443359 0.890625 0.445312 0.888672 0.451172 0.888672 0.453125 0.890625 0.453125 0.892578 0.455078 0.894531
0 0.695312 0.896484 0.693359 0.898438 0.693359 0.900391 0.691406 0.902344 0.685547 0.902344 0.683594 0.900391 0.683594 0.898438 0.681641 0.896484 0.681641 0.894531 0.683594 0.892578 0.683594 0.890625 0.685547 0.888672 0.691406 0.888672 0.693359 0.890625 0.693359 0.892578 0.695312 0.894531
0 0.564453 0.900391 0.562500 0.900391 0.560547 0.902344 0.556641 0.902344 0.554688 0.900391 0.554688 0.894531 0.556641 0.892578 0.560547 0.892578 0.562500 0.894531 0.564453 0.894531
0 0.388672 0.908203 0.386719 0.908203 0.384766 0.910156 0.375000 0.910156 0.369141 0.904297 0.369141 0.894531 0.371094 0.892578 0.373047 0.892578 0.373047 0.890625 0.375000 0.888672 0.384766 0.888672 0.390625 0.894531 0.390625 0.904297 0.388672 0.906250
0 0.417969 0.898438 0.417969 0.902344 0.414062 0.902344 0.412109 0.900391 0.416016 0.896484
0 0.357422 0.908203 0.355469 0.910156 0.355469 0.912109 0.353516 0.914062 0.347656 0.914062 0.345703 0.912109 0.345703 0.910156 0.343750 0.908203 0.343750 0.906250 0.345703 0.904297 0.345703 0.902344 0.347656 0.900391 0.353516 0.900391 0.355469 0.902344 0.355469 0.904297 0.357422 0.906250
0 0.378906 0.910156 0.376953 0.910156 0.375000 0.912109 0.371094 0.912109 0.369141 0.910156 0.369141 0.904297 0.371094 0.902344 0.375000 0.902344 0.376953 0.904297 0.378906 0.904297
0 0.457031 0.906250 0.457031 0.910156 0.453125 0.910156 0.451172 0.908203 0.455078 0.904297
0 0.611328 0.906250 0.611328 0.910156 0.607422 0.910156 0.605469 0.908203 0.609375 0.904297
0 0.630859 0.906250 0.630859 0.910156 0.626953 0.910156 0.625000 0.908203 0.628906 0.904297
0 0.261719 0.910156 0.259766 0.912109 0.259766 0.914062 0.257812 0.916016 0.251953 0.916016 0.250000 0.914062 0.250000 0.912109 0.248047 0.910156 0.248047 0.908203 0.250000 0.906250 0.250000 0.904297 0.251953 0.902344 0.257812 0.902344 0.259766 0.904297 0.259766 0.906250 0.261719 0.908203
0 0.919922 0.912109 0.917969 0.912109 0.916016 0.914062 0.912109 0.914062 0.910156 0.912109 0.910156 0.906250 0.912109 0.904297 0.916016 0.904297 0.917969 0.906250 0.919922 0.906250
0 0.914062 0.914062 0.912109 0.914062 0.910156 0.916016 0.906250 0.916016 0.904297 0.914062 0.904297 0.908203 0.906250 0.906250 0.910156 0.906250 0.912109 0.908203 0.914062 0.908203
0 0.445312 0.912109 0.445312 0.916016 0.441406 0.916016 0.439453 0.914062 0.443359 0.910156
0 0.455078 0.912109 0.455078 0.916016 0.451172 0.916016 0.449219 0.914062 0.453125 0.910156
0 0.324219 0.925781 0.322266 0.925781 0.320312 0.927734 0.310547 0.927734 0.304688 0.921875 0.304688 0.912109 0.306641 0.910156 0.308594 0.910156 0.308594 0.908203 0.310547 0.906250 0.320312 0.906250 0.326172 0.912109 0.326172 0.921875 0.324219 0.923828
0 0.656250 0.917969 0.654297 0.919922 0.654297 0.921875 0.652344 0.923828 0.646484 0.923828 0.644531 0.921875 0.644531 0.919922 0.642578 0.917969 0.642578 0.916016 0.644531 0.914062 0.644531 0.912109 0.646484 0.910156 0.652344 0.910156 0.654297 0.912109 0.654297 0.914062 0.656250 0.916016
0 0.375000 0.921875 0.373047 0.921875 0.371094 0.923828 0.367188 0.923828 0.365234 0.921875 0.365234 0.916016 0.367188 0.914062 0.371094 0.914062 0.373047 0.916016 0.375000 0.916016
0 0.779297 0.917969 0.779297 0.921875 0.775391 0.921875 0.773438 0.919922 0.777344 0.916016
0 0.265625 0.921875 0.263672 0.923828 0.263672 0.925781 0.261719 0.927734 0.255859 0.927734 0.253906 0.925781 0.253906 0.923828 0.251953 0.921875 0.251953 0.919922 0.253906 0.917969 0.253906 0.916016 0.255859 0.914062 0.261719 0.914062 0.263672 0.916016 0.263672 0.917969 0.265625 0.919922
0 0.824219 0.927734 0.822266 0.927734 0.820312 0.929688 0.816406 0.929688 0.814453 0.927734 0.814453 0.921875 0.816406 0.919922 0.820312 0.919922 0.822266 0.921875 0.824219 0.921875
0 0.267578 0.927734 0.265625 0.929688 0.265625 0.931641 0.263672 0.933594 0.257812 0.933594 0.255859 0.931641 0.255859 0.929688 0.253906 0.927734 0.253906 0.925781 0.255859 0.923828 0.255859 0.921875 0.257812 0.919922 0.263672 0.919922 0.265625 0.921875 0.265625 0.923828 0.267578 0.925781
0 0.675781 0.927734 0.673828 0.929688 0.673828 0.931641 0.671875 0.933594 0.666016 0.933594 0.664062 0.931641 0.664062 0.929688 0.662109 0.927734 0.662109 0.925781 0.664062 0.923828 0.664062 0.921875 0.666016 0.919922 0.671875 0.919922 0.673828 0.921875 0.673828 0.923828 0.675781 0.925781
0 0.962891 0.929688 0.960938 0.929688 0.958984 0.931641 0.955078 0.931641 0.953125 0.929688 0.953125 0.923828 0.955078 0.921875 0.958984 0.921875 0.960938 0.923828 0.962891 0.923828
0 0.777344 0.927734 0.777344 0.931641 0.773438 0.931641 0.771484 0.929688 0.775391 0.925781
0 0.560547 0.931641 0.558594 0.933594 0.558594 0.935547 0.556641 0.937500 0.550781 0.937500 0.548828 0.935547 0.548828 0.933594 0.546875 0.931641 0.546875 0.929688 0.548828 0.927734 0.548828 0.925781 0.550781 0.923828 0.556641 0.923828 0.558594 0.925781 0.558594 0.927734 0.560547 0.929688
0 0.849609 0.933594 0.847656 0.933594 0.845703 0.935547 0.841797 0.935547 0.839844 0.933594 0.839844 0.927734 0.841797 0.925781 0.845703 0.925781 0.847656 0.927734 0.849609 0.927734
0 0.945312 0.933594 0.943359 0.933594 0.941406 0.935547 0.937500 0.935547 0.935547 0.933594 0.935547 0.927734 0.937500 0.925781 0.941406 0.925781 0.943359 0.927734 0.945312 0.927734
0 0.441406 0.933594 0.441406 0.937500 0.437500 0.937500 0.435547 0.935547 0.439453 0.931641
0 0.365234 0.939453 0.363281 0.939453 0.361328 0.941406 0.357422 0.941406 0.355469 0.939453 0.355469 0.933594 0.357422 0.931641 0.361328 0.931641 0.363281 0.933594 0.365234 0.933594
0 0.480469 0.935547 0.480469 0.939453 0.476562 0.939453 0.474609 0.937500 0.478516 0.933594
0 0.335938 0.949219 0.333984 0.949219 0.332031 0.951172 0.322266 0.951172 0.316406 0.945312 0.316406 0.935547 0.318359 0.933594 0.320312 0.933594 0.320312 0.931641 0.322266 0.929688 0.332031 0.929688 0.337891 0.935547 0.337891 0.945312 0.335938 0.947266
0 0.451172 0.939453 0.451172 0.943359 0.447266 0.943359 0.445312 0.941406 0.449219 0.937500
0 0.794922 0.949219 0.792969 0.949219 0.791016 0.951172 0.781250 0.951172 0.775391 0.945312 0.775391 0.935547 0.777344 0.933594 0.779297 0.933594 0.779297 0.931641 0.781250 0.929688 0.791016 0.929688 0.796875 0.935547 0.796875 0.945312 0.794922 0.947266
0 0.833984 0.945312 0.832031 0.945312 0.830078 0.947266 0.826172 0.947266 0.824219 0.945312 0.824219 0.939453 0.826172 0.937500 0.830078 0.937500 0.832031 0.939453 0.833984 0.939453
0 0.962891 0.945312 0.960938 0.945312 0.958984 0.947266 0.955078 0.947266 0.953125 0.945312 0.953125 0.939453 0.955078 0.937500 0.958984 0.937500 0.960938 0.939453 0.962891 0.939453
0 0.355469 0.943359 0.355469 0.947266 0.351562 0.947266 0.349609 0.945312 0.353516 0.941406
0 0.609375 0.945312 0.609375 0.949219 0.605469 0.949219 0.603516 0.947266 0.607422 0.943359
0 0.486328 0.951172 0.484375 0.951172 0.482422 0.953125 0.478516 0.953125 0.476562 0.951172 0.476562 0.945312 0.478516 0.943359 0.482422 0.943359 0.484375 0.945312 0.486328 0.945312
0 0.298828 0.960938 0.296875 0.960938 0.294922 0.962891 0.285156 0.962891 0.279297 0.957031 0.279297 0.947266 0.281250 0.945312 0.283203 0.945312 0.283203 0.943359 0.285156 0.941406 0.294922 0.941406 0.300781 0.947266 0.300781 0.957031 0.298828 0.958984
0 0.572266 0.955078 0.570312 0.957031 0.570312 0.958984 0.568359 0.960938 0.562500 0.960938 0.560547 0.958984 0.560547 0.957031 0.558594 0.955078 0.558594 0.953125 0.560547 0.951172 0.560547 0.949219 0.562500 0.947266 0.568359 0.947266 0.570312 0.949219 0.570312 0.951172 0.572266 0.953125
0 0.617188 0.958984 0.615234 0.958984 0.613281 0.960938 0.609375 0.960938 0.607422 0.958984 0.607422 0.953125 0.609375 0.951172 0.613281 0.951172 0.615234 0.953125 0.617188 0.953125
0 0.861328 0.958984 0.859375 0.958984 0.857422 0.960938 0.853516 0.960938 0.851562 0.958984 0.851562 0.953125 0.853516 0.951172 0.857422 0.951172 0.859375 0.953125 0.861328 0.953125
0 0.599609 0.958984 0.597656 0.960938 0.597656 0.962891 0.595703 0.964844 0.589844 0.964844 0.587891 0.962891 0.587891 0.960938 0.585938 0.958984 0.585938 0.957031 0.587891 0.955078 0.587891 0.953125 0.589844 0.951172 0.595703 0.951172 0.597656 0.953125 0.597656 0.955078 0.599609 0.957031
0 0.537109 0.958984 0.537109 0.962891 0.533203 0.962891 0.531250 0.960938 0.535156 0.957031
0 0.714844 0.964844 0.712891 0.964844 0.710938 0.966797 0.707031 0.966797 0.705078 0.964844 0.705078 0.958984 0.707031 0.957031 0.710938 0.957031 0.712891 0.958984 0.714844 0.958984
0 0.732422 0.964844 0.730469 0.964844 0.728516 0.966797 0.724609 0.966797 0.722656 0.964844 0.722656 0.958984 0.724609 0.957031 0.728516 0.957031 0.730469 0.958984 0.732422 0.958984
0 0.494141 0.966797 0.492188 0.966797 0.490234 0.968750 0.486328 0.968750 0.484375 0.966797 0.484375 0.960938 0.486328 0.958984 0.490234 0.958984 0.492188 0.960938 0.494141 0.960938
0 0.542969 0.962891 0.542969 0.966797 0.539062 0.966797 0.537109 0.964844 0.541016 0.960938
0 0.806641 0.964844 0.804688 0.966797 0.804688 0.968750 0.802734 0.970703 0.796875 0.970703 0.794922 0.968750 0.794922 0.966797 0.792969 0.964844 0.792969 0.962891 0.794922 0.960938 0.794922 0.958984 0.796875 0.957031 0.802734 0.957031 0.804688 0.958984 0.804688 0.960938 0.806641 0.962891
0 0.947266 0.966797 0.945312 0.968750 0.945312 0.970703 0.943359 0.972656 0.937500 0.972656 0.935547 0.970703 0.935547 0.968750 0.933594 0.966797 0.933594 0.964844 0.935547 0.962891 0.935547 0.960938 0.937500 0.958984 0.943359 0.958984 0.945312 0.960938 0.945312 0.962891 0.947266 0.964844
0 0.480469 0.970703 0.478516 0.970703 0.476562 0.972656 0.472656 0.972656 0.470703 0.970703 0.470703 0.964844 0.472656 0.962891 0.476562 0.962891 0.478516 0.964844 0.480469 0.964844
0 0.533203 0.966797 0.533203 0.970703 0.529297 0.970703 0.527344 0.968750 0.531250 0.964844
0 0.783203 0.968750 0.781250 0.970703 0.781250 0.972656 0.779297 0.974609 0.773438 0.974609 0.771484 0.972656 0.771484 0.970703 0.769531 0.968750 0.769531 0.966797 0.771484 0.964844 0.771484 0.962891 0.773438 0.960938 0.779297 0.960938 0.781250 0.962891 0.781250 0.964844 0.783203 0.966797
0 0.580078 0.972656 0.574219 0.978516 0.568359 0.978516 0.562500 0.972656 0.562500 0.966797 0.568359 0.960938 0.574219 0.960938 0.580078 0.966797
0 0.632812 0.974609 0.630859 0.976562 0.630859 0.978516 0.628906 0.980469 0.623047 0.980469 0.621094 0.978516 0.621094 0.976562 0.619141 0.974609 0.619141 0.972656 0.621094 0.970703 0.621094 0.968750 0.623047 0.966797 0.628906 0.966797 0.630859 0.968750 0.630859 0.970703 0.632812 0.972656
0 0.689453 0.974609 0.689453 0.978516 0.685547 0.978516 0.683594 0.976562 0.687500 0.972656
0 0.724609 0.978516 0.722656 0.978516 0.720703 0.980469 0.716797 0.980469 0.714844 0.978516 0.714844 0.972656 0.716797 0.970703 0.720703 0.970703 0.722656 0.972656 0.724609 0.972656
0 0.476562 0.980469 0.474609 0.980469 0.472656 0.982422 0.468750 0.982422 0.466797 0.980469 0.466797 0.974609 0.468750 0.972656 0.472656 0.972656 0.474609 0.974609 0.476562 0.974609
0 0.660156 0.980469 0.660156 0.984375 0.656250 0.984375 0.654297 0.982422 0.658203 0.978516
0 0.806641 0.990234 0.804688 0.990234 0.802734 0.992188 0.792969 0.992188 0.787109 0.986328 0.787109 0.976562 0.789062 0.974609 0.791016 0.974609 0.791016 0.972656 0.792969 0.970703 0.802734 0.970703 0.808594 0.976562 0.808594 0.986328 0.806641 0.988281
0 0.927734 0.982422 0.925781 0.984375 0.925781 0.986328 0.923828 0.988281 0.917969 0.988281 0.916016 0.986328 0.916016 0.984375 0.914062 0.982422 0.914062 0.980469 0.916016 0.978516 0.916016 0.976562 0.917969 0.974609 0.923828 0.974609 0.925781 0.976562 0.925781 0.978516 0.927734 0.980469
0 0.445312 0.982422 0.445312 0.986328 0.441406 0.986328 0.439453 0.984375 0.443359 0.980469
0 0.505859 0.986328 0.503906 0.986328 0.501953 0.988281 0.498047 0.988281 0.496094 0.986328 0.496094 0.980469 0.498047 0.978516 0.501953 0.978516 0.503906 0.980469 0.505859 0.980469
0 0.765625 0.986328 0.763672 0.986328 0.761719 0.988281 0.757812 0.988281 0.755859 0.986328 0.755859 0.980469 0.757812 0.978516 0.761719 0.978516 0.763672 0.980469 0.765625 0.980469
0 0.669922 0.984375 0.669922 0.988281 0.666016 0.988281 0.664062 0.986328 0.667969 0.982422
0 0.564453 0.988281 0.562500 0.990234 0.562500 0.992188 0.560547 0.994141 0.554688 0.994141 0.552734 0.992188 0.552734 0.990234 0.550781 0.988281 0.550781 0.986328 0.552734 0.984375 0.552734 0.982422 0.554688 0.980469 0.560547 0.980469 0.562500 0.982422 0.562500 0.984375 0.564453 0.986328
0 0.326172 0.992188 0.324219 0.992188 0.322266 0.994141 0.318359 0.994141 0.316406 0.992188 0.316406 0.986328 0.318359 0.984375 0.322266 0.984375 0.324219 0.986328 0.326172 0.986328
0 0.376953 0.992188 0.375000 0.992188 0.373047 0.994141 0.369141 0.994141 0.367188 0.992188 0.367188 0.986328 0.369141 0.984375 0.373047 0.984375 0.375000 0.986328 0.376953 0.986328
0 0.541016 0.994141 0.539062 0.994141 0.537109 0.996094 0.533203 0.996094 0.531250 0.994141 0.531250 0.988281 0.533203 0.986328 0.537109 0.986328 0.539062 0.988281 0.541016 0.988281
0 0.839844 0.996094 0.837891 0.996094 0.835938 0.998047 0.832031 0.998047 0.830078 0.996094 0.830078 0.990234 0.832031 0.988281 0.835938 0.988281 0.837891 0.990234 0.839844 0.990234
0 0.400391 0.998047 0.390625 0.998047 0.390625 0.994141 0.392578 0.992188 0.396484 0.992188 0.398438 0.994141 0.400391 0.994141
0 0.421875 0.998047 0.412109 0.998047 0.412109 0.994141 0.414062 0.992188 0.417969 0.992188 0.419922 0.994141 0.421875 0.994141
0 0.453125 0.998047 0.443359 0.998047 0.443359 0.994141 0.445312 0.992188 0.449219 0.992188 0.451172 0.994141 0.453125 0.994141
0 0.492188 0.998047 0.482422 0.998047 0.482422 0.994141 0.484375 0.992188 0.488281 0.992188 0.490234 0.994141 0.492188 0.994141
0 0.523438 0.996094 0.523438 0.998047 0.517578 0.998047 0.521484 0.994141
0 0.580078 0.998047 0.566406 0.998047 0.566406 0.996094 0.568359 0.994141 0.568359 0.992188 0.570312 0.990234 0.576172 0.990234 0.578125 0.992188 0.578125 0.994141 0.580078 0.996094
0 0.669922 0.998047 0.652344 0.998047 0.652344 0.994141 0.658203 0.988281 0.664062 0.988281 0.669922 0.994141
0 0.767578 0.998047 0.757812 0.998047 0.757812 0.994141 0.759766 0.992188 0.763672 0.992188 0.765625 0.994141 0.767578 0.994141
0 0.796875 0.998047 0.787109 0.998047 0.787109 0.994141 0.789062 0.992188 0.792969 0.992188 0.794922 0.994141 0.796875 0.994141
0 0.855469 0.998047 0.845703 0.998047 0.845703 0.994141 0.847656 0.992188 0.851562 0.992188 0.853516 0.994141 0.855469 0.994141
0 0.943359 0.998047 0.925781 0.998047 0.925781 0.994141 0.931641 0.988281 0.937500 0.988281 0.943359 0.994141
