0 0.876953 0.148438 0.875000 0.150391 0.875000 0.152344 0.876953 0.154297 0.878906 0.154297 0.880859 0.152344 0.878906 0.150391 0.878906 0.148438
0 0.574219 0.181641 0.572266 0.183594 0.574219 0.185547 0.576172 0.185547 0.578125 0.183594 0.576172 0.181641
1 0.007812 0.185547 0.000000 0.185547 0.000000 0.201172 0.003906 0.201172 0.005859 0.203125 0.003906 0.205078 0.000000 0.205078 0.000000 0.216797 0.003906 0.212891 0.005859 0.212891 0.007812 0.214844 0.013672 0.208984 0.013672 0.203125 0.013672 0.207031 0.009766 0.210938 0.005859 0.207031 0.005859 0.203125 0.003906 0.201172 0.003906 0.199219 0.007812 0.195312 0.009766 0.195312 0.005859 0.195312 0.003906 0.193359 0.003906 0.187500 0.005859 0.185547
0 0.865234 0.195312 0.861328 0.199219 0.861328 0.201172 0.865234 0.205078 0.869141 0.205078 0.871094 0.203125 0.871094 0.197266 0.869141 0.197266 0.867188 0.195312
1 0.070312 0.216797 0.068359 0.214844 0.058594 0.214844 0.056641 0.216797 0.050781 0.216797 0.031250 0.226562 0.027344 0.230469 0.021484 0.230469 0.019531 0.228516 0.017578 0.230469 0.015625 0.228516 0.011719 0.228516 0.007812 0.232422 0.007812 0.234375 0.000000 0.240234 0.000000 0.244141 0.001953 0.246094 0.000000 0.248047 0.003906 0.251953 0.005859 0.251953 0.011719 0.246094 0.013672 0.248047 0.017578 0.238281 0.021484 0.234375 0.029297 0.234375 0.031250 0.232422 0.041016 0.232422 0.054688 0.222656
0 0.970703 0.316406 0.970703 0.320312 0.972656 0.322266 0.976562 0.322266 0.978516 0.320312 0.980469 0.320312 0.980469 0.316406 0.978516 0.314453 0.972656 0.314453
1 0.501953 0.378906 0.501953 0.382812 0.505859 0.386719 0.505859 0.388672 0.507812 0.390625 0.507812 0.394531 0.513672 0.394531 0.513672 0.392578 0.511719 0.390625 0.511719 0.388672 0.507812 0.384766 0.507812 0.380859 0.505859 0.378906
0 0.343750 0.382812 0.341797 0.384766 0.341797 0.386719 0.343750 0.388672 0.345703 0.388672 0.347656 0.386719 0.347656 0.384766 0.345703 0.382812
1 0.216797 0.388672 0.220703 0.392578 0.220703 0.390625 0.218750 0.390625
0 0.357422 0.390625 0.357422 0.394531 0.361328 0.394531 0.361328 0.392578 0.359375 0.390625
0 0.435547 0.394531 0.433594 0.394531 0.433594 0.396484
0 0.548828 0.396484 0.546875 0.398438 0.546875 0.400391 0.548828 0.402344 0.550781 0.402344 0.552734 0.400391 0.552734 0.398438 0.550781 0.396484
0 0.585938 0.404297 0.582031 0.404297 0.582031 0.406250 0.580078 0.408203 0.580078 0.410156 0.582031 0.412109 0.583984 0.412109 0.585938 0.410156
0 0.326172 0.406250 0.326172 0.412109 0.328125 0.412109 0.330078 0.410156 0.330078 0.408203 0.328125 0.406250
0 0.400391 0.410156 0.400391 0.412109 0.398438 0.414062 0.398438 0.417969 0.400391 0.419922 0.404297 0.419922 0.406250 0.417969 0.404297 0.416016 0.404297 0.414062
0 0.414062 0.412109 0.412109 0.414062 0.412109 0.417969 0.414062 0.419922 0.416016 0.419922 0.417969 0.417969 0.417969 0.414062 0.416016 0.412109
0 0.556641 0.410156 0.554688 0.412109 0.554688 0.414062 0.556641 0.416016 0.556641 0.417969 0.560547 0.417969 0.564453 0.414062 0.564453 0.412109 0.562500 0.410156
0 0.583984 0.417969 0.582031 0.417969 0.580078 0.419922 0.580078 0.421875 0.582031 0.423828 0.585938 0.419922
0 0.345703 0.433594 0.343750 0.435547 0.343750 0.439453 0.345703 0.441406 0.347656 0.441406 0.349609 0.439453 0.349609 0.437500
0 0.542969 0.439453 0.541016 0.437500 0.539062 0.437500 0.537109 0.439453 0.535156 0.439453 0.535156 0.441406 0.537109 0.443359 0.541016 0.443359 0.542969 0.441406
0 0.591797 0.482422 0.589844 0.482422 0.589844 0.484375
0 0.396484 0.507812 0.394531 0.509766 0.394531 0.511719 0.396484 0.513672 0.398438 0.513672 0.398438 0.509766
0 0.533203 0.523438 0.529297 0.523438 0.527344 0.525391 0.529297 0.527344 0.531250 0.527344 0.533203 0.525391
0 0.957031 0.525391 0.955078 0.525391 0.955078 0.529297 0.957031 0.527344
0 0.451172 0.537109 0.449219 0.539062 0.447266 0.539062 0.449219 0.541016 0.447266 0.542969 0.447266 0.544922 0.449219 0.546875 0.453125 0.546875 0.453125 0.541016 0.451172 0.539062
1 0.503906 0.535156 0.501953 0.537109 0.501953 0.539062 0.507812 0.544922 0.507812 0.546875 0.509766 0.548828 0.511719 0.548828 0.513672 0.550781 0.509766 0.554688 0.511719 0.556641 0.513672 0.556641 0.515625 0.554688 0.517578 0.554688 0.519531 0.556641 0.519531 0.558594 0.523438 0.562500 0.523438 0.564453 0.527344 0.568359 0.529297 0.566406 0.529297 0.562500 0.525391 0.558594 0.523438 0.558594 0.521484 0.560547 0.519531 0.558594 0.519531 0.556641 0.515625 0.552734 0.515625 0.546875 0.511719 0.542969 0.511719 0.541016 0.505859 0.535156
0 0.693359 0.539062 0.689453 0.542969 0.689453 0.546875 0.693359 0.550781 0.697266 0.550781 0.699219 0.548828 0.699219 0.546875 0.701172 0.544922 0.701172 0.542969 0.697266 0.539062
0 0.349609 0.546875 0.347656 0.548828 0.347656 0.550781 0.349609 0.552734 0.353516 0.552734 0.355469 0.550781 0.355469 0.548828 0.353516 0.546875
0 0.648438 0.546875 0.644531 0.550781 0.644531 0.554688 0.648438 0.558594 0.652344 0.558594 0.654297 0.556641 0.654297 0.550781 0.650391 0.546875
1 0.501953 0.572266 0.500000 0.574219 0.501953 0.576172 0.501953 0.583984 0.500000 0.585938 0.501953 0.585938 0.503906 0.587891 0.505859 0.587891 0.505859 0.582031 0.503906 0.580078 0.503906 0.574219
0 0.771484 0.570312 0.771484 0.574219 0.775391 0.574219 0.775391 0.570312
0 0.531250 0.576172 0.531250 0.580078 0.533203 0.582031 0.535156 0.580078 0.537109 0.580078 0.535156 0.578125 0.535156 0.576172
0 0.517578 0.580078 0.517578 0.583984 0.519531 0.583984 0.519531 0.580078
0 0.335938 0.583984 0.333984 0.585938 0.333984 0.587891 0.335938 0.589844 0.339844 0.589844 0.341797 0.587891 0.337891 0.583984
0 0.593750 0.583984 0.589844 0.583984 0.587891 0.585938 0.587891 0.589844 0.582031 0.595703 0.576172 0.589844 0.574219 0.591797 0.576172 0.595703 0.580078 0.595703 0.582031 0.597656 0.582031 0.607422 0.585938 0.611328 0.595703 0.607422 0.603516 0.599609 0.603516 0.595703 0.605469 0.593750 0.605469 0.591797 0.601562 0.587891
0 0.724609 0.593750 0.716797 0.593750 0.716797 0.595703 0.714844 0.597656 0.714844 0.599609 0.712891 0.601562 0.712891 0.603516 0.714844 0.605469 0.716797 0.605469 0.718750 0.607422 0.720703 0.607422 0.726562 0.601562 0.726562 0.595703
0 0.757812 0.597656 0.751953 0.603516 0.751953 0.605469 0.753906 0.607422 0.753906 0.609375 0.755859 0.611328 0.757812 0.611328 0.759766 0.613281 0.765625 0.613281 0.767578 0.611328 0.767578 0.607422 0.765625 0.605469 0.765625 0.603516 0.759766 0.597656
1 0.974609 0.599609 0.972656 0.601562 0.974609 0.603516 0.974609 0.605469 0.968750 0.611328 0.968750 0.617188 0.970703 0.619141 0.970703 0.621094 0.976562 0.621094 0.980469 0.617188 0.980469 0.611328 0.974609 0.605469 0.974609 0.603516 0.976562 0.601562
0 0.587891 0.619141 0.583984 0.619141 0.583984 0.621094 0.582031 0.623047 0.582031 0.625000 0.583984 0.626953 0.585938 0.626953 0.589844 0.623047 0.589844 0.621094
0 0.605469 0.619141 0.603516 0.621094 0.603516 0.625000 0.605469 0.626953 0.609375 0.626953 0.611328 0.625000 0.611328 0.623047 0.607422 0.619141
0 0.589844 0.632812 0.589844 0.634766 0.587891 0.636719 0.587891 0.638672 0.589844 0.638672 0.591797 0.640625 0.593750 0.638672 0.593750 0.634766 0.591797 0.632812
0 0.605469 0.646484 0.603516 0.648438 0.603516 0.652344 0.605469 0.654297 0.609375 0.654297 0.611328 0.652344 0.611328 0.648438 0.609375 0.646484
0 0.970703 0.646484 0.964844 0.652344 0.964844 0.664062 0.968750 0.667969 0.972656 0.667969 0.974609 0.669922 0.978516 0.666016 0.978516 0.664062 0.980469 0.662109 0.980469 0.650391 0.978516 0.650391 0.974609 0.646484
0 0.572266 0.652344 0.572266 0.656250 0.576172 0.656250 0.576172 0.654297 0.574219 0.652344
0 0.904297 0.652344 0.900391 0.652344 0.900391 0.654297 0.902344 0.656250 0.904297 0.654297
0 0.609375 0.673828 0.609375 0.677734 0.611328 0.677734 0.611328 0.673828
0 0.931641 0.671875 0.929688 0.673828 0.929688 0.677734 0.931641 0.677734 0.933594 0.679688 0.935547 0.677734 0.935547 0.673828 0.933594 0.671875
0 0.632812 0.693359 0.630859 0.693359 0.628906 0.695312 0.630859 0.697266 0.630859 0.701172 0.630859 0.699219 0.634766 0.695312
0 0.738281 0.699219 0.736328 0.701172 0.736328 0.703125 0.738281 0.705078 0.740234 0.705078 0.742188 0.703125 0.742188 0.701172 0.740234 0.699219
0 0.662109 0.703125 0.660156 0.703125 0.658203 0.705078 0.658203 0.707031 0.660156 0.708984 0.662109 0.707031 0.664062 0.707031 0.664062 0.705078
0 0.962891 0.705078 0.962891 0.708984 0.964844 0.708984 0.966797 0.707031 0.964844 0.705078
0 0.601562 0.708984 0.597656 0.710938 0.593750 0.716797 0.591797 0.716797 0.591797 0.724609 0.593750 0.726562 0.591797 0.728516 0.599609 0.738281 0.603516 0.740234 0.611328 0.740234 0.621094 0.728516 0.621094 0.718750 0.617188 0.714844 0.617188 0.712891 0.609375 0.708984
0 0.736328 0.718750 0.734375 0.720703 0.734375 0.726562 0.738281 0.730469 0.740234 0.730469 0.744141 0.726562 0.744141 0.722656 0.740234 0.718750
0 0.822266 0.718750 0.818359 0.722656 0.818359 0.728516 0.822266 0.732422 0.826172 0.732422 0.828125 0.730469 0.828125 0.728516 0.830078 0.726562 0.830078 0.720703 0.828125 0.718750
0 0.908203 0.726562 0.906250 0.726562 0.900391 0.732422 0.900391 0.736328 0.904297 0.740234 0.906250 0.740234 0.912109 0.734375 0.912109 0.728516 0.910156 0.728516
0 0.777344 0.730469 0.775391 0.730469 0.773438 0.732422 0.773438 0.734375 0.769531 0.738281 0.769531 0.748047 0.771484 0.750000 0.771484 0.751953 0.771484 0.748047 0.773438 0.746094 0.777344 0.746094 0.779297 0.748047 0.777344 0.750000 0.779297 0.748047 0.785156 0.748047 0.787109 0.746094 0.787109 0.744141 0.785156 0.742188 0.783203 0.742188 0.779297 0.738281 0.779297 0.736328 0.777344 0.734375
0 0.632812 0.742188 0.630859 0.744141 0.632812 0.746094 0.632812 0.748047 0.632812 0.746094 0.634766 0.744141 0.636719 0.746094
1 0.617188 0.750000 0.607422 0.750000 0.599609 0.757812 0.591797 0.761719 0.580078 0.763672 0.574219 0.771484 0.576172 0.775391 0.574219 0.779297 0.582031 0.787109 0.580078 0.789062 0.574219 0.789062 0.568359 0.783203 0.552734 0.785156 0.548828 0.791016 0.548828 0.798828 0.542969 0.804688 0.542969 0.808594 0.546875 0.812500 0.558594 0.810547 0.566406 0.814453 0.576172 0.812500 0.580078 0.804688 0.580078 0.789062 0.585938 0.785156 0.595703 0.791016 0.597656 0.789062 0.595703 0.779297 0.599609 0.775391 0.607422 0.777344 0.615234 0.783203 0.617188 0.779297 0.615234 0.777344 0.619141 0.773438 0.619141 0.765625 0.617188 0.763672 0.619141 0.753906
0 0.667969 0.759766 0.667969 0.761719 0.666016 0.763672 0.667969 0.765625 0.667969 0.779297 0.669922 0.781250 0.669922 0.783203 0.677734 0.783203 0.679688 0.781250 0.679688 0.779297 0.681641 0.777344 0.683594 0.777344 0.683594 0.775391 0.681641 0.773438 0.681641 0.769531 0.671875 0.759766
0 0.876953 0.759766 0.875000 0.761719 0.875000 0.763672 0.873047 0.765625 0.875000 0.767578 0.876953 0.767578 0.878906 0.769531 0.880859 0.769531 0.882812 0.767578 0.882812 0.761719 0.880859 0.759766
0 0.632812 0.767578 0.632812 0.771484 0.634766 0.773438 0.638672 0.773438 0.640625 0.775391 0.642578 0.773438 0.646484 0.773438 0.646484 0.765625 0.644531 0.767578 0.642578 0.765625 0.634766 0.765625
1 0.693359 0.769531 0.691406 0.771484 0.691406 0.773438 0.693359 0.775391 0.693359 0.783203 0.689453 0.789062 0.689453 0.794922 0.693359 0.798828 0.693359 0.800781 0.693359 0.798828 0.697266 0.794922 0.697266 0.792969 0.699219 0.791016 0.699219 0.779297 0.695312 0.775391 0.695312 0.771484
1 0.748047 0.769531 0.746094 0.771484 0.746094 0.775391 0.748047 0.777344 0.748047 0.779297 0.750000 0.781250 0.750000 0.783203 0.751953 0.785156 0.753906 0.785156 0.755859 0.783203 0.753906 0.781250 0.753906 0.779297 0.751953 0.779297 0.750000 0.777344 0.751953 0.775391 0.751953 0.771484 0.750000 0.769531
0 0.832031 0.771484 0.830078 0.773438 0.828125 0.773438 0.828125 0.775391 0.830078 0.777344 0.828125 0.779297 0.832031 0.779297 0.833984 0.777344 0.833984 0.775391 0.832031 0.773438
0 0.650391 0.785156 0.650391 0.787109 0.654297 0.787109 0.654297 0.785156
0 0.814453 0.792969 0.814453 0.796875 0.822266 0.804688 0.828125 0.804688 0.833984 0.798828 0.839844 0.798828 0.835938 0.794922 0.833984 0.794922 0.830078 0.791016 0.830078 0.789062 0.828125 0.787109 0.826172 0.787109 0.824219 0.785156 0.820312 0.785156 0.816406 0.789062 0.816406 0.791016
0 0.869141 0.785156 0.869141 0.787109 0.867188 0.789062 0.867188 0.792969 0.869141 0.794922 0.873047 0.794922 0.876953 0.791016 0.876953 0.789062 0.873047 0.785156
0 0.912109 0.787109 0.908203 0.791016 0.908203 0.792969 0.912109 0.796875 0.916016 0.796875 0.917969 0.794922 0.917969 0.789062 0.916016 0.787109
0 0.720703 0.791016 0.718750 0.792969 0.720703 0.794922 0.722656 0.794922 0.724609 0.792969 0.722656 0.791016
0 0.595703 0.796875 0.595703 0.802734 0.603516 0.810547 0.609375 0.810547 0.611328 0.808594 0.619141 0.808594 0.621094 0.806641 0.621094 0.802734 0.619141 0.800781 0.609375 0.800781 0.605469 0.796875 0.605469 0.794922 0.597656 0.794922
0 0.675781 0.792969 0.673828 0.794922 0.673828 0.798828 0.677734 0.798828 0.677734 0.794922
0 0.648438 0.796875 0.646484 0.798828 0.646484 0.800781 0.648438 0.800781
0 0.769531 0.798828 0.767578 0.800781 0.767578 0.802734 0.769531 0.804688 0.771484 0.802734 0.771484 0.800781
0 0.667969 0.806641 0.664062 0.802734 0.660156 0.802734 0.656250 0.806641 0.656250 0.810547 0.658203 0.812500 0.656250 0.814453 0.664062 0.814453 0.667969 0.810547
0 0.710938 0.800781 0.708984 0.802734 0.707031 0.802734 0.705078 0.804688 0.705078 0.806641 0.707031 0.808594 0.708984 0.808594 0.710938 0.806641
0 0.642578 0.804688 0.640625 0.806641 0.640625 0.812500 0.642578 0.814453 0.644531 0.814453 0.648438 0.810547 0.648438 0.806641 0.646484 0.806641 0.644531 0.804688
0 0.761719 0.814453 0.759766 0.812500 0.753906 0.814453 0.750000 0.810547 0.750000 0.808594 0.748047 0.810547 0.742188 0.810547 0.740234 0.812500 0.740234 0.820312 0.742188 0.822266 0.748047 0.824219 0.750000 0.822266 0.751953 0.822266 0.755859 0.818359 0.759766 0.818359 0.761719 0.816406
0 0.527344 0.812500 0.525391 0.814453 0.525391 0.818359 0.529297 0.818359 0.529297 0.814453
0 0.570312 0.824219 0.572266 0.833984 0.583984 0.843750 0.595703 0.843750 0.601562 0.835938 0.615234 0.839844 0.619141 0.837891 0.617188 0.820312 0.613281 0.816406 0.591797 0.818359 0.585938 0.814453 0.580078 0.814453
0 0.628906 0.822266 0.628906 0.824219 0.626953 0.826172 0.628906 0.828125 0.628906 0.832031 0.630859 0.833984 0.632812 0.833984 0.634766 0.832031 0.634766 0.828125 0.636719 0.826172 0.636719 0.824219 0.634766 0.822266
0 0.687500 0.820312 0.683594 0.820312 0.681641 0.822266 0.683594 0.824219 0.683594 0.826172 0.685547 0.826172 0.689453 0.822266
0 0.912109 0.822266 0.908203 0.822266 0.904297 0.826172 0.902344 0.826172 0.902344 0.833984 0.904297 0.835938 0.906250 0.835938 0.908203 0.837891 0.910156 0.837891 0.912109 0.835938 0.914062 0.835938 0.916016 0.833984 0.916016 0.832031 0.917969 0.830078 0.916016 0.828125 0.916016 0.826172
0 0.648438 0.826172 0.648438 0.830078 0.652344 0.833984 0.658203 0.833984 0.660156 0.832031 0.660156 0.826172 0.658203 0.826172 0.656250 0.824219 0.652344 0.824219 0.650391 0.826172
1 0.771484 0.824219 0.767578 0.826172 0.767578 0.828125 0.775391 0.833984 0.773438 0.837891 0.773438 0.851562 0.769531 0.855469 0.765625 0.855469 0.761719 0.861328 0.761719 0.865234 0.771484 0.873047 0.771484 0.875000 0.763672 0.878906 0.759766 0.884766 0.759766 0.894531 0.763672 0.898438 0.771484 0.898438 0.779297 0.890625 0.781250 0.882812 0.773438 0.875000 0.773438 0.873047 0.777344 0.871094 0.783203 0.863281 0.781250 0.845703 0.783203 0.841797 0.791016 0.835938 0.787109 0.830078 0.781250 0.833984 0.775391 0.833984 0.773438 0.832031 0.775391 0.828125
0 0.802734 0.824219 0.800781 0.826172 0.798828 0.826172 0.796875 0.828125 0.796875 0.832031 0.798828 0.833984 0.800781 0.833984 0.804688 0.830078 0.804688 0.826172
0 0.876953 0.826172 0.869141 0.826172 0.865234 0.830078 0.865234 0.839844 0.867188 0.841797 0.871094 0.841797 0.873047 0.843750 0.878906 0.839844 0.878906 0.837891 0.880859 0.835938 0.880859 0.830078
0 0.693359 0.828125 0.691406 0.830078 0.691406 0.833984 0.693359 0.835938 0.693359 0.837891 0.697266 0.841797 0.699219 0.841797 0.701172 0.839844 0.701172 0.833984 0.699219 0.832031 0.699219 0.830078 0.697266 0.828125
0 0.751953 0.832031 0.751953 0.835938 0.753906 0.837891 0.759766 0.837891 0.761719 0.835938 0.763672 0.835938 0.759766 0.832031 0.757812 0.832031 0.755859 0.830078 0.753906 0.830078
0 0.851562 0.830078 0.847656 0.830078 0.845703 0.832031 0.845703 0.833984 0.849609 0.833984 0.851562 0.832031
1 0.669922 0.832031 0.667969 0.833984 0.669922 0.835938 0.669922 0.837891 0.673828 0.841797 0.673828 0.843750 0.675781 0.845703 0.677734 0.845703 0.681641 0.841797 0.671875 0.832031
0 0.533203 0.841797 0.529297 0.845703 0.529297 0.849609 0.533203 0.853516 0.535156 0.853516 0.539062 0.857422 0.542969 0.857422 0.544922 0.855469 0.544922 0.851562 0.542969 0.849609 0.542969 0.847656 0.541016 0.847656 0.539062 0.845703 0.539062 0.841797
0 0.562500 0.839844 0.560547 0.841797 0.554688 0.843750 0.554688 0.851562 0.556641 0.853516 0.558594 0.853516 0.562500 0.857422 0.562500 0.861328 0.564453 0.863281 0.568359 0.863281 0.570312 0.861328 0.568359 0.855469 0.566406 0.857422 0.564453 0.857422 0.562500 0.855469 0.562500 0.853516 0.568359 0.847656 0.568359 0.843750
0 0.802734 0.839844 0.800781 0.841797 0.800781 0.843750 0.802734 0.845703 0.804688 0.845703 0.806641 0.843750 0.806641 0.841797 0.804688 0.839844
0 0.832031 0.839844 0.830078 0.841797 0.830078 0.845703 0.832031 0.847656 0.833984 0.847656 0.835938 0.845703 0.835938 0.841797 0.833984 0.839844
0 0.421875 0.845703 0.419922 0.847656 0.419922 0.851562 0.421875 0.853516 0.425781 0.853516 0.427734 0.851562 0.427734 0.847656 0.425781 0.845703
0 0.402344 0.847656 0.400391 0.849609 0.400391 0.855469 0.402344 0.857422 0.406250 0.857422 0.410156 0.853516 0.410156 0.851562 0.406250 0.847656
0 0.662109 0.855469 0.658203 0.855469 0.654297 0.859375 0.656250 0.861328 0.656250 0.863281 0.658203 0.865234 0.660156 0.865234 0.664062 0.861328 0.664062 0.857422
0 0.677734 0.859375 0.675781 0.861328 0.673828 0.861328 0.671875 0.863281 0.671875 0.867188 0.673828 0.869141 0.673828 0.871094 0.675781 0.873047 0.675781 0.875000 0.679688 0.875000 0.681641 0.876953 0.683594 0.875000 0.683594 0.873047 0.685547 0.871094 0.685547 0.867188 0.683594 0.865234 0.683594 0.863281 0.681641 0.863281
0 0.945312 0.859375 0.945312 0.863281 0.947266 0.863281 0.949219 0.861328 0.947266 0.861328
0 0.824219 0.863281 0.822266 0.865234 0.820312 0.865234 0.820312 0.867188 0.822266 0.869141 0.824219 0.869141 0.826172 0.867188 0.826172 0.865234
0 0.998047 0.863281 0.996094 0.865234 0.994141 0.865234 0.992188 0.867188 0.990234 0.867188 0.988281 0.869141 0.988281 0.875000 0.990234 0.876953 0.998047 0.876953
0 0.412109 0.867188 0.408203 0.871094 0.408203 0.876953 0.410156 0.878906 0.414062 0.878906 0.416016 0.876953 0.416016 0.875000 0.417969 0.873047
1 0.568359 0.871094 0.564453 0.867188 0.560547 0.867188 0.556641 0.873047 0.550781 0.873047 0.548828 0.875000 0.546875 0.873047 0.542969 0.873047 0.541016 0.875000 0.542969 0.876953 0.548828 0.878906 0.552734 0.882812 0.556641 0.882812 0.560547 0.878906 0.562500 0.878906 0.568359 0.873047
0 0.697266 0.873047 0.697266 0.880859 0.701172 0.886719 0.703125 0.886719 0.705078 0.888672 0.708984 0.888672 0.712891 0.892578 0.720703 0.892578 0.722656 0.890625 0.722656 0.886719 0.720703 0.884766 0.720703 0.882812 0.707031 0.869141 0.703125 0.869141
0 0.863281 0.869141 0.859375 0.873047 0.859375 0.876953 0.861328 0.878906 0.861328 0.880859 0.865234 0.884766 0.867188 0.884766 0.871094 0.880859 0.871094 0.873047 0.869141 0.871094 0.867188 0.871094 0.865234 0.869141
0 0.751953 0.871094 0.750000 0.873047 0.750000 0.875000 0.751953 0.876953 0.755859 0.876953 0.757812 0.875000 0.757812 0.871094
0 0.886719 0.873047 0.882812 0.876953 0.882812 0.884766 0.884766 0.886719 0.892578 0.886719 0.894531 0.884766 0.894531 0.876953 0.890625 0.873047
0 0.656250 0.876953 0.652344 0.876953 0.650391 0.878906 0.648438 0.878906 0.646484 0.880859 0.646484 0.884766 0.650391 0.888672 0.654297 0.888672 0.658203 0.884766 0.658203 0.880859 0.656250 0.878906
0 0.664062 0.878906 0.664062 0.882812 0.666016 0.884766 0.666016 0.886719 0.667969 0.884766 0.669922 0.884766 0.669922 0.880859 0.667969 0.878906
0 0.792969 0.886719 0.792969 0.888672 0.787109 0.892578 0.785156 0.900391 0.800781 0.917969 0.800781 0.921875 0.804688 0.921875 0.804688 0.917969 0.810547 0.912109 0.810547 0.904297 0.798828 0.898438 0.796875 0.896484 0.798828 0.892578
0 0.685547 0.890625 0.683594 0.892578 0.681641 0.892578 0.677734 0.896484 0.677734 0.898438 0.679688 0.900391 0.683594 0.900391 0.685547 0.898438 0.685547 0.896484 0.683594 0.894531 0.683594 0.892578
0 0.847656 0.892578 0.847656 0.894531 0.851562 0.898438 0.855469 0.898438 0.857422 0.896484 0.857422 0.892578 0.855469 0.892578 0.853516 0.890625 0.851562 0.890625 0.849609 0.892578
0 0.658203 0.896484 0.654297 0.896484 0.648438 0.902344 0.644531 0.902344 0.632812 0.908203 0.636719 0.910156 0.636719 0.917969 0.642578 0.923828 0.648438 0.923828 0.652344 0.919922 0.656250 0.912109 0.656250 0.904297 0.660156 0.900391
0 0.839844 0.896484 0.833984 0.896484 0.830078 0.900391 0.826172 0.900391 0.824219 0.902344 0.824219 0.912109 0.826172 0.914062 0.832031 0.914062 0.835938 0.910156 0.835938 0.906250 0.839844 0.902344 0.837891 0.900391 0.837891 0.898438
0 0.982422 0.896484 0.976562 0.896484 0.972656 0.900391 0.974609 0.921875 0.970703 0.925781 0.962891 0.919922 0.953125 0.919922 0.943359 0.929688 0.943359 0.945312 0.955078 0.960938 0.964844 0.960938 0.970703 0.955078 0.970703 0.939453 0.980469 0.939453 0.986328 0.931641 0.982422 0.923828 0.990234 0.908203
0 0.376953 0.900391 0.376953 0.904297 0.378906 0.902344
0 0.583984 0.904297 0.583984 0.908203 0.585938 0.908203 0.587891 0.906250 0.585938 0.904297
0 0.453125 0.908203 0.449219 0.914062 0.451172 0.916016 0.451172 0.919922 0.455078 0.925781 0.453125 0.927734 0.462891 0.927734 0.464844 0.925781 0.466797 0.925781 0.470703 0.921875 0.470703 0.914062 0.464844 0.908203
0 0.728516 0.908203 0.726562 0.910156 0.728516 0.912109 0.730469 0.910156
0 0.843750 0.906250 0.841797 0.908203 0.841797 0.910156 0.845703 0.914062 0.847656 0.914062 0.849609 0.912109 0.849609 0.908203 0.847656 0.906250
0 0.441406 0.912109 0.439453 0.912109 0.435547 0.916016 0.435547 0.919922 0.437500 0.921875 0.441406 0.921875 0.445312 0.917969 0.445312 0.916016
0 0.734375 0.916016 0.730469 0.916016 0.726562 0.919922 0.726562 0.923828 0.728516 0.925781 0.732422 0.925781 0.736328 0.921875 0.736328 0.917969
0 0.710938 0.923828 0.708984 0.925781 0.710938 0.927734 0.712891 0.927734 0.714844 0.925781 0.712891 0.923828
0 0.736328 0.947266 0.736328 0.951172 0.740234 0.955078 0.744141 0.955078 0.750000 0.947266 0.763672 0.962891 0.773438 0.962891 0.777344 0.958984 0.775391 0.943359 0.769531 0.937500 0.767578 0.939453 0.761719 0.935547 0.761719 0.929688 0.751953 0.929688 0.746094 0.935547 0.744141 0.943359
0 0.812500 0.937500 0.808594 0.941406 0.808594 0.943359 0.810547 0.945312 0.816406 0.945312 0.818359 0.943359 0.818359 0.941406 0.814453 0.937500
1 0.724609 0.943359 0.722656 0.943359 0.720703 0.945312 0.718750 0.945312 0.724609 0.945312
0 0.478516 0.947266 0.476562 0.949219 0.478516 0.951172 0.480469 0.951172 0.480469 0.947266
0 0.498047 0.947266 0.496094 0.947266 0.496094 0.953125 0.494141 0.955078 0.496094 0.953125 0.498047 0.955078 0.500000 0.953125 0.500000 0.949219
0 0.839844 0.945312 0.837891 0.947266 0.837891 0.951172 0.839844 0.953125 0.843750 0.953125 0.843750 0.951172 0.845703 0.949219 0.845703 0.947266 0.843750 0.945312
0 0.330078 0.949219 0.330078 0.951172 0.332031 0.951172 0.332031 0.949219
0 0.642578 0.955078 0.644531 0.957031 0.648438 0.957031 0.648438 0.955078 0.646484 0.953125 0.644531 0.953125
0 0.634766 0.958984 0.630859 0.962891 0.630859 0.966797 0.632812 0.968750 0.638672 0.968750 0.640625 0.966797 0.640625 0.962891 0.636719 0.958984
0 0.806641 0.957031 0.806641 0.962891 0.810547 0.966797 0.814453 0.966797 0.816406 0.964844 0.816406 0.962891 0.810547 0.957031
1 0.771484 0.968750 0.769531 0.970703 0.769531 0.974609 0.767578 0.976562 0.769531 0.978516 0.771484 0.978516 0.771484 0.972656 0.773438 0.970703
0 0.644531 0.976562 0.638672 0.976562 0.636719 0.978516 0.636719 0.980469 0.634766 0.982422 0.636719 0.984375 0.636719 0.986328 0.638672 0.988281 0.638672 0.990234 0.640625 0.988281 0.642578 0.988281 0.648438 0.982422 0.648438 0.980469
0 0.664062 0.980469 0.664062 0.984375 0.667969 0.988281 0.679688 0.988281 0.681641 0.986328 0.681641 0.982422 0.677734 0.978516 0.666016 0.978516
0 0.757812 0.980469 0.755859 0.982422 0.755859 0.986328 0.761719 0.986328 0.761719 0.982422 0.759766 0.980469
0 0.792969 0.980469 0.789062 0.980469 0.787109 0.982422 0.787109 0.984375 0.785156 0.986328 0.785156 0.992188 0.789062 0.996094 0.791016 0.996094 0.794922 0.992188 0.794922 0.988281 0.796875 0.986328 0.796875 0.984375
0 0.949219 0.984375 0.947266 0.986328 0.947266 0.994141 0.951172 0.998047 0.960938 0.998047 0.962891 0.996094 0.962891 0.994141 0.964844 0.992188 0.964844 0.990234 0.958984 0.984375
0 0.998047 0.990234 0.996094 0.988281 0.994141 0.988281 0.992188 0.986328 0.990234 0.986328 0.988281 0.988281 0.986328 0.988281 0.982422 0.992188 0.982422 0.994141 0.980469 0.996094 0.980469 0.998047 0.998047 0.998047
1 0.917969 0.992188 0.917969 0.998047 0.943359 0.998047 0.943359 0.996094 0.941406 0.994141 0.939453 0.994141 0.935547 0.990234 0.933594 0.992188 0.931641 0.992188 0.925781 0.988281 0.921875 0.988281
1 0.312500 0.998047 0.324219 0.998047 0.318359 0.998047 0.316406 0.996094 0.314453 0.998047
0 0.031250 0.060547 0.029297 0.060547 0.027344 0.062500 0.023438 0.062500 0.021484 0.060547 0.021484 0.054688 0.023438 0.052734 0.027344 0.052734 0.029297 0.054688 0.031250 0.054688
0 0.015625 0.070312 0.013672 0.070312 0.011719 0.072266 0.007812 0.072266 0.005859 0.070312 0.005859 0.064453 0.007812 0.062500 0.011719 0.062500 0.013672 0.064453 0.015625 0.064453
0 0.066406 0.070312 0.064453 0.070312 0.062500 0.072266 0.058594 0.072266 0.056641 0.070312 0.056641 0.064453 0.058594 0.062500 0.062500 0.062500 0.064453 0.064453 0.066406 0.064453
0 0.001953 0.080078 0.000000 0.080078 0.000000 0.066406 0.001953 0.066406 0.003906 0.068359 0.003906 0.070312 0.005859 0.072266 0.005859 0.074219 0.003906 0.076172 0.003906 0.078125
0 0.089844 0.083984 0.087891 0.083984 0.085938 0.085938 0.082031 0.085938 0.080078 0.083984 0.080078 0.078125 0.082031 0.076172 0.085938 0.076172 0.087891 0.078125 0.089844 0.078125
0 0.119141 0.087891 0.119141 0.091797 0.115234 0.091797 0.113281 0.089844 0.117188 0.085938
0 0.128906 0.093750 0.128906 0.097656 0.125000 0.097656 0.123047 0.095703 0.126953 0.091797
0 0.001953 0.107422 0.000000 0.107422 0.000000 0.093750 0.001953 0.093750 0.003906 0.095703 0.003906 0.097656 0.005859 0.099609 0.005859 0.101562 0.003906 0.103516 0.003906 0.105469
0 0.142578 0.107422 0.140625 0.107422 0.138672 0.109375 0.134766 0.109375 0.132812 0.107422 0.132812 0.101562 0.134766 0.099609 0.138672 0.099609 0.140625 0.101562 0.142578 0.101562
0 0.001953 0.119141 0.000000 0.119141 0.000000 0.105469 0.001953 0.105469 0.003906 0.107422 0.003906 0.109375 0.005859 0.111328 0.005859 0.113281 0.003906 0.115234 0.003906 0.117188
0 0.154297 0.119141 0.154297 0.123047 0.150391 0.123047 0.148438 0.121094 0.152344 0.117188
0 0.011719 0.130859 0.011719 0.134766 0.007812 0.134766 0.005859 0.132812 0.009766 0.128906
0 0.162109 0.136719 0.160156 0.136719 0.158203 0.138672 0.154297 0.138672 0.152344 0.136719 0.152344 0.130859 0.154297 0.128906 0.158203 0.128906 0.160156 0.130859 0.162109 0.130859
0 0.017578 0.138672 0.017578 0.142578 0.013672 0.142578 0.011719 0.140625 0.015625 0.136719
0 0.001953 0.152344 0.000000 0.152344 0.000000 0.146484 0.000000 0.148438 0.001953 0.150391
0 0.033203 0.148438 0.033203 0.152344 0.029297 0.152344 0.027344 0.150391 0.031250 0.146484
0 0.166016 0.154297 0.164062 0.154297 0.162109 0.156250 0.158203 0.156250 0.156250 0.154297 0.156250 0.148438 0.158203 0.146484 0.162109 0.146484 0.164062 0.148438 0.166016 0.148438
0 0.042969 0.152344 0.042969 0.156250 0.039062 0.156250 0.037109 0.154297 0.041016 0.150391
0 0.009766 0.169922 0.007812 0.169922 0.005859 0.171875 0.001953 0.171875 0.000000 0.169922 0.000000 0.164062 0.001953 0.162109 0.005859 0.162109 0.007812 0.164062 0.009766 0.164062
0 0.035156 0.171875 0.035156 0.175781 0.031250 0.175781 0.029297 0.173828 0.033203 0.169922
0 0.166016 0.177734 0.164062 0.177734 0.162109 0.179688 0.158203 0.179688 0.156250 0.177734 0.156250 0.171875 0.158203 0.169922 0.162109 0.169922 0.164062 0.171875 0.166016 0.171875
0 0.019531 0.179688 0.017578 0.179688 0.015625 0.181641 0.011719 0.181641 0.009766 0.179688 0.009766 0.173828 0.011719 0.171875 0.015625 0.171875 0.017578 0.173828 0.019531 0.173828
0 0.582031 0.179688 0.582031 0.183594 0.578125 0.183594 0.576172 0.181641 0.580078 0.177734
0 0.578125 0.187500 0.578125 0.191406 0.574219 0.191406 0.572266 0.189453 0.576172 0.185547
0 0.871094 0.193359 0.869141 0.193359 0.867188 0.195312 0.863281 0.195312 0.861328 0.193359 0.861328 0.187500 0.863281 0.185547 0.867188 0.185547 0.869141 0.187500 0.871094 0.187500
0 0.042969 0.195312 0.041016 0.195312 0.039062 0.197266 0.035156 0.197266 0.033203 0.195312 0.033203 0.189453 0.035156 0.187500 0.039062 0.187500 0.041016 0.189453 0.042969 0.189453
0 0.164062 0.199219 0.162109 0.199219 0.160156 0.201172 0.156250 0.201172 0.154297 0.199219 0.154297 0.193359 0.156250 0.191406 0.160156 0.191406 0.162109 0.193359 0.164062 0.193359
0 0.875000 0.197266 0.875000 0.201172 0.871094 0.201172 0.869141 0.199219 0.873047 0.195312
0 0.011719 0.199219 0.011719 0.203125 0.007812 0.203125 0.005859 0.201172 0.009766 0.197266
0 0.867188 0.205078 0.867188 0.208984 0.863281 0.208984 0.861328 0.207031 0.865234 0.203125
0 0.058594 0.208984 0.056641 0.210938 0.056641 0.212891 0.054688 0.214844 0.048828 0.214844 0.046875 0.212891 0.046875 0.210938 0.044922 0.208984 0.044922 0.207031 0.046875 0.205078 0.046875 0.203125 0.048828 0.201172 0.054688 0.201172 0.056641 0.203125 0.056641 0.205078 0.058594 0.207031
0 0.066406 0.208984 0.066406 0.212891 0.062500 0.212891 0.060547 0.210938 0.064453 0.207031
0 0.103516 0.214844 0.097656 0.220703 0.091797 0.220703 0.085938 0.214844 0.085938 0.208984 0.091797 0.203125 0.097656 0.203125 0.103516 0.208984
0 0.087891 0.222656 0.085938 0.222656 0.083984 0.224609 0.074219 0.224609 0.068359 0.218750 0.068359 0.208984 0.070312 0.207031 0.072266 0.207031 0.072266 0.205078 0.074219 0.203125 0.083984 0.203125 0.089844 0.208984 0.089844 0.218750 0.087891 0.220703
0 0.044922 0.220703 0.042969 0.220703 0.041016 0.222656 0.037109 0.222656 0.035156 0.220703 0.035156 0.214844 0.037109 0.212891 0.041016 0.212891 0.042969 0.214844 0.044922 0.214844
0 0.160156 0.220703 0.158203 0.220703 0.156250 0.222656 0.152344 0.222656 0.150391 0.220703 0.150391 0.214844 0.152344 0.212891 0.156250 0.212891 0.158203 0.214844 0.160156 0.214844
0 0.001953 0.236328 0.000000 0.236328 0.000000 0.218750 0.001953 0.218750 0.007812 0.224609 0.007812 0.230469
0 0.054688 0.232422 0.052734 0.232422 0.050781 0.234375 0.046875 0.234375 0.044922 0.232422 0.044922 0.226562 0.046875 0.224609 0.050781 0.224609 0.052734 0.226562 0.054688 0.226562
0 0.156250 0.232422 0.154297 0.232422 0.152344 0.234375 0.148438 0.234375 0.146484 0.232422 0.146484 0.226562 0.148438 0.224609 0.152344 0.224609 0.154297 0.226562 0.156250 0.226562
0 0.023438 0.267578 0.021484 0.267578 0.019531 0.269531 0.015625 0.269531 0.013672 0.267578 0.013672 0.261719 0.015625 0.259766 0.019531 0.259766 0.021484 0.261719 0.023438 0.261719
0 0.003906 0.287109 0.000000 0.287109 0.000000 0.265625 0.003906 0.265625 0.005859 0.267578 0.005859 0.269531 0.007812 0.269531 0.009766 0.271484 0.009766 0.281250 0.007812 0.283203 0.007812 0.285156 0.005859 0.285156
0 0.140625 0.289062 0.138672 0.289062 0.136719 0.291016 0.126953 0.291016 0.121094 0.285156 0.121094 0.275391 0.123047 0.273438 0.125000 0.273438 0.125000 0.271484 0.126953 0.269531 0.136719 0.269531 0.142578 0.275391 0.142578 0.285156 0.140625 0.287109
0 0.000000 0.296875 0.000000 0.287109 0.001953 0.289062 0.003906 0.289062 0.003906 0.294922 0.001953 0.294922
0 0.125000 0.302734 0.123047 0.302734 0.121094 0.304688 0.117188 0.304688 0.115234 0.302734 0.115234 0.296875 0.117188 0.294922 0.121094 0.294922 0.123047 0.296875 0.125000 0.296875
0 0.121094 0.312500 0.119141 0.312500 0.117188 0.314453 0.113281 0.314453 0.111328 0.312500 0.111328 0.306641 0.113281 0.304688 0.117188 0.304688 0.119141 0.306641 0.121094 0.306641
0 0.974609 0.310547 0.974609 0.314453 0.970703 0.314453 0.968750 0.312500 0.972656 0.308594
0 0.984375 0.318359 0.984375 0.322266 0.980469 0.322266 0.978516 0.320312 0.982422 0.316406
0 0.115234 0.324219 0.113281 0.324219 0.111328 0.326172 0.107422 0.326172 0.105469 0.324219 0.105469 0.318359 0.107422 0.316406 0.111328 0.316406 0.113281 0.318359 0.115234 0.318359
0 0.976562 0.324219 0.976562 0.328125 0.972656 0.328125 0.970703 0.326172 0.974609 0.322266
0 0.230469 0.345703 0.228516 0.345703 0.226562 0.347656 0.222656 0.347656 0.220703 0.345703 0.220703 0.339844 0.222656 0.337891 0.226562 0.337891 0.228516 0.339844 0.230469 0.339844
0 0.210938 0.347656 0.208984 0.347656 0.207031 0.349609 0.203125 0.349609 0.201172 0.347656 0.201172 0.341797 0.203125 0.339844 0.207031 0.339844 0.208984 0.341797 0.210938 0.341797
0 0.248047 0.347656 0.246094 0.347656 0.244141 0.349609 0.240234 0.349609 0.238281 0.347656 0.238281 0.341797 0.240234 0.339844 0.244141 0.339844 0.246094 0.341797 0.248047 0.341797
0 0.203125 0.349609 0.201172 0.349609 0.199219 0.351562 0.195312 0.351562 0.193359 0.349609 0.193359 0.343750 0.195312 0.341797 0.199219 0.341797 0.201172 0.343750 0.203125 0.343750
0 0.089844 0.349609 0.087891 0.351562 0.087891 0.353516 0.085938 0.355469 0.080078 0.355469 0.078125 0.353516 0.078125 0.351562 0.076172 0.349609 0.076172 0.347656 0.078125 0.345703 0.078125 0.343750 0.080078 0.341797 0.085938 0.341797 0.087891 0.343750 0.087891 0.345703 0.089844 0.347656
0 0.259766 0.351562 0.257812 0.351562 0.255859 0.353516 0.251953 0.353516 0.250000 0.351562 0.250000 0.345703 0.251953 0.343750 0.255859 0.343750 0.257812 0.345703 0.259766 0.345703
0 0.271484 0.357422 0.269531 0.357422 0.267578 0.359375 0.263672 0.359375 0.261719 0.357422 0.261719 0.351562 0.263672 0.349609 0.267578 0.349609 0.269531 0.351562 0.271484 0.351562
0 0.179688 0.359375 0.177734 0.359375 0.175781 0.361328 0.171875 0.361328 0.169922 0.359375 0.169922 0.353516 0.171875 0.351562 0.175781 0.351562 0.177734 0.353516 0.179688 0.353516
0 0.167969 0.367188 0.166016 0.367188 0.164062 0.369141 0.160156 0.369141 0.158203 0.367188 0.158203 0.361328 0.160156 0.359375 0.164062 0.359375 0.166016 0.361328 0.167969 0.361328
0 0.285156 0.367188 0.283203 0.367188 0.281250 0.369141 0.277344 0.369141 0.275391 0.367188 0.275391 0.361328 0.277344 0.359375 0.281250 0.359375 0.283203 0.361328 0.285156 0.361328
0 0.162109 0.371094 0.160156 0.371094 0.158203 0.373047 0.154297 0.373047 0.152344 0.371094 0.152344 0.365234 0.154297 0.363281 0.158203 0.363281 0.160156 0.365234 0.162109 0.365234
0 0.294922 0.376953 0.292969 0.376953 0.291016 0.378906 0.287109 0.378906 0.285156 0.376953 0.285156 0.371094 0.287109 0.369141 0.291016 0.369141 0.292969 0.371094 0.294922 0.371094
0 0.302734 0.386719 0.300781 0.386719 0.298828 0.388672 0.294922 0.388672 0.292969 0.386719 0.292969 0.380859 0.294922 0.378906 0.298828 0.378906 0.300781 0.380859 0.302734 0.380859
0 0.341797 0.382812 0.341797 0.386719 0.337891 0.386719 0.335938 0.384766 0.339844 0.380859
0 0.503906 0.384766 0.503906 0.388672 0.500000 0.388672 0.498047 0.386719 0.501953 0.382812
0 0.513672 0.384766 0.513672 0.388672 0.509766 0.388672 0.507812 0.386719 0.511719 0.382812
0 0.355469 0.390625 0.353516 0.390625 0.351562 0.392578 0.347656 0.392578 0.345703 0.390625 0.345703 0.384766 0.347656 0.382812 0.351562 0.382812 0.353516 0.384766 0.355469 0.384766
0 0.306641 0.392578 0.304688 0.392578 0.302734 0.394531 0.298828 0.394531 0.296875 0.392578 0.296875 0.386719 0.298828 0.384766 0.302734 0.384766 0.304688 0.386719 0.306641 0.386719
0 0.345703 0.390625 0.345703 0.394531 0.341797 0.394531 0.339844 0.392578 0.343750 0.388672
0 0.505859 0.390625 0.505859 0.394531 0.501953 0.394531 0.500000 0.392578 0.503906 0.388672
0 0.441406 0.392578 0.441406 0.396484 0.437500 0.396484 0.435547 0.394531 0.439453 0.390625
0 0.548828 0.392578 0.548828 0.396484 0.544922 0.396484 0.542969 0.394531 0.546875 0.390625
0 0.001953 0.408203 0.000000 0.408203 0.000000 0.390625 0.001953 0.390625 0.007812 0.396484 0.007812 0.402344
0 0.087891 0.408203 0.085938 0.408203 0.083984 0.410156 0.074219 0.410156 0.068359 0.404297 0.068359 0.394531 0.070312 0.392578 0.072266 0.392578 0.072266 0.390625 0.074219 0.388672 0.083984 0.388672 0.089844 0.394531 0.089844 0.404297 0.087891 0.406250
0 0.546875 0.398438 0.546875 0.402344 0.542969 0.402344 0.541016 0.400391 0.544922 0.396484
0 0.126953 0.404297 0.125000 0.404297 0.123047 0.406250 0.119141 0.406250 0.117188 0.404297 0.117188 0.398438 0.119141 0.396484 0.123047 0.396484 0.125000 0.398438 0.126953 0.398438
0 0.330078 0.400391 0.330078 0.404297 0.326172 0.404297 0.324219 0.402344 0.328125 0.398438
0 0.335938 0.406250 0.335938 0.410156 0.332031 0.410156 0.330078 0.408203 0.333984 0.404297
0 0.562500 0.406250 0.562500 0.410156 0.558594 0.410156 0.556641 0.408203 0.560547 0.404297
0 0.417969 0.408203 0.417969 0.412109 0.414062 0.412109 0.412109 0.410156 0.416016 0.406250
0 0.320312 0.412109 0.318359 0.414062 0.318359 0.416016 0.316406 0.417969 0.310547 0.417969 0.308594 0.416016 0.308594 0.414062 0.306641 0.412109 0.306641 0.410156 0.308594 0.408203 0.308594 0.406250 0.310547 0.404297 0.316406 0.404297 0.318359 0.406250 0.318359 0.408203 0.320312 0.410156
0 0.332031 0.412109 0.332031 0.416016 0.328125 0.416016 0.326172 0.414062 0.330078 0.410156
0 0.554688 0.412109 0.554688 0.416016 0.550781 0.416016 0.548828 0.414062 0.552734 0.410156
0 0.583984 0.412109 0.583984 0.416016 0.580078 0.416016 0.578125 0.414062 0.582031 0.410156
0 0.410156 0.414062 0.410156 0.417969 0.406250 0.417969 0.404297 0.416016 0.408203 0.412109
0 0.423828 0.414062 0.423828 0.417969 0.419922 0.417969 0.417969 0.416016 0.421875 0.412109
0 0.578125 0.416016 0.576172 0.417969 0.576172 0.419922 0.574219 0.421875 0.568359 0.421875 0.566406 0.419922 0.566406 0.417969 0.564453 0.416016 0.564453 0.414062 0.566406 0.412109 0.566406 0.410156 0.568359 0.408203 0.574219 0.408203 0.576172 0.410156 0.576172 0.412109 0.578125 0.414062
0 0.398438 0.416016 0.398438 0.419922 0.394531 0.419922 0.392578 0.417969 0.396484 0.414062
0 0.560547 0.417969 0.560547 0.421875 0.556641 0.421875 0.554688 0.419922 0.558594 0.416016
0 0.404297 0.421875 0.404297 0.425781 0.400391 0.425781 0.398438 0.423828 0.402344 0.419922
0 0.320312 0.431641 0.318359 0.431641 0.316406 0.433594 0.312500 0.433594 0.310547 0.431641 0.310547 0.425781 0.312500 0.423828 0.316406 0.423828 0.318359 0.425781 0.320312 0.425781
0 0.353516 0.433594 0.353516 0.437500 0.349609 0.437500 0.347656 0.435547 0.351562 0.431641
0 0.341797 0.435547 0.341797 0.439453 0.337891 0.439453 0.335938 0.437500 0.339844 0.433594
0 0.347656 0.441406 0.347656 0.445312 0.343750 0.445312 0.341797 0.443359 0.345703 0.439453
0 0.324219 0.445312 0.322266 0.447266 0.322266 0.449219 0.320312 0.451172 0.314453 0.451172 0.312500 0.449219 0.312500 0.447266 0.310547 0.445312 0.310547 0.443359 0.312500 0.441406 0.312500 0.439453 0.314453 0.437500 0.320312 0.437500 0.322266 0.439453 0.322266 0.441406 0.324219 0.443359
0 0.326172 0.474609 0.320312 0.480469 0.314453 0.480469 0.308594 0.474609 0.308594 0.468750 0.314453 0.462891 0.320312 0.462891 0.326172 0.468750
0 0.003906 0.503906 0.000000 0.503906 0.000000 0.482422 0.003906 0.482422 0.005859 0.484375 0.005859 0.486328 0.007812 0.486328 0.009766 0.488281 0.009766 0.498047 0.007812 0.500000 0.007812 0.501953 0.005859 0.501953
0 0.427734 0.515625 0.427734 0.519531 0.423828 0.519531 0.421875 0.517578 0.425781 0.513672
0 0.019531 0.521484 0.017578 0.521484 0.015625 0.523438 0.011719 0.523438 0.009766 0.521484 0.009766 0.515625 0.011719 0.513672 0.015625 0.513672 0.017578 0.515625 0.019531 0.515625
0 0.404297 0.523438 0.402344 0.523438 0.400391 0.525391 0.396484 0.525391 0.394531 0.523438 0.394531 0.517578 0.396484 0.515625 0.400391 0.515625 0.402344 0.517578 0.404297 0.517578
0 0.439453 0.527344 0.437500 0.527344 0.435547 0.529297 0.431641 0.529297 0.429688 0.527344 0.429688 0.521484 0.431641 0.519531 0.435547 0.519531 0.437500 0.521484 0.439453 0.521484
0 0.388672 0.529297 0.386719 0.529297 0.384766 0.531250 0.380859 0.531250 0.378906 0.529297 0.378906 0.523438 0.380859 0.521484 0.384766 0.521484 0.386719 0.523438 0.388672 0.523438
0 0.953125 0.525391 0.953125 0.529297 0.949219 0.529297 0.947266 0.527344 0.951172 0.523438
0 0.962891 0.525391 0.962891 0.529297 0.958984 0.529297 0.957031 0.527344 0.960938 0.523438
0 0.423828 0.529297 0.421875 0.531250 0.421875 0.533203 0.419922 0.535156 0.414062 0.535156 0.412109 0.533203 0.412109 0.531250 0.410156 0.529297 0.410156 0.527344 0.412109 0.525391 0.412109 0.523438 0.414062 0.521484 0.419922 0.521484 0.421875 0.523438 0.421875 0.525391 0.423828 0.527344
0 0.460938 0.527344 0.460938 0.531250 0.457031 0.531250 0.455078 0.529297 0.458984 0.525391
0 0.472656 0.527344 0.472656 0.531250 0.468750 0.531250 0.466797 0.529297 0.470703 0.525391
0 0.484375 0.527344 0.484375 0.531250 0.480469 0.531250 0.478516 0.529297 0.482422 0.525391
0 0.349609 0.529297 0.349609 0.533203 0.345703 0.533203 0.343750 0.531250 0.347656 0.527344
0 0.357422 0.529297 0.357422 0.533203 0.353516 0.533203 0.351562 0.531250 0.355469 0.527344
0 0.373047 0.529297 0.373047 0.533203 0.369141 0.533203 0.367188 0.531250 0.371094 0.527344
0 0.335938 0.535156 0.333984 0.535156 0.332031 0.537109 0.328125 0.537109 0.326172 0.535156 0.326172 0.529297 0.328125 0.527344 0.332031 0.527344 0.333984 0.529297 0.335938 0.529297
0 0.503906 0.531250 0.503906 0.535156 0.500000 0.535156 0.498047 0.533203 0.501953 0.529297
0 0.957031 0.531250 0.957031 0.535156 0.953125 0.535156 0.951172 0.533203 0.955078 0.529297
0 0.023438 0.537109 0.021484 0.537109 0.019531 0.539062 0.015625 0.539062 0.013672 0.537109 0.013672 0.531250 0.015625 0.529297 0.019531 0.529297 0.021484 0.531250 0.023438 0.531250
0 0.511719 0.535156 0.511719 0.539062 0.507812 0.539062 0.505859 0.537109 0.509766 0.533203
0 0.457031 0.537109 0.457031 0.541016 0.453125 0.541016 0.451172 0.539062 0.455078 0.535156
0 0.691406 0.541016 0.689453 0.541016 0.687500 0.542969 0.683594 0.542969 0.681641 0.541016 0.681641 0.535156 0.683594 0.533203 0.687500 0.533203 0.689453 0.535156 0.691406 0.535156
0 0.707031 0.541016 0.705078 0.541016 0.703125 0.542969 0.699219 0.542969 0.697266 0.541016 0.697266 0.535156 0.699219 0.533203 0.703125 0.533203 0.705078 0.535156 0.707031 0.535156
0 0.404297 0.541016 0.402344 0.542969 0.402344 0.544922 0.400391 0.546875 0.394531 0.546875 0.392578 0.544922 0.392578 0.542969 0.390625 0.541016 0.390625 0.539062 0.392578 0.537109 0.392578 0.535156 0.394531 0.533203 0.400391 0.533203 0.402344 0.535156 0.402344 0.537109 0.404297 0.539062
0 0.500000 0.541016 0.498047 0.542969 0.498047 0.544922 0.496094 0.546875 0.490234 0.546875 0.488281 0.544922 0.488281 0.542969 0.486328 0.541016 0.486328 0.539062 0.488281 0.537109 0.488281 0.535156 0.490234 0.533203 0.496094 0.533203 0.498047 0.535156 0.498047 0.537109 0.500000 0.539062
0 0.029297 0.544922 0.027344 0.544922 0.025391 0.546875 0.021484 0.546875 0.019531 0.544922 0.019531 0.539062 0.021484 0.537109 0.025391 0.537109 0.027344 0.539062 0.029297 0.539062
0 0.445312 0.544922 0.443359 0.544922 0.441406 0.546875 0.437500 0.546875 0.435547 0.544922 0.435547 0.539062 0.437500 0.537109 0.441406 0.537109 0.443359 0.539062 0.445312 0.539062
0 0.326172 0.542969 0.326172 0.546875 0.322266 0.546875 0.320312 0.544922 0.324219 0.541016
0 0.427734 0.544922 0.425781 0.546875 0.425781 0.548828 0.423828 0.550781 0.417969 0.550781 0.416016 0.548828 0.416016 0.546875 0.414062 0.544922 0.414062 0.542969 0.416016 0.541016 0.416016 0.539062 0.417969 0.537109 0.423828 0.537109 0.425781 0.539062 0.425781 0.541016 0.427734 0.542969
0 0.505859 0.548828 0.503906 0.550781 0.503906 0.552734 0.501953 0.554688 0.496094 0.554688 0.494141 0.552734 0.494141 0.550781 0.492188 0.548828 0.492188 0.546875 0.494141 0.544922 0.494141 0.542969 0.496094 0.541016 0.501953 0.541016 0.503906 0.542969 0.503906 0.544922 0.505859 0.546875
0 0.707031 0.550781 0.705078 0.550781 0.703125 0.552734 0.699219 0.552734 0.697266 0.550781 0.697266 0.544922 0.699219 0.542969 0.703125 0.542969 0.705078 0.544922 0.707031 0.544922
0 0.322266 0.552734 0.316406 0.558594 0.310547 0.558594 0.304688 0.552734 0.304688 0.546875 0.310547 0.541016 0.316406 0.541016 0.322266 0.546875
0 0.054688 0.554688 0.052734 0.554688 0.050781 0.556641 0.046875 0.556641 0.044922 0.554688 0.044922 0.548828 0.046875 0.546875 0.050781 0.546875 0.052734 0.548828 0.054688 0.548828
0 0.412109 0.550781 0.412109 0.554688 0.408203 0.554688 0.406250 0.552734 0.410156 0.548828
0 0.644531 0.554688 0.642578 0.554688 0.640625 0.556641 0.636719 0.556641 0.634766 0.554688 0.634766 0.548828 0.636719 0.546875 0.640625 0.546875 0.642578 0.548828 0.644531 0.548828
0 0.662109 0.554688 0.660156 0.554688 0.658203 0.556641 0.654297 0.556641 0.652344 0.554688 0.652344 0.548828 0.654297 0.546875 0.658203 0.546875 0.660156 0.548828 0.662109 0.548828
0 0.378906 0.552734 0.378906 0.556641 0.375000 0.556641 0.373047 0.554688 0.376953 0.550781
0 0.488281 0.552734 0.488281 0.556641 0.484375 0.556641 0.482422 0.554688 0.486328 0.550781
0 0.699219 0.556641 0.697266 0.556641 0.695312 0.558594 0.691406 0.558594 0.689453 0.556641 0.689453 0.550781 0.691406 0.548828 0.695312 0.548828 0.697266 0.550781 0.699219 0.550781
0 0.531250 0.556641 0.531250 0.560547 0.527344 0.560547 0.525391 0.558594 0.529297 0.554688
0 0.652344 0.558594 0.652344 0.562500 0.648438 0.562500 0.646484 0.560547 0.650391 0.556641
0 0.468750 0.564453 0.466797 0.564453 0.464844 0.566406 0.460938 0.566406 0.458984 0.564453 0.458984 0.558594 0.460938 0.556641 0.464844 0.556641 0.466797 0.558594 0.468750 0.558594
0 0.523438 0.562500 0.523438 0.566406 0.519531 0.566406 0.517578 0.564453 0.521484 0.560547
0 0.375000 0.568359 0.373047 0.568359 0.371094 0.570312 0.367188 0.570312 0.365234 0.568359 0.365234 0.562500 0.367188 0.560547 0.371094 0.560547 0.373047 0.562500 0.375000 0.562500
0 0.505859 0.566406 0.505859 0.570312 0.501953 0.570312 0.500000 0.568359 0.503906 0.564453
0 0.521484 0.570312 0.515625 0.576172 0.509766 0.576172 0.503906 0.570312 0.503906 0.564453 0.509766 0.558594 0.515625 0.558594 0.521484 0.564453
0 0.363281 0.568359 0.363281 0.572266 0.359375 0.572266 0.357422 0.570312 0.361328 0.566406
0 0.466797 0.572266 0.460938 0.578125 0.455078 0.578125 0.449219 0.572266 0.449219 0.566406 0.455078 0.560547 0.460938 0.560547 0.466797 0.566406
0 0.332031 0.570312 0.332031 0.574219 0.328125 0.574219 0.326172 0.572266 0.330078 0.568359
0 0.337891 0.570312 0.337891 0.574219 0.333984 0.574219 0.332031 0.572266 0.335938 0.568359
0 0.531250 0.574219 0.529297 0.574219 0.527344 0.576172 0.523438 0.576172 0.521484 0.574219 0.521484 0.568359 0.523438 0.566406 0.527344 0.566406 0.529297 0.568359 0.531250 0.568359
0 0.781250 0.570312 0.781250 0.574219 0.777344 0.574219 0.775391 0.572266 0.779297 0.568359
0 0.771484 0.574219 0.771484 0.578125 0.767578 0.578125 0.765625 0.576172 0.769531 0.572266
0 0.062500 0.585938 0.060547 0.585938 0.058594 0.587891 0.048828 0.587891 0.042969 0.582031 0.042969 0.572266 0.044922 0.570312 0.046875 0.570312 0.046875 0.568359 0.048828 0.566406 0.058594 0.566406 0.064453 0.572266 0.064453 0.582031 0.062500 0.583984
0 0.349609 0.578125 0.347656 0.580078 0.347656 0.582031 0.345703 0.583984 0.339844 0.583984 0.337891 0.582031 0.337891 0.580078 0.335938 0.578125 0.335938 0.576172 0.337891 0.574219 0.337891 0.572266 0.339844 0.570312 0.345703 0.570312 0.347656 0.572266 0.347656 0.574219 0.349609 0.576172
0 0.367188 0.585938 0.365234 0.585938 0.363281 0.587891 0.359375 0.587891 0.357422 0.585938 0.357422 0.580078 0.359375 0.578125 0.363281 0.578125 0.365234 0.580078 0.367188 0.580078
0 0.435547 0.585938 0.429688 0.591797 0.423828 0.591797 0.417969 0.585938 0.417969 0.580078 0.423828 0.574219 0.429688 0.574219 0.435547 0.580078
0 0.603516 0.585938 0.601562 0.585938 0.599609 0.587891 0.595703 0.587891 0.593750 0.585938 0.593750 0.580078 0.595703 0.578125 0.599609 0.578125 0.601562 0.580078 0.603516 0.580078
0 0.373047 0.583984 0.373047 0.587891 0.369141 0.587891 0.367188 0.585938 0.371094 0.582031
0 0.029297 0.589844 0.023438 0.595703 0.017578 0.595703 0.011719 0.589844 0.011719 0.583984 0.017578 0.578125 0.023438 0.578125 0.029297 0.583984
0 0.587891 0.589844 0.585938 0.589844 0.583984 0.591797 0.580078 0.591797 0.578125 0.589844 0.578125 0.583984 0.580078 0.582031 0.583984 0.582031 0.585938 0.583984 0.587891 0.583984
0 0.316406 0.591797 0.310547 0.597656 0.304688 0.597656 0.298828 0.591797 0.298828 0.585938 0.304688 0.580078 0.310547 0.580078 0.316406 0.585938
0 0.337891 0.589844 0.337891 0.593750 0.333984 0.593750 0.332031 0.591797 0.335938 0.587891
0 0.718750 0.593750 0.716797 0.593750 0.714844 0.595703 0.710938 0.595703 0.708984 0.593750 0.708984 0.587891 0.710938 0.585938 0.714844 0.585938 0.716797 0.587891 0.718750 0.587891
0 0.419922 0.593750 0.417969 0.595703 0.417969 0.597656 0.416016 0.599609 0.410156 0.599609 0.408203 0.597656 0.408203 0.595703 0.406250 0.593750 0.406250 0.591797 0.408203 0.589844 0.408203 0.587891 0.410156 0.585938 0.416016 0.585938 0.417969 0.587891 0.417969 0.589844 0.419922 0.591797
0 0.527344 0.591797 0.527344 0.595703 0.523438 0.595703 0.521484 0.593750 0.525391 0.589844
0 0.541016 0.599609 0.539062 0.599609 0.537109 0.601562 0.533203 0.601562 0.531250 0.599609 0.531250 0.593750 0.533203 0.591797 0.537109 0.591797 0.539062 0.593750 0.541016 0.593750
0 0.755859 0.595703 0.755859 0.599609 0.751953 0.599609 0.750000 0.597656 0.753906 0.593750
0 0.763672 0.595703 0.763672 0.599609 0.759766 0.599609 0.757812 0.597656 0.761719 0.593750
0 0.712891 0.597656 0.712891 0.601562 0.708984 0.601562 0.707031 0.599609 0.710938 0.595703
0 0.349609 0.603516 0.343750 0.609375 0.337891 0.609375 0.332031 0.603516 0.332031 0.597656 0.337891 0.591797 0.343750 0.591797 0.349609 0.597656
0 0.521484 0.603516 0.515625 0.609375 0.509766 0.609375 0.503906 0.603516 0.503906 0.597656 0.509766 0.591797 0.515625 0.591797 0.521484 0.597656
0 0.582031 0.603516 0.580078 0.603516 0.578125 0.605469 0.574219 0.605469 0.572266 0.603516 0.572266 0.597656 0.574219 0.595703 0.578125 0.595703 0.580078 0.597656 0.582031 0.597656
0 0.605469 0.599609 0.605469 0.603516 0.601562 0.603516 0.599609 0.601562 0.603516 0.597656
0 0.771484 0.603516 0.769531 0.603516 0.767578 0.605469 0.763672 0.605469 0.761719 0.603516 0.761719 0.597656 0.763672 0.595703 0.767578 0.595703 0.769531 0.597656 0.771484 0.597656
0 0.978516 0.603516 0.978516 0.607422 0.974609 0.607422 0.972656 0.605469 0.976562 0.601562
0 0.001953 0.615234 0.000000 0.615234 0.000000 0.597656 0.001953 0.597656 0.007812 0.603516 0.007812 0.609375
0 0.599609 0.605469 0.599609 0.609375 0.595703 0.609375 0.593750 0.607422 0.597656 0.603516
0 0.718750 0.605469 0.718750 0.609375 0.714844 0.609375 0.712891 0.607422 0.716797 0.603516
0 0.724609 0.605469 0.724609 0.609375 0.720703 0.609375 0.718750 0.607422 0.722656 0.603516
0 0.755859 0.609375 0.755859 0.613281 0.751953 0.613281 0.750000 0.611328 0.753906 0.607422
0 0.341797 0.611328 0.341797 0.615234 0.337891 0.615234 0.335938 0.613281 0.339844 0.609375
0 0.986328 0.611328 0.986328 0.615234 0.982422 0.615234 0.980469 0.613281 0.984375 0.609375
0 0.998047 0.623047 0.992188 0.623047 0.986328 0.617188 0.986328 0.607422 0.988281 0.605469 0.990234 0.605469 0.990234 0.603516 0.992188 0.601562 0.998047 0.601562
0 0.968750 0.613281 0.968750 0.617188 0.964844 0.617188 0.962891 0.615234 0.966797 0.611328
0 0.613281 0.617188 0.613281 0.621094 0.609375 0.621094 0.607422 0.619141 0.611328 0.615234
0 0.982422 0.619141 0.982422 0.623047 0.978516 0.623047 0.976562 0.621094 0.980469 0.617188
0 0.976562 0.621094 0.976562 0.625000 0.972656 0.625000 0.970703 0.623047 0.974609 0.619141
0 0.562500 0.626953 0.560547 0.628906 0.560547 0.630859 0.558594 0.632812 0.552734 0.632812 0.550781 0.630859 0.550781 0.628906 0.548828 0.626953 0.548828 0.625000 0.550781 0.623047 0.550781 0.621094 0.552734 0.619141 0.558594 0.619141 0.560547 0.621094 0.560547 0.623047 0.562500 0.625000
0 0.611328 0.626953 0.611328 0.630859 0.607422 0.630859 0.605469 0.628906 0.609375 0.625000
0 0.589844 0.632812 0.587891 0.632812 0.585938 0.634766 0.582031 0.634766 0.580078 0.632812 0.580078 0.626953 0.582031 0.625000 0.585938 0.625000 0.587891 0.626953 0.589844 0.626953
0 0.980469 0.642578 0.978516 0.642578 0.976562 0.644531 0.966797 0.644531 0.960938 0.638672 0.960938 0.628906 0.962891 0.626953 0.964844 0.626953 0.964844 0.625000 0.966797 0.623047 0.976562 0.623047 0.982422 0.628906 0.982422 0.638672 0.980469 0.640625
0 0.105469 0.640625 0.103516 0.640625 0.101562 0.642578 0.097656 0.642578 0.095703 0.640625 0.095703 0.634766 0.097656 0.632812 0.101562 0.632812 0.103516 0.634766 0.105469 0.634766
0 0.974609 0.642578 0.974609 0.646484 0.970703 0.646484 0.968750 0.644531 0.972656 0.640625
0 0.085938 0.646484 0.083984 0.648438 0.083984 0.650391 0.082031 0.652344 0.076172 0.652344 0.074219 0.650391 0.074219 0.648438 0.072266 0.646484 0.072266 0.644531 0.074219 0.642578 0.074219 0.640625 0.076172 0.638672 0.082031 0.638672 0.083984 0.640625 0.083984 0.642578 0.085938 0.644531
0 0.603516 0.646484 0.601562 0.648438 0.601562 0.650391 0.599609 0.652344 0.593750 0.652344 0.591797 0.650391 0.591797 0.648438 0.589844 0.646484 0.589844 0.644531 0.591797 0.642578 0.591797 0.640625 0.593750 0.638672 0.599609 0.638672 0.601562 0.640625 0.601562 0.642578 0.603516 0.644531
0 0.615234 0.644531 0.615234 0.648438 0.611328 0.648438 0.609375 0.646484 0.613281 0.642578
0 0.078125 0.648438 0.076172 0.650391 0.076172 0.652344 0.074219 0.654297 0.068359 0.654297 0.066406 0.652344 0.066406 0.650391 0.064453 0.648438 0.064453 0.646484 0.066406 0.644531 0.066406 0.642578 0.068359 0.640625 0.074219 0.640625 0.076172 0.642578 0.076172 0.644531 0.078125 0.646484
0 0.570312 0.648438 0.568359 0.650391 0.568359 0.652344 0.566406 0.654297 0.560547 0.654297 0.558594 0.652344 0.558594 0.650391 0.556641 0.648438 0.556641 0.646484 0.558594 0.644531 0.558594 0.642578 0.560547 0.640625 0.566406 0.640625 0.568359 0.642578 0.568359 0.644531 0.570312 0.646484
0 0.902344 0.646484 0.902344 0.650391 0.898438 0.650391 0.896484 0.648438 0.900391 0.644531
0 0.982422 0.646484 0.982422 0.650391 0.978516 0.650391 0.976562 0.648438 0.980469 0.644531
0 0.056641 0.656250 0.050781 0.662109 0.044922 0.662109 0.039062 0.656250 0.039062 0.650391 0.044922 0.644531 0.050781 0.644531 0.056641 0.650391
0 0.125000 0.654297 0.123047 0.656250 0.123047 0.658203 0.121094 0.660156 0.115234 0.660156 0.113281 0.658203 0.113281 0.656250 0.111328 0.654297 0.111328 0.652344 0.113281 0.650391 0.113281 0.648438 0.115234 0.646484 0.121094 0.646484 0.123047 0.648438 0.123047 0.650391 0.125000 0.652344
0 0.898438 0.652344 0.898438 0.656250 0.894531 0.656250 0.892578 0.654297 0.896484 0.650391
0 0.910156 0.652344 0.910156 0.656250 0.906250 0.656250 0.904297 0.654297 0.908203 0.650391
0 0.613281 0.654297 0.613281 0.658203 0.609375 0.658203 0.607422 0.656250 0.611328 0.652344
0 0.152344 0.660156 0.150391 0.662109 0.150391 0.664062 0.148438 0.666016 0.142578 0.666016 0.140625 0.664062 0.140625 0.662109 0.138672 0.660156 0.138672 0.658203 0.140625 0.656250 0.140625 0.654297 0.142578 0.652344 0.148438 0.652344 0.150391 0.654297 0.150391 0.656250 0.152344 0.658203
0 0.572266 0.662109 0.570312 0.662109 0.568359 0.664062 0.564453 0.664062 0.562500 0.662109 0.562500 0.656250 0.564453 0.654297 0.568359 0.654297 0.570312 0.656250 0.572266 0.656250
0 0.964844 0.662109 0.962891 0.662109 0.960938 0.664062 0.957031 0.664062 0.955078 0.662109 0.955078 0.656250 0.957031 0.654297 0.960938 0.654297 0.962891 0.656250 0.964844 0.656250
0 0.984375 0.658203 0.984375 0.662109 0.980469 0.662109 0.978516 0.660156 0.982422 0.656250
0 0.000000 0.666016 0.000000 0.656250 0.001953 0.658203 0.003906 0.658203 0.003906 0.664062 0.001953 0.664062
0 0.029297 0.666016 0.027344 0.667969 0.027344 0.669922 0.025391 0.671875 0.019531 0.671875 0.017578 0.669922 0.017578 0.667969 0.015625 0.666016 0.015625 0.664062 0.017578 0.662109 0.017578 0.660156 0.019531 0.658203 0.025391 0.658203 0.027344 0.660156 0.027344 0.662109 0.029297 0.664062
0 0.974609 0.667969 0.974609 0.671875 0.970703 0.671875 0.968750 0.669922 0.972656 0.666016
0 0.929688 0.669922 0.929688 0.673828 0.925781 0.673828 0.923828 0.671875 0.927734 0.667969
0 0.939453 0.671875 0.939453 0.675781 0.935547 0.675781 0.933594 0.673828 0.937500 0.669922
0 0.933594 0.679688 0.933594 0.683594 0.929688 0.683594 0.927734 0.681641 0.931641 0.677734
0 0.582031 0.685547 0.576172 0.691406 0.570312 0.691406 0.564453 0.685547 0.564453 0.679688 0.570312 0.673828 0.576172 0.673828 0.582031 0.679688
0 0.630859 0.689453 0.630859 0.693359 0.626953 0.693359 0.625000 0.691406 0.628906 0.687500
0 0.173828 0.701172 0.171875 0.701172 0.169922 0.703125 0.160156 0.703125 0.154297 0.697266 0.154297 0.687500 0.156250 0.685547 0.158203 0.685547 0.158203 0.683594 0.160156 0.681641 0.169922 0.681641 0.175781 0.687500 0.175781 0.697266 0.173828 0.699219
0 0.666016 0.699219 0.666016 0.703125 0.662109 0.703125 0.660156 0.701172 0.664062 0.697266
0 0.656250 0.703125 0.656250 0.707031 0.652344 0.707031 0.650391 0.705078 0.654297 0.701172
0 0.599609 0.710938 0.597656 0.712891 0.597656 0.714844 0.595703 0.716797 0.589844 0.716797 0.587891 0.714844 0.587891 0.712891 0.585938 0.710938 0.585938 0.708984 0.587891 0.707031 0.587891 0.705078 0.589844 0.703125 0.595703 0.703125 0.597656 0.705078 0.597656 0.707031 0.599609 0.708984
0 0.664062 0.708984 0.664062 0.712891 0.660156 0.712891 0.658203 0.710938 0.662109 0.707031
0 0.625000 0.716797 0.623047 0.716797 0.621094 0.718750 0.617188 0.718750 0.615234 0.716797 0.615234 0.710938 0.617188 0.708984 0.621094 0.708984 0.623047 0.710938 0.625000 0.710938
0 0.166016 0.718750 0.164062 0.718750 0.162109 0.720703 0.158203 0.720703 0.156250 0.718750 0.156250 0.712891 0.158203 0.710938 0.162109 0.710938 0.164062 0.712891 0.166016 0.712891
0 0.744141 0.714844 0.744141 0.718750 0.740234 0.718750 0.738281 0.716797 0.742188 0.712891
0 0.748047 0.720703 0.748047 0.724609 0.744141 0.724609 0.742188 0.722656 0.746094 0.718750
0 0.820312 0.724609 0.818359 0.724609 0.816406 0.726562 0.812500 0.726562 0.810547 0.724609 0.810547 0.718750 0.812500 0.716797 0.816406 0.716797 0.818359 0.718750 0.820312 0.718750
0 0.910156 0.722656 0.910156 0.726562 0.906250 0.726562 0.904297 0.724609 0.908203 0.720703
0 0.589844 0.734375 0.587891 0.734375 0.585938 0.736328 0.576172 0.736328 0.570312 0.730469 0.570312 0.720703 0.572266 0.718750 0.574219 0.718750 0.574219 0.716797 0.576172 0.714844 0.585938 0.714844 0.591797 0.720703 0.591797 0.730469 0.589844 0.732422
0 0.734375 0.726562 0.734375 0.730469 0.730469 0.730469 0.728516 0.728516 0.732422 0.724609
0 0.835938 0.732422 0.833984 0.732422 0.832031 0.734375 0.828125 0.734375 0.826172 0.732422 0.826172 0.726562 0.828125 0.724609 0.832031 0.724609 0.833984 0.726562 0.835938 0.726562
0 0.902344 0.732422 0.900391 0.732422 0.898438 0.734375 0.894531 0.734375 0.892578 0.732422 0.892578 0.726562 0.894531 0.724609 0.898438 0.724609 0.900391 0.726562 0.902344 0.726562
0 0.916016 0.728516 0.916016 0.732422 0.912109 0.732422 0.910156 0.730469 0.914062 0.726562
0 0.742188 0.730469 0.742188 0.734375 0.738281 0.734375 0.736328 0.732422 0.740234 0.728516
0 0.765625 0.740234 0.763672 0.740234 0.761719 0.742188 0.751953 0.742188 0.746094 0.736328 0.746094 0.726562 0.748047 0.724609 0.750000 0.724609 0.750000 0.722656 0.751953 0.720703 0.761719 0.720703 0.767578 0.726562 0.767578 0.736328 0.765625 0.738281
0 0.771484 0.734375 0.771484 0.738281 0.767578 0.738281 0.765625 0.736328 0.769531 0.732422
0 0.787109 0.738281 0.785156 0.738281 0.783203 0.740234 0.779297 0.740234 0.777344 0.738281 0.777344 0.732422 0.779297 0.730469 0.783203 0.730469 0.785156 0.732422 0.787109 0.732422
0 0.912109 0.736328 0.912109 0.740234 0.908203 0.740234 0.906250 0.738281 0.910156 0.734375
0 0.570312 0.742188 0.568359 0.744141 0.568359 0.746094 0.566406 0.748047 0.560547 0.748047 0.558594 0.746094 0.558594 0.744141 0.556641 0.742188 0.556641 0.740234 0.558594 0.738281 0.558594 0.736328 0.560547 0.734375 0.566406 0.734375 0.568359 0.736328 0.568359 0.738281 0.570312 0.740234
0 0.906250 0.740234 0.906250 0.744141 0.902344 0.744141 0.900391 0.742188 0.904297 0.738281
0 0.201172 0.748047 0.199219 0.750000 0.199219 0.751953 0.197266 0.753906 0.191406 0.753906 0.189453 0.751953 0.189453 0.750000 0.187500 0.748047 0.187500 0.746094 0.189453 0.744141 0.189453 0.742188 0.191406 0.740234 0.197266 0.740234 0.199219 0.742188 0.199219 0.744141 0.201172 0.746094
0 0.605469 0.755859 0.603516 0.755859 0.601562 0.757812 0.591797 0.757812 0.585938 0.751953 0.585938 0.742188 0.587891 0.740234 0.589844 0.740234 0.589844 0.738281 0.591797 0.736328 0.601562 0.736328 0.607422 0.742188 0.607422 0.751953 0.605469 0.753906
0 0.560547 0.750000 0.558594 0.751953 0.558594 0.753906 0.556641 0.755859 0.550781 0.755859 0.548828 0.753906 0.548828 0.751953 0.546875 0.750000 0.546875 0.748047 0.548828 0.746094 0.548828 0.744141 0.550781 0.742188 0.556641 0.742188 0.558594 0.744141 0.558594 0.746094 0.560547 0.748047
0 0.162109 0.759766 0.160156 0.759766 0.158203 0.761719 0.154297 0.761719 0.152344 0.759766 0.152344 0.753906 0.154297 0.751953 0.158203 0.751953 0.160156 0.753906 0.162109 0.753906
0 0.230469 0.763672 0.228516 0.763672 0.226562 0.765625 0.222656 0.765625 0.220703 0.763672 0.220703 0.757812 0.222656 0.755859 0.226562 0.755859 0.228516 0.757812 0.230469 0.757812
0 0.646484 0.763672 0.644531 0.763672 0.642578 0.765625 0.638672 0.765625 0.636719 0.763672 0.636719 0.757812 0.638672 0.755859 0.642578 0.755859 0.644531 0.757812 0.646484 0.757812
0 0.632812 0.765625 0.626953 0.771484 0.621094 0.771484 0.615234 0.765625 0.615234 0.759766 0.621094 0.753906 0.626953 0.753906 0.632812 0.759766
0 0.683594 0.765625 0.681641 0.765625 0.679688 0.767578 0.675781 0.767578 0.673828 0.765625 0.673828 0.759766 0.675781 0.757812 0.679688 0.757812 0.681641 0.759766 0.683594 0.759766
0 0.542969 0.765625 0.541016 0.767578 0.541016 0.769531 0.539062 0.771484 0.533203 0.771484 0.531250 0.769531 0.531250 0.767578 0.529297 0.765625 0.529297 0.763672 0.531250 0.761719 0.531250 0.759766 0.533203 0.757812 0.539062 0.757812 0.541016 0.759766 0.541016 0.761719 0.542969 0.763672
0 0.697266 0.765625 0.697266 0.769531 0.693359 0.769531 0.691406 0.767578 0.695312 0.763672
0 0.667969 0.773438 0.666016 0.773438 0.664062 0.775391 0.660156 0.775391 0.658203 0.773438 0.658203 0.767578 0.660156 0.765625 0.664062 0.765625 0.666016 0.767578 0.667969 0.767578
0 0.257812 0.777344 0.251953 0.783203 0.246094 0.783203 0.240234 0.777344 0.240234 0.771484 0.246094 0.765625 0.251953 0.765625 0.257812 0.771484
0 0.638672 0.773438 0.638672 0.777344 0.634766 0.777344 0.632812 0.775391 0.636719 0.771484
0 0.699219 0.773438 0.699219 0.777344 0.695312 0.777344 0.693359 0.775391 0.697266 0.771484
0 0.755859 0.775391 0.755859 0.779297 0.751953 0.779297 0.750000 0.777344 0.753906 0.773438
0 0.607422 0.781250 0.605469 0.783203 0.605469 0.785156 0.603516 0.787109 0.597656 0.787109 0.595703 0.785156 0.595703 0.783203 0.593750 0.781250 0.593750 0.779297 0.595703 0.777344 0.595703 0.775391 0.597656 0.773438 0.603516 0.773438 0.605469 0.775391 0.605469 0.777344 0.607422 0.779297
0 0.691406 0.781250 0.689453 0.783203 0.689453 0.785156 0.687500 0.787109 0.681641 0.787109 0.679688 0.785156 0.679688 0.783203 0.677734 0.781250 0.677734 0.779297 0.679688 0.777344 0.679688 0.775391 0.681641 0.773438 0.687500 0.773438 0.689453 0.775391 0.689453 0.777344 0.691406 0.779297
0 0.748047 0.783203 0.746094 0.783203 0.744141 0.785156 0.740234 0.785156 0.738281 0.783203 0.738281 0.777344 0.740234 0.775391 0.744141 0.775391 0.746094 0.777344 0.748047 0.777344
0 0.580078 0.783203 0.578125 0.785156 0.578125 0.787109 0.576172 0.789062 0.570312 0.789062 0.568359 0.787109 0.568359 0.785156 0.566406 0.783203 0.566406 0.781250 0.568359 0.779297 0.568359 0.777344 0.570312 0.775391 0.576172 0.775391 0.578125 0.777344 0.578125 0.779297 0.580078 0.781250
0 0.548828 0.792969 0.546875 0.792969 0.544922 0.794922 0.535156 0.794922 0.529297 0.789062 0.529297 0.779297 0.531250 0.777344 0.533203 0.777344 0.533203 0.775391 0.535156 0.773438 0.544922 0.773438 0.550781 0.779297 0.550781 0.789062 0.548828 0.791016
0 0.703125 0.783203 0.703125 0.787109 0.699219 0.787109 0.697266 0.785156 0.701172 0.781250
0 0.916016 0.783203 0.916016 0.787109 0.912109 0.787109 0.910156 0.785156 0.914062 0.781250
0 0.673828 0.789062 0.667969 0.794922 0.662109 0.794922 0.656250 0.789062 0.656250 0.783203 0.662109 0.777344 0.667969 0.777344 0.673828 0.783203
0 0.867188 0.785156 0.867188 0.789062 0.863281 0.789062 0.861328 0.787109 0.865234 0.783203
0 0.880859 0.787109 0.880859 0.791016 0.876953 0.791016 0.875000 0.789062 0.878906 0.785156
0 0.925781 0.791016 0.923828 0.791016 0.921875 0.792969 0.917969 0.792969 0.916016 0.791016 0.916016 0.785156 0.917969 0.783203 0.921875 0.783203 0.923828 0.785156 0.925781 0.785156
0 0.816406 0.789062 0.816406 0.792969 0.812500 0.792969 0.810547 0.791016 0.814453 0.787109
0 0.837891 0.792969 0.835938 0.792969 0.833984 0.794922 0.830078 0.794922 0.828125 0.792969 0.828125 0.787109 0.830078 0.785156 0.833984 0.785156 0.835938 0.787109 0.837891 0.787109
0 0.517578 0.792969 0.515625 0.794922 0.515625 0.796875 0.513672 0.798828 0.507812 0.798828 0.505859 0.796875 0.505859 0.794922 0.503906 0.792969 0.503906 0.791016 0.505859 0.789062 0.505859 0.787109 0.507812 0.785156 0.513672 0.785156 0.515625 0.787109 0.515625 0.789062 0.517578 0.791016
0 0.873047 0.794922 0.873047 0.798828 0.869141 0.798828 0.867188 0.796875 0.871094 0.792969
0 0.615234 0.800781 0.613281 0.800781 0.611328 0.802734 0.607422 0.802734 0.605469 0.800781 0.605469 0.794922 0.607422 0.792969 0.611328 0.792969 0.613281 0.794922 0.615234 0.794922
0 0.724609 0.796875 0.724609 0.800781 0.720703 0.800781 0.718750 0.798828 0.722656 0.794922
0 0.916016 0.796875 0.916016 0.800781 0.912109 0.800781 0.910156 0.798828 0.914062 0.794922
0 0.246094 0.802734 0.244141 0.802734 0.242188 0.804688 0.238281 0.804688 0.236328 0.802734 0.236328 0.796875 0.238281 0.794922 0.242188 0.794922 0.244141 0.796875 0.246094 0.796875
0 0.644531 0.802734 0.642578 0.802734 0.640625 0.804688 0.636719 0.804688 0.634766 0.802734 0.634766 0.796875 0.636719 0.794922 0.640625 0.794922 0.642578 0.796875 0.644531 0.796875
0 0.818359 0.798828 0.818359 0.802734 0.814453 0.802734 0.812500 0.800781 0.816406 0.796875
0 0.673828 0.804688 0.671875 0.804688 0.669922 0.806641 0.666016 0.806641 0.664062 0.804688 0.664062 0.798828 0.666016 0.796875 0.669922 0.796875 0.671875 0.798828 0.673828 0.798828
0 0.833984 0.800781 0.833984 0.804688 0.830078 0.804688 0.828125 0.802734 0.832031 0.798828
0 0.656250 0.808594 0.654297 0.808594 0.652344 0.810547 0.648438 0.810547 0.646484 0.808594 0.646484 0.802734 0.648438 0.800781 0.652344 0.800781 0.654297 0.802734 0.656250 0.802734
0 0.693359 0.814453 0.691406 0.814453 0.689453 0.816406 0.679688 0.816406 0.673828 0.810547 0.673828 0.800781 0.675781 0.798828 0.677734 0.798828 0.677734 0.796875 0.679688 0.794922 0.689453 0.794922 0.695312 0.800781 0.695312 0.810547 0.693359 0.812500
0 0.748047 0.808594 0.746094 0.808594 0.744141 0.810547 0.740234 0.810547 0.738281 0.808594 0.738281 0.802734 0.740234 0.800781 0.744141 0.800781 0.746094 0.802734 0.748047 0.802734
0 0.244141 0.810547 0.242188 0.810547 0.240234 0.812500 0.236328 0.812500 0.234375 0.810547 0.234375 0.804688 0.236328 0.802734 0.240234 0.802734 0.242188 0.804688 0.244141 0.804688
0 0.595703 0.816406 0.593750 0.816406 0.591797 0.818359 0.582031 0.818359 0.576172 0.812500 0.576172 0.802734 0.578125 0.800781 0.580078 0.800781 0.580078 0.798828 0.582031 0.796875 0.591797 0.796875 0.597656 0.802734 0.597656 0.812500 0.595703 0.814453
0 0.640625 0.806641 0.640625 0.810547 0.636719 0.810547 0.634766 0.808594 0.638672 0.804688
0 0.919922 0.818359 0.917969 0.818359 0.916016 0.820312 0.906250 0.820312 0.900391 0.814453 0.900391 0.804688 0.902344 0.802734 0.904297 0.802734 0.904297 0.800781 0.906250 0.798828 0.916016 0.798828 0.921875 0.804688 0.921875 0.814453 0.919922 0.816406
0 0.521484 0.812500 0.519531 0.814453 0.519531 0.816406 0.517578 0.818359 0.511719 0.818359 0.509766 0.816406 0.509766 0.814453 0.507812 0.812500 0.507812 0.810547 0.509766 0.808594 0.509766 0.806641 0.511719 0.804688 0.517578 0.804688 0.519531 0.806641 0.519531 0.808594 0.521484 0.810547
0 0.615234 0.814453 0.613281 0.814453 0.611328 0.816406 0.607422 0.816406 0.605469 0.814453 0.605469 0.808594 0.607422 0.806641 0.611328 0.806641 0.613281 0.808594 0.615234 0.808594
0 0.755859 0.810547 0.755859 0.814453 0.751953 0.814453 0.750000 0.812500 0.753906 0.808594
0 0.580078 0.816406 0.578125 0.816406 0.576172 0.818359 0.572266 0.818359 0.570312 0.816406 0.570312 0.810547 0.572266 0.808594 0.576172 0.808594 0.578125 0.810547 0.580078 0.810547
0 0.498047 0.818359 0.492188 0.824219 0.486328 0.824219 0.480469 0.818359 0.480469 0.812500 0.486328 0.806641 0.492188 0.806641 0.498047 0.812500
0 0.658203 0.816406 0.656250 0.818359 0.656250 0.820312 0.654297 0.822266 0.648438 0.822266 0.646484 0.820312 0.646484 0.818359 0.644531 0.816406 0.644531 0.814453 0.646484 0.812500 0.646484 0.810547 0.648438 0.808594 0.654297 0.808594 0.656250 0.810547 0.656250 0.812500 0.658203 0.814453
0 0.685547 0.814453 0.685547 0.818359 0.681641 0.818359 0.679688 0.816406 0.683594 0.812500
0 0.667969 0.820312 0.666016 0.822266 0.666016 0.824219 0.664062 0.826172 0.658203 0.826172 0.656250 0.824219 0.656250 0.822266 0.654297 0.820312 0.654297 0.818359 0.656250 0.816406 0.656250 0.814453 0.658203 0.812500 0.664062 0.812500 0.666016 0.814453 0.666016 0.816406 0.667969 0.818359
0 0.910156 0.822266 0.908203 0.822266 0.906250 0.824219 0.902344 0.824219 0.900391 0.822266 0.900391 0.816406 0.902344 0.814453 0.906250 0.814453 0.908203 0.816406 0.910156 0.816406
0 0.917969 0.822266 0.916016 0.822266 0.914062 0.824219 0.910156 0.824219 0.908203 0.822266 0.908203 0.816406 0.910156 0.814453 0.914062 0.814453 0.916016 0.816406 0.917969 0.816406
0 0.650391 0.822266 0.648438 0.824219 0.648438 0.826172 0.646484 0.828125 0.640625 0.828125 0.638672 0.826172 0.638672 0.824219 0.636719 0.822266 0.636719 0.820312 0.638672 0.818359 0.638672 0.816406 0.640625 0.814453 0.646484 0.814453 0.648438 0.816406 0.648438 0.818359 0.650391 0.820312
0 0.525391 0.824219 0.523438 0.826172 0.523438 0.828125 0.521484 0.830078 0.515625 0.830078 0.513672 0.828125 0.513672 0.826172 0.511719 0.824219 0.511719 0.822266 0.513672 0.820312 0.513672 0.818359 0.515625 0.816406 0.521484 0.816406 0.523438 0.818359 0.523438 0.820312 0.525391 0.822266
0 0.697266 0.826172 0.695312 0.826172 0.693359 0.828125 0.689453 0.828125 0.687500 0.826172 0.687500 0.820312 0.689453 0.818359 0.693359 0.818359 0.695312 0.820312 0.697266 0.820312
0 0.333984 0.833984 0.332031 0.833984 0.330078 0.835938 0.320312 0.835938 0.314453 0.830078 0.314453 0.820312 0.316406 0.818359 0.318359 0.818359 0.318359 0.816406 0.320312 0.814453 0.330078 0.814453 0.335938 0.820312 0.335938 0.830078 0.333984 0.832031
0 0.755859 0.828125 0.753906 0.828125 0.751953 0.830078 0.748047 0.830078 0.746094 0.828125 0.746094 0.822266 0.748047 0.820312 0.751953 0.820312 0.753906 0.822266 0.755859 0.822266
0 0.849609 0.824219 0.849609 0.828125 0.845703 0.828125 0.843750 0.826172 0.847656 0.822266
0 0.904297 0.828125 0.902344 0.828125 0.900391 0.830078 0.896484 0.830078 0.894531 0.828125 0.894531 0.822266 0.896484 0.820312 0.900391 0.820312 0.902344 0.822266 0.904297 0.822266
0 0.796875 0.830078 0.794922 0.830078 0.792969 0.832031 0.789062 0.832031 0.787109 0.830078 0.787109 0.824219 0.789062 0.822266 0.792969 0.822266 0.794922 0.824219 0.796875 0.824219
0 0.234375 0.832031 0.228516 0.837891 0.222656 0.837891 0.216797 0.832031 0.216797 0.826172 0.222656 0.820312 0.228516 0.820312 0.234375 0.826172
0 0.783203 0.832031 0.781250 0.832031 0.779297 0.833984 0.775391 0.833984 0.773438 0.832031 0.773438 0.826172 0.775391 0.824219 0.779297 0.824219 0.781250 0.826172 0.783203 0.826172
0 0.703125 0.830078 0.703125 0.833984 0.699219 0.833984 0.697266 0.832031 0.701172 0.828125
0 0.898438 0.839844 0.896484 0.839844 0.894531 0.841797 0.884766 0.841797 0.878906 0.835938 0.878906 0.826172 0.880859 0.824219 0.882812 0.824219 0.882812 0.822266 0.884766 0.820312 0.894531 0.820312 0.900391 0.826172 0.900391 0.835938 0.898438 0.837891
0 0.691406 0.833984 0.689453 0.835938 0.689453 0.837891 0.687500 0.839844 0.681641 0.839844 0.679688 0.837891 0.679688 0.835938 0.677734 0.833984 0.677734 0.832031 0.679688 0.830078 0.679688 0.828125 0.681641 0.826172 0.687500 0.826172 0.689453 0.828125 0.689453 0.830078 0.691406 0.832031
0 0.865234 0.833984 0.863281 0.835938 0.863281 0.837891 0.861328 0.839844 0.855469 0.839844 0.853516 0.837891 0.853516 0.835938 0.851562 0.833984 0.851562 0.832031 0.853516 0.830078 0.853516 0.828125 0.855469 0.826172 0.861328 0.826172 0.863281 0.828125 0.863281 0.830078 0.865234 0.832031
0 0.369141 0.837891 0.367188 0.837891 0.365234 0.839844 0.361328 0.839844 0.359375 0.837891 0.359375 0.832031 0.361328 0.830078 0.365234 0.830078 0.367188 0.832031 0.369141 0.832031
0 0.574219 0.835938 0.572266 0.837891 0.572266 0.839844 0.570312 0.841797 0.564453 0.841797 0.562500 0.839844 0.562500 0.837891 0.560547 0.835938 0.560547 0.833984 0.562500 0.832031 0.562500 0.830078 0.564453 0.828125 0.570312 0.828125 0.572266 0.830078 0.572266 0.832031 0.574219 0.833984
0 0.826172 0.843750 0.824219 0.843750 0.822266 0.845703 0.812500 0.845703 0.806641 0.839844 0.806641 0.830078 0.808594 0.828125 0.810547 0.828125 0.810547 0.826172 0.812500 0.824219 0.822266 0.824219 0.828125 0.830078 0.828125 0.839844 0.826172 0.841797
0 0.496094 0.839844 0.490234 0.845703 0.484375 0.845703 0.478516 0.839844 0.478516 0.833984 0.484375 0.828125 0.490234 0.828125 0.496094 0.833984
0 0.605469 0.839844 0.603516 0.839844 0.601562 0.841797 0.597656 0.841797 0.595703 0.839844 0.595703 0.833984 0.597656 0.832031 0.601562 0.832031 0.603516 0.833984 0.605469 0.833984
0 0.843750 0.839844 0.841797 0.839844 0.839844 0.841797 0.835938 0.841797 0.833984 0.839844 0.833984 0.833984 0.835938 0.832031 0.839844 0.832031 0.841797 0.833984 0.843750 0.833984
0 0.849609 0.835938 0.849609 0.839844 0.845703 0.839844 0.843750 0.837891 0.847656 0.833984
0 0.423828 0.839844 0.421875 0.841797 0.421875 0.843750 0.419922 0.845703 0.414062 0.845703 0.412109 0.843750 0.412109 0.841797 0.410156 0.839844 0.410156 0.837891 0.412109 0.835938 0.412109 0.833984 0.414062 0.832031 0.419922 0.832031 0.421875 0.833984 0.421875 0.835938 0.423828 0.837891
0 0.445312 0.839844 0.443359 0.841797 0.443359 0.843750 0.441406 0.845703 0.435547 0.845703 0.433594 0.843750 0.433594 0.841797 0.431641 0.839844 0.431641 0.837891 0.433594 0.835938 0.433594 0.833984 0.435547 0.832031 0.441406 0.832031 0.443359 0.833984 0.443359 0.835938 0.445312 0.837891
0 0.886719 0.841797 0.884766 0.841797 0.882812 0.843750 0.878906 0.843750 0.876953 0.841797 0.876953 0.835938 0.878906 0.833984 0.882812 0.833984 0.884766 0.835938 0.886719 0.835938
0 0.914062 0.841797 0.912109 0.841797 0.910156 0.843750 0.906250 0.843750 0.904297 0.841797 0.904297 0.835938 0.906250 0.833984 0.910156 0.833984 0.912109 0.835938 0.914062 0.835938
0 0.671875 0.839844 0.671875 0.843750 0.667969 0.843750 0.666016 0.841797 0.669922 0.837891
0 0.826172 0.843750 0.820312 0.849609 0.814453 0.849609 0.808594 0.843750 0.808594 0.837891 0.814453 0.832031 0.820312 0.832031 0.826172 0.837891
0 0.285156 0.851562 0.283203 0.851562 0.281250 0.853516 0.271484 0.853516 0.265625 0.847656 0.265625 0.837891 0.267578 0.835938 0.269531 0.835938 0.269531 0.833984 0.271484 0.832031 0.281250 0.832031 0.287109 0.837891 0.287109 0.847656 0.285156 0.849609
0 0.402344 0.843750 0.400391 0.845703 0.400391 0.847656 0.398438 0.849609 0.392578 0.849609 0.390625 0.847656 0.390625 0.845703 0.388672 0.843750 0.388672 0.841797 0.390625 0.839844 0.390625 0.837891 0.392578 0.835938 0.398438 0.835938 0.400391 0.837891 0.400391 0.839844 0.402344 0.841797
0 0.580078 0.843750 0.578125 0.845703 0.578125 0.847656 0.576172 0.849609 0.570312 0.849609 0.568359 0.847656 0.568359 0.845703 0.566406 0.843750 0.566406 0.841797 0.568359 0.839844 0.568359 0.837891 0.570312 0.835938 0.576172 0.835938 0.578125 0.837891 0.578125 0.839844 0.580078 0.841797
0 0.669922 0.845703 0.664062 0.851562 0.658203 0.851562 0.652344 0.845703 0.652344 0.839844 0.658203 0.833984 0.664062 0.833984 0.669922 0.839844
0 0.828125 0.841797 0.828125 0.845703 0.824219 0.845703 0.822266 0.843750 0.826172 0.839844
0 0.841797 0.841797 0.841797 0.845703 0.837891 0.845703 0.835938 0.843750 0.839844 0.839844
0 0.542969 0.843750 0.542969 0.847656 0.539062 0.847656 0.537109 0.845703 0.541016 0.841797
0 0.554688 0.845703 0.552734 0.847656 0.552734 0.849609 0.550781 0.851562 0.544922 0.851562 0.542969 0.849609 0.542969 0.847656 0.541016 0.845703 0.541016 0.843750 0.542969 0.841797 0.542969 0.839844 0.544922 0.837891 0.550781 0.837891 0.552734 0.839844 0.552734 0.841797 0.554688 0.843750
0 0.789062 0.847656 0.787109 0.847656 0.785156 0.849609 0.781250 0.849609 0.779297 0.847656 0.779297 0.841797 0.781250 0.839844 0.785156 0.839844 0.787109 0.841797 0.789062 0.841797
0 0.873047 0.843750 0.873047 0.847656 0.869141 0.847656 0.867188 0.845703 0.871094 0.841797
0 0.808594 0.845703 0.808594 0.849609 0.804688 0.849609 0.802734 0.847656 0.806641 0.843750
0 0.832031 0.847656 0.832031 0.851562 0.828125 0.851562 0.826172 0.849609 0.830078 0.845703
0 0.837891 0.847656 0.837891 0.851562 0.833984 0.851562 0.832031 0.849609 0.835938 0.845703
0 0.587891 0.859375 0.585938 0.859375 0.583984 0.861328 0.574219 0.861328 0.568359 0.855469 0.568359 0.845703 0.570312 0.843750 0.572266 0.843750 0.572266 0.841797 0.574219 0.839844 0.583984 0.839844 0.589844 0.845703 0.589844 0.855469 0.587891 0.857422
0 0.773438 0.853516 0.771484 0.853516 0.769531 0.855469 0.765625 0.855469 0.763672 0.853516 0.763672 0.847656 0.765625 0.845703 0.769531 0.845703 0.771484 0.847656 0.773438 0.847656
0 0.515625 0.855469 0.509766 0.861328 0.503906 0.861328 0.498047 0.855469 0.498047 0.849609 0.503906 0.843750 0.509766 0.843750 0.515625 0.849609
0 0.566406 0.851562 0.566406 0.855469 0.562500 0.855469 0.560547 0.853516 0.564453 0.849609
0 0.611328 0.861328 0.609375 0.861328 0.607422 0.863281 0.597656 0.863281 0.591797 0.857422 0.591797 0.847656 0.593750 0.845703 0.595703 0.845703 0.595703 0.843750 0.597656 0.841797 0.607422 0.841797 0.613281 0.847656 0.613281 0.857422 0.611328 0.859375
0 0.949219 0.853516 0.949219 0.857422 0.945312 0.857422 0.943359 0.855469 0.947266 0.851562
0 0.656250 0.855469 0.656250 0.859375 0.652344 0.859375 0.650391 0.857422 0.654297 0.853516
0 0.419922 0.859375 0.417969 0.861328 0.417969 0.863281 0.416016 0.865234 0.410156 0.865234 0.408203 0.863281 0.408203 0.861328 0.406250 0.859375 0.406250 0.857422 0.408203 0.855469 0.408203 0.853516 0.410156 0.851562 0.416016 0.851562 0.417969 0.853516 0.417969 0.855469 0.419922 0.857422
0 0.560547 0.863281 0.554688 0.869141 0.548828 0.869141 0.542969 0.863281 0.542969 0.857422 0.548828 0.851562 0.554688 0.851562 0.560547 0.857422
0 0.638672 0.859375 0.638672 0.863281 0.634766 0.863281 0.632812 0.861328 0.636719 0.857422
0 0.943359 0.859375 0.943359 0.863281 0.939453 0.863281 0.937500 0.861328 0.941406 0.857422
0 0.613281 0.863281 0.611328 0.865234 0.611328 0.867188 0.609375 0.869141 0.603516 0.869141 0.601562 0.867188 0.601562 0.865234 0.599609 0.863281 0.599609 0.861328 0.601562 0.859375 0.601562 0.857422 0.603516 0.855469 0.609375 0.855469 0.611328 0.857422 0.611328 0.859375 0.613281 0.861328
0 0.953125 0.861328 0.953125 0.865234 0.949219 0.865234 0.947266 0.863281 0.951172 0.859375
0 0.996094 0.865234 0.994141 0.865234 0.992188 0.867188 0.988281 0.867188 0.986328 0.865234 0.986328 0.859375 0.988281 0.857422 0.992188 0.857422 0.994141 0.859375 0.996094 0.859375
0 0.566406 0.863281 0.566406 0.867188 0.562500 0.867188 0.560547 0.865234 0.564453 0.861328
0 0.541016 0.869141 0.535156 0.875000 0.529297 0.875000 0.523438 0.869141 0.523438 0.863281 0.529297 0.857422 0.535156 0.857422 0.541016 0.863281
0 0.585938 0.869141 0.580078 0.875000 0.574219 0.875000 0.568359 0.869141 0.568359 0.863281 0.574219 0.857422 0.580078 0.857422 0.585938 0.863281
0 0.408203 0.869141 0.408203 0.873047 0.404297 0.873047 0.402344 0.871094 0.406250 0.867188
0 0.671875 0.871094 0.669922 0.873047 0.669922 0.875000 0.667969 0.876953 0.662109 0.876953 0.660156 0.875000 0.660156 0.873047 0.658203 0.871094 0.658203 0.869141 0.660156 0.867188 0.660156 0.865234 0.662109 0.863281 0.667969 0.863281 0.669922 0.865234 0.669922 0.867188 0.671875 0.869141
0 0.888672 0.869141 0.888672 0.873047 0.884766 0.873047 0.882812 0.871094 0.886719 0.867188
0 0.421875 0.871094 0.421875 0.875000 0.417969 0.875000 0.416016 0.873047 0.419922 0.869141
0 0.632812 0.875000 0.630859 0.875000 0.628906 0.876953 0.625000 0.876953 0.623047 0.875000 0.623047 0.869141 0.625000 0.867188 0.628906 0.867188 0.630859 0.869141 0.632812 0.869141
0 0.697266 0.873047 0.695312 0.875000 0.695312 0.876953 0.693359 0.878906 0.687500 0.878906 0.685547 0.876953 0.685547 0.875000 0.683594 0.873047 0.683594 0.871094 0.685547 0.869141 0.685547 0.867188 0.687500 0.865234 0.693359 0.865234 0.695312 0.867188 0.695312 0.869141 0.697266 0.871094
0 0.716797 0.873047 0.716797 0.876953 0.712891 0.876953 0.710938 0.875000 0.714844 0.871094
0 0.771484 0.876953 0.769531 0.876953 0.767578 0.878906 0.763672 0.878906 0.761719 0.876953 0.761719 0.871094 0.763672 0.869141 0.767578 0.869141 0.769531 0.871094 0.771484 0.871094
0 0.462891 0.878906 0.460938 0.878906 0.458984 0.880859 0.455078 0.880859 0.453125 0.878906 0.453125 0.873047 0.455078 0.871094 0.458984 0.871094 0.460938 0.873047 0.462891 0.873047
0 0.542969 0.878906 0.541016 0.878906 0.539062 0.880859 0.535156 0.880859 0.533203 0.878906 0.533203 0.873047 0.535156 0.871094 0.539062 0.871094 0.541016 0.873047 0.542969 0.873047
0 0.677734 0.878906 0.675781 0.878906 0.673828 0.880859 0.669922 0.880859 0.667969 0.878906 0.667969 0.873047 0.669922 0.871094 0.673828 0.871094 0.675781 0.873047 0.677734 0.873047
0 0.619141 0.878906 0.617188 0.880859 0.617188 0.882812 0.615234 0.884766 0.609375 0.884766 0.607422 0.882812 0.607422 0.880859 0.605469 0.878906 0.605469 0.876953 0.607422 0.875000 0.607422 0.873047 0.609375 0.871094 0.615234 0.871094 0.617188 0.873047 0.617188 0.875000 0.619141 0.876953
0 0.880859 0.880859 0.878906 0.880859 0.876953 0.882812 0.873047 0.882812 0.871094 0.880859 0.871094 0.875000 0.873047 0.873047 0.876953 0.873047 0.878906 0.875000 0.880859 0.875000
0 0.902344 0.880859 0.900391 0.880859 0.898438 0.882812 0.894531 0.882812 0.892578 0.880859 0.892578 0.875000 0.894531 0.873047 0.898438 0.873047 0.900391 0.875000 0.902344 0.875000
0 0.412109 0.878906 0.412109 0.882812 0.408203 0.882812 0.406250 0.880859 0.410156 0.876953
0 0.582031 0.882812 0.576172 0.888672 0.570312 0.888672 0.564453 0.882812 0.564453 0.876953 0.570312 0.871094 0.576172 0.871094 0.582031 0.876953
0 0.726562 0.882812 0.724609 0.882812 0.722656 0.884766 0.718750 0.884766 0.716797 0.882812 0.716797 0.876953 0.718750 0.875000 0.722656 0.875000 0.724609 0.876953 0.726562 0.876953
0 0.998047 0.884766 0.994141 0.884766 0.992188 0.882812 0.992188 0.876953 0.994141 0.875000 0.998047 0.875000
0 0.664062 0.880859 0.664062 0.884766 0.660156 0.884766 0.658203 0.882812 0.662109 0.878906
0 0.761719 0.884766 0.759766 0.884766 0.757812 0.886719 0.753906 0.886719 0.751953 0.884766 0.751953 0.878906 0.753906 0.876953 0.757812 0.876953 0.759766 0.878906 0.761719 0.878906
0 0.699219 0.882812 0.699219 0.886719 0.695312 0.886719 0.693359 0.884766 0.697266 0.880859
0 0.863281 0.886719 0.861328 0.886719 0.859375 0.888672 0.855469 0.888672 0.853516 0.886719 0.853516 0.880859 0.855469 0.878906 0.859375 0.878906 0.861328 0.880859 0.863281 0.880859
0 0.583984 0.888672 0.582031 0.888672 0.580078 0.890625 0.576172 0.890625 0.574219 0.888672 0.574219 0.882812 0.576172 0.880859 0.580078 0.880859 0.582031 0.882812 0.583984 0.882812
0 0.888672 0.886719 0.888672 0.890625 0.884766 0.890625 0.882812 0.888672 0.886719 0.884766
0 0.605469 0.892578 0.603516 0.892578 0.601562 0.894531 0.597656 0.894531 0.595703 0.892578 0.595703 0.886719 0.597656 0.884766 0.601562 0.884766 0.603516 0.886719 0.605469 0.886719
0 0.710938 0.888672 0.710938 0.892578 0.707031 0.892578 0.705078 0.890625 0.708984 0.886719
0 0.224609 0.892578 0.222656 0.894531 0.222656 0.896484 0.220703 0.898438 0.214844 0.898438 0.212891 0.896484 0.212891 0.894531 0.210938 0.892578 0.210938 0.890625 0.212891 0.888672 0.212891 0.886719 0.214844 0.884766 0.220703 0.884766 0.222656 0.886719 0.222656 0.888672 0.224609 0.890625
0 0.537109 0.896484 0.535156 0.896484 0.533203 0.898438 0.529297 0.898438 0.527344 0.896484 0.527344 0.890625 0.529297 0.888672 0.533203 0.888672 0.535156 0.890625 0.537109 0.890625
0 0.787109 0.894531 0.785156 0.896484 0.785156 0.898438 0.783203 0.900391 0.777344 0.900391 0.775391 0.898438 0.775391 0.896484 0.773438 0.894531 0.773438 0.892578 0.775391 0.890625 0.775391 0.888672 0.777344 0.886719 0.783203 0.886719 0.785156 0.888672 0.785156 0.890625 0.787109 0.892578
0 0.548828 0.904297 0.546875 0.904297 0.544922 0.906250 0.535156 0.906250 0.529297 0.900391 0.529297 0.890625 0.531250 0.888672 0.533203 0.888672 0.533203 0.886719 0.535156 0.884766 0.544922 0.884766 0.550781 0.890625 0.550781 0.900391 0.548828 0.902344
0 0.652344 0.896484 0.650391 0.898438 0.650391 0.900391 0.648438 0.902344 0.642578 0.902344 0.640625 0.900391 0.640625 0.898438 0.638672 0.896484 0.638672 0.894531 0.640625 0.892578 0.640625 0.890625 0.642578 0.888672 0.648438 0.888672 0.650391 0.890625 0.650391 0.892578 0.652344 0.894531
0 0.832031 0.898438 0.830078 0.898438 0.828125 0.900391 0.824219 0.900391 0.822266 0.898438 0.822266 0.892578 0.824219 0.890625 0.828125 0.890625 0.830078 0.892578 0.832031 0.892578
0 0.474609 0.906250 0.472656 0.906250 0.470703 0.908203 0.460938 0.908203 0.455078 0.902344 0.455078 0.892578 0.457031 0.890625 0.458984 0.890625 0.458984 0.888672 0.460938 0.886719 0.470703 0.886719 0.476562 0.892578 0.476562 0.902344 0.474609 0.904297
0 0.705078 0.910156 0.703125 0.910156 0.701172 0.912109 0.691406 0.912109 0.685547 0.906250 0.685547 0.896484 0.687500 0.894531 0.689453 0.894531 0.689453 0.892578 0.691406 0.890625 0.701172 0.890625 0.707031 0.896484 0.707031 0.906250 0.705078 0.908203
0 0.253906 0.904297 0.251953 0.906250 0.251953 0.908203 0.250000 0.910156 0.244141 0.910156 0.242188 0.908203 0.242188 0.906250 0.240234 0.904297 0.240234 0.902344 0.242188 0.900391 0.242188 0.898438 0.244141 0.896484 0.250000 0.896484 0.251953 0.898438 0.251953 0.900391 0.253906 0.902344
0 0.236328 0.906250 0.234375 0.908203 0.234375 0.910156 0.232422 0.912109 0.226562 0.912109 0.224609 0.910156 0.224609 0.908203 0.222656 0.906250 0.222656 0.904297 0.224609 0.902344 0.224609 0.900391 0.226562 0.898438 0.232422 0.898438 0.234375 0.900391 0.234375 0.902344 0.236328 0.904297
0 0.468750 0.908203 0.466797 0.908203 0.464844 0.910156 0.460938 0.910156 0.458984 0.908203 0.458984 0.902344 0.460938 0.900391 0.464844 0.900391 0.466797 0.902344 0.468750 0.902344
0 0.683594 0.908203 0.681641 0.908203 0.679688 0.910156 0.675781 0.910156 0.673828 0.908203 0.673828 0.902344 0.675781 0.900391 0.679688 0.900391 0.681641 0.902344 0.683594 0.902344
0 0.843750 0.908203 0.841797 0.908203 0.839844 0.910156 0.835938 0.910156 0.833984 0.908203 0.833984 0.902344 0.835938 0.900391 0.839844 0.900391 0.841797 0.902344 0.843750 0.902344
0 0.794922 0.910156 0.792969 0.910156 0.791016 0.912109 0.787109 0.912109 0.785156 0.910156 0.785156 0.904297 0.787109 0.902344 0.791016 0.902344 0.792969 0.904297 0.794922 0.904297
0 0.822266 0.908203 0.820312 0.910156 0.820312 0.912109 0.818359 0.914062 0.812500 0.914062 0.810547 0.912109 0.810547 0.910156 0.808594 0.908203 0.808594 0.906250 0.810547 0.904297 0.810547 0.902344 0.812500 0.900391 0.818359 0.900391 0.820312 0.902344 0.820312 0.904297 0.822266 0.906250
0 0.603516 0.917969 0.601562 0.917969 0.599609 0.919922 0.589844 0.919922 0.583984 0.914062 0.583984 0.904297 0.585938 0.902344 0.587891 0.902344 0.587891 0.900391 0.589844 0.898438 0.599609 0.898438 0.605469 0.904297 0.605469 0.914062 0.603516 0.916016
0 0.615234 0.912109 0.613281 0.912109 0.611328 0.914062 0.607422 0.914062 0.605469 0.912109 0.605469 0.906250 0.607422 0.904297 0.611328 0.904297 0.613281 0.906250 0.615234 0.906250
0 0.437500 0.910156 0.437500 0.914062 0.433594 0.914062 0.431641 0.912109 0.435547 0.908203
0 0.634766 0.914062 0.628906 0.919922 0.623047 0.919922 0.617188 0.914062 0.617188 0.908203 0.623047 0.902344 0.628906 0.902344 0.634766 0.908203
0 0.699219 0.914062 0.697266 0.914062 0.695312 0.916016 0.691406 0.916016 0.689453 0.914062 0.689453 0.908203 0.691406 0.906250 0.695312 0.906250 0.697266 0.908203 0.699219 0.908203
0 0.841797 0.914062 0.839844 0.914062 0.837891 0.916016 0.833984 0.916016 0.832031 0.914062 0.832031 0.908203 0.833984 0.906250 0.837891 0.906250 0.839844 0.908203 0.841797 0.908203
0 0.730469 0.914062 0.730469 0.917969 0.726562 0.917969 0.724609 0.916016 0.728516 0.912109
0 0.830078 0.914062 0.830078 0.917969 0.826172 0.917969 0.824219 0.916016 0.828125 0.912109
0 0.601562 0.917969 0.599609 0.919922 0.599609 0.921875 0.597656 0.923828 0.591797 0.923828 0.589844 0.921875 0.589844 0.919922 0.587891 0.917969 0.587891 0.916016 0.589844 0.914062 0.589844 0.912109 0.591797 0.910156 0.597656 0.910156 0.599609 0.912109 0.599609 0.914062 0.601562 0.916016
0 0.527344 0.921875 0.525391 0.921875 0.523438 0.923828 0.519531 0.923828 0.517578 0.921875 0.517578 0.916016 0.519531 0.914062 0.523438 0.914062 0.525391 0.916016 0.527344 0.916016
0 0.544922 0.921875 0.539062 0.927734 0.533203 0.927734 0.527344 0.921875 0.527344 0.916016 0.533203 0.910156 0.539062 0.910156 0.544922 0.916016
0 0.740234 0.917969 0.740234 0.921875 0.736328 0.921875 0.734375 0.919922 0.738281 0.916016
0 0.976562 0.919922 0.974609 0.921875 0.974609 0.923828 0.972656 0.925781 0.966797 0.925781 0.964844 0.923828 0.964844 0.921875 0.962891 0.919922 0.962891 0.917969 0.964844 0.916016 0.964844 0.914062 0.966797 0.912109 0.972656 0.912109 0.974609 0.914062 0.974609 0.916016 0.976562 0.917969
0 0.998047 0.929688 0.992188 0.929688 0.986328 0.923828 0.986328 0.914062 0.988281 0.912109 0.990234 0.912109 0.990234 0.910156 0.992188 0.908203 0.998047 0.908203
0 0.453125 0.923828 0.451172 0.923828 0.449219 0.925781 0.445312 0.925781 0.443359 0.923828 0.443359 0.917969 0.445312 0.916016 0.449219 0.916016 0.451172 0.917969 0.453125 0.917969
0 0.523438 0.921875 0.521484 0.923828 0.521484 0.925781 0.519531 0.927734 0.513672 0.927734 0.511719 0.925781 0.511719 0.923828 0.509766 0.921875 0.509766 0.919922 0.511719 0.917969 0.511719 0.916016 0.513672 0.914062 0.519531 0.914062 0.521484 0.916016 0.521484 0.917969 0.523438 0.919922
0 0.658203 0.923828 0.656250 0.923828 0.654297 0.925781 0.650391 0.925781 0.648438 0.923828 0.648438 0.917969 0.650391 0.916016 0.654297 0.916016 0.656250 0.917969 0.658203 0.917969
0 0.677734 0.923828 0.675781 0.923828 0.673828 0.925781 0.669922 0.925781 0.667969 0.923828 0.667969 0.917969 0.669922 0.916016 0.673828 0.916016 0.675781 0.917969 0.677734 0.917969
0 0.904297 0.921875 0.902344 0.923828 0.902344 0.925781 0.900391 0.927734 0.894531 0.927734 0.892578 0.925781 0.892578 0.923828 0.890625 0.921875 0.890625 0.919922 0.892578 0.917969 0.892578 0.916016 0.894531 0.914062 0.900391 0.914062 0.902344 0.916016 0.902344 0.917969 0.904297 0.919922
0 0.574219 0.925781 0.568359 0.931641 0.562500 0.931641 0.556641 0.925781 0.556641 0.919922 0.562500 0.914062 0.568359 0.914062 0.574219 0.919922
0 0.951172 0.923828 0.949219 0.925781 0.949219 0.927734 0.947266 0.929688 0.941406 0.929688 0.939453 0.927734 0.939453 0.925781 0.937500 0.923828 0.937500 0.921875 0.939453 0.919922 0.939453 0.917969 0.941406 0.916016 0.947266 0.916016 0.949219 0.917969 0.949219 0.919922 0.951172 0.921875
0 0.990234 0.925781 0.988281 0.925781 0.986328 0.927734 0.982422 0.927734 0.980469 0.925781 0.980469 0.919922 0.982422 0.917969 0.986328 0.917969 0.988281 0.919922 0.990234 0.919922
0 0.638672 0.927734 0.632812 0.933594 0.626953 0.933594 0.621094 0.927734 0.621094 0.921875 0.626953 0.916016 0.632812 0.916016 0.638672 0.921875
0 0.470703 0.929688 0.468750 0.929688 0.466797 0.931641 0.462891 0.931641 0.460938 0.929688 0.460938 0.923828 0.462891 0.921875 0.466797 0.921875 0.468750 0.923828 0.470703 0.923828
0 0.613281 0.933594 0.611328 0.935547 0.611328 0.937500 0.609375 0.939453 0.603516 0.939453 0.601562 0.937500 0.601562 0.935547 0.599609 0.933594 0.599609 0.931641 0.601562 0.929688 0.601562 0.927734 0.603516 0.925781 0.609375 0.925781 0.611328 0.927734 0.611328 0.929688 0.613281 0.931641
0 0.748047 0.935547 0.742188 0.941406 0.736328 0.941406 0.730469 0.935547 0.730469 0.929688 0.736328 0.923828 0.742188 0.923828 0.748047 0.929688
0 0.658203 0.943359 0.656250 0.943359 0.654297 0.945312 0.644531 0.945312 0.638672 0.939453 0.638672 0.929688 0.640625 0.927734 0.642578 0.927734 0.642578 0.925781 0.644531 0.923828 0.654297 0.923828 0.660156 0.929688 0.660156 0.939453 0.658203 0.941406
0 0.771484 0.937500 0.769531 0.937500 0.767578 0.939453 0.763672 0.939453 0.761719 0.937500 0.761719 0.931641 0.763672 0.929688 0.767578 0.929688 0.769531 0.931641 0.771484 0.931641
0 0.816406 0.933594 0.816406 0.937500 0.812500 0.937500 0.810547 0.935547 0.814453 0.931641
0 0.976562 0.941406 0.974609 0.941406 0.972656 0.943359 0.968750 0.943359 0.966797 0.941406 0.966797 0.935547 0.968750 0.933594 0.972656 0.933594 0.974609 0.935547 0.976562 0.935547
0 0.466797 0.949219 0.464844 0.949219 0.462891 0.951172 0.453125 0.951172 0.447266 0.945312 0.447266 0.935547 0.449219 0.933594 0.451172 0.933594 0.451172 0.931641 0.453125 0.929688 0.462891 0.929688 0.468750 0.935547 0.468750 0.945312 0.466797 0.947266
0 0.808594 0.939453 0.808594 0.943359 0.804688 0.943359 0.802734 0.941406 0.806641 0.937500
0 0.822266 0.939453 0.822266 0.943359 0.818359 0.943359 0.816406 0.941406 0.820312 0.937500
0 0.841797 0.941406 0.841797 0.945312 0.837891 0.945312 0.835938 0.943359 0.839844 0.939453
0 0.664062 0.949219 0.662109 0.949219 0.660156 0.951172 0.656250 0.951172 0.654297 0.949219 0.654297 0.943359 0.656250 0.941406 0.660156 0.941406 0.662109 0.943359 0.664062 0.943359
0 0.693359 0.949219 0.691406 0.949219 0.689453 0.951172 0.685547 0.951172 0.683594 0.949219 0.683594 0.943359 0.685547 0.941406 0.689453 0.941406 0.691406 0.943359 0.693359 0.943359
0 0.708984 0.949219 0.707031 0.949219 0.705078 0.951172 0.701172 0.951172 0.699219 0.949219 0.699219 0.943359 0.701172 0.941406 0.705078 0.941406 0.707031 0.943359 0.708984 0.943359
0 0.529297 0.957031 0.527344 0.957031 0.525391 0.958984 0.515625 0.958984 0.509766 0.953125 0.509766 0.943359 0.511719 0.941406 0.513672 0.941406 0.513672 0.939453 0.515625 0.937500 0.525391 0.937500 0.531250 0.943359 0.531250 0.953125 0.529297 0.955078
0 0.753906 0.951172 0.751953 0.951172 0.750000 0.953125 0.746094 0.953125 0.744141 0.951172 0.744141 0.945312 0.746094 0.943359 0.750000 0.943359 0.751953 0.945312 0.753906 0.945312
0 0.835938 0.947266 0.835938 0.951172 0.832031 0.951172 0.830078 0.949219 0.833984 0.945312
0 0.949219 0.949219 0.947266 0.951172 0.947266 0.953125 0.945312 0.955078 0.939453 0.955078 0.937500 0.953125 0.937500 0.951172 0.935547 0.949219 0.935547 0.947266 0.937500 0.945312 0.937500 0.943359 0.939453 0.941406 0.945312 0.941406 0.947266 0.943359 0.947266 0.945312 0.949219 0.947266
0 0.433594 0.951172 0.431641 0.953125 0.431641 0.955078 0.429688 0.957031 0.423828 0.957031 0.421875 0.955078 0.421875 0.953125 0.419922 0.951172 0.419922 0.949219 0.421875 0.947266 0.421875 0.945312 0.423828 0.943359 0.429688 0.943359 0.431641 0.945312 0.431641 0.947266 0.433594 0.949219
0 0.636719 0.951172 0.634766 0.953125 0.634766 0.955078 0.632812 0.957031 0.626953 0.957031 0.625000 0.955078 0.625000 0.953125 0.623047 0.951172 0.623047 0.949219 0.625000 0.947266 0.625000 0.945312 0.626953 0.943359 0.632812 0.943359 0.634766 0.945312 0.634766 0.947266 0.636719 0.949219
0 0.783203 0.953125 0.781250 0.953125 0.779297 0.955078 0.775391 0.955078 0.773438 0.953125 0.773438 0.947266 0.775391 0.945312 0.779297 0.945312 0.781250 0.947266 0.783203 0.947266
0 0.849609 0.949219 0.849609 0.953125 0.845703 0.953125 0.843750 0.951172 0.847656 0.947266
0 0.919922 0.953125 0.914062 0.958984 0.908203 0.958984 0.902344 0.953125 0.902344 0.947266 0.908203 0.941406 0.914062 0.941406 0.919922 0.947266
0 0.582031 0.962891 0.580078 0.962891 0.578125 0.964844 0.568359 0.964844 0.562500 0.958984 0.562500 0.949219 0.564453 0.947266 0.566406 0.947266 0.566406 0.945312 0.568359 0.943359 0.578125 0.943359 0.583984 0.949219 0.583984 0.958984 0.582031 0.960938
0 0.615234 0.962891 0.613281 0.962891 0.611328 0.964844 0.601562 0.964844 0.595703 0.958984 0.595703 0.949219 0.597656 0.947266 0.599609 0.947266 0.599609 0.945312 0.601562 0.943359 0.611328 0.943359 0.617188 0.949219 0.617188 0.958984 0.615234 0.960938
0 0.689453 0.962891 0.687500 0.962891 0.685547 0.964844 0.675781 0.964844 0.669922 0.958984 0.669922 0.949219 0.671875 0.947266 0.673828 0.947266 0.673828 0.945312 0.675781 0.943359 0.685547 0.943359 0.691406 0.949219 0.691406 0.958984 0.689453 0.960938
0 0.757812 0.955078 0.755859 0.957031 0.755859 0.958984 0.753906 0.960938 0.748047 0.960938 0.746094 0.958984 0.746094 0.957031 0.744141 0.955078 0.744141 0.953125 0.746094 0.951172 0.746094 0.949219 0.748047 0.947266 0.753906 0.947266 0.755859 0.949219 0.755859 0.951172 0.757812 0.953125
0 0.673828 0.958984 0.671875 0.958984 0.669922 0.960938 0.666016 0.960938 0.664062 0.958984 0.664062 0.953125 0.666016 0.951172 0.669922 0.951172 0.671875 0.953125 0.673828 0.953125
0 0.816406 0.955078 0.816406 0.958984 0.812500 0.958984 0.810547 0.957031 0.814453 0.953125
0 0.523438 0.960938 0.521484 0.960938 0.519531 0.962891 0.515625 0.962891 0.513672 0.960938 0.513672 0.955078 0.515625 0.953125 0.519531 0.953125 0.521484 0.955078 0.523438 0.955078
0 0.558594 0.960938 0.552734 0.966797 0.546875 0.966797 0.541016 0.960938 0.541016 0.955078 0.546875 0.949219 0.552734 0.949219 0.558594 0.955078
0 0.806641 0.960938 0.806641 0.964844 0.802734 0.964844 0.800781 0.962891 0.804688 0.958984
0 0.886719 0.970703 0.884766 0.970703 0.882812 0.972656 0.873047 0.972656 0.867188 0.966797 0.867188 0.957031 0.869141 0.955078 0.871094 0.955078 0.871094 0.953125 0.873047 0.951172 0.882812 0.951172 0.888672 0.957031 0.888672 0.966797 0.886719 0.968750
0 0.769531 0.966797 0.767578 0.966797 0.765625 0.968750 0.761719 0.968750 0.759766 0.966797 0.759766 0.960938 0.761719 0.958984 0.765625 0.958984 0.767578 0.960938 0.769531 0.960938
0 0.837891 0.974609 0.835938 0.974609 0.833984 0.976562 0.824219 0.976562 0.818359 0.970703 0.818359 0.960938 0.820312 0.958984 0.822266 0.958984 0.822266 0.957031 0.824219 0.955078 0.833984 0.955078 0.839844 0.960938 0.839844 0.970703 0.837891 0.972656
0 0.500000 0.976562 0.498047 0.976562 0.496094 0.978516 0.486328 0.978516 0.480469 0.972656 0.480469 0.962891 0.482422 0.960938 0.484375 0.960938 0.484375 0.958984 0.486328 0.957031 0.496094 0.957031 0.501953 0.962891 0.501953 0.972656 0.500000 0.974609
0 0.656250 0.970703 0.650391 0.976562 0.644531 0.976562 0.638672 0.970703 0.638672 0.964844 0.644531 0.958984 0.650391 0.958984 0.656250 0.964844
0 0.707031 0.972656 0.705078 0.972656 0.703125 0.974609 0.699219 0.974609 0.697266 0.972656 0.697266 0.966797 0.699219 0.964844 0.703125 0.964844 0.705078 0.966797 0.707031 0.966797
0 0.964844 0.978516 0.962891 0.978516 0.960938 0.980469 0.951172 0.980469 0.945312 0.974609 0.945312 0.964844 0.947266 0.962891 0.949219 0.962891 0.949219 0.960938 0.951172 0.958984 0.960938 0.958984 0.966797 0.964844 0.966797 0.974609 0.964844 0.976562
0 0.644531 0.974609 0.642578 0.974609 0.640625 0.976562 0.636719 0.976562 0.634766 0.974609 0.634766 0.968750 0.636719 0.966797 0.640625 0.966797 0.642578 0.968750 0.644531 0.968750
0 0.697266 0.974609 0.695312 0.974609 0.693359 0.976562 0.689453 0.976562 0.687500 0.974609 0.687500 0.968750 0.689453 0.966797 0.693359 0.966797 0.695312 0.968750 0.697266 0.968750
0 0.664062 0.976562 0.658203 0.982422 0.652344 0.982422 0.646484 0.976562 0.646484 0.970703 0.652344 0.964844 0.658203 0.964844 0.664062 0.970703
0 0.675781 0.976562 0.673828 0.976562 0.671875 0.978516 0.667969 0.978516 0.666016 0.976562 0.666016 0.970703 0.667969 0.968750 0.671875 0.968750 0.673828 0.970703 0.675781 0.970703
0 0.917969 0.976562 0.916016 0.976562 0.914062 0.978516 0.910156 0.978516 0.908203 0.976562 0.908203 0.970703 0.910156 0.968750 0.914062 0.968750 0.916016 0.970703 0.917969 0.970703
0 0.865234 0.976562 0.863281 0.978516 0.863281 0.980469 0.861328 0.982422 0.855469 0.982422 0.853516 0.980469 0.853516 0.978516 0.851562 0.976562 0.851562 0.974609 0.853516 0.972656 0.853516 0.970703 0.855469 0.968750 0.861328 0.968750 0.863281 0.970703 0.863281 0.972656 0.865234 0.974609
0 0.957031 0.982422 0.955078 0.982422 0.953125 0.984375 0.949219 0.984375 0.947266 0.982422 0.947266 0.976562 0.949219 0.974609 0.953125 0.974609 0.955078 0.976562 0.957031 0.976562
0 0.617188 0.984375 0.615234 0.984375 0.613281 0.986328 0.609375 0.986328 0.607422 0.984375 0.607422 0.978516 0.609375 0.976562 0.613281 0.976562 0.615234 0.978516 0.617188 0.978516
0 0.787109 0.984375 0.785156 0.984375 0.783203 0.986328 0.779297 0.986328 0.777344 0.984375 0.777344 0.978516 0.779297 0.976562 0.783203 0.976562 0.785156 0.978516 0.787109 0.978516
0 0.902344 0.990234 0.900391 0.990234 0.898438 0.992188 0.888672 0.992188 0.882812 0.986328 0.882812 0.976562 0.884766 0.974609 0.886719 0.974609 0.886719 0.972656 0.888672 0.970703 0.898438 0.970703 0.904297 0.976562 0.904297 0.986328 0.902344 0.988281
0 0.566406 0.984375 0.564453 0.986328 0.564453 0.988281 0.562500 0.990234 0.556641 0.990234 0.554688 0.988281 0.554688 0.986328 0.552734 0.984375 0.552734 0.982422 0.554688 0.980469 0.554688 0.978516 0.556641 0.976562 0.562500 0.976562 0.564453 0.978516 0.564453 0.980469 0.566406 0.982422
0 0.650391 0.982422 0.650391 0.986328 0.646484 0.986328 0.644531 0.984375 0.648438 0.980469
0 0.917969 0.992188 0.916016 0.992188 0.914062 0.994141 0.904297 0.994141 0.898438 0.988281 0.898438 0.978516 0.900391 0.976562 0.902344 0.976562 0.902344 0.974609 0.904297 0.972656 0.914062 0.972656 0.919922 0.978516 0.919922 0.988281 0.917969 0.990234
0 0.636719 0.984375 0.636719 0.988281 0.632812 0.988281 0.630859 0.986328 0.634766 0.982422
0 0.699219 0.984375 0.699219 0.988281 0.695312 0.988281 0.693359 0.986328 0.697266 0.982422
0 0.947266 0.988281 0.941406 0.994141 0.935547 0.994141 0.929688 0.988281 0.929688 0.982422 0.935547 0.976562 0.941406 0.976562 0.947266 0.982422
0 0.998047 0.990234 0.994141 0.990234 0.992188 0.988281 0.992188 0.982422 0.994141 0.980469 0.998047 0.980469
0 0.416016 0.994141 0.414062 0.994141 0.412109 0.996094 0.408203 0.996094 0.406250 0.994141 0.406250 0.988281 0.408203 0.986328 0.412109 0.986328 0.414062 0.988281 0.416016 0.988281
0 0.675781 0.994141 0.673828 0.994141 0.671875 0.996094 0.667969 0.996094 0.666016 0.994141 0.666016 0.988281 0.667969 0.986328 0.671875 0.986328 0.673828 0.988281 0.675781 0.988281
0 0.541016 0.998047 0.523438 0.998047 0.523438 0.994141 0.529297 0.988281 0.535156 0.988281 0.541016 0.994141
0 0.589844 0.998047 0.568359 0.998047 0.568359 0.992188 0.570312 0.990234 0.572266 0.990234 0.572266 0.988281 0.574219 0.986328 0.583984 0.986328 0.589844 0.992188
0 0.605469 0.998047 0.591797 0.998047 0.591797 0.996094 0.593750 0.994141 0.593750 0.992188 0.595703 0.990234 0.601562 0.990234 0.603516 0.992188 0.603516 0.994141 0.605469 0.996094
0 0.650391 0.998047 0.632812 0.998047 0.632812 0.994141 0.638672 0.988281 0.644531 0.988281 0.650391 0.994141
0 0.662109 0.998047 0.640625 0.998047 0.640625 0.992188 0.642578 0.990234 0.644531 0.990234 0.644531 0.988281 0.646484 0.986328 0.656250 0.986328 0.662109 0.992188
0 0.679688 0.998047 0.662109 0.998047 0.662109 0.994141 0.667969 0.988281 0.673828 0.988281 0.679688 0.994141
0 0.695312 0.998047 0.673828 0.998047 0.673828 0.992188 0.675781 0.990234 0.677734 0.990234 0.677734 0.988281 0.679688 0.986328 0.689453 0.986328 0.695312 0.992188
0 0.791016 0.998047 0.781250 0.998047 0.781250 0.994141 0.783203 0.992188 0.787109 0.992188 0.789062 0.994141 0.791016 0.994141
0 0.798828 0.998047 0.789062 0.998047 0.789062 0.994141 0.791016 0.992188 0.794922 0.992188 0.796875 0.994141 0.798828 0.994141
0 0.863281 0.998047 0.845703 0.998047 0.845703 0.994141 0.851562 0.988281 0.857422 0.988281 0.863281 0.994141
0 0.917969 0.998047 0.908203 0.998047 0.908203 0.994141 0.910156 0.992188 0.914062 0.992188 0.916016 0.994141 0.917969 0.994141
0 0.951172 0.998047 0.941406 0.998047 0.941406 0.994141 0.943359 0.992188 0.947266 0.992188 0.949219 0.994141 0.951172 0.994141
0 0.982422 0.998047 0.960938 0.998047 0.960938 0.992188 0.962891 0.990234 0.964844 0.990234 0.964844 0.988281 0.966797 0.986328 0.976562 0.986328 0.982422 0.992188
