0 0.666016 0.017578 0.664062 0.019531 0.664062 0.023438 0.666016 0.025391 0.669922 0.025391 0.671875 0.023438 0.671875 0.021484 0.669922 0.019531 0.669922 0.017578
0 0.498047 0.033203 0.494141 0.037109 0.496094 0.039062 0.498047 0.039062 0.500000 0.037109 0.500000 0.035156
0 0.585938 0.035156 0.583984 0.037109 0.583984 0.041016 0.585938 0.042969 0.589844 0.042969 0.591797 0.041016 0.591797 0.039062 0.587891 0.035156
0 0.951172 0.048828 0.949219 0.050781 0.949219 0.052734 0.951172 0.054688 0.953125 0.054688 0.955078 0.052734 0.955078 0.050781 0.953125 0.048828
0 0.394531 0.058594 0.392578 0.060547 0.392578 0.062500 0.394531 0.064453 0.398438 0.064453 0.398438 0.060547 0.396484 0.058594
0 0.445312 0.062500 0.443359 0.064453 0.443359 0.066406 0.445312 0.068359 0.447266 0.068359 0.449219 0.066406
0 0.748047 0.074219 0.746094 0.076172 0.746094 0.080078 0.748047 0.082031 0.750000 0.082031 0.751953 0.080078 0.751953 0.076172 0.750000 0.074219
0 0.472656 0.093750 0.468750 0.093750 0.464844 0.097656 0.464844 0.105469 0.466797 0.107422 0.468750 0.107422 0.474609 0.101562 0.474609 0.095703
1 0.253906 0.103516 0.251953 0.105469 0.251953 0.107422 0.259766 0.115234 0.263672 0.115234 0.265625 0.117188 0.267578 0.115234 0.267578 0.111328 0.265625 0.109375 0.263672 0.109375 0.261719 0.107422 0.259766 0.107422 0.255859 0.103516
0 0.443359 0.105469 0.437500 0.105469 0.435547 0.107422 0.433594 0.107422 0.427734 0.113281 0.427734 0.117188 0.433594 0.121094 0.441406 0.121094 0.447266 0.115234 0.447266 0.109375
0 0.556641 0.113281 0.554688 0.115234 0.554688 0.117188 0.552734 0.119141 0.556641 0.123047 0.562500 0.123047 0.564453 0.121094 0.564453 0.117188 0.560547 0.113281
0 0.478516 0.134766 0.474609 0.138672 0.478516 0.142578 0.478516 0.144531 0.484375 0.144531 0.488281 0.140625 0.488281 0.138672 0.486328 0.136719 0.484375 0.136719 0.482422 0.134766
0 0.585938 0.140625 0.582031 0.146484 0.582031 0.150391 0.583984 0.152344 0.583984 0.154297 0.585938 0.154297 0.589844 0.158203 0.593750 0.158203 0.597656 0.154297 0.597656 0.148438 0.595703 0.146484 0.595703 0.144531 0.593750 0.142578 0.593750 0.140625
0 0.427734 0.164062 0.427734 0.169922 0.429688 0.171875 0.433594 0.171875 0.435547 0.169922 0.435547 0.166016 0.433594 0.164062
0 0.605469 0.166016 0.605469 0.171875 0.609375 0.175781 0.615234 0.175781 0.617188 0.173828 0.617188 0.171875 0.619141 0.169922 0.617188 0.167969 0.617188 0.166016 0.615234 0.164062 0.609375 0.164062 0.607422 0.166016
0 0.515625 0.169922 0.511719 0.173828 0.515625 0.177734 0.517578 0.177734 0.519531 0.175781 0.519531 0.173828
1 0.181641 0.171875 0.177734 0.171875 0.177734 0.173828 0.175781 0.175781 0.175781 0.177734 0.177734 0.179688 0.173828 0.185547 0.166016 0.185547 0.162109 0.189453 0.162109 0.195312 0.164062 0.197266 0.169922 0.197266 0.173828 0.193359 0.173828 0.189453 0.185547 0.179688 0.185547 0.175781
0 0.519531 0.193359 0.515625 0.197266 0.513672 0.197266 0.515625 0.199219 0.515625 0.205078 0.519531 0.208984 0.519531 0.210938 0.521484 0.210938 0.523438 0.212891 0.525391 0.212891 0.527344 0.210938 0.527344 0.208984 0.531250 0.203125 0.531250 0.199219 0.527344 0.195312 0.525391 0.195312 0.523438 0.193359
0 0.427734 0.208984 0.425781 0.210938 0.425781 0.212891 0.427734 0.214844 0.429688 0.212891 0.429688 0.210938
0 0.558594 0.210938 0.558594 0.214844 0.562500 0.218750 0.566406 0.214844 0.566406 0.212891 0.564453 0.210938
0 0.451172 0.216797 0.439453 0.218750 0.431641 0.224609 0.421875 0.224609 0.419922 0.222656 0.414062 0.224609 0.406250 0.234375 0.410156 0.248047 0.423828 0.251953 0.433594 0.242188 0.441406 0.246094 0.451172 0.244141 0.457031 0.234375
0 0.347656 0.236328 0.355469 0.246094 0.355469 0.248047 0.353516 0.250000 0.353516 0.251953 0.355469 0.253906 0.357422 0.253906 0.359375 0.255859 0.365234 0.255859 0.371094 0.250000 0.371094 0.236328 0.367188 0.232422 0.357422 0.232422 0.353516 0.236328
0 0.535156 0.253906 0.531250 0.253906 0.529297 0.255859 0.527344 0.255859 0.527344 0.261719 0.531250 0.265625 0.533203 0.265625 0.535156 0.263672 0.537109 0.263672 0.539062 0.261719 0.539062 0.257812
0 0.421875 0.259766 0.417969 0.263672 0.417969 0.273438 0.421875 0.277344 0.425781 0.277344 0.431641 0.271484 0.431641 0.265625 0.425781 0.259766
0 0.464844 0.263672 0.455078 0.263672 0.451172 0.265625 0.441406 0.277344 0.441406 0.287109 0.451172 0.298828 0.455078 0.298828 0.464844 0.291016 0.474609 0.287109 0.478516 0.281250 0.476562 0.275391
0 0.367188 0.269531 0.363281 0.269531 0.363281 0.271484 0.365234 0.273438 0.367188 0.271484
0 0.537109 0.283203 0.533203 0.287109 0.533203 0.291016 0.535156 0.292969 0.539062 0.292969 0.542969 0.289062
1 0.431641 0.285156 0.427734 0.285156 0.423828 0.289062 0.416016 0.291016 0.416016 0.296875 0.406250 0.306641 0.406250 0.312500 0.410156 0.316406 0.417969 0.316406 0.427734 0.308594 0.427734 0.296875 0.431641 0.294922 0.427734 0.292969 0.433594 0.289062
0 0.621094 0.296875 0.617188 0.300781 0.617188 0.302734 0.621094 0.306641 0.623047 0.306641 0.626953 0.302734 0.626953 0.300781 0.623047 0.296875
0 0.558594 0.312500 0.556641 0.314453 0.556641 0.316406 0.560547 0.320312 0.562500 0.320312 0.566406 0.316406 0.566406 0.314453 0.564453 0.312500
0 0.378906 0.318359 0.376953 0.320312 0.378906 0.322266 0.380859 0.322266 0.382812 0.320312 0.380859 0.318359
0 0.488281 0.324219 0.486328 0.326172 0.486328 0.328125 0.488281 0.330078 0.490234 0.330078 0.492188 0.328125 0.492188 0.326172 0.490234 0.324219
0 0.408203 0.330078 0.404297 0.333984 0.404297 0.337891 0.406250 0.339844 0.406250 0.341797 0.408203 0.339844 0.410156 0.339844 0.412109 0.341797 0.410156 0.339844 0.414062 0.335938 0.414062 0.333984 0.412109 0.332031 0.410156 0.332031
0 0.468750 0.330078 0.464844 0.333984 0.464844 0.337891 0.468750 0.341797 0.472656 0.341797 0.476562 0.337891 0.476562 0.333984 0.472656 0.330078
0 0.386719 0.337891 0.384766 0.335938 0.380859 0.335938 0.378906 0.333984 0.373047 0.333984 0.373047 0.335938 0.371094 0.337891 0.369141 0.337891 0.365234 0.343750 0.367188 0.345703 0.367188 0.349609 0.369141 0.351562 0.371094 0.349609 0.375000 0.349609 0.376953 0.343750 0.380859 0.339844 0.382812 0.341797 0.386719 0.341797
0 0.695312 0.339844 0.693359 0.341797 0.693359 0.353516 0.697266 0.357422 0.707031 0.357422 0.707031 0.355469 0.708984 0.353516 0.708984 0.347656 0.701172 0.339844
0 0.386719 0.349609 0.384766 0.351562 0.386719 0.353516 0.388672 0.353516 0.388672 0.349609
0 0.406250 0.349609 0.406250 0.351562 0.404297 0.353516 0.406250 0.355469 0.408203 0.355469 0.410156 0.353516
0 0.320312 0.351562 0.318359 0.353516 0.316406 0.353516 0.316406 0.355469 0.318359 0.357422 0.322266 0.353516
0 0.343750 0.351562 0.341797 0.353516 0.341797 0.359375 0.343750 0.359375 0.345703 0.361328 0.347656 0.361328 0.351562 0.357422 0.351562 0.355469 0.347656 0.351562
0 0.441406 0.361328 0.435547 0.361328 0.431641 0.365234 0.431641 0.369141 0.427734 0.373047 0.427734 0.378906 0.431641 0.382812 0.433594 0.382812 0.435547 0.384766 0.433594 0.386719 0.437500 0.388672 0.439453 0.386719 0.439453 0.384766 0.435547 0.382812 0.437500 0.378906 0.441406 0.376953 0.445312 0.380859 0.445312 0.382812 0.447266 0.380859 0.447266 0.376953 0.445312 0.375000 0.445312 0.367188
0 0.375000 0.375000 0.373047 0.375000 0.369141 0.378906 0.369141 0.380859 0.371094 0.382812 0.373047 0.382812 0.376953 0.378906 0.376953 0.376953
0 0.302734 0.382812 0.291016 0.380859 0.283203 0.388672 0.281250 0.388672 0.275391 0.396484 0.277344 0.410156 0.283203 0.414062 0.287109 0.419922 0.291016 0.414062 0.296875 0.410156 0.302734 0.402344 0.304688 0.402344 0.306641 0.392578 0.308594 0.390625 0.310547 0.392578
0 0.355469 0.378906 0.355469 0.380859 0.353516 0.382812 0.353516 0.384766 0.349609 0.388672 0.353516 0.392578 0.355469 0.392578 0.361328 0.386719 0.361328 0.382812 0.359375 0.380859 0.357422 0.380859
0 0.414062 0.380859 0.408203 0.386719 0.408203 0.398438 0.412109 0.402344 0.410156 0.404297 0.414062 0.406250 0.414062 0.410156 0.416016 0.412109 0.419922 0.412109 0.423828 0.406250 0.419922 0.398438 0.427734 0.388672 0.421875 0.380859
0 0.634766 0.378906 0.632812 0.378906 0.630859 0.380859 0.628906 0.380859 0.628906 0.382812 0.630859 0.384766 0.630859 0.386719 0.634766 0.382812
0 0.462891 0.382812 0.460938 0.382812 0.458984 0.384766 0.458984 0.388672 0.462891 0.388672 0.464844 0.386719 0.462891 0.384766
0 0.474609 0.386719 0.472656 0.386719 0.468750 0.390625 0.468750 0.392578 0.464844 0.398438 0.466797 0.404297 0.470703 0.408203 0.474609 0.408203 0.478516 0.404297 0.480469 0.404297 0.480469 0.396484 0.482422 0.394531 0.482422 0.392578 0.480469 0.392578 0.478516 0.390625 0.478516 0.388672 0.476562 0.388672
0 0.384766 0.390625 0.382812 0.390625 0.380859 0.392578 0.380859 0.394531 0.382812 0.396484 0.384766 0.394531
0 0.564453 0.392578 0.562500 0.394531 0.562500 0.396484 0.564453 0.398438 0.566406 0.396484 0.566406 0.394531
0 0.597656 0.390625 0.595703 0.392578 0.597656 0.394531 0.599609 0.394531 0.601562 0.392578 0.599609 0.390625
0 0.347656 0.400391 0.345703 0.402344 0.347656 0.404297 0.349609 0.402344
0 0.398438 0.400391 0.396484 0.402344 0.394531 0.402344 0.394531 0.408203 0.392578 0.410156 0.394531 0.412109 0.402344 0.404297
0 0.328125 0.404297 0.328125 0.408203 0.330078 0.410156 0.332031 0.410156 0.333984 0.408203 0.330078 0.404297
0 0.361328 0.404297 0.357422 0.406250 0.359375 0.408203 0.357422 0.412109 0.359375 0.414062 0.353516 0.419922 0.351562 0.419922 0.351562 0.427734 0.349609 0.429688 0.353516 0.431641 0.355469 0.435547 0.363281 0.435547 0.369141 0.431641 0.375000 0.431641 0.375000 0.425781 0.369141 0.419922 0.361328 0.417969 0.359375 0.416016 0.359375 0.414062 0.365234 0.410156
0 0.380859 0.404297 0.378906 0.404297 0.376953 0.406250 0.375000 0.406250 0.373047 0.408203 0.373047 0.410156 0.375000 0.412109 0.378906 0.412109 0.380859 0.410156
0 0.539062 0.408203 0.539062 0.410156 0.535156 0.414062 0.535156 0.421875 0.537109 0.423828 0.542969 0.423828 0.544922 0.421875 0.546875 0.421875 0.546875 0.419922 0.548828 0.417969 0.548828 0.416016 0.546875 0.414062 0.546875 0.412109 0.544922 0.410156 0.542969 0.410156 0.541016 0.408203
0 0.261719 0.416016 0.259766 0.417969 0.257812 0.417969 0.255859 0.419922 0.259766 0.423828 0.261719 0.423828 0.263672 0.425781 0.263672 0.423828 0.265625 0.421875 0.265625 0.417969 0.263672 0.416016
0 0.394531 0.416016 0.392578 0.417969 0.394531 0.419922 0.396484 0.419922 0.396484 0.417969
0 0.773438 0.414062 0.771484 0.416016 0.771484 0.421875 0.773438 0.423828 0.777344 0.423828 0.781250 0.419922 0.779297 0.417969 0.779297 0.416016 0.777344 0.414062
0 0.570312 0.417969 0.568359 0.419922 0.568359 0.423828 0.572266 0.427734 0.576172 0.427734 0.580078 0.423828 0.580078 0.421875 0.576172 0.417969
1 0.517578 0.423828 0.519531 0.423828 0.521484 0.425781 0.523438 0.425781 0.525391 0.427734 0.529297 0.427734 0.531250 0.425781 0.531250 0.423828 0.529297 0.421875 0.525391 0.421875 0.523438 0.423828 0.521484 0.421875 0.519531 0.421875
0 0.947266 0.421875 0.943359 0.425781 0.943359 0.431641 0.945312 0.433594 0.951172 0.433594 0.953125 0.431641 0.953125 0.425781 0.951172 0.423828 0.951172 0.421875
0 0.333984 0.425781 0.322266 0.427734 0.320312 0.429688 0.320312 0.435547 0.326172 0.439453 0.326172 0.447266 0.328125 0.449219 0.322266 0.457031 0.324219 0.460938 0.328125 0.460938 0.330078 0.458984 0.330078 0.455078 0.333984 0.451172 0.337891 0.451172 0.337891 0.437500 0.341797 0.435547 0.341797 0.431641 0.339844 0.431641 0.337891 0.427734
1 0.582031 0.427734 0.580078 0.431641 0.580078 0.437500 0.582031 0.441406 0.585938 0.443359 0.585938 0.447266 0.583984 0.449219 0.583984 0.455078 0.585938 0.457031 0.595703 0.457031 0.595703 0.455078 0.599609 0.451172 0.599609 0.443359 0.591797 0.439453 0.591797 0.435547 0.587891 0.427734
0 0.664062 0.429688 0.662109 0.431641 0.662109 0.433594 0.664062 0.435547 0.666016 0.435547 0.667969 0.433594 0.667969 0.431641 0.666016 0.429688
0 0.716797 0.431641 0.712891 0.435547 0.712891 0.439453 0.714844 0.441406 0.720703 0.441406 0.722656 0.439453 0.722656 0.435547 0.718750 0.431641
1 0.052734 0.441406 0.050781 0.443359 0.048828 0.443359 0.046875 0.445312 0.044922 0.443359 0.042969 0.443359 0.041016 0.445312 0.042969 0.447266 0.046875 0.447266
0 0.289062 0.449219 0.287109 0.447266 0.285156 0.447266 0.283203 0.449219 0.283203 0.453125 0.281250 0.455078 0.283203 0.453125 0.285156 0.455078 0.287109 0.455078 0.289062 0.453125
0 0.554688 0.445312 0.556641 0.447266 0.558594 0.445312
0 0.708984 0.445312 0.707031 0.447266 0.708984 0.449219 0.710938 0.447266
0 0.867188 0.451172 0.863281 0.455078 0.863281 0.457031 0.867188 0.460938 0.871094 0.460938 0.873047 0.458984 0.873047 0.455078 0.871094 0.453125 0.869141 0.453125
0 0.320312 0.462891 0.310547 0.462891 0.308594 0.464844 0.308594 0.472656 0.312500 0.476562 0.314453 0.476562 0.316406 0.474609 0.318359 0.474609 0.322266 0.470703 0.322266 0.466797 0.320312 0.464844
0 0.527344 0.460938 0.525391 0.462891 0.525391 0.464844 0.527344 0.466797 0.529297 0.464844 0.529297 0.462891
0 0.816406 0.464844 0.812500 0.468750 0.812500 0.472656 0.814453 0.472656 0.816406 0.474609 0.818359 0.474609 0.820312 0.472656 0.820312 0.466797 0.818359 0.464844
0 0.669922 0.468750 0.667969 0.470703 0.667969 0.474609 0.669922 0.476562 0.671875 0.476562 0.673828 0.474609 0.673828 0.470703 0.671875 0.468750
0 0.902344 0.472656 0.900391 0.472656 0.898438 0.474609 0.896484 0.474609 0.894531 0.476562 0.894531 0.482422 0.898438 0.486328 0.902344 0.486328 0.906250 0.482422 0.906250 0.478516 0.902344 0.474609
0 0.507812 0.478516 0.507812 0.480469 0.509766 0.482422 0.511719 0.482422 0.513672 0.480469 0.511719 0.478516
0 0.771484 0.482422 0.769531 0.480469 0.767578 0.482422 0.767578 0.484375 0.769531 0.484375
0 0.621094 0.484375 0.621094 0.488281 0.623047 0.490234 0.626953 0.490234 0.628906 0.488281 0.628906 0.486328 0.626953 0.486328 0.625000 0.484375
0 0.568359 0.498047 0.562500 0.498047 0.560547 0.500000 0.560547 0.501953 0.552734 0.515625 0.554688 0.521484 0.558594 0.525391 0.566406 0.525391 0.570312 0.521484 0.570312 0.517578 0.572266 0.515625 0.570312 0.513672 0.570312 0.511719 0.572266 0.509766 0.572266 0.501953
0 0.583984 0.509766 0.578125 0.513672 0.578125 0.523438 0.582031 0.527344 0.589844 0.527344 0.591797 0.525391 0.593750 0.525391 0.593750 0.523438 0.595703 0.521484 0.593750 0.519531 0.593750 0.517578 0.585938 0.509766
0 0.869141 0.509766 0.865234 0.513672 0.865234 0.515625 0.867188 0.517578 0.871094 0.517578 0.873047 0.515625 0.873047 0.513672
0 0.353516 0.513672 0.351562 0.517578 0.357422 0.523438 0.357422 0.531250 0.349609 0.541016 0.359375 0.552734 0.369141 0.546875 0.376953 0.548828 0.382812 0.541016 0.376953 0.531250 0.376953 0.525391 0.375000 0.523438 0.376953 0.519531 0.373047 0.519531 0.367188 0.515625 0.357422 0.517578 0.355469 0.513672
0 0.806641 0.511719 0.802734 0.511719 0.800781 0.513672 0.800781 0.517578 0.802734 0.519531 0.804688 0.519531 0.806641 0.517578
0 0.425781 0.523438 0.425781 0.527344 0.427734 0.529297 0.429688 0.529297 0.431641 0.531250 0.435547 0.527344 0.437500 0.527344 0.437500 0.525391 0.435547 0.523438 0.433594 0.523438 0.431641 0.521484 0.427734 0.521484
0 0.839844 0.523438 0.839844 0.529297 0.843750 0.529297 0.845703 0.527344 0.845703 0.525391 0.843750 0.523438
0 0.500000 0.537109 0.507812 0.544922 0.515625 0.544922 0.519531 0.541016 0.519531 0.537109 0.515625 0.533203 0.513672 0.533203 0.511719 0.531250 0.503906 0.531250 0.501953 0.533203 0.501953 0.535156
0 0.916016 0.533203 0.914062 0.535156 0.916016 0.537109 0.916016 0.539062 0.917969 0.539062 0.919922 0.537109 0.919922 0.535156 0.917969 0.533203
0 0.554688 0.535156 0.552734 0.537109 0.552734 0.541016 0.554688 0.542969 0.558594 0.542969 0.560547 0.541016 0.560547 0.537109 0.558594 0.535156
0 0.599609 0.537109 0.595703 0.537109 0.595703 0.539062 0.597656 0.541016 0.599609 0.539062
0 0.962891 0.537109 0.958984 0.542969 0.958984 0.548828 0.960938 0.550781 0.960938 0.552734 0.966797 0.556641 0.974609 0.556641 0.982422 0.548828 0.982422 0.544922 0.980469 0.542969 0.980469 0.541016 0.976562 0.537109 0.974609 0.537109 0.972656 0.535156 0.968750 0.535156 0.966797 0.537109
0 0.660156 0.546875 0.658203 0.548828 0.658203 0.550781 0.662109 0.554688 0.664062 0.554688 0.666016 0.552734 0.666016 0.548828 0.664062 0.546875
0 0.810547 0.546875 0.810547 0.548828 0.808594 0.550781 0.808594 0.552734 0.812500 0.556641 0.816406 0.556641 0.818359 0.554688 0.820312 0.554688 0.820312 0.552734 0.822266 0.550781 0.822266 0.548828 0.820312 0.550781 0.816406 0.546875
0 0.570312 0.562500 0.556641 0.562500 0.550781 0.568359 0.558594 0.583984 0.558594 0.587891 0.554688 0.589844 0.556641 0.591797 0.558594 0.591797 0.558594 0.585938 0.560547 0.582031 0.564453 0.580078 0.566406 0.576172 0.570312 0.576172 0.574219 0.568359 0.570312 0.564453
1 0.753906 0.566406 0.753906 0.568359 0.755859 0.570312 0.759766 0.570312 0.761719 0.568359 0.763672 0.570312 0.757812 0.564453 0.755859 0.564453
0 0.494141 0.568359 0.488281 0.568359 0.484375 0.572266 0.484375 0.574219 0.482422 0.576172 0.484375 0.578125 0.484375 0.580078 0.488281 0.583984 0.490234 0.583984 0.492188 0.582031 0.494141 0.582031 0.496094 0.580078 0.496094 0.570312
0 0.605469 0.568359 0.605469 0.570312 0.607422 0.570312 0.607422 0.568359
0 0.521484 0.570312 0.521484 0.574219 0.523438 0.574219 0.523438 0.570312
1 0.437500 0.576172 0.439453 0.578125 0.435547 0.582031 0.439453 0.585938 0.441406 0.583984 0.445312 0.583984 0.447266 0.585938 0.449219 0.583984 0.451172 0.583984 0.453125 0.585938 0.447266 0.591797 0.449219 0.593750 0.451172 0.591797 0.453125 0.593750 0.455078 0.593750 0.457031 0.595703 0.458984 0.593750 0.458984 0.587891 0.453125 0.582031 0.451172 0.582031 0.449219 0.583984 0.447266 0.582031 0.445312 0.582031 0.443359 0.580078 0.441406 0.580078 0.439453 0.578125 0.439453 0.576172
0 0.417969 0.585938 0.416016 0.587891 0.416016 0.589844 0.417969 0.589844 0.419922 0.591797 0.419922 0.587891
0 0.195312 0.595703 0.193359 0.593750 0.191406 0.593750 0.189453 0.595703 0.189453 0.599609 0.191406 0.599609
0 0.650391 0.601562 0.648438 0.599609 0.646484 0.599609 0.644531 0.597656 0.644531 0.595703 0.638672 0.593750 0.634766 0.597656 0.634766 0.603516 0.630859 0.607422 0.628906 0.607422 0.630859 0.609375 0.630859 0.611328 0.632812 0.613281 0.634766 0.613281 0.642578 0.605469 0.648438 0.609375 0.650391 0.607422
0 0.716797 0.595703 0.716797 0.599609 0.718750 0.599609 0.720703 0.597656 0.718750 0.595703
0 0.269531 0.599609 0.267578 0.601562 0.267578 0.603516 0.269531 0.605469 0.271484 0.605469 0.273438 0.603516 0.273438 0.601562 0.271484 0.599609
0 0.572266 0.599609 0.570312 0.601562 0.568359 0.601562 0.564453 0.607422 0.566406 0.609375 0.566406 0.611328 0.570312 0.615234 0.570312 0.617188 0.576172 0.621094 0.582031 0.617188 0.582031 0.607422 0.576172 0.601562 0.574219 0.601562
0 0.804688 0.599609 0.802734 0.601562 0.800781 0.607422 0.798828 0.609375 0.796875 0.609375 0.796875 0.613281 0.798828 0.613281 0.802734 0.617188 0.802734 0.619141 0.804688 0.619141 0.806641 0.621094 0.812500 0.621094 0.820312 0.613281 0.820312 0.605469 0.814453 0.599609
0 0.912109 0.609375 0.910156 0.611328 0.910156 0.615234 0.912109 0.617188 0.912109 0.619141 0.917969 0.619141 0.917969 0.611328 0.916016 0.609375
1 0.396484 0.615234 0.394531 0.617188 0.394531 0.619141 0.396484 0.621094 0.396484 0.623047 0.398438 0.625000 0.398438 0.626953 0.402344 0.626953 0.402344 0.621094
0 0.279297 0.638672 0.279297 0.640625 0.277344 0.642578 0.277344 0.644531 0.279297 0.646484 0.283203 0.646484 0.283203 0.638672
1 0.541016 0.638672 0.541016 0.640625 0.537109 0.644531 0.537109 0.648438 0.546875 0.656250 0.546875 0.662109 0.548828 0.662109 0.550781 0.664062 0.554688 0.664062 0.556641 0.662109 0.556641 0.656250 0.550781 0.650391 0.550781 0.644531 0.546875 0.640625 0.546875 0.638672
0 0.587891 0.638672 0.583984 0.638672 0.585938 0.640625 0.585938 0.642578 0.585938 0.640625
1 0.453125 0.642578 0.451172 0.642578 0.451172 0.646484 0.451172 0.644531
0 0.804688 0.642578 0.802734 0.642578 0.800781 0.644531 0.800781 0.646484 0.804688 0.646484
0 0.945312 0.642578 0.943359 0.644531 0.945312 0.646484 0.947266 0.644531
0 0.156250 0.644531 0.156250 0.648438 0.158203 0.650391 0.160156 0.650391 0.162109 0.652344 0.166016 0.652344 0.167969 0.650391 0.167969 0.646484 0.166016 0.644531 0.164062 0.646484 0.162109 0.646484 0.160156 0.644531
0 0.355469 0.644531 0.353516 0.644531 0.349609 0.648438 0.351562 0.650391 0.349609 0.652344 0.349609 0.654297 0.347656 0.656250 0.349609 0.658203 0.353516 0.658203 0.355469 0.656250 0.357422 0.656250 0.361328 0.652344 0.361328 0.650391
0 0.734375 0.644531 0.734375 0.646484 0.732422 0.648438 0.732422 0.652344 0.734375 0.654297 0.740234 0.654297 0.740234 0.648438 0.738281 0.646484 0.736328 0.646484
0 0.593750 0.652344 0.591797 0.654297 0.593750 0.656250 0.595703 0.656250 0.597656 0.654297 0.595703 0.654297
0 0.638672 0.652344 0.636719 0.654297 0.638672 0.656250 0.638672 0.660156 0.636719 0.662109 0.636719 0.664062 0.638672 0.666016 0.642578 0.666016 0.644531 0.664062 0.646484 0.664062 0.648438 0.666016 0.650391 0.664062 0.648438 0.662109 0.650391 0.660156 0.648438 0.658203 0.650391 0.656250 0.650391 0.654297 0.648438 0.654297 0.646484 0.652344 0.642578 0.652344 0.640625 0.654297
1 0.623047 0.660156 0.619141 0.660156 0.609375 0.669922 0.611328 0.671875 0.613281 0.669922 0.615234 0.669922 0.615234 0.667969 0.617188 0.666016 0.619141 0.666016 0.623047 0.662109
0 0.166016 0.664062 0.162109 0.667969 0.162109 0.669922 0.164062 0.671875 0.166016 0.671875 0.167969 0.669922 0.167969 0.667969 0.166016 0.666016
0 0.279297 0.667969 0.277344 0.666016 0.275391 0.667969 0.275391 0.669922 0.279297 0.669922
0 0.300781 0.664062 0.298828 0.666016 0.298828 0.667969 0.300781 0.669922 0.302734 0.669922 0.304688 0.667969 0.304688 0.666016 0.302734 0.664062
0 0.339844 0.667969 0.341797 0.669922 0.345703 0.669922 0.341797 0.666016
1 0.572266 0.666016 0.570312 0.667969 0.570312 0.669922 0.570312 0.667969
0 0.734375 0.666016 0.732422 0.667969 0.732422 0.669922 0.736328 0.673828 0.738281 0.673828 0.740234 0.671875 0.740234 0.667969 0.738281 0.666016
0 0.312500 0.669922 0.310547 0.669922 0.308594 0.671875 0.310547 0.673828 0.310547 0.671875
0 0.513672 0.671875 0.513672 0.675781 0.515625 0.677734 0.517578 0.677734 0.519531 0.675781 0.519531 0.673828 0.517578 0.671875
0 0.585938 0.671875 0.583984 0.673828 0.585938 0.675781 0.587891 0.675781 0.589844 0.673828 0.587891 0.671875
0 0.833984 0.671875 0.832031 0.673828 0.832031 0.675781 0.833984 0.677734 0.835938 0.677734 0.837891 0.675781 0.837891 0.673828 0.835938 0.671875
0 0.283203 0.677734 0.281250 0.679688 0.281250 0.681641 0.283203 0.683594 0.285156 0.683594 0.287109 0.681641 0.287109 0.679688 0.285156 0.677734
0 0.460938 0.675781 0.458984 0.677734 0.460938 0.679688 0.460938 0.681641 0.464844 0.681641 0.466797 0.679688 0.466797 0.675781
0 0.638672 0.675781 0.638672 0.677734 0.636719 0.679688 0.638672 0.681641 0.640625 0.681641 0.640625 0.677734
0 0.597656 0.679688 0.595703 0.681641 0.599609 0.685547 0.601562 0.683594 0.601562 0.681641 0.599609 0.679688
0 0.484375 0.687500 0.480469 0.691406 0.480469 0.693359 0.482422 0.695312 0.486328 0.695312 0.486328 0.689453
0 0.507812 0.687500 0.507812 0.689453 0.509766 0.689453
1 0.531250 0.689453 0.527344 0.693359 0.527344 0.699219 0.529297 0.701172 0.533203 0.701172 0.535156 0.703125 0.533203 0.708984 0.535156 0.710938 0.537109 0.710938 0.539062 0.708984 0.539062 0.705078 0.537109 0.703125 0.537109 0.699219 0.539062 0.697266 0.539062 0.693359 0.535156 0.689453 0.533203 0.691406
0 0.619141 0.689453 0.617188 0.691406 0.617188 0.697266 0.619141 0.699219 0.623047 0.699219 0.625000 0.697266 0.625000 0.691406 0.623047 0.689453
0 0.671875 0.687500 0.671875 0.689453 0.673828 0.689453 0.673828 0.687500
0 0.833984 0.693359 0.832031 0.695312 0.833984 0.697266 0.835938 0.697266 0.835938 0.693359
0 0.302734 0.695312 0.300781 0.697266 0.300781 0.699219 0.302734 0.701172 0.304688 0.701172 0.306641 0.699219 0.306641 0.697266 0.304688 0.695312
1 0.437500 0.697266 0.439453 0.699219 0.441406 0.699219 0.439453 0.697266
0 0.248047 0.699219 0.246094 0.701172 0.248047 0.703125 0.248047 0.705078 0.251953 0.708984 0.255859 0.708984 0.255859 0.703125 0.251953 0.699219
0 0.462891 0.699219 0.462891 0.703125 0.464844 0.705078 0.466797 0.705078 0.468750 0.703125 0.464844 0.699219
1 0.498047 0.699219 0.496094 0.701172 0.498047 0.703125 0.496094 0.705078 0.494141 0.705078 0.494141 0.710938 0.500000 0.710938 0.500000 0.707031 0.498047 0.705078 0.500000 0.703125 0.498047 0.701172
0 0.212891 0.703125 0.208984 0.707031 0.208984 0.708984 0.210938 0.710938 0.210938 0.712891 0.212891 0.712891 0.216797 0.708984 0.214844 0.707031 0.214844 0.705078
0 0.453125 0.705078 0.451172 0.707031 0.449219 0.707031 0.449219 0.708984 0.451172 0.710938 0.453125 0.708984
1 0.576172 0.705078 0.574219 0.707031 0.574219 0.710938 0.576172 0.712891 0.580078 0.712891 0.583984 0.716797 0.585938 0.716797 0.583984 0.714844 0.583984 0.708984 0.580078 0.705078
0 0.605469 0.705078 0.603516 0.707031 0.605469 0.708984 0.607422 0.707031
0 0.640625 0.703125 0.638672 0.705078 0.638672 0.707031 0.636719 0.708984 0.640625 0.712891 0.644531 0.712891 0.648438 0.716797 0.650391 0.716797 0.650391 0.707031 0.646484 0.703125
1 0.390625 0.708984 0.388672 0.710938 0.388672 0.714844 0.390625 0.716797 0.390625 0.722656 0.394531 0.726562 0.396484 0.726562 0.400391 0.722656 0.396484 0.718750 0.398438 0.716797 0.396484 0.718750 0.392578 0.714844 0.392578 0.708984
0 0.478516 0.707031 0.476562 0.707031 0.468750 0.714844 0.468750 0.716797 0.470703 0.716797 0.472656 0.718750 0.474609 0.718750 0.476562 0.720703 0.478516 0.718750 0.480469 0.718750 0.482422 0.716797 0.482422 0.710938
1 0.158203 0.712891 0.154297 0.712891 0.152344 0.714844 0.154297 0.716797 0.154297 0.718750 0.152344 0.720703 0.148438 0.720703 0.146484 0.722656 0.146484 0.724609 0.148438 0.726562 0.150391 0.726562 0.152344 0.724609 0.152344 0.720703 0.154297 0.718750 0.158203 0.718750 0.160156 0.716797 0.158203 0.714844
0 0.250000 0.712891 0.250000 0.716797 0.251953 0.718750 0.253906 0.716797 0.253906 0.714844 0.251953 0.714844
1 0.328125 0.710938 0.326172 0.712891 0.324219 0.712891 0.324219 0.716797 0.322266 0.718750 0.322266 0.720703 0.324219 0.720703 0.326172 0.722656 0.322266 0.726562 0.322266 0.730469 0.324219 0.732422 0.328125 0.732422 0.330078 0.730469 0.328125 0.728516 0.328125 0.726562 0.326172 0.724609 0.326172 0.722656 0.328125 0.720703 0.330078 0.720703 0.328125 0.718750 0.330078 0.716797 0.330078 0.712891
0 0.724609 0.710938 0.722656 0.712891 0.724609 0.714844 0.726562 0.712891
0 0.750000 0.712891 0.753906 0.716797 0.759766 0.716797 0.759766 0.712891 0.757812 0.710938 0.755859 0.710938 0.753906 0.712891
0 0.263672 0.714844 0.259766 0.718750 0.259766 0.720703 0.261719 0.722656 0.267578 0.722656 0.267578 0.720703 0.269531 0.718750 0.265625 0.714844
0 0.603516 0.714844 0.601562 0.716797 0.601562 0.720703 0.603516 0.720703 0.605469 0.718750 0.605469 0.716797
0 0.689453 0.714844 0.685547 0.718750 0.687500 0.718750 0.689453 0.720703 0.691406 0.718750 0.691406 0.716797
0 0.238281 0.718750 0.236328 0.720703 0.238281 0.722656 0.240234 0.720703
0 0.837891 0.718750 0.833984 0.722656 0.833984 0.726562 0.835938 0.728516 0.839844 0.728516 0.841797 0.726562 0.841797 0.722656
0 0.291016 0.722656 0.287109 0.722656 0.287109 0.724609 0.285156 0.726562 0.285156 0.734375 0.283203 0.736328 0.285156 0.736328 0.285156 0.734375 0.287109 0.732422 0.291016 0.732422 0.292969 0.730469 0.294922 0.732422 0.292969 0.730469 0.292969 0.724609
0 0.302734 0.722656 0.300781 0.724609 0.300781 0.726562 0.302734 0.728516 0.304688 0.728516 0.306641 0.726562 0.306641 0.724609 0.304688 0.722656
1 0.427734 0.722656 0.423828 0.728516 0.427734 0.732422 0.427734 0.738281 0.429688 0.740234 0.433594 0.738281 0.437500 0.738281 0.439453 0.740234 0.439453 0.748047 0.437500 0.751953 0.441406 0.755859 0.433594 0.763672 0.427734 0.763672 0.419922 0.769531 0.421875 0.773438 0.427734 0.779297 0.431641 0.779297 0.443359 0.765625 0.443359 0.761719 0.441406 0.759766 0.445312 0.755859 0.449219 0.755859 0.453125 0.751953 0.451172 0.750000 0.451172 0.744141 0.443359 0.736328 0.439453 0.728516 0.431641 0.722656
0 0.558594 0.722656 0.558594 0.726562 0.560547 0.724609
0 0.734375 0.722656 0.732422 0.724609 0.730469 0.724609 0.728516 0.726562 0.728516 0.732422 0.730469 0.734375 0.730469 0.736328 0.732422 0.738281 0.732422 0.740234 0.740234 0.740234 0.742188 0.738281 0.742188 0.730469 0.740234 0.728516 0.740234 0.726562 0.738281 0.724609 0.736328 0.724609
0 0.263672 0.726562 0.263672 0.728516 0.259766 0.732422 0.259766 0.736328 0.261719 0.738281 0.265625 0.738281 0.267578 0.736328 0.267578 0.730469
0 0.537109 0.730469 0.537109 0.734375 0.539062 0.734375 0.541016 0.736328 0.542969 0.734375 0.544922 0.734375 0.542969 0.732422 0.542969 0.728516 0.539062 0.728516
0 0.685547 0.730469 0.683594 0.732422 0.683594 0.736328 0.685547 0.738281 0.691406 0.738281 0.691406 0.732422 0.689453 0.730469
0 0.976562 0.730469 0.976562 0.734375 0.978516 0.736328 0.976562 0.738281 0.976562 0.746094 0.978516 0.748047 0.982422 0.748047 0.984375 0.750000 0.988281 0.746094 0.988281 0.740234 0.978516 0.730469
0 0.640625 0.736328 0.638672 0.738281 0.636719 0.738281 0.632812 0.742188 0.632812 0.744141 0.638672 0.750000 0.640625 0.748047 0.642578 0.748047 0.644531 0.746094 0.644531 0.742188 0.640625 0.738281
0 0.333984 0.738281 0.332031 0.740234 0.333984 0.742188 0.335938 0.742188 0.337891 0.740234 0.335938 0.738281
0 0.718750 0.738281 0.712891 0.738281 0.708984 0.742188 0.708984 0.744141 0.707031 0.746094 0.707031 0.751953 0.708984 0.751953 0.710938 0.753906 0.714844 0.753906 0.716797 0.751953 0.720703 0.751953 0.720703 0.748047 0.722656 0.746094 0.722656 0.742188
0 0.781250 0.740234 0.779297 0.740234 0.777344 0.742188 0.775391 0.742188 0.773438 0.740234 0.767578 0.740234 0.761719 0.744141 0.761719 0.753906 0.765625 0.757812 0.765625 0.759766 0.773438 0.759766 0.777344 0.755859 0.777344 0.750000 0.779297 0.748047 0.781250 0.748047 0.781250 0.746094 0.783203 0.744141 0.783203 0.742188
0 0.300781 0.744141 0.300781 0.746094 0.298828 0.748047 0.298828 0.750000 0.300781 0.751953 0.302734 0.751953 0.306641 0.748047 0.302734 0.744141
0 0.363281 0.744141 0.363281 0.748047 0.365234 0.750000 0.367188 0.748047 0.369141 0.750000 0.369141 0.748047 0.367188 0.746094 0.367188 0.744141
0 0.748047 0.744141 0.748047 0.746094 0.746094 0.748047 0.746094 0.750000 0.748047 0.751953 0.748047 0.753906 0.751953 0.750000 0.751953 0.748047 0.750000 0.748047 0.748047 0.746094
0 0.865234 0.746094 0.863281 0.746094 0.861328 0.744141 0.861328 0.742188 0.859375 0.744141 0.857422 0.744141 0.855469 0.746094 0.855469 0.748047 0.857422 0.748047 0.859375 0.750000 0.861328 0.750000 0.863281 0.748047 0.865234 0.748047
1 0.687500 0.751953 0.687500 0.753906 0.681641 0.759766 0.679688 0.759766 0.681641 0.761719 0.679688 0.763672 0.681641 0.767578 0.685547 0.771484 0.691406 0.771484 0.697266 0.775391 0.695312 0.779297 0.697266 0.777344 0.703125 0.781250 0.707031 0.781250 0.710938 0.777344 0.708984 0.775391 0.710938 0.771484 0.707031 0.767578 0.705078 0.767578 0.695312 0.755859
1 0.792969 0.751953 0.792969 0.753906 0.796875 0.757812 0.798828 0.755859 0.808594 0.755859 0.810547 0.753906 0.810547 0.751953 0.808594 0.750000 0.794922 0.750000
0 0.640625 0.755859 0.636719 0.759766 0.628906 0.761719 0.636719 0.775391 0.638672 0.783203 0.642578 0.785156 0.640625 0.792969 0.642578 0.794922 0.646484 0.794922 0.646484 0.787109 0.648438 0.785156 0.654297 0.785156 0.658203 0.781250 0.658203 0.769531 0.654297 0.763672 0.654297 0.759766 0.648438 0.755859
0 0.357422 0.761719 0.355469 0.763672 0.355469 0.765625 0.357422 0.767578 0.361328 0.763672 0.359375 0.763672
1 0.765625 0.773438 0.763672 0.769531 0.755859 0.765625 0.753906 0.769531 0.748047 0.769531 0.744141 0.773438 0.740234 0.769531 0.724609 0.769531 0.722656 0.767578 0.718750 0.769531 0.722656 0.775391 0.722656 0.785156 0.724609 0.789062 0.728516 0.791016 0.736328 0.791016 0.748047 0.781250 0.751953 0.781250 0.755859 0.785156 0.765625 0.779297
1 0.998047 0.765625 0.994141 0.769531 0.994141 0.771484 0.996094 0.771484 0.998047 0.773438
0 0.957031 0.771484 0.955078 0.773438 0.955078 0.775391 0.957031 0.777344 0.958984 0.777344 0.960938 0.775391 0.960938 0.773438 0.958984 0.771484
0 0.664062 0.783203 0.671875 0.792969 0.679688 0.792969 0.681641 0.791016 0.687500 0.791016 0.689453 0.789062 0.689453 0.785156 0.687500 0.783203 0.687500 0.781250 0.683594 0.777344 0.683594 0.775391 0.681641 0.775391 0.679688 0.773438 0.677734 0.775391 0.675781 0.773438 0.673828 0.773438
0 0.861328 0.777344 0.861328 0.779297 0.865234 0.783203 0.869141 0.783203 0.871094 0.781250 0.873047 0.781250 0.871094 0.779297 0.871094 0.777344 0.869141 0.775391 0.863281 0.775391
1 0.771484 0.783203 0.769531 0.785156 0.769531 0.787109 0.767578 0.789062 0.767578 0.791016 0.769531 0.792969 0.769531 0.794922 0.773438 0.798828 0.775391 0.798828 0.775391 0.794922 0.771484 0.791016
0 0.972656 0.781250 0.970703 0.783203 0.972656 0.785156 0.974609 0.783203
0 0.904297 0.787109 0.904297 0.789062 0.908203 0.792969 0.910156 0.791016 0.910156 0.787109
0 0.576172 0.789062 0.576172 0.791016 0.574219 0.792969 0.574219 0.794922 0.570312 0.798828 0.566406 0.798828 0.564453 0.800781 0.566406 0.802734 0.568359 0.802734 0.570312 0.804688 0.574219 0.804688 0.576172 0.802734
0 0.730469 0.800781 0.728516 0.802734 0.728516 0.804688 0.730469 0.806641 0.732422 0.804688 0.732422 0.802734
0 0.630859 0.806641 0.628906 0.804688 0.623047 0.804688 0.621094 0.806641 0.617188 0.806641 0.615234 0.808594 0.615234 0.812500 0.619141 0.816406 0.621094 0.814453 0.623047 0.814453 0.625000 0.812500 0.626953 0.812500 0.630859 0.808594
0 0.882812 0.806641 0.882812 0.808594 0.884766 0.810547 0.886719 0.810547 0.888672 0.808594 0.888672 0.806641
1 0.636719 0.820312 0.640625 0.824219 0.644531 0.824219 0.648438 0.820312 0.646484 0.818359 0.646484 0.816406 0.648438 0.814453 0.650391 0.814453 0.652344 0.816406 0.652344 0.818359 0.656250 0.822266 0.660156 0.818359 0.664062 0.818359 0.667969 0.822266 0.671875 0.818359 0.673828 0.818359 0.675781 0.816406 0.675781 0.814453 0.673828 0.812500 0.671875 0.812500 0.666016 0.818359 0.656250 0.808594 0.652344 0.808594 0.650391 0.810547 0.648438 0.810547 0.646484 0.812500 0.644531 0.812500 0.642578 0.814453 0.640625 0.814453 0.636719 0.818359
0 0.384766 0.814453 0.384766 0.818359 0.396484 0.832031 0.398438 0.832031 0.406250 0.826172 0.410156 0.826172 0.410156 0.824219 0.406250 0.820312 0.404297 0.822266 0.400391 0.820312 0.400391 0.818359 0.406250 0.814453 0.400391 0.814453 0.398438 0.816406 0.394531 0.812500 0.386719 0.812500
0 0.550781 0.820312 0.550781 0.822266 0.554688 0.826172 0.562500 0.826172 0.564453 0.828125 0.566406 0.828125 0.568359 0.826172 0.568359 0.818359 0.566406 0.816406 0.564453 0.816406 0.562500 0.814453 0.558594 0.814453 0.556641 0.816406 0.554688 0.816406
0 0.791016 0.812500 0.783203 0.820312 0.783203 0.822266 0.789062 0.828125 0.794922 0.828125 0.796875 0.830078 0.798828 0.828125 0.800781 0.828125 0.804688 0.822266 0.806641 0.822266 0.804688 0.820312 0.804688 0.816406 0.802734 0.816406 0.798828 0.812500
0 0.521484 0.824219 0.519531 0.822266 0.517578 0.824219 0.517578 0.826172 0.519531 0.826172
0 0.919922 0.822266 0.917969 0.822266 0.914062 0.826172 0.912109 0.826172 0.914062 0.828125 0.914062 0.830078 0.916016 0.832031 0.919922 0.832031 0.919922 0.830078 0.921875 0.828125 0.921875 0.824219
0 0.365234 0.824219 0.359375 0.830078 0.359375 0.833984 0.361328 0.835938 0.361328 0.839844 0.363281 0.841797 0.373047 0.841797 0.373047 0.830078 0.369141 0.824219
1 0.675781 0.824219 0.675781 0.826172 0.677734 0.828125 0.679688 0.828125 0.683594 0.832031 0.685547 0.830078 0.683594 0.828125 0.681641 0.828125 0.677734 0.824219
0 0.851562 0.826172 0.851562 0.833984 0.853516 0.835938 0.859375 0.835938 0.865234 0.830078 0.859375 0.824219 0.855469 0.824219 0.853516 0.826172
0 0.417969 0.828125 0.416016 0.828125 0.414062 0.830078 0.416016 0.832031 0.417969 0.830078
1 0.648438 0.832031 0.648438 0.833984 0.652344 0.837891 0.658203 0.839844 0.666016 0.847656 0.669922 0.847656 0.666016 0.841797 0.667969 0.839844 0.667969 0.835938 0.662109 0.835938 0.660156 0.833984 0.658203 0.833984 0.654297 0.830078 0.650391 0.830078
0 0.765625 0.828125 0.763672 0.830078 0.763672 0.833984 0.765625 0.833984 0.769531 0.837891 0.769531 0.839844 0.767578 0.841797 0.767578 0.847656 0.771484 0.851562 0.773438 0.851562 0.775391 0.849609 0.777344 0.849609 0.783203 0.843750 0.783203 0.832031 0.781250 0.830078 0.773438 0.830078 0.771484 0.828125
0 0.822266 0.828125 0.820312 0.828125 0.818359 0.830078 0.822266 0.830078
0 0.304688 0.833984 0.304688 0.835938 0.308594 0.835938 0.308594 0.833984
0 0.535156 0.832031 0.533203 0.833984 0.531250 0.833984 0.531250 0.837891 0.535156 0.841797 0.537109 0.841797 0.539062 0.839844 0.539062 0.837891 0.541016 0.835938 0.537109 0.832031
0 0.742188 0.833984 0.740234 0.833984 0.736328 0.837891 0.734375 0.837891 0.730469 0.841797 0.730469 0.847656 0.732422 0.849609 0.740234 0.849609 0.744141 0.845703 0.744141 0.843750 0.746094 0.841797 0.746094 0.839844 0.744141 0.837891 0.744141 0.835938
0 0.751953 0.833984 0.751953 0.837891 0.753906 0.839844 0.755859 0.837891 0.755859 0.835938 0.753906 0.833984
0 0.417969 0.837891 0.416016 0.839844 0.416016 0.841797 0.417969 0.843750 0.419922 0.843750 0.421875 0.841797 0.421875 0.839844 0.419922 0.837891
0 0.431641 0.837891 0.429688 0.839844 0.429688 0.843750 0.431641 0.845703 0.433594 0.845703 0.435547 0.843750 0.435547 0.841797
0 0.482422 0.837891 0.478516 0.837891 0.474609 0.841797 0.478516 0.845703 0.480469 0.845703 0.482422 0.843750
0 0.400391 0.841797 0.400391 0.845703 0.396484 0.849609 0.394531 0.847656 0.392578 0.849609 0.392578 0.851562 0.400391 0.859375 0.402344 0.859375 0.404297 0.861328 0.404297 0.859375 0.408203 0.853516 0.406250 0.851562 0.406250 0.847656 0.402344 0.843750 0.402344 0.841797
0 0.505859 0.841797 0.507812 0.841797 0.509766 0.843750 0.509766 0.845703 0.511719 0.847656 0.513672 0.845703 0.513672 0.841797
0 0.566406 0.843750 0.566406 0.847656 0.568359 0.847656 0.570312 0.849609 0.574219 0.849609 0.576172 0.847656 0.576172 0.843750 0.574219 0.841797 0.570312 0.841797 0.568359 0.843750
0 0.716797 0.841797 0.714844 0.841797 0.712891 0.839844 0.710938 0.841797 0.705078 0.841797 0.705078 0.849609 0.707031 0.851562 0.707031 0.853516 0.708984 0.853516 0.710938 0.851562 0.712891 0.851562 0.716797 0.847656 0.716797 0.845703 0.714844 0.843750
1 0.998047 0.839844 0.998047 0.841797 0.996094 0.843750 0.996094 0.853516 0.998047 0.855469
0 0.496094 0.845703 0.494141 0.847656 0.494141 0.851562 0.496094 0.853516 0.498047 0.853516 0.500000 0.851562 0.500000 0.847656 0.498047 0.845703
0 0.826172 0.843750 0.822266 0.843750 0.822266 0.845703 0.824219 0.847656 0.826172 0.845703
0 0.902344 0.847656 0.900391 0.849609 0.900391 0.851562 0.902344 0.853516 0.904297 0.851562 0.904297 0.849609
0 0.365234 0.853516 0.363281 0.855469 0.363281 0.857422 0.361328 0.859375 0.365234 0.863281 0.369141 0.863281 0.371094 0.861328 0.371094 0.855469 0.369141 0.853516
0 0.550781 0.853516 0.548828 0.851562 0.541016 0.851562 0.537109 0.855469 0.529297 0.855469 0.529297 0.859375 0.535156 0.859375 0.537109 0.861328 0.535156 0.863281 0.535156 0.867188 0.539062 0.867188 0.539062 0.865234 0.541016 0.863281 0.544922 0.863281 0.548828 0.859375 0.550781 0.859375
0 0.869141 0.853516 0.869141 0.855469 0.867188 0.857422 0.871094 0.857422 0.873047 0.859375 0.873047 0.861328 0.871094 0.863281 0.871094 0.871094 0.876953 0.876953 0.884766 0.876953 0.888672 0.871094 0.888672 0.865234 0.882812 0.859375 0.876953 0.859375 0.871094 0.853516
1 0.662109 0.855469 0.656250 0.861328 0.656250 0.865234 0.658203 0.867188 0.658203 0.878906 0.662109 0.882812 0.667969 0.882812 0.669922 0.880859 0.669922 0.876953 0.664062 0.871094 0.664062 0.867188 0.667969 0.861328 0.667969 0.857422 0.666016 0.855469
0 0.841797 0.855469 0.837891 0.861328 0.837891 0.867188 0.839844 0.867188 0.843750 0.871094 0.845703 0.869141 0.851562 0.869141 0.851562 0.867188 0.853516 0.865234 0.853516 0.857422 0.851562 0.855469
0 0.466797 0.859375 0.464844 0.859375 0.458984 0.865234 0.458984 0.867188 0.460938 0.869141 0.466797 0.869141 0.468750 0.867188 0.468750 0.861328
0 0.476562 0.861328 0.472656 0.867188 0.474609 0.867188 0.478516 0.871094 0.478516 0.873047 0.486328 0.882812 0.492188 0.882812 0.496094 0.878906 0.496094 0.875000 0.498047 0.873047 0.496094 0.871094 0.496094 0.869141 0.494141 0.869141 0.492188 0.867188 0.494141 0.865234 0.490234 0.865234 0.484375 0.861328
1 0.755859 0.863281 0.753906 0.861328 0.751953 0.861328 0.748047 0.865234 0.742188 0.865234 0.738281 0.869141 0.736328 0.869141 0.734375 0.871094 0.742188 0.871094 0.744141 0.873047 0.746094 0.873047 0.750000 0.869141 0.753906 0.869141 0.755859 0.867188
0 0.916016 0.859375 0.914062 0.861328 0.914062 0.865234 0.917969 0.869141 0.921875 0.869141 0.921875 0.867188 0.923828 0.865234 0.917969 0.859375
0 0.519531 0.865234 0.515625 0.865234 0.515625 0.867188 0.517578 0.869141 0.519531 0.867188
0 0.564453 0.865234 0.558594 0.869141 0.558594 0.875000 0.562500 0.878906 0.562500 0.880859 0.560547 0.882812 0.560547 0.888672 0.566406 0.894531 0.572266 0.894531 0.572266 0.892578 0.574219 0.890625 0.574219 0.886719 0.576172 0.884766 0.576172 0.871094 0.568359 0.865234
0 0.994141 0.871094 0.992188 0.873047 0.992188 0.876953 0.994141 0.876953 0.996094 0.875000 0.996094 0.873047
0 0.412109 0.878906 0.410156 0.880859 0.410156 0.884766 0.412109 0.884766 0.414062 0.886719 0.412109 0.888672 0.416016 0.884766 0.416016 0.880859 0.414062 0.880859
0 0.806641 0.886719 0.802734 0.890625 0.804688 0.892578 0.804688 0.894531 0.802734 0.896484 0.804688 0.896484 0.808594 0.900391 0.814453 0.900391 0.818359 0.896484 0.818359 0.890625 0.814453 0.886719
0 0.457031 0.892578 0.455078 0.894531 0.453125 0.894531 0.453125 0.896484 0.455078 0.896484 0.457031 0.898438 0.458984 0.896484 0.458984 0.894531
0 0.843750 0.892578 0.839844 0.896484 0.835938 0.904297 0.837891 0.906250 0.837891 0.910156 0.839844 0.910156 0.841797 0.914062 0.847656 0.917969 0.845703 0.919922 0.851562 0.925781 0.859375 0.925781 0.863281 0.921875 0.863281 0.912109 0.859375 0.910156 0.853516 0.902344 0.853516 0.896484 0.849609 0.892578
0 0.570312 0.906250 0.568359 0.908203 0.568359 0.912109 0.566406 0.914062 0.566406 0.916016 0.570312 0.919922 0.576172 0.919922 0.576172 0.917969 0.578125 0.916016 0.580078 0.916016 0.580078 0.910156 0.578125 0.908203 0.578125 0.906250
0 0.884766 0.916016 0.890625 0.923828 0.890625 0.927734 0.900391 0.927734 0.902344 0.925781 0.906250 0.925781 0.910156 0.929688 0.912109 0.929688 0.910156 0.925781 0.910156 0.917969 0.912109 0.916016 0.912109 0.912109 0.906250 0.906250 0.898438 0.906250
1 0.642578 0.910156 0.640625 0.919922 0.632812 0.927734 0.632812 0.935547 0.642578 0.947266 0.652344 0.949219 0.654297 0.951172 0.660156 0.951172 0.664062 0.943359 0.662109 0.939453 0.646484 0.925781 0.648438 0.914062
0 0.800781 0.912109 0.798828 0.914062 0.800781 0.916016 0.802734 0.916016 0.804688 0.914062 0.802734 0.912109
0 0.626953 0.921875 0.625000 0.923828 0.626953 0.925781 0.628906 0.923828
1 0.992188 0.925781 0.986328 0.921875 0.974609 0.921875 0.970703 0.923828 0.968750 0.931641 0.964844 0.935547 0.945312 0.927734 0.941406 0.931641 0.939453 0.939453 0.945312 0.951172 0.953125 0.955078 0.966797 0.947266 0.974609 0.951172 0.984375 0.951172 0.994141 0.941406
0 0.542969 0.929688 0.544922 0.931641 0.544922 0.933594 0.546875 0.935547 0.550781 0.935547 0.552734 0.937500 0.556641 0.933594 0.556641 0.931641 0.554688 0.929688 0.554688 0.927734 0.544922 0.927734
0 0.773438 0.933594 0.771484 0.935547 0.773438 0.935547 0.775391 0.937500 0.775391 0.933594
0 0.554688 0.943359 0.550781 0.943359 0.548828 0.945312 0.548828 0.949219 0.550781 0.951172 0.556641 0.945312
0 0.589844 0.941406 0.587891 0.943359 0.587891 0.949219 0.589844 0.951172 0.593750 0.951172 0.595703 0.949219 0.595703 0.945312 0.593750 0.943359 0.593750 0.941406
0 0.884766 0.945312 0.878906 0.951172 0.880859 0.953125 0.880859 0.955078 0.882812 0.957031 0.884766 0.957031 0.886719 0.958984 0.888672 0.958984 0.890625 0.957031 0.892578 0.957031 0.892578 0.953125 0.894531 0.951172 0.892578 0.949219 0.892578 0.947266 0.890625 0.947266 0.888672 0.945312
0 0.250000 0.962891 0.248047 0.960938 0.246094 0.962891 0.246094 0.964844 0.250000 0.964844
0 0.626953 0.966797 0.626953 0.970703 0.630859 0.970703 0.632812 0.968750 0.630859 0.966797
0 0.929688 0.966797 0.931641 0.968750 0.931641 0.970703 0.933594 0.972656 0.939453 0.972656 0.941406 0.970703 0.941406 0.968750 0.937500 0.964844 0.933594 0.964844 0.931641 0.966797
0 0.250000 0.974609 0.250000 0.976562 0.253906 0.976562 0.253906 0.974609
0 0.779297 0.980469 0.775391 0.984375 0.775391 0.992188 0.777344 0.994141 0.779297 0.994141 0.781250 0.996094 0.781250 0.998047 0.789062 0.998047 0.791016 0.996094 0.791016 0.988281 0.787109 0.984375 0.789062 0.982422 0.787109 0.984375 0.783203 0.980469
0 0.986328 0.984375 0.984375 0.986328 0.984375 0.988281 0.982422 0.990234 0.980469 0.990234 0.980469 0.998047 0.994141 0.998047 0.996094 0.996094 0.996094 0.992188 0.994141 0.990234 0.994141 0.988281 0.990234 0.984375
0 0.238281 0.998047 0.236328 0.996094 0.234375 0.998047
1 0.876953 0.998047 0.886719 0.998047 0.884766 0.996094 0.878906 0.996094
1 0.906250 0.998047 0.917969 0.998047 0.916016 0.996094 0.908203 0.996094
0 0.671875 0.013672 0.671875 0.017578 0.667969 0.017578 0.666016 0.015625 0.669922 0.011719
0 0.498047 0.029297 0.498047 0.033203 0.494141 0.033203 0.492188 0.031250 0.496094 0.027344
0 0.583984 0.033203 0.583984 0.037109 0.580078 0.037109 0.578125 0.035156 0.582031 0.031250
0 0.593750 0.033203 0.593750 0.037109 0.589844 0.037109 0.587891 0.035156 0.591797 0.031250
0 0.498047 0.039062 0.498047 0.042969 0.494141 0.042969 0.492188 0.041016 0.496094 0.037109
0 0.585938 0.042969 0.585938 0.046875 0.582031 0.046875 0.580078 0.044922 0.583984 0.041016
0 0.591797 0.042969 0.591797 0.046875 0.587891 0.046875 0.585938 0.044922 0.589844 0.041016
0 0.746094 0.078125 0.746094 0.082031 0.742188 0.082031 0.740234 0.080078 0.744141 0.076172
0 0.755859 0.080078 0.755859 0.083984 0.751953 0.083984 0.750000 0.082031 0.753906 0.078125
0 0.464844 0.097656 0.464844 0.101562 0.460938 0.101562 0.458984 0.099609 0.462891 0.095703
0 0.251953 0.101562 0.251953 0.105469 0.248047 0.105469 0.246094 0.103516 0.250000 0.099609
0 0.476562 0.101562 0.476562 0.105469 0.472656 0.105469 0.470703 0.103516 0.474609 0.099609
0 0.263672 0.103516 0.263672 0.107422 0.259766 0.107422 0.257812 0.105469 0.261719 0.101562
0 0.435547 0.107422 0.433594 0.107422 0.431641 0.109375 0.427734 0.109375 0.425781 0.107422 0.425781 0.101562 0.427734 0.099609 0.431641 0.099609 0.433594 0.101562 0.435547 0.101562
0 0.462891 0.107422 0.457031 0.113281 0.451172 0.113281 0.445312 0.107422 0.445312 0.101562 0.451172 0.095703 0.457031 0.095703 0.462891 0.101562
0 0.429688 0.109375 0.429688 0.113281 0.425781 0.113281 0.423828 0.111328 0.427734 0.107422
0 0.257812 0.111328 0.257812 0.115234 0.253906 0.115234 0.251953 0.113281 0.255859 0.109375
0 0.552734 0.115234 0.552734 0.119141 0.548828 0.119141 0.546875 0.117188 0.550781 0.113281
0 0.447266 0.117188 0.447266 0.121094 0.443359 0.121094 0.441406 0.119141 0.445312 0.115234
0 0.568359 0.117188 0.568359 0.121094 0.564453 0.121094 0.562500 0.119141 0.566406 0.115234
0 0.437500 0.121094 0.437500 0.125000 0.433594 0.125000 0.431641 0.123047 0.435547 0.119141
0 0.556641 0.123047 0.556641 0.126953 0.552734 0.126953 0.550781 0.125000 0.554688 0.121094
0 0.488281 0.132812 0.486328 0.132812 0.484375 0.134766 0.480469 0.134766 0.478516 0.132812 0.478516 0.126953 0.480469 0.125000 0.484375 0.125000 0.486328 0.126953 0.488281 0.126953
0 0.484375 0.144531 0.484375 0.148438 0.480469 0.148438 0.478516 0.146484 0.482422 0.142578
0 0.425781 0.166016 0.425781 0.169922 0.421875 0.169922 0.419922 0.167969 0.423828 0.164062
0 0.187500 0.171875 0.187500 0.175781 0.183594 0.175781 0.181641 0.173828 0.185547 0.169922
0 0.435547 0.171875 0.435547 0.175781 0.431641 0.175781 0.429688 0.173828 0.433594 0.169922
0 0.175781 0.183594 0.173828 0.183594 0.171875 0.185547 0.167969 0.185547 0.166016 0.183594 0.166016 0.177734 0.167969 0.175781 0.171875 0.175781 0.173828 0.177734 0.175781 0.177734
0 0.185547 0.189453 0.183594 0.191406 0.183594 0.193359 0.181641 0.195312 0.175781 0.195312 0.173828 0.193359 0.173828 0.191406 0.171875 0.189453 0.171875 0.187500 0.173828 0.185547 0.173828 0.183594 0.175781 0.181641 0.181641 0.181641 0.183594 0.183594 0.183594 0.185547 0.185547 0.187500
0 0.162109 0.193359 0.160156 0.193359 0.158203 0.195312 0.154297 0.195312 0.152344 0.193359 0.152344 0.187500 0.154297 0.185547 0.158203 0.185547 0.160156 0.187500 0.162109 0.187500
0 0.173828 0.195312 0.173828 0.199219 0.169922 0.199219 0.167969 0.197266 0.171875 0.193359
0 0.431641 0.205078 0.431641 0.208984 0.427734 0.208984 0.425781 0.207031 0.429688 0.203125
0 0.435547 0.220703 0.433594 0.222656 0.433594 0.224609 0.431641 0.226562 0.425781 0.226562 0.423828 0.224609 0.423828 0.222656 0.421875 0.220703 0.421875 0.218750 0.423828 0.216797 0.423828 0.214844 0.425781 0.212891 0.431641 0.212891 0.433594 0.214844 0.433594 0.216797 0.435547 0.218750
0 0.464844 0.224609 0.462891 0.226562 0.462891 0.228516 0.460938 0.230469 0.455078 0.230469 0.453125 0.228516 0.453125 0.226562 0.451172 0.224609 0.451172 0.222656 0.453125 0.220703 0.453125 0.218750 0.455078 0.216797 0.460938 0.216797 0.462891 0.218750 0.462891 0.220703 0.464844 0.222656
0 0.152344 0.230469 0.150391 0.230469 0.148438 0.232422 0.144531 0.232422 0.142578 0.230469 0.142578 0.224609 0.144531 0.222656 0.148438 0.222656 0.150391 0.224609 0.152344 0.224609
0 0.369141 0.230469 0.367188 0.230469 0.365234 0.232422 0.361328 0.232422 0.359375 0.230469 0.359375 0.224609 0.361328 0.222656 0.365234 0.222656 0.367188 0.224609 0.369141 0.224609
0 0.138672 0.232422 0.136719 0.232422 0.134766 0.234375 0.130859 0.234375 0.128906 0.232422 0.128906 0.226562 0.130859 0.224609 0.134766 0.224609 0.136719 0.226562 0.138672 0.226562
0 0.357422 0.232422 0.355469 0.232422 0.353516 0.234375 0.349609 0.234375 0.347656 0.232422 0.347656 0.226562 0.349609 0.224609 0.353516 0.224609 0.355469 0.226562 0.357422 0.226562
0 0.011719 0.242188 0.009766 0.242188 0.007812 0.244141 0.003906 0.244141 0.001953 0.242188 0.001953 0.236328 0.003906 0.234375 0.007812 0.234375 0.009766 0.236328 0.011719 0.236328
0 0.160156 0.246094 0.158203 0.246094 0.156250 0.248047 0.152344 0.248047 0.150391 0.246094 0.150391 0.240234 0.152344 0.238281 0.156250 0.238281 0.158203 0.240234 0.160156 0.240234
0 0.378906 0.246094 0.376953 0.246094 0.375000 0.248047 0.371094 0.248047 0.369141 0.246094 0.369141 0.240234 0.371094 0.238281 0.375000 0.238281 0.376953 0.240234 0.378906 0.240234
0 0.355469 0.248047 0.353516 0.248047 0.351562 0.250000 0.347656 0.250000 0.345703 0.248047 0.345703 0.242188 0.347656 0.240234 0.351562 0.240234 0.353516 0.242188 0.355469 0.242188
0 0.375000 0.255859 0.373047 0.255859 0.371094 0.257812 0.367188 0.257812 0.365234 0.255859 0.365234 0.250000 0.367188 0.248047 0.371094 0.248047 0.373047 0.250000 0.375000 0.250000
0 0.130859 0.257812 0.128906 0.257812 0.126953 0.259766 0.123047 0.259766 0.121094 0.257812 0.121094 0.251953 0.123047 0.250000 0.126953 0.250000 0.128906 0.251953 0.130859 0.251953
0 0.152344 0.257812 0.150391 0.257812 0.148438 0.259766 0.144531 0.259766 0.142578 0.257812 0.142578 0.251953 0.144531 0.250000 0.148438 0.250000 0.150391 0.251953 0.152344 0.251953
0 0.546875 0.261719 0.544922 0.261719 0.542969 0.263672 0.539062 0.263672 0.537109 0.261719 0.537109 0.255859 0.539062 0.253906 0.542969 0.253906 0.544922 0.255859 0.546875 0.255859
0 0.449219 0.269531 0.447266 0.269531 0.445312 0.271484 0.435547 0.271484 0.429688 0.265625 0.429688 0.255859 0.431641 0.253906 0.433594 0.253906 0.433594 0.251953 0.435547 0.250000 0.445312 0.250000 0.451172 0.255859 0.451172 0.265625 0.449219 0.267578
0 0.529297 0.265625 0.527344 0.265625 0.525391 0.267578 0.521484 0.267578 0.519531 0.265625 0.519531 0.259766 0.521484 0.257812 0.525391 0.257812 0.527344 0.259766 0.529297 0.259766
0 0.140625 0.267578 0.138672 0.267578 0.136719 0.269531 0.132812 0.269531 0.130859 0.267578 0.130859 0.261719 0.132812 0.259766 0.136719 0.259766 0.138672 0.261719 0.140625 0.261719
0 0.417969 0.269531 0.416016 0.269531 0.414062 0.271484 0.410156 0.271484 0.408203 0.269531 0.408203 0.263672 0.410156 0.261719 0.414062 0.261719 0.416016 0.263672 0.417969 0.263672
0 0.480469 0.267578 0.478516 0.269531 0.478516 0.271484 0.476562 0.273438 0.470703 0.273438 0.468750 0.271484 0.468750 0.269531 0.466797 0.267578 0.466797 0.265625 0.468750 0.263672 0.468750 0.261719 0.470703 0.259766 0.476562 0.259766 0.478516 0.261719 0.478516 0.263672 0.480469 0.265625
0 0.535156 0.265625 0.535156 0.269531 0.531250 0.269531 0.529297 0.267578 0.533203 0.263672
0 0.109375 0.279297 0.107422 0.279297 0.105469 0.281250 0.095703 0.281250 0.089844 0.275391 0.089844 0.265625 0.091797 0.263672 0.093750 0.263672 0.093750 0.261719 0.095703 0.259766 0.105469 0.259766 0.111328 0.265625 0.111328 0.275391 0.109375 0.277344
0 0.443359 0.275391 0.441406 0.277344 0.441406 0.279297 0.439453 0.281250 0.433594 0.281250 0.431641 0.279297 0.431641 0.277344 0.429688 0.275391 0.429688 0.273438 0.431641 0.271484 0.431641 0.269531 0.433594 0.267578 0.439453 0.267578 0.441406 0.269531 0.441406 0.271484 0.443359 0.273438
0 0.037109 0.291016 0.035156 0.291016 0.033203 0.292969 0.023438 0.292969 0.017578 0.287109 0.017578 0.277344 0.019531 0.275391 0.021484 0.275391 0.021484 0.273438 0.023438 0.271484 0.033203 0.271484 0.039062 0.277344 0.039062 0.287109 0.037109 0.289062
0 0.425781 0.283203 0.423828 0.285156 0.423828 0.287109 0.421875 0.289062 0.416016 0.289062 0.414062 0.287109 0.414062 0.285156 0.412109 0.283203 0.412109 0.281250 0.414062 0.279297 0.414062 0.277344 0.416016 0.275391 0.421875 0.275391 0.423828 0.277344 0.423828 0.279297 0.425781 0.281250
0 0.419922 0.292969 0.417969 0.292969 0.416016 0.294922 0.406250 0.294922 0.400391 0.289062 0.400391 0.279297 0.402344 0.277344 0.404297 0.277344 0.404297 0.275391 0.406250 0.273438 0.416016 0.273438 0.421875 0.279297 0.421875 0.289062 0.419922 0.291016
0 0.544922 0.283203 0.544922 0.287109 0.541016 0.287109 0.539062 0.285156 0.542969 0.281250
0 0.533203 0.287109 0.533203 0.291016 0.529297 0.291016 0.527344 0.289062 0.531250 0.285156
0 0.064453 0.292969 0.062500 0.292969 0.060547 0.294922 0.056641 0.294922 0.054688 0.292969 0.054688 0.287109 0.056641 0.285156 0.060547 0.285156 0.062500 0.287109 0.064453 0.287109
0 0.085938 0.292969 0.080078 0.298828 0.074219 0.298828 0.068359 0.292969 0.068359 0.287109 0.074219 0.281250 0.080078 0.281250 0.085938 0.287109
0 0.125000 0.292969 0.123047 0.292969 0.121094 0.294922 0.117188 0.294922 0.115234 0.292969 0.115234 0.287109 0.117188 0.285156 0.121094 0.285156 0.123047 0.287109 0.125000 0.287109
0 0.472656 0.294922 0.470703 0.296875 0.470703 0.298828 0.468750 0.300781 0.462891 0.300781 0.460938 0.298828 0.460938 0.296875 0.458984 0.294922 0.458984 0.292969 0.460938 0.291016 0.460938 0.289062 0.462891 0.287109 0.468750 0.287109 0.470703 0.289062 0.470703 0.291016 0.472656 0.292969
0 0.542969 0.292969 0.542969 0.296875 0.539062 0.296875 0.537109 0.294922 0.541016 0.291016
0 0.416016 0.296875 0.414062 0.298828 0.414062 0.300781 0.412109 0.302734 0.406250 0.302734 0.404297 0.300781 0.404297 0.298828 0.402344 0.296875 0.402344 0.294922 0.404297 0.292969 0.404297 0.291016 0.406250 0.289062 0.412109 0.289062 0.414062 0.291016 0.414062 0.292969 0.416016 0.294922
0 0.445312 0.304688 0.443359 0.304688 0.441406 0.306641 0.431641 0.306641 0.425781 0.300781 0.425781 0.291016 0.427734 0.289062 0.429688 0.289062 0.429688 0.287109 0.431641 0.285156 0.441406 0.285156 0.447266 0.291016 0.447266 0.300781 0.445312 0.302734
0 0.630859 0.300781 0.630859 0.304688 0.626953 0.304688 0.625000 0.302734 0.628906 0.298828
0 0.103516 0.306641 0.101562 0.306641 0.099609 0.308594 0.095703 0.308594 0.093750 0.306641 0.093750 0.300781 0.095703 0.298828 0.099609 0.298828 0.101562 0.300781 0.103516 0.300781
0 0.619141 0.304688 0.619141 0.308594 0.615234 0.308594 0.613281 0.306641 0.617188 0.302734
0 0.800781 0.304688 0.800781 0.308594 0.796875 0.308594 0.794922 0.306641 0.798828 0.302734
0 0.562500 0.306641 0.562500 0.310547 0.558594 0.310547 0.556641 0.308594 0.560547 0.304688
0 0.091797 0.312500 0.089844 0.312500 0.087891 0.314453 0.083984 0.314453 0.082031 0.312500 0.082031 0.306641 0.083984 0.304688 0.087891 0.304688 0.089844 0.306641 0.091797 0.306641
0 0.556641 0.312500 0.556641 0.316406 0.552734 0.316406 0.550781 0.314453 0.554688 0.310547
0 0.570312 0.312500 0.570312 0.316406 0.566406 0.316406 0.564453 0.314453 0.568359 0.310547
0 0.423828 0.320312 0.421875 0.320312 0.419922 0.322266 0.416016 0.322266 0.414062 0.320312 0.414062 0.314453 0.416016 0.312500 0.419922 0.312500 0.421875 0.314453 0.423828 0.314453
0 0.562500 0.320312 0.562500 0.324219 0.558594 0.324219 0.556641 0.322266 0.560547 0.318359
0 0.076172 0.326172 0.070312 0.332031 0.064453 0.332031 0.058594 0.326172 0.058594 0.320312 0.064453 0.314453 0.070312 0.314453 0.076172 0.320312
0 0.478516 0.328125 0.478516 0.332031 0.474609 0.332031 0.472656 0.330078 0.476562 0.326172
0 0.373047 0.335938 0.371094 0.335938 0.369141 0.337891 0.365234 0.337891 0.363281 0.335938 0.363281 0.330078 0.365234 0.328125 0.369141 0.328125 0.371094 0.330078 0.373047 0.330078
0 0.464844 0.332031 0.464844 0.335938 0.460938 0.335938 0.458984 0.333984 0.462891 0.330078
0 0.480469 0.333984 0.480469 0.337891 0.476562 0.337891 0.474609 0.335938 0.478516 0.332031
0 0.705078 0.337891 0.705078 0.341797 0.701172 0.341797 0.699219 0.339844 0.703125 0.335938
0 0.404297 0.343750 0.398438 0.349609 0.392578 0.349609 0.386719 0.343750 0.386719 0.337891 0.392578 0.332031 0.398438 0.332031 0.404297 0.337891
0 0.472656 0.341797 0.472656 0.345703 0.468750 0.345703 0.466797 0.343750 0.470703 0.339844
0 0.068359 0.347656 0.066406 0.347656 0.064453 0.349609 0.060547 0.349609 0.058594 0.347656 0.058594 0.341797 0.060547 0.339844 0.064453 0.339844 0.066406 0.341797 0.068359 0.341797
0 0.384766 0.347656 0.382812 0.347656 0.380859 0.349609 0.376953 0.349609 0.375000 0.347656 0.375000 0.341797 0.376953 0.339844 0.380859 0.339844 0.382812 0.341797 0.384766 0.341797
0 0.351562 0.349609 0.351562 0.353516 0.347656 0.353516 0.345703 0.351562 0.349609 0.347656
0 0.394531 0.349609 0.394531 0.353516 0.390625 0.353516 0.388672 0.351562 0.392578 0.347656
0 0.693359 0.349609 0.693359 0.353516 0.689453 0.353516 0.687500 0.351562 0.691406 0.347656
0 0.712891 0.349609 0.712891 0.353516 0.708984 0.353516 0.707031 0.351562 0.710938 0.347656
0 0.341797 0.351562 0.341797 0.355469 0.337891 0.355469 0.335938 0.353516 0.339844 0.349609
0 0.314453 0.353516 0.314453 0.357422 0.310547 0.357422 0.308594 0.355469 0.312500 0.351562
0 0.326172 0.353516 0.326172 0.357422 0.322266 0.357422 0.320312 0.355469 0.324219 0.351562
0 0.341797 0.357422 0.341797 0.361328 0.337891 0.361328 0.335938 0.359375 0.339844 0.355469
0 0.441406 0.357422 0.441406 0.361328 0.437500 0.361328 0.435547 0.359375 0.439453 0.355469
0 0.707031 0.357422 0.707031 0.361328 0.703125 0.361328 0.701172 0.359375 0.705078 0.355469
0 0.060547 0.361328 0.058594 0.363281 0.058594 0.365234 0.056641 0.367188 0.050781 0.367188 0.048828 0.365234 0.048828 0.363281 0.046875 0.361328 0.046875 0.359375 0.048828 0.357422 0.048828 0.355469 0.050781 0.353516 0.056641 0.353516 0.058594 0.355469 0.058594 0.357422 0.060547 0.359375
0 0.320312 0.359375 0.320312 0.363281 0.316406 0.363281 0.314453 0.361328 0.318359 0.357422
0 0.353516 0.359375 0.353516 0.363281 0.349609 0.363281 0.347656 0.361328 0.351562 0.357422
0 0.447266 0.361328 0.447266 0.365234 0.443359 0.365234 0.441406 0.363281 0.445312 0.359375
0 0.367188 0.376953 0.365234 0.376953 0.363281 0.378906 0.353516 0.378906 0.347656 0.373047 0.347656 0.363281 0.349609 0.361328 0.351562 0.361328 0.351562 0.359375 0.353516 0.357422 0.363281 0.357422 0.369141 0.363281 0.369141 0.373047 0.367188 0.375000
0 0.431641 0.367188 0.431641 0.371094 0.427734 0.371094 0.425781 0.369141 0.429688 0.365234
0 0.449219 0.369141 0.449219 0.373047 0.445312 0.373047 0.443359 0.371094 0.447266 0.367188
0 0.359375 0.376953 0.359375 0.380859 0.355469 0.380859 0.353516 0.378906 0.357422 0.375000
0 0.380859 0.376953 0.380859 0.380859 0.376953 0.380859 0.375000 0.378906 0.378906 0.375000
0 0.439453 0.378906 0.439453 0.382812 0.435547 0.382812 0.433594 0.380859 0.437500 0.376953
0 0.369141 0.384766 0.367188 0.384766 0.365234 0.386719 0.361328 0.386719 0.359375 0.384766 0.359375 0.378906 0.361328 0.376953 0.365234 0.376953 0.367188 0.378906 0.369141 0.378906
0 0.433594 0.386719 0.431641 0.386719 0.429688 0.388672 0.425781 0.388672 0.423828 0.386719 0.423828 0.380859 0.425781 0.378906 0.429688 0.378906 0.431641 0.380859 0.433594 0.380859
0 0.601562 0.384766 0.601562 0.388672 0.597656 0.388672 0.595703 0.386719 0.599609 0.382812
0 0.283203 0.388672 0.281250 0.390625 0.281250 0.392578 0.279297 0.394531 0.273438 0.394531 0.271484 0.392578 0.271484 0.390625 0.269531 0.388672 0.269531 0.386719 0.271484 0.384766 0.271484 0.382812 0.273438 0.380859 0.279297 0.380859 0.281250 0.382812 0.281250 0.384766 0.283203 0.386719
0 0.482422 0.386719 0.482422 0.390625 0.478516 0.390625 0.476562 0.388672 0.480469 0.384766
0 0.363281 0.388672 0.363281 0.392578 0.359375 0.392578 0.357422 0.390625 0.361328 0.386719
0 0.560547 0.392578 0.560547 0.396484 0.556641 0.396484 0.554688 0.394531 0.558594 0.390625
0 0.466797 0.398438 0.464844 0.398438 0.462891 0.400391 0.458984 0.400391 0.457031 0.398438 0.457031 0.392578 0.458984 0.390625 0.462891 0.390625 0.464844 0.392578 0.466797 0.392578
0 0.599609 0.394531 0.599609 0.398438 0.595703 0.398438 0.593750 0.396484 0.597656 0.392578
0 0.382812 0.396484 0.382812 0.400391 0.378906 0.400391 0.376953 0.398438 0.380859 0.394531
0 0.427734 0.400391 0.425781 0.400391 0.423828 0.402344 0.419922 0.402344 0.417969 0.400391 0.417969 0.394531 0.419922 0.392578 0.423828 0.392578 0.425781 0.394531 0.427734 0.394531
0 0.488281 0.402344 0.486328 0.402344 0.484375 0.404297 0.480469 0.404297 0.478516 0.402344 0.478516 0.396484 0.480469 0.394531 0.484375 0.394531 0.486328 0.396484 0.488281 0.396484
0 0.333984 0.400391 0.333984 0.404297 0.330078 0.404297 0.328125 0.402344 0.332031 0.398438
0 0.341797 0.406250 0.339844 0.406250 0.337891 0.408203 0.333984 0.408203 0.332031 0.406250 0.332031 0.400391 0.333984 0.398438 0.337891 0.398438 0.339844 0.400391 0.341797 0.400391
0 0.392578 0.404297 0.390625 0.406250 0.390625 0.408203 0.388672 0.410156 0.382812 0.410156 0.380859 0.408203 0.380859 0.406250 0.378906 0.404297 0.378906 0.402344 0.380859 0.400391 0.380859 0.398438 0.382812 0.396484 0.388672 0.396484 0.390625 0.398438 0.390625 0.400391 0.392578 0.402344
0 0.412109 0.406250 0.410156 0.406250 0.408203 0.408203 0.404297 0.408203 0.402344 0.406250 0.402344 0.400391 0.404297 0.398438 0.408203 0.398438 0.410156 0.400391 0.412109 0.400391
0 0.326172 0.404297 0.326172 0.408203 0.322266 0.408203 0.320312 0.406250 0.324219 0.402344
0 0.394531 0.404297 0.394531 0.408203 0.390625 0.408203 0.388672 0.406250 0.392578 0.402344
0 0.306641 0.408203 0.304688 0.410156 0.304688 0.412109 0.302734 0.414062 0.296875 0.414062 0.294922 0.412109 0.294922 0.410156 0.292969 0.408203 0.292969 0.406250 0.294922 0.404297 0.294922 0.402344 0.296875 0.400391 0.302734 0.400391 0.304688 0.402344 0.304688 0.404297 0.306641 0.406250
0 0.470703 0.406250 0.470703 0.410156 0.466797 0.410156 0.464844 0.408203 0.468750 0.404297
0 0.478516 0.406250 0.478516 0.410156 0.474609 0.410156 0.472656 0.408203 0.476562 0.404297
0 0.279297 0.412109 0.273438 0.417969 0.267578 0.417969 0.261719 0.412109 0.261719 0.406250 0.267578 0.400391 0.273438 0.400391 0.279297 0.406250
0 0.550781 0.410156 0.550781 0.414062 0.546875 0.414062 0.544922 0.412109 0.548828 0.408203
0 0.261719 0.412109 0.261719 0.416016 0.257812 0.416016 0.255859 0.414062 0.259766 0.410156
0 0.419922 0.412109 0.419922 0.416016 0.416016 0.416016 0.414062 0.414062 0.417969 0.410156
0 0.373047 0.417969 0.371094 0.417969 0.369141 0.419922 0.365234 0.419922 0.363281 0.417969 0.363281 0.412109 0.365234 0.410156 0.369141 0.410156 0.371094 0.412109 0.373047 0.412109
0 0.535156 0.419922 0.533203 0.419922 0.531250 0.421875 0.527344 0.421875 0.525391 0.419922 0.525391 0.414062 0.527344 0.412109 0.531250 0.412109 0.533203 0.414062 0.535156 0.414062
0 0.566406 0.419922 0.560547 0.425781 0.554688 0.425781 0.548828 0.419922 0.548828 0.414062 0.554688 0.408203 0.560547 0.408203 0.566406 0.414062
0 0.570312 0.416016 0.570312 0.419922 0.566406 0.419922 0.564453 0.417969 0.568359 0.414062
0 0.769531 0.416016 0.769531 0.419922 0.765625 0.419922 0.763672 0.417969 0.767578 0.414062
0 0.087891 0.423828 0.085938 0.423828 0.083984 0.425781 0.080078 0.425781 0.078125 0.423828 0.078125 0.417969 0.080078 0.416016 0.083984 0.416016 0.085938 0.417969 0.087891 0.417969
0 0.546875 0.421875 0.546875 0.425781 0.542969 0.425781 0.541016 0.423828 0.544922 0.419922
0 0.585938 0.425781 0.583984 0.425781 0.582031 0.427734 0.578125 0.427734 0.576172 0.425781 0.576172 0.419922 0.578125 0.417969 0.582031 0.417969 0.583984 0.419922 0.585938 0.419922
0 0.771484 0.421875 0.771484 0.425781 0.767578 0.425781 0.765625 0.423828 0.769531 0.419922
0 0.263672 0.423828 0.263672 0.427734 0.259766 0.427734 0.257812 0.425781 0.261719 0.421875
0 0.330078 0.427734 0.328125 0.427734 0.326172 0.429688 0.322266 0.429688 0.320312 0.427734 0.320312 0.421875 0.322266 0.419922 0.326172 0.419922 0.328125 0.421875 0.330078 0.421875
0 0.390625 0.427734 0.384766 0.433594 0.378906 0.433594 0.373047 0.427734 0.373047 0.421875 0.378906 0.416016 0.384766 0.416016 0.390625 0.421875
0 0.564453 0.433594 0.562500 0.433594 0.560547 0.435547 0.550781 0.435547 0.544922 0.429688 0.544922 0.419922 0.546875 0.417969 0.548828 0.417969 0.548828 0.416016 0.550781 0.414062 0.560547 0.414062 0.566406 0.419922 0.566406 0.429688 0.564453 0.431641
0 0.781250 0.423828 0.781250 0.427734 0.777344 0.427734 0.775391 0.425781 0.779297 0.421875
0 0.541016 0.429688 0.539062 0.429688 0.537109 0.431641 0.533203 0.431641 0.531250 0.429688 0.531250 0.423828 0.533203 0.421875 0.537109 0.421875 0.539062 0.423828 0.541016 0.423828
0 0.667969 0.425781 0.667969 0.429688 0.664062 0.429688 0.662109 0.427734 0.666016 0.423828
0 0.445312 0.431641 0.443359 0.431641 0.441406 0.433594 0.437500 0.433594 0.435547 0.431641 0.435547 0.425781 0.437500 0.423828 0.441406 0.423828 0.443359 0.425781 0.445312 0.425781
0 0.718750 0.427734 0.718750 0.431641 0.714844 0.431641 0.712891 0.429688 0.716797 0.425781
0 0.525391 0.433594 0.523438 0.433594 0.521484 0.435547 0.517578 0.435547 0.515625 0.433594 0.515625 0.427734 0.517578 0.425781 0.521484 0.425781 0.523438 0.427734 0.525391 0.427734
0 0.580078 0.433594 0.578125 0.433594 0.576172 0.435547 0.572266 0.435547 0.570312 0.433594 0.570312 0.427734 0.572266 0.425781 0.576172 0.425781 0.578125 0.427734 0.580078 0.427734
0 0.318359 0.431641 0.318359 0.435547 0.314453 0.435547 0.312500 0.433594 0.316406 0.429688
0 0.353516 0.435547 0.347656 0.441406 0.341797 0.441406 0.335938 0.435547 0.335938 0.429688 0.341797 0.423828 0.347656 0.423828 0.353516 0.429688
0 0.480469 0.437500 0.478516 0.437500 0.476562 0.439453 0.472656 0.439453 0.470703 0.437500 0.470703 0.431641 0.472656 0.429688 0.476562 0.429688 0.478516 0.431641 0.480469 0.431641
0 0.541016 0.445312 0.539062 0.445312 0.537109 0.447266 0.527344 0.447266 0.521484 0.441406 0.521484 0.431641 0.523438 0.429688 0.525391 0.429688 0.525391 0.427734 0.527344 0.425781 0.537109 0.425781 0.542969 0.431641 0.542969 0.441406 0.541016 0.443359
0 0.597656 0.439453 0.595703 0.439453 0.593750 0.441406 0.589844 0.441406 0.587891 0.439453 0.587891 0.433594 0.589844 0.431641 0.593750 0.431641 0.595703 0.433594 0.597656 0.433594
0 0.666016 0.435547 0.666016 0.439453 0.662109 0.439453 0.660156 0.437500 0.664062 0.433594
0 0.726562 0.435547 0.726562 0.439453 0.722656 0.439453 0.720703 0.437500 0.724609 0.433594
0 0.712891 0.441406 0.710938 0.441406 0.708984 0.443359 0.705078 0.443359 0.703125 0.441406 0.703125 0.435547 0.705078 0.433594 0.708984 0.433594 0.710938 0.435547 0.712891 0.435547
0 0.328125 0.443359 0.326172 0.443359 0.324219 0.445312 0.320312 0.445312 0.318359 0.443359 0.318359 0.437500 0.320312 0.435547 0.324219 0.435547 0.326172 0.437500 0.328125 0.437500
0 0.500000 0.443359 0.498047 0.443359 0.496094 0.445312 0.492188 0.445312 0.490234 0.443359 0.490234 0.437500 0.492188 0.435547 0.496094 0.435547 0.498047 0.437500 0.500000 0.437500
0 0.720703 0.447266 0.718750 0.447266 0.716797 0.449219 0.712891 0.449219 0.710938 0.447266 0.710938 0.441406 0.712891 0.439453 0.716797 0.439453 0.718750 0.441406 0.720703 0.441406
0 0.345703 0.449219 0.343750 0.449219 0.341797 0.451172 0.337891 0.451172 0.335938 0.449219 0.335938 0.443359 0.337891 0.441406 0.341797 0.441406 0.343750 0.443359 0.345703 0.443359
0 0.376953 0.455078 0.375000 0.455078 0.373047 0.457031 0.363281 0.457031 0.357422 0.451172 0.357422 0.441406 0.359375 0.439453 0.361328 0.439453 0.361328 0.437500 0.363281 0.435547 0.373047 0.435547 0.378906 0.441406 0.378906 0.451172 0.376953 0.453125
0 0.435547 0.451172 0.429688 0.457031 0.423828 0.457031 0.417969 0.451172 0.417969 0.445312 0.423828 0.439453 0.429688 0.439453 0.435547 0.445312
0 0.464844 0.449219 0.462891 0.451172 0.462891 0.453125 0.460938 0.455078 0.455078 0.455078 0.453125 0.453125 0.453125 0.451172 0.451172 0.449219 0.451172 0.447266 0.453125 0.445312 0.453125 0.443359 0.455078 0.441406 0.460938 0.441406 0.462891 0.443359 0.462891 0.445312 0.464844 0.447266
0 0.871094 0.447266 0.871094 0.451172 0.867188 0.451172 0.865234 0.449219 0.869141 0.445312
0 0.101562 0.453125 0.099609 0.453125 0.097656 0.455078 0.093750 0.455078 0.091797 0.453125 0.091797 0.447266 0.093750 0.445312 0.097656 0.445312 0.099609 0.447266 0.101562 0.447266
0 0.449219 0.453125 0.447266 0.453125 0.445312 0.455078 0.441406 0.455078 0.439453 0.453125 0.439453 0.447266 0.441406 0.445312 0.445312 0.445312 0.447266 0.447266 0.449219 0.447266
0 0.519531 0.455078 0.517578 0.455078 0.515625 0.457031 0.511719 0.457031 0.509766 0.455078 0.509766 0.449219 0.511719 0.447266 0.515625 0.447266 0.517578 0.449219 0.519531 0.449219
0 0.265625 0.457031 0.263672 0.457031 0.261719 0.458984 0.257812 0.458984 0.255859 0.457031 0.255859 0.451172 0.257812 0.449219 0.261719 0.449219 0.263672 0.451172 0.265625 0.451172
0 0.281250 0.455078 0.279297 0.457031 0.279297 0.458984 0.277344 0.460938 0.271484 0.460938 0.269531 0.458984 0.269531 0.457031 0.267578 0.455078 0.267578 0.453125 0.269531 0.451172 0.269531 0.449219 0.271484 0.447266 0.277344 0.447266 0.279297 0.449219 0.279297 0.451172 0.281250 0.453125
0 0.292969 0.453125 0.292969 0.457031 0.289062 0.457031 0.287109 0.455078 0.291016 0.451172
0 0.343750 0.455078 0.341797 0.457031 0.341797 0.458984 0.339844 0.460938 0.333984 0.460938 0.332031 0.458984 0.332031 0.457031 0.330078 0.455078 0.330078 0.453125 0.332031 0.451172 0.332031 0.449219 0.333984 0.447266 0.339844 0.447266 0.341797 0.449219 0.341797 0.451172 0.343750 0.453125
0 0.402344 0.455078 0.400391 0.457031 0.400391 0.458984 0.398438 0.460938 0.392578 0.460938 0.390625 0.458984 0.390625 0.457031 0.388672 0.455078 0.388672 0.453125 0.390625 0.451172 0.390625 0.449219 0.392578 0.447266 0.398438 0.447266 0.400391 0.449219 0.400391 0.451172 0.402344 0.453125
0 0.599609 0.453125 0.599609 0.457031 0.595703 0.457031 0.593750 0.455078 0.597656 0.451172
0 0.322266 0.460938 0.320312 0.460938 0.318359 0.462891 0.314453 0.462891 0.312500 0.460938 0.312500 0.455078 0.314453 0.453125 0.318359 0.453125 0.320312 0.455078 0.322266 0.455078
0 0.154297 0.458984 0.154297 0.462891 0.150391 0.462891 0.148438 0.460938 0.152344 0.457031
0 0.478516 0.462891 0.476562 0.462891 0.474609 0.464844 0.470703 0.464844 0.468750 0.462891 0.468750 0.457031 0.470703 0.455078 0.474609 0.455078 0.476562 0.457031 0.478516 0.457031
0 0.503906 0.462891 0.501953 0.462891 0.500000 0.464844 0.496094 0.464844 0.494141 0.462891 0.494141 0.457031 0.496094 0.455078 0.500000 0.455078 0.501953 0.457031 0.503906 0.457031
0 0.591797 0.462891 0.589844 0.462891 0.587891 0.464844 0.583984 0.464844 0.582031 0.462891 0.582031 0.457031 0.583984 0.455078 0.587891 0.455078 0.589844 0.457031 0.591797 0.457031
0 0.535156 0.460938 0.535156 0.464844 0.531250 0.464844 0.529297 0.462891 0.533203 0.458984
0 0.871094 0.460938 0.871094 0.464844 0.867188 0.464844 0.865234 0.462891 0.869141 0.458984
0 0.328125 0.466797 0.326172 0.466797 0.324219 0.468750 0.320312 0.468750 0.318359 0.466797 0.318359 0.460938 0.320312 0.458984 0.324219 0.458984 0.326172 0.460938 0.328125 0.460938
0 0.378906 0.466797 0.373047 0.472656 0.367188 0.472656 0.361328 0.466797 0.361328 0.460938 0.367188 0.455078 0.373047 0.455078 0.378906 0.460938
0 0.310547 0.468750 0.308594 0.468750 0.306641 0.470703 0.302734 0.470703 0.300781 0.468750 0.300781 0.462891 0.302734 0.460938 0.306641 0.460938 0.308594 0.462891 0.310547 0.462891
0 0.673828 0.464844 0.673828 0.468750 0.669922 0.468750 0.667969 0.466797 0.671875 0.462891
0 0.824219 0.464844 0.824219 0.468750 0.820312 0.468750 0.818359 0.466797 0.822266 0.462891
0 0.462891 0.470703 0.460938 0.470703 0.458984 0.472656 0.455078 0.472656 0.453125 0.470703 0.453125 0.464844 0.455078 0.462891 0.458984 0.462891 0.460938 0.464844 0.462891 0.464844
0 0.406250 0.472656 0.404297 0.472656 0.402344 0.474609 0.398438 0.474609 0.396484 0.472656 0.396484 0.466797 0.398438 0.464844 0.402344 0.464844 0.404297 0.466797 0.406250 0.466797
0 0.478516 0.478516 0.476562 0.478516 0.474609 0.480469 0.464844 0.480469 0.458984 0.474609 0.458984 0.464844 0.460938 0.462891 0.462891 0.462891 0.462891 0.460938 0.464844 0.458984 0.474609 0.458984 0.480469 0.464844 0.480469 0.474609 0.478516 0.476562
0 0.667969 0.468750 0.667969 0.472656 0.664062 0.472656 0.662109 0.470703 0.666016 0.466797
0 0.812500 0.468750 0.812500 0.472656 0.808594 0.472656 0.806641 0.470703 0.810547 0.466797
0 0.273438 0.474609 0.271484 0.474609 0.269531 0.476562 0.265625 0.476562 0.263672 0.474609 0.263672 0.468750 0.265625 0.466797 0.269531 0.466797 0.271484 0.468750 0.273438 0.468750
0 0.369141 0.474609 0.367188 0.474609 0.365234 0.476562 0.361328 0.476562 0.359375 0.474609 0.359375 0.468750 0.361328 0.466797 0.365234 0.466797 0.367188 0.468750 0.369141 0.468750
0 0.234375 0.476562 0.232422 0.476562 0.230469 0.478516 0.226562 0.478516 0.224609 0.476562 0.224609 0.470703 0.226562 0.468750 0.230469 0.468750 0.232422 0.470703 0.234375 0.470703
0 0.257812 0.474609 0.255859 0.476562 0.255859 0.478516 0.253906 0.480469 0.248047 0.480469 0.246094 0.478516 0.246094 0.476562 0.244141 0.474609 0.244141 0.472656 0.246094 0.470703 0.246094 0.468750 0.248047 0.466797 0.253906 0.466797 0.255859 0.468750 0.255859 0.470703 0.257812 0.472656
0 0.355469 0.476562 0.349609 0.482422 0.343750 0.482422 0.337891 0.476562 0.337891 0.470703 0.343750 0.464844 0.349609 0.464844 0.355469 0.470703
0 0.117188 0.476562 0.115234 0.478516 0.115234 0.480469 0.113281 0.482422 0.107422 0.482422 0.105469 0.480469 0.105469 0.478516 0.103516 0.476562 0.103516 0.474609 0.105469 0.472656 0.105469 0.470703 0.107422 0.468750 0.113281 0.468750 0.115234 0.470703 0.115234 0.472656 0.117188 0.474609
0 0.212891 0.476562 0.210938 0.478516 0.210938 0.480469 0.208984 0.482422 0.203125 0.482422 0.201172 0.480469 0.201172 0.478516 0.199219 0.476562 0.199219 0.474609 0.201172 0.472656 0.201172 0.470703 0.203125 0.468750 0.208984 0.468750 0.210938 0.470703 0.210938 0.472656 0.212891 0.474609
0 0.818359 0.474609 0.818359 0.478516 0.814453 0.478516 0.812500 0.476562 0.816406 0.472656
0 0.181641 0.486328 0.179688 0.486328 0.177734 0.488281 0.167969 0.488281 0.162109 0.482422 0.162109 0.472656 0.164062 0.470703 0.166016 0.470703 0.166016 0.468750 0.167969 0.466797 0.177734 0.466797 0.183594 0.472656 0.183594 0.482422 0.181641 0.484375
0 0.673828 0.476562 0.673828 0.480469 0.669922 0.480469 0.667969 0.478516 0.671875 0.474609
0 0.339844 0.488281 0.337891 0.488281 0.335938 0.490234 0.326172 0.490234 0.320312 0.484375 0.320312 0.474609 0.322266 0.472656 0.324219 0.472656 0.324219 0.470703 0.326172 0.468750 0.335938 0.468750 0.341797 0.474609 0.341797 0.484375 0.339844 0.486328
0 0.519531 0.478516 0.519531 0.482422 0.515625 0.482422 0.513672 0.480469 0.517578 0.476562
0 0.148438 0.492188 0.146484 0.492188 0.144531 0.494141 0.134766 0.494141 0.128906 0.488281 0.128906 0.478516 0.130859 0.476562 0.132812 0.476562 0.132812 0.474609 0.134766 0.472656 0.144531 0.472656 0.150391 0.478516 0.150391 0.488281 0.148438 0.490234
0 0.185547 0.486328 0.183594 0.486328 0.181641 0.488281 0.177734 0.488281 0.175781 0.486328 0.175781 0.480469 0.177734 0.478516 0.181641 0.478516 0.183594 0.480469 0.185547 0.480469
0 0.171875 0.488281 0.169922 0.488281 0.167969 0.490234 0.164062 0.490234 0.162109 0.488281 0.162109 0.482422 0.164062 0.480469 0.167969 0.480469 0.169922 0.482422 0.171875 0.482422
0 0.337891 0.490234 0.335938 0.490234 0.333984 0.492188 0.330078 0.492188 0.328125 0.490234 0.328125 0.484375 0.330078 0.482422 0.333984 0.482422 0.335938 0.484375 0.337891 0.484375
0 0.464844 0.492188 0.462891 0.492188 0.460938 0.494141 0.457031 0.494141 0.455078 0.492188 0.455078 0.486328 0.457031 0.484375 0.460938 0.484375 0.462891 0.486328 0.464844 0.486328
0 0.320312 0.496094 0.318359 0.496094 0.316406 0.498047 0.312500 0.498047 0.310547 0.496094 0.310547 0.490234 0.312500 0.488281 0.316406 0.488281 0.318359 0.490234 0.320312 0.490234
0 0.494141 0.496094 0.492188 0.496094 0.490234 0.498047 0.486328 0.498047 0.484375 0.496094 0.484375 0.490234 0.486328 0.488281 0.490234 0.488281 0.492188 0.490234 0.494141 0.490234
0 0.001953 0.501953 0.000000 0.501953 0.000000 0.488281 0.001953 0.488281 0.003906 0.490234 0.003906 0.492188 0.005859 0.494141 0.005859 0.496094 0.003906 0.498047 0.003906 0.500000
0 0.283203 0.509766 0.281250 0.509766 0.279297 0.511719 0.269531 0.511719 0.263672 0.505859 0.263672 0.496094 0.265625 0.494141 0.267578 0.494141 0.267578 0.492188 0.269531 0.490234 0.279297 0.490234 0.285156 0.496094 0.285156 0.505859 0.283203 0.507812
0 0.298828 0.507812 0.296875 0.507812 0.294922 0.509766 0.291016 0.509766 0.289062 0.507812 0.289062 0.501953 0.291016 0.500000 0.294922 0.500000 0.296875 0.501953 0.298828 0.501953
0 0.498047 0.507812 0.498047 0.511719 0.494141 0.511719 0.492188 0.509766 0.496094 0.505859
0 0.558594 0.509766 0.556641 0.511719 0.556641 0.513672 0.554688 0.515625 0.548828 0.515625 0.546875 0.513672 0.546875 0.511719 0.544922 0.509766 0.544922 0.507812 0.546875 0.505859 0.546875 0.503906 0.548828 0.501953 0.554688 0.501953 0.556641 0.503906 0.556641 0.505859 0.558594 0.507812
0 0.804688 0.507812 0.804688 0.511719 0.800781 0.511719 0.798828 0.509766 0.802734 0.505859
0 0.867188 0.507812 0.867188 0.511719 0.863281 0.511719 0.861328 0.509766 0.865234 0.505859
0 0.484375 0.511719 0.484375 0.515625 0.480469 0.515625 0.478516 0.513672 0.482422 0.509766
0 0.601562 0.513672 0.599609 0.515625 0.599609 0.517578 0.597656 0.519531 0.591797 0.519531 0.589844 0.517578 0.589844 0.515625 0.587891 0.513672 0.587891 0.511719 0.589844 0.509766 0.589844 0.507812 0.591797 0.505859 0.597656 0.505859 0.599609 0.507812 0.599609 0.509766 0.601562 0.511719
0 0.876953 0.511719 0.876953 0.515625 0.873047 0.515625 0.871094 0.513672 0.875000 0.509766
0 0.472656 0.517578 0.466797 0.523438 0.460938 0.523438 0.455078 0.517578 0.455078 0.511719 0.460938 0.505859 0.466797 0.505859 0.472656 0.511719
0 0.578125 0.517578 0.576172 0.517578 0.574219 0.519531 0.570312 0.519531 0.568359 0.517578 0.568359 0.511719 0.570312 0.509766 0.574219 0.509766 0.576172 0.511719 0.578125 0.511719
0 0.810547 0.515625 0.810547 0.519531 0.806641 0.519531 0.804688 0.517578 0.808594 0.513672
0 0.865234 0.515625 0.865234 0.519531 0.861328 0.519531 0.859375 0.517578 0.863281 0.513672
0 0.513672 0.527344 0.513672 0.531250 0.509766 0.531250 0.507812 0.529297 0.511719 0.525391
0 0.562500 0.531250 0.560547 0.531250 0.558594 0.533203 0.554688 0.533203 0.552734 0.531250 0.552734 0.525391 0.554688 0.523438 0.558594 0.523438 0.560547 0.525391 0.562500 0.525391
0 0.589844 0.533203 0.587891 0.533203 0.585938 0.535156 0.582031 0.535156 0.580078 0.533203 0.580078 0.527344 0.582031 0.525391 0.585938 0.525391 0.587891 0.527344 0.589844 0.527344
0 0.976562 0.531250 0.974609 0.533203 0.974609 0.535156 0.972656 0.537109 0.966797 0.537109 0.964844 0.535156 0.964844 0.533203 0.962891 0.531250 0.962891 0.529297 0.964844 0.527344 0.964844 0.525391 0.966797 0.523438 0.972656 0.523438 0.974609 0.525391 0.974609 0.527344 0.976562 0.529297
0 0.078125 0.541016 0.076172 0.541016 0.074219 0.542969 0.064453 0.542969 0.058594 0.537109 0.058594 0.527344 0.060547 0.525391 0.062500 0.525391 0.062500 0.523438 0.064453 0.521484 0.074219 0.521484 0.080078 0.527344 0.080078 0.537109 0.078125 0.539062
0 0.519531 0.531250 0.519531 0.535156 0.515625 0.535156 0.513672 0.533203 0.517578 0.529297
0 0.925781 0.535156 0.925781 0.539062 0.921875 0.539062 0.919922 0.537109 0.923828 0.533203
0 0.523438 0.537109 0.523438 0.541016 0.519531 0.541016 0.517578 0.539062 0.521484 0.535156
0 0.552734 0.537109 0.552734 0.541016 0.548828 0.541016 0.546875 0.539062 0.550781 0.535156
0 0.501953 0.542969 0.500000 0.542969 0.498047 0.544922 0.494141 0.544922 0.492188 0.542969 0.492188 0.537109 0.494141 0.535156 0.498047 0.535156 0.500000 0.537109 0.501953 0.537109
0 0.917969 0.539062 0.917969 0.542969 0.914062 0.542969 0.912109 0.541016 0.916016 0.537109
0 0.472656 0.544922 0.470703 0.544922 0.468750 0.546875 0.464844 0.546875 0.462891 0.544922 0.462891 0.539062 0.464844 0.537109 0.468750 0.537109 0.470703 0.539062 0.472656 0.539062
0 0.089844 0.546875 0.087891 0.546875 0.085938 0.548828 0.082031 0.548828 0.080078 0.546875 0.080078 0.541016 0.082031 0.539062 0.085938 0.539062 0.087891 0.541016 0.089844 0.541016
0 0.558594 0.542969 0.558594 0.546875 0.554688 0.546875 0.552734 0.544922 0.556641 0.541016
0 0.666016 0.542969 0.666016 0.546875 0.662109 0.546875 0.660156 0.544922 0.664062 0.541016
0 0.509766 0.544922 0.509766 0.548828 0.505859 0.548828 0.503906 0.546875 0.507812 0.542969
0 0.517578 0.544922 0.517578 0.548828 0.513672 0.548828 0.511719 0.546875 0.515625 0.542969
0 0.095703 0.556641 0.093750 0.556641 0.091797 0.558594 0.087891 0.558594 0.085938 0.556641 0.085938 0.550781 0.087891 0.548828 0.091797 0.548828 0.093750 0.550781 0.095703 0.550781
0 0.050781 0.556641 0.048828 0.558594 0.048828 0.560547 0.046875 0.562500 0.041016 0.562500 0.039062 0.560547 0.039062 0.558594 0.037109 0.556641 0.037109 0.554688 0.039062 0.552734 0.039062 0.550781 0.041016 0.548828 0.046875 0.548828 0.048828 0.550781 0.048828 0.552734 0.050781 0.554688
0 0.662109 0.554688 0.662109 0.558594 0.658203 0.558594 0.656250 0.556641 0.660156 0.552734
0 0.966797 0.558594 0.964844 0.560547 0.964844 0.562500 0.962891 0.564453 0.957031 0.564453 0.955078 0.562500 0.955078 0.560547 0.953125 0.558594 0.953125 0.556641 0.955078 0.554688 0.955078 0.552734 0.957031 0.550781 0.962891 0.550781 0.964844 0.552734 0.964844 0.554688 0.966797 0.556641
0 0.980469 0.560547 0.978516 0.560547 0.976562 0.562500 0.972656 0.562500 0.970703 0.560547 0.970703 0.554688 0.972656 0.552734 0.976562 0.552734 0.978516 0.554688 0.980469 0.554688
0 0.566406 0.562500 0.564453 0.562500 0.562500 0.564453 0.558594 0.564453 0.556641 0.562500 0.556641 0.556641 0.558594 0.554688 0.562500 0.554688 0.564453 0.556641 0.566406 0.556641
0 0.464844 0.562500 0.462891 0.564453 0.462891 0.566406 0.460938 0.568359 0.455078 0.568359 0.453125 0.566406 0.453125 0.564453 0.451172 0.562500 0.451172 0.560547 0.453125 0.558594 0.453125 0.556641 0.455078 0.554688 0.460938 0.554688 0.462891 0.556641 0.462891 0.558594 0.464844 0.560547
0 0.761719 0.560547 0.761719 0.564453 0.757812 0.564453 0.755859 0.562500 0.759766 0.558594
0 0.753906 0.564453 0.753906 0.568359 0.750000 0.568359 0.748047 0.566406 0.751953 0.562500
0 0.269531 0.568359 0.267578 0.570312 0.267578 0.572266 0.265625 0.574219 0.259766 0.574219 0.257812 0.572266 0.257812 0.570312 0.255859 0.568359 0.255859 0.566406 0.257812 0.564453 0.257812 0.562500 0.259766 0.560547 0.265625 0.560547 0.267578 0.562500 0.267578 0.564453 0.269531 0.566406
0 0.484375 0.568359 0.482422 0.570312 0.482422 0.572266 0.480469 0.574219 0.474609 0.574219 0.472656 0.572266 0.472656 0.570312 0.470703 0.568359 0.470703 0.566406 0.472656 0.564453 0.472656 0.562500 0.474609 0.560547 0.480469 0.560547 0.482422 0.562500 0.482422 0.564453 0.484375 0.566406
0 0.519531 0.570312 0.519531 0.574219 0.515625 0.574219 0.513672 0.572266 0.517578 0.568359
0 0.529297 0.570312 0.529297 0.574219 0.525391 0.574219 0.523438 0.572266 0.527344 0.568359
0 0.759766 0.570312 0.759766 0.574219 0.755859 0.574219 0.753906 0.572266 0.757812 0.568359
0 0.441406 0.576172 0.439453 0.576172 0.437500 0.578125 0.433594 0.578125 0.431641 0.576172 0.431641 0.570312 0.433594 0.568359 0.437500 0.568359 0.439453 0.570312 0.441406 0.570312
0 0.503906 0.576172 0.501953 0.576172 0.500000 0.578125 0.496094 0.578125 0.494141 0.576172 0.494141 0.570312 0.496094 0.568359 0.500000 0.568359 0.501953 0.570312 0.503906 0.570312
0 0.111328 0.583984 0.109375 0.583984 0.107422 0.585938 0.097656 0.585938 0.091797 0.580078 0.091797 0.570312 0.093750 0.568359 0.095703 0.568359 0.095703 0.566406 0.097656 0.564453 0.107422 0.564453 0.113281 0.570312 0.113281 0.580078 0.111328 0.582031
0 0.292969 0.585938 0.291016 0.585938 0.289062 0.587891 0.279297 0.587891 0.273438 0.582031 0.273438 0.572266 0.275391 0.570312 0.277344 0.570312 0.277344 0.568359 0.279297 0.566406 0.289062 0.566406 0.294922 0.572266 0.294922 0.582031 0.292969 0.583984
0 0.556641 0.580078 0.554688 0.580078 0.552734 0.582031 0.548828 0.582031 0.546875 0.580078 0.546875 0.574219 0.548828 0.572266 0.552734 0.572266 0.554688 0.574219 0.556641 0.574219
0 0.464844 0.582031 0.462891 0.582031 0.460938 0.583984 0.457031 0.583984 0.455078 0.582031 0.455078 0.576172 0.457031 0.574219 0.460938 0.574219 0.462891 0.576172 0.464844 0.576172
0 0.570312 0.582031 0.568359 0.582031 0.566406 0.583984 0.562500 0.583984 0.560547 0.582031 0.560547 0.576172 0.562500 0.574219 0.566406 0.574219 0.568359 0.576172 0.570312 0.576172
0 0.000000 0.585938 0.000000 0.576172 0.001953 0.578125 0.003906 0.578125 0.003906 0.583984 0.001953 0.583984
0 0.416016 0.585938 0.414062 0.585938 0.412109 0.587891 0.408203 0.587891 0.406250 0.585938 0.406250 0.580078 0.408203 0.578125 0.412109 0.578125 0.414062 0.580078 0.416016 0.580078
0 0.435547 0.587891 0.429688 0.593750 0.423828 0.593750 0.417969 0.587891 0.417969 0.582031 0.423828 0.576172 0.429688 0.576172 0.435547 0.582031
0 0.498047 0.587891 0.496094 0.587891 0.494141 0.589844 0.490234 0.589844 0.488281 0.587891 0.488281 0.582031 0.490234 0.580078 0.494141 0.580078 0.496094 0.582031 0.498047 0.582031
0 0.117188 0.585938 0.117188 0.589844 0.113281 0.589844 0.111328 0.587891 0.115234 0.583984
0 0.193359 0.587891 0.191406 0.589844 0.191406 0.591797 0.189453 0.593750 0.183594 0.593750 0.181641 0.591797 0.181641 0.589844 0.179688 0.587891 0.179688 0.585938 0.181641 0.583984 0.181641 0.582031 0.183594 0.580078 0.189453 0.580078 0.191406 0.582031 0.191406 0.583984 0.193359 0.585938
0 0.205078 0.589844 0.203125 0.589844 0.201172 0.591797 0.197266 0.591797 0.195312 0.589844 0.195312 0.583984 0.197266 0.582031 0.201172 0.582031 0.203125 0.583984 0.205078 0.583984
0 0.259766 0.585938 0.259766 0.589844 0.255859 0.589844 0.253906 0.587891 0.257812 0.583984
0 0.230469 0.587891 0.230469 0.591797 0.226562 0.591797 0.224609 0.589844 0.228516 0.585938
0 0.220703 0.593750 0.218750 0.593750 0.216797 0.595703 0.212891 0.595703 0.210938 0.593750 0.210938 0.587891 0.212891 0.585938 0.216797 0.585938 0.218750 0.587891 0.220703 0.587891
0 0.248047 0.595703 0.246094 0.595703 0.244141 0.597656 0.240234 0.597656 0.238281 0.595703 0.238281 0.589844 0.240234 0.587891 0.244141 0.587891 0.246094 0.589844 0.248047 0.589844
0 0.447266 0.593750 0.445312 0.595703 0.445312 0.597656 0.443359 0.599609 0.437500 0.599609 0.435547 0.597656 0.435547 0.595703 0.433594 0.593750 0.433594 0.591797 0.435547 0.589844 0.435547 0.587891 0.437500 0.585938 0.443359 0.585938 0.445312 0.587891 0.445312 0.589844 0.447266 0.591797
0 0.652344 0.597656 0.650391 0.597656 0.648438 0.599609 0.644531 0.599609 0.642578 0.597656 0.642578 0.591797 0.644531 0.589844 0.648438 0.589844 0.650391 0.591797 0.652344 0.591797
0 0.812500 0.597656 0.810547 0.597656 0.808594 0.599609 0.804688 0.599609 0.802734 0.597656 0.802734 0.591797 0.804688 0.589844 0.808594 0.589844 0.810547 0.591797 0.812500 0.591797
0 0.181641 0.601562 0.179688 0.601562 0.177734 0.603516 0.173828 0.603516 0.171875 0.601562 0.171875 0.595703 0.173828 0.593750 0.177734 0.593750 0.179688 0.595703 0.181641 0.595703
0 0.441406 0.597656 0.441406 0.601562 0.437500 0.601562 0.435547 0.599609 0.439453 0.595703
0 0.277344 0.599609 0.277344 0.603516 0.273438 0.603516 0.271484 0.601562 0.275391 0.597656
0 0.824219 0.603516 0.822266 0.603516 0.820312 0.605469 0.816406 0.605469 0.814453 0.603516 0.814453 0.597656 0.816406 0.595703 0.820312 0.595703 0.822266 0.597656 0.824219 0.597656
0 0.388672 0.605469 0.386719 0.605469 0.384766 0.607422 0.380859 0.607422 0.378906 0.605469 0.378906 0.599609 0.380859 0.597656 0.384766 0.597656 0.386719 0.599609 0.388672 0.599609
0 0.634766 0.601562 0.634766 0.605469 0.630859 0.605469 0.628906 0.603516 0.632812 0.599609
0 0.802734 0.605469 0.800781 0.605469 0.798828 0.607422 0.794922 0.607422 0.792969 0.605469 0.792969 0.599609 0.794922 0.597656 0.798828 0.597656 0.800781 0.599609 0.802734 0.599609
0 0.585938 0.607422 0.583984 0.607422 0.582031 0.609375 0.578125 0.609375 0.576172 0.607422 0.576172 0.601562 0.578125 0.599609 0.582031 0.599609 0.583984 0.601562 0.585938 0.601562
0 0.912109 0.605469 0.912109 0.609375 0.908203 0.609375 0.906250 0.607422 0.910156 0.603516
0 0.919922 0.605469 0.919922 0.609375 0.916016 0.609375 0.914062 0.607422 0.917969 0.603516
0 0.332031 0.609375 0.330078 0.611328 0.330078 0.613281 0.328125 0.615234 0.322266 0.615234 0.320312 0.613281 0.320312 0.611328 0.318359 0.609375 0.318359 0.607422 0.320312 0.605469 0.320312 0.603516 0.322266 0.601562 0.328125 0.601562 0.330078 0.603516 0.330078 0.605469 0.332031 0.607422
0 0.441406 0.607422 0.441406 0.611328 0.437500 0.611328 0.435547 0.609375 0.439453 0.605469
0 0.628906 0.607422 0.628906 0.611328 0.625000 0.611328 0.623047 0.609375 0.626953 0.605469
0 0.642578 0.607422 0.642578 0.611328 0.638672 0.611328 0.636719 0.609375 0.640625 0.605469
0 0.589844 0.615234 0.587891 0.615234 0.585938 0.617188 0.582031 0.617188 0.580078 0.615234 0.580078 0.609375 0.582031 0.607422 0.585938 0.607422 0.587891 0.609375 0.589844 0.609375
0 0.923828 0.611328 0.923828 0.615234 0.919922 0.615234 0.917969 0.613281 0.921875 0.609375
0 0.355469 0.617188 0.353516 0.617188 0.351562 0.619141 0.347656 0.619141 0.345703 0.617188 0.345703 0.611328 0.347656 0.609375 0.351562 0.609375 0.353516 0.611328 0.355469 0.611328
0 0.570312 0.617188 0.568359 0.617188 0.566406 0.619141 0.562500 0.619141 0.560547 0.617188 0.560547 0.611328 0.562500 0.609375 0.566406 0.609375 0.568359 0.611328 0.570312 0.611328
0 0.802734 0.619141 0.800781 0.619141 0.798828 0.621094 0.794922 0.621094 0.792969 0.619141 0.792969 0.613281 0.794922 0.611328 0.798828 0.611328 0.800781 0.613281 0.802734 0.613281
0 0.824219 0.619141 0.822266 0.619141 0.820312 0.621094 0.816406 0.621094 0.814453 0.619141 0.814453 0.613281 0.816406 0.611328 0.820312 0.611328 0.822266 0.613281 0.824219 0.613281
0 0.171875 0.621094 0.166016 0.626953 0.160156 0.626953 0.154297 0.621094 0.154297 0.615234 0.160156 0.609375 0.166016 0.609375 0.171875 0.615234
0 0.439453 0.621094 0.437500 0.621094 0.435547 0.623047 0.431641 0.623047 0.429688 0.621094 0.429688 0.615234 0.431641 0.613281 0.435547 0.613281 0.437500 0.615234 0.439453 0.615234
0 0.912109 0.617188 0.912109 0.621094 0.908203 0.621094 0.906250 0.619141 0.910156 0.615234
0 0.132812 0.630859 0.130859 0.630859 0.128906 0.632812 0.119141 0.632812 0.113281 0.626953 0.113281 0.617188 0.115234 0.615234 0.117188 0.615234 0.117188 0.613281 0.119141 0.611328 0.128906 0.611328 0.134766 0.617188 0.134766 0.626953 0.132812 0.628906
0 0.406250 0.621094 0.406250 0.625000 0.402344 0.625000 0.400391 0.623047 0.404297 0.619141
0 0.396484 0.623047 0.396484 0.626953 0.392578 0.626953 0.390625 0.625000 0.394531 0.621094
0 0.453125 0.626953 0.451172 0.626953 0.449219 0.628906 0.445312 0.628906 0.443359 0.626953 0.443359 0.621094 0.445312 0.619141 0.449219 0.619141 0.451172 0.621094 0.453125 0.621094
0 0.437500 0.630859 0.435547 0.630859 0.433594 0.632812 0.429688 0.632812 0.427734 0.630859 0.427734 0.625000 0.429688 0.623047 0.433594 0.623047 0.435547 0.625000 0.437500 0.625000
0 0.169922 0.638672 0.167969 0.638672 0.166016 0.640625 0.156250 0.640625 0.150391 0.634766 0.150391 0.625000 0.152344 0.623047 0.154297 0.623047 0.154297 0.621094 0.156250 0.619141 0.166016 0.619141 0.171875 0.625000 0.171875 0.634766 0.169922 0.636719
0 0.130859 0.636719 0.128906 0.636719 0.126953 0.638672 0.123047 0.638672 0.121094 0.636719 0.121094 0.630859 0.123047 0.628906 0.126953 0.628906 0.128906 0.630859 0.130859 0.630859
0 0.451172 0.640625 0.449219 0.640625 0.447266 0.642578 0.443359 0.642578 0.441406 0.640625 0.441406 0.634766 0.443359 0.632812 0.447266 0.632812 0.449219 0.634766 0.451172 0.634766
0 0.541016 0.640625 0.539062 0.640625 0.537109 0.642578 0.533203 0.642578 0.531250 0.640625 0.531250 0.634766 0.533203 0.632812 0.537109 0.632812 0.539062 0.634766 0.541016 0.634766
0 0.361328 0.644531 0.361328 0.648438 0.357422 0.648438 0.355469 0.646484 0.359375 0.642578
0 0.558594 0.650391 0.556641 0.650391 0.554688 0.652344 0.550781 0.652344 0.548828 0.650391 0.548828 0.644531 0.550781 0.642578 0.554688 0.642578 0.556641 0.644531 0.558594 0.644531
0 0.744141 0.646484 0.744141 0.650391 0.740234 0.650391 0.738281 0.648438 0.742188 0.644531
0 0.351562 0.648438 0.351562 0.652344 0.347656 0.652344 0.345703 0.650391 0.349609 0.646484
0 0.449219 0.654297 0.447266 0.654297 0.445312 0.656250 0.441406 0.656250 0.439453 0.654297 0.439453 0.648438 0.441406 0.646484 0.445312 0.646484 0.447266 0.648438 0.449219 0.648438
0 0.431641 0.656250 0.429688 0.656250 0.427734 0.658203 0.423828 0.658203 0.421875 0.656250 0.421875 0.650391 0.423828 0.648438 0.427734 0.648438 0.429688 0.650391 0.431641 0.650391
0 0.546875 0.658203 0.544922 0.658203 0.542969 0.660156 0.539062 0.660156 0.537109 0.658203 0.537109 0.652344 0.539062 0.650391 0.542969 0.650391 0.544922 0.652344 0.546875 0.652344
0 0.359375 0.662109 0.357422 0.662109 0.355469 0.664062 0.351562 0.664062 0.349609 0.662109 0.349609 0.656250 0.351562 0.654297 0.355469 0.654297 0.357422 0.656250 0.359375 0.656250
0 0.740234 0.662109 0.738281 0.662109 0.736328 0.664062 0.732422 0.664062 0.730469 0.662109 0.730469 0.656250 0.732422 0.654297 0.736328 0.654297 0.738281 0.656250 0.740234 0.656250
0 0.095703 0.669922 0.093750 0.669922 0.091797 0.671875 0.082031 0.671875 0.076172 0.666016 0.076172 0.656250 0.078125 0.654297 0.080078 0.654297 0.080078 0.652344 0.082031 0.650391 0.091797 0.650391 0.097656 0.656250 0.097656 0.666016 0.095703 0.667969
0 0.156250 0.671875 0.154297 0.671875 0.152344 0.673828 0.142578 0.673828 0.136719 0.667969 0.136719 0.658203 0.138672 0.656250 0.140625 0.656250 0.140625 0.654297 0.142578 0.652344 0.152344 0.652344 0.158203 0.658203 0.158203 0.667969 0.156250 0.669922
0 0.441406 0.662109 0.441406 0.666016 0.437500 0.666016 0.435547 0.664062 0.439453 0.660156
0 0.144531 0.667969 0.142578 0.667969 0.140625 0.669922 0.136719 0.669922 0.134766 0.667969 0.134766 0.662109 0.136719 0.660156 0.140625 0.660156 0.142578 0.662109 0.144531 0.662109
0 0.298828 0.664062 0.298828 0.667969 0.294922 0.667969 0.292969 0.666016 0.296875 0.662109
0 0.339844 0.664062 0.339844 0.667969 0.335938 0.667969 0.333984 0.666016 0.337891 0.662109
0 0.394531 0.666016 0.392578 0.667969 0.392578 0.669922 0.390625 0.671875 0.384766 0.671875 0.382812 0.669922 0.382812 0.667969 0.380859 0.666016 0.380859 0.664062 0.382812 0.662109 0.382812 0.660156 0.384766 0.658203 0.390625 0.658203 0.392578 0.660156 0.392578 0.662109 0.394531 0.664062
0 0.060547 0.667969 0.058594 0.669922 0.058594 0.671875 0.056641 0.673828 0.050781 0.673828 0.048828 0.671875 0.048828 0.669922 0.046875 0.667969 0.046875 0.666016 0.048828 0.664062 0.048828 0.662109 0.050781 0.660156 0.056641 0.660156 0.058594 0.662109 0.058594 0.664062 0.060547 0.666016
0 0.308594 0.666016 0.308594 0.669922 0.304688 0.669922 0.302734 0.667969 0.306641 0.664062
0 0.349609 0.666016 0.349609 0.669922 0.345703 0.669922 0.343750 0.667969 0.347656 0.664062
0 0.517578 0.666016 0.517578 0.669922 0.513672 0.669922 0.511719 0.667969 0.515625 0.664062
0 0.554688 0.669922 0.552734 0.669922 0.550781 0.671875 0.546875 0.671875 0.544922 0.669922 0.544922 0.664062 0.546875 0.662109 0.550781 0.662109 0.552734 0.664062 0.554688 0.664062
0 0.589844 0.666016 0.589844 0.669922 0.585938 0.669922 0.583984 0.667969 0.587891 0.664062
0 0.732422 0.666016 0.732422 0.669922 0.728516 0.669922 0.726562 0.667969 0.730469 0.664062
0 0.744141 0.666016 0.744141 0.669922 0.740234 0.669922 0.738281 0.667969 0.742188 0.664062
0 0.171875 0.667969 0.171875 0.671875 0.167969 0.671875 0.166016 0.669922 0.169922 0.666016
0 0.646484 0.671875 0.644531 0.671875 0.642578 0.673828 0.638672 0.673828 0.636719 0.671875 0.636719 0.666016 0.638672 0.664062 0.642578 0.664062 0.644531 0.666016 0.646484 0.666016
0 0.837891 0.667969 0.837891 0.671875 0.833984 0.671875 0.832031 0.669922 0.835938 0.666016
0 0.296875 0.671875 0.294922 0.673828 0.294922 0.675781 0.292969 0.677734 0.287109 0.677734 0.285156 0.675781 0.285156 0.673828 0.283203 0.671875 0.283203 0.669922 0.285156 0.667969 0.285156 0.666016 0.287109 0.664062 0.292969 0.664062 0.294922 0.666016 0.294922 0.667969 0.296875 0.669922
0 0.345703 0.671875 0.345703 0.675781 0.341797 0.675781 0.339844 0.673828 0.343750 0.669922
0 0.523438 0.671875 0.523438 0.675781 0.519531 0.675781 0.517578 0.673828 0.521484 0.669922
0 0.583984 0.671875 0.583984 0.675781 0.580078 0.675781 0.578125 0.673828 0.582031 0.669922
0 0.599609 0.675781 0.597656 0.675781 0.595703 0.677734 0.591797 0.677734 0.589844 0.675781 0.589844 0.669922 0.591797 0.667969 0.595703 0.667969 0.597656 0.669922 0.599609 0.669922
0 0.734375 0.671875 0.734375 0.675781 0.730469 0.675781 0.728516 0.673828 0.732422 0.669922
0 0.513672 0.673828 0.513672 0.677734 0.509766 0.677734 0.507812 0.675781 0.511719 0.671875
0 0.832031 0.673828 0.832031 0.677734 0.828125 0.677734 0.826172 0.675781 0.830078 0.671875
0 0.281250 0.679688 0.279297 0.679688 0.277344 0.681641 0.273438 0.681641 0.271484 0.679688 0.271484 0.673828 0.273438 0.671875 0.277344 0.671875 0.279297 0.673828 0.281250 0.673828
0 0.441406 0.675781 0.441406 0.679688 0.437500 0.679688 0.435547 0.677734 0.439453 0.673828
0 0.595703 0.681641 0.593750 0.681641 0.591797 0.683594 0.587891 0.683594 0.585938 0.681641 0.585938 0.675781 0.587891 0.673828 0.591797 0.673828 0.593750 0.675781 0.595703 0.675781
0 0.839844 0.677734 0.839844 0.681641 0.835938 0.681641 0.833984 0.679688 0.837891 0.675781
0 0.623047 0.683594 0.617188 0.689453 0.611328 0.689453 0.605469 0.683594 0.605469 0.677734 0.611328 0.671875 0.617188 0.671875 0.623047 0.677734
0 0.675781 0.681641 0.675781 0.685547 0.671875 0.685547 0.669922 0.683594 0.673828 0.679688
0 0.435547 0.687500 0.433594 0.687500 0.431641 0.689453 0.427734 0.689453 0.425781 0.687500 0.425781 0.681641 0.427734 0.679688 0.431641 0.679688 0.433594 0.681641 0.435547 0.681641
0 0.484375 0.683594 0.484375 0.687500 0.480469 0.687500 0.478516 0.685547 0.482422 0.681641
0 0.535156 0.689453 0.533203 0.689453 0.531250 0.691406 0.527344 0.691406 0.525391 0.689453 0.525391 0.683594 0.527344 0.681641 0.531250 0.681641 0.533203 0.683594 0.535156 0.683594
0 0.599609 0.685547 0.599609 0.689453 0.595703 0.689453 0.593750 0.687500 0.597656 0.683594
0 0.130859 0.691406 0.125000 0.697266 0.119141 0.697266 0.113281 0.691406 0.113281 0.685547 0.119141 0.679688 0.125000 0.679688 0.130859 0.685547
0 0.490234 0.687500 0.490234 0.691406 0.486328 0.691406 0.484375 0.689453 0.488281 0.685547
0 0.529297 0.693359 0.527344 0.693359 0.525391 0.695312 0.521484 0.695312 0.519531 0.693359 0.519531 0.687500 0.521484 0.685547 0.525391 0.685547 0.527344 0.687500 0.529297 0.687500
0 0.541016 0.689453 0.541016 0.693359 0.537109 0.693359 0.535156 0.691406 0.539062 0.687500
0 0.628906 0.689453 0.628906 0.693359 0.625000 0.693359 0.623047 0.691406 0.626953 0.687500
0 0.802734 0.689453 0.802734 0.693359 0.798828 0.693359 0.796875 0.691406 0.800781 0.687500
0 0.617188 0.691406 0.617188 0.695312 0.613281 0.695312 0.611328 0.693359 0.615234 0.689453
0 0.412109 0.695312 0.410156 0.697266 0.410156 0.699219 0.408203 0.701172 0.402344 0.701172 0.400391 0.699219 0.400391 0.697266 0.398438 0.695312 0.398438 0.693359 0.400391 0.691406 0.400391 0.689453 0.402344 0.687500 0.408203 0.687500 0.410156 0.689453 0.410156 0.691406 0.412109 0.693359
0 0.298828 0.695312 0.298828 0.699219 0.294922 0.699219 0.292969 0.697266 0.296875 0.693359
0 0.466797 0.695312 0.466797 0.699219 0.462891 0.699219 0.460938 0.697266 0.464844 0.693359
0 0.257812 0.697266 0.257812 0.701172 0.253906 0.701172 0.251953 0.699219 0.255859 0.695312
0 0.310547 0.697266 0.310547 0.701172 0.306641 0.701172 0.304688 0.699219 0.308594 0.695312
0 0.650391 0.701172 0.648438 0.701172 0.646484 0.703125 0.642578 0.703125 0.640625 0.701172 0.640625 0.695312 0.642578 0.693359 0.646484 0.693359 0.648438 0.695312 0.650391 0.695312
0 0.472656 0.699219 0.472656 0.703125 0.468750 0.703125 0.466797 0.701172 0.470703 0.697266
0 0.544922 0.703125 0.542969 0.703125 0.541016 0.705078 0.537109 0.705078 0.535156 0.703125 0.535156 0.697266 0.537109 0.695312 0.541016 0.695312 0.542969 0.697266 0.544922 0.697266
0 0.623047 0.699219 0.623047 0.703125 0.619141 0.703125 0.617188 0.701172 0.621094 0.697266
0 0.638672 0.701172 0.636719 0.703125 0.636719 0.705078 0.634766 0.707031 0.628906 0.707031 0.626953 0.705078 0.626953 0.703125 0.625000 0.701172 0.625000 0.699219 0.626953 0.697266 0.626953 0.695312 0.628906 0.693359 0.634766 0.693359 0.636719 0.695312 0.636719 0.697266 0.638672 0.699219
0 0.392578 0.705078 0.390625 0.705078 0.388672 0.707031 0.384766 0.707031 0.382812 0.705078 0.382812 0.699219 0.384766 0.697266 0.388672 0.697266 0.390625 0.699219 0.392578 0.699219
0 0.535156 0.701172 0.535156 0.705078 0.531250 0.705078 0.529297 0.703125 0.533203 0.699219
0 0.462891 0.703125 0.462891 0.707031 0.458984 0.707031 0.457031 0.705078 0.460938 0.701172
0 0.492188 0.705078 0.490234 0.707031 0.490234 0.708984 0.488281 0.710938 0.482422 0.710938 0.480469 0.708984 0.480469 0.707031 0.478516 0.705078 0.478516 0.703125 0.480469 0.701172 0.480469 0.699219 0.482422 0.697266 0.488281 0.697266 0.490234 0.699219 0.490234 0.701172 0.492188 0.703125
0 0.208984 0.705078 0.208984 0.708984 0.205078 0.708984 0.203125 0.707031 0.207031 0.703125
0 0.220703 0.705078 0.220703 0.708984 0.216797 0.708984 0.214844 0.707031 0.218750 0.703125
0 0.656250 0.708984 0.654297 0.708984 0.652344 0.710938 0.648438 0.710938 0.646484 0.708984 0.646484 0.703125 0.648438 0.701172 0.652344 0.701172 0.654297 0.703125 0.656250 0.703125
0 0.130859 0.716797 0.128906 0.716797 0.126953 0.718750 0.117188 0.718750 0.111328 0.712891 0.111328 0.703125 0.113281 0.701172 0.115234 0.701172 0.115234 0.699219 0.117188 0.697266 0.126953 0.697266 0.132812 0.703125 0.132812 0.712891 0.130859 0.714844
0 0.251953 0.707031 0.251953 0.710938 0.248047 0.710938 0.246094 0.708984 0.250000 0.705078
0 0.369141 0.708984 0.367188 0.710938 0.367188 0.712891 0.365234 0.714844 0.359375 0.714844 0.357422 0.712891 0.357422 0.710938 0.355469 0.708984 0.355469 0.707031 0.357422 0.705078 0.357422 0.703125 0.359375 0.701172 0.365234 0.701172 0.367188 0.703125 0.367188 0.705078 0.369141 0.707031
0 0.474609 0.710938 0.472656 0.710938 0.470703 0.712891 0.466797 0.712891 0.464844 0.710938 0.464844 0.705078 0.466797 0.703125 0.470703 0.703125 0.472656 0.705078 0.474609 0.705078
0 0.531250 0.710938 0.525391 0.716797 0.519531 0.716797 0.513672 0.710938 0.513672 0.705078 0.519531 0.699219 0.525391 0.699219 0.531250 0.705078
0 0.761719 0.707031 0.761719 0.710938 0.757812 0.710938 0.755859 0.708984 0.759766 0.705078
0 0.433594 0.718750 0.431641 0.718750 0.429688 0.720703 0.419922 0.720703 0.414062 0.714844 0.414062 0.705078 0.416016 0.703125 0.417969 0.703125 0.417969 0.701172 0.419922 0.699219 0.429688 0.699219 0.435547 0.705078 0.435547 0.714844 0.433594 0.716797
0 0.509766 0.712891 0.507812 0.712891 0.505859 0.714844 0.501953 0.714844 0.500000 0.712891 0.500000 0.707031 0.501953 0.705078 0.505859 0.705078 0.507812 0.707031 0.509766 0.707031
0 0.261719 0.714844 0.259766 0.714844 0.257812 0.716797 0.253906 0.716797 0.251953 0.714844 0.251953 0.708984 0.253906 0.707031 0.257812 0.707031 0.259766 0.708984 0.261719 0.708984
0 0.691406 0.710938 0.691406 0.714844 0.687500 0.714844 0.685547 0.712891 0.689453 0.708984
0 0.152344 0.716797 0.150391 0.716797 0.148438 0.718750 0.144531 0.718750 0.142578 0.716797 0.142578 0.710938 0.144531 0.708984 0.148438 0.708984 0.150391 0.710938 0.152344 0.710938
0 0.322266 0.722656 0.320312 0.722656 0.318359 0.724609 0.308594 0.724609 0.302734 0.718750 0.302734 0.708984 0.304688 0.707031 0.306641 0.707031 0.306641 0.705078 0.308594 0.703125 0.318359 0.703125 0.324219 0.708984 0.324219 0.718750 0.322266 0.720703
0 0.322266 0.712891 0.322266 0.716797 0.318359 0.716797 0.316406 0.714844 0.320312 0.710938
0 0.058594 0.718750 0.056641 0.718750 0.054688 0.720703 0.050781 0.720703 0.048828 0.718750 0.048828 0.712891 0.050781 0.710938 0.054688 0.710938 0.056641 0.712891 0.058594 0.712891
0 0.164062 0.714844 0.164062 0.718750 0.160156 0.718750 0.158203 0.716797 0.162109 0.712891
0 0.646484 0.718750 0.644531 0.718750 0.642578 0.720703 0.638672 0.720703 0.636719 0.718750 0.636719 0.712891 0.638672 0.710938 0.642578 0.710938 0.644531 0.712891 0.646484 0.712891
0 0.685547 0.714844 0.685547 0.718750 0.681641 0.718750 0.679688 0.716797 0.683594 0.712891
0 0.390625 0.718750 0.388672 0.720703 0.388672 0.722656 0.386719 0.724609 0.380859 0.724609 0.378906 0.722656 0.378906 0.720703 0.376953 0.718750 0.376953 0.716797 0.378906 0.714844 0.378906 0.712891 0.380859 0.710938 0.386719 0.710938 0.388672 0.712891 0.388672 0.714844 0.390625 0.716797
0 0.156250 0.718750 0.156250 0.722656 0.152344 0.722656 0.150391 0.720703 0.154297 0.716797
0 0.234375 0.718750 0.234375 0.722656 0.230469 0.722656 0.228516 0.720703 0.232422 0.716797
0 0.308594 0.718750 0.308594 0.722656 0.304688 0.722656 0.302734 0.720703 0.306641 0.716797
0 0.421875 0.728516 0.419922 0.728516 0.417969 0.730469 0.408203 0.730469 0.402344 0.724609 0.402344 0.714844 0.404297 0.712891 0.406250 0.712891 0.406250 0.710938 0.408203 0.708984 0.417969 0.708984 0.423828 0.714844 0.423828 0.724609 0.421875 0.726562
0 0.582031 0.720703 0.580078 0.722656 0.580078 0.724609 0.578125 0.726562 0.572266 0.726562 0.570312 0.724609 0.570312 0.722656 0.568359 0.720703 0.568359 0.718750 0.570312 0.716797 0.570312 0.714844 0.572266 0.712891 0.578125 0.712891 0.580078 0.714844 0.580078 0.716797 0.582031 0.718750
0 0.287109 0.720703 0.287109 0.724609 0.283203 0.724609 0.281250 0.722656 0.285156 0.718750
0 0.337891 0.724609 0.335938 0.724609 0.333984 0.726562 0.330078 0.726562 0.328125 0.724609 0.328125 0.718750 0.330078 0.716797 0.333984 0.716797 0.335938 0.718750 0.337891 0.718750
0 0.833984 0.720703 0.833984 0.724609 0.830078 0.724609 0.828125 0.722656 0.832031 0.718750
0 0.845703 0.720703 0.845703 0.724609 0.841797 0.724609 0.839844 0.722656 0.843750 0.718750
0 0.064453 0.726562 0.062500 0.726562 0.060547 0.728516 0.056641 0.728516 0.054688 0.726562 0.054688 0.720703 0.056641 0.718750 0.060547 0.718750 0.062500 0.720703 0.064453 0.720703
0 0.300781 0.726562 0.298828 0.726562 0.296875 0.728516 0.292969 0.728516 0.291016 0.726562 0.291016 0.720703 0.292969 0.718750 0.296875 0.718750 0.298828 0.720703 0.300781 0.720703
0 0.425781 0.722656 0.425781 0.726562 0.421875 0.726562 0.419922 0.724609 0.423828 0.720703
0 0.615234 0.724609 0.613281 0.726562 0.613281 0.728516 0.611328 0.730469 0.605469 0.730469 0.603516 0.728516 0.603516 0.726562 0.601562 0.724609 0.601562 0.722656 0.603516 0.720703 0.603516 0.718750 0.605469 0.716797 0.611328 0.716797 0.613281 0.718750 0.613281 0.720703 0.615234 0.722656
0 0.273438 0.728516 0.271484 0.728516 0.269531 0.730469 0.265625 0.730469 0.263672 0.728516 0.263672 0.722656 0.265625 0.720703 0.269531 0.720703 0.271484 0.722656 0.273438 0.722656
0 0.689453 0.728516 0.687500 0.728516 0.685547 0.730469 0.681641 0.730469 0.679688 0.728516 0.679688 0.722656 0.681641 0.720703 0.685547 0.720703 0.687500 0.722656 0.689453 0.722656
0 0.310547 0.726562 0.310547 0.730469 0.306641 0.730469 0.304688 0.728516 0.308594 0.724609
0 0.574219 0.728516 0.572266 0.730469 0.572266 0.732422 0.570312 0.734375 0.564453 0.734375 0.562500 0.732422 0.562500 0.730469 0.560547 0.728516 0.560547 0.726562 0.562500 0.724609 0.562500 0.722656 0.564453 0.720703 0.570312 0.720703 0.572266 0.722656 0.572266 0.724609 0.574219 0.726562
0 0.843750 0.726562 0.843750 0.730469 0.839844 0.730469 0.837891 0.728516 0.841797 0.724609
0 0.285156 0.728516 0.285156 0.732422 0.281250 0.732422 0.279297 0.730469 0.283203 0.726562
0 0.322266 0.728516 0.322266 0.732422 0.318359 0.732422 0.316406 0.730469 0.320312 0.726562
0 0.523438 0.732422 0.521484 0.732422 0.519531 0.734375 0.515625 0.734375 0.513672 0.732422 0.513672 0.726562 0.515625 0.724609 0.519531 0.724609 0.521484 0.726562 0.523438 0.726562
0 0.548828 0.728516 0.548828 0.732422 0.544922 0.732422 0.542969 0.730469 0.546875 0.726562
0 0.601562 0.730469 0.599609 0.732422 0.599609 0.734375 0.597656 0.736328 0.591797 0.736328 0.589844 0.734375 0.589844 0.732422 0.587891 0.730469 0.587891 0.728516 0.589844 0.726562 0.589844 0.724609 0.591797 0.722656 0.597656 0.722656 0.599609 0.724609 0.599609 0.726562 0.601562 0.728516
0 0.101562 0.740234 0.099609 0.740234 0.097656 0.742188 0.087891 0.742188 0.082031 0.736328 0.082031 0.726562 0.083984 0.724609 0.085938 0.724609 0.085938 0.722656 0.087891 0.720703 0.097656 0.720703 0.103516 0.726562 0.103516 0.736328 0.101562 0.738281
0 0.392578 0.734375 0.390625 0.734375 0.388672 0.736328 0.384766 0.736328 0.382812 0.734375 0.382812 0.728516 0.384766 0.726562 0.388672 0.726562 0.390625 0.728516 0.392578 0.728516
0 0.484375 0.730469 0.484375 0.734375 0.480469 0.734375 0.478516 0.732422 0.482422 0.728516
0 0.695312 0.730469 0.695312 0.734375 0.691406 0.734375 0.689453 0.732422 0.693359 0.728516
0 0.291016 0.732422 0.291016 0.736328 0.287109 0.736328 0.285156 0.734375 0.289062 0.730469
0 0.986328 0.732422 0.986328 0.736328 0.982422 0.736328 0.980469 0.734375 0.984375 0.730469
0 0.259766 0.734375 0.259766 0.738281 0.255859 0.738281 0.253906 0.736328 0.257812 0.732422
0 0.302734 0.736328 0.300781 0.738281 0.300781 0.740234 0.298828 0.742188 0.292969 0.742188 0.291016 0.740234 0.291016 0.738281 0.289062 0.736328 0.289062 0.734375 0.291016 0.732422 0.291016 0.730469 0.292969 0.728516 0.298828 0.728516 0.300781 0.730469 0.300781 0.732422 0.302734 0.734375
0 0.507812 0.736328 0.505859 0.738281 0.505859 0.740234 0.503906 0.742188 0.498047 0.742188 0.496094 0.740234 0.496094 0.738281 0.494141 0.736328 0.494141 0.734375 0.496094 0.732422 0.496094 0.730469 0.498047 0.728516 0.503906 0.728516 0.505859 0.730469 0.505859 0.732422 0.507812 0.734375
0 0.144531 0.738281 0.142578 0.740234 0.142578 0.742188 0.140625 0.744141 0.134766 0.744141 0.132812 0.742188 0.132812 0.740234 0.130859 0.738281 0.130859 0.736328 0.132812 0.734375 0.132812 0.732422 0.134766 0.730469 0.140625 0.730469 0.142578 0.732422 0.142578 0.734375 0.144531 0.736328
0 0.322266 0.740234 0.316406 0.746094 0.310547 0.746094 0.304688 0.740234 0.304688 0.734375 0.310547 0.728516 0.316406 0.728516 0.322266 0.734375
0 0.347656 0.740234 0.345703 0.740234 0.343750 0.742188 0.339844 0.742188 0.337891 0.740234 0.337891 0.734375 0.339844 0.732422 0.343750 0.732422 0.345703 0.734375 0.347656 0.734375
0 0.373047 0.738281 0.371094 0.740234 0.371094 0.742188 0.369141 0.744141 0.363281 0.744141 0.361328 0.742188 0.361328 0.740234 0.359375 0.738281 0.359375 0.736328 0.361328 0.734375 0.361328 0.732422 0.363281 0.730469 0.369141 0.730469 0.371094 0.732422 0.371094 0.734375 0.373047 0.736328
0 0.777344 0.740234 0.775391 0.740234 0.773438 0.742188 0.769531 0.742188 0.767578 0.740234 0.767578 0.734375 0.769531 0.732422 0.773438 0.732422 0.775391 0.734375 0.777344 0.734375
0 0.976562 0.736328 0.976562 0.740234 0.972656 0.740234 0.970703 0.738281 0.974609 0.734375
0 0.451172 0.738281 0.451172 0.742188 0.447266 0.742188 0.445312 0.740234 0.449219 0.736328
0 0.689453 0.738281 0.689453 0.742188 0.685547 0.742188 0.683594 0.740234 0.687500 0.736328
0 0.732422 0.740234 0.730469 0.742188 0.730469 0.744141 0.728516 0.746094 0.722656 0.746094 0.720703 0.744141 0.720703 0.742188 0.718750 0.740234 0.718750 0.738281 0.720703 0.736328 0.720703 0.734375 0.722656 0.732422 0.728516 0.732422 0.730469 0.734375 0.730469 0.736328 0.732422 0.738281
0 0.998047 0.750000 0.994141 0.750000 0.988281 0.744141 0.988281 0.738281 0.994141 0.732422 0.998047 0.732422
0 0.308594 0.742188 0.308594 0.746094 0.304688 0.746094 0.302734 0.744141 0.306641 0.740234
0 0.482422 0.746094 0.480469 0.746094 0.478516 0.748047 0.474609 0.748047 0.472656 0.746094 0.472656 0.740234 0.474609 0.738281 0.478516 0.738281 0.480469 0.740234 0.482422 0.740234
0 0.111328 0.748047 0.105469 0.753906 0.099609 0.753906 0.093750 0.748047 0.093750 0.742188 0.099609 0.736328 0.105469 0.736328 0.111328 0.742188
0 0.298828 0.744141 0.298828 0.748047 0.294922 0.748047 0.292969 0.746094 0.296875 0.742188
0 0.808594 0.744141 0.808594 0.748047 0.804688 0.748047 0.802734 0.746094 0.806641 0.742188
0 0.601562 0.748047 0.599609 0.750000 0.599609 0.751953 0.597656 0.753906 0.591797 0.753906 0.589844 0.751953 0.589844 0.750000 0.587891 0.748047 0.587891 0.746094 0.589844 0.744141 0.589844 0.742188 0.591797 0.740234 0.597656 0.740234 0.599609 0.742188 0.599609 0.744141 0.601562 0.746094
0 0.978516 0.746094 0.978516 0.750000 0.974609 0.750000 0.972656 0.748047 0.976562 0.744141
0 0.990234 0.746094 0.990234 0.750000 0.986328 0.750000 0.984375 0.748047 0.988281 0.744141
0 0.343750 0.748047 0.343750 0.751953 0.339844 0.751953 0.337891 0.750000 0.341797 0.746094
0 0.781250 0.748047 0.781250 0.751953 0.777344 0.751953 0.775391 0.750000 0.779297 0.746094
0 0.814453 0.748047 0.814453 0.751953 0.810547 0.751953 0.808594 0.750000 0.812500 0.746094
0 0.519531 0.753906 0.517578 0.753906 0.515625 0.755859 0.511719 0.755859 0.509766 0.753906 0.509766 0.748047 0.511719 0.746094 0.515625 0.746094 0.517578 0.748047 0.519531 0.748047
0 0.761719 0.753906 0.759766 0.753906 0.757812 0.755859 0.753906 0.755859 0.751953 0.753906 0.751953 0.748047 0.753906 0.746094 0.757812 0.746094 0.759766 0.748047 0.761719 0.748047
0 0.304688 0.751953 0.304688 0.755859 0.300781 0.755859 0.298828 0.753906 0.302734 0.750000
0 0.378906 0.755859 0.376953 0.755859 0.375000 0.757812 0.371094 0.757812 0.369141 0.755859 0.369141 0.750000 0.371094 0.748047 0.375000 0.748047 0.376953 0.750000 0.378906 0.750000
0 0.582031 0.753906 0.580078 0.755859 0.580078 0.757812 0.578125 0.759766 0.572266 0.759766 0.570312 0.757812 0.570312 0.755859 0.568359 0.753906 0.568359 0.751953 0.570312 0.750000 0.570312 0.748047 0.572266 0.746094 0.578125 0.746094 0.580078 0.748047 0.580078 0.750000 0.582031 0.751953
0 0.642578 0.755859 0.640625 0.755859 0.638672 0.757812 0.634766 0.757812 0.632812 0.755859 0.632812 0.750000 0.634766 0.748047 0.638672 0.748047 0.640625 0.750000 0.642578 0.750000
0 0.439453 0.755859 0.437500 0.757812 0.437500 0.759766 0.435547 0.761719 0.429688 0.761719 0.427734 0.759766 0.427734 0.757812 0.425781 0.755859 0.425781 0.753906 0.427734 0.751953 0.427734 0.750000 0.429688 0.748047 0.435547 0.748047 0.437500 0.750000 0.437500 0.751953 0.439453 0.753906
0 0.634766 0.763672 0.632812 0.763672 0.630859 0.765625 0.621094 0.765625 0.615234 0.759766 0.615234 0.750000 0.617188 0.748047 0.619141 0.748047 0.619141 0.746094 0.621094 0.744141 0.630859 0.744141 0.636719 0.750000 0.636719 0.759766 0.634766 0.761719
0 0.466797 0.759766 0.460938 0.765625 0.455078 0.765625 0.449219 0.759766 0.449219 0.753906 0.455078 0.748047 0.460938 0.748047 0.466797 0.753906
0 0.542969 0.759766 0.541016 0.759766 0.539062 0.761719 0.535156 0.761719 0.533203 0.759766 0.533203 0.753906 0.535156 0.751953 0.539062 0.751953 0.541016 0.753906 0.542969 0.753906
0 0.765625 0.755859 0.765625 0.759766 0.761719 0.759766 0.759766 0.757812 0.763672 0.753906
0 0.449219 0.761719 0.447266 0.761719 0.445312 0.763672 0.441406 0.763672 0.439453 0.761719 0.439453 0.755859 0.441406 0.753906 0.445312 0.753906 0.447266 0.755859 0.449219 0.755859
0 0.710938 0.759766 0.708984 0.761719 0.708984 0.763672 0.707031 0.765625 0.701172 0.765625 0.699219 0.763672 0.699219 0.761719 0.697266 0.759766 0.697266 0.757812 0.699219 0.755859 0.699219 0.753906 0.701172 0.751953 0.707031 0.751953 0.708984 0.753906 0.708984 0.755859 0.710938 0.757812
0 0.406250 0.763672 0.404297 0.763672 0.402344 0.765625 0.398438 0.765625 0.396484 0.763672 0.396484 0.757812 0.398438 0.755859 0.402344 0.755859 0.404297 0.757812 0.406250 0.757812
0 0.722656 0.771484 0.720703 0.771484 0.718750 0.773438 0.708984 0.773438 0.703125 0.767578 0.703125 0.757812 0.705078 0.755859 0.707031 0.755859 0.707031 0.753906 0.708984 0.751953 0.718750 0.751953 0.724609 0.757812 0.724609 0.767578 0.722656 0.769531
0 0.164062 0.773438 0.162109 0.773438 0.160156 0.775391 0.150391 0.775391 0.144531 0.769531 0.144531 0.759766 0.146484 0.757812 0.148438 0.757812 0.148438 0.755859 0.150391 0.753906 0.160156 0.753906 0.166016 0.759766 0.166016 0.769531 0.164062 0.771484
0 0.365234 0.763672 0.365234 0.767578 0.361328 0.767578 0.359375 0.765625 0.363281 0.761719
0 0.416016 0.767578 0.410156 0.773438 0.404297 0.773438 0.398438 0.767578 0.398438 0.761719 0.404297 0.755859 0.410156 0.755859 0.416016 0.761719
0 0.734375 0.767578 0.732422 0.767578 0.730469 0.769531 0.726562 0.769531 0.724609 0.767578 0.724609 0.761719 0.726562 0.759766 0.730469 0.759766 0.732422 0.761719 0.734375 0.761719
0 0.603516 0.769531 0.597656 0.775391 0.591797 0.775391 0.585938 0.769531 0.585938 0.763672 0.591797 0.757812 0.597656 0.757812 0.603516 0.763672
0 0.673828 0.775391 0.671875 0.775391 0.669922 0.777344 0.660156 0.777344 0.654297 0.771484 0.654297 0.761719 0.656250 0.759766 0.658203 0.759766 0.658203 0.757812 0.660156 0.755859 0.669922 0.755859 0.675781 0.761719 0.675781 0.771484 0.673828 0.773438
0 0.560547 0.771484 0.554688 0.777344 0.548828 0.777344 0.542969 0.771484 0.542969 0.765625 0.548828 0.759766 0.554688 0.759766 0.560547 0.765625
0 0.746094 0.771484 0.744141 0.771484 0.742188 0.773438 0.738281 0.773438 0.736328 0.771484 0.736328 0.765625 0.738281 0.763672 0.742188 0.763672 0.744141 0.765625 0.746094 0.765625
0 0.960938 0.767578 0.960938 0.771484 0.957031 0.771484 0.955078 0.769531 0.958984 0.765625
0 0.410156 0.773438 0.408203 0.773438 0.406250 0.775391 0.402344 0.775391 0.400391 0.773438 0.400391 0.767578 0.402344 0.765625 0.406250 0.765625 0.408203 0.767578 0.410156 0.767578
0 0.533203 0.773438 0.531250 0.773438 0.529297 0.775391 0.525391 0.775391 0.523438 0.773438 0.523438 0.767578 0.525391 0.765625 0.529297 0.765625 0.531250 0.767578 0.533203 0.767578
0 0.869141 0.769531 0.869141 0.773438 0.865234 0.773438 0.863281 0.771484 0.867188 0.767578
0 0.574219 0.775391 0.572266 0.775391 0.570312 0.777344 0.566406 0.777344 0.564453 0.775391 0.564453 0.769531 0.566406 0.767578 0.570312 0.767578 0.572266 0.769531 0.574219 0.769531
0 0.636719 0.773438 0.634766 0.775391 0.634766 0.777344 0.632812 0.779297 0.626953 0.779297 0.625000 0.777344 0.625000 0.775391 0.623047 0.773438 0.623047 0.771484 0.625000 0.769531 0.625000 0.767578 0.626953 0.765625 0.632812 0.765625 0.634766 0.767578 0.634766 0.769531 0.636719 0.771484
0 0.953125 0.771484 0.953125 0.775391 0.949219 0.775391 0.947266 0.773438 0.951172 0.769531
0 0.697266 0.777344 0.695312 0.779297 0.695312 0.781250 0.693359 0.783203 0.687500 0.783203 0.685547 0.781250 0.685547 0.779297 0.683594 0.777344 0.683594 0.775391 0.685547 0.773438 0.685547 0.771484 0.687500 0.769531 0.693359 0.769531 0.695312 0.771484 0.695312 0.773438 0.697266 0.775391
0 0.722656 0.777344 0.720703 0.779297 0.720703 0.781250 0.718750 0.783203 0.712891 0.783203 0.710938 0.781250 0.710938 0.779297 0.708984 0.777344 0.708984 0.775391 0.710938 0.773438 0.710938 0.771484 0.712891 0.769531 0.718750 0.769531 0.720703 0.771484 0.720703 0.773438 0.722656 0.775391
0 0.875000 0.775391 0.875000 0.779297 0.871094 0.779297 0.869141 0.777344 0.873047 0.773438
0 0.179688 0.781250 0.177734 0.781250 0.175781 0.783203 0.171875 0.783203 0.169922 0.781250 0.169922 0.775391 0.171875 0.773438 0.175781 0.773438 0.177734 0.775391 0.179688 0.775391
0 0.388672 0.787109 0.386719 0.787109 0.384766 0.789062 0.375000 0.789062 0.369141 0.783203 0.369141 0.773438 0.371094 0.771484 0.373047 0.771484 0.373047 0.769531 0.375000 0.767578 0.384766 0.767578 0.390625 0.773438 0.390625 0.783203 0.388672 0.785156
0 0.453125 0.787109 0.451172 0.787109 0.449219 0.789062 0.439453 0.789062 0.433594 0.783203 0.433594 0.773438 0.435547 0.771484 0.437500 0.771484 0.437500 0.769531 0.439453 0.767578 0.449219 0.767578 0.455078 0.773438 0.455078 0.783203 0.453125 0.785156
0 0.267578 0.785156 0.261719 0.791016 0.255859 0.791016 0.250000 0.785156 0.250000 0.779297 0.255859 0.773438 0.261719 0.773438 0.267578 0.779297
0 0.486328 0.785156 0.480469 0.791016 0.474609 0.791016 0.468750 0.785156 0.468750 0.779297 0.474609 0.773438 0.480469 0.773438 0.486328 0.779297
0 0.550781 0.791016 0.548828 0.791016 0.546875 0.792969 0.537109 0.792969 0.531250 0.787109 0.531250 0.777344 0.533203 0.775391 0.535156 0.775391 0.535156 0.773438 0.537109 0.771484 0.546875 0.771484 0.552734 0.777344 0.552734 0.787109 0.550781 0.789062
0 0.636719 0.791016 0.634766 0.791016 0.632812 0.792969 0.623047 0.792969 0.617188 0.787109 0.617188 0.777344 0.619141 0.775391 0.621094 0.775391 0.621094 0.773438 0.623047 0.771484 0.632812 0.771484 0.638672 0.777344 0.638672 0.787109 0.636719 0.789062
0 0.863281 0.781250 0.863281 0.785156 0.859375 0.785156 0.857422 0.783203 0.861328 0.779297
0 0.908203 0.781250 0.908203 0.785156 0.904297 0.785156 0.902344 0.783203 0.906250 0.779297
0 0.435547 0.785156 0.433594 0.787109 0.433594 0.789062 0.431641 0.791016 0.425781 0.791016 0.423828 0.789062 0.423828 0.787109 0.421875 0.785156 0.421875 0.783203 0.423828 0.781250 0.423828 0.779297 0.425781 0.777344 0.431641 0.777344 0.433594 0.779297 0.433594 0.781250 0.435547 0.783203
0 0.330078 0.789062 0.328125 0.789062 0.326172 0.791016 0.322266 0.791016 0.320312 0.789062 0.320312 0.783203 0.322266 0.781250 0.326172 0.781250 0.328125 0.783203 0.330078 0.783203
0 0.410156 0.789062 0.408203 0.789062 0.406250 0.791016 0.402344 0.791016 0.400391 0.789062 0.400391 0.783203 0.402344 0.781250 0.406250 0.781250 0.408203 0.783203 0.410156 0.783203
0 0.529297 0.785156 0.529297 0.789062 0.525391 0.789062 0.523438 0.787109 0.527344 0.783203
0 0.587891 0.794922 0.585938 0.794922 0.583984 0.796875 0.574219 0.796875 0.568359 0.791016 0.568359 0.781250 0.570312 0.779297 0.572266 0.779297 0.572266 0.777344 0.574219 0.775391 0.583984 0.775391 0.589844 0.781250 0.589844 0.791016 0.587891 0.792969
0 0.753906 0.787109 0.751953 0.789062 0.751953 0.791016 0.750000 0.792969 0.744141 0.792969 0.742188 0.791016 0.742188 0.789062 0.740234 0.787109 0.740234 0.785156 0.742188 0.783203 0.742188 0.781250 0.744141 0.779297 0.750000 0.779297 0.751953 0.781250 0.751953 0.783203 0.753906 0.785156
0 0.201172 0.789062 0.199219 0.791016 0.199219 0.792969 0.197266 0.794922 0.191406 0.794922 0.189453 0.792969 0.189453 0.791016 0.187500 0.789062 0.187500 0.787109 0.189453 0.785156 0.189453 0.783203 0.191406 0.781250 0.197266 0.781250 0.199219 0.783203 0.199219 0.785156 0.201172 0.787109
0 0.654297 0.791016 0.652344 0.791016 0.650391 0.792969 0.646484 0.792969 0.644531 0.791016 0.644531 0.785156 0.646484 0.783203 0.650391 0.783203 0.652344 0.785156 0.654297 0.785156
0 0.904297 0.787109 0.904297 0.791016 0.900391 0.791016 0.898438 0.789062 0.902344 0.785156
0 0.916016 0.787109 0.916016 0.791016 0.912109 0.791016 0.910156 0.789062 0.914062 0.785156
0 0.775391 0.789062 0.775391 0.792969 0.771484 0.792969 0.769531 0.791016 0.773438 0.787109
0 0.572266 0.792969 0.570312 0.794922 0.570312 0.796875 0.568359 0.798828 0.562500 0.798828 0.560547 0.796875 0.560547 0.794922 0.558594 0.792969 0.558594 0.791016 0.560547 0.789062 0.560547 0.787109 0.562500 0.785156 0.568359 0.785156 0.570312 0.787109 0.570312 0.789062 0.572266 0.791016
0 0.742188 0.794922 0.740234 0.794922 0.738281 0.796875 0.734375 0.796875 0.732422 0.794922 0.732422 0.789062 0.734375 0.787109 0.738281 0.787109 0.740234 0.789062 0.742188 0.789062
0 0.406250 0.796875 0.404297 0.796875 0.402344 0.798828 0.398438 0.798828 0.396484 0.796875 0.396484 0.791016 0.398438 0.789062 0.402344 0.789062 0.404297 0.791016 0.406250 0.791016
0 0.519531 0.802734 0.517578 0.802734 0.515625 0.804688 0.505859 0.804688 0.500000 0.798828 0.500000 0.789062 0.501953 0.787109 0.503906 0.787109 0.503906 0.785156 0.505859 0.783203 0.515625 0.783203 0.521484 0.789062 0.521484 0.798828 0.519531 0.800781
0 0.685547 0.796875 0.683594 0.796875 0.681641 0.798828 0.677734 0.798828 0.675781 0.796875 0.675781 0.791016 0.677734 0.789062 0.681641 0.789062 0.683594 0.791016 0.685547 0.791016
0 0.908203 0.792969 0.908203 0.796875 0.904297 0.796875 0.902344 0.794922 0.906250 0.791016
0 0.769531 0.794922 0.769531 0.798828 0.765625 0.798828 0.763672 0.796875 0.767578 0.792969
0 0.781250 0.796875 0.781250 0.800781 0.777344 0.800781 0.775391 0.798828 0.779297 0.794922
0 0.226562 0.800781 0.224609 0.802734 0.224609 0.804688 0.222656 0.806641 0.216797 0.806641 0.214844 0.804688 0.214844 0.802734 0.212891 0.800781 0.212891 0.798828 0.214844 0.796875 0.214844 0.794922 0.216797 0.792969 0.222656 0.792969 0.224609 0.794922 0.224609 0.796875 0.226562 0.798828
0 0.595703 0.802734 0.589844 0.808594 0.583984 0.808594 0.578125 0.802734 0.578125 0.796875 0.583984 0.791016 0.589844 0.791016 0.595703 0.796875
0 0.097656 0.802734 0.095703 0.804688 0.095703 0.806641 0.093750 0.808594 0.087891 0.808594 0.085938 0.806641 0.085938 0.804688 0.083984 0.802734 0.083984 0.800781 0.085938 0.798828 0.085938 0.796875 0.087891 0.794922 0.093750 0.794922 0.095703 0.796875 0.095703 0.798828 0.097656 0.800781
0 0.337891 0.804688 0.335938 0.806641 0.335938 0.808594 0.333984 0.810547 0.328125 0.810547 0.326172 0.808594 0.326172 0.806641 0.324219 0.804688 0.324219 0.802734 0.326172 0.800781 0.326172 0.798828 0.328125 0.796875 0.333984 0.796875 0.335938 0.798828 0.335938 0.800781 0.337891 0.802734
0 0.375000 0.808594 0.373047 0.808594 0.371094 0.810547 0.367188 0.810547 0.365234 0.808594 0.365234 0.802734 0.367188 0.800781 0.371094 0.800781 0.373047 0.802734 0.375000 0.802734
0 0.394531 0.808594 0.392578 0.808594 0.390625 0.810547 0.386719 0.810547 0.384766 0.808594 0.384766 0.802734 0.386719 0.800781 0.390625 0.800781 0.392578 0.802734 0.394531 0.802734
0 0.507812 0.808594 0.505859 0.808594 0.503906 0.810547 0.500000 0.810547 0.498047 0.808594 0.498047 0.802734 0.500000 0.800781 0.503906 0.800781 0.505859 0.802734 0.507812 0.802734
0 0.251953 0.812500 0.250000 0.812500 0.248047 0.814453 0.244141 0.814453 0.242188 0.812500 0.242188 0.806641 0.244141 0.804688 0.248047 0.804688 0.250000 0.806641 0.251953 0.806641
0 0.277344 0.812500 0.271484 0.818359 0.265625 0.818359 0.259766 0.812500 0.259766 0.806641 0.265625 0.800781 0.271484 0.800781 0.277344 0.806641
0 0.314453 0.810547 0.312500 0.812500 0.312500 0.814453 0.310547 0.816406 0.304688 0.816406 0.302734 0.814453 0.302734 0.812500 0.300781 0.810547 0.300781 0.808594 0.302734 0.806641 0.302734 0.804688 0.304688 0.802734 0.310547 0.802734 0.312500 0.804688 0.312500 0.806641 0.314453 0.808594
0 0.615234 0.810547 0.615234 0.814453 0.611328 0.814453 0.609375 0.812500 0.613281 0.808594
0 0.628906 0.812500 0.628906 0.816406 0.625000 0.816406 0.623047 0.814453 0.626953 0.810547
0 0.666016 0.812500 0.666016 0.816406 0.662109 0.816406 0.660156 0.814453 0.664062 0.810547
0 0.595703 0.816406 0.595703 0.820312 0.591797 0.820312 0.589844 0.818359 0.593750 0.814453
0 0.177734 0.822266 0.175781 0.822266 0.173828 0.824219 0.169922 0.824219 0.167969 0.822266 0.167969 0.816406 0.169922 0.814453 0.173828 0.814453 0.175781 0.816406 0.177734 0.816406
0 0.238281 0.822266 0.232422 0.828125 0.226562 0.828125 0.220703 0.822266 0.220703 0.816406 0.226562 0.810547 0.232422 0.810547 0.238281 0.816406
0 0.404297 0.818359 0.404297 0.822266 0.400391 0.822266 0.398438 0.820312 0.402344 0.816406
0 0.638672 0.820312 0.638672 0.824219 0.634766 0.824219 0.632812 0.822266 0.636719 0.818359
0 0.656250 0.826172 0.654297 0.826172 0.652344 0.828125 0.648438 0.828125 0.646484 0.826172 0.646484 0.820312 0.648438 0.818359 0.652344 0.818359 0.654297 0.820312 0.656250 0.820312
0 0.685547 0.822266 0.685547 0.826172 0.681641 0.826172 0.679688 0.824219 0.683594 0.820312
0 0.822266 0.822266 0.822266 0.826172 0.818359 0.826172 0.816406 0.824219 0.820312 0.820312
0 0.458984 0.828125 0.457031 0.828125 0.455078 0.830078 0.451172 0.830078 0.449219 0.828125 0.449219 0.822266 0.451172 0.820312 0.455078 0.820312 0.457031 0.822266 0.458984 0.822266
0 0.865234 0.824219 0.865234 0.828125 0.861328 0.828125 0.859375 0.826172 0.863281 0.822266
0 0.361328 0.826172 0.361328 0.830078 0.357422 0.830078 0.355469 0.828125 0.359375 0.824219
0 0.441406 0.830078 0.439453 0.830078 0.437500 0.832031 0.433594 0.832031 0.431641 0.830078 0.431641 0.824219 0.433594 0.822266 0.437500 0.822266 0.439453 0.824219 0.441406 0.824219
0 0.603516 0.830078 0.601562 0.830078 0.599609 0.832031 0.595703 0.832031 0.593750 0.830078 0.593750 0.824219 0.595703 0.822266 0.599609 0.822266 0.601562 0.824219 0.603516 0.824219
0 0.667969 0.828125 0.666016 0.830078 0.666016 0.832031 0.664062 0.833984 0.658203 0.833984 0.656250 0.832031 0.656250 0.830078 0.654297 0.828125 0.654297 0.826172 0.656250 0.824219 0.656250 0.822266 0.658203 0.820312 0.664062 0.820312 0.666016 0.822266 0.666016 0.824219 0.667969 0.826172
0 0.406250 0.828125 0.406250 0.832031 0.402344 0.832031 0.400391 0.830078 0.404297 0.826172
0 0.691406 0.828125 0.691406 0.832031 0.687500 0.832031 0.685547 0.830078 0.689453 0.826172
0 0.851562 0.832031 0.849609 0.832031 0.847656 0.833984 0.843750 0.833984 0.841797 0.832031 0.841797 0.826172 0.843750 0.824219 0.847656 0.824219 0.849609 0.826172 0.851562 0.826172
0 0.791016 0.833984 0.789062 0.833984 0.787109 0.835938 0.783203 0.835938 0.781250 0.833984 0.781250 0.828125 0.783203 0.826172 0.787109 0.826172 0.789062 0.828125 0.791016 0.828125
0 0.105469 0.837891 0.103516 0.837891 0.101562 0.839844 0.097656 0.839844 0.095703 0.837891 0.095703 0.832031 0.097656 0.830078 0.101562 0.830078 0.103516 0.832031 0.105469 0.832031
0 0.191406 0.835938 0.189453 0.837891 0.189453 0.839844 0.187500 0.841797 0.181641 0.841797 0.179688 0.839844 0.179688 0.837891 0.177734 0.835938 0.177734 0.833984 0.179688 0.832031 0.179688 0.830078 0.181641 0.828125 0.187500 0.828125 0.189453 0.830078 0.189453 0.832031 0.191406 0.833984
0 0.417969 0.833984 0.417969 0.837891 0.414062 0.837891 0.412109 0.835938 0.416016 0.832031
0 0.736328 0.837891 0.734375 0.837891 0.732422 0.839844 0.728516 0.839844 0.726562 0.837891 0.726562 0.832031 0.728516 0.830078 0.732422 0.830078 0.734375 0.832031 0.736328 0.832031
0 0.863281 0.833984 0.863281 0.837891 0.859375 0.837891 0.857422 0.835938 0.861328 0.832031
0 0.146484 0.837891 0.144531 0.839844 0.144531 0.841797 0.142578 0.843750 0.136719 0.843750 0.134766 0.841797 0.134766 0.839844 0.132812 0.837891 0.132812 0.835938 0.134766 0.833984 0.134766 0.832031 0.136719 0.830078 0.142578 0.830078 0.144531 0.832031 0.144531 0.833984 0.146484 0.835938
0 0.361328 0.835938 0.361328 0.839844 0.357422 0.839844 0.355469 0.837891 0.359375 0.833984
0 0.560547 0.845703 0.558594 0.845703 0.556641 0.847656 0.546875 0.847656 0.541016 0.841797 0.541016 0.832031 0.542969 0.830078 0.544922 0.830078 0.544922 0.828125 0.546875 0.826172 0.556641 0.826172 0.562500 0.832031 0.562500 0.841797 0.560547 0.843750
0 0.533203 0.837891 0.533203 0.841797 0.529297 0.841797 0.527344 0.839844 0.531250 0.835938
0 0.589844 0.841797 0.587891 0.841797 0.585938 0.843750 0.582031 0.843750 0.580078 0.841797 0.580078 0.835938 0.582031 0.833984 0.585938 0.833984 0.587891 0.835938 0.589844 0.835938
0 0.656250 0.837891 0.656250 0.841797 0.652344 0.841797 0.650391 0.839844 0.654297 0.835938
0 0.712891 0.837891 0.712891 0.841797 0.708984 0.841797 0.707031 0.839844 0.710938 0.835938
0 0.750000 0.837891 0.750000 0.841797 0.746094 0.841797 0.744141 0.839844 0.748047 0.835938
0 0.769531 0.841797 0.767578 0.841797 0.765625 0.843750 0.761719 0.843750 0.759766 0.841797 0.759766 0.835938 0.761719 0.833984 0.765625 0.833984 0.767578 0.835938 0.769531 0.835938
0 0.486328 0.839844 0.486328 0.843750 0.482422 0.843750 0.480469 0.841797 0.484375 0.837891
0 0.671875 0.839844 0.671875 0.843750 0.667969 0.843750 0.666016 0.841797 0.669922 0.837891
0 0.830078 0.839844 0.830078 0.843750 0.826172 0.843750 0.824219 0.841797 0.828125 0.837891
0 0.476562 0.841797 0.476562 0.845703 0.472656 0.845703 0.470703 0.843750 0.474609 0.839844
0 0.517578 0.841797 0.517578 0.845703 0.513672 0.845703 0.511719 0.843750 0.515625 0.839844
0 0.113281 0.847656 0.111328 0.847656 0.109375 0.849609 0.105469 0.849609 0.103516 0.847656 0.103516 0.841797 0.105469 0.839844 0.109375 0.839844 0.111328 0.841797 0.113281 0.841797
0 0.371094 0.847656 0.369141 0.847656 0.367188 0.849609 0.363281 0.849609 0.361328 0.847656 0.361328 0.841797 0.363281 0.839844 0.367188 0.839844 0.369141 0.841797 0.371094 0.841797
0 0.507812 0.847656 0.505859 0.847656 0.503906 0.849609 0.500000 0.849609 0.498047 0.847656 0.498047 0.841797 0.500000 0.839844 0.503906 0.839844 0.505859 0.841797 0.507812 0.841797
0 0.607422 0.847656 0.605469 0.847656 0.603516 0.849609 0.599609 0.849609 0.597656 0.847656 0.597656 0.841797 0.599609 0.839844 0.603516 0.839844 0.605469 0.841797 0.607422 0.841797
0 0.728516 0.845703 0.726562 0.847656 0.726562 0.849609 0.724609 0.851562 0.718750 0.851562 0.716797 0.849609 0.716797 0.847656 0.714844 0.845703 0.714844 0.843750 0.716797 0.841797 0.716797 0.839844 0.718750 0.837891 0.724609 0.837891 0.726562 0.839844 0.726562 0.841797 0.728516 0.843750
0 0.820312 0.843750 0.820312 0.847656 0.816406 0.847656 0.814453 0.845703 0.818359 0.841797
0 0.544922 0.847656 0.542969 0.849609 0.542969 0.851562 0.541016 0.853516 0.535156 0.853516 0.533203 0.851562 0.533203 0.849609 0.531250 0.847656 0.531250 0.845703 0.533203 0.843750 0.533203 0.841797 0.535156 0.839844 0.541016 0.839844 0.542969 0.841797 0.542969 0.843750 0.544922 0.845703
0 0.830078 0.845703 0.830078 0.849609 0.826172 0.849609 0.824219 0.847656 0.828125 0.843750
0 0.869141 0.855469 0.867188 0.855469 0.865234 0.857422 0.855469 0.857422 0.849609 0.851562 0.849609 0.841797 0.851562 0.839844 0.853516 0.839844 0.853516 0.837891 0.855469 0.835938 0.865234 0.835938 0.871094 0.841797 0.871094 0.851562 0.869141 0.853516
0 0.996094 0.845703 0.996094 0.849609 0.992188 0.849609 0.990234 0.847656 0.994141 0.843750
0 0.322266 0.851562 0.316406 0.857422 0.310547 0.857422 0.304688 0.851562 0.304688 0.845703 0.310547 0.839844 0.316406 0.839844 0.322266 0.845703
0 0.414062 0.851562 0.412109 0.851562 0.410156 0.853516 0.406250 0.853516 0.404297 0.851562 0.404297 0.845703 0.406250 0.843750 0.410156 0.843750 0.412109 0.845703 0.414062 0.845703
0 0.705078 0.847656 0.705078 0.851562 0.701172 0.851562 0.699219 0.849609 0.703125 0.845703
0 0.785156 0.851562 0.783203 0.851562 0.781250 0.853516 0.777344 0.853516 0.775391 0.851562 0.775391 0.845703 0.777344 0.843750 0.781250 0.843750 0.783203 0.845703 0.785156 0.845703
0 0.658203 0.859375 0.656250 0.859375 0.654297 0.861328 0.644531 0.861328 0.638672 0.855469 0.638672 0.845703 0.640625 0.843750 0.642578 0.843750 0.642578 0.841797 0.644531 0.839844 0.654297 0.839844 0.660156 0.845703 0.660156 0.855469 0.658203 0.857422
0 0.714844 0.851562 0.714844 0.855469 0.710938 0.855469 0.708984 0.853516 0.712891 0.849609
0 0.628906 0.857422 0.626953 0.857422 0.625000 0.859375 0.621094 0.859375 0.619141 0.857422 0.619141 0.851562 0.621094 0.849609 0.625000 0.849609 0.626953 0.851562 0.628906 0.851562
0 0.748047 0.855469 0.746094 0.857422 0.746094 0.859375 0.744141 0.861328 0.738281 0.861328 0.736328 0.859375 0.736328 0.857422 0.734375 0.855469 0.734375 0.853516 0.736328 0.851562 0.736328 0.849609 0.738281 0.847656 0.744141 0.847656 0.746094 0.849609 0.746094 0.851562 0.748047 0.853516
0 0.882812 0.857422 0.880859 0.857422 0.878906 0.859375 0.875000 0.859375 0.873047 0.857422 0.873047 0.851562 0.875000 0.849609 0.878906 0.849609 0.880859 0.851562 0.882812 0.851562
0 0.341797 0.859375 0.335938 0.865234 0.330078 0.865234 0.324219 0.859375 0.324219 0.853516 0.330078 0.847656 0.335938 0.847656 0.341797 0.853516
0 0.923828 0.857422 0.923828 0.861328 0.919922 0.861328 0.917969 0.859375 0.921875 0.855469
0 0.537109 0.859375 0.537109 0.863281 0.533203 0.863281 0.531250 0.861328 0.535156 0.857422
0 0.611328 0.861328 0.609375 0.863281 0.609375 0.865234 0.607422 0.867188 0.601562 0.867188 0.599609 0.865234 0.599609 0.863281 0.597656 0.861328 0.597656 0.859375 0.599609 0.857422 0.599609 0.855469 0.601562 0.853516 0.607422 0.853516 0.609375 0.855469 0.609375 0.857422 0.611328 0.859375
0 0.873047 0.859375 0.873047 0.863281 0.869141 0.863281 0.867188 0.861328 0.871094 0.857422
0 0.748047 0.861328 0.748047 0.865234 0.744141 0.865234 0.742188 0.863281 0.746094 0.859375
0 0.894531 0.865234 0.892578 0.865234 0.890625 0.867188 0.886719 0.867188 0.884766 0.865234 0.884766 0.859375 0.886719 0.857422 0.890625 0.857422 0.892578 0.859375 0.894531 0.859375
0 0.542969 0.863281 0.542969 0.867188 0.539062 0.867188 0.537109 0.865234 0.541016 0.861328
0 0.593750 0.875000 0.591797 0.875000 0.589844 0.876953 0.580078 0.876953 0.574219 0.871094 0.574219 0.861328 0.576172 0.859375 0.578125 0.859375 0.578125 0.857422 0.580078 0.855469 0.589844 0.855469 0.595703 0.861328 0.595703 0.871094 0.593750 0.873047
0 0.759766 0.865234 0.759766 0.869141 0.755859 0.869141 0.753906 0.867188 0.757812 0.863281
0 0.871094 0.869141 0.865234 0.875000 0.859375 0.875000 0.853516 0.869141 0.853516 0.863281 0.859375 0.857422 0.865234 0.857422 0.871094 0.863281
0 0.914062 0.865234 0.914062 0.869141 0.910156 0.869141 0.908203 0.867188 0.912109 0.863281
0 0.365234 0.869141 0.363281 0.871094 0.363281 0.873047 0.361328 0.875000 0.355469 0.875000 0.353516 0.873047 0.353516 0.871094 0.351562 0.869141 0.351562 0.867188 0.353516 0.865234 0.353516 0.863281 0.355469 0.861328 0.361328 0.861328 0.363281 0.863281 0.363281 0.865234 0.365234 0.867188
0 0.660156 0.869141 0.658203 0.871094 0.658203 0.873047 0.656250 0.875000 0.650391 0.875000 0.648438 0.873047 0.648438 0.871094 0.646484 0.869141 0.646484 0.867188 0.648438 0.865234 0.648438 0.863281 0.650391 0.861328 0.656250 0.861328 0.658203 0.863281 0.658203 0.865234 0.660156 0.867188
0 0.671875 0.871094 0.669922 0.871094 0.667969 0.873047 0.664062 0.873047 0.662109 0.871094 0.662109 0.865234 0.664062 0.863281 0.667969 0.863281 0.669922 0.865234 0.671875 0.865234
0 0.478516 0.873047 0.476562 0.873047 0.474609 0.875000 0.470703 0.875000 0.468750 0.873047 0.468750 0.867188 0.470703 0.865234 0.474609 0.865234 0.476562 0.867188 0.478516 0.867188
0 0.517578 0.869141 0.517578 0.873047 0.513672 0.873047 0.511719 0.871094 0.515625 0.867188
0 0.892578 0.869141 0.892578 0.873047 0.888672 0.873047 0.886719 0.871094 0.890625 0.867188
0 0.300781 0.873047 0.298828 0.875000 0.298828 0.876953 0.296875 0.878906 0.291016 0.878906 0.289062 0.876953 0.289062 0.875000 0.287109 0.873047 0.287109 0.871094 0.289062 0.869141 0.289062 0.867188 0.291016 0.865234 0.296875 0.865234 0.298828 0.867188 0.298828 0.869141 0.300781 0.871094
0 0.998047 0.869141 0.998047 0.875000 0.996094 0.875000 0.994141 0.873047
0 0.267578 0.876953 0.261719 0.882812 0.255859 0.882812 0.250000 0.876953 0.250000 0.871094 0.255859 0.865234 0.261719 0.865234 0.267578 0.871094
0 0.744141 0.873047 0.744141 0.876953 0.740234 0.876953 0.738281 0.875000 0.742188 0.871094
0 0.500000 0.875000 0.500000 0.878906 0.496094 0.878906 0.494141 0.876953 0.498047 0.873047
0 0.222656 0.878906 0.220703 0.880859 0.220703 0.882812 0.218750 0.884766 0.212891 0.884766 0.210938 0.882812 0.210938 0.880859 0.208984 0.878906 0.208984 0.876953 0.210938 0.875000 0.210938 0.873047 0.212891 0.871094 0.218750 0.871094 0.220703 0.873047 0.220703 0.875000 0.222656 0.876953
0 0.880859 0.880859 0.878906 0.880859 0.876953 0.882812 0.873047 0.882812 0.871094 0.880859 0.871094 0.875000 0.873047 0.873047 0.876953 0.873047 0.878906 0.875000 0.880859 0.875000
0 0.998047 0.875000 0.998047 0.880859 0.996094 0.880859 0.994141 0.878906
0 0.248047 0.880859 0.246094 0.882812 0.246094 0.884766 0.244141 0.886719 0.238281 0.886719 0.236328 0.884766 0.236328 0.882812 0.234375 0.880859 0.234375 0.878906 0.236328 0.876953 0.236328 0.875000 0.238281 0.873047 0.244141 0.873047 0.246094 0.875000 0.246094 0.876953 0.248047 0.878906
0 0.320312 0.880859 0.318359 0.882812 0.318359 0.884766 0.316406 0.886719 0.310547 0.886719 0.308594 0.884766 0.308594 0.882812 0.306641 0.880859 0.306641 0.878906 0.308594 0.876953 0.308594 0.875000 0.310547 0.873047 0.316406 0.873047 0.318359 0.875000 0.318359 0.876953 0.320312 0.878906
0 0.562500 0.882812 0.560547 0.882812 0.558594 0.884766 0.554688 0.884766 0.552734 0.882812 0.552734 0.876953 0.554688 0.875000 0.558594 0.875000 0.560547 0.876953 0.562500 0.876953
0 0.582031 0.882812 0.580078 0.882812 0.578125 0.884766 0.574219 0.884766 0.572266 0.882812 0.572266 0.876953 0.574219 0.875000 0.578125 0.875000 0.580078 0.876953 0.582031 0.876953
0 0.658203 0.880859 0.656250 0.882812 0.656250 0.884766 0.654297 0.886719 0.648438 0.886719 0.646484 0.884766 0.646484 0.882812 0.644531 0.880859 0.644531 0.878906 0.646484 0.876953 0.646484 0.875000 0.648438 0.873047 0.654297 0.873047 0.656250 0.875000 0.656250 0.876953 0.658203 0.878906
0 0.810547 0.884766 0.808594 0.884766 0.806641 0.886719 0.802734 0.886719 0.800781 0.884766 0.800781 0.878906 0.802734 0.876953 0.806641 0.876953 0.808594 0.878906 0.810547 0.878906
0 0.421875 0.882812 0.421875 0.886719 0.417969 0.886719 0.416016 0.884766 0.419922 0.880859
0 0.492188 0.882812 0.492188 0.886719 0.488281 0.886719 0.486328 0.884766 0.490234 0.880859
0 0.693359 0.888672 0.691406 0.888672 0.689453 0.890625 0.685547 0.890625 0.683594 0.888672 0.683594 0.882812 0.685547 0.880859 0.689453 0.880859 0.691406 0.882812 0.693359 0.882812
0 0.339844 0.888672 0.337891 0.890625 0.337891 0.892578 0.335938 0.894531 0.330078 0.894531 0.328125 0.892578 0.328125 0.890625 0.326172 0.888672 0.326172 0.886719 0.328125 0.884766 0.328125 0.882812 0.330078 0.880859 0.335938 0.880859 0.337891 0.882812 0.337891 0.884766 0.339844 0.886719
0 0.458984 0.888672 0.458984 0.892578 0.455078 0.892578 0.453125 0.890625 0.457031 0.886719
0 0.632812 0.892578 0.626953 0.898438 0.621094 0.898438 0.615234 0.892578 0.615234 0.886719 0.621094 0.880859 0.626953 0.880859 0.632812 0.886719
0 0.546875 0.896484 0.544922 0.896484 0.542969 0.898438 0.539062 0.898438 0.537109 0.896484 0.537109 0.890625 0.539062 0.888672 0.542969 0.888672 0.544922 0.890625 0.546875 0.890625
0 0.679688 0.902344 0.677734 0.902344 0.675781 0.904297 0.666016 0.904297 0.660156 0.898438 0.660156 0.888672 0.662109 0.886719 0.664062 0.886719 0.664062 0.884766 0.666016 0.882812 0.675781 0.882812 0.681641 0.888672 0.681641 0.898438 0.679688 0.900391
0 0.599609 0.904297 0.597656 0.904297 0.595703 0.906250 0.585938 0.906250 0.580078 0.900391 0.580078 0.890625 0.582031 0.888672 0.583984 0.888672 0.583984 0.886719 0.585938 0.884766 0.595703 0.884766 0.601562 0.890625 0.601562 0.900391 0.599609 0.902344
0 0.683594 0.894531 0.683594 0.898438 0.679688 0.898438 0.677734 0.896484 0.681641 0.892578
0 0.382812 0.902344 0.380859 0.902344 0.378906 0.904297 0.375000 0.904297 0.373047 0.902344 0.373047 0.896484 0.375000 0.894531 0.378906 0.894531 0.380859 0.896484 0.382812 0.896484
0 0.572266 0.902344 0.566406 0.908203 0.560547 0.908203 0.554688 0.902344 0.554688 0.896484 0.560547 0.890625 0.566406 0.890625 0.572266 0.896484
0 0.835938 0.910156 0.833984 0.910156 0.832031 0.912109 0.822266 0.912109 0.816406 0.906250 0.816406 0.896484 0.818359 0.894531 0.820312 0.894531 0.820312 0.892578 0.822266 0.890625 0.832031 0.890625 0.837891 0.896484 0.837891 0.906250 0.835938 0.908203
0 0.685547 0.906250 0.683594 0.906250 0.681641 0.908203 0.677734 0.908203 0.675781 0.906250 0.675781 0.900391 0.677734 0.898438 0.681641 0.898438 0.683594 0.900391 0.685547 0.900391
0 0.708984 0.904297 0.707031 0.906250 0.707031 0.908203 0.705078 0.910156 0.699219 0.910156 0.697266 0.908203 0.697266 0.906250 0.695312 0.904297 0.695312 0.902344 0.697266 0.900391 0.697266 0.898438 0.699219 0.896484 0.705078 0.896484 0.707031 0.898438 0.707031 0.900391 0.708984 0.902344
0 0.810547 0.904297 0.808594 0.906250 0.808594 0.908203 0.806641 0.910156 0.800781 0.910156 0.798828 0.908203 0.798828 0.906250 0.796875 0.904297 0.796875 0.902344 0.798828 0.900391 0.798828 0.898438 0.800781 0.896484 0.806641 0.896484 0.808594 0.898438 0.808594 0.900391 0.810547 0.902344
0 0.865234 0.904297 0.863281 0.906250 0.863281 0.908203 0.861328 0.910156 0.855469 0.910156 0.853516 0.908203 0.853516 0.906250 0.851562 0.904297 0.851562 0.902344 0.853516 0.900391 0.853516 0.898438 0.855469 0.896484 0.861328 0.896484 0.863281 0.898438 0.863281 0.900391 0.865234 0.902344
0 0.902344 0.904297 0.900391 0.906250 0.900391 0.908203 0.898438 0.910156 0.892578 0.910156 0.890625 0.908203 0.890625 0.906250 0.888672 0.904297 0.888672 0.902344 0.890625 0.900391 0.890625 0.898438 0.892578 0.896484 0.898438 0.896484 0.900391 0.898438 0.900391 0.900391 0.902344 0.902344
0 0.728516 0.908203 0.726562 0.908203 0.724609 0.910156 0.720703 0.910156 0.718750 0.908203 0.718750 0.902344 0.720703 0.900391 0.724609 0.900391 0.726562 0.902344 0.728516 0.902344
0 0.386719 0.914062 0.384766 0.914062 0.382812 0.916016 0.378906 0.916016 0.376953 0.914062 0.376953 0.908203 0.378906 0.906250 0.382812 0.906250 0.384766 0.908203 0.386719 0.908203
0 0.505859 0.914062 0.503906 0.914062 0.501953 0.916016 0.498047 0.916016 0.496094 0.914062 0.496094 0.908203 0.498047 0.906250 0.501953 0.906250 0.503906 0.908203 0.505859 0.908203
0 0.451172 0.916016 0.449219 0.916016 0.447266 0.917969 0.443359 0.917969 0.441406 0.916016 0.441406 0.910156 0.443359 0.908203 0.447266 0.908203 0.449219 0.910156 0.451172 0.910156
0 0.613281 0.916016 0.611328 0.916016 0.609375 0.917969 0.605469 0.917969 0.603516 0.916016 0.603516 0.910156 0.605469 0.908203 0.609375 0.908203 0.611328 0.910156 0.613281 0.910156
0 0.490234 0.923828 0.488281 0.923828 0.486328 0.925781 0.476562 0.925781 0.470703 0.919922 0.470703 0.910156 0.472656 0.908203 0.474609 0.908203 0.474609 0.906250 0.476562 0.904297 0.486328 0.904297 0.492188 0.910156 0.492188 0.919922 0.490234 0.921875
0 0.597656 0.914062 0.597656 0.917969 0.593750 0.917969 0.591797 0.916016 0.595703 0.912109
0 0.527344 0.919922 0.525391 0.919922 0.523438 0.921875 0.519531 0.921875 0.517578 0.919922 0.517578 0.914062 0.519531 0.912109 0.523438 0.912109 0.525391 0.914062 0.527344 0.914062
0 0.847656 0.919922 0.845703 0.919922 0.843750 0.921875 0.839844 0.921875 0.837891 0.919922 0.837891 0.914062 0.839844 0.912109 0.843750 0.912109 0.845703 0.914062 0.847656 0.914062
0 0.984375 0.919922 0.982422 0.919922 0.980469 0.921875 0.976562 0.921875 0.974609 0.919922 0.974609 0.914062 0.976562 0.912109 0.980469 0.912109 0.982422 0.914062 0.984375 0.914062
0 0.869141 0.921875 0.867188 0.921875 0.865234 0.923828 0.861328 0.923828 0.859375 0.921875 0.859375 0.916016 0.861328 0.914062 0.865234 0.914062 0.867188 0.916016 0.869141 0.916016
0 0.917969 0.921875 0.916016 0.921875 0.914062 0.923828 0.910156 0.923828 0.908203 0.921875 0.908203 0.916016 0.910156 0.914062 0.914062 0.914062 0.916016 0.916016 0.917969 0.916016
0 0.568359 0.923828 0.562500 0.929688 0.556641 0.929688 0.550781 0.923828 0.550781 0.917969 0.556641 0.912109 0.562500 0.912109 0.568359 0.917969
0 0.640625 0.923828 0.638672 0.923828 0.636719 0.925781 0.632812 0.925781 0.630859 0.923828 0.630859 0.917969 0.632812 0.916016 0.636719 0.916016 0.638672 0.917969 0.640625 0.917969
0 0.441406 0.923828 0.439453 0.925781 0.439453 0.927734 0.437500 0.929688 0.431641 0.929688 0.429688 0.927734 0.429688 0.925781 0.427734 0.923828 0.427734 0.921875 0.429688 0.919922 0.429688 0.917969 0.431641 0.916016 0.437500 0.916016 0.439453 0.917969 0.439453 0.919922 0.441406 0.921875
0 0.552734 0.923828 0.552734 0.927734 0.548828 0.927734 0.546875 0.925781 0.550781 0.921875
0 0.658203 0.925781 0.656250 0.927734 0.656250 0.929688 0.654297 0.931641 0.648438 0.931641 0.646484 0.929688 0.646484 0.927734 0.644531 0.925781 0.644531 0.923828 0.646484 0.921875 0.646484 0.919922 0.648438 0.917969 0.654297 0.917969 0.656250 0.919922 0.656250 0.921875 0.658203 0.923828
0 0.365234 0.929688 0.359375 0.935547 0.353516 0.935547 0.347656 0.929688 0.347656 0.923828 0.353516 0.917969 0.359375 0.917969 0.365234 0.923828
0 0.908203 0.929688 0.906250 0.929688 0.904297 0.931641 0.900391 0.931641 0.898438 0.929688 0.898438 0.923828 0.900391 0.921875 0.904297 0.921875 0.906250 0.923828 0.908203 0.923828
0 0.560547 0.929688 0.560547 0.933594 0.556641 0.933594 0.554688 0.931641 0.558594 0.927734
0 0.632812 0.933594 0.630859 0.933594 0.628906 0.935547 0.625000 0.935547 0.623047 0.933594 0.623047 0.927734 0.625000 0.925781 0.628906 0.925781 0.630859 0.927734 0.632812 0.927734
0 0.968750 0.931641 0.966797 0.933594 0.966797 0.935547 0.964844 0.937500 0.958984 0.937500 0.957031 0.935547 0.957031 0.933594 0.955078 0.931641 0.955078 0.929688 0.957031 0.927734 0.957031 0.925781 0.958984 0.923828 0.964844 0.923828 0.966797 0.925781 0.966797 0.927734 0.968750 0.929688
0 0.337891 0.935547 0.335938 0.935547 0.333984 0.937500 0.330078 0.937500 0.328125 0.935547 0.328125 0.929688 0.330078 0.927734 0.333984 0.927734 0.335938 0.929688 0.337891 0.929688
0 0.998047 0.941406 0.994141 0.941406 0.992188 0.939453 0.992188 0.937500 0.990234 0.935547 0.990234 0.933594 0.992188 0.931641 0.992188 0.929688 0.994141 0.927734 0.998047 0.927734
0 0.533203 0.939453 0.531250 0.941406 0.531250 0.943359 0.529297 0.945312 0.523438 0.945312 0.521484 0.943359 0.521484 0.941406 0.519531 0.939453 0.519531 0.937500 0.521484 0.935547 0.521484 0.933594 0.523438 0.931641 0.529297 0.931641 0.531250 0.933594 0.531250 0.935547 0.533203 0.937500
0 0.552734 0.941406 0.550781 0.941406 0.548828 0.943359 0.544922 0.943359 0.542969 0.941406 0.542969 0.935547 0.544922 0.933594 0.548828 0.933594 0.550781 0.935547 0.552734 0.935547
0 0.589844 0.939453 0.589844 0.943359 0.585938 0.943359 0.583984 0.941406 0.587891 0.937500
0 0.441406 0.945312 0.439453 0.947266 0.439453 0.949219 0.437500 0.951172 0.431641 0.951172 0.429688 0.949219 0.429688 0.947266 0.427734 0.945312 0.427734 0.943359 0.429688 0.941406 0.429688 0.939453 0.431641 0.937500 0.437500 0.937500 0.439453 0.939453 0.439453 0.941406 0.441406 0.943359
0 0.599609 0.943359 0.599609 0.947266 0.595703 0.947266 0.593750 0.945312 0.597656 0.941406
0 0.945312 0.949219 0.943359 0.949219 0.941406 0.951172 0.937500 0.951172 0.935547 0.949219 0.935547 0.943359 0.937500 0.941406 0.941406 0.941406 0.943359 0.943359 0.945312 0.943359
0 0.587891 0.947266 0.587891 0.951172 0.583984 0.951172 0.582031 0.949219 0.585938 0.945312
0 0.646484 0.951172 0.644531 0.951172 0.642578 0.953125 0.638672 0.953125 0.636719 0.951172 0.636719 0.945312 0.638672 0.943359 0.642578 0.943359 0.644531 0.945312 0.646484 0.945312
0 0.330078 0.953125 0.328125 0.953125 0.326172 0.955078 0.322266 0.955078 0.320312 0.953125 0.320312 0.947266 0.322266 0.945312 0.326172 0.945312 0.328125 0.947266 0.330078 0.947266
0 0.371094 0.964844 0.369141 0.964844 0.367188 0.966797 0.357422 0.966797 0.351562 0.960938 0.351562 0.951172 0.353516 0.949219 0.355469 0.949219 0.355469 0.947266 0.357422 0.945312 0.367188 0.945312 0.373047 0.951172 0.373047 0.960938 0.371094 0.962891
0 0.552734 0.958984 0.546875 0.964844 0.541016 0.964844 0.535156 0.958984 0.535156 0.953125 0.541016 0.947266 0.546875 0.947266 0.552734 0.953125
0 0.900391 0.958984 0.898438 0.958984 0.896484 0.960938 0.892578 0.960938 0.890625 0.958984 0.890625 0.953125 0.892578 0.951172 0.896484 0.951172 0.898438 0.953125 0.900391 0.953125
0 0.337891 0.960938 0.335938 0.960938 0.333984 0.962891 0.330078 0.962891 0.328125 0.960938 0.328125 0.955078 0.330078 0.953125 0.333984 0.953125 0.335938 0.955078 0.337891 0.955078
0 0.398438 0.960938 0.396484 0.962891 0.396484 0.964844 0.394531 0.966797 0.388672 0.966797 0.386719 0.964844 0.386719 0.962891 0.384766 0.960938 0.384766 0.958984 0.386719 0.957031 0.386719 0.955078 0.388672 0.953125 0.394531 0.953125 0.396484 0.955078 0.396484 0.957031 0.398438 0.958984
0 0.888672 0.962891 0.886719 0.962891 0.884766 0.964844 0.880859 0.964844 0.878906 0.962891 0.878906 0.957031 0.880859 0.955078 0.884766 0.955078 0.886719 0.957031 0.888672 0.957031
0 0.955078 0.962891 0.949219 0.968750 0.943359 0.968750 0.937500 0.962891 0.937500 0.957031 0.943359 0.951172 0.949219 0.951172 0.955078 0.957031
0 0.378906 0.966797 0.376953 0.968750 0.376953 0.970703 0.375000 0.972656 0.369141 0.972656 0.367188 0.970703 0.367188 0.968750 0.365234 0.966797 0.365234 0.964844 0.367188 0.962891 0.367188 0.960938 0.369141 0.958984 0.375000 0.958984 0.376953 0.960938 0.376953 0.962891 0.378906 0.964844
0 0.462891 0.978516 0.460938 0.978516 0.458984 0.980469 0.449219 0.980469 0.443359 0.974609 0.443359 0.964844 0.445312 0.962891 0.447266 0.962891 0.447266 0.960938 0.449219 0.958984 0.458984 0.958984 0.464844 0.964844 0.464844 0.974609 0.462891 0.976562
0 0.466797 0.974609 0.464844 0.974609 0.462891 0.976562 0.458984 0.976562 0.457031 0.974609 0.457031 0.968750 0.458984 0.966797 0.462891 0.966797 0.464844 0.968750 0.466797 0.968750
0 0.634766 0.970703 0.634766 0.974609 0.630859 0.974609 0.628906 0.972656 0.632812 0.968750
0 0.597656 0.976562 0.595703 0.976562 0.593750 0.978516 0.589844 0.978516 0.587891 0.976562 0.587891 0.970703 0.589844 0.968750 0.593750 0.968750 0.595703 0.970703 0.597656 0.970703
0 0.933594 0.972656 0.933594 0.976562 0.929688 0.976562 0.927734 0.974609 0.931641 0.970703
0 0.943359 0.978516 0.941406 0.978516 0.939453 0.980469 0.935547 0.980469 0.933594 0.978516 0.933594 0.972656 0.935547 0.970703 0.939453 0.970703 0.941406 0.972656 0.943359 0.972656
0 0.482422 0.982422 0.480469 0.982422 0.478516 0.984375 0.474609 0.984375 0.472656 0.982422 0.472656 0.976562 0.474609 0.974609 0.478516 0.974609 0.480469 0.976562 0.482422 0.976562
0 0.792969 0.982422 0.791016 0.982422 0.789062 0.984375 0.785156 0.984375 0.783203 0.982422 0.783203 0.976562 0.785156 0.974609 0.789062 0.974609 0.791016 0.976562 0.792969 0.976562
0 0.412109 0.982422 0.410156 0.984375 0.410156 0.986328 0.408203 0.988281 0.402344 0.988281 0.400391 0.986328 0.400391 0.984375 0.398438 0.982422 0.398438 0.980469 0.400391 0.978516 0.400391 0.976562 0.402344 0.974609 0.408203 0.974609 0.410156 0.976562 0.410156 0.978516 0.412109 0.980469
0 0.576172 0.992188 0.574219 0.992188 0.572266 0.994141 0.562500 0.994141 0.556641 0.988281 0.556641 0.978516 0.558594 0.976562 0.560547 0.976562 0.560547 0.974609 0.562500 0.972656 0.572266 0.972656 0.578125 0.978516 0.578125 0.988281 0.576172 0.990234
0 0.373047 0.998047 0.359375 0.998047 0.359375 0.996094 0.361328 0.994141 0.361328 0.992188 0.363281 0.990234 0.369141 0.990234 0.371094 0.992188 0.371094 0.994141 0.373047 0.996094
0 0.416016 0.998047 0.402344 0.998047 0.402344 0.996094 0.404297 0.994141 0.404297 0.992188 0.406250 0.990234 0.412109 0.990234 0.414062 0.992188 0.414062 0.994141 0.416016 0.996094
0 0.505859 0.998047 0.488281 0.998047 0.488281 0.994141 0.494141 0.988281 0.500000 0.988281 0.505859 0.994141
0 0.611328 0.998047 0.601562 0.998047 0.601562 0.994141 0.603516 0.992188 0.607422 0.992188 0.609375 0.994141 0.611328 0.994141
0 0.781250 0.998047 0.771484 0.998047 0.771484 0.994141 0.773438 0.992188 0.777344 0.992188 0.779297 0.994141 0.781250 0.994141
0 0.800781 0.998047 0.787109 0.998047 0.787109 0.996094 0.789062 0.994141 0.789062 0.992188 0.791016 0.990234 0.796875 0.990234 0.798828 0.992188 0.798828 0.994141 0.800781 0.996094
0 0.982422 0.998047 0.968750 0.998047 0.968750 0.996094 0.970703 0.994141 0.970703 0.992188 0.972656 0.990234 0.978516 0.990234 0.980469 0.992188 0.980469 0.994141 0.982422 0.996094
0 0.998047 0.998047 0.992188 0.998047 0.992188 0.994141 0.994141 0.992188 0.998047 0.992188
