0 0.837891 0.021484 0.835938 0.023438 0.833984 0.023438 0.837891 0.027344 0.839844 0.025391 0.839844 0.023438
0 0.439453 0.025391 0.439453 0.029297 0.441406 0.029297 0.443359 0.027344 0.441406 0.025391
0 0.845703 0.025391 0.843750 0.027344 0.845703 0.029297 0.847656 0.027344
0 0.103516 0.080078 0.099609 0.080078 0.097656 0.082031 0.097656 0.083984 0.099609 0.085938 0.101562 0.085938 0.103516 0.083984
0 0.097656 0.095703 0.097656 0.101562 0.101562 0.101562 0.101562 0.099609 0.103516 0.097656 0.101562 0.095703
0 0.722656 0.115234 0.720703 0.117188 0.722656 0.119141 0.724609 0.119141 0.726562 0.117188 0.724609 0.115234
0 0.453125 0.216797 0.451172 0.218750 0.451172 0.220703 0.453125 0.222656 0.457031 0.222656 0.457031 0.218750 0.455078 0.216797
0 0.869141 0.214844 0.867188 0.216797 0.867188 0.218750 0.869141 0.220703 0.871094 0.220703 0.873047 0.218750 0.873047 0.216797 0.871094 0.214844
0 0.644531 0.222656 0.642578 0.220703 0.640625 0.222656 0.640625 0.224609 0.644531 0.224609
0 0.361328 0.222656 0.357422 0.222656 0.353516 0.226562 0.353516 0.230469 0.355469 0.232422 0.359375 0.232422 0.363281 0.228516 0.363281 0.224609
0 0.533203 0.222656 0.529297 0.226562 0.529297 0.232422 0.535156 0.238281 0.542969 0.238281 0.546875 0.234375 0.546875 0.232422 0.544922 0.230469 0.544922 0.226562 0.541016 0.222656
0 0.746094 0.228516 0.744141 0.230469 0.746094 0.232422 0.748047 0.232422 0.750000 0.230469 0.748047 0.228516
0 0.818359 0.232422 0.818359 0.236328 0.822266 0.236328 0.822266 0.232422
0 0.509766 0.261719 0.505859 0.265625 0.505859 0.269531 0.503906 0.271484 0.503906 0.275391 0.505859 0.277344 0.505859 0.279297 0.507812 0.281250 0.513672 0.281250 0.515625 0.279297 0.519531 0.279297 0.523438 0.275391 0.523438 0.267578 0.521484 0.265625 0.521484 0.263672 0.519531 0.261719
0 0.474609 0.269531 0.472656 0.271484 0.472656 0.275391 0.474609 0.277344 0.478516 0.277344 0.480469 0.275391 0.480469 0.271484 0.478516 0.269531
0 0.658203 0.277344 0.654297 0.277344 0.652344 0.279297 0.652344 0.281250 0.654297 0.283203 0.656250 0.283203 0.660156 0.279297
0 0.306641 0.283203 0.302734 0.287109 0.302734 0.289062 0.304688 0.291016 0.304688 0.294922 0.310547 0.300781 0.318359 0.300781 0.322266 0.296875 0.322266 0.289062 0.314453 0.281250 0.310547 0.281250 0.308594 0.283203
0 0.697266 0.291016 0.695312 0.292969 0.695312 0.296875 0.697266 0.298828 0.701172 0.298828 0.703125 0.296875 0.703125 0.292969 0.701172 0.291016
0 0.648438 0.333984 0.648438 0.337891 0.650391 0.337891 0.650391 0.333984
0 0.273438 0.337891 0.269531 0.341797 0.273438 0.345703 0.275391 0.345703 0.277344 0.343750 0.277344 0.339844 0.275391 0.337891
0 0.542969 0.353516 0.541016 0.355469 0.542969 0.357422
0 0.255859 0.361328 0.255859 0.363281 0.257812 0.363281 0.259766 0.365234 0.259766 0.367188 0.267578 0.367188 0.267578 0.361328 0.263672 0.357422 0.259766 0.357422
0 0.714844 0.378906 0.714844 0.388672 0.720703 0.392578 0.728516 0.392578 0.730469 0.390625 0.734375 0.390625 0.736328 0.388672 0.738281 0.388672 0.736328 0.386719 0.736328 0.384766 0.730469 0.378906 0.730469 0.376953 0.724609 0.376953 0.722656 0.375000 0.718750 0.375000
0 0.507812 0.378906 0.503906 0.382812 0.505859 0.384766 0.505859 0.386719 0.511719 0.386719 0.513672 0.384766 0.513672 0.382812 0.509766 0.378906
0 0.537109 0.378906 0.535156 0.380859 0.537109 0.382812
0 0.318359 0.386719 0.316406 0.388672 0.316406 0.392578 0.318359 0.394531 0.320312 0.394531 0.322266 0.392578 0.322266 0.388672 0.320312 0.386719
0 0.740234 0.400391 0.740234 0.402344 0.744141 0.402344 0.744141 0.400391
0 0.687500 0.414062 0.685547 0.416016 0.685547 0.417969 0.687500 0.419922 0.691406 0.419922 0.691406 0.416016 0.689453 0.414062
0 0.441406 0.419922 0.439453 0.421875 0.439453 0.423828 0.441406 0.425781 0.445312 0.425781 0.445312 0.419922
0 0.833984 0.427734 0.832031 0.429688 0.832031 0.431641 0.833984 0.433594 0.833984 0.435547 0.835938 0.435547 0.837891 0.433594 0.837891 0.429688 0.835938 0.427734
0 0.423828 0.433594 0.416016 0.445312 0.417969 0.453125 0.416016 0.455078 0.416016 0.476562 0.419922 0.484375 0.425781 0.488281 0.439453 0.490234 0.447266 0.484375 0.455078 0.470703 0.457031 0.451172 0.453125 0.441406 0.447266 0.435547
0 0.537109 0.433594 0.533203 0.439453 0.533203 0.443359 0.531250 0.445312 0.531250 0.447266 0.533203 0.447266 0.535156 0.449219 0.535156 0.451172 0.541016 0.451172 0.546875 0.445312 0.546875 0.439453 0.544922 0.439453 0.541016 0.435547 0.539062 0.435547
0 0.222656 0.439453 0.220703 0.441406 0.220703 0.449219 0.222656 0.451172 0.222656 0.453125 0.224609 0.455078 0.228516 0.455078 0.230469 0.453125 0.230469 0.449219 0.232422 0.447266 0.232422 0.443359 0.228516 0.439453
0 0.794922 0.441406 0.794922 0.445312 0.796875 0.445312 0.796875 0.443359
0 0.769531 0.449219 0.767578 0.451172 0.769531 0.458984 0.763672 0.462891 0.765625 0.466797 0.767578 0.466797 0.775391 0.476562 0.789062 0.474609 0.791016 0.472656 0.791016 0.466797 0.787109 0.462891 0.775391 0.462891 0.773438 0.460938 0.779297 0.455078 0.775391 0.449219
0 0.201172 0.455078 0.197266 0.458984 0.197266 0.460938 0.199219 0.462891 0.201172 0.462891 0.203125 0.460938 0.203125 0.457031
0 0.488281 0.457031 0.484375 0.460938 0.484375 0.464844 0.486328 0.466797 0.492188 0.466797 0.494141 0.464844 0.494141 0.458984 0.492188 0.457031
0 0.474609 0.464844 0.476562 0.466797 0.480469 0.466797 0.480469 0.464844 0.478516 0.462891 0.476562 0.462891
0 0.970703 0.460938 0.968750 0.462891 0.970703 0.464844 0.972656 0.464844 0.974609 0.462891 0.972656 0.460938
0 0.738281 0.466797 0.738281 0.468750 0.736328 0.470703 0.736328 0.474609 0.742188 0.480469 0.746094 0.480469 0.751953 0.474609 0.744141 0.466797
0 0.460938 0.472656 0.458984 0.474609 0.458984 0.476562 0.460938 0.478516 0.462891 0.478516 0.464844 0.476562 0.464844 0.474609 0.462891 0.472656
0 0.472656 0.478516 0.472656 0.482422 0.474609 0.482422 0.474609 0.478516
1 0.304688 0.480469 0.302734 0.482422 0.302734 0.486328 0.300781 0.488281 0.300781 0.490234 0.304688 0.494141 0.304688 0.492188 0.306641 0.490234 0.306641 0.488281 0.302734 0.484375 0.302734 0.482422
0 0.726562 0.486328 0.722656 0.490234 0.722656 0.492188 0.724609 0.494141 0.730469 0.494141 0.732422 0.492188 0.732422 0.488281 0.730469 0.486328
0 0.351562 0.488281 0.349609 0.490234 0.349609 0.494141 0.351562 0.496094 0.353516 0.496094 0.355469 0.494141 0.355469 0.490234 0.353516 0.488281
0 0.537109 0.488281 0.533203 0.488281 0.533203 0.490234 0.535156 0.492188 0.537109 0.490234
0 0.882812 0.496094 0.884766 0.498047 0.890625 0.498047 0.892578 0.496094 0.892578 0.494141 0.890625 0.492188 0.886719 0.492188
0 0.638672 0.496094 0.638672 0.501953 0.642578 0.505859 0.644531 0.505859 0.646484 0.503906 0.646484 0.500000 0.642578 0.496094
0 0.900391 0.500000 0.898438 0.501953 0.900391 0.503906 0.902344 0.501953
0 0.351562 0.505859 0.349609 0.507812 0.349609 0.511719 0.351562 0.513672 0.353516 0.513672 0.353516 0.511719 0.355469 0.509766 0.355469 0.507812 0.353516 0.505859
0 0.666016 0.511719 0.664062 0.513672 0.664062 0.521484 0.666016 0.521484 0.669922 0.525391 0.671875 0.525391 0.673828 0.523438 0.673828 0.515625 0.671875 0.513672 0.671875 0.511719
0 0.574219 0.515625 0.572266 0.517578 0.572266 0.519531 0.574219 0.521484 0.578125 0.521484 0.580078 0.519531 0.580078 0.517578 0.578125 0.515625
0 0.738281 0.515625 0.736328 0.517578 0.738281 0.519531 0.740234 0.517578
0 0.806641 0.523438 0.806641 0.527344 0.808594 0.529297 0.808594 0.533203 0.812500 0.537109 0.812500 0.535156 0.814453 0.533203 0.818359 0.533203 0.820312 0.531250 0.828125 0.531250 0.830078 0.529297 0.830078 0.527344 0.828125 0.525391 0.824219 0.525391 0.818359 0.519531 0.816406 0.519531 0.814453 0.517578 0.810547 0.517578
0 0.410156 0.519531 0.408203 0.521484 0.408203 0.525391 0.410156 0.527344 0.412109 0.527344 0.414062 0.525391 0.414062 0.521484 0.412109 0.519531
0 0.531250 0.521484 0.531250 0.525391 0.533203 0.523438
1 0.861328 0.521484 0.859375 0.519531 0.857422 0.519531 0.857422 0.521484 0.855469 0.523438 0.853516 0.523438 0.851562 0.525391 0.845703 0.525391 0.843750 0.527344 0.843750 0.531250 0.841797 0.533203 0.843750 0.535156 0.851562 0.535156 0.855469 0.531250 0.857422 0.531250 0.861328 0.527344
0 0.951172 0.521484 0.949219 0.523438 0.949219 0.525391 0.951172 0.527344 0.955078 0.527344 0.957031 0.525391 0.957031 0.523438 0.955078 0.521484
0 0.632812 0.525391 0.632812 0.529297 0.634766 0.529297 0.636719 0.527344 0.634766 0.525391
0 0.791016 0.537109 0.789062 0.539062 0.789062 0.541016 0.791016 0.542969 0.794922 0.542969 0.794922 0.539062 0.792969 0.537109
1 0.404297 0.539062 0.400391 0.539062 0.400391 0.541016 0.396484 0.544922 0.396484 0.548828 0.398438 0.550781 0.400391 0.550781 0.402344 0.548828 0.400391 0.546875 0.402344 0.544922 0.402344 0.541016
1 0.412109 0.542969 0.414062 0.544922 0.416016 0.544922 0.414062 0.542969
0 0.513672 0.546875 0.515625 0.548828 0.517578 0.548828 0.519531 0.546875 0.521484 0.546875 0.521484 0.544922 0.515625 0.544922
0 0.900391 0.542969 0.896484 0.546875 0.896484 0.548828 0.898438 0.550781 0.902344 0.550781 0.904297 0.548828 0.904297 0.546875
1 0.193359 0.554688 0.199219 0.554688 0.201172 0.552734 0.199219 0.554688 0.197266 0.552734 0.193359 0.552734
0 0.496094 0.550781 0.494141 0.550781 0.490234 0.554688 0.492188 0.556641 0.492188 0.558594 0.496094 0.558594 0.498047 0.556641 0.498047 0.552734
0 0.576172 0.552734 0.574219 0.554688 0.574219 0.560547 0.576172 0.562500 0.582031 0.562500 0.583984 0.560547 0.583984 0.554688 0.582031 0.552734
0 0.611328 0.552734 0.607422 0.552734 0.605469 0.554688 0.603516 0.554688 0.605469 0.556641 0.605469 0.560547 0.607422 0.562500 0.607422 0.564453 0.609375 0.566406 0.611328 0.564453 0.613281 0.564453 0.617188 0.560547 0.617188 0.558594
0 0.890625 0.554688 0.888672 0.552734 0.886719 0.552734 0.882812 0.556641 0.884766 0.558594 0.888672 0.558594 0.890625 0.556641
0 0.816406 0.554688 0.810547 0.554688 0.808594 0.556641 0.800781 0.556641 0.800781 0.558594 0.798828 0.560547 0.798828 0.562500 0.800781 0.562500 0.808594 0.570312 0.810547 0.570312 0.814453 0.566406 0.814453 0.564453 0.818359 0.558594 0.818359 0.556641
0 0.832031 0.556641 0.828125 0.560547 0.828125 0.562500 0.832031 0.566406 0.835938 0.566406 0.839844 0.562500 0.837891 0.560547 0.837891 0.558594 0.835938 0.558594 0.833984 0.556641
0 0.328125 0.560547 0.326172 0.562500 0.324219 0.562500 0.324219 0.566406 0.326172 0.568359 0.328125 0.568359 0.332031 0.564453
1 0.505859 0.560547 0.501953 0.560547 0.496094 0.566406 0.496094 0.570312 0.498047 0.568359 0.500000 0.568359 0.501953 0.566406 0.503906 0.566406 0.505859 0.564453
0 0.683594 0.564453 0.681641 0.566406 0.677734 0.566406 0.673828 0.570312 0.673828 0.576172 0.679688 0.580078 0.685547 0.580078 0.689453 0.576172 0.691406 0.576172 0.691406 0.570312 0.687500 0.566406 0.685547 0.566406
0 0.869141 0.562500 0.865234 0.566406 0.865234 0.568359 0.867188 0.570312 0.873047 0.570312 0.876953 0.566406 0.876953 0.564453 0.875000 0.562500
0 0.546875 0.574219 0.542969 0.578125 0.542969 0.582031 0.544922 0.583984 0.550781 0.583984 0.552734 0.582031 0.552734 0.578125 0.550781 0.576172 0.550781 0.574219
0 0.785156 0.574219 0.785156 0.576172 0.787109 0.578125 0.789062 0.578125 0.789062 0.574219
0 0.947266 0.576172 0.947266 0.578125 0.945312 0.580078 0.947266 0.582031 0.951172 0.582031 0.951172 0.576172
0 0.478516 0.582031 0.476562 0.583984 0.474609 0.583984 0.474609 0.587891 0.480469 0.593750 0.480469 0.591797 0.482422 0.589844 0.482422 0.583984 0.480469 0.582031
0 0.578125 0.593750 0.580078 0.595703 0.580078 0.597656 0.585938 0.597656 0.583984 0.595703 0.585938 0.593750 0.583984 0.591797 0.580078 0.591797
0 0.789062 0.591797 0.787109 0.593750 0.787109 0.597656 0.789062 0.599609 0.792969 0.599609 0.794922 0.597656 0.794922 0.593750 0.792969 0.591797
0 0.828125 0.591797 0.828125 0.595703 0.830078 0.595703 0.832031 0.593750 0.830078 0.591797
0 0.957031 0.591797 0.955078 0.591797 0.953125 0.593750 0.953125 0.595703 0.955078 0.597656 0.957031 0.595703
0 0.357422 0.593750 0.355469 0.595703 0.357422 0.597656 0.357422 0.599609 0.359375 0.599609 0.361328 0.597656 0.361328 0.595703 0.359375 0.593750
0 0.861328 0.593750 0.859375 0.595703 0.859375 0.597656 0.861328 0.599609 0.863281 0.599609 0.863281 0.597656 0.865234 0.595703 0.863281 0.593750
0 0.476562 0.597656 0.474609 0.597656 0.470703 0.601562 0.468750 0.601562 0.462891 0.607422 0.458984 0.607422 0.460938 0.609375 0.460938 0.617188 0.462891 0.617188 0.464844 0.619141 0.472656 0.619141 0.472656 0.611328 0.476562 0.607422 0.478516 0.609375 0.476562 0.607422 0.478516 0.605469 0.478516 0.599609
0 0.437500 0.603516 0.435547 0.605469 0.437500 0.607422 0.439453 0.607422 0.439453 0.603516
0 0.333984 0.609375 0.332031 0.611328 0.332031 0.613281 0.333984 0.615234 0.335938 0.615234 0.337891 0.613281 0.337891 0.611328 0.335938 0.609375
0 0.564453 0.615234 0.562500 0.617188 0.564453 0.619141 0.566406 0.619141 0.566406 0.617188
0 0.449219 0.621094 0.447266 0.623047 0.447266 0.625000 0.449219 0.626953 0.453125 0.623047 0.451172 0.623047
0 0.583984 0.621094 0.582031 0.623047 0.580078 0.623047 0.582031 0.625000 0.582031 0.626953 0.585938 0.626953 0.585938 0.623047
0 0.755859 0.621094 0.753906 0.623047 0.753906 0.626953 0.755859 0.628906 0.759766 0.628906 0.761719 0.626953 0.761719 0.623047 0.759766 0.621094
0 0.246094 0.625000 0.246094 0.626953 0.244141 0.628906 0.244141 0.638672 0.248047 0.642578 0.253906 0.642578 0.255859 0.640625 0.255859 0.638672 0.257812 0.636719 0.257812 0.634766 0.255859 0.632812 0.255859 0.630859 0.250000 0.625000
0 0.312500 0.625000 0.312500 0.626953 0.314453 0.626953
1 0.607422 0.628906 0.605469 0.628906 0.605469 0.630859 0.603516 0.632812 0.601562 0.632812 0.601562 0.636719 0.603516 0.638672 0.605469 0.636719 0.605469 0.630859
0 0.884766 0.636719 0.882812 0.638672 0.882812 0.642578 0.884766 0.644531 0.886719 0.644531 0.888672 0.642578 0.888672 0.638672 0.886719 0.638672
0 0.916016 0.638672 0.917969 0.640625 0.921875 0.640625 0.921875 0.638672 0.919922 0.636719 0.917969 0.636719
0 0.865234 0.648438 0.863281 0.646484 0.861328 0.646484 0.859375 0.648438 0.859375 0.650391 0.863281 0.650391
0 0.882812 0.658203 0.880859 0.660156 0.882812 0.662109 0.884766 0.662109 0.884766 0.660156
0 0.568359 0.662109 0.568359 0.667969 0.570312 0.669922 0.576172 0.669922 0.578125 0.667969 0.580078 0.667969 0.580078 0.664062 0.576172 0.660156 0.570312 0.660156
0 0.707031 0.662109 0.705078 0.664062 0.705078 0.666016 0.703125 0.667969 0.703125 0.673828 0.705078 0.675781 0.710938 0.675781 0.712891 0.673828 0.714844 0.673828 0.714844 0.671875 0.716797 0.669922 0.714844 0.667969 0.714844 0.666016 0.710938 0.662109
0 0.490234 0.669922 0.490234 0.671875 0.488281 0.673828 0.490234 0.675781 0.494141 0.675781 0.496094 0.673828 0.496094 0.671875 0.494141 0.671875 0.492188 0.669922
0 0.519531 0.681641 0.515625 0.681641 0.513672 0.679688 0.513672 0.681641 0.511719 0.683594 0.505859 0.683594 0.503906 0.685547 0.507812 0.689453 0.509766 0.687500 0.511719 0.689453 0.513672 0.687500 0.515625 0.689453 0.519531 0.685547
0 0.697266 0.681641 0.695312 0.683594 0.695312 0.689453 0.697266 0.691406 0.703125 0.691406 0.705078 0.689453 0.705078 0.685547 0.701172 0.681641
0 0.998047 0.681641 0.994141 0.681641 0.992188 0.683594 0.992188 0.687500 0.994141 0.689453 0.996094 0.689453 0.998047 0.687500
0 0.640625 0.685547 0.642578 0.687500 0.646484 0.687500 0.646484 0.685547 0.644531 0.683594 0.642578 0.683594
0 0.880859 0.685547 0.878906 0.687500 0.878906 0.689453 0.880859 0.691406 0.884766 0.691406 0.886719 0.689453 0.886719 0.687500 0.884766 0.687500 0.882812 0.685547
1 0.587891 0.689453 0.585938 0.691406 0.587891 0.693359 0.587891 0.695312 0.589844 0.697266 0.587891 0.699219 0.587891 0.703125 0.589844 0.705078 0.595703 0.705078 0.597656 0.703125 0.597656 0.701172 0.589844 0.693359 0.589844 0.689453
0 0.794922 0.689453 0.792969 0.689453 0.791016 0.691406 0.791016 0.693359 0.794922 0.693359
0 0.982422 0.695312 0.980469 0.697266 0.980469 0.699219 0.984375 0.703125 0.988281 0.703125 0.990234 0.701172 0.990234 0.697266 0.988281 0.695312
0 0.490234 0.703125 0.490234 0.707031 0.492188 0.707031 0.494141 0.705078 0.492188 0.703125
0 0.480469 0.712891 0.478516 0.714844 0.478516 0.716797 0.480469 0.718750 0.484375 0.718750 0.484375 0.714844 0.482422 0.712891
0 0.640625 0.710938 0.638672 0.712891 0.636719 0.712891 0.632812 0.716797 0.634766 0.718750 0.634766 0.720703 0.636719 0.722656 0.638672 0.722656 0.642578 0.728516 0.644531 0.728516 0.644531 0.726562 0.642578 0.726562 0.640625 0.724609 0.642578 0.722656 0.642578 0.720703 0.646484 0.714844 0.646484 0.710938
0 0.773438 0.712891 0.771484 0.710938 0.769531 0.710938 0.767578 0.712891 0.767578 0.716797 0.771484 0.716797 0.773438 0.714844
1 0.921875 0.714844 0.923828 0.716797 0.927734 0.716797 0.931641 0.720703 0.933594 0.720703 0.935547 0.722656 0.937500 0.720703 0.935547 0.718750 0.935547 0.716797 0.933594 0.716797 0.929688 0.712891 0.923828 0.712891
0 0.746094 0.714844 0.744141 0.716797 0.742188 0.716797 0.742188 0.722656 0.746094 0.722656 0.746094 0.720703 0.748047 0.718750 0.746094 0.718750 0.744141 0.716797
0 0.837891 0.716797 0.835938 0.714844 0.833984 0.716797 0.833984 0.718750 0.837891 0.718750
0 0.734375 0.722656 0.734375 0.726562 0.736328 0.726562 0.738281 0.724609 0.736328 0.722656
0 0.419922 0.730469 0.421875 0.732422 0.425781 0.732422 0.425781 0.728516 0.421875 0.728516
0 0.613281 0.728516 0.611328 0.730469 0.609375 0.730469 0.609375 0.734375 0.607422 0.736328 0.609375 0.736328 0.611328 0.738281 0.615234 0.738281 0.617188 0.736328 0.617188 0.732422
0 0.880859 0.728516 0.882812 0.730469 0.882812 0.734375 0.884766 0.734375 0.886719 0.732422 0.884766 0.730469 0.882812 0.730469
0 0.585938 0.732422 0.580078 0.736328 0.580078 0.748047 0.583984 0.751953 0.589844 0.751953 0.591797 0.753906 0.593750 0.753906 0.593750 0.750000 0.597656 0.744141 0.597656 0.742188 0.595703 0.740234 0.595703 0.736328 0.589844 0.732422
0 0.697266 0.738281 0.695312 0.740234 0.697266 0.742188 0.699219 0.742188 0.699219 0.740234
0 0.851562 0.738281 0.847656 0.742188 0.847656 0.744141 0.849609 0.746094 0.851562 0.746094 0.855469 0.742188
0 0.757812 0.742188 0.757812 0.746094 0.759766 0.746094 0.761719 0.744141 0.759766 0.742188
0 0.794922 0.744141 0.792969 0.744141 0.791016 0.746094 0.791016 0.751953 0.792969 0.751953 0.796875 0.748047 0.796875 0.746094
0 0.433594 0.748047 0.433594 0.755859 0.435547 0.757812 0.441406 0.757812 0.443359 0.755859 0.443359 0.750000 0.441406 0.748047
0 0.662109 0.750000 0.658203 0.753906 0.658203 0.755859 0.660156 0.757812 0.660156 0.759766 0.662109 0.759766 0.666016 0.755859 0.666016 0.753906
0 0.943359 0.755859 0.941406 0.757812 0.941406 0.761719 0.943359 0.763672 0.945312 0.763672 0.947266 0.761719 0.947266 0.757812 0.945312 0.755859
0 0.171875 0.757812 0.167969 0.761719 0.167969 0.765625 0.171875 0.769531 0.175781 0.769531 0.177734 0.767578 0.177734 0.759766 0.175781 0.757812
0 0.591797 0.759766 0.587891 0.763672 0.587891 0.769531 0.589844 0.771484 0.589844 0.773438 0.591797 0.775391 0.595703 0.775391 0.597656 0.773438 0.597656 0.771484 0.599609 0.769531 0.599609 0.763672 0.595703 0.759766
0 0.607422 0.757812 0.609375 0.759766 0.609375 0.761719 0.607422 0.763672 0.605469 0.763672 0.609375 0.763672 0.611328 0.765625 0.615234 0.761719 0.613281 0.759766 0.613281 0.757812
0 0.630859 0.767578 0.628906 0.769531 0.628906 0.771484 0.630859 0.771484
0 0.689453 0.769531 0.689453 0.773438 0.691406 0.775391 0.691406 0.777344 0.693359 0.775391 0.695312 0.775391 0.697266 0.773438 0.697266 0.771484 0.695312 0.769531
0 0.904297 0.769531 0.902344 0.771484 0.902344 0.777344 0.904297 0.779297 0.904297 0.781250 0.908203 0.785156 0.912109 0.785156 0.914062 0.783203 0.914062 0.775391 0.908203 0.769531
0 0.611328 0.777344 0.609375 0.779297 0.609375 0.783203 0.615234 0.789062 0.619141 0.789062 0.619141 0.785156 0.617188 0.783203 0.617188 0.779297 0.615234 0.777344
0 0.740234 0.781250 0.736328 0.785156 0.736328 0.787109 0.734375 0.789062 0.736328 0.791016 0.736328 0.792969 0.738281 0.794922 0.738281 0.796875 0.740234 0.798828 0.742188 0.798828 0.746094 0.794922 0.748047 0.794922 0.748047 0.787109 0.746094 0.785156 0.746094 0.783203 0.744141 0.783203 0.742188 0.781250
0 0.595703 0.789062 0.593750 0.791016 0.593750 0.794922 0.589844 0.800781 0.589844 0.804688 0.591797 0.806641 0.593750 0.806641 0.595703 0.804688 0.599609 0.804688 0.601562 0.806641 0.607422 0.806641 0.611328 0.802734 0.611328 0.798828 0.613281 0.796875 0.613281 0.794922 0.607422 0.789062 0.603516 0.789062 0.601562 0.791016 0.597656 0.791016
0 0.492188 0.798828 0.490234 0.800781 0.490234 0.804688 0.494141 0.808594 0.498047 0.808594 0.498047 0.800781 0.496094 0.798828
0 0.646484 0.796875 0.644531 0.798828 0.644531 0.800781 0.646484 0.802734 0.650391 0.802734 0.652344 0.800781 0.652344 0.798828 0.650391 0.796875
0 0.841797 0.796875 0.839844 0.798828 0.839844 0.800781 0.841797 0.802734 0.843750 0.802734 0.845703 0.800781 0.845703 0.798828 0.843750 0.796875
0 0.992188 0.806641 0.994141 0.808594 0.998047 0.808594 0.998047 0.804688 0.994141 0.804688
1 0.593750 0.816406 0.595703 0.832031 0.599609 0.835938 0.636719 0.828125 0.654297 0.841797 0.656250 0.839844 0.666016 0.849609 0.666016 0.853516 0.673828 0.851562 0.683594 0.855469 0.710938 0.880859 0.712891 0.888672 0.718750 0.890625 0.722656 0.886719 0.724609 0.876953 0.710938 0.873047 0.695312 0.857422 0.699219 0.851562 0.697266 0.847656 0.687500 0.851562 0.683594 0.845703 0.669922 0.839844 0.654297 0.824219 0.652344 0.826172 0.644531 0.822266 0.646484 0.816406 0.642578 0.812500 0.607422 0.810547
0 0.699219 0.810547 0.695312 0.810547 0.695312 0.812500 0.697266 0.814453 0.699219 0.812500
0 0.789062 0.814453 0.787109 0.816406 0.787109 0.818359 0.791016 0.822266 0.792969 0.820312 0.792969 0.816406 0.791016 0.814453
0 0.542969 0.826172 0.541016 0.824219 0.541016 0.822266 0.539062 0.824219 0.537109 0.824219 0.539062 0.826172 0.541016 0.824219
0 0.929688 0.822266 0.929688 0.824219 0.935547 0.824219 0.935547 0.822266 0.933594 0.820312 0.931641 0.820312
0 0.908203 0.824219 0.904297 0.828125 0.904297 0.830078 0.906250 0.832031 0.906250 0.833984 0.912109 0.833984 0.914062 0.832031 0.914062 0.830078 0.916016 0.828125 0.912109 0.824219
0 0.691406 0.832031 0.689453 0.833984 0.689453 0.835938 0.695312 0.841797 0.695312 0.843750 0.697266 0.843750 0.699219 0.841797 0.699219 0.839844 0.701172 0.837891 0.699219 0.835938 0.699219 0.833984 0.697266 0.832031
0 0.994141 0.835938 0.996094 0.837891 0.998047 0.837891 0.998047 0.835938
0 0.601562 0.841797 0.595703 0.847656 0.599609 0.851562 0.599609 0.861328 0.603516 0.865234 0.609375 0.865234 0.611328 0.863281 0.611328 0.853516 0.605469 0.847656 0.605469 0.843750 0.603516 0.841797
0 0.632812 0.841797 0.630859 0.839844 0.628906 0.839844 0.626953 0.841797 0.626953 0.845703 0.630859 0.845703 0.632812 0.843750
0 0.640625 0.841797 0.638672 0.843750 0.638672 0.851562 0.640625 0.851562 0.642578 0.853516 0.644531 0.853516 0.648438 0.849609 0.648438 0.847656 0.644531 0.843750 0.644531 0.841797
0 0.953125 0.839844 0.951172 0.841797 0.955078 0.845703 0.955078 0.841797
0 0.892578 0.843750 0.890625 0.845703 0.890625 0.847656 0.892578 0.849609 0.894531 0.849609 0.896484 0.847656 0.896484 0.845703 0.894531 0.843750
0 0.767578 0.861328 0.765625 0.863281 0.765625 0.865234 0.767578 0.867188 0.769531 0.867188 0.771484 0.865234 0.771484 0.863281 0.769531 0.861328
0 0.833984 0.867188 0.833984 0.871094 0.835938 0.873047 0.833984 0.886719 0.835938 0.890625 0.843750 0.898438 0.861328 0.896484 0.863281 0.894531 0.859375 0.892578 0.859375 0.886719 0.857422 0.884766 0.859375 0.882812 0.857422 0.880859 0.857422 0.869141 0.853516 0.865234 0.849609 0.865234 0.847656 0.867188 0.837891 0.865234
1 0.671875 0.875000 0.667969 0.871094 0.662109 0.871094 0.656250 0.876953 0.654297 0.875000 0.648438 0.875000 0.644531 0.878906 0.644531 0.882812 0.646484 0.884766 0.650391 0.884766 0.652344 0.886719 0.654297 0.884766 0.656250 0.884766 0.662109 0.878906 0.664062 0.880859 0.667969 0.880859
0 0.912109 0.873047 0.908203 0.873047 0.904297 0.876953 0.912109 0.876953
0 0.619141 0.878906 0.617188 0.880859 0.617188 0.882812 0.621094 0.886719 0.623047 0.884766 0.623047 0.880859 0.621094 0.878906
1 0.988281 0.882812 0.984375 0.884766 0.984375 0.886719 0.980469 0.890625 0.980469 0.900391 0.982422 0.902344 0.982422 0.906250 0.984375 0.904297 0.994141 0.914062 0.994141 0.921875 0.992188 0.923828 0.992188 0.929688 0.984375 0.939453 0.982422 0.957031 0.990234 0.964844 0.998047 0.964844 0.998047 0.882812
0 0.904297 0.888672 0.902344 0.890625 0.902344 0.892578 0.906250 0.896484 0.908203 0.896484 0.910156 0.894531 0.910156 0.890625 0.908203 0.888672
0 0.703125 0.892578 0.705078 0.894531 0.701172 0.898438 0.701172 0.900391 0.699219 0.902344 0.701172 0.904297 0.701172 0.906250 0.703125 0.908203 0.708984 0.908203 0.710938 0.906250 0.710938 0.904297 0.712891 0.902344 0.712891 0.900391 0.708984 0.896484 0.708984 0.894531 0.705078 0.894531
0 0.783203 0.890625 0.781250 0.892578 0.781250 0.894531 0.783203 0.896484 0.785156 0.896484 0.785156 0.892578
0 0.886719 0.890625 0.886719 0.892578 0.884766 0.894531 0.888672 0.898438 0.892578 0.894531 0.888672 0.890625
0 0.937500 0.890625 0.937500 0.892578 0.939453 0.894531 0.943359 0.894531 0.945312 0.892578 0.945312 0.890625
1 0.728516 0.894531 0.732422 0.910156 0.726562 0.919922 0.726562 0.927734 0.738281 0.943359 0.734375 0.962891 0.746094 0.978516 0.755859 0.978516 0.767578 0.966797 0.767578 0.951172 0.761719 0.945312 0.750000 0.945312 0.744141 0.935547 0.748047 0.921875 0.746094 0.914062
0 0.923828 0.900391 0.919922 0.900391 0.917969 0.902344 0.917969 0.906250 0.919922 0.908203 0.921875 0.908203 0.925781 0.904297 0.925781 0.902344
0 0.691406 0.912109 0.687500 0.912109 0.687500 0.914062 0.689453 0.916016 0.691406 0.914062
0 0.855469 0.910156 0.851562 0.914062 0.851562 0.919922 0.855469 0.923828 0.859375 0.923828 0.863281 0.919922 0.863281 0.914062 0.859375 0.910156
0 0.882812 0.916016 0.880859 0.914062 0.878906 0.916016 0.878906 0.917969 0.880859 0.917969
0 0.943359 0.923828 0.945312 0.925781 0.947266 0.931641 0.949219 0.931641 0.953125 0.935547 0.953125 0.937500 0.958984 0.941406 0.962891 0.941406 0.964844 0.939453 0.966797 0.939453 0.966797 0.937500 0.968750 0.935547 0.970703 0.935547 0.968750 0.933594 0.968750 0.931641 0.966797 0.929688 0.966797 0.925781 0.964844 0.923828 0.955078 0.921875 0.951172 0.917969 0.945312 0.923828
0 0.695312 0.927734 0.691406 0.931641 0.691406 0.933594 0.693359 0.933594 0.695312 0.935547 0.697266 0.935547 0.699219 0.933594 0.699219 0.929688 0.697266 0.927734
0 0.826172 0.925781 0.824219 0.927734 0.824219 0.929688 0.826172 0.931641 0.828125 0.931641 0.830078 0.929688 0.830078 0.927734 0.828125 0.925781
0 0.980469 0.931641 0.978516 0.929688 0.974609 0.933594 0.974609 0.935547 0.978516 0.935547 0.980469 0.933594
0 0.642578 0.933594 0.640625 0.935547 0.642578 0.937500 0.644531 0.937500 0.644531 0.933594
0 0.621094 0.937500 0.621094 0.939453 0.623047 0.941406 0.626953 0.941406 0.626953 0.939453 0.625000 0.937500
0 0.785156 0.937500 0.783203 0.939453 0.783203 0.943359 0.785156 0.945312 0.787109 0.945312 0.789062 0.943359 0.789062 0.939453 0.787109 0.939453
0 0.679688 0.947266 0.677734 0.949219 0.677734 0.953125 0.679688 0.955078 0.681641 0.955078 0.683594 0.953125 0.683594 0.949219 0.681641 0.947266
0 0.314453 0.951172 0.312500 0.953125 0.310547 0.953125 0.310547 0.957031 0.314453 0.957031
0 0.572266 0.949219 0.568359 0.949219 0.566406 0.951172 0.566406 0.957031 0.570312 0.960938 0.574219 0.957031 0.574219 0.951172
0 0.330078 0.953125 0.328125 0.955078 0.328125 0.958984 0.332031 0.958984 0.332031 0.955078
0 0.650391 0.953125 0.648438 0.955078 0.646484 0.955078 0.648438 0.957031 0.648438 0.958984 0.652344 0.958984 0.652344 0.955078
0 0.935547 0.960938 0.933594 0.962891 0.933594 0.970703 0.937500 0.976562 0.925781 0.990234 0.929688 0.994141 0.929688 0.998047 0.935547 0.994141 0.941406 0.998047 0.951172 0.998047 0.947266 0.992188 0.947266 0.980469 0.941406 0.974609 0.943359 0.966797 0.939453 0.960938 0.937500 0.962891
0 0.972656 0.964844 0.972656 0.968750 0.974609 0.970703 0.976562 0.970703 0.976562 0.966797 0.974609 0.964844
1 0.476562 0.970703 0.474609 0.976562 0.476562 0.978516 0.478516 0.978516 0.490234 0.990234 0.496094 0.986328 0.496094 0.984375 0.484375 0.972656 0.480469 0.972656 0.478516 0.970703
0 0.675781 0.982422 0.671875 0.978516 0.669922 0.978516 0.664062 0.984375 0.660156 0.984375 0.648438 0.990234 0.646484 0.992188 0.646484 0.998047 0.677734 0.998047 0.673828 0.992188 0.675781 0.988281
0 0.730469 0.976562 0.724609 0.982422 0.724609 0.986328 0.726562 0.988281 0.734375 0.988281 0.734375 0.986328 0.736328 0.984375 0.736328 0.982422
0 0.617188 0.986328 0.615234 0.988281 0.615234 0.990234 0.617188 0.992188 0.619141 0.992188 0.621094 0.990234 0.621094 0.988281 0.619141 0.986328
0 0.425781 0.990234 0.423828 0.992188 0.423828 0.994141 0.425781 0.996094 0.427734 0.996094 0.429688 0.994141 0.429688 0.992188 0.427734 0.990234
0 0.462891 0.988281 0.460938 0.990234 0.460938 0.996094 0.462891 0.998047 0.466797 0.998047 0.466797 0.990234 0.464844 0.988281
0 0.685547 0.990234 0.685547 0.994141 0.687500 0.996094 0.685547 0.998047 0.697266 0.998047 0.695312 0.996094 0.695312 0.992188 0.693359 0.990234
1 0.998047 0.994141 0.994141 0.994141 0.992188 0.992188 0.990234 0.992188 0.988281 0.990234 0.984375 0.994141 0.980469 0.994141 0.978516 0.996094 0.978516 0.998047 0.998047 0.998047
1 0.572266 0.998047 0.585938 0.998047 0.583984 0.998047 0.582031 0.996094 0.576172 0.996094 0.574219 0.998047
0 0.845703 0.019531 0.845703 0.023438 0.841797 0.023438 0.839844 0.021484 0.843750 0.017578
0 0.843750 0.027344 0.843750 0.031250 0.839844 0.031250 0.837891 0.029297 0.841797 0.025391
0 0.099609 0.076172 0.099609 0.080078 0.095703 0.080078 0.093750 0.078125 0.097656 0.074219
0 0.107422 0.078125 0.107422 0.082031 0.103516 0.082031 0.101562 0.080078 0.105469 0.076172
0 0.101562 0.091797 0.099609 0.091797 0.097656 0.093750 0.093750 0.093750 0.091797 0.091797 0.091797 0.085938 0.093750 0.083984 0.097656 0.083984 0.099609 0.085938 0.101562 0.085938
0 0.107422 0.093750 0.105469 0.093750 0.103516 0.095703 0.099609 0.095703 0.097656 0.093750 0.097656 0.087891 0.099609 0.085938 0.103516 0.085938 0.105469 0.087891 0.107422 0.087891
0 0.095703 0.097656 0.095703 0.101562 0.091797 0.101562 0.089844 0.099609 0.093750 0.095703
0 0.107422 0.097656 0.107422 0.101562 0.103516 0.101562 0.101562 0.099609 0.105469 0.095703
0 0.003906 0.205078 0.000000 0.205078 0.000000 0.183594 0.003906 0.183594 0.005859 0.185547 0.005859 0.187500 0.007812 0.187500 0.009766 0.189453 0.009766 0.199219 0.007812 0.201172 0.007812 0.203125 0.005859 0.203125
0 0.011719 0.203125 0.009766 0.203125 0.007812 0.205078 0.003906 0.205078 0.001953 0.203125 0.001953 0.197266 0.003906 0.195312 0.007812 0.195312 0.009766 0.197266 0.011719 0.197266
0 0.867188 0.212891 0.867188 0.216797 0.863281 0.216797 0.861328 0.214844 0.865234 0.210938
0 0.042969 0.216797 0.041016 0.218750 0.041016 0.220703 0.039062 0.222656 0.033203 0.222656 0.031250 0.220703 0.031250 0.218750 0.029297 0.216797 0.029297 0.214844 0.031250 0.212891 0.031250 0.210938 0.033203 0.208984 0.039062 0.208984 0.041016 0.210938 0.041016 0.212891 0.042969 0.214844
0 0.878906 0.214844 0.878906 0.218750 0.875000 0.218750 0.873047 0.216797 0.876953 0.212891
0 0.361328 0.216797 0.361328 0.220703 0.357422 0.220703 0.355469 0.218750 0.359375 0.214844
0 0.451172 0.218750 0.451172 0.222656 0.447266 0.222656 0.445312 0.220703 0.449219 0.216797
0 0.462891 0.218750 0.462891 0.222656 0.458984 0.222656 0.457031 0.220703 0.460938 0.216797
0 0.542969 0.218750 0.542969 0.222656 0.539062 0.222656 0.537109 0.220703 0.541016 0.216797
0 0.867188 0.218750 0.867188 0.222656 0.863281 0.222656 0.861328 0.220703 0.865234 0.216797
0 0.638672 0.220703 0.638672 0.224609 0.634766 0.224609 0.632812 0.222656 0.636719 0.218750
0 0.355469 0.222656 0.355469 0.226562 0.351562 0.226562 0.349609 0.224609 0.353516 0.220703
0 0.367188 0.222656 0.367188 0.226562 0.363281 0.226562 0.361328 0.224609 0.365234 0.220703
0 0.457031 0.224609 0.457031 0.228516 0.453125 0.228516 0.451172 0.226562 0.455078 0.222656
0 0.529297 0.228516 0.529297 0.232422 0.525391 0.232422 0.523438 0.230469 0.527344 0.226562
0 0.550781 0.228516 0.550781 0.232422 0.546875 0.232422 0.544922 0.230469 0.548828 0.226562
0 0.363281 0.232422 0.363281 0.236328 0.359375 0.236328 0.357422 0.234375 0.361328 0.230469
0 0.533203 0.234375 0.533203 0.238281 0.529297 0.238281 0.527344 0.236328 0.531250 0.232422
0 0.818359 0.236328 0.818359 0.240234 0.814453 0.240234 0.812500 0.238281 0.816406 0.234375
0 0.539062 0.238281 0.539062 0.242188 0.535156 0.242188 0.533203 0.240234 0.537109 0.236328
0 0.058594 0.244141 0.056641 0.246094 0.056641 0.248047 0.054688 0.250000 0.048828 0.250000 0.046875 0.248047 0.046875 0.246094 0.044922 0.244141 0.044922 0.242188 0.046875 0.240234 0.046875 0.238281 0.048828 0.236328 0.054688 0.236328 0.056641 0.238281 0.056641 0.240234 0.058594 0.242188
0 0.535156 0.257812 0.533203 0.257812 0.531250 0.259766 0.521484 0.259766 0.515625 0.253906 0.515625 0.244141 0.517578 0.242188 0.519531 0.242188 0.519531 0.240234 0.521484 0.238281 0.531250 0.238281 0.537109 0.244141 0.537109 0.253906 0.535156 0.255859
0 0.517578 0.257812 0.517578 0.261719 0.513672 0.261719 0.511719 0.259766 0.515625 0.255859
0 0.509766 0.259766 0.509766 0.263672 0.505859 0.263672 0.503906 0.261719 0.507812 0.257812
0 0.525391 0.261719 0.525391 0.265625 0.521484 0.265625 0.519531 0.263672 0.523438 0.259766
0 0.478516 0.265625 0.478516 0.269531 0.474609 0.269531 0.472656 0.267578 0.476562 0.263672
0 0.486328 0.271484 0.486328 0.275391 0.482422 0.275391 0.480469 0.273438 0.484375 0.269531
0 0.503906 0.275391 0.501953 0.275391 0.500000 0.277344 0.496094 0.277344 0.494141 0.275391 0.494141 0.269531 0.496094 0.267578 0.500000 0.267578 0.501953 0.269531 0.503906 0.269531
0 0.527344 0.271484 0.527344 0.275391 0.523438 0.275391 0.521484 0.273438 0.525391 0.269531
0 0.660156 0.273438 0.660156 0.277344 0.656250 0.277344 0.654297 0.275391 0.658203 0.271484
0 0.478516 0.277344 0.478516 0.281250 0.474609 0.281250 0.472656 0.279297 0.476562 0.275391
0 0.023438 0.283203 0.021484 0.283203 0.019531 0.285156 0.015625 0.285156 0.013672 0.283203 0.013672 0.277344 0.015625 0.275391 0.019531 0.275391 0.021484 0.277344 0.023438 0.277344
0 0.519531 0.279297 0.519531 0.283203 0.515625 0.283203 0.513672 0.281250 0.517578 0.277344
0 0.304688 0.283203 0.304688 0.287109 0.300781 0.287109 0.298828 0.285156 0.302734 0.281250
0 0.324219 0.283203 0.324219 0.287109 0.320312 0.287109 0.318359 0.285156 0.322266 0.281250
0 0.660156 0.283203 0.660156 0.287109 0.656250 0.287109 0.654297 0.285156 0.658203 0.281250
0 0.326172 0.289062 0.326172 0.292969 0.322266 0.292969 0.320312 0.291016 0.324219 0.287109
0 0.695312 0.291016 0.695312 0.294922 0.691406 0.294922 0.689453 0.292969 0.693359 0.289062
0 0.031250 0.294922 0.029297 0.296875 0.029297 0.298828 0.027344 0.300781 0.021484 0.300781 0.019531 0.298828 0.019531 0.296875 0.017578 0.294922 0.017578 0.292969 0.019531 0.291016 0.019531 0.289062 0.021484 0.287109 0.027344 0.287109 0.029297 0.289062 0.029297 0.291016 0.031250 0.292969
0 0.304688 0.292969 0.304688 0.296875 0.300781 0.296875 0.298828 0.294922 0.302734 0.291016
0 0.707031 0.294922 0.707031 0.298828 0.703125 0.298828 0.701172 0.296875 0.705078 0.292969
0 0.308594 0.302734 0.306641 0.302734 0.304688 0.304688 0.300781 0.304688 0.298828 0.302734 0.298828 0.296875 0.300781 0.294922 0.304688 0.294922 0.306641 0.296875 0.308594 0.296875
0 0.080078 0.302734 0.078125 0.304688 0.078125 0.306641 0.076172 0.308594 0.070312 0.308594 0.068359 0.306641 0.068359 0.304688 0.066406 0.302734 0.066406 0.300781 0.068359 0.298828 0.068359 0.296875 0.070312 0.294922 0.076172 0.294922 0.078125 0.296875 0.078125 0.298828 0.080078 0.300781
0 0.316406 0.300781 0.316406 0.304688 0.312500 0.304688 0.310547 0.302734 0.314453 0.298828
0 0.029297 0.314453 0.027344 0.314453 0.025391 0.316406 0.021484 0.316406 0.019531 0.314453 0.019531 0.308594 0.021484 0.306641 0.025391 0.306641 0.027344 0.308594 0.029297 0.308594
0 0.019531 0.333984 0.017578 0.335938 0.017578 0.337891 0.015625 0.339844 0.009766 0.339844 0.007812 0.337891 0.007812 0.335938 0.005859 0.333984 0.005859 0.332031 0.007812 0.330078 0.007812 0.328125 0.009766 0.326172 0.015625 0.326172 0.017578 0.328125 0.017578 0.330078 0.019531 0.332031
0 0.271484 0.335938 0.271484 0.339844 0.267578 0.339844 0.265625 0.337891 0.269531 0.333984
0 0.281250 0.337891 0.281250 0.341797 0.277344 0.341797 0.275391 0.339844 0.279297 0.335938
0 0.271484 0.359375 0.271484 0.363281 0.267578 0.363281 0.265625 0.361328 0.269531 0.357422
0 0.257812 0.363281 0.257812 0.367188 0.253906 0.367188 0.251953 0.365234 0.255859 0.361328
0 0.265625 0.367188 0.265625 0.371094 0.261719 0.371094 0.259766 0.369141 0.263672 0.365234
0 0.732422 0.371094 0.730469 0.373047 0.730469 0.375000 0.728516 0.376953 0.722656 0.376953 0.720703 0.375000 0.720703 0.373047 0.718750 0.371094 0.718750 0.369141 0.720703 0.367188 0.720703 0.365234 0.722656 0.363281 0.728516 0.363281 0.730469 0.365234 0.730469 0.367188 0.732422 0.369141
0 0.078125 0.380859 0.076172 0.380859 0.074219 0.382812 0.064453 0.382812 0.058594 0.376953 0.058594 0.367188 0.060547 0.365234 0.062500 0.365234 0.062500 0.363281 0.064453 0.361328 0.074219 0.361328 0.080078 0.367188 0.080078 0.376953 0.078125 0.378906
0 0.740234 0.380859 0.738281 0.380859 0.736328 0.382812 0.732422 0.382812 0.730469 0.380859 0.730469 0.375000 0.732422 0.373047 0.736328 0.373047 0.738281 0.375000 0.740234 0.375000
0 0.503906 0.380859 0.503906 0.384766 0.500000 0.384766 0.498047 0.382812 0.501953 0.378906
0 0.316406 0.384766 0.316406 0.388672 0.312500 0.388672 0.310547 0.386719 0.314453 0.382812
0 0.326172 0.384766 0.326172 0.388672 0.322266 0.388672 0.320312 0.386719 0.324219 0.382812
0 0.714844 0.388672 0.712891 0.388672 0.710938 0.390625 0.707031 0.390625 0.705078 0.388672 0.705078 0.382812 0.707031 0.380859 0.710938 0.380859 0.712891 0.382812 0.714844 0.382812
0 0.326172 0.392578 0.326172 0.396484 0.322266 0.396484 0.320312 0.394531 0.324219 0.390625
0 0.724609 0.396484 0.722656 0.396484 0.720703 0.398438 0.716797 0.398438 0.714844 0.396484 0.714844 0.390625 0.716797 0.388672 0.720703 0.388672 0.722656 0.390625 0.724609 0.390625
0 0.732422 0.396484 0.730469 0.396484 0.728516 0.398438 0.724609 0.398438 0.722656 0.396484 0.722656 0.390625 0.724609 0.388672 0.728516 0.388672 0.730469 0.390625 0.732422 0.390625
0 0.318359 0.394531 0.318359 0.398438 0.314453 0.398438 0.312500 0.396484 0.316406 0.392578
0 0.089844 0.408203 0.087891 0.408203 0.085938 0.410156 0.076172 0.410156 0.070312 0.404297 0.070312 0.394531 0.072266 0.392578 0.074219 0.392578 0.074219 0.390625 0.076172 0.388672 0.085938 0.388672 0.091797 0.394531 0.091797 0.404297 0.089844 0.406250
0 0.691406 0.410156 0.691406 0.414062 0.687500 0.414062 0.685547 0.412109 0.689453 0.408203
0 0.093750 0.414062 0.091797 0.416016 0.091797 0.417969 0.089844 0.419922 0.083984 0.419922 0.082031 0.417969 0.082031 0.416016 0.080078 0.414062 0.080078 0.412109 0.082031 0.410156 0.082031 0.408203 0.083984 0.406250 0.089844 0.406250 0.091797 0.408203 0.091797 0.410156 0.093750 0.412109
0 0.701172 0.417969 0.699219 0.417969 0.697266 0.419922 0.693359 0.419922 0.691406 0.417969 0.691406 0.412109 0.693359 0.410156 0.697266 0.410156 0.699219 0.412109 0.701172 0.412109
0 0.685547 0.416016 0.685547 0.419922 0.681641 0.419922 0.679688 0.417969 0.683594 0.414062
0 0.691406 0.421875 0.691406 0.425781 0.687500 0.425781 0.685547 0.423828 0.689453 0.419922
0 0.441406 0.429688 0.439453 0.431641 0.439453 0.433594 0.437500 0.435547 0.431641 0.435547 0.429688 0.433594 0.429688 0.431641 0.427734 0.429688 0.427734 0.427734 0.429688 0.425781 0.429688 0.423828 0.431641 0.421875 0.437500 0.421875 0.439453 0.423828 0.439453 0.425781 0.441406 0.427734
0 0.121094 0.433594 0.119141 0.433594 0.117188 0.435547 0.113281 0.435547 0.111328 0.433594 0.111328 0.427734 0.113281 0.425781 0.117188 0.425781 0.119141 0.427734 0.121094 0.427734
0 0.150391 0.433594 0.148438 0.433594 0.146484 0.435547 0.142578 0.435547 0.140625 0.433594 0.140625 0.427734 0.142578 0.425781 0.146484 0.425781 0.148438 0.427734 0.150391 0.427734
0 0.136719 0.435547 0.134766 0.435547 0.132812 0.437500 0.128906 0.437500 0.126953 0.435547 0.126953 0.429688 0.128906 0.427734 0.132812 0.427734 0.134766 0.429688 0.136719 0.429688
0 0.548828 0.435547 0.546875 0.435547 0.544922 0.437500 0.541016 0.437500 0.539062 0.435547 0.539062 0.429688 0.541016 0.427734 0.544922 0.427734 0.546875 0.429688 0.548828 0.429688
0 0.167969 0.437500 0.166016 0.437500 0.164062 0.439453 0.160156 0.439453 0.158203 0.437500 0.158203 0.431641 0.160156 0.429688 0.164062 0.429688 0.166016 0.431641 0.167969 0.431641
0 0.533203 0.441406 0.531250 0.441406 0.529297 0.443359 0.525391 0.443359 0.523438 0.441406 0.523438 0.435547 0.525391 0.433594 0.529297 0.433594 0.531250 0.435547 0.533203 0.435547
0 0.179688 0.443359 0.177734 0.445312 0.177734 0.447266 0.175781 0.449219 0.169922 0.449219 0.167969 0.447266 0.167969 0.445312 0.166016 0.443359 0.166016 0.441406 0.167969 0.439453 0.167969 0.437500 0.169922 0.435547 0.175781 0.435547 0.177734 0.437500 0.177734 0.439453 0.179688 0.441406
0 0.238281 0.445312 0.236328 0.445312 0.234375 0.447266 0.230469 0.447266 0.228516 0.445312 0.228516 0.439453 0.230469 0.437500 0.234375 0.437500 0.236328 0.439453 0.238281 0.439453
0 0.554688 0.445312 0.552734 0.445312 0.550781 0.447266 0.546875 0.447266 0.544922 0.445312 0.544922 0.439453 0.546875 0.437500 0.550781 0.437500 0.552734 0.439453 0.554688 0.439453
0 0.779297 0.447266 0.777344 0.447266 0.775391 0.449219 0.771484 0.449219 0.769531 0.447266 0.769531 0.441406 0.771484 0.439453 0.775391 0.439453 0.777344 0.441406 0.779297 0.441406
0 0.220703 0.447266 0.220703 0.451172 0.216797 0.451172 0.214844 0.449219 0.218750 0.445312
0 0.550781 0.453125 0.548828 0.453125 0.546875 0.455078 0.542969 0.455078 0.541016 0.453125 0.541016 0.447266 0.542969 0.445312 0.546875 0.445312 0.548828 0.447266 0.550781 0.447266
0 0.494141 0.455078 0.492188 0.455078 0.490234 0.457031 0.486328 0.457031 0.484375 0.455078 0.484375 0.449219 0.486328 0.447266 0.490234 0.447266 0.492188 0.449219 0.494141 0.449219
0 0.537109 0.455078 0.535156 0.455078 0.533203 0.457031 0.529297 0.457031 0.527344 0.455078 0.527344 0.449219 0.529297 0.447266 0.533203 0.447266 0.535156 0.449219 0.537109 0.449219
0 0.769531 0.455078 0.769531 0.458984 0.765625 0.458984 0.763672 0.457031 0.767578 0.453125
0 0.197266 0.460938 0.195312 0.460938 0.193359 0.462891 0.189453 0.462891 0.187500 0.460938 0.187500 0.455078 0.189453 0.453125 0.193359 0.453125 0.195312 0.455078 0.197266 0.455078
0 0.501953 0.460938 0.500000 0.460938 0.498047 0.462891 0.494141 0.462891 0.492188 0.460938 0.492188 0.455078 0.494141 0.453125 0.498047 0.453125 0.500000 0.455078 0.501953 0.455078
0 0.785156 0.460938 0.783203 0.460938 0.781250 0.462891 0.777344 0.462891 0.775391 0.460938 0.775391 0.455078 0.777344 0.453125 0.781250 0.453125 0.783203 0.455078 0.785156 0.455078
0 0.468750 0.464844 0.462891 0.470703 0.457031 0.470703 0.451172 0.464844 0.451172 0.458984 0.457031 0.453125 0.462891 0.453125 0.468750 0.458984
0 0.199219 0.462891 0.199219 0.466797 0.195312 0.466797 0.193359 0.464844 0.197266 0.460938
0 0.417969 0.464844 0.416016 0.466797 0.416016 0.468750 0.414062 0.470703 0.408203 0.470703 0.406250 0.468750 0.406250 0.466797 0.404297 0.464844 0.404297 0.462891 0.406250 0.460938 0.406250 0.458984 0.408203 0.457031 0.414062 0.457031 0.416016 0.458984 0.416016 0.460938 0.417969 0.462891
0 0.484375 0.462891 0.484375 0.466797 0.480469 0.466797 0.478516 0.464844 0.482422 0.460938
0 0.751953 0.466797 0.750000 0.466797 0.748047 0.468750 0.744141 0.468750 0.742188 0.466797 0.742188 0.460938 0.744141 0.458984 0.748047 0.458984 0.750000 0.460938 0.751953 0.460938
0 0.494141 0.466797 0.494141 0.470703 0.490234 0.470703 0.488281 0.468750 0.492188 0.464844
0 0.773438 0.474609 0.771484 0.474609 0.769531 0.476562 0.765625 0.476562 0.763672 0.474609 0.763672 0.468750 0.765625 0.466797 0.769531 0.466797 0.771484 0.468750 0.773438 0.468750
0 0.769531 0.482422 0.767578 0.482422 0.765625 0.484375 0.755859 0.484375 0.750000 0.478516 0.750000 0.468750 0.751953 0.466797 0.753906 0.466797 0.753906 0.464844 0.755859 0.462891 0.765625 0.462891 0.771484 0.468750 0.771484 0.478516 0.769531 0.480469
0 0.458984 0.478516 0.457031 0.480469 0.457031 0.482422 0.455078 0.484375 0.449219 0.484375 0.447266 0.482422 0.447266 0.480469 0.445312 0.478516 0.445312 0.476562 0.447266 0.474609 0.447266 0.472656 0.449219 0.470703 0.455078 0.470703 0.457031 0.472656 0.457031 0.474609 0.458984 0.476562
0 0.789062 0.480469 0.787109 0.480469 0.785156 0.482422 0.781250 0.482422 0.779297 0.480469 0.779297 0.474609 0.781250 0.472656 0.785156 0.472656 0.787109 0.474609 0.789062 0.474609
0 0.738281 0.480469 0.736328 0.482422 0.736328 0.484375 0.734375 0.486328 0.728516 0.486328 0.726562 0.484375 0.726562 0.482422 0.724609 0.480469 0.724609 0.478516 0.726562 0.476562 0.726562 0.474609 0.728516 0.472656 0.734375 0.472656 0.736328 0.474609 0.736328 0.476562 0.738281 0.478516
0 0.753906 0.482422 0.751953 0.482422 0.750000 0.484375 0.746094 0.484375 0.744141 0.482422 0.744141 0.476562 0.746094 0.474609 0.750000 0.474609 0.751953 0.476562 0.753906 0.476562
0 0.537109 0.482422 0.537109 0.486328 0.533203 0.486328 0.531250 0.484375 0.535156 0.480469
0 0.726562 0.486328 0.724609 0.486328 0.722656 0.488281 0.718750 0.488281 0.716797 0.486328 0.716797 0.480469 0.718750 0.478516 0.722656 0.478516 0.724609 0.480469 0.726562 0.480469
0 0.300781 0.484375 0.300781 0.488281 0.296875 0.488281 0.294922 0.486328 0.298828 0.482422
0 0.359375 0.486328 0.359375 0.490234 0.355469 0.490234 0.353516 0.488281 0.357422 0.484375
0 0.220703 0.492188 0.218750 0.492188 0.216797 0.494141 0.212891 0.494141 0.210938 0.492188 0.210938 0.486328 0.212891 0.484375 0.216797 0.484375 0.218750 0.486328 0.220703 0.486328
0 0.429688 0.490234 0.427734 0.492188 0.427734 0.494141 0.425781 0.496094 0.419922 0.496094 0.417969 0.494141 0.417969 0.492188 0.416016 0.490234 0.416016 0.488281 0.417969 0.486328 0.417969 0.484375 0.419922 0.482422 0.425781 0.482422 0.427734 0.484375 0.427734 0.486328 0.429688 0.488281
0 0.886719 0.490234 0.886719 0.494141 0.882812 0.494141 0.880859 0.492188 0.884766 0.488281
0 0.349609 0.492188 0.349609 0.496094 0.345703 0.496094 0.343750 0.494141 0.347656 0.490234
0 0.359375 0.492188 0.359375 0.496094 0.355469 0.496094 0.353516 0.494141 0.357422 0.490234
0 0.539062 0.492188 0.539062 0.496094 0.535156 0.496094 0.533203 0.494141 0.537109 0.490234
0 0.728516 0.496094 0.728516 0.500000 0.724609 0.500000 0.722656 0.498047 0.726562 0.494141
0 0.888672 0.500000 0.888672 0.503906 0.884766 0.503906 0.882812 0.501953 0.886719 0.498047
0 0.236328 0.503906 0.234375 0.505859 0.234375 0.507812 0.232422 0.509766 0.226562 0.509766 0.224609 0.507812 0.224609 0.505859 0.222656 0.503906 0.222656 0.501953 0.224609 0.500000 0.224609 0.498047 0.226562 0.496094 0.232422 0.496094 0.234375 0.498047 0.234375 0.500000 0.236328 0.501953
0 0.638672 0.501953 0.638672 0.505859 0.634766 0.505859 0.632812 0.503906 0.636719 0.500000
0 0.359375 0.505859 0.359375 0.509766 0.355469 0.509766 0.353516 0.507812 0.357422 0.503906
0 0.578125 0.509766 0.578125 0.513672 0.574219 0.513672 0.572266 0.511719 0.576172 0.507812
0 0.244141 0.511719 0.244141 0.515625 0.240234 0.515625 0.238281 0.513672 0.242188 0.509766
0 0.681641 0.517578 0.679688 0.517578 0.677734 0.519531 0.673828 0.519531 0.671875 0.517578 0.671875 0.511719 0.673828 0.509766 0.677734 0.509766 0.679688 0.511719 0.681641 0.511719
0 0.412109 0.515625 0.412109 0.519531 0.408203 0.519531 0.406250 0.517578 0.410156 0.513672
0 0.533203 0.515625 0.533203 0.519531 0.529297 0.519531 0.527344 0.517578 0.531250 0.513672
0 0.572266 0.515625 0.572266 0.519531 0.568359 0.519531 0.566406 0.517578 0.570312 0.513672
0 0.664062 0.515625 0.664062 0.519531 0.660156 0.519531 0.658203 0.517578 0.662109 0.513672
0 0.783203 0.517578 0.783203 0.521484 0.779297 0.521484 0.777344 0.519531 0.781250 0.515625
0 0.808594 0.517578 0.808594 0.521484 0.804688 0.521484 0.802734 0.519531 0.806641 0.515625
0 0.841797 0.527344 0.839844 0.527344 0.837891 0.529297 0.828125 0.529297 0.822266 0.523438 0.822266 0.513672 0.824219 0.511719 0.826172 0.511719 0.826172 0.509766 0.828125 0.507812 0.837891 0.507812 0.843750 0.513672 0.843750 0.523438 0.841797 0.525391
0 0.958984 0.517578 0.958984 0.521484 0.955078 0.521484 0.953125 0.519531 0.957031 0.515625
0 0.417969 0.519531 0.417969 0.523438 0.414062 0.523438 0.412109 0.521484 0.416016 0.517578
0 0.824219 0.519531 0.824219 0.523438 0.820312 0.523438 0.818359 0.521484 0.822266 0.517578
0 0.865234 0.519531 0.865234 0.523438 0.861328 0.523438 0.859375 0.521484 0.863281 0.517578
0 0.582031 0.521484 0.582031 0.525391 0.578125 0.525391 0.576172 0.523438 0.580078 0.519531
0 0.853516 0.521484 0.853516 0.525391 0.849609 0.525391 0.847656 0.523438 0.851562 0.519531
0 0.408203 0.523438 0.408203 0.527344 0.404297 0.527344 0.402344 0.525391 0.406250 0.521484
0 0.667969 0.523438 0.667969 0.527344 0.664062 0.527344 0.662109 0.525391 0.666016 0.521484
0 0.808594 0.527344 0.808594 0.531250 0.804688 0.531250 0.802734 0.529297 0.806641 0.525391
0 0.953125 0.527344 0.953125 0.531250 0.949219 0.531250 0.947266 0.529297 0.951172 0.525391
0 0.248047 0.533203 0.248047 0.537109 0.244141 0.537109 0.242188 0.535156 0.246094 0.531250
0 0.404297 0.533203 0.404297 0.537109 0.400391 0.537109 0.398438 0.535156 0.402344 0.531250
0 0.416016 0.535156 0.414062 0.537109 0.414062 0.539062 0.412109 0.541016 0.406250 0.541016 0.404297 0.539062 0.404297 0.537109 0.402344 0.535156 0.402344 0.533203 0.404297 0.531250 0.404297 0.529297 0.406250 0.527344 0.412109 0.527344 0.414062 0.529297 0.414062 0.531250 0.416016 0.533203
0 0.824219 0.537109 0.822266 0.537109 0.820312 0.539062 0.816406 0.539062 0.814453 0.537109 0.814453 0.531250 0.816406 0.529297 0.820312 0.529297 0.822266 0.531250 0.824219 0.531250
0 0.861328 0.537109 0.859375 0.537109 0.857422 0.539062 0.853516 0.539062 0.851562 0.537109 0.851562 0.531250 0.853516 0.529297 0.857422 0.529297 0.859375 0.531250 0.861328 0.531250
0 0.849609 0.541016 0.847656 0.541016 0.845703 0.542969 0.841797 0.542969 0.839844 0.541016 0.839844 0.535156 0.841797 0.533203 0.845703 0.533203 0.847656 0.535156 0.849609 0.535156
0 0.398438 0.539062 0.398438 0.542969 0.394531 0.542969 0.392578 0.541016 0.396484 0.537109
0 0.787109 0.539062 0.787109 0.542969 0.783203 0.542969 0.781250 0.541016 0.785156 0.537109
0 0.906250 0.541016 0.906250 0.544922 0.902344 0.544922 0.900391 0.542969 0.904297 0.539062
0 0.003906 0.554688 0.000000 0.554688 0.000000 0.533203 0.003906 0.533203 0.005859 0.535156 0.005859 0.537109 0.007812 0.537109 0.009766 0.539062 0.009766 0.548828 0.007812 0.550781 0.007812 0.552734 0.005859 0.552734
0 0.406250 0.542969 0.406250 0.546875 0.402344 0.546875 0.400391 0.544922 0.404297 0.541016
0 0.818359 0.552734 0.816406 0.552734 0.814453 0.554688 0.804688 0.554688 0.798828 0.548828 0.798828 0.539062 0.800781 0.537109 0.802734 0.537109 0.802734 0.535156 0.804688 0.533203 0.814453 0.533203 0.820312 0.539062 0.820312 0.548828 0.818359 0.550781
0 0.845703 0.552734 0.843750 0.552734 0.841797 0.554688 0.832031 0.554688 0.826172 0.548828 0.826172 0.539062 0.828125 0.537109 0.830078 0.537109 0.830078 0.535156 0.832031 0.533203 0.841797 0.533203 0.847656 0.539062 0.847656 0.548828 0.845703 0.550781
0 0.394531 0.546875 0.394531 0.550781 0.390625 0.550781 0.388672 0.548828 0.392578 0.544922
0 0.496094 0.546875 0.496094 0.550781 0.492188 0.550781 0.490234 0.548828 0.494141 0.544922
0 0.583984 0.548828 0.583984 0.552734 0.580078 0.552734 0.578125 0.550781 0.582031 0.546875
0 0.886719 0.548828 0.886719 0.552734 0.882812 0.552734 0.880859 0.550781 0.884766 0.546875
0 0.617188 0.550781 0.617188 0.554688 0.613281 0.554688 0.611328 0.552734 0.615234 0.548828
0 0.810547 0.554688 0.808594 0.554688 0.806641 0.556641 0.802734 0.556641 0.800781 0.554688 0.800781 0.548828 0.802734 0.546875 0.806641 0.546875 0.808594 0.548828 0.810547 0.548828
0 0.837891 0.554688 0.835938 0.554688 0.833984 0.556641 0.830078 0.556641 0.828125 0.554688 0.828125 0.548828 0.830078 0.546875 0.833984 0.546875 0.835938 0.548828 0.837891 0.548828
0 0.398438 0.556641 0.396484 0.556641 0.394531 0.558594 0.390625 0.558594 0.388672 0.556641 0.388672 0.550781 0.390625 0.548828 0.394531 0.548828 0.396484 0.550781 0.398438 0.550781
0 0.490234 0.552734 0.490234 0.556641 0.486328 0.556641 0.484375 0.554688 0.488281 0.550781
0 0.900391 0.556641 0.898438 0.556641 0.896484 0.558594 0.892578 0.558594 0.890625 0.556641 0.890625 0.550781 0.892578 0.548828 0.896484 0.548828 0.898438 0.550781 0.900391 0.550781
0 0.248047 0.560547 0.246094 0.560547 0.244141 0.562500 0.240234 0.562500 0.238281 0.560547 0.238281 0.554688 0.240234 0.552734 0.244141 0.552734 0.246094 0.554688 0.248047 0.554688
0 0.328125 0.556641 0.328125 0.560547 0.324219 0.560547 0.322266 0.558594 0.326172 0.554688
0 0.574219 0.556641 0.574219 0.560547 0.570312 0.560547 0.568359 0.558594 0.572266 0.554688
0 0.587891 0.556641 0.587891 0.560547 0.583984 0.560547 0.582031 0.558594 0.585938 0.554688
0 0.880859 0.560547 0.878906 0.560547 0.876953 0.562500 0.873047 0.562500 0.871094 0.560547 0.871094 0.554688 0.873047 0.552734 0.876953 0.552734 0.878906 0.554688 0.880859 0.554688
0 0.500000 0.558594 0.500000 0.562500 0.496094 0.562500 0.494141 0.560547 0.498047 0.556641
0 0.603516 0.562500 0.597656 0.568359 0.591797 0.568359 0.585938 0.562500 0.585938 0.556641 0.591797 0.550781 0.597656 0.550781 0.603516 0.556641
0 0.509766 0.560547 0.509766 0.564453 0.505859 0.564453 0.503906 0.562500 0.507812 0.558594
0 0.619141 0.560547 0.619141 0.564453 0.615234 0.564453 0.613281 0.562500 0.617188 0.558594
0 0.685547 0.564453 0.683594 0.564453 0.681641 0.566406 0.677734 0.566406 0.675781 0.564453 0.675781 0.558594 0.677734 0.556641 0.681641 0.556641 0.683594 0.558594 0.685547 0.558594
0 0.578125 0.562500 0.578125 0.566406 0.574219 0.566406 0.572266 0.564453 0.576172 0.560547
0 0.607422 0.562500 0.607422 0.566406 0.603516 0.566406 0.601562 0.564453 0.605469 0.560547
0 0.828125 0.564453 0.826172 0.566406 0.826172 0.568359 0.824219 0.570312 0.818359 0.570312 0.816406 0.568359 0.816406 0.566406 0.814453 0.564453 0.814453 0.562500 0.816406 0.560547 0.816406 0.558594 0.818359 0.556641 0.824219 0.556641 0.826172 0.558594 0.826172 0.560547 0.828125 0.562500
0 0.884766 0.566406 0.882812 0.566406 0.880859 0.568359 0.876953 0.568359 0.875000 0.566406 0.875000 0.560547 0.876953 0.558594 0.880859 0.558594 0.882812 0.560547 0.884766 0.560547
0 0.478516 0.568359 0.476562 0.568359 0.474609 0.570312 0.470703 0.570312 0.468750 0.568359 0.468750 0.562500 0.470703 0.560547 0.474609 0.560547 0.476562 0.562500 0.478516 0.562500
0 0.613281 0.564453 0.613281 0.568359 0.609375 0.568359 0.607422 0.566406 0.611328 0.562500
0 0.865234 0.564453 0.865234 0.568359 0.861328 0.568359 0.859375 0.566406 0.863281 0.562500
0 0.675781 0.570312 0.673828 0.570312 0.671875 0.572266 0.667969 0.572266 0.666016 0.570312 0.666016 0.564453 0.667969 0.562500 0.671875 0.562500 0.673828 0.564453 0.675781 0.564453
0 0.806641 0.570312 0.804688 0.570312 0.802734 0.572266 0.798828 0.572266 0.796875 0.570312 0.796875 0.564453 0.798828 0.562500 0.802734 0.562500 0.804688 0.564453 0.806641 0.564453
0 0.835938 0.566406 0.835938 0.570312 0.832031 0.570312 0.830078 0.568359 0.833984 0.564453
0 0.330078 0.568359 0.330078 0.572266 0.326172 0.572266 0.324219 0.570312 0.328125 0.566406
0 0.458984 0.570312 0.457031 0.572266 0.457031 0.574219 0.455078 0.576172 0.449219 0.576172 0.447266 0.574219 0.447266 0.572266 0.445312 0.570312 0.445312 0.568359 0.447266 0.566406 0.447266 0.564453 0.449219 0.562500 0.455078 0.562500 0.457031 0.564453 0.457031 0.566406 0.458984 0.568359
0 0.503906 0.568359 0.503906 0.572266 0.500000 0.572266 0.498047 0.570312 0.501953 0.566406
0 0.900391 0.568359 0.900391 0.572266 0.896484 0.572266 0.894531 0.570312 0.898438 0.566406
0 0.876953 0.570312 0.876953 0.574219 0.873047 0.574219 0.871094 0.572266 0.875000 0.568359
0 0.949219 0.572266 0.949219 0.576172 0.945312 0.576172 0.943359 0.574219 0.947266 0.570312
0 0.515625 0.578125 0.509766 0.583984 0.503906 0.583984 0.498047 0.578125 0.498047 0.572266 0.503906 0.566406 0.509766 0.566406 0.515625 0.572266
0 0.556641 0.574219 0.556641 0.578125 0.552734 0.578125 0.550781 0.576172 0.554688 0.572266
0 0.476562 0.580078 0.474609 0.580078 0.472656 0.582031 0.468750 0.582031 0.466797 0.580078 0.466797 0.574219 0.468750 0.572266 0.472656 0.572266 0.474609 0.574219 0.476562 0.574219
0 0.794922 0.576172 0.794922 0.580078 0.791016 0.580078 0.789062 0.578125 0.792969 0.574219
0 0.957031 0.576172 0.957031 0.580078 0.953125 0.580078 0.951172 0.578125 0.955078 0.574219
0 0.058594 0.578125 0.058594 0.582031 0.054688 0.582031 0.052734 0.580078 0.056641 0.576172
0 0.259766 0.580078 0.257812 0.582031 0.257812 0.583984 0.255859 0.585938 0.250000 0.585938 0.248047 0.583984 0.248047 0.582031 0.246094 0.580078 0.246094 0.578125 0.248047 0.576172 0.248047 0.574219 0.250000 0.572266 0.255859 0.572266 0.257812 0.574219 0.257812 0.576172 0.259766 0.578125
0 0.787109 0.578125 0.787109 0.582031 0.783203 0.582031 0.781250 0.580078 0.785156 0.576172
0 0.685547 0.585938 0.683594 0.585938 0.681641 0.587891 0.677734 0.587891 0.675781 0.585938 0.675781 0.580078 0.677734 0.578125 0.681641 0.578125 0.683594 0.580078 0.685547 0.580078
0 0.951172 0.582031 0.951172 0.585938 0.947266 0.585938 0.945312 0.583984 0.949219 0.580078
0 0.437500 0.593750 0.435547 0.593750 0.433594 0.595703 0.423828 0.595703 0.417969 0.589844 0.417969 0.580078 0.419922 0.578125 0.421875 0.578125 0.421875 0.576172 0.423828 0.574219 0.433594 0.574219 0.439453 0.580078 0.439453 0.589844 0.437500 0.591797
0 0.375000 0.585938 0.375000 0.589844 0.371094 0.589844 0.369141 0.587891 0.373047 0.583984
0 0.408203 0.589844 0.406250 0.589844 0.404297 0.591797 0.400391 0.591797 0.398438 0.589844 0.398438 0.583984 0.400391 0.582031 0.404297 0.582031 0.406250 0.583984 0.408203 0.583984
0 0.792969 0.589844 0.791016 0.589844 0.789062 0.591797 0.785156 0.591797 0.783203 0.589844 0.783203 0.583984 0.785156 0.582031 0.789062 0.582031 0.791016 0.583984 0.792969 0.583984
0 0.421875 0.587891 0.421875 0.591797 0.417969 0.591797 0.416016 0.589844 0.419922 0.585938
0 0.833984 0.587891 0.833984 0.591797 0.830078 0.591797 0.828125 0.589844 0.832031 0.585938
0 0.472656 0.593750 0.466797 0.599609 0.460938 0.599609 0.455078 0.593750 0.455078 0.587891 0.460938 0.582031 0.466797 0.582031 0.472656 0.587891
0 0.587891 0.589844 0.587891 0.593750 0.583984 0.593750 0.582031 0.591797 0.585938 0.587891
0 0.062500 0.591797 0.062500 0.595703 0.058594 0.595703 0.056641 0.593750 0.060547 0.589844
0 0.578125 0.591797 0.578125 0.595703 0.574219 0.595703 0.572266 0.593750 0.576172 0.589844
0 0.826172 0.591797 0.826172 0.595703 0.822266 0.595703 0.820312 0.593750 0.824219 0.589844
0 0.355469 0.593750 0.355469 0.597656 0.351562 0.597656 0.349609 0.595703 0.353516 0.591797
0 0.500000 0.597656 0.494141 0.603516 0.488281 0.603516 0.482422 0.597656 0.482422 0.591797 0.488281 0.585938 0.494141 0.585938 0.500000 0.591797
0 0.523438 0.597656 0.521484 0.597656 0.519531 0.599609 0.515625 0.599609 0.513672 0.597656 0.513672 0.591797 0.515625 0.589844 0.519531 0.589844 0.521484 0.591797 0.523438 0.591797
0 0.548828 0.595703 0.548828 0.599609 0.544922 0.599609 0.542969 0.597656 0.546875 0.593750
0 0.787109 0.595703 0.787109 0.599609 0.783203 0.599609 0.781250 0.597656 0.785156 0.593750
0 0.798828 0.595703 0.798828 0.599609 0.794922 0.599609 0.792969 0.597656 0.796875 0.593750
0 0.833984 0.595703 0.833984 0.599609 0.830078 0.599609 0.828125 0.597656 0.832031 0.593750
0 0.269531 0.601562 0.267578 0.601562 0.265625 0.603516 0.261719 0.603516 0.259766 0.601562 0.259766 0.595703 0.261719 0.593750 0.265625 0.593750 0.267578 0.595703 0.269531 0.595703
0 0.388672 0.601562 0.386719 0.601562 0.384766 0.603516 0.380859 0.603516 0.378906 0.601562 0.378906 0.595703 0.380859 0.593750 0.384766 0.593750 0.386719 0.595703 0.388672 0.595703
0 0.449219 0.601562 0.447266 0.601562 0.445312 0.603516 0.441406 0.603516 0.439453 0.601562 0.439453 0.595703 0.441406 0.593750 0.445312 0.593750 0.447266 0.595703 0.449219 0.595703
0 0.535156 0.597656 0.535156 0.601562 0.531250 0.601562 0.529297 0.599609 0.533203 0.595703
0 0.582031 0.597656 0.582031 0.601562 0.578125 0.601562 0.576172 0.599609 0.580078 0.595703
0 0.412109 0.603516 0.410156 0.603516 0.408203 0.605469 0.404297 0.605469 0.402344 0.603516 0.402344 0.597656 0.404297 0.595703 0.408203 0.595703 0.410156 0.597656 0.412109 0.597656
0 0.289062 0.611328 0.287109 0.613281 0.287109 0.615234 0.285156 0.617188 0.279297 0.617188 0.277344 0.615234 0.277344 0.613281 0.275391 0.611328 0.275391 0.609375 0.277344 0.607422 0.277344 0.605469 0.279297 0.603516 0.285156 0.603516 0.287109 0.605469 0.287109 0.607422 0.289062 0.609375
0 0.378906 0.613281 0.373047 0.619141 0.367188 0.619141 0.361328 0.613281 0.361328 0.607422 0.367188 0.601562 0.373047 0.601562 0.378906 0.607422
0 0.482422 0.613281 0.480469 0.613281 0.478516 0.615234 0.474609 0.615234 0.472656 0.613281 0.472656 0.607422 0.474609 0.605469 0.478516 0.605469 0.480469 0.607422 0.482422 0.607422
0 0.400391 0.619141 0.398438 0.619141 0.396484 0.621094 0.392578 0.621094 0.390625 0.619141 0.390625 0.613281 0.392578 0.611328 0.396484 0.611328 0.398438 0.613281 0.400391 0.613281
0 0.537109 0.621094 0.531250 0.626953 0.525391 0.626953 0.519531 0.621094 0.519531 0.615234 0.525391 0.609375 0.531250 0.609375 0.537109 0.615234
0 0.583984 0.617188 0.583984 0.621094 0.580078 0.621094 0.578125 0.619141 0.582031 0.615234
0 0.757812 0.617188 0.757812 0.621094 0.753906 0.621094 0.751953 0.619141 0.755859 0.615234
0 0.466797 0.623047 0.464844 0.623047 0.462891 0.625000 0.458984 0.625000 0.457031 0.623047 0.457031 0.617188 0.458984 0.615234 0.462891 0.615234 0.464844 0.617188 0.466797 0.617188
0 0.351562 0.625000 0.345703 0.630859 0.339844 0.630859 0.333984 0.625000 0.333984 0.619141 0.339844 0.613281 0.345703 0.613281 0.351562 0.619141
0 0.765625 0.621094 0.765625 0.625000 0.761719 0.625000 0.759766 0.623047 0.763672 0.619141
0 0.591797 0.623047 0.591797 0.626953 0.587891 0.626953 0.585938 0.625000 0.589844 0.621094
0 0.554688 0.625000 0.554688 0.628906 0.550781 0.628906 0.548828 0.626953 0.552734 0.623047
0 0.322266 0.630859 0.320312 0.630859 0.318359 0.632812 0.314453 0.632812 0.312500 0.630859 0.312500 0.625000 0.314453 0.623047 0.318359 0.623047 0.320312 0.625000 0.322266 0.625000
0 0.603516 0.626953 0.603516 0.630859 0.599609 0.630859 0.597656 0.628906 0.601562 0.625000
0 0.451172 0.628906 0.451172 0.632812 0.447266 0.632812 0.445312 0.630859 0.449219 0.626953
0 0.509766 0.632812 0.507812 0.632812 0.505859 0.634766 0.501953 0.634766 0.500000 0.632812 0.500000 0.626953 0.501953 0.625000 0.505859 0.625000 0.507812 0.626953 0.509766 0.626953
0 0.585938 0.628906 0.585938 0.632812 0.582031 0.632812 0.580078 0.630859 0.583984 0.626953
0 0.759766 0.628906 0.759766 0.632812 0.755859 0.632812 0.753906 0.630859 0.757812 0.626953
0 0.314453 0.634766 0.312500 0.634766 0.310547 0.636719 0.306641 0.636719 0.304688 0.634766 0.304688 0.628906 0.306641 0.626953 0.310547 0.626953 0.312500 0.628906 0.314453 0.628906
0 0.400391 0.640625 0.398438 0.640625 0.396484 0.642578 0.386719 0.642578 0.380859 0.636719 0.380859 0.626953 0.382812 0.625000 0.384766 0.625000 0.384766 0.623047 0.386719 0.621094 0.396484 0.621094 0.402344 0.626953 0.402344 0.636719 0.400391 0.638672
0 0.548828 0.636719 0.546875 0.636719 0.544922 0.638672 0.541016 0.638672 0.539062 0.636719 0.539062 0.630859 0.541016 0.628906 0.544922 0.628906 0.546875 0.630859 0.548828 0.630859
0 0.609375 0.632812 0.609375 0.636719 0.605469 0.636719 0.603516 0.634766 0.607422 0.630859
0 0.599609 0.634766 0.599609 0.638672 0.595703 0.638672 0.593750 0.636719 0.597656 0.632812
0 0.605469 0.640625 0.605469 0.644531 0.601562 0.644531 0.599609 0.642578 0.603516 0.638672
0 0.882812 0.640625 0.882812 0.644531 0.878906 0.644531 0.876953 0.642578 0.880859 0.638672
0 0.892578 0.640625 0.892578 0.644531 0.888672 0.644531 0.886719 0.642578 0.890625 0.638672
0 0.070312 0.652344 0.068359 0.652344 0.066406 0.654297 0.056641 0.654297 0.050781 0.648438 0.050781 0.638672 0.052734 0.636719 0.054688 0.636719 0.054688 0.634766 0.056641 0.632812 0.066406 0.632812 0.072266 0.638672 0.072266 0.648438 0.070312 0.650391
0 0.343750 0.648438 0.341797 0.648438 0.339844 0.650391 0.335938 0.650391 0.333984 0.648438 0.333984 0.642578 0.335938 0.640625 0.339844 0.640625 0.341797 0.642578 0.343750 0.642578
0 0.373047 0.648438 0.371094 0.650391 0.371094 0.652344 0.369141 0.654297 0.363281 0.654297 0.361328 0.652344 0.361328 0.650391 0.359375 0.648438 0.359375 0.646484 0.361328 0.644531 0.361328 0.642578 0.363281 0.640625 0.369141 0.640625 0.371094 0.642578 0.371094 0.644531 0.373047 0.646484
0 0.554688 0.656250 0.548828 0.662109 0.542969 0.662109 0.537109 0.656250 0.537109 0.650391 0.542969 0.644531 0.548828 0.644531 0.554688 0.650391
0 0.343750 0.667969 0.341797 0.667969 0.339844 0.669922 0.330078 0.669922 0.324219 0.664062 0.324219 0.654297 0.326172 0.652344 0.328125 0.652344 0.328125 0.650391 0.330078 0.648438 0.339844 0.648438 0.345703 0.654297 0.345703 0.664062 0.343750 0.666016
0 0.376953 0.660156 0.376953 0.664062 0.373047 0.664062 0.371094 0.662109 0.375000 0.658203
0 0.582031 0.660156 0.582031 0.664062 0.578125 0.664062 0.576172 0.662109 0.580078 0.658203
0 0.505859 0.666016 0.503906 0.666016 0.501953 0.667969 0.498047 0.667969 0.496094 0.666016 0.496094 0.660156 0.498047 0.658203 0.501953 0.658203 0.503906 0.660156 0.505859 0.660156
0 0.363281 0.669922 0.361328 0.669922 0.359375 0.671875 0.355469 0.671875 0.353516 0.669922 0.353516 0.664062 0.355469 0.662109 0.359375 0.662109 0.361328 0.664062 0.363281 0.664062
0 0.533203 0.669922 0.527344 0.675781 0.521484 0.675781 0.515625 0.669922 0.515625 0.664062 0.521484 0.658203 0.527344 0.658203 0.533203 0.664062
0 0.568359 0.669922 0.566406 0.669922 0.564453 0.671875 0.560547 0.671875 0.558594 0.669922 0.558594 0.664062 0.560547 0.662109 0.564453 0.662109 0.566406 0.664062 0.568359 0.664062
0 0.585938 0.669922 0.583984 0.669922 0.582031 0.671875 0.578125 0.671875 0.576172 0.669922 0.576172 0.664062 0.578125 0.662109 0.582031 0.662109 0.583984 0.664062 0.585938 0.664062
0 0.488281 0.669922 0.488281 0.673828 0.484375 0.673828 0.482422 0.671875 0.486328 0.667969
0 0.705078 0.679688 0.703125 0.679688 0.701172 0.681641 0.697266 0.681641 0.695312 0.679688 0.695312 0.673828 0.697266 0.671875 0.701172 0.671875 0.703125 0.673828 0.705078 0.673828
0 0.494141 0.677734 0.494141 0.681641 0.490234 0.681641 0.488281 0.679688 0.492188 0.675781
0 0.710938 0.681641 0.708984 0.681641 0.707031 0.683594 0.703125 0.683594 0.701172 0.681641 0.701172 0.675781 0.703125 0.673828 0.707031 0.673828 0.708984 0.675781 0.710938 0.675781
0 0.996094 0.677734 0.996094 0.681641 0.992188 0.681641 0.990234 0.679688 0.994141 0.675781
0 0.306641 0.687500 0.300781 0.693359 0.294922 0.693359 0.289062 0.687500 0.289062 0.681641 0.294922 0.675781 0.300781 0.675781 0.306641 0.681641
0 0.572266 0.693359 0.570312 0.693359 0.568359 0.695312 0.558594 0.695312 0.552734 0.689453 0.552734 0.679688 0.554688 0.677734 0.556641 0.677734 0.556641 0.675781 0.558594 0.673828 0.568359 0.673828 0.574219 0.679688 0.574219 0.689453 0.572266 0.691406
0 0.353516 0.689453 0.351562 0.689453 0.349609 0.691406 0.345703 0.691406 0.343750 0.689453 0.343750 0.683594 0.345703 0.681641 0.349609 0.681641 0.351562 0.683594 0.353516 0.683594
0 0.695312 0.685547 0.695312 0.689453 0.691406 0.689453 0.689453 0.687500 0.693359 0.683594
0 0.595703 0.691406 0.595703 0.695312 0.591797 0.695312 0.589844 0.693359 0.593750 0.689453
0 0.701172 0.691406 0.701172 0.695312 0.697266 0.695312 0.695312 0.693359 0.699219 0.689453
0 0.060547 0.699219 0.054688 0.705078 0.048828 0.705078 0.042969 0.699219 0.042969 0.693359 0.048828 0.687500 0.054688 0.687500 0.060547 0.693359
0 0.589844 0.695312 0.589844 0.699219 0.585938 0.699219 0.583984 0.697266 0.587891 0.693359
0 0.998047 0.703125 0.994141 0.703125 0.992188 0.701172 0.992188 0.699219 0.990234 0.697266 0.990234 0.695312 0.992188 0.693359 0.992188 0.691406 0.994141 0.689453 0.998047 0.689453
0 0.980469 0.701172 0.978516 0.701172 0.976562 0.703125 0.972656 0.703125 0.970703 0.701172 0.970703 0.695312 0.972656 0.693359 0.976562 0.693359 0.978516 0.695312 0.980469 0.695312
0 0.449219 0.703125 0.447266 0.703125 0.445312 0.705078 0.441406 0.705078 0.439453 0.703125 0.439453 0.697266 0.441406 0.695312 0.445312 0.695312 0.447266 0.697266 0.449219 0.697266
0 0.460938 0.703125 0.458984 0.703125 0.457031 0.705078 0.453125 0.705078 0.451172 0.703125 0.451172 0.697266 0.453125 0.695312 0.457031 0.695312 0.458984 0.697266 0.460938 0.697266
0 0.601562 0.699219 0.601562 0.703125 0.597656 0.703125 0.595703 0.701172 0.599609 0.697266
0 0.060547 0.712891 0.058594 0.712891 0.056641 0.714844 0.046875 0.714844 0.041016 0.708984 0.041016 0.699219 0.042969 0.697266 0.044922 0.697266 0.044922 0.695312 0.046875 0.693359 0.056641 0.693359 0.062500 0.699219 0.062500 0.708984 0.060547 0.710938
0 0.990234 0.703125 0.990234 0.707031 0.986328 0.707031 0.984375 0.705078 0.988281 0.701172
0 0.277344 0.714844 0.275391 0.714844 0.273438 0.716797 0.263672 0.716797 0.257812 0.710938 0.257812 0.701172 0.259766 0.699219 0.261719 0.699219 0.261719 0.697266 0.263672 0.695312 0.273438 0.695312 0.279297 0.701172 0.279297 0.710938 0.277344 0.712891
0 0.597656 0.705078 0.597656 0.708984 0.593750 0.708984 0.591797 0.707031 0.595703 0.703125
0 0.505859 0.710938 0.503906 0.710938 0.501953 0.712891 0.498047 0.712891 0.496094 0.710938 0.496094 0.705078 0.498047 0.703125 0.501953 0.703125 0.503906 0.705078 0.505859 0.705078
0 0.640625 0.708984 0.640625 0.712891 0.636719 0.712891 0.634766 0.710938 0.638672 0.707031
0 0.929688 0.708984 0.929688 0.712891 0.925781 0.712891 0.923828 0.710938 0.927734 0.707031
0 0.064453 0.714844 0.058594 0.720703 0.052734 0.720703 0.046875 0.714844 0.046875 0.708984 0.052734 0.703125 0.058594 0.703125 0.064453 0.708984
0 0.533203 0.720703 0.531250 0.720703 0.529297 0.722656 0.519531 0.722656 0.513672 0.716797 0.513672 0.707031 0.515625 0.705078 0.517578 0.705078 0.517578 0.703125 0.519531 0.701172 0.529297 0.701172 0.535156 0.707031 0.535156 0.716797 0.533203 0.718750
0 0.439453 0.716797 0.437500 0.716797 0.435547 0.718750 0.431641 0.718750 0.429688 0.716797 0.429688 0.710938 0.431641 0.708984 0.435547 0.708984 0.437500 0.710938 0.439453 0.710938
0 0.919922 0.712891 0.919922 0.716797 0.916016 0.716797 0.914062 0.714844 0.917969 0.710938
0 0.937500 0.712891 0.937500 0.716797 0.933594 0.716797 0.931641 0.714844 0.935547 0.710938
0 0.998047 0.710938 0.998047 0.716797 0.996094 0.716797 0.994141 0.714844
0 0.121094 0.718750 0.119141 0.720703 0.119141 0.722656 0.117188 0.724609 0.111328 0.724609 0.109375 0.722656 0.109375 0.720703 0.107422 0.718750 0.107422 0.716797 0.109375 0.714844 0.109375 0.712891 0.111328 0.710938 0.117188 0.710938 0.119141 0.712891 0.119141 0.714844 0.121094 0.716797
0 0.474609 0.718750 0.472656 0.720703 0.472656 0.722656 0.470703 0.724609 0.464844 0.724609 0.462891 0.722656 0.462891 0.720703 0.460938 0.718750 0.460938 0.716797 0.462891 0.714844 0.462891 0.712891 0.464844 0.710938 0.470703 0.710938 0.472656 0.712891 0.472656 0.714844 0.474609 0.716797
0 0.751953 0.716797 0.751953 0.720703 0.748047 0.720703 0.746094 0.718750 0.750000 0.714844
0 0.492188 0.722656 0.490234 0.722656 0.488281 0.724609 0.484375 0.724609 0.482422 0.722656 0.482422 0.716797 0.484375 0.714844 0.488281 0.714844 0.490234 0.716797 0.492188 0.716797
0 0.650391 0.722656 0.648438 0.722656 0.646484 0.724609 0.642578 0.724609 0.640625 0.722656 0.640625 0.716797 0.642578 0.714844 0.646484 0.714844 0.648438 0.716797 0.650391 0.716797
0 0.740234 0.718750 0.740234 0.722656 0.736328 0.722656 0.734375 0.720703 0.738281 0.716797
0 0.927734 0.718750 0.927734 0.722656 0.923828 0.722656 0.921875 0.720703 0.925781 0.716797
0 0.099609 0.722656 0.097656 0.724609 0.097656 0.726562 0.095703 0.728516 0.089844 0.728516 0.087891 0.726562 0.087891 0.724609 0.085938 0.722656 0.085938 0.720703 0.087891 0.718750 0.087891 0.716797 0.089844 0.714844 0.095703 0.714844 0.097656 0.716797 0.097656 0.718750 0.099609 0.720703
0 0.511719 0.724609 0.509766 0.724609 0.507812 0.726562 0.503906 0.726562 0.501953 0.724609 0.501953 0.718750 0.503906 0.716797 0.507812 0.716797 0.509766 0.718750 0.511719 0.718750
0 0.636719 0.720703 0.636719 0.724609 0.632812 0.724609 0.630859 0.722656 0.634766 0.718750
0 0.732422 0.722656 0.732422 0.726562 0.728516 0.726562 0.726562 0.724609 0.730469 0.720703
0 0.820312 0.726562 0.818359 0.726562 0.816406 0.728516 0.812500 0.728516 0.810547 0.726562 0.810547 0.720703 0.812500 0.718750 0.816406 0.718750 0.818359 0.720703 0.820312 0.720703
0 0.562500 0.728516 0.560547 0.728516 0.558594 0.730469 0.554688 0.730469 0.552734 0.728516 0.552734 0.722656 0.554688 0.720703 0.558594 0.720703 0.560547 0.722656 0.562500 0.722656
0 0.287109 0.736328 0.285156 0.736328 0.283203 0.738281 0.273438 0.738281 0.267578 0.732422 0.267578 0.722656 0.269531 0.720703 0.271484 0.720703 0.271484 0.718750 0.273438 0.716797 0.283203 0.716797 0.289062 0.722656 0.289062 0.732422 0.287109 0.734375
0 0.445312 0.732422 0.439453 0.738281 0.433594 0.738281 0.427734 0.732422 0.427734 0.726562 0.433594 0.720703 0.439453 0.720703 0.445312 0.726562
0 0.574219 0.738281 0.572266 0.738281 0.570312 0.740234 0.560547 0.740234 0.554688 0.734375 0.554688 0.724609 0.556641 0.722656 0.558594 0.722656 0.558594 0.720703 0.560547 0.718750 0.570312 0.718750 0.576172 0.724609 0.576172 0.734375 0.574219 0.736328
0 0.833984 0.728516 0.833984 0.732422 0.830078 0.732422 0.828125 0.730469 0.832031 0.726562
0 0.203125 0.734375 0.201172 0.734375 0.199219 0.736328 0.195312 0.736328 0.193359 0.734375 0.193359 0.728516 0.195312 0.726562 0.199219 0.726562 0.201172 0.728516 0.203125 0.728516
0 0.880859 0.730469 0.880859 0.734375 0.876953 0.734375 0.875000 0.732422 0.878906 0.728516
0 0.187500 0.742188 0.185547 0.742188 0.183594 0.744141 0.173828 0.744141 0.167969 0.738281 0.167969 0.728516 0.169922 0.726562 0.171875 0.726562 0.171875 0.724609 0.173828 0.722656 0.183594 0.722656 0.189453 0.728516 0.189453 0.738281 0.187500 0.740234
0 0.890625 0.732422 0.890625 0.736328 0.886719 0.736328 0.884766 0.734375 0.888672 0.730469
0 0.138672 0.736328 0.136719 0.738281 0.136719 0.740234 0.134766 0.742188 0.128906 0.742188 0.126953 0.740234 0.126953 0.738281 0.125000 0.736328 0.125000 0.734375 0.126953 0.732422 0.126953 0.730469 0.128906 0.728516 0.134766 0.728516 0.136719 0.730469 0.136719 0.732422 0.138672 0.734375
0 0.816406 0.734375 0.816406 0.738281 0.812500 0.738281 0.810547 0.736328 0.814453 0.732422
0 0.216797 0.740234 0.214844 0.740234 0.212891 0.742188 0.208984 0.742188 0.207031 0.740234 0.207031 0.734375 0.208984 0.732422 0.212891 0.732422 0.214844 0.734375 0.216797 0.734375
0 0.603516 0.740234 0.601562 0.740234 0.599609 0.742188 0.595703 0.742188 0.593750 0.740234 0.593750 0.734375 0.595703 0.732422 0.599609 0.732422 0.601562 0.734375 0.603516 0.734375
0 0.832031 0.740234 0.830078 0.740234 0.828125 0.742188 0.824219 0.742188 0.822266 0.740234 0.822266 0.734375 0.824219 0.732422 0.828125 0.732422 0.830078 0.734375 0.832031 0.734375
0 0.142578 0.742188 0.140625 0.742188 0.138672 0.744141 0.134766 0.744141 0.132812 0.742188 0.132812 0.736328 0.134766 0.734375 0.138672 0.734375 0.140625 0.736328 0.142578 0.736328
0 0.224609 0.742188 0.222656 0.742188 0.220703 0.744141 0.216797 0.744141 0.214844 0.742188 0.214844 0.736328 0.216797 0.734375 0.220703 0.734375 0.222656 0.736328 0.224609 0.736328
0 0.255859 0.742188 0.253906 0.742188 0.251953 0.744141 0.248047 0.744141 0.246094 0.742188 0.246094 0.736328 0.248047 0.734375 0.251953 0.734375 0.253906 0.736328 0.255859 0.736328
0 0.292969 0.742188 0.291016 0.742188 0.289062 0.744141 0.285156 0.744141 0.283203 0.742188 0.283203 0.736328 0.285156 0.734375 0.289062 0.734375 0.291016 0.736328 0.292969 0.736328
0 0.566406 0.742188 0.564453 0.742188 0.562500 0.744141 0.558594 0.744141 0.556641 0.742188 0.556641 0.736328 0.558594 0.734375 0.562500 0.734375 0.564453 0.736328 0.566406 0.736328
0 0.841797 0.738281 0.841797 0.742188 0.837891 0.742188 0.835938 0.740234 0.839844 0.736328
0 0.451172 0.742188 0.449219 0.744141 0.449219 0.746094 0.447266 0.748047 0.441406 0.748047 0.439453 0.746094 0.439453 0.744141 0.437500 0.742188 0.437500 0.740234 0.439453 0.738281 0.439453 0.736328 0.441406 0.734375 0.447266 0.734375 0.449219 0.736328 0.449219 0.738281 0.451172 0.740234
0 0.472656 0.742188 0.470703 0.744141 0.470703 0.746094 0.468750 0.748047 0.462891 0.748047 0.460938 0.746094 0.460938 0.744141 0.458984 0.742188 0.458984 0.740234 0.460938 0.738281 0.460938 0.736328 0.462891 0.734375 0.468750 0.734375 0.470703 0.736328 0.470703 0.738281 0.472656 0.740234
0 0.705078 0.740234 0.705078 0.744141 0.701172 0.744141 0.699219 0.742188 0.703125 0.738281
0 0.794922 0.740234 0.794922 0.744141 0.791016 0.744141 0.789062 0.742188 0.792969 0.738281
0 0.523438 0.746094 0.521484 0.748047 0.521484 0.750000 0.519531 0.751953 0.513672 0.751953 0.511719 0.750000 0.511719 0.748047 0.509766 0.746094 0.509766 0.744141 0.511719 0.742188 0.511719 0.740234 0.513672 0.738281 0.519531 0.738281 0.521484 0.740234 0.521484 0.742188 0.523438 0.744141
0 0.699219 0.744141 0.699219 0.748047 0.695312 0.748047 0.693359 0.746094 0.697266 0.742188
0 0.755859 0.744141 0.755859 0.748047 0.751953 0.748047 0.750000 0.746094 0.753906 0.742188
0 0.800781 0.744141 0.800781 0.748047 0.796875 0.748047 0.794922 0.746094 0.798828 0.742188
0 0.789062 0.746094 0.789062 0.750000 0.785156 0.750000 0.783203 0.748047 0.787109 0.744141
0 0.552734 0.751953 0.546875 0.757812 0.541016 0.757812 0.535156 0.751953 0.535156 0.746094 0.541016 0.740234 0.546875 0.740234 0.552734 0.746094
0 0.582031 0.751953 0.580078 0.751953 0.578125 0.753906 0.574219 0.753906 0.572266 0.751953 0.572266 0.746094 0.574219 0.744141 0.578125 0.744141 0.580078 0.746094 0.582031 0.746094
0 0.660156 0.748047 0.660156 0.751953 0.656250 0.751953 0.654297 0.750000 0.658203 0.746094
0 0.798828 0.750000 0.798828 0.753906 0.794922 0.753906 0.792969 0.751953 0.796875 0.748047
0 0.433594 0.751953 0.433594 0.755859 0.429688 0.755859 0.427734 0.753906 0.431641 0.750000
0 0.603516 0.753906 0.601562 0.755859 0.601562 0.757812 0.599609 0.759766 0.593750 0.759766 0.591797 0.757812 0.591797 0.755859 0.589844 0.753906 0.589844 0.751953 0.591797 0.750000 0.591797 0.748047 0.593750 0.746094 0.599609 0.746094 0.601562 0.748047 0.601562 0.750000 0.603516 0.751953
0 0.271484 0.755859 0.269531 0.757812 0.269531 0.759766 0.267578 0.761719 0.261719 0.761719 0.259766 0.759766 0.259766 0.757812 0.257812 0.755859 0.257812 0.753906 0.259766 0.751953 0.259766 0.750000 0.261719 0.748047 0.267578 0.748047 0.269531 0.750000 0.269531 0.751953 0.271484 0.753906
0 0.488281 0.757812 0.486328 0.757812 0.484375 0.759766 0.480469 0.759766 0.478516 0.757812 0.478516 0.751953 0.480469 0.750000 0.484375 0.750000 0.486328 0.751953 0.488281 0.751953
0 0.658203 0.755859 0.658203 0.759766 0.654297 0.759766 0.652344 0.757812 0.656250 0.753906
0 0.437500 0.757812 0.437500 0.761719 0.433594 0.761719 0.431641 0.759766 0.435547 0.755859
0 0.443359 0.757812 0.443359 0.761719 0.439453 0.761719 0.437500 0.759766 0.441406 0.755859
0 0.509766 0.761719 0.507812 0.761719 0.505859 0.763672 0.501953 0.763672 0.500000 0.761719 0.500000 0.755859 0.501953 0.753906 0.505859 0.753906 0.507812 0.755859 0.509766 0.755859
0 0.667969 0.757812 0.667969 0.761719 0.664062 0.761719 0.662109 0.759766 0.666016 0.755859
0 0.167969 0.759766 0.167969 0.763672 0.164062 0.763672 0.162109 0.761719 0.166016 0.757812
0 0.181641 0.759766 0.181641 0.763672 0.177734 0.763672 0.175781 0.761719 0.179688 0.757812
0 0.585938 0.769531 0.583984 0.769531 0.582031 0.771484 0.572266 0.771484 0.566406 0.765625 0.566406 0.755859 0.568359 0.753906 0.570312 0.753906 0.570312 0.751953 0.572266 0.750000 0.582031 0.750000 0.587891 0.755859 0.587891 0.765625 0.585938 0.767578
0 0.951172 0.759766 0.951172 0.763672 0.947266 0.763672 0.945312 0.761719 0.949219 0.757812
0 0.695312 0.763672 0.695312 0.767578 0.691406 0.767578 0.689453 0.765625 0.693359 0.761719
0 0.285156 0.767578 0.283203 0.769531 0.283203 0.771484 0.281250 0.773438 0.275391 0.773438 0.273438 0.771484 0.273438 0.769531 0.271484 0.767578 0.271484 0.765625 0.273438 0.763672 0.273438 0.761719 0.275391 0.759766 0.281250 0.759766 0.283203 0.761719 0.283203 0.763672 0.285156 0.765625
0 0.914062 0.767578 0.914062 0.771484 0.910156 0.771484 0.908203 0.769531 0.912109 0.765625
0 0.361328 0.771484 0.359375 0.773438 0.359375 0.775391 0.357422 0.777344 0.351562 0.777344 0.349609 0.775391 0.349609 0.773438 0.347656 0.771484 0.347656 0.769531 0.349609 0.767578 0.349609 0.765625 0.351562 0.763672 0.357422 0.763672 0.359375 0.765625 0.359375 0.767578 0.361328 0.769531
0 0.701172 0.769531 0.701172 0.773438 0.697266 0.773438 0.695312 0.771484 0.699219 0.767578
0 0.339844 0.779297 0.333984 0.785156 0.328125 0.785156 0.322266 0.779297 0.322266 0.773438 0.328125 0.767578 0.333984 0.767578 0.339844 0.773438
0 0.384766 0.787109 0.382812 0.787109 0.380859 0.789062 0.371094 0.789062 0.365234 0.783203 0.365234 0.773438 0.367188 0.771484 0.369141 0.771484 0.369141 0.769531 0.371094 0.767578 0.380859 0.767578 0.386719 0.773438 0.386719 0.783203 0.384766 0.785156
0 0.693359 0.777344 0.693359 0.781250 0.689453 0.781250 0.687500 0.779297 0.691406 0.775391
0 0.609375 0.783203 0.603516 0.789062 0.597656 0.789062 0.591797 0.783203 0.591797 0.777344 0.597656 0.771484 0.603516 0.771484 0.609375 0.777344
0 0.621094 0.779297 0.621094 0.783203 0.617188 0.783203 0.615234 0.781250 0.619141 0.777344
0 0.904297 0.779297 0.904297 0.783203 0.900391 0.783203 0.898438 0.781250 0.902344 0.777344
0 0.917969 0.779297 0.917969 0.783203 0.914062 0.783203 0.912109 0.781250 0.916016 0.777344
0 0.423828 0.785156 0.421875 0.785156 0.419922 0.787109 0.416016 0.787109 0.414062 0.785156 0.414062 0.779297 0.416016 0.777344 0.419922 0.777344 0.421875 0.779297 0.423828 0.779297
0 0.615234 0.791016 0.613281 0.791016 0.611328 0.792969 0.607422 0.792969 0.605469 0.791016 0.605469 0.785156 0.607422 0.783203 0.611328 0.783203 0.613281 0.785156 0.615234 0.785156
0 0.312500 0.792969 0.306641 0.798828 0.300781 0.798828 0.294922 0.792969 0.294922 0.787109 0.300781 0.781250 0.306641 0.781250 0.312500 0.787109
0 0.552734 0.792969 0.550781 0.792969 0.548828 0.794922 0.544922 0.794922 0.542969 0.792969 0.542969 0.787109 0.544922 0.785156 0.548828 0.785156 0.550781 0.787109 0.552734 0.787109
0 0.751953 0.789062 0.751953 0.792969 0.748047 0.792969 0.746094 0.791016 0.750000 0.787109
0 0.650391 0.791016 0.650391 0.794922 0.646484 0.794922 0.644531 0.792969 0.648438 0.789062
0 0.736328 0.794922 0.734375 0.794922 0.732422 0.796875 0.728516 0.796875 0.726562 0.794922 0.726562 0.789062 0.728516 0.787109 0.732422 0.787109 0.734375 0.789062 0.736328 0.789062
0 0.472656 0.796875 0.470703 0.796875 0.468750 0.798828 0.464844 0.798828 0.462891 0.796875 0.462891 0.791016 0.464844 0.789062 0.468750 0.789062 0.470703 0.791016 0.472656 0.791016
0 0.589844 0.802734 0.587891 0.802734 0.585938 0.804688 0.576172 0.804688 0.570312 0.798828 0.570312 0.789062 0.572266 0.787109 0.574219 0.787109 0.574219 0.785156 0.576172 0.783203 0.585938 0.783203 0.591797 0.789062 0.591797 0.798828 0.589844 0.800781
0 0.847656 0.792969 0.847656 0.796875 0.843750 0.796875 0.841797 0.794922 0.845703 0.791016
0 0.498047 0.794922 0.498047 0.798828 0.494141 0.798828 0.492188 0.796875 0.496094 0.792969
0 0.578125 0.798828 0.576172 0.798828 0.574219 0.800781 0.570312 0.800781 0.568359 0.798828 0.568359 0.792969 0.570312 0.791016 0.574219 0.791016 0.576172 0.792969 0.578125 0.792969
0 0.851562 0.798828 0.851562 0.802734 0.847656 0.802734 0.845703 0.800781 0.849609 0.796875
0 0.488281 0.804688 0.486328 0.804688 0.484375 0.806641 0.480469 0.806641 0.478516 0.804688 0.478516 0.798828 0.480469 0.796875 0.484375 0.796875 0.486328 0.798828 0.488281 0.798828
0 0.998047 0.798828 0.998047 0.804688 0.996094 0.804688 0.994141 0.802734
0 0.841797 0.802734 0.841797 0.806641 0.837891 0.806641 0.835938 0.804688 0.839844 0.800781
0 0.511719 0.806641 0.509766 0.808594 0.509766 0.810547 0.507812 0.812500 0.501953 0.812500 0.500000 0.810547 0.500000 0.808594 0.498047 0.806641 0.498047 0.804688 0.500000 0.802734 0.500000 0.800781 0.501953 0.798828 0.507812 0.798828 0.509766 0.800781 0.509766 0.802734 0.511719 0.804688
0 0.619141 0.808594 0.617188 0.810547 0.617188 0.812500 0.615234 0.814453 0.609375 0.814453 0.607422 0.812500 0.607422 0.810547 0.605469 0.808594 0.605469 0.806641 0.607422 0.804688 0.607422 0.802734 0.609375 0.800781 0.615234 0.800781 0.617188 0.802734 0.617188 0.804688 0.619141 0.806641
0 0.603516 0.812500 0.601562 0.812500 0.599609 0.814453 0.595703 0.814453 0.593750 0.812500 0.593750 0.806641 0.595703 0.804688 0.599609 0.804688 0.601562 0.806641 0.603516 0.806641
0 0.636719 0.812500 0.634766 0.812500 0.632812 0.814453 0.628906 0.814453 0.626953 0.812500 0.626953 0.806641 0.628906 0.804688 0.632812 0.804688 0.634766 0.806641 0.636719 0.806641
0 0.322266 0.820312 0.320312 0.820312 0.318359 0.822266 0.308594 0.822266 0.302734 0.816406 0.302734 0.806641 0.304688 0.804688 0.306641 0.804688 0.306641 0.802734 0.308594 0.800781 0.318359 0.800781 0.324219 0.806641 0.324219 0.816406 0.322266 0.818359
0 0.324219 0.814453 0.322266 0.814453 0.320312 0.816406 0.316406 0.816406 0.314453 0.814453 0.314453 0.808594 0.316406 0.806641 0.320312 0.806641 0.322266 0.808594 0.324219 0.808594
0 0.556641 0.812500 0.554688 0.814453 0.554688 0.816406 0.552734 0.818359 0.546875 0.818359 0.544922 0.816406 0.544922 0.814453 0.542969 0.812500 0.542969 0.810547 0.544922 0.808594 0.544922 0.806641 0.546875 0.804688 0.552734 0.804688 0.554688 0.806641 0.554688 0.808594 0.556641 0.810547
0 0.792969 0.810547 0.792969 0.814453 0.789062 0.814453 0.787109 0.812500 0.791016 0.808594
0 0.998047 0.810547 0.998047 0.814453 0.994141 0.814453 0.992188 0.812500 0.996094 0.808594
0 0.531250 0.814453 0.529297 0.816406 0.529297 0.818359 0.527344 0.820312 0.521484 0.820312 0.519531 0.818359 0.519531 0.816406 0.517578 0.814453 0.517578 0.812500 0.519531 0.810547 0.519531 0.808594 0.521484 0.806641 0.527344 0.806641 0.529297 0.808594 0.529297 0.810547 0.531250 0.812500
0 0.498047 0.816406 0.496094 0.818359 0.496094 0.820312 0.494141 0.822266 0.488281 0.822266 0.486328 0.820312 0.486328 0.818359 0.484375 0.816406 0.484375 0.814453 0.486328 0.812500 0.486328 0.810547 0.488281 0.808594 0.494141 0.808594 0.496094 0.810547 0.496094 0.812500 0.498047 0.814453
0 0.541016 0.824219 0.539062 0.824219 0.537109 0.826172 0.527344 0.826172 0.521484 0.820312 0.521484 0.810547 0.523438 0.808594 0.525391 0.808594 0.525391 0.806641 0.527344 0.804688 0.537109 0.804688 0.542969 0.810547 0.542969 0.820312 0.541016 0.822266
0 0.593750 0.824219 0.591797 0.824219 0.589844 0.826172 0.580078 0.826172 0.574219 0.820312 0.574219 0.810547 0.576172 0.808594 0.578125 0.808594 0.578125 0.806641 0.580078 0.804688 0.589844 0.804688 0.595703 0.810547 0.595703 0.820312 0.593750 0.822266
0 0.798828 0.816406 0.798828 0.820312 0.794922 0.820312 0.792969 0.818359 0.796875 0.814453
0 0.650391 0.822266 0.648438 0.822266 0.646484 0.824219 0.642578 0.824219 0.640625 0.822266 0.640625 0.816406 0.642578 0.814453 0.646484 0.814453 0.648438 0.816406 0.650391 0.816406
0 0.789062 0.820312 0.789062 0.824219 0.785156 0.824219 0.783203 0.822266 0.787109 0.818359
0 0.941406 0.820312 0.941406 0.824219 0.937500 0.824219 0.935547 0.822266 0.939453 0.818359
0 0.998047 0.830078 0.994141 0.830078 0.988281 0.824219 0.988281 0.818359 0.994141 0.812500 0.998047 0.812500
0 0.906250 0.824219 0.906250 0.828125 0.902344 0.828125 0.900391 0.826172 0.904297 0.822266
0 0.921875 0.828125 0.919922 0.828125 0.917969 0.830078 0.914062 0.830078 0.912109 0.828125 0.912109 0.822266 0.914062 0.820312 0.917969 0.820312 0.919922 0.822266 0.921875 0.822266
0 0.320312 0.830078 0.314453 0.835938 0.308594 0.835938 0.302734 0.830078 0.302734 0.824219 0.308594 0.818359 0.314453 0.818359 0.320312 0.824219
0 0.486328 0.830078 0.480469 0.835938 0.474609 0.835938 0.468750 0.830078 0.468750 0.824219 0.474609 0.818359 0.480469 0.818359 0.486328 0.824219
0 0.558594 0.830078 0.556641 0.830078 0.554688 0.832031 0.550781 0.832031 0.548828 0.830078 0.548828 0.824219 0.550781 0.822266 0.554688 0.822266 0.556641 0.824219 0.558594 0.824219
0 0.695312 0.826172 0.695312 0.830078 0.691406 0.830078 0.689453 0.828125 0.693359 0.824219
0 0.998047 0.828125 0.998047 0.833984 0.996094 0.833984 0.994141 0.832031
0 0.640625 0.833984 0.638672 0.835938 0.638672 0.837891 0.636719 0.839844 0.630859 0.839844 0.628906 0.837891 0.628906 0.835938 0.626953 0.833984 0.626953 0.832031 0.628906 0.830078 0.628906 0.828125 0.630859 0.826172 0.636719 0.826172 0.638672 0.828125 0.638672 0.830078 0.640625 0.832031
0 0.703125 0.832031 0.703125 0.835938 0.699219 0.835938 0.697266 0.833984 0.701172 0.830078
0 0.906250 0.832031 0.906250 0.835938 0.902344 0.835938 0.900391 0.833984 0.904297 0.830078
0 0.548828 0.843750 0.546875 0.843750 0.544922 0.845703 0.535156 0.845703 0.529297 0.839844 0.529297 0.830078 0.531250 0.828125 0.533203 0.828125 0.533203 0.826172 0.535156 0.824219 0.544922 0.824219 0.550781 0.830078 0.550781 0.839844 0.548828 0.841797
0 0.625000 0.839844 0.619141 0.845703 0.613281 0.845703 0.607422 0.839844 0.607422 0.833984 0.613281 0.828125 0.619141 0.828125 0.625000 0.833984
0 0.916016 0.839844 0.914062 0.839844 0.912109 0.841797 0.908203 0.841797 0.906250 0.839844 0.906250 0.833984 0.908203 0.832031 0.912109 0.832031 0.914062 0.833984 0.916016 0.833984
0 0.998047 0.837891 0.998047 0.843750 0.996094 0.843750 0.994141 0.841797
0 0.693359 0.843750 0.691406 0.845703 0.691406 0.847656 0.689453 0.849609 0.683594 0.849609 0.681641 0.847656 0.681641 0.845703 0.679688 0.843750 0.679688 0.841797 0.681641 0.839844 0.681641 0.837891 0.683594 0.835938 0.689453 0.835938 0.691406 0.837891 0.691406 0.839844 0.693359 0.841797
0 0.703125 0.845703 0.701172 0.845703 0.699219 0.847656 0.695312 0.847656 0.693359 0.845703 0.693359 0.839844 0.695312 0.837891 0.699219 0.837891 0.701172 0.839844 0.703125 0.839844
0 0.660156 0.845703 0.658203 0.847656 0.658203 0.849609 0.656250 0.851562 0.650391 0.851562 0.648438 0.849609 0.648438 0.847656 0.646484 0.845703 0.646484 0.843750 0.648438 0.841797 0.648438 0.839844 0.650391 0.837891 0.656250 0.837891 0.658203 0.839844 0.658203 0.841797 0.660156 0.843750
0 0.888672 0.845703 0.888672 0.849609 0.884766 0.849609 0.882812 0.847656 0.886719 0.843750
0 0.513672 0.855469 0.511719 0.857422 0.511719 0.859375 0.509766 0.861328 0.503906 0.861328 0.501953 0.859375 0.501953 0.857422 0.500000 0.855469 0.500000 0.853516 0.501953 0.851562 0.501953 0.849609 0.503906 0.847656 0.509766 0.847656 0.511719 0.849609 0.511719 0.851562 0.513672 0.853516
0 0.677734 0.857422 0.675781 0.857422 0.673828 0.859375 0.669922 0.859375 0.667969 0.857422 0.667969 0.851562 0.669922 0.849609 0.673828 0.849609 0.675781 0.851562 0.677734 0.851562
0 0.619141 0.859375 0.617188 0.859375 0.615234 0.861328 0.611328 0.861328 0.609375 0.859375 0.609375 0.853516 0.611328 0.851562 0.615234 0.851562 0.617188 0.853516 0.619141 0.853516
0 0.666016 0.865234 0.664062 0.865234 0.662109 0.867188 0.652344 0.867188 0.646484 0.861328 0.646484 0.851562 0.648438 0.849609 0.650391 0.849609 0.650391 0.847656 0.652344 0.845703 0.662109 0.845703 0.667969 0.851562 0.667969 0.861328 0.666016 0.863281
0 0.705078 0.859375 0.703125 0.859375 0.701172 0.861328 0.697266 0.861328 0.695312 0.859375 0.695312 0.853516 0.697266 0.851562 0.701172 0.851562 0.703125 0.853516 0.705078 0.853516
0 0.599609 0.863281 0.593750 0.869141 0.587891 0.869141 0.582031 0.863281 0.582031 0.857422 0.587891 0.851562 0.593750 0.851562 0.599609 0.857422
0 0.681641 0.863281 0.675781 0.869141 0.669922 0.869141 0.664062 0.863281 0.664062 0.857422 0.669922 0.851562 0.675781 0.851562 0.681641 0.857422
0 0.765625 0.859375 0.765625 0.863281 0.761719 0.863281 0.759766 0.861328 0.763672 0.857422
0 0.849609 0.865234 0.847656 0.865234 0.845703 0.867188 0.841797 0.867188 0.839844 0.865234 0.839844 0.859375 0.841797 0.857422 0.845703 0.857422 0.847656 0.859375 0.849609 0.859375
0 0.775391 0.863281 0.775391 0.867188 0.771484 0.867188 0.769531 0.865234 0.773438 0.861328
0 0.517578 0.869141 0.511719 0.875000 0.505859 0.875000 0.500000 0.869141 0.500000 0.863281 0.505859 0.857422 0.511719 0.857422 0.517578 0.863281
0 0.541016 0.878906 0.539062 0.878906 0.537109 0.880859 0.527344 0.880859 0.521484 0.875000 0.521484 0.865234 0.523438 0.863281 0.525391 0.863281 0.525391 0.861328 0.527344 0.859375 0.537109 0.859375 0.542969 0.865234 0.542969 0.875000 0.541016 0.876953
0 0.720703 0.873047 0.718750 0.873047 0.716797 0.875000 0.712891 0.875000 0.710938 0.873047 0.710938 0.867188 0.712891 0.865234 0.716797 0.865234 0.718750 0.867188 0.720703 0.867188
0 0.552734 0.882812 0.550781 0.882812 0.548828 0.884766 0.539062 0.884766 0.533203 0.878906 0.533203 0.869141 0.535156 0.867188 0.537109 0.867188 0.537109 0.865234 0.539062 0.863281 0.548828 0.863281 0.554688 0.869141 0.554688 0.878906 0.552734 0.880859
0 0.675781 0.875000 0.675781 0.878906 0.671875 0.878906 0.669922 0.876953 0.673828 0.873047
0 0.835938 0.878906 0.833984 0.878906 0.832031 0.880859 0.828125 0.880859 0.826172 0.878906 0.826172 0.873047 0.828125 0.871094 0.832031 0.871094 0.833984 0.873047 0.835938 0.873047
0 0.865234 0.878906 0.863281 0.878906 0.861328 0.880859 0.857422 0.880859 0.855469 0.878906 0.855469 0.873047 0.857422 0.871094 0.861328 0.871094 0.863281 0.873047 0.865234 0.873047
0 0.998047 0.886719 0.994141 0.886719 0.992188 0.884766 0.992188 0.882812 0.990234 0.880859 0.990234 0.878906 0.992188 0.876953 0.992188 0.875000 0.994141 0.873047 0.998047 0.873047
0 0.628906 0.880859 0.628906 0.884766 0.625000 0.884766 0.623047 0.882812 0.626953 0.878906
0 0.617188 0.882812 0.617188 0.886719 0.613281 0.886719 0.611328 0.884766 0.615234 0.880859
0 0.650391 0.884766 0.650391 0.888672 0.646484 0.888672 0.644531 0.886719 0.648438 0.882812
0 0.912109 0.884766 0.912109 0.888672 0.908203 0.888672 0.906250 0.886719 0.910156 0.882812
0 0.943359 0.884766 0.943359 0.888672 0.939453 0.888672 0.937500 0.886719 0.941406 0.882812
0 0.580078 0.886719 0.580078 0.890625 0.576172 0.890625 0.574219 0.888672 0.578125 0.884766
0 0.984375 0.890625 0.978516 0.896484 0.972656 0.896484 0.966797 0.890625 0.966797 0.884766 0.972656 0.878906 0.978516 0.878906 0.984375 0.884766
0 0.306641 0.894531 0.300781 0.900391 0.294922 0.900391 0.289062 0.894531 0.289062 0.888672 0.294922 0.882812 0.300781 0.882812 0.306641 0.888672
0 0.718750 0.896484 0.716797 0.896484 0.714844 0.898438 0.710938 0.898438 0.708984 0.896484 0.708984 0.890625 0.710938 0.888672 0.714844 0.888672 0.716797 0.890625 0.718750 0.890625
0 0.736328 0.892578 0.736328 0.896484 0.732422 0.896484 0.730469 0.894531 0.734375 0.890625
0 0.902344 0.896484 0.900391 0.896484 0.898438 0.898438 0.894531 0.898438 0.892578 0.896484 0.892578 0.890625 0.894531 0.888672 0.898438 0.888672 0.900391 0.890625 0.902344 0.890625
0 0.841797 0.898438 0.839844 0.898438 0.837891 0.900391 0.833984 0.900391 0.832031 0.898438 0.832031 0.892578 0.833984 0.890625 0.837891 0.890625 0.839844 0.892578 0.841797 0.892578
0 0.886719 0.896484 0.886719 0.900391 0.882812 0.900391 0.880859 0.898438 0.884766 0.894531
0 0.917969 0.900391 0.916016 0.900391 0.914062 0.902344 0.910156 0.902344 0.908203 0.900391 0.908203 0.894531 0.910156 0.892578 0.914062 0.892578 0.916016 0.894531 0.917969 0.894531
0 0.925781 0.896484 0.925781 0.900391 0.921875 0.900391 0.919922 0.898438 0.923828 0.894531
0 0.937500 0.898438 0.935547 0.900391 0.935547 0.902344 0.933594 0.904297 0.927734 0.904297 0.925781 0.902344 0.925781 0.900391 0.923828 0.898438 0.923828 0.896484 0.925781 0.894531 0.925781 0.892578 0.927734 0.890625 0.933594 0.890625 0.935547 0.892578 0.935547 0.894531 0.937500 0.896484
0 0.945312 0.896484 0.945312 0.900391 0.941406 0.900391 0.939453 0.898438 0.943359 0.894531
0 0.701172 0.902344 0.699219 0.902344 0.697266 0.904297 0.693359 0.904297 0.691406 0.902344 0.691406 0.896484 0.693359 0.894531 0.697266 0.894531 0.699219 0.896484 0.701172 0.896484
0 0.857422 0.902344 0.855469 0.904297 0.855469 0.906250 0.853516 0.908203 0.847656 0.908203 0.845703 0.906250 0.845703 0.904297 0.843750 0.902344 0.843750 0.900391 0.845703 0.898438 0.845703 0.896484 0.847656 0.894531 0.853516 0.894531 0.855469 0.896484 0.855469 0.898438 0.857422 0.900391
0 0.748047 0.910156 0.746094 0.910156 0.744141 0.912109 0.740234 0.912109 0.738281 0.910156 0.738281 0.904297 0.740234 0.902344 0.744141 0.902344 0.746094 0.904297 0.748047 0.904297
0 0.927734 0.906250 0.927734 0.910156 0.923828 0.910156 0.921875 0.908203 0.925781 0.904297
0 0.562500 0.914062 0.560547 0.914062 0.558594 0.916016 0.554688 0.916016 0.552734 0.914062 0.552734 0.908203 0.554688 0.906250 0.558594 0.906250 0.560547 0.908203 0.562500 0.908203
0 0.732422 0.914062 0.730469 0.914062 0.728516 0.916016 0.724609 0.916016 0.722656 0.914062 0.722656 0.908203 0.724609 0.906250 0.728516 0.906250 0.730469 0.908203 0.732422 0.908203
0 0.542969 0.917969 0.541016 0.917969 0.539062 0.919922 0.535156 0.919922 0.533203 0.917969 0.533203 0.912109 0.535156 0.910156 0.539062 0.910156 0.541016 0.912109 0.542969 0.912109
0 0.867188 0.916016 0.867188 0.919922 0.863281 0.919922 0.861328 0.917969 0.865234 0.914062
0 0.947266 0.921875 0.945312 0.921875 0.943359 0.923828 0.939453 0.923828 0.937500 0.921875 0.937500 0.916016 0.939453 0.914062 0.943359 0.914062 0.945312 0.916016 0.947266 0.916016
0 0.582031 0.925781 0.580078 0.925781 0.578125 0.927734 0.574219 0.927734 0.572266 0.925781 0.572266 0.919922 0.574219 0.917969 0.578125 0.917969 0.580078 0.919922 0.582031 0.919922
0 0.300781 0.925781 0.298828 0.927734 0.298828 0.929688 0.296875 0.931641 0.291016 0.931641 0.289062 0.929688 0.289062 0.927734 0.287109 0.925781 0.287109 0.923828 0.289062 0.921875 0.289062 0.919922 0.291016 0.917969 0.296875 0.917969 0.298828 0.919922 0.298828 0.921875 0.300781 0.923828
0 0.562500 0.927734 0.560547 0.927734 0.558594 0.929688 0.554688 0.929688 0.552734 0.927734 0.552734 0.921875 0.554688 0.919922 0.558594 0.919922 0.560547 0.921875 0.562500 0.921875
0 0.697266 0.923828 0.697266 0.927734 0.693359 0.927734 0.691406 0.925781 0.695312 0.921875
0 0.857422 0.927734 0.855469 0.927734 0.853516 0.929688 0.849609 0.929688 0.847656 0.927734 0.847656 0.921875 0.849609 0.919922 0.853516 0.919922 0.855469 0.921875 0.857422 0.921875
0 0.824219 0.925781 0.824219 0.929688 0.820312 0.929688 0.818359 0.927734 0.822266 0.923828
0 0.833984 0.925781 0.833984 0.929688 0.830078 0.929688 0.828125 0.927734 0.832031 0.923828
0 0.992188 0.931641 0.990234 0.931641 0.988281 0.933594 0.984375 0.933594 0.982422 0.931641 0.982422 0.925781 0.984375 0.923828 0.988281 0.923828 0.990234 0.925781 0.992188 0.925781
0 0.558594 0.939453 0.556641 0.939453 0.554688 0.941406 0.544922 0.941406 0.539062 0.935547 0.539062 0.925781 0.541016 0.923828 0.542969 0.923828 0.542969 0.921875 0.544922 0.919922 0.554688 0.919922 0.560547 0.925781 0.560547 0.935547 0.558594 0.937500
0 0.732422 0.935547 0.730469 0.935547 0.728516 0.937500 0.724609 0.937500 0.722656 0.935547 0.722656 0.929688 0.724609 0.927734 0.728516 0.927734 0.730469 0.929688 0.732422 0.929688
0 0.703125 0.933594 0.703125 0.937500 0.699219 0.937500 0.697266 0.935547 0.701172 0.931641
0 0.787109 0.933594 0.787109 0.937500 0.783203 0.937500 0.781250 0.935547 0.785156 0.931641
0 0.953125 0.937500 0.951172 0.937500 0.949219 0.939453 0.945312 0.939453 0.943359 0.937500 0.943359 0.931641 0.945312 0.929688 0.949219 0.929688 0.951172 0.931641 0.953125 0.931641
0 0.697266 0.935547 0.697266 0.939453 0.693359 0.939453 0.691406 0.937500 0.695312 0.933594
0 0.326172 0.947266 0.324219 0.947266 0.322266 0.949219 0.312500 0.949219 0.306641 0.943359 0.306641 0.933594 0.308594 0.931641 0.310547 0.931641 0.310547 0.929688 0.312500 0.927734 0.322266 0.927734 0.328125 0.933594 0.328125 0.943359 0.326172 0.945312
0 0.757812 0.945312 0.755859 0.945312 0.753906 0.947266 0.750000 0.947266 0.748047 0.945312 0.748047 0.939453 0.750000 0.937500 0.753906 0.937500 0.755859 0.939453 0.757812 0.939453
0 0.792969 0.941406 0.792969 0.945312 0.789062 0.945312 0.787109 0.943359 0.791016 0.939453
0 0.986328 0.943359 0.984375 0.945312 0.984375 0.947266 0.982422 0.949219 0.976562 0.949219 0.974609 0.947266 0.974609 0.945312 0.972656 0.943359 0.972656 0.941406 0.974609 0.939453 0.974609 0.937500 0.976562 0.935547 0.982422 0.935547 0.984375 0.937500 0.984375 0.939453 0.986328 0.941406
0 0.740234 0.947266 0.738281 0.947266 0.736328 0.949219 0.732422 0.949219 0.730469 0.947266 0.730469 0.941406 0.732422 0.939453 0.736328 0.939453 0.738281 0.941406 0.740234 0.941406
0 0.851562 0.947266 0.845703 0.953125 0.839844 0.953125 0.833984 0.947266 0.833984 0.941406 0.839844 0.935547 0.845703 0.935547 0.851562 0.941406
0 0.337891 0.947266 0.335938 0.949219 0.335938 0.951172 0.333984 0.953125 0.328125 0.953125 0.326172 0.951172 0.326172 0.949219 0.324219 0.947266 0.324219 0.945312 0.326172 0.943359 0.326172 0.941406 0.328125 0.939453 0.333984 0.939453 0.335938 0.941406 0.335938 0.943359 0.337891 0.945312
0 0.519531 0.949219 0.517578 0.949219 0.515625 0.951172 0.511719 0.951172 0.509766 0.949219 0.509766 0.943359 0.511719 0.941406 0.515625 0.941406 0.517578 0.943359 0.519531 0.943359
0 0.652344 0.947266 0.652344 0.951172 0.648438 0.951172 0.646484 0.949219 0.650391 0.945312
0 0.875000 0.957031 0.873047 0.957031 0.871094 0.958984 0.861328 0.958984 0.855469 0.953125 0.855469 0.943359 0.857422 0.941406 0.859375 0.941406 0.859375 0.939453 0.861328 0.937500 0.871094 0.937500 0.876953 0.943359 0.876953 0.953125 0.875000 0.955078
0 0.345703 0.951172 0.343750 0.953125 0.343750 0.955078 0.341797 0.957031 0.335938 0.957031 0.333984 0.955078 0.333984 0.953125 0.332031 0.951172 0.332031 0.949219 0.333984 0.947266 0.333984 0.945312 0.335938 0.943359 0.341797 0.943359 0.343750 0.945312 0.343750 0.947266 0.345703 0.949219
0 0.533203 0.953125 0.531250 0.955078 0.531250 0.957031 0.529297 0.958984 0.523438 0.958984 0.521484 0.957031 0.521484 0.955078 0.519531 0.953125 0.519531 0.951172 0.521484 0.949219 0.521484 0.947266 0.523438 0.945312 0.529297 0.945312 0.531250 0.947266 0.531250 0.949219 0.533203 0.951172
0 0.580078 0.951172 0.580078 0.955078 0.576172 0.955078 0.574219 0.953125 0.578125 0.949219
0 0.658203 0.953125 0.658203 0.957031 0.654297 0.957031 0.652344 0.955078 0.656250 0.951172
0 0.310547 0.955078 0.310547 0.958984 0.306641 0.958984 0.304688 0.957031 0.308594 0.953125
0 0.646484 0.955078 0.646484 0.958984 0.642578 0.958984 0.640625 0.957031 0.644531 0.953125
0 0.734375 0.958984 0.732422 0.958984 0.730469 0.960938 0.726562 0.960938 0.724609 0.958984 0.724609 0.953125 0.726562 0.951172 0.730469 0.951172 0.732422 0.953125 0.734375 0.953125
0 0.775391 0.958984 0.773438 0.958984 0.771484 0.960938 0.767578 0.960938 0.765625 0.958984 0.765625 0.953125 0.767578 0.951172 0.771484 0.951172 0.773438 0.953125 0.775391 0.953125
0 0.390625 0.966797 0.388672 0.966797 0.386719 0.968750 0.376953 0.968750 0.371094 0.962891 0.371094 0.953125 0.373047 0.951172 0.375000 0.951172 0.375000 0.949219 0.376953 0.947266 0.386719 0.947266 0.392578 0.953125 0.392578 0.962891 0.390625 0.964844
0 0.578125 0.957031 0.578125 0.960938 0.574219 0.960938 0.572266 0.958984 0.576172 0.955078
0 0.570312 0.958984 0.570312 0.962891 0.566406 0.962891 0.564453 0.960938 0.568359 0.957031
0 0.986328 0.962891 0.984375 0.962891 0.982422 0.964844 0.978516 0.964844 0.976562 0.962891 0.976562 0.957031 0.978516 0.955078 0.982422 0.955078 0.984375 0.957031 0.986328 0.957031
0 0.541016 0.962891 0.539062 0.964844 0.539062 0.966797 0.537109 0.968750 0.531250 0.968750 0.529297 0.966797 0.529297 0.964844 0.527344 0.962891 0.527344 0.960938 0.529297 0.958984 0.529297 0.957031 0.531250 0.955078 0.537109 0.955078 0.539062 0.957031 0.539062 0.958984 0.541016 0.960938
0 0.822266 0.970703 0.820312 0.970703 0.818359 0.972656 0.808594 0.972656 0.802734 0.966797 0.802734 0.957031 0.804688 0.955078 0.806641 0.955078 0.806641 0.953125 0.808594 0.951172 0.818359 0.951172 0.824219 0.957031 0.824219 0.966797 0.822266 0.968750
0 0.923828 0.966797 0.921875 0.966797 0.919922 0.968750 0.916016 0.968750 0.914062 0.966797 0.914062 0.960938 0.916016 0.958984 0.919922 0.958984 0.921875 0.960938 0.923828 0.960938
0 0.492188 0.966797 0.490234 0.968750 0.490234 0.970703 0.488281 0.972656 0.482422 0.972656 0.480469 0.970703 0.480469 0.968750 0.478516 0.966797 0.478516 0.964844 0.480469 0.962891 0.480469 0.960938 0.482422 0.958984 0.488281 0.958984 0.490234 0.960938 0.490234 0.962891 0.492188 0.964844
0 0.773438 0.968750 0.771484 0.968750 0.769531 0.970703 0.765625 0.970703 0.763672 0.968750 0.763672 0.962891 0.765625 0.960938 0.769531 0.960938 0.771484 0.962891 0.773438 0.962891
0 0.908203 0.968750 0.906250 0.968750 0.904297 0.970703 0.900391 0.970703 0.898438 0.968750 0.898438 0.962891 0.900391 0.960938 0.904297 0.960938 0.906250 0.962891 0.908203 0.962891
0 0.998047 0.970703 0.994141 0.970703 0.992188 0.968750 0.992188 0.962891 0.994141 0.960938 0.998047 0.960938
0 0.447266 0.970703 0.445312 0.970703 0.443359 0.972656 0.439453 0.972656 0.437500 0.970703 0.437500 0.964844 0.439453 0.962891 0.443359 0.962891 0.445312 0.964844 0.447266 0.964844
0 0.478516 0.970703 0.476562 0.970703 0.474609 0.972656 0.470703 0.972656 0.468750 0.970703 0.468750 0.964844 0.470703 0.962891 0.474609 0.962891 0.476562 0.964844 0.478516 0.964844
0 0.554688 0.978516 0.552734 0.978516 0.550781 0.980469 0.541016 0.980469 0.535156 0.974609 0.535156 0.964844 0.537109 0.962891 0.539062 0.962891 0.539062 0.960938 0.541016 0.958984 0.550781 0.958984 0.556641 0.964844 0.556641 0.974609 0.554688 0.976562
0 0.509766 0.974609 0.507812 0.974609 0.505859 0.976562 0.501953 0.976562 0.500000 0.974609 0.500000 0.968750 0.501953 0.966797 0.505859 0.966797 0.507812 0.968750 0.509766 0.968750
0 0.425781 0.982422 0.423828 0.982422 0.421875 0.984375 0.412109 0.984375 0.406250 0.978516 0.406250 0.968750 0.408203 0.966797 0.410156 0.966797 0.410156 0.964844 0.412109 0.962891 0.421875 0.962891 0.427734 0.968750 0.427734 0.978516 0.425781 0.980469
0 0.742188 0.976562 0.740234 0.976562 0.738281 0.978516 0.734375 0.978516 0.732422 0.976562 0.732422 0.970703 0.734375 0.968750 0.738281 0.968750 0.740234 0.970703 0.742188 0.970703
0 0.945312 0.972656 0.945312 0.976562 0.941406 0.976562 0.939453 0.974609 0.943359 0.970703
0 0.464844 0.978516 0.462891 0.978516 0.460938 0.980469 0.457031 0.980469 0.455078 0.978516 0.455078 0.972656 0.457031 0.970703 0.460938 0.970703 0.462891 0.972656 0.464844 0.972656
0 0.546875 0.978516 0.544922 0.978516 0.542969 0.980469 0.539062 0.980469 0.537109 0.978516 0.537109 0.972656 0.539062 0.970703 0.542969 0.970703 0.544922 0.972656 0.546875 0.972656
0 0.511719 0.980469 0.505859 0.986328 0.500000 0.986328 0.494141 0.980469 0.494141 0.974609 0.500000 0.968750 0.505859 0.968750 0.511719 0.974609
0 0.763672 0.980469 0.761719 0.980469 0.759766 0.982422 0.755859 0.982422 0.753906 0.980469 0.753906 0.974609 0.755859 0.972656 0.759766 0.972656 0.761719 0.974609 0.763672 0.974609
0 0.242188 0.978516 0.242188 0.982422 0.238281 0.982422 0.236328 0.980469 0.240234 0.976562
0 0.251953 0.978516 0.251953 0.982422 0.248047 0.982422 0.246094 0.980469 0.250000 0.976562
0 0.378906 0.982422 0.376953 0.982422 0.375000 0.984375 0.371094 0.984375 0.369141 0.982422 0.369141 0.976562 0.371094 0.974609 0.375000 0.974609 0.376953 0.976562 0.378906 0.976562
0 0.726562 0.982422 0.724609 0.982422 0.722656 0.984375 0.718750 0.984375 0.716797 0.982422 0.716797 0.976562 0.718750 0.974609 0.722656 0.974609 0.724609 0.976562 0.726562 0.976562
0 0.933594 0.980469 0.931641 0.982422 0.931641 0.984375 0.929688 0.986328 0.923828 0.986328 0.921875 0.984375 0.921875 0.982422 0.919922 0.980469 0.919922 0.978516 0.921875 0.976562 0.921875 0.974609 0.923828 0.972656 0.929688 0.972656 0.931641 0.974609 0.931641 0.976562 0.933594 0.978516
0 0.664062 0.984375 0.662109 0.984375 0.660156 0.986328 0.656250 0.986328 0.654297 0.984375 0.654297 0.978516 0.656250 0.976562 0.660156 0.976562 0.662109 0.978516 0.664062 0.978516
0 0.880859 0.992188 0.878906 0.992188 0.876953 0.994141 0.867188 0.994141 0.861328 0.988281 0.861328 0.978516 0.863281 0.976562 0.865234 0.976562 0.865234 0.974609 0.867188 0.972656 0.876953 0.972656 0.882812 0.978516 0.882812 0.988281 0.880859 0.990234
0 0.246094 0.984375 0.246094 0.988281 0.242188 0.988281 0.240234 0.986328 0.244141 0.982422
0 0.625000 0.986328 0.625000 0.990234 0.621094 0.990234 0.619141 0.988281 0.623047 0.984375
0 0.652344 0.986328 0.652344 0.990234 0.648438 0.990234 0.646484 0.988281 0.650391 0.984375
0 0.693359 0.986328 0.693359 0.990234 0.689453 0.990234 0.687500 0.988281 0.691406 0.984375
0 0.955078 0.990234 0.953125 0.990234 0.951172 0.992188 0.947266 0.992188 0.945312 0.990234 0.945312 0.984375 0.947266 0.982422 0.951172 0.982422 0.953125 0.984375 0.955078 0.984375
0 0.496094 0.988281 0.496094 0.992188 0.492188 0.992188 0.490234 0.990234 0.494141 0.986328
0 0.615234 0.988281 0.615234 0.992188 0.611328 0.992188 0.609375 0.990234 0.613281 0.986328
0 0.730469 0.988281 0.730469 0.992188 0.726562 0.992188 0.724609 0.990234 0.728516 0.986328
0 0.988281 0.992188 0.986328 0.992188 0.984375 0.994141 0.980469 0.994141 0.978516 0.992188 0.978516 0.986328 0.980469 0.984375 0.984375 0.984375 0.986328 0.986328 0.988281 0.986328
0 0.998047 0.996094 0.994141 0.996094 0.992188 0.994141 0.992188 0.988281 0.994141 0.986328 0.998047 0.986328
0 0.621094 0.992188 0.621094 0.996094 0.617188 0.996094 0.615234 0.994141 0.619141 0.990234
0 0.685547 0.994141 0.683594 0.996094 0.683594 0.998047 0.673828 0.998047 0.673828 0.996094 0.671875 0.994141 0.671875 0.992188 0.673828 0.990234 0.673828 0.988281 0.675781 0.986328 0.681641 0.986328 0.683594 0.988281 0.683594 0.990234 0.685547 0.992188
0 0.699219 0.992188 0.699219 0.996094 0.695312 0.996094 0.693359 0.994141 0.697266 0.990234
0 0.412109 0.998047 0.390625 0.998047 0.390625 0.992188 0.392578 0.990234 0.394531 0.990234 0.394531 0.988281 0.396484 0.986328 0.406250 0.986328 0.412109 0.992188
0 0.429688 0.996094 0.429688 0.998047 0.423828 0.998047 0.427734 0.994141
0 0.458984 0.998047 0.437500 0.998047 0.437500 0.992188 0.439453 0.990234 0.441406 0.990234 0.441406 0.988281 0.443359 0.986328 0.453125 0.986328 0.458984 0.992188
0 0.474609 0.998047 0.464844 0.998047 0.464844 0.994141 0.466797 0.992188 0.470703 0.992188 0.472656 0.994141 0.474609 0.994141
0 0.490234 0.998047 0.468750 0.998047 0.468750 0.992188 0.470703 0.990234 0.472656 0.990234 0.472656 0.988281 0.474609 0.986328 0.484375 0.986328 0.490234 0.992188
0 0.535156 0.998047 0.513672 0.998047 0.513672 0.992188 0.515625 0.990234 0.517578 0.990234 0.517578 0.988281 0.519531 0.986328 0.529297 0.986328 0.535156 0.992188
0 0.646484 0.996094 0.646484 0.998047 0.640625 0.998047 0.644531 0.994141
0 0.849609 0.998047 0.828125 0.998047 0.828125 0.992188 0.830078 0.990234 0.832031 0.990234 0.832031 0.988281 0.833984 0.986328 0.843750 0.986328 0.849609 0.992188
0 0.898438 0.998047 0.884766 0.998047 0.884766 0.996094 0.886719 0.994141 0.886719 0.992188 0.888672 0.990234 0.894531 0.990234 0.896484 0.992188 0.896484 0.994141 0.898438 0.996094
0 0.916016 0.998047 0.894531 0.998047 0.894531 0.992188 0.896484 0.990234 0.898438 0.990234 0.898438 0.988281 0.900391 0.986328 0.910156 0.986328 0.916016 0.992188
0 0.941406 0.998047 0.931641 0.998047 0.931641 0.994141 0.933594 0.992188 0.937500 0.992188 0.939453 0.994141 0.941406 0.994141
