0 0.087891 0.033203 0.085938 0.033203 0.083984 0.031250 0.078125 0.031250 0.076172 0.033203 0.074219 0.033203 0.072266 0.035156 0.072266 0.042969 0.074219 0.044922 0.080078 0.044922 0.082031 0.042969 0.083984 0.042969 0.085938 0.041016 0.085938 0.039062 0.087891 0.037109
0 0.173828 0.125000 0.169922 0.136719 0.162109 0.148438 0.162109 0.158203 0.166016 0.167969 0.173828 0.173828 0.181641 0.173828 0.189453 0.166016 0.195312 0.169922 0.203125 0.169922 0.205078 0.162109 0.201172 0.158203 0.195312 0.158203 0.191406 0.162109 0.185547 0.158203 0.181641 0.126953
0 0.724609 0.126953 0.720703 0.126953 0.718750 0.128906 0.720703 0.130859 0.722656 0.130859 0.724609 0.128906
0 0.498047 0.144531 0.496094 0.146484 0.496094 0.148438 0.498047 0.150391 0.500000 0.150391 0.501953 0.148438 0.501953 0.146484 0.500000 0.144531
0 0.361328 0.148438 0.359375 0.150391 0.359375 0.152344 0.361328 0.152344
0 0.925781 0.148438 0.921875 0.152344 0.921875 0.154297 0.919922 0.156250 0.919922 0.162109 0.921875 0.164062 0.921875 0.166016 0.923828 0.166016 0.925781 0.167969 0.931641 0.167969 0.935547 0.164062 0.935547 0.162109 0.937500 0.160156 0.937500 0.156250 0.935547 0.154297 0.935547 0.152344 0.931641 0.148438
0 0.347656 0.164062 0.345703 0.166016 0.341797 0.166016 0.341797 0.171875 0.343750 0.171875 0.345703 0.173828 0.349609 0.173828 0.353516 0.169922
0 0.230469 0.183594 0.230469 0.187500 0.232422 0.189453 0.234375 0.189453 0.236328 0.187500 0.236328 0.185547 0.234375 0.183594
0 0.154297 0.195312 0.150391 0.195312 0.150391 0.199219 0.152344 0.201172 0.154297 0.199219
0 0.236328 0.199219 0.234375 0.201172 0.234375 0.205078 0.236328 0.207031 0.242188 0.207031 0.244141 0.205078 0.244141 0.201172 0.242188 0.199219
0 0.269531 0.199219 0.267578 0.201172 0.267578 0.203125 0.269531 0.205078 0.271484 0.203125 0.271484 0.201172
0 0.085938 0.205078 0.083984 0.207031 0.083984 0.208984 0.085938 0.210938 0.087891 0.210938 0.089844 0.208984 0.089844 0.207031 0.087891 0.205078
0 0.675781 0.203125 0.675781 0.207031 0.679688 0.207031 0.679688 0.203125
1 0.000000 0.214844 0.000000 0.228516 0.001953 0.226562 0.003906 0.226562 0.005859 0.228516 0.005859 0.230469 0.005859 0.228516 0.003906 0.226562 0.007812 0.222656 0.005859 0.220703 0.005859 0.218750 0.003906 0.216797 0.001953 0.216797
0 0.273438 0.214844 0.271484 0.214844 0.265625 0.220703 0.261719 0.220703 0.255859 0.228516 0.251953 0.224609 0.250000 0.224609 0.246094 0.228516 0.246094 0.232422 0.248047 0.234375 0.253906 0.234375 0.257812 0.232422 0.263672 0.238281 0.271484 0.238281 0.275391 0.232422
0 0.121094 0.226562 0.119141 0.228516 0.119141 0.234375 0.121094 0.236328 0.126953 0.236328 0.128906 0.234375 0.128906 0.228516 0.126953 0.226562
0 0.406250 0.232422 0.406250 0.234375 0.408203 0.236328 0.408203 0.232422
1 0.146484 0.248047 0.150391 0.255859 0.164062 0.261719 0.175781 0.257812 0.201172 0.259766 0.207031 0.263672 0.218750 0.263672 0.230469 0.275391 0.240234 0.271484 0.244141 0.265625 0.242188 0.261719 0.236328 0.257812 0.242188 0.250000 0.242188 0.242188 0.234375 0.236328 0.226562 0.236328 0.226562 0.240234 0.222656 0.244141 0.216797 0.244141 0.212891 0.248047 0.207031 0.248047 0.205078 0.250000 0.195312 0.250000 0.179688 0.242188 0.169922 0.234375 0.152344 0.234375 0.148438 0.236328
0 0.304688 0.242188 0.304688 0.246094 0.306641 0.248047 0.316406 0.248047 0.318359 0.246094 0.318359 0.242188 0.314453 0.238281 0.308594 0.238281
0 0.277344 0.246094 0.271484 0.244141 0.271484 0.246094 0.267578 0.250000 0.263672 0.250000 0.261719 0.248047 0.257812 0.248047 0.255859 0.250000 0.255859 0.251953 0.257812 0.253906 0.261719 0.253906 0.263672 0.255859 0.267578 0.255859 0.271484 0.259766 0.273438 0.259766 0.273438 0.257812 0.277344 0.253906
0 0.972656 0.250000 0.970703 0.251953 0.970703 0.253906 0.972656 0.255859 0.974609 0.255859 0.976562 0.253906 0.976562 0.251953 0.974609 0.250000
0 0.273438 0.263672 0.275391 0.265625 0.275391 0.267578 0.277344 0.267578 0.279297 0.265625 0.279297 0.263672
0 0.390625 0.261719 0.382812 0.265625 0.382812 0.273438 0.384766 0.273438 0.388672 0.279297 0.378906 0.289062 0.378906 0.294922 0.384766 0.300781 0.394531 0.300781 0.402344 0.291016 0.402344 0.283203 0.392578 0.277344 0.396484 0.271484 0.396484 0.265625
1 0.375000 0.267578 0.376953 0.267578 0.378906 0.269531 0.376953 0.267578
0 0.253906 0.292969 0.255859 0.294922 0.259766 0.292969 0.263672 0.292969 0.265625 0.294922 0.267578 0.292969 0.273438 0.292969 0.275391 0.294922 0.283203 0.287109 0.285156 0.283203 0.273438 0.277344 0.265625 0.277344 0.257812 0.273438 0.255859 0.275391 0.255859 0.279297 0.257812 0.281250 0.257812 0.287109
0 0.726562 0.273438 0.726562 0.275391 0.728516 0.277344 0.730469 0.277344 0.732422 0.275391 0.730469 0.273438
0 0.669922 0.277344 0.669922 0.279297 0.671875 0.281250 0.671875 0.283203 0.673828 0.283203 0.675781 0.281250 0.675781 0.277344
0 0.351562 0.296875 0.349609 0.298828 0.349609 0.300781 0.345703 0.304688 0.345703 0.306641 0.347656 0.308594 0.351562 0.308594 0.353516 0.306641 0.353516 0.300781 0.351562 0.298828
0 0.720703 0.300781 0.718750 0.302734 0.718750 0.306641 0.720703 0.308594 0.724609 0.308594 0.726562 0.306641 0.726562 0.304688 0.722656 0.300781
0 0.591797 0.306641 0.589844 0.308594 0.589844 0.310547 0.591797 0.312500 0.593750 0.312500 0.595703 0.310547 0.595703 0.308594 0.593750 0.306641
0 0.910156 0.312500 0.908203 0.310547 0.906250 0.312500 0.906250 0.314453 0.910156 0.314453
0 0.980469 0.328125 0.978516 0.330078 0.978516 0.332031 0.982422 0.335938 0.984375 0.335938 0.986328 0.333984 0.986328 0.330078 0.984375 0.328125
0 0.312500 0.332031 0.312500 0.333984 0.314453 0.335938 0.316406 0.335938 0.316406 0.332031
0 0.300781 0.335938 0.300781 0.337891 0.296875 0.341797 0.298828 0.343750 0.304688 0.343750 0.306641 0.341797 0.306641 0.339844 0.302734 0.335938
0 0.951172 0.341797 0.951172 0.343750 0.949219 0.345703 0.949219 0.347656 0.953125 0.351562 0.955078 0.351562 0.958984 0.355469 0.960938 0.355469 0.962891 0.353516 0.964844 0.353516 0.964844 0.351562 0.966797 0.349609 0.960938 0.343750 0.957031 0.343750 0.955078 0.341797
0 0.740234 0.347656 0.738281 0.347656 0.736328 0.345703 0.734375 0.347656 0.732422 0.347656 0.732422 0.351562 0.734375 0.353516 0.738281 0.353516 0.740234 0.351562
0 0.923828 0.365234 0.919922 0.365234 0.914062 0.371094 0.914062 0.380859 0.916016 0.382812 0.921875 0.382812 0.925781 0.378906 0.925781 0.375000 0.927734 0.373047 0.927734 0.371094 0.925781 0.369141 0.925781 0.367188
0 0.316406 0.373047 0.316406 0.376953 0.318359 0.378906 0.320312 0.376953 0.320312 0.375000 0.318359 0.373047
0 0.408203 0.373047 0.402344 0.378906 0.402344 0.380859 0.408203 0.386719 0.410156 0.386719 0.414062 0.382812 0.414062 0.380859 0.408203 0.375000
0 0.732422 0.384766 0.730469 0.386719 0.730469 0.392578 0.732422 0.394531 0.738281 0.394531 0.742188 0.390625 0.742188 0.384766
0 0.513672 0.386719 0.511719 0.386719 0.509766 0.388672 0.509766 0.390625 0.511719 0.392578 0.513672 0.390625 0.515625 0.390625 0.515625 0.388672
0 0.226562 0.402344 0.226562 0.404297 0.228516 0.406250 0.230469 0.406250 0.232422 0.404297 0.234375 0.404297 0.230469 0.400391 0.228516 0.400391
0 0.623047 0.400391 0.621094 0.400391 0.619141 0.402344 0.619141 0.406250 0.623047 0.406250 0.625000 0.404297 0.623047 0.402344
0 0.683594 0.402344 0.681641 0.404297 0.681641 0.406250 0.683594 0.408203 0.687500 0.408203 0.685547 0.406250 0.685547 0.404297
0 0.419922 0.408203 0.417969 0.410156 0.417969 0.412109 0.419922 0.414062 0.423828 0.414062 0.425781 0.412109 0.425781 0.410156 0.423828 0.408203
0 0.433594 0.406250 0.431641 0.408203 0.431641 0.410156 0.433594 0.412109 0.435547 0.412109 0.437500 0.410156 0.437500 0.408203 0.435547 0.406250
0 0.449219 0.417969 0.443359 0.421875 0.437500 0.421875 0.433594 0.425781 0.427734 0.421875 0.423828 0.423828 0.427734 0.431641 0.427734 0.441406 0.439453 0.449219 0.445312 0.445312 0.449219 0.445312 0.453125 0.441406 0.453125 0.435547 0.449219 0.429688 0.453125 0.421875
0 0.382812 0.421875 0.380859 0.421875 0.378906 0.425781 0.371094 0.425781 0.361328 0.431641 0.361328 0.435547 0.359375 0.437500 0.361328 0.441406 0.361328 0.451172 0.365234 0.451172 0.371094 0.455078 0.378906 0.455078 0.386719 0.449219 0.386719 0.445312 0.388672 0.443359 0.386719 0.439453 0.388672 0.431641 0.380859 0.427734 0.380859 0.423828
1 0.275391 0.429688 0.273438 0.429688 0.271484 0.431641 0.273438 0.433594 0.267578 0.439453 0.267578 0.443359 0.271484 0.443359 0.271484 0.437500 0.273438 0.435547 0.277344 0.435547 0.277344 0.431641
0 0.496094 0.433594 0.492188 0.433594 0.484375 0.441406 0.482422 0.439453 0.484375 0.441406 0.484375 0.445312 0.486328 0.447266 0.494141 0.447266 0.496094 0.445312 0.496094 0.443359 0.498047 0.441406 0.498047 0.435547
1 0.699219 0.435547 0.699219 0.439453 0.701172 0.441406 0.705078 0.441406 0.710938 0.447266 0.714844 0.447266 0.716797 0.445312 0.716797 0.437500 0.708984 0.437500 0.707031 0.435547 0.705078 0.435547 0.703125 0.433594 0.701172 0.433594
0 0.896484 0.468750 0.894531 0.470703 0.894531 0.476562 0.896484 0.476562 0.898438 0.478516 0.900391 0.478516 0.904297 0.474609 0.904297 0.472656 0.902344 0.470703 0.900391 0.470703 0.898438 0.468750
0 0.738281 0.474609 0.734375 0.474609 0.734375 0.478516 0.736328 0.478516 0.738281 0.476562
0 0.511719 0.476562 0.507812 0.480469 0.507812 0.484375 0.509766 0.486328 0.515625 0.486328 0.517578 0.484375 0.517578 0.480469 0.513672 0.476562
0 0.558594 0.494141 0.550781 0.500000 0.550781 0.513672 0.548828 0.515625 0.550781 0.515625 0.556641 0.521484 0.564453 0.521484 0.568359 0.517578 0.570312 0.517578 0.570312 0.513672 0.574219 0.507812 0.574219 0.503906 0.572266 0.500000 0.566406 0.494141
0 0.761719 0.494141 0.763672 0.496094 0.761719 0.498047 0.761719 0.500000 0.763672 0.500000 0.765625 0.501953 0.767578 0.501953 0.769531 0.500000 0.769531 0.498047 0.767578 0.496094 0.765625 0.496094 0.763672 0.494141
0 0.412109 0.496094 0.404297 0.503906 0.402344 0.507812 0.402344 0.519531 0.406250 0.523438 0.408203 0.523438 0.414062 0.529297 0.414062 0.531250 0.417969 0.527344 0.419922 0.529297 0.427734 0.517578 0.427734 0.509766 0.421875 0.500000 0.414062 0.498047
0 0.507812 0.509766 0.507812 0.513672 0.511719 0.513672 0.513672 0.511719 0.513672 0.509766
0 0.533203 0.507812 0.531250 0.509766 0.531250 0.511719 0.533203 0.513672 0.535156 0.513672 0.535156 0.509766
0 0.265625 0.513672 0.267578 0.515625 0.269531 0.513672
0 0.335938 0.513672 0.335938 0.515625 0.337891 0.517578 0.339844 0.517578 0.341797 0.515625 0.341797 0.513672
0 0.500000 0.517578 0.500000 0.519531 0.501953 0.521484 0.505859 0.521484 0.507812 0.519531 0.505859 0.517578
0 0.275391 0.521484 0.273438 0.523438 0.273438 0.525391 0.275391 0.527344 0.277344 0.525391 0.277344 0.523438
0 0.642578 0.521484 0.640625 0.519531 0.638672 0.519531 0.636719 0.521484 0.636719 0.525391 0.640625 0.525391 0.642578 0.523438
0 0.734375 0.521484 0.732422 0.523438 0.732422 0.525391 0.730469 0.527344 0.732422 0.529297 0.732422 0.531250 0.740234 0.531250 0.744141 0.527344 0.744141 0.523438 0.742188 0.521484
0 0.900391 0.529297 0.900391 0.531250 0.898438 0.533203 0.898438 0.537109 0.902344 0.541016 0.906250 0.541016 0.908203 0.539062 0.908203 0.531250 0.906250 0.529297
0 0.642578 0.531250 0.640625 0.533203 0.640625 0.537109 0.644531 0.541016 0.648438 0.541016 0.648438 0.539062 0.650391 0.537109 0.650391 0.535156 0.646484 0.531250
1 0.759766 0.548828 0.755859 0.552734 0.761719 0.558594 0.755859 0.564453 0.757812 0.566406 0.757812 0.568359 0.763672 0.568359 0.763672 0.566406 0.765625 0.564453 0.765625 0.554688
0 0.992188 0.546875 0.988281 0.550781 0.988281 0.552734 0.990234 0.554688 0.990234 0.556641 0.996094 0.556641 0.996094 0.548828 0.994141 0.546875
0 0.505859 0.550781 0.503906 0.552734 0.503906 0.562500 0.505859 0.564453 0.511719 0.564453 0.515625 0.560547 0.515625 0.556641 0.513672 0.554688 0.513672 0.552734 0.511719 0.552734 0.509766 0.550781
0 0.537109 0.566406 0.535156 0.568359 0.531250 0.568359 0.531250 0.570312 0.529297 0.572266 0.529297 0.576172 0.531250 0.578125 0.531250 0.580078 0.539062 0.580078 0.539062 0.578125 0.541016 0.576172 0.541016 0.574219 0.542969 0.572266
0 0.621094 0.566406 0.619141 0.566406 0.617188 0.568359 0.617188 0.570312 0.621094 0.570312
0 0.628906 0.566406 0.628906 0.570312 0.632812 0.570312 0.632812 0.568359 0.630859 0.566406
0 0.464844 0.570312 0.458984 0.576172 0.462891 0.580078 0.468750 0.580078 0.470703 0.578125 0.470703 0.572266 0.468750 0.570312
0 0.517578 0.578125 0.513672 0.578125 0.511719 0.580078 0.511719 0.582031 0.515625 0.585938 0.517578 0.583984 0.517578 0.582031 0.519531 0.580078
0 0.806641 0.578125 0.802734 0.582031 0.802734 0.585938 0.806641 0.589844 0.810547 0.589844 0.814453 0.585938 0.814453 0.580078 0.812500 0.578125
0 0.216797 0.583984 0.214844 0.585938 0.214844 0.589844 0.216797 0.589844 0.218750 0.591797 0.220703 0.591797 0.222656 0.589844 0.222656 0.585938 0.220703 0.583984
0 0.755859 0.582031 0.753906 0.583984 0.753906 0.591797 0.757812 0.595703 0.765625 0.595703 0.765625 0.593750 0.767578 0.591797 0.767578 0.585938 0.763672 0.582031
0 0.785156 0.582031 0.783203 0.583984 0.783203 0.585938 0.781250 0.587891 0.783203 0.587891 0.785156 0.589844 0.787109 0.589844 0.789062 0.587891 0.789062 0.583984 0.787109 0.582031
0 0.859375 0.587891 0.855469 0.591797 0.855469 0.593750 0.853516 0.595703 0.857422 0.599609 0.859375 0.599609 0.865234 0.593750
0 0.505859 0.593750 0.503906 0.595703 0.501953 0.595703 0.501953 0.597656 0.500000 0.599609 0.500000 0.603516 0.503906 0.603516 0.503906 0.601562 0.505859 0.599609 0.507812 0.601562 0.507812 0.597656 0.505859 0.595703
0 0.806641 0.595703 0.804688 0.597656 0.804688 0.601562 0.806641 0.603516 0.808594 0.603516 0.810547 0.601562 0.810547 0.597656 0.808594 0.595703
1 0.441406 0.597656 0.439453 0.599609 0.435547 0.599609 0.433594 0.601562 0.433594 0.611328 0.435547 0.613281 0.437500 0.613281 0.437500 0.609375 0.441406 0.605469 0.441406 0.603516 0.443359 0.601562 0.443359 0.599609
0 0.519531 0.603516 0.521484 0.611328 0.525391 0.611328 0.533203 0.619141 0.531250 0.623047 0.535156 0.621094 0.546875 0.632812 0.548828 0.630859 0.550781 0.632812 0.558594 0.632812 0.566406 0.623047 0.566406 0.615234 0.562500 0.607422 0.558594 0.605469 0.541016 0.607422 0.523438 0.597656
0 0.220703 0.605469 0.218750 0.607422 0.218750 0.609375 0.220703 0.611328 0.222656 0.609375 0.224609 0.609375 0.224609 0.607422 0.222656 0.607422
0 0.277344 0.621094 0.275391 0.623047 0.273438 0.623047 0.273438 0.626953 0.275391 0.628906 0.277344 0.628906 0.279297 0.626953 0.279297 0.623047
1 0.421875 0.621094 0.419922 0.623047 0.417969 0.623047 0.417969 0.625000 0.414062 0.628906 0.414062 0.632812 0.416016 0.634766 0.414062 0.640625 0.416016 0.640625 0.417969 0.642578 0.417969 0.644531 0.423828 0.644531 0.425781 0.642578 0.425781 0.636719 0.423828 0.634766 0.423828 0.632812 0.425781 0.630859 0.425781 0.623047 0.423828 0.623047
0 0.585938 0.623047 0.585938 0.626953 0.587891 0.628906 0.587891 0.634766 0.589844 0.636719 0.587891 0.638672 0.589844 0.638672 0.591797 0.640625 0.599609 0.640625 0.601562 0.638672 0.601562 0.632812 0.599609 0.630859 0.599609 0.625000 0.595703 0.621094 0.589844 0.621094 0.587891 0.623047
1 0.431641 0.625000 0.431641 0.626953 0.433594 0.626953 0.435547 0.628906 0.439453 0.628906 0.441406 0.630859 0.447266 0.630859 0.447266 0.628906 0.445312 0.628906 0.441406 0.625000
0 0.953125 0.628906 0.949219 0.632812 0.949219 0.640625 0.957031 0.640625 0.958984 0.638672 0.958984 0.634766
0 0.316406 0.632812 0.312500 0.632812 0.308594 0.636719 0.310547 0.638672 0.310547 0.640625 0.312500 0.640625 0.314453 0.642578 0.314453 0.644531 0.320312 0.638672 0.316406 0.634766
0 0.701172 0.634766 0.701172 0.640625 0.703125 0.640625 0.705078 0.642578 0.707031 0.642578 0.708984 0.640625 0.708984 0.636719 0.707031 0.634766
0 0.246094 0.642578 0.242188 0.646484 0.244141 0.648438 0.246094 0.648438 0.248047 0.650391 0.248047 0.644531
0 0.841797 0.642578 0.839844 0.644531 0.839844 0.646484 0.841797 0.648438 0.845703 0.648438 0.845703 0.644531 0.843750 0.642578
0 0.927734 0.640625 0.929688 0.642578 0.927734 0.644531 0.925781 0.644531 0.927734 0.646484 0.925781 0.648438 0.923828 0.648438 0.923828 0.650391 0.925781 0.652344 0.925781 0.654297 0.927734 0.656250 0.929688 0.656250 0.931641 0.654297 0.933594 0.654297 0.935547 0.652344 0.935547 0.646484 0.933594 0.644531 0.933594 0.642578 0.931641 0.642578 0.929688 0.640625
0 0.152344 0.646484 0.148438 0.650391 0.152344 0.654297 0.154297 0.654297 0.156250 0.652344 0.156250 0.648438 0.154297 0.646484
1 0.257812 0.648438 0.255859 0.650391 0.255859 0.652344 0.257812 0.654297
1 0.314453 0.656250 0.310547 0.652344 0.302734 0.652344 0.300781 0.654297 0.298828 0.654297 0.292969 0.660156 0.291016 0.660156 0.289062 0.662109 0.289062 0.664062 0.291016 0.666016 0.292969 0.666016 0.298828 0.662109 0.300781 0.664062 0.302734 0.664062 0.304688 0.662109 0.306641 0.664062 0.310547 0.664062 0.314453 0.660156
1 0.222656 0.664062 0.222656 0.675781 0.224609 0.677734 0.226562 0.675781 0.234375 0.683594 0.236328 0.683594 0.238281 0.681641 0.238281 0.675781 0.236328 0.673828 0.230469 0.673828 0.226562 0.667969 0.226562 0.664062
1 0.445312 0.666016 0.443359 0.667969 0.443359 0.673828 0.445312 0.675781 0.447266 0.675781 0.449219 0.677734 0.449219 0.681641 0.451172 0.683594 0.457031 0.683594 0.458984 0.685547 0.458984 0.679688 0.457031 0.677734 0.449219 0.677734 0.447266 0.675781 0.449219 0.673828 0.449219 0.671875 0.451172 0.669922 0.449219 0.669922 0.447266 0.667969 0.447266 0.666016
0 0.810547 0.664062 0.808594 0.666016 0.808594 0.673828 0.810547 0.675781 0.810547 0.677734 0.814453 0.677734 0.818359 0.673828 0.818359 0.667969 0.814453 0.664062
0 0.580078 0.669922 0.578125 0.671875 0.580078 0.673828 0.580078 0.675781 0.583984 0.675781 0.585938 0.673828 0.582031 0.669922
0 0.625000 0.667969 0.623047 0.669922 0.619141 0.667969 0.603516 0.675781 0.605469 0.677734 0.603516 0.679688 0.605469 0.681641 0.605469 0.687500 0.609375 0.691406 0.609375 0.693359 0.611328 0.691406 0.613281 0.693359 0.617188 0.693359 0.621094 0.689453 0.621094 0.681641 0.619141 0.679688 0.623047 0.677734 0.623047 0.675781 0.626953 0.671875
1 0.351562 0.679688 0.349609 0.681641 0.349609 0.683594 0.351562 0.685547 0.355469 0.685547 0.359375 0.689453 0.361328 0.687500 0.359375 0.685547 0.359375 0.683594 0.357422 0.681641 0.355469 0.681641 0.353516 0.679688
0 0.287109 0.687500 0.283203 0.687500 0.277344 0.693359 0.277344 0.695312 0.283203 0.701172 0.285156 0.701172 0.287109 0.699219 0.289062 0.699219 0.289062 0.697266 0.291016 0.695312 0.291016 0.693359 0.289062 0.691406 0.289062 0.689453
0 0.353516 0.689453 0.353516 0.691406 0.351562 0.693359 0.351562 0.695312 0.353516 0.697266 0.355469 0.695312 0.355469 0.693359 0.353516 0.691406
0 0.666016 0.691406 0.664062 0.693359 0.664062 0.695312 0.666016 0.697266 0.667969 0.697266 0.669922 0.695312 0.669922 0.693359 0.667969 0.691406
0 0.537109 0.701172 0.539062 0.703125 0.539062 0.705078 0.541016 0.705078 0.542969 0.703125 0.542969 0.701172
0 0.435547 0.703125 0.435547 0.707031 0.437500 0.707031 0.439453 0.708984 0.441406 0.708984 0.443359 0.707031 0.443359 0.705078 0.441406 0.703125
1 0.490234 0.707031 0.486328 0.703125 0.480469 0.708984 0.476562 0.705078 0.468750 0.705078 0.468750 0.707031 0.464844 0.710938 0.464844 0.714844 0.468750 0.718750 0.476562 0.718750 0.482422 0.712891 0.484375 0.712891 0.486328 0.714844 0.490234 0.710938
0 0.689453 0.705078 0.685547 0.705078 0.683594 0.707031 0.683594 0.708984 0.681641 0.710938 0.681641 0.714844 0.683594 0.716797 0.687500 0.716797 0.691406 0.712891 0.691406 0.707031
0 0.451172 0.708984 0.449219 0.710938 0.449219 0.712891 0.451172 0.714844 0.455078 0.714844 0.457031 0.712891 0.457031 0.708984
0 0.621094 0.710938 0.617188 0.714844 0.617188 0.720703 0.619141 0.722656 0.625000 0.722656 0.626953 0.720703 0.626953 0.712891 0.625000 0.710938
0 0.664062 0.710938 0.662109 0.712891 0.662109 0.716797 0.667969 0.716797 0.669922 0.714844 0.669922 0.712891 0.667969 0.710938
0 0.511719 0.718750 0.511719 0.720703 0.509766 0.722656 0.509766 0.724609 0.507812 0.726562 0.513672 0.726562 0.515625 0.728516 0.517578 0.726562 0.517578 0.722656 0.513672 0.718750
0 0.791016 0.720703 0.789062 0.722656 0.789062 0.724609 0.791016 0.726562 0.792969 0.726562 0.794922 0.724609 0.794922 0.722656 0.792969 0.720703
0 0.912109 0.718750 0.908203 0.722656 0.908203 0.724609 0.906250 0.726562 0.910156 0.730469 0.910156 0.732422 0.914062 0.736328 0.919922 0.736328 0.923828 0.732422 0.923828 0.724609 0.921875 0.722656 0.921875 0.720703 0.919922 0.720703 0.917969 0.718750
0 0.429688 0.724609 0.427734 0.724609 0.425781 0.726562 0.425781 0.728516 0.427734 0.730469 0.429688 0.728516
0 0.566406 0.724609 0.562500 0.724609 0.560547 0.726562 0.558594 0.726562 0.558594 0.728516 0.560547 0.730469 0.564453 0.730469 0.566406 0.728516
0 0.765625 0.726562 0.759766 0.732422 0.759766 0.740234 0.761719 0.742188 0.761719 0.744141 0.767578 0.750000 0.773438 0.750000 0.775391 0.748047 0.777344 0.750000 0.777344 0.744141 0.779297 0.742188 0.779297 0.738281 0.777344 0.736328 0.777344 0.732422 0.771484 0.726562
0 0.500000 0.734375 0.498047 0.736328 0.496094 0.736328 0.496094 0.738281 0.494141 0.740234 0.492188 0.740234 0.492188 0.742188 0.496094 0.746094 0.498047 0.744141 0.500000 0.744141 0.501953 0.742188 0.501953 0.738281 0.500000 0.736328
0 0.539062 0.734375 0.529297 0.734375 0.525391 0.742188 0.513672 0.742188 0.509766 0.750000 0.519531 0.757812 0.519531 0.761719 0.515625 0.765625 0.517578 0.773438 0.521484 0.773438 0.527344 0.765625 0.531250 0.767578 0.535156 0.763672 0.535156 0.757812 0.529297 0.748047 0.533203 0.746094 0.539062 0.750000 0.544922 0.746094 0.542969 0.744141 0.544922 0.742188
0 0.464844 0.751953 0.464844 0.753906 0.466797 0.755859 0.470703 0.755859 0.472656 0.757812 0.474609 0.755859 0.476562 0.755859 0.478516 0.757812 0.484375 0.755859 0.486328 0.757812 0.486328 0.753906 0.488281 0.751953 0.488281 0.748047 0.484375 0.744141 0.474609 0.744141 0.472656 0.746094 0.468750 0.746094 0.468750 0.748047
0 0.556641 0.748047 0.554688 0.750000 0.554688 0.753906 0.560547 0.759766 0.560547 0.763672 0.558594 0.765625 0.560547 0.765625 0.560547 0.763672 0.566406 0.757812 0.566406 0.751953 0.562500 0.748047
0 0.615234 0.751953 0.613281 0.753906 0.613281 0.757812 0.615234 0.759766 0.617188 0.759766 0.621094 0.755859 0.619141 0.755859 0.617188 0.753906 0.617188 0.751953
0 0.998047 0.755859 0.996094 0.757812 0.994141 0.757812 0.992188 0.759766 0.992188 0.761719 0.994141 0.763672 0.998047 0.763672
0 0.707031 0.759766 0.699219 0.759766 0.695312 0.763672 0.695312 0.771484 0.699219 0.775391 0.703125 0.775391 0.705078 0.773438 0.707031 0.773438 0.708984 0.771484 0.708984 0.769531 0.710938 0.767578 0.710938 0.763672
0 0.804688 0.757812 0.804688 0.763672 0.806641 0.765625 0.806641 0.769531 0.810547 0.773438 0.812500 0.771484 0.816406 0.771484 0.818359 0.769531 0.818359 0.765625 0.820312 0.763672 0.814453 0.757812 0.810547 0.757812 0.808594 0.759766 0.806641 0.759766
1 0.628906 0.769531 0.626953 0.771484 0.628906 0.773438 0.628906 0.775391 0.632812 0.779297 0.632812 0.781250 0.636719 0.785156 0.638672 0.783203 0.638672 0.777344 0.634766 0.773438 0.634766 0.771484 0.632812 0.769531
0 0.582031 0.779297 0.578125 0.777344 0.572266 0.781250 0.568359 0.779297 0.562500 0.779297 0.562500 0.785156 0.564453 0.787109 0.570312 0.787109 0.572266 0.789062 0.572266 0.791016 0.564453 0.796875 0.564453 0.800781 0.566406 0.802734 0.570312 0.802734 0.576172 0.796875 0.580078 0.796875 0.587891 0.792969 0.587891 0.789062
0 0.955078 0.785156 0.953125 0.787109 0.953125 0.789062 0.951172 0.791016 0.951172 0.794922 0.960938 0.794922 0.960938 0.791016 0.962891 0.789062 0.962891 0.785156
0 0.417969 0.789062 0.416016 0.791016 0.416016 0.796875 0.417969 0.798828 0.417969 0.800781 0.425781 0.800781 0.427734 0.798828 0.427734 0.791016 0.425781 0.789062
0 0.804688 0.802734 0.802734 0.804688 0.806641 0.808594 0.808594 0.806641 0.808594 0.804688 0.806641 0.802734
0 0.400391 0.806641 0.398438 0.808594 0.400391 0.810547 0.402344 0.808594
0 0.474609 0.806641 0.470703 0.812500 0.470703 0.824219 0.476562 0.837891 0.472656 0.841797 0.474609 0.843750 0.472656 0.849609 0.476562 0.853516 0.494141 0.855469 0.503906 0.847656 0.509766 0.857422 0.513672 0.845703 0.507812 0.841797 0.505859 0.845703 0.501953 0.843750 0.501953 0.837891 0.496094 0.828125 0.494141 0.810547 0.482422 0.804688
0 0.888672 0.806641 0.884766 0.810547 0.884766 0.816406 0.882812 0.818359 0.890625 0.828125 0.892578 0.826172 0.900391 0.826172 0.900391 0.824219 0.902344 0.822266 0.902344 0.812500 0.898438 0.808594 0.896484 0.808594 0.894531 0.806641
0 0.914062 0.808594 0.916016 0.810547 0.914062 0.812500 0.914062 0.814453 0.916016 0.816406 0.919922 0.812500 0.916016 0.808594
0 0.570312 0.814453 0.566406 0.818359 0.560547 0.818359 0.544922 0.826172 0.546875 0.828125 0.542969 0.835938 0.544922 0.843750 0.542969 0.847656 0.556641 0.861328 0.564453 0.865234 0.578125 0.865234 0.589844 0.857422 0.587891 0.855469 0.591797 0.851562 0.593750 0.832031 0.589844 0.830078 0.591797 0.828125
0 0.800781 0.814453 0.800781 0.820312 0.810547 0.824219 0.808594 0.826172 0.810547 0.828125 0.810547 0.835938 0.820312 0.843750 0.826172 0.845703 0.828125 0.843750 0.830078 0.845703 0.843750 0.837891 0.847656 0.832031 0.847656 0.824219 0.843750 0.818359 0.832031 0.812500 0.826172 0.812500 0.814453 0.818359 0.806641 0.812500
0 0.232422 0.835938 0.230469 0.837891 0.232422 0.839844 0.232422 0.841797 0.234375 0.839844 0.234375 0.837891
0 0.433594 0.841797 0.425781 0.841797 0.425781 0.849609 0.429688 0.849609 0.431641 0.847656 0.431641 0.843750
0 0.443359 0.853516 0.439453 0.853516 0.435547 0.857422 0.435547 0.863281 0.437500 0.865234 0.439453 0.865234 0.441406 0.863281 0.441406 0.859375 0.443359 0.857422
0 0.849609 0.853516 0.847656 0.853516 0.845703 0.855469 0.843750 0.855469 0.839844 0.859375 0.839844 0.867188 0.843750 0.871094 0.849609 0.871094 0.853516 0.867188 0.853516 0.865234 0.855469 0.863281 0.853516 0.861328 0.853516 0.857422
0 0.988281 0.861328 0.980469 0.869141 0.980469 0.875000 0.984375 0.878906 0.984375 0.880859 0.986328 0.882812 0.996094 0.882812 0.998047 0.880859 0.998047 0.865234 0.996094 0.863281 0.992188 0.863281 0.990234 0.861328
0 0.308594 0.863281 0.306641 0.865234 0.308594 0.867188 0.310547 0.865234
0 0.521484 0.865234 0.519531 0.867188 0.519531 0.871094 0.521484 0.873047 0.523438 0.873047 0.525391 0.871094 0.525391 0.867188 0.523438 0.865234
0 0.748047 0.871094 0.742188 0.878906 0.742188 0.888672 0.746094 0.892578 0.748047 0.892578 0.755859 0.900391 0.755859 0.902344 0.761719 0.898438 0.761719 0.892578 0.759766 0.890625 0.761719 0.888672 0.759766 0.886719 0.759766 0.880859 0.761719 0.878906 0.763672 0.880859 0.759766 0.875000 0.751953 0.871094
0 0.908203 0.875000 0.904297 0.876953 0.896484 0.888672 0.898438 0.890625 0.896484 0.892578 0.896484 0.898438 0.904297 0.910156 0.919922 0.912109 0.927734 0.906250 0.929688 0.902344 0.929688 0.890625 0.931641 0.888672 0.925781 0.878906 0.917969 0.875000
0 0.320312 0.878906 0.318359 0.880859 0.318359 0.882812 0.320312 0.884766 0.322266 0.882812 0.322266 0.880859
1 0.396484 0.880859 0.394531 0.882812 0.394531 0.884766 0.400391 0.890625 0.398438 0.892578 0.398438 0.894531 0.402344 0.898438 0.404297 0.898438 0.408203 0.892578 0.404297 0.888672 0.400391 0.888672 0.398438 0.886719 0.400391 0.884766 0.400391 0.882812 0.398438 0.880859
0 0.667969 0.882812 0.664062 0.886719 0.664062 0.898438 0.667969 0.902344 0.667969 0.904297 0.673828 0.904297 0.675781 0.906250 0.677734 0.904297 0.679688 0.904297 0.679688 0.902344 0.677734 0.900391 0.677734 0.896484 0.679688 0.894531 0.679688 0.892578 0.677734 0.890625 0.677734 0.886719 0.675781 0.884766 0.673828 0.884766 0.671875 0.882812
0 0.806641 0.888672 0.802734 0.892578 0.802734 0.896484 0.800781 0.898438 0.800781 0.900391 0.802734 0.902344 0.802734 0.906250 0.808594 0.914062 0.816406 0.914062 0.822266 0.908203 0.822266 0.898438 0.818359 0.894531 0.816406 0.888672
0 0.701172 0.890625 0.701172 0.892578 0.699219 0.894531 0.699219 0.898438 0.703125 0.902344 0.708984 0.902344 0.712891 0.898438 0.712891 0.896484 0.710938 0.894531 0.710938 0.892578 0.708984 0.890625
0 0.335938 0.896484 0.333984 0.898438 0.332031 0.898438 0.332031 0.902344 0.333984 0.904297 0.335938 0.904297 0.337891 0.902344 0.337891 0.900391 0.335938 0.898438
0 0.373047 0.896484 0.371094 0.898438 0.371094 0.900391 0.373047 0.902344 0.375000 0.902344 0.376953 0.904297 0.376953 0.898438 0.375000 0.896484
0 0.429688 0.896484 0.425781 0.900391 0.425781 0.904297 0.423828 0.906250 0.423828 0.908203 0.427734 0.914062 0.433594 0.914062 0.433594 0.912109 0.435547 0.910156 0.433594 0.908203 0.437500 0.902344 0.435547 0.904297 0.433594 0.902344 0.433594 0.898438 0.431641 0.896484
0 0.529297 0.898438 0.529297 0.904297 0.535156 0.904297 0.537109 0.906250 0.537109 0.904297 0.539062 0.902344 0.539062 0.900391 0.535156 0.896484 0.533203 0.896484 0.531250 0.898438
1 0.998047 0.898438 0.990234 0.902344 0.992188 0.904297 0.990234 0.906250 0.990234 0.916016 0.992188 0.917969 0.984375 0.925781 0.986328 0.929688 0.980469 0.935547 0.978516 0.941406 0.980469 0.962891 0.986328 0.960938 0.992188 0.955078 0.998047 0.955078
0 0.552734 0.904297 0.552734 0.908203 0.550781 0.910156 0.550781 0.916016 0.558594 0.923828 0.570312 0.923828 0.574219 0.919922 0.576172 0.919922 0.574219 0.917969 0.576172 0.916016 0.574219 0.914062 0.574219 0.908203 0.570312 0.902344 0.554688 0.902344
0 0.884766 0.902344 0.882812 0.904297 0.882812 0.910156 0.884766 0.912109 0.890625 0.912109 0.892578 0.910156 0.892578 0.906250 0.888672 0.902344
0 0.396484 0.906250 0.396484 0.910156 0.398438 0.912109 0.400391 0.912109 0.402344 0.910156 0.402344 0.908203 0.400391 0.906250
0 0.951172 0.910156 0.949219 0.912109 0.947266 0.912109 0.943359 0.916016 0.941406 0.921875 0.943359 0.923828 0.943359 0.925781 0.947266 0.929688 0.953125 0.931641 0.955078 0.929688 0.958984 0.929688 0.962891 0.925781 0.962891 0.921875 0.964844 0.919922 0.960938 0.914062 0.958984 0.914062 0.957031 0.912109 0.953125 0.912109
0 0.617188 0.914062 0.613281 0.914062 0.611328 0.916016 0.609375 0.916016 0.605469 0.919922 0.607422 0.921875 0.607422 0.923828 0.611328 0.927734 0.615234 0.927734 0.619141 0.923828 0.619141 0.916016
0 0.720703 0.914062 0.718750 0.914062 0.712891 0.919922 0.710938 0.919922 0.712891 0.921875 0.710938 0.923828 0.710938 0.925781 0.716797 0.931641 0.720703 0.931641 0.722656 0.929688 0.724609 0.929688 0.728516 0.923828 0.726562 0.921875 0.726562 0.919922
0 0.851562 0.917969 0.849609 0.919922 0.849609 0.923828 0.851562 0.925781 0.853516 0.925781 0.855469 0.923828 0.855469 0.919922 0.853516 0.919922
0 0.375000 0.931641 0.375000 0.935547 0.378906 0.935547 0.378906 0.931641
0 0.781250 0.931641 0.781250 0.935547 0.777344 0.939453 0.777344 0.947266 0.779297 0.949219 0.779297 0.951172 0.783203 0.955078 0.787109 0.955078 0.791016 0.951172 0.791016 0.945312 0.789062 0.943359 0.789062 0.935547 0.787109 0.933594
0 0.160156 0.939453 0.160156 0.941406 0.162109 0.941406 0.162109 0.939453
0 0.625000 0.945312 0.621094 0.941406 0.617188 0.941406 0.613281 0.943359 0.613281 0.945312 0.609375 0.949219 0.599609 0.949219 0.593750 0.955078 0.595703 0.964844 0.597656 0.966797 0.607422 0.968750 0.615234 0.958984 0.621094 0.958984 0.625000 0.955078 0.626953 0.951172 0.625000 0.949219
0 0.759766 0.947266 0.759766 0.955078 0.763672 0.958984 0.769531 0.958984 0.773438 0.955078 0.773438 0.949219 0.769531 0.945312 0.763672 0.945312 0.761719 0.947266
1 0.957031 0.947266 0.955078 0.951172 0.962891 0.955078 0.958984 0.958984 0.960938 0.960938 0.960938 0.972656 0.968750 0.980469 0.968750 0.988281 0.974609 0.992188 0.984375 0.990234 0.990234 0.984375 0.986328 0.970703 0.972656 0.968750 0.968750 0.957031 0.962891 0.955078 0.960938 0.949219
0 0.445312 0.949219 0.441406 0.949219 0.439453 0.951172 0.437500 0.951172 0.437500 0.953125 0.435547 0.955078 0.435547 0.964844 0.437500 0.966797 0.443359 0.966797 0.449219 0.960938 0.449219 0.953125
0 0.537109 0.955078 0.535156 0.953125 0.533203 0.955078 0.533203 0.957031 0.537109 0.957031
0 0.531250 0.970703 0.531250 0.972656 0.533203 0.974609 0.537109 0.974609 0.539062 0.972656 0.541016 0.972656 0.541016 0.970703 0.537109 0.966797 0.533203 0.966797 0.533203 0.968750
0 0.482422 0.970703 0.478516 0.976562 0.478516 0.988281 0.480469 0.990234 0.478516 0.992188 0.480469 0.994141 0.480469 0.998047 0.503906 0.998047 0.505859 0.994141 0.505859 0.982422 0.501953 0.974609 0.500000 0.974609 0.494141 0.968750 0.486328 0.968750
0 0.525391 0.986328 0.525391 0.992188 0.529297 0.998047 0.550781 0.998047 0.550781 0.990234 0.548828 0.988281 0.548828 0.984375 0.550781 0.980469 0.548828 0.978516 0.542969 0.982422 0.541016 0.980469 0.533203 0.980469 0.531250 0.978516 0.531250 0.980469
0 0.783203 0.988281 0.781250 0.986328 0.773438 0.986328 0.771484 0.988281 0.769531 0.988281 0.763672 0.994141 0.763672 0.996094 0.761719 0.998047 0.783203 0.998047
1 0.931641 0.998047 0.962891 0.998047 0.960938 0.996094 0.960938 0.992188 0.958984 0.992188 0.955078 0.986328 0.943359 0.986328 0.941406 0.988281 0.939453 0.988281
1 0.982422 0.998047 0.996094 0.998047 0.996094 0.996094 0.994141 0.994141 0.988281 0.994141 0.986328 0.996094 0.984375 0.996094
0 0.083984 0.025391 0.083984 0.029297 0.080078 0.029297 0.078125 0.027344 0.082031 0.023438
0 0.078125 0.027344 0.078125 0.031250 0.074219 0.031250 0.072266 0.029297 0.076172 0.025391
0 0.072266 0.033203 0.072266 0.037109 0.068359 0.037109 0.066406 0.035156 0.070312 0.031250
0 0.076172 0.044922 0.076172 0.048828 0.072266 0.048828 0.070312 0.046875 0.074219 0.042969
0 0.083984 0.044922 0.083984 0.048828 0.080078 0.048828 0.078125 0.046875 0.082031 0.042969
0 0.169922 0.138672 0.167969 0.138672 0.166016 0.140625 0.162109 0.140625 0.160156 0.138672 0.160156 0.132812 0.162109 0.130859 0.166016 0.130859 0.167969 0.132812 0.169922 0.132812
0 0.500000 0.140625 0.500000 0.144531 0.496094 0.144531 0.494141 0.142578 0.498047 0.138672
0 0.505859 0.142578 0.505859 0.146484 0.501953 0.146484 0.500000 0.144531 0.503906 0.140625
0 0.505859 0.148438 0.505859 0.152344 0.501953 0.152344 0.500000 0.150391 0.503906 0.146484
0 0.199219 0.154297 0.193359 0.160156 0.187500 0.160156 0.181641 0.154297 0.181641 0.148438 0.187500 0.142578 0.193359 0.142578 0.199219 0.148438
0 0.498047 0.150391 0.498047 0.154297 0.494141 0.154297 0.492188 0.152344 0.496094 0.148438
0 0.939453 0.150391 0.939453 0.154297 0.935547 0.154297 0.933594 0.152344 0.937500 0.148438
0 0.164062 0.160156 0.162109 0.160156 0.160156 0.162109 0.156250 0.162109 0.154297 0.160156 0.154297 0.154297 0.156250 0.152344 0.160156 0.152344 0.162109 0.154297 0.164062 0.154297
0 0.193359 0.160156 0.191406 0.160156 0.189453 0.162109 0.185547 0.162109 0.183594 0.160156 0.183594 0.154297 0.185547 0.152344 0.189453 0.152344 0.191406 0.154297 0.193359 0.154297
0 0.210938 0.162109 0.208984 0.162109 0.207031 0.164062 0.203125 0.164062 0.201172 0.162109 0.201172 0.156250 0.203125 0.154297 0.207031 0.154297 0.208984 0.156250 0.210938 0.156250
0 0.351562 0.164062 0.349609 0.164062 0.347656 0.166016 0.343750 0.166016 0.341797 0.164062 0.341797 0.158203 0.343750 0.156250 0.347656 0.156250 0.349609 0.158203 0.351562 0.158203
0 0.943359 0.166016 0.941406 0.166016 0.939453 0.167969 0.935547 0.167969 0.933594 0.166016 0.933594 0.160156 0.935547 0.158203 0.939453 0.158203 0.941406 0.160156 0.943359 0.160156
0 0.212891 0.167969 0.210938 0.167969 0.208984 0.169922 0.205078 0.169922 0.203125 0.167969 0.203125 0.162109 0.205078 0.160156 0.208984 0.160156 0.210938 0.162109 0.212891 0.162109
0 0.167969 0.167969 0.166016 0.169922 0.166016 0.171875 0.164062 0.173828 0.158203 0.173828 0.156250 0.171875 0.156250 0.169922 0.154297 0.167969 0.154297 0.166016 0.156250 0.164062 0.156250 0.162109 0.158203 0.160156 0.164062 0.160156 0.166016 0.162109 0.166016 0.164062 0.167969 0.166016
0 0.193359 0.169922 0.191406 0.169922 0.189453 0.171875 0.185547 0.171875 0.183594 0.169922 0.183594 0.164062 0.185547 0.162109 0.189453 0.162109 0.191406 0.164062 0.193359 0.164062
0 0.923828 0.169922 0.921875 0.169922 0.919922 0.171875 0.916016 0.171875 0.914062 0.169922 0.914062 0.164062 0.916016 0.162109 0.919922 0.162109 0.921875 0.164062 0.923828 0.164062
0 0.933594 0.167969 0.933594 0.171875 0.929688 0.171875 0.927734 0.169922 0.931641 0.166016
0 0.207031 0.175781 0.205078 0.175781 0.203125 0.177734 0.199219 0.177734 0.197266 0.175781 0.197266 0.169922 0.199219 0.167969 0.203125 0.167969 0.205078 0.169922 0.207031 0.169922
0 0.347656 0.173828 0.347656 0.177734 0.343750 0.177734 0.341797 0.175781 0.345703 0.171875
0 0.240234 0.197266 0.238281 0.197266 0.236328 0.199219 0.232422 0.199219 0.230469 0.197266 0.230469 0.191406 0.232422 0.189453 0.236328 0.189453 0.238281 0.191406 0.240234 0.191406
0 0.148438 0.195312 0.148438 0.199219 0.144531 0.199219 0.142578 0.197266 0.146484 0.193359
0 0.158203 0.199219 0.158203 0.203125 0.154297 0.203125 0.152344 0.201172 0.156250 0.197266
0 0.087891 0.201172 0.087891 0.205078 0.083984 0.205078 0.082031 0.203125 0.085938 0.199219
0 0.232422 0.201172 0.232422 0.205078 0.228516 0.205078 0.226562 0.203125 0.230469 0.199219
0 0.238281 0.207031 0.238281 0.210938 0.234375 0.210938 0.232422 0.208984 0.236328 0.205078
0 0.093750 0.208984 0.093750 0.212891 0.089844 0.212891 0.087891 0.210938 0.091797 0.207031
0 0.085938 0.210938 0.085938 0.214844 0.082031 0.214844 0.080078 0.212891 0.083984 0.208984
0 0.005859 0.216797 0.001953 0.216797 0.000000 0.214844 0.000000 0.212891 0.001953 0.210938 0.005859 0.212891
0 0.277344 0.218750 0.277344 0.222656 0.273438 0.222656 0.271484 0.220703 0.275391 0.216797
0 0.130859 0.224609 0.128906 0.224609 0.126953 0.226562 0.123047 0.226562 0.121094 0.224609 0.121094 0.218750 0.123047 0.216797 0.126953 0.216797 0.128906 0.218750 0.130859 0.218750
0 0.009766 0.222656 0.009766 0.226562 0.005859 0.226562 0.003906 0.224609 0.005859 0.222656 0.005859 0.220703
0 0.261719 0.226562 0.259766 0.226562 0.257812 0.228516 0.253906 0.228516 0.251953 0.226562 0.251953 0.220703 0.253906 0.218750 0.257812 0.218750 0.259766 0.220703 0.261719 0.220703
0 0.119141 0.226562 0.119141 0.230469 0.115234 0.230469 0.113281 0.228516 0.117188 0.224609
0 0.132812 0.228516 0.132812 0.232422 0.128906 0.232422 0.126953 0.230469 0.130859 0.226562
0 0.164062 0.232422 0.162109 0.232422 0.160156 0.234375 0.156250 0.234375 0.154297 0.232422 0.154297 0.226562 0.156250 0.224609 0.160156 0.224609 0.162109 0.226562 0.164062 0.226562
0 0.037109 0.234375 0.035156 0.234375 0.033203 0.236328 0.029297 0.236328 0.027344 0.234375 0.027344 0.228516 0.029297 0.226562 0.033203 0.226562 0.035156 0.228516 0.037109 0.228516
0 0.281250 0.234375 0.279297 0.234375 0.277344 0.236328 0.273438 0.236328 0.271484 0.234375 0.271484 0.228516 0.273438 0.226562 0.277344 0.226562 0.279297 0.228516 0.281250 0.228516
0 0.404297 0.232422 0.404297 0.236328 0.400391 0.236328 0.398438 0.234375 0.402344 0.230469
0 0.310547 0.234375 0.310547 0.238281 0.306641 0.238281 0.304688 0.236328 0.308594 0.232422
0 0.128906 0.236328 0.128906 0.240234 0.125000 0.240234 0.123047 0.238281 0.126953 0.234375
0 0.187500 0.238281 0.185547 0.240234 0.185547 0.242188 0.183594 0.244141 0.177734 0.244141 0.175781 0.242188 0.175781 0.240234 0.173828 0.238281 0.173828 0.236328 0.175781 0.234375 0.175781 0.232422 0.177734 0.230469 0.183594 0.230469 0.185547 0.232422 0.185547 0.234375 0.187500 0.236328
0 0.320312 0.236328 0.320312 0.240234 0.316406 0.240234 0.314453 0.238281 0.318359 0.234375
0 0.259766 0.244141 0.253906 0.250000 0.248047 0.250000 0.242188 0.244141 0.242188 0.238281 0.248047 0.232422 0.253906 0.232422 0.259766 0.238281
0 0.003906 0.253906 0.000000 0.253906 0.000000 0.232422 0.003906 0.232422 0.005859 0.234375 0.005859 0.236328 0.007812 0.236328 0.009766 0.238281 0.009766 0.248047 0.007812 0.250000 0.007812 0.251953 0.005859 0.251953
0 0.269531 0.246094 0.267578 0.246094 0.265625 0.248047 0.261719 0.248047 0.259766 0.246094 0.259766 0.240234 0.261719 0.238281 0.265625 0.238281 0.267578 0.240234 0.269531 0.240234
0 0.322266 0.242188 0.322266 0.246094 0.318359 0.246094 0.316406 0.244141 0.320312 0.240234
0 0.058594 0.248047 0.056641 0.248047 0.054688 0.250000 0.050781 0.250000 0.048828 0.248047 0.048828 0.242188 0.050781 0.240234 0.054688 0.240234 0.056641 0.242188 0.058594 0.242188
0 0.208984 0.246094 0.207031 0.248047 0.207031 0.250000 0.205078 0.251953 0.199219 0.251953 0.197266 0.250000 0.197266 0.248047 0.195312 0.246094 0.195312 0.244141 0.197266 0.242188 0.197266 0.240234 0.199219 0.238281 0.205078 0.238281 0.207031 0.240234 0.207031 0.242188 0.208984 0.244141
0 0.978516 0.246094 0.978516 0.250000 0.974609 0.250000 0.972656 0.248047 0.976562 0.244141
0 0.310547 0.248047 0.310547 0.251953 0.306641 0.251953 0.304688 0.250000 0.308594 0.246094
0 0.318359 0.248047 0.318359 0.251953 0.314453 0.251953 0.312500 0.250000 0.316406 0.246094
0 0.150391 0.253906 0.148438 0.253906 0.146484 0.255859 0.142578 0.255859 0.140625 0.253906 0.140625 0.248047 0.142578 0.246094 0.146484 0.246094 0.148438 0.248047 0.150391 0.248047
0 0.968750 0.251953 0.968750 0.255859 0.964844 0.255859 0.962891 0.253906 0.966797 0.250000
0 0.242188 0.259766 0.240234 0.259766 0.238281 0.261719 0.234375 0.261719 0.232422 0.259766 0.232422 0.253906 0.234375 0.251953 0.238281 0.251953 0.240234 0.253906 0.242188 0.253906
0 0.283203 0.259766 0.281250 0.259766 0.279297 0.261719 0.275391 0.261719 0.273438 0.259766 0.273438 0.253906 0.275391 0.251953 0.279297 0.251953 0.281250 0.253906 0.283203 0.253906
0 0.976562 0.255859 0.976562 0.259766 0.972656 0.259766 0.970703 0.257812 0.974609 0.253906
0 0.183594 0.261719 0.181641 0.263672 0.181641 0.265625 0.179688 0.267578 0.173828 0.267578 0.171875 0.265625 0.171875 0.263672 0.169922 0.261719 0.169922 0.259766 0.171875 0.257812 0.171875 0.255859 0.173828 0.253906 0.179688 0.253906 0.181641 0.255859 0.181641 0.257812 0.183594 0.259766
0 0.396484 0.259766 0.396484 0.263672 0.392578 0.263672 0.390625 0.261719 0.394531 0.257812
0 0.166016 0.263672 0.164062 0.265625 0.164062 0.267578 0.162109 0.269531 0.156250 0.269531 0.154297 0.267578 0.154297 0.265625 0.152344 0.263672 0.152344 0.261719 0.154297 0.259766 0.154297 0.257812 0.156250 0.255859 0.162109 0.255859 0.164062 0.257812 0.164062 0.259766 0.166016 0.261719
0 0.207031 0.265625 0.205078 0.267578 0.205078 0.269531 0.203125 0.271484 0.197266 0.271484 0.195312 0.269531 0.195312 0.267578 0.193359 0.265625 0.193359 0.263672 0.195312 0.261719 0.195312 0.259766 0.197266 0.257812 0.203125 0.257812 0.205078 0.259766 0.205078 0.261719 0.207031 0.263672
0 0.224609 0.265625 0.222656 0.267578 0.222656 0.269531 0.220703 0.271484 0.214844 0.271484 0.212891 0.269531 0.212891 0.267578 0.210938 0.265625 0.210938 0.263672 0.212891 0.261719 0.212891 0.259766 0.214844 0.257812 0.220703 0.257812 0.222656 0.259766 0.222656 0.261719 0.224609 0.263672
0 0.052734 0.275391 0.050781 0.275391 0.048828 0.277344 0.044922 0.277344 0.042969 0.275391 0.042969 0.269531 0.044922 0.267578 0.048828 0.267578 0.050781 0.269531 0.052734 0.269531
0 0.267578 0.273438 0.267578 0.277344 0.263672 0.277344 0.261719 0.275391 0.265625 0.271484
0 0.402344 0.277344 0.400391 0.277344 0.398438 0.279297 0.394531 0.279297 0.392578 0.277344 0.392578 0.271484 0.394531 0.269531 0.398438 0.269531 0.400391 0.271484 0.402344 0.271484
0 0.279297 0.275391 0.279297 0.279297 0.275391 0.279297 0.273438 0.277344 0.277344 0.273438
0 0.388672 0.279297 0.386719 0.279297 0.384766 0.281250 0.380859 0.281250 0.378906 0.279297 0.378906 0.273438 0.380859 0.271484 0.384766 0.271484 0.386719 0.273438 0.388672 0.273438
0 0.679688 0.275391 0.679688 0.279297 0.675781 0.279297 0.673828 0.277344 0.677734 0.273438
0 0.669922 0.279297 0.669922 0.283203 0.666016 0.283203 0.664062 0.281250 0.667969 0.277344
0 0.257812 0.281250 0.257812 0.285156 0.253906 0.285156 0.251953 0.283203 0.255859 0.279297
0 0.244141 0.292969 0.242188 0.292969 0.240234 0.294922 0.230469 0.294922 0.224609 0.289062 0.224609 0.279297 0.226562 0.277344 0.228516 0.277344 0.228516 0.275391 0.230469 0.273438 0.240234 0.273438 0.246094 0.279297 0.246094 0.289062 0.244141 0.291016
0 0.675781 0.283203 0.675781 0.287109 0.671875 0.287109 0.669922 0.285156 0.673828 0.281250
0 0.080078 0.289062 0.078125 0.291016 0.078125 0.292969 0.076172 0.294922 0.070312 0.294922 0.068359 0.292969 0.068359 0.291016 0.066406 0.289062 0.066406 0.287109 0.068359 0.285156 0.068359 0.283203 0.070312 0.281250 0.076172 0.281250 0.078125 0.283203 0.078125 0.285156 0.080078 0.287109
0 0.218750 0.291016 0.216797 0.291016 0.214844 0.292969 0.210938 0.292969 0.208984 0.291016 0.208984 0.285156 0.210938 0.283203 0.214844 0.283203 0.216797 0.285156 0.218750 0.285156
0 0.156250 0.292969 0.150391 0.298828 0.144531 0.298828 0.138672 0.292969 0.138672 0.287109 0.144531 0.281250 0.150391 0.281250 0.156250 0.287109
0 0.169922 0.296875 0.167969 0.296875 0.166016 0.298828 0.162109 0.298828 0.160156 0.296875 0.160156 0.291016 0.162109 0.289062 0.166016 0.289062 0.167969 0.291016 0.169922 0.291016
0 0.230469 0.298828 0.228516 0.298828 0.226562 0.300781 0.222656 0.300781 0.220703 0.298828 0.220703 0.292969 0.222656 0.291016 0.226562 0.291016 0.228516 0.292969 0.230469 0.292969
0 0.093750 0.300781 0.091797 0.300781 0.089844 0.302734 0.085938 0.302734 0.083984 0.300781 0.083984 0.294922 0.085938 0.292969 0.089844 0.292969 0.091797 0.294922 0.093750 0.294922
0 0.193359 0.306641 0.191406 0.306641 0.189453 0.308594 0.179688 0.308594 0.173828 0.302734 0.173828 0.292969 0.175781 0.291016 0.177734 0.291016 0.177734 0.289062 0.179688 0.287109 0.189453 0.287109 0.195312 0.292969 0.195312 0.302734 0.193359 0.304688
0 0.404297 0.300781 0.402344 0.300781 0.400391 0.302734 0.396484 0.302734 0.394531 0.300781 0.394531 0.294922 0.396484 0.292969 0.400391 0.292969 0.402344 0.294922 0.404297 0.294922
0 0.125000 0.302734 0.119141 0.308594 0.113281 0.308594 0.107422 0.302734 0.107422 0.296875 0.113281 0.291016 0.119141 0.291016 0.125000 0.296875
0 0.347656 0.298828 0.347656 0.302734 0.343750 0.302734 0.341797 0.300781 0.345703 0.296875
0 0.384766 0.298828 0.384766 0.302734 0.380859 0.302734 0.378906 0.300781 0.382812 0.296875
0 0.277344 0.304688 0.271484 0.310547 0.265625 0.310547 0.259766 0.304688 0.259766 0.298828 0.265625 0.292969 0.271484 0.292969 0.277344 0.298828
0 0.357422 0.300781 0.357422 0.304688 0.353516 0.304688 0.351562 0.302734 0.355469 0.298828
0 0.392578 0.300781 0.392578 0.304688 0.388672 0.304688 0.386719 0.302734 0.390625 0.298828
0 0.105469 0.306641 0.103516 0.306641 0.101562 0.308594 0.097656 0.308594 0.095703 0.306641 0.095703 0.300781 0.097656 0.298828 0.101562 0.298828 0.103516 0.300781 0.105469 0.300781
0 0.216797 0.308594 0.214844 0.308594 0.212891 0.310547 0.208984 0.310547 0.207031 0.308594 0.207031 0.302734 0.208984 0.300781 0.212891 0.300781 0.214844 0.302734 0.216797 0.302734
0 0.589844 0.304688 0.589844 0.308594 0.585938 0.308594 0.583984 0.306641 0.587891 0.302734
0 0.599609 0.304688 0.599609 0.308594 0.595703 0.308594 0.593750 0.306641 0.597656 0.302734
0 0.593750 0.312500 0.593750 0.316406 0.589844 0.316406 0.587891 0.314453 0.591797 0.310547
0 0.283203 0.326172 0.281250 0.326172 0.279297 0.328125 0.275391 0.328125 0.273438 0.326172 0.273438 0.320312 0.275391 0.318359 0.279297 0.318359 0.281250 0.320312 0.283203 0.320312
0 0.990234 0.326172 0.990234 0.330078 0.986328 0.330078 0.984375 0.328125 0.988281 0.324219
0 0.978516 0.330078 0.978516 0.333984 0.974609 0.333984 0.972656 0.332031 0.976562 0.328125
0 0.998047 0.339844 0.994141 0.339844 0.988281 0.333984 0.988281 0.328125 0.994141 0.322266 0.998047 0.322266
0 0.976562 0.339844 0.970703 0.345703 0.964844 0.345703 0.958984 0.339844 0.958984 0.333984 0.964844 0.328125 0.970703 0.328125 0.976562 0.333984
0 0.984375 0.335938 0.984375 0.339844 0.980469 0.339844 0.978516 0.337891 0.982422 0.333984
0 0.310547 0.337891 0.310547 0.341797 0.306641 0.341797 0.304688 0.339844 0.308594 0.335938
0 0.964844 0.341797 0.962891 0.341797 0.960938 0.343750 0.957031 0.343750 0.955078 0.341797 0.955078 0.335938 0.957031 0.333984 0.960938 0.333984 0.962891 0.335938 0.964844 0.335938
0 0.306641 0.351562 0.304688 0.351562 0.302734 0.353516 0.298828 0.353516 0.296875 0.351562 0.296875 0.345703 0.298828 0.343750 0.302734 0.343750 0.304688 0.345703 0.306641 0.345703
0 0.283203 0.351562 0.281250 0.353516 0.281250 0.355469 0.279297 0.357422 0.273438 0.357422 0.271484 0.355469 0.271484 0.353516 0.269531 0.351562 0.269531 0.349609 0.271484 0.347656 0.271484 0.345703 0.273438 0.343750 0.279297 0.343750 0.281250 0.345703 0.281250 0.347656 0.283203 0.349609
0 0.957031 0.357422 0.955078 0.357422 0.953125 0.359375 0.949219 0.359375 0.947266 0.357422 0.947266 0.351562 0.949219 0.349609 0.953125 0.349609 0.955078 0.351562 0.957031 0.351562
0 0.296875 0.359375 0.296875 0.363281 0.292969 0.363281 0.291016 0.361328 0.294922 0.357422
0 0.273438 0.365234 0.267578 0.371094 0.261719 0.371094 0.255859 0.365234 0.255859 0.359375 0.261719 0.353516 0.267578 0.353516 0.273438 0.359375
0 0.921875 0.361328 0.921875 0.365234 0.917969 0.365234 0.916016 0.363281 0.919922 0.359375
0 0.289062 0.367188 0.287109 0.367188 0.285156 0.369141 0.281250 0.369141 0.279297 0.367188 0.279297 0.361328 0.281250 0.359375 0.285156 0.359375 0.287109 0.361328 0.289062 0.361328
0 0.929688 0.365234 0.929688 0.369141 0.925781 0.369141 0.923828 0.367188 0.927734 0.363281
0 0.322266 0.369141 0.322266 0.373047 0.318359 0.373047 0.316406 0.371094 0.320312 0.367188
0 0.914062 0.375000 0.912109 0.375000 0.910156 0.376953 0.906250 0.376953 0.904297 0.375000 0.904297 0.369141 0.906250 0.367188 0.910156 0.367188 0.912109 0.369141 0.914062 0.369141
0 0.296875 0.382812 0.294922 0.382812 0.292969 0.384766 0.283203 0.384766 0.277344 0.378906 0.277344 0.369141 0.279297 0.367188 0.281250 0.367188 0.281250 0.365234 0.283203 0.363281 0.292969 0.363281 0.298828 0.369141 0.298828 0.378906 0.296875 0.380859
0 0.414062 0.373047 0.414062 0.376953 0.410156 0.376953 0.408203 0.375000 0.412109 0.371094
0 0.314453 0.375000 0.314453 0.378906 0.310547 0.378906 0.308594 0.376953 0.312500 0.373047
0 0.324219 0.376953 0.324219 0.380859 0.320312 0.380859 0.318359 0.378906 0.322266 0.375000
0 0.421875 0.382812 0.419922 0.382812 0.417969 0.384766 0.414062 0.384766 0.412109 0.382812 0.412109 0.376953 0.414062 0.375000 0.417969 0.375000 0.419922 0.376953 0.421875 0.376953
0 0.927734 0.378906 0.927734 0.382812 0.923828 0.382812 0.921875 0.380859 0.925781 0.376953
0 0.281250 0.380859 0.281250 0.384766 0.277344 0.384766 0.275391 0.382812 0.279297 0.378906
0 0.404297 0.382812 0.404297 0.386719 0.400391 0.386719 0.398438 0.384766 0.402344 0.380859
0 0.917969 0.382812 0.917969 0.386719 0.914062 0.386719 0.912109 0.384766 0.916016 0.380859
0 0.628906 0.400391 0.628906 0.404297 0.625000 0.404297 0.623047 0.402344 0.626953 0.398438
0 0.429688 0.406250 0.429688 0.410156 0.425781 0.410156 0.423828 0.408203 0.427734 0.404297
0 0.417969 0.410156 0.417969 0.414062 0.414062 0.414062 0.412109 0.412109 0.416016 0.408203
0 0.437500 0.419922 0.435547 0.421875 0.435547 0.423828 0.433594 0.425781 0.427734 0.425781 0.425781 0.423828 0.425781 0.421875 0.423828 0.419922 0.423828 0.417969 0.425781 0.416016 0.425781 0.414062 0.427734 0.412109 0.433594 0.412109 0.435547 0.414062 0.435547 0.416016 0.437500 0.417969
0 0.273438 0.423828 0.271484 0.423828 0.269531 0.425781 0.265625 0.425781 0.263672 0.423828 0.263672 0.417969 0.265625 0.416016 0.269531 0.416016 0.271484 0.417969 0.273438 0.417969
0 0.378906 0.425781 0.376953 0.425781 0.375000 0.427734 0.371094 0.427734 0.369141 0.425781 0.369141 0.419922 0.371094 0.417969 0.375000 0.417969 0.376953 0.419922 0.378906 0.419922
0 0.388672 0.429688 0.386719 0.429688 0.384766 0.431641 0.380859 0.431641 0.378906 0.429688 0.378906 0.423828 0.380859 0.421875 0.384766 0.421875 0.386719 0.423828 0.388672 0.423828
0 0.271484 0.431641 0.269531 0.431641 0.267578 0.433594 0.263672 0.433594 0.261719 0.431641 0.261719 0.425781 0.263672 0.423828 0.267578 0.423828 0.269531 0.425781 0.271484 0.425781
0 0.455078 0.431641 0.453125 0.431641 0.451172 0.433594 0.447266 0.433594 0.445312 0.431641 0.445312 0.425781 0.447266 0.423828 0.451172 0.423828 0.453125 0.425781 0.455078 0.425781
0 0.283203 0.429688 0.283203 0.433594 0.279297 0.433594 0.277344 0.431641 0.281250 0.427734
0 0.429688 0.435547 0.427734 0.435547 0.425781 0.437500 0.421875 0.437500 0.419922 0.435547 0.419922 0.429688 0.421875 0.427734 0.425781 0.427734 0.427734 0.429688 0.429688 0.429688
0 0.699219 0.431641 0.699219 0.435547 0.695312 0.435547 0.693359 0.433594 0.697266 0.429688
0 0.712891 0.435547 0.710938 0.435547 0.708984 0.437500 0.705078 0.437500 0.703125 0.435547 0.703125 0.429688 0.705078 0.427734 0.708984 0.427734 0.710938 0.429688 0.712891 0.429688
0 0.488281 0.435547 0.488281 0.439453 0.484375 0.439453 0.482422 0.437500 0.486328 0.433594
0 0.277344 0.437500 0.277344 0.441406 0.273438 0.441406 0.271484 0.439453 0.275391 0.435547
0 0.501953 0.437500 0.501953 0.441406 0.498047 0.441406 0.496094 0.439453 0.500000 0.435547
0 0.255859 0.441406 0.253906 0.443359 0.253906 0.445312 0.251953 0.447266 0.246094 0.447266 0.244141 0.445312 0.244141 0.443359 0.242188 0.441406 0.242188 0.439453 0.244141 0.437500 0.244141 0.435547 0.246094 0.433594 0.251953 0.433594 0.253906 0.435547 0.253906 0.437500 0.255859 0.439453
0 0.484375 0.441406 0.484375 0.445312 0.480469 0.445312 0.478516 0.443359 0.482422 0.439453
0 0.433594 0.447266 0.431641 0.447266 0.429688 0.449219 0.425781 0.449219 0.423828 0.447266 0.423828 0.441406 0.425781 0.439453 0.429688 0.439453 0.431641 0.441406 0.433594 0.441406
0 0.707031 0.443359 0.707031 0.447266 0.703125 0.447266 0.701172 0.445312 0.705078 0.441406
0 0.363281 0.449219 0.361328 0.449219 0.359375 0.451172 0.355469 0.451172 0.353516 0.449219 0.353516 0.443359 0.355469 0.441406 0.359375 0.441406 0.361328 0.443359 0.363281 0.443359
0 0.451172 0.449219 0.449219 0.449219 0.447266 0.451172 0.443359 0.451172 0.441406 0.449219 0.441406 0.443359 0.443359 0.441406 0.447266 0.441406 0.449219 0.443359 0.451172 0.443359
0 0.392578 0.451172 0.390625 0.451172 0.388672 0.453125 0.384766 0.453125 0.382812 0.451172 0.382812 0.445312 0.384766 0.443359 0.388672 0.443359 0.390625 0.445312 0.392578 0.445312
0 0.498047 0.451172 0.496094 0.451172 0.494141 0.453125 0.490234 0.453125 0.488281 0.451172 0.488281 0.445312 0.490234 0.443359 0.494141 0.443359 0.496094 0.445312 0.498047 0.445312
0 0.488281 0.453125 0.486328 0.453125 0.484375 0.455078 0.480469 0.455078 0.478516 0.453125 0.478516 0.447266 0.480469 0.445312 0.484375 0.445312 0.486328 0.447266 0.488281 0.447266
0 0.371094 0.457031 0.369141 0.457031 0.367188 0.458984 0.363281 0.458984 0.361328 0.457031 0.361328 0.451172 0.363281 0.449219 0.367188 0.449219 0.369141 0.451172 0.371094 0.451172
0 0.382812 0.458984 0.380859 0.458984 0.378906 0.460938 0.375000 0.460938 0.373047 0.458984 0.373047 0.453125 0.375000 0.451172 0.378906 0.451172 0.380859 0.453125 0.382812 0.453125
0 0.224609 0.478516 0.222656 0.478516 0.220703 0.480469 0.210938 0.480469 0.205078 0.474609 0.205078 0.464844 0.207031 0.462891 0.208984 0.462891 0.208984 0.460938 0.210938 0.458984 0.220703 0.458984 0.226562 0.464844 0.226562 0.474609 0.224609 0.476562
0 0.519531 0.474609 0.519531 0.478516 0.515625 0.478516 0.513672 0.476562 0.517578 0.472656
0 0.732422 0.474609 0.732422 0.478516 0.728516 0.478516 0.726562 0.476562 0.730469 0.472656
0 0.744141 0.474609 0.744141 0.478516 0.740234 0.478516 0.738281 0.476562 0.742188 0.472656
0 0.509766 0.484375 0.509766 0.488281 0.505859 0.488281 0.503906 0.486328 0.507812 0.482422
0 0.570312 0.494141 0.568359 0.494141 0.566406 0.496094 0.562500 0.496094 0.560547 0.494141 0.560547 0.488281 0.562500 0.486328 0.566406 0.486328 0.568359 0.488281 0.570312 0.488281
0 0.423828 0.498047 0.421875 0.498047 0.419922 0.500000 0.416016 0.500000 0.414062 0.498047 0.414062 0.492188 0.416016 0.490234 0.419922 0.490234 0.421875 0.492188 0.423828 0.492188
0 0.218750 0.509766 0.216797 0.509766 0.214844 0.511719 0.210938 0.511719 0.208984 0.509766 0.208984 0.503906 0.210938 0.501953 0.214844 0.501953 0.216797 0.503906 0.218750 0.503906
0 0.433594 0.509766 0.431641 0.509766 0.429688 0.511719 0.425781 0.511719 0.423828 0.509766 0.423828 0.503906 0.425781 0.501953 0.429688 0.501953 0.431641 0.503906 0.433594 0.503906
0 0.529297 0.507812 0.529297 0.511719 0.525391 0.511719 0.523438 0.509766 0.527344 0.505859
0 0.000000 0.517578 0.000000 0.507812 0.001953 0.509766 0.003906 0.509766 0.003906 0.515625 0.001953 0.515625
0 0.578125 0.515625 0.576172 0.515625 0.574219 0.517578 0.570312 0.517578 0.568359 0.515625 0.568359 0.509766 0.570312 0.507812 0.574219 0.507812 0.576172 0.509766 0.578125 0.509766
0 0.638672 0.515625 0.638672 0.519531 0.634766 0.519531 0.632812 0.517578 0.636719 0.513672
0 0.500000 0.521484 0.498047 0.521484 0.496094 0.523438 0.492188 0.523438 0.490234 0.521484 0.490234 0.515625 0.492188 0.513672 0.496094 0.513672 0.498047 0.515625 0.500000 0.515625
0 0.556641 0.523438 0.554688 0.523438 0.552734 0.525391 0.548828 0.525391 0.546875 0.523438 0.546875 0.517578 0.548828 0.515625 0.552734 0.515625 0.554688 0.517578 0.556641 0.517578
0 0.464844 0.521484 0.464844 0.525391 0.460938 0.525391 0.458984 0.523438 0.462891 0.519531
0 0.634766 0.521484 0.634766 0.525391 0.630859 0.525391 0.628906 0.523438 0.632812 0.519531
0 0.273438 0.523438 0.273438 0.527344 0.269531 0.527344 0.267578 0.525391 0.271484 0.521484
0 0.283203 0.523438 0.283203 0.527344 0.279297 0.527344 0.277344 0.525391 0.281250 0.521484
0 0.216797 0.529297 0.214844 0.529297 0.212891 0.531250 0.208984 0.531250 0.207031 0.529297 0.207031 0.523438 0.208984 0.521484 0.212891 0.521484 0.214844 0.523438 0.216797 0.523438
0 0.378906 0.529297 0.376953 0.531250 0.376953 0.533203 0.375000 0.535156 0.369141 0.535156 0.367188 0.533203 0.367188 0.531250 0.365234 0.529297 0.365234 0.527344 0.367188 0.525391 0.367188 0.523438 0.369141 0.521484 0.375000 0.521484 0.376953 0.523438 0.376953 0.525391 0.378906 0.527344
0 0.410156 0.531250 0.404297 0.537109 0.398438 0.537109 0.392578 0.531250 0.392578 0.525391 0.398438 0.519531 0.404297 0.519531 0.410156 0.525391
0 0.644531 0.527344 0.644531 0.531250 0.640625 0.531250 0.638672 0.529297 0.642578 0.525391
0 0.451172 0.533203 0.449219 0.533203 0.447266 0.535156 0.443359 0.535156 0.441406 0.533203 0.441406 0.527344 0.443359 0.525391 0.447266 0.525391 0.449219 0.527344 0.451172 0.527344
0 0.480469 0.531250 0.478516 0.533203 0.478516 0.535156 0.476562 0.537109 0.470703 0.537109 0.468750 0.535156 0.468750 0.533203 0.466797 0.531250 0.466797 0.529297 0.468750 0.527344 0.468750 0.525391 0.470703 0.523438 0.476562 0.523438 0.478516 0.525391 0.478516 0.527344 0.480469 0.529297
0 0.898438 0.535156 0.896484 0.535156 0.894531 0.537109 0.890625 0.537109 0.888672 0.535156 0.888672 0.529297 0.890625 0.527344 0.894531 0.527344 0.896484 0.529297 0.898438 0.529297
0 0.425781 0.542969 0.423828 0.542969 0.421875 0.544922 0.412109 0.544922 0.406250 0.539062 0.406250 0.529297 0.408203 0.527344 0.410156 0.527344 0.410156 0.525391 0.412109 0.523438 0.421875 0.523438 0.427734 0.529297 0.427734 0.539062 0.425781 0.541016
0 0.917969 0.537109 0.916016 0.537109 0.914062 0.539062 0.910156 0.539062 0.908203 0.537109 0.908203 0.531250 0.910156 0.529297 0.914062 0.529297 0.916016 0.531250 0.917969 0.531250
0 0.640625 0.535156 0.640625 0.539062 0.636719 0.539062 0.634766 0.537109 0.638672 0.533203
0 0.652344 0.539062 0.652344 0.542969 0.648438 0.542969 0.646484 0.541016 0.650391 0.537109
0 0.906250 0.546875 0.904297 0.546875 0.902344 0.548828 0.898438 0.548828 0.896484 0.546875 0.896484 0.541016 0.898438 0.539062 0.902344 0.539062 0.904297 0.541016 0.906250 0.541016
0 0.359375 0.546875 0.357422 0.548828 0.357422 0.550781 0.355469 0.552734 0.349609 0.552734 0.347656 0.550781 0.347656 0.548828 0.345703 0.546875 0.345703 0.544922 0.347656 0.542969 0.347656 0.541016 0.349609 0.539062 0.355469 0.539062 0.357422 0.541016 0.357422 0.542969 0.359375 0.544922
0 0.468750 0.550781 0.462891 0.556641 0.457031 0.556641 0.451172 0.550781 0.451172 0.544922 0.457031 0.539062 0.462891 0.539062 0.468750 0.544922
0 0.513672 0.548828 0.513672 0.552734 0.509766 0.552734 0.507812 0.550781 0.511719 0.546875
0 0.998047 0.546875 0.998047 0.552734 0.996094 0.552734 0.994141 0.550781
0 0.017578 0.554688 0.015625 0.554688 0.013672 0.556641 0.009766 0.556641 0.007812 0.554688 0.007812 0.548828 0.009766 0.546875 0.013672 0.546875 0.015625 0.548828 0.017578 0.548828
0 0.435547 0.556641 0.433594 0.556641 0.431641 0.558594 0.427734 0.558594 0.425781 0.556641 0.425781 0.550781 0.427734 0.548828 0.431641 0.548828 0.433594 0.550781 0.435547 0.550781
0 0.335938 0.558594 0.330078 0.564453 0.324219 0.564453 0.318359 0.558594 0.318359 0.552734 0.324219 0.546875 0.330078 0.546875 0.335938 0.552734
0 0.519531 0.554688 0.519531 0.558594 0.515625 0.558594 0.513672 0.556641 0.517578 0.552734
0 0.759766 0.554688 0.759766 0.558594 0.755859 0.558594 0.753906 0.556641 0.757812 0.552734
0 0.990234 0.554688 0.990234 0.558594 0.986328 0.558594 0.984375 0.556641 0.988281 0.552734
0 0.503906 0.558594 0.501953 0.560547 0.501953 0.562500 0.500000 0.564453 0.494141 0.564453 0.492188 0.562500 0.492188 0.560547 0.490234 0.558594 0.490234 0.556641 0.492188 0.554688 0.492188 0.552734 0.494141 0.550781 0.500000 0.550781 0.501953 0.552734 0.501953 0.554688 0.503906 0.556641
0 0.486328 0.562500 0.484375 0.562500 0.482422 0.564453 0.478516 0.564453 0.476562 0.562500 0.476562 0.556641 0.478516 0.554688 0.482422 0.554688 0.484375 0.556641 0.486328 0.556641
0 0.197266 0.562500 0.195312 0.564453 0.195312 0.566406 0.193359 0.568359 0.187500 0.568359 0.185547 0.566406 0.185547 0.564453 0.183594 0.562500 0.183594 0.560547 0.185547 0.558594 0.185547 0.556641 0.187500 0.554688 0.193359 0.554688 0.195312 0.556641 0.195312 0.558594 0.197266 0.560547
0 0.621094 0.560547 0.621094 0.564453 0.617188 0.564453 0.615234 0.562500 0.619141 0.558594
0 0.529297 0.568359 0.523438 0.574219 0.517578 0.574219 0.511719 0.568359 0.511719 0.562500 0.517578 0.556641 0.523438 0.556641 0.529297 0.562500
0 0.513672 0.570312 0.511719 0.570312 0.509766 0.572266 0.505859 0.572266 0.503906 0.570312 0.503906 0.564453 0.505859 0.562500 0.509766 0.562500 0.511719 0.564453 0.513672 0.564453
0 0.542969 0.566406 0.542969 0.570312 0.539062 0.570312 0.537109 0.568359 0.541016 0.564453
0 0.615234 0.566406 0.615234 0.570312 0.611328 0.570312 0.609375 0.568359 0.613281 0.564453
0 0.626953 0.568359 0.626953 0.572266 0.623047 0.572266 0.621094 0.570312 0.625000 0.566406
0 0.027344 0.574219 0.025391 0.574219 0.023438 0.576172 0.019531 0.576172 0.017578 0.574219 0.017578 0.568359 0.019531 0.566406 0.023438 0.566406 0.025391 0.568359 0.027344 0.568359
0 0.298828 0.574219 0.296875 0.576172 0.296875 0.578125 0.294922 0.580078 0.289062 0.580078 0.287109 0.578125 0.287109 0.576172 0.285156 0.574219 0.285156 0.572266 0.287109 0.570312 0.287109 0.568359 0.289062 0.566406 0.294922 0.566406 0.296875 0.568359 0.296875 0.570312 0.298828 0.572266
0 0.812500 0.576172 0.810547 0.576172 0.808594 0.578125 0.804688 0.578125 0.802734 0.576172 0.802734 0.570312 0.804688 0.568359 0.808594 0.568359 0.810547 0.570312 0.812500 0.570312
0 0.406250 0.576172 0.404297 0.578125 0.404297 0.580078 0.402344 0.582031 0.396484 0.582031 0.394531 0.580078 0.394531 0.578125 0.392578 0.576172 0.392578 0.574219 0.394531 0.572266 0.394531 0.570312 0.396484 0.568359 0.402344 0.568359 0.404297 0.570312 0.404297 0.572266 0.406250 0.574219
0 0.544922 0.574219 0.544922 0.578125 0.541016 0.578125 0.539062 0.576172 0.542969 0.572266
0 0.179688 0.578125 0.177734 0.580078 0.177734 0.582031 0.175781 0.583984 0.169922 0.583984 0.167969 0.582031 0.167969 0.580078 0.166016 0.578125 0.166016 0.576172 0.167969 0.574219 0.167969 0.572266 0.169922 0.570312 0.175781 0.570312 0.177734 0.572266 0.177734 0.574219 0.179688 0.576172
0 0.267578 0.578125 0.267578 0.582031 0.263672 0.582031 0.261719 0.580078 0.265625 0.576172
0 0.216797 0.580078 0.216797 0.583984 0.212891 0.583984 0.210938 0.582031 0.214844 0.578125
0 0.755859 0.580078 0.755859 0.583984 0.751953 0.583984 0.750000 0.582031 0.753906 0.578125
0 0.769531 0.580078 0.769531 0.583984 0.765625 0.583984 0.763672 0.582031 0.767578 0.578125
0 0.472656 0.585938 0.470703 0.585938 0.468750 0.587891 0.464844 0.587891 0.462891 0.585938 0.462891 0.580078 0.464844 0.578125 0.468750 0.578125 0.470703 0.580078 0.472656 0.580078
0 0.291016 0.587891 0.285156 0.593750 0.279297 0.593750 0.273438 0.587891 0.273438 0.582031 0.279297 0.576172 0.285156 0.576172 0.291016 0.582031
0 0.226562 0.585938 0.226562 0.589844 0.222656 0.589844 0.220703 0.587891 0.224609 0.583984
0 0.771484 0.587891 0.771484 0.591797 0.767578 0.591797 0.765625 0.589844 0.769531 0.585938
0 0.216797 0.589844 0.216797 0.593750 0.212891 0.593750 0.210938 0.591797 0.214844 0.587891
0 0.816406 0.593750 0.814453 0.593750 0.812500 0.595703 0.808594 0.595703 0.806641 0.593750 0.806641 0.587891 0.808594 0.585938 0.812500 0.585938 0.814453 0.587891 0.816406 0.587891
0 0.267578 0.595703 0.261719 0.601562 0.255859 0.601562 0.250000 0.595703 0.250000 0.589844 0.255859 0.583984 0.261719 0.583984 0.267578 0.589844
0 0.755859 0.591797 0.755859 0.595703 0.751953 0.595703 0.750000 0.593750 0.753906 0.589844
0 0.402344 0.599609 0.400391 0.599609 0.398438 0.601562 0.394531 0.601562 0.392578 0.599609 0.392578 0.593750 0.394531 0.591797 0.398438 0.591797 0.400391 0.593750 0.402344 0.593750
0 0.439453 0.595703 0.439453 0.599609 0.435547 0.599609 0.433594 0.597656 0.437500 0.593750
0 0.763672 0.595703 0.763672 0.599609 0.759766 0.599609 0.757812 0.597656 0.761719 0.593750
0 0.158203 0.609375 0.156250 0.609375 0.154297 0.611328 0.144531 0.611328 0.138672 0.605469 0.138672 0.595703 0.140625 0.593750 0.142578 0.593750 0.142578 0.591797 0.144531 0.589844 0.154297 0.589844 0.160156 0.595703 0.160156 0.605469 0.158203 0.607422
0 0.804688 0.599609 0.804688 0.603516 0.800781 0.603516 0.798828 0.601562 0.802734 0.597656
0 0.552734 0.603516 0.550781 0.605469 0.550781 0.607422 0.548828 0.609375 0.542969 0.609375 0.541016 0.607422 0.541016 0.605469 0.539062 0.603516 0.539062 0.601562 0.541016 0.599609 0.541016 0.597656 0.542969 0.595703 0.548828 0.595703 0.550781 0.597656 0.550781 0.599609 0.552734 0.601562
0 0.037109 0.607422 0.031250 0.613281 0.025391 0.613281 0.019531 0.607422 0.019531 0.601562 0.025391 0.595703 0.031250 0.595703 0.037109 0.601562
0 0.250000 0.605469 0.248047 0.607422 0.248047 0.609375 0.246094 0.611328 0.240234 0.611328 0.238281 0.609375 0.238281 0.607422 0.236328 0.605469 0.236328 0.603516 0.238281 0.601562 0.238281 0.599609 0.240234 0.597656 0.246094 0.597656 0.248047 0.599609 0.248047 0.601562 0.250000 0.603516
0 0.433594 0.603516 0.433594 0.607422 0.429688 0.607422 0.427734 0.605469 0.431641 0.601562
0 0.443359 0.605469 0.443359 0.609375 0.439453 0.609375 0.437500 0.607422 0.441406 0.603516
0 0.519531 0.607422 0.517578 0.609375 0.517578 0.611328 0.515625 0.613281 0.509766 0.613281 0.507812 0.611328 0.507812 0.609375 0.505859 0.607422 0.505859 0.605469 0.507812 0.603516 0.507812 0.601562 0.509766 0.599609 0.515625 0.599609 0.517578 0.601562 0.517578 0.603516 0.519531 0.605469
0 0.230469 0.619141 0.228516 0.619141 0.226562 0.621094 0.222656 0.621094 0.220703 0.619141 0.220703 0.613281 0.222656 0.611328 0.226562 0.611328 0.228516 0.613281 0.230469 0.613281
0 0.435547 0.617188 0.433594 0.619141 0.433594 0.621094 0.431641 0.623047 0.425781 0.623047 0.423828 0.621094 0.423828 0.619141 0.421875 0.617188 0.421875 0.615234 0.423828 0.613281 0.423828 0.611328 0.425781 0.609375 0.431641 0.609375 0.433594 0.611328 0.433594 0.613281 0.435547 0.615234
0 0.447266 0.617188 0.445312 0.619141 0.445312 0.621094 0.443359 0.623047 0.437500 0.623047 0.435547 0.621094 0.435547 0.619141 0.433594 0.617188 0.433594 0.615234 0.435547 0.613281 0.435547 0.611328 0.437500 0.609375 0.443359 0.609375 0.445312 0.611328 0.445312 0.613281 0.447266 0.615234
0 0.599609 0.621094 0.597656 0.621094 0.595703 0.623047 0.591797 0.623047 0.589844 0.621094 0.589844 0.615234 0.591797 0.613281 0.595703 0.613281 0.597656 0.615234 0.599609 0.615234
0 0.119141 0.630859 0.117188 0.630859 0.115234 0.632812 0.105469 0.632812 0.099609 0.626953 0.099609 0.617188 0.101562 0.615234 0.103516 0.615234 0.103516 0.613281 0.105469 0.611328 0.115234 0.611328 0.121094 0.617188 0.121094 0.626953 0.119141 0.628906
0 0.572266 0.625000 0.570312 0.625000 0.568359 0.626953 0.564453 0.626953 0.562500 0.625000 0.562500 0.619141 0.564453 0.617188 0.568359 0.617188 0.570312 0.619141 0.572266 0.619141
0 0.447266 0.623047 0.447266 0.626953 0.443359 0.626953 0.441406 0.625000 0.445312 0.621094
0 0.582031 0.632812 0.580078 0.632812 0.578125 0.634766 0.568359 0.634766 0.562500 0.628906 0.562500 0.619141 0.564453 0.617188 0.566406 0.617188 0.566406 0.615234 0.568359 0.613281 0.578125 0.613281 0.583984 0.619141 0.583984 0.628906 0.582031 0.630859
0 0.955078 0.628906 0.953125 0.628906 0.951172 0.630859 0.947266 0.630859 0.945312 0.628906 0.945312 0.623047 0.947266 0.621094 0.951172 0.621094 0.953125 0.623047 0.955078 0.623047
0 0.607422 0.630859 0.605469 0.630859 0.603516 0.632812 0.599609 0.632812 0.597656 0.630859 0.597656 0.625000 0.599609 0.623047 0.603516 0.623047 0.605469 0.625000 0.607422 0.625000
0 0.546875 0.632812 0.544922 0.632812 0.542969 0.634766 0.539062 0.634766 0.537109 0.632812 0.537109 0.626953 0.539062 0.625000 0.542969 0.625000 0.544922 0.626953 0.546875 0.626953
0 0.587891 0.632812 0.585938 0.632812 0.583984 0.634766 0.580078 0.634766 0.578125 0.632812 0.578125 0.626953 0.580078 0.625000 0.583984 0.625000 0.585938 0.626953 0.587891 0.626953
0 0.646484 0.628906 0.646484 0.632812 0.642578 0.632812 0.640625 0.630859 0.644531 0.626953
0 0.564453 0.634766 0.562500 0.634766 0.560547 0.636719 0.556641 0.636719 0.554688 0.634766 0.554688 0.628906 0.556641 0.626953 0.560547 0.626953 0.562500 0.628906 0.564453 0.628906
0 0.556641 0.636719 0.554688 0.636719 0.552734 0.638672 0.548828 0.638672 0.546875 0.636719 0.546875 0.630859 0.548828 0.628906 0.552734 0.628906 0.554688 0.630859 0.556641 0.630859
0 0.966797 0.636719 0.964844 0.636719 0.962891 0.638672 0.958984 0.638672 0.957031 0.636719 0.957031 0.630859 0.958984 0.628906 0.962891 0.628906 0.964844 0.630859 0.966797 0.630859
0 0.949219 0.634766 0.949219 0.638672 0.945312 0.638672 0.943359 0.636719 0.947266 0.632812
0 0.205078 0.638672 0.203125 0.640625 0.203125 0.642578 0.201172 0.644531 0.195312 0.644531 0.193359 0.642578 0.193359 0.640625 0.191406 0.638672 0.191406 0.636719 0.193359 0.634766 0.193359 0.632812 0.195312 0.630859 0.201172 0.630859 0.203125 0.632812 0.203125 0.634766 0.205078 0.636719
0 0.656250 0.638672 0.656250 0.642578 0.652344 0.642578 0.650391 0.640625 0.654297 0.636719
0 0.847656 0.638672 0.847656 0.642578 0.843750 0.642578 0.841797 0.640625 0.845703 0.636719
0 0.416016 0.644531 0.414062 0.644531 0.412109 0.646484 0.408203 0.646484 0.406250 0.644531 0.406250 0.638672 0.408203 0.636719 0.412109 0.636719 0.414062 0.638672 0.416016 0.638672
0 0.949219 0.642578 0.947266 0.644531 0.947266 0.646484 0.945312 0.648438 0.939453 0.648438 0.937500 0.646484 0.937500 0.644531 0.935547 0.642578 0.935547 0.640625 0.937500 0.638672 0.937500 0.636719 0.939453 0.634766 0.945312 0.634766 0.947266 0.636719 0.947266 0.638672 0.949219 0.640625
0 0.958984 0.646484 0.957031 0.646484 0.955078 0.648438 0.951172 0.648438 0.949219 0.646484 0.949219 0.640625 0.951172 0.638672 0.955078 0.638672 0.957031 0.640625 0.958984 0.640625
0 0.648438 0.644531 0.648438 0.648438 0.644531 0.648438 0.642578 0.646484 0.646484 0.642578
0 0.839844 0.644531 0.839844 0.648438 0.835938 0.648438 0.833984 0.646484 0.837891 0.642578
0 0.080078 0.652344 0.074219 0.658203 0.068359 0.658203 0.062500 0.652344 0.062500 0.646484 0.068359 0.640625 0.074219 0.640625 0.080078 0.646484
0 0.191406 0.652344 0.189453 0.652344 0.187500 0.654297 0.183594 0.654297 0.181641 0.652344 0.181641 0.646484 0.183594 0.644531 0.187500 0.644531 0.189453 0.646484 0.191406 0.646484
0 0.847656 0.648438 0.847656 0.652344 0.843750 0.652344 0.841797 0.650391 0.845703 0.646484
0 0.128906 0.656250 0.126953 0.656250 0.125000 0.658203 0.121094 0.658203 0.119141 0.656250 0.119141 0.650391 0.121094 0.648438 0.125000 0.648438 0.126953 0.650391 0.128906 0.650391
0 0.175781 0.666016 0.173828 0.666016 0.171875 0.667969 0.162109 0.667969 0.156250 0.662109 0.156250 0.652344 0.158203 0.650391 0.160156 0.650391 0.160156 0.648438 0.162109 0.646484 0.171875 0.646484 0.177734 0.652344 0.177734 0.662109 0.175781 0.664062
0 0.933594 0.656250 0.933594 0.660156 0.929688 0.660156 0.927734 0.658203 0.931641 0.654297
0 0.093750 0.664062 0.091797 0.664062 0.089844 0.666016 0.085938 0.666016 0.083984 0.664062 0.083984 0.658203 0.085938 0.656250 0.089844 0.656250 0.091797 0.658203 0.093750 0.658203
0 0.142578 0.662109 0.140625 0.664062 0.140625 0.666016 0.138672 0.667969 0.132812 0.667969 0.130859 0.666016 0.130859 0.664062 0.128906 0.662109 0.128906 0.660156 0.130859 0.658203 0.130859 0.656250 0.132812 0.654297 0.138672 0.654297 0.140625 0.656250 0.140625 0.658203 0.142578 0.660156
0 0.421875 0.664062 0.419922 0.664062 0.417969 0.666016 0.414062 0.666016 0.412109 0.664062 0.412109 0.658203 0.414062 0.656250 0.417969 0.656250 0.419922 0.658203 0.421875 0.658203
0 0.029297 0.666016 0.027344 0.666016 0.025391 0.667969 0.021484 0.667969 0.019531 0.666016 0.019531 0.660156 0.021484 0.658203 0.025391 0.658203 0.027344 0.660156 0.029297 0.660156
0 0.640625 0.673828 0.638672 0.673828 0.636719 0.675781 0.626953 0.675781 0.621094 0.669922 0.621094 0.660156 0.623047 0.658203 0.625000 0.658203 0.625000 0.656250 0.626953 0.654297 0.636719 0.654297 0.642578 0.660156 0.642578 0.669922 0.640625 0.671875
0 0.585938 0.666016 0.585938 0.669922 0.582031 0.669922 0.580078 0.667969 0.583984 0.664062
0 0.617188 0.671875 0.615234 0.671875 0.613281 0.673828 0.609375 0.673828 0.607422 0.671875 0.607422 0.666016 0.609375 0.664062 0.613281 0.664062 0.615234 0.666016 0.617188 0.666016
0 0.808594 0.671875 0.806641 0.671875 0.804688 0.673828 0.800781 0.673828 0.798828 0.671875 0.798828 0.666016 0.800781 0.664062 0.804688 0.664062 0.806641 0.666016 0.808594 0.666016
0 0.826172 0.671875 0.824219 0.671875 0.822266 0.673828 0.818359 0.673828 0.816406 0.671875 0.816406 0.666016 0.818359 0.664062 0.822266 0.664062 0.824219 0.666016 0.826172 0.666016
0 0.453125 0.673828 0.453125 0.677734 0.449219 0.677734 0.447266 0.675781 0.451172 0.671875
0 0.580078 0.675781 0.580078 0.679688 0.576172 0.679688 0.574219 0.677734 0.578125 0.673828
0 0.462891 0.677734 0.462891 0.681641 0.458984 0.681641 0.457031 0.679688 0.460938 0.675781
0 0.822266 0.681641 0.820312 0.681641 0.818359 0.683594 0.814453 0.683594 0.812500 0.681641 0.812500 0.675781 0.814453 0.673828 0.818359 0.673828 0.820312 0.675781 0.822266 0.675781
0 0.626953 0.683594 0.625000 0.683594 0.623047 0.685547 0.619141 0.685547 0.617188 0.683594 0.617188 0.677734 0.619141 0.675781 0.623047 0.675781 0.625000 0.677734 0.626953 0.677734
0 0.419922 0.687500 0.417969 0.687500 0.416016 0.689453 0.412109 0.689453 0.410156 0.687500 0.410156 0.681641 0.412109 0.679688 0.416016 0.679688 0.417969 0.681641 0.419922 0.681641
0 0.453125 0.683594 0.453125 0.687500 0.449219 0.687500 0.447266 0.685547 0.451172 0.681641
0 0.607422 0.687500 0.605469 0.687500 0.603516 0.689453 0.599609 0.689453 0.597656 0.687500 0.597656 0.681641 0.599609 0.679688 0.603516 0.679688 0.605469 0.681641 0.607422 0.681641
0 0.541016 0.695312 0.541016 0.699219 0.537109 0.699219 0.535156 0.697266 0.539062 0.693359
0 0.625000 0.703125 0.619141 0.708984 0.613281 0.708984 0.607422 0.703125 0.607422 0.697266 0.613281 0.691406 0.619141 0.691406 0.625000 0.697266
0 0.537109 0.701172 0.537109 0.705078 0.533203 0.705078 0.531250 0.703125 0.535156 0.699219
0 0.548828 0.701172 0.548828 0.705078 0.544922 0.705078 0.542969 0.703125 0.546875 0.699219
0 0.453125 0.707031 0.451172 0.707031 0.449219 0.708984 0.445312 0.708984 0.443359 0.707031 0.443359 0.701172 0.445312 0.699219 0.449219 0.699219 0.451172 0.701172 0.453125 0.701172
0 0.482422 0.707031 0.480469 0.707031 0.478516 0.708984 0.474609 0.708984 0.472656 0.707031 0.472656 0.701172 0.474609 0.699219 0.478516 0.699219 0.480469 0.701172 0.482422 0.701172
0 0.683594 0.705078 0.683594 0.708984 0.679688 0.708984 0.677734 0.707031 0.681641 0.703125
0 0.105469 0.716797 0.103516 0.716797 0.101562 0.718750 0.091797 0.718750 0.085938 0.712891 0.085938 0.703125 0.087891 0.701172 0.089844 0.701172 0.089844 0.699219 0.091797 0.697266 0.101562 0.697266 0.107422 0.703125 0.107422 0.712891 0.105469 0.714844
0 0.466797 0.710938 0.464844 0.710938 0.462891 0.712891 0.458984 0.712891 0.457031 0.710938 0.457031 0.705078 0.458984 0.703125 0.462891 0.703125 0.464844 0.705078 0.466797 0.705078
0 0.541016 0.707031 0.541016 0.710938 0.537109 0.710938 0.535156 0.708984 0.539062 0.705078
0 0.417969 0.712891 0.416016 0.712891 0.414062 0.714844 0.410156 0.714844 0.408203 0.712891 0.408203 0.707031 0.410156 0.705078 0.414062 0.705078 0.416016 0.707031 0.417969 0.707031
0 0.449219 0.714844 0.447266 0.714844 0.445312 0.716797 0.441406 0.716797 0.439453 0.714844 0.439453 0.708984 0.441406 0.707031 0.445312 0.707031 0.447266 0.708984 0.449219 0.708984
0 0.630859 0.716797 0.630859 0.720703 0.626953 0.720703 0.625000 0.718750 0.628906 0.714844
0 0.689453 0.716797 0.689453 0.720703 0.685547 0.720703 0.683594 0.718750 0.687500 0.714844
0 0.792969 0.716797 0.792969 0.720703 0.789062 0.720703 0.787109 0.718750 0.791016 0.714844
0 0.472656 0.718750 0.472656 0.722656 0.468750 0.722656 0.466797 0.720703 0.470703 0.716797
0 0.617188 0.718750 0.617188 0.722656 0.613281 0.722656 0.611328 0.720703 0.615234 0.716797
0 0.910156 0.722656 0.908203 0.722656 0.906250 0.724609 0.902344 0.724609 0.900391 0.722656 0.900391 0.716797 0.902344 0.714844 0.906250 0.714844 0.908203 0.716797 0.910156 0.716797
0 0.431641 0.720703 0.431641 0.724609 0.427734 0.724609 0.425781 0.722656 0.429688 0.718750
0 0.626953 0.722656 0.626953 0.726562 0.623047 0.726562 0.621094 0.724609 0.625000 0.720703
0 0.769531 0.722656 0.769531 0.726562 0.765625 0.726562 0.763672 0.724609 0.767578 0.720703
0 0.416016 0.726562 0.414062 0.728516 0.414062 0.730469 0.412109 0.732422 0.406250 0.732422 0.404297 0.730469 0.404297 0.728516 0.402344 0.726562 0.402344 0.724609 0.404297 0.722656 0.404297 0.720703 0.406250 0.718750 0.412109 0.718750 0.414062 0.720703 0.414062 0.722656 0.416016 0.724609
0 0.798828 0.724609 0.798828 0.728516 0.794922 0.728516 0.792969 0.726562 0.796875 0.722656
0 0.435547 0.726562 0.435547 0.730469 0.431641 0.730469 0.429688 0.728516 0.433594 0.724609
0 0.927734 0.726562 0.927734 0.730469 0.923828 0.730469 0.921875 0.728516 0.925781 0.724609
0 0.429688 0.730469 0.429688 0.734375 0.425781 0.734375 0.423828 0.732422 0.427734 0.728516
0 0.482422 0.740234 0.480469 0.740234 0.478516 0.742188 0.468750 0.742188 0.462891 0.736328 0.462891 0.726562 0.464844 0.724609 0.466797 0.724609 0.466797 0.722656 0.468750 0.720703 0.478516 0.720703 0.484375 0.726562 0.484375 0.736328 0.482422 0.738281
0 0.542969 0.734375 0.541016 0.734375 0.539062 0.736328 0.535156 0.736328 0.533203 0.734375 0.533203 0.728516 0.535156 0.726562 0.539062 0.726562 0.541016 0.728516 0.542969 0.728516
0 0.910156 0.734375 0.908203 0.734375 0.906250 0.736328 0.902344 0.736328 0.900391 0.734375 0.900391 0.728516 0.902344 0.726562 0.906250 0.726562 0.908203 0.728516 0.910156 0.728516
0 0.781250 0.732422 0.781250 0.736328 0.777344 0.736328 0.775391 0.734375 0.779297 0.730469
0 0.402344 0.738281 0.400391 0.738281 0.398438 0.740234 0.394531 0.740234 0.392578 0.738281 0.392578 0.732422 0.394531 0.730469 0.398438 0.730469 0.400391 0.732422 0.402344 0.732422
0 0.923828 0.734375 0.923828 0.738281 0.919922 0.738281 0.917969 0.736328 0.921875 0.732422
0 0.484375 0.742188 0.482422 0.742188 0.480469 0.744141 0.476562 0.744141 0.474609 0.742188 0.474609 0.736328 0.476562 0.734375 0.480469 0.734375 0.482422 0.736328 0.484375 0.736328
0 0.761719 0.740234 0.761719 0.744141 0.757812 0.744141 0.755859 0.742188 0.759766 0.738281
0 0.783203 0.740234 0.783203 0.744141 0.779297 0.744141 0.777344 0.742188 0.781250 0.738281
0 0.570312 0.748047 0.568359 0.748047 0.566406 0.750000 0.562500 0.750000 0.560547 0.748047 0.560547 0.742188 0.562500 0.740234 0.566406 0.740234 0.568359 0.742188 0.570312 0.742188
0 0.537109 0.751953 0.535156 0.751953 0.533203 0.753906 0.529297 0.753906 0.527344 0.751953 0.527344 0.746094 0.529297 0.744141 0.533203 0.744141 0.535156 0.746094 0.537109 0.746094
0 0.615234 0.748047 0.615234 0.751953 0.611328 0.751953 0.609375 0.750000 0.613281 0.746094
0 0.621094 0.750000 0.621094 0.753906 0.617188 0.753906 0.615234 0.751953 0.619141 0.748047
0 0.099609 0.761719 0.097656 0.761719 0.095703 0.763672 0.085938 0.763672 0.080078 0.757812 0.080078 0.748047 0.082031 0.746094 0.083984 0.746094 0.083984 0.744141 0.085938 0.742188 0.095703 0.742188 0.101562 0.748047 0.101562 0.757812 0.099609 0.759766
0 0.818359 0.757812 0.816406 0.757812 0.814453 0.759766 0.810547 0.759766 0.808594 0.757812 0.808594 0.751953 0.810547 0.750000 0.814453 0.750000 0.816406 0.751953 0.818359 0.751953
0 0.388672 0.765625 0.386719 0.765625 0.384766 0.767578 0.375000 0.767578 0.369141 0.761719 0.369141 0.751953 0.371094 0.750000 0.373047 0.750000 0.373047 0.748047 0.375000 0.746094 0.384766 0.746094 0.390625 0.751953 0.390625 0.761719 0.388672 0.763672
0 0.623047 0.755859 0.623047 0.759766 0.619141 0.759766 0.617188 0.757812 0.621094 0.753906
0 0.705078 0.755859 0.705078 0.759766 0.701172 0.759766 0.699219 0.757812 0.703125 0.753906
0 0.992188 0.755859 0.992188 0.759766 0.988281 0.759766 0.986328 0.757812 0.990234 0.753906
0 0.480469 0.761719 0.478516 0.761719 0.476562 0.763672 0.472656 0.763672 0.470703 0.761719 0.470703 0.755859 0.472656 0.753906 0.476562 0.753906 0.478516 0.755859 0.480469 0.755859
0 0.558594 0.757812 0.558594 0.761719 0.554688 0.761719 0.552734 0.759766 0.556641 0.755859
0 0.566406 0.759766 0.566406 0.763672 0.562500 0.763672 0.560547 0.761719 0.564453 0.757812
0 0.826172 0.767578 0.824219 0.767578 0.822266 0.769531 0.818359 0.769531 0.816406 0.767578 0.816406 0.761719 0.818359 0.759766 0.822266 0.759766 0.824219 0.761719 0.826172 0.761719
0 0.998047 0.761719 0.998047 0.767578 0.996094 0.767578 0.994141 0.765625
0 0.097656 0.767578 0.095703 0.769531 0.095703 0.771484 0.093750 0.773438 0.087891 0.773438 0.085938 0.771484 0.085938 0.769531 0.083984 0.767578 0.083984 0.765625 0.085938 0.763672 0.085938 0.761719 0.087891 0.759766 0.093750 0.759766 0.095703 0.761719 0.095703 0.763672 0.097656 0.765625
0 0.630859 0.765625 0.630859 0.769531 0.626953 0.769531 0.625000 0.767578 0.628906 0.763672
0 0.806641 0.769531 0.804688 0.769531 0.802734 0.771484 0.798828 0.771484 0.796875 0.769531 0.796875 0.763672 0.798828 0.761719 0.802734 0.761719 0.804688 0.763672 0.806641 0.763672
0 0.412109 0.771484 0.410156 0.771484 0.408203 0.773438 0.404297 0.773438 0.402344 0.771484 0.402344 0.765625 0.404297 0.763672 0.408203 0.763672 0.410156 0.765625 0.412109 0.765625
0 0.580078 0.777344 0.578125 0.777344 0.576172 0.779297 0.566406 0.779297 0.560547 0.773438 0.560547 0.763672 0.562500 0.761719 0.564453 0.761719 0.564453 0.759766 0.566406 0.757812 0.576172 0.757812 0.582031 0.763672 0.582031 0.773438 0.580078 0.775391
0 0.712891 0.769531 0.712891 0.773438 0.708984 0.773438 0.707031 0.771484 0.710938 0.767578
0 0.517578 0.771484 0.517578 0.775391 0.513672 0.775391 0.511719 0.773438 0.515625 0.769531
0 0.638672 0.771484 0.638672 0.775391 0.634766 0.775391 0.632812 0.773438 0.636719 0.769531
0 0.707031 0.773438 0.707031 0.777344 0.703125 0.777344 0.701172 0.775391 0.705078 0.771484
0 0.818359 0.777344 0.816406 0.777344 0.814453 0.779297 0.810547 0.779297 0.808594 0.777344 0.808594 0.771484 0.810547 0.769531 0.814453 0.769531 0.816406 0.771484 0.818359 0.771484
0 0.701172 0.779297 0.699219 0.779297 0.697266 0.781250 0.693359 0.781250 0.691406 0.779297 0.691406 0.773438 0.693359 0.771484 0.697266 0.771484 0.699219 0.773438 0.701172 0.773438
0 0.632812 0.777344 0.632812 0.781250 0.628906 0.781250 0.626953 0.779297 0.630859 0.775391
0 0.644531 0.779297 0.644531 0.783203 0.640625 0.783203 0.638672 0.781250 0.642578 0.777344
0 0.392578 0.785156 0.390625 0.785156 0.388672 0.787109 0.384766 0.787109 0.382812 0.785156 0.382812 0.779297 0.384766 0.777344 0.388672 0.777344 0.390625 0.779297 0.392578 0.779297
0 0.587891 0.781250 0.587891 0.785156 0.583984 0.785156 0.582031 0.783203 0.585938 0.779297
0 0.427734 0.787109 0.425781 0.787109 0.423828 0.789062 0.419922 0.789062 0.417969 0.787109 0.417969 0.781250 0.419922 0.779297 0.423828 0.779297 0.425781 0.781250 0.427734 0.781250
0 0.953125 0.787109 0.953125 0.791016 0.949219 0.791016 0.947266 0.789062 0.951172 0.785156
0 0.574219 0.792969 0.572266 0.792969 0.570312 0.794922 0.566406 0.794922 0.564453 0.792969 0.564453 0.787109 0.566406 0.785156 0.570312 0.785156 0.572266 0.787109 0.574219 0.787109
0 0.435547 0.794922 0.433594 0.794922 0.431641 0.796875 0.427734 0.796875 0.425781 0.794922 0.425781 0.789062 0.427734 0.787109 0.431641 0.787109 0.433594 0.789062 0.435547 0.789062
0 0.964844 0.791016 0.964844 0.794922 0.960938 0.794922 0.958984 0.792969 0.962891 0.789062
0 0.955078 0.794922 0.955078 0.798828 0.951172 0.798828 0.949219 0.796875 0.953125 0.792969
0 0.564453 0.796875 0.564453 0.800781 0.560547 0.800781 0.558594 0.798828 0.562500 0.794922
0 0.582031 0.800781 0.580078 0.800781 0.578125 0.802734 0.574219 0.802734 0.572266 0.800781 0.572266 0.794922 0.574219 0.792969 0.578125 0.792969 0.580078 0.794922 0.582031 0.794922
0 0.962891 0.800781 0.960938 0.800781 0.958984 0.802734 0.955078 0.802734 0.953125 0.800781 0.953125 0.794922 0.955078 0.792969 0.958984 0.792969 0.960938 0.794922 0.962891 0.794922
0 0.425781 0.806641 0.423828 0.806641 0.421875 0.808594 0.417969 0.808594 0.416016 0.806641 0.416016 0.800781 0.417969 0.798828 0.421875 0.798828 0.423828 0.800781 0.425781 0.800781
0 0.570312 0.802734 0.570312 0.806641 0.566406 0.806641 0.564453 0.804688 0.568359 0.800781
0 0.476562 0.808594 0.474609 0.808594 0.472656 0.810547 0.468750 0.810547 0.466797 0.808594 0.466797 0.802734 0.468750 0.800781 0.472656 0.800781 0.474609 0.802734 0.476562 0.802734
0 0.490234 0.808594 0.488281 0.808594 0.486328 0.810547 0.482422 0.810547 0.480469 0.808594 0.480469 0.802734 0.482422 0.800781 0.486328 0.800781 0.488281 0.802734 0.490234 0.802734
0 0.199219 0.812500 0.197266 0.812500 0.195312 0.814453 0.191406 0.814453 0.189453 0.812500 0.189453 0.806641 0.191406 0.804688 0.195312 0.804688 0.197266 0.806641 0.199219 0.806641
0 0.802734 0.812500 0.800781 0.812500 0.798828 0.814453 0.794922 0.814453 0.792969 0.812500 0.792969 0.806641 0.794922 0.804688 0.798828 0.804688 0.800781 0.806641 0.802734 0.806641
0 0.843750 0.812500 0.837891 0.818359 0.832031 0.818359 0.826172 0.812500 0.826172 0.806641 0.832031 0.800781 0.837891 0.800781 0.843750 0.806641
0 0.585938 0.820312 0.583984 0.820312 0.582031 0.822266 0.572266 0.822266 0.566406 0.816406 0.566406 0.806641 0.568359 0.804688 0.570312 0.804688 0.570312 0.802734 0.572266 0.800781 0.582031 0.800781 0.587891 0.806641 0.587891 0.816406 0.585938 0.818359
0 0.212891 0.816406 0.210938 0.816406 0.208984 0.818359 0.205078 0.818359 0.203125 0.816406 0.203125 0.810547 0.205078 0.808594 0.208984 0.808594 0.210938 0.810547 0.212891 0.810547
0 0.568359 0.822266 0.566406 0.822266 0.564453 0.824219 0.554688 0.824219 0.548828 0.818359 0.548828 0.808594 0.550781 0.806641 0.552734 0.806641 0.552734 0.804688 0.554688 0.802734 0.564453 0.802734 0.570312 0.808594 0.570312 0.818359 0.568359 0.820312
0 0.822266 0.814453 0.820312 0.816406 0.820312 0.818359 0.818359 0.820312 0.812500 0.820312 0.810547 0.818359 0.810547 0.816406 0.808594 0.814453 0.808594 0.812500 0.810547 0.810547 0.810547 0.808594 0.812500 0.806641 0.818359 0.806641 0.820312 0.808594 0.820312 0.810547 0.822266 0.812500
0 0.912109 0.814453 0.910156 0.816406 0.910156 0.818359 0.908203 0.820312 0.902344 0.820312 0.900391 0.818359 0.900391 0.816406 0.898438 0.814453 0.898438 0.812500 0.900391 0.810547 0.900391 0.808594 0.902344 0.806641 0.908203 0.806641 0.910156 0.808594 0.910156 0.810547 0.912109 0.812500
0 0.923828 0.812500 0.923828 0.816406 0.919922 0.816406 0.917969 0.814453 0.921875 0.810547
0 0.154297 0.818359 0.148438 0.824219 0.142578 0.824219 0.136719 0.818359 0.136719 0.812500 0.142578 0.806641 0.148438 0.806641 0.154297 0.812500
0 0.226562 0.820312 0.224609 0.820312 0.222656 0.822266 0.218750 0.822266 0.216797 0.820312 0.216797 0.814453 0.218750 0.812500 0.222656 0.812500 0.224609 0.814453 0.226562 0.814453
0 0.392578 0.826172 0.390625 0.826172 0.388672 0.828125 0.378906 0.828125 0.373047 0.822266 0.373047 0.812500 0.375000 0.810547 0.376953 0.810547 0.376953 0.808594 0.378906 0.806641 0.388672 0.806641 0.394531 0.812500 0.394531 0.822266 0.392578 0.824219
0 0.105469 0.820312 0.103516 0.822266 0.103516 0.824219 0.101562 0.826172 0.095703 0.826172 0.093750 0.824219 0.093750 0.822266 0.091797 0.820312 0.091797 0.818359 0.093750 0.816406 0.093750 0.814453 0.095703 0.812500 0.101562 0.812500 0.103516 0.814453 0.103516 0.816406 0.105469 0.818359
0 0.236328 0.822266 0.234375 0.822266 0.232422 0.824219 0.228516 0.824219 0.226562 0.822266 0.226562 0.816406 0.228516 0.814453 0.232422 0.814453 0.234375 0.816406 0.236328 0.816406
0 0.296875 0.822266 0.294922 0.824219 0.294922 0.826172 0.292969 0.828125 0.287109 0.828125 0.285156 0.826172 0.285156 0.824219 0.283203 0.822266 0.283203 0.820312 0.285156 0.818359 0.285156 0.816406 0.287109 0.814453 0.292969 0.814453 0.294922 0.816406 0.294922 0.818359 0.296875 0.820312
0 0.886719 0.824219 0.884766 0.824219 0.882812 0.826172 0.878906 0.826172 0.876953 0.824219 0.876953 0.818359 0.878906 0.816406 0.882812 0.816406 0.884766 0.818359 0.886719 0.818359
0 0.320312 0.826172 0.318359 0.828125 0.318359 0.830078 0.316406 0.832031 0.310547 0.832031 0.308594 0.830078 0.308594 0.828125 0.306641 0.826172 0.306641 0.824219 0.308594 0.822266 0.308594 0.820312 0.310547 0.818359 0.316406 0.818359 0.318359 0.820312 0.318359 0.822266 0.320312 0.824219
0 0.265625 0.835938 0.263672 0.835938 0.261719 0.837891 0.251953 0.837891 0.246094 0.832031 0.246094 0.822266 0.248047 0.820312 0.250000 0.820312 0.250000 0.818359 0.251953 0.816406 0.261719 0.816406 0.267578 0.822266 0.267578 0.832031 0.265625 0.833984
0 0.505859 0.828125 0.503906 0.830078 0.503906 0.832031 0.501953 0.833984 0.496094 0.833984 0.494141 0.832031 0.494141 0.830078 0.492188 0.828125 0.492188 0.826172 0.494141 0.824219 0.494141 0.822266 0.496094 0.820312 0.501953 0.820312 0.503906 0.822266 0.503906 0.824219 0.505859 0.826172
0 0.812500 0.830078 0.810547 0.832031 0.810547 0.833984 0.808594 0.835938 0.802734 0.835938 0.800781 0.833984 0.800781 0.832031 0.798828 0.830078 0.798828 0.828125 0.800781 0.826172 0.800781 0.824219 0.802734 0.822266 0.808594 0.822266 0.810547 0.824219 0.810547 0.826172 0.812500 0.828125
0 0.546875 0.843750 0.544922 0.843750 0.542969 0.845703 0.533203 0.845703 0.527344 0.839844 0.527344 0.830078 0.529297 0.828125 0.531250 0.828125 0.531250 0.826172 0.533203 0.824219 0.542969 0.824219 0.548828 0.830078 0.548828 0.839844 0.546875 0.841797
0 0.476562 0.841797 0.474609 0.841797 0.472656 0.843750 0.468750 0.843750 0.466797 0.841797 0.466797 0.835938 0.468750 0.833984 0.472656 0.833984 0.474609 0.835938 0.476562 0.835938
0 0.349609 0.845703 0.343750 0.851562 0.337891 0.851562 0.332031 0.845703 0.332031 0.839844 0.337891 0.833984 0.343750 0.833984 0.349609 0.839844
0 0.423828 0.843750 0.423828 0.847656 0.419922 0.847656 0.417969 0.845703 0.421875 0.841797
0 0.845703 0.849609 0.839844 0.855469 0.833984 0.855469 0.828125 0.849609 0.828125 0.843750 0.833984 0.837891 0.839844 0.837891 0.845703 0.843750
0 0.277344 0.859375 0.275391 0.859375 0.273438 0.861328 0.263672 0.861328 0.257812 0.855469 0.257812 0.845703 0.259766 0.843750 0.261719 0.843750 0.261719 0.841797 0.263672 0.839844 0.273438 0.839844 0.279297 0.845703 0.279297 0.855469 0.277344 0.857422
0 0.306641 0.851562 0.304688 0.853516 0.304688 0.855469 0.302734 0.857422 0.296875 0.857422 0.294922 0.855469 0.294922 0.853516 0.292969 0.851562 0.292969 0.849609 0.294922 0.847656 0.294922 0.845703 0.296875 0.843750 0.302734 0.843750 0.304688 0.845703 0.304688 0.847656 0.306641 0.849609
0 0.505859 0.853516 0.503906 0.853516 0.501953 0.855469 0.498047 0.855469 0.496094 0.853516 0.496094 0.847656 0.498047 0.845703 0.501953 0.845703 0.503906 0.847656 0.505859 0.847656
0 0.517578 0.849609 0.517578 0.853516 0.513672 0.853516 0.511719 0.851562 0.515625 0.847656
0 0.603516 0.859375 0.601562 0.859375 0.599609 0.861328 0.589844 0.861328 0.583984 0.855469 0.583984 0.845703 0.585938 0.843750 0.587891 0.843750 0.587891 0.841797 0.589844 0.839844 0.599609 0.839844 0.605469 0.845703 0.605469 0.855469 0.603516 0.857422
0 0.437500 0.855469 0.435547 0.855469 0.433594 0.857422 0.429688 0.857422 0.427734 0.855469 0.427734 0.849609 0.429688 0.847656 0.433594 0.847656 0.435547 0.849609 0.437500 0.849609
0 0.390625 0.857422 0.388672 0.857422 0.386719 0.859375 0.382812 0.859375 0.380859 0.857422 0.380859 0.851562 0.382812 0.849609 0.386719 0.849609 0.388672 0.851562 0.390625 0.851562
0 0.488281 0.857422 0.486328 0.857422 0.484375 0.859375 0.480469 0.859375 0.478516 0.857422 0.478516 0.851562 0.480469 0.849609 0.484375 0.849609 0.486328 0.851562 0.488281 0.851562
0 0.525391 0.857422 0.523438 0.859375 0.523438 0.861328 0.521484 0.863281 0.515625 0.863281 0.513672 0.861328 0.513672 0.859375 0.511719 0.857422 0.511719 0.855469 0.513672 0.853516 0.513672 0.851562 0.515625 0.849609 0.521484 0.849609 0.523438 0.851562 0.523438 0.853516 0.525391 0.855469
0 0.859375 0.859375 0.857422 0.859375 0.855469 0.861328 0.851562 0.861328 0.849609 0.859375 0.849609 0.853516 0.851562 0.851562 0.855469 0.851562 0.857422 0.853516 0.859375 0.853516
0 0.556641 0.867188 0.554688 0.867188 0.552734 0.869141 0.542969 0.869141 0.537109 0.863281 0.537109 0.853516 0.539062 0.851562 0.541016 0.851562 0.541016 0.849609 0.542969 0.847656 0.552734 0.847656 0.558594 0.853516 0.558594 0.863281 0.556641 0.865234
0 0.599609 0.867188 0.597656 0.867188 0.595703 0.869141 0.585938 0.869141 0.580078 0.863281 0.580078 0.853516 0.582031 0.851562 0.583984 0.851562 0.583984 0.849609 0.585938 0.847656 0.595703 0.847656 0.601562 0.853516 0.601562 0.863281 0.599609 0.865234
0 0.361328 0.865234 0.359375 0.865234 0.357422 0.867188 0.353516 0.867188 0.351562 0.865234 0.351562 0.859375 0.353516 0.857422 0.357422 0.857422 0.359375 0.859375 0.361328 0.859375
0 0.523438 0.861328 0.523438 0.865234 0.519531 0.865234 0.517578 0.863281 0.521484 0.859375
0 0.986328 0.865234 0.984375 0.865234 0.982422 0.867188 0.978516 0.867188 0.976562 0.865234 0.976562 0.859375 0.978516 0.857422 0.982422 0.857422 0.984375 0.859375 0.986328 0.859375
0 0.998047 0.867188 0.994141 0.867188 0.992188 0.865234 0.992188 0.859375 0.994141 0.857422 0.998047 0.857422
0 0.841797 0.869141 0.839844 0.869141 0.837891 0.871094 0.833984 0.871094 0.832031 0.869141 0.832031 0.863281 0.833984 0.861328 0.837891 0.861328 0.839844 0.863281 0.841797 0.863281
0 0.304688 0.871094 0.302734 0.871094 0.300781 0.873047 0.296875 0.873047 0.294922 0.871094 0.294922 0.865234 0.296875 0.863281 0.300781 0.863281 0.302734 0.865234 0.304688 0.865234
0 0.394531 0.867188 0.394531 0.871094 0.390625 0.871094 0.388672 0.869141 0.392578 0.865234
0 0.531250 0.867188 0.531250 0.871094 0.527344 0.871094 0.525391 0.869141 0.529297 0.865234
0 0.751953 0.871094 0.750000 0.871094 0.748047 0.873047 0.744141 0.873047 0.742188 0.871094 0.742188 0.865234 0.744141 0.863281 0.748047 0.863281 0.750000 0.865234 0.751953 0.865234
0 0.755859 0.869141 0.755859 0.873047 0.751953 0.873047 0.750000 0.871094 0.753906 0.867188
0 0.519531 0.871094 0.519531 0.875000 0.515625 0.875000 0.513672 0.873047 0.517578 0.869141
0 0.527344 0.873047 0.527344 0.876953 0.523438 0.876953 0.521484 0.875000 0.525391 0.871094
0 0.851562 0.876953 0.849609 0.876953 0.847656 0.878906 0.843750 0.878906 0.841797 0.876953 0.841797 0.871094 0.843750 0.869141 0.847656 0.869141 0.849609 0.871094 0.851562 0.871094
0 0.488281 0.878906 0.482422 0.884766 0.476562 0.884766 0.470703 0.878906 0.470703 0.873047 0.476562 0.867188 0.482422 0.867188 0.488281 0.873047
0 0.984375 0.876953 0.982422 0.878906 0.982422 0.880859 0.980469 0.882812 0.974609 0.882812 0.972656 0.880859 0.972656 0.878906 0.970703 0.876953 0.970703 0.875000 0.972656 0.873047 0.972656 0.871094 0.974609 0.869141 0.980469 0.869141 0.982422 0.871094 0.982422 0.873047 0.984375 0.875000
0 0.455078 0.880859 0.453125 0.882812 0.453125 0.884766 0.451172 0.886719 0.445312 0.886719 0.443359 0.884766 0.443359 0.882812 0.441406 0.880859 0.441406 0.878906 0.443359 0.876953 0.443359 0.875000 0.445312 0.873047 0.451172 0.873047 0.453125 0.875000 0.453125 0.876953 0.455078 0.878906
0 0.589844 0.878906 0.589844 0.882812 0.585938 0.882812 0.583984 0.880859 0.587891 0.876953
0 0.328125 0.880859 0.328125 0.884766 0.324219 0.884766 0.322266 0.882812 0.326172 0.878906
0 0.742188 0.884766 0.740234 0.884766 0.738281 0.886719 0.734375 0.886719 0.732422 0.884766 0.732422 0.878906 0.734375 0.876953 0.738281 0.876953 0.740234 0.878906 0.742188 0.878906
0 0.404297 0.882812 0.404297 0.886719 0.400391 0.886719 0.398438 0.884766 0.402344 0.880859
0 0.998047 0.888672 0.994141 0.888672 0.992188 0.886719 0.992188 0.880859 0.994141 0.878906 0.998047 0.878906
0 0.306641 0.888672 0.304688 0.888672 0.302734 0.890625 0.298828 0.890625 0.296875 0.888672 0.296875 0.882812 0.298828 0.880859 0.302734 0.880859 0.304688 0.882812 0.306641 0.882812
0 0.398438 0.886719 0.398438 0.890625 0.394531 0.890625 0.392578 0.888672 0.396484 0.884766
0 0.701172 0.894531 0.699219 0.894531 0.697266 0.896484 0.693359 0.896484 0.691406 0.894531 0.691406 0.888672 0.693359 0.886719 0.697266 0.886719 0.699219 0.888672 0.701172 0.888672
0 0.664062 0.894531 0.662109 0.896484 0.662109 0.898438 0.660156 0.900391 0.654297 0.900391 0.652344 0.898438 0.652344 0.896484 0.650391 0.894531 0.650391 0.892578 0.652344 0.890625 0.652344 0.888672 0.654297 0.886719 0.660156 0.886719 0.662109 0.888672 0.662109 0.890625 0.664062 0.892578
0 0.695312 0.896484 0.689453 0.902344 0.683594 0.902344 0.677734 0.896484 0.677734 0.890625 0.683594 0.884766 0.689453 0.884766 0.695312 0.890625
0 0.718750 0.896484 0.716797 0.896484 0.714844 0.898438 0.710938 0.898438 0.708984 0.896484 0.708984 0.890625 0.710938 0.888672 0.714844 0.888672 0.716797 0.890625 0.718750 0.890625
0 0.279297 0.904297 0.277344 0.904297 0.275391 0.906250 0.265625 0.906250 0.259766 0.900391 0.259766 0.890625 0.261719 0.888672 0.263672 0.888672 0.263672 0.886719 0.265625 0.884766 0.275391 0.884766 0.281250 0.890625 0.281250 0.900391 0.279297 0.902344
0 0.753906 0.898438 0.751953 0.898438 0.750000 0.900391 0.746094 0.900391 0.744141 0.898438 0.744141 0.892578 0.746094 0.890625 0.750000 0.890625 0.751953 0.892578 0.753906 0.892578
0 0.830078 0.896484 0.828125 0.898438 0.828125 0.900391 0.826172 0.902344 0.820312 0.902344 0.818359 0.900391 0.818359 0.898438 0.816406 0.896484 0.816406 0.894531 0.818359 0.892578 0.818359 0.890625 0.820312 0.888672 0.826172 0.888672 0.828125 0.890625 0.828125 0.892578 0.830078 0.894531
0 0.685547 0.900391 0.683594 0.900391 0.681641 0.902344 0.677734 0.902344 0.675781 0.900391 0.675781 0.894531 0.677734 0.892578 0.681641 0.892578 0.683594 0.894531 0.685547 0.894531
0 0.382812 0.898438 0.382812 0.902344 0.378906 0.902344 0.376953 0.900391 0.380859 0.896484
0 0.568359 0.902344 0.566406 0.902344 0.564453 0.904297 0.560547 0.904297 0.558594 0.902344 0.558594 0.896484 0.560547 0.894531 0.564453 0.894531 0.566406 0.896484 0.568359 0.896484
0 0.701172 0.902344 0.699219 0.902344 0.697266 0.904297 0.693359 0.904297 0.691406 0.902344 0.691406 0.896484 0.693359 0.894531 0.697266 0.894531 0.699219 0.896484 0.701172 0.896484
0 0.332031 0.900391 0.332031 0.904297 0.328125 0.904297 0.326172 0.902344 0.330078 0.898438
0 0.341797 0.900391 0.341797 0.904297 0.337891 0.904297 0.335938 0.902344 0.339844 0.898438
0 0.371094 0.900391 0.371094 0.904297 0.367188 0.904297 0.365234 0.902344 0.369141 0.898438
0 0.406250 0.904297 0.404297 0.904297 0.402344 0.906250 0.398438 0.906250 0.396484 0.904297 0.396484 0.898438 0.398438 0.896484 0.402344 0.896484 0.404297 0.898438 0.406250 0.898438
0 0.425781 0.906250 0.423828 0.906250 0.421875 0.908203 0.417969 0.908203 0.416016 0.906250 0.416016 0.900391 0.417969 0.898438 0.421875 0.898438 0.423828 0.900391 0.425781 0.900391
0 0.804688 0.904297 0.802734 0.906250 0.802734 0.908203 0.800781 0.910156 0.794922 0.910156 0.792969 0.908203 0.792969 0.906250 0.791016 0.904297 0.791016 0.902344 0.792969 0.900391 0.792969 0.898438 0.794922 0.896484 0.800781 0.896484 0.802734 0.898438 0.802734 0.900391 0.804688 0.902344
0 0.900391 0.906250 0.898438 0.906250 0.896484 0.908203 0.892578 0.908203 0.890625 0.906250 0.890625 0.900391 0.892578 0.898438 0.896484 0.898438 0.898438 0.900391 0.900391 0.900391
0 0.457031 0.914062 0.455078 0.914062 0.453125 0.916016 0.443359 0.916016 0.437500 0.910156 0.437500 0.900391 0.439453 0.898438 0.441406 0.898438 0.441406 0.896484 0.443359 0.894531 0.453125 0.894531 0.458984 0.900391 0.458984 0.910156 0.457031 0.912109
0 0.337891 0.906250 0.337891 0.910156 0.333984 0.910156 0.332031 0.908203 0.335938 0.904297
0 0.394531 0.906250 0.394531 0.910156 0.390625 0.910156 0.388672 0.908203 0.392578 0.904297
0 0.406250 0.906250 0.406250 0.910156 0.402344 0.910156 0.400391 0.908203 0.404297 0.904297
0 0.552734 0.908203 0.550781 0.910156 0.550781 0.912109 0.548828 0.914062 0.542969 0.914062 0.541016 0.912109 0.541016 0.910156 0.539062 0.908203 0.539062 0.906250 0.541016 0.904297 0.541016 0.902344 0.542969 0.900391 0.548828 0.900391 0.550781 0.902344 0.550781 0.904297 0.552734 0.906250
0 0.580078 0.910156 0.578125 0.910156 0.576172 0.912109 0.572266 0.912109 0.570312 0.910156 0.570312 0.904297 0.572266 0.902344 0.576172 0.902344 0.578125 0.904297 0.580078 0.904297
0 0.882812 0.906250 0.882812 0.910156 0.878906 0.910156 0.876953 0.908203 0.880859 0.904297
0 0.941406 0.916016 0.939453 0.916016 0.937500 0.917969 0.927734 0.917969 0.921875 0.912109 0.921875 0.902344 0.923828 0.900391 0.925781 0.900391 0.925781 0.898438 0.927734 0.896484 0.937500 0.896484 0.943359 0.902344 0.943359 0.912109 0.941406 0.914062
0 0.320312 0.917969 0.318359 0.917969 0.316406 0.919922 0.306641 0.919922 0.300781 0.914062 0.300781 0.904297 0.302734 0.902344 0.304688 0.902344 0.304688 0.900391 0.306641 0.898438 0.316406 0.898438 0.322266 0.904297 0.322266 0.914062 0.320312 0.916016
0 0.613281 0.914062 0.611328 0.914062 0.609375 0.916016 0.605469 0.916016 0.603516 0.914062 0.603516 0.908203 0.605469 0.906250 0.609375 0.906250 0.611328 0.908203 0.613281 0.908203
0 0.718750 0.916016 0.716797 0.916016 0.714844 0.917969 0.710938 0.917969 0.708984 0.916016 0.708984 0.910156 0.710938 0.908203 0.714844 0.908203 0.716797 0.910156 0.718750 0.910156
0 0.490234 0.917969 0.484375 0.923828 0.478516 0.923828 0.472656 0.917969 0.472656 0.912109 0.478516 0.906250 0.484375 0.906250 0.490234 0.912109
0 0.623047 0.914062 0.623047 0.917969 0.619141 0.917969 0.617188 0.916016 0.621094 0.912109
0 0.726562 0.914062 0.726562 0.917969 0.722656 0.917969 0.720703 0.916016 0.724609 0.912109
0 0.277344 0.917969 0.275391 0.919922 0.275391 0.921875 0.273438 0.923828 0.267578 0.923828 0.265625 0.921875 0.265625 0.919922 0.263672 0.917969 0.263672 0.916016 0.265625 0.914062 0.265625 0.912109 0.267578 0.910156 0.273438 0.910156 0.275391 0.912109 0.275391 0.914062 0.277344 0.916016
0 0.849609 0.917969 0.849609 0.921875 0.845703 0.921875 0.843750 0.919922 0.847656 0.916016
0 0.859375 0.917969 0.859375 0.921875 0.855469 0.921875 0.853516 0.919922 0.857422 0.916016
0 0.607422 0.923828 0.605469 0.923828 0.603516 0.925781 0.599609 0.925781 0.597656 0.923828 0.597656 0.917969 0.599609 0.916016 0.603516 0.916016 0.605469 0.917969 0.607422 0.917969
0 0.730469 0.919922 0.730469 0.923828 0.726562 0.923828 0.724609 0.921875 0.728516 0.917969
0 0.943359 0.925781 0.941406 0.925781 0.939453 0.927734 0.935547 0.927734 0.933594 0.925781 0.933594 0.919922 0.935547 0.917969 0.939453 0.917969 0.941406 0.919922 0.943359 0.919922
0 0.621094 0.923828 0.621094 0.927734 0.617188 0.927734 0.615234 0.925781 0.619141 0.921875
0 0.566406 0.927734 0.564453 0.929688 0.564453 0.931641 0.562500 0.933594 0.556641 0.933594 0.554688 0.931641 0.554688 0.929688 0.552734 0.927734 0.552734 0.925781 0.554688 0.923828 0.554688 0.921875 0.556641 0.919922 0.562500 0.919922 0.564453 0.921875 0.564453 0.923828 0.566406 0.925781
0 0.853516 0.925781 0.853516 0.929688 0.849609 0.929688 0.847656 0.927734 0.851562 0.923828
0 0.986328 0.935547 0.984375 0.935547 0.982422 0.937500 0.972656 0.937500 0.966797 0.931641 0.966797 0.921875 0.968750 0.919922 0.970703 0.919922 0.970703 0.917969 0.972656 0.916016 0.982422 0.916016 0.988281 0.921875 0.988281 0.931641 0.986328 0.933594
0 0.949219 0.931641 0.947266 0.931641 0.945312 0.933594 0.941406 0.933594 0.939453 0.931641 0.939453 0.925781 0.941406 0.923828 0.945312 0.923828 0.947266 0.925781 0.949219 0.925781
0 0.716797 0.929688 0.716797 0.933594 0.712891 0.933594 0.710938 0.931641 0.714844 0.927734
0 0.726562 0.929688 0.726562 0.933594 0.722656 0.933594 0.720703 0.931641 0.724609 0.927734
0 0.425781 0.933594 0.423828 0.935547 0.423828 0.937500 0.421875 0.939453 0.416016 0.939453 0.414062 0.937500 0.414062 0.935547 0.412109 0.933594 0.412109 0.931641 0.414062 0.929688 0.414062 0.927734 0.416016 0.925781 0.421875 0.925781 0.423828 0.927734 0.423828 0.929688 0.425781 0.931641
0 0.404297 0.935547 0.402344 0.937500 0.402344 0.939453 0.400391 0.941406 0.394531 0.941406 0.392578 0.939453 0.392578 0.937500 0.390625 0.935547 0.390625 0.933594 0.392578 0.931641 0.392578 0.929688 0.394531 0.927734 0.400391 0.927734 0.402344 0.929688 0.402344 0.931641 0.404297 0.933594
0 0.326172 0.937500 0.324219 0.939453 0.324219 0.941406 0.322266 0.943359 0.316406 0.943359 0.314453 0.941406 0.314453 0.939453 0.312500 0.937500 0.312500 0.935547 0.314453 0.933594 0.314453 0.931641 0.316406 0.929688 0.322266 0.929688 0.324219 0.931641 0.324219 0.933594 0.326172 0.935547
0 0.960938 0.939453 0.955078 0.945312 0.949219 0.945312 0.943359 0.939453 0.943359 0.933594 0.949219 0.927734 0.955078 0.927734 0.960938 0.933594
0 0.271484 0.943359 0.269531 0.943359 0.267578 0.945312 0.263672 0.945312 0.261719 0.943359 0.261719 0.937500 0.263672 0.935547 0.267578 0.935547 0.269531 0.937500 0.271484 0.937500
0 0.796875 0.943359 0.794922 0.943359 0.792969 0.945312 0.789062 0.945312 0.787109 0.943359 0.787109 0.937500 0.789062 0.935547 0.792969 0.935547 0.794922 0.937500 0.796875 0.937500
0 0.464844 0.951172 0.462891 0.951172 0.460938 0.953125 0.451172 0.953125 0.445312 0.947266 0.445312 0.937500 0.447266 0.935547 0.449219 0.935547 0.449219 0.933594 0.451172 0.931641 0.460938 0.931641 0.466797 0.937500 0.466797 0.947266 0.464844 0.949219
0 0.980469 0.951172 0.978516 0.951172 0.976562 0.953125 0.966797 0.953125 0.960938 0.947266 0.960938 0.937500 0.962891 0.935547 0.964844 0.935547 0.964844 0.933594 0.966797 0.931641 0.976562 0.931641 0.982422 0.937500 0.982422 0.947266 0.980469 0.949219
0 0.443359 0.949219 0.441406 0.949219 0.439453 0.951172 0.435547 0.951172 0.433594 0.949219 0.433594 0.943359 0.435547 0.941406 0.439453 0.941406 0.441406 0.943359 0.443359 0.943359
0 0.503906 0.947266 0.501953 0.949219 0.501953 0.951172 0.500000 0.953125 0.494141 0.953125 0.492188 0.951172 0.492188 0.949219 0.490234 0.947266 0.490234 0.945312 0.492188 0.943359 0.492188 0.941406 0.494141 0.939453 0.500000 0.939453 0.501953 0.941406 0.501953 0.943359 0.503906 0.945312
0 0.613281 0.949219 0.611328 0.949219 0.609375 0.951172 0.605469 0.951172 0.603516 0.949219 0.603516 0.943359 0.605469 0.941406 0.609375 0.941406 0.611328 0.943359 0.613281 0.943359
0 0.779297 0.949219 0.777344 0.949219 0.775391 0.951172 0.771484 0.951172 0.769531 0.949219 0.769531 0.943359 0.771484 0.941406 0.775391 0.941406 0.777344 0.943359 0.779297 0.943359
0 0.537109 0.947266 0.537109 0.951172 0.533203 0.951172 0.531250 0.949219 0.535156 0.945312
0 0.632812 0.951172 0.630859 0.951172 0.628906 0.953125 0.625000 0.953125 0.623047 0.951172 0.623047 0.945312 0.625000 0.943359 0.628906 0.943359 0.630859 0.945312 0.632812 0.945312
0 0.386719 0.953125 0.384766 0.953125 0.382812 0.955078 0.378906 0.955078 0.376953 0.953125 0.376953 0.947266 0.378906 0.945312 0.382812 0.945312 0.384766 0.947266 0.386719 0.947266
0 0.759766 0.953125 0.757812 0.953125 0.755859 0.955078 0.751953 0.955078 0.750000 0.953125 0.750000 0.947266 0.751953 0.945312 0.755859 0.945312 0.757812 0.947266 0.759766 0.947266
0 0.337891 0.962891 0.335938 0.962891 0.333984 0.964844 0.324219 0.964844 0.318359 0.958984 0.318359 0.949219 0.320312 0.947266 0.322266 0.947266 0.322266 0.945312 0.324219 0.943359 0.333984 0.943359 0.339844 0.949219 0.339844 0.958984 0.337891 0.960938
0 0.531250 0.953125 0.531250 0.957031 0.527344 0.957031 0.525391 0.955078 0.529297 0.951172
0 0.373047 0.964844 0.371094 0.964844 0.369141 0.966797 0.359375 0.966797 0.353516 0.960938 0.353516 0.951172 0.355469 0.949219 0.357422 0.949219 0.357422 0.947266 0.359375 0.945312 0.369141 0.945312 0.375000 0.951172 0.375000 0.960938 0.373047 0.962891
0 0.435547 0.958984 0.429688 0.964844 0.423828 0.964844 0.417969 0.958984 0.417969 0.953125 0.423828 0.947266 0.429688 0.947266 0.435547 0.953125
0 0.960938 0.960938 0.958984 0.960938 0.957031 0.962891 0.953125 0.962891 0.951172 0.960938 0.951172 0.955078 0.953125 0.953125 0.957031 0.953125 0.958984 0.955078 0.960938 0.955078
0 0.453125 0.958984 0.453125 0.962891 0.449219 0.962891 0.447266 0.960938 0.451172 0.957031
0 0.494141 0.962891 0.488281 0.968750 0.482422 0.968750 0.476562 0.962891 0.476562 0.957031 0.482422 0.951172 0.488281 0.951172 0.494141 0.957031
0 0.595703 0.962891 0.593750 0.962891 0.591797 0.964844 0.587891 0.964844 0.585938 0.962891 0.585938 0.957031 0.587891 0.955078 0.591797 0.955078 0.593750 0.957031 0.595703 0.957031
0 0.619141 0.962891 0.617188 0.962891 0.615234 0.964844 0.611328 0.964844 0.609375 0.962891 0.609375 0.957031 0.611328 0.955078 0.615234 0.955078 0.617188 0.957031 0.619141 0.957031
0 0.539062 0.964844 0.537109 0.964844 0.535156 0.966797 0.531250 0.966797 0.529297 0.964844 0.529297 0.958984 0.531250 0.957031 0.535156 0.957031 0.537109 0.958984 0.539062 0.958984
0 0.769531 0.964844 0.767578 0.964844 0.765625 0.966797 0.761719 0.966797 0.759766 0.964844 0.759766 0.958984 0.761719 0.957031 0.765625 0.957031 0.767578 0.958984 0.769531 0.958984
0 0.283203 0.964844 0.281250 0.966797 0.281250 0.968750 0.279297 0.970703 0.273438 0.970703 0.271484 0.968750 0.271484 0.966797 0.269531 0.964844 0.269531 0.962891 0.271484 0.960938 0.271484 0.958984 0.273438 0.957031 0.279297 0.957031 0.281250 0.958984 0.281250 0.960938 0.283203 0.962891
0 0.960938 0.966797 0.958984 0.966797 0.957031 0.968750 0.953125 0.968750 0.951172 0.966797 0.951172 0.960938 0.953125 0.958984 0.957031 0.958984 0.958984 0.960938 0.960938 0.960938
0 0.982422 0.964844 0.980469 0.966797 0.980469 0.968750 0.978516 0.970703 0.972656 0.970703 0.970703 0.968750 0.970703 0.966797 0.968750 0.964844 0.968750 0.962891 0.970703 0.960938 0.970703 0.958984 0.972656 0.957031 0.978516 0.957031 0.980469 0.958984 0.980469 0.960938 0.982422 0.962891
0 0.998047 0.974609 0.992188 0.974609 0.986328 0.968750 0.986328 0.958984 0.988281 0.957031 0.990234 0.957031 0.990234 0.955078 0.992188 0.953125 0.998047 0.953125
0 0.605469 0.972656 0.603516 0.972656 0.601562 0.974609 0.597656 0.974609 0.595703 0.972656 0.595703 0.966797 0.597656 0.964844 0.601562 0.964844 0.603516 0.966797 0.605469 0.966797
0 0.542969 0.980469 0.541016 0.980469 0.539062 0.982422 0.535156 0.982422 0.533203 0.980469 0.533203 0.974609 0.535156 0.972656 0.539062 0.972656 0.541016 0.974609 0.542969 0.974609
0 0.406250 0.980469 0.404297 0.982422 0.404297 0.984375 0.402344 0.986328 0.396484 0.986328 0.394531 0.984375 0.394531 0.982422 0.392578 0.980469 0.392578 0.978516 0.394531 0.976562 0.394531 0.974609 0.396484 0.972656 0.402344 0.972656 0.404297 0.974609 0.404297 0.976562 0.406250 0.978516
0 0.968750 0.986328 0.962891 0.992188 0.957031 0.992188 0.951172 0.986328 0.951172 0.980469 0.957031 0.974609 0.962891 0.974609 0.968750 0.980469
0 0.769531 0.990234 0.767578 0.990234 0.765625 0.992188 0.761719 0.992188 0.759766 0.990234 0.759766 0.984375 0.761719 0.982422 0.765625 0.982422 0.767578 0.984375 0.769531 0.984375
0 0.302734 0.998047 0.281250 0.998047 0.281250 0.992188 0.283203 0.990234 0.285156 0.990234 0.285156 0.988281 0.287109 0.986328 0.296875 0.986328 0.302734 0.992188
0 0.359375 0.998047 0.341797 0.998047 0.341797 0.994141 0.347656 0.988281 0.353516 0.988281 0.359375 0.994141
0 0.384766 0.998047 0.363281 0.998047 0.363281 0.992188 0.365234 0.990234 0.367188 0.990234 0.367188 0.988281 0.369141 0.986328 0.378906 0.986328 0.384766 0.992188
0 0.412109 0.998047 0.390625 0.998047 0.390625 0.992188 0.392578 0.990234 0.394531 0.990234 0.394531 0.988281 0.396484 0.986328 0.406250 0.986328 0.412109 0.992188
0 0.482422 0.998047 0.468750 0.998047 0.468750 0.996094 0.470703 0.994141 0.470703 0.992188 0.472656 0.990234 0.478516 0.990234 0.480469 0.992188 0.480469 0.994141 0.482422 0.996094
0 0.509766 0.998047 0.500000 0.998047 0.500000 0.994141 0.501953 0.992188 0.505859 0.992188 0.507812 0.994141 0.509766 0.994141
0 0.525391 0.998047 0.503906 0.998047 0.503906 0.992188 0.505859 0.990234 0.507812 0.990234 0.507812 0.988281 0.509766 0.986328 0.519531 0.986328 0.525391 0.992188
0 0.531250 0.998047 0.521484 0.998047 0.521484 0.994141 0.523438 0.992188 0.527344 0.992188 0.529297 0.994141 0.531250 0.994141
0 0.556641 0.998047 0.546875 0.998047 0.546875 0.994141 0.548828 0.992188 0.552734 0.992188 0.554688 0.994141 0.556641 0.994141
0 0.789062 0.998047 0.779297 0.998047 0.779297 0.994141 0.781250 0.992188 0.785156 0.992188 0.787109 0.994141 0.789062 0.994141
0 0.978516 0.998047 0.957031 0.998047 0.957031 0.992188 0.958984 0.990234 0.960938 0.990234 0.960938 0.988281 0.962891 0.986328 0.972656 0.986328 0.978516 0.992188
