0 0.052734 0.000000 0.048828 0.000000 0.048828 0.005859 0.050781 0.005859 0.052734 0.003906
0 0.140625 0.007812 0.138672 0.009766 0.138672 0.011719 0.140625 0.013672 0.142578 0.013672 0.144531 0.011719 0.144531 0.009766 0.142578 0.007812
0 0.902344 0.042969 0.900391 0.044922 0.900391 0.050781 0.902344 0.050781 0.904297 0.052734 0.908203 0.048828 0.908203 0.046875 0.904297 0.042969
0 0.958984 0.050781 0.957031 0.052734 0.957031 0.054688 0.958984 0.056641 0.962891 0.056641 0.962891 0.052734 0.960938 0.050781
0 0.503906 0.125000 0.503906 0.128906 0.507812 0.128906 0.507812 0.126953 0.505859 0.125000
0 0.572266 0.130859 0.568359 0.130859 0.566406 0.132812 0.566406 0.134766 0.568359 0.136719 0.570312 0.136719 0.572266 0.134766
0 0.462891 0.144531 0.458984 0.148438 0.458984 0.156250 0.460938 0.158203 0.470703 0.158203 0.470703 0.156250 0.472656 0.154297 0.472656 0.146484 0.470703 0.144531
0 0.503906 0.152344 0.501953 0.154297 0.501953 0.160156 0.505859 0.164062 0.509766 0.164062 0.513672 0.160156 0.513672 0.156250 0.509766 0.152344
0 0.478516 0.181641 0.472656 0.177734 0.464844 0.177734 0.458984 0.183594 0.455078 0.181641 0.445312 0.181641 0.439453 0.187500 0.439453 0.197266 0.445312 0.203125 0.453125 0.205078 0.458984 0.201172 0.460938 0.195312 0.464844 0.191406 0.476562 0.191406 0.478516 0.189453
0 0.927734 0.205078 0.925781 0.205078 0.921875 0.208984 0.921875 0.210938 0.923828 0.212891 0.927734 0.212891 0.929688 0.210938 0.929688 0.207031
0 0.439453 0.228516 0.437500 0.230469 0.439453 0.232422 0.441406 0.232422 0.443359 0.230469 0.441406 0.228516
0 0.412109 0.230469 0.410156 0.232422 0.412109 0.234375 0.414062 0.234375 0.414062 0.232422
0 0.439453 0.250000 0.437500 0.251953 0.437500 0.253906 0.439453 0.255859 0.443359 0.255859 0.445312 0.253906 0.445312 0.251953 0.443359 0.251953 0.441406 0.250000
0 0.347656 0.259766 0.343750 0.263672 0.343750 0.273438 0.349609 0.279297 0.355469 0.279297 0.361328 0.273438 0.361328 0.271484 0.363281 0.269531 0.361328 0.267578 0.361328 0.263672 0.357422 0.259766
0 0.449219 0.287109 0.443359 0.289062 0.443359 0.296875 0.433594 0.304688 0.433594 0.320312 0.439453 0.328125 0.445312 0.330078 0.455078 0.320312 0.455078 0.308594 0.449219 0.300781 0.449219 0.296875 0.453125 0.294922 0.455078 0.300781 0.458984 0.302734 0.464844 0.300781 0.464844 0.294922 0.460938 0.292969 0.455078 0.294922
0 0.390625 0.289062 0.388672 0.291016 0.388672 0.292969 0.386719 0.294922 0.386719 0.298828 0.390625 0.302734 0.396484 0.302734 0.402344 0.296875 0.402344 0.292969 0.398438 0.289062
0 0.470703 0.291016 0.468750 0.289062 0.466797 0.291016
0 0.689453 0.289062 0.687500 0.291016 0.689453 0.292969 0.691406 0.292969 0.691406 0.289062
1 0.625000 0.296875 0.623047 0.298828 0.623047 0.300781 0.621094 0.302734 0.621094 0.306641 0.623047 0.306641 0.625000 0.304688
0 0.644531 0.306641 0.642578 0.308594 0.644531 0.310547 0.646484 0.310547 0.648438 0.308594 0.646484 0.306641
0 0.613281 0.320312 0.611328 0.322266 0.611328 0.324219 0.613281 0.326172 0.617188 0.326172 0.619141 0.324219 0.619141 0.322266 0.617188 0.320312
1 0.544922 0.333984 0.542969 0.335938 0.542969 0.345703 0.546875 0.349609 0.554688 0.353516 0.552734 0.355469 0.552734 0.359375 0.556641 0.363281 0.562500 0.363281 0.564453 0.361328 0.564453 0.357422 0.558594 0.349609 0.562500 0.341797 0.554688 0.335938 0.548828 0.335938
0 0.533203 0.335938 0.529297 0.335938 0.527344 0.337891 0.531250 0.341797 0.533203 0.339844
0 0.603516 0.337891 0.601562 0.335938 0.599609 0.335938 0.595703 0.339844 0.597656 0.341797 0.601562 0.341797 0.603516 0.339844
0 0.337891 0.343750 0.335938 0.345703 0.335938 0.347656 0.337891 0.349609 0.339844 0.349609 0.341797 0.347656 0.341797 0.345703 0.339844 0.343750
0 0.378906 0.345703 0.378906 0.347656 0.376953 0.349609 0.376953 0.357422 0.382812 0.363281 0.390625 0.363281 0.396484 0.359375 0.396484 0.357422 0.398438 0.355469 0.398438 0.351562 0.394531 0.345703 0.390625 0.345703 0.388672 0.343750 0.384766 0.343750 0.382812 0.345703
0 0.654297 0.345703 0.650391 0.349609 0.650391 0.351562 0.652344 0.353516 0.656250 0.353516 0.658203 0.351562 0.658203 0.349609
0 0.296875 0.355469 0.296875 0.357422 0.302734 0.357422 0.298828 0.353516
0 0.355469 0.353516 0.355469 0.355469 0.353516 0.357422 0.355469 0.359375 0.355469 0.361328 0.357422 0.363281 0.359375 0.363281 0.359375 0.361328 0.361328 0.359375 0.361328 0.357422 0.363281 0.355469 0.361328 0.355469 0.359375 0.353516
0 0.578125 0.353516 0.574219 0.357422 0.574219 0.363281 0.576172 0.365234 0.578125 0.365234 0.580078 0.367188 0.580078 0.369141 0.585938 0.363281 0.585938 0.357422 0.583984 0.355469 0.580078 0.355469
0 0.535156 0.357422 0.531250 0.361328 0.529297 0.361328 0.525391 0.367188 0.525391 0.369141 0.527344 0.371094 0.527344 0.378906 0.533203 0.382812 0.542969 0.382812 0.548828 0.376953 0.548828 0.363281 0.546875 0.361328 0.546875 0.359375 0.541016 0.359375 0.539062 0.357422
0 0.251953 0.361328 0.250000 0.363281 0.251953 0.365234 0.253906 0.365234 0.253906 0.363281
0 0.464844 0.365234 0.462891 0.367188 0.462891 0.369141 0.464844 0.371094 0.468750 0.371094 0.470703 0.369141 0.470703 0.367188 0.468750 0.365234
0 0.771484 0.363281 0.767578 0.367188 0.767578 0.373047 0.771484 0.376953 0.775391 0.376953 0.777344 0.375000 0.779297 0.375000 0.781250 0.373047 0.779297 0.371094 0.779297 0.367188 0.775391 0.363281
0 0.126953 0.369141 0.125000 0.371094 0.125000 0.375000 0.126953 0.375000 0.128906 0.373047 0.128906 0.371094
0 0.371094 0.375000 0.369141 0.375000 0.367188 0.376953 0.367188 0.378906 0.369141 0.380859 0.371094 0.378906
0 0.447266 0.376953 0.443359 0.376953 0.439453 0.380859 0.439453 0.382812 0.443359 0.386719 0.445312 0.386719 0.449219 0.382812 0.449219 0.378906
0 0.416016 0.392578 0.414062 0.394531 0.414062 0.396484 0.416016 0.398438 0.417969 0.398438 0.419922 0.396484 0.419922 0.394531 0.417969 0.392578
0 0.492188 0.392578 0.490234 0.392578 0.490234 0.396484 0.492188 0.394531
0 0.626953 0.392578 0.625000 0.394531 0.628906 0.398438 0.630859 0.398438 0.630859 0.394531 0.628906 0.392578
0 0.523438 0.394531 0.519531 0.394531 0.511719 0.400391 0.511719 0.404297 0.513672 0.404297 0.517578 0.408203 0.509766 0.414062 0.509766 0.417969 0.513672 0.423828 0.519531 0.423828 0.523438 0.419922 0.523438 0.416016 0.521484 0.412109 0.529297 0.404297 0.529297 0.400391
0 0.210938 0.400391 0.208984 0.402344 0.208984 0.406250 0.210938 0.408203 0.214844 0.408203 0.216797 0.406250 0.216797 0.404297 0.212891 0.400391
0 0.154297 0.402344 0.152344 0.404297 0.152344 0.410156 0.154297 0.412109 0.154297 0.414062 0.152344 0.416016 0.152344 0.419922 0.154297 0.421875 0.154297 0.423828 0.160156 0.423828 0.164062 0.419922 0.164062 0.412109 0.162109 0.410156 0.162109 0.404297 0.160156 0.402344
0 0.595703 0.402344 0.591797 0.402344 0.591797 0.406250 0.593750 0.408203 0.595703 0.406250
0 0.380859 0.406250 0.378906 0.408203 0.376953 0.408203 0.376953 0.410156 0.378906 0.412109 0.380859 0.412109 0.380859 0.410156 0.382812 0.408203
0 0.968750 0.406250 0.964844 0.410156 0.964844 0.416016 0.966797 0.417969 0.966797 0.419922 0.968750 0.421875 0.972656 0.421875 0.976562 0.417969 0.976562 0.410156 0.974609 0.408203 0.972656 0.408203 0.970703 0.406250
0 0.179688 0.414062 0.175781 0.417969 0.175781 0.421875 0.179688 0.425781 0.187500 0.425781 0.189453 0.423828 0.189453 0.416016 0.187500 0.414062
0 0.318359 0.416016 0.316406 0.417969 0.316406 0.425781 0.318359 0.427734 0.318359 0.439453 0.320312 0.441406 0.324219 0.441406 0.326172 0.439453 0.328125 0.439453 0.328125 0.427734 0.330078 0.425781 0.324219 0.416016
1 0.371094 0.417969 0.371094 0.421875 0.373047 0.423828 0.376953 0.423828 0.378906 0.421875 0.382812 0.421875 0.384766 0.419922 0.384766 0.417969
0 0.564453 0.423828 0.562500 0.425781 0.560547 0.425781 0.560547 0.431641 0.562500 0.431641 0.564453 0.433594 0.566406 0.433594 0.568359 0.431641 0.570312 0.431641 0.570312 0.427734 0.566406 0.423828
0 0.777344 0.421875 0.775391 0.423828 0.777344 0.425781 0.779297 0.423828
1 0.396484 0.425781 0.392578 0.429688 0.390625 0.429688 0.384766 0.433594 0.384766 0.435547 0.382812 0.437500 0.382812 0.443359 0.380859 0.445312 0.380859 0.447266 0.386719 0.447266 0.392578 0.441406 0.392578 0.437500 0.394531 0.435547 0.394531 0.433594 0.398438 0.429688 0.398438 0.427734
0 0.667969 0.425781 0.667969 0.429688 0.669922 0.431641 0.671875 0.431641 0.673828 0.429688 0.673828 0.427734 0.671875 0.425781
0 0.628906 0.431641 0.626953 0.433594 0.626953 0.437500 0.628906 0.439453 0.632812 0.439453 0.634766 0.437500 0.634766 0.433594 0.632812 0.431641
1 0.589844 0.437500 0.583984 0.439453 0.583984 0.441406 0.582031 0.443359 0.582031 0.447266 0.585938 0.453125 0.583984 0.455078 0.583984 0.458984 0.582031 0.460938 0.582031 0.464844 0.583984 0.466797 0.585938 0.466797 0.587891 0.464844 0.587891 0.460938 0.591797 0.457031 0.591797 0.451172 0.593750 0.449219 0.593750 0.441406
0 0.451172 0.443359 0.449219 0.443359 0.447266 0.445312 0.449219 0.447266 0.451172 0.445312
0 0.994141 0.443359 0.992188 0.445312 0.992188 0.449219 0.994141 0.451172 0.998047 0.451172 0.998047 0.443359
0 0.490234 0.449219 0.488281 0.449219 0.486328 0.451172 0.486328 0.457031 0.490234 0.457031 0.492188 0.455078 0.492188 0.451172
0 0.683594 0.449219 0.681641 0.451172 0.681641 0.453125 0.683594 0.455078 0.685547 0.453125 0.685547 0.451172
0 0.306641 0.455078 0.304688 0.455078 0.300781 0.458984 0.300781 0.460938 0.304688 0.464844 0.308594 0.460938 0.308594 0.457031
0 0.400391 0.453125 0.398438 0.455078 0.400391 0.457031 0.402344 0.455078
0 0.552734 0.457031 0.552734 0.464844 0.556641 0.470703 0.570312 0.470703 0.570312 0.466797 0.568359 0.464844 0.568359 0.458984 0.570312 0.457031 0.572266 0.458984 0.574219 0.457031 0.570312 0.457031 0.568359 0.458984 0.558594 0.453125
0 0.365234 0.457031 0.363281 0.457031 0.361328 0.458984 0.361328 0.460938 0.365234 0.464844 0.365234 0.466797 0.363281 0.468750 0.359375 0.464844 0.357422 0.464844 0.353516 0.468750 0.353516 0.474609 0.359375 0.478516 0.363281 0.474609 0.373047 0.476562 0.373047 0.474609 0.376953 0.470703 0.376953 0.466797
1 0.607422 0.458984 0.605469 0.458984 0.603516 0.460938 0.601562 0.460938 0.595703 0.466797 0.597656 0.468750 0.595703 0.470703 0.593750 0.470703 0.593750 0.474609 0.599609 0.474609 0.601562 0.472656 0.601562 0.468750 0.607422 0.462891
0 0.457031 0.464844 0.457031 0.466797 0.458984 0.466797 0.458984 0.464844
0 0.230469 0.468750 0.228516 0.470703 0.228516 0.478516 0.226562 0.480469 0.228516 0.480469 0.230469 0.482422 0.230469 0.484375 0.232422 0.484375 0.234375 0.486328 0.240234 0.486328 0.242188 0.484375 0.242188 0.472656 0.238281 0.468750
0 0.658203 0.474609 0.656250 0.476562 0.658203 0.478516 0.660156 0.478516 0.660156 0.476562
0 0.212891 0.476562 0.210938 0.478516 0.210938 0.480469 0.212891 0.482422 0.214844 0.482422 0.216797 0.480469 0.216797 0.478516 0.214844 0.476562
0 0.533203 0.480469 0.531250 0.482422 0.531250 0.486328 0.533203 0.488281 0.535156 0.488281 0.537109 0.486328 0.537109 0.482422 0.535156 0.480469
0 0.560547 0.482422 0.556641 0.480469 0.550781 0.480469 0.548828 0.482422 0.550781 0.484375 0.550781 0.488281 0.541016 0.494141 0.541016 0.501953 0.542969 0.503906 0.550781 0.503906 0.556641 0.498047 0.558594 0.500000 0.564453 0.500000 0.566406 0.498047 0.566406 0.492188 0.560547 0.486328
0 0.380859 0.490234 0.375000 0.496094 0.375000 0.503906 0.373047 0.505859 0.373047 0.509766 0.375000 0.511719 0.373047 0.513672 0.378906 0.519531 0.398438 0.521484 0.402344 0.517578 0.402344 0.511719 0.400391 0.509766 0.402344 0.507812 0.398438 0.503906 0.398438 0.498047 0.396484 0.494141 0.390625 0.488281
0 0.472656 0.498047 0.474609 0.500000 0.474609 0.501953 0.478516 0.505859 0.480469 0.505859 0.482422 0.507812 0.484375 0.505859 0.488281 0.505859 0.490234 0.503906 0.492188 0.503906 0.492188 0.501953 0.494141 0.500000 0.492188 0.500000 0.490234 0.498047 0.486328 0.498047 0.480469 0.494141 0.476562 0.494141
0 0.527344 0.494141 0.525391 0.496094 0.525391 0.503906 0.527344 0.505859 0.527344 0.507812 0.533203 0.507812 0.535156 0.505859 0.535156 0.498047 0.531250 0.494141
0 0.605469 0.492188 0.601562 0.492188 0.601562 0.494141 0.603516 0.496094 0.605469 0.494141
0 0.667969 0.496094 0.666016 0.498047 0.667969 0.500000 0.669922 0.500000 0.669922 0.498047
0 0.503906 0.513672 0.501953 0.513672 0.498047 0.509766 0.492188 0.509766 0.488281 0.511719 0.482422 0.517578 0.482422 0.521484 0.478516 0.523438 0.478516 0.525391 0.474609 0.529297 0.476562 0.531250 0.478516 0.529297 0.482422 0.533203 0.494141 0.533203 0.503906 0.523438
0 0.775391 0.507812 0.773438 0.509766 0.771484 0.509766 0.771484 0.511719 0.769531 0.513672 0.769531 0.517578 0.773438 0.521484 0.779297 0.521484 0.783203 0.517578 0.783203 0.511719 0.781250 0.509766 0.779297 0.509766 0.777344 0.507812
0 0.167969 0.513672 0.158203 0.513672 0.156250 0.515625 0.156250 0.517578 0.154297 0.519531 0.152344 0.525391 0.156250 0.529297 0.156250 0.531250 0.158203 0.533203 0.162109 0.533203 0.166016 0.529297 0.167969 0.529297 0.167969 0.525391 0.169922 0.523438 0.169922 0.515625
0 0.453125 0.511719 0.455078 0.513672 0.455078 0.515625 0.457031 0.517578 0.457031 0.511719
0 0.464844 0.511719 0.462891 0.513672 0.462891 0.517578 0.468750 0.523438 0.468750 0.525391 0.472656 0.521484 0.474609 0.523438 0.474609 0.513672 0.472656 0.511719
0 0.677734 0.511719 0.673828 0.515625 0.677734 0.519531 0.679688 0.519531 0.681641 0.517578 0.681641 0.513672 0.679688 0.511719
0 0.275391 0.515625 0.273438 0.517578 0.273438 0.523438 0.277344 0.523438 0.277344 0.517578
0 0.720703 0.521484 0.718750 0.523438 0.718750 0.525391 0.720703 0.527344 0.722656 0.527344 0.724609 0.525391 0.724609 0.523438 0.722656 0.521484
0 0.806641 0.519531 0.806641 0.521484 0.810547 0.521484 0.810547 0.519531
1 0.136719 0.529297 0.130859 0.525391 0.121094 0.525391 0.115234 0.531250 0.111328 0.531250 0.107422 0.527344 0.103516 0.527344 0.099609 0.531250 0.099609 0.537109 0.103516 0.541016 0.111328 0.537109 0.121094 0.542969 0.125000 0.539062 0.132812 0.537109 0.136719 0.533203
0 0.253906 0.525391 0.251953 0.527344 0.251953 0.533203 0.253906 0.535156 0.257812 0.535156 0.261719 0.531250 0.261719 0.527344 0.259766 0.525391
0 0.445312 0.525391 0.441406 0.529297 0.441406 0.533203 0.443359 0.535156 0.449219 0.535156 0.451172 0.533203 0.451172 0.529297 0.447266 0.525391
0 0.605469 0.525391 0.601562 0.529297 0.601562 0.533203 0.603516 0.535156 0.609375 0.535156 0.611328 0.537109 0.613281 0.537109 0.615234 0.535156 0.611328 0.531250 0.611328 0.527344 0.609375 0.525391
0 0.988281 0.523438 0.984375 0.527344 0.984375 0.535156 0.986328 0.537109 0.988281 0.537109 0.992188 0.533203 0.994141 0.533203 0.994141 0.529297
0 0.691406 0.527344 0.689453 0.529297 0.689453 0.533203 0.691406 0.535156 0.695312 0.535156 0.697266 0.533203 0.697266 0.529297 0.695312 0.527344
0 0.427734 0.533203 0.423828 0.537109 0.423828 0.546875 0.427734 0.550781 0.433594 0.552734 0.435547 0.550781 0.437500 0.550781 0.441406 0.544922 0.443359 0.544922 0.441406 0.544922 0.439453 0.542969 0.437500 0.537109 0.435547 0.537109 0.431641 0.533203
0 0.931641 0.535156 0.927734 0.533203 0.925781 0.541016 0.923828 0.542969 0.917969 0.537109 0.912109 0.535156 0.906250 0.542969 0.908203 0.550781 0.914062 0.556641 0.921875 0.556641 0.923828 0.554688 0.923828 0.542969 0.925781 0.541016 0.929688 0.542969 0.933594 0.539062
0 0.357422 0.537109 0.355469 0.539062 0.355469 0.550781 0.357422 0.550781 0.359375 0.552734 0.361328 0.550781 0.367188 0.550781 0.371094 0.546875 0.371094 0.544922 0.369141 0.542969 0.369141 0.541016 0.367188 0.539062 0.365234 0.539062 0.363281 0.537109
0 0.177734 0.541016 0.173828 0.544922 0.173828 0.546875 0.175781 0.546875 0.177734 0.548828 0.179688 0.548828 0.181641 0.546875 0.181641 0.542969 0.179688 0.541016
1 0.599609 0.539062 0.597656 0.539062 0.591797 0.544922 0.591797 0.550781 0.593750 0.548828 0.595703 0.548828 0.601562 0.542969 0.601562 0.541016
0 0.816406 0.541016 0.816406 0.542969 0.812500 0.546875 0.804688 0.550781 0.804688 0.560547 0.818359 0.570312 0.822266 0.570312 0.830078 0.566406 0.832031 0.558594 0.833984 0.556641 0.833984 0.550781 0.828125 0.542969 0.824219 0.541016
0 0.541016 0.544922 0.541016 0.546875 0.539062 0.548828 0.539062 0.550781 0.542969 0.554688 0.546875 0.554688 0.550781 0.550781 0.550781 0.548828 0.548828 0.546875 0.546875 0.546875 0.544922 0.544922
0 0.625000 0.548828 0.626953 0.548828 0.630859 0.552734 0.632812 0.552734 0.634766 0.550781 0.634766 0.544922 0.630859 0.544922 0.628906 0.546875 0.626953 0.546875
0 0.652344 0.546875 0.650391 0.548828 0.650391 0.550781 0.654297 0.554688 0.658203 0.554688 0.660156 0.552734 0.660156 0.548828 0.658203 0.546875
1 0.669922 0.546875 0.669922 0.548828 0.667969 0.550781 0.669922 0.550781
0 0.408203 0.558594 0.398438 0.552734 0.392578 0.554688 0.390625 0.556641 0.390625 0.566406 0.388672 0.568359 0.386719 0.566406 0.384766 0.568359 0.384766 0.572266 0.388672 0.572266 0.392578 0.568359 0.394531 0.568359 0.398438 0.572266 0.404297 0.572266 0.408203 0.568359
0 0.480469 0.554688 0.480469 0.556641 0.484375 0.560547 0.492188 0.560547 0.494141 0.558594 0.494141 0.554688 0.492188 0.552734 0.490234 0.552734 0.488281 0.550781 0.486328 0.550781 0.484375 0.552734 0.482422 0.552734
0 0.371094 0.556641 0.367188 0.560547 0.367188 0.562500 0.371094 0.566406 0.375000 0.566406 0.376953 0.564453 0.376953 0.558594 0.375000 0.558594 0.373047 0.556641
0 0.177734 0.558594 0.175781 0.560547 0.175781 0.564453 0.177734 0.566406 0.181641 0.566406 0.185547 0.562500 0.181641 0.558594
0 0.441406 0.562500 0.439453 0.566406 0.445312 0.572266 0.427734 0.583984 0.427734 0.595703 0.431641 0.601562 0.443359 0.603516 0.451172 0.613281 0.462891 0.609375 0.468750 0.615234 0.474609 0.615234 0.476562 0.607422 0.472656 0.597656 0.468750 0.595703 0.464844 0.605469 0.457031 0.595703 0.466797 0.582031 0.460938 0.564453 0.451172 0.560547 0.445312 0.564453
0 0.527344 0.558594 0.525391 0.560547 0.525391 0.562500 0.527344 0.564453 0.531250 0.564453 0.531250 0.558594
0 0.611328 0.558594 0.609375 0.560547 0.607422 0.560547 0.607422 0.572266 0.611328 0.572266 0.613281 0.570312 0.613281 0.568359 0.615234 0.566406 0.615234 0.562500
0 0.482422 0.568359 0.480469 0.568359 0.478516 0.570312 0.480469 0.572266 0.482422 0.570312
0 0.833984 0.570312 0.832031 0.572266 0.830078 0.572266 0.828125 0.574219 0.828125 0.580078 0.833984 0.585938 0.837891 0.585938 0.843750 0.580078 0.843750 0.578125 0.841797 0.576172 0.841797 0.574219 0.837891 0.570312
1 0.996094 0.570312 0.996094 0.574219 0.990234 0.580078 0.990234 0.583984 0.996094 0.589844 0.998047 0.589844 0.998047 0.570312
0 0.117188 0.576172 0.115234 0.578125 0.115234 0.580078 0.117188 0.582031 0.119141 0.582031 0.121094 0.580078 0.121094 0.578125 0.119141 0.576172
0 0.664062 0.583984 0.660156 0.583984 0.660156 0.587891 0.662109 0.587891 0.664062 0.585938
0 0.359375 0.589844 0.357422 0.591797 0.355469 0.591797 0.353516 0.593750 0.353516 0.597656 0.357422 0.601562 0.361328 0.601562 0.363281 0.599609 0.363281 0.593750
0 0.560547 0.591797 0.560547 0.595703 0.562500 0.597656 0.564453 0.597656 0.564453 0.595703 0.566406 0.593750 0.564453 0.591797
0 0.712891 0.589844 0.710938 0.591797 0.705078 0.591797 0.705078 0.601562 0.708984 0.605469 0.714844 0.605469 0.716797 0.603516 0.716797 0.593750
0 0.423828 0.593750 0.419922 0.593750 0.419922 0.595703 0.421875 0.597656 0.423828 0.595703
0 0.521484 0.593750 0.519531 0.595703 0.519531 0.601562 0.523438 0.605469 0.523438 0.609375 0.525391 0.609375 0.527344 0.611328 0.531250 0.611328 0.535156 0.607422 0.535156 0.605469 0.529297 0.599609 0.529297 0.597656 0.525391 0.593750
0 0.330078 0.599609 0.328125 0.601562 0.328125 0.603516 0.330078 0.605469 0.333984 0.605469 0.335938 0.603516 0.335938 0.601562 0.333984 0.599609
0 0.921875 0.597656 0.917969 0.601562 0.917969 0.605469 0.916016 0.607422 0.916016 0.611328 0.919922 0.617188 0.921875 0.617188 0.923828 0.619141 0.931641 0.619141 0.937500 0.613281 0.937500 0.609375 0.939453 0.607422 0.939453 0.605469 0.937500 0.603516 0.937500 0.601562 0.933594 0.597656
1 0.580078 0.607422 0.576172 0.603516 0.568359 0.611328 0.566406 0.611328 0.566406 0.613281 0.568359 0.615234 0.570312 0.613281 0.570312 0.611328 0.572266 0.609375 0.574219 0.609375 0.576172 0.611328 0.578125 0.611328 0.580078 0.609375
0 0.666016 0.605469 0.662109 0.609375 0.662109 0.621094 0.667969 0.626953 0.671875 0.628906 0.681641 0.628906 0.689453 0.621094 0.689453 0.611328 0.685547 0.607422 0.681641 0.605469 0.677734 0.605469 0.675781 0.603516 0.669922 0.603516
0 0.628906 0.605469 0.626953 0.607422 0.625000 0.607422 0.625000 0.609375 0.623047 0.611328 0.625000 0.613281 0.625000 0.615234 0.628906 0.615234 0.630859 0.617188 0.632812 0.615234 0.632812 0.613281 0.634766 0.611328 0.636719 0.613281 0.634766 0.611328 0.636719 0.609375 0.634766 0.609375 0.630859 0.605469
0 0.244141 0.609375 0.242188 0.609375 0.236328 0.615234 0.236328 0.617188 0.238281 0.619141 0.244141 0.619141 0.246094 0.617188 0.246094 0.611328
0 0.273438 0.609375 0.271484 0.611328 0.273438 0.613281 0.275391 0.613281 0.277344 0.611328 0.275391 0.609375
0 0.392578 0.609375 0.390625 0.611328 0.392578 0.613281 0.394531 0.611328
0 0.601562 0.609375 0.597656 0.609375 0.597656 0.613281 0.599609 0.613281 0.601562 0.611328
0 0.648438 0.609375 0.646484 0.611328 0.646484 0.613281 0.648438 0.615234 0.648438 0.617188 0.652344 0.617188 0.654297 0.615234 0.654297 0.611328 0.652344 0.609375
0 0.269531 0.619141 0.267578 0.621094 0.267578 0.623047 0.269531 0.625000 0.269531 0.626953 0.273438 0.626953 0.275391 0.625000 0.275391 0.621094 0.273438 0.619141
0 0.576172 0.619141 0.574219 0.621094 0.574219 0.625000 0.576172 0.626953 0.580078 0.626953 0.582031 0.625000 0.582031 0.619141
0 0.500000 0.623047 0.498047 0.625000 0.494141 0.625000 0.490234 0.628906 0.490234 0.636719 0.496094 0.642578 0.503906 0.642578 0.507812 0.638672 0.505859 0.636719 0.505859 0.632812 0.503906 0.630859 0.503906 0.628906 0.500000 0.625000
0 0.521484 0.621094 0.519531 0.623047 0.519531 0.625000 0.521484 0.626953 0.525391 0.626953 0.525391 0.623047 0.523438 0.621094
0 0.443359 0.630859 0.435547 0.634766 0.431641 0.642578 0.433594 0.644531 0.433594 0.652344 0.437500 0.656250 0.441406 0.666016 0.447266 0.666016 0.451172 0.669922 0.449219 0.671875 0.460938 0.664062 0.460938 0.656250 0.451172 0.634766
0 0.406250 0.642578 0.388672 0.634766 0.380859 0.636719 0.373047 0.646484 0.375000 0.660156 0.365234 0.664062 0.357422 0.660156 0.357422 0.654297 0.324219 0.648438 0.318359 0.662109 0.322266 0.693359 0.333984 0.701172 0.365234 0.697266 0.367188 0.681641 0.384766 0.675781 0.386719 0.660156 0.394531 0.673828 0.402344 0.673828 0.402344 0.662109 0.408203 0.656250
0 0.705078 0.632812 0.703125 0.634766 0.703125 0.636719 0.705078 0.638672 0.707031 0.636719 0.707031 0.634766
0 0.966797 0.632812 0.966797 0.636719 0.970703 0.636719 0.970703 0.634766 0.968750 0.632812
1 0.513672 0.646484 0.509766 0.650391 0.509766 0.656250 0.515625 0.664062 0.523438 0.664062 0.523438 0.662109 0.529297 0.658203 0.531250 0.654297 0.535156 0.654297 0.537109 0.656250 0.537109 0.664062 0.531250 0.673828 0.535156 0.675781 0.539062 0.681641 0.537109 0.687500 0.546875 0.693359 0.552734 0.689453 0.560547 0.687500 0.560547 0.679688 0.554688 0.673828 0.546875 0.671875 0.542969 0.667969 0.546875 0.666016 0.546875 0.662109 0.548828 0.660156 0.554688 0.662109 0.554688 0.658203 0.550781 0.660156 0.546875 0.654297 0.544922 0.656250 0.541016 0.652344 0.542969 0.650391 0.541016 0.648438 0.541016 0.644531 0.537109 0.642578 0.535156 0.638672 0.533203 0.640625 0.531250 0.638672 0.523438 0.644531
0 0.607422 0.658203 0.605469 0.660156 0.603516 0.660156 0.603516 0.662109 0.601562 0.664062 0.599609 0.664062 0.595703 0.660156 0.591797 0.660156 0.591797 0.666016 0.595703 0.669922 0.597656 0.667969 0.599609 0.669922 0.601562 0.669922 0.603516 0.671875 0.605469 0.671875 0.607422 0.669922 0.607422 0.664062 0.605469 0.662109 0.607422 0.660156
0 0.796875 0.656250 0.796875 0.658203 0.792969 0.662109 0.796875 0.669922 0.796875 0.689453 0.810547 0.689453 0.812500 0.691406 0.814453 0.689453 0.816406 0.675781 0.812500 0.671875 0.812500 0.667969 0.808594 0.664062 0.810547 0.660156 0.808594 0.660156 0.804688 0.656250
0 0.818359 0.658203 0.818359 0.664062 0.820312 0.666016 0.822266 0.666016 0.826172 0.662109 0.822266 0.658203
0 0.761719 0.662109 0.757812 0.666016 0.757812 0.667969 0.759766 0.669922 0.765625 0.669922 0.767578 0.667969 0.767578 0.666016 0.765625 0.664062 0.765625 0.662109
0 0.849609 0.666016 0.851562 0.667969 0.851562 0.669922 0.853516 0.669922 0.857422 0.673828 0.859375 0.671875 0.861328 0.671875 0.863281 0.669922 0.865234 0.669922 0.863281 0.667969 0.863281 0.664062 0.859375 0.660156 0.853516 0.660156 0.851562 0.662109 0.851562 0.664062
0 0.494141 0.666016 0.494141 0.669922 0.498047 0.673828 0.500000 0.673828 0.503906 0.669922 0.505859 0.669922 0.503906 0.669922 0.498047 0.664062 0.496094 0.664062
0 0.628906 0.666016 0.626953 0.666016 0.625000 0.667969 0.625000 0.671875 0.626953 0.673828 0.630859 0.669922 0.630859 0.667969
0 0.498047 0.677734 0.496094 0.677734 0.496094 0.681641 0.498047 0.679688
0 0.505859 0.675781 0.503906 0.677734 0.503906 0.681641 0.505859 0.681641 0.507812 0.679688 0.511719 0.683594 0.509766 0.685547 0.509766 0.691406 0.513672 0.695312 0.517578 0.695312 0.519531 0.697266 0.521484 0.695312 0.523438 0.695312 0.529297 0.685547 0.527344 0.687500 0.523438 0.683594 0.523438 0.681641 0.521484 0.681641 0.519531 0.679688 0.513672 0.679688 0.511719 0.677734
0 0.925781 0.683594 0.923828 0.685547 0.923828 0.689453 0.921875 0.691406 0.921875 0.693359 0.927734 0.699219 0.929688 0.699219 0.931641 0.701172 0.935547 0.701172 0.939453 0.697266 0.939453 0.689453 0.937500 0.687500 0.937500 0.685547 0.935547 0.683594
0 0.783203 0.693359 0.783203 0.697266 0.781250 0.699219 0.783203 0.701172 0.791016 0.701172 0.791016 0.695312 0.789062 0.693359
0 0.238281 0.697266 0.236328 0.695312 0.234375 0.697266 0.234375 0.699219 0.236328 0.699219
0 0.625000 0.695312 0.623047 0.697266 0.626953 0.701172 0.628906 0.701172 0.630859 0.699219 0.630859 0.697266 0.628906 0.695312
1 0.806641 0.695312 0.800781 0.701172 0.800781 0.708984 0.806641 0.716797 0.804688 0.720703 0.804688 0.736328 0.812500 0.746094 0.816406 0.746094 0.826172 0.742188 0.824219 0.740234 0.826172 0.718750 0.818359 0.710938 0.816406 0.701172 0.812500 0.697266
0 0.609375 0.701172 0.607422 0.703125 0.605469 0.703125 0.605469 0.705078 0.603516 0.707031 0.605469 0.708984 0.609375 0.708984 0.611328 0.707031 0.611328 0.703125
0 0.550781 0.712891 0.548828 0.714844 0.548828 0.718750 0.552734 0.718750 0.552734 0.714844
0 0.626953 0.712891 0.625000 0.714844 0.626953 0.716797 0.628906 0.716797 0.630859 0.714844 0.628906 0.712891
0 0.832031 0.714844 0.833984 0.716797 0.837891 0.716797 0.837891 0.714844 0.835938 0.712891 0.833984 0.712891
0 0.337891 0.714844 0.337891 0.716797 0.339844 0.718750 0.339844 0.722656 0.341797 0.724609 0.345703 0.724609 0.349609 0.720703 0.347656 0.718750 0.349609 0.716797 0.345703 0.716797 0.343750 0.714844
0 0.376953 0.714844 0.376953 0.718750 0.378906 0.720703 0.380859 0.718750 0.382812 0.718750 0.380859 0.716797 0.380859 0.714844
0 0.433594 0.714844 0.429688 0.714844 0.427734 0.716797 0.425781 0.716797 0.421875 0.720703 0.421875 0.728516 0.423828 0.730469 0.423828 0.732422 0.427734 0.736328 0.429688 0.736328 0.431641 0.734375 0.431641 0.732422 0.439453 0.724609 0.439453 0.720703 0.437500 0.718750 0.437500 0.716797 0.435547 0.716797
0 0.908203 0.714844 0.906250 0.716797 0.906250 0.720703 0.908203 0.722656 0.912109 0.722656 0.912109 0.716797 0.910156 0.714844
0 0.656250 0.720703 0.654297 0.722656 0.656250 0.724609 0.656250 0.726562 0.658203 0.726562 0.658203 0.724609 0.660156 0.722656 0.658203 0.720703
0 0.708984 0.718750 0.677734 0.728516 0.667969 0.736328 0.666016 0.748047 0.671875 0.757812 0.691406 0.765625 0.681641 0.773438 0.673828 0.771484 0.662109 0.777344 0.662109 0.785156 0.673828 0.802734 0.679688 0.802734 0.687500 0.789062 0.697266 0.787109 0.705078 0.763672 0.714844 0.763672 0.724609 0.755859 0.722656 0.732422
0 0.748047 0.720703 0.744141 0.724609 0.744141 0.728516 0.746094 0.730469 0.751953 0.730469 0.753906 0.728516 0.753906 0.722656 0.751953 0.722656 0.750000 0.720703
1 0.953125 0.722656 0.949219 0.718750 0.943359 0.718750 0.931641 0.724609 0.925781 0.724609 0.917969 0.734375 0.916016 0.732422 0.910156 0.734375 0.906250 0.738281 0.906250 0.744141 0.910156 0.748047 0.917969 0.748047 0.923828 0.736328 0.925781 0.738281 0.933594 0.738281 0.951172 0.732422
1 0.359375 0.734375 0.357422 0.734375 0.355469 0.736328 0.355469 0.738281 0.353516 0.740234 0.349609 0.740234 0.347656 0.742188 0.347656 0.746094 0.349609 0.748047 0.351562 0.748047 0.353516 0.746094 0.353516 0.740234 0.355469 0.738281 0.359375 0.738281
0 0.423828 0.746094 0.423828 0.751953 0.425781 0.753906 0.431641 0.753906 0.433594 0.755859 0.431641 0.757812 0.433594 0.763672 0.441406 0.763672 0.445312 0.759766 0.445312 0.750000 0.443359 0.748047 0.439453 0.748047 0.437500 0.750000 0.431641 0.746094
0 0.892578 0.751953 0.892578 0.753906 0.890625 0.755859 0.892578 0.755859 0.894531 0.757812 0.896484 0.757812 0.898438 0.755859 0.898438 0.753906 0.896484 0.751953
0 0.765625 0.759766 0.759766 0.759766 0.755859 0.763672 0.755859 0.765625 0.761719 0.771484 0.767578 0.765625 0.767578 0.761719
0 0.986328 0.761719 0.984375 0.763672 0.984375 0.769531 0.988281 0.773438 0.994141 0.773438 0.996094 0.771484 0.996094 0.763672 0.994141 0.761719
0 0.935547 0.769531 0.931641 0.769531 0.927734 0.773438 0.927734 0.775391 0.929688 0.777344 0.929688 0.781250 0.931641 0.783203 0.933594 0.783203 0.939453 0.777344 0.939453 0.773438
1 0.912109 0.777344 0.906250 0.787109 0.906250 0.791016 0.908203 0.794922 0.917969 0.802734 0.917969 0.808594 0.919922 0.810547 0.925781 0.810547 0.929688 0.806641 0.929688 0.794922 0.927734 0.794922 0.923828 0.791016 0.917969 0.779297 0.916016 0.777344
0 0.986328 0.781250 0.984375 0.783203 0.984375 0.787109 0.986328 0.789062 0.988281 0.789062 0.990234 0.787109 0.990234 0.785156
0 0.605469 0.785156 0.603516 0.787109 0.603516 0.789062 0.605469 0.791016 0.605469 0.792969 0.605469 0.791016 0.607422 0.789062 0.607422 0.787109
0 0.777344 0.785156 0.769531 0.785156 0.767578 0.787109 0.767578 0.789062 0.765625 0.791016 0.765625 0.794922 0.767578 0.796875 0.771484 0.796875 0.773438 0.798828 0.779297 0.792969 0.779297 0.787109
0 0.742188 0.792969 0.744141 0.794922 0.748047 0.794922 0.748047 0.792969 0.746094 0.791016 0.744141 0.791016
0 0.845703 0.792969 0.843750 0.794922 0.843750 0.798828 0.847656 0.798828 0.847656 0.794922
0 0.525391 0.796875 0.523438 0.798828 0.523438 0.802734 0.527344 0.806641 0.529297 0.806641 0.531250 0.808594 0.533203 0.806641 0.533203 0.800781 0.529297 0.796875
0 0.724609 0.796875 0.720703 0.802734 0.720703 0.808594 0.726562 0.814453 0.730469 0.814453 0.732422 0.812500 0.734375 0.812500 0.734375 0.810547 0.736328 0.808594 0.736328 0.802734 0.732422 0.796875
0 0.628906 0.802734 0.626953 0.804688 0.626953 0.806641 0.628906 0.808594 0.630859 0.808594 0.632812 0.806641 0.632812 0.804688 0.630859 0.802734
1 0.664062 0.808594 0.662109 0.806641 0.660156 0.806641 0.656250 0.810547 0.658203 0.812500 0.656250 0.814453 0.658203 0.812500 0.660156 0.814453 0.664062 0.810547
0 0.570312 0.808594 0.570312 0.812500 0.572266 0.814453 0.574219 0.812500 0.574219 0.810547 0.572266 0.808594
0 0.539062 0.814453 0.537109 0.816406 0.539062 0.818359 0.541016 0.818359 0.542969 0.816406 0.541016 0.814453
0 0.878906 0.822266 0.880859 0.826172 0.886719 0.826172 0.892578 0.832031 0.896484 0.833984 0.902344 0.833984 0.910156 0.828125 0.910156 0.820312 0.906250 0.816406 0.906250 0.814453 0.902344 0.812500 0.892578 0.812500 0.892578 0.814453 0.888672 0.818359 0.882812 0.818359
0 0.947266 0.812500 0.943359 0.816406 0.943359 0.830078 0.945312 0.832031 0.943359 0.833984 0.949219 0.839844 0.955078 0.839844 0.958984 0.837891 0.962891 0.841797 0.966797 0.841797 0.970703 0.837891 0.970703 0.835938 0.962891 0.830078 0.962891 0.826172 0.958984 0.818359 0.953125 0.812500
1 0.494141 0.822266 0.488281 0.822266 0.486328 0.824219 0.486328 0.826172 0.488281 0.828125 0.480469 0.835938 0.480469 0.839844 0.486328 0.845703 0.494141 0.837891 0.492188 0.835938 0.492188 0.833984 0.496094 0.828125 0.496094 0.824219
1 0.695312 0.824219 0.691406 0.820312 0.683594 0.820312 0.673828 0.832031 0.664062 0.833984 0.656250 0.824219 0.646484 0.824219 0.640625 0.832031 0.642578 0.845703 0.646484 0.847656 0.652344 0.845703 0.664062 0.851562 0.671875 0.851562 0.685547 0.839844 0.691406 0.839844 0.695312 0.835938
0 0.537109 0.824219 0.535156 0.826172 0.533203 0.826172 0.533203 0.832031 0.535156 0.833984 0.535156 0.835938 0.537109 0.837891 0.539062 0.837891 0.541016 0.835938 0.541016 0.833984 0.542969 0.832031 0.542969 0.830078 0.541016 0.828125 0.541016 0.826172 0.539062 0.824219
0 0.767578 0.824219 0.765625 0.826172 0.765625 0.828125 0.767578 0.830078 0.769531 0.830078 0.771484 0.828125 0.771484 0.826172 0.769531 0.824219
0 0.558594 0.832031 0.556641 0.833984 0.554688 0.833984 0.548828 0.839844 0.546875 0.845703 0.548828 0.847656 0.548828 0.849609 0.550781 0.849609 0.552734 0.851562 0.556641 0.851562 0.558594 0.853516 0.564453 0.853516 0.570312 0.847656 0.572266 0.841797 0.570312 0.839844 0.570312 0.837891 0.568359 0.837891 0.564453 0.833984
0 0.843750 0.835938 0.843750 0.837891 0.841797 0.839844 0.843750 0.841797 0.847656 0.841797 0.847656 0.835938
1 0.998047 0.841797 0.998047 0.843750 0.996094 0.845703 0.996094 0.851562 0.998047 0.853516 0.998047 0.855469
0 0.925781 0.849609 0.921875 0.853516 0.921875 0.855469 0.919922 0.857422 0.919922 0.863281 0.921875 0.863281 0.925781 0.867188 0.933594 0.867188 0.937500 0.863281 0.937500 0.861328 0.939453 0.859375 0.937500 0.857422 0.937500 0.853516 0.933594 0.849609
0 0.726562 0.853516 0.726562 0.859375 0.728516 0.859375 0.730469 0.857422 0.730469 0.855469 0.728516 0.853516
0 0.697266 0.865234 0.697266 0.871094 0.699219 0.873047 0.699219 0.875000 0.707031 0.875000 0.708984 0.873047 0.710938 0.873047 0.710938 0.865234 0.707031 0.861328 0.701172 0.861328
0 0.900391 0.859375 0.896484 0.863281 0.898438 0.865234 0.894531 0.869141 0.892578 0.869141 0.888672 0.875000 0.888672 0.878906 0.890625 0.880859 0.898438 0.880859 0.902344 0.876953 0.900391 0.875000 0.900391 0.869141 0.898438 0.867188 0.902344 0.863281 0.902344 0.861328
0 0.970703 0.861328 0.968750 0.863281 0.968750 0.865234 0.970703 0.867188 0.972656 0.867188 0.974609 0.865234 0.974609 0.863281 0.972656 0.861328
0 0.664062 0.865234 0.662109 0.863281 0.660156 0.863281 0.658203 0.865234 0.656250 0.865234 0.654297 0.867188 0.650391 0.867188 0.650391 0.873047 0.656250 0.873047 0.660156 0.876953 0.662109 0.876953 0.662109 0.875000 0.664062 0.873047 0.666016 0.873047 0.664062 0.871094
0 0.500000 0.867188 0.498047 0.869141 0.498047 0.873047 0.503906 0.873047 0.503906 0.867188
0 0.751953 0.869141 0.750000 0.871094 0.751953 0.873047
0 0.939453 0.869141 0.939453 0.873047 0.941406 0.875000 0.943359 0.875000 0.943359 0.871094 0.941406 0.869141
0 0.988281 0.867188 0.986328 0.869141 0.986328 0.871094 0.988281 0.873047 0.990234 0.873047 0.992188 0.871094 0.992188 0.869141 0.990234 0.867188
0 0.734375 0.875000 0.734375 0.876953 0.736328 0.878906 0.738281 0.878906 0.740234 0.876953 0.738281 0.875000
0 0.957031 0.878906 0.955078 0.880859 0.955078 0.882812 0.953125 0.884766 0.957031 0.888672 0.960938 0.888672 0.962891 0.886719 0.962891 0.882812 0.960938 0.880859 0.960938 0.878906
0 0.996094 0.878906 0.994141 0.878906 0.994141 0.880859
0 0.603516 0.884766 0.601562 0.886719 0.601562 0.894531 0.603516 0.896484 0.611328 0.896484 0.611328 0.894531 0.613281 0.892578 0.613281 0.886719 0.611328 0.884766
0 0.564453 0.890625 0.562500 0.892578 0.562500 0.900391 0.564453 0.902344 0.568359 0.902344 0.572266 0.898438 0.572266 0.892578 0.570312 0.890625
0 0.617188 0.896484 0.617188 0.898438 0.619141 0.898438 0.619141 0.896484
0 0.638672 0.906250 0.638672 0.910156 0.636719 0.912109 0.640625 0.916016 0.648438 0.916016 0.650391 0.917969 0.652344 0.917969 0.654297 0.916016 0.656250 0.916016 0.656250 0.914062 0.658203 0.912109 0.658203 0.906250 0.656250 0.904297 0.642578 0.904297 0.640625 0.906250
0 0.716797 0.904297 0.714844 0.906250 0.714844 0.910156 0.716797 0.912109 0.720703 0.912109 0.722656 0.910156 0.722656 0.906250 0.720703 0.904297
1 0.626953 0.908203 0.623047 0.908203 0.617188 0.917969 0.609375 0.921875 0.609375 0.933594 0.613281 0.939453 0.609375 0.941406 0.605469 0.949219 0.605469 0.955078 0.611328 0.960938 0.621094 0.951172 0.621094 0.943359 0.615234 0.939453 0.617188 0.937500 0.625000 0.937500 0.630859 0.931641 0.632812 0.916016
0 0.751953 0.906250 0.750000 0.908203 0.750000 0.910156 0.751953 0.912109 0.753906 0.912109 0.755859 0.910156
0 0.449219 0.912109 0.445312 0.917969 0.445312 0.927734 0.451172 0.933594 0.457031 0.935547 0.460938 0.931641 0.460938 0.929688 0.462891 0.927734 0.462891 0.923828 0.460938 0.921875 0.458984 0.916016 0.455078 0.912109
0 0.669922 0.910156 0.662109 0.917969 0.662109 0.927734 0.667969 0.937500 0.669922 0.937500 0.677734 0.945312 0.683594 0.945312 0.693359 0.937500 0.691406 0.935547 0.691406 0.929688 0.683594 0.914062 0.679688 0.910156
0 0.851562 0.914062 0.849609 0.912109 0.845703 0.912109 0.845703 0.917969 0.843750 0.919922 0.841797 0.919922 0.847656 0.919922 0.847656 0.917969
0 0.958984 0.910156 0.957031 0.912109 0.957031 0.914062 0.958984 0.916016 0.960938 0.916016 0.962891 0.914062 0.962891 0.912109 0.960938 0.910156
0 0.931641 0.919922 0.927734 0.916016 0.919922 0.916016 0.914062 0.923828 0.910156 0.919922 0.904297 0.921875 0.902344 0.923828 0.902344 0.929688 0.904297 0.931641 0.912109 0.931641 0.916016 0.929688 0.919922 0.933594 0.927734 0.933594 0.931641 0.925781
0 0.865234 0.919922 0.863281 0.929688 0.869141 0.935547 0.869141 0.951172 0.863281 0.962891 0.863281 0.972656 0.892578 0.994141 0.902344 0.982422 0.904297 0.984375 0.902344 0.978516 0.906250 0.970703 0.896484 0.960938 0.890625 0.937500 0.892578 0.935547 0.890625 0.937500
0 0.531250 0.931641 0.531250 0.939453 0.533203 0.941406 0.537109 0.941406 0.539062 0.939453 0.539062 0.933594 0.537109 0.931641
0 0.949219 0.929688 0.947266 0.931641 0.947266 0.939453 0.949219 0.941406 0.957031 0.941406 0.958984 0.939453 0.958984 0.933594 0.955078 0.929688
0 0.476562 0.935547 0.478516 0.937500 0.482422 0.937500 0.482422 0.935547 0.480469 0.933594 0.478516 0.933594
0 0.980469 0.935547 0.980469 0.941406 0.982422 0.943359 0.984375 0.943359 0.986328 0.941406 0.986328 0.937500 0.984375 0.935547
0 0.396484 0.937500 0.392578 0.937500 0.388672 0.941406 0.388672 0.947266 0.392578 0.951172 0.394531 0.951172 0.398438 0.947266 0.398438 0.939453
1 0.919922 0.943359 0.916016 0.939453 0.912109 0.943359 0.910156 0.943359 0.908203 0.945312 0.906250 0.943359 0.904297 0.945312 0.904297 0.949219 0.906250 0.949219 0.908203 0.947266 0.910156 0.947266 0.912109 0.945312 0.916016 0.949219 0.919922 0.945312
0 0.468750 0.943359 0.468750 0.945312 0.466797 0.947266 0.466797 0.951172 0.468750 0.953125 0.470703 0.951172 0.472656 0.951172 0.472656 0.947266
0 0.439453 0.945312 0.437500 0.951172 0.449219 0.960938 0.443359 0.970703 0.445312 0.982422 0.455078 0.988281 0.470703 0.986328 0.476562 0.976562 0.474609 0.966797 0.464844 0.958984 0.466797 0.957031 0.458984 0.958984 0.447266 0.945312
0 0.490234 0.945312 0.488281 0.947266 0.488281 0.949219 0.490234 0.951172 0.492188 0.951172 0.494141 0.949219 0.494141 0.947266 0.492188 0.945312
1 0.636719 0.958984 0.636719 0.968750 0.642578 0.974609 0.650391 0.974609 0.656250 0.970703 0.662109 0.982422 0.677734 0.986328 0.689453 0.978516 0.683594 0.964844 0.666016 0.962891 0.658203 0.970703 0.652344 0.955078 0.650391 0.957031 0.646484 0.953125
0 0.630859 0.968750 0.625000 0.964844 0.619141 0.970703 0.617188 0.980469 0.611328 0.986328 0.603516 0.990234 0.597656 0.998047 0.634766 0.998047 0.634766 0.988281 0.632812 0.986328 0.634766 0.984375 0.628906 0.978516
0 0.978516 0.968750 0.976562 0.970703 0.976562 0.972656 0.980469 0.976562 0.982422 0.974609 0.982422 0.970703 0.980469 0.968750
0 0.419922 0.974609 0.417969 0.976562 0.417969 0.980469 0.419922 0.982422 0.423828 0.982422 0.423828 0.974609
1 0.714844 0.990234 0.716797 0.992188 0.714844 0.994141 0.716797 0.998047 0.763672 0.998047 0.761719 0.990234 0.753906 0.982422 0.750000 0.982422 0.744141 0.976562 0.738281 0.974609 0.730469 0.974609 0.726562 0.976562
0 0.953125 0.978516 0.949219 0.978516 0.945312 0.982422 0.945312 0.984375 0.947266 0.986328 0.947266 0.988281 0.949219 0.988281 0.951172 0.990234 0.953125 0.988281 0.955078 0.988281 0.957031 0.986328 0.957031 0.982422
0 0.527344 0.986328 0.525391 0.988281 0.525391 0.990234 0.527344 0.992188 0.531250 0.992188 0.533203 0.990234 0.533203 0.988281 0.531250 0.986328
0 0.566406 0.988281 0.564453 0.990234 0.566406 0.992188 0.568359 0.992188 0.570312 0.990234 0.568359 0.988281
0 0.781250 0.992188 0.781250 0.996094 0.779297 0.998047 0.785156 0.998047 0.785156 0.994141 0.783203 0.994141
1 0.667969 0.998047 0.673828 0.998047 0.671875 0.998047 0.669922 0.996094
1 0.824219 0.998047 0.833984 0.998047 0.832031 0.996094 0.826172 0.996094
0 0.048828 0.001953 0.044922 0.001953 0.042969 0.000000 0.048828 0.000000
0 0.056641 0.001953 0.052734 0.001953 0.050781 0.000000 0.056641 0.000000
0 0.146484 0.000000 0.144531 0.001953 0.144531 0.003906 0.142578 0.005859 0.136719 0.005859 0.134766 0.003906 0.134766 0.001953 0.132812 0.000000
0 0.140625 0.001953 0.140625 0.007812 0.136719 0.007812 0.134766 0.005859 0.138672 0.001953
0 0.148438 0.005859 0.148438 0.009766 0.144531 0.009766 0.142578 0.007812 0.146484 0.003906
0 0.052734 0.007812 0.052734 0.011719 0.048828 0.011719 0.046875 0.009766 0.050781 0.005859
0 0.142578 0.013672 0.142578 0.017578 0.138672 0.017578 0.136719 0.015625 0.140625 0.011719
0 0.910156 0.041016 0.910156 0.044922 0.906250 0.044922 0.904297 0.042969 0.908203 0.039062
0 0.904297 0.052734 0.904297 0.056641 0.900391 0.056641 0.898438 0.054688 0.902344 0.050781
0 0.025391 0.125000 0.023438 0.126953 0.023438 0.128906 0.021484 0.130859 0.015625 0.130859 0.013672 0.128906 0.013672 0.126953 0.011719 0.125000 0.011719 0.123047 0.013672 0.121094 0.013672 0.119141 0.015625 0.117188 0.021484 0.117188 0.023438 0.119141 0.023438 0.121094 0.025391 0.123047
0 0.566406 0.128906 0.566406 0.132812 0.562500 0.132812 0.560547 0.130859 0.564453 0.126953
0 0.576172 0.128906 0.576172 0.132812 0.572266 0.132812 0.570312 0.130859 0.574219 0.126953
0 0.570312 0.136719 0.570312 0.140625 0.566406 0.140625 0.564453 0.138672 0.568359 0.134766
0 0.468750 0.142578 0.466797 0.142578 0.464844 0.144531 0.460938 0.144531 0.458984 0.142578 0.458984 0.136719 0.460938 0.134766 0.464844 0.134766 0.466797 0.136719 0.468750 0.136719
0 0.046875 0.148438 0.044922 0.148438 0.042969 0.150391 0.039062 0.150391 0.037109 0.148438 0.037109 0.142578 0.039062 0.140625 0.042969 0.140625 0.044922 0.142578 0.046875 0.142578
0 0.511719 0.148438 0.511719 0.152344 0.507812 0.152344 0.505859 0.150391 0.509766 0.146484
0 0.480469 0.154297 0.478516 0.154297 0.476562 0.156250 0.472656 0.156250 0.470703 0.154297 0.470703 0.148438 0.472656 0.146484 0.476562 0.146484 0.478516 0.148438 0.480469 0.148438
0 0.003906 0.164062 0.000000 0.164062 0.000000 0.142578 0.003906 0.142578 0.005859 0.144531 0.005859 0.146484 0.007812 0.146484 0.009766 0.148438 0.009766 0.158203 0.007812 0.160156 0.007812 0.162109 0.005859 0.162109
0 0.460938 0.156250 0.460938 0.160156 0.457031 0.160156 0.455078 0.158203 0.458984 0.154297
0 0.517578 0.160156 0.517578 0.164062 0.513672 0.164062 0.511719 0.162109 0.515625 0.158203
0 0.505859 0.162109 0.505859 0.166016 0.501953 0.166016 0.500000 0.164062 0.503906 0.160156
0 0.511719 0.164062 0.511719 0.167969 0.507812 0.167969 0.505859 0.166016 0.509766 0.162109
0 0.070312 0.175781 0.068359 0.175781 0.066406 0.177734 0.062500 0.177734 0.060547 0.175781 0.060547 0.169922 0.062500 0.167969 0.066406 0.167969 0.068359 0.169922 0.070312 0.169922
0 0.478516 0.175781 0.478516 0.179688 0.474609 0.179688 0.472656 0.177734 0.476562 0.173828
0 0.482422 0.185547 0.482422 0.189453 0.478516 0.189453 0.476562 0.187500 0.480469 0.183594
0 0.083984 0.195312 0.082031 0.197266 0.082031 0.199219 0.080078 0.201172 0.074219 0.201172 0.072266 0.199219 0.072266 0.197266 0.070312 0.195312 0.070312 0.193359 0.072266 0.191406 0.072266 0.189453 0.074219 0.187500 0.080078 0.187500 0.082031 0.189453 0.082031 0.191406 0.083984 0.193359
0 0.062500 0.212891 0.060547 0.212891 0.058594 0.214844 0.048828 0.214844 0.042969 0.208984 0.042969 0.199219 0.044922 0.197266 0.046875 0.197266 0.046875 0.195312 0.048828 0.193359 0.058594 0.193359 0.064453 0.199219 0.064453 0.208984 0.062500 0.210938
0 0.017578 0.207031 0.015625 0.208984 0.015625 0.210938 0.013672 0.212891 0.007812 0.212891 0.005859 0.210938 0.005859 0.208984 0.003906 0.207031 0.003906 0.205078 0.005859 0.203125 0.005859 0.201172 0.007812 0.199219 0.013672 0.199219 0.015625 0.201172 0.015625 0.203125 0.017578 0.205078
0 0.451172 0.208984 0.449219 0.208984 0.447266 0.210938 0.443359 0.210938 0.441406 0.208984 0.441406 0.203125 0.443359 0.201172 0.447266 0.201172 0.449219 0.203125 0.451172 0.203125
0 0.458984 0.208984 0.457031 0.208984 0.455078 0.210938 0.451172 0.210938 0.449219 0.208984 0.449219 0.203125 0.451172 0.201172 0.455078 0.201172 0.457031 0.203125 0.458984 0.203125
0 0.089844 0.212891 0.087891 0.214844 0.087891 0.216797 0.085938 0.218750 0.080078 0.218750 0.078125 0.216797 0.078125 0.214844 0.076172 0.212891 0.076172 0.210938 0.078125 0.208984 0.078125 0.207031 0.080078 0.205078 0.085938 0.205078 0.087891 0.207031 0.087891 0.208984 0.089844 0.210938
0 0.027344 0.216797 0.025391 0.216797 0.023438 0.218750 0.019531 0.218750 0.017578 0.216797 0.017578 0.210938 0.019531 0.208984 0.023438 0.208984 0.025391 0.210938 0.027344 0.210938
0 0.447266 0.226562 0.447266 0.230469 0.443359 0.230469 0.441406 0.228516 0.445312 0.224609
0 0.437500 0.228516 0.437500 0.232422 0.433594 0.232422 0.431641 0.230469 0.435547 0.226562
0 0.443359 0.234375 0.443359 0.238281 0.439453 0.238281 0.437500 0.236328 0.441406 0.232422
0 0.099609 0.255859 0.097656 0.255859 0.095703 0.257812 0.085938 0.257812 0.080078 0.251953 0.080078 0.242188 0.082031 0.240234 0.083984 0.240234 0.083984 0.238281 0.085938 0.236328 0.095703 0.236328 0.101562 0.242188 0.101562 0.251953 0.099609 0.253906
0 0.023438 0.263672 0.021484 0.263672 0.019531 0.265625 0.009766 0.265625 0.003906 0.259766 0.003906 0.250000 0.009766 0.244141 0.019531 0.244141 0.025391 0.250000 0.025391 0.259766 0.023438 0.261719
0 0.355469 0.257812 0.353516 0.257812 0.351562 0.259766 0.347656 0.259766 0.345703 0.257812 0.345703 0.251953 0.347656 0.250000 0.351562 0.250000 0.353516 0.251953 0.355469 0.251953
0 0.001953 0.269531 0.000000 0.269531 0.000000 0.263672 0.000000 0.265625 0.001953 0.267578
0 0.011719 0.267578 0.011719 0.271484 0.007812 0.271484 0.005859 0.269531 0.009766 0.265625
0 0.343750 0.271484 0.341797 0.271484 0.339844 0.273438 0.335938 0.273438 0.333984 0.271484 0.333984 0.265625 0.335938 0.263672 0.339844 0.263672 0.341797 0.265625 0.343750 0.265625
0 0.097656 0.271484 0.095703 0.273438 0.095703 0.275391 0.093750 0.277344 0.087891 0.277344 0.085938 0.275391 0.085938 0.273438 0.083984 0.271484 0.083984 0.269531 0.085938 0.267578 0.085938 0.265625 0.087891 0.263672 0.093750 0.263672 0.095703 0.265625 0.095703 0.267578 0.097656 0.269531
0 0.001953 0.277344 0.000000 0.277344 0.000000 0.271484 0.000000 0.273438 0.001953 0.275391
0 0.363281 0.281250 0.361328 0.281250 0.359375 0.283203 0.355469 0.283203 0.353516 0.281250 0.353516 0.275391 0.355469 0.273438 0.359375 0.273438 0.361328 0.275391 0.363281 0.275391
0 0.451172 0.285156 0.449219 0.285156 0.447266 0.287109 0.443359 0.287109 0.441406 0.285156 0.441406 0.279297 0.443359 0.277344 0.447266 0.277344 0.449219 0.279297 0.451172 0.279297
0 0.691406 0.283203 0.691406 0.287109 0.687500 0.287109 0.685547 0.285156 0.689453 0.281250
0 0.392578 0.289062 0.390625 0.289062 0.388672 0.291016 0.384766 0.291016 0.382812 0.289062 0.382812 0.283203 0.384766 0.281250 0.388672 0.281250 0.390625 0.283203 0.392578 0.283203
0 0.408203 0.292969 0.406250 0.292969 0.404297 0.294922 0.400391 0.294922 0.398438 0.292969 0.398438 0.287109 0.400391 0.285156 0.404297 0.285156 0.406250 0.287109 0.408203 0.287109
0 0.685547 0.289062 0.685547 0.292969 0.681641 0.292969 0.679688 0.291016 0.683594 0.287109
0 0.466797 0.291016 0.466797 0.294922 0.462891 0.294922 0.460938 0.292969 0.464844 0.289062
0 0.013672 0.302734 0.011719 0.302734 0.009766 0.304688 0.000000 0.304688 0.000000 0.283203 0.009766 0.283203 0.011719 0.285156 0.011719 0.287109 0.013672 0.287109 0.015625 0.289062 0.015625 0.298828 0.013672 0.300781
0 0.443359 0.298828 0.441406 0.298828 0.439453 0.300781 0.435547 0.300781 0.433594 0.298828 0.433594 0.292969 0.435547 0.291016 0.439453 0.291016 0.441406 0.292969 0.443359 0.292969
0 0.093750 0.300781 0.091797 0.300781 0.089844 0.302734 0.085938 0.302734 0.083984 0.300781 0.083984 0.294922 0.085938 0.292969 0.089844 0.292969 0.091797 0.294922 0.093750 0.294922
0 0.455078 0.300781 0.453125 0.300781 0.451172 0.302734 0.447266 0.302734 0.445312 0.300781 0.445312 0.294922 0.447266 0.292969 0.451172 0.292969 0.453125 0.294922 0.455078 0.294922
0 0.621094 0.298828 0.621094 0.302734 0.617188 0.302734 0.615234 0.300781 0.619141 0.296875
0 0.404297 0.304688 0.402344 0.304688 0.400391 0.306641 0.396484 0.306641 0.394531 0.304688 0.394531 0.298828 0.396484 0.296875 0.400391 0.296875 0.402344 0.298828 0.404297 0.298828
0 0.628906 0.300781 0.628906 0.304688 0.625000 0.304688 0.623047 0.302734 0.626953 0.298828
0 0.091797 0.306641 0.089844 0.306641 0.087891 0.308594 0.083984 0.308594 0.082031 0.306641 0.082031 0.300781 0.083984 0.298828 0.087891 0.298828 0.089844 0.300781 0.091797 0.300781
0 0.392578 0.306641 0.390625 0.306641 0.388672 0.308594 0.384766 0.308594 0.382812 0.306641 0.382812 0.300781 0.384766 0.298828 0.388672 0.298828 0.390625 0.300781 0.392578 0.300781
0 0.640625 0.306641 0.640625 0.310547 0.636719 0.310547 0.634766 0.308594 0.638672 0.304688
0 0.652344 0.306641 0.652344 0.310547 0.648438 0.310547 0.646484 0.308594 0.650391 0.304688
0 0.646484 0.312500 0.646484 0.316406 0.642578 0.316406 0.640625 0.314453 0.644531 0.310547
0 0.433594 0.318359 0.431641 0.318359 0.429688 0.320312 0.425781 0.320312 0.423828 0.318359 0.423828 0.312500 0.425781 0.310547 0.429688 0.310547 0.431641 0.312500 0.433594 0.312500
0 0.619141 0.316406 0.619141 0.320312 0.615234 0.320312 0.613281 0.318359 0.617188 0.314453
0 0.003906 0.332031 0.000000 0.332031 0.000000 0.310547 0.003906 0.310547 0.005859 0.312500 0.005859 0.314453 0.007812 0.314453 0.009766 0.316406 0.009766 0.326172 0.007812 0.328125 0.007812 0.330078 0.005859 0.330078
0 0.435547 0.324219 0.433594 0.324219 0.431641 0.326172 0.427734 0.326172 0.425781 0.324219 0.425781 0.318359 0.427734 0.316406 0.431641 0.316406 0.433594 0.318359 0.435547 0.318359
0 0.611328 0.322266 0.611328 0.326172 0.607422 0.326172 0.605469 0.324219 0.609375 0.320312
0 0.439453 0.330078 0.437500 0.330078 0.435547 0.332031 0.431641 0.332031 0.429688 0.330078 0.429688 0.324219 0.431641 0.322266 0.435547 0.322266 0.437500 0.324219 0.439453 0.324219
0 0.453125 0.332031 0.451172 0.332031 0.449219 0.333984 0.445312 0.333984 0.443359 0.332031 0.443359 0.326172 0.445312 0.324219 0.449219 0.324219 0.451172 0.326172 0.453125 0.326172
0 0.617188 0.328125 0.617188 0.332031 0.613281 0.332031 0.611328 0.330078 0.615234 0.326172
0 0.562500 0.335938 0.560547 0.335938 0.558594 0.337891 0.554688 0.337891 0.552734 0.335938 0.552734 0.330078 0.554688 0.328125 0.558594 0.328125 0.560547 0.330078 0.562500 0.330078
0 0.603516 0.332031 0.603516 0.335938 0.599609 0.335938 0.597656 0.333984 0.601562 0.330078
0 0.337891 0.339844 0.337891 0.343750 0.333984 0.343750 0.332031 0.341797 0.335938 0.337891
0 0.394531 0.343750 0.392578 0.343750 0.390625 0.345703 0.386719 0.345703 0.384766 0.343750 0.384766 0.337891 0.386719 0.335938 0.390625 0.335938 0.392578 0.337891 0.394531 0.337891
0 0.345703 0.341797 0.345703 0.345703 0.341797 0.345703 0.339844 0.343750 0.343750 0.339844
0 0.601562 0.343750 0.601562 0.347656 0.597656 0.347656 0.595703 0.345703 0.599609 0.341797
0 0.652344 0.343750 0.652344 0.347656 0.648438 0.347656 0.646484 0.345703 0.650391 0.341797
0 0.404297 0.351562 0.402344 0.351562 0.400391 0.353516 0.396484 0.353516 0.394531 0.351562 0.394531 0.345703 0.396484 0.343750 0.400391 0.343750 0.402344 0.345703 0.404297 0.345703
0 0.566406 0.351562 0.564453 0.351562 0.562500 0.353516 0.558594 0.353516 0.556641 0.351562 0.556641 0.345703 0.558594 0.343750 0.562500 0.343750 0.564453 0.345703 0.566406 0.345703
0 0.576172 0.351562 0.570312 0.357422 0.564453 0.357422 0.558594 0.351562 0.558594 0.345703 0.564453 0.339844 0.570312 0.339844 0.576172 0.345703
0 0.337891 0.349609 0.337891 0.353516 0.333984 0.353516 0.332031 0.351562 0.335938 0.347656
0 0.355469 0.351562 0.353516 0.353516 0.353516 0.355469 0.351562 0.357422 0.345703 0.357422 0.343750 0.355469 0.343750 0.353516 0.341797 0.351562 0.341797 0.349609 0.343750 0.347656 0.343750 0.345703 0.345703 0.343750 0.351562 0.343750 0.353516 0.345703 0.353516 0.347656 0.355469 0.349609
0 0.361328 0.349609 0.361328 0.353516 0.357422 0.353516 0.355469 0.351562 0.359375 0.347656
0 0.585938 0.353516 0.583984 0.353516 0.582031 0.355469 0.578125 0.355469 0.576172 0.353516 0.576172 0.347656 0.578125 0.345703 0.582031 0.345703 0.583984 0.347656 0.585938 0.347656
0 0.296875 0.353516 0.296875 0.357422 0.292969 0.357422 0.291016 0.355469 0.294922 0.351562
0 0.306641 0.353516 0.306641 0.357422 0.302734 0.357422 0.300781 0.355469 0.304688 0.351562
0 0.552734 0.355469 0.550781 0.357422 0.550781 0.359375 0.548828 0.361328 0.542969 0.361328 0.541016 0.359375 0.541016 0.357422 0.539062 0.355469 0.539062 0.353516 0.541016 0.351562 0.541016 0.349609 0.542969 0.347656 0.548828 0.347656 0.550781 0.349609 0.550781 0.351562 0.552734 0.353516
0 0.654297 0.353516 0.654297 0.357422 0.650391 0.357422 0.648438 0.355469 0.652344 0.351562
0 0.253906 0.355469 0.253906 0.359375 0.250000 0.359375 0.248047 0.357422 0.251953 0.353516
0 0.052734 0.367188 0.050781 0.367188 0.048828 0.369141 0.039062 0.369141 0.033203 0.363281 0.033203 0.353516 0.035156 0.351562 0.037109 0.351562 0.037109 0.349609 0.039062 0.347656 0.048828 0.347656 0.054688 0.353516 0.054688 0.363281 0.052734 0.365234
0 0.378906 0.359375 0.376953 0.361328 0.376953 0.363281 0.375000 0.365234 0.369141 0.365234 0.367188 0.363281 0.367188 0.361328 0.365234 0.359375 0.365234 0.357422 0.367188 0.355469 0.367188 0.353516 0.369141 0.351562 0.375000 0.351562 0.376953 0.353516 0.376953 0.355469 0.378906 0.357422
0 0.531250 0.357422 0.531250 0.361328 0.527344 0.361328 0.525391 0.359375 0.529297 0.355469
0 0.574219 0.361328 0.572266 0.361328 0.570312 0.363281 0.566406 0.363281 0.564453 0.361328 0.564453 0.355469 0.566406 0.353516 0.570312 0.353516 0.572266 0.355469 0.574219 0.355469
0 0.302734 0.359375 0.302734 0.363281 0.298828 0.363281 0.296875 0.361328 0.300781 0.357422
0 0.355469 0.359375 0.355469 0.363281 0.351562 0.363281 0.349609 0.361328 0.353516 0.357422
0 0.365234 0.359375 0.365234 0.363281 0.361328 0.363281 0.359375 0.361328 0.363281 0.357422
0 0.589844 0.359375 0.589844 0.363281 0.585938 0.363281 0.583984 0.361328 0.587891 0.357422
0 0.773438 0.363281 0.771484 0.363281 0.769531 0.365234 0.765625 0.365234 0.763672 0.363281 0.763672 0.357422 0.765625 0.355469 0.769531 0.355469 0.771484 0.357422 0.773438 0.357422
0 0.781250 0.363281 0.779297 0.363281 0.777344 0.365234 0.773438 0.365234 0.771484 0.363281 0.771484 0.357422 0.773438 0.355469 0.777344 0.355469 0.779297 0.357422 0.781250 0.357422
0 0.248047 0.361328 0.248047 0.365234 0.244141 0.365234 0.242188 0.363281 0.246094 0.359375
0 0.396484 0.367188 0.394531 0.367188 0.392578 0.369141 0.388672 0.369141 0.386719 0.367188 0.386719 0.361328 0.388672 0.359375 0.392578 0.359375 0.394531 0.361328 0.396484 0.361328
0 0.556641 0.367188 0.554688 0.367188 0.552734 0.369141 0.548828 0.369141 0.546875 0.367188 0.546875 0.361328 0.548828 0.359375 0.552734 0.359375 0.554688 0.361328 0.556641 0.361328
0 0.128906 0.365234 0.128906 0.369141 0.125000 0.369141 0.123047 0.367188 0.126953 0.363281
0 0.253906 0.367188 0.253906 0.371094 0.250000 0.371094 0.248047 0.369141 0.251953 0.365234
0 0.787109 0.371094 0.785156 0.371094 0.783203 0.373047 0.779297 0.373047 0.777344 0.371094 0.777344 0.365234 0.779297 0.363281 0.783203 0.363281 0.785156 0.365234 0.787109 0.365234
0 0.123047 0.369141 0.123047 0.373047 0.119141 0.373047 0.117188 0.371094 0.121094 0.367188
0 0.525391 0.369141 0.525391 0.373047 0.521484 0.373047 0.519531 0.371094 0.523438 0.367188
0 0.767578 0.373047 0.765625 0.373047 0.763672 0.375000 0.759766 0.375000 0.757812 0.373047 0.757812 0.367188 0.759766 0.365234 0.763672 0.365234 0.765625 0.367188 0.767578 0.367188
0 0.130859 0.375000 0.130859 0.378906 0.126953 0.378906 0.125000 0.376953 0.128906 0.373047
0 0.441406 0.375000 0.441406 0.378906 0.437500 0.378906 0.435547 0.376953 0.439453 0.373047
0 0.058594 0.386719 0.056641 0.386719 0.054688 0.388672 0.044922 0.388672 0.039062 0.382812 0.039062 0.373047 0.041016 0.371094 0.042969 0.371094 0.042969 0.369141 0.044922 0.367188 0.054688 0.367188 0.060547 0.373047 0.060547 0.382812 0.058594 0.384766
0 0.367188 0.376953 0.367188 0.380859 0.363281 0.380859 0.361328 0.378906 0.365234 0.375000
0 0.781250 0.380859 0.779297 0.380859 0.777344 0.382812 0.773438 0.382812 0.771484 0.380859 0.771484 0.375000 0.773438 0.373047 0.777344 0.373047 0.779297 0.375000 0.781250 0.375000
0 0.439453 0.380859 0.439453 0.384766 0.435547 0.384766 0.433594 0.382812 0.437500 0.378906
0 0.453125 0.380859 0.453125 0.384766 0.449219 0.384766 0.447266 0.382812 0.451172 0.378906
0 0.550781 0.384766 0.548828 0.384766 0.546875 0.386719 0.542969 0.386719 0.541016 0.384766 0.541016 0.378906 0.542969 0.376953 0.546875 0.376953 0.548828 0.378906 0.550781 0.378906
0 0.445312 0.386719 0.445312 0.390625 0.441406 0.390625 0.439453 0.388672 0.443359 0.384766
0 0.628906 0.386719 0.628906 0.390625 0.625000 0.390625 0.623047 0.388672 0.626953 0.384766
0 0.080078 0.392578 0.078125 0.392578 0.076172 0.394531 0.072266 0.394531 0.070312 0.392578 0.070312 0.386719 0.072266 0.384766 0.076172 0.384766 0.078125 0.386719 0.080078 0.386719
0 0.541016 0.392578 0.535156 0.398438 0.529297 0.398438 0.523438 0.392578 0.523438 0.386719 0.529297 0.380859 0.535156 0.380859 0.541016 0.386719
0 0.634766 0.392578 0.634766 0.396484 0.630859 0.396484 0.628906 0.394531 0.632812 0.390625
0 0.599609 0.398438 0.599609 0.402344 0.595703 0.402344 0.593750 0.400391 0.597656 0.396484
0 0.628906 0.398438 0.628906 0.402344 0.625000 0.402344 0.623047 0.400391 0.626953 0.396484
0 0.152344 0.406250 0.152344 0.410156 0.148438 0.410156 0.146484 0.408203 0.150391 0.404297
0 0.591797 0.406250 0.591797 0.410156 0.587891 0.410156 0.585938 0.408203 0.589844 0.404297
0 0.210938 0.408203 0.210938 0.412109 0.207031 0.412109 0.205078 0.410156 0.208984 0.406250
0 0.187500 0.410156 0.187500 0.414062 0.183594 0.414062 0.181641 0.412109 0.185547 0.408203
0 0.175781 0.416016 0.173828 0.417969 0.173828 0.419922 0.171875 0.421875 0.166016 0.421875 0.164062 0.419922 0.164062 0.417969 0.162109 0.416016 0.162109 0.414062 0.164062 0.412109 0.164062 0.410156 0.166016 0.408203 0.171875 0.408203 0.173828 0.410156 0.173828 0.412109 0.175781 0.414062
0 0.380859 0.414062 0.380859 0.417969 0.376953 0.417969 0.375000 0.416016 0.378906 0.412109
0 0.966797 0.417969 0.964844 0.417969 0.962891 0.419922 0.958984 0.419922 0.957031 0.417969 0.957031 0.412109 0.958984 0.410156 0.962891 0.410156 0.964844 0.412109 0.966797 0.412109
0 0.984375 0.417969 0.982422 0.417969 0.980469 0.419922 0.976562 0.419922 0.974609 0.417969 0.974609 0.412109 0.976562 0.410156 0.980469 0.410156 0.982422 0.412109 0.984375 0.412109
0 0.193359 0.417969 0.193359 0.421875 0.189453 0.421875 0.187500 0.419922 0.191406 0.416016
0 0.332031 0.419922 0.332031 0.423828 0.328125 0.423828 0.326172 0.421875 0.330078 0.417969
0 0.371094 0.419922 0.371094 0.423828 0.367188 0.423828 0.365234 0.421875 0.369141 0.417969
0 0.570312 0.419922 0.570312 0.423828 0.566406 0.423828 0.564453 0.421875 0.568359 0.417969
0 0.164062 0.421875 0.164062 0.425781 0.160156 0.425781 0.158203 0.423828 0.162109 0.419922
0 0.513672 0.421875 0.513672 0.425781 0.509766 0.425781 0.507812 0.423828 0.511719 0.419922
0 0.523438 0.421875 0.523438 0.425781 0.519531 0.425781 0.517578 0.423828 0.521484 0.419922
0 0.675781 0.421875 0.675781 0.425781 0.671875 0.425781 0.669922 0.423828 0.673828 0.419922
0 0.974609 0.421875 0.974609 0.425781 0.970703 0.425781 0.968750 0.423828 0.972656 0.419922
0 0.402344 0.423828 0.402344 0.427734 0.398438 0.427734 0.396484 0.425781 0.400391 0.421875
0 0.140625 0.435547 0.138672 0.435547 0.136719 0.437500 0.126953 0.437500 0.121094 0.431641 0.121094 0.421875 0.123047 0.419922 0.125000 0.419922 0.125000 0.417969 0.126953 0.416016 0.136719 0.416016 0.142578 0.421875 0.142578 0.431641 0.140625 0.433594
0 0.187500 0.425781 0.187500 0.429688 0.183594 0.429688 0.181641 0.427734 0.185547 0.423828
0 0.390625 0.429688 0.388672 0.429688 0.386719 0.431641 0.382812 0.431641 0.380859 0.429688 0.380859 0.423828 0.382812 0.421875 0.386719 0.421875 0.388672 0.423828 0.390625 0.423828
0 0.574219 0.425781 0.574219 0.429688 0.570312 0.429688 0.568359 0.427734 0.572266 0.423828
0 0.318359 0.431641 0.316406 0.431641 0.314453 0.433594 0.310547 0.433594 0.308594 0.431641 0.308594 0.425781 0.310547 0.423828 0.314453 0.423828 0.316406 0.425781 0.318359 0.425781
0 0.386719 0.429688 0.384766 0.431641 0.384766 0.433594 0.382812 0.435547 0.376953 0.435547 0.375000 0.433594 0.375000 0.431641 0.373047 0.429688 0.373047 0.427734 0.375000 0.425781 0.375000 0.423828 0.376953 0.421875 0.382812 0.421875 0.384766 0.423828 0.384766 0.425781 0.386719 0.427734
0 0.632812 0.427734 0.632812 0.431641 0.628906 0.431641 0.626953 0.429688 0.630859 0.425781
0 0.332031 0.429688 0.332031 0.433594 0.328125 0.433594 0.326172 0.431641 0.330078 0.427734
0 0.669922 0.431641 0.669922 0.435547 0.666016 0.435547 0.664062 0.433594 0.667969 0.429688
0 0.566406 0.433594 0.566406 0.437500 0.562500 0.437500 0.560547 0.435547 0.564453 0.431641
0 0.638672 0.435547 0.638672 0.439453 0.634766 0.439453 0.632812 0.437500 0.636719 0.433594
0 0.400391 0.441406 0.398438 0.441406 0.396484 0.443359 0.392578 0.443359 0.390625 0.441406 0.390625 0.435547 0.392578 0.433594 0.396484 0.433594 0.398438 0.435547 0.400391 0.435547
0 0.382812 0.439453 0.382812 0.443359 0.378906 0.443359 0.376953 0.441406 0.380859 0.437500
0 0.632812 0.445312 0.630859 0.445312 0.628906 0.447266 0.625000 0.447266 0.623047 0.445312 0.623047 0.439453 0.625000 0.437500 0.628906 0.437500 0.630859 0.439453 0.632812 0.439453
0 0.445312 0.443359 0.445312 0.447266 0.441406 0.447266 0.439453 0.445312 0.443359 0.441406
0 0.457031 0.443359 0.457031 0.447266 0.453125 0.447266 0.451172 0.445312 0.455078 0.441406
0 0.492188 0.447266 0.490234 0.447266 0.488281 0.449219 0.484375 0.449219 0.482422 0.447266 0.482422 0.441406 0.484375 0.439453 0.488281 0.439453 0.490234 0.441406 0.492188 0.441406
0 0.599609 0.443359 0.599609 0.447266 0.595703 0.447266 0.593750 0.445312 0.597656 0.441406
0 0.580078 0.455078 0.578125 0.455078 0.576172 0.457031 0.566406 0.457031 0.560547 0.451172 0.560547 0.441406 0.562500 0.439453 0.564453 0.439453 0.564453 0.437500 0.566406 0.435547 0.576172 0.435547 0.582031 0.441406 0.582031 0.451172 0.580078 0.453125
0 0.136719 0.453125 0.134766 0.453125 0.132812 0.455078 0.128906 0.455078 0.126953 0.453125 0.126953 0.447266 0.128906 0.445312 0.132812 0.445312 0.134766 0.447266 0.136719 0.447266
0 0.451172 0.449219 0.451172 0.453125 0.447266 0.453125 0.445312 0.451172 0.449219 0.447266
0 0.558594 0.453125 0.556641 0.453125 0.554688 0.455078 0.550781 0.455078 0.548828 0.453125 0.548828 0.447266 0.550781 0.445312 0.554688 0.445312 0.556641 0.447266 0.558594 0.447266
0 0.691406 0.449219 0.691406 0.453125 0.687500 0.453125 0.685547 0.451172 0.689453 0.447266
0 0.484375 0.451172 0.484375 0.455078 0.480469 0.455078 0.478516 0.453125 0.482422 0.449219
0 0.595703 0.451172 0.595703 0.455078 0.591797 0.455078 0.589844 0.453125 0.593750 0.449219
0 0.302734 0.453125 0.302734 0.457031 0.298828 0.457031 0.296875 0.455078 0.300781 0.451172
0 0.492188 0.457031 0.492188 0.460938 0.488281 0.460938 0.486328 0.458984 0.490234 0.455078
0 0.312500 0.458984 0.312500 0.462891 0.308594 0.462891 0.306641 0.460938 0.310547 0.457031
0 0.552734 0.460938 0.552734 0.464844 0.548828 0.464844 0.546875 0.462891 0.550781 0.458984
0 0.572266 0.460938 0.572266 0.464844 0.568359 0.464844 0.566406 0.462891 0.570312 0.458984
0 0.302734 0.462891 0.302734 0.466797 0.298828 0.466797 0.296875 0.464844 0.300781 0.460938
0 0.365234 0.464844 0.365234 0.468750 0.361328 0.468750 0.359375 0.466797 0.363281 0.462891
0 0.609375 0.464844 0.609375 0.468750 0.605469 0.468750 0.603516 0.466797 0.607422 0.462891
0 0.353516 0.468750 0.353516 0.472656 0.349609 0.472656 0.347656 0.470703 0.351562 0.466797
0 0.458984 0.468750 0.458984 0.472656 0.455078 0.472656 0.453125 0.470703 0.457031 0.466797
0 0.132812 0.472656 0.132812 0.476562 0.128906 0.476562 0.126953 0.474609 0.130859 0.470703
0 0.566406 0.476562 0.564453 0.478516 0.564453 0.480469 0.562500 0.482422 0.556641 0.482422 0.554688 0.480469 0.554688 0.478516 0.552734 0.476562 0.552734 0.474609 0.554688 0.472656 0.554688 0.470703 0.556641 0.468750 0.562500 0.468750 0.564453 0.470703 0.564453 0.472656 0.566406 0.474609
0 0.228516 0.480469 0.226562 0.480469 0.224609 0.482422 0.220703 0.482422 0.218750 0.480469 0.218750 0.474609 0.220703 0.472656 0.224609 0.472656 0.226562 0.474609 0.228516 0.474609
0 0.369141 0.480469 0.367188 0.480469 0.365234 0.482422 0.361328 0.482422 0.359375 0.480469 0.359375 0.474609 0.361328 0.472656 0.365234 0.472656 0.367188 0.474609 0.369141 0.474609
0 0.130859 0.478516 0.130859 0.482422 0.126953 0.482422 0.125000 0.480469 0.128906 0.476562
0 0.250000 0.482422 0.248047 0.482422 0.246094 0.484375 0.242188 0.484375 0.240234 0.482422 0.240234 0.476562 0.242188 0.474609 0.246094 0.474609 0.248047 0.476562 0.250000 0.476562
0 0.384766 0.486328 0.378906 0.492188 0.373047 0.492188 0.367188 0.486328 0.367188 0.480469 0.373047 0.474609 0.378906 0.474609 0.384766 0.480469
0 0.568359 0.488281 0.566406 0.488281 0.564453 0.490234 0.560547 0.490234 0.558594 0.488281 0.558594 0.482422 0.560547 0.480469 0.564453 0.480469 0.566406 0.482422 0.568359 0.482422
0 0.236328 0.490234 0.234375 0.490234 0.232422 0.492188 0.228516 0.492188 0.226562 0.490234 0.226562 0.484375 0.228516 0.482422 0.232422 0.482422 0.234375 0.484375 0.236328 0.484375
0 0.605469 0.486328 0.605469 0.490234 0.601562 0.490234 0.599609 0.488281 0.603516 0.484375
0 0.490234 0.496094 0.488281 0.496094 0.486328 0.498047 0.482422 0.498047 0.480469 0.496094 0.480469 0.490234 0.482422 0.488281 0.486328 0.488281 0.488281 0.490234 0.490234 0.490234
0 0.541016 0.496094 0.539062 0.496094 0.537109 0.498047 0.533203 0.498047 0.531250 0.496094 0.531250 0.490234 0.533203 0.488281 0.537109 0.488281 0.539062 0.490234 0.541016 0.490234
0 0.611328 0.492188 0.611328 0.496094 0.607422 0.496094 0.605469 0.494141 0.609375 0.490234
0 0.570312 0.496094 0.570312 0.500000 0.566406 0.500000 0.564453 0.498047 0.568359 0.494141
0 0.605469 0.498047 0.605469 0.501953 0.601562 0.501953 0.599609 0.500000 0.603516 0.496094
0 0.404297 0.503906 0.402344 0.503906 0.400391 0.505859 0.396484 0.505859 0.394531 0.503906 0.394531 0.498047 0.396484 0.496094 0.400391 0.496094 0.402344 0.498047 0.404297 0.498047
0 0.560547 0.503906 0.558594 0.503906 0.556641 0.505859 0.552734 0.505859 0.550781 0.503906 0.550781 0.498047 0.552734 0.496094 0.556641 0.496094 0.558594 0.498047 0.560547 0.498047
0 0.525391 0.505859 0.523438 0.505859 0.521484 0.507812 0.517578 0.507812 0.515625 0.505859 0.515625 0.500000 0.517578 0.498047 0.521484 0.498047 0.523438 0.500000 0.525391 0.500000
0 0.542969 0.505859 0.541016 0.505859 0.539062 0.507812 0.535156 0.507812 0.533203 0.505859 0.533203 0.500000 0.535156 0.498047 0.539062 0.498047 0.541016 0.500000 0.542969 0.500000
0 0.492188 0.509766 0.490234 0.509766 0.488281 0.511719 0.484375 0.511719 0.482422 0.509766 0.482422 0.503906 0.484375 0.501953 0.488281 0.501953 0.490234 0.503906 0.492188 0.503906
0 0.773438 0.505859 0.773438 0.509766 0.769531 0.509766 0.767578 0.507812 0.771484 0.503906
0 0.787109 0.509766 0.785156 0.509766 0.783203 0.511719 0.779297 0.511719 0.777344 0.509766 0.777344 0.503906 0.779297 0.501953 0.783203 0.501953 0.785156 0.503906 0.787109 0.503906
0 0.375000 0.511719 0.373047 0.511719 0.371094 0.513672 0.367188 0.513672 0.365234 0.511719 0.365234 0.505859 0.367188 0.503906 0.371094 0.503906 0.373047 0.505859 0.375000 0.505859
0 0.521484 0.517578 0.519531 0.517578 0.517578 0.519531 0.507812 0.519531 0.501953 0.513672 0.501953 0.503906 0.503906 0.501953 0.505859 0.501953 0.505859 0.500000 0.507812 0.498047 0.517578 0.498047 0.523438 0.503906 0.523438 0.513672 0.521484 0.515625
0 0.533203 0.507812 0.533203 0.511719 0.529297 0.511719 0.527344 0.509766 0.531250 0.505859
0 0.164062 0.509766 0.164062 0.513672 0.160156 0.513672 0.158203 0.511719 0.162109 0.507812
0 0.675781 0.509766 0.675781 0.513672 0.671875 0.513672 0.669922 0.511719 0.673828 0.507812
0 0.486328 0.513672 0.484375 0.515625 0.484375 0.517578 0.482422 0.519531 0.476562 0.519531 0.474609 0.517578 0.474609 0.515625 0.472656 0.513672 0.472656 0.511719 0.474609 0.509766 0.474609 0.507812 0.476562 0.505859 0.482422 0.505859 0.484375 0.507812 0.484375 0.509766 0.486328 0.511719
0 0.685547 0.511719 0.685547 0.515625 0.681641 0.515625 0.679688 0.513672 0.683594 0.509766
0 0.769531 0.511719 0.769531 0.515625 0.765625 0.515625 0.763672 0.513672 0.767578 0.509766
0 0.507812 0.513672 0.507812 0.517578 0.503906 0.517578 0.501953 0.515625 0.505859 0.511719
0 0.156250 0.515625 0.156250 0.519531 0.152344 0.519531 0.150391 0.517578 0.154297 0.513672
0 0.117188 0.521484 0.111328 0.527344 0.105469 0.527344 0.099609 0.521484 0.099609 0.515625 0.105469 0.509766 0.111328 0.509766 0.117188 0.515625
0 0.464844 0.521484 0.462891 0.521484 0.460938 0.523438 0.457031 0.523438 0.455078 0.521484 0.455078 0.515625 0.457031 0.513672 0.460938 0.513672 0.462891 0.515625 0.464844 0.515625
0 0.482422 0.521484 0.480469 0.521484 0.478516 0.523438 0.474609 0.523438 0.472656 0.521484 0.472656 0.515625 0.474609 0.513672 0.478516 0.513672 0.480469 0.515625 0.482422 0.515625
0 0.724609 0.517578 0.724609 0.521484 0.720703 0.521484 0.718750 0.519531 0.722656 0.515625
0 0.816406 0.517578 0.816406 0.521484 0.812500 0.521484 0.810547 0.519531 0.814453 0.515625
0 0.451172 0.523438 0.449219 0.523438 0.447266 0.525391 0.443359 0.525391 0.441406 0.523438 0.441406 0.517578 0.443359 0.515625 0.447266 0.515625 0.449219 0.517578 0.451172 0.517578
0 0.677734 0.519531 0.677734 0.523438 0.673828 0.523438 0.671875 0.521484 0.675781 0.517578
0 0.693359 0.521484 0.691406 0.523438 0.691406 0.525391 0.689453 0.527344 0.683594 0.527344 0.681641 0.525391 0.681641 0.523438 0.679688 0.521484 0.679688 0.519531 0.681641 0.517578 0.681641 0.515625 0.683594 0.513672 0.689453 0.513672 0.691406 0.515625 0.691406 0.517578 0.693359 0.519531
0 0.783203 0.519531 0.783203 0.523438 0.779297 0.523438 0.777344 0.521484 0.781250 0.517578
0 0.804688 0.519531 0.804688 0.523438 0.800781 0.523438 0.798828 0.521484 0.802734 0.517578
0 0.132812 0.521484 0.132812 0.525391 0.128906 0.525391 0.126953 0.523438 0.130859 0.519531
0 0.255859 0.521484 0.255859 0.525391 0.251953 0.525391 0.250000 0.523438 0.253906 0.519531
0 0.390625 0.525391 0.388672 0.525391 0.386719 0.527344 0.382812 0.527344 0.380859 0.525391 0.380859 0.519531 0.382812 0.517578 0.386719 0.517578 0.388672 0.519531 0.390625 0.519531
0 0.103516 0.527344 0.097656 0.533203 0.091797 0.533203 0.085938 0.527344 0.085938 0.521484 0.091797 0.515625 0.097656 0.515625 0.103516 0.521484
0 0.173828 0.523438 0.173828 0.527344 0.169922 0.527344 0.167969 0.525391 0.171875 0.521484
0 0.699219 0.523438 0.699219 0.527344 0.695312 0.527344 0.693359 0.525391 0.697266 0.521484
0 0.728516 0.523438 0.728516 0.527344 0.724609 0.527344 0.722656 0.525391 0.726562 0.521484
0 0.810547 0.523438 0.810547 0.527344 0.806641 0.527344 0.804688 0.525391 0.808594 0.521484
0 0.984375 0.523438 0.984375 0.527344 0.980469 0.527344 0.978516 0.525391 0.982422 0.521484
0 0.154297 0.529297 0.148438 0.535156 0.142578 0.535156 0.136719 0.529297 0.136719 0.523438 0.142578 0.517578 0.148438 0.517578 0.154297 0.523438
0 0.718750 0.525391 0.718750 0.529297 0.714844 0.529297 0.712891 0.527344 0.716797 0.523438
0 0.154297 0.527344 0.154297 0.531250 0.150391 0.531250 0.148438 0.529297 0.152344 0.525391
0 0.455078 0.527344 0.455078 0.531250 0.451172 0.531250 0.449219 0.529297 0.453125 0.525391
0 0.615234 0.527344 0.615234 0.531250 0.611328 0.531250 0.609375 0.529297 0.613281 0.525391
0 0.998047 0.533203 0.994141 0.533203 0.992188 0.531250 0.992188 0.525391 0.994141 0.523438 0.998047 0.523438
0 0.427734 0.531250 0.427734 0.535156 0.423828 0.535156 0.421875 0.533203 0.425781 0.529297
0 0.601562 0.535156 0.599609 0.535156 0.597656 0.537109 0.593750 0.537109 0.591797 0.535156 0.591797 0.529297 0.593750 0.527344 0.597656 0.527344 0.599609 0.529297 0.601562 0.529297
0 0.701172 0.531250 0.701172 0.535156 0.697266 0.535156 0.695312 0.533203 0.699219 0.529297
0 0.365234 0.533203 0.365234 0.537109 0.361328 0.537109 0.359375 0.535156 0.363281 0.531250
0 0.984375 0.533203 0.984375 0.537109 0.980469 0.537109 0.978516 0.535156 0.982422 0.531250
0 0.492188 0.539062 0.490234 0.539062 0.488281 0.541016 0.484375 0.541016 0.482422 0.539062 0.482422 0.533203 0.484375 0.531250 0.488281 0.531250 0.490234 0.533203 0.492188 0.533203
0 0.693359 0.535156 0.693359 0.539062 0.689453 0.539062 0.687500 0.537109 0.691406 0.533203
0 0.113281 0.537109 0.113281 0.541016 0.109375 0.541016 0.107422 0.539062 0.111328 0.535156
0 0.259766 0.541016 0.257812 0.541016 0.255859 0.542969 0.251953 0.542969 0.250000 0.541016 0.250000 0.535156 0.251953 0.533203 0.255859 0.533203 0.257812 0.535156 0.259766 0.535156
0 0.445312 0.541016 0.443359 0.541016 0.441406 0.542969 0.437500 0.542969 0.435547 0.541016 0.435547 0.535156 0.437500 0.533203 0.441406 0.533203 0.443359 0.535156 0.445312 0.535156
0 0.609375 0.541016 0.607422 0.541016 0.605469 0.542969 0.601562 0.542969 0.599609 0.541016 0.599609 0.535156 0.601562 0.533203 0.605469 0.533203 0.607422 0.535156 0.609375 0.535156
0 0.923828 0.537109 0.923828 0.541016 0.919922 0.541016 0.917969 0.539062 0.921875 0.535156
0 0.128906 0.539062 0.128906 0.542969 0.125000 0.542969 0.123047 0.541016 0.126953 0.537109
0 0.185547 0.539062 0.185547 0.542969 0.181641 0.542969 0.179688 0.541016 0.183594 0.537109
0 0.593750 0.539062 0.593750 0.542969 0.589844 0.542969 0.587891 0.541016 0.591797 0.537109
0 0.355469 0.544922 0.353516 0.544922 0.351562 0.546875 0.347656 0.546875 0.345703 0.544922 0.345703 0.539062 0.347656 0.537109 0.351562 0.537109 0.353516 0.539062 0.355469 0.539062
0 0.423828 0.544922 0.421875 0.544922 0.419922 0.546875 0.416016 0.546875 0.414062 0.544922 0.414062 0.539062 0.416016 0.537109 0.419922 0.537109 0.421875 0.539062 0.423828 0.539062
0 0.546875 0.541016 0.546875 0.544922 0.542969 0.544922 0.541016 0.542969 0.544922 0.539062
0 0.630859 0.541016 0.630859 0.544922 0.626953 0.544922 0.625000 0.542969 0.628906 0.539062
0 0.816406 0.542969 0.814453 0.544922 0.814453 0.546875 0.812500 0.548828 0.806641 0.548828 0.804688 0.546875 0.804688 0.544922 0.802734 0.542969 0.802734 0.541016 0.804688 0.539062 0.804688 0.537109 0.806641 0.535156 0.812500 0.535156 0.814453 0.537109 0.814453 0.539062 0.816406 0.541016
0 0.906250 0.541016 0.906250 0.544922 0.902344 0.544922 0.900391 0.542969 0.904297 0.539062
0 0.306641 0.546875 0.304688 0.546875 0.302734 0.548828 0.298828 0.548828 0.296875 0.546875 0.296875 0.541016 0.298828 0.539062 0.302734 0.539062 0.304688 0.541016 0.306641 0.541016
0 0.656250 0.542969 0.656250 0.546875 0.652344 0.546875 0.650391 0.544922 0.654297 0.541016
0 0.638672 0.544922 0.638672 0.548828 0.634766 0.548828 0.632812 0.546875 0.636719 0.542969
0 0.078125 0.550781 0.076172 0.550781 0.074219 0.552734 0.070312 0.552734 0.068359 0.550781 0.068359 0.544922 0.070312 0.542969 0.074219 0.542969 0.076172 0.544922 0.078125 0.544922
0 0.554688 0.546875 0.554688 0.550781 0.550781 0.550781 0.548828 0.548828 0.552734 0.544922
0 0.601562 0.546875 0.601562 0.550781 0.597656 0.550781 0.595703 0.548828 0.599609 0.544922
0 0.617188 0.550781 0.611328 0.556641 0.605469 0.556641 0.599609 0.550781 0.599609 0.544922 0.605469 0.539062 0.611328 0.539062 0.617188 0.544922
0 0.931641 0.550781 0.929688 0.550781 0.927734 0.552734 0.923828 0.552734 0.921875 0.550781 0.921875 0.544922 0.923828 0.542969 0.927734 0.542969 0.929688 0.544922 0.931641 0.544922
0 0.390625 0.558594 0.388672 0.558594 0.386719 0.560547 0.376953 0.560547 0.371094 0.554688 0.371094 0.544922 0.373047 0.542969 0.375000 0.542969 0.375000 0.541016 0.376953 0.539062 0.386719 0.539062 0.392578 0.544922 0.392578 0.554688 0.390625 0.556641
0 0.396484 0.552734 0.394531 0.552734 0.392578 0.554688 0.388672 0.554688 0.386719 0.552734 0.386719 0.546875 0.388672 0.544922 0.392578 0.544922 0.394531 0.546875 0.396484 0.546875
0 0.421875 0.558594 0.419922 0.558594 0.417969 0.560547 0.408203 0.560547 0.402344 0.554688 0.402344 0.544922 0.404297 0.542969 0.406250 0.542969 0.406250 0.541016 0.408203 0.539062 0.417969 0.539062 0.423828 0.544922 0.423828 0.554688 0.421875 0.556641
0 0.492188 0.548828 0.492188 0.552734 0.488281 0.552734 0.486328 0.550781 0.490234 0.546875
0 0.666016 0.548828 0.666016 0.552734 0.662109 0.552734 0.660156 0.550781 0.664062 0.546875
0 0.183594 0.554688 0.181641 0.554688 0.179688 0.556641 0.175781 0.556641 0.173828 0.554688 0.173828 0.548828 0.175781 0.546875 0.179688 0.546875 0.181641 0.548828 0.183594 0.548828
0 0.408203 0.554688 0.406250 0.554688 0.404297 0.556641 0.400391 0.556641 0.398438 0.554688 0.398438 0.548828 0.400391 0.546875 0.404297 0.546875 0.406250 0.548828 0.408203 0.548828
0 0.429688 0.550781 0.429688 0.554688 0.425781 0.554688 0.423828 0.552734 0.427734 0.548828
0 0.455078 0.560547 0.453125 0.560547 0.451172 0.562500 0.441406 0.562500 0.435547 0.556641 0.435547 0.546875 0.437500 0.544922 0.439453 0.544922 0.439453 0.542969 0.441406 0.541016 0.451172 0.541016 0.457031 0.546875 0.457031 0.556641 0.455078 0.558594
0 0.910156 0.554688 0.908203 0.554688 0.906250 0.556641 0.902344 0.556641 0.900391 0.554688 0.900391 0.548828 0.902344 0.546875 0.906250 0.546875 0.908203 0.548828 0.910156 0.548828
0 0.369141 0.556641 0.367188 0.556641 0.365234 0.558594 0.361328 0.558594 0.359375 0.556641 0.359375 0.550781 0.361328 0.548828 0.365234 0.548828 0.367188 0.550781 0.369141 0.550781
0 0.316406 0.558594 0.314453 0.558594 0.312500 0.560547 0.308594 0.560547 0.306641 0.558594 0.306641 0.552734 0.308594 0.550781 0.312500 0.550781 0.314453 0.552734 0.316406 0.552734
0 0.541016 0.558594 0.539062 0.558594 0.537109 0.560547 0.533203 0.560547 0.531250 0.558594 0.531250 0.552734 0.533203 0.550781 0.537109 0.550781 0.539062 0.552734 0.541016 0.552734
0 0.548828 0.554688 0.548828 0.558594 0.544922 0.558594 0.542969 0.556641 0.546875 0.552734
0 0.656250 0.554688 0.656250 0.558594 0.652344 0.558594 0.650391 0.556641 0.654297 0.552734
0 0.804688 0.558594 0.802734 0.558594 0.800781 0.560547 0.796875 0.560547 0.794922 0.558594 0.794922 0.552734 0.796875 0.550781 0.800781 0.550781 0.802734 0.552734 0.804688 0.552734
0 0.390625 0.560547 0.388672 0.562500 0.388672 0.564453 0.386719 0.566406 0.380859 0.566406 0.378906 0.564453 0.378906 0.562500 0.376953 0.560547 0.376953 0.558594 0.378906 0.556641 0.378906 0.554688 0.380859 0.552734 0.386719 0.552734 0.388672 0.554688 0.388672 0.556641 0.390625 0.558594
0 0.607422 0.558594 0.607422 0.562500 0.603516 0.562500 0.601562 0.560547 0.605469 0.556641
0 0.175781 0.562500 0.175781 0.566406 0.171875 0.566406 0.169922 0.564453 0.173828 0.560547
0 0.416016 0.566406 0.414062 0.566406 0.412109 0.568359 0.408203 0.568359 0.406250 0.566406 0.406250 0.560547 0.408203 0.558594 0.412109 0.558594 0.414062 0.560547 0.416016 0.560547
0 0.490234 0.566406 0.488281 0.566406 0.486328 0.568359 0.482422 0.568359 0.480469 0.566406 0.480469 0.560547 0.482422 0.558594 0.486328 0.558594 0.488281 0.560547 0.490234 0.560547
0 0.371094 0.564453 0.371094 0.568359 0.367188 0.568359 0.365234 0.566406 0.369141 0.562500
0 0.529297 0.564453 0.529297 0.568359 0.525391 0.568359 0.523438 0.566406 0.527344 0.562500
0 0.607422 0.564453 0.607422 0.568359 0.603516 0.568359 0.601562 0.566406 0.605469 0.562500
0 0.314453 0.570312 0.312500 0.570312 0.310547 0.572266 0.306641 0.572266 0.304688 0.570312 0.304688 0.564453 0.306641 0.562500 0.310547 0.562500 0.312500 0.564453 0.314453 0.564453
0 0.617188 0.566406 0.617188 0.570312 0.613281 0.570312 0.611328 0.568359 0.615234 0.564453
0 0.833984 0.570312 0.832031 0.570312 0.830078 0.572266 0.826172 0.572266 0.824219 0.570312 0.824219 0.564453 0.826172 0.562500 0.830078 0.562500 0.832031 0.564453 0.833984 0.564453
0 0.279297 0.574219 0.277344 0.574219 0.275391 0.576172 0.271484 0.576172 0.269531 0.574219 0.269531 0.568359 0.271484 0.566406 0.275391 0.566406 0.277344 0.568359 0.279297 0.568359
0 0.398438 0.574219 0.396484 0.574219 0.394531 0.576172 0.390625 0.576172 0.388672 0.574219 0.388672 0.568359 0.390625 0.566406 0.394531 0.566406 0.396484 0.568359 0.398438 0.568359
0 0.474609 0.572266 0.472656 0.574219 0.472656 0.576172 0.470703 0.578125 0.464844 0.578125 0.462891 0.576172 0.462891 0.574219 0.460938 0.572266 0.460938 0.570312 0.462891 0.568359 0.462891 0.566406 0.464844 0.564453 0.470703 0.564453 0.472656 0.566406 0.472656 0.568359 0.474609 0.570312
0 0.001953 0.580078 0.000000 0.580078 0.000000 0.566406 0.001953 0.566406 0.003906 0.568359 0.003906 0.570312 0.005859 0.572266 0.005859 0.574219 0.003906 0.576172 0.003906 0.578125
0 0.082031 0.574219 0.080078 0.576172 0.080078 0.578125 0.078125 0.580078 0.072266 0.580078 0.070312 0.578125 0.070312 0.576172 0.068359 0.574219 0.068359 0.572266 0.070312 0.570312 0.070312 0.568359 0.072266 0.566406 0.078125 0.566406 0.080078 0.568359 0.080078 0.570312 0.082031 0.572266
0 0.369141 0.582031 0.367188 0.582031 0.365234 0.583984 0.355469 0.583984 0.349609 0.578125 0.349609 0.568359 0.351562 0.566406 0.353516 0.566406 0.353516 0.564453 0.355469 0.562500 0.365234 0.562500 0.371094 0.568359 0.371094 0.578125 0.369141 0.580078
0 0.445312 0.574219 0.443359 0.576172 0.443359 0.578125 0.441406 0.580078 0.435547 0.580078 0.433594 0.578125 0.433594 0.576172 0.431641 0.574219 0.431641 0.572266 0.433594 0.570312 0.433594 0.568359 0.435547 0.566406 0.441406 0.566406 0.443359 0.568359 0.443359 0.570312 0.445312 0.572266
0 0.849609 0.576172 0.847656 0.576172 0.845703 0.578125 0.841797 0.578125 0.839844 0.576172 0.839844 0.570312 0.841797 0.568359 0.845703 0.568359 0.847656 0.570312 0.849609 0.570312
0 0.994141 0.576172 0.992188 0.576172 0.990234 0.578125 0.986328 0.578125 0.984375 0.576172 0.984375 0.570312 0.986328 0.568359 0.990234 0.568359 0.992188 0.570312 0.994141 0.570312
0 0.304688 0.576172 0.304688 0.580078 0.300781 0.580078 0.298828 0.578125 0.302734 0.574219
0 0.234375 0.587891 0.232422 0.587891 0.230469 0.589844 0.220703 0.589844 0.214844 0.583984 0.214844 0.574219 0.216797 0.572266 0.218750 0.572266 0.218750 0.570312 0.220703 0.568359 0.230469 0.568359 0.236328 0.574219 0.236328 0.583984 0.234375 0.585938
0 0.376953 0.587891 0.375000 0.587891 0.373047 0.589844 0.363281 0.589844 0.357422 0.583984 0.357422 0.574219 0.359375 0.572266 0.361328 0.572266 0.361328 0.570312 0.363281 0.568359 0.373047 0.568359 0.378906 0.574219 0.378906 0.583984 0.376953 0.585938
0 0.259766 0.582031 0.257812 0.583984 0.257812 0.585938 0.255859 0.587891 0.250000 0.587891 0.248047 0.585938 0.248047 0.583984 0.246094 0.582031 0.246094 0.580078 0.248047 0.578125 0.248047 0.576172 0.250000 0.574219 0.255859 0.574219 0.257812 0.576172 0.257812 0.578125 0.259766 0.580078
0 0.667969 0.580078 0.667969 0.583984 0.664062 0.583984 0.662109 0.582031 0.666016 0.578125
0 0.658203 0.582031 0.658203 0.585938 0.654297 0.585938 0.652344 0.583984 0.656250 0.580078
0 0.216797 0.587891 0.214844 0.587891 0.212891 0.589844 0.208984 0.589844 0.207031 0.587891 0.207031 0.582031 0.208984 0.580078 0.212891 0.580078 0.214844 0.582031 0.216797 0.582031
0 0.833984 0.587891 0.832031 0.587891 0.830078 0.589844 0.826172 0.589844 0.824219 0.587891 0.824219 0.582031 0.826172 0.580078 0.830078 0.580078 0.832031 0.582031 0.833984 0.582031
0 0.712891 0.589844 0.710938 0.589844 0.708984 0.591797 0.705078 0.591797 0.703125 0.589844 0.703125 0.583984 0.705078 0.582031 0.708984 0.582031 0.710938 0.583984 0.712891 0.583984
0 0.845703 0.589844 0.843750 0.589844 0.841797 0.591797 0.837891 0.591797 0.835938 0.589844 0.835938 0.583984 0.837891 0.582031 0.841797 0.582031 0.843750 0.583984 0.845703 0.583984
0 0.365234 0.587891 0.365234 0.591797 0.361328 0.591797 0.359375 0.589844 0.363281 0.585938
0 0.429688 0.591797 0.427734 0.591797 0.425781 0.593750 0.421875 0.593750 0.419922 0.591797 0.419922 0.585938 0.421875 0.583984 0.425781 0.583984 0.427734 0.585938 0.429688 0.585938
0 0.566406 0.587891 0.566406 0.591797 0.562500 0.591797 0.560547 0.589844 0.564453 0.585938
0 0.994141 0.591797 0.992188 0.591797 0.990234 0.593750 0.986328 0.593750 0.984375 0.591797 0.984375 0.585938 0.986328 0.583984 0.990234 0.583984 0.992188 0.585938 0.994141 0.585938
0 0.197266 0.593750 0.195312 0.593750 0.193359 0.595703 0.189453 0.595703 0.187500 0.593750 0.187500 0.587891 0.189453 0.585938 0.193359 0.585938 0.195312 0.587891 0.197266 0.587891
0 0.164062 0.595703 0.162109 0.595703 0.160156 0.597656 0.156250 0.597656 0.154297 0.595703 0.154297 0.589844 0.156250 0.587891 0.160156 0.587891 0.162109 0.589844 0.164062 0.589844
0 0.468750 0.593750 0.466797 0.595703 0.466797 0.597656 0.464844 0.599609 0.458984 0.599609 0.457031 0.597656 0.457031 0.595703 0.455078 0.593750 0.455078 0.591797 0.457031 0.589844 0.457031 0.587891 0.458984 0.585938 0.464844 0.585938 0.466797 0.587891 0.466797 0.589844 0.468750 0.591797
0 0.935547 0.593750 0.933594 0.595703 0.933594 0.597656 0.931641 0.599609 0.925781 0.599609 0.923828 0.597656 0.923828 0.595703 0.921875 0.593750 0.921875 0.591797 0.923828 0.589844 0.923828 0.587891 0.925781 0.585938 0.931641 0.585938 0.933594 0.587891 0.933594 0.589844 0.935547 0.591797
0 0.146484 0.597656 0.144531 0.597656 0.142578 0.599609 0.138672 0.599609 0.136719 0.597656 0.136719 0.591797 0.138672 0.589844 0.142578 0.589844 0.144531 0.591797 0.146484 0.591797
0 0.353516 0.593750 0.353516 0.597656 0.349609 0.597656 0.347656 0.595703 0.351562 0.591797
0 0.367188 0.595703 0.367188 0.599609 0.363281 0.599609 0.361328 0.597656 0.365234 0.593750
0 0.519531 0.595703 0.519531 0.599609 0.515625 0.599609 0.513672 0.597656 0.517578 0.593750
0 0.537109 0.599609 0.535156 0.599609 0.533203 0.601562 0.529297 0.601562 0.527344 0.599609 0.527344 0.593750 0.529297 0.591797 0.533203 0.591797 0.535156 0.593750 0.537109 0.593750
0 0.300781 0.607422 0.298828 0.607422 0.296875 0.609375 0.287109 0.609375 0.281250 0.603516 0.281250 0.593750 0.283203 0.591797 0.285156 0.591797 0.285156 0.589844 0.287109 0.587891 0.296875 0.587891 0.302734 0.593750 0.302734 0.603516 0.300781 0.605469
0 0.431641 0.601562 0.429688 0.601562 0.427734 0.603516 0.423828 0.603516 0.421875 0.601562 0.421875 0.595703 0.423828 0.593750 0.427734 0.593750 0.429688 0.595703 0.431641 0.595703
0 0.275391 0.603516 0.273438 0.603516 0.271484 0.605469 0.267578 0.605469 0.265625 0.603516 0.265625 0.597656 0.267578 0.595703 0.271484 0.595703 0.273438 0.597656 0.275391 0.597656
0 0.339844 0.599609 0.339844 0.603516 0.335938 0.603516 0.333984 0.601562 0.337891 0.597656
0 0.574219 0.603516 0.572266 0.603516 0.570312 0.605469 0.566406 0.605469 0.564453 0.603516 0.564453 0.597656 0.566406 0.595703 0.570312 0.595703 0.572266 0.597656 0.574219 0.597656
0 0.675781 0.599609 0.675781 0.603516 0.671875 0.603516 0.669922 0.601562 0.673828 0.597656
0 0.724609 0.603516 0.722656 0.603516 0.720703 0.605469 0.716797 0.605469 0.714844 0.603516 0.714844 0.597656 0.716797 0.595703 0.720703 0.595703 0.722656 0.597656 0.724609 0.597656
0 0.261719 0.605469 0.255859 0.611328 0.250000 0.611328 0.244141 0.605469 0.244141 0.599609 0.250000 0.593750 0.255859 0.593750 0.261719 0.599609
0 0.359375 0.601562 0.359375 0.605469 0.355469 0.605469 0.353516 0.603516 0.357422 0.599609
0 0.130859 0.607422 0.128906 0.607422 0.126953 0.609375 0.123047 0.609375 0.121094 0.607422 0.121094 0.601562 0.123047 0.599609 0.126953 0.599609 0.128906 0.601562 0.130859 0.601562
0 0.482422 0.607422 0.480469 0.607422 0.478516 0.609375 0.474609 0.609375 0.472656 0.607422 0.472656 0.601562 0.474609 0.599609 0.478516 0.599609 0.480469 0.601562 0.482422 0.601562
0 0.691406 0.607422 0.689453 0.607422 0.687500 0.609375 0.683594 0.609375 0.681641 0.607422 0.681641 0.601562 0.683594 0.599609 0.687500 0.599609 0.689453 0.601562 0.691406 0.601562
0 0.708984 0.603516 0.708984 0.607422 0.705078 0.607422 0.703125 0.605469 0.707031 0.601562
0 0.447266 0.607422 0.445312 0.609375 0.445312 0.611328 0.443359 0.613281 0.437500 0.613281 0.435547 0.611328 0.435547 0.609375 0.433594 0.607422 0.433594 0.605469 0.435547 0.603516 0.435547 0.601562 0.437500 0.599609 0.443359 0.599609 0.445312 0.601562 0.445312 0.603516 0.447266 0.605469
0 0.646484 0.607422 0.644531 0.609375 0.644531 0.611328 0.642578 0.613281 0.636719 0.613281 0.634766 0.611328 0.634766 0.609375 0.632812 0.607422 0.632812 0.605469 0.634766 0.603516 0.634766 0.601562 0.636719 0.599609 0.642578 0.599609 0.644531 0.601562 0.644531 0.603516 0.646484 0.605469
0 0.917969 0.607422 0.916016 0.609375 0.916016 0.611328 0.914062 0.613281 0.908203 0.613281 0.906250 0.611328 0.906250 0.609375 0.904297 0.607422 0.904297 0.605469 0.906250 0.603516 0.906250 0.601562 0.908203 0.599609 0.914062 0.599609 0.916016 0.601562 0.916016 0.603516 0.917969 0.605469
0 0.236328 0.609375 0.234375 0.611328 0.234375 0.613281 0.232422 0.615234 0.226562 0.615234 0.224609 0.613281 0.224609 0.611328 0.222656 0.609375 0.222656 0.607422 0.224609 0.605469 0.224609 0.603516 0.226562 0.601562 0.232422 0.601562 0.234375 0.603516 0.234375 0.605469 0.236328 0.607422
0 0.625000 0.607422 0.625000 0.611328 0.621094 0.611328 0.619141 0.609375 0.623047 0.605469
0 0.220703 0.613281 0.218750 0.613281 0.216797 0.615234 0.212891 0.615234 0.210938 0.613281 0.210938 0.607422 0.212891 0.605469 0.216797 0.605469 0.218750 0.607422 0.220703 0.607422
0 0.464844 0.613281 0.462891 0.613281 0.460938 0.615234 0.457031 0.615234 0.455078 0.613281 0.455078 0.607422 0.457031 0.605469 0.460938 0.605469 0.462891 0.607422 0.464844 0.607422
0 0.527344 0.613281 0.525391 0.615234 0.525391 0.617188 0.523438 0.619141 0.517578 0.619141 0.515625 0.617188 0.515625 0.615234 0.513672 0.613281 0.513672 0.611328 0.515625 0.609375 0.515625 0.607422 0.517578 0.605469 0.523438 0.605469 0.525391 0.607422 0.525391 0.609375 0.527344 0.611328
0 0.947266 0.613281 0.945312 0.615234 0.945312 0.617188 0.943359 0.619141 0.937500 0.619141 0.935547 0.617188 0.935547 0.615234 0.933594 0.613281 0.933594 0.611328 0.935547 0.609375 0.935547 0.607422 0.937500 0.605469 0.943359 0.605469 0.945312 0.607422 0.945312 0.609375 0.947266 0.611328
0 0.578125 0.617188 0.576172 0.617188 0.574219 0.619141 0.570312 0.619141 0.568359 0.617188 0.568359 0.611328 0.570312 0.609375 0.574219 0.609375 0.576172 0.611328 0.578125 0.611328
0 0.646484 0.615234 0.644531 0.617188 0.644531 0.619141 0.642578 0.621094 0.636719 0.621094 0.634766 0.619141 0.634766 0.617188 0.632812 0.615234 0.632812 0.613281 0.634766 0.611328 0.634766 0.609375 0.636719 0.607422 0.642578 0.607422 0.644531 0.609375 0.644531 0.611328 0.646484 0.613281
0 0.531250 0.619141 0.529297 0.619141 0.527344 0.621094 0.523438 0.621094 0.521484 0.619141 0.521484 0.613281 0.523438 0.611328 0.527344 0.611328 0.529297 0.613281 0.531250 0.613281
0 0.662109 0.619141 0.660156 0.619141 0.658203 0.621094 0.654297 0.621094 0.652344 0.619141 0.652344 0.613281 0.654297 0.611328 0.658203 0.611328 0.660156 0.613281 0.662109 0.613281
0 0.328125 0.621094 0.326172 0.621094 0.324219 0.623047 0.320312 0.623047 0.318359 0.621094 0.318359 0.615234 0.320312 0.613281 0.324219 0.613281 0.326172 0.615234 0.328125 0.615234
0 0.636719 0.621094 0.634766 0.621094 0.632812 0.623047 0.628906 0.623047 0.626953 0.621094 0.626953 0.615234 0.628906 0.613281 0.632812 0.613281 0.634766 0.615234 0.636719 0.615234
0 0.244141 0.619141 0.244141 0.623047 0.240234 0.623047 0.238281 0.621094 0.242188 0.617188
0 0.267578 0.621094 0.267578 0.625000 0.263672 0.625000 0.261719 0.623047 0.265625 0.619141
0 0.458984 0.630859 0.457031 0.630859 0.455078 0.632812 0.445312 0.632812 0.439453 0.626953 0.439453 0.617188 0.441406 0.615234 0.443359 0.615234 0.443359 0.613281 0.445312 0.611328 0.455078 0.611328 0.460938 0.617188 0.460938 0.626953 0.458984 0.628906
0 0.201172 0.626953 0.199219 0.626953 0.197266 0.628906 0.193359 0.628906 0.191406 0.626953 0.191406 0.621094 0.193359 0.619141 0.197266 0.619141 0.199219 0.621094 0.201172 0.621094
0 0.296875 0.632812 0.294922 0.632812 0.292969 0.634766 0.283203 0.634766 0.277344 0.628906 0.277344 0.619141 0.279297 0.617188 0.281250 0.617188 0.281250 0.615234 0.283203 0.613281 0.292969 0.613281 0.298828 0.619141 0.298828 0.628906 0.296875 0.630859
0 0.488281 0.632812 0.486328 0.632812 0.484375 0.634766 0.474609 0.634766 0.468750 0.628906 0.468750 0.619141 0.470703 0.617188 0.472656 0.617188 0.472656 0.615234 0.474609 0.613281 0.484375 0.613281 0.490234 0.619141 0.490234 0.628906 0.488281 0.630859
0 0.691406 0.628906 0.689453 0.628906 0.687500 0.630859 0.683594 0.630859 0.681641 0.628906 0.681641 0.623047 0.683594 0.621094 0.687500 0.621094 0.689453 0.623047 0.691406 0.623047
0 0.343750 0.630859 0.341797 0.630859 0.339844 0.632812 0.335938 0.632812 0.333984 0.630859 0.333984 0.625000 0.335938 0.623047 0.339844 0.623047 0.341797 0.625000 0.343750 0.625000
0 0.449219 0.630859 0.447266 0.630859 0.445312 0.632812 0.441406 0.632812 0.439453 0.630859 0.439453 0.625000 0.441406 0.623047 0.445312 0.623047 0.447266 0.625000 0.449219 0.625000
0 0.673828 0.632812 0.671875 0.632812 0.669922 0.634766 0.666016 0.634766 0.664062 0.632812 0.664062 0.626953 0.666016 0.625000 0.669922 0.625000 0.671875 0.626953 0.673828 0.626953
0 0.185547 0.634766 0.183594 0.634766 0.181641 0.636719 0.177734 0.636719 0.175781 0.634766 0.175781 0.628906 0.177734 0.626953 0.181641 0.626953 0.183594 0.628906 0.185547 0.628906
0 0.386719 0.632812 0.384766 0.634766 0.384766 0.636719 0.382812 0.638672 0.376953 0.638672 0.375000 0.636719 0.375000 0.634766 0.373047 0.632812 0.373047 0.630859 0.375000 0.628906 0.375000 0.626953 0.376953 0.625000 0.382812 0.625000 0.384766 0.626953 0.384766 0.628906 0.386719 0.630859
0 0.437500 0.634766 0.435547 0.634766 0.433594 0.636719 0.429688 0.636719 0.427734 0.634766 0.427734 0.628906 0.429688 0.626953 0.433594 0.626953 0.435547 0.628906 0.437500 0.628906
0 0.681641 0.634766 0.679688 0.634766 0.677734 0.636719 0.673828 0.636719 0.671875 0.634766 0.671875 0.628906 0.673828 0.626953 0.677734 0.626953 0.679688 0.628906 0.681641 0.628906
0 0.404297 0.634766 0.402344 0.636719 0.402344 0.638672 0.400391 0.640625 0.394531 0.640625 0.392578 0.638672 0.392578 0.636719 0.390625 0.634766 0.390625 0.632812 0.392578 0.630859 0.392578 0.628906 0.394531 0.626953 0.400391 0.626953 0.402344 0.628906 0.402344 0.630859 0.404297 0.632812
0 0.326172 0.638672 0.320312 0.644531 0.314453 0.644531 0.308594 0.638672 0.308594 0.632812 0.314453 0.626953 0.320312 0.626953 0.326172 0.632812
0 0.458984 0.638672 0.457031 0.638672 0.455078 0.640625 0.451172 0.640625 0.449219 0.638672 0.449219 0.632812 0.451172 0.630859 0.455078 0.630859 0.457031 0.632812 0.458984 0.632812
0 0.378906 0.638672 0.376953 0.640625 0.376953 0.642578 0.375000 0.644531 0.369141 0.644531 0.367188 0.642578 0.367188 0.640625 0.365234 0.638672 0.365234 0.636719 0.367188 0.634766 0.367188 0.632812 0.369141 0.630859 0.375000 0.630859 0.376953 0.632812 0.376953 0.634766 0.378906 0.636719
0 0.525391 0.640625 0.519531 0.646484 0.513672 0.646484 0.507812 0.640625 0.507812 0.634766 0.513672 0.628906 0.519531 0.628906 0.525391 0.634766
0 0.541016 0.640625 0.539062 0.640625 0.537109 0.642578 0.533203 0.642578 0.531250 0.640625 0.531250 0.634766 0.533203 0.632812 0.537109 0.632812 0.539062 0.634766 0.541016 0.634766
0 0.433594 0.648438 0.431641 0.648438 0.429688 0.650391 0.425781 0.650391 0.423828 0.648438 0.423828 0.642578 0.425781 0.640625 0.429688 0.640625 0.431641 0.642578 0.433594 0.642578
0 0.281250 0.648438 0.279297 0.650391 0.279297 0.652344 0.277344 0.654297 0.271484 0.654297 0.269531 0.652344 0.269531 0.650391 0.267578 0.648438 0.267578 0.646484 0.269531 0.644531 0.269531 0.642578 0.271484 0.640625 0.277344 0.640625 0.279297 0.642578 0.279297 0.644531 0.281250 0.646484
0 0.343750 0.648438 0.341797 0.650391 0.341797 0.652344 0.339844 0.654297 0.333984 0.654297 0.332031 0.652344 0.332031 0.650391 0.330078 0.648438 0.330078 0.646484 0.332031 0.644531 0.332031 0.642578 0.333984 0.640625 0.339844 0.640625 0.341797 0.642578 0.341797 0.644531 0.343750 0.646484
0 0.587891 0.650391 0.585938 0.650391 0.583984 0.652344 0.580078 0.652344 0.578125 0.650391 0.578125 0.644531 0.580078 0.642578 0.583984 0.642578 0.585938 0.644531 0.587891 0.644531
0 0.041016 0.650391 0.039062 0.652344 0.039062 0.654297 0.037109 0.656250 0.031250 0.656250 0.029297 0.654297 0.029297 0.652344 0.027344 0.650391 0.027344 0.648438 0.029297 0.646484 0.029297 0.644531 0.031250 0.642578 0.037109 0.642578 0.039062 0.644531 0.039062 0.646484 0.041016 0.648438
0 0.298828 0.652344 0.296875 0.652344 0.294922 0.654297 0.291016 0.654297 0.289062 0.652344 0.289062 0.646484 0.291016 0.644531 0.294922 0.644531 0.296875 0.646484 0.298828 0.646484
0 0.464844 0.652344 0.462891 0.652344 0.460938 0.654297 0.457031 0.654297 0.455078 0.652344 0.455078 0.646484 0.457031 0.644531 0.460938 0.644531 0.462891 0.646484 0.464844 0.646484
0 0.511719 0.652344 0.505859 0.658203 0.500000 0.658203 0.494141 0.652344 0.494141 0.646484 0.500000 0.640625 0.505859 0.640625 0.511719 0.646484
0 0.185547 0.660156 0.183594 0.660156 0.181641 0.662109 0.171875 0.662109 0.166016 0.656250 0.166016 0.646484 0.167969 0.644531 0.169922 0.644531 0.169922 0.642578 0.171875 0.640625 0.181641 0.640625 0.187500 0.646484 0.187500 0.656250 0.185547 0.658203
0 0.257812 0.654297 0.255859 0.656250 0.255859 0.658203 0.253906 0.660156 0.248047 0.660156 0.246094 0.658203 0.246094 0.656250 0.244141 0.654297 0.244141 0.652344 0.246094 0.650391 0.246094 0.648438 0.248047 0.646484 0.253906 0.646484 0.255859 0.648438 0.255859 0.650391 0.257812 0.652344
0 0.371094 0.664062 0.369141 0.664062 0.367188 0.666016 0.357422 0.666016 0.351562 0.660156 0.351562 0.650391 0.353516 0.648438 0.355469 0.648438 0.355469 0.646484 0.357422 0.644531 0.367188 0.644531 0.373047 0.650391 0.373047 0.660156 0.371094 0.662109
0 0.822266 0.654297 0.822266 0.658203 0.818359 0.658203 0.816406 0.656250 0.820312 0.652344
0 0.203125 0.660156 0.201172 0.660156 0.199219 0.662109 0.195312 0.662109 0.193359 0.660156 0.193359 0.654297 0.195312 0.652344 0.199219 0.652344 0.201172 0.654297 0.203125 0.654297
0 0.236328 0.660156 0.234375 0.660156 0.232422 0.662109 0.228516 0.662109 0.226562 0.660156 0.226562 0.654297 0.228516 0.652344 0.232422 0.652344 0.234375 0.654297 0.236328 0.654297
0 0.324219 0.660156 0.318359 0.666016 0.312500 0.666016 0.306641 0.660156 0.306641 0.654297 0.312500 0.648438 0.318359 0.648438 0.324219 0.654297
0 0.857422 0.656250 0.857422 0.660156 0.853516 0.660156 0.851562 0.658203 0.855469 0.654297
0 0.287109 0.662109 0.281250 0.667969 0.275391 0.667969 0.269531 0.662109 0.269531 0.656250 0.275391 0.650391 0.281250 0.650391 0.287109 0.656250
0 0.537109 0.660156 0.535156 0.662109 0.535156 0.664062 0.533203 0.666016 0.527344 0.666016 0.525391 0.664062 0.525391 0.662109 0.523438 0.660156 0.523438 0.658203 0.525391 0.656250 0.525391 0.654297 0.527344 0.652344 0.533203 0.652344 0.535156 0.654297 0.535156 0.656250 0.537109 0.658203
0 0.763672 0.658203 0.763672 0.662109 0.759766 0.662109 0.757812 0.660156 0.761719 0.656250
0 0.865234 0.658203 0.865234 0.662109 0.861328 0.662109 0.859375 0.660156 0.863281 0.656250
0 0.408203 0.664062 0.406250 0.664062 0.404297 0.666016 0.400391 0.666016 0.398438 0.664062 0.398438 0.658203 0.400391 0.656250 0.404297 0.656250 0.406250 0.658203 0.408203 0.658203
0 0.513672 0.662109 0.511719 0.664062 0.511719 0.666016 0.509766 0.667969 0.503906 0.667969 0.501953 0.666016 0.501953 0.664062 0.500000 0.662109 0.500000 0.660156 0.501953 0.658203 0.501953 0.656250 0.503906 0.654297 0.509766 0.654297 0.511719 0.656250 0.511719 0.658203 0.513672 0.660156
0 0.566406 0.669922 0.564453 0.669922 0.562500 0.671875 0.552734 0.671875 0.546875 0.666016 0.546875 0.656250 0.548828 0.654297 0.550781 0.654297 0.550781 0.652344 0.552734 0.650391 0.562500 0.650391 0.568359 0.656250 0.568359 0.666016 0.566406 0.667969
0 0.601562 0.660156 0.601562 0.664062 0.597656 0.664062 0.595703 0.662109 0.599609 0.658203
0 0.830078 0.660156 0.830078 0.664062 0.826172 0.664062 0.824219 0.662109 0.828125 0.658203
0 0.056641 0.666016 0.054688 0.666016 0.052734 0.667969 0.048828 0.667969 0.046875 0.666016 0.046875 0.660156 0.048828 0.658203 0.052734 0.658203 0.054688 0.660156 0.056641 0.660156
0 0.162109 0.666016 0.156250 0.671875 0.150391 0.671875 0.144531 0.666016 0.144531 0.660156 0.150391 0.654297 0.156250 0.654297 0.162109 0.660156
0 0.392578 0.664062 0.390625 0.666016 0.390625 0.667969 0.388672 0.669922 0.382812 0.669922 0.380859 0.667969 0.380859 0.666016 0.378906 0.664062 0.378906 0.662109 0.380859 0.660156 0.380859 0.658203 0.382812 0.656250 0.388672 0.656250 0.390625 0.658203 0.390625 0.660156 0.392578 0.662109
0 0.589844 0.666016 0.587891 0.666016 0.585938 0.667969 0.582031 0.667969 0.580078 0.666016 0.580078 0.660156 0.582031 0.658203 0.585938 0.658203 0.587891 0.660156 0.589844 0.660156
0 0.628906 0.662109 0.628906 0.666016 0.625000 0.666016 0.623047 0.664062 0.626953 0.660156
0 0.816406 0.666016 0.814453 0.666016 0.812500 0.667969 0.808594 0.667969 0.806641 0.666016 0.806641 0.660156 0.808594 0.658203 0.812500 0.658203 0.814453 0.660156 0.816406 0.660156
0 0.849609 0.662109 0.849609 0.666016 0.845703 0.666016 0.843750 0.664062 0.847656 0.660156
0 0.576172 0.664062 0.576172 0.667969 0.572266 0.667969 0.570312 0.666016 0.574219 0.662109
0 0.613281 0.666016 0.613281 0.669922 0.609375 0.669922 0.607422 0.667969 0.611328 0.664062
0 0.552734 0.671875 0.550781 0.671875 0.548828 0.673828 0.544922 0.673828 0.542969 0.671875 0.542969 0.666016 0.544922 0.664062 0.548828 0.664062 0.550781 0.666016 0.552734 0.666016
0 0.769531 0.667969 0.769531 0.671875 0.765625 0.671875 0.763672 0.669922 0.767578 0.666016
0 0.208984 0.673828 0.207031 0.673828 0.205078 0.675781 0.201172 0.675781 0.199219 0.673828 0.199219 0.667969 0.201172 0.666016 0.205078 0.666016 0.207031 0.667969 0.208984 0.667969
0 0.220703 0.673828 0.218750 0.673828 0.216797 0.675781 0.212891 0.675781 0.210938 0.673828 0.210938 0.667969 0.212891 0.666016 0.216797 0.666016 0.218750 0.667969 0.220703 0.667969
0 0.445312 0.679688 0.443359 0.679688 0.441406 0.681641 0.431641 0.681641 0.425781 0.675781 0.425781 0.666016 0.427734 0.664062 0.429688 0.664062 0.429688 0.662109 0.431641 0.660156 0.441406 0.660156 0.447266 0.666016 0.447266 0.675781 0.445312 0.677734
0 0.533203 0.679688 0.531250 0.679688 0.529297 0.681641 0.519531 0.681641 0.513672 0.675781 0.513672 0.666016 0.515625 0.664062 0.517578 0.664062 0.517578 0.662109 0.519531 0.660156 0.529297 0.660156 0.535156 0.666016 0.535156 0.675781 0.533203 0.677734
0 0.634766 0.669922 0.634766 0.673828 0.630859 0.673828 0.628906 0.671875 0.632812 0.667969
0 0.189453 0.675781 0.187500 0.675781 0.185547 0.677734 0.181641 0.677734 0.179688 0.675781 0.179688 0.669922 0.181641 0.667969 0.185547 0.667969 0.187500 0.669922 0.189453 0.669922
0 0.498047 0.671875 0.498047 0.675781 0.494141 0.675781 0.492188 0.673828 0.496094 0.669922
0 0.601562 0.675781 0.599609 0.675781 0.597656 0.677734 0.593750 0.677734 0.591797 0.675781 0.591797 0.669922 0.593750 0.667969 0.597656 0.667969 0.599609 0.669922 0.601562 0.669922
0 0.605469 0.671875 0.605469 0.675781 0.601562 0.675781 0.599609 0.673828 0.603516 0.669922
0 0.800781 0.673828 0.798828 0.675781 0.798828 0.677734 0.796875 0.679688 0.791016 0.679688 0.789062 0.677734 0.789062 0.675781 0.787109 0.673828 0.787109 0.671875 0.789062 0.669922 0.789062 0.667969 0.791016 0.666016 0.796875 0.666016 0.798828 0.667969 0.798828 0.669922 0.800781 0.671875
0 0.857422 0.671875 0.857422 0.675781 0.853516 0.675781 0.851562 0.673828 0.855469 0.669922
0 0.253906 0.675781 0.251953 0.677734 0.251953 0.679688 0.250000 0.681641 0.244141 0.681641 0.242188 0.679688 0.242188 0.677734 0.240234 0.675781 0.240234 0.673828 0.242188 0.671875 0.242188 0.669922 0.244141 0.667969 0.250000 0.667969 0.251953 0.669922 0.251953 0.671875 0.253906 0.673828
0 0.503906 0.673828 0.503906 0.677734 0.500000 0.677734 0.498047 0.675781 0.501953 0.671875
0 0.576172 0.683594 0.574219 0.683594 0.572266 0.685547 0.562500 0.685547 0.556641 0.679688 0.556641 0.669922 0.558594 0.667969 0.560547 0.667969 0.560547 0.666016 0.562500 0.664062 0.572266 0.664062 0.578125 0.669922 0.578125 0.679688 0.576172 0.681641
0 0.296875 0.677734 0.294922 0.679688 0.294922 0.681641 0.292969 0.683594 0.287109 0.683594 0.285156 0.681641 0.285156 0.679688 0.283203 0.677734 0.283203 0.675781 0.285156 0.673828 0.285156 0.671875 0.287109 0.669922 0.292969 0.669922 0.294922 0.671875 0.294922 0.673828 0.296875 0.675781
0 0.080078 0.687500 0.078125 0.687500 0.076172 0.689453 0.066406 0.689453 0.060547 0.683594 0.060547 0.673828 0.062500 0.671875 0.064453 0.671875 0.064453 0.669922 0.066406 0.667969 0.076172 0.667969 0.082031 0.673828 0.082031 0.683594 0.080078 0.685547
0 0.271484 0.681641 0.269531 0.681641 0.267578 0.683594 0.263672 0.683594 0.261719 0.681641 0.261719 0.675781 0.263672 0.673828 0.267578 0.673828 0.269531 0.675781 0.271484 0.675781
0 0.464844 0.687500 0.462891 0.687500 0.460938 0.689453 0.451172 0.689453 0.445312 0.683594 0.445312 0.673828 0.447266 0.671875 0.449219 0.671875 0.449219 0.669922 0.451172 0.667969 0.460938 0.667969 0.466797 0.673828 0.466797 0.683594 0.464844 0.685547
0 0.324219 0.689453 0.322266 0.689453 0.320312 0.691406 0.310547 0.691406 0.304688 0.685547 0.304688 0.675781 0.306641 0.673828 0.308594 0.673828 0.308594 0.671875 0.310547 0.669922 0.320312 0.669922 0.326172 0.675781 0.326172 0.685547 0.324219 0.687500
0 0.539062 0.683594 0.533203 0.689453 0.527344 0.689453 0.521484 0.683594 0.521484 0.677734 0.527344 0.671875 0.533203 0.671875 0.539062 0.677734
0 0.935547 0.679688 0.935547 0.683594 0.931641 0.683594 0.929688 0.681641 0.933594 0.677734
0 0.375000 0.683594 0.373047 0.685547 0.373047 0.687500 0.371094 0.689453 0.365234 0.689453 0.363281 0.687500 0.363281 0.685547 0.361328 0.683594 0.361328 0.681641 0.363281 0.679688 0.363281 0.677734 0.365234 0.675781 0.371094 0.675781 0.373047 0.677734 0.373047 0.679688 0.375000 0.681641
0 0.925781 0.681641 0.925781 0.685547 0.921875 0.685547 0.919922 0.683594 0.923828 0.679688
0 0.511719 0.687500 0.509766 0.687500 0.507812 0.689453 0.503906 0.689453 0.501953 0.687500 0.501953 0.681641 0.503906 0.679688 0.507812 0.679688 0.509766 0.681641 0.511719 0.681641
0 0.425781 0.691406 0.423828 0.691406 0.421875 0.693359 0.417969 0.693359 0.416016 0.691406 0.416016 0.685547 0.417969 0.683594 0.421875 0.683594 0.423828 0.685547 0.425781 0.685547
0 0.464844 0.691406 0.462891 0.691406 0.460938 0.693359 0.457031 0.693359 0.455078 0.691406 0.455078 0.685547 0.457031 0.683594 0.460938 0.683594 0.462891 0.685547 0.464844 0.685547
0 0.943359 0.687500 0.943359 0.691406 0.939453 0.691406 0.937500 0.689453 0.941406 0.685547
0 0.164062 0.695312 0.158203 0.701172 0.152344 0.701172 0.146484 0.695312 0.146484 0.689453 0.152344 0.683594 0.158203 0.683594 0.164062 0.689453
0 0.564453 0.693359 0.562500 0.695312 0.562500 0.697266 0.560547 0.699219 0.554688 0.699219 0.552734 0.697266 0.552734 0.695312 0.550781 0.693359 0.550781 0.691406 0.552734 0.689453 0.552734 0.687500 0.554688 0.685547 0.560547 0.685547 0.562500 0.687500 0.562500 0.689453 0.564453 0.691406
0 0.808594 0.695312 0.806641 0.695312 0.804688 0.697266 0.800781 0.697266 0.798828 0.695312 0.798828 0.689453 0.800781 0.687500 0.804688 0.687500 0.806641 0.689453 0.808594 0.689453
0 0.804688 0.695312 0.802734 0.697266 0.802734 0.699219 0.800781 0.701172 0.794922 0.701172 0.792969 0.699219 0.792969 0.697266 0.791016 0.695312 0.791016 0.693359 0.792969 0.691406 0.792969 0.689453 0.794922 0.687500 0.800781 0.687500 0.802734 0.689453 0.802734 0.691406 0.804688 0.693359
0 0.943359 0.693359 0.943359 0.697266 0.939453 0.697266 0.937500 0.695312 0.941406 0.691406
0 0.517578 0.699219 0.515625 0.699219 0.513672 0.701172 0.509766 0.701172 0.507812 0.699219 0.507812 0.693359 0.509766 0.691406 0.513672 0.691406 0.515625 0.693359 0.517578 0.693359
0 0.480469 0.703125 0.478516 0.703125 0.476562 0.705078 0.472656 0.705078 0.470703 0.703125 0.470703 0.697266 0.472656 0.695312 0.476562 0.695312 0.478516 0.697266 0.480469 0.697266
0 0.800781 0.703125 0.798828 0.703125 0.796875 0.705078 0.792969 0.705078 0.791016 0.703125 0.791016 0.697266 0.792969 0.695312 0.796875 0.695312 0.798828 0.697266 0.800781 0.697266
0 0.929688 0.699219 0.929688 0.703125 0.925781 0.703125 0.923828 0.701172 0.927734 0.697266
0 0.289062 0.703125 0.287109 0.705078 0.287109 0.707031 0.285156 0.708984 0.279297 0.708984 0.277344 0.707031 0.277344 0.705078 0.275391 0.703125 0.275391 0.701172 0.277344 0.699219 0.277344 0.697266 0.279297 0.695312 0.285156 0.695312 0.287109 0.697266 0.287109 0.699219 0.289062 0.701172
0 0.404297 0.701172 0.404297 0.705078 0.400391 0.705078 0.398438 0.703125 0.402344 0.699219
0 0.349609 0.705078 0.347656 0.707031 0.347656 0.708984 0.345703 0.710938 0.339844 0.710938 0.337891 0.708984 0.337891 0.707031 0.335938 0.705078 0.335938 0.703125 0.337891 0.701172 0.337891 0.699219 0.339844 0.697266 0.345703 0.697266 0.347656 0.699219 0.347656 0.701172 0.349609 0.703125
0 0.433594 0.707031 0.431641 0.708984 0.431641 0.710938 0.429688 0.712891 0.423828 0.712891 0.421875 0.710938 0.421875 0.708984 0.419922 0.707031 0.419922 0.705078 0.421875 0.703125 0.421875 0.701172 0.423828 0.699219 0.429688 0.699219 0.431641 0.701172 0.431641 0.703125 0.433594 0.705078
0 0.630859 0.708984 0.628906 0.708984 0.626953 0.710938 0.623047 0.710938 0.621094 0.708984 0.621094 0.703125 0.623047 0.701172 0.626953 0.701172 0.628906 0.703125 0.630859 0.703125
0 0.564453 0.710938 0.562500 0.710938 0.560547 0.712891 0.556641 0.712891 0.554688 0.710938 0.554688 0.705078 0.556641 0.703125 0.560547 0.703125 0.562500 0.705078 0.564453 0.705078
0 0.583984 0.710938 0.578125 0.716797 0.572266 0.716797 0.566406 0.710938 0.566406 0.705078 0.572266 0.699219 0.578125 0.699219 0.583984 0.705078
0 0.380859 0.708984 0.380859 0.712891 0.376953 0.712891 0.375000 0.710938 0.378906 0.707031
0 0.826172 0.712891 0.824219 0.712891 0.822266 0.714844 0.818359 0.714844 0.816406 0.712891 0.816406 0.707031 0.818359 0.705078 0.822266 0.705078 0.824219 0.707031 0.826172 0.707031
0 0.939453 0.720703 0.937500 0.720703 0.935547 0.722656 0.925781 0.722656 0.919922 0.716797 0.919922 0.707031 0.921875 0.705078 0.923828 0.705078 0.923828 0.703125 0.925781 0.701172 0.935547 0.701172 0.941406 0.707031 0.941406 0.716797 0.939453 0.718750
0 0.296875 0.714844 0.294922 0.716797 0.294922 0.718750 0.292969 0.720703 0.287109 0.720703 0.285156 0.718750 0.285156 0.716797 0.283203 0.714844 0.283203 0.712891 0.285156 0.710938 0.285156 0.708984 0.287109 0.707031 0.292969 0.707031 0.294922 0.708984 0.294922 0.710938 0.296875 0.712891
0 0.386719 0.712891 0.386719 0.716797 0.382812 0.716797 0.380859 0.714844 0.384766 0.710938
0 0.462891 0.724609 0.460938 0.724609 0.458984 0.726562 0.449219 0.726562 0.443359 0.720703 0.443359 0.710938 0.445312 0.708984 0.447266 0.708984 0.447266 0.707031 0.449219 0.705078 0.458984 0.705078 0.464844 0.710938 0.464844 0.720703 0.462891 0.722656
0 0.906250 0.714844 0.906250 0.718750 0.902344 0.718750 0.900391 0.716797 0.904297 0.712891
0 0.566406 0.718750 0.564453 0.720703 0.564453 0.722656 0.562500 0.724609 0.556641 0.724609 0.554688 0.722656 0.554688 0.720703 0.552734 0.718750 0.552734 0.716797 0.554688 0.714844 0.554688 0.712891 0.556641 0.710938 0.562500 0.710938 0.564453 0.712891 0.564453 0.714844 0.566406 0.716797
0 0.751953 0.716797 0.751953 0.720703 0.748047 0.720703 0.746094 0.718750 0.750000 0.714844
0 0.808594 0.718750 0.806641 0.720703 0.806641 0.722656 0.804688 0.724609 0.798828 0.724609 0.796875 0.722656 0.796875 0.720703 0.794922 0.718750 0.794922 0.716797 0.796875 0.714844 0.796875 0.712891 0.798828 0.710938 0.804688 0.710938 0.806641 0.712891 0.806641 0.714844 0.808594 0.716797
0 0.699219 0.720703 0.697266 0.722656 0.697266 0.724609 0.695312 0.726562 0.689453 0.726562 0.687500 0.724609 0.687500 0.722656 0.685547 0.720703 0.685547 0.718750 0.687500 0.716797 0.687500 0.714844 0.689453 0.712891 0.695312 0.712891 0.697266 0.714844 0.697266 0.716797 0.699219 0.718750
0 0.089844 0.722656 0.087891 0.724609 0.087891 0.726562 0.085938 0.728516 0.080078 0.728516 0.078125 0.726562 0.078125 0.724609 0.076172 0.722656 0.076172 0.720703 0.078125 0.718750 0.078125 0.716797 0.080078 0.714844 0.085938 0.714844 0.087891 0.716797 0.087891 0.718750 0.089844 0.720703
0 0.511719 0.724609 0.509766 0.724609 0.507812 0.726562 0.503906 0.726562 0.501953 0.724609 0.501953 0.718750 0.503906 0.716797 0.507812 0.716797 0.509766 0.718750 0.511719 0.718750
0 0.544922 0.724609 0.542969 0.724609 0.541016 0.726562 0.537109 0.726562 0.535156 0.724609 0.535156 0.718750 0.537109 0.716797 0.541016 0.716797 0.542969 0.718750 0.544922 0.718750
0 0.160156 0.724609 0.158203 0.726562 0.158203 0.728516 0.156250 0.730469 0.150391 0.730469 0.148438 0.728516 0.148438 0.726562 0.146484 0.724609 0.146484 0.722656 0.148438 0.720703 0.148438 0.718750 0.150391 0.716797 0.156250 0.716797 0.158203 0.718750 0.158203 0.720703 0.160156 0.722656
0 0.654297 0.722656 0.654297 0.726562 0.650391 0.726562 0.648438 0.724609 0.652344 0.720703
0 0.957031 0.722656 0.957031 0.726562 0.953125 0.726562 0.951172 0.724609 0.955078 0.720703
0 0.529297 0.728516 0.527344 0.728516 0.525391 0.730469 0.521484 0.730469 0.519531 0.728516 0.519531 0.722656 0.521484 0.720703 0.525391 0.720703 0.527344 0.722656 0.529297 0.722656
0 0.744141 0.724609 0.744141 0.728516 0.740234 0.728516 0.738281 0.726562 0.742188 0.722656
0 0.757812 0.724609 0.757812 0.728516 0.753906 0.728516 0.751953 0.726562 0.755859 0.722656
0 0.562500 0.736328 0.560547 0.736328 0.558594 0.738281 0.548828 0.738281 0.542969 0.732422 0.542969 0.722656 0.544922 0.720703 0.546875 0.720703 0.546875 0.718750 0.548828 0.716797 0.558594 0.716797 0.564453 0.722656 0.564453 0.732422 0.562500 0.734375
0 0.839844 0.730469 0.833984 0.736328 0.828125 0.736328 0.822266 0.730469 0.822266 0.724609 0.828125 0.718750 0.833984 0.718750 0.839844 0.724609
0 0.585938 0.732422 0.583984 0.732422 0.582031 0.734375 0.578125 0.734375 0.576172 0.732422 0.576172 0.726562 0.578125 0.724609 0.582031 0.724609 0.583984 0.726562 0.585938 0.726562
0 0.126953 0.734375 0.121094 0.740234 0.115234 0.740234 0.109375 0.734375 0.109375 0.728516 0.115234 0.722656 0.121094 0.722656 0.126953 0.728516
0 0.353516 0.732422 0.351562 0.734375 0.351562 0.736328 0.349609 0.738281 0.343750 0.738281 0.341797 0.736328 0.341797 0.734375 0.339844 0.732422 0.339844 0.730469 0.341797 0.728516 0.341797 0.726562 0.343750 0.724609 0.349609 0.724609 0.351562 0.726562 0.351562 0.728516 0.353516 0.730469
0 0.750000 0.730469 0.750000 0.734375 0.746094 0.734375 0.744141 0.732422 0.748047 0.728516
0 0.146484 0.736328 0.144531 0.736328 0.142578 0.738281 0.138672 0.738281 0.136719 0.736328 0.136719 0.730469 0.138672 0.728516 0.142578 0.728516 0.144531 0.730469 0.146484 0.730469
0 0.453125 0.732422 0.453125 0.736328 0.449219 0.736328 0.447266 0.734375 0.451172 0.730469
0 0.541016 0.734375 0.541016 0.738281 0.537109 0.738281 0.535156 0.736328 0.539062 0.732422
0 0.576172 0.738281 0.574219 0.738281 0.572266 0.740234 0.568359 0.740234 0.566406 0.738281 0.566406 0.732422 0.568359 0.730469 0.572266 0.730469 0.574219 0.732422 0.576172 0.732422
0 0.738281 0.744141 0.736328 0.744141 0.734375 0.746094 0.724609 0.746094 0.718750 0.740234 0.718750 0.730469 0.720703 0.728516 0.722656 0.728516 0.722656 0.726562 0.724609 0.724609 0.734375 0.724609 0.740234 0.730469 0.740234 0.740234 0.738281 0.742188
0 0.484375 0.746094 0.482422 0.746094 0.480469 0.748047 0.470703 0.748047 0.464844 0.742188 0.464844 0.732422 0.466797 0.730469 0.468750 0.730469 0.468750 0.728516 0.470703 0.726562 0.480469 0.726562 0.486328 0.732422 0.486328 0.742188 0.484375 0.744141
0 0.947266 0.740234 0.945312 0.740234 0.943359 0.742188 0.939453 0.742188 0.937500 0.740234 0.937500 0.734375 0.939453 0.732422 0.943359 0.732422 0.945312 0.734375 0.947266 0.734375
0 0.296875 0.742188 0.294922 0.742188 0.292969 0.744141 0.289062 0.744141 0.287109 0.742188 0.287109 0.736328 0.289062 0.734375 0.292969 0.734375 0.294922 0.736328 0.296875 0.736328
0 0.429688 0.742188 0.427734 0.742188 0.425781 0.744141 0.421875 0.744141 0.419922 0.742188 0.419922 0.736328 0.421875 0.734375 0.425781 0.734375 0.427734 0.736328 0.429688 0.736328
0 0.447266 0.742188 0.441406 0.748047 0.435547 0.748047 0.429688 0.742188 0.429688 0.736328 0.435547 0.730469 0.441406 0.730469 0.447266 0.736328
0 0.345703 0.740234 0.345703 0.744141 0.341797 0.744141 0.339844 0.742188 0.343750 0.738281
0 0.357422 0.740234 0.357422 0.744141 0.353516 0.744141 0.351562 0.742188 0.355469 0.738281
0 0.906250 0.740234 0.906250 0.744141 0.902344 0.744141 0.900391 0.742188 0.904297 0.738281
0 0.535156 0.746094 0.533203 0.746094 0.531250 0.748047 0.527344 0.748047 0.525391 0.746094 0.525391 0.740234 0.527344 0.738281 0.531250 0.738281 0.533203 0.740234 0.535156 0.740234
0 0.669922 0.744141 0.667969 0.746094 0.667969 0.748047 0.666016 0.750000 0.660156 0.750000 0.658203 0.748047 0.658203 0.746094 0.656250 0.744141 0.656250 0.742188 0.658203 0.740234 0.658203 0.738281 0.660156 0.736328 0.666016 0.736328 0.667969 0.738281 0.667969 0.740234 0.669922 0.742188
0 0.544922 0.750000 0.539062 0.755859 0.533203 0.755859 0.527344 0.750000 0.527344 0.744141 0.533203 0.738281 0.539062 0.738281 0.544922 0.744141
0 0.914062 0.748047 0.914062 0.751953 0.910156 0.751953 0.908203 0.750000 0.912109 0.746094
0 0.316406 0.755859 0.314453 0.757812 0.314453 0.759766 0.312500 0.761719 0.306641 0.761719 0.304688 0.759766 0.304688 0.757812 0.302734 0.755859 0.302734 0.753906 0.304688 0.751953 0.304688 0.750000 0.306641 0.748047 0.312500 0.748047 0.314453 0.750000 0.314453 0.751953 0.316406 0.753906
0 0.292969 0.757812 0.291016 0.759766 0.291016 0.761719 0.289062 0.763672 0.283203 0.763672 0.281250 0.761719 0.281250 0.759766 0.279297 0.757812 0.279297 0.755859 0.281250 0.753906 0.281250 0.751953 0.283203 0.750000 0.289062 0.750000 0.291016 0.751953 0.291016 0.753906 0.292969 0.755859
0 0.390625 0.759766 0.384766 0.765625 0.378906 0.765625 0.373047 0.759766 0.373047 0.753906 0.378906 0.748047 0.384766 0.748047 0.390625 0.753906
0 0.761719 0.755859 0.761719 0.759766 0.757812 0.759766 0.755859 0.757812 0.759766 0.753906
0 0.357422 0.769531 0.355469 0.769531 0.353516 0.771484 0.343750 0.771484 0.337891 0.765625 0.337891 0.755859 0.339844 0.753906 0.341797 0.753906 0.341797 0.751953 0.343750 0.750000 0.353516 0.750000 0.359375 0.755859 0.359375 0.765625 0.357422 0.767578
0 0.451172 0.763672 0.449219 0.763672 0.447266 0.765625 0.443359 0.765625 0.441406 0.763672 0.441406 0.757812 0.443359 0.755859 0.447266 0.755859 0.449219 0.757812 0.451172 0.757812
0 0.527344 0.761719 0.525391 0.763672 0.525391 0.765625 0.523438 0.767578 0.517578 0.767578 0.515625 0.765625 0.515625 0.763672 0.513672 0.761719 0.513672 0.759766 0.515625 0.757812 0.515625 0.755859 0.517578 0.753906 0.523438 0.753906 0.525391 0.755859 0.525391 0.757812 0.527344 0.759766
0 0.998047 0.765625 0.994141 0.765625 0.992188 0.763672 0.992188 0.757812 0.994141 0.755859 0.998047 0.755859
0 0.347656 0.771484 0.345703 0.771484 0.343750 0.773438 0.333984 0.773438 0.328125 0.767578 0.328125 0.757812 0.330078 0.755859 0.332031 0.755859 0.332031 0.753906 0.333984 0.751953 0.343750 0.751953 0.349609 0.757812 0.349609 0.767578 0.347656 0.769531
0 0.689453 0.767578 0.683594 0.773438 0.677734 0.773438 0.671875 0.767578 0.671875 0.761719 0.677734 0.755859 0.683594 0.755859 0.689453 0.761719
0 0.755859 0.763672 0.755859 0.767578 0.751953 0.767578 0.750000 0.765625 0.753906 0.761719
0 0.359375 0.769531 0.357422 0.769531 0.355469 0.771484 0.351562 0.771484 0.349609 0.769531 0.349609 0.763672 0.351562 0.761719 0.355469 0.761719 0.357422 0.763672 0.359375 0.763672
0 0.935547 0.765625 0.935547 0.769531 0.931641 0.769531 0.929688 0.767578 0.933594 0.763672
0 0.998047 0.763672 0.998047 0.769531 0.996094 0.769531 0.994141 0.767578
0 0.285156 0.771484 0.283203 0.771484 0.281250 0.773438 0.277344 0.773438 0.275391 0.771484 0.275391 0.765625 0.277344 0.763672 0.281250 0.763672 0.283203 0.765625 0.285156 0.765625
0 0.769531 0.767578 0.769531 0.771484 0.765625 0.771484 0.763672 0.769531 0.767578 0.765625
0 0.761719 0.769531 0.761719 0.773438 0.757812 0.773438 0.755859 0.771484 0.759766 0.767578
0 0.941406 0.769531 0.941406 0.773438 0.937500 0.773438 0.935547 0.771484 0.939453 0.767578
0 0.515625 0.775391 0.513672 0.775391 0.511719 0.777344 0.507812 0.777344 0.505859 0.775391 0.505859 0.769531 0.507812 0.767578 0.511719 0.767578 0.513672 0.769531 0.515625 0.769531
0 0.464844 0.777344 0.462891 0.777344 0.460938 0.779297 0.457031 0.779297 0.455078 0.777344 0.455078 0.771484 0.457031 0.769531 0.460938 0.769531 0.462891 0.771484 0.464844 0.771484
0 0.542969 0.777344 0.541016 0.777344 0.539062 0.779297 0.535156 0.779297 0.533203 0.777344 0.533203 0.771484 0.535156 0.769531 0.539062 0.769531 0.541016 0.771484 0.542969 0.771484
0 0.421875 0.779297 0.416016 0.785156 0.410156 0.785156 0.404297 0.779297 0.404297 0.773438 0.410156 0.767578 0.416016 0.767578 0.421875 0.773438
0 0.992188 0.779297 0.990234 0.779297 0.988281 0.781250 0.984375 0.781250 0.982422 0.779297 0.982422 0.773438 0.984375 0.771484 0.988281 0.771484 0.990234 0.773438 0.992188 0.773438
0 0.998047 0.783203 0.994141 0.783203 0.992188 0.781250 0.992188 0.779297 0.990234 0.777344 0.990234 0.775391 0.992188 0.773438 0.992188 0.771484 0.994141 0.769531 0.998047 0.769531
0 0.458984 0.781250 0.453125 0.787109 0.447266 0.787109 0.441406 0.781250 0.441406 0.775391 0.447266 0.769531 0.453125 0.769531 0.458984 0.775391
0 0.701172 0.777344 0.701172 0.781250 0.697266 0.781250 0.695312 0.779297 0.699219 0.775391
0 0.908203 0.787109 0.906250 0.787109 0.904297 0.789062 0.900391 0.789062 0.898438 0.787109 0.898438 0.781250 0.900391 0.779297 0.904297 0.779297 0.906250 0.781250 0.908203 0.781250
0 0.982422 0.783203 0.982422 0.787109 0.978516 0.787109 0.976562 0.785156 0.980469 0.781250
0 0.601562 0.785156 0.601562 0.789062 0.597656 0.789062 0.595703 0.787109 0.599609 0.783203
0 0.287109 0.789062 0.285156 0.791016 0.285156 0.792969 0.283203 0.794922 0.277344 0.794922 0.275391 0.792969 0.275391 0.791016 0.273438 0.789062 0.273438 0.787109 0.275391 0.785156 0.275391 0.783203 0.277344 0.781250 0.283203 0.781250 0.285156 0.783203 0.285156 0.785156 0.287109 0.787109
0 0.613281 0.787109 0.613281 0.791016 0.609375 0.791016 0.607422 0.789062 0.611328 0.785156
0 0.933594 0.789062 0.931641 0.791016 0.931641 0.792969 0.929688 0.794922 0.923828 0.794922 0.921875 0.792969 0.921875 0.791016 0.919922 0.789062 0.919922 0.787109 0.921875 0.785156 0.921875 0.783203 0.923828 0.781250 0.929688 0.781250 0.931641 0.783203 0.931641 0.785156 0.933594 0.787109
0 0.447266 0.792969 0.445312 0.794922 0.445312 0.796875 0.443359 0.798828 0.437500 0.798828 0.435547 0.796875 0.435547 0.794922 0.433594 0.792969 0.433594 0.791016 0.435547 0.789062 0.435547 0.787109 0.437500 0.785156 0.443359 0.785156 0.445312 0.787109 0.445312 0.789062 0.447266 0.791016
0 0.669922 0.794922 0.667969 0.794922 0.666016 0.796875 0.662109 0.796875 0.660156 0.794922 0.660156 0.789062 0.662109 0.787109 0.666016 0.787109 0.667969 0.789062 0.669922 0.789062
0 0.691406 0.794922 0.689453 0.794922 0.687500 0.796875 0.683594 0.796875 0.681641 0.794922 0.681641 0.789062 0.683594 0.787109 0.687500 0.787109 0.689453 0.789062 0.691406 0.789062
0 0.908203 0.794922 0.906250 0.794922 0.904297 0.796875 0.900391 0.796875 0.898438 0.794922 0.898438 0.789062 0.900391 0.787109 0.904297 0.787109 0.906250 0.789062 0.908203 0.789062
0 0.470703 0.796875 0.468750 0.796875 0.466797 0.798828 0.462891 0.798828 0.460938 0.796875 0.460938 0.791016 0.462891 0.789062 0.466797 0.789062 0.468750 0.791016 0.470703 0.791016
0 0.529297 0.792969 0.529297 0.796875 0.525391 0.796875 0.523438 0.794922 0.527344 0.791016
0 0.740234 0.798828 0.738281 0.798828 0.736328 0.800781 0.732422 0.800781 0.730469 0.798828 0.730469 0.792969 0.732422 0.791016 0.736328 0.791016 0.738281 0.792969 0.740234 0.792969
0 0.630859 0.798828 0.630859 0.802734 0.626953 0.802734 0.625000 0.800781 0.628906 0.796875
0 0.933594 0.798828 0.933594 0.802734 0.929688 0.802734 0.927734 0.800781 0.931641 0.796875
0 0.537109 0.800781 0.537109 0.804688 0.533203 0.804688 0.531250 0.802734 0.535156 0.798828
0 0.917969 0.804688 0.916016 0.804688 0.914062 0.806641 0.910156 0.806641 0.908203 0.804688 0.908203 0.798828 0.910156 0.796875 0.914062 0.796875 0.916016 0.798828 0.917969 0.798828
0 0.417969 0.812500 0.416016 0.812500 0.414062 0.814453 0.404297 0.814453 0.398438 0.808594 0.398438 0.798828 0.400391 0.796875 0.402344 0.796875 0.402344 0.794922 0.404297 0.792969 0.414062 0.792969 0.419922 0.798828 0.419922 0.808594 0.417969 0.810547
0 0.720703 0.806641 0.718750 0.806641 0.716797 0.808594 0.712891 0.808594 0.710938 0.806641 0.710938 0.800781 0.712891 0.798828 0.716797 0.798828 0.718750 0.800781 0.720703 0.800781
0 0.636719 0.804688 0.636719 0.808594 0.632812 0.808594 0.630859 0.806641 0.634766 0.802734
0 0.460938 0.810547 0.458984 0.810547 0.457031 0.812500 0.453125 0.812500 0.451172 0.810547 0.451172 0.804688 0.453125 0.802734 0.457031 0.802734 0.458984 0.804688 0.460938 0.804688
0 0.529297 0.806641 0.529297 0.810547 0.525391 0.810547 0.523438 0.808594 0.527344 0.804688
0 0.443359 0.814453 0.441406 0.814453 0.439453 0.816406 0.435547 0.816406 0.433594 0.814453 0.433594 0.808594 0.435547 0.806641 0.439453 0.806641 0.441406 0.808594 0.443359 0.808594
0 0.943359 0.816406 0.937500 0.822266 0.931641 0.822266 0.925781 0.816406 0.925781 0.810547 0.931641 0.804688 0.937500 0.804688 0.943359 0.810547
0 0.958984 0.812500 0.958984 0.816406 0.955078 0.816406 0.953125 0.814453 0.957031 0.810547
0 0.537109 0.816406 0.535156 0.818359 0.535156 0.820312 0.533203 0.822266 0.527344 0.822266 0.525391 0.820312 0.525391 0.818359 0.523438 0.816406 0.523438 0.814453 0.525391 0.812500 0.525391 0.810547 0.527344 0.808594 0.533203 0.808594 0.535156 0.810547 0.535156 0.812500 0.537109 0.814453
0 0.728516 0.818359 0.726562 0.818359 0.724609 0.820312 0.720703 0.820312 0.718750 0.818359 0.718750 0.812500 0.720703 0.810547 0.724609 0.810547 0.726562 0.812500 0.728516 0.812500
0 0.892578 0.818359 0.890625 0.818359 0.888672 0.820312 0.884766 0.820312 0.882812 0.818359 0.882812 0.812500 0.884766 0.810547 0.888672 0.810547 0.890625 0.812500 0.892578 0.812500
0 0.656250 0.820312 0.650391 0.826172 0.644531 0.826172 0.638672 0.820312 0.638672 0.814453 0.644531 0.808594 0.650391 0.808594 0.656250 0.814453
0 0.494141 0.818359 0.494141 0.822266 0.490234 0.822266 0.488281 0.820312 0.492188 0.816406
0 0.943359 0.818359 0.943359 0.822266 0.939453 0.822266 0.937500 0.820312 0.941406 0.816406
0 0.542969 0.820312 0.542969 0.824219 0.539062 0.824219 0.537109 0.822266 0.541016 0.818359
0 0.767578 0.820312 0.767578 0.824219 0.763672 0.824219 0.761719 0.822266 0.765625 0.818359
0 0.878906 0.820312 0.878906 0.824219 0.875000 0.824219 0.873047 0.822266 0.876953 0.818359
0 0.775391 0.822266 0.775391 0.826172 0.771484 0.826172 0.769531 0.824219 0.773438 0.820312
0 0.279297 0.826172 0.277344 0.828125 0.277344 0.830078 0.275391 0.832031 0.269531 0.832031 0.267578 0.830078 0.267578 0.828125 0.265625 0.826172 0.265625 0.824219 0.267578 0.822266 0.267578 0.820312 0.269531 0.818359 0.275391 0.818359 0.277344 0.820312 0.277344 0.822266 0.279297 0.824219
0 0.675781 0.828125 0.669922 0.833984 0.664062 0.833984 0.658203 0.828125 0.658203 0.822266 0.664062 0.816406 0.669922 0.816406 0.675781 0.822266
0 0.443359 0.835938 0.441406 0.835938 0.439453 0.837891 0.429688 0.837891 0.423828 0.832031 0.423828 0.822266 0.425781 0.820312 0.427734 0.820312 0.427734 0.818359 0.429688 0.816406 0.439453 0.816406 0.445312 0.822266 0.445312 0.832031 0.443359 0.833984
0 0.703125 0.832031 0.701172 0.832031 0.699219 0.833984 0.695312 0.833984 0.693359 0.832031 0.693359 0.826172 0.695312 0.824219 0.699219 0.824219 0.701172 0.826172 0.703125 0.826172
0 0.892578 0.832031 0.890625 0.832031 0.888672 0.833984 0.884766 0.833984 0.882812 0.832031 0.882812 0.826172 0.884766 0.824219 0.888672 0.824219 0.890625 0.826172 0.892578 0.826172
0 0.554688 0.832031 0.552734 0.833984 0.552734 0.835938 0.550781 0.837891 0.544922 0.837891 0.542969 0.835938 0.542969 0.833984 0.541016 0.832031 0.541016 0.830078 0.542969 0.828125 0.542969 0.826172 0.544922 0.824219 0.550781 0.824219 0.552734 0.826172 0.552734 0.828125 0.554688 0.830078
0 0.771484 0.830078 0.771484 0.833984 0.767578 0.833984 0.765625 0.832031 0.769531 0.828125
0 0.945312 0.830078 0.945312 0.833984 0.941406 0.833984 0.939453 0.832031 0.943359 0.828125
0 0.496094 0.832031 0.496094 0.835938 0.492188 0.835938 0.490234 0.833984 0.494141 0.830078
0 0.535156 0.832031 0.535156 0.835938 0.531250 0.835938 0.529297 0.833984 0.533203 0.830078
0 0.572266 0.835938 0.570312 0.835938 0.568359 0.837891 0.564453 0.837891 0.562500 0.835938 0.562500 0.830078 0.564453 0.828125 0.568359 0.828125 0.570312 0.830078 0.572266 0.830078
0 0.912109 0.835938 0.910156 0.835938 0.908203 0.837891 0.904297 0.837891 0.902344 0.835938 0.902344 0.830078 0.904297 0.828125 0.908203 0.828125 0.910156 0.830078 0.912109 0.830078
0 0.423828 0.835938 0.421875 0.837891 0.421875 0.839844 0.419922 0.841797 0.414062 0.841797 0.412109 0.839844 0.412109 0.837891 0.410156 0.835938 0.410156 0.833984 0.412109 0.832031 0.412109 0.830078 0.414062 0.828125 0.419922 0.828125 0.421875 0.830078 0.421875 0.832031 0.423828 0.833984
0 0.851562 0.833984 0.851562 0.837891 0.847656 0.837891 0.845703 0.835938 0.849609 0.832031
0 0.642578 0.837891 0.640625 0.839844 0.640625 0.841797 0.638672 0.843750 0.632812 0.843750 0.630859 0.841797 0.630859 0.839844 0.628906 0.837891 0.628906 0.835938 0.630859 0.833984 0.630859 0.832031 0.632812 0.830078 0.638672 0.830078 0.640625 0.832031 0.640625 0.833984 0.642578 0.835938
0 0.841797 0.835938 0.841797 0.839844 0.837891 0.839844 0.835938 0.837891 0.839844 0.833984
0 0.455078 0.841797 0.455078 0.845703 0.451172 0.845703 0.449219 0.843750 0.453125 0.839844
0 0.482422 0.841797 0.482422 0.845703 0.478516 0.845703 0.476562 0.843750 0.480469 0.839844
0 0.689453 0.845703 0.687500 0.845703 0.685547 0.847656 0.681641 0.847656 0.679688 0.845703 0.679688 0.839844 0.681641 0.837891 0.685547 0.837891 0.687500 0.839844 0.689453 0.839844
0 0.847656 0.843750 0.847656 0.847656 0.843750 0.847656 0.841797 0.845703 0.845703 0.841797
0 0.275391 0.847656 0.273438 0.849609 0.273438 0.851562 0.271484 0.853516 0.265625 0.853516 0.263672 0.851562 0.263672 0.849609 0.261719 0.847656 0.261719 0.845703 0.263672 0.843750 0.263672 0.841797 0.265625 0.839844 0.271484 0.839844 0.273438 0.841797 0.273438 0.843750 0.275391 0.845703
0 0.927734 0.849609 0.925781 0.849609 0.923828 0.851562 0.919922 0.851562 0.917969 0.849609 0.917969 0.843750 0.919922 0.841797 0.923828 0.841797 0.925781 0.843750 0.927734 0.843750
0 0.458984 0.847656 0.458984 0.851562 0.455078 0.851562 0.453125 0.849609 0.457031 0.845703
0 0.476562 0.857422 0.474609 0.857422 0.472656 0.859375 0.462891 0.859375 0.457031 0.853516 0.457031 0.843750 0.458984 0.841797 0.460938 0.841797 0.460938 0.839844 0.462891 0.837891 0.472656 0.837891 0.478516 0.843750 0.478516 0.853516 0.476562 0.855469
0 0.576172 0.851562 0.574219 0.851562 0.572266 0.853516 0.568359 0.853516 0.566406 0.851562 0.566406 0.845703 0.568359 0.843750 0.572266 0.843750 0.574219 0.845703 0.576172 0.845703
0 0.560547 0.857422 0.558594 0.857422 0.556641 0.859375 0.552734 0.859375 0.550781 0.857422 0.550781 0.851562 0.552734 0.849609 0.556641 0.849609 0.558594 0.851562 0.560547 0.851562
0 0.736328 0.853516 0.736328 0.857422 0.732422 0.857422 0.730469 0.855469 0.734375 0.851562
0 0.234375 0.859375 0.232422 0.859375 0.230469 0.861328 0.226562 0.861328 0.224609 0.859375 0.224609 0.853516 0.226562 0.851562 0.230469 0.851562 0.232422 0.853516 0.234375 0.853516
0 0.671875 0.857422 0.669922 0.859375 0.669922 0.861328 0.667969 0.863281 0.662109 0.863281 0.660156 0.861328 0.660156 0.859375 0.658203 0.857422 0.658203 0.855469 0.660156 0.853516 0.660156 0.851562 0.662109 0.849609 0.667969 0.849609 0.669922 0.851562 0.669922 0.853516 0.671875 0.855469
0 0.705078 0.857422 0.705078 0.861328 0.701172 0.861328 0.699219 0.859375 0.703125 0.855469
0 0.462891 0.859375 0.462891 0.863281 0.458984 0.863281 0.457031 0.861328 0.460938 0.857422
0 0.732422 0.859375 0.732422 0.863281 0.728516 0.863281 0.726562 0.861328 0.730469 0.857422
0 0.968750 0.861328 0.968750 0.865234 0.964844 0.865234 0.962891 0.863281 0.966797 0.859375
0 0.714844 0.863281 0.714844 0.867188 0.710938 0.867188 0.708984 0.865234 0.712891 0.861328
0 0.945312 0.867188 0.943359 0.867188 0.941406 0.869141 0.937500 0.869141 0.935547 0.867188 0.935547 0.861328 0.937500 0.859375 0.941406 0.859375 0.943359 0.861328 0.945312 0.861328
0 0.193359 0.867188 0.191406 0.869141 0.191406 0.871094 0.189453 0.873047 0.183594 0.873047 0.181641 0.871094 0.181641 0.869141 0.179688 0.867188 0.179688 0.865234 0.181641 0.863281 0.181641 0.861328 0.183594 0.859375 0.189453 0.859375 0.191406 0.861328 0.191406 0.863281 0.193359 0.865234
0 0.697266 0.869141 0.695312 0.869141 0.693359 0.871094 0.689453 0.871094 0.687500 0.869141 0.687500 0.863281 0.689453 0.861328 0.693359 0.861328 0.695312 0.863281 0.697266 0.863281
0 0.919922 0.876953 0.917969 0.876953 0.916016 0.878906 0.906250 0.878906 0.900391 0.873047 0.900391 0.863281 0.902344 0.861328 0.904297 0.861328 0.904297 0.859375 0.906250 0.857422 0.916016 0.857422 0.921875 0.863281 0.921875 0.873047 0.919922 0.875000
0 0.218750 0.871094 0.216797 0.873047 0.216797 0.875000 0.214844 0.876953 0.208984 0.876953 0.207031 0.875000 0.207031 0.873047 0.205078 0.871094 0.205078 0.869141 0.207031 0.867188 0.207031 0.865234 0.208984 0.863281 0.214844 0.863281 0.216797 0.865234 0.216797 0.867188 0.218750 0.869141
0 0.464844 0.869141 0.464844 0.873047 0.460938 0.873047 0.458984 0.871094 0.462891 0.867188
0 0.667969 0.869141 0.667969 0.873047 0.664062 0.873047 0.662109 0.871094 0.666016 0.867188
0 0.738281 0.869141 0.738281 0.873047 0.734375 0.873047 0.732422 0.871094 0.736328 0.867188
0 0.890625 0.869141 0.890625 0.873047 0.886719 0.873047 0.884766 0.871094 0.888672 0.867188
0 0.937500 0.873047 0.935547 0.873047 0.933594 0.875000 0.929688 0.875000 0.927734 0.873047 0.927734 0.867188 0.929688 0.865234 0.933594 0.865234 0.935547 0.867188 0.937500 0.867188
0 0.986328 0.869141 0.986328 0.873047 0.982422 0.873047 0.980469 0.871094 0.984375 0.867188
0 0.998047 0.875000 0.994141 0.875000 0.992188 0.873047 0.992188 0.867188 0.994141 0.865234 0.998047 0.865234
0 0.658203 0.873047 0.658203 0.876953 0.654297 0.876953 0.652344 0.875000 0.656250 0.871094
0 0.699219 0.873047 0.699219 0.876953 0.695312 0.876953 0.693359 0.875000 0.697266 0.871094
0 0.257812 0.878906 0.251953 0.884766 0.246094 0.884766 0.240234 0.878906 0.240234 0.873047 0.246094 0.867188 0.251953 0.867188 0.257812 0.873047
0 0.708984 0.875000 0.708984 0.878906 0.705078 0.878906 0.703125 0.876953 0.707031 0.873047
0 0.904297 0.876953 0.904297 0.880859 0.900391 0.880859 0.898438 0.878906 0.902344 0.875000
0 0.609375 0.882812 0.607422 0.882812 0.605469 0.884766 0.601562 0.884766 0.599609 0.882812 0.599609 0.876953 0.601562 0.875000 0.605469 0.875000 0.607422 0.876953 0.609375 0.876953
0 0.955078 0.878906 0.955078 0.882812 0.951172 0.882812 0.949219 0.880859 0.953125 0.876953
0 0.615234 0.880859 0.615234 0.884766 0.611328 0.884766 0.609375 0.882812 0.613281 0.878906
0 0.898438 0.880859 0.898438 0.884766 0.894531 0.884766 0.892578 0.882812 0.896484 0.878906
0 0.464844 0.882812 0.464844 0.886719 0.460938 0.886719 0.458984 0.884766 0.462891 0.880859
0 0.966797 0.884766 0.966797 0.888672 0.962891 0.888672 0.960938 0.886719 0.964844 0.882812
0 0.593750 0.896484 0.591797 0.896484 0.589844 0.898438 0.580078 0.898438 0.574219 0.892578 0.574219 0.882812 0.576172 0.880859 0.578125 0.880859 0.578125 0.878906 0.580078 0.876953 0.589844 0.876953 0.595703 0.882812 0.595703 0.892578 0.593750 0.894531
0 0.957031 0.886719 0.957031 0.890625 0.953125 0.890625 0.951172 0.888672 0.955078 0.884766
0 0.166016 0.892578 0.160156 0.898438 0.154297 0.898438 0.148438 0.892578 0.148438 0.886719 0.154297 0.880859 0.160156 0.880859 0.166016 0.886719
0 0.601562 0.890625 0.601562 0.894531 0.597656 0.894531 0.595703 0.892578 0.599609 0.888672
0 0.615234 0.894531 0.615234 0.898438 0.611328 0.898438 0.609375 0.896484 0.613281 0.892578
0 0.652344 0.902344 0.650391 0.902344 0.648438 0.904297 0.644531 0.904297 0.642578 0.902344 0.642578 0.896484 0.644531 0.894531 0.648438 0.894531 0.650391 0.896484 0.652344 0.896484
0 0.576172 0.904297 0.574219 0.904297 0.572266 0.906250 0.568359 0.906250 0.566406 0.904297 0.566406 0.898438 0.568359 0.896484 0.572266 0.896484 0.574219 0.898438 0.576172 0.898438
0 0.568359 0.908203 0.566406 0.908203 0.564453 0.910156 0.560547 0.910156 0.558594 0.908203 0.558594 0.902344 0.560547 0.900391 0.564453 0.900391 0.566406 0.902344 0.568359 0.902344
0 0.851562 0.906250 0.851562 0.910156 0.847656 0.910156 0.845703 0.908203 0.849609 0.904297
0 0.960938 0.906250 0.960938 0.910156 0.957031 0.910156 0.955078 0.908203 0.958984 0.904297
0 0.929688 0.914062 0.927734 0.914062 0.925781 0.916016 0.921875 0.916016 0.919922 0.914062 0.919922 0.908203 0.921875 0.906250 0.925781 0.906250 0.927734 0.908203 0.929688 0.908203
0 0.638672 0.916016 0.636719 0.916016 0.634766 0.917969 0.630859 0.917969 0.628906 0.916016 0.628906 0.910156 0.630859 0.908203 0.634766 0.908203 0.636719 0.910156 0.638672 0.910156
0 0.843750 0.912109 0.843750 0.916016 0.839844 0.916016 0.837891 0.914062 0.841797 0.910156
0 0.568359 0.914062 0.568359 0.917969 0.564453 0.917969 0.562500 0.916016 0.566406 0.912109
0 0.580078 0.914062 0.580078 0.917969 0.576172 0.917969 0.574219 0.916016 0.578125 0.912109
0 0.619141 0.917969 0.617188 0.917969 0.615234 0.919922 0.611328 0.919922 0.609375 0.917969 0.609375 0.912109 0.611328 0.910156 0.615234 0.910156 0.617188 0.912109 0.619141 0.912109
0 0.664062 0.917969 0.662109 0.917969 0.660156 0.919922 0.656250 0.919922 0.654297 0.917969 0.654297 0.912109 0.656250 0.910156 0.660156 0.910156 0.662109 0.912109 0.664062 0.912109
0 0.443359 0.919922 0.437500 0.925781 0.431641 0.925781 0.425781 0.919922 0.425781 0.914062 0.431641 0.908203 0.437500 0.908203 0.443359 0.914062
0 0.466797 0.919922 0.464844 0.919922 0.462891 0.921875 0.458984 0.921875 0.457031 0.919922 0.457031 0.914062 0.458984 0.912109 0.462891 0.912109 0.464844 0.914062 0.466797 0.914062
0 0.548828 0.927734 0.546875 0.927734 0.544922 0.929688 0.535156 0.929688 0.529297 0.923828 0.529297 0.914062 0.531250 0.912109 0.533203 0.912109 0.533203 0.910156 0.535156 0.908203 0.544922 0.908203 0.550781 0.914062 0.550781 0.923828 0.548828 0.925781
0 0.642578 0.919922 0.640625 0.921875 0.640625 0.923828 0.638672 0.925781 0.632812 0.925781 0.630859 0.923828 0.630859 0.921875 0.628906 0.919922 0.628906 0.917969 0.630859 0.916016 0.630859 0.914062 0.632812 0.912109 0.638672 0.912109 0.640625 0.914062 0.640625 0.916016 0.642578 0.917969
0 0.693359 0.921875 0.691406 0.921875 0.689453 0.923828 0.685547 0.923828 0.683594 0.921875 0.683594 0.916016 0.685547 0.914062 0.689453 0.914062 0.691406 0.916016 0.693359 0.916016
0 0.917969 0.921875 0.916016 0.921875 0.914062 0.923828 0.910156 0.923828 0.908203 0.921875 0.908203 0.916016 0.910156 0.914062 0.914062 0.914062 0.916016 0.916016 0.917969 0.916016
0 0.560547 0.927734 0.558594 0.927734 0.556641 0.929688 0.552734 0.929688 0.550781 0.927734 0.550781 0.921875 0.552734 0.919922 0.556641 0.919922 0.558594 0.921875 0.560547 0.921875
0 0.880859 0.927734 0.878906 0.927734 0.876953 0.929688 0.873047 0.929688 0.871094 0.927734 0.871094 0.921875 0.873047 0.919922 0.876953 0.919922 0.878906 0.921875 0.880859 0.921875
0 0.468750 0.929688 0.466797 0.929688 0.464844 0.931641 0.460938 0.931641 0.458984 0.929688 0.458984 0.923828 0.460938 0.921875 0.464844 0.921875 0.466797 0.923828 0.468750 0.923828
0 0.556641 0.931641 0.550781 0.937500 0.544922 0.937500 0.539062 0.931641 0.539062 0.925781 0.544922 0.919922 0.550781 0.919922 0.556641 0.925781
0 0.958984 0.927734 0.958984 0.931641 0.955078 0.931641 0.953125 0.929688 0.957031 0.925781
0 0.484375 0.929688 0.484375 0.933594 0.480469 0.933594 0.478516 0.931641 0.482422 0.927734
0 0.666016 0.933594 0.664062 0.933594 0.662109 0.935547 0.658203 0.935547 0.656250 0.933594 0.656250 0.927734 0.658203 0.925781 0.662109 0.925781 0.664062 0.927734 0.666016 0.927734
0 0.945312 0.933594 0.939453 0.939453 0.933594 0.939453 0.927734 0.933594 0.927734 0.927734 0.933594 0.921875 0.939453 0.921875 0.945312 0.927734
0 0.373047 0.935547 0.371094 0.935547 0.369141 0.937500 0.365234 0.937500 0.363281 0.935547 0.363281 0.929688 0.365234 0.927734 0.369141 0.927734 0.371094 0.929688 0.373047 0.929688
0 0.919922 0.935547 0.917969 0.935547 0.916016 0.937500 0.912109 0.937500 0.910156 0.935547 0.910156 0.929688 0.912109 0.927734 0.916016 0.927734 0.917969 0.929688 0.919922 0.929688
0 0.257812 0.937500 0.255859 0.937500 0.253906 0.939453 0.250000 0.939453 0.248047 0.937500 0.248047 0.931641 0.250000 0.929688 0.253906 0.929688 0.255859 0.931641 0.257812 0.931641
0 0.339844 0.935547 0.337891 0.937500 0.337891 0.939453 0.335938 0.941406 0.330078 0.941406 0.328125 0.939453 0.328125 0.937500 0.326172 0.935547 0.326172 0.933594 0.328125 0.931641 0.328125 0.929688 0.330078 0.927734 0.335938 0.927734 0.337891 0.929688 0.337891 0.931641 0.339844 0.933594
0 0.392578 0.935547 0.390625 0.937500 0.390625 0.939453 0.388672 0.941406 0.382812 0.941406 0.380859 0.939453 0.380859 0.937500 0.378906 0.935547 0.378906 0.933594 0.380859 0.931641 0.380859 0.929688 0.382812 0.927734 0.388672 0.927734 0.390625 0.929688 0.390625 0.931641 0.392578 0.933594
0 0.542969 0.933594 0.542969 0.937500 0.539062 0.937500 0.537109 0.935547 0.541016 0.931641
0 0.871094 0.937500 0.869141 0.937500 0.867188 0.939453 0.863281 0.939453 0.861328 0.937500 0.861328 0.931641 0.863281 0.929688 0.867188 0.929688 0.869141 0.931641 0.871094 0.931641
0 0.156250 0.937500 0.154297 0.939453 0.154297 0.941406 0.152344 0.943359 0.146484 0.943359 0.144531 0.941406 0.144531 0.939453 0.142578 0.937500 0.142578 0.935547 0.144531 0.933594 0.144531 0.931641 0.146484 0.929688 0.152344 0.929688 0.154297 0.931641 0.154297 0.933594 0.156250 0.935547
0 0.269531 0.939453 0.267578 0.939453 0.265625 0.941406 0.261719 0.941406 0.259766 0.939453 0.259766 0.933594 0.261719 0.931641 0.265625 0.931641 0.267578 0.933594 0.269531 0.933594
0 0.332031 0.937500 0.330078 0.939453 0.330078 0.941406 0.328125 0.943359 0.322266 0.943359 0.320312 0.941406 0.320312 0.939453 0.318359 0.937500 0.318359 0.935547 0.320312 0.933594 0.320312 0.931641 0.322266 0.929688 0.328125 0.929688 0.330078 0.931641 0.330078 0.933594 0.332031 0.935547
0 0.529297 0.935547 0.529297 0.939453 0.525391 0.939453 0.523438 0.937500 0.527344 0.933594
0 0.615234 0.937500 0.613281 0.939453 0.613281 0.941406 0.611328 0.943359 0.605469 0.943359 0.603516 0.941406 0.603516 0.939453 0.601562 0.937500 0.601562 0.935547 0.603516 0.933594 0.603516 0.931641 0.605469 0.929688 0.611328 0.929688 0.613281 0.931641 0.613281 0.933594 0.615234 0.935547
0 0.990234 0.935547 0.990234 0.939453 0.986328 0.939453 0.984375 0.937500 0.988281 0.933594
0 0.283203 0.941406 0.281250 0.941406 0.279297 0.943359 0.275391 0.943359 0.273438 0.941406 0.273438 0.935547 0.275391 0.933594 0.279297 0.933594 0.281250 0.935547 0.283203 0.935547
0 0.623047 0.941406 0.621094 0.941406 0.619141 0.943359 0.615234 0.943359 0.613281 0.941406 0.613281 0.935547 0.615234 0.933594 0.619141 0.933594 0.621094 0.935547 0.623047 0.935547
0 0.906250 0.941406 0.900391 0.947266 0.894531 0.947266 0.888672 0.941406 0.888672 0.935547 0.894531 0.929688 0.900391 0.929688 0.906250 0.935547
0 0.998047 0.947266 0.994141 0.947266 0.988281 0.941406 0.988281 0.935547 0.994141 0.929688 0.998047 0.929688
0 0.300781 0.943359 0.298828 0.943359 0.296875 0.945312 0.292969 0.945312 0.291016 0.943359 0.291016 0.937500 0.292969 0.935547 0.296875 0.935547 0.298828 0.937500 0.300781 0.937500
0 0.490234 0.943359 0.488281 0.943359 0.486328 0.945312 0.482422 0.945312 0.480469 0.943359 0.480469 0.937500 0.482422 0.935547 0.486328 0.935547 0.488281 0.937500 0.490234 0.937500
0 0.494141 0.939453 0.494141 0.943359 0.490234 0.943359 0.488281 0.941406 0.492188 0.937500
0 0.980469 0.939453 0.980469 0.943359 0.976562 0.943359 0.974609 0.941406 0.978516 0.937500
0 0.466797 0.953125 0.464844 0.953125 0.462891 0.955078 0.453125 0.955078 0.447266 0.949219 0.447266 0.939453 0.449219 0.937500 0.451172 0.937500 0.451172 0.935547 0.453125 0.933594 0.462891 0.933594 0.468750 0.939453 0.468750 0.949219 0.466797 0.951172
0 0.609375 0.947266 0.607422 0.947266 0.605469 0.949219 0.601562 0.949219 0.599609 0.947266 0.599609 0.941406 0.601562 0.939453 0.605469 0.939453 0.607422 0.941406 0.609375 0.941406
0 0.958984 0.947266 0.957031 0.947266 0.955078 0.949219 0.951172 0.949219 0.949219 0.947266 0.949219 0.941406 0.951172 0.939453 0.955078 0.939453 0.957031 0.941406 0.958984 0.941406
0 0.988281 0.943359 0.988281 0.947266 0.984375 0.947266 0.982422 0.945312 0.986328 0.941406
0 0.488281 0.945312 0.488281 0.949219 0.484375 0.949219 0.482422 0.947266 0.486328 0.943359
0 0.500000 0.945312 0.500000 0.949219 0.496094 0.949219 0.494141 0.947266 0.498047 0.943359
0 0.214844 0.957031 0.212891 0.957031 0.210938 0.958984 0.201172 0.958984 0.195312 0.953125 0.195312 0.943359 0.197266 0.941406 0.199219 0.941406 0.199219 0.939453 0.201172 0.937500 0.210938 0.937500 0.216797 0.943359 0.216797 0.953125 0.214844 0.955078
0 0.390625 0.947266 0.390625 0.951172 0.386719 0.951172 0.384766 0.949219 0.388672 0.945312
0 0.437500 0.947266 0.437500 0.951172 0.433594 0.951172 0.431641 0.949219 0.435547 0.945312
0 0.900391 0.951172 0.898438 0.951172 0.896484 0.953125 0.892578 0.953125 0.890625 0.951172 0.890625 0.945312 0.892578 0.943359 0.896484 0.943359 0.898438 0.945312 0.900391 0.945312
0 0.679688 0.958984 0.677734 0.958984 0.675781 0.960938 0.666016 0.960938 0.660156 0.955078 0.660156 0.945312 0.662109 0.943359 0.664062 0.943359 0.664062 0.941406 0.666016 0.939453 0.675781 0.939453 0.681641 0.945312 0.681641 0.955078 0.679688 0.957031
0 0.869141 0.953125 0.867188 0.953125 0.865234 0.955078 0.861328 0.955078 0.859375 0.953125 0.859375 0.947266 0.861328 0.945312 0.865234 0.945312 0.867188 0.947266 0.869141 0.947266
0 0.464844 0.953125 0.462891 0.955078 0.462891 0.957031 0.460938 0.958984 0.455078 0.958984 0.453125 0.957031 0.453125 0.955078 0.451172 0.953125 0.451172 0.951172 0.453125 0.949219 0.453125 0.947266 0.455078 0.945312 0.460938 0.945312 0.462891 0.947266 0.462891 0.949219 0.464844 0.951172
0 0.156250 0.957031 0.154297 0.958984 0.154297 0.960938 0.152344 0.962891 0.146484 0.962891 0.144531 0.960938 0.144531 0.958984 0.142578 0.957031 0.142578 0.955078 0.144531 0.953125 0.144531 0.951172 0.146484 0.949219 0.152344 0.949219 0.154297 0.951172 0.154297 0.953125 0.156250 0.955078
0 0.476562 0.958984 0.474609 0.960938 0.474609 0.962891 0.472656 0.964844 0.466797 0.964844 0.464844 0.962891 0.464844 0.960938 0.462891 0.958984 0.462891 0.957031 0.464844 0.955078 0.464844 0.953125 0.466797 0.951172 0.472656 0.951172 0.474609 0.953125 0.474609 0.955078 0.476562 0.957031
0 0.626953 0.960938 0.625000 0.962891 0.625000 0.964844 0.623047 0.966797 0.617188 0.966797 0.615234 0.964844 0.615234 0.962891 0.613281 0.960938 0.613281 0.958984 0.615234 0.957031 0.615234 0.955078 0.617188 0.953125 0.623047 0.953125 0.625000 0.955078 0.625000 0.957031 0.626953 0.958984
0 0.904297 0.962891 0.902344 0.962891 0.900391 0.964844 0.896484 0.964844 0.894531 0.962891 0.894531 0.957031 0.896484 0.955078 0.900391 0.955078 0.902344 0.957031 0.904297 0.957031
0 0.449219 0.962891 0.447266 0.964844 0.447266 0.966797 0.445312 0.968750 0.439453 0.968750 0.437500 0.966797 0.437500 0.964844 0.435547 0.962891 0.435547 0.960938 0.437500 0.958984 0.437500 0.957031 0.439453 0.955078 0.445312 0.955078 0.447266 0.957031 0.447266 0.958984 0.449219 0.960938
0 0.664062 0.962891 0.662109 0.964844 0.662109 0.966797 0.660156 0.968750 0.654297 0.968750 0.652344 0.966797 0.652344 0.964844 0.650391 0.962891 0.650391 0.960938 0.652344 0.958984 0.652344 0.957031 0.654297 0.955078 0.660156 0.955078 0.662109 0.957031 0.662109 0.958984 0.664062 0.960938
0 0.865234 0.964844 0.863281 0.964844 0.861328 0.966797 0.857422 0.966797 0.855469 0.964844 0.855469 0.958984 0.857422 0.957031 0.861328 0.957031 0.863281 0.958984 0.865234 0.958984
0 0.689453 0.966797 0.689453 0.970703 0.685547 0.970703 0.683594 0.968750 0.687500 0.964844
0 0.742188 0.974609 0.740234 0.974609 0.738281 0.976562 0.734375 0.976562 0.732422 0.974609 0.732422 0.968750 0.734375 0.966797 0.738281 0.966797 0.740234 0.968750 0.742188 0.968750
0 0.976562 0.970703 0.976562 0.974609 0.972656 0.974609 0.970703 0.972656 0.974609 0.968750
0 0.988281 0.970703 0.988281 0.974609 0.984375 0.974609 0.982422 0.972656 0.986328 0.968750
0 0.177734 0.976562 0.175781 0.976562 0.173828 0.978516 0.169922 0.978516 0.167969 0.976562 0.167969 0.970703 0.169922 0.968750 0.173828 0.968750 0.175781 0.970703 0.177734 0.970703
0 0.482422 0.978516 0.480469 0.978516 0.478516 0.980469 0.474609 0.980469 0.472656 0.978516 0.472656 0.972656 0.474609 0.970703 0.478516 0.970703 0.480469 0.972656 0.482422 0.972656
0 0.640625 0.976562 0.638672 0.978516 0.638672 0.980469 0.636719 0.982422 0.630859 0.982422 0.628906 0.980469 0.628906 0.978516 0.626953 0.976562 0.626953 0.974609 0.628906 0.972656 0.628906 0.970703 0.630859 0.968750 0.636719 0.968750 0.638672 0.970703 0.638672 0.972656 0.640625 0.974609
0 0.957031 0.976562 0.957031 0.980469 0.953125 0.980469 0.951172 0.978516 0.955078 0.974609
0 0.755859 0.982422 0.753906 0.982422 0.751953 0.984375 0.748047 0.984375 0.746094 0.982422 0.746094 0.976562 0.748047 0.974609 0.751953 0.974609 0.753906 0.976562 0.755859 0.976562
0 0.615234 0.984375 0.613281 0.984375 0.611328 0.986328 0.607422 0.986328 0.605469 0.984375 0.605469 0.978516 0.607422 0.976562 0.611328 0.976562 0.613281 0.978516 0.615234 0.978516
0 0.722656 0.984375 0.720703 0.984375 0.718750 0.986328 0.714844 0.986328 0.712891 0.984375 0.712891 0.978516 0.714844 0.976562 0.718750 0.976562 0.720703 0.978516 0.722656 0.978516
0 0.533203 0.982422 0.533203 0.986328 0.529297 0.986328 0.527344 0.984375 0.531250 0.980469
0 0.882812 0.986328 0.880859 0.986328 0.878906 0.988281 0.875000 0.988281 0.873047 0.986328 0.873047 0.980469 0.875000 0.978516 0.878906 0.978516 0.880859 0.980469 0.882812 0.980469
0 0.671875 0.988281 0.669922 0.988281 0.667969 0.990234 0.664062 0.990234 0.662109 0.988281 0.662109 0.982422 0.664062 0.980469 0.667969 0.980469 0.669922 0.982422 0.671875 0.982422
0 0.687500 0.988281 0.685547 0.988281 0.683594 0.990234 0.679688 0.990234 0.677734 0.988281 0.677734 0.982422 0.679688 0.980469 0.683594 0.980469 0.685547 0.982422 0.687500 0.982422
0 0.910156 0.986328 0.908203 0.988281 0.908203 0.990234 0.906250 0.992188 0.900391 0.992188 0.898438 0.990234 0.898438 0.988281 0.896484 0.986328 0.896484 0.984375 0.898438 0.982422 0.898438 0.980469 0.900391 0.978516 0.906250 0.978516 0.908203 0.980469 0.908203 0.982422 0.910156 0.984375
0 0.947266 0.986328 0.947266 0.990234 0.943359 0.990234 0.941406 0.988281 0.945312 0.984375
0 0.773438 0.994141 0.771484 0.996094 0.771484 0.998047 0.761719 0.998047 0.761719 0.996094 0.759766 0.994141 0.759766 0.992188 0.761719 0.990234 0.761719 0.988281 0.763672 0.986328 0.769531 0.986328 0.771484 0.988281 0.771484 0.990234 0.773438 0.992188
0 0.832031 0.992188 0.832031 0.996094 0.828125 0.996094 0.826172 0.994141 0.830078 0.990234
0 0.472656 0.998047 0.451172 0.998047 0.451172 0.992188 0.453125 0.990234 0.455078 0.990234 0.455078 0.988281 0.457031 0.986328 0.466797 0.986328 0.472656 0.992188
0 0.533203 0.998047 0.523438 0.998047 0.523438 0.994141 0.525391 0.992188 0.529297 0.992188 0.531250 0.994141 0.533203 0.994141
0 0.718750 0.998047 0.708984 0.998047 0.708984 0.994141 0.710938 0.992188 0.714844 0.992188 0.716797 0.994141 0.718750 0.994141
0 0.890625 0.998047 0.869141 0.998047 0.869141 0.992188 0.871094 0.990234 0.873047 0.990234 0.873047 0.988281 0.875000 0.986328 0.884766 0.986328 0.890625 0.992188
0 0.906250 0.998047 0.888672 0.998047 0.888672 0.994141 0.894531 0.988281 0.900391 0.988281 0.906250 0.994141
0 0.960938 0.998047 0.943359 0.998047 0.943359 0.994141 0.949219 0.988281 0.955078 0.988281 0.960938 0.994141
