0 0.017578 0.130859 0.017578 0.132812 0.015625 0.134766 0.015625 0.140625 0.017578 0.142578 0.025391 0.142578 0.027344 0.140625 0.027344 0.138672 0.029297 0.136719 0.029297 0.134766 0.025391 0.130859
0 0.470703 0.152344 0.468750 0.154297 0.468750 0.158203 0.472656 0.158203 0.472656 0.154297
0 0.658203 0.164062 0.656250 0.166016 0.656250 0.169922 0.660156 0.173828 0.662109 0.173828 0.664062 0.171875 0.664062 0.166016 0.662109 0.164062
0 0.824219 0.214844 0.822266 0.216797 0.822266 0.220703 0.826172 0.224609 0.828125 0.224609 0.832031 0.220703 0.832031 0.218750 0.828125 0.214844
0 0.640625 0.226562 0.638672 0.228516 0.638672 0.230469 0.640625 0.232422 0.644531 0.232422 0.644531 0.226562
0 0.960938 0.234375 0.958984 0.236328 0.958984 0.238281 0.960938 0.240234 0.962891 0.240234 0.964844 0.238281 0.964844 0.236328 0.962891 0.234375
0 0.525391 0.265625 0.523438 0.267578 0.525391 0.267578
0 0.947266 0.275391 0.941406 0.281250 0.941406 0.287109 0.943359 0.289062 0.945312 0.289062 0.947266 0.291016 0.955078 0.291016 0.955078 0.289062 0.957031 0.287109 0.957031 0.281250 0.951172 0.275391
0 0.974609 0.296875 0.972656 0.298828 0.974609 0.300781 0.976562 0.300781 0.978516 0.298828 0.976562 0.296875
0 0.173828 0.314453 0.169922 0.314453 0.167969 0.316406 0.166016 0.316406 0.162109 0.322266 0.162109 0.324219 0.164062 0.326172 0.162109 0.328125 0.164062 0.330078 0.164062 0.333984 0.166016 0.335938 0.173828 0.335938 0.179688 0.330078 0.179688 0.324219 0.177734 0.322266 0.177734 0.318359
0 0.951172 0.320312 0.951172 0.326172 0.953125 0.328125 0.958984 0.328125 0.960938 0.326172 0.962891 0.326172 0.962891 0.318359 0.960938 0.318359 0.958984 0.316406 0.955078 0.316406
0 0.759766 0.324219 0.757812 0.324219 0.753906 0.328125 0.753906 0.332031 0.755859 0.333984 0.759766 0.333984 0.761719 0.332031 0.763672 0.332031 0.763672 0.328125
0 0.228516 0.355469 0.226562 0.357422 0.226562 0.359375 0.228516 0.361328 0.230469 0.359375 0.230469 0.357422
0 0.835938 0.376953 0.833984 0.378906 0.833984 0.380859 0.835938 0.382812 0.839844 0.382812 0.841797 0.380859 0.841797 0.378906 0.839844 0.376953
1 0.998047 0.396484 0.998047 0.398438 0.996094 0.400391 0.996094 0.408203 0.998047 0.410156 0.998047 0.412109
0 0.328125 0.414062 0.324219 0.417969 0.328125 0.421875 0.330078 0.421875 0.332031 0.419922 0.332031 0.417969
0 0.976562 0.416016 0.966797 0.421875 0.964844 0.425781 0.964844 0.435547 0.972656 0.445312 0.976562 0.447266 0.982422 0.445312 0.986328 0.449219 0.984375 0.447266 0.994141 0.439453 0.994141 0.423828 0.992188 0.419922 0.988281 0.419922 0.982422 0.416016 0.978516 0.417969
1 0.238281 0.423828 0.240234 0.425781 0.234375 0.429688 0.236328 0.431641 0.232422 0.435547 0.230469 0.453125 0.234375 0.466797 0.234375 0.484375 0.246094 0.490234 0.253906 0.482422 0.251953 0.470703 0.259766 0.464844 0.255859 0.458984 0.261719 0.449219 0.263672 0.435547 0.253906 0.425781
0 0.458984 0.423828 0.455078 0.427734 0.455078 0.433594 0.457031 0.435547 0.464844 0.435547 0.466797 0.433594 0.464844 0.431641 0.464844 0.427734 0.462891 0.425781 0.460938 0.425781
0 0.490234 0.421875 0.490234 0.423828 0.488281 0.425781 0.488281 0.429688 0.490234 0.431641 0.492188 0.431641 0.494141 0.433594 0.496094 0.433594 0.500000 0.429688 0.500000 0.425781 0.496094 0.421875
0 0.714844 0.421875 0.712891 0.423828 0.712891 0.427734 0.714844 0.429688 0.716797 0.429688 0.718750 0.427734 0.718750 0.423828 0.716797 0.421875
0 0.308594 0.429688 0.304688 0.433594 0.304688 0.435547 0.306641 0.437500 0.308594 0.437500 0.310547 0.435547 0.310547 0.431641
0 0.804688 0.441406 0.804688 0.443359 0.808594 0.447266 0.812500 0.447266 0.814453 0.445312 0.816406 0.445312 0.816406 0.441406 0.812500 0.437500 0.808594 0.437500
0 0.296875 0.449219 0.294922 0.451172 0.294922 0.453125 0.296875 0.455078 0.298828 0.455078 0.298828 0.453125 0.300781 0.451172 0.298828 0.449219
0 0.841797 0.451172 0.837891 0.455078 0.837891 0.460938 0.839844 0.462891 0.847656 0.462891 0.847656 0.460938 0.849609 0.458984 0.849609 0.455078 0.845703 0.451172
0 0.980469 0.455078 0.978516 0.457031 0.978516 0.462891 0.980469 0.464844 0.984375 0.464844 0.984375 0.462891 0.986328 0.460938 0.986328 0.457031 0.984375 0.455078
1 0.291016 0.460938 0.287109 0.460938 0.285156 0.462891 0.285156 0.464844 0.283203 0.466797 0.283203 0.468750 0.281250 0.470703 0.279297 0.470703 0.283203 0.474609 0.285156 0.472656 0.287109 0.472656 0.292969 0.466797 0.292969 0.462891
0 0.328125 0.466797 0.328125 0.468750 0.330078 0.468750 0.330078 0.466797
0 0.929688 0.466797 0.929688 0.470703 0.931641 0.470703 0.933594 0.468750 0.931641 0.468750
0 0.357422 0.470703 0.357422 0.474609 0.361328 0.478516 0.365234 0.474609 0.373047 0.474609 0.373047 0.468750 0.371094 0.470703 0.365234 0.470703 0.363281 0.468750 0.359375 0.468750
0 0.355469 0.478516 0.351562 0.478516 0.351562 0.482422 0.353516 0.482422 0.355469 0.480469
0 0.693359 0.480469 0.691406 0.482422 0.691406 0.486328 0.695312 0.486328 0.695312 0.482422
0 0.847656 0.490234 0.841797 0.494141 0.841797 0.496094 0.839844 0.498047 0.839844 0.503906 0.841797 0.505859 0.841797 0.509766 0.845703 0.513672 0.855469 0.513672 0.857422 0.511719 0.857422 0.509766 0.861328 0.505859 0.861328 0.498047 0.855469 0.492188 0.849609 0.492188
0 0.564453 0.507812 0.562500 0.509766 0.564453 0.511719 0.566406 0.509766
0 0.880859 0.511719 0.882812 0.513672 0.882812 0.511719
0 0.445312 0.517578 0.445312 0.519531 0.443359 0.521484 0.443359 0.523438 0.449219 0.529297 0.457031 0.529297 0.458984 0.527344 0.458984 0.525391 0.460938 0.523438 0.460938 0.521484 0.457031 0.517578 0.449219 0.517578 0.447266 0.519531
0 0.494141 0.519531 0.492188 0.521484 0.492188 0.525391 0.494141 0.527344 0.498047 0.527344 0.500000 0.525391 0.500000 0.521484 0.498047 0.519531
0 0.470703 0.525391 0.466797 0.529297 0.466797 0.535156 0.470703 0.539062 0.474609 0.539062 0.476562 0.537109 0.476562 0.535156 0.478516 0.533203 0.478516 0.529297 0.474609 0.525391
0 0.896484 0.523438 0.896484 0.525391 0.898438 0.527344 0.900391 0.527344 0.902344 0.525391 0.900391 0.523438
0 0.779297 0.531250 0.779297 0.533203 0.777344 0.535156 0.777344 0.541016 0.781250 0.544922 0.785156 0.544922 0.791016 0.539062 0.791016 0.537109 0.789062 0.535156 0.789062 0.533203 0.787109 0.531250
0 0.363281 0.541016 0.361328 0.542969 0.359375 0.542969 0.359375 0.546875 0.361328 0.548828 0.363281 0.546875 0.365234 0.546875 0.365234 0.542969
0 0.451172 0.542969 0.449219 0.544922 0.449219 0.548828 0.453125 0.552734 0.458984 0.552734 0.460938 0.550781 0.460938 0.544922 0.458984 0.542969
0 0.302734 0.548828 0.300781 0.550781 0.300781 0.552734 0.302734 0.554688 0.304688 0.554688 0.306641 0.552734 0.306641 0.550781 0.304688 0.548828
1 0.388672 0.546875 0.384766 0.546875 0.386719 0.548828 0.384766 0.550781 0.384766 0.552734 0.386719 0.554688 0.388672 0.552734 0.388672 0.550781 0.386719 0.548828
0 0.406250 0.554688 0.404297 0.556641 0.404297 0.558594 0.406250 0.560547 0.408203 0.560547 0.410156 0.558594 0.410156 0.556641 0.408203 0.554688
0 0.439453 0.554688 0.433594 0.558594 0.433594 0.562500 0.431641 0.564453 0.431641 0.574219 0.433594 0.576172 0.433594 0.580078 0.439453 0.587891 0.447266 0.587891 0.449219 0.585938 0.451172 0.587891 0.455078 0.580078 0.455078 0.572266 0.453125 0.570312 0.453125 0.566406 0.447266 0.556641
0 0.468750 0.554688 0.466797 0.556641 0.466797 0.560547 0.470703 0.564453 0.476562 0.564453 0.476562 0.562500 0.478516 0.560547 0.478516 0.558594 0.476562 0.556641 0.476562 0.554688
0 0.513672 0.556641 0.511719 0.554688 0.509766 0.554688 0.507812 0.556641 0.507812 0.560547 0.509766 0.560547 0.511719 0.558594 0.513672 0.558594
0 0.933594 0.560547 0.923828 0.556641 0.906250 0.572266 0.904297 0.582031 0.898438 0.587891 0.898438 0.593750 0.902344 0.599609 0.908203 0.599609 0.912109 0.595703 0.921875 0.595703 0.933594 0.585938 0.937500 0.576172 0.937500 0.568359
0 0.775391 0.562500 0.771484 0.566406 0.771484 0.578125 0.777344 0.582031 0.781250 0.582031 0.783203 0.580078 0.785156 0.580078 0.789062 0.576172 0.789062 0.568359 0.785156 0.562500
0 0.849609 0.564453 0.847656 0.566406 0.847656 0.578125 0.853516 0.583984 0.859375 0.583984 0.863281 0.580078 0.863281 0.572266 0.855469 0.564453
0 0.515625 0.566406 0.513672 0.568359 0.511719 0.568359 0.509766 0.570312 0.511719 0.572266 0.511719 0.574219 0.515625 0.574219 0.517578 0.572266 0.517578 0.570312 0.515625 0.568359
0 0.521484 0.578125 0.519531 0.578125 0.517578 0.580078 0.513672 0.580078 0.513672 0.583984 0.509766 0.587891 0.505859 0.587891 0.500000 0.591797 0.500000 0.595703 0.501953 0.597656 0.501953 0.601562 0.503906 0.603516 0.507812 0.603516 0.509766 0.605469 0.511719 0.605469 0.519531 0.599609 0.519531 0.595703 0.525391 0.587891 0.525391 0.583984
1 0.462891 0.585938 0.458984 0.587891 0.460938 0.591797 0.460938 0.595703 0.458984 0.597656 0.455078 0.595703 0.443359 0.607422 0.445312 0.611328 0.453125 0.607422 0.457031 0.607422 0.458984 0.605469 0.462891 0.607422 0.462891 0.605469 0.466797 0.601562 0.466797 0.599609 0.464844 0.599609 0.460938 0.595703 0.464844 0.591797 0.464844 0.587891
0 0.578125 0.593750 0.576172 0.595703 0.576172 0.597656 0.578125 0.599609 0.580078 0.599609 0.580078 0.595703
0 0.773438 0.593750 0.771484 0.595703 0.771484 0.599609 0.777344 0.599609 0.777344 0.595703 0.775391 0.593750
0 0.423828 0.597656 0.421875 0.599609 0.421875 0.601562 0.423828 0.603516 0.425781 0.603516 0.427734 0.601562 0.427734 0.599609 0.425781 0.597656
0 0.876953 0.597656 0.873047 0.601562 0.873047 0.603516 0.871094 0.605469 0.871094 0.611328 0.873047 0.613281 0.873047 0.615234 0.875000 0.615234 0.876953 0.617188 0.878906 0.617188 0.880859 0.615234 0.886719 0.615234 0.892578 0.609375 0.892578 0.603516 0.886719 0.597656
0 0.998047 0.601562 0.996094 0.603516 0.992188 0.603516 0.986328 0.607422 0.986328 0.617188 0.992188 0.621094 0.996094 0.621094 0.998047 0.619141
0 0.859375 0.605469 0.857422 0.605469 0.855469 0.607422 0.853516 0.607422 0.853516 0.613281 0.855469 0.615234 0.859375 0.615234 0.863281 0.611328 0.863281 0.609375
1 0.921875 0.607422 0.921875 0.611328 0.923828 0.613281 0.927734 0.613281 0.929688 0.611328 0.935547 0.611328 0.935547 0.609375 0.929688 0.609375 0.925781 0.605469 0.923828 0.605469
0 0.373047 0.609375 0.373047 0.611328 0.367188 0.617188 0.369141 0.619141 0.369141 0.623047 0.371094 0.625000 0.371094 0.626953 0.378906 0.632812 0.384766 0.632812 0.386719 0.634766 0.388672 0.634766 0.388672 0.619141 0.386719 0.617188 0.386719 0.615234 0.380859 0.611328 0.375000 0.611328
0 0.509766 0.615234 0.509766 0.619141 0.513672 0.623047 0.515625 0.621094 0.517578 0.623047 0.523438 0.623047 0.525391 0.621094 0.525391 0.619141 0.527344 0.617188 0.525391 0.615234 0.523438 0.615234 0.521484 0.613281 0.511719 0.613281
0 0.398438 0.617188 0.396484 0.619141 0.396484 0.626953 0.398438 0.626953 0.400391 0.628906 0.402344 0.626953 0.402344 0.619141 0.400391 0.617188
1 0.361328 0.628906 0.355469 0.628906 0.351562 0.625000 0.351562 0.630859 0.349609 0.632812 0.349609 0.634766 0.343750 0.640625 0.337891 0.640625 0.337891 0.646484 0.339844 0.646484 0.341797 0.644531 0.343750 0.646484 0.349609 0.648438 0.353516 0.644531 0.353516 0.636719
0 0.494141 0.630859 0.492188 0.632812 0.492188 0.634766 0.494141 0.636719 0.496094 0.636719 0.498047 0.634766 0.498047 0.632812 0.496094 0.630859
0 0.882812 0.630859 0.880859 0.632812 0.880859 0.636719 0.882812 0.638672 0.884766 0.638672 0.886719 0.640625 0.886719 0.638672 0.888672 0.636719 0.888672 0.632812 0.886719 0.630859
1 0.326172 0.638672 0.328125 0.638672 0.330078 0.640625 0.328125 0.642578 0.328125 0.644531 0.330078 0.646484 0.330078 0.644531 0.332031 0.642578 0.330078 0.640625 0.330078 0.638672
0 0.402344 0.638672 0.398438 0.638672 0.396484 0.640625 0.396484 0.642578 0.398438 0.644531 0.398438 0.646484 0.400391 0.646484 0.402344 0.644531
0 0.449219 0.636719 0.445312 0.640625 0.447266 0.642578 0.451172 0.642578 0.451172 0.638672
0 0.732422 0.644531 0.730469 0.646484 0.728516 0.646484 0.726562 0.648438 0.726562 0.652344 0.730469 0.656250 0.732422 0.656250 0.734375 0.658203 0.732422 0.656250 0.736328 0.652344 0.736328 0.648438
0 0.503906 0.650391 0.500000 0.654297 0.500000 0.666016 0.501953 0.667969 0.503906 0.667969 0.505859 0.669922 0.507812 0.669922 0.511719 0.666016 0.511719 0.658203 0.513672 0.656250 0.513672 0.654297 0.509766 0.650391
0 0.935547 0.656250 0.929688 0.656250 0.927734 0.654297 0.923828 0.658203 0.921875 0.658203 0.921875 0.660156 0.917969 0.664062 0.917969 0.667969 0.916016 0.669922 0.917969 0.671875 0.916016 0.673828 0.921875 0.677734 0.929688 0.677734 0.931641 0.675781 0.933594 0.675781 0.939453 0.669922 0.939453 0.660156
1 0.462891 0.658203 0.462891 0.662109 0.460938 0.664062 0.462891 0.666016 0.464844 0.671875 0.470703 0.677734 0.472656 0.677734 0.474609 0.675781 0.478516 0.675781 0.482422 0.679688 0.482422 0.681641 0.484375 0.679688 0.488281 0.679688 0.494141 0.685547 0.500000 0.685547 0.501953 0.683594 0.501953 0.675781 0.498047 0.671875 0.496094 0.673828 0.494141 0.673828 0.492188 0.671875 0.490234 0.673828 0.488281 0.671875 0.488281 0.669922 0.484375 0.664062 0.480469 0.664062 0.476562 0.667969 0.472656 0.667969 0.470703 0.666016 0.468750 0.666016 0.464844 0.662109 0.466797 0.660156 0.464844 0.658203
0 0.519531 0.658203 0.517578 0.660156 0.517578 0.662109 0.519531 0.664062 0.521484 0.664062 0.523438 0.662109 0.523438 0.660156 0.521484 0.658203
0 0.849609 0.658203 0.843750 0.664062 0.843750 0.669922 0.847656 0.673828 0.853516 0.673828 0.857422 0.669922 0.857422 0.662109 0.853516 0.658203
0 0.892578 0.658203 0.890625 0.656250 0.888672 0.656250 0.886719 0.658203 0.886719 0.662109 0.890625 0.662109 0.892578 0.660156
0 0.955078 0.658203 0.949219 0.664062 0.949219 0.667969 0.953125 0.671875 0.960938 0.671875 0.962891 0.669922 0.962891 0.660156 0.958984 0.660156 0.957031 0.658203
0 0.908203 0.673828 0.906250 0.673828 0.902344 0.677734 0.902344 0.681641 0.906250 0.685547 0.908203 0.683594 0.910156 0.683594 0.912109 0.681641 0.912109 0.675781 0.910156 0.675781
0 0.771484 0.675781 0.767578 0.679688 0.767578 0.681641 0.771484 0.685547 0.773438 0.685547 0.773438 0.683594 0.775391 0.681641 0.775391 0.679688 0.777344 0.677734 0.775391 0.677734 0.773438 0.675781
0 0.986328 0.677734 0.982422 0.677734 0.980469 0.679688 0.982422 0.681641 0.982422 0.683594 0.984375 0.681641 0.986328 0.681641
1 0.455078 0.683594 0.455078 0.685547 0.458984 0.689453 0.458984 0.691406 0.460938 0.693359 0.466797 0.693359 0.468750 0.691406 0.472656 0.691406 0.472656 0.687500 0.470703 0.687500 0.468750 0.689453 0.466797 0.689453 0.462891 0.685547 0.462891 0.683594 0.460938 0.681641 0.457031 0.681641
0 0.804688 0.693359 0.800781 0.699219 0.800781 0.708984 0.810547 0.718750 0.814453 0.720703 0.824219 0.720703 0.828125 0.716797 0.828125 0.712891 0.830078 0.710938 0.830078 0.705078 0.826172 0.699219 0.826172 0.695312 0.824219 0.697266 0.816406 0.691406 0.808594 0.691406
0 0.470703 0.697266 0.468750 0.699219 0.468750 0.703125 0.472656 0.707031 0.474609 0.707031 0.476562 0.708984 0.480469 0.708984 0.480469 0.705078 0.478516 0.703125 0.478516 0.701172 0.474609 0.697266
1 0.751953 0.701172 0.748047 0.697266 0.746094 0.699219 0.744141 0.699219 0.744141 0.701172 0.742188 0.703125 0.744141 0.701172
0 0.943359 0.697266 0.941406 0.695312 0.939453 0.695312 0.937500 0.697266 0.935547 0.697266 0.935547 0.701172 0.941406 0.701172 0.943359 0.699219
0 0.976562 0.699219 0.976562 0.705078 0.978516 0.707031 0.978516 0.710938 0.980469 0.712891 0.992188 0.712891 0.994141 0.710938 0.998047 0.714844 0.998047 0.701172 0.996094 0.701172 0.992188 0.697266 0.988281 0.697266 0.986328 0.695312 0.980469 0.695312
0 0.634766 0.708984 0.630859 0.712891 0.630859 0.714844 0.628906 0.716797 0.628906 0.720703 0.632812 0.724609 0.642578 0.724609 0.646484 0.720703 0.646484 0.712891 0.642578 0.708984
1 0.474609 0.720703 0.472656 0.722656 0.476562 0.726562 0.476562 0.728516 0.476562 0.726562 0.478516 0.724609 0.476562 0.722656 0.476562 0.720703
0 0.556641 0.718750 0.554688 0.720703 0.554688 0.724609 0.556641 0.726562 0.558594 0.726562 0.560547 0.724609 0.560547 0.720703 0.558594 0.718750
0 0.808594 0.724609 0.802734 0.724609 0.800781 0.726562 0.800781 0.728516 0.798828 0.730469 0.798828 0.736328 0.802734 0.740234 0.804688 0.740234 0.810547 0.734375 0.810547 0.726562
0 0.894531 0.722656 0.892578 0.724609 0.894531 0.726562 0.896484 0.724609
1 0.240234 0.728516 0.240234 0.732422 0.242188 0.734375 0.242188 0.738281 0.244141 0.740234 0.246094 0.740234 0.248047 0.738281 0.246094 0.736328 0.246094 0.734375 0.244141 0.734375 0.242188 0.732422 0.242188 0.728516
0 0.472656 0.730469 0.472656 0.732422 0.470703 0.734375 0.472656 0.736328 0.474609 0.736328 0.476562 0.734375 0.476562 0.732422 0.474609 0.732422
0 0.787109 0.732422 0.779297 0.732422 0.773438 0.736328 0.773438 0.738281 0.769531 0.744141 0.769531 0.751953 0.773438 0.755859 0.781250 0.755859 0.783203 0.753906 0.785156 0.753906 0.785156 0.751953 0.789062 0.748047 0.789062 0.746094 0.791016 0.744141 0.791016 0.736328
0 0.888672 0.730469 0.884766 0.732422 0.878906 0.738281 0.876953 0.742188 0.876953 0.751953 0.884766 0.757812 0.890625 0.757812 0.902344 0.751953 0.900391 0.750000 0.902344 0.748047 0.902344 0.744141 0.898438 0.736328
0 0.671875 0.744141 0.669922 0.746094 0.666016 0.746094 0.664062 0.748047 0.664062 0.755859 0.667969 0.759766 0.673828 0.759766 0.675781 0.757812 0.677734 0.757812 0.677734 0.750000
0 0.812500 0.753906 0.810547 0.753906 0.808594 0.751953 0.802734 0.753906 0.800781 0.759766 0.789062 0.769531 0.789062 0.775391 0.792969 0.779297 0.796875 0.779297 0.806641 0.769531 0.808594 0.769531 0.812500 0.765625 0.814453 0.765625 0.814453 0.755859
1 0.480469 0.757812 0.482422 0.759766 0.492188 0.759766 0.494141 0.757812 0.494141 0.755859 0.492188 0.753906 0.486328 0.753906 0.484375 0.755859 0.482422 0.755859
1 0.822266 0.761719 0.818359 0.767578 0.820312 0.777344 0.818359 0.806641 0.824219 0.814453 0.835938 0.816406 0.843750 0.812500 0.849609 0.796875 0.845703 0.785156 0.839844 0.777344 0.835938 0.777344 0.832031 0.773438 0.833984 0.769531 0.832031 0.763672
0 0.478516 0.767578 0.476562 0.769531 0.476562 0.773438 0.478516 0.775391 0.480469 0.775391 0.482422 0.773438 0.482422 0.769531 0.480469 0.767578
0 0.626953 0.771484 0.626953 0.773438 0.625000 0.775391 0.626953 0.775391 0.628906 0.777344 0.630859 0.775391 0.630859 0.773438 0.628906 0.771484
0 0.757812 0.769531 0.751953 0.775391 0.753906 0.785156 0.757812 0.789062 0.759766 0.794922 0.763672 0.798828 0.769531 0.798828 0.773438 0.794922 0.773438 0.789062 0.769531 0.783203 0.771484 0.781250 0.771484 0.779297 0.769531 0.777344 0.767578 0.771484 0.765625 0.771484 0.763672 0.769531
1 0.511719 0.781250 0.507812 0.777344 0.505859 0.777344 0.501953 0.781250 0.494141 0.781250 0.492188 0.783203 0.496094 0.787109 0.498047 0.785156 0.500000 0.785156 0.500000 0.783203 0.501953 0.781250 0.505859 0.785156 0.507812 0.785156
1 0.687500 0.781250 0.685547 0.779297 0.677734 0.783203 0.671875 0.777344 0.664062 0.777344 0.654297 0.785156 0.656250 0.787109 0.654297 0.810547 0.648438 0.808594 0.638672 0.810547 0.636719 0.808594 0.638672 0.804688 0.623047 0.802734 0.619141 0.806641 0.619141 0.814453 0.623047 0.818359 0.630859 0.816406 0.638672 0.820312 0.623047 0.828125 0.619141 0.833984 0.615234 0.830078 0.605469 0.832031 0.599609 0.843750 0.607422 0.855469 0.626953 0.853516 0.636719 0.857422 0.646484 0.847656 0.650391 0.837891 0.660156 0.835938 0.666016 0.828125 0.664062 0.824219 0.667969 0.822266 0.666016 0.816406 0.679688 0.804688 0.681641 0.792969
1 0.716797 0.791016 0.707031 0.789062 0.693359 0.798828 0.693359 0.808594 0.701172 0.826172 0.691406 0.837891 0.689453 0.849609 0.667969 0.859375 0.658203 0.876953 0.654297 0.869141 0.660156 0.861328 0.660156 0.853516 0.648438 0.851562 0.644531 0.865234 0.650391 0.875000 0.632812 0.888672 0.632812 0.910156 0.642578 0.917969 0.640625 0.919922 0.673828 0.925781 0.699219 0.902344 0.703125 0.892578 0.683594 0.875000 0.683594 0.869141 0.691406 0.859375 0.708984 0.855469 0.714844 0.847656 0.720703 0.849609 0.714844 0.845703 0.714844 0.837891 0.726562 0.810547 0.720703 0.806641 0.722656 0.798828
0 0.976562 0.794922 0.974609 0.794922 0.972656 0.792969 0.970703 0.794922 0.970703 0.798828 0.972656 0.798828
0 0.740234 0.800781 0.736328 0.804688 0.736328 0.806641 0.740234 0.810547 0.744141 0.810547 0.748047 0.806641 0.748047 0.804688 0.744141 0.800781
0 0.480469 0.814453 0.480469 0.820312 0.482422 0.822266 0.484375 0.822266 0.486328 0.824219 0.488281 0.824219 0.492188 0.820312 0.492188 0.816406 0.488281 0.812500 0.484375 0.812500 0.482422 0.814453
0 0.767578 0.812500 0.765625 0.814453 0.765625 0.822266 0.767578 0.824219 0.771484 0.824219 0.773438 0.822266 0.773438 0.814453 0.771484 0.814453 0.769531 0.812500
0 0.882812 0.812500 0.878906 0.812500 0.875000 0.816406 0.873047 0.814453 0.869141 0.814453 0.865234 0.812500 0.859375 0.818359 0.859375 0.824219 0.857422 0.826172 0.859375 0.830078 0.863281 0.832031 0.869141 0.832031 0.871094 0.830078 0.873047 0.832031 0.873047 0.830078 0.876953 0.828125 0.876953 0.818359 0.878906 0.816406 0.880859 0.818359 0.884766 0.816406
1 0.677734 0.820312 0.675781 0.820312 0.673828 0.822266 0.675781 0.824219 0.675781 0.826172 0.677734 0.828125 0.673828 0.832031 0.673828 0.835938 0.675781 0.835938 0.677734 0.833984 0.677734 0.832031 0.675781 0.830078 0.677734 0.828125 0.677734 0.826172 0.679688 0.824219 0.679688 0.822266
0 0.914062 0.820312 0.912109 0.822266 0.912109 0.828125 0.914062 0.830078 0.921875 0.830078 0.923828 0.828125 0.923828 0.822266 0.921875 0.820312
0 0.322266 0.828125 0.318359 0.832031 0.322266 0.835938 0.324219 0.835938 0.326172 0.833984 0.326172 0.830078 0.324219 0.828125
1 0.375000 0.839844 0.375000 0.847656 0.378906 0.851562 0.382812 0.851562 0.386719 0.845703 0.394531 0.851562 0.398438 0.849609 0.408203 0.849609 0.410156 0.847656 0.410156 0.841797 0.406250 0.839844 0.402344 0.843750 0.398438 0.843750 0.392578 0.839844 0.390625 0.841797 0.388672 0.839844 0.388672 0.833984 0.384766 0.832031 0.380859 0.832031
0 0.480469 0.845703 0.478516 0.847656 0.476562 0.847656 0.476562 0.853516 0.478516 0.855469 0.480469 0.855469 0.484375 0.851562 0.482422 0.849609 0.482422 0.847656
0 0.574219 0.843750 0.572266 0.845703 0.572266 0.847656 0.568359 0.853516 0.568359 0.857422 0.570312 0.859375 0.570312 0.861328 0.574219 0.861328 0.576172 0.863281 0.578125 0.863281 0.582031 0.859375 0.583984 0.859375 0.583984 0.857422 0.585938 0.855469 0.585938 0.851562 0.583984 0.849609 0.583984 0.845703 0.582031 0.845703 0.580078 0.843750
0 0.763672 0.845703 0.759766 0.851562 0.759766 0.857422 0.765625 0.863281 0.771484 0.863281 0.773438 0.861328 0.775391 0.861328 0.779297 0.857422 0.779297 0.849609 0.775391 0.845703
0 0.341797 0.851562 0.337891 0.851562 0.337891 0.855469 0.333984 0.859375 0.328125 0.859375 0.324219 0.863281 0.324219 0.867188 0.326172 0.869141 0.339844 0.869141 0.343750 0.865234 0.343750 0.863281 0.341797 0.861328
0 0.914062 0.853516 0.912109 0.855469 0.910156 0.855469 0.906250 0.859375 0.906250 0.865234 0.908203 0.867188 0.908203 0.869141 0.910156 0.871094 0.916016 0.871094 0.917969 0.869141 0.917969 0.867188 0.919922 0.865234 0.919922 0.857422 0.917969 0.857422
0 0.933594 0.861328 0.933594 0.863281 0.937500 0.867188 0.941406 0.867188 0.943359 0.865234 0.945312 0.865234 0.945312 0.861328 0.943359 0.859375 0.937500 0.859375 0.935547 0.861328
0 0.757812 0.867188 0.757812 0.869141 0.759766 0.871094 0.761719 0.871094 0.763672 0.869141 0.761719 0.867188
0 0.400391 0.873047 0.400391 0.876953 0.402344 0.878906 0.404297 0.876953 0.404297 0.875000 0.402344 0.873047
0 0.337891 0.875000 0.335938 0.875000 0.333984 0.876953 0.333984 0.882812 0.337891 0.882812 0.339844 0.880859 0.339844 0.876953
1 0.457031 0.886719 0.457031 0.898438 0.460938 0.904297 0.468750 0.908203 0.470703 0.904297 0.492188 0.896484 0.515625 0.917969 0.519531 0.927734 0.529297 0.923828 0.529297 0.917969 0.541016 0.902344 0.541016 0.894531 0.529297 0.886719 0.503906 0.886719 0.486328 0.876953 0.468750 0.876953
0 0.853516 0.894531 0.851562 0.894531 0.843750 0.902344 0.845703 0.902344 0.849609 0.906250 0.849609 0.908203 0.851562 0.908203 0.853516 0.906250 0.857422 0.906250 0.857422 0.896484 0.855469 0.896484
0 0.408203 0.900391 0.406250 0.902344 0.406250 0.906250 0.408203 0.908203 0.410156 0.908203 0.410156 0.906250 0.412109 0.904297 0.410156 0.902344 0.410156 0.900391
0 0.878906 0.900391 0.878906 0.902344 0.876953 0.904297 0.880859 0.908203 0.876953 0.912109 0.876953 0.917969 0.878906 0.919922 0.886719 0.919922 0.888672 0.917969 0.888672 0.912109 0.878906 0.902344
0 0.566406 0.908203 0.558594 0.910156 0.552734 0.916016 0.548828 0.933594 0.541016 0.943359 0.541016 0.953125 0.544922 0.957031 0.552734 0.958984 0.554688 0.962891 0.564453 0.962891 0.572266 0.955078 0.585938 0.953125 0.585938 0.935547 0.580078 0.929688 0.580078 0.917969
0 0.732422 0.906250 0.724609 0.923828 0.716797 0.929688 0.714844 0.951172 0.720703 0.955078 0.736328 0.941406 0.748047 0.951172 0.755859 0.951172 0.765625 0.962891 0.775391 0.964844 0.783203 0.957031 0.781250 0.935547 0.779297 0.937500 0.775391 0.933594 0.773438 0.919922 0.750000 0.906250
0 0.812500 0.914062 0.808594 0.917969 0.808594 0.925781 0.810547 0.927734 0.812500 0.933594 0.820312 0.939453 0.824219 0.939453 0.826172 0.937500 0.828125 0.937500 0.832031 0.933594 0.832031 0.929688 0.828125 0.923828 0.828125 0.919922 0.822266 0.914062
0 0.990234 0.916016 0.988281 0.916016 0.986328 0.917969 0.984375 0.917969 0.978516 0.921875 0.978516 0.929688 0.980469 0.931641 0.982422 0.931641 0.984375 0.933594 0.984375 0.935547 0.986328 0.933594 0.988281 0.933594 0.990234 0.935547 0.990234 0.933594 0.994141 0.929688 0.994141 0.919922 0.992188 0.919922 0.990234 0.917969
0 0.716797 0.921875 0.712891 0.917969 0.710938 0.919922 0.710938 0.923828 0.714844 0.923828
0 0.843750 0.919922 0.835938 0.927734 0.839844 0.931641 0.839844 0.933594 0.841797 0.933594 0.843750 0.935547 0.845703 0.933594 0.847656 0.935547 0.849609 0.933594 0.851562 0.933594 0.851562 0.931641 0.853516 0.929688 0.853516 0.925781 0.849609 0.921875 0.847656 0.921875 0.845703 0.919922
0 0.796875 0.925781 0.792969 0.929688 0.792969 0.937500 0.794922 0.939453 0.800781 0.939453 0.804688 0.935547 0.804688 0.927734 0.802734 0.925781
0 0.935547 0.925781 0.933594 0.927734 0.933594 0.929688 0.935547 0.931641 0.939453 0.931641 0.941406 0.929688 0.941406 0.927734 0.939453 0.925781
0 0.263672 0.941406 0.261719 0.943359 0.263672 0.945312 0.265625 0.945312 0.267578 0.943359 0.265625 0.941406
0 0.847656 0.945312 0.845703 0.947266 0.845703 0.949219 0.847656 0.951172 0.849609 0.951172 0.851562 0.949219 0.851562 0.947266 0.849609 0.945312
0 0.878906 0.947266 0.873047 0.951172 0.873047 0.964844 0.875000 0.966797 0.875000 0.968750 0.876953 0.968750 0.878906 0.970703 0.884766 0.970703 0.886719 0.968750 0.886719 0.966797 0.888672 0.964844 0.890625 0.964844 0.890625 0.958984 0.892578 0.957031 0.892578 0.955078 0.888672 0.949219 0.886719 0.949219 0.884766 0.947266
0 0.865234 0.953125 0.863281 0.951172 0.859375 0.955078 0.863281 0.955078
1 0.998047 0.955078 0.994141 0.958984 0.994141 0.962891 0.998047 0.966797
0 0.470703 0.960938 0.468750 0.962891 0.468750 0.966797 0.470703 0.968750 0.472656 0.968750 0.474609 0.966797 0.474609 0.962891 0.472656 0.960938
0 0.705078 0.966797 0.701172 0.974609 0.707031 0.994141 0.705078 0.998047 0.707031 0.996094 0.708984 0.998047 0.742188 0.998047 0.751953 0.982422 0.750000 0.974609 0.744141 0.966797 0.720703 0.964844 0.718750 0.962891
0 0.791016 0.960938 0.787109 0.964844 0.787109 0.966797 0.785156 0.968750 0.785156 0.978516 0.787109 0.980469 0.787109 0.982422 0.789062 0.982422 0.792969 0.986328 0.796875 0.986328 0.802734 0.980469 0.802734 0.964844 0.798828 0.960938
0 0.851562 0.964844 0.847656 0.970703 0.847656 0.976562 0.851562 0.982422 0.855469 0.984375 0.853516 0.986328 0.855469 0.990234 0.849609 0.994141 0.849609 0.998047 0.861328 0.998047 0.859375 0.996094 0.861328 0.994141 0.859375 0.990234 0.867188 0.982422 0.867188 0.978516 0.869141 0.976562 0.861328 0.964844
0 0.896484 0.968750 0.892578 0.972656 0.892578 0.978516 0.894531 0.980469 0.900391 0.980469 0.902344 0.978516 0.902344 0.970703 0.900391 0.968750
1 0.814453 0.976562 0.812500 0.978516 0.812500 0.980469 0.814453 0.982422 0.814453 0.984375 0.816406 0.984375 0.818359 0.986328 0.818359 0.990234 0.816406 0.992188 0.816406 0.996094 0.818359 0.998047 0.824219 0.998047 0.826172 0.996094 0.826172 0.994141 0.824219 0.992188 0.824219 0.990234 0.820312 0.986328 0.822266 0.980469 0.818359 0.976562
0 0.978516 0.980469 0.974609 0.984375 0.974609 0.988281 0.980469 0.994141 0.984375 0.994141 0.986328 0.992188 0.986328 0.986328 0.980469 0.980469
0 0.027344 0.126953 0.027344 0.130859 0.023438 0.130859 0.021484 0.128906 0.025391 0.125000
0 0.015625 0.132812 0.015625 0.136719 0.011719 0.136719 0.009766 0.134766 0.013672 0.130859
0 0.033203 0.134766 0.033203 0.138672 0.029297 0.138672 0.027344 0.136719 0.031250 0.132812
0 0.003906 0.148438 0.000000 0.148438 0.000000 0.126953 0.003906 0.126953 0.005859 0.128906 0.005859 0.130859 0.007812 0.130859 0.009766 0.132812 0.009766 0.142578 0.007812 0.144531 0.007812 0.146484 0.005859 0.146484
0 0.023438 0.142578 0.023438 0.146484 0.019531 0.146484 0.017578 0.144531 0.021484 0.140625
0 0.466797 0.152344 0.466797 0.156250 0.462891 0.156250 0.460938 0.154297 0.464844 0.150391
0 0.472656 0.160156 0.472656 0.164062 0.468750 0.164062 0.466797 0.162109 0.470703 0.158203
0 0.667969 0.164062 0.667969 0.167969 0.664062 0.167969 0.662109 0.166016 0.666016 0.162109
0 0.658203 0.171875 0.658203 0.175781 0.654297 0.175781 0.652344 0.173828 0.656250 0.169922
0 0.828125 0.210938 0.828125 0.214844 0.824219 0.214844 0.822266 0.212891 0.826172 0.208984
0 0.822266 0.216797 0.822266 0.220703 0.818359 0.220703 0.816406 0.218750 0.820312 0.214844
0 0.835938 0.218750 0.835938 0.222656 0.832031 0.222656 0.830078 0.220703 0.833984 0.216797
0 0.644531 0.220703 0.644531 0.224609 0.640625 0.224609 0.638672 0.222656 0.642578 0.218750
0 0.828125 0.224609 0.828125 0.228516 0.824219 0.228516 0.822266 0.226562 0.826172 0.222656
0 0.638672 0.226562 0.638672 0.230469 0.634766 0.230469 0.632812 0.228516 0.636719 0.224609
0 0.058594 0.228516 0.058594 0.232422 0.054688 0.232422 0.052734 0.230469 0.056641 0.226562
0 0.650391 0.228516 0.650391 0.232422 0.646484 0.232422 0.644531 0.230469 0.648438 0.226562
0 0.074219 0.234375 0.072266 0.234375 0.070312 0.236328 0.066406 0.236328 0.064453 0.234375 0.064453 0.228516 0.066406 0.226562 0.070312 0.226562 0.072266 0.228516 0.074219 0.228516
0 0.964844 0.230469 0.964844 0.234375 0.960938 0.234375 0.958984 0.232422 0.962891 0.228516
0 0.644531 0.234375 0.644531 0.238281 0.640625 0.238281 0.638672 0.236328 0.642578 0.232422
0 0.958984 0.236328 0.958984 0.240234 0.955078 0.240234 0.953125 0.238281 0.957031 0.234375
0 0.964844 0.240234 0.964844 0.244141 0.960938 0.244141 0.958984 0.242188 0.962891 0.238281
0 0.011719 0.248047 0.009766 0.248047 0.007812 0.250000 0.003906 0.250000 0.001953 0.248047 0.001953 0.242188 0.003906 0.240234 0.007812 0.240234 0.009766 0.242188 0.011719 0.242188
0 0.050781 0.255859 0.048828 0.255859 0.046875 0.257812 0.042969 0.257812 0.041016 0.255859 0.041016 0.250000 0.042969 0.248047 0.046875 0.248047 0.048828 0.250000 0.050781 0.250000
0 0.037109 0.269531 0.035156 0.269531 0.033203 0.271484 0.023438 0.271484 0.017578 0.265625 0.017578 0.255859 0.019531 0.253906 0.021484 0.253906 0.021484 0.251953 0.023438 0.250000 0.033203 0.250000 0.039062 0.255859 0.039062 0.265625 0.037109 0.267578
0 0.064453 0.269531 0.062500 0.269531 0.060547 0.271484 0.056641 0.271484 0.054688 0.269531 0.054688 0.263672 0.056641 0.261719 0.060547 0.261719 0.062500 0.263672 0.064453 0.263672
0 0.033203 0.271484 0.031250 0.271484 0.029297 0.273438 0.025391 0.273438 0.023438 0.271484 0.023438 0.265625 0.025391 0.263672 0.029297 0.263672 0.031250 0.265625 0.033203 0.265625
0 0.943359 0.275391 0.943359 0.279297 0.939453 0.279297 0.937500 0.277344 0.941406 0.273438
0 0.058594 0.283203 0.056641 0.283203 0.054688 0.285156 0.050781 0.285156 0.048828 0.283203 0.048828 0.277344 0.050781 0.275391 0.054688 0.275391 0.056641 0.277344 0.058594 0.277344
0 0.964844 0.289062 0.962891 0.289062 0.960938 0.291016 0.957031 0.291016 0.955078 0.289062 0.955078 0.283203 0.957031 0.281250 0.960938 0.281250 0.962891 0.283203 0.964844 0.283203
0 0.978516 0.291016 0.978516 0.294922 0.974609 0.294922 0.972656 0.292969 0.976562 0.289062
0 0.003906 0.304688 0.000000 0.304688 0.000000 0.283203 0.003906 0.283203 0.005859 0.285156 0.005859 0.287109 0.007812 0.287109 0.009766 0.289062 0.009766 0.298828 0.007812 0.300781 0.007812 0.302734 0.005859 0.302734
0 0.955078 0.296875 0.953125 0.296875 0.951172 0.298828 0.947266 0.298828 0.945312 0.296875 0.945312 0.291016 0.947266 0.289062 0.951172 0.289062 0.953125 0.291016 0.955078 0.291016
0 0.050781 0.296875 0.048828 0.298828 0.048828 0.300781 0.046875 0.302734 0.041016 0.302734 0.039062 0.300781 0.039062 0.298828 0.037109 0.296875 0.037109 0.294922 0.039062 0.292969 0.039062 0.291016 0.041016 0.289062 0.046875 0.289062 0.048828 0.291016 0.048828 0.292969 0.050781 0.294922
0 0.960938 0.312500 0.958984 0.312500 0.957031 0.314453 0.947266 0.314453 0.941406 0.308594 0.941406 0.298828 0.943359 0.296875 0.945312 0.296875 0.945312 0.294922 0.947266 0.292969 0.957031 0.292969 0.962891 0.298828 0.962891 0.308594 0.960938 0.310547
0 0.166016 0.318359 0.164062 0.318359 0.162109 0.320312 0.158203 0.320312 0.156250 0.318359 0.156250 0.312500 0.158203 0.310547 0.162109 0.310547 0.164062 0.312500 0.166016 0.312500
0 0.955078 0.314453 0.955078 0.318359 0.951172 0.318359 0.949219 0.316406 0.953125 0.312500
0 0.970703 0.322266 0.968750 0.322266 0.966797 0.324219 0.962891 0.324219 0.960938 0.322266 0.960938 0.316406 0.962891 0.314453 0.966797 0.314453 0.968750 0.316406 0.970703 0.316406
0 0.755859 0.322266 0.755859 0.326172 0.751953 0.326172 0.750000 0.324219 0.753906 0.320312
0 0.951172 0.322266 0.951172 0.326172 0.947266 0.326172 0.945312 0.324219 0.949219 0.320312
0 0.054688 0.328125 0.048828 0.333984 0.042969 0.333984 0.037109 0.328125 0.037109 0.322266 0.042969 0.316406 0.048828 0.316406 0.054688 0.322266
0 0.189453 0.326172 0.187500 0.328125 0.187500 0.330078 0.185547 0.332031 0.179688 0.332031 0.177734 0.330078 0.177734 0.328125 0.175781 0.326172 0.175781 0.324219 0.177734 0.322266 0.177734 0.320312 0.179688 0.318359 0.185547 0.318359 0.187500 0.320312 0.187500 0.322266 0.189453 0.324219
0 0.964844 0.326172 0.964844 0.330078 0.960938 0.330078 0.958984 0.328125 0.962891 0.324219
0 0.164062 0.332031 0.162109 0.332031 0.160156 0.333984 0.156250 0.333984 0.154297 0.332031 0.154297 0.326172 0.156250 0.324219 0.160156 0.324219 0.162109 0.326172 0.164062 0.326172
0 0.767578 0.328125 0.767578 0.332031 0.763672 0.332031 0.761719 0.330078 0.765625 0.326172
0 0.957031 0.328125 0.957031 0.332031 0.953125 0.332031 0.951172 0.330078 0.955078 0.326172
0 0.753906 0.330078 0.753906 0.333984 0.750000 0.333984 0.748047 0.332031 0.751953 0.328125
0 0.179688 0.332031 0.179688 0.335938 0.175781 0.335938 0.173828 0.333984 0.177734 0.330078
0 0.763672 0.333984 0.763672 0.337891 0.759766 0.337891 0.757812 0.335938 0.761719 0.332031
0 0.171875 0.335938 0.171875 0.339844 0.167969 0.339844 0.166016 0.337891 0.169922 0.333984
0 0.044922 0.341797 0.042969 0.341797 0.041016 0.343750 0.037109 0.343750 0.035156 0.341797 0.035156 0.335938 0.037109 0.333984 0.041016 0.333984 0.042969 0.335938 0.044922 0.335938
0 0.050781 0.363281 0.048828 0.363281 0.046875 0.365234 0.042969 0.365234 0.041016 0.363281 0.041016 0.357422 0.042969 0.355469 0.046875 0.355469 0.048828 0.357422 0.050781 0.357422
0 0.171875 0.382812 0.169922 0.382812 0.167969 0.384766 0.158203 0.384766 0.152344 0.378906 0.152344 0.369141 0.154297 0.367188 0.156250 0.367188 0.156250 0.365234 0.158203 0.363281 0.167969 0.363281 0.173828 0.369141 0.173828 0.378906 0.171875 0.380859
0 0.841797 0.373047 0.841797 0.376953 0.837891 0.376953 0.835938 0.375000 0.839844 0.371094
0 0.158203 0.380859 0.156250 0.380859 0.154297 0.382812 0.150391 0.382812 0.148438 0.380859 0.148438 0.375000 0.150391 0.373047 0.154297 0.373047 0.156250 0.375000 0.158203 0.375000
0 0.833984 0.378906 0.833984 0.382812 0.830078 0.382812 0.828125 0.380859 0.832031 0.376953
0 0.845703 0.378906 0.845703 0.382812 0.841797 0.382812 0.839844 0.380859 0.843750 0.376953
0 0.119141 0.394531 0.117188 0.394531 0.115234 0.396484 0.111328 0.396484 0.109375 0.394531 0.109375 0.388672 0.111328 0.386719 0.115234 0.386719 0.117188 0.388672 0.119141 0.388672
0 0.185547 0.400391 0.183594 0.400391 0.181641 0.402344 0.177734 0.402344 0.175781 0.400391 0.175781 0.394531 0.177734 0.392578 0.181641 0.392578 0.183594 0.394531 0.185547 0.394531
0 0.142578 0.406250 0.140625 0.406250 0.138672 0.408203 0.134766 0.408203 0.132812 0.406250 0.132812 0.400391 0.134766 0.398438 0.138672 0.398438 0.140625 0.400391 0.142578 0.400391
0 0.332031 0.410156 0.332031 0.414062 0.328125 0.414062 0.326172 0.412109 0.330078 0.408203
0 0.171875 0.414062 0.169922 0.416016 0.169922 0.417969 0.167969 0.419922 0.162109 0.419922 0.160156 0.417969 0.160156 0.416016 0.158203 0.414062 0.158203 0.412109 0.160156 0.410156 0.160156 0.408203 0.162109 0.406250 0.167969 0.406250 0.169922 0.408203 0.169922 0.410156 0.171875 0.412109
0 0.324219 0.416016 0.324219 0.419922 0.320312 0.419922 0.318359 0.417969 0.322266 0.414062
0 0.496094 0.419922 0.494141 0.419922 0.492188 0.421875 0.488281 0.421875 0.486328 0.419922 0.486328 0.414062 0.488281 0.412109 0.492188 0.412109 0.494141 0.414062 0.496094 0.414062
0 0.171875 0.429688 0.169922 0.429688 0.167969 0.431641 0.158203 0.431641 0.152344 0.425781 0.152344 0.416016 0.154297 0.414062 0.156250 0.414062 0.156250 0.412109 0.158203 0.410156 0.167969 0.410156 0.173828 0.416016 0.173828 0.425781 0.171875 0.427734
0 0.261719 0.423828 0.259766 0.425781 0.259766 0.427734 0.257812 0.429688 0.251953 0.429688 0.250000 0.427734 0.250000 0.425781 0.248047 0.423828 0.248047 0.421875 0.250000 0.419922 0.250000 0.417969 0.251953 0.416016 0.257812 0.416016 0.259766 0.417969 0.259766 0.419922 0.261719 0.421875
0 0.332031 0.421875 0.332031 0.425781 0.328125 0.425781 0.326172 0.423828 0.330078 0.419922
0 0.998047 0.431641 0.994141 0.431641 0.988281 0.425781 0.988281 0.419922 0.994141 0.414062 0.998047 0.414062
0 0.507812 0.427734 0.505859 0.427734 0.503906 0.429688 0.500000 0.429688 0.498047 0.427734 0.498047 0.421875 0.500000 0.419922 0.503906 0.419922 0.505859 0.421875 0.507812 0.421875
0 0.484375 0.435547 0.482422 0.435547 0.480469 0.437500 0.470703 0.437500 0.464844 0.431641 0.464844 0.421875 0.466797 0.419922 0.468750 0.419922 0.468750 0.417969 0.470703 0.416016 0.480469 0.416016 0.486328 0.421875 0.486328 0.431641 0.484375 0.433594
0 0.238281 0.429688 0.236328 0.431641 0.236328 0.433594 0.234375 0.435547 0.228516 0.435547 0.226562 0.433594 0.226562 0.431641 0.224609 0.429688 0.224609 0.427734 0.226562 0.425781 0.226562 0.423828 0.228516 0.421875 0.234375 0.421875 0.236328 0.423828 0.236328 0.425781 0.238281 0.427734
0 0.455078 0.427734 0.455078 0.431641 0.451172 0.431641 0.449219 0.429688 0.453125 0.425781
0 0.468750 0.427734 0.468750 0.431641 0.464844 0.431641 0.462891 0.429688 0.466797 0.425781
0 0.304688 0.431641 0.304688 0.435547 0.300781 0.435547 0.298828 0.433594 0.302734 0.429688
0 0.492188 0.431641 0.492188 0.435547 0.488281 0.435547 0.486328 0.433594 0.490234 0.429688
0 0.314453 0.433594 0.314453 0.437500 0.310547 0.437500 0.308594 0.435547 0.312500 0.431641
0 0.816406 0.433594 0.816406 0.437500 0.812500 0.437500 0.810547 0.435547 0.814453 0.431641
0 0.003906 0.447266 0.000000 0.447266 0.000000 0.425781 0.003906 0.425781 0.005859 0.427734 0.005859 0.429688 0.007812 0.429688 0.009766 0.431641 0.009766 0.441406 0.007812 0.443359 0.007812 0.445312 0.005859 0.445312
0 0.167969 0.447266 0.166016 0.447266 0.164062 0.449219 0.154297 0.449219 0.148438 0.443359 0.148438 0.433594 0.150391 0.431641 0.152344 0.431641 0.152344 0.429688 0.154297 0.427734 0.164062 0.427734 0.169922 0.433594 0.169922 0.443359 0.167969 0.445312
0 0.462891 0.441406 0.460938 0.441406 0.458984 0.443359 0.455078 0.443359 0.453125 0.441406 0.453125 0.435547 0.455078 0.433594 0.458984 0.433594 0.460938 0.435547 0.462891 0.435547
0 0.804688 0.439453 0.804688 0.443359 0.800781 0.443359 0.798828 0.441406 0.802734 0.437500
0 0.156250 0.447266 0.154297 0.447266 0.152344 0.449219 0.148438 0.449219 0.146484 0.447266 0.146484 0.441406 0.148438 0.439453 0.152344 0.439453 0.154297 0.441406 0.156250 0.441406
0 0.998047 0.455078 0.992188 0.455078 0.986328 0.449219 0.986328 0.439453 0.988281 0.437500 0.990234 0.437500 0.990234 0.435547 0.992188 0.433594 0.998047 0.433594
0 0.806641 0.445312 0.806641 0.449219 0.802734 0.449219 0.800781 0.447266 0.804688 0.443359
0 0.185547 0.447266 0.185547 0.451172 0.181641 0.451172 0.179688 0.449219 0.183594 0.445312
0 0.816406 0.447266 0.816406 0.451172 0.812500 0.451172 0.810547 0.449219 0.814453 0.445312
0 0.843750 0.447266 0.843750 0.451172 0.839844 0.451172 0.837891 0.449219 0.841797 0.445312
0 0.191406 0.449219 0.191406 0.453125 0.187500 0.453125 0.185547 0.451172 0.189453 0.447266
0 0.199219 0.453125 0.197266 0.453125 0.195312 0.455078 0.191406 0.455078 0.189453 0.453125 0.189453 0.447266 0.191406 0.445312 0.195312 0.445312 0.197266 0.447266 0.199219 0.447266
0 0.304688 0.449219 0.304688 0.453125 0.300781 0.453125 0.298828 0.451172 0.302734 0.447266
0 0.833984 0.458984 0.832031 0.458984 0.830078 0.460938 0.820312 0.460938 0.814453 0.455078 0.814453 0.445312 0.816406 0.443359 0.818359 0.443359 0.818359 0.441406 0.820312 0.439453 0.830078 0.439453 0.835938 0.445312 0.835938 0.455078 0.833984 0.457031
0 0.982422 0.451172 0.980469 0.453125 0.980469 0.455078 0.978516 0.457031 0.972656 0.457031 0.970703 0.455078 0.970703 0.453125 0.968750 0.451172 0.968750 0.449219 0.970703 0.447266 0.970703 0.445312 0.972656 0.443359 0.978516 0.443359 0.980469 0.445312 0.980469 0.447266 0.982422 0.449219
0 0.265625 0.457031 0.263672 0.458984 0.263672 0.460938 0.261719 0.462891 0.255859 0.462891 0.253906 0.460938 0.253906 0.458984 0.251953 0.457031 0.251953 0.455078 0.253906 0.453125 0.253906 0.451172 0.255859 0.449219 0.261719 0.449219 0.263672 0.451172 0.263672 0.453125 0.265625 0.455078
0 0.990234 0.455078 0.990234 0.458984 0.986328 0.458984 0.984375 0.457031 0.988281 0.453125
0 0.207031 0.457031 0.207031 0.460938 0.203125 0.460938 0.201172 0.458984 0.205078 0.455078
0 0.298828 0.460938 0.296875 0.460938 0.294922 0.462891 0.291016 0.462891 0.289062 0.460938 0.289062 0.455078 0.291016 0.453125 0.294922 0.453125 0.296875 0.455078 0.298828 0.455078
0 0.853516 0.457031 0.853516 0.460938 0.849609 0.460938 0.847656 0.458984 0.851562 0.455078
0 0.978516 0.457031 0.978516 0.460938 0.974609 0.460938 0.972656 0.458984 0.976562 0.455078
0 0.837891 0.458984 0.837891 0.462891 0.833984 0.462891 0.832031 0.460938 0.835938 0.457031
0 0.285156 0.462891 0.285156 0.466797 0.281250 0.466797 0.279297 0.464844 0.283203 0.460938
0 0.849609 0.462891 0.849609 0.466797 0.845703 0.466797 0.843750 0.464844 0.847656 0.460938
0 0.369141 0.466797 0.369141 0.470703 0.365234 0.470703 0.363281 0.468750 0.367188 0.464844
0 0.378906 0.468750 0.378906 0.472656 0.375000 0.472656 0.373047 0.470703 0.376953 0.466797
0 0.001953 0.480469 0.000000 0.480469 0.000000 0.462891 0.001953 0.462891 0.007812 0.468750 0.007812 0.474609
0 0.238281 0.474609 0.232422 0.480469 0.226562 0.480469 0.220703 0.474609 0.220703 0.468750 0.226562 0.462891 0.232422 0.462891 0.238281 0.468750
0 0.369141 0.474609 0.369141 0.478516 0.365234 0.478516 0.363281 0.476562 0.367188 0.472656
0 0.359375 0.476562 0.359375 0.480469 0.355469 0.480469 0.353516 0.478516 0.357422 0.474609
0 0.697266 0.476562 0.697266 0.480469 0.693359 0.480469 0.691406 0.478516 0.695312 0.474609
0 0.689453 0.480469 0.689453 0.484375 0.685547 0.484375 0.683594 0.482422 0.687500 0.478516
0 0.701172 0.482422 0.701172 0.486328 0.697266 0.486328 0.695312 0.484375 0.699219 0.480469
0 0.691406 0.486328 0.691406 0.490234 0.687500 0.490234 0.685547 0.488281 0.689453 0.484375
0 0.855469 0.490234 0.853516 0.490234 0.851562 0.492188 0.847656 0.492188 0.845703 0.490234 0.845703 0.484375 0.847656 0.482422 0.851562 0.482422 0.853516 0.484375 0.855469 0.484375
0 0.240234 0.492188 0.238281 0.492188 0.236328 0.494141 0.232422 0.494141 0.230469 0.492188 0.230469 0.486328 0.232422 0.484375 0.236328 0.484375 0.238281 0.486328 0.240234 0.486328
0 0.351562 0.498047 0.349609 0.498047 0.347656 0.500000 0.343750 0.500000 0.341797 0.498047 0.341797 0.492188 0.343750 0.490234 0.347656 0.490234 0.349609 0.492188 0.351562 0.492188
0 0.255859 0.505859 0.253906 0.505859 0.251953 0.507812 0.242188 0.507812 0.236328 0.501953 0.236328 0.492188 0.238281 0.490234 0.240234 0.490234 0.240234 0.488281 0.242188 0.486328 0.251953 0.486328 0.257812 0.492188 0.257812 0.501953 0.255859 0.503906
0 0.291016 0.500000 0.289062 0.500000 0.287109 0.501953 0.283203 0.501953 0.281250 0.500000 0.281250 0.494141 0.283203 0.492188 0.287109 0.492188 0.289062 0.494141 0.291016 0.494141
0 0.378906 0.498047 0.378906 0.501953 0.375000 0.501953 0.373047 0.500000 0.376953 0.496094
0 0.339844 0.503906 0.337891 0.503906 0.335938 0.505859 0.332031 0.505859 0.330078 0.503906 0.330078 0.498047 0.332031 0.496094 0.335938 0.496094 0.337891 0.498047 0.339844 0.498047
0 0.283203 0.511719 0.281250 0.511719 0.279297 0.513672 0.269531 0.513672 0.263672 0.507812 0.263672 0.498047 0.265625 0.496094 0.267578 0.496094 0.267578 0.494141 0.269531 0.492188 0.279297 0.492188 0.285156 0.498047 0.285156 0.507812 0.283203 0.509766
0 0.357422 0.503906 0.357422 0.507812 0.353516 0.507812 0.351562 0.505859 0.355469 0.501953
0 0.843750 0.507812 0.841797 0.509766 0.841797 0.511719 0.839844 0.513672 0.833984 0.513672 0.832031 0.511719 0.832031 0.509766 0.830078 0.507812 0.830078 0.505859 0.832031 0.503906 0.832031 0.501953 0.833984 0.500000 0.839844 0.500000 0.841797 0.501953 0.841797 0.503906 0.843750 0.505859
0 0.318359 0.509766 0.316406 0.511719 0.316406 0.513672 0.314453 0.515625 0.308594 0.515625 0.306641 0.513672 0.306641 0.511719 0.304688 0.509766 0.304688 0.507812 0.306641 0.505859 0.306641 0.503906 0.308594 0.501953 0.314453 0.501953 0.316406 0.503906 0.316406 0.505859 0.318359 0.507812
0 0.402344 0.511719 0.400391 0.511719 0.398438 0.513672 0.394531 0.513672 0.392578 0.511719 0.392578 0.505859 0.394531 0.503906 0.398438 0.503906 0.400391 0.505859 0.402344 0.505859
0 0.865234 0.511719 0.863281 0.511719 0.861328 0.513672 0.857422 0.513672 0.855469 0.511719 0.855469 0.505859 0.857422 0.503906 0.861328 0.503906 0.863281 0.505859 0.865234 0.505859
0 0.375000 0.519531 0.373047 0.519531 0.371094 0.521484 0.361328 0.521484 0.355469 0.515625 0.355469 0.505859 0.357422 0.503906 0.359375 0.503906 0.359375 0.501953 0.361328 0.500000 0.371094 0.500000 0.376953 0.505859 0.376953 0.515625 0.375000 0.517578
0 0.386719 0.513672 0.384766 0.513672 0.382812 0.515625 0.378906 0.515625 0.376953 0.513672 0.376953 0.507812 0.378906 0.505859 0.382812 0.505859 0.384766 0.507812 0.386719 0.507812
0 0.417969 0.513672 0.416016 0.513672 0.414062 0.515625 0.410156 0.515625 0.408203 0.513672 0.408203 0.507812 0.410156 0.505859 0.414062 0.505859 0.416016 0.507812 0.417969 0.507812
0 0.451172 0.513672 0.451172 0.517578 0.447266 0.517578 0.445312 0.515625 0.449219 0.511719
0 0.429688 0.515625 0.429688 0.519531 0.425781 0.519531 0.423828 0.517578 0.427734 0.513672
0 0.855469 0.519531 0.853516 0.519531 0.851562 0.521484 0.847656 0.521484 0.845703 0.519531 0.845703 0.513672 0.847656 0.511719 0.851562 0.511719 0.853516 0.513672 0.855469 0.513672
0 0.443359 0.521484 0.437500 0.527344 0.431641 0.527344 0.425781 0.521484 0.425781 0.515625 0.431641 0.509766 0.437500 0.509766 0.443359 0.515625
0 0.902344 0.517578 0.902344 0.521484 0.898438 0.521484 0.896484 0.519531 0.900391 0.515625
0 0.503906 0.519531 0.503906 0.523438 0.500000 0.523438 0.498047 0.521484 0.501953 0.517578
0 0.025391 0.525391 0.023438 0.525391 0.021484 0.527344 0.017578 0.527344 0.015625 0.525391 0.015625 0.519531 0.017578 0.517578 0.021484 0.517578 0.023438 0.519531 0.025391 0.519531
0 0.416016 0.523438 0.416016 0.527344 0.412109 0.527344 0.410156 0.525391 0.414062 0.521484
0 0.906250 0.523438 0.906250 0.527344 0.902344 0.527344 0.900391 0.525391 0.904297 0.521484
0 0.503906 0.525391 0.503906 0.529297 0.500000 0.529297 0.498047 0.527344 0.501953 0.523438
0 0.896484 0.525391 0.896484 0.529297 0.892578 0.529297 0.890625 0.527344 0.894531 0.523438
0 0.789062 0.527344 0.789062 0.531250 0.785156 0.531250 0.783203 0.529297 0.787109 0.525391
0 0.253906 0.535156 0.251953 0.535156 0.250000 0.537109 0.246094 0.537109 0.244141 0.535156 0.244141 0.529297 0.246094 0.527344 0.250000 0.527344 0.251953 0.529297 0.253906 0.529297
0 0.333984 0.533203 0.332031 0.535156 0.332031 0.537109 0.330078 0.539062 0.324219 0.539062 0.322266 0.537109 0.322266 0.535156 0.320312 0.533203 0.320312 0.531250 0.322266 0.529297 0.322266 0.527344 0.324219 0.525391 0.330078 0.525391 0.332031 0.527344 0.332031 0.529297 0.333984 0.531250
0 0.466797 0.535156 0.464844 0.537109 0.464844 0.539062 0.462891 0.541016 0.457031 0.541016 0.455078 0.539062 0.455078 0.537109 0.453125 0.535156 0.453125 0.533203 0.455078 0.531250 0.455078 0.529297 0.457031 0.527344 0.462891 0.527344 0.464844 0.529297 0.464844 0.531250 0.466797 0.533203
0 0.480469 0.533203 0.480469 0.537109 0.476562 0.537109 0.474609 0.535156 0.478516 0.531250
0 0.373047 0.539062 0.371094 0.539062 0.369141 0.541016 0.365234 0.541016 0.363281 0.539062 0.363281 0.533203 0.365234 0.531250 0.369141 0.531250 0.371094 0.533203 0.373047 0.533203
0 0.388672 0.542969 0.386719 0.542969 0.384766 0.544922 0.380859 0.544922 0.378906 0.542969 0.378906 0.537109 0.380859 0.535156 0.384766 0.535156 0.386719 0.537109 0.388672 0.537109
0 0.792969 0.539062 0.792969 0.542969 0.789062 0.542969 0.787109 0.541016 0.791016 0.537109
0 0.779297 0.541016 0.779297 0.544922 0.775391 0.544922 0.773438 0.542969 0.777344 0.539062
0 0.029297 0.546875 0.027344 0.546875 0.025391 0.548828 0.021484 0.548828 0.019531 0.546875 0.019531 0.541016 0.021484 0.539062 0.025391 0.539062 0.027344 0.541016 0.029297 0.541016
0 0.357422 0.546875 0.355469 0.548828 0.355469 0.550781 0.353516 0.552734 0.347656 0.552734 0.345703 0.550781 0.345703 0.548828 0.343750 0.546875 0.343750 0.544922 0.345703 0.542969 0.345703 0.541016 0.347656 0.539062 0.353516 0.539062 0.355469 0.541016 0.355469 0.542969 0.357422 0.544922
0 0.474609 0.546875 0.472656 0.548828 0.472656 0.550781 0.470703 0.552734 0.464844 0.552734 0.462891 0.550781 0.462891 0.548828 0.460938 0.546875 0.460938 0.544922 0.462891 0.542969 0.462891 0.541016 0.464844 0.539062 0.470703 0.539062 0.472656 0.541016 0.472656 0.542969 0.474609 0.544922
0 0.033203 0.554688 0.031250 0.554688 0.029297 0.556641 0.025391 0.556641 0.023438 0.554688 0.023438 0.548828 0.025391 0.546875 0.029297 0.546875 0.031250 0.548828 0.033203 0.548828
0 0.789062 0.554688 0.783203 0.560547 0.777344 0.560547 0.771484 0.554688 0.771484 0.548828 0.777344 0.542969 0.783203 0.542969 0.789062 0.548828
0 0.777344 0.558594 0.777344 0.562500 0.773438 0.562500 0.771484 0.560547 0.775391 0.556641
0 0.464844 0.564453 0.458984 0.570312 0.453125 0.570312 0.447266 0.564453 0.447266 0.558594 0.453125 0.552734 0.458984 0.552734 0.464844 0.558594
0 0.855469 0.560547 0.855469 0.564453 0.851562 0.564453 0.849609 0.562500 0.853516 0.558594
0 0.513672 0.562500 0.513672 0.566406 0.509766 0.566406 0.507812 0.564453 0.511719 0.560547
0 0.916016 0.564453 0.914062 0.566406 0.914062 0.568359 0.912109 0.570312 0.906250 0.570312 0.904297 0.568359 0.904297 0.566406 0.902344 0.564453 0.902344 0.562500 0.904297 0.560547 0.904297 0.558594 0.906250 0.556641 0.912109 0.556641 0.914062 0.558594 0.914062 0.560547 0.916016 0.562500
0 0.365234 0.568359 0.359375 0.574219 0.353516 0.574219 0.347656 0.568359 0.347656 0.562500 0.353516 0.556641 0.359375 0.556641 0.365234 0.562500
0 0.865234 0.568359 0.863281 0.568359 0.861328 0.570312 0.857422 0.570312 0.855469 0.568359 0.855469 0.562500 0.857422 0.560547 0.861328 0.560547 0.863281 0.562500 0.865234 0.562500
0 0.771484 0.566406 0.771484 0.570312 0.767578 0.570312 0.765625 0.568359 0.769531 0.564453
0 0.056641 0.572266 0.054688 0.572266 0.052734 0.574219 0.048828 0.574219 0.046875 0.572266 0.046875 0.566406 0.048828 0.564453 0.052734 0.564453 0.054688 0.566406 0.056641 0.566406
0 0.792969 0.568359 0.792969 0.572266 0.789062 0.572266 0.787109 0.570312 0.791016 0.566406
0 0.435547 0.574219 0.433594 0.576172 0.433594 0.578125 0.431641 0.580078 0.425781 0.580078 0.423828 0.578125 0.423828 0.576172 0.421875 0.574219 0.421875 0.572266 0.423828 0.570312 0.423828 0.568359 0.425781 0.566406 0.431641 0.566406 0.433594 0.568359 0.433594 0.570312 0.435547 0.572266
0 0.525391 0.576172 0.523438 0.576172 0.521484 0.578125 0.517578 0.578125 0.515625 0.576172 0.515625 0.570312 0.517578 0.568359 0.521484 0.568359 0.523438 0.570312 0.525391 0.570312
0 0.847656 0.576172 0.845703 0.576172 0.843750 0.578125 0.839844 0.578125 0.837891 0.576172 0.837891 0.570312 0.839844 0.568359 0.843750 0.568359 0.845703 0.570312 0.847656 0.570312
0 0.771484 0.576172 0.771484 0.580078 0.767578 0.580078 0.765625 0.578125 0.769531 0.574219
0 0.871094 0.580078 0.869141 0.580078 0.867188 0.582031 0.863281 0.582031 0.861328 0.580078 0.861328 0.574219 0.863281 0.572266 0.867188 0.572266 0.869141 0.574219 0.871094 0.574219
0 0.072266 0.582031 0.070312 0.582031 0.068359 0.583984 0.064453 0.583984 0.062500 0.582031 0.062500 0.576172 0.064453 0.574219 0.068359 0.574219 0.070312 0.576172 0.072266 0.576172
0 0.849609 0.582031 0.847656 0.582031 0.845703 0.583984 0.841797 0.583984 0.839844 0.582031 0.839844 0.576172 0.841797 0.574219 0.845703 0.574219 0.847656 0.576172 0.849609 0.576172
0 0.908203 0.580078 0.906250 0.582031 0.906250 0.583984 0.904297 0.585938 0.898438 0.585938 0.896484 0.583984 0.896484 0.582031 0.894531 0.580078 0.894531 0.578125 0.896484 0.576172 0.896484 0.574219 0.898438 0.572266 0.904297 0.572266 0.906250 0.574219 0.906250 0.576172 0.908203 0.578125
0 0.515625 0.585938 0.513672 0.585938 0.511719 0.587891 0.507812 0.587891 0.505859 0.585938 0.505859 0.580078 0.507812 0.578125 0.511719 0.578125 0.513672 0.580078 0.515625 0.580078
0 0.779297 0.582031 0.779297 0.585938 0.775391 0.585938 0.773438 0.583984 0.777344 0.580078
0 0.787109 0.585938 0.785156 0.585938 0.783203 0.587891 0.779297 0.587891 0.777344 0.585938 0.777344 0.580078 0.779297 0.578125 0.783203 0.578125 0.785156 0.580078 0.787109 0.580078
0 0.376953 0.585938 0.375000 0.587891 0.375000 0.589844 0.373047 0.591797 0.367188 0.591797 0.365234 0.589844 0.365234 0.587891 0.363281 0.585938 0.363281 0.583984 0.365234 0.582031 0.365234 0.580078 0.367188 0.578125 0.373047 0.578125 0.375000 0.580078 0.375000 0.582031 0.376953 0.583984
0 0.455078 0.591797 0.453125 0.593750 0.453125 0.595703 0.451172 0.597656 0.445312 0.597656 0.443359 0.595703 0.443359 0.593750 0.441406 0.591797 0.441406 0.589844 0.443359 0.587891 0.443359 0.585938 0.445312 0.583984 0.451172 0.583984 0.453125 0.585938 0.453125 0.587891 0.455078 0.589844
0 0.085938 0.595703 0.083984 0.595703 0.082031 0.597656 0.078125 0.597656 0.076172 0.595703 0.076172 0.589844 0.078125 0.587891 0.082031 0.587891 0.083984 0.589844 0.085938 0.589844
0 0.873047 0.601562 0.871094 0.601562 0.869141 0.603516 0.859375 0.603516 0.853516 0.597656 0.853516 0.587891 0.855469 0.585938 0.857422 0.585938 0.857422 0.583984 0.859375 0.582031 0.869141 0.582031 0.875000 0.587891 0.875000 0.597656 0.873047 0.599609
0 0.525391 0.597656 0.523438 0.597656 0.521484 0.599609 0.517578 0.599609 0.515625 0.597656 0.515625 0.591797 0.517578 0.589844 0.521484 0.589844 0.523438 0.591797 0.525391 0.591797
0 0.937500 0.597656 0.931641 0.603516 0.925781 0.603516 0.919922 0.597656 0.919922 0.591797 0.925781 0.585938 0.931641 0.585938 0.937500 0.591797
0 0.769531 0.595703 0.769531 0.599609 0.765625 0.599609 0.763672 0.597656 0.767578 0.593750
0 0.900391 0.597656 0.898438 0.599609 0.898438 0.601562 0.896484 0.603516 0.890625 0.603516 0.888672 0.601562 0.888672 0.599609 0.886719 0.597656 0.886719 0.595703 0.888672 0.593750 0.888672 0.591797 0.890625 0.589844 0.896484 0.589844 0.898438 0.591797 0.898438 0.593750 0.900391 0.595703
0 0.929688 0.597656 0.927734 0.599609 0.927734 0.601562 0.925781 0.603516 0.919922 0.603516 0.917969 0.601562 0.917969 0.599609 0.916016 0.597656 0.916016 0.595703 0.917969 0.593750 0.917969 0.591797 0.919922 0.589844 0.925781 0.589844 0.927734 0.591797 0.927734 0.593750 0.929688 0.595703
0 0.921875 0.599609 0.919922 0.601562 0.919922 0.603516 0.917969 0.605469 0.912109 0.605469 0.910156 0.603516 0.910156 0.601562 0.908203 0.599609 0.908203 0.597656 0.910156 0.595703 0.910156 0.593750 0.912109 0.591797 0.917969 0.591797 0.919922 0.593750 0.919922 0.595703 0.921875 0.597656
0 0.380859 0.605469 0.375000 0.611328 0.369141 0.611328 0.363281 0.605469 0.363281 0.599609 0.369141 0.593750 0.375000 0.593750 0.380859 0.599609
0 0.775391 0.601562 0.775391 0.605469 0.771484 0.605469 0.769531 0.603516 0.773438 0.599609
0 0.990234 0.601562 0.990234 0.605469 0.986328 0.605469 0.984375 0.603516 0.988281 0.599609
0 0.347656 0.613281 0.345703 0.613281 0.343750 0.615234 0.333984 0.615234 0.328125 0.609375 0.328125 0.599609 0.330078 0.597656 0.332031 0.597656 0.332031 0.595703 0.333984 0.593750 0.343750 0.593750 0.349609 0.599609 0.349609 0.609375 0.347656 0.611328
0 0.427734 0.605469 0.427734 0.609375 0.423828 0.609375 0.421875 0.607422 0.425781 0.603516
0 0.517578 0.609375 0.515625 0.609375 0.513672 0.611328 0.509766 0.611328 0.507812 0.609375 0.507812 0.603516 0.509766 0.601562 0.513672 0.601562 0.515625 0.603516 0.517578 0.603516
0 0.910156 0.615234 0.908203 0.615234 0.906250 0.617188 0.896484 0.617188 0.890625 0.611328 0.890625 0.601562 0.892578 0.599609 0.894531 0.599609 0.894531 0.597656 0.896484 0.595703 0.906250 0.595703 0.912109 0.601562 0.912109 0.611328 0.910156 0.613281
0 0.464844 0.611328 0.462891 0.611328 0.460938 0.613281 0.457031 0.613281 0.455078 0.611328 0.455078 0.605469 0.457031 0.603516 0.460938 0.603516 0.462891 0.605469 0.464844 0.605469
0 0.871094 0.611328 0.869141 0.611328 0.867188 0.613281 0.863281 0.613281 0.861328 0.611328 0.861328 0.605469 0.863281 0.603516 0.867188 0.603516 0.869141 0.605469 0.871094 0.605469
0 0.371094 0.613281 0.365234 0.619141 0.359375 0.619141 0.353516 0.613281 0.353516 0.607422 0.359375 0.601562 0.365234 0.601562 0.371094 0.607422
0 0.853516 0.609375 0.853516 0.613281 0.849609 0.613281 0.847656 0.611328 0.851562 0.607422
0 0.931641 0.611328 0.931641 0.615234 0.927734 0.615234 0.925781 0.613281 0.929688 0.609375
0 0.986328 0.617188 0.984375 0.617188 0.982422 0.619141 0.978516 0.619141 0.976562 0.617188 0.976562 0.611328 0.978516 0.609375 0.982422 0.609375 0.984375 0.611328 0.986328 0.611328
0 0.861328 0.615234 0.861328 0.619141 0.857422 0.619141 0.855469 0.617188 0.859375 0.613281
0 0.328125 0.619141 0.326172 0.621094 0.326172 0.623047 0.324219 0.625000 0.318359 0.625000 0.316406 0.623047 0.316406 0.621094 0.314453 0.619141 0.314453 0.617188 0.316406 0.615234 0.316406 0.613281 0.318359 0.611328 0.324219 0.611328 0.326172 0.613281 0.326172 0.615234 0.328125 0.617188
0 0.394531 0.621094 0.392578 0.621094 0.390625 0.623047 0.386719 0.623047 0.384766 0.621094 0.384766 0.615234 0.386719 0.613281 0.390625 0.613281 0.392578 0.615234 0.394531 0.615234
0 0.091797 0.621094 0.089844 0.623047 0.089844 0.625000 0.087891 0.626953 0.082031 0.626953 0.080078 0.625000 0.080078 0.623047 0.078125 0.621094 0.078125 0.619141 0.080078 0.617188 0.080078 0.615234 0.082031 0.613281 0.087891 0.613281 0.089844 0.615234 0.089844 0.617188 0.091797 0.619141
0 0.406250 0.619141 0.406250 0.623047 0.402344 0.623047 0.400391 0.621094 0.404297 0.617188
0 0.529297 0.619141 0.529297 0.623047 0.525391 0.623047 0.523438 0.621094 0.527344 0.617188
0 0.888672 0.621094 0.886719 0.623047 0.886719 0.625000 0.884766 0.626953 0.878906 0.626953 0.876953 0.625000 0.876953 0.623047 0.875000 0.621094 0.875000 0.619141 0.876953 0.617188 0.876953 0.615234 0.878906 0.613281 0.884766 0.613281 0.886719 0.615234 0.886719 0.617188 0.888672 0.619141
0 0.337891 0.621094 0.337891 0.625000 0.333984 0.625000 0.332031 0.623047 0.335938 0.619141
0 0.998047 0.619141 0.998047 0.625000 0.996094 0.625000 0.994141 0.623047
0 0.519531 0.626953 0.517578 0.626953 0.515625 0.628906 0.511719 0.628906 0.509766 0.626953 0.509766 0.621094 0.511719 0.619141 0.515625 0.619141 0.517578 0.621094 0.519531 0.621094
0 0.494141 0.626953 0.494141 0.630859 0.490234 0.630859 0.488281 0.628906 0.492188 0.625000
0 0.347656 0.632812 0.345703 0.634766 0.345703 0.636719 0.343750 0.638672 0.337891 0.638672 0.335938 0.636719 0.335938 0.634766 0.333984 0.632812 0.333984 0.630859 0.335938 0.628906 0.335938 0.626953 0.337891 0.625000 0.343750 0.625000 0.345703 0.626953 0.345703 0.628906 0.347656 0.630859
0 0.322266 0.642578 0.320312 0.642578 0.318359 0.644531 0.308594 0.644531 0.302734 0.638672 0.302734 0.628906 0.304688 0.626953 0.306641 0.626953 0.306641 0.625000 0.308594 0.623047 0.318359 0.623047 0.324219 0.628906 0.324219 0.638672 0.322266 0.640625
0 0.492188 0.632812 0.492188 0.636719 0.488281 0.636719 0.486328 0.634766 0.490234 0.630859
0 0.519531 0.642578 0.517578 0.642578 0.515625 0.644531 0.505859 0.644531 0.500000 0.638672 0.500000 0.628906 0.501953 0.626953 0.503906 0.626953 0.503906 0.625000 0.505859 0.623047 0.515625 0.623047 0.521484 0.628906 0.521484 0.638672 0.519531 0.640625
0 0.894531 0.632812 0.894531 0.636719 0.890625 0.636719 0.888672 0.634766 0.892578 0.630859
0 0.375000 0.644531 0.373047 0.644531 0.371094 0.646484 0.361328 0.646484 0.355469 0.640625 0.355469 0.630859 0.357422 0.628906 0.359375 0.628906 0.359375 0.626953 0.361328 0.625000 0.371094 0.625000 0.376953 0.630859 0.376953 0.640625 0.375000 0.642578
0 0.384766 0.638672 0.382812 0.638672 0.380859 0.640625 0.376953 0.640625 0.375000 0.638672 0.375000 0.632812 0.376953 0.630859 0.380859 0.630859 0.382812 0.632812 0.384766 0.632812
0 0.419922 0.634766 0.419922 0.638672 0.416016 0.638672 0.414062 0.636719 0.417969 0.632812
0 0.357422 0.636719 0.357422 0.640625 0.353516 0.640625 0.351562 0.638672 0.355469 0.634766
0 0.412109 0.640625 0.410156 0.640625 0.408203 0.642578 0.404297 0.642578 0.402344 0.640625 0.402344 0.634766 0.404297 0.632812 0.408203 0.632812 0.410156 0.634766 0.412109 0.634766
0 0.457031 0.636719 0.457031 0.640625 0.453125 0.640625 0.451172 0.638672 0.455078 0.634766
0 0.201172 0.648438 0.199219 0.648438 0.197266 0.650391 0.187500 0.650391 0.181641 0.644531 0.181641 0.634766 0.183594 0.632812 0.185547 0.632812 0.185547 0.630859 0.187500 0.628906 0.197266 0.628906 0.203125 0.634766 0.203125 0.644531 0.201172 0.646484
0 0.736328 0.642578 0.734375 0.642578 0.732422 0.644531 0.728516 0.644531 0.726562 0.642578 0.726562 0.636719 0.728516 0.634766 0.732422 0.634766 0.734375 0.636719 0.736328 0.636719
0 0.429688 0.644531 0.427734 0.644531 0.425781 0.646484 0.421875 0.646484 0.419922 0.644531 0.419922 0.638672 0.421875 0.636719 0.425781 0.636719 0.427734 0.638672 0.429688 0.638672
0 0.740234 0.644531 0.740234 0.648438 0.736328 0.648438 0.734375 0.646484 0.738281 0.642578
0 0.179688 0.656250 0.177734 0.656250 0.175781 0.658203 0.166016 0.658203 0.160156 0.652344 0.160156 0.642578 0.162109 0.640625 0.164062 0.640625 0.164062 0.638672 0.166016 0.636719 0.175781 0.636719 0.181641 0.642578 0.181641 0.652344 0.179688 0.654297
0 0.408203 0.650391 0.406250 0.650391 0.404297 0.652344 0.400391 0.652344 0.398438 0.650391 0.398438 0.644531 0.400391 0.642578 0.404297 0.642578 0.406250 0.644531 0.408203 0.644531
0 0.509766 0.646484 0.509766 0.650391 0.505859 0.650391 0.503906 0.648438 0.507812 0.644531
0 0.892578 0.648438 0.890625 0.650391 0.890625 0.652344 0.888672 0.654297 0.882812 0.654297 0.880859 0.652344 0.880859 0.650391 0.878906 0.648438 0.878906 0.646484 0.880859 0.644531 0.880859 0.642578 0.882812 0.640625 0.888672 0.640625 0.890625 0.642578 0.890625 0.644531 0.892578 0.646484
0 0.451172 0.652344 0.449219 0.652344 0.447266 0.654297 0.443359 0.654297 0.441406 0.652344 0.441406 0.646484 0.443359 0.644531 0.447266 0.644531 0.449219 0.646484 0.451172 0.646484
0 0.726562 0.652344 0.724609 0.652344 0.722656 0.654297 0.718750 0.654297 0.716797 0.652344 0.716797 0.646484 0.718750 0.644531 0.722656 0.644531 0.724609 0.646484 0.726562 0.646484
0 0.935547 0.654297 0.933594 0.654297 0.931641 0.656250 0.927734 0.656250 0.925781 0.654297 0.925781 0.648438 0.927734 0.646484 0.931641 0.646484 0.933594 0.648438 0.935547 0.648438
0 0.738281 0.654297 0.738281 0.658203 0.734375 0.658203 0.732422 0.656250 0.736328 0.652344
0 0.886719 0.654297 0.886719 0.658203 0.882812 0.658203 0.880859 0.656250 0.884766 0.652344
0 0.962891 0.658203 0.960938 0.658203 0.958984 0.660156 0.955078 0.660156 0.953125 0.658203 0.953125 0.652344 0.955078 0.650391 0.958984 0.650391 0.960938 0.652344 0.962891 0.652344
0 0.732422 0.656250 0.732422 0.660156 0.728516 0.660156 0.726562 0.658203 0.730469 0.654297
0 0.859375 0.656250 0.859375 0.660156 0.855469 0.660156 0.853516 0.658203 0.857422 0.654297
0 0.896484 0.656250 0.896484 0.660156 0.892578 0.660156 0.890625 0.658203 0.894531 0.654297
0 0.439453 0.662109 0.437500 0.662109 0.435547 0.664062 0.431641 0.664062 0.429688 0.662109 0.429688 0.656250 0.431641 0.654297 0.435547 0.654297 0.437500 0.656250 0.439453 0.656250
0 0.515625 0.658203 0.515625 0.662109 0.511719 0.662109 0.509766 0.660156 0.513672 0.656250
0 0.083984 0.664062 0.082031 0.664062 0.080078 0.666016 0.076172 0.666016 0.074219 0.664062 0.074219 0.658203 0.076172 0.656250 0.080078 0.656250 0.082031 0.658203 0.083984 0.658203
0 0.359375 0.669922 0.357422 0.669922 0.355469 0.671875 0.345703 0.671875 0.339844 0.666016 0.339844 0.656250 0.341797 0.654297 0.343750 0.654297 0.343750 0.652344 0.345703 0.650391 0.355469 0.650391 0.361328 0.656250 0.361328 0.666016 0.359375 0.667969
0 0.458984 0.666016 0.457031 0.666016 0.455078 0.667969 0.451172 0.667969 0.449219 0.666016 0.449219 0.660156 0.451172 0.658203 0.455078 0.658203 0.457031 0.660156 0.458984 0.660156
0 0.478516 0.666016 0.476562 0.666016 0.474609 0.667969 0.470703 0.667969 0.468750 0.666016 0.468750 0.660156 0.470703 0.658203 0.474609 0.658203 0.476562 0.660156 0.478516 0.660156
0 0.970703 0.666016 0.968750 0.666016 0.966797 0.667969 0.962891 0.667969 0.960938 0.666016 0.960938 0.660156 0.962891 0.658203 0.966797 0.658203 0.968750 0.660156 0.970703 0.660156
0 0.419922 0.666016 0.417969 0.667969 0.417969 0.669922 0.416016 0.671875 0.410156 0.671875 0.408203 0.669922 0.408203 0.667969 0.406250 0.666016 0.406250 0.664062 0.408203 0.662109 0.408203 0.660156 0.410156 0.658203 0.416016 0.658203 0.417969 0.660156 0.417969 0.662109 0.419922 0.664062
0 0.892578 0.664062 0.892578 0.667969 0.888672 0.667969 0.886719 0.666016 0.890625 0.662109
0 0.382812 0.669922 0.380859 0.669922 0.378906 0.671875 0.375000 0.671875 0.373047 0.669922 0.373047 0.664062 0.375000 0.662109 0.378906 0.662109 0.380859 0.664062 0.382812 0.664062
0 0.443359 0.669922 0.437500 0.675781 0.431641 0.675781 0.425781 0.669922 0.425781 0.664062 0.431641 0.658203 0.437500 0.658203 0.443359 0.664062
0 0.501953 0.667969 0.500000 0.669922 0.500000 0.671875 0.498047 0.673828 0.492188 0.673828 0.490234 0.671875 0.490234 0.669922 0.488281 0.667969 0.488281 0.666016 0.490234 0.664062 0.490234 0.662109 0.492188 0.660156 0.498047 0.660156 0.500000 0.662109 0.500000 0.664062 0.501953 0.666016
0 0.843750 0.666016 0.843750 0.669922 0.839844 0.669922 0.837891 0.667969 0.841797 0.664062
0 0.144531 0.671875 0.142578 0.673828 0.142578 0.675781 0.140625 0.677734 0.134766 0.677734 0.132812 0.675781 0.132812 0.673828 0.130859 0.671875 0.130859 0.669922 0.132812 0.667969 0.132812 0.666016 0.134766 0.664062 0.140625 0.664062 0.142578 0.666016 0.142578 0.667969 0.144531 0.669922
0 0.429688 0.671875 0.427734 0.673828 0.427734 0.675781 0.425781 0.677734 0.419922 0.677734 0.417969 0.675781 0.417969 0.673828 0.416016 0.671875 0.416016 0.669922 0.417969 0.667969 0.417969 0.666016 0.419922 0.664062 0.425781 0.664062 0.427734 0.666016 0.427734 0.667969 0.429688 0.669922
0 0.859375 0.669922 0.859375 0.673828 0.855469 0.673828 0.853516 0.671875 0.857422 0.667969
0 0.917969 0.673828 0.916016 0.673828 0.914062 0.675781 0.910156 0.675781 0.908203 0.673828 0.908203 0.667969 0.910156 0.666016 0.914062 0.666016 0.916016 0.667969 0.917969 0.667969
0 0.949219 0.671875 0.947266 0.673828 0.947266 0.675781 0.945312 0.677734 0.939453 0.677734 0.937500 0.675781 0.937500 0.673828 0.935547 0.671875 0.935547 0.669922 0.937500 0.667969 0.937500 0.666016 0.939453 0.664062 0.945312 0.664062 0.947266 0.666016 0.947266 0.667969 0.949219 0.669922
0 0.984375 0.673828 0.982422 0.673828 0.980469 0.675781 0.976562 0.675781 0.974609 0.673828 0.974609 0.667969 0.976562 0.666016 0.980469 0.666016 0.982422 0.667969 0.984375 0.667969
0 0.988281 0.671875 0.988281 0.675781 0.984375 0.675781 0.982422 0.673828 0.986328 0.669922
0 0.091797 0.677734 0.089844 0.677734 0.087891 0.679688 0.083984 0.679688 0.082031 0.677734 0.082031 0.671875 0.083984 0.669922 0.087891 0.669922 0.089844 0.671875 0.091797 0.671875
0 0.134766 0.675781 0.132812 0.677734 0.132812 0.679688 0.130859 0.681641 0.125000 0.681641 0.123047 0.679688 0.123047 0.677734 0.121094 0.675781 0.121094 0.673828 0.123047 0.671875 0.123047 0.669922 0.125000 0.667969 0.130859 0.667969 0.132812 0.669922 0.132812 0.671875 0.134766 0.673828
0 0.771484 0.673828 0.771484 0.677734 0.767578 0.677734 0.765625 0.675781 0.769531 0.671875
0 0.941406 0.677734 0.939453 0.677734 0.937500 0.679688 0.933594 0.679688 0.931641 0.677734 0.931641 0.671875 0.933594 0.669922 0.937500 0.669922 0.939453 0.671875 0.941406 0.671875
0 0.962891 0.677734 0.960938 0.677734 0.958984 0.679688 0.955078 0.679688 0.953125 0.677734 0.953125 0.671875 0.955078 0.669922 0.958984 0.669922 0.960938 0.671875 0.962891 0.671875
0 0.482422 0.679688 0.480469 0.679688 0.478516 0.681641 0.474609 0.681641 0.472656 0.679688 0.472656 0.673828 0.474609 0.671875 0.478516 0.671875 0.480469 0.673828 0.482422 0.673828
0 0.228516 0.679688 0.226562 0.681641 0.226562 0.683594 0.224609 0.685547 0.218750 0.685547 0.216797 0.683594 0.216797 0.681641 0.214844 0.679688 0.214844 0.677734 0.216797 0.675781 0.216797 0.673828 0.218750 0.671875 0.224609 0.671875 0.226562 0.673828 0.226562 0.675781 0.228516 0.677734
0 0.468750 0.681641 0.466797 0.681641 0.464844 0.683594 0.460938 0.683594 0.458984 0.681641 0.458984 0.675781 0.460938 0.673828 0.464844 0.673828 0.466797 0.675781 0.468750 0.675781
0 0.902344 0.681641 0.900391 0.681641 0.898438 0.683594 0.894531 0.683594 0.892578 0.681641 0.892578 0.675781 0.894531 0.673828 0.898438 0.673828 0.900391 0.675781 0.902344 0.675781
0 0.767578 0.679688 0.767578 0.683594 0.763672 0.683594 0.761719 0.681641 0.765625 0.677734
0 0.779297 0.681641 0.779297 0.685547 0.775391 0.685547 0.773438 0.683594 0.777344 0.679688
0 0.906250 0.683594 0.906250 0.687500 0.902344 0.687500 0.900391 0.685547 0.904297 0.681641
0 0.488281 0.695312 0.486328 0.695312 0.484375 0.697266 0.474609 0.697266 0.468750 0.691406 0.468750 0.681641 0.470703 0.679688 0.472656 0.679688 0.472656 0.677734 0.474609 0.675781 0.484375 0.675781 0.490234 0.681641 0.490234 0.691406 0.488281 0.693359
0 0.427734 0.689453 0.425781 0.691406 0.425781 0.693359 0.423828 0.695312 0.417969 0.695312 0.416016 0.693359 0.416016 0.691406 0.414062 0.689453 0.414062 0.687500 0.416016 0.685547 0.416016 0.683594 0.417969 0.681641 0.423828 0.681641 0.425781 0.683594 0.425781 0.685547 0.427734 0.687500
0 0.498047 0.687500 0.498047 0.691406 0.494141 0.691406 0.492188 0.689453 0.496094 0.685547
0 0.826172 0.693359 0.824219 0.693359 0.822266 0.695312 0.818359 0.695312 0.816406 0.693359 0.816406 0.687500 0.818359 0.685547 0.822266 0.685547 0.824219 0.687500 0.826172 0.687500
0 0.439453 0.693359 0.437500 0.695312 0.437500 0.697266 0.435547 0.699219 0.429688 0.699219 0.427734 0.697266 0.427734 0.695312 0.425781 0.693359 0.425781 0.691406 0.427734 0.689453 0.427734 0.687500 0.429688 0.685547 0.435547 0.685547 0.437500 0.687500 0.437500 0.689453 0.439453 0.691406
0 0.832031 0.699219 0.830078 0.699219 0.828125 0.701172 0.824219 0.701172 0.822266 0.699219 0.822266 0.693359 0.824219 0.691406 0.828125 0.691406 0.830078 0.693359 0.832031 0.693359
0 0.935547 0.695312 0.935547 0.699219 0.931641 0.699219 0.929688 0.697266 0.933594 0.693359
0 0.978516 0.695312 0.978516 0.699219 0.974609 0.699219 0.972656 0.697266 0.976562 0.693359
0 0.998047 0.701172 0.994141 0.701172 0.992188 0.699219 0.992188 0.693359 0.994141 0.691406 0.998047 0.691406
0 0.466797 0.701172 0.464844 0.701172 0.462891 0.703125 0.458984 0.703125 0.457031 0.701172 0.457031 0.695312 0.458984 0.693359 0.462891 0.693359 0.464844 0.695312 0.466797 0.695312
0 0.480469 0.697266 0.480469 0.701172 0.476562 0.701172 0.474609 0.699219 0.478516 0.695312
0 0.800781 0.705078 0.798828 0.705078 0.796875 0.707031 0.792969 0.707031 0.791016 0.705078 0.791016 0.699219 0.792969 0.697266 0.796875 0.697266 0.798828 0.699219 0.800781 0.699219
0 0.941406 0.703125 0.941406 0.707031 0.937500 0.707031 0.935547 0.705078 0.939453 0.701172
0 0.638672 0.708984 0.636719 0.708984 0.634766 0.710938 0.630859 0.710938 0.628906 0.708984 0.628906 0.703125 0.630859 0.701172 0.634766 0.701172 0.636719 0.703125 0.638672 0.703125
0 0.648438 0.708984 0.646484 0.708984 0.644531 0.710938 0.640625 0.710938 0.638672 0.708984 0.638672 0.703125 0.640625 0.701172 0.644531 0.701172 0.646484 0.703125 0.648438 0.703125
0 0.978516 0.707031 0.978516 0.710938 0.974609 0.710938 0.972656 0.708984 0.976562 0.705078
0 0.632812 0.712891 0.630859 0.712891 0.628906 0.714844 0.625000 0.714844 0.623047 0.712891 0.623047 0.707031 0.625000 0.705078 0.628906 0.705078 0.630859 0.707031 0.632812 0.707031
0 0.835938 0.714844 0.833984 0.714844 0.832031 0.716797 0.828125 0.716797 0.826172 0.714844 0.826172 0.708984 0.828125 0.707031 0.832031 0.707031 0.833984 0.708984 0.835938 0.708984
0 0.259766 0.720703 0.257812 0.722656 0.257812 0.724609 0.255859 0.726562 0.250000 0.726562 0.248047 0.724609 0.248047 0.722656 0.246094 0.720703 0.246094 0.718750 0.248047 0.716797 0.248047 0.714844 0.250000 0.712891 0.255859 0.712891 0.257812 0.714844 0.257812 0.716797 0.259766 0.718750
0 0.554688 0.718750 0.554688 0.722656 0.550781 0.722656 0.548828 0.720703 0.552734 0.716797
0 0.812500 0.722656 0.810547 0.722656 0.808594 0.724609 0.804688 0.724609 0.802734 0.722656 0.802734 0.716797 0.804688 0.714844 0.808594 0.714844 0.810547 0.716797 0.812500 0.716797
0 0.564453 0.720703 0.564453 0.724609 0.560547 0.724609 0.558594 0.722656 0.562500 0.718750
0 0.462891 0.724609 0.460938 0.726562 0.460938 0.728516 0.458984 0.730469 0.453125 0.730469 0.451172 0.728516 0.451172 0.726562 0.449219 0.724609 0.449219 0.722656 0.451172 0.720703 0.451172 0.718750 0.453125 0.716797 0.458984 0.716797 0.460938 0.718750 0.460938 0.720703 0.462891 0.722656
0 0.642578 0.730469 0.640625 0.730469 0.638672 0.732422 0.634766 0.732422 0.632812 0.730469 0.632812 0.724609 0.634766 0.722656 0.638672 0.722656 0.640625 0.724609 0.642578 0.724609
0 0.902344 0.734375 0.900391 0.734375 0.898438 0.736328 0.894531 0.736328 0.892578 0.734375 0.892578 0.728516 0.894531 0.726562 0.898438 0.726562 0.900391 0.728516 0.902344 0.728516
0 0.882812 0.736328 0.880859 0.736328 0.878906 0.738281 0.875000 0.738281 0.873047 0.736328 0.873047 0.730469 0.875000 0.728516 0.878906 0.728516 0.880859 0.730469 0.882812 0.730469
0 0.263672 0.736328 0.261719 0.738281 0.261719 0.740234 0.259766 0.742188 0.253906 0.742188 0.251953 0.740234 0.251953 0.738281 0.250000 0.736328 0.250000 0.734375 0.251953 0.732422 0.251953 0.730469 0.253906 0.728516 0.259766 0.728516 0.261719 0.730469 0.261719 0.732422 0.263672 0.734375
0 0.798828 0.738281 0.796875 0.738281 0.794922 0.740234 0.791016 0.740234 0.789062 0.738281 0.789062 0.732422 0.791016 0.730469 0.794922 0.730469 0.796875 0.732422 0.798828 0.732422
0 0.906250 0.740234 0.904297 0.740234 0.902344 0.742188 0.898438 0.742188 0.896484 0.740234 0.896484 0.734375 0.898438 0.732422 0.902344 0.732422 0.904297 0.734375 0.906250 0.734375
0 0.878906 0.742188 0.876953 0.742188 0.875000 0.744141 0.871094 0.744141 0.869141 0.742188 0.869141 0.736328 0.871094 0.734375 0.875000 0.734375 0.876953 0.736328 0.878906 0.736328
0 0.771484 0.746094 0.769531 0.746094 0.767578 0.748047 0.763672 0.748047 0.761719 0.746094 0.761719 0.740234 0.763672 0.738281 0.767578 0.738281 0.769531 0.740234 0.771484 0.740234
0 0.824219 0.753906 0.822266 0.753906 0.820312 0.755859 0.810547 0.755859 0.804688 0.750000 0.804688 0.740234 0.806641 0.738281 0.808594 0.738281 0.808594 0.736328 0.810547 0.734375 0.820312 0.734375 0.826172 0.740234 0.826172 0.750000 0.824219 0.751953
0 0.488281 0.750000 0.488281 0.753906 0.484375 0.753906 0.482422 0.751953 0.486328 0.748047
0 0.498047 0.751953 0.498047 0.755859 0.494141 0.755859 0.492188 0.753906 0.496094 0.750000
0 0.685547 0.755859 0.683594 0.755859 0.681641 0.757812 0.677734 0.757812 0.675781 0.755859 0.675781 0.750000 0.677734 0.748047 0.681641 0.748047 0.683594 0.750000 0.685547 0.750000
0 0.800781 0.757812 0.794922 0.763672 0.789062 0.763672 0.783203 0.757812 0.783203 0.751953 0.789062 0.746094 0.794922 0.746094 0.800781 0.751953
0 0.666016 0.759766 0.664062 0.759766 0.662109 0.761719 0.658203 0.761719 0.656250 0.759766 0.656250 0.753906 0.658203 0.751953 0.662109 0.751953 0.664062 0.753906 0.666016 0.753906
0 0.896484 0.761719 0.894531 0.761719 0.892578 0.763672 0.888672 0.763672 0.886719 0.761719 0.886719 0.755859 0.888672 0.753906 0.892578 0.753906 0.894531 0.755859 0.896484 0.755859
0 0.490234 0.767578 0.488281 0.767578 0.486328 0.769531 0.482422 0.769531 0.480469 0.767578 0.480469 0.761719 0.482422 0.759766 0.486328 0.759766 0.488281 0.761719 0.490234 0.761719
0 0.785156 0.775391 0.783203 0.775391 0.781250 0.777344 0.771484 0.777344 0.765625 0.771484 0.765625 0.761719 0.767578 0.759766 0.769531 0.759766 0.769531 0.757812 0.771484 0.755859 0.781250 0.755859 0.787109 0.761719 0.787109 0.771484 0.785156 0.773438
0 0.242188 0.777344 0.240234 0.777344 0.238281 0.779297 0.228516 0.779297 0.222656 0.773438 0.222656 0.763672 0.224609 0.761719 0.226562 0.761719 0.226562 0.759766 0.228516 0.757812 0.238281 0.757812 0.244141 0.763672 0.244141 0.773438 0.242188 0.775391
0 0.632812 0.767578 0.632812 0.771484 0.628906 0.771484 0.626953 0.769531 0.630859 0.765625
0 0.474609 0.771484 0.472656 0.773438 0.472656 0.775391 0.470703 0.777344 0.464844 0.777344 0.462891 0.775391 0.462891 0.773438 0.460938 0.771484 0.460938 0.769531 0.462891 0.767578 0.462891 0.765625 0.464844 0.763672 0.470703 0.763672 0.472656 0.765625 0.472656 0.767578 0.474609 0.769531
0 0.501953 0.773438 0.496094 0.779297 0.490234 0.779297 0.484375 0.773438 0.484375 0.767578 0.490234 0.761719 0.496094 0.761719 0.501953 0.767578
0 0.681641 0.779297 0.679688 0.779297 0.677734 0.781250 0.667969 0.781250 0.662109 0.775391 0.662109 0.765625 0.664062 0.763672 0.666016 0.763672 0.666016 0.761719 0.667969 0.759766 0.677734 0.759766 0.683594 0.765625 0.683594 0.775391 0.681641 0.777344
0 0.755859 0.773438 0.753906 0.773438 0.751953 0.775391 0.748047 0.775391 0.746094 0.773438 0.746094 0.767578 0.748047 0.765625 0.751953 0.765625 0.753906 0.767578 0.755859 0.767578
0 0.509766 0.773438 0.509766 0.777344 0.505859 0.777344 0.503906 0.775391 0.507812 0.771484
0 0.625000 0.773438 0.625000 0.777344 0.621094 0.777344 0.619141 0.775391 0.623047 0.771484
0 0.818359 0.777344 0.812500 0.783203 0.806641 0.783203 0.800781 0.777344 0.800781 0.771484 0.806641 0.765625 0.812500 0.765625 0.818359 0.771484
0 0.501953 0.777344 0.501953 0.781250 0.498047 0.781250 0.496094 0.779297 0.500000 0.775391
0 0.630859 0.777344 0.630859 0.781250 0.626953 0.781250 0.625000 0.779297 0.628906 0.775391
0 0.482422 0.783203 0.480469 0.783203 0.478516 0.785156 0.474609 0.785156 0.472656 0.783203 0.472656 0.777344 0.474609 0.775391 0.478516 0.775391 0.480469 0.777344 0.482422 0.777344
0 0.515625 0.779297 0.515625 0.783203 0.511719 0.783203 0.509766 0.781250 0.513672 0.777344
0 0.794922 0.779297 0.794922 0.783203 0.791016 0.783203 0.789062 0.781250 0.792969 0.777344
0 0.189453 0.785156 0.183594 0.791016 0.177734 0.791016 0.171875 0.785156 0.171875 0.779297 0.177734 0.773438 0.183594 0.773438 0.189453 0.779297
0 0.660156 0.783203 0.658203 0.785156 0.658203 0.787109 0.656250 0.789062 0.650391 0.789062 0.648438 0.787109 0.648438 0.785156 0.646484 0.783203 0.646484 0.781250 0.648438 0.779297 0.648438 0.777344 0.650391 0.775391 0.656250 0.775391 0.658203 0.777344 0.658203 0.779297 0.660156 0.781250
0 0.775391 0.785156 0.773438 0.785156 0.771484 0.787109 0.767578 0.787109 0.765625 0.785156 0.765625 0.779297 0.767578 0.777344 0.771484 0.777344 0.773438 0.779297 0.775391 0.779297
0 0.503906 0.783203 0.503906 0.787109 0.500000 0.787109 0.498047 0.785156 0.501953 0.781250
0 0.498047 0.787109 0.498047 0.791016 0.494141 0.791016 0.492188 0.789062 0.496094 0.785156
0 0.759766 0.791016 0.757812 0.791016 0.755859 0.792969 0.751953 0.792969 0.750000 0.791016 0.750000 0.785156 0.751953 0.783203 0.755859 0.783203 0.757812 0.785156 0.759766 0.785156
0 0.291016 0.791016 0.289062 0.792969 0.289062 0.794922 0.287109 0.796875 0.281250 0.796875 0.279297 0.794922 0.279297 0.792969 0.277344 0.791016 0.277344 0.789062 0.279297 0.787109 0.279297 0.785156 0.281250 0.783203 0.287109 0.783203 0.289062 0.785156 0.289062 0.787109 0.291016 0.789062
0 0.394531 0.798828 0.392578 0.798828 0.390625 0.800781 0.386719 0.800781 0.384766 0.798828 0.384766 0.792969 0.386719 0.791016 0.390625 0.791016 0.392578 0.792969 0.394531 0.792969
0 0.695312 0.800781 0.689453 0.806641 0.683594 0.806641 0.677734 0.800781 0.677734 0.794922 0.683594 0.789062 0.689453 0.789062 0.695312 0.794922
0 0.347656 0.802734 0.345703 0.802734 0.343750 0.804688 0.339844 0.804688 0.337891 0.802734 0.337891 0.796875 0.339844 0.794922 0.343750 0.794922 0.345703 0.796875 0.347656 0.796875
0 0.484375 0.808594 0.482422 0.808594 0.480469 0.810547 0.470703 0.810547 0.464844 0.804688 0.464844 0.794922 0.466797 0.792969 0.468750 0.792969 0.468750 0.791016 0.470703 0.789062 0.480469 0.789062 0.486328 0.794922 0.486328 0.804688 0.484375 0.806641
0 0.630859 0.798828 0.630859 0.802734 0.626953 0.802734 0.625000 0.800781 0.628906 0.796875
0 0.656250 0.810547 0.654297 0.810547 0.652344 0.812500 0.642578 0.812500 0.636719 0.806641 0.636719 0.796875 0.638672 0.794922 0.640625 0.794922 0.640625 0.792969 0.642578 0.791016 0.652344 0.791016 0.658203 0.796875 0.658203 0.806641 0.656250 0.808594
0 0.621094 0.806641 0.619141 0.806641 0.617188 0.808594 0.613281 0.808594 0.611328 0.806641 0.611328 0.800781 0.613281 0.798828 0.617188 0.798828 0.619141 0.800781 0.621094 0.800781
0 0.732422 0.806641 0.730469 0.808594 0.730469 0.810547 0.728516 0.812500 0.722656 0.812500 0.720703 0.810547 0.720703 0.808594 0.718750 0.806641 0.718750 0.804688 0.720703 0.802734 0.720703 0.800781 0.722656 0.798828 0.728516 0.798828 0.730469 0.800781 0.730469 0.802734 0.732422 0.804688
0 0.861328 0.814453 0.859375 0.814453 0.857422 0.816406 0.847656 0.816406 0.841797 0.810547 0.841797 0.800781 0.843750 0.798828 0.845703 0.798828 0.845703 0.796875 0.847656 0.794922 0.857422 0.794922 0.863281 0.800781 0.863281 0.810547 0.861328 0.812500
0 0.402344 0.810547 0.400391 0.810547 0.398438 0.812500 0.394531 0.812500 0.392578 0.810547 0.392578 0.804688 0.394531 0.802734 0.398438 0.802734 0.400391 0.804688 0.402344 0.804688
0 0.693359 0.816406 0.691406 0.816406 0.689453 0.818359 0.679688 0.818359 0.673828 0.812500 0.673828 0.802734 0.675781 0.800781 0.677734 0.800781 0.677734 0.798828 0.679688 0.796875 0.689453 0.796875 0.695312 0.802734 0.695312 0.812500 0.693359 0.814453
0 0.878906 0.808594 0.878906 0.812500 0.875000 0.812500 0.873047 0.810547 0.876953 0.806641
0 0.884766 0.808594 0.884766 0.812500 0.880859 0.812500 0.878906 0.810547 0.882812 0.806641
0 0.146484 0.816406 0.144531 0.818359 0.144531 0.820312 0.142578 0.822266 0.136719 0.822266 0.134766 0.820312 0.134766 0.818359 0.132812 0.816406 0.132812 0.814453 0.134766 0.812500 0.134766 0.810547 0.136719 0.808594 0.142578 0.808594 0.144531 0.810547 0.144531 0.812500 0.146484 0.814453
0 0.371094 0.816406 0.369141 0.818359 0.369141 0.820312 0.367188 0.822266 0.361328 0.822266 0.359375 0.820312 0.359375 0.818359 0.357422 0.816406 0.357422 0.814453 0.359375 0.812500 0.359375 0.810547 0.361328 0.808594 0.367188 0.808594 0.369141 0.810547 0.369141 0.812500 0.371094 0.814453
0 0.460938 0.816406 0.458984 0.818359 0.458984 0.820312 0.457031 0.822266 0.451172 0.822266 0.449219 0.820312 0.449219 0.818359 0.447266 0.816406 0.447266 0.814453 0.449219 0.812500 0.449219 0.810547 0.451172 0.808594 0.457031 0.808594 0.458984 0.810547 0.458984 0.812500 0.460938 0.814453
0 0.246094 0.826172 0.244141 0.826172 0.242188 0.828125 0.232422 0.828125 0.226562 0.822266 0.226562 0.812500 0.228516 0.810547 0.230469 0.810547 0.230469 0.808594 0.232422 0.806641 0.242188 0.806641 0.248047 0.812500 0.248047 0.822266 0.246094 0.824219
0 0.675781 0.818359 0.673828 0.820312 0.673828 0.822266 0.671875 0.824219 0.666016 0.824219 0.664062 0.822266 0.664062 0.820312 0.662109 0.818359 0.662109 0.816406 0.664062 0.814453 0.664062 0.812500 0.666016 0.810547 0.671875 0.810547 0.673828 0.812500 0.673828 0.814453 0.675781 0.816406
0 0.640625 0.820312 0.638672 0.822266 0.638672 0.824219 0.636719 0.826172 0.630859 0.826172 0.628906 0.824219 0.628906 0.822266 0.626953 0.820312 0.626953 0.818359 0.628906 0.816406 0.628906 0.814453 0.630859 0.812500 0.636719 0.812500 0.638672 0.814453 0.638672 0.816406 0.640625 0.818359
0 0.763672 0.818359 0.763672 0.822266 0.759766 0.822266 0.757812 0.820312 0.761719 0.816406
0 0.777344 0.818359 0.777344 0.822266 0.773438 0.822266 0.771484 0.820312 0.775391 0.816406
0 0.914062 0.818359 0.914062 0.822266 0.910156 0.822266 0.908203 0.820312 0.912109 0.816406
0 0.925781 0.818359 0.925781 0.822266 0.921875 0.822266 0.919922 0.820312 0.923828 0.816406
0 0.486328 0.822266 0.486328 0.826172 0.482422 0.826172 0.480469 0.824219 0.484375 0.820312
0 0.705078 0.824219 0.703125 0.826172 0.703125 0.828125 0.701172 0.830078 0.695312 0.830078 0.693359 0.828125 0.693359 0.826172 0.691406 0.824219 0.691406 0.822266 0.693359 0.820312 0.693359 0.818359 0.695312 0.816406 0.701172 0.816406 0.703125 0.818359 0.703125 0.820312 0.705078 0.822266
0 0.628906 0.828125 0.623047 0.833984 0.617188 0.833984 0.611328 0.828125 0.611328 0.822266 0.617188 0.816406 0.623047 0.816406 0.628906 0.822266
0 0.767578 0.824219 0.767578 0.828125 0.763672 0.828125 0.761719 0.826172 0.765625 0.822266
0 0.320312 0.826172 0.320312 0.830078 0.316406 0.830078 0.314453 0.828125 0.318359 0.824219
0 0.437500 0.830078 0.435547 0.830078 0.433594 0.832031 0.429688 0.832031 0.427734 0.830078 0.427734 0.824219 0.429688 0.822266 0.433594 0.822266 0.435547 0.824219 0.437500 0.824219
0 0.726562 0.830078 0.724609 0.832031 0.724609 0.833984 0.722656 0.835938 0.716797 0.835938 0.714844 0.833984 0.714844 0.832031 0.712891 0.830078 0.712891 0.828125 0.714844 0.826172 0.714844 0.824219 0.716797 0.822266 0.722656 0.822266 0.724609 0.824219 0.724609 0.826172 0.726562 0.828125
0 0.859375 0.828125 0.859375 0.832031 0.855469 0.832031 0.853516 0.830078 0.857422 0.826172
0 0.914062 0.828125 0.914062 0.832031 0.910156 0.832031 0.908203 0.830078 0.912109 0.826172
0 0.451172 0.830078 0.451172 0.833984 0.447266 0.833984 0.445312 0.832031 0.449219 0.828125
0 0.330078 0.832031 0.330078 0.835938 0.326172 0.835938 0.324219 0.833984 0.328125 0.830078
0 0.867188 0.832031 0.867188 0.835938 0.863281 0.835938 0.861328 0.833984 0.865234 0.830078
0 0.378906 0.837891 0.376953 0.837891 0.375000 0.839844 0.371094 0.839844 0.369141 0.837891 0.369141 0.832031 0.371094 0.830078 0.375000 0.830078 0.376953 0.832031 0.378906 0.832031
0 0.207031 0.845703 0.205078 0.845703 0.203125 0.847656 0.193359 0.847656 0.187500 0.841797 0.187500 0.832031 0.189453 0.830078 0.191406 0.830078 0.191406 0.828125 0.193359 0.826172 0.203125 0.826172 0.208984 0.832031 0.208984 0.841797 0.207031 0.843750
0 0.396484 0.839844 0.394531 0.839844 0.392578 0.841797 0.388672 0.841797 0.386719 0.839844 0.386719 0.833984 0.388672 0.832031 0.392578 0.832031 0.394531 0.833984 0.396484 0.833984
0 0.300781 0.841797 0.298828 0.843750 0.298828 0.845703 0.296875 0.847656 0.291016 0.847656 0.289062 0.845703 0.289062 0.843750 0.287109 0.841797 0.287109 0.839844 0.289062 0.837891 0.289062 0.835938 0.291016 0.833984 0.296875 0.833984 0.298828 0.835938 0.298828 0.837891 0.300781 0.839844
0 0.775391 0.843750 0.773438 0.843750 0.771484 0.845703 0.767578 0.845703 0.765625 0.843750 0.765625 0.837891 0.767578 0.835938 0.771484 0.835938 0.773438 0.837891 0.775391 0.837891
0 0.660156 0.845703 0.654297 0.851562 0.648438 0.851562 0.642578 0.845703 0.642578 0.839844 0.648438 0.833984 0.654297 0.833984 0.660156 0.839844
0 0.160156 0.845703 0.158203 0.847656 0.158203 0.849609 0.156250 0.851562 0.150391 0.851562 0.148438 0.849609 0.148438 0.847656 0.146484 0.845703 0.146484 0.843750 0.148438 0.841797 0.148438 0.839844 0.150391 0.837891 0.156250 0.837891 0.158203 0.839844 0.158203 0.841797 0.160156 0.843750
0 0.414062 0.843750 0.414062 0.847656 0.410156 0.847656 0.408203 0.845703 0.412109 0.841797
0 0.476562 0.845703 0.476562 0.849609 0.472656 0.849609 0.470703 0.847656 0.474609 0.843750
0 0.486328 0.845703 0.486328 0.849609 0.482422 0.849609 0.480469 0.847656 0.484375 0.843750
0 0.689453 0.849609 0.683594 0.855469 0.677734 0.855469 0.671875 0.849609 0.671875 0.843750 0.677734 0.837891 0.683594 0.837891 0.689453 0.843750
0 0.392578 0.851562 0.390625 0.851562 0.388672 0.853516 0.384766 0.853516 0.382812 0.851562 0.382812 0.845703 0.384766 0.843750 0.388672 0.843750 0.390625 0.845703 0.392578 0.845703
0 0.603516 0.851562 0.597656 0.857422 0.591797 0.857422 0.585938 0.851562 0.585938 0.845703 0.591797 0.839844 0.597656 0.839844 0.603516 0.845703
0 0.761719 0.851562 0.759766 0.851562 0.757812 0.853516 0.753906 0.853516 0.751953 0.851562 0.751953 0.845703 0.753906 0.843750 0.757812 0.843750 0.759766 0.845703 0.761719 0.845703
0 0.408203 0.849609 0.408203 0.853516 0.404297 0.853516 0.402344 0.851562 0.406250 0.847656
0 0.605469 0.853516 0.603516 0.853516 0.601562 0.855469 0.597656 0.855469 0.595703 0.853516 0.595703 0.847656 0.597656 0.845703 0.601562 0.845703 0.603516 0.847656 0.605469 0.847656
0 0.476562 0.851562 0.476562 0.855469 0.472656 0.855469 0.470703 0.853516 0.474609 0.849609
0 0.716797 0.855469 0.714844 0.855469 0.712891 0.857422 0.708984 0.857422 0.707031 0.855469 0.707031 0.849609 0.708984 0.847656 0.712891 0.847656 0.714844 0.849609 0.716797 0.849609
0 0.335938 0.857422 0.333984 0.857422 0.332031 0.859375 0.328125 0.859375 0.326172 0.857422 0.326172 0.851562 0.328125 0.849609 0.332031 0.849609 0.333984 0.851562 0.335938 0.851562
0 0.486328 0.853516 0.486328 0.857422 0.482422 0.857422 0.480469 0.855469 0.484375 0.851562
0 0.646484 0.855469 0.644531 0.857422 0.644531 0.859375 0.642578 0.861328 0.636719 0.861328 0.634766 0.859375 0.634766 0.857422 0.632812 0.855469 0.632812 0.853516 0.634766 0.851562 0.634766 0.849609 0.636719 0.847656 0.642578 0.847656 0.644531 0.849609 0.644531 0.851562 0.646484 0.853516
0 0.628906 0.857422 0.626953 0.859375 0.626953 0.861328 0.625000 0.863281 0.619141 0.863281 0.617188 0.861328 0.617188 0.859375 0.615234 0.857422 0.615234 0.855469 0.617188 0.853516 0.617188 0.851562 0.619141 0.849609 0.625000 0.849609 0.626953 0.851562 0.626953 0.853516 0.628906 0.855469
0 0.671875 0.857422 0.669922 0.859375 0.669922 0.861328 0.667969 0.863281 0.662109 0.863281 0.660156 0.861328 0.660156 0.859375 0.658203 0.857422 0.658203 0.855469 0.660156 0.853516 0.660156 0.851562 0.662109 0.849609 0.667969 0.849609 0.669922 0.851562 0.669922 0.853516 0.671875 0.855469
0 0.349609 0.861328 0.347656 0.861328 0.345703 0.863281 0.341797 0.863281 0.339844 0.861328 0.339844 0.855469 0.341797 0.853516 0.345703 0.853516 0.347656 0.855469 0.349609 0.855469
0 0.761719 0.863281 0.759766 0.863281 0.757812 0.865234 0.753906 0.865234 0.751953 0.863281 0.751953 0.857422 0.753906 0.855469 0.757812 0.855469 0.759766 0.857422 0.761719 0.857422
0 0.783203 0.863281 0.781250 0.863281 0.779297 0.865234 0.775391 0.865234 0.773438 0.863281 0.773438 0.857422 0.775391 0.855469 0.779297 0.855469 0.781250 0.857422 0.783203 0.857422
0 0.277344 0.865234 0.275391 0.865234 0.273438 0.867188 0.269531 0.867188 0.267578 0.865234 0.267578 0.859375 0.269531 0.857422 0.273438 0.857422 0.275391 0.859375 0.277344 0.859375
0 0.322266 0.863281 0.320312 0.865234 0.320312 0.867188 0.318359 0.869141 0.312500 0.869141 0.310547 0.867188 0.310547 0.865234 0.308594 0.863281 0.308594 0.861328 0.310547 0.859375 0.310547 0.857422 0.312500 0.855469 0.318359 0.855469 0.320312 0.857422 0.320312 0.859375 0.322266 0.861328
0 0.931641 0.865234 0.929688 0.867188 0.929688 0.869141 0.927734 0.871094 0.921875 0.871094 0.919922 0.869141 0.919922 0.867188 0.917969 0.865234 0.917969 0.863281 0.919922 0.861328 0.919922 0.859375 0.921875 0.857422 0.927734 0.857422 0.929688 0.859375 0.929688 0.861328 0.931641 0.863281
0 0.251953 0.875000 0.250000 0.875000 0.248047 0.876953 0.238281 0.876953 0.232422 0.871094 0.232422 0.861328 0.234375 0.859375 0.236328 0.859375 0.236328 0.857422 0.238281 0.855469 0.248047 0.855469 0.253906 0.861328 0.253906 0.871094 0.251953 0.873047
0 0.771484 0.869141 0.769531 0.869141 0.767578 0.871094 0.763672 0.871094 0.761719 0.869141 0.761719 0.863281 0.763672 0.861328 0.767578 0.861328 0.769531 0.863281 0.771484 0.863281
0 0.908203 0.869141 0.906250 0.869141 0.904297 0.871094 0.900391 0.871094 0.898438 0.869141 0.898438 0.863281 0.900391 0.861328 0.904297 0.861328 0.906250 0.863281 0.908203 0.863281
0 0.941406 0.867188 0.941406 0.871094 0.937500 0.871094 0.935547 0.869141 0.939453 0.865234
0 0.406250 0.869141 0.406250 0.873047 0.402344 0.873047 0.400391 0.871094 0.404297 0.867188
0 0.337891 0.875000 0.335938 0.875000 0.333984 0.876953 0.330078 0.876953 0.328125 0.875000 0.328125 0.869141 0.330078 0.867188 0.333984 0.867188 0.335938 0.869141 0.337891 0.869141
0 0.699219 0.880859 0.697266 0.880859 0.695312 0.882812 0.685547 0.882812 0.679688 0.876953 0.679688 0.867188 0.681641 0.865234 0.683594 0.865234 0.683594 0.863281 0.685547 0.861328 0.695312 0.861328 0.701172 0.867188 0.701172 0.876953 0.699219 0.878906
0 0.484375 0.876953 0.482422 0.876953 0.480469 0.878906 0.476562 0.878906 0.474609 0.876953 0.474609 0.871094 0.476562 0.869141 0.480469 0.869141 0.482422 0.871094 0.484375 0.871094
0 0.398438 0.875000 0.398438 0.878906 0.394531 0.878906 0.392578 0.876953 0.396484 0.873047
0 0.523438 0.884766 0.517578 0.890625 0.511719 0.890625 0.505859 0.884766 0.505859 0.878906 0.511719 0.873047 0.517578 0.873047 0.523438 0.878906
0 0.238281 0.892578 0.236328 0.892578 0.234375 0.894531 0.224609 0.894531 0.218750 0.888672 0.218750 0.878906 0.220703 0.876953 0.222656 0.876953 0.222656 0.875000 0.224609 0.873047 0.234375 0.873047 0.240234 0.878906 0.240234 0.888672 0.238281 0.890625
0 0.458984 0.886719 0.457031 0.886719 0.455078 0.888672 0.451172 0.888672 0.449219 0.886719 0.449219 0.880859 0.451172 0.878906 0.455078 0.878906 0.457031 0.880859 0.458984 0.880859
0 0.703125 0.886719 0.701172 0.886719 0.699219 0.888672 0.695312 0.888672 0.693359 0.886719 0.693359 0.880859 0.695312 0.878906 0.699219 0.878906 0.701172 0.880859 0.703125 0.880859
0 0.189453 0.890625 0.187500 0.892578 0.187500 0.894531 0.185547 0.896484 0.179688 0.896484 0.177734 0.894531 0.177734 0.892578 0.175781 0.890625 0.175781 0.888672 0.177734 0.886719 0.177734 0.884766 0.179688 0.882812 0.185547 0.882812 0.187500 0.884766 0.187500 0.886719 0.189453 0.888672
0 0.859375 0.894531 0.857422 0.894531 0.855469 0.896484 0.851562 0.896484 0.849609 0.894531 0.849609 0.888672 0.851562 0.886719 0.855469 0.886719 0.857422 0.888672 0.859375 0.888672
0 0.294922 0.904297 0.292969 0.904297 0.291016 0.906250 0.281250 0.906250 0.275391 0.900391 0.275391 0.890625 0.277344 0.888672 0.279297 0.888672 0.279297 0.886719 0.281250 0.884766 0.291016 0.884766 0.296875 0.890625 0.296875 0.900391 0.294922 0.902344
0 0.847656 0.894531 0.847656 0.898438 0.843750 0.898438 0.841797 0.896484 0.845703 0.892578
0 0.333984 0.910156 0.332031 0.910156 0.330078 0.912109 0.320312 0.912109 0.314453 0.906250 0.314453 0.896484 0.316406 0.894531 0.318359 0.894531 0.318359 0.892578 0.320312 0.890625 0.330078 0.890625 0.335938 0.896484 0.335938 0.906250 0.333984 0.908203
0 0.460938 0.904297 0.458984 0.904297 0.457031 0.906250 0.453125 0.906250 0.451172 0.904297 0.451172 0.898438 0.453125 0.896484 0.457031 0.896484 0.458984 0.898438 0.460938 0.898438
0 0.496094 0.904297 0.490234 0.910156 0.484375 0.910156 0.478516 0.904297 0.478516 0.898438 0.484375 0.892578 0.490234 0.892578 0.496094 0.898438
0 0.294922 0.912109 0.292969 0.912109 0.291016 0.914062 0.281250 0.914062 0.275391 0.908203 0.275391 0.898438 0.277344 0.896484 0.279297 0.896484 0.279297 0.894531 0.281250 0.892578 0.291016 0.892578 0.296875 0.898438 0.296875 0.908203 0.294922 0.910156
0 0.404297 0.904297 0.404297 0.908203 0.400391 0.908203 0.398438 0.906250 0.402344 0.902344
0 0.763672 0.914062 0.761719 0.914062 0.759766 0.916016 0.750000 0.916016 0.744141 0.910156 0.744141 0.900391 0.746094 0.898438 0.748047 0.898438 0.748047 0.896484 0.750000 0.894531 0.759766 0.894531 0.765625 0.900391 0.765625 0.910156 0.763672 0.912109
0 0.890625 0.908203 0.888672 0.908203 0.886719 0.910156 0.882812 0.910156 0.880859 0.908203 0.880859 0.902344 0.882812 0.900391 0.886719 0.900391 0.888672 0.902344 0.890625 0.902344
0 0.880859 0.906250 0.880859 0.910156 0.876953 0.910156 0.875000 0.908203 0.878906 0.904297
0 0.582031 0.914062 0.580078 0.914062 0.578125 0.916016 0.574219 0.916016 0.572266 0.914062 0.572266 0.908203 0.574219 0.906250 0.578125 0.906250 0.580078 0.908203 0.582031 0.908203
0 0.697266 0.914062 0.695312 0.916016 0.695312 0.917969 0.693359 0.919922 0.687500 0.919922 0.685547 0.917969 0.685547 0.916016 0.683594 0.914062 0.683594 0.912109 0.685547 0.910156 0.685547 0.908203 0.687500 0.906250 0.693359 0.906250 0.695312 0.908203 0.695312 0.910156 0.697266 0.912109
0 0.876953 0.916016 0.875000 0.916016 0.873047 0.917969 0.869141 0.917969 0.867188 0.916016 0.867188 0.910156 0.869141 0.908203 0.873047 0.908203 0.875000 0.910156 0.876953 0.910156
0 0.515625 0.917969 0.509766 0.923828 0.503906 0.923828 0.498047 0.917969 0.498047 0.912109 0.503906 0.906250 0.509766 0.906250 0.515625 0.912109
0 0.869141 0.923828 0.867188 0.923828 0.865234 0.925781 0.855469 0.925781 0.849609 0.919922 0.849609 0.910156 0.851562 0.908203 0.853516 0.908203 0.853516 0.906250 0.855469 0.904297 0.865234 0.904297 0.871094 0.910156 0.871094 0.919922 0.869141 0.921875
0 0.550781 0.925781 0.548828 0.925781 0.546875 0.927734 0.537109 0.927734 0.531250 0.921875 0.531250 0.912109 0.533203 0.910156 0.535156 0.910156 0.535156 0.908203 0.537109 0.906250 0.546875 0.906250 0.552734 0.912109 0.552734 0.921875 0.550781 0.923828
0 0.851562 0.917969 0.851562 0.921875 0.847656 0.921875 0.845703 0.919922 0.849609 0.916016
0 0.230469 0.923828 0.228516 0.923828 0.226562 0.925781 0.222656 0.925781 0.220703 0.923828 0.220703 0.917969 0.222656 0.916016 0.226562 0.916016 0.228516 0.917969 0.230469 0.917969
0 0.357422 0.923828 0.355469 0.923828 0.353516 0.925781 0.349609 0.925781 0.347656 0.923828 0.347656 0.917969 0.349609 0.916016 0.353516 0.916016 0.355469 0.917969 0.357422 0.917969
0 0.728516 0.921875 0.726562 0.923828 0.726562 0.925781 0.724609 0.927734 0.718750 0.927734 0.716797 0.925781 0.716797 0.923828 0.714844 0.921875 0.714844 0.919922 0.716797 0.917969 0.716797 0.916016 0.718750 0.914062 0.724609 0.914062 0.726562 0.916016 0.726562 0.917969 0.728516 0.919922
0 0.888672 0.919922 0.888672 0.923828 0.884766 0.923828 0.882812 0.921875 0.886719 0.917969
0 0.658203 0.923828 0.656250 0.925781 0.656250 0.927734 0.654297 0.929688 0.648438 0.929688 0.646484 0.927734 0.646484 0.925781 0.644531 0.923828 0.644531 0.921875 0.646484 0.919922 0.646484 0.917969 0.648438 0.916016 0.654297 0.916016 0.656250 0.917969 0.656250 0.919922 0.658203 0.921875
0 0.839844 0.923828 0.837891 0.925781 0.837891 0.927734 0.835938 0.929688 0.830078 0.929688 0.828125 0.927734 0.828125 0.925781 0.826172 0.923828 0.826172 0.921875 0.828125 0.919922 0.828125 0.917969 0.830078 0.916016 0.835938 0.916016 0.837891 0.917969 0.837891 0.919922 0.839844 0.921875
0 0.998047 0.927734 0.994141 0.927734 0.992188 0.925781 0.992188 0.919922 0.994141 0.917969 0.998047 0.917969
0 0.671875 0.929688 0.669922 0.929688 0.667969 0.931641 0.664062 0.931641 0.662109 0.929688 0.662109 0.923828 0.664062 0.921875 0.667969 0.921875 0.669922 0.923828 0.671875 0.923828
0 0.857422 0.925781 0.857422 0.929688 0.853516 0.929688 0.851562 0.927734 0.855469 0.923828
0 0.621094 0.929688 0.621094 0.933594 0.617188 0.933594 0.615234 0.931641 0.619141 0.927734
0 0.812500 0.933594 0.810547 0.933594 0.808594 0.935547 0.804688 0.935547 0.802734 0.933594 0.802734 0.927734 0.804688 0.925781 0.808594 0.925781 0.810547 0.927734 0.812500 0.927734
0 0.189453 0.933594 0.187500 0.935547 0.187500 0.937500 0.185547 0.939453 0.179688 0.939453 0.177734 0.937500 0.177734 0.935547 0.175781 0.933594 0.175781 0.931641 0.177734 0.929688 0.177734 0.927734 0.179688 0.925781 0.185547 0.925781 0.187500 0.927734 0.187500 0.929688 0.189453 0.931641
0 0.607422 0.935547 0.605469 0.935547 0.603516 0.937500 0.599609 0.937500 0.597656 0.935547 0.597656 0.929688 0.599609 0.927734 0.603516 0.927734 0.605469 0.929688 0.607422 0.929688
0 0.781250 0.935547 0.779297 0.935547 0.777344 0.937500 0.773438 0.937500 0.771484 0.935547 0.771484 0.929688 0.773438 0.927734 0.777344 0.927734 0.779297 0.929688 0.781250 0.929688
0 0.849609 0.935547 0.849609 0.939453 0.845703 0.939453 0.843750 0.937500 0.847656 0.933594
0 0.324219 0.943359 0.318359 0.949219 0.312500 0.949219 0.306641 0.943359 0.306641 0.937500 0.312500 0.931641 0.318359 0.931641 0.324219 0.937500
0 0.218750 0.945312 0.216797 0.945312 0.214844 0.947266 0.210938 0.947266 0.208984 0.945312 0.208984 0.939453 0.210938 0.937500 0.214844 0.937500 0.216797 0.939453 0.218750 0.939453
0 0.291016 0.945312 0.285156 0.951172 0.279297 0.951172 0.273438 0.945312 0.273438 0.939453 0.279297 0.933594 0.285156 0.933594 0.291016 0.939453
0 0.718750 0.945312 0.716797 0.945312 0.714844 0.947266 0.710938 0.947266 0.708984 0.945312 0.708984 0.939453 0.710938 0.937500 0.714844 0.937500 0.716797 0.939453 0.718750 0.939453
0 0.998047 0.953125 0.992188 0.953125 0.986328 0.947266 0.986328 0.937500 0.988281 0.935547 0.990234 0.935547 0.990234 0.933594 0.992188 0.931641 0.998047 0.931641
0 0.880859 0.947266 0.878906 0.947266 0.876953 0.949219 0.873047 0.949219 0.871094 0.947266 0.871094 0.941406 0.873047 0.939453 0.876953 0.939453 0.878906 0.941406 0.880859 0.941406
0 0.201172 0.949219 0.199219 0.949219 0.197266 0.951172 0.193359 0.951172 0.191406 0.949219 0.191406 0.943359 0.193359 0.941406 0.197266 0.941406 0.199219 0.943359 0.201172 0.943359
0 0.541016 0.949219 0.539062 0.949219 0.537109 0.951172 0.533203 0.951172 0.531250 0.949219 0.531250 0.943359 0.533203 0.941406 0.537109 0.941406 0.539062 0.943359 0.541016 0.943359
0 0.601562 0.949219 0.595703 0.955078 0.589844 0.955078 0.583984 0.949219 0.583984 0.943359 0.589844 0.937500 0.595703 0.937500 0.601562 0.943359
0 0.615234 0.953125 0.613281 0.953125 0.611328 0.955078 0.607422 0.955078 0.605469 0.953125 0.605469 0.947266 0.607422 0.945312 0.611328 0.945312 0.613281 0.947266 0.615234 0.947266
0 0.746094 0.962891 0.744141 0.962891 0.742188 0.964844 0.732422 0.964844 0.726562 0.958984 0.726562 0.949219 0.728516 0.947266 0.730469 0.947266 0.730469 0.945312 0.732422 0.943359 0.742188 0.943359 0.748047 0.949219 0.748047 0.958984 0.746094 0.960938
0 0.355469 0.960938 0.353516 0.960938 0.351562 0.962891 0.347656 0.962891 0.345703 0.960938 0.345703 0.955078 0.347656 0.953125 0.351562 0.953125 0.353516 0.955078 0.355469 0.955078
0 0.382812 0.960938 0.380859 0.960938 0.378906 0.962891 0.375000 0.962891 0.373047 0.960938 0.373047 0.955078 0.375000 0.953125 0.378906 0.953125 0.380859 0.955078 0.382812 0.955078
0 0.757812 0.966797 0.755859 0.966797 0.753906 0.968750 0.744141 0.968750 0.738281 0.962891 0.738281 0.953125 0.740234 0.951172 0.742188 0.951172 0.742188 0.949219 0.744141 0.947266 0.753906 0.947266 0.759766 0.953125 0.759766 0.962891 0.757812 0.964844
0 0.791016 0.958984 0.789062 0.960938 0.789062 0.962891 0.787109 0.964844 0.781250 0.964844 0.779297 0.962891 0.779297 0.960938 0.777344 0.958984 0.777344 0.957031 0.779297 0.955078 0.779297 0.953125 0.781250 0.951172 0.787109 0.951172 0.789062 0.953125 0.789062 0.955078 0.791016 0.957031
0 0.994141 0.957031 0.994141 0.960938 0.990234 0.960938 0.988281 0.958984 0.992188 0.955078
0 0.554688 0.960938 0.552734 0.962891 0.552734 0.964844 0.550781 0.966797 0.544922 0.966797 0.542969 0.964844 0.542969 0.962891 0.541016 0.960938 0.541016 0.958984 0.542969 0.957031 0.542969 0.955078 0.544922 0.953125 0.550781 0.953125 0.552734 0.955078 0.552734 0.957031 0.554688 0.958984
0 0.593750 0.972656 0.591797 0.972656 0.589844 0.974609 0.580078 0.974609 0.574219 0.968750 0.574219 0.958984 0.576172 0.957031 0.578125 0.957031 0.578125 0.955078 0.580078 0.953125 0.589844 0.953125 0.595703 0.958984 0.595703 0.968750 0.593750 0.970703
0 0.626953 0.966797 0.625000 0.966797 0.623047 0.968750 0.619141 0.968750 0.617188 0.966797 0.617188 0.960938 0.619141 0.958984 0.623047 0.958984 0.625000 0.960938 0.626953 0.960938
0 0.875000 0.964844 0.873047 0.966797 0.873047 0.968750 0.871094 0.970703 0.865234 0.970703 0.863281 0.968750 0.863281 0.966797 0.861328 0.964844 0.861328 0.962891 0.863281 0.960938 0.863281 0.958984 0.865234 0.957031 0.871094 0.957031 0.873047 0.958984 0.873047 0.960938 0.875000 0.962891
0 0.425781 0.966797 0.423828 0.968750 0.423828 0.970703 0.421875 0.972656 0.416016 0.972656 0.414062 0.970703 0.414062 0.968750 0.412109 0.966797 0.412109 0.964844 0.414062 0.962891 0.414062 0.960938 0.416016 0.958984 0.421875 0.958984 0.423828 0.960938 0.423828 0.962891 0.425781 0.964844
0 0.996094 0.964844 0.996094 0.968750 0.992188 0.968750 0.990234 0.966797 0.994141 0.962891
0 0.894531 0.970703 0.892578 0.970703 0.890625 0.972656 0.886719 0.972656 0.884766 0.970703 0.884766 0.964844 0.886719 0.962891 0.890625 0.962891 0.892578 0.964844 0.894531 0.964844
0 0.314453 0.970703 0.312500 0.972656 0.312500 0.974609 0.310547 0.976562 0.304688 0.976562 0.302734 0.974609 0.302734 0.972656 0.300781 0.970703 0.300781 0.968750 0.302734 0.966797 0.302734 0.964844 0.304688 0.962891 0.310547 0.962891 0.312500 0.964844 0.312500 0.966797 0.314453 0.968750
0 0.658203 0.970703 0.658203 0.974609 0.654297 0.974609 0.652344 0.972656 0.656250 0.968750
0 0.810547 0.976562 0.808594 0.976562 0.806641 0.978516 0.802734 0.978516 0.800781 0.976562 0.800781 0.970703 0.802734 0.968750 0.806641 0.968750 0.808594 0.970703 0.810547 0.970703
0 0.906250 0.972656 0.906250 0.976562 0.902344 0.976562 0.900391 0.974609 0.904297 0.970703
0 0.345703 0.978516 0.339844 0.984375 0.333984 0.984375 0.328125 0.978516 0.328125 0.972656 0.333984 0.966797 0.339844 0.966797 0.345703 0.972656
0 0.451172 0.978516 0.449219 0.978516 0.447266 0.980469 0.443359 0.980469 0.441406 0.978516 0.441406 0.972656 0.443359 0.970703 0.447266 0.970703 0.449219 0.972656 0.451172 0.972656
0 0.482422 0.976562 0.480469 0.978516 0.480469 0.980469 0.478516 0.982422 0.472656 0.982422 0.470703 0.980469 0.470703 0.978516 0.468750 0.976562 0.468750 0.974609 0.470703 0.972656 0.470703 0.970703 0.472656 0.968750 0.478516 0.968750 0.480469 0.970703 0.480469 0.972656 0.482422 0.974609
0 0.603516 0.978516 0.601562 0.978516 0.599609 0.980469 0.595703 0.980469 0.593750 0.978516 0.593750 0.972656 0.595703 0.970703 0.599609 0.970703 0.601562 0.972656 0.603516 0.972656
0 0.824219 0.976562 0.824219 0.980469 0.820312 0.980469 0.818359 0.978516 0.822266 0.974609
0 0.998047 0.988281 0.992188 0.988281 0.986328 0.982422 0.986328 0.972656 0.988281 0.970703 0.990234 0.970703 0.990234 0.968750 0.992188 0.966797 0.998047 0.966797
0 0.853516 0.984375 0.851562 0.984375 0.849609 0.986328 0.845703 0.986328 0.843750 0.984375 0.843750 0.978516 0.845703 0.976562 0.849609 0.976562 0.851562 0.978516 0.853516 0.978516
0 0.406250 0.992188 0.404297 0.992188 0.402344 0.994141 0.392578 0.994141 0.386719 0.988281 0.386719 0.978516 0.388672 0.976562 0.390625 0.976562 0.390625 0.974609 0.392578 0.972656 0.402344 0.972656 0.408203 0.978516 0.408203 0.988281 0.406250 0.990234
0 0.656250 0.986328 0.654297 0.986328 0.652344 0.988281 0.648438 0.988281 0.646484 0.986328 0.646484 0.980469 0.648438 0.978516 0.652344 0.978516 0.654297 0.980469 0.656250 0.980469
0 0.789062 0.982422 0.789062 0.986328 0.785156 0.986328 0.783203 0.984375 0.787109 0.980469
0 0.828125 0.986328 0.826172 0.986328 0.824219 0.988281 0.820312 0.988281 0.818359 0.986328 0.818359 0.980469 0.820312 0.978516 0.824219 0.978516 0.826172 0.980469 0.828125 0.980469
0 0.902344 0.986328 0.900391 0.986328 0.898438 0.988281 0.894531 0.988281 0.892578 0.986328 0.892578 0.980469 0.894531 0.978516 0.898438 0.978516 0.900391 0.980469 0.902344 0.980469
0 0.373047 0.988281 0.371094 0.988281 0.369141 0.990234 0.365234 0.990234 0.363281 0.988281 0.363281 0.982422 0.365234 0.980469 0.369141 0.980469 0.371094 0.982422 0.373047 0.982422
0 0.486328 0.988281 0.484375 0.988281 0.482422 0.990234 0.478516 0.990234 0.476562 0.988281 0.476562 0.982422 0.478516 0.980469 0.482422 0.980469 0.484375 0.982422 0.486328 0.982422
0 0.818359 0.984375 0.818359 0.988281 0.814453 0.988281 0.812500 0.986328 0.816406 0.982422
0 0.974609 0.988281 0.972656 0.988281 0.970703 0.990234 0.966797 0.990234 0.964844 0.988281 0.964844 0.982422 0.966797 0.980469 0.970703 0.980469 0.972656 0.982422 0.974609 0.982422
0 0.990234 0.984375 0.990234 0.988281 0.986328 0.988281 0.984375 0.986328 0.988281 0.982422
0 0.261719 0.988281 0.261719 0.992188 0.257812 0.992188 0.255859 0.990234 0.259766 0.986328
0 0.382812 0.996094 0.380859 0.998047 0.363281 0.998047 0.361328 0.996094 0.361328 0.986328 0.363281 0.984375 0.365234 0.984375 0.365234 0.982422 0.367188 0.980469 0.376953 0.980469 0.382812 0.986328
0 0.316406 0.998047 0.294922 0.998047 0.294922 0.992188 0.296875 0.990234 0.298828 0.990234 0.298828 0.988281 0.300781 0.986328 0.310547 0.986328 0.316406 0.992188
0 0.427734 0.998047 0.414062 0.998047 0.414062 0.996094 0.416016 0.994141 0.416016 0.992188 0.417969 0.990234 0.423828 0.990234 0.425781 0.992188 0.425781 0.994141 0.427734 0.996094
0 0.455078 0.998047 0.441406 0.998047 0.441406 0.996094 0.443359 0.994141 0.443359 0.992188 0.445312 0.990234 0.451172 0.990234 0.453125 0.992188 0.453125 0.994141 0.455078 0.996094
0 0.490234 0.998047 0.480469 0.998047 0.480469 0.994141 0.482422 0.992188 0.486328 0.992188 0.488281 0.994141 0.490234 0.994141
0 0.634766 0.998047 0.617188 0.998047 0.617188 0.994141 0.623047 0.988281 0.628906 0.988281 0.634766 0.994141
0 0.652344 0.998047 0.642578 0.998047 0.642578 0.994141 0.644531 0.992188 0.648438 0.992188 0.650391 0.994141 0.652344 0.994141
0 0.710938 0.998047 0.689453 0.998047 0.689453 0.992188 0.691406 0.990234 0.693359 0.990234 0.693359 0.988281 0.695312 0.986328 0.705078 0.986328 0.710938 0.992188
0 0.755859 0.998047 0.738281 0.998047 0.738281 0.994141 0.744141 0.988281 0.750000 0.988281 0.755859 0.994141
0 0.808594 0.998047 0.787109 0.998047 0.787109 0.992188 0.789062 0.990234 0.791016 0.990234 0.791016 0.988281 0.792969 0.986328 0.802734 0.986328 0.808594 0.992188
0 0.875000 0.998047 0.853516 0.998047 0.853516 0.992188 0.855469 0.990234 0.857422 0.990234 0.857422 0.988281 0.859375 0.986328 0.869141 0.986328 0.875000 0.992188
0 0.984375 0.998047 0.974609 0.998047 0.974609 0.994141 0.976562 0.992188 0.980469 0.992188 0.982422 0.994141 0.984375 0.994141
0 0.998047 0.986328 0.998047 0.998047 0.986328 0.998047 0.986328 0.992188 0.988281 0.990234 0.990234 0.990234 0.990234 0.988281 0.992188 0.986328
