0 0.759766 0.066406 0.757812 0.068359 0.757812 0.070312 0.759766 0.072266 0.761719 0.072266 0.763672 0.070312 0.763672 0.068359 0.761719 0.066406
0 0.750000 0.072266 0.748047 0.074219 0.748047 0.078125 0.750000 0.080078 0.753906 0.080078 0.755859 0.078125 0.755859 0.076172 0.751953 0.072266
0 0.294922 0.087891 0.292969 0.085938 0.291016 0.085938 0.287109 0.082031 0.281250 0.082031 0.277344 0.085938 0.275391 0.085938 0.267578 0.093750 0.267578 0.097656 0.271484 0.101562 0.283203 0.101562 0.285156 0.099609 0.287109 0.099609 0.292969 0.093750 0.292969 0.089844
0 0.265625 0.105469 0.253906 0.105469 0.250000 0.111328 0.250000 0.121094 0.255859 0.126953 0.261719 0.125000 0.267578 0.119141 0.267578 0.117188 0.269531 0.115234 0.269531 0.113281 0.267578 0.111328 0.267578 0.107422
0 0.300781 0.105469 0.298828 0.107422 0.298828 0.113281 0.302734 0.117188 0.306641 0.117188 0.310547 0.113281 0.310547 0.109375 0.306641 0.105469
0 0.318359 0.111328 0.320312 0.113281 0.324219 0.113281 0.326172 0.111328 0.324219 0.109375 0.320312 0.109375
0 0.253906 0.142578 0.253906 0.144531 0.255859 0.146484 0.257812 0.146484 0.259766 0.144531 0.259766 0.142578
0 0.271484 0.164062 0.267578 0.164062 0.265625 0.166016 0.265625 0.167969 0.263672 0.169922 0.267578 0.173828 0.269531 0.173828 0.273438 0.169922 0.273438 0.166016
0 0.189453 0.171875 0.185547 0.175781 0.185547 0.185547 0.187500 0.187500 0.187500 0.189453 0.189453 0.189453 0.191406 0.191406 0.199219 0.191406 0.199219 0.189453 0.203125 0.185547 0.205078 0.179688 0.203125 0.177734 0.203125 0.175781 0.199219 0.171875
0 0.234375 0.177734 0.230469 0.177734 0.228516 0.179688 0.230469 0.181641 0.230469 0.183594 0.232422 0.183594 0.234375 0.181641
0 0.988281 0.189453 0.986328 0.191406 0.984375 0.191406 0.984375 0.195312 0.988281 0.199219 0.990234 0.199219 0.992188 0.197266 0.992188 0.191406 0.990234 0.189453
0 0.214844 0.193359 0.212891 0.195312 0.212891 0.205078 0.214844 0.207031 0.220703 0.207031 0.224609 0.203125 0.224609 0.197266 0.220703 0.193359
0 0.250000 0.214844 0.251953 0.226562 0.255859 0.230469 0.263672 0.230469 0.271484 0.224609 0.271484 0.220703 0.273438 0.218750 0.275391 0.220703 0.281250 0.218750 0.281250 0.212891 0.279297 0.210938 0.275391 0.210938 0.269531 0.205078 0.255859 0.205078
0 0.763672 0.203125 0.761719 0.205078 0.761719 0.208984 0.767578 0.208984 0.767578 0.205078 0.765625 0.203125
0 0.316406 0.216797 0.314453 0.218750 0.314453 0.230469 0.312500 0.232422 0.312500 0.248047 0.324219 0.251953 0.328125 0.255859 0.335938 0.255859 0.339844 0.250000 0.349609 0.242188 0.349609 0.236328 0.347656 0.234375 0.337891 0.236328 0.335938 0.232422 0.328125 0.230469 0.324219 0.226562 0.328125 0.222656 0.324219 0.218750
0 0.367188 0.218750 0.365234 0.220703 0.365234 0.222656 0.367188 0.224609 0.369141 0.224609 0.371094 0.222656 0.371094 0.220703 0.369141 0.218750
0 0.927734 0.222656 0.925781 0.224609 0.925781 0.228516 0.927734 0.230469 0.931641 0.230469 0.933594 0.228516 0.933594 0.226562 0.929688 0.222656
1 0.179688 0.234375 0.177734 0.236328 0.177734 0.238281 0.179688 0.238281 0.181641 0.240234 0.181641 0.248047 0.185547 0.251953 0.189453 0.251953 0.189453 0.248047 0.187500 0.246094 0.189453 0.244141 0.185547 0.240234 0.185547 0.238281 0.181641 0.234375
1 0.300781 0.238281 0.296875 0.236328 0.294922 0.238281 0.296875 0.248047 0.302734 0.253906 0.298828 0.259766 0.298828 0.265625 0.296875 0.267578 0.294922 0.265625 0.291016 0.265625 0.289062 0.261719 0.289062 0.263672 0.281250 0.269531 0.281250 0.273438 0.273438 0.277344 0.273438 0.281250 0.281250 0.281250 0.287109 0.285156 0.291016 0.285156 0.296875 0.279297 0.296875 0.271484 0.298828 0.269531 0.296875 0.267578 0.298828 0.265625 0.302734 0.267578 0.308594 0.267578 0.312500 0.263672 0.314453 0.259766 0.310547 0.251953 0.306641 0.250000 0.306641 0.244141
0 0.462891 0.234375 0.460938 0.236328 0.462891 0.238281 0.464844 0.238281 0.464844 0.234375
0 0.373047 0.246094 0.373047 0.250000 0.376953 0.250000 0.376953 0.246094
0 0.156250 0.257812 0.152344 0.257812 0.150391 0.259766 0.152344 0.261719 0.154297 0.261719 0.156250 0.259766
0 0.132812 0.261719 0.130859 0.263672 0.130859 0.265625 0.132812 0.267578 0.134766 0.267578 0.136719 0.265625 0.136719 0.263672 0.134766 0.261719
1 0.207031 0.273438 0.205078 0.271484 0.203125 0.271484 0.199219 0.275391 0.195312 0.275391 0.193359 0.273438 0.191406 0.275391 0.193359 0.277344 0.195312 0.277344 0.197266 0.275391 0.199219 0.275391 0.201172 0.277344 0.203125 0.277344 0.205078 0.275391 0.207031 0.275391
0 0.228516 0.273438 0.222656 0.273438 0.220703 0.275391 0.220703 0.289062 0.222656 0.291016 0.224609 0.291016 0.226562 0.289062 0.226562 0.287109 0.228516 0.285156 0.228516 0.283203 0.230469 0.281250 0.230469 0.277344 0.228516 0.275391
0 0.332031 0.273438 0.330078 0.275391 0.330078 0.277344 0.332031 0.279297 0.335938 0.279297 0.337891 0.277344 0.337891 0.275391 0.335938 0.273438
0 0.175781 0.277344 0.169922 0.277344 0.166016 0.281250 0.164062 0.281250 0.162109 0.283203 0.162109 0.287109 0.164062 0.289062 0.164062 0.291016 0.166016 0.291016 0.167969 0.292969 0.171875 0.292969 0.175781 0.289062 0.175781 0.287109 0.177734 0.285156 0.177734 0.279297
0 0.332031 0.289062 0.330078 0.291016 0.330078 0.294922 0.335938 0.294922 0.335938 0.291016 0.333984 0.289062
0 0.347656 0.289062 0.345703 0.289062 0.341797 0.292969 0.343750 0.294922 0.347656 0.294922 0.349609 0.292969 0.347656 0.291016
0 0.376953 0.291016 0.378906 0.292969 0.382812 0.292969 0.384766 0.291016 0.382812 0.289062 0.378906 0.289062
0 0.357422 0.294922 0.357422 0.296875 0.361328 0.300781 0.363281 0.300781 0.363281 0.294922 0.361328 0.292969 0.359375 0.294922
0 0.312500 0.296875 0.310547 0.298828 0.312500 0.300781 0.314453 0.298828
0 0.328125 0.304688 0.328125 0.308594 0.330078 0.310547 0.337891 0.310547 0.339844 0.308594 0.339844 0.306641 0.335938 0.302734 0.330078 0.302734
0 0.251953 0.314453 0.250000 0.316406 0.250000 0.318359 0.251953 0.320312 0.253906 0.320312 0.255859 0.318359 0.255859 0.316406 0.253906 0.314453
0 0.091797 0.318359 0.089844 0.324219 0.093750 0.330078 0.089844 0.333984 0.089844 0.337891 0.093750 0.341797 0.103516 0.341797 0.105469 0.339844 0.107422 0.333984 0.105469 0.332031 0.105469 0.330078 0.097656 0.322266 0.097656 0.320312 0.095703 0.318359
0 0.619141 0.326172 0.615234 0.330078 0.617188 0.332031 0.617188 0.335938 0.621094 0.339844 0.625000 0.339844 0.626953 0.337891 0.626953 0.335938 0.628906 0.333984 0.626953 0.332031 0.626953 0.330078 0.623047 0.326172
0 0.248047 0.330078 0.248047 0.332031 0.244141 0.335938 0.244141 0.337891 0.246094 0.339844 0.250000 0.339844 0.251953 0.337891 0.251953 0.333984
0 0.291016 0.330078 0.289062 0.328125 0.287109 0.328125 0.285156 0.330078 0.283203 0.330078 0.281250 0.332031 0.279297 0.332031 0.275391 0.335938 0.275391 0.339844 0.277344 0.341797 0.287109 0.341797 0.289062 0.339844 0.289062 0.332031
0 0.226562 0.341797 0.224609 0.341797 0.230469 0.349609 0.218750 0.353516 0.210938 0.369141 0.210938 0.373047 0.216797 0.382812 0.226562 0.382812 0.232422 0.376953 0.234375 0.378906 0.238281 0.376953 0.238281 0.373047 0.234375 0.369141 0.234375 0.359375 0.228516 0.351562 0.230469 0.347656
1 0.328125 0.343750 0.324219 0.339844 0.318359 0.339844 0.312500 0.345703 0.310547 0.343750 0.304688 0.343750 0.302734 0.345703 0.302734 0.349609 0.306641 0.353516 0.310547 0.353516 0.310547 0.351562 0.314453 0.347656 0.320312 0.353516 0.324219 0.353516 0.328125 0.349609
0 0.343750 0.347656 0.339844 0.351562 0.339844 0.355469 0.341797 0.357422 0.347656 0.357422 0.349609 0.355469 0.349609 0.351562 0.345703 0.347656
0 0.755859 0.349609 0.751953 0.349609 0.750000 0.351562 0.750000 0.353516 0.748047 0.355469 0.748047 0.359375 0.753906 0.365234 0.759766 0.359375 0.759766 0.355469 0.757812 0.353516 0.757812 0.351562
0 0.185547 0.361328 0.183594 0.363281 0.183594 0.369141 0.187500 0.373047 0.189453 0.373047 0.193359 0.369141 0.191406 0.367188 0.191406 0.363281 0.189453 0.361328
0 0.171875 0.363281 0.171875 0.367188 0.173828 0.369141 0.177734 0.369141 0.177734 0.365234 0.175781 0.363281
0 0.150391 0.369141 0.146484 0.373047 0.146484 0.375000 0.144531 0.376953 0.144531 0.378906 0.148438 0.384766 0.150391 0.384766 0.152344 0.386719 0.156250 0.386719 0.158203 0.384766 0.160156 0.384766 0.164062 0.380859 0.164062 0.376953 0.160156 0.371094 0.158203 0.371094 0.156250 0.369141
0 0.449219 0.386719 0.445312 0.390625 0.445312 0.392578 0.447266 0.394531 0.447266 0.396484 0.451172 0.400391 0.455078 0.400391 0.458984 0.396484 0.458984 0.392578 0.453125 0.386719
0 0.710938 0.396484 0.710938 0.398438 0.712891 0.400391 0.712891 0.402344 0.714844 0.404297 0.718750 0.404297 0.718750 0.402344 0.720703 0.400391 0.720703 0.396484 0.718750 0.394531 0.714844 0.394531 0.712891 0.396484
0 0.738281 0.396484 0.736328 0.398438 0.736328 0.402344 0.738281 0.404297 0.740234 0.404297 0.742188 0.402344 0.742188 0.398438 0.740234 0.396484
0 0.380859 0.408203 0.378906 0.408203 0.376953 0.410156 0.376953 0.412109 0.375000 0.414062 0.376953 0.416016 0.380859 0.416016 0.382812 0.414062 0.382812 0.410156
0 0.601562 0.410156 0.601562 0.414062 0.603516 0.416016 0.603516 0.417969 0.605469 0.419922 0.609375 0.419922 0.611328 0.417969 0.615234 0.417969 0.617188 0.416016 0.617188 0.414062 0.613281 0.410156 0.613281 0.408203 0.611328 0.408203 0.609375 0.406250 0.605469 0.406250 0.605469 0.408203 0.603516 0.410156
0 0.921875 0.410156 0.919922 0.412109 0.919922 0.416016 0.921875 0.417969 0.921875 0.419922 0.923828 0.421875 0.927734 0.421875 0.929688 0.419922 0.929688 0.414062 0.927734 0.412109 0.925781 0.412109 0.923828 0.410156
0 0.310547 0.425781 0.308594 0.427734 0.304688 0.427734 0.298828 0.437500 0.300781 0.439453 0.300781 0.443359 0.302734 0.443359 0.304688 0.445312 0.312500 0.445312 0.314453 0.443359 0.316406 0.443359 0.316406 0.441406 0.320312 0.435547 0.318359 0.435547 0.316406 0.433594 0.316406 0.431641
0 0.816406 0.425781 0.814453 0.427734 0.814453 0.429688 0.816406 0.431641 0.818359 0.429688 0.818359 0.427734
0 0.449219 0.429688 0.449219 0.431641 0.451172 0.433594 0.455078 0.433594 0.455078 0.431641 0.453125 0.429688
0 0.804688 0.429688 0.802734 0.431641 0.802734 0.435547 0.804688 0.437500 0.806641 0.437500 0.808594 0.435547 0.808594 0.431641 0.806641 0.429688
0 0.394531 0.441406 0.392578 0.443359 0.392578 0.445312 0.394531 0.447266 0.396484 0.447266 0.398438 0.445312 0.398438 0.443359 0.396484 0.441406
0 0.607422 0.443359 0.607422 0.449219 0.609375 0.451172 0.617188 0.451172 0.621094 0.447266 0.621094 0.445312 0.617188 0.441406 0.611328 0.441406 0.609375 0.443359
0 0.464844 0.447266 0.464844 0.451172 0.466797 0.449219
0 0.759766 0.447266 0.757812 0.449219 0.757812 0.455078 0.761719 0.458984 0.765625 0.458984 0.767578 0.457031 0.767578 0.451172 0.763672 0.447266
0 0.277344 0.455078 0.273438 0.455078 0.269531 0.458984 0.269531 0.462891 0.273438 0.466797 0.275391 0.466797 0.279297 0.462891 0.281250 0.462891 0.281250 0.458984
0 0.626953 0.457031 0.625000 0.458984 0.625000 0.464844 0.623047 0.466797 0.625000 0.468750 0.625000 0.472656 0.628906 0.476562 0.636719 0.476562 0.638672 0.480469 0.642578 0.484375 0.644531 0.484375 0.648438 0.480469 0.644531 0.476562 0.644531 0.472656 0.646484 0.470703 0.646484 0.462891 0.640625 0.457031 0.634766 0.457031 0.632812 0.455078 0.630859 0.457031
0 0.712891 0.453125 0.707031 0.457031 0.707031 0.458984 0.705078 0.460938 0.705078 0.464844 0.710938 0.470703 0.718750 0.470703 0.724609 0.464844 0.724609 0.462891 0.726562 0.460938 0.722656 0.455078 0.720703 0.455078 0.718750 0.453125
0 0.289062 0.458984 0.289062 0.460938 0.287109 0.462891 0.289062 0.464844 0.289062 0.470703 0.292969 0.474609 0.292969 0.476562 0.298828 0.476562 0.300781 0.474609 0.302734 0.474609 0.304688 0.472656 0.304688 0.464844 0.302734 0.462891 0.300781 0.462891 0.296875 0.458984
0 0.792969 0.458984 0.789062 0.462891 0.789062 0.464844 0.792969 0.468750 0.794922 0.468750 0.798828 0.464844 0.798828 0.462891 0.794922 0.458984
0 0.933594 0.464844 0.933594 0.472656 0.935547 0.474609 0.943359 0.474609 0.945312 0.472656 0.947266 0.472656 0.947266 0.466797 0.945312 0.464844 0.945312 0.462891 0.943359 0.460938 0.937500 0.460938
0 0.806641 0.470703 0.802734 0.470703 0.800781 0.472656 0.800781 0.474609 0.802734 0.476562 0.802734 0.478516 0.804688 0.478516 0.808594 0.474609 0.808594 0.472656
0 0.785156 0.474609 0.785156 0.478516 0.783203 0.480469 0.783203 0.486328 0.787109 0.490234 0.791016 0.490234 0.794922 0.486328 0.794922 0.484375 0.796875 0.482422 0.796875 0.478516 0.794922 0.476562 0.794922 0.474609
0 0.449219 0.478516 0.447266 0.480469 0.447266 0.486328 0.449219 0.488281 0.453125 0.488281 0.455078 0.486328 0.455078 0.480469 0.453125 0.478516
1 0.378906 0.480469 0.375000 0.484375 0.375000 0.486328 0.378906 0.490234 0.376953 0.492188 0.375000 0.492188 0.375000 0.498047 0.376953 0.500000 0.376953 0.498047 0.378906 0.496094 0.378906 0.494141 0.376953 0.492188 0.380859 0.488281 0.380859 0.482422
0 0.416016 0.490234 0.412109 0.494141 0.412109 0.498047 0.414062 0.500000 0.417969 0.500000 0.419922 0.498047 0.419922 0.494141
0 0.443359 0.496094 0.441406 0.498047 0.443359 0.500000 0.443359 0.501953 0.445312 0.503906 0.449219 0.503906 0.451172 0.501953 0.451172 0.498047 0.449219 0.496094
0 0.537109 0.505859 0.529297 0.498047 0.521484 0.498047 0.519531 0.500000 0.513672 0.500000 0.507812 0.505859 0.507812 0.515625 0.513672 0.521484 0.527344 0.521484 0.537109 0.513672
0 0.626953 0.496094 0.625000 0.498047 0.625000 0.500000 0.626953 0.501953 0.628906 0.501953 0.630859 0.500000 0.630859 0.498047 0.628906 0.496094
0 0.621094 0.501953 0.619141 0.501953 0.617188 0.503906 0.615234 0.503906 0.613281 0.505859 0.613281 0.513672 0.615234 0.515625 0.615234 0.517578 0.623047 0.517578 0.626953 0.513672 0.626953 0.507812
0 0.835938 0.500000 0.833984 0.501953 0.833984 0.503906 0.835938 0.505859 0.837891 0.505859 0.839844 0.503906 0.839844 0.501953 0.837891 0.500000
0 0.667969 0.507812 0.666016 0.509766 0.664062 0.509766 0.660156 0.513672 0.660156 0.519531 0.666016 0.525391 0.671875 0.525391 0.675781 0.521484 0.675781 0.515625 0.673828 0.513672 0.673828 0.509766 0.671875 0.507812
0 0.822266 0.507812 0.816406 0.507812 0.812500 0.511719 0.812500 0.513672 0.810547 0.515625 0.810547 0.519531 0.812500 0.521484 0.814453 0.521484 0.816406 0.523438 0.818359 0.521484 0.820312 0.521484 0.822266 0.519531 0.824219 0.519531 0.826172 0.517578 0.826172 0.511719
0 0.845703 0.507812 0.843750 0.507812 0.839844 0.511719 0.843750 0.515625 0.847656 0.511719 0.847656 0.509766
0 0.404297 0.517578 0.404297 0.521484 0.406250 0.523438 0.406250 0.525391 0.408203 0.527344 0.410156 0.527344 0.414062 0.523438 0.408203 0.517578
0 0.421875 0.521484 0.421875 0.523438 0.423828 0.525391 0.429688 0.525391 0.429688 0.521484 0.427734 0.519531 0.423828 0.519531
0 0.748047 0.523438 0.746094 0.523438 0.738281 0.531250 0.738281 0.537109 0.740234 0.539062 0.740234 0.542969 0.738281 0.544922 0.734375 0.544922 0.738281 0.544922 0.744141 0.552734 0.746094 0.550781 0.744141 0.546875 0.748047 0.542969 0.750000 0.544922 0.757812 0.539062 0.759766 0.539062 0.757812 0.531250
0 0.779297 0.525391 0.777344 0.527344 0.777344 0.533203 0.781250 0.537109 0.781250 0.539062 0.783203 0.541016 0.783203 0.546875 0.785156 0.548828 0.791016 0.548828 0.794922 0.544922 0.794922 0.541016 0.789062 0.535156 0.789062 0.531250 0.787109 0.529297 0.787109 0.527344 0.785156 0.525391
0 0.535156 0.527344 0.533203 0.529297 0.533203 0.531250 0.531250 0.533203 0.533203 0.535156 0.533203 0.537109 0.535156 0.539062 0.541016 0.539062 0.544922 0.535156 0.544922 0.529297 0.542969 0.527344
0 0.726562 0.529297 0.722656 0.529297 0.720703 0.531250 0.720703 0.533203 0.722656 0.535156 0.724609 0.535156 0.726562 0.533203
0 0.455078 0.531250 0.453125 0.533203 0.455078 0.535156 0.457031 0.535156 0.458984 0.533203 0.457031 0.531250
0 0.847656 0.531250 0.845703 0.533203 0.845703 0.535156 0.847656 0.537109 0.851562 0.537109 0.851562 0.533203 0.849609 0.531250
0 0.373047 0.535156 0.371094 0.537109 0.371094 0.539062 0.373047 0.541016 0.375000 0.541016 0.376953 0.539062 0.376953 0.537109 0.375000 0.535156
0 0.681641 0.546875 0.681641 0.554688 0.685547 0.560547 0.689453 0.560547 0.691406 0.562500 0.699219 0.562500 0.701172 0.560547 0.701172 0.558594 0.703125 0.556641 0.705078 0.556641 0.705078 0.552734 0.701172 0.548828 0.701172 0.546875 0.695312 0.542969 0.687500 0.542969 0.683594 0.546875
0 0.134766 0.548828 0.134766 0.550781 0.136719 0.552734 0.138672 0.552734 0.138672 0.548828
0 0.822266 0.548828 0.820312 0.550781 0.818359 0.550781 0.816406 0.552734 0.814453 0.550781 0.814453 0.556641 0.818359 0.560547 0.822266 0.560547 0.826172 0.556641 0.826172 0.552734
0 0.429688 0.558594 0.423828 0.564453 0.423828 0.572266 0.427734 0.578125 0.435547 0.578125 0.437500 0.576172 0.439453 0.576172 0.439453 0.574219 0.441406 0.572266 0.441406 0.568359 0.439453 0.566406 0.439453 0.562500 0.435547 0.558594
0 0.765625 0.568359 0.763672 0.570312 0.761719 0.570312 0.759766 0.572266 0.759766 0.574219 0.757812 0.576172 0.759766 0.578125 0.759766 0.580078 0.763672 0.583984 0.767578 0.583984 0.771484 0.580078 0.771484 0.572266 0.769531 0.570312 0.767578 0.570312
1 0.792969 0.566406 0.792969 0.568359 0.791016 0.570312 0.791016 0.572266 0.792969 0.574219 0.791016 0.576172 0.794922 0.576172 0.796875 0.578125 0.791016 0.583984 0.791016 0.591797 0.792969 0.593750 0.796875 0.593750 0.802734 0.587891 0.802734 0.585938 0.800781 0.583984 0.806641 0.578125 0.806641 0.576172 0.802734 0.572266 0.800781 0.572266 0.798828 0.574219
0 0.609375 0.574219 0.605469 0.574219 0.599609 0.580078 0.599609 0.583984 0.601562 0.585938 0.601562 0.587891 0.603516 0.589844 0.605469 0.589844 0.607422 0.587891 0.609375 0.587891 0.613281 0.583984 0.613281 0.578125
0 0.371094 0.582031 0.371094 0.585938 0.373047 0.587891 0.382812 0.587891 0.384766 0.585938 0.384766 0.583984 0.382812 0.582031 0.378906 0.582031 0.376953 0.580078 0.373047 0.580078
0 0.814453 0.580078 0.816406 0.582031 0.820312 0.582031 0.820312 0.578125 0.816406 0.578125
0 0.451172 0.587891 0.451172 0.589844 0.449219 0.591797 0.449219 0.603516 0.451172 0.605469 0.460938 0.605469 0.462891 0.603516 0.462891 0.593750 0.458984 0.589844 0.455078 0.589844 0.453125 0.587891
0 0.486328 0.585938 0.484375 0.587891 0.484375 0.593750 0.486328 0.595703 0.488281 0.595703 0.490234 0.593750 0.490234 0.587891 0.488281 0.585938
0 0.648438 0.587891 0.646484 0.589844 0.646484 0.597656 0.648438 0.599609 0.654297 0.599609 0.658203 0.595703 0.656250 0.593750 0.656250 0.591797 0.652344 0.587891
0 0.521484 0.595703 0.517578 0.603516 0.517578 0.613281 0.525391 0.628906 0.523438 0.646484 0.531250 0.654297 0.544922 0.652344 0.546875 0.654297 0.544922 0.652344 0.548828 0.640625 0.554688 0.632812 0.550781 0.607422 0.539062 0.595703 0.533203 0.593750
0 0.589844 0.597656 0.587891 0.607422 0.593750 0.613281 0.601562 0.615234 0.607422 0.611328 0.611328 0.615234 0.613281 0.630859 0.617188 0.634766 0.626953 0.636719 0.632812 0.632812 0.636719 0.625000 0.630859 0.617188 0.628906 0.601562 0.621094 0.601562 0.613281 0.607422 0.609375 0.603516 0.611328 0.597656 0.605469 0.597656 0.601562 0.593750 0.599609 0.595703 0.595703 0.593750
0 0.837891 0.593750 0.835938 0.595703 0.835938 0.597656 0.837891 0.599609 0.839844 0.597656 0.839844 0.595703
0 0.693359 0.599609 0.691406 0.601562 0.691406 0.603516 0.693359 0.605469 0.695312 0.605469 0.697266 0.603516 0.697266 0.601562 0.695312 0.599609
0 0.718750 0.599609 0.716797 0.599609 0.714844 0.601562 0.716797 0.603516 0.716797 0.605469 0.720703 0.601562
0 0.341797 0.607422 0.339844 0.607422 0.339844 0.611328 0.341797 0.609375
0 0.500000 0.605469 0.496094 0.609375 0.496094 0.615234 0.498047 0.617188 0.498047 0.619141 0.500000 0.621094 0.500000 0.623047 0.505859 0.623047 0.509766 0.619141 0.509766 0.615234 0.505859 0.611328 0.505859 0.609375 0.501953 0.605469
0 0.685547 0.609375 0.685547 0.613281 0.687500 0.611328
0 0.701172 0.617188 0.697266 0.621094 0.697266 0.628906 0.701172 0.632812 0.703125 0.632812 0.705078 0.634766 0.712891 0.634766 0.716797 0.628906 0.714844 0.626953 0.714844 0.623047 0.708984 0.617188
0 0.742188 0.619141 0.740234 0.621094 0.738281 0.621094 0.738281 0.630859 0.740234 0.630859 0.742188 0.632812 0.746094 0.632812 0.750000 0.628906 0.750000 0.621094 0.748047 0.621094 0.746094 0.619141
0 0.039062 0.621094 0.037109 0.623047 0.037109 0.626953 0.039062 0.628906 0.041016 0.628906 0.042969 0.626953 0.042969 0.625000 0.044922 0.623047 0.042969 0.623047 0.041016 0.621094
0 0.361328 0.632812 0.361328 0.636719 0.363281 0.638672 0.371094 0.638672 0.375000 0.634766 0.375000 0.630859 0.373047 0.628906 0.363281 0.628906 0.363281 0.630859
1 0.482422 0.634766 0.486328 0.638672 0.488281 0.636719 0.490234 0.636719 0.488281 0.636719 0.486328 0.634766 0.484375 0.636719
1 0.732422 0.632812 0.724609 0.632812 0.716797 0.640625 0.716797 0.644531 0.712891 0.648438 0.710938 0.648438 0.708984 0.652344 0.708984 0.656250 0.712891 0.660156 0.720703 0.660156 0.724609 0.656250 0.728516 0.648438 0.736328 0.640625
0 0.777344 0.638672 0.775391 0.638672 0.771484 0.634766 0.769531 0.634766 0.763672 0.640625 0.763672 0.646484 0.773438 0.646484 0.775391 0.644531 0.775391 0.640625
0 0.386719 0.640625 0.386719 0.644531 0.384766 0.646484 0.388672 0.650391 0.390625 0.650391 0.392578 0.652344 0.400391 0.652344 0.402344 0.650391 0.404297 0.650391 0.404297 0.646484 0.398438 0.640625 0.396484 0.640625 0.394531 0.638672 0.388672 0.638672
0 0.421875 0.636719 0.419922 0.638672 0.419922 0.642578 0.421875 0.642578 0.423828 0.640625 0.423828 0.638672
0 0.498047 0.638672 0.496094 0.640625 0.496094 0.644531 0.498047 0.646484 0.503906 0.646484 0.503906 0.640625 0.501953 0.638672
0 0.585938 0.638672 0.583984 0.640625 0.583984 0.648438 0.585938 0.650391 0.585938 0.652344 0.587891 0.654297 0.597656 0.654297 0.601562 0.650391 0.601562 0.644531 0.599609 0.642578 0.599609 0.640625 0.595703 0.636719 0.589844 0.636719 0.587891 0.638672
0 0.322266 0.646484 0.316406 0.646484 0.314453 0.648438 0.312500 0.648438 0.308594 0.654297 0.308594 0.656250 0.314453 0.662109 0.316406 0.662109 0.318359 0.664062 0.320312 0.662109 0.322266 0.662109 0.324219 0.660156 0.326172 0.660156 0.326172 0.650391
1 0.431641 0.648438 0.433594 0.652344 0.433594 0.656250 0.435547 0.658203 0.443359 0.658203 0.445312 0.660156 0.441406 0.666016 0.441406 0.667969 0.445312 0.671875 0.451172 0.671875 0.457031 0.666016 0.458984 0.669922 0.460938 0.669922 0.470703 0.677734 0.474609 0.677734 0.476562 0.675781 0.480469 0.675781 0.484375 0.677734 0.490234 0.669922 0.488281 0.666016 0.488281 0.662109 0.476562 0.656250 0.466797 0.656250 0.462891 0.652344 0.460938 0.652344 0.453125 0.660156 0.445312 0.660156 0.443359 0.658203 0.445312 0.656250 0.445312 0.650391 0.441406 0.646484 0.437500 0.644531
0 0.882812 0.650391 0.878906 0.654297 0.878906 0.656250 0.876953 0.658203 0.876953 0.660156 0.878906 0.662109 0.878906 0.664062 0.880859 0.666016 0.886719 0.666016 0.890625 0.662109 0.890625 0.654297 0.888672 0.654297 0.886719 0.652344 0.884766 0.652344
0 0.408203 0.652344 0.406250 0.654297 0.404297 0.654297 0.402344 0.656250 0.406250 0.660156 0.406250 0.662109 0.410156 0.658203 0.410156 0.654297
0 0.669922 0.662109 0.664062 0.662109 0.662109 0.664062 0.662109 0.666016 0.666016 0.669922 0.669922 0.666016
0 0.679688 0.667969 0.679688 0.673828 0.681641 0.677734 0.685547 0.681641 0.691406 0.681641 0.693359 0.683594 0.695312 0.681641 0.703125 0.691406 0.707031 0.691406 0.712891 0.685547 0.710938 0.681641 0.707031 0.679688 0.701172 0.679688 0.697266 0.675781 0.699219 0.673828 0.699219 0.666016 0.695312 0.662109 0.689453 0.660156
0 0.810547 0.662109 0.810547 0.664062 0.808594 0.666016 0.808594 0.669922 0.810547 0.671875 0.814453 0.671875 0.816406 0.669922 0.816406 0.666016 0.812500 0.662109
0 0.939453 0.664062 0.937500 0.666016 0.937500 0.671875 0.939453 0.673828 0.943359 0.673828 0.945312 0.671875 0.945312 0.666016 0.943359 0.664062
0 0.625000 0.667969 0.625000 0.671875 0.626953 0.673828 0.628906 0.673828 0.630859 0.671875 0.630859 0.669922 0.628906 0.667969
0 0.839844 0.675781 0.841797 0.677734 0.845703 0.677734 0.849609 0.673828 0.847656 0.673828 0.845703 0.671875 0.841797 0.671875 0.839844 0.673828
0 0.882812 0.673828 0.880859 0.675781 0.878906 0.673828 0.873047 0.679688 0.873047 0.685547 0.875000 0.685547 0.878906 0.689453 0.880859 0.689453 0.884766 0.685547 0.886719 0.685547 0.884766 0.683594 0.886719 0.681641 0.886719 0.677734
0 0.804688 0.681641 0.800781 0.681641 0.800781 0.683594 0.802734 0.685547 0.804688 0.683594
0 0.494141 0.683594 0.492188 0.685547 0.494141 0.687500 0.494141 0.689453 0.496094 0.689453 0.498047 0.687500 0.498047 0.685547 0.496094 0.683594
0 0.529297 0.685547 0.527344 0.687500 0.525391 0.687500 0.523438 0.689453 0.521484 0.689453 0.521484 0.691406 0.519531 0.693359 0.519531 0.701172 0.521484 0.703125 0.529297 0.703125 0.533203 0.699219 0.533203 0.691406 0.531250 0.689453 0.531250 0.687500
0 0.541016 0.683594 0.539062 0.685547 0.539062 0.691406 0.541016 0.693359 0.541016 0.695312 0.546875 0.695312 0.550781 0.691406 0.550781 0.685547 0.548828 0.685547 0.546875 0.683594
0 0.576172 0.683594 0.574219 0.685547 0.574219 0.691406 0.576172 0.693359 0.582031 0.693359 0.583984 0.691406 0.583984 0.687500 0.580078 0.683594
0 0.763672 0.687500 0.765625 0.687500 0.767578 0.689453 0.771484 0.689453 0.771484 0.685547 0.769531 0.683594 0.767578 0.683594
0 0.417969 0.691406 0.417969 0.695312 0.419922 0.697266 0.423828 0.697266 0.425781 0.695312 0.421875 0.691406
1 0.673828 0.691406 0.669922 0.691406 0.667969 0.693359 0.667969 0.695312 0.664062 0.699219 0.660156 0.699219 0.658203 0.701172 0.658203 0.705078 0.662109 0.708984 0.666016 0.708984 0.667969 0.707031 0.667969 0.703125 0.669922 0.701172 0.671875 0.701172 0.675781 0.697266 0.675781 0.693359
0 0.718750 0.697266 0.712891 0.697266 0.710938 0.695312 0.707031 0.697266 0.703125 0.701172 0.703125 0.707031 0.701172 0.708984 0.699219 0.708984 0.691406 0.699219 0.687500 0.699219 0.683594 0.705078 0.683594 0.710938 0.689453 0.716797 0.697266 0.712891 0.699219 0.714844 0.695312 0.722656 0.689453 0.722656 0.685547 0.718750 0.687500 0.720703 0.681641 0.726562 0.681641 0.734375 0.685547 0.742188 0.693359 0.742188 0.701172 0.732422 0.705078 0.734375 0.720703 0.732422 0.716797 0.726562 0.716797 0.718750 0.718750 0.716797 0.722656 0.716797 0.726562 0.712891 0.726562 0.707031
1 0.775391 0.699219 0.771484 0.703125 0.771484 0.707031 0.775391 0.710938 0.775391 0.714844 0.773438 0.716797 0.771484 0.716797 0.771484 0.718750 0.769531 0.720703 0.775391 0.724609 0.779297 0.724609 0.781250 0.722656 0.781250 0.716797 0.779297 0.716797 0.777344 0.714844 0.783203 0.708984 0.783203 0.703125 0.779297 0.699219
0 0.373047 0.705078 0.371094 0.707031 0.373047 0.708984 0.373047 0.710938 0.375000 0.708984 0.376953 0.708984
0 0.560547 0.705078 0.558594 0.707031 0.558594 0.708984 0.562500 0.712891 0.564453 0.712891 0.566406 0.710938 0.566406 0.708984 0.562500 0.705078
0 0.750000 0.705078 0.746094 0.705078 0.744141 0.707031 0.738281 0.708984 0.738281 0.710938 0.736328 0.712891 0.738281 0.714844 0.738281 0.716797 0.736328 0.718750 0.740234 0.722656 0.742188 0.722656 0.744141 0.724609 0.748047 0.724609 0.750000 0.722656 0.751953 0.722656 0.755859 0.718750 0.755859 0.708984
0 0.337891 0.712891 0.335938 0.714844 0.337891 0.716797 0.339844 0.714844
0 0.628906 0.714844 0.626953 0.716797 0.626953 0.718750 0.625000 0.720703 0.626953 0.722656 0.626953 0.724609 0.628906 0.726562 0.632812 0.726562 0.634766 0.724609 0.634766 0.718750 0.630859 0.714844
0 0.533203 0.720703 0.531250 0.722656 0.531250 0.724609 0.533203 0.726562 0.535156 0.726562 0.537109 0.724609 0.537109 0.722656 0.535156 0.720703
0 0.603516 0.728516 0.603516 0.734375 0.605469 0.734375 0.607422 0.732422 0.607422 0.730469 0.605469 0.728516
0 0.621094 0.740234 0.621094 0.742188 0.619141 0.744141 0.619141 0.750000 0.625000 0.750000 0.626953 0.748047 0.626953 0.744141 0.623047 0.740234
0 0.195312 0.746094 0.195312 0.748047 0.197266 0.750000 0.201172 0.750000 0.201172 0.746094
0 0.300781 0.750000 0.300781 0.753906 0.302734 0.755859 0.304688 0.753906 0.304688 0.751953 0.302734 0.750000
0 0.765625 0.759766 0.767578 0.769531 0.777344 0.775391 0.777344 0.785156 0.779297 0.787109 0.789062 0.787109 0.794922 0.783203 0.800781 0.785156 0.804688 0.779297 0.796875 0.771484 0.787109 0.771484 0.785156 0.769531 0.789062 0.763672 0.789062 0.759766 0.779297 0.751953 0.777344 0.753906 0.771484 0.753906
0 0.900391 0.750000 0.900391 0.753906 0.902344 0.753906 0.904297 0.751953 0.902344 0.750000
0 0.597656 0.755859 0.595703 0.757812 0.595703 0.759766 0.597656 0.761719 0.599609 0.761719 0.601562 0.759766 0.601562 0.757812 0.599609 0.755859
0 0.619141 0.763672 0.617188 0.765625 0.617188 0.769531 0.619141 0.771484 0.621094 0.771484 0.623047 0.769531 0.623047 0.765625 0.621094 0.763672
0 0.728516 0.765625 0.726562 0.767578 0.726562 0.773438 0.728516 0.775391 0.732422 0.775391 0.736328 0.771484 0.736328 0.767578 0.734375 0.765625
0 0.935547 0.765625 0.933594 0.767578 0.933594 0.769531 0.935547 0.771484 0.939453 0.771484 0.941406 0.769531 0.941406 0.767578 0.939453 0.765625
0 0.308594 0.769531 0.304688 0.769531 0.302734 0.771484 0.300781 0.771484 0.302734 0.773438 0.306641 0.773438 0.308594 0.771484
0 0.365234 0.771484 0.363281 0.773438 0.363281 0.775391 0.365234 0.777344 0.369141 0.777344 0.371094 0.775391 0.367188 0.771484
0 0.914062 0.771484 0.904297 0.771484 0.900391 0.777344 0.900391 0.789062 0.898438 0.791016 0.896484 0.789062 0.892578 0.789062 0.888672 0.792969 0.892578 0.798828 0.900391 0.798828 0.898438 0.796875 0.902344 0.792969 0.904297 0.796875 0.912109 0.796875 0.916016 0.794922 0.917969 0.791016 0.917969 0.775391
0 0.501953 0.775391 0.498047 0.775391 0.498047 0.777344 0.496094 0.779297 0.496094 0.781250 0.500000 0.785156 0.501953 0.783203 0.503906 0.783203 0.505859 0.781250 0.503906 0.779297 0.503906 0.777344
0 0.628906 0.773438 0.623047 0.779297 0.625000 0.779297 0.628906 0.783203 0.630859 0.783203 0.632812 0.781250 0.632812 0.775391 0.630859 0.773438
0 0.966797 0.777344 0.964844 0.779297 0.964844 0.787109 0.968750 0.791016 0.972656 0.791016 0.976562 0.787109 0.976562 0.781250 0.972656 0.777344
0 0.759766 0.791016 0.755859 0.791016 0.755859 0.792969 0.753906 0.794922 0.757812 0.798828 0.761719 0.794922 0.761719 0.792969
0 0.861328 0.789062 0.857422 0.789062 0.855469 0.791016 0.857422 0.791016 0.859375 0.792969 0.861328 0.791016
0 0.587891 0.792969 0.585938 0.794922 0.585938 0.796875 0.587891 0.798828 0.589844 0.798828 0.591797 0.796875 0.591797 0.794922 0.589844 0.792969
1 0.611328 0.804688 0.613281 0.804688 0.615234 0.806641 0.617188 0.806641 0.617188 0.804688 0.615234 0.802734 0.613281 0.802734
0 0.453125 0.814453 0.455078 0.816406 0.455078 0.822266 0.457031 0.824219 0.457031 0.826172 0.458984 0.826172 0.462891 0.830078 0.468750 0.830078 0.472656 0.826172 0.472656 0.824219 0.474609 0.822266 0.472656 0.816406 0.466797 0.810547 0.458984 0.810547 0.455078 0.814453
0 0.630859 0.812500 0.628906 0.814453 0.628906 0.816406 0.630859 0.818359 0.632812 0.818359 0.634766 0.816406 0.634766 0.814453 0.632812 0.812500
1 0.224609 0.818359 0.224609 0.822266 0.226562 0.824219 0.226562 0.828125 0.222656 0.832031 0.222656 0.833984 0.224609 0.835938 0.226562 0.835938 0.228516 0.833984 0.228516 0.830078 0.226562 0.828125 0.226562 0.824219 0.228516 0.822266 0.228516 0.820312 0.226562 0.818359
0 0.742188 0.818359 0.742188 0.826172 0.746094 0.830078 0.751953 0.830078 0.753906 0.828125 0.755859 0.828125 0.757812 0.826172 0.757812 0.820312 0.753906 0.816406 0.744141 0.816406
0 0.974609 0.818359 0.972656 0.818359 0.970703 0.820312 0.970703 0.822266 0.972656 0.824219 0.976562 0.820312
1 0.529297 0.835938 0.531250 0.839844 0.529297 0.841797 0.535156 0.841797 0.548828 0.861328 0.562500 0.861328 0.570312 0.849609 0.576172 0.849609 0.582031 0.855469 0.593750 0.849609 0.593750 0.841797 0.576172 0.833984 0.574219 0.835938 0.566406 0.828125 0.546875 0.828125 0.539062 0.833984
0 0.712891 0.830078 0.712891 0.833984 0.718750 0.839844 0.720703 0.839844 0.722656 0.837891 0.724609 0.837891 0.724609 0.830078 0.722656 0.828125 0.714844 0.828125
0 0.779297 0.830078 0.777344 0.832031 0.777344 0.833984 0.779297 0.835938 0.783203 0.835938 0.785156 0.833984 0.785156 0.832031 0.783203 0.830078
0 0.984375 0.828125 0.984375 0.832031 0.988281 0.832031 0.988281 0.830078 0.986328 0.828125
0 0.330078 0.832031 0.328125 0.833984 0.328125 0.835938 0.330078 0.837891 0.332031 0.837891 0.333984 0.835938 0.333984 0.833984 0.332031 0.832031
0 0.794922 0.833984 0.792969 0.833984 0.785156 0.841797 0.785156 0.845703 0.791016 0.851562 0.792969 0.851562 0.794922 0.849609 0.796875 0.849609 0.798828 0.847656 0.798828 0.845703 0.800781 0.843750 0.798828 0.841797 0.798828 0.839844 0.794922 0.835938
1 0.638672 0.841797 0.634766 0.837891 0.632812 0.839844 0.628906 0.839844 0.628906 0.841797 0.626953 0.843750 0.617188 0.839844 0.611328 0.843750 0.611328 0.847656 0.615234 0.851562 0.623047 0.851562 0.625000 0.849609 0.628906 0.849609 0.630859 0.851562 0.634766 0.851562 0.636719 0.849609 0.638672 0.851562 0.638672 0.847656 0.636719 0.845703 0.638672 0.843750
0 0.917969 0.835938 0.917969 0.839844 0.919922 0.841797 0.921875 0.839844 0.921875 0.837891 0.919922 0.835938
0 0.945312 0.843750 0.943359 0.845703 0.943359 0.849609 0.945312 0.851562 0.949219 0.851562 0.951172 0.849609 0.951172 0.845703 0.949219 0.843750
0 0.689453 0.849609 0.687500 0.851562 0.687500 0.853516 0.691406 0.857422 0.693359 0.855469 0.693359 0.851562 0.691406 0.849609
0 0.826172 0.847656 0.818359 0.851562 0.818359 0.855469 0.820312 0.859375 0.826172 0.863281 0.824219 0.867188 0.820312 0.867188 0.820312 0.871094 0.822266 0.873047 0.824219 0.873047 0.830078 0.865234 0.835938 0.865234 0.839844 0.861328 0.839844 0.855469 0.835938 0.851562 0.828125 0.851562
0 0.875000 0.849609 0.873047 0.849609 0.871094 0.851562 0.869141 0.851562 0.867188 0.853516 0.867188 0.857422 0.869141 0.859375 0.869141 0.861328 0.871094 0.863281 0.873047 0.863281 0.875000 0.861328 0.876953 0.861328 0.878906 0.859375 0.878906 0.853516
1 0.998047 0.847656 0.996094 0.849609 0.996094 0.851562 0.992188 0.857422 0.992188 0.869141 0.994141 0.871094 0.994141 0.873047 0.998047 0.876953
0 0.966797 0.851562 0.966797 0.853516 0.964844 0.855469 0.966797 0.857422 0.970703 0.857422 0.972656 0.855469 0.972656 0.853516 0.970703 0.851562
0 0.382812 0.859375 0.380859 0.861328 0.380859 0.865234 0.382812 0.865234 0.384766 0.867188 0.386719 0.867188 0.388672 0.865234 0.388672 0.861328 0.386719 0.859375
0 0.619141 0.861328 0.615234 0.861328 0.613281 0.863281 0.613281 0.865234 0.617188 0.869141 0.621094 0.865234 0.621094 0.863281
0 0.642578 0.867188 0.640625 0.865234 0.638672 0.865234 0.636719 0.867188 0.630859 0.867188 0.628906 0.869141 0.628906 0.875000 0.630859 0.876953 0.632812 0.876953 0.636719 0.873047 0.638672 0.873047 0.642578 0.869141
0 0.443359 0.867188 0.443359 0.871094 0.445312 0.871094 0.445312 0.867188
0 0.660156 0.873047 0.658203 0.871094 0.656250 0.871094 0.654297 0.873047 0.654297 0.876953 0.658203 0.876953 0.658203 0.875000
0 0.699219 0.873047 0.699219 0.876953 0.703125 0.876953 0.703125 0.873047
0 0.855469 0.871094 0.837891 0.873047 0.810547 0.890625 0.816406 0.906250 0.824219 0.908203 0.818359 0.927734 0.822266 0.929688 0.830078 0.921875 0.843750 0.923828 0.839844 0.935547 0.826172 0.947266 0.828125 0.966797 0.851562 0.964844 0.871094 0.933594 0.863281 0.898438 0.865234 0.884766
0 0.669922 0.875000 0.669922 0.878906 0.671875 0.880859 0.675781 0.880859 0.675781 0.875000
0 0.792969 0.875000 0.785156 0.878906 0.783203 0.888672 0.779297 0.892578 0.769531 0.894531 0.761719 0.904297 0.761719 0.921875 0.771484 0.931641 0.773438 0.939453 0.783203 0.933594 0.789062 0.933594 0.804688 0.919922 0.796875 0.914062 0.794922 0.900391 0.802734 0.894531 0.802734 0.886719
0 0.888672 0.884766 0.882812 0.890625 0.882812 0.898438 0.888672 0.904297 0.902344 0.904297 0.902344 0.902344 0.904297 0.900391 0.904297 0.896484 0.910156 0.890625 0.910156 0.888672 0.908203 0.886719 0.902344 0.890625 0.898438 0.890625 0.894531 0.886719
1 0.642578 0.890625 0.642578 0.894531 0.644531 0.896484 0.648438 0.896484 0.652344 0.892578 0.654297 0.892578 0.658203 0.896484 0.660156 0.894531 0.660156 0.892578 0.658203 0.890625 0.656250 0.890625 0.654297 0.892578 0.652344 0.892578 0.648438 0.888672 0.646484 0.888672 0.644531 0.890625
0 0.736328 0.898438 0.732422 0.898438 0.732422 0.900391 0.730469 0.902344 0.730469 0.910156 0.732422 0.912109 0.734375 0.912109 0.736328 0.910156 0.738281 0.910156 0.740234 0.908203 0.740234 0.902344
0 0.927734 0.902344 0.923828 0.902344 0.921875 0.904297 0.921875 0.908203 0.923828 0.910156 0.925781 0.910156 0.929688 0.906250 0.927734 0.904297
0 0.716797 0.906250 0.714844 0.908203 0.716797 0.910156 0.718750 0.910156 0.720703 0.908203 0.718750 0.906250
0 0.701172 0.912109 0.699219 0.914062 0.695312 0.914062 0.693359 0.916016 0.693359 0.917969 0.695312 0.919922 0.697266 0.919922 0.699219 0.921875 0.701172 0.921875
0 0.748047 0.910156 0.746094 0.912109 0.746094 0.914062 0.748047 0.916016 0.750000 0.914062 0.750000 0.912109
0 0.445312 0.919922 0.445312 0.921875 0.449219 0.921875 0.449219 0.919922
0 0.732422 0.917969 0.724609 0.917969 0.712891 0.925781 0.710938 0.923828 0.710938 0.927734 0.707031 0.931641 0.701172 0.929688 0.705078 0.935547 0.701172 0.941406 0.701172 0.955078 0.707031 0.960938 0.712891 0.962891 0.716797 0.960938 0.724609 0.966797 0.742188 0.945312 0.742188 0.933594 0.744141 0.931641 0.742188 0.925781 0.738281 0.925781
0 0.548828 0.921875 0.548828 0.929688 0.550781 0.931641 0.552734 0.931641 0.554688 0.929688 0.554688 0.923828 0.552734 0.921875
0 0.470703 0.925781 0.468750 0.927734 0.468750 0.931641 0.470703 0.931641 0.472656 0.933594 0.474609 0.931641 0.474609 0.927734 0.472656 0.927734
0 0.652344 0.927734 0.650391 0.929688 0.650391 0.931641 0.652344 0.933594 0.656250 0.933594 0.656250 0.929688 0.654297 0.927734
0 0.509766 0.929688 0.507812 0.931641 0.507812 0.933594 0.509766 0.935547 0.509766 0.937500 0.511719 0.937500 0.513672 0.935547 0.513672 0.931641 0.511719 0.929688
1 0.675781 0.929688 0.673828 0.931641 0.669922 0.931641 0.667969 0.933594 0.669922 0.935547 0.671875 0.935547 0.673828 0.933594 0.675781 0.933594
0 0.291016 0.937500 0.289062 0.939453 0.289062 0.941406 0.291016 0.943359 0.292969 0.941406 0.292969 0.939453
0 0.652344 0.939453 0.648438 0.943359 0.648438 0.947266 0.650391 0.949219 0.656250 0.949219 0.658203 0.947266 0.656250 0.945312 0.656250 0.943359
0 0.800781 0.937500 0.798828 0.939453 0.800781 0.941406 0.802734 0.941406 0.804688 0.939453 0.802734 0.937500
1 0.548828 0.947266 0.544922 0.951172 0.542969 0.951172 0.542969 0.958984 0.544922 0.960938 0.546875 0.960938 0.554688 0.968750 0.554688 0.972656 0.552734 0.974609 0.552734 0.976562 0.554688 0.978516 0.556641 0.978516 0.558594 0.976562 0.556641 0.974609 0.556641 0.968750 0.558594 0.966797 0.556641 0.964844 0.556641 0.958984 0.552734 0.953125 0.554688 0.951172 0.552734 0.949219 0.552734 0.947266
0 0.568359 0.947266 0.566406 0.947266 0.564453 0.949219 0.566406 0.951172 0.568359 0.949219
0 0.925781 0.945312 0.914062 0.955078 0.914062 0.958984 0.912109 0.960938 0.914062 0.970703 0.919922 0.974609 0.929688 0.974609 0.937500 0.966797 0.937500 0.962891 0.939453 0.960938 0.939453 0.955078 0.933594 0.949219
0 0.630859 0.949219 0.628906 0.951172 0.626953 0.951172 0.626953 0.953125 0.625000 0.955078 0.625000 0.964844 0.630859 0.970703 0.636719 0.972656 0.638672 0.970703 0.640625 0.970703 0.644531 0.964844 0.644531 0.955078 0.638672 0.949219
0 0.585938 0.953125 0.582031 0.957031 0.582031 0.958984 0.585938 0.962891 0.587891 0.962891 0.591797 0.958984 0.591797 0.957031 0.587891 0.953125
0 0.679688 0.955078 0.675781 0.958984 0.675781 0.964844 0.681641 0.970703 0.687500 0.970703 0.691406 0.966797 0.691406 0.960938 0.687500 0.957031 0.685547 0.957031 0.683594 0.955078
0 0.531250 0.958984 0.529297 0.958984 0.527344 0.960938 0.527344 0.966797 0.531250 0.966797 0.533203 0.964844 0.533203 0.960938
0 0.576172 0.960938 0.574219 0.962891 0.574219 0.966797 0.576172 0.968750 0.582031 0.968750 0.580078 0.966797 0.580078 0.962891 0.578125 0.960938
1 0.642578 0.998047 0.640625 0.984375 0.636719 0.980469 0.632812 0.980469 0.623047 0.992188 0.619141 0.986328 0.615234 0.984375 0.617188 0.982422 0.615234 0.978516 0.599609 0.960938 0.582031 0.974609 0.582031 0.982422 0.574219 0.990234 0.570312 0.990234 0.562500 0.984375 0.556641 0.986328 0.552734 0.990234 0.552734 0.994141 0.556641 0.998047 0.572266 0.998047 0.578125 0.994141 0.580078 0.998047 0.607422 0.998047 0.609375 0.996094 0.615234 0.998047 0.621094 0.996094 0.626953 0.998047
0 0.818359 0.962891 0.810547 0.962891 0.806641 0.966797 0.804688 0.966797 0.804688 0.968750 0.802734 0.970703 0.802734 0.974609 0.800781 0.976562 0.800781 0.980469 0.802734 0.982422 0.804688 0.982422 0.806641 0.984375 0.812500 0.986328 0.818359 0.980469 0.818359 0.978516 0.820312 0.976562 0.820312 0.964844
0 0.710938 0.966797 0.708984 0.968750 0.712891 0.972656 0.714844 0.972656 0.716797 0.970703 0.716797 0.968750 0.714844 0.966797
0 0.787109 0.966797 0.787109 0.972656 0.791016 0.972656 0.792969 0.970703 0.791016 0.968750 0.792969 0.966797
0 0.347656 0.976562 0.345703 0.978516 0.345703 0.982422 0.349609 0.986328 0.353516 0.986328 0.355469 0.984375 0.355469 0.980469 0.351562 0.976562
0 0.648438 0.978516 0.648438 0.982422 0.650391 0.984375 0.652344 0.982422 0.652344 0.980469 0.650391 0.978516
0 0.755859 0.976562 0.753906 0.978516 0.753906 0.980469 0.755859 0.982422 0.757812 0.982422 0.759766 0.980469 0.759766 0.978516 0.757812 0.976562
0 0.931641 0.978516 0.931641 0.980469 0.929688 0.982422 0.929688 0.994141 0.935547 0.994141 0.937500 0.992188 0.939453 0.992188 0.941406 0.990234 0.941406 0.984375 0.935547 0.978516
0 0.664062 0.988281 0.662109 0.990234 0.662109 0.994141 0.664062 0.996094 0.664062 0.998047 0.667969 0.998047 0.669922 0.996094 0.669922 0.990234 0.667969 0.988281
1 0.896484 0.996094 0.896484 0.998047 0.908203 0.998047 0.906250 0.996094 0.906250 0.994141 0.898438 0.994141
0 0.755859 0.068359 0.755859 0.072266 0.751953 0.072266 0.750000 0.070312 0.753906 0.066406
0 0.759766 0.074219 0.759766 0.078125 0.755859 0.078125 0.753906 0.076172 0.757812 0.072266
0 0.750000 0.080078 0.750000 0.083984 0.746094 0.083984 0.744141 0.082031 0.748047 0.078125
0 0.277344 0.085938 0.275391 0.085938 0.273438 0.087891 0.269531 0.087891 0.267578 0.085938 0.267578 0.080078 0.269531 0.078125 0.273438 0.078125 0.275391 0.080078 0.277344 0.080078
0 0.292969 0.082031 0.292969 0.085938 0.289062 0.085938 0.287109 0.083984 0.291016 0.080078
0 0.289062 0.105469 0.287109 0.105469 0.285156 0.107422 0.281250 0.107422 0.279297 0.105469 0.279297 0.099609 0.281250 0.097656 0.285156 0.097656 0.287109 0.099609 0.289062 0.099609
0 0.279297 0.107422 0.277344 0.109375 0.277344 0.111328 0.275391 0.113281 0.269531 0.113281 0.267578 0.111328 0.267578 0.109375 0.265625 0.107422 0.265625 0.105469 0.267578 0.103516 0.267578 0.101562 0.269531 0.099609 0.275391 0.099609 0.277344 0.101562 0.277344 0.103516 0.279297 0.105469
0 0.328125 0.105469 0.328125 0.109375 0.324219 0.109375 0.322266 0.107422 0.326172 0.103516
0 0.318359 0.117188 0.316406 0.117188 0.314453 0.119141 0.310547 0.119141 0.308594 0.117188 0.308594 0.111328 0.310547 0.109375 0.314453 0.109375 0.316406 0.111328 0.318359 0.111328
0 0.302734 0.117188 0.302734 0.121094 0.298828 0.121094 0.296875 0.119141 0.300781 0.115234
0 0.250000 0.123047 0.248047 0.123047 0.246094 0.125000 0.242188 0.125000 0.240234 0.123047 0.240234 0.117188 0.242188 0.115234 0.246094 0.115234 0.248047 0.117188 0.250000 0.117188
0 0.269531 0.126953 0.267578 0.126953 0.265625 0.128906 0.261719 0.128906 0.259766 0.126953 0.259766 0.121094 0.261719 0.119141 0.265625 0.119141 0.267578 0.121094 0.269531 0.121094
0 0.263672 0.142578 0.263672 0.146484 0.259766 0.146484 0.257812 0.144531 0.261719 0.140625
0 0.269531 0.158203 0.269531 0.162109 0.265625 0.162109 0.263672 0.160156 0.267578 0.156250
0 0.263672 0.166016 0.263672 0.169922 0.259766 0.169922 0.257812 0.167969 0.261719 0.164062
0 0.277344 0.166016 0.277344 0.169922 0.273438 0.169922 0.271484 0.167969 0.275391 0.164062
0 0.275391 0.171875 0.275391 0.175781 0.271484 0.175781 0.269531 0.173828 0.273438 0.169922
0 0.212891 0.191406 0.210938 0.193359 0.210938 0.195312 0.208984 0.197266 0.203125 0.197266 0.201172 0.195312 0.201172 0.193359 0.199219 0.191406 0.199219 0.189453 0.201172 0.187500 0.201172 0.185547 0.203125 0.183594 0.208984 0.183594 0.210938 0.185547 0.210938 0.187500 0.212891 0.189453
0 0.195312 0.195312 0.193359 0.195312 0.191406 0.197266 0.187500 0.197266 0.185547 0.195312 0.185547 0.189453 0.187500 0.187500 0.191406 0.187500 0.193359 0.189453 0.195312 0.189453
0 0.998047 0.199219 0.994141 0.199219 0.992188 0.197266 0.992188 0.191406 0.994141 0.189453 0.998047 0.189453
0 0.232422 0.201172 0.230469 0.201172 0.228516 0.203125 0.224609 0.203125 0.222656 0.201172 0.222656 0.195312 0.224609 0.193359 0.228516 0.193359 0.230469 0.195312 0.232422 0.195312
0 0.269531 0.203125 0.267578 0.203125 0.265625 0.205078 0.261719 0.205078 0.259766 0.203125 0.259766 0.197266 0.261719 0.195312 0.265625 0.195312 0.267578 0.197266 0.269531 0.197266
0 0.279297 0.208984 0.277344 0.208984 0.275391 0.210938 0.271484 0.210938 0.269531 0.208984 0.269531 0.203125 0.271484 0.201172 0.275391 0.201172 0.277344 0.203125 0.279297 0.203125
0 0.222656 0.207031 0.222656 0.210938 0.218750 0.210938 0.216797 0.208984 0.220703 0.205078
0 0.761719 0.207031 0.761719 0.210938 0.757812 0.210938 0.755859 0.208984 0.759766 0.205078
0 0.769531 0.208984 0.769531 0.212891 0.765625 0.212891 0.763672 0.210938 0.767578 0.207031
0 0.285156 0.210938 0.285156 0.214844 0.281250 0.214844 0.279297 0.212891 0.283203 0.208984
0 0.322266 0.212891 0.322266 0.216797 0.318359 0.216797 0.316406 0.214844 0.320312 0.210938
0 0.371094 0.214844 0.371094 0.218750 0.367188 0.218750 0.365234 0.216797 0.369141 0.212891
0 0.365234 0.218750 0.365234 0.222656 0.361328 0.222656 0.359375 0.220703 0.363281 0.216797
0 0.931641 0.218750 0.931641 0.222656 0.927734 0.222656 0.925781 0.220703 0.929688 0.216797
0 0.251953 0.224609 0.250000 0.224609 0.248047 0.226562 0.244141 0.226562 0.242188 0.224609 0.242188 0.218750 0.244141 0.216797 0.248047 0.216797 0.250000 0.218750 0.251953 0.218750
0 0.330078 0.228516 0.328125 0.228516 0.326172 0.230469 0.322266 0.230469 0.320312 0.228516 0.320312 0.222656 0.322266 0.220703 0.326172 0.220703 0.328125 0.222656 0.330078 0.222656
0 0.371094 0.224609 0.371094 0.228516 0.367188 0.228516 0.365234 0.226562 0.369141 0.222656
0 0.937500 0.224609 0.937500 0.228516 0.933594 0.228516 0.931641 0.226562 0.935547 0.222656
0 0.314453 0.226562 0.314453 0.230469 0.310547 0.230469 0.308594 0.228516 0.312500 0.224609
0 0.183594 0.228516 0.183594 0.232422 0.179688 0.232422 0.177734 0.230469 0.181641 0.226562
0 0.464844 0.228516 0.464844 0.232422 0.460938 0.232422 0.458984 0.230469 0.462891 0.226562
0 0.269531 0.234375 0.267578 0.234375 0.265625 0.236328 0.261719 0.236328 0.259766 0.234375 0.259766 0.228516 0.261719 0.226562 0.265625 0.226562 0.267578 0.228516 0.269531 0.228516
0 0.341797 0.234375 0.339844 0.234375 0.337891 0.236328 0.333984 0.236328 0.332031 0.234375 0.332031 0.228516 0.333984 0.226562 0.337891 0.226562 0.339844 0.228516 0.341797 0.228516
0 0.929688 0.230469 0.929688 0.234375 0.925781 0.234375 0.923828 0.232422 0.927734 0.228516
0 0.187500 0.234375 0.187500 0.238281 0.183594 0.238281 0.181641 0.236328 0.185547 0.232422
0 0.011719 0.242188 0.009766 0.242188 0.007812 0.244141 0.003906 0.244141 0.001953 0.242188 0.001953 0.236328 0.003906 0.234375 0.007812 0.234375 0.009766 0.236328 0.011719 0.236328
0 0.181641 0.238281 0.181641 0.242188 0.177734 0.242188 0.175781 0.240234 0.179688 0.236328
0 0.312500 0.242188 0.310547 0.242188 0.308594 0.244141 0.304688 0.244141 0.302734 0.242188 0.302734 0.236328 0.304688 0.234375 0.308594 0.234375 0.310547 0.236328 0.312500 0.236328
0 0.376953 0.240234 0.376953 0.244141 0.373047 0.244141 0.371094 0.242188 0.375000 0.238281
0 0.019531 0.248047 0.017578 0.248047 0.015625 0.250000 0.011719 0.250000 0.009766 0.248047 0.009766 0.242188 0.011719 0.240234 0.015625 0.240234 0.017578 0.242188 0.019531 0.242188
0 0.193359 0.244141 0.193359 0.248047 0.189453 0.248047 0.187500 0.246094 0.191406 0.242188
0 0.314453 0.251953 0.312500 0.251953 0.310547 0.253906 0.306641 0.253906 0.304688 0.251953 0.304688 0.246094 0.306641 0.244141 0.310547 0.244141 0.312500 0.246094 0.314453 0.246094
0 0.347656 0.251953 0.345703 0.251953 0.343750 0.253906 0.339844 0.253906 0.337891 0.251953 0.337891 0.246094 0.339844 0.244141 0.343750 0.244141 0.345703 0.246094 0.347656 0.246094
0 0.380859 0.250000 0.380859 0.253906 0.376953 0.253906 0.375000 0.251953 0.378906 0.248047
0 0.324219 0.255859 0.322266 0.257812 0.322266 0.259766 0.320312 0.261719 0.314453 0.261719 0.312500 0.259766 0.312500 0.257812 0.310547 0.255859 0.310547 0.253906 0.312500 0.251953 0.312500 0.250000 0.314453 0.248047 0.320312 0.248047 0.322266 0.250000 0.322266 0.251953 0.324219 0.253906
0 0.300781 0.257812 0.298828 0.259766 0.298828 0.261719 0.296875 0.263672 0.291016 0.263672 0.289062 0.261719 0.289062 0.259766 0.287109 0.257812 0.287109 0.255859 0.289062 0.253906 0.289062 0.251953 0.291016 0.250000 0.296875 0.250000 0.298828 0.251953 0.298828 0.253906 0.300781 0.255859
0 0.160156 0.257812 0.160156 0.261719 0.156250 0.261719 0.154297 0.259766 0.158203 0.255859
0 0.152344 0.261719 0.152344 0.265625 0.148438 0.265625 0.146484 0.263672 0.150391 0.259766
0 0.029297 0.269531 0.027344 0.271484 0.027344 0.273438 0.025391 0.275391 0.019531 0.275391 0.017578 0.273438 0.017578 0.271484 0.015625 0.269531 0.015625 0.267578 0.017578 0.265625 0.017578 0.263672 0.019531 0.261719 0.025391 0.261719 0.027344 0.263672 0.027344 0.265625 0.029297 0.267578
0 0.138672 0.267578 0.138672 0.271484 0.134766 0.271484 0.132812 0.269531 0.136719 0.265625
0 0.281250 0.273438 0.279297 0.273438 0.277344 0.275391 0.273438 0.275391 0.271484 0.273438 0.271484 0.267578 0.273438 0.265625 0.277344 0.265625 0.279297 0.267578 0.281250 0.267578
0 0.304688 0.273438 0.302734 0.273438 0.300781 0.275391 0.296875 0.275391 0.294922 0.273438 0.294922 0.267578 0.296875 0.265625 0.300781 0.265625 0.302734 0.267578 0.304688 0.267578
0 0.117188 0.271484 0.117188 0.275391 0.113281 0.275391 0.111328 0.273438 0.115234 0.269531
0 0.199219 0.271484 0.199219 0.275391 0.195312 0.275391 0.193359 0.273438 0.197266 0.269531
0 0.232422 0.273438 0.232422 0.277344 0.228516 0.277344 0.226562 0.275391 0.230469 0.271484
0 0.123047 0.275391 0.123047 0.279297 0.119141 0.279297 0.117188 0.277344 0.121094 0.273438
0 0.167969 0.279297 0.166016 0.279297 0.164062 0.281250 0.160156 0.281250 0.158203 0.279297 0.158203 0.273438 0.160156 0.271484 0.164062 0.271484 0.166016 0.273438 0.167969 0.273438
0 0.201172 0.277344 0.201172 0.281250 0.197266 0.281250 0.195312 0.279297 0.199219 0.275391
0 0.271484 0.277344 0.271484 0.281250 0.267578 0.281250 0.265625 0.279297 0.269531 0.275391
0 0.220703 0.283203 0.218750 0.283203 0.216797 0.285156 0.212891 0.285156 0.210938 0.283203 0.210938 0.277344 0.212891 0.275391 0.216797 0.275391 0.218750 0.277344 0.220703 0.277344
0 0.107422 0.281250 0.107422 0.285156 0.103516 0.285156 0.101562 0.283203 0.105469 0.279297
0 0.218750 0.287109 0.212891 0.292969 0.207031 0.292969 0.201172 0.287109 0.201172 0.281250 0.207031 0.275391 0.212891 0.275391 0.218750 0.281250
0 0.232422 0.283203 0.232422 0.287109 0.228516 0.287109 0.226562 0.285156 0.230469 0.281250
0 0.285156 0.287109 0.283203 0.287109 0.281250 0.289062 0.277344 0.289062 0.275391 0.287109 0.275391 0.281250 0.277344 0.279297 0.281250 0.279297 0.283203 0.281250 0.285156 0.281250
0 0.339844 0.287109 0.337891 0.287109 0.335938 0.289062 0.332031 0.289062 0.330078 0.287109 0.330078 0.281250 0.332031 0.279297 0.335938 0.279297 0.337891 0.281250 0.339844 0.281250
0 0.382812 0.283203 0.382812 0.287109 0.378906 0.287109 0.376953 0.285156 0.380859 0.281250
0 0.123047 0.287109 0.123047 0.291016 0.119141 0.291016 0.117188 0.289062 0.121094 0.285156
0 0.183594 0.291016 0.181641 0.291016 0.179688 0.292969 0.175781 0.292969 0.173828 0.291016 0.173828 0.285156 0.175781 0.283203 0.179688 0.283203 0.181641 0.285156 0.183594 0.285156
0 0.091797 0.292969 0.089844 0.292969 0.087891 0.294922 0.083984 0.294922 0.082031 0.292969 0.082031 0.287109 0.083984 0.285156 0.087891 0.285156 0.089844 0.287109 0.091797 0.287109
0 0.388672 0.289062 0.388672 0.292969 0.384766 0.292969 0.382812 0.291016 0.386719 0.287109
0 0.357422 0.294922 0.355469 0.294922 0.353516 0.296875 0.349609 0.296875 0.347656 0.294922 0.347656 0.289062 0.349609 0.287109 0.353516 0.287109 0.355469 0.289062 0.357422 0.289062
0 0.083984 0.296875 0.082031 0.296875 0.080078 0.298828 0.076172 0.298828 0.074219 0.296875 0.074219 0.291016 0.076172 0.289062 0.080078 0.289062 0.082031 0.291016 0.083984 0.291016
0 0.115234 0.296875 0.113281 0.296875 0.111328 0.298828 0.107422 0.298828 0.105469 0.296875 0.105469 0.291016 0.107422 0.289062 0.111328 0.289062 0.113281 0.291016 0.115234 0.291016
0 0.378906 0.292969 0.378906 0.296875 0.375000 0.296875 0.373047 0.294922 0.376953 0.291016
0 0.369141 0.294922 0.369141 0.298828 0.365234 0.298828 0.363281 0.296875 0.367188 0.292969
0 0.103516 0.296875 0.103516 0.300781 0.099609 0.300781 0.097656 0.298828 0.101562 0.294922
0 0.339844 0.300781 0.337891 0.300781 0.335938 0.302734 0.332031 0.302734 0.330078 0.300781 0.330078 0.294922 0.332031 0.292969 0.335938 0.292969 0.337891 0.294922 0.339844 0.294922
0 0.095703 0.300781 0.095703 0.304688 0.091797 0.304688 0.089844 0.302734 0.093750 0.298828
0 0.363281 0.300781 0.363281 0.304688 0.359375 0.304688 0.357422 0.302734 0.361328 0.298828
0 0.212891 0.312500 0.210938 0.312500 0.208984 0.314453 0.205078 0.314453 0.203125 0.312500 0.203125 0.306641 0.205078 0.304688 0.208984 0.304688 0.210938 0.306641 0.212891 0.306641
0 0.250000 0.312500 0.250000 0.316406 0.246094 0.316406 0.244141 0.314453 0.248047 0.310547
0 0.332031 0.316406 0.330078 0.316406 0.328125 0.318359 0.324219 0.318359 0.322266 0.316406 0.322266 0.310547 0.324219 0.308594 0.328125 0.308594 0.330078 0.310547 0.332031 0.310547
0 0.039062 0.316406 0.037109 0.318359 0.037109 0.320312 0.035156 0.322266 0.029297 0.322266 0.027344 0.320312 0.027344 0.318359 0.025391 0.316406 0.025391 0.314453 0.027344 0.312500 0.027344 0.310547 0.029297 0.308594 0.035156 0.308594 0.037109 0.310547 0.037109 0.312500 0.039062 0.314453
0 0.064453 0.318359 0.062500 0.318359 0.060547 0.320312 0.056641 0.320312 0.054688 0.318359 0.054688 0.312500 0.056641 0.310547 0.060547 0.310547 0.062500 0.312500 0.064453 0.312500
0 0.197266 0.316406 0.197266 0.320312 0.193359 0.320312 0.191406 0.318359 0.195312 0.314453
0 0.259766 0.316406 0.259766 0.320312 0.255859 0.320312 0.253906 0.318359 0.257812 0.314453
0 0.207031 0.318359 0.207031 0.322266 0.203125 0.322266 0.201172 0.320312 0.205078 0.316406
0 0.250000 0.318359 0.250000 0.322266 0.246094 0.322266 0.244141 0.320312 0.248047 0.316406
0 0.103516 0.322266 0.103516 0.326172 0.099609 0.326172 0.097656 0.324219 0.101562 0.320312
0 0.291016 0.322266 0.291016 0.326172 0.287109 0.326172 0.285156 0.324219 0.289062 0.320312
0 0.625000 0.322266 0.625000 0.326172 0.621094 0.326172 0.619141 0.324219 0.623047 0.320312
0 0.091797 0.330078 0.089844 0.330078 0.087891 0.332031 0.083984 0.332031 0.082031 0.330078 0.082031 0.324219 0.083984 0.322266 0.087891 0.322266 0.089844 0.324219 0.091797 0.324219
0 0.074219 0.332031 0.072266 0.332031 0.070312 0.333984 0.066406 0.333984 0.064453 0.332031 0.064453 0.326172 0.066406 0.324219 0.070312 0.324219 0.072266 0.326172 0.074219 0.326172
0 0.630859 0.328125 0.630859 0.332031 0.626953 0.332031 0.625000 0.330078 0.628906 0.326172
0 0.246094 0.330078 0.246094 0.333984 0.242188 0.333984 0.240234 0.332031 0.244141 0.328125
0 0.273438 0.339844 0.271484 0.339844 0.269531 0.341797 0.259766 0.341797 0.253906 0.335938 0.253906 0.326172 0.255859 0.324219 0.257812 0.324219 0.257812 0.322266 0.259766 0.320312 0.269531 0.320312 0.275391 0.326172 0.275391 0.335938 0.273438 0.337891
0 0.292969 0.332031 0.292969 0.335938 0.289062 0.335938 0.287109 0.333984 0.291016 0.330078
0 0.617188 0.332031 0.617188 0.335938 0.613281 0.335938 0.611328 0.333984 0.615234 0.330078
0 0.255859 0.333984 0.255859 0.337891 0.251953 0.337891 0.250000 0.335938 0.253906 0.332031
0 0.326172 0.335938 0.326172 0.339844 0.322266 0.339844 0.320312 0.337891 0.324219 0.333984
0 0.109375 0.337891 0.109375 0.341797 0.105469 0.341797 0.103516 0.339844 0.107422 0.335938
0 0.062500 0.339844 0.062500 0.343750 0.058594 0.343750 0.056641 0.341797 0.060547 0.337891
0 0.300781 0.341797 0.298828 0.343750 0.298828 0.345703 0.296875 0.347656 0.291016 0.347656 0.289062 0.345703 0.289062 0.343750 0.287109 0.341797 0.287109 0.339844 0.289062 0.337891 0.289062 0.335938 0.291016 0.333984 0.296875 0.333984 0.298828 0.335938 0.298828 0.337891 0.300781 0.339844
0 0.623047 0.339844 0.623047 0.343750 0.619141 0.343750 0.617188 0.341797 0.621094 0.337891
0 0.287109 0.341797 0.287109 0.345703 0.283203 0.345703 0.281250 0.343750 0.285156 0.339844
0 0.101562 0.347656 0.099609 0.347656 0.097656 0.349609 0.093750 0.349609 0.091797 0.347656 0.091797 0.341797 0.093750 0.339844 0.097656 0.339844 0.099609 0.341797 0.101562 0.341797
0 0.755859 0.345703 0.755859 0.349609 0.751953 0.349609 0.750000 0.347656 0.753906 0.343750
0 0.224609 0.351562 0.222656 0.351562 0.220703 0.353516 0.216797 0.353516 0.214844 0.351562 0.214844 0.345703 0.216797 0.343750 0.220703 0.343750 0.222656 0.345703 0.224609 0.345703
0 0.304688 0.349609 0.304688 0.353516 0.300781 0.353516 0.298828 0.351562 0.302734 0.347656
0 0.353516 0.351562 0.353516 0.355469 0.349609 0.355469 0.347656 0.353516 0.351562 0.349609
0 0.750000 0.355469 0.748047 0.355469 0.746094 0.357422 0.742188 0.357422 0.740234 0.355469 0.740234 0.349609 0.742188 0.347656 0.746094 0.347656 0.748047 0.349609 0.750000 0.349609
0 0.337891 0.355469 0.335938 0.357422 0.335938 0.359375 0.333984 0.361328 0.328125 0.361328 0.326172 0.359375 0.326172 0.357422 0.324219 0.355469 0.324219 0.353516 0.326172 0.351562 0.326172 0.349609 0.328125 0.347656 0.333984 0.347656 0.335938 0.349609 0.335938 0.351562 0.337891 0.353516
0 0.216797 0.359375 0.214844 0.359375 0.212891 0.361328 0.208984 0.361328 0.207031 0.359375 0.207031 0.353516 0.208984 0.351562 0.212891 0.351562 0.214844 0.353516 0.216797 0.353516
0 0.001953 0.369141 0.000000 0.369141 0.000000 0.351562 0.001953 0.351562 0.007812 0.357422 0.007812 0.363281
0 0.765625 0.363281 0.763672 0.363281 0.761719 0.365234 0.757812 0.365234 0.755859 0.363281 0.755859 0.357422 0.757812 0.355469 0.761719 0.355469 0.763672 0.357422 0.765625 0.357422
0 0.345703 0.363281 0.343750 0.365234 0.343750 0.367188 0.341797 0.369141 0.335938 0.369141 0.333984 0.367188 0.333984 0.365234 0.332031 0.363281 0.332031 0.361328 0.333984 0.359375 0.333984 0.357422 0.335938 0.355469 0.341797 0.355469 0.343750 0.357422 0.343750 0.359375 0.345703 0.361328
0 0.195312 0.363281 0.195312 0.367188 0.191406 0.367188 0.189453 0.365234 0.193359 0.361328
0 0.246094 0.365234 0.244141 0.367188 0.244141 0.369141 0.242188 0.371094 0.236328 0.371094 0.234375 0.369141 0.234375 0.367188 0.232422 0.365234 0.232422 0.363281 0.234375 0.361328 0.234375 0.359375 0.236328 0.357422 0.242188 0.357422 0.244141 0.359375 0.244141 0.361328 0.246094 0.363281
0 0.183594 0.365234 0.183594 0.369141 0.179688 0.369141 0.177734 0.367188 0.181641 0.363281
0 0.212891 0.371094 0.207031 0.376953 0.201172 0.376953 0.195312 0.371094 0.195312 0.365234 0.201172 0.359375 0.207031 0.359375 0.212891 0.365234
0 0.167969 0.373047 0.166016 0.373047 0.164062 0.375000 0.160156 0.375000 0.158203 0.373047 0.158203 0.367188 0.160156 0.365234 0.164062 0.365234 0.166016 0.367188 0.167969 0.367188
0 0.214844 0.380859 0.212891 0.380859 0.210938 0.382812 0.207031 0.382812 0.205078 0.380859 0.205078 0.375000 0.207031 0.373047 0.210938 0.373047 0.212891 0.375000 0.214844 0.375000
0 0.322266 0.380859 0.320312 0.380859 0.318359 0.382812 0.314453 0.382812 0.312500 0.380859 0.312500 0.375000 0.314453 0.373047 0.318359 0.373047 0.320312 0.375000 0.322266 0.375000
0 0.234375 0.382812 0.232422 0.382812 0.230469 0.384766 0.226562 0.384766 0.224609 0.382812 0.224609 0.376953 0.226562 0.375000 0.230469 0.375000 0.232422 0.376953 0.234375 0.376953
0 0.269531 0.382812 0.267578 0.382812 0.265625 0.384766 0.261719 0.384766 0.259766 0.382812 0.259766 0.376953 0.261719 0.375000 0.265625 0.375000 0.267578 0.376953 0.269531 0.376953
0 0.337891 0.384766 0.335938 0.384766 0.333984 0.386719 0.330078 0.386719 0.328125 0.384766 0.328125 0.378906 0.330078 0.376953 0.333984 0.376953 0.335938 0.378906 0.337891 0.378906
0 0.166016 0.388672 0.164062 0.388672 0.162109 0.390625 0.158203 0.390625 0.156250 0.388672 0.156250 0.382812 0.158203 0.380859 0.162109 0.380859 0.164062 0.382812 0.166016 0.382812
0 0.283203 0.388672 0.281250 0.388672 0.279297 0.390625 0.275391 0.390625 0.273438 0.388672 0.273438 0.382812 0.275391 0.380859 0.279297 0.380859 0.281250 0.382812 0.283203 0.382812
0 0.449219 0.384766 0.449219 0.388672 0.445312 0.388672 0.443359 0.386719 0.447266 0.382812
0 0.152344 0.390625 0.150391 0.390625 0.148438 0.392578 0.144531 0.392578 0.142578 0.390625 0.142578 0.384766 0.144531 0.382812 0.148438 0.382812 0.150391 0.384766 0.152344 0.384766
0 0.306641 0.390625 0.304688 0.390625 0.302734 0.392578 0.298828 0.392578 0.296875 0.390625 0.296875 0.384766 0.298828 0.382812 0.302734 0.382812 0.304688 0.384766 0.306641 0.384766
0 0.058594 0.388672 0.058594 0.392578 0.054688 0.392578 0.052734 0.390625 0.056641 0.386719
0 0.460938 0.396484 0.460938 0.400391 0.457031 0.400391 0.455078 0.398438 0.458984 0.394531
0 0.734375 0.398438 0.732422 0.400391 0.732422 0.402344 0.730469 0.404297 0.724609 0.404297 0.722656 0.402344 0.722656 0.400391 0.720703 0.398438 0.720703 0.396484 0.722656 0.394531 0.722656 0.392578 0.724609 0.390625 0.730469 0.390625 0.732422 0.392578 0.732422 0.394531 0.734375 0.396484
0 0.261719 0.402344 0.259766 0.402344 0.257812 0.404297 0.253906 0.404297 0.251953 0.402344 0.251953 0.396484 0.253906 0.394531 0.257812 0.394531 0.259766 0.396484 0.261719 0.396484
0 0.449219 0.398438 0.449219 0.402344 0.445312 0.402344 0.443359 0.400391 0.447266 0.396484
0 0.318359 0.404297 0.316406 0.404297 0.314453 0.406250 0.310547 0.406250 0.308594 0.404297 0.308594 0.398438 0.310547 0.396484 0.314453 0.396484 0.316406 0.398438 0.318359 0.398438
0 0.060547 0.402344 0.060547 0.406250 0.056641 0.406250 0.054688 0.404297 0.058594 0.400391
0 0.214844 0.410156 0.212891 0.410156 0.210938 0.412109 0.207031 0.412109 0.205078 0.410156 0.205078 0.404297 0.207031 0.402344 0.210938 0.402344 0.212891 0.404297 0.214844 0.404297
0 0.230469 0.406250 0.230469 0.410156 0.226562 0.410156 0.224609 0.408203 0.228516 0.404297
0 0.300781 0.412109 0.298828 0.412109 0.296875 0.414062 0.292969 0.414062 0.291016 0.412109 0.291016 0.406250 0.292969 0.404297 0.296875 0.404297 0.298828 0.406250 0.300781 0.406250
0 0.376953 0.408203 0.376953 0.412109 0.373047 0.412109 0.371094 0.410156 0.375000 0.406250
0 0.386719 0.412109 0.386719 0.416016 0.382812 0.416016 0.380859 0.414062 0.384766 0.410156
0 0.287109 0.416016 0.285156 0.417969 0.285156 0.419922 0.283203 0.421875 0.277344 0.421875 0.275391 0.419922 0.275391 0.417969 0.273438 0.416016 0.273438 0.414062 0.275391 0.412109 0.275391 0.410156 0.277344 0.408203 0.283203 0.408203 0.285156 0.410156 0.285156 0.412109 0.287109 0.414062
0 0.179688 0.421875 0.177734 0.421875 0.175781 0.423828 0.171875 0.423828 0.169922 0.421875 0.169922 0.416016 0.171875 0.414062 0.175781 0.414062 0.177734 0.416016 0.179688 0.416016
0 0.164062 0.425781 0.158203 0.431641 0.152344 0.431641 0.146484 0.425781 0.146484 0.419922 0.152344 0.414062 0.158203 0.414062 0.164062 0.419922
0 0.003906 0.435547 0.000000 0.435547 0.000000 0.414062 0.003906 0.414062 0.005859 0.416016 0.005859 0.417969 0.007812 0.417969 0.009766 0.419922 0.009766 0.429688 0.007812 0.431641 0.007812 0.433594 0.005859 0.433594
0 0.316406 0.423828 0.316406 0.427734 0.312500 0.427734 0.310547 0.425781 0.314453 0.421875
0 0.451172 0.423828 0.451172 0.427734 0.447266 0.427734 0.445312 0.425781 0.449219 0.421875
0 0.031250 0.431641 0.029297 0.431641 0.027344 0.433594 0.023438 0.433594 0.021484 0.431641 0.021484 0.425781 0.023438 0.423828 0.027344 0.423828 0.029297 0.425781 0.031250 0.425781
0 0.132812 0.437500 0.130859 0.437500 0.128906 0.439453 0.119141 0.439453 0.113281 0.433594 0.113281 0.423828 0.115234 0.421875 0.117188 0.421875 0.117188 0.419922 0.119141 0.417969 0.128906 0.417969 0.134766 0.423828 0.134766 0.433594 0.132812 0.435547
0 0.814453 0.427734 0.814453 0.431641 0.810547 0.431641 0.808594 0.429688 0.812500 0.425781
0 0.824219 0.427734 0.824219 0.431641 0.820312 0.431641 0.818359 0.429688 0.822266 0.425781
0 0.324219 0.433594 0.322266 0.433594 0.320312 0.435547 0.316406 0.435547 0.314453 0.433594 0.314453 0.427734 0.316406 0.425781 0.320312 0.425781 0.322266 0.427734 0.324219 0.427734
0 0.496094 0.429688 0.496094 0.433594 0.492188 0.433594 0.490234 0.431641 0.494141 0.427734
0 0.117188 0.435547 0.115234 0.437500 0.115234 0.439453 0.113281 0.441406 0.107422 0.441406 0.105469 0.439453 0.105469 0.437500 0.103516 0.435547 0.103516 0.433594 0.105469 0.431641 0.105469 0.429688 0.107422 0.427734 0.113281 0.427734 0.115234 0.429688 0.115234 0.431641 0.117188 0.433594
0 0.451172 0.433594 0.451172 0.437500 0.447266 0.437500 0.445312 0.435547 0.449219 0.431641
0 0.275391 0.437500 0.273438 0.439453 0.273438 0.441406 0.271484 0.443359 0.265625 0.443359 0.263672 0.441406 0.263672 0.439453 0.261719 0.437500 0.261719 0.435547 0.263672 0.433594 0.263672 0.431641 0.265625 0.429688 0.271484 0.429688 0.273438 0.431641 0.273438 0.433594 0.275391 0.435547
0 0.324219 0.443359 0.322266 0.443359 0.320312 0.445312 0.316406 0.445312 0.314453 0.443359 0.314453 0.437500 0.316406 0.435547 0.320312 0.435547 0.322266 0.437500 0.324219 0.437500
0 0.609375 0.439453 0.609375 0.443359 0.605469 0.443359 0.603516 0.441406 0.607422 0.437500
0 0.623047 0.439453 0.623047 0.443359 0.619141 0.443359 0.617188 0.441406 0.621094 0.437500
0 0.763672 0.443359 0.763672 0.447266 0.759766 0.447266 0.757812 0.445312 0.761719 0.441406
0 0.080078 0.451172 0.078125 0.451172 0.076172 0.453125 0.072266 0.453125 0.070312 0.451172 0.070312 0.445312 0.072266 0.443359 0.076172 0.443359 0.078125 0.445312 0.080078 0.445312
0 0.472656 0.447266 0.472656 0.451172 0.468750 0.451172 0.466797 0.449219 0.470703 0.445312
0 0.607422 0.447266 0.607422 0.451172 0.603516 0.451172 0.601562 0.449219 0.605469 0.445312
0 0.712891 0.453125 0.710938 0.453125 0.708984 0.455078 0.705078 0.455078 0.703125 0.453125 0.703125 0.447266 0.705078 0.445312 0.708984 0.445312 0.710938 0.447266 0.712891 0.447266
0 0.718750 0.449219 0.718750 0.453125 0.714844 0.453125 0.712891 0.451172 0.716797 0.447266
0 0.771484 0.449219 0.771484 0.453125 0.767578 0.453125 0.765625 0.451172 0.769531 0.447266
0 0.310547 0.455078 0.304688 0.460938 0.298828 0.460938 0.292969 0.455078 0.292969 0.449219 0.298828 0.443359 0.304688 0.443359 0.310547 0.449219
0 0.757812 0.451172 0.757812 0.455078 0.753906 0.455078 0.751953 0.453125 0.755859 0.449219
0 0.466797 0.453125 0.466797 0.457031 0.462891 0.457031 0.460938 0.455078 0.464844 0.451172
0 0.626953 0.457031 0.625000 0.458984 0.625000 0.460938 0.623047 0.462891 0.617188 0.462891 0.615234 0.460938 0.615234 0.458984 0.613281 0.457031 0.613281 0.455078 0.615234 0.453125 0.615234 0.451172 0.617188 0.449219 0.623047 0.449219 0.625000 0.451172 0.625000 0.453125 0.626953 0.455078
0 0.648438 0.458984 0.646484 0.458984 0.644531 0.460938 0.640625 0.460938 0.638672 0.458984 0.638672 0.453125 0.640625 0.451172 0.644531 0.451172 0.646484 0.453125 0.648438 0.453125
0 0.792969 0.458984 0.791016 0.458984 0.789062 0.460938 0.785156 0.460938 0.783203 0.458984 0.783203 0.453125 0.785156 0.451172 0.789062 0.451172 0.791016 0.453125 0.792969 0.453125
0 0.255859 0.466797 0.253906 0.466797 0.251953 0.468750 0.242188 0.468750 0.236328 0.462891 0.236328 0.453125 0.238281 0.451172 0.240234 0.451172 0.240234 0.449219 0.242188 0.447266 0.251953 0.447266 0.257812 0.453125 0.257812 0.462891 0.255859 0.464844
0 0.761719 0.457031 0.761719 0.460938 0.757812 0.460938 0.755859 0.458984 0.759766 0.455078
0 0.939453 0.460938 0.937500 0.460938 0.935547 0.462891 0.931641 0.462891 0.929688 0.460938 0.929688 0.455078 0.931641 0.453125 0.935547 0.453125 0.937500 0.455078 0.939453 0.455078
0 0.953125 0.464844 0.951172 0.464844 0.949219 0.466797 0.945312 0.466797 0.943359 0.464844 0.943359 0.458984 0.945312 0.457031 0.949219 0.457031 0.951172 0.458984 0.953125 0.458984
0 0.707031 0.464844 0.707031 0.468750 0.703125 0.468750 0.701172 0.466797 0.705078 0.462891
0 0.785156 0.474609 0.783203 0.474609 0.781250 0.476562 0.771484 0.476562 0.765625 0.470703 0.765625 0.460938 0.767578 0.458984 0.769531 0.458984 0.769531 0.457031 0.771484 0.455078 0.781250 0.455078 0.787109 0.460938 0.787109 0.470703 0.785156 0.472656
0 0.312500 0.470703 0.310547 0.470703 0.308594 0.472656 0.304688 0.472656 0.302734 0.470703 0.302734 0.464844 0.304688 0.462891 0.308594 0.462891 0.310547 0.464844 0.312500 0.464844
0 0.273438 0.470703 0.271484 0.472656 0.271484 0.474609 0.269531 0.476562 0.263672 0.476562 0.261719 0.474609 0.261719 0.472656 0.259766 0.470703 0.259766 0.468750 0.261719 0.466797 0.261719 0.464844 0.263672 0.462891 0.269531 0.462891 0.271484 0.464844 0.271484 0.466797 0.273438 0.468750
0 0.728516 0.472656 0.726562 0.472656 0.724609 0.474609 0.720703 0.474609 0.718750 0.472656 0.718750 0.466797 0.720703 0.464844 0.724609 0.464844 0.726562 0.466797 0.728516 0.466797
0 0.933594 0.472656 0.931641 0.472656 0.929688 0.474609 0.925781 0.474609 0.923828 0.472656 0.923828 0.466797 0.925781 0.464844 0.929688 0.464844 0.931641 0.466797 0.933594 0.466797
0 0.652344 0.474609 0.650391 0.474609 0.648438 0.476562 0.644531 0.476562 0.642578 0.474609 0.642578 0.468750 0.644531 0.466797 0.648438 0.466797 0.650391 0.468750 0.652344 0.468750
0 0.716797 0.470703 0.716797 0.474609 0.712891 0.474609 0.710938 0.472656 0.714844 0.468750
0 0.800781 0.474609 0.798828 0.474609 0.796875 0.476562 0.792969 0.476562 0.791016 0.474609 0.791016 0.468750 0.792969 0.466797 0.796875 0.466797 0.798828 0.468750 0.800781 0.468750
0 0.033203 0.482422 0.031250 0.482422 0.029297 0.484375 0.019531 0.484375 0.013672 0.478516 0.013672 0.468750 0.015625 0.466797 0.017578 0.466797 0.017578 0.464844 0.019531 0.462891 0.029297 0.462891 0.035156 0.468750 0.035156 0.478516 0.033203 0.480469
0 0.291016 0.476562 0.285156 0.482422 0.279297 0.482422 0.273438 0.476562 0.273438 0.470703 0.279297 0.464844 0.285156 0.464844 0.291016 0.470703
0 0.785156 0.480469 0.783203 0.480469 0.781250 0.482422 0.777344 0.482422 0.775391 0.480469 0.775391 0.474609 0.777344 0.472656 0.781250 0.472656 0.783203 0.474609 0.785156 0.474609
0 0.945312 0.480469 0.943359 0.480469 0.941406 0.482422 0.937500 0.482422 0.935547 0.480469 0.935547 0.474609 0.937500 0.472656 0.941406 0.472656 0.943359 0.474609 0.945312 0.474609
0 0.638672 0.482422 0.636719 0.482422 0.634766 0.484375 0.630859 0.484375 0.628906 0.482422 0.628906 0.476562 0.630859 0.474609 0.634766 0.474609 0.636719 0.476562 0.638672 0.476562
0 0.802734 0.482422 0.800781 0.482422 0.798828 0.484375 0.794922 0.484375 0.792969 0.482422 0.792969 0.476562 0.794922 0.474609 0.798828 0.474609 0.800781 0.476562 0.802734 0.476562
0 0.384766 0.480469 0.384766 0.484375 0.380859 0.484375 0.378906 0.482422 0.382812 0.478516
0 0.447266 0.482422 0.447266 0.486328 0.443359 0.486328 0.441406 0.484375 0.445312 0.480469
0 0.458984 0.482422 0.458984 0.486328 0.455078 0.486328 0.453125 0.484375 0.457031 0.480469
0 0.308594 0.488281 0.302734 0.494141 0.296875 0.494141 0.291016 0.488281 0.291016 0.482422 0.296875 0.476562 0.302734 0.476562 0.308594 0.482422
0 0.648438 0.484375 0.648438 0.488281 0.644531 0.488281 0.642578 0.486328 0.646484 0.482422
0 0.421875 0.488281 0.421875 0.492188 0.417969 0.492188 0.416016 0.490234 0.419922 0.486328
0 0.441406 0.498047 0.439453 0.498047 0.437500 0.500000 0.427734 0.500000 0.421875 0.494141 0.421875 0.484375 0.423828 0.482422 0.425781 0.482422 0.425781 0.480469 0.427734 0.478516 0.437500 0.478516 0.443359 0.484375 0.443359 0.494141 0.441406 0.496094
0 0.380859 0.490234 0.380859 0.494141 0.376953 0.494141 0.375000 0.492188 0.378906 0.488281
0 0.453125 0.494141 0.451172 0.494141 0.449219 0.496094 0.445312 0.496094 0.443359 0.494141 0.443359 0.488281 0.445312 0.486328 0.449219 0.486328 0.451172 0.488281 0.453125 0.488281
0 0.412109 0.494141 0.412109 0.498047 0.408203 0.498047 0.406250 0.496094 0.410156 0.492188
0 0.423828 0.494141 0.423828 0.498047 0.419922 0.498047 0.417969 0.496094 0.421875 0.492188
0 0.439453 0.498047 0.433594 0.503906 0.427734 0.503906 0.421875 0.498047 0.421875 0.492188 0.427734 0.486328 0.433594 0.486328 0.439453 0.492188
0 0.521484 0.498047 0.519531 0.498047 0.517578 0.500000 0.513672 0.500000 0.511719 0.498047 0.511719 0.492188 0.513672 0.490234 0.517578 0.490234 0.519531 0.492188 0.521484 0.492188
0 0.533203 0.498047 0.531250 0.498047 0.529297 0.500000 0.525391 0.500000 0.523438 0.498047 0.523438 0.492188 0.525391 0.490234 0.529297 0.490234 0.531250 0.492188 0.533203 0.492188
0 0.048828 0.505859 0.046875 0.505859 0.044922 0.507812 0.035156 0.507812 0.029297 0.501953 0.029297 0.492188 0.031250 0.490234 0.033203 0.490234 0.033203 0.488281 0.035156 0.486328 0.044922 0.486328 0.050781 0.492188 0.050781 0.501953 0.048828 0.503906
0 0.357422 0.501953 0.355469 0.501953 0.353516 0.503906 0.349609 0.503906 0.347656 0.501953 0.347656 0.496094 0.349609 0.494141 0.353516 0.494141 0.355469 0.496094 0.357422 0.496094
0 0.623047 0.501953 0.621094 0.501953 0.619141 0.503906 0.615234 0.503906 0.613281 0.501953 0.613281 0.496094 0.615234 0.494141 0.619141 0.494141 0.621094 0.496094 0.623047 0.496094
0 0.419922 0.500000 0.419922 0.503906 0.416016 0.503906 0.414062 0.501953 0.417969 0.498047
0 0.443359 0.501953 0.443359 0.505859 0.439453 0.505859 0.437500 0.503906 0.441406 0.500000
0 0.509766 0.501953 0.509766 0.505859 0.505859 0.505859 0.503906 0.503906 0.507812 0.500000
0 0.542969 0.505859 0.541016 0.505859 0.539062 0.507812 0.535156 0.507812 0.533203 0.505859 0.533203 0.500000 0.535156 0.498047 0.539062 0.498047 0.541016 0.500000 0.542969 0.500000
0 0.626953 0.501953 0.626953 0.505859 0.623047 0.505859 0.621094 0.503906 0.625000 0.500000
0 0.437500 0.513672 0.435547 0.513672 0.433594 0.515625 0.423828 0.515625 0.417969 0.509766 0.417969 0.500000 0.419922 0.498047 0.421875 0.498047 0.421875 0.496094 0.423828 0.494141 0.433594 0.494141 0.439453 0.500000 0.439453 0.509766 0.437500 0.511719
0 0.843750 0.503906 0.843750 0.507812 0.839844 0.507812 0.837891 0.505859 0.841797 0.501953
0 0.666016 0.509766 0.664062 0.509766 0.662109 0.511719 0.658203 0.511719 0.656250 0.509766 0.656250 0.503906 0.658203 0.501953 0.662109 0.501953 0.664062 0.503906 0.666016 0.503906
0 0.814453 0.509766 0.812500 0.509766 0.810547 0.511719 0.806641 0.511719 0.804688 0.509766 0.804688 0.503906 0.806641 0.501953 0.810547 0.501953 0.812500 0.503906 0.814453 0.503906
0 0.423828 0.511719 0.417969 0.517578 0.412109 0.517578 0.406250 0.511719 0.406250 0.505859 0.412109 0.500000 0.417969 0.500000 0.423828 0.505859
0 0.507812 0.509766 0.507812 0.513672 0.503906 0.513672 0.501953 0.511719 0.505859 0.507812
0 0.613281 0.513672 0.611328 0.513672 0.609375 0.515625 0.605469 0.515625 0.603516 0.513672 0.603516 0.507812 0.605469 0.505859 0.609375 0.505859 0.611328 0.507812 0.613281 0.507812
0 0.837891 0.511719 0.835938 0.513672 0.835938 0.515625 0.833984 0.517578 0.828125 0.517578 0.826172 0.515625 0.826172 0.513672 0.824219 0.511719 0.824219 0.509766 0.826172 0.507812 0.826172 0.505859 0.828125 0.503906 0.833984 0.503906 0.835938 0.505859 0.835938 0.507812 0.837891 0.509766
0 0.328125 0.515625 0.322266 0.521484 0.316406 0.521484 0.310547 0.515625 0.310547 0.509766 0.316406 0.503906 0.322266 0.503906 0.328125 0.509766
0 0.681641 0.515625 0.679688 0.515625 0.677734 0.517578 0.673828 0.517578 0.671875 0.515625 0.671875 0.509766 0.673828 0.507812 0.677734 0.507812 0.679688 0.509766 0.681641 0.509766
0 0.429688 0.515625 0.429688 0.519531 0.425781 0.519531 0.423828 0.517578 0.427734 0.513672
0 0.509766 0.519531 0.507812 0.519531 0.505859 0.521484 0.501953 0.521484 0.500000 0.519531 0.500000 0.513672 0.501953 0.511719 0.505859 0.511719 0.507812 0.513672 0.509766 0.513672
0 0.847656 0.515625 0.847656 0.519531 0.843750 0.519531 0.841797 0.517578 0.845703 0.513672
0 0.419922 0.521484 0.417969 0.521484 0.416016 0.523438 0.412109 0.523438 0.410156 0.521484 0.410156 0.515625 0.412109 0.513672 0.416016 0.513672 0.417969 0.515625 0.419922 0.515625
0 0.683594 0.521484 0.681641 0.521484 0.679688 0.523438 0.675781 0.523438 0.673828 0.521484 0.673828 0.515625 0.675781 0.513672 0.679688 0.513672 0.681641 0.515625 0.683594 0.515625
0 0.625000 0.523438 0.623047 0.523438 0.621094 0.525391 0.617188 0.525391 0.615234 0.523438 0.615234 0.517578 0.617188 0.515625 0.621094 0.515625 0.623047 0.517578 0.625000 0.517578
0 0.662109 0.523438 0.660156 0.523438 0.658203 0.525391 0.654297 0.525391 0.652344 0.523438 0.652344 0.517578 0.654297 0.515625 0.658203 0.515625 0.660156 0.517578 0.662109 0.517578
0 0.537109 0.523438 0.535156 0.525391 0.535156 0.527344 0.533203 0.529297 0.527344 0.529297 0.525391 0.527344 0.525391 0.525391 0.523438 0.523438 0.523438 0.521484 0.525391 0.519531 0.525391 0.517578 0.527344 0.515625 0.533203 0.515625 0.535156 0.517578 0.535156 0.519531 0.537109 0.521484
0 0.826172 0.525391 0.824219 0.525391 0.822266 0.527344 0.818359 0.527344 0.816406 0.525391 0.816406 0.519531 0.818359 0.517578 0.822266 0.517578 0.824219 0.519531 0.826172 0.519531
0 0.406250 0.523438 0.406250 0.527344 0.402344 0.527344 0.400391 0.525391 0.404297 0.521484
0 0.421875 0.527344 0.419922 0.527344 0.417969 0.529297 0.414062 0.529297 0.412109 0.527344 0.412109 0.521484 0.414062 0.519531 0.417969 0.519531 0.419922 0.521484 0.421875 0.521484
0 0.457031 0.525391 0.457031 0.529297 0.453125 0.529297 0.451172 0.527344 0.455078 0.523438
0 0.677734 0.529297 0.675781 0.529297 0.673828 0.531250 0.669922 0.531250 0.667969 0.529297 0.667969 0.523438 0.669922 0.521484 0.673828 0.521484 0.675781 0.523438 0.677734 0.523438
0 0.742188 0.527344 0.740234 0.529297 0.740234 0.531250 0.738281 0.533203 0.732422 0.533203 0.730469 0.531250 0.730469 0.529297 0.728516 0.527344 0.728516 0.525391 0.730469 0.523438 0.730469 0.521484 0.732422 0.519531 0.738281 0.519531 0.740234 0.521484 0.740234 0.523438 0.742188 0.525391
0 0.761719 0.529297 0.759766 0.529297 0.757812 0.531250 0.753906 0.531250 0.751953 0.529297 0.751953 0.523438 0.753906 0.521484 0.757812 0.521484 0.759766 0.523438 0.761719 0.523438
0 0.451172 0.531250 0.451172 0.535156 0.447266 0.535156 0.445312 0.533203 0.449219 0.529297
0 0.740234 0.533203 0.738281 0.535156 0.738281 0.537109 0.736328 0.539062 0.730469 0.539062 0.728516 0.537109 0.728516 0.535156 0.726562 0.533203 0.726562 0.531250 0.728516 0.529297 0.728516 0.527344 0.730469 0.525391 0.736328 0.525391 0.738281 0.527344 0.738281 0.529297 0.740234 0.531250
0 0.796875 0.535156 0.794922 0.535156 0.792969 0.537109 0.789062 0.537109 0.787109 0.535156 0.787109 0.529297 0.789062 0.527344 0.792969 0.527344 0.794922 0.529297 0.796875 0.529297
0 0.548828 0.533203 0.548828 0.537109 0.544922 0.537109 0.542969 0.535156 0.546875 0.531250
0 0.687500 0.542969 0.685547 0.542969 0.683594 0.544922 0.673828 0.544922 0.667969 0.539062 0.667969 0.529297 0.669922 0.527344 0.671875 0.527344 0.671875 0.525391 0.673828 0.523438 0.683594 0.523438 0.689453 0.529297 0.689453 0.539062 0.687500 0.541016
0 0.343750 0.539062 0.337891 0.544922 0.332031 0.544922 0.326172 0.539062 0.326172 0.533203 0.332031 0.527344 0.337891 0.527344 0.343750 0.533203
0 0.458984 0.535156 0.458984 0.539062 0.455078 0.539062 0.453125 0.537109 0.457031 0.533203
0 0.775391 0.546875 0.773438 0.546875 0.771484 0.548828 0.761719 0.548828 0.755859 0.542969 0.755859 0.533203 0.757812 0.531250 0.759766 0.531250 0.759766 0.529297 0.761719 0.527344 0.771484 0.527344 0.777344 0.533203 0.777344 0.542969 0.775391 0.544922
0 0.539062 0.539062 0.539062 0.542969 0.535156 0.542969 0.533203 0.541016 0.537109 0.537109
0 0.707031 0.541016 0.705078 0.542969 0.705078 0.544922 0.703125 0.546875 0.697266 0.546875 0.695312 0.544922 0.695312 0.542969 0.693359 0.541016 0.693359 0.539062 0.695312 0.537109 0.695312 0.535156 0.697266 0.533203 0.703125 0.533203 0.705078 0.535156 0.705078 0.537109 0.707031 0.539062
0 0.783203 0.542969 0.781250 0.542969 0.779297 0.544922 0.775391 0.544922 0.773438 0.542969 0.773438 0.537109 0.775391 0.535156 0.779297 0.535156 0.781250 0.537109 0.783203 0.537109
0 0.751953 0.546875 0.750000 0.546875 0.748047 0.548828 0.744141 0.548828 0.742188 0.546875 0.742188 0.541016 0.744141 0.539062 0.748047 0.539062 0.750000 0.541016 0.751953 0.541016
0 0.800781 0.548828 0.798828 0.548828 0.796875 0.550781 0.792969 0.550781 0.791016 0.548828 0.791016 0.542969 0.792969 0.541016 0.796875 0.541016 0.798828 0.542969 0.800781 0.542969
0 0.001953 0.554688 0.000000 0.554688 0.000000 0.541016 0.001953 0.541016 0.003906 0.542969 0.003906 0.544922 0.005859 0.546875 0.005859 0.548828 0.003906 0.550781 0.003906 0.552734
0 0.435547 0.554688 0.433594 0.556641 0.433594 0.558594 0.431641 0.560547 0.425781 0.560547 0.423828 0.558594 0.423828 0.556641 0.421875 0.554688 0.421875 0.552734 0.423828 0.550781 0.423828 0.548828 0.425781 0.546875 0.431641 0.546875 0.433594 0.548828 0.433594 0.550781 0.435547 0.552734
0 0.683594 0.554688 0.681641 0.556641 0.681641 0.558594 0.679688 0.560547 0.673828 0.560547 0.671875 0.558594 0.671875 0.556641 0.669922 0.554688 0.669922 0.552734 0.671875 0.550781 0.671875 0.548828 0.673828 0.546875 0.679688 0.546875 0.681641 0.548828 0.681641 0.550781 0.683594 0.552734
0 0.808594 0.566406 0.806641 0.566406 0.804688 0.568359 0.794922 0.568359 0.789062 0.562500 0.789062 0.552734 0.791016 0.550781 0.792969 0.550781 0.792969 0.548828 0.794922 0.546875 0.804688 0.546875 0.810547 0.552734 0.810547 0.562500 0.808594 0.564453
0 0.712891 0.560547 0.710938 0.562500 0.710938 0.564453 0.708984 0.566406 0.703125 0.566406 0.701172 0.564453 0.701172 0.562500 0.699219 0.560547 0.699219 0.558594 0.701172 0.556641 0.701172 0.554688 0.703125 0.552734 0.708984 0.552734 0.710938 0.554688 0.710938 0.556641 0.712891 0.558594
0 0.828125 0.558594 0.828125 0.562500 0.824219 0.562500 0.822266 0.560547 0.826172 0.556641
0 0.025391 0.574219 0.023438 0.574219 0.021484 0.576172 0.011719 0.576172 0.005859 0.570312 0.005859 0.560547 0.011719 0.554688 0.021484 0.554688 0.027344 0.560547 0.027344 0.570312 0.025391 0.572266
0 0.699219 0.566406 0.697266 0.568359 0.697266 0.570312 0.695312 0.572266 0.689453 0.572266 0.687500 0.570312 0.687500 0.568359 0.685547 0.566406 0.685547 0.564453 0.687500 0.562500 0.687500 0.560547 0.689453 0.558594 0.695312 0.558594 0.697266 0.560547 0.697266 0.562500 0.699219 0.564453
0 0.765625 0.568359 0.763672 0.568359 0.761719 0.570312 0.757812 0.570312 0.755859 0.568359 0.755859 0.562500 0.757812 0.560547 0.761719 0.560547 0.763672 0.562500 0.765625 0.562500
0 0.076172 0.576172 0.074219 0.576172 0.072266 0.578125 0.062500 0.578125 0.056641 0.572266 0.056641 0.562500 0.058594 0.560547 0.060547 0.560547 0.060547 0.558594 0.062500 0.556641 0.072266 0.556641 0.078125 0.562500 0.078125 0.572266 0.076172 0.574219
0 0.447266 0.570312 0.445312 0.570312 0.443359 0.572266 0.439453 0.572266 0.437500 0.570312 0.437500 0.564453 0.439453 0.562500 0.443359 0.562500 0.445312 0.564453 0.447266 0.564453
0 0.820312 0.570312 0.814453 0.576172 0.808594 0.576172 0.802734 0.570312 0.802734 0.564453 0.808594 0.558594 0.814453 0.558594 0.820312 0.564453
0 0.345703 0.576172 0.343750 0.576172 0.341797 0.578125 0.337891 0.578125 0.335938 0.576172 0.335938 0.570312 0.337891 0.568359 0.341797 0.568359 0.343750 0.570312 0.345703 0.570312
0 0.425781 0.572266 0.425781 0.576172 0.421875 0.576172 0.419922 0.574219 0.423828 0.570312
0 0.820312 0.572266 0.820312 0.576172 0.816406 0.576172 0.814453 0.574219 0.818359 0.570312
0 0.603516 0.574219 0.603516 0.578125 0.599609 0.578125 0.597656 0.576172 0.601562 0.572266
0 0.617188 0.576172 0.617188 0.580078 0.613281 0.580078 0.611328 0.578125 0.615234 0.574219
0 0.796875 0.580078 0.794922 0.580078 0.792969 0.582031 0.789062 0.582031 0.787109 0.580078 0.787109 0.574219 0.789062 0.572266 0.792969 0.572266 0.794922 0.574219 0.796875 0.574219
0 0.380859 0.578125 0.380859 0.582031 0.376953 0.582031 0.375000 0.580078 0.378906 0.576172
0 0.826172 0.578125 0.826172 0.582031 0.822266 0.582031 0.820312 0.580078 0.824219 0.576172
0 0.437500 0.583984 0.435547 0.583984 0.433594 0.585938 0.429688 0.585938 0.427734 0.583984 0.427734 0.578125 0.429688 0.576172 0.433594 0.576172 0.435547 0.578125 0.437500 0.578125
0 0.761719 0.583984 0.759766 0.583984 0.757812 0.585938 0.753906 0.585938 0.751953 0.583984 0.751953 0.578125 0.753906 0.576172 0.757812 0.576172 0.759766 0.578125 0.761719 0.578125
0 0.789062 0.583984 0.783203 0.589844 0.777344 0.589844 0.771484 0.583984 0.771484 0.578125 0.777344 0.572266 0.783203 0.572266 0.789062 0.578125
0 0.371094 0.582031 0.371094 0.585938 0.367188 0.585938 0.365234 0.583984 0.369141 0.580078
0 0.449219 0.585938 0.443359 0.591797 0.437500 0.591797 0.431641 0.585938 0.431641 0.580078 0.437500 0.574219 0.443359 0.574219 0.449219 0.580078
0 0.808594 0.587891 0.806641 0.587891 0.804688 0.589844 0.800781 0.589844 0.798828 0.587891 0.798828 0.582031 0.800781 0.580078 0.804688 0.580078 0.806641 0.582031 0.808594 0.582031
0 0.457031 0.585938 0.457031 0.589844 0.453125 0.589844 0.451172 0.587891 0.455078 0.583984
0 0.339844 0.591797 0.337891 0.591797 0.335938 0.593750 0.332031 0.593750 0.330078 0.591797 0.330078 0.585938 0.332031 0.583984 0.335938 0.583984 0.337891 0.585938 0.339844 0.585938
0 0.380859 0.587891 0.380859 0.591797 0.376953 0.591797 0.375000 0.589844 0.378906 0.585938
0 0.482422 0.589844 0.482422 0.593750 0.478516 0.593750 0.476562 0.591797 0.480469 0.587891
0 0.660156 0.589844 0.660156 0.593750 0.656250 0.593750 0.654297 0.591797 0.658203 0.587891
0 0.791016 0.593750 0.789062 0.593750 0.787109 0.595703 0.783203 0.595703 0.781250 0.593750 0.781250 0.587891 0.783203 0.585938 0.787109 0.585938 0.789062 0.587891 0.791016 0.587891
0 0.837891 0.589844 0.837891 0.593750 0.833984 0.593750 0.832031 0.591797 0.835938 0.587891
0 0.494141 0.591797 0.494141 0.595703 0.490234 0.595703 0.488281 0.593750 0.492188 0.589844
0 0.546875 0.593750 0.544922 0.595703 0.544922 0.597656 0.542969 0.599609 0.537109 0.599609 0.535156 0.597656 0.535156 0.595703 0.533203 0.593750 0.533203 0.591797 0.535156 0.589844 0.535156 0.587891 0.537109 0.585938 0.542969 0.585938 0.544922 0.587891 0.544922 0.589844 0.546875 0.591797
0 0.609375 0.595703 0.607422 0.595703 0.605469 0.597656 0.601562 0.597656 0.599609 0.595703 0.599609 0.589844 0.601562 0.587891 0.605469 0.587891 0.607422 0.589844 0.609375 0.589844
0 0.798828 0.593750 0.798828 0.597656 0.794922 0.597656 0.792969 0.595703 0.796875 0.591797
0 0.845703 0.593750 0.845703 0.597656 0.841797 0.597656 0.839844 0.595703 0.843750 0.591797
0 0.466797 0.595703 0.466797 0.599609 0.462891 0.599609 0.460938 0.597656 0.464844 0.593750
0 0.621094 0.599609 0.615234 0.605469 0.609375 0.605469 0.603516 0.599609 0.603516 0.593750 0.609375 0.587891 0.615234 0.587891 0.621094 0.593750
0 0.660156 0.595703 0.660156 0.599609 0.656250 0.599609 0.654297 0.597656 0.658203 0.593750
0 0.449219 0.603516 0.447266 0.603516 0.445312 0.605469 0.441406 0.605469 0.439453 0.603516 0.439453 0.597656 0.441406 0.595703 0.445312 0.595703 0.447266 0.597656 0.449219 0.597656
0 0.837891 0.599609 0.837891 0.603516 0.833984 0.603516 0.832031 0.601562 0.835938 0.597656
0 0.335938 0.605469 0.333984 0.605469 0.332031 0.607422 0.328125 0.607422 0.326172 0.605469 0.326172 0.599609 0.328125 0.597656 0.332031 0.597656 0.333984 0.599609 0.335938 0.599609
0 0.468750 0.607422 0.466797 0.607422 0.464844 0.609375 0.460938 0.609375 0.458984 0.607422 0.458984 0.601562 0.460938 0.599609 0.464844 0.599609 0.466797 0.601562 0.468750 0.601562
0 0.689453 0.603516 0.689453 0.607422 0.685547 0.607422 0.683594 0.605469 0.687500 0.601562
0 0.521484 0.609375 0.515625 0.615234 0.509766 0.615234 0.503906 0.609375 0.503906 0.603516 0.509766 0.597656 0.515625 0.597656 0.521484 0.603516
0 0.591797 0.607422 0.589844 0.609375 0.589844 0.611328 0.587891 0.613281 0.582031 0.613281 0.580078 0.611328 0.580078 0.609375 0.578125 0.607422 0.578125 0.605469 0.580078 0.603516 0.580078 0.601562 0.582031 0.599609 0.587891 0.599609 0.589844 0.601562 0.589844 0.603516 0.591797 0.605469
0 0.105469 0.621094 0.103516 0.621094 0.101562 0.623047 0.091797 0.623047 0.085938 0.617188 0.085938 0.607422 0.087891 0.605469 0.089844 0.605469 0.089844 0.603516 0.091797 0.601562 0.101562 0.601562 0.107422 0.607422 0.107422 0.617188 0.105469 0.619141
0 0.560547 0.615234 0.558594 0.617188 0.558594 0.619141 0.556641 0.621094 0.550781 0.621094 0.548828 0.619141 0.548828 0.617188 0.546875 0.615234 0.546875 0.613281 0.548828 0.611328 0.548828 0.609375 0.550781 0.607422 0.556641 0.607422 0.558594 0.609375 0.558594 0.611328 0.560547 0.613281
0 0.611328 0.617188 0.609375 0.617188 0.607422 0.619141 0.603516 0.619141 0.601562 0.617188 0.601562 0.611328 0.603516 0.609375 0.607422 0.609375 0.609375 0.611328 0.611328 0.611328
0 0.636719 0.617188 0.634766 0.617188 0.632812 0.619141 0.628906 0.619141 0.626953 0.617188 0.626953 0.611328 0.628906 0.609375 0.632812 0.609375 0.634766 0.611328 0.636719 0.611328
0 0.708984 0.613281 0.708984 0.617188 0.705078 0.617188 0.703125 0.615234 0.707031 0.611328
0 0.699219 0.615234 0.699219 0.619141 0.695312 0.619141 0.693359 0.617188 0.697266 0.613281
0 0.500000 0.621094 0.498047 0.621094 0.496094 0.623047 0.492188 0.623047 0.490234 0.621094 0.490234 0.615234 0.492188 0.613281 0.496094 0.613281 0.498047 0.615234 0.500000 0.615234
0 0.322266 0.625000 0.320312 0.625000 0.318359 0.626953 0.314453 0.626953 0.312500 0.625000 0.312500 0.619141 0.314453 0.617188 0.318359 0.617188 0.320312 0.619141 0.322266 0.619141
0 0.292969 0.626953 0.291016 0.626953 0.289062 0.628906 0.285156 0.628906 0.283203 0.626953 0.283203 0.621094 0.285156 0.619141 0.289062 0.619141 0.291016 0.621094 0.292969 0.621094
0 0.611328 0.632812 0.609375 0.632812 0.607422 0.634766 0.597656 0.634766 0.591797 0.628906 0.591797 0.619141 0.593750 0.617188 0.595703 0.617188 0.595703 0.615234 0.597656 0.613281 0.607422 0.613281 0.613281 0.619141 0.613281 0.628906 0.611328 0.630859
0 0.527344 0.634766 0.525391 0.634766 0.523438 0.636719 0.513672 0.636719 0.507812 0.630859 0.507812 0.621094 0.509766 0.619141 0.511719 0.619141 0.511719 0.617188 0.513672 0.615234 0.523438 0.615234 0.529297 0.621094 0.529297 0.630859 0.527344 0.632812
0 0.505859 0.628906 0.503906 0.630859 0.503906 0.632812 0.501953 0.634766 0.496094 0.634766 0.494141 0.632812 0.494141 0.630859 0.492188 0.628906 0.492188 0.626953 0.494141 0.625000 0.494141 0.623047 0.496094 0.621094 0.501953 0.621094 0.503906 0.623047 0.503906 0.625000 0.505859 0.626953
0 0.105469 0.638672 0.103516 0.638672 0.101562 0.640625 0.091797 0.640625 0.085938 0.634766 0.085938 0.625000 0.087891 0.623047 0.089844 0.623047 0.089844 0.621094 0.091797 0.619141 0.101562 0.619141 0.107422 0.625000 0.107422 0.634766 0.105469 0.636719
0 0.294922 0.640625 0.292969 0.640625 0.291016 0.642578 0.281250 0.642578 0.275391 0.636719 0.275391 0.626953 0.277344 0.625000 0.279297 0.625000 0.279297 0.623047 0.281250 0.621094 0.291016 0.621094 0.296875 0.626953 0.296875 0.636719 0.294922 0.638672
0 0.703125 0.632812 0.703125 0.636719 0.699219 0.636719 0.697266 0.634766 0.701172 0.630859
0 0.402344 0.638672 0.400391 0.638672 0.398438 0.640625 0.394531 0.640625 0.392578 0.638672 0.392578 0.632812 0.394531 0.630859 0.398438 0.630859 0.400391 0.632812 0.402344 0.632812
0 0.742188 0.638672 0.740234 0.638672 0.738281 0.640625 0.734375 0.640625 0.732422 0.638672 0.732422 0.632812 0.734375 0.630859 0.738281 0.630859 0.740234 0.632812 0.742188 0.632812
0 0.363281 0.636719 0.363281 0.640625 0.359375 0.640625 0.357422 0.638672 0.361328 0.634766
0 0.386719 0.638672 0.384766 0.640625 0.384766 0.642578 0.382812 0.644531 0.376953 0.644531 0.375000 0.642578 0.375000 0.640625 0.373047 0.638672 0.373047 0.636719 0.375000 0.634766 0.375000 0.632812 0.376953 0.630859 0.382812 0.630859 0.384766 0.632812 0.384766 0.634766 0.386719 0.636719
0 0.718750 0.640625 0.716797 0.642578 0.716797 0.644531 0.714844 0.646484 0.708984 0.646484 0.707031 0.644531 0.707031 0.642578 0.705078 0.640625 0.705078 0.638672 0.707031 0.636719 0.707031 0.634766 0.708984 0.632812 0.714844 0.632812 0.716797 0.634766 0.716797 0.636719 0.718750 0.638672
0 0.556641 0.642578 0.554688 0.644531 0.554688 0.646484 0.552734 0.648438 0.546875 0.648438 0.544922 0.646484 0.544922 0.644531 0.542969 0.642578 0.542969 0.640625 0.544922 0.638672 0.544922 0.636719 0.546875 0.634766 0.552734 0.634766 0.554688 0.636719 0.554688 0.638672 0.556641 0.640625
0 0.322266 0.642578 0.322266 0.646484 0.318359 0.646484 0.316406 0.644531 0.320312 0.640625
0 0.437500 0.642578 0.437500 0.646484 0.433594 0.646484 0.431641 0.644531 0.435547 0.640625
0 0.585938 0.650391 0.583984 0.650391 0.582031 0.652344 0.578125 0.652344 0.576172 0.650391 0.576172 0.644531 0.578125 0.642578 0.582031 0.642578 0.583984 0.644531 0.585938 0.644531
0 0.732422 0.646484 0.732422 0.650391 0.728516 0.650391 0.726562 0.648438 0.730469 0.644531
0 0.310547 0.648438 0.310547 0.652344 0.306641 0.652344 0.304688 0.650391 0.308594 0.646484
0 0.330078 0.648438 0.330078 0.652344 0.326172 0.652344 0.324219 0.650391 0.328125 0.646484
0 0.408203 0.648438 0.408203 0.652344 0.404297 0.652344 0.402344 0.650391 0.406250 0.646484
0 0.431641 0.650391 0.431641 0.654297 0.427734 0.654297 0.425781 0.652344 0.429688 0.648438
0 0.457031 0.654297 0.455078 0.656250 0.455078 0.658203 0.453125 0.660156 0.447266 0.660156 0.445312 0.658203 0.445312 0.656250 0.443359 0.654297 0.443359 0.652344 0.445312 0.650391 0.445312 0.648438 0.447266 0.646484 0.453125 0.646484 0.455078 0.648438 0.455078 0.650391 0.457031 0.652344
0 0.470703 0.652344 0.470703 0.656250 0.466797 0.656250 0.464844 0.654297 0.468750 0.650391
0 0.878906 0.652344 0.878906 0.656250 0.875000 0.656250 0.873047 0.654297 0.876953 0.650391
0 0.894531 0.652344 0.894531 0.656250 0.890625 0.656250 0.888672 0.654297 0.892578 0.650391
0 0.402344 0.658203 0.400391 0.658203 0.398438 0.660156 0.394531 0.660156 0.392578 0.658203 0.392578 0.652344 0.394531 0.650391 0.398438 0.650391 0.400391 0.652344 0.402344 0.652344
0 0.484375 0.658203 0.482422 0.658203 0.480469 0.660156 0.476562 0.660156 0.474609 0.658203 0.474609 0.652344 0.476562 0.650391 0.480469 0.650391 0.482422 0.652344 0.484375 0.652344
0 0.310547 0.656250 0.310547 0.660156 0.306641 0.660156 0.304688 0.658203 0.308594 0.654297
0 0.330078 0.656250 0.330078 0.660156 0.326172 0.660156 0.324219 0.658203 0.328125 0.654297
0 0.542969 0.658203 0.541016 0.660156 0.541016 0.662109 0.539062 0.664062 0.533203 0.664062 0.531250 0.662109 0.531250 0.660156 0.529297 0.658203 0.529297 0.656250 0.531250 0.654297 0.531250 0.652344 0.533203 0.650391 0.539062 0.650391 0.541016 0.652344 0.541016 0.654297 0.542969 0.656250
0 0.597656 0.660156 0.595703 0.660156 0.593750 0.662109 0.589844 0.662109 0.587891 0.660156 0.587891 0.654297 0.589844 0.652344 0.593750 0.652344 0.595703 0.654297 0.597656 0.654297
0 0.445312 0.658203 0.445312 0.662109 0.441406 0.662109 0.439453 0.660156 0.443359 0.656250
0 0.664062 0.658203 0.664062 0.662109 0.660156 0.662109 0.658203 0.660156 0.662109 0.656250
0 0.894531 0.658203 0.894531 0.662109 0.890625 0.662109 0.888672 0.660156 0.892578 0.656250
0 0.316406 0.662109 0.316406 0.666016 0.312500 0.666016 0.310547 0.664062 0.314453 0.660156
0 0.685547 0.662109 0.685547 0.666016 0.681641 0.666016 0.679688 0.664062 0.683594 0.660156
0 0.808594 0.664062 0.808594 0.667969 0.804688 0.667969 0.802734 0.666016 0.806641 0.662109
0 0.820312 0.664062 0.820312 0.667969 0.816406 0.667969 0.814453 0.666016 0.818359 0.662109
0 0.949219 0.664062 0.949219 0.667969 0.945312 0.667969 0.943359 0.666016 0.947266 0.662109
0 0.679688 0.669922 0.677734 0.669922 0.675781 0.671875 0.671875 0.671875 0.669922 0.669922 0.669922 0.664062 0.671875 0.662109 0.675781 0.662109 0.677734 0.664062 0.679688 0.664062
0 0.845703 0.666016 0.845703 0.669922 0.841797 0.669922 0.839844 0.667969 0.843750 0.664062
0 0.460938 0.671875 0.458984 0.671875 0.457031 0.673828 0.453125 0.673828 0.451172 0.671875 0.451172 0.666016 0.453125 0.664062 0.457031 0.664062 0.458984 0.666016 0.460938 0.666016
0 0.623047 0.667969 0.623047 0.671875 0.619141 0.671875 0.617188 0.669922 0.621094 0.666016
0 0.884766 0.671875 0.882812 0.671875 0.880859 0.673828 0.876953 0.673828 0.875000 0.671875 0.875000 0.666016 0.876953 0.664062 0.880859 0.664062 0.882812 0.666016 0.884766 0.666016
0 0.496094 0.673828 0.494141 0.673828 0.492188 0.675781 0.488281 0.675781 0.486328 0.673828 0.486328 0.667969 0.488281 0.666016 0.492188 0.666016 0.494141 0.667969 0.496094 0.667969
0 0.839844 0.671875 0.839844 0.675781 0.835938 0.675781 0.833984 0.673828 0.837891 0.669922
0 0.705078 0.677734 0.703125 0.677734 0.701172 0.679688 0.697266 0.679688 0.695312 0.677734 0.695312 0.671875 0.697266 0.669922 0.701172 0.669922 0.703125 0.671875 0.705078 0.671875
0 0.810547 0.677734 0.808594 0.677734 0.806641 0.679688 0.802734 0.679688 0.800781 0.677734 0.800781 0.671875 0.802734 0.669922 0.806641 0.669922 0.808594 0.671875 0.810547 0.671875
0 0.480469 0.675781 0.480469 0.679688 0.476562 0.679688 0.474609 0.677734 0.478516 0.673828
0 0.546875 0.681641 0.544922 0.681641 0.542969 0.683594 0.539062 0.683594 0.537109 0.681641 0.537109 0.675781 0.539062 0.673828 0.542969 0.673828 0.544922 0.675781 0.546875 0.675781
0 0.683594 0.681641 0.681641 0.681641 0.679688 0.683594 0.675781 0.683594 0.673828 0.681641 0.673828 0.675781 0.675781 0.673828 0.679688 0.673828 0.681641 0.675781 0.683594 0.675781
0 0.841797 0.677734 0.841797 0.681641 0.837891 0.681641 0.835938 0.679688 0.839844 0.675781
0 0.849609 0.677734 0.849609 0.681641 0.845703 0.681641 0.843750 0.679688 0.847656 0.675781
0 0.875000 0.681641 0.873047 0.681641 0.871094 0.683594 0.867188 0.683594 0.865234 0.681641 0.865234 0.675781 0.867188 0.673828 0.871094 0.673828 0.873047 0.675781 0.875000 0.675781
0 0.582031 0.679688 0.582031 0.683594 0.578125 0.683594 0.576172 0.681641 0.580078 0.677734
0 0.484375 0.687500 0.478516 0.693359 0.472656 0.693359 0.466797 0.687500 0.466797 0.681641 0.472656 0.675781 0.478516 0.675781 0.484375 0.681641
0 0.699219 0.687500 0.697266 0.687500 0.695312 0.689453 0.691406 0.689453 0.689453 0.687500 0.689453 0.681641 0.691406 0.679688 0.695312 0.679688 0.697266 0.681641 0.699219 0.681641
0 0.800781 0.683594 0.800781 0.687500 0.796875 0.687500 0.794922 0.685547 0.798828 0.681641
0 0.097656 0.695312 0.095703 0.695312 0.093750 0.697266 0.083984 0.697266 0.078125 0.691406 0.078125 0.681641 0.080078 0.679688 0.082031 0.679688 0.082031 0.677734 0.083984 0.675781 0.093750 0.675781 0.099609 0.681641 0.099609 0.691406 0.097656 0.693359
0 0.474609 0.695312 0.472656 0.695312 0.470703 0.697266 0.460938 0.697266 0.455078 0.691406 0.455078 0.681641 0.457031 0.679688 0.458984 0.679688 0.458984 0.677734 0.460938 0.675781 0.470703 0.675781 0.476562 0.681641 0.476562 0.691406 0.474609 0.693359
0 0.523438 0.689453 0.521484 0.689453 0.519531 0.691406 0.515625 0.691406 0.513672 0.689453 0.513672 0.683594 0.515625 0.681641 0.519531 0.681641 0.521484 0.683594 0.523438 0.683594
0 0.574219 0.687500 0.574219 0.691406 0.570312 0.691406 0.568359 0.689453 0.572266 0.685547
0 0.587891 0.687500 0.587891 0.691406 0.583984 0.691406 0.582031 0.689453 0.585938 0.685547
0 0.712891 0.695312 0.710938 0.695312 0.708984 0.697266 0.705078 0.697266 0.703125 0.695312 0.703125 0.689453 0.705078 0.687500 0.708984 0.687500 0.710938 0.689453 0.712891 0.689453
0 0.279297 0.697266 0.277344 0.697266 0.275391 0.699219 0.271484 0.699219 0.269531 0.697266 0.269531 0.691406 0.271484 0.689453 0.275391 0.689453 0.277344 0.691406 0.279297 0.691406
0 0.468750 0.695312 0.466797 0.697266 0.466797 0.699219 0.464844 0.701172 0.458984 0.701172 0.457031 0.699219 0.457031 0.697266 0.455078 0.695312 0.455078 0.693359 0.457031 0.691406 0.457031 0.689453 0.458984 0.687500 0.464844 0.687500 0.466797 0.689453 0.466797 0.691406 0.468750 0.693359
0 0.541016 0.697266 0.539062 0.697266 0.537109 0.699219 0.533203 0.699219 0.531250 0.697266 0.531250 0.691406 0.533203 0.689453 0.537109 0.689453 0.539062 0.691406 0.541016 0.691406
0 0.667969 0.697266 0.666016 0.697266 0.664062 0.699219 0.660156 0.699219 0.658203 0.697266 0.658203 0.691406 0.660156 0.689453 0.664062 0.689453 0.666016 0.691406 0.667969 0.691406
0 0.779297 0.697266 0.777344 0.697266 0.775391 0.699219 0.771484 0.699219 0.769531 0.697266 0.769531 0.691406 0.771484 0.689453 0.775391 0.689453 0.777344 0.691406 0.779297 0.691406
0 0.582031 0.695312 0.582031 0.699219 0.578125 0.699219 0.576172 0.697266 0.580078 0.693359
0 0.705078 0.697266 0.703125 0.699219 0.703125 0.701172 0.701172 0.703125 0.695312 0.703125 0.693359 0.701172 0.693359 0.699219 0.691406 0.697266 0.691406 0.695312 0.693359 0.693359 0.693359 0.691406 0.695312 0.689453 0.701172 0.689453 0.703125 0.691406 0.703125 0.693359 0.705078 0.695312
0 0.371094 0.703125 0.371094 0.707031 0.367188 0.707031 0.365234 0.705078 0.369141 0.701172
0 0.568359 0.703125 0.568359 0.707031 0.564453 0.707031 0.562500 0.705078 0.566406 0.701172
0 0.683594 0.705078 0.681641 0.707031 0.681641 0.708984 0.679688 0.710938 0.673828 0.710938 0.671875 0.708984 0.671875 0.707031 0.669922 0.705078 0.669922 0.703125 0.671875 0.701172 0.671875 0.699219 0.673828 0.697266 0.679688 0.697266 0.681641 0.699219 0.681641 0.701172 0.683594 0.703125
0 0.787109 0.703125 0.787109 0.707031 0.783203 0.707031 0.781250 0.705078 0.785156 0.701172
0 0.080078 0.708984 0.074219 0.714844 0.068359 0.714844 0.062500 0.708984 0.062500 0.703125 0.068359 0.697266 0.074219 0.697266 0.080078 0.703125
0 0.660156 0.705078 0.660156 0.708984 0.656250 0.708984 0.654297 0.707031 0.658203 0.703125
0 0.738281 0.708984 0.736328 0.710938 0.736328 0.712891 0.734375 0.714844 0.728516 0.714844 0.726562 0.712891 0.726562 0.710938 0.724609 0.708984 0.724609 0.707031 0.726562 0.705078 0.726562 0.703125 0.728516 0.701172 0.734375 0.701172 0.736328 0.703125 0.736328 0.705078 0.738281 0.707031
0 0.490234 0.710938 0.488281 0.712891 0.488281 0.714844 0.486328 0.716797 0.480469 0.716797 0.478516 0.714844 0.478516 0.712891 0.476562 0.710938 0.476562 0.708984 0.478516 0.707031 0.478516 0.705078 0.480469 0.703125 0.486328 0.703125 0.488281 0.705078 0.488281 0.707031 0.490234 0.708984
0 0.558594 0.708984 0.558594 0.712891 0.554688 0.712891 0.552734 0.710938 0.556641 0.707031
0 0.771484 0.712891 0.765625 0.718750 0.759766 0.718750 0.753906 0.712891 0.753906 0.707031 0.759766 0.701172 0.765625 0.701172 0.771484 0.707031
0 0.775391 0.712891 0.773438 0.712891 0.771484 0.714844 0.767578 0.714844 0.765625 0.712891 0.765625 0.707031 0.767578 0.705078 0.771484 0.705078 0.773438 0.707031 0.775391 0.707031
0 0.373047 0.710938 0.373047 0.714844 0.369141 0.714844 0.367188 0.712891 0.371094 0.708984
0 0.449219 0.712891 0.447266 0.714844 0.447266 0.716797 0.445312 0.718750 0.439453 0.718750 0.437500 0.716797 0.437500 0.714844 0.435547 0.712891 0.435547 0.710938 0.437500 0.708984 0.437500 0.707031 0.439453 0.705078 0.445312 0.705078 0.447266 0.707031 0.447266 0.708984 0.449219 0.710938
0 0.787109 0.714844 0.785156 0.714844 0.783203 0.716797 0.779297 0.716797 0.777344 0.714844 0.777344 0.708984 0.779297 0.707031 0.783203 0.707031 0.785156 0.708984 0.787109 0.708984
0 0.656250 0.722656 0.654297 0.722656 0.652344 0.724609 0.642578 0.724609 0.636719 0.718750 0.636719 0.708984 0.638672 0.707031 0.640625 0.707031 0.640625 0.705078 0.642578 0.703125 0.652344 0.703125 0.658203 0.708984 0.658203 0.718750 0.656250 0.720703
0 0.625000 0.716797 0.625000 0.720703 0.621094 0.720703 0.619141 0.718750 0.623047 0.714844
0 0.722656 0.720703 0.720703 0.720703 0.718750 0.722656 0.714844 0.722656 0.712891 0.720703 0.712891 0.714844 0.714844 0.712891 0.718750 0.712891 0.720703 0.714844 0.722656 0.714844
0 0.638672 0.718750 0.638672 0.722656 0.634766 0.722656 0.632812 0.720703 0.636719 0.716797
0 0.701172 0.720703 0.699219 0.722656 0.699219 0.724609 0.697266 0.726562 0.691406 0.726562 0.689453 0.724609 0.689453 0.722656 0.687500 0.720703 0.687500 0.718750 0.689453 0.716797 0.689453 0.714844 0.691406 0.712891 0.697266 0.712891 0.699219 0.714844 0.699219 0.716797 0.701172 0.718750
0 0.246094 0.722656 0.244141 0.724609 0.244141 0.726562 0.242188 0.728516 0.236328 0.728516 0.234375 0.726562 0.234375 0.724609 0.232422 0.722656 0.232422 0.720703 0.234375 0.718750 0.234375 0.716797 0.236328 0.714844 0.242188 0.714844 0.244141 0.716797 0.244141 0.718750 0.246094 0.720703
0 0.531250 0.720703 0.531250 0.724609 0.527344 0.724609 0.525391 0.722656 0.529297 0.718750
0 0.541016 0.720703 0.541016 0.724609 0.537109 0.724609 0.535156 0.722656 0.539062 0.718750
0 0.468750 0.724609 0.466797 0.726562 0.466797 0.728516 0.464844 0.730469 0.458984 0.730469 0.457031 0.728516 0.457031 0.726562 0.455078 0.724609 0.455078 0.722656 0.457031 0.720703 0.457031 0.718750 0.458984 0.716797 0.464844 0.716797 0.466797 0.718750 0.466797 0.720703 0.468750 0.722656
0 0.755859 0.726562 0.753906 0.726562 0.751953 0.728516 0.748047 0.728516 0.746094 0.726562 0.746094 0.720703 0.748047 0.718750 0.751953 0.718750 0.753906 0.720703 0.755859 0.720703
0 0.214844 0.728516 0.212891 0.730469 0.212891 0.732422 0.210938 0.734375 0.205078 0.734375 0.203125 0.732422 0.203125 0.730469 0.201172 0.728516 0.201172 0.726562 0.203125 0.724609 0.203125 0.722656 0.205078 0.720703 0.210938 0.720703 0.212891 0.722656 0.212891 0.724609 0.214844 0.726562
0 0.611328 0.726562 0.611328 0.730469 0.607422 0.730469 0.605469 0.728516 0.609375 0.724609
0 0.257812 0.734375 0.255859 0.734375 0.253906 0.736328 0.250000 0.736328 0.248047 0.734375 0.248047 0.728516 0.250000 0.726562 0.253906 0.726562 0.255859 0.728516 0.257812 0.728516
0 0.628906 0.734375 0.623047 0.740234 0.617188 0.740234 0.611328 0.734375 0.611328 0.728516 0.617188 0.722656 0.623047 0.722656 0.628906 0.728516
0 0.056641 0.734375 0.054688 0.736328 0.054688 0.738281 0.052734 0.740234 0.046875 0.740234 0.044922 0.738281 0.044922 0.736328 0.042969 0.734375 0.042969 0.732422 0.044922 0.730469 0.044922 0.728516 0.046875 0.726562 0.052734 0.726562 0.054688 0.728516 0.054688 0.730469 0.056641 0.732422
0 0.183594 0.742188 0.181641 0.742188 0.179688 0.744141 0.169922 0.744141 0.164062 0.738281 0.164062 0.728516 0.166016 0.726562 0.167969 0.726562 0.167969 0.724609 0.169922 0.722656 0.179688 0.722656 0.185547 0.728516 0.185547 0.738281 0.183594 0.740234
0 0.423828 0.734375 0.423828 0.738281 0.419922 0.738281 0.417969 0.736328 0.421875 0.732422
0 0.605469 0.734375 0.605469 0.738281 0.601562 0.738281 0.599609 0.736328 0.603516 0.732422
0 0.683594 0.738281 0.681641 0.738281 0.679688 0.740234 0.675781 0.740234 0.673828 0.738281 0.673828 0.732422 0.675781 0.730469 0.679688 0.730469 0.681641 0.732422 0.683594 0.732422
0 0.705078 0.738281 0.703125 0.738281 0.701172 0.740234 0.697266 0.740234 0.695312 0.738281 0.695312 0.732422 0.697266 0.730469 0.701172 0.730469 0.703125 0.732422 0.705078 0.732422
0 0.240234 0.742188 0.238281 0.744141 0.238281 0.746094 0.236328 0.748047 0.230469 0.748047 0.228516 0.746094 0.228516 0.744141 0.226562 0.742188 0.226562 0.740234 0.228516 0.738281 0.228516 0.736328 0.230469 0.734375 0.236328 0.734375 0.238281 0.736328 0.238281 0.738281 0.240234 0.740234
0 0.441406 0.746094 0.439453 0.746094 0.437500 0.748047 0.433594 0.748047 0.431641 0.746094 0.431641 0.740234 0.433594 0.738281 0.437500 0.738281 0.439453 0.740234 0.441406 0.740234
0 0.619141 0.742188 0.619141 0.746094 0.615234 0.746094 0.613281 0.744141 0.617188 0.740234
0 0.630859 0.742188 0.630859 0.746094 0.626953 0.746094 0.625000 0.744141 0.628906 0.740234
0 0.154297 0.748047 0.152344 0.748047 0.150391 0.750000 0.146484 0.750000 0.144531 0.748047 0.144531 0.742188 0.146484 0.740234 0.150391 0.740234 0.152344 0.742188 0.154297 0.742188
0 0.693359 0.748047 0.691406 0.748047 0.689453 0.750000 0.685547 0.750000 0.683594 0.748047 0.683594 0.742188 0.685547 0.740234 0.689453 0.740234 0.691406 0.742188 0.693359 0.742188
0 0.779297 0.751953 0.777344 0.751953 0.775391 0.753906 0.771484 0.753906 0.769531 0.751953 0.769531 0.746094 0.771484 0.744141 0.775391 0.744141 0.777344 0.746094 0.779297 0.746094
0 0.621094 0.750000 0.621094 0.753906 0.617188 0.753906 0.615234 0.751953 0.619141 0.748047
0 0.626953 0.750000 0.626953 0.753906 0.623047 0.753906 0.621094 0.751953 0.625000 0.748047
0 0.308594 0.753906 0.308594 0.757812 0.304688 0.757812 0.302734 0.755859 0.306641 0.751953
0 0.441406 0.763672 0.439453 0.763672 0.437500 0.765625 0.427734 0.765625 0.421875 0.759766 0.421875 0.750000 0.423828 0.748047 0.425781 0.748047 0.425781 0.746094 0.427734 0.744141 0.437500 0.744141 0.443359 0.750000 0.443359 0.759766 0.441406 0.761719
0 0.287109 0.765625 0.285156 0.765625 0.283203 0.767578 0.279297 0.767578 0.277344 0.765625 0.277344 0.759766 0.279297 0.757812 0.283203 0.757812 0.285156 0.759766 0.287109 0.759766
0 0.730469 0.761719 0.730469 0.765625 0.726562 0.765625 0.724609 0.763672 0.728516 0.759766
0 0.767578 0.765625 0.765625 0.765625 0.763672 0.767578 0.759766 0.767578 0.757812 0.765625 0.757812 0.759766 0.759766 0.757812 0.763672 0.757812 0.765625 0.759766 0.767578 0.759766
0 0.941406 0.761719 0.941406 0.765625 0.937500 0.765625 0.935547 0.763672 0.939453 0.759766
0 0.617188 0.765625 0.617188 0.769531 0.613281 0.769531 0.611328 0.767578 0.615234 0.763672
0 0.914062 0.769531 0.912109 0.769531 0.910156 0.771484 0.906250 0.771484 0.904297 0.769531 0.904297 0.763672 0.906250 0.761719 0.910156 0.761719 0.912109 0.763672 0.914062 0.763672
0 0.119141 0.769531 0.117188 0.771484 0.117188 0.773438 0.115234 0.775391 0.109375 0.775391 0.107422 0.773438 0.107422 0.771484 0.105469 0.769531 0.105469 0.767578 0.107422 0.765625 0.107422 0.763672 0.109375 0.761719 0.115234 0.761719 0.117188 0.763672 0.117188 0.765625 0.119141 0.767578
0 0.369141 0.767578 0.369141 0.771484 0.365234 0.771484 0.363281 0.769531 0.367188 0.765625
0 0.632812 0.771484 0.630859 0.771484 0.628906 0.773438 0.625000 0.773438 0.623047 0.771484 0.623047 0.765625 0.625000 0.763672 0.628906 0.763672 0.630859 0.765625 0.632812 0.765625
0 0.667969 0.767578 0.667969 0.771484 0.664062 0.771484 0.662109 0.769531 0.666016 0.765625
0 0.724609 0.771484 0.722656 0.771484 0.720703 0.773438 0.716797 0.773438 0.714844 0.771484 0.714844 0.765625 0.716797 0.763672 0.720703 0.763672 0.722656 0.765625 0.724609 0.765625
0 0.792969 0.771484 0.791016 0.771484 0.789062 0.773438 0.785156 0.773438 0.783203 0.771484 0.783203 0.765625 0.785156 0.763672 0.789062 0.763672 0.791016 0.765625 0.792969 0.765625
0 0.945312 0.767578 0.945312 0.771484 0.941406 0.771484 0.939453 0.769531 0.943359 0.765625
0 0.462891 0.771484 0.460938 0.773438 0.460938 0.775391 0.458984 0.777344 0.453125 0.777344 0.451172 0.775391 0.451172 0.773438 0.449219 0.771484 0.449219 0.769531 0.451172 0.767578 0.451172 0.765625 0.453125 0.763672 0.458984 0.763672 0.460938 0.765625 0.460938 0.767578 0.462891 0.769531
0 0.498047 0.773438 0.498047 0.777344 0.494141 0.777344 0.492188 0.775391 0.496094 0.771484
0 0.505859 0.773438 0.505859 0.777344 0.501953 0.777344 0.500000 0.775391 0.503906 0.771484
0 0.625000 0.777344 0.623047 0.777344 0.621094 0.779297 0.617188 0.779297 0.615234 0.777344 0.615234 0.771484 0.617188 0.769531 0.621094 0.769531 0.623047 0.771484 0.625000 0.771484
0 0.654297 0.777344 0.652344 0.777344 0.650391 0.779297 0.646484 0.779297 0.644531 0.777344 0.644531 0.771484 0.646484 0.769531 0.650391 0.769531 0.652344 0.771484 0.654297 0.771484
0 0.779297 0.777344 0.777344 0.777344 0.775391 0.779297 0.771484 0.779297 0.769531 0.777344 0.769531 0.771484 0.771484 0.769531 0.775391 0.769531 0.777344 0.771484 0.779297 0.771484
0 0.976562 0.775391 0.976562 0.779297 0.972656 0.779297 0.970703 0.777344 0.974609 0.773438
0 0.365234 0.777344 0.365234 0.781250 0.361328 0.781250 0.359375 0.779297 0.363281 0.775391
0 0.373047 0.777344 0.373047 0.781250 0.369141 0.781250 0.367188 0.779297 0.371094 0.775391
0 0.093750 0.783203 0.091797 0.783203 0.089844 0.785156 0.085938 0.785156 0.083984 0.783203 0.083984 0.777344 0.085938 0.775391 0.089844 0.775391 0.091797 0.777344 0.093750 0.777344
0 0.429688 0.783203 0.427734 0.783203 0.425781 0.785156 0.421875 0.785156 0.419922 0.783203 0.419922 0.777344 0.421875 0.775391 0.425781 0.775391 0.427734 0.777344 0.429688 0.777344
0 0.669922 0.783203 0.667969 0.783203 0.666016 0.785156 0.662109 0.785156 0.660156 0.783203 0.660156 0.777344 0.662109 0.775391 0.666016 0.775391 0.667969 0.777344 0.669922 0.777344
0 0.720703 0.781250 0.720703 0.785156 0.716797 0.785156 0.714844 0.783203 0.718750 0.779297
0 0.732422 0.783203 0.730469 0.785156 0.730469 0.787109 0.728516 0.789062 0.722656 0.789062 0.720703 0.787109 0.720703 0.785156 0.718750 0.783203 0.718750 0.781250 0.720703 0.779297 0.720703 0.777344 0.722656 0.775391 0.728516 0.775391 0.730469 0.777344 0.730469 0.779297 0.732422 0.781250
0 0.925781 0.785156 0.923828 0.785156 0.921875 0.787109 0.917969 0.787109 0.916016 0.785156 0.916016 0.779297 0.917969 0.777344 0.921875 0.777344 0.923828 0.779297 0.925781 0.779297
0 0.964844 0.781250 0.964844 0.785156 0.960938 0.785156 0.958984 0.783203 0.962891 0.779297
0 0.980469 0.781250 0.980469 0.785156 0.976562 0.785156 0.974609 0.783203 0.978516 0.779297
0 0.498047 0.783203 0.498047 0.787109 0.494141 0.787109 0.492188 0.785156 0.496094 0.781250
0 0.505859 0.783203 0.505859 0.787109 0.501953 0.787109 0.500000 0.785156 0.503906 0.781250
0 0.861328 0.783203 0.861328 0.787109 0.857422 0.787109 0.855469 0.785156 0.859375 0.781250
0 0.476562 0.789062 0.474609 0.789062 0.472656 0.791016 0.468750 0.791016 0.466797 0.789062 0.466797 0.783203 0.468750 0.781250 0.472656 0.781250 0.474609 0.783203 0.476562 0.783203
0 0.798828 0.789062 0.796875 0.789062 0.794922 0.791016 0.791016 0.791016 0.789062 0.789062 0.789062 0.783203 0.791016 0.781250 0.794922 0.781250 0.796875 0.783203 0.798828 0.783203
0 0.902344 0.789062 0.900391 0.789062 0.898438 0.791016 0.894531 0.791016 0.892578 0.789062 0.892578 0.783203 0.894531 0.781250 0.898438 0.781250 0.900391 0.783203 0.902344 0.783203
0 0.298828 0.791016 0.296875 0.791016 0.294922 0.792969 0.291016 0.792969 0.289062 0.791016 0.289062 0.785156 0.291016 0.783203 0.294922 0.783203 0.296875 0.785156 0.298828 0.785156
0 0.703125 0.791016 0.701172 0.791016 0.699219 0.792969 0.695312 0.792969 0.693359 0.791016 0.693359 0.785156 0.695312 0.783203 0.699219 0.783203 0.701172 0.785156 0.703125 0.785156
0 0.710938 0.789062 0.708984 0.791016 0.708984 0.792969 0.707031 0.794922 0.701172 0.794922 0.699219 0.792969 0.699219 0.791016 0.697266 0.789062 0.697266 0.787109 0.699219 0.785156 0.699219 0.783203 0.701172 0.781250 0.707031 0.781250 0.708984 0.783203 0.708984 0.785156 0.710938 0.787109
0 0.730469 0.792969 0.728516 0.792969 0.726562 0.794922 0.722656 0.794922 0.720703 0.792969 0.720703 0.787109 0.722656 0.785156 0.726562 0.785156 0.728516 0.787109 0.730469 0.787109
0 0.968750 0.789062 0.968750 0.792969 0.964844 0.792969 0.962891 0.791016 0.966797 0.787109
0 0.976562 0.789062 0.976562 0.792969 0.972656 0.792969 0.970703 0.791016 0.974609 0.787109
0 0.585938 0.791016 0.585938 0.794922 0.582031 0.794922 0.580078 0.792969 0.583984 0.789062
0 0.753906 0.791016 0.753906 0.794922 0.750000 0.794922 0.748047 0.792969 0.751953 0.789062
0 0.859375 0.792969 0.859375 0.796875 0.855469 0.796875 0.853516 0.794922 0.857422 0.791016
0 0.888672 0.792969 0.888672 0.796875 0.884766 0.796875 0.882812 0.794922 0.886719 0.791016
0 0.712891 0.798828 0.710938 0.798828 0.708984 0.800781 0.705078 0.800781 0.703125 0.798828 0.703125 0.792969 0.705078 0.791016 0.708984 0.791016 0.710938 0.792969 0.712891 0.792969
0 0.906250 0.798828 0.904297 0.798828 0.902344 0.800781 0.898438 0.800781 0.896484 0.798828 0.896484 0.792969 0.898438 0.791016 0.902344 0.791016 0.904297 0.792969 0.906250 0.792969
0 0.763672 0.796875 0.763672 0.800781 0.759766 0.800781 0.757812 0.798828 0.761719 0.794922
0 0.304688 0.802734 0.302734 0.802734 0.300781 0.804688 0.296875 0.804688 0.294922 0.802734 0.294922 0.796875 0.296875 0.794922 0.300781 0.794922 0.302734 0.796875 0.304688 0.796875
0 0.423828 0.802734 0.421875 0.802734 0.419922 0.804688 0.416016 0.804688 0.414062 0.802734 0.414062 0.796875 0.416016 0.794922 0.419922 0.794922 0.421875 0.796875 0.423828 0.796875
0 0.650391 0.808594 0.648438 0.808594 0.646484 0.810547 0.636719 0.810547 0.630859 0.804688 0.630859 0.794922 0.632812 0.792969 0.634766 0.792969 0.634766 0.791016 0.636719 0.789062 0.646484 0.789062 0.652344 0.794922 0.652344 0.804688 0.650391 0.806641
0 0.277344 0.806641 0.275391 0.806641 0.273438 0.808594 0.269531 0.808594 0.267578 0.806641 0.267578 0.800781 0.269531 0.798828 0.273438 0.798828 0.275391 0.800781 0.277344 0.800781
0 0.476562 0.814453 0.474609 0.814453 0.472656 0.816406 0.468750 0.816406 0.466797 0.814453 0.466797 0.808594 0.468750 0.806641 0.472656 0.806641 0.474609 0.808594 0.476562 0.808594
0 0.751953 0.814453 0.750000 0.814453 0.748047 0.816406 0.744141 0.816406 0.742188 0.814453 0.742188 0.808594 0.744141 0.806641 0.748047 0.806641 0.750000 0.808594 0.751953 0.808594
0 0.707031 0.816406 0.705078 0.816406 0.703125 0.818359 0.699219 0.818359 0.697266 0.816406 0.697266 0.810547 0.699219 0.808594 0.703125 0.808594 0.705078 0.810547 0.707031 0.810547
0 0.455078 0.824219 0.453125 0.824219 0.451172 0.826172 0.441406 0.826172 0.435547 0.820312 0.435547 0.810547 0.437500 0.808594 0.439453 0.808594 0.439453 0.806641 0.441406 0.804688 0.451172 0.804688 0.457031 0.810547 0.457031 0.820312 0.455078 0.822266
0 0.759766 0.814453 0.759766 0.818359 0.755859 0.818359 0.753906 0.816406 0.757812 0.812500
0 0.232422 0.816406 0.232422 0.820312 0.228516 0.820312 0.226562 0.818359 0.230469 0.814453
0 0.628906 0.816406 0.628906 0.820312 0.625000 0.820312 0.623047 0.818359 0.626953 0.814453
0 0.412109 0.820312 0.410156 0.822266 0.410156 0.824219 0.408203 0.826172 0.402344 0.826172 0.400391 0.824219 0.400391 0.822266 0.398438 0.820312 0.398438 0.818359 0.400391 0.816406 0.400391 0.814453 0.402344 0.812500 0.408203 0.812500 0.410156 0.814453 0.410156 0.816406 0.412109 0.818359
0 0.652344 0.820312 0.650391 0.822266 0.650391 0.824219 0.648438 0.826172 0.642578 0.826172 0.640625 0.824219 0.640625 0.822266 0.638672 0.820312 0.638672 0.818359 0.640625 0.816406 0.640625 0.814453 0.642578 0.812500 0.648438 0.812500 0.650391 0.814453 0.650391 0.816406 0.652344 0.818359
0 0.685547 0.820312 0.683594 0.822266 0.683594 0.824219 0.681641 0.826172 0.675781 0.826172 0.673828 0.824219 0.673828 0.822266 0.671875 0.820312 0.671875 0.818359 0.673828 0.816406 0.673828 0.814453 0.675781 0.812500 0.681641 0.812500 0.683594 0.814453 0.683594 0.816406 0.685547 0.818359
0 0.560547 0.830078 0.558594 0.830078 0.556641 0.832031 0.546875 0.832031 0.541016 0.826172 0.541016 0.816406 0.542969 0.814453 0.544922 0.814453 0.544922 0.812500 0.546875 0.810547 0.556641 0.810547 0.562500 0.816406 0.562500 0.826172 0.560547 0.828125
0 0.226562 0.824219 0.226562 0.828125 0.222656 0.828125 0.220703 0.826172 0.224609 0.822266
0 0.283203 0.826172 0.281250 0.828125 0.281250 0.830078 0.279297 0.832031 0.273438 0.832031 0.271484 0.830078 0.271484 0.828125 0.269531 0.826172 0.269531 0.824219 0.271484 0.822266 0.271484 0.820312 0.273438 0.818359 0.279297 0.818359 0.281250 0.820312 0.281250 0.822266 0.283203 0.824219
0 0.300781 0.828125 0.298828 0.828125 0.296875 0.830078 0.292969 0.830078 0.291016 0.828125 0.291016 0.822266 0.292969 0.820312 0.296875 0.820312 0.298828 0.822266 0.300781 0.822266
0 0.542969 0.832031 0.541016 0.832031 0.539062 0.833984 0.535156 0.833984 0.533203 0.832031 0.533203 0.826172 0.535156 0.824219 0.539062 0.824219 0.541016 0.826172 0.542969 0.826172
0 0.742188 0.832031 0.736328 0.837891 0.730469 0.837891 0.724609 0.832031 0.724609 0.826172 0.730469 0.820312 0.736328 0.820312 0.742188 0.826172
0 0.757812 0.828125 0.757812 0.832031 0.753906 0.832031 0.751953 0.830078 0.755859 0.826172
0 0.982422 0.828125 0.982422 0.832031 0.978516 0.832031 0.976562 0.830078 0.980469 0.826172
0 0.328125 0.830078 0.328125 0.833984 0.324219 0.833984 0.322266 0.832031 0.326172 0.828125
0 0.337891 0.830078 0.337891 0.833984 0.333984 0.833984 0.332031 0.832031 0.335938 0.828125
0 0.576172 0.833984 0.574219 0.833984 0.572266 0.835938 0.568359 0.835938 0.566406 0.833984 0.566406 0.828125 0.568359 0.826172 0.572266 0.826172 0.574219 0.828125 0.576172 0.828125
0 0.587891 0.835938 0.585938 0.835938 0.583984 0.837891 0.580078 0.837891 0.578125 0.835938 0.578125 0.830078 0.580078 0.828125 0.583984 0.828125 0.585938 0.830078 0.587891 0.830078
0 0.777344 0.832031 0.777344 0.835938 0.773438 0.835938 0.771484 0.833984 0.775391 0.830078
0 0.992188 0.832031 0.992188 0.835938 0.988281 0.835938 0.986328 0.833984 0.990234 0.830078
0 0.646484 0.837891 0.644531 0.837891 0.642578 0.839844 0.638672 0.839844 0.636719 0.837891 0.636719 0.832031 0.638672 0.830078 0.642578 0.830078 0.644531 0.832031 0.646484 0.832031
0 0.714844 0.833984 0.714844 0.837891 0.710938 0.837891 0.708984 0.835938 0.712891 0.832031
0 0.328125 0.835938 0.328125 0.839844 0.324219 0.839844 0.322266 0.837891 0.326172 0.833984
0 0.472656 0.839844 0.466797 0.845703 0.460938 0.845703 0.455078 0.839844 0.455078 0.833984 0.460938 0.828125 0.466797 0.828125 0.472656 0.833984
0 0.787109 0.835938 0.787109 0.839844 0.783203 0.839844 0.781250 0.837891 0.785156 0.833984
0 0.804688 0.839844 0.802734 0.839844 0.800781 0.841797 0.796875 0.841797 0.794922 0.839844 0.794922 0.833984 0.796875 0.832031 0.800781 0.832031 0.802734 0.833984 0.804688 0.833984
0 0.392578 0.841797 0.390625 0.841797 0.388672 0.843750 0.384766 0.843750 0.382812 0.841797 0.382812 0.835938 0.384766 0.833984 0.388672 0.833984 0.390625 0.835938 0.392578 0.835938
0 0.437500 0.839844 0.435547 0.841797 0.435547 0.843750 0.433594 0.845703 0.427734 0.845703 0.425781 0.843750 0.425781 0.841797 0.423828 0.839844 0.423828 0.837891 0.425781 0.835938 0.425781 0.833984 0.427734 0.832031 0.433594 0.832031 0.435547 0.833984 0.435547 0.835938 0.437500 0.837891
0 0.613281 0.839844 0.613281 0.843750 0.609375 0.843750 0.607422 0.841797 0.611328 0.837891
0 0.951172 0.839844 0.951172 0.843750 0.947266 0.843750 0.945312 0.841797 0.949219 0.837891
0 0.673828 0.845703 0.671875 0.845703 0.669922 0.847656 0.666016 0.847656 0.664062 0.845703 0.664062 0.839844 0.666016 0.837891 0.669922 0.837891 0.671875 0.839844 0.673828 0.839844
0 0.654297 0.847656 0.652344 0.847656 0.650391 0.849609 0.646484 0.849609 0.644531 0.847656 0.644531 0.841797 0.646484 0.839844 0.650391 0.839844 0.652344 0.841797 0.654297 0.841797
0 0.943359 0.843750 0.943359 0.847656 0.939453 0.847656 0.937500 0.845703 0.941406 0.841797
0 0.429688 0.855469 0.427734 0.855469 0.425781 0.857422 0.416016 0.857422 0.410156 0.851562 0.410156 0.841797 0.412109 0.839844 0.414062 0.839844 0.414062 0.837891 0.416016 0.835938 0.425781 0.835938 0.431641 0.841797 0.431641 0.851562 0.429688 0.853516
0 0.609375 0.849609 0.603516 0.855469 0.597656 0.855469 0.591797 0.849609 0.591797 0.843750 0.597656 0.837891 0.603516 0.837891 0.609375 0.843750
0 0.873047 0.849609 0.871094 0.849609 0.869141 0.851562 0.865234 0.851562 0.863281 0.849609 0.863281 0.843750 0.865234 0.841797 0.869141 0.841797 0.871094 0.843750 0.873047 0.843750
0 0.970703 0.845703 0.970703 0.849609 0.966797 0.849609 0.964844 0.847656 0.968750 0.843750
0 0.804688 0.851562 0.802734 0.851562 0.800781 0.853516 0.796875 0.853516 0.794922 0.851562 0.794922 0.845703 0.796875 0.843750 0.800781 0.843750 0.802734 0.845703 0.804688 0.845703
0 0.835938 0.851562 0.833984 0.851562 0.832031 0.853516 0.828125 0.853516 0.826172 0.851562 0.826172 0.845703 0.828125 0.843750 0.832031 0.843750 0.833984 0.845703 0.835938 0.845703
0 0.542969 0.851562 0.541016 0.853516 0.541016 0.855469 0.539062 0.857422 0.533203 0.857422 0.531250 0.855469 0.531250 0.853516 0.529297 0.851562 0.529297 0.849609 0.531250 0.847656 0.531250 0.845703 0.533203 0.843750 0.539062 0.843750 0.541016 0.845703 0.541016 0.847656 0.542969 0.849609
0 0.300781 0.855469 0.298828 0.855469 0.296875 0.857422 0.292969 0.857422 0.291016 0.855469 0.291016 0.849609 0.292969 0.847656 0.296875 0.847656 0.298828 0.849609 0.300781 0.849609
0 0.398438 0.853516 0.396484 0.855469 0.396484 0.857422 0.394531 0.859375 0.388672 0.859375 0.386719 0.857422 0.386719 0.855469 0.384766 0.853516 0.384766 0.851562 0.386719 0.849609 0.386719 0.847656 0.388672 0.845703 0.394531 0.845703 0.396484 0.847656 0.396484 0.849609 0.398438 0.851562
0 0.458984 0.855469 0.457031 0.855469 0.455078 0.857422 0.451172 0.857422 0.449219 0.855469 0.449219 0.849609 0.451172 0.847656 0.455078 0.847656 0.457031 0.849609 0.458984 0.849609
0 0.578125 0.853516 0.576172 0.855469 0.576172 0.857422 0.574219 0.859375 0.568359 0.859375 0.566406 0.857422 0.566406 0.855469 0.564453 0.853516 0.564453 0.851562 0.566406 0.849609 0.566406 0.847656 0.568359 0.845703 0.574219 0.845703 0.576172 0.847656 0.576172 0.849609 0.578125 0.851562
0 0.699219 0.851562 0.699219 0.855469 0.695312 0.855469 0.693359 0.853516 0.697266 0.849609
0 0.816406 0.861328 0.814453 0.861328 0.812500 0.863281 0.802734 0.863281 0.796875 0.857422 0.796875 0.847656 0.798828 0.845703 0.800781 0.845703 0.800781 0.843750 0.802734 0.841797 0.812500 0.841797 0.818359 0.847656 0.818359 0.857422 0.816406 0.859375
0 0.949219 0.851562 0.949219 0.855469 0.945312 0.855469 0.943359 0.853516 0.947266 0.849609
0 0.482422 0.857422 0.480469 0.857422 0.478516 0.859375 0.474609 0.859375 0.472656 0.857422 0.472656 0.851562 0.474609 0.849609 0.478516 0.849609 0.480469 0.851562 0.482422 0.851562
0 0.621094 0.857422 0.619141 0.857422 0.617188 0.859375 0.613281 0.859375 0.611328 0.857422 0.611328 0.851562 0.613281 0.849609 0.617188 0.849609 0.619141 0.851562 0.621094 0.851562
0 0.591797 0.859375 0.589844 0.859375 0.587891 0.861328 0.583984 0.861328 0.582031 0.859375 0.582031 0.853516 0.583984 0.851562 0.587891 0.851562 0.589844 0.853516 0.591797 0.853516
0 0.886719 0.859375 0.884766 0.859375 0.882812 0.861328 0.878906 0.861328 0.876953 0.859375 0.876953 0.853516 0.878906 0.851562 0.882812 0.851562 0.884766 0.853516 0.886719 0.853516
0 0.693359 0.857422 0.693359 0.861328 0.689453 0.861328 0.687500 0.859375 0.691406 0.855469
0 0.970703 0.859375 0.970703 0.863281 0.966797 0.863281 0.964844 0.861328 0.968750 0.857422
0 0.994141 0.863281 0.992188 0.863281 0.990234 0.865234 0.986328 0.865234 0.984375 0.863281 0.984375 0.857422 0.986328 0.855469 0.990234 0.855469 0.992188 0.857422 0.994141 0.857422
0 0.380859 0.861328 0.380859 0.865234 0.376953 0.865234 0.375000 0.863281 0.378906 0.859375
0 0.392578 0.861328 0.392578 0.865234 0.388672 0.865234 0.386719 0.863281 0.390625 0.859375
0 0.486328 0.861328 0.486328 0.865234 0.482422 0.865234 0.480469 0.863281 0.484375 0.859375
0 0.826172 0.861328 0.826172 0.865234 0.822266 0.865234 0.820312 0.863281 0.824219 0.859375
0 0.248047 0.867188 0.242188 0.873047 0.236328 0.873047 0.230469 0.867188 0.230469 0.861328 0.236328 0.855469 0.242188 0.855469 0.248047 0.861328
0 0.560547 0.867188 0.558594 0.867188 0.556641 0.869141 0.552734 0.869141 0.550781 0.867188 0.550781 0.861328 0.552734 0.859375 0.556641 0.859375 0.558594 0.861328 0.560547 0.861328
0 0.613281 0.865234 0.613281 0.869141 0.609375 0.869141 0.607422 0.867188 0.611328 0.863281
0 0.628906 0.869141 0.626953 0.869141 0.625000 0.871094 0.621094 0.871094 0.619141 0.869141 0.619141 0.863281 0.621094 0.861328 0.625000 0.861328 0.626953 0.863281 0.628906 0.863281
0 0.474609 0.871094 0.472656 0.871094 0.470703 0.873047 0.466797 0.873047 0.464844 0.871094 0.464844 0.865234 0.466797 0.863281 0.470703 0.863281 0.472656 0.865234 0.474609 0.865234
0 0.492188 0.871094 0.490234 0.871094 0.488281 0.873047 0.484375 0.873047 0.482422 0.871094 0.482422 0.865234 0.484375 0.863281 0.488281 0.863281 0.490234 0.865234 0.492188 0.865234
0 0.408203 0.873047 0.406250 0.873047 0.404297 0.875000 0.400391 0.875000 0.398438 0.873047 0.398438 0.867188 0.400391 0.865234 0.404297 0.865234 0.406250 0.867188 0.408203 0.867188
0 0.843750 0.875000 0.837891 0.880859 0.832031 0.880859 0.826172 0.875000 0.826172 0.869141 0.832031 0.863281 0.837891 0.863281 0.843750 0.869141
0 0.482422 0.880859 0.480469 0.880859 0.478516 0.882812 0.474609 0.882812 0.472656 0.880859 0.472656 0.875000 0.474609 0.873047 0.478516 0.873047 0.480469 0.875000 0.482422 0.875000
0 0.652344 0.882812 0.646484 0.888672 0.640625 0.888672 0.634766 0.882812 0.634766 0.876953 0.640625 0.871094 0.646484 0.871094 0.652344 0.876953
0 0.429688 0.884766 0.427734 0.884766 0.425781 0.886719 0.421875 0.886719 0.419922 0.884766 0.419922 0.878906 0.421875 0.876953 0.425781 0.876953 0.427734 0.878906 0.429688 0.878906
0 0.830078 0.882812 0.828125 0.884766 0.828125 0.886719 0.826172 0.888672 0.820312 0.888672 0.818359 0.886719 0.818359 0.884766 0.816406 0.882812 0.816406 0.880859 0.818359 0.878906 0.818359 0.876953 0.820312 0.875000 0.826172 0.875000 0.828125 0.876953 0.828125 0.878906 0.830078 0.880859
0 0.404297 0.888672 0.402344 0.888672 0.400391 0.890625 0.396484 0.890625 0.394531 0.888672 0.394531 0.882812 0.396484 0.880859 0.400391 0.880859 0.402344 0.882812 0.404297 0.882812
0 0.500000 0.888672 0.498047 0.888672 0.496094 0.890625 0.492188 0.890625 0.490234 0.888672 0.490234 0.882812 0.492188 0.880859 0.496094 0.880859 0.498047 0.882812 0.500000 0.882812
0 0.902344 0.888672 0.900391 0.888672 0.898438 0.890625 0.894531 0.890625 0.892578 0.888672 0.892578 0.882812 0.894531 0.880859 0.898438 0.880859 0.900391 0.882812 0.902344 0.882812
0 0.785156 0.888672 0.783203 0.890625 0.783203 0.892578 0.781250 0.894531 0.775391 0.894531 0.773438 0.892578 0.773438 0.890625 0.771484 0.888672 0.771484 0.886719 0.773438 0.884766 0.773438 0.882812 0.775391 0.880859 0.781250 0.880859 0.783203 0.882812 0.783203 0.884766 0.785156 0.886719
0 0.294922 0.892578 0.289062 0.898438 0.283203 0.898438 0.277344 0.892578 0.277344 0.886719 0.283203 0.880859 0.289062 0.880859 0.294922 0.886719
0 0.486328 0.892578 0.484375 0.892578 0.482422 0.894531 0.478516 0.894531 0.476562 0.892578 0.476562 0.886719 0.478516 0.884766 0.482422 0.884766 0.484375 0.886719 0.486328 0.886719
0 0.664062 0.888672 0.664062 0.892578 0.660156 0.892578 0.658203 0.890625 0.662109 0.886719
0 0.419922 0.896484 0.417969 0.896484 0.416016 0.898438 0.412109 0.898438 0.410156 0.896484 0.410156 0.890625 0.412109 0.888672 0.416016 0.888672 0.417969 0.890625 0.419922 0.890625
0 0.642578 0.892578 0.642578 0.896484 0.638672 0.896484 0.636719 0.894531 0.640625 0.890625
0 0.654297 0.892578 0.654297 0.896484 0.650391 0.896484 0.648438 0.894531 0.652344 0.890625
0 0.878906 0.904297 0.876953 0.904297 0.875000 0.906250 0.865234 0.906250 0.859375 0.900391 0.859375 0.890625 0.861328 0.888672 0.863281 0.888672 0.863281 0.886719 0.865234 0.884766 0.875000 0.884766 0.880859 0.890625 0.880859 0.900391 0.878906 0.902344
0 0.404297 0.896484 0.404297 0.900391 0.400391 0.900391 0.398438 0.898438 0.402344 0.894531
0 0.912109 0.900391 0.910156 0.900391 0.908203 0.902344 0.904297 0.902344 0.902344 0.900391 0.902344 0.894531 0.904297 0.892578 0.908203 0.892578 0.910156 0.894531 0.912109 0.894531
0 0.308594 0.902344 0.306641 0.902344 0.304688 0.904297 0.300781 0.904297 0.298828 0.902344 0.298828 0.896484 0.300781 0.894531 0.304688 0.894531 0.306641 0.896484 0.308594 0.896484
0 0.925781 0.898438 0.925781 0.902344 0.921875 0.902344 0.919922 0.900391 0.923828 0.896484
0 0.208984 0.902344 0.207031 0.904297 0.207031 0.906250 0.205078 0.908203 0.199219 0.908203 0.197266 0.906250 0.197266 0.904297 0.195312 0.902344 0.195312 0.900391 0.197266 0.898438 0.197266 0.896484 0.199219 0.894531 0.205078 0.894531 0.207031 0.896484 0.207031 0.898438 0.208984 0.900391
0 0.437500 0.904297 0.435547 0.904297 0.433594 0.906250 0.429688 0.906250 0.427734 0.904297 0.427734 0.898438 0.429688 0.896484 0.433594 0.896484 0.435547 0.898438 0.437500 0.898438
0 0.730469 0.906250 0.728516 0.906250 0.726562 0.908203 0.722656 0.908203 0.720703 0.906250 0.720703 0.900391 0.722656 0.898438 0.726562 0.898438 0.728516 0.900391 0.730469 0.900391
0 0.812500 0.914062 0.810547 0.914062 0.808594 0.916016 0.798828 0.916016 0.792969 0.910156 0.792969 0.900391 0.794922 0.898438 0.796875 0.898438 0.796875 0.896484 0.798828 0.894531 0.808594 0.894531 0.814453 0.900391 0.814453 0.910156 0.812500 0.912109
0 0.328125 0.910156 0.322266 0.916016 0.316406 0.916016 0.310547 0.910156 0.310547 0.904297 0.316406 0.898438 0.322266 0.898438 0.328125 0.904297
0 0.486328 0.910156 0.484375 0.910156 0.482422 0.912109 0.478516 0.912109 0.476562 0.910156 0.476562 0.904297 0.478516 0.902344 0.482422 0.902344 0.484375 0.904297 0.486328 0.904297
0 0.826172 0.908203 0.824219 0.910156 0.824219 0.912109 0.822266 0.914062 0.816406 0.914062 0.814453 0.912109 0.814453 0.910156 0.812500 0.908203 0.812500 0.906250 0.814453 0.904297 0.814453 0.902344 0.816406 0.900391 0.822266 0.900391 0.824219 0.902344 0.824219 0.904297 0.826172 0.906250
0 0.900391 0.910156 0.898438 0.910156 0.896484 0.912109 0.892578 0.912109 0.890625 0.910156 0.890625 0.904297 0.892578 0.902344 0.896484 0.902344 0.898438 0.904297 0.900391 0.904297
0 0.498047 0.912109 0.496094 0.912109 0.494141 0.914062 0.490234 0.914062 0.488281 0.912109 0.488281 0.906250 0.490234 0.904297 0.494141 0.904297 0.496094 0.906250 0.498047 0.906250
0 0.351562 0.914062 0.349609 0.914062 0.347656 0.916016 0.343750 0.916016 0.341797 0.914062 0.341797 0.908203 0.343750 0.906250 0.347656 0.906250 0.349609 0.908203 0.351562 0.908203
0 0.451172 0.914062 0.449219 0.914062 0.447266 0.916016 0.443359 0.916016 0.441406 0.914062 0.441406 0.908203 0.443359 0.906250 0.447266 0.906250 0.449219 0.908203 0.451172 0.908203
0 0.617188 0.910156 0.617188 0.914062 0.613281 0.914062 0.611328 0.912109 0.615234 0.908203
0 0.701172 0.910156 0.701172 0.914062 0.697266 0.914062 0.695312 0.912109 0.699219 0.908203
0 0.929688 0.910156 0.929688 0.914062 0.925781 0.914062 0.923828 0.912109 0.927734 0.908203
0 0.693359 0.914062 0.693359 0.917969 0.689453 0.917969 0.687500 0.916016 0.691406 0.912109
0 0.373047 0.919922 0.371094 0.919922 0.369141 0.921875 0.365234 0.921875 0.363281 0.919922 0.363281 0.914062 0.365234 0.912109 0.369141 0.912109 0.371094 0.914062 0.373047 0.914062
0 0.742188 0.917969 0.740234 0.919922 0.740234 0.921875 0.738281 0.923828 0.732422 0.923828 0.730469 0.921875 0.730469 0.919922 0.728516 0.917969 0.728516 0.916016 0.730469 0.914062 0.730469 0.912109 0.732422 0.910156 0.738281 0.910156 0.740234 0.912109 0.740234 0.914062 0.742188 0.916016
0 0.763672 0.919922 0.761719 0.919922 0.759766 0.921875 0.755859 0.921875 0.753906 0.919922 0.753906 0.914062 0.755859 0.912109 0.759766 0.912109 0.761719 0.914062 0.763672 0.914062
0 0.556641 0.917969 0.556641 0.921875 0.552734 0.921875 0.550781 0.919922 0.554688 0.916016
0 0.720703 0.921875 0.714844 0.927734 0.708984 0.927734 0.703125 0.921875 0.703125 0.916016 0.708984 0.910156 0.714844 0.910156 0.720703 0.916016
0 0.283203 0.929688 0.281250 0.929688 0.279297 0.931641 0.269531 0.931641 0.263672 0.925781 0.263672 0.916016 0.265625 0.914062 0.267578 0.914062 0.267578 0.912109 0.269531 0.910156 0.279297 0.910156 0.285156 0.916016 0.285156 0.925781 0.283203 0.927734
0 0.382812 0.923828 0.380859 0.923828 0.378906 0.925781 0.375000 0.925781 0.373047 0.923828 0.373047 0.917969 0.375000 0.916016 0.378906 0.916016 0.380859 0.917969 0.382812 0.917969
0 0.546875 0.923828 0.546875 0.927734 0.542969 0.927734 0.541016 0.925781 0.544922 0.921875
0 0.558594 0.923828 0.558594 0.927734 0.554688 0.927734 0.552734 0.925781 0.556641 0.921875
0 0.654297 0.923828 0.654297 0.927734 0.650391 0.927734 0.648438 0.925781 0.652344 0.921875
0 0.763672 0.933594 0.761719 0.933594 0.759766 0.935547 0.750000 0.935547 0.744141 0.929688 0.744141 0.919922 0.746094 0.917969 0.748047 0.917969 0.748047 0.916016 0.750000 0.914062 0.759766 0.914062 0.765625 0.919922 0.765625 0.929688 0.763672 0.931641
0 0.673828 0.925781 0.673828 0.929688 0.669922 0.929688 0.667969 0.927734 0.671875 0.923828
0 0.847656 0.929688 0.841797 0.935547 0.835938 0.935547 0.830078 0.929688 0.830078 0.923828 0.835938 0.917969 0.841797 0.917969 0.847656 0.923828
0 0.396484 0.931641 0.394531 0.931641 0.392578 0.933594 0.388672 0.933594 0.386719 0.931641 0.386719 0.925781 0.388672 0.923828 0.392578 0.923828 0.394531 0.925781 0.396484 0.925781
0 0.482422 0.931641 0.480469 0.931641 0.478516 0.933594 0.474609 0.933594 0.472656 0.931641 0.472656 0.925781 0.474609 0.923828 0.478516 0.923828 0.480469 0.925781 0.482422 0.925781
0 0.771484 0.931641 0.769531 0.931641 0.767578 0.933594 0.763672 0.933594 0.761719 0.931641 0.761719 0.925781 0.763672 0.923828 0.767578 0.923828 0.769531 0.925781 0.771484 0.925781
0 0.650391 0.929688 0.650391 0.933594 0.646484 0.933594 0.644531 0.931641 0.648438 0.927734
0 0.416016 0.941406 0.414062 0.941406 0.412109 0.943359 0.402344 0.943359 0.396484 0.937500 0.396484 0.927734 0.398438 0.925781 0.400391 0.925781 0.400391 0.923828 0.402344 0.921875 0.412109 0.921875 0.417969 0.927734 0.417969 0.937500 0.416016 0.939453
0 0.519531 0.931641 0.519531 0.935547 0.515625 0.935547 0.513672 0.933594 0.517578 0.929688
0 0.318359 0.935547 0.316406 0.937500 0.316406 0.939453 0.314453 0.941406 0.308594 0.941406 0.306641 0.939453 0.306641 0.937500 0.304688 0.935547 0.304688 0.933594 0.306641 0.931641 0.306641 0.929688 0.308594 0.927734 0.314453 0.927734 0.316406 0.929688 0.316406 0.931641 0.318359 0.933594
0 0.478516 0.937500 0.476562 0.937500 0.474609 0.939453 0.470703 0.939453 0.468750 0.937500 0.468750 0.931641 0.470703 0.929688 0.474609 0.929688 0.476562 0.931641 0.478516 0.931641
0 0.662109 0.939453 0.660156 0.939453 0.658203 0.941406 0.654297 0.941406 0.652344 0.939453 0.652344 0.933594 0.654297 0.931641 0.658203 0.931641 0.660156 0.933594 0.662109 0.933594
0 0.794922 0.937500 0.792969 0.939453 0.792969 0.941406 0.791016 0.943359 0.785156 0.943359 0.783203 0.941406 0.783203 0.939453 0.781250 0.937500 0.781250 0.935547 0.783203 0.933594 0.783203 0.931641 0.785156 0.929688 0.791016 0.929688 0.792969 0.931641 0.792969 0.933594 0.794922 0.935547
0 0.226562 0.939453 0.224609 0.941406 0.224609 0.943359 0.222656 0.945312 0.216797 0.945312 0.214844 0.943359 0.214844 0.941406 0.212891 0.939453 0.212891 0.937500 0.214844 0.935547 0.214844 0.933594 0.216797 0.931641 0.222656 0.931641 0.224609 0.933594 0.224609 0.935547 0.226562 0.937500
0 0.562500 0.943359 0.556641 0.949219 0.550781 0.949219 0.544922 0.943359 0.544922 0.937500 0.550781 0.931641 0.556641 0.931641 0.562500 0.937500
0 0.464844 0.945312 0.462891 0.945312 0.460938 0.947266 0.457031 0.947266 0.455078 0.945312 0.455078 0.939453 0.457031 0.937500 0.460938 0.937500 0.462891 0.939453 0.464844 0.939453
0 0.871094 0.943359 0.869141 0.945312 0.869141 0.947266 0.867188 0.949219 0.861328 0.949219 0.859375 0.947266 0.859375 0.945312 0.857422 0.943359 0.857422 0.941406 0.859375 0.939453 0.859375 0.937500 0.861328 0.935547 0.867188 0.935547 0.869141 0.937500 0.869141 0.939453 0.871094 0.941406
0 0.636719 0.949219 0.634766 0.949219 0.632812 0.951172 0.628906 0.951172 0.626953 0.949219 0.626953 0.943359 0.628906 0.941406 0.632812 0.941406 0.634766 0.943359 0.636719 0.943359
0 0.939453 0.949219 0.937500 0.949219 0.935547 0.951172 0.931641 0.951172 0.929688 0.949219 0.929688 0.943359 0.931641 0.941406 0.935547 0.941406 0.937500 0.943359 0.939453 0.943359
0 0.443359 0.951172 0.437500 0.957031 0.431641 0.957031 0.425781 0.951172 0.425781 0.945312 0.431641 0.939453 0.437500 0.939453 0.443359 0.945312
0 0.492188 0.949219 0.490234 0.951172 0.490234 0.953125 0.488281 0.955078 0.482422 0.955078 0.480469 0.953125 0.480469 0.951172 0.478516 0.949219 0.478516 0.947266 0.480469 0.945312 0.480469 0.943359 0.482422 0.941406 0.488281 0.941406 0.490234 0.943359 0.490234 0.945312 0.492188 0.947266
0 0.546875 0.947266 0.546875 0.951172 0.542969 0.951172 0.541016 0.949219 0.544922 0.945312
0 0.919922 0.951172 0.917969 0.951172 0.916016 0.953125 0.912109 0.953125 0.910156 0.951172 0.910156 0.945312 0.912109 0.943359 0.916016 0.943359 0.917969 0.945312 0.919922 0.945312
0 0.234375 0.953125 0.232422 0.953125 0.230469 0.955078 0.226562 0.955078 0.224609 0.953125 0.224609 0.947266 0.226562 0.945312 0.230469 0.945312 0.232422 0.947266 0.234375 0.947266
0 0.531250 0.957031 0.529297 0.957031 0.527344 0.958984 0.523438 0.958984 0.521484 0.957031 0.521484 0.951172 0.523438 0.949219 0.527344 0.949219 0.529297 0.951172 0.531250 0.951172
0 0.560547 0.957031 0.558594 0.957031 0.556641 0.958984 0.552734 0.958984 0.550781 0.957031 0.550781 0.951172 0.552734 0.949219 0.556641 0.949219 0.558594 0.951172 0.560547 0.951172
0 0.705078 0.957031 0.699219 0.962891 0.693359 0.962891 0.687500 0.957031 0.687500 0.951172 0.693359 0.945312 0.699219 0.945312 0.705078 0.951172
0 0.542969 0.958984 0.541016 0.958984 0.539062 0.960938 0.535156 0.960938 0.533203 0.958984 0.533203 0.953125 0.535156 0.951172 0.539062 0.951172 0.541016 0.953125 0.542969 0.953125
0 0.654297 0.957031 0.652344 0.958984 0.652344 0.960938 0.650391 0.962891 0.644531 0.962891 0.642578 0.960938 0.642578 0.958984 0.640625 0.957031 0.640625 0.955078 0.642578 0.953125 0.642578 0.951172 0.644531 0.949219 0.650391 0.949219 0.652344 0.951172 0.652344 0.953125 0.654297 0.955078
0 0.742188 0.957031 0.740234 0.958984 0.740234 0.960938 0.738281 0.962891 0.732422 0.962891 0.730469 0.960938 0.730469 0.958984 0.728516 0.957031 0.728516 0.955078 0.730469 0.953125 0.730469 0.951172 0.732422 0.949219 0.738281 0.949219 0.740234 0.951172 0.740234 0.953125 0.742188 0.955078
0 0.828125 0.958984 0.822266 0.964844 0.816406 0.964844 0.810547 0.958984 0.810547 0.953125 0.816406 0.947266 0.822266 0.947266 0.828125 0.953125
0 0.486328 0.960938 0.484375 0.960938 0.482422 0.962891 0.478516 0.962891 0.476562 0.960938 0.476562 0.955078 0.478516 0.953125 0.482422 0.953125 0.484375 0.955078 0.486328 0.955078
0 0.675781 0.958984 0.675781 0.962891 0.671875 0.962891 0.669922 0.960938 0.673828 0.957031
0 0.351562 0.970703 0.349609 0.970703 0.347656 0.972656 0.337891 0.972656 0.332031 0.966797 0.332031 0.957031 0.333984 0.955078 0.335938 0.955078 0.335938 0.953125 0.337891 0.951172 0.347656 0.951172 0.353516 0.957031 0.353516 0.966797 0.351562 0.968750
0 0.677734 0.964844 0.677734 0.968750 0.673828 0.968750 0.671875 0.966797 0.675781 0.962891
0 0.914062 0.968750 0.912109 0.968750 0.910156 0.970703 0.906250 0.970703 0.904297 0.968750 0.904297 0.962891 0.906250 0.960938 0.910156 0.960938 0.912109 0.962891 0.914062 0.962891
0 0.589844 0.970703 0.587891 0.970703 0.585938 0.972656 0.582031 0.972656 0.580078 0.970703 0.580078 0.964844 0.582031 0.962891 0.585938 0.962891 0.587891 0.964844 0.589844 0.964844
0 0.785156 0.966797 0.785156 0.970703 0.781250 0.970703 0.779297 0.968750 0.783203 0.964844
0 0.806641 0.968750 0.804688 0.970703 0.804688 0.972656 0.802734 0.974609 0.796875 0.974609 0.794922 0.972656 0.794922 0.970703 0.792969 0.968750 0.792969 0.966797 0.794922 0.964844 0.794922 0.962891 0.796875 0.960938 0.802734 0.960938 0.804688 0.962891 0.804688 0.964844 0.806641 0.966797
0 0.853516 0.968750 0.851562 0.970703 0.851562 0.972656 0.849609 0.974609 0.843750 0.974609 0.841797 0.972656 0.841797 0.970703 0.839844 0.968750 0.839844 0.966797 0.841797 0.964844 0.841797 0.962891 0.843750 0.960938 0.849609 0.960938 0.851562 0.962891 0.851562 0.964844 0.853516 0.966797
0 0.525391 0.970703 0.523438 0.972656 0.523438 0.974609 0.521484 0.976562 0.515625 0.976562 0.513672 0.974609 0.513672 0.972656 0.511719 0.970703 0.511719 0.968750 0.513672 0.966797 0.513672 0.964844 0.515625 0.962891 0.521484 0.962891 0.523438 0.964844 0.523438 0.966797 0.525391 0.968750
0 0.691406 0.968750 0.691406 0.972656 0.687500 0.972656 0.685547 0.970703 0.689453 0.966797
0 0.835938 0.972656 0.830078 0.978516 0.824219 0.978516 0.818359 0.972656 0.818359 0.966797 0.824219 0.960938 0.830078 0.960938 0.835938 0.966797
0 0.361328 0.972656 0.359375 0.974609 0.359375 0.976562 0.357422 0.978516 0.351562 0.978516 0.349609 0.976562 0.349609 0.974609 0.347656 0.972656 0.347656 0.970703 0.349609 0.968750 0.349609 0.966797 0.351562 0.964844 0.357422 0.964844 0.359375 0.966797 0.359375 0.968750 0.361328 0.970703
0 0.437500 0.974609 0.435547 0.974609 0.433594 0.976562 0.429688 0.976562 0.427734 0.974609 0.427734 0.968750 0.429688 0.966797 0.433594 0.966797 0.435547 0.968750 0.437500 0.968750
0 0.939453 0.974609 0.937500 0.974609 0.935547 0.976562 0.931641 0.976562 0.929688 0.974609 0.929688 0.968750 0.931641 0.966797 0.935547 0.966797 0.937500 0.968750 0.939453 0.968750
0 0.376953 0.976562 0.375000 0.978516 0.375000 0.980469 0.373047 0.982422 0.367188 0.982422 0.365234 0.980469 0.365234 0.978516 0.363281 0.976562 0.363281 0.974609 0.365234 0.972656 0.365234 0.970703 0.367188 0.968750 0.373047 0.968750 0.375000 0.970703 0.375000 0.972656 0.376953 0.974609
0 0.630859 0.984375 0.628906 0.984375 0.626953 0.986328 0.617188 0.986328 0.611328 0.980469 0.611328 0.970703 0.613281 0.968750 0.615234 0.968750 0.615234 0.966797 0.617188 0.964844 0.626953 0.964844 0.632812 0.970703 0.632812 0.980469 0.630859 0.982422
0 0.646484 0.976562 0.644531 0.978516 0.644531 0.980469 0.642578 0.982422 0.636719 0.982422 0.634766 0.980469 0.634766 0.978516 0.632812 0.976562 0.632812 0.974609 0.634766 0.972656 0.634766 0.970703 0.636719 0.968750 0.642578 0.968750 0.644531 0.970703 0.644531 0.972656 0.646484 0.974609
0 0.753906 0.974609 0.753906 0.978516 0.750000 0.978516 0.748047 0.976562 0.751953 0.972656
0 0.582031 0.988281 0.580078 0.988281 0.578125 0.990234 0.568359 0.990234 0.562500 0.984375 0.562500 0.974609 0.564453 0.972656 0.566406 0.972656 0.566406 0.970703 0.568359 0.968750 0.578125 0.968750 0.583984 0.974609 0.583984 0.984375 0.582031 0.986328
0 0.560547 0.984375 0.558594 0.984375 0.556641 0.986328 0.552734 0.986328 0.550781 0.984375 0.550781 0.978516 0.552734 0.976562 0.556641 0.976562 0.558594 0.978516 0.560547 0.978516
0 0.347656 0.982422 0.347656 0.986328 0.343750 0.986328 0.341797 0.984375 0.345703 0.980469
0 0.519531 0.986328 0.513672 0.992188 0.507812 0.992188 0.501953 0.986328 0.501953 0.980469 0.507812 0.974609 0.513672 0.974609 0.519531 0.980469
0 0.535156 0.988281 0.533203 0.988281 0.531250 0.990234 0.527344 0.990234 0.525391 0.988281 0.525391 0.982422 0.527344 0.980469 0.531250 0.980469 0.533203 0.982422 0.535156 0.982422
0 0.808594 0.988281 0.806641 0.988281 0.804688 0.990234 0.800781 0.990234 0.798828 0.988281 0.798828 0.982422 0.800781 0.980469 0.804688 0.980469 0.806641 0.982422 0.808594 0.982422
0 0.552734 0.998047 0.531250 0.998047 0.531250 0.990234 0.533203 0.988281 0.535156 0.988281 0.535156 0.986328 0.537109 0.984375 0.546875 0.984375 0.552734 0.990234
0 0.410156 0.998047 0.396484 0.998047 0.396484 0.996094 0.398438 0.994141 0.398438 0.992188 0.400391 0.990234 0.406250 0.990234 0.408203 0.992188 0.408203 0.994141 0.410156 0.996094
0 0.419922 0.998047 0.398438 0.998047 0.398438 0.992188 0.400391 0.990234 0.402344 0.990234 0.402344 0.988281 0.404297 0.986328 0.414062 0.986328 0.419922 0.992188
0 0.500000 0.996094 0.500000 0.998047 0.494141 0.998047 0.498047 0.994141
0 0.613281 0.998047 0.603516 0.998047 0.603516 0.994141 0.605469 0.992188 0.609375 0.992188 0.611328 0.994141 0.613281 0.994141
0 0.628906 0.998047 0.619141 0.998047 0.619141 0.994141 0.621094 0.992188 0.625000 0.992188 0.626953 0.994141 0.628906 0.994141
0 0.660156 0.998047 0.638672 0.998047 0.638672 0.992188 0.640625 0.990234 0.642578 0.990234 0.642578 0.988281 0.644531 0.986328 0.654297 0.986328 0.660156 0.992188
0 0.664062 0.998047 0.654297 0.998047 0.654297 0.994141 0.656250 0.992188 0.660156 0.992188 0.662109 0.994141 0.664062 0.994141
0 0.677734 0.998047 0.667969 0.998047 0.667969 0.994141 0.669922 0.992188 0.673828 0.992188 0.675781 0.994141 0.677734 0.994141
0 0.818359 0.998047 0.796875 0.998047 0.796875 0.992188 0.798828 0.990234 0.800781 0.990234 0.800781 0.988281 0.802734 0.986328 0.812500 0.986328 0.818359 0.992188
0 0.941406 0.998047 0.931641 0.998047 0.931641 0.994141 0.933594 0.992188 0.937500 0.992188 0.939453 0.994141 0.941406 0.994141
