0 0.406250 0.003906 0.404297 0.005859 0.404297 0.009766 0.406250 0.011719 0.410156 0.011719 0.412109 0.009766 0.412109 0.005859 0.410156 0.003906
1 0.083984 0.021484 0.074219 0.029297 0.064453 0.031250 0.058594 0.037109 0.060547 0.046875 0.054688 0.054688 0.054688 0.064453 0.060547 0.066406 0.064453 0.062500 0.064453 0.052734 0.072266 0.046875 0.078125 0.037109 0.083984 0.035156 0.087891 0.029297 0.087891 0.025391
0 0.349609 0.029297 0.349609 0.033203 0.351562 0.035156 0.355469 0.035156 0.355469 0.029297
1 0.226562 0.048828 0.224609 0.048828 0.220703 0.052734 0.220703 0.056641 0.216797 0.060547 0.216797 0.062500 0.212891 0.068359 0.218750 0.072266 0.220703 0.070312 0.220703 0.064453 0.228516 0.054688 0.228516 0.050781
0 0.017578 0.058594 0.015625 0.060547 0.015625 0.064453 0.017578 0.066406 0.019531 0.066406 0.021484 0.064453 0.021484 0.060547 0.019531 0.058594
1 0.000000 0.068359 0.000000 0.089844 0.000000 0.085938 0.001953 0.083984 0.001953 0.072266 0.000000 0.070312
1 0.191406 0.087891 0.189453 0.087891 0.189453 0.089844 0.185547 0.093750 0.183594 0.093750 0.179688 0.097656 0.179688 0.099609 0.177734 0.101562 0.177734 0.105469 0.179688 0.105469 0.181641 0.107422 0.179688 0.109375 0.171875 0.109375 0.171875 0.115234 0.173828 0.117188 0.177734 0.117188 0.179688 0.115234 0.179688 0.111328 0.181641 0.109375 0.183594 0.109375 0.189453 0.103516 0.189453 0.091797 0.191406 0.089844
0 0.160156 0.109375 0.156250 0.109375 0.152344 0.113281 0.152344 0.119141 0.154297 0.121094 0.156250 0.121094 0.158203 0.119141 0.162109 0.119141 0.164062 0.117188 0.164062 0.113281
0 0.937500 0.130859 0.935547 0.128906 0.933594 0.128906 0.931641 0.130859 0.931641 0.134766 0.935547 0.134766 0.937500 0.132812
0 0.917969 0.158203 0.916016 0.158203 0.914062 0.160156 0.914062 0.162109 0.917969 0.162109
0 0.351562 0.185547 0.349609 0.187500 0.349609 0.189453 0.347656 0.191406 0.347656 0.195312 0.349609 0.197266 0.357422 0.197266 0.357422 0.195312 0.359375 0.193359 0.357422 0.191406 0.357422 0.189453 0.353516 0.185547
0 0.845703 0.185547 0.843750 0.185547 0.841797 0.187500 0.839844 0.187500 0.839844 0.189453 0.841797 0.189453 0.843750 0.191406 0.843750 0.189453 0.845703 0.187500
0 0.365234 0.189453 0.365234 0.193359 0.367188 0.193359 0.369141 0.191406 0.367188 0.189453
0 0.259766 0.203125 0.257812 0.205078 0.259766 0.207031 0.261719 0.207031 0.263672 0.205078 0.261719 0.203125
0 0.792969 0.210938 0.792969 0.212891 0.791016 0.214844 0.791016 0.216797 0.796875 0.222656 0.798828 0.222656 0.802734 0.218750 0.802734 0.212891 0.800781 0.210938
0 0.369141 0.216797 0.369141 0.218750 0.373047 0.218750 0.373047 0.216797
0 0.734375 0.220703 0.730469 0.220703 0.728516 0.222656 0.726562 0.222656 0.724609 0.224609 0.724609 0.232422 0.726562 0.234375 0.730469 0.234375 0.732422 0.236328 0.734375 0.234375 0.736328 0.234375 0.738281 0.232422 0.738281 0.224609
0 0.378906 0.226562 0.375000 0.230469 0.375000 0.232422 0.376953 0.232422 0.380859 0.236328 0.382812 0.234375 0.382812 0.230469 0.380859 0.228516 0.380859 0.226562
0 0.152344 0.236328 0.148438 0.236328 0.148438 0.238281 0.150391 0.240234 0.152344 0.238281
0 0.798828 0.255859 0.796875 0.257812 0.798828 0.259766 0.800781 0.259766 0.802734 0.257812 0.800781 0.255859
0 0.306641 0.259766 0.304688 0.259766 0.304688 0.261719 0.300781 0.265625 0.285156 0.265625 0.285156 0.273438 0.281250 0.279297 0.285156 0.279297 0.287109 0.277344 0.291016 0.281250 0.289062 0.283203 0.289062 0.287109 0.291016 0.289062 0.292969 0.289062 0.310547 0.273438 0.310547 0.263672
0 0.664062 0.269531 0.662109 0.271484 0.662109 0.273438 0.664062 0.275391 0.666016 0.275391 0.667969 0.273438 0.667969 0.271484 0.666016 0.269531
0 0.964844 0.269531 0.962891 0.271484 0.962891 0.273438 0.964844 0.275391 0.966797 0.275391 0.966797 0.271484
0 0.349609 0.273438 0.347656 0.275391 0.347656 0.277344 0.349609 0.279297 0.353516 0.279297 0.355469 0.277344 0.355469 0.275391 0.353516 0.273438
0 0.275391 0.281250 0.273438 0.281250 0.273438 0.283203 0.269531 0.287109 0.269531 0.289062 0.271484 0.291016 0.273438 0.291016 0.277344 0.287109 0.275391 0.285156
1 0.318359 0.287109 0.316406 0.289062 0.318359 0.291016 0.320312 0.291016 0.324219 0.294922 0.324219 0.291016 0.320312 0.287109
0 0.720703 0.287109 0.708984 0.287109 0.705078 0.291016 0.705078 0.292969 0.703125 0.294922 0.703125 0.300781 0.710938 0.308594 0.714844 0.308594 0.716797 0.306641 0.722656 0.304688 0.726562 0.298828 0.726562 0.292969
0 0.265625 0.292969 0.263672 0.294922 0.261719 0.292969 0.261719 0.294922 0.259766 0.296875 0.259766 0.300781 0.261719 0.300781 0.263672 0.302734 0.265625 0.300781
0 0.750000 0.302734 0.746094 0.302734 0.744141 0.304688 0.742188 0.304688 0.738281 0.310547 0.738281 0.318359 0.744141 0.322266 0.748047 0.322266 0.753906 0.316406 0.753906 0.306641
0 0.328125 0.306641 0.326172 0.308594 0.326172 0.312500 0.328125 0.314453 0.328125 0.316406 0.330078 0.318359 0.335938 0.318359 0.337891 0.316406 0.337891 0.314453 0.335938 0.312500 0.335938 0.308594 0.333984 0.306641
0 0.341797 0.330078 0.343750 0.332031 0.343750 0.335938 0.345703 0.337891 0.347656 0.337891 0.349609 0.335938 0.351562 0.335938 0.349609 0.333984 0.349609 0.332031 0.347656 0.330078 0.345703 0.330078 0.343750 0.328125
0 0.748047 0.337891 0.748047 0.339844 0.746094 0.341797 0.746094 0.343750 0.748047 0.345703 0.751953 0.345703 0.753906 0.343750 0.753906 0.341797 0.751953 0.339844 0.750000 0.339844
0 0.751953 0.349609 0.750000 0.351562 0.750000 0.353516 0.751953 0.355469 0.753906 0.353516 0.753906 0.351562
0 0.369141 0.365234 0.369141 0.367188 0.367188 0.369141 0.367188 0.376953 0.373047 0.382812 0.378906 0.382812 0.380859 0.380859 0.380859 0.378906 0.378906 0.376953 0.378906 0.375000 0.375000 0.371094 0.375000 0.369141 0.373047 0.367188 0.373047 0.365234
0 0.597656 0.373047 0.591797 0.373047 0.589844 0.375000 0.585938 0.375000 0.583984 0.376953 0.583984 0.378906 0.582031 0.380859 0.582031 0.390625 0.583984 0.392578 0.589844 0.392578 0.591797 0.394531 0.593750 0.392578 0.599609 0.392578 0.601562 0.390625 0.603516 0.390625 0.603516 0.388672 0.605469 0.386719 0.605469 0.380859 0.603516 0.378906 0.603516 0.376953
0 0.414062 0.375000 0.412109 0.376953 0.414062 0.378906 0.416016 0.376953
0 0.705078 0.378906 0.703125 0.380859 0.703125 0.386719 0.705078 0.388672 0.710938 0.388672 0.712891 0.386719 0.712891 0.380859 0.710938 0.378906
0 0.912109 0.378906 0.910156 0.380859 0.912109 0.382812 0.914062 0.380859
0 0.216797 0.388672 0.218750 0.390625 0.216797 0.392578 0.218750 0.394531 0.220703 0.394531 0.220703 0.390625 0.218750 0.390625
0 0.390625 0.400391 0.388672 0.402344 0.388672 0.404297 0.386719 0.406250 0.388672 0.408203 0.388672 0.410156 0.390625 0.410156 0.392578 0.412109 0.396484 0.412109 0.400391 0.408203 0.400391 0.406250 0.396484 0.402344 0.394531 0.402344 0.392578 0.400391
0 0.666016 0.408203 0.662109 0.414062 0.662109 0.417969 0.664062 0.419922 0.664062 0.423828 0.667969 0.423828 0.669922 0.425781 0.671875 0.425781 0.677734 0.419922 0.677734 0.412109 0.675781 0.412109 0.671875 0.408203
0 0.603516 0.410156 0.601562 0.412109 0.601562 0.416016 0.603516 0.417969 0.609375 0.417969 0.611328 0.416016 0.609375 0.414062 0.609375 0.412109 0.607422 0.410156
0 0.349609 0.416016 0.347656 0.417969 0.347656 0.419922 0.353516 0.425781 0.355469 0.425781 0.355469 0.423828 0.357422 0.421875 0.351562 0.416016
0 0.753906 0.417969 0.751953 0.419922 0.750000 0.419922 0.750000 0.421875 0.748047 0.423828 0.751953 0.427734 0.755859 0.427734 0.757812 0.425781 0.757812 0.421875
1 0.257812 0.433594 0.257812 0.435547 0.255859 0.437500 0.251953 0.437500 0.248047 0.433594 0.250000 0.431641 0.248047 0.433594 0.242188 0.433594 0.242188 0.435547 0.244141 0.437500 0.240234 0.441406 0.242188 0.439453 0.244141 0.441406 0.244141 0.443359 0.246094 0.441406 0.250000 0.441406 0.250000 0.439453 0.251953 0.437500 0.255859 0.437500 0.257812 0.435547
0 0.693359 0.429688 0.687500 0.437500 0.689453 0.447266 0.697266 0.455078 0.703125 0.455078 0.710938 0.447266 0.712891 0.441406 0.707031 0.431641 0.705078 0.431641 0.703125 0.429688
0 0.960938 0.433594 0.958984 0.435547 0.958984 0.437500 0.960938 0.439453 0.964844 0.439453 0.964844 0.437500 0.966797 0.435547 0.964844 0.435547 0.962891 0.433594
0 0.513672 0.447266 0.509766 0.447266 0.507812 0.449219 0.509766 0.451172 0.511719 0.451172 0.513672 0.449219
0 0.541016 0.449219 0.537109 0.455078 0.537109 0.460938 0.541016 0.464844 0.544922 0.464844 0.546875 0.466797 0.548828 0.464844 0.552734 0.464844 0.556641 0.460938 0.556641 0.453125 0.552734 0.449219
1 0.255859 0.453125 0.257812 0.455078 0.255859 0.457031 0.255859 0.462891 0.257812 0.464844 0.257812 0.466797 0.261719 0.466797 0.263672 0.464844 0.263672 0.460938 0.261719 0.458984 0.261719 0.457031 0.263672 0.455078 0.263672 0.453125 0.263672 0.455078 0.261719 0.457031 0.259766 0.455078 0.259766 0.453125
0 0.753906 0.458984 0.753906 0.462891 0.755859 0.464844 0.763672 0.464844 0.763672 0.457031 0.755859 0.457031
0 0.859375 0.458984 0.857422 0.460938 0.857422 0.466797 0.861328 0.472656 0.869141 0.472656 0.875000 0.466797 0.875000 0.462891 0.869141 0.457031 0.863281 0.457031 0.861328 0.458984
0 0.626953 0.474609 0.625000 0.472656 0.623047 0.472656 0.621094 0.474609 0.621094 0.478516 0.625000 0.478516 0.626953 0.476562
0 0.949219 0.480469 0.947266 0.480469 0.945312 0.478516 0.943359 0.480469 0.941406 0.480469 0.941406 0.484375 0.943359 0.486328 0.945312 0.486328 0.949219 0.482422
0 0.863281 0.486328 0.861328 0.488281 0.861328 0.492188 0.863281 0.494141 0.867188 0.494141 0.869141 0.492188 0.869141 0.490234 0.865234 0.486328
0 0.658203 0.488281 0.656250 0.490234 0.656250 0.494141 0.658203 0.494141 0.660156 0.496094 0.662109 0.496094 0.664062 0.494141 0.664062 0.490234 0.662109 0.488281
0 0.906250 0.500000 0.904297 0.501953 0.902344 0.501953 0.896484 0.507812 0.896484 0.513672 0.898438 0.513672 0.900391 0.515625 0.902344 0.515625 0.906250 0.511719 0.906250 0.503906 0.904297 0.501953
0 0.691406 0.505859 0.689453 0.507812 0.689453 0.509766 0.691406 0.511719 0.693359 0.511719 0.695312 0.509766 0.695312 0.507812 0.693359 0.505859
0 0.800781 0.505859 0.792969 0.505859 0.789062 0.509766 0.787109 0.509766 0.791016 0.513672 0.791016 0.515625 0.794922 0.519531 0.796875 0.519531 0.798828 0.517578 0.800781 0.517578 0.802734 0.515625 0.802734 0.507812
0 0.921875 0.503906 0.917969 0.507812 0.917969 0.513672 0.921875 0.517578 0.925781 0.517578 0.929688 0.513672 0.929688 0.507812 0.925781 0.503906
0 0.386719 0.509766 0.384766 0.511719 0.384766 0.515625 0.388672 0.515625 0.390625 0.517578 0.392578 0.517578 0.392578 0.513672 0.388672 0.509766
0 0.376953 0.521484 0.373047 0.521484 0.373047 0.523438 0.375000 0.525391 0.376953 0.523438
0 0.845703 0.527344 0.843750 0.527344 0.835938 0.533203 0.833984 0.533203 0.833984 0.535156 0.830078 0.539062 0.830078 0.550781 0.835938 0.554688 0.841797 0.554688 0.843750 0.552734 0.845703 0.552734 0.849609 0.548828 0.851562 0.548828 0.851562 0.546875 0.853516 0.544922 0.853516 0.533203
0 0.437500 0.537109 0.435547 0.537109 0.435547 0.539062 0.431641 0.542969 0.429688 0.542969 0.427734 0.544922 0.427734 0.548828 0.431641 0.552734 0.433594 0.550781 0.435547 0.550781 0.437500 0.552734 0.439453 0.552734 0.441406 0.550781 0.443359 0.550781 0.443359 0.544922 0.441406 0.542969 0.441406 0.541016
0 0.757812 0.535156 0.755859 0.535156 0.753906 0.537109 0.753906 0.541016 0.755859 0.541016 0.757812 0.539062
0 0.962891 0.552734 0.960938 0.554688 0.960938 0.558594 0.962891 0.560547 0.968750 0.560547 0.968750 0.554688 0.966797 0.552734
0 0.689453 0.556641 0.687500 0.558594 0.687500 0.560547 0.689453 0.562500 0.693359 0.562500 0.693359 0.558594 0.691406 0.556641
0 0.865234 0.554688 0.861328 0.558594 0.861328 0.564453 0.865234 0.568359 0.869141 0.568359 0.873047 0.564453 0.873047 0.560547 0.871094 0.558594 0.871094 0.556641 0.869141 0.554688
0 0.714844 0.558594 0.712891 0.560547 0.712891 0.562500 0.714844 0.564453 0.716797 0.562500 0.716797 0.560547
0 0.882812 0.566406 0.878906 0.570312 0.878906 0.574219 0.880859 0.576172 0.882812 0.576172 0.884766 0.578125 0.888672 0.574219 0.888672 0.570312 0.884766 0.566406
0 0.914062 0.574219 0.906250 0.572266 0.906250 0.574219 0.902344 0.578125 0.890625 0.578125 0.890625 0.580078 0.886719 0.583984 0.886719 0.587891 0.890625 0.595703 0.894531 0.597656 0.902344 0.589844 0.902344 0.585938 0.904297 0.583984 0.910156 0.583984 0.912109 0.585938 0.916016 0.583984 0.914062 0.580078
0 0.683594 0.574219 0.681641 0.576172 0.681641 0.578125 0.683594 0.580078 0.687500 0.580078 0.689453 0.578125 0.689453 0.576172 0.687500 0.574219
0 0.835938 0.580078 0.830078 0.585938 0.830078 0.589844 0.833984 0.595703 0.835938 0.595703 0.837891 0.597656 0.841797 0.597656 0.847656 0.593750 0.847656 0.587891 0.845703 0.585938 0.845703 0.583984 0.841797 0.580078
0 0.982422 0.585938 0.982422 0.589844 0.984375 0.591797 0.986328 0.591797 0.988281 0.589844 0.988281 0.585938
0 0.417969 0.591797 0.417969 0.595703 0.419922 0.597656 0.419922 0.599609 0.423828 0.599609 0.425781 0.597656 0.423828 0.595703 0.423828 0.593750 0.421875 0.593750 0.419922 0.591797
0 0.378906 0.601562 0.378906 0.605469 0.388672 0.615234 0.394531 0.615234 0.400391 0.609375 0.400391 0.607422 0.398438 0.605469 0.398438 0.601562 0.396484 0.599609 0.394531 0.599609 0.388672 0.595703 0.388672 0.597656 0.386719 0.599609 0.384766 0.599609 0.382812 0.601562
0 0.574219 0.597656 0.572266 0.599609 0.572266 0.615234 0.574219 0.617188 0.580078 0.617188 0.580078 0.615234 0.583984 0.611328 0.583984 0.603516 0.580078 0.597656
0 0.527344 0.603516 0.523438 0.607422 0.523438 0.609375 0.521484 0.611328 0.523438 0.613281 0.523438 0.617188 0.527344 0.621094 0.535156 0.621094 0.541016 0.615234 0.541016 0.609375 0.537109 0.603516
0 0.833984 0.619141 0.832031 0.621094 0.832031 0.625000 0.835938 0.628906 0.839844 0.628906 0.841797 0.626953 0.841797 0.621094 0.839844 0.619141
0 0.662109 0.625000 0.656250 0.630859 0.656250 0.632812 0.658203 0.634766 0.658203 0.636719 0.662109 0.640625 0.666016 0.640625 0.669922 0.636719 0.669922 0.628906 0.666016 0.625000
0 0.789062 0.626953 0.787109 0.628906 0.787109 0.632812 0.792969 0.638672 0.796875 0.638672 0.798828 0.640625 0.802734 0.636719 0.802734 0.634766 0.794922 0.626953
0 0.935547 0.625000 0.933594 0.626953 0.933594 0.630859 0.935547 0.632812 0.935547 0.634766 0.941406 0.634766 0.943359 0.632812 0.943359 0.626953 0.941406 0.625000
0 0.976562 0.625000 0.974609 0.626953 0.974609 0.632812 0.978516 0.636719 0.980469 0.636719 0.984375 0.632812 0.984375 0.628906 0.982422 0.626953 0.980469 0.626953 0.978516 0.625000
1 0.898438 0.628906 0.896484 0.628906 0.892578 0.632812 0.892578 0.634766 0.896484 0.638672 0.890625 0.644531 0.890625 0.648438 0.892578 0.650391 0.898438 0.650391 0.898438 0.644531 0.896484 0.642578 0.896484 0.640625 0.902344 0.634766 0.902344 0.632812
0 0.408203 0.634766 0.406250 0.636719 0.404297 0.636719 0.402344 0.638672 0.402344 0.644531 0.408203 0.650391 0.412109 0.650391 0.414062 0.648438 0.416016 0.648438 0.419922 0.644531 0.416016 0.640625 0.416016 0.638672 0.412109 0.634766
0 0.578125 0.636719 0.578125 0.638672 0.580078 0.640625 0.580078 0.636719
0 0.830078 0.648438 0.832031 0.650391 0.832031 0.654297 0.837891 0.660156 0.843750 0.660156 0.845703 0.658203 0.845703 0.656250 0.851562 0.652344 0.853516 0.654297 0.853516 0.650391 0.843750 0.650391 0.841797 0.648438 0.839844 0.648438 0.835938 0.644531 0.833984 0.644531
0 0.792969 0.650391 0.791016 0.652344 0.791016 0.654297 0.792969 0.656250 0.796875 0.656250 0.798828 0.654297 0.798828 0.652344 0.796875 0.652344 0.794922 0.650391
0 0.931641 0.648438 0.925781 0.648438 0.921875 0.652344 0.921875 0.654297 0.919922 0.656250 0.921875 0.654297 0.925781 0.658203 0.927734 0.658203 0.933594 0.652344 0.933594 0.650391
0 0.460938 0.662109 0.458984 0.664062 0.458984 0.666016 0.462891 0.669922 0.464844 0.669922 0.466797 0.667969 0.466797 0.664062 0.464844 0.662109
0 0.640625 0.664062 0.632812 0.664062 0.626953 0.671875 0.617188 0.671875 0.611328 0.675781 0.605469 0.687500 0.607422 0.689453 0.605469 0.691406 0.613281 0.699219 0.625000 0.699219 0.628906 0.697266 0.634766 0.689453 0.634766 0.681641 0.642578 0.675781 0.644531 0.671875
0 0.964844 0.666016 0.964844 0.667969 0.966797 0.669922 0.970703 0.669922 0.972656 0.667969 0.974609 0.669922 0.972656 0.667969 0.972656 0.666016 0.970703 0.664062 0.966797 0.664062
0 0.535156 0.667969 0.533203 0.669922 0.533203 0.671875 0.531250 0.673828 0.535156 0.677734 0.537109 0.677734 0.541016 0.673828 0.541016 0.671875 0.537109 0.667969
0 0.787109 0.673828 0.779297 0.667969 0.777344 0.669922 0.773438 0.669922 0.769531 0.673828 0.765625 0.673828 0.759766 0.679688 0.759766 0.689453 0.769531 0.695312 0.773438 0.691406 0.777344 0.689453 0.781250 0.689453 0.787109 0.683594
0 0.968750 0.675781 0.964844 0.679688 0.964844 0.685547 0.968750 0.689453 0.974609 0.689453 0.978516 0.685547 0.978516 0.679688 0.974609 0.675781
0 0.572266 0.679688 0.566406 0.683594 0.566406 0.693359 0.570312 0.697266 0.576172 0.697266 0.578125 0.699219 0.583984 0.693359 0.583984 0.687500 0.582031 0.685547 0.582031 0.683594 0.578125 0.679688
0 0.800781 0.681641 0.796875 0.685547 0.796875 0.689453 0.800781 0.693359 0.806641 0.693359 0.808594 0.691406 0.808594 0.689453 0.810547 0.687500 0.808594 0.685547 0.808594 0.683594 0.806641 0.681641
0 0.878906 0.681641 0.876953 0.683594 0.876953 0.689453 0.880859 0.693359 0.886719 0.693359 0.890625 0.689453 0.890625 0.687500 0.888672 0.685547 0.888672 0.683594 0.886719 0.681641
0 0.638672 0.685547 0.640625 0.687500 0.640625 0.697266 0.642578 0.697266 0.644531 0.699219 0.648438 0.699219 0.652344 0.695312 0.652344 0.685547 0.650391 0.683594 0.642578 0.683594 0.640625 0.685547
0 0.935547 0.697266 0.935547 0.701172 0.937500 0.703125 0.931641 0.708984 0.933594 0.710938 0.941406 0.710938 0.945312 0.707031 0.945312 0.701172 0.943359 0.699219 0.941406 0.699219 0.939453 0.697266
0 0.548828 0.699219 0.546875 0.701172 0.544922 0.701172 0.544922 0.703125 0.542969 0.705078 0.542969 0.712891 0.548828 0.716797 0.552734 0.716797 0.556641 0.712891 0.556641 0.710938 0.558594 0.708984 0.558594 0.703125 0.556641 0.703125 0.552734 0.699219
0 0.673828 0.705078 0.667969 0.710938 0.667969 0.714844 0.669922 0.716797 0.671875 0.722656 0.673828 0.720703 0.675781 0.722656 0.681641 0.722656 0.687500 0.716797 0.685547 0.714844 0.685547 0.708984 0.681641 0.705078
0 0.890625 0.708984 0.888672 0.708984 0.884766 0.712891 0.884766 0.714844 0.886719 0.716797 0.890625 0.716797 0.892578 0.714844 0.892578 0.710938
0 0.992188 0.710938 0.988281 0.714844 0.990234 0.716797 0.988281 0.718750 0.990234 0.718750 0.992188 0.720703 0.998047 0.720703 0.998047 0.710938
0 0.652344 0.716797 0.652344 0.720703 0.654297 0.722656 0.658203 0.722656 0.660156 0.720703 0.662109 0.720703 0.662109 0.716797 0.660156 0.716797 0.658203 0.714844 0.654297 0.714844
0 0.455078 0.722656 0.453125 0.724609 0.449219 0.724609 0.449219 0.726562 0.447266 0.728516 0.447266 0.734375 0.449219 0.736328 0.451172 0.734375 0.453125 0.734375 0.455078 0.736328 0.455078 0.734375 0.458984 0.730469 0.458984 0.726562
0 0.646484 0.726562 0.644531 0.728516 0.642578 0.728516 0.642578 0.730469 0.646484 0.734375 0.646484 0.736328 0.648438 0.736328 0.652344 0.732422 0.652344 0.728516 0.650391 0.728516 0.648438 0.726562
0 0.222656 0.740234 0.220703 0.742188 0.220703 0.746094 0.224609 0.750000 0.226562 0.750000 0.230469 0.746094 0.230469 0.742188 0.228516 0.740234
0 0.900391 0.742188 0.898438 0.744141 0.892578 0.746094 0.888672 0.750000 0.888672 0.753906 0.886719 0.755859 0.886719 0.757812 0.888672 0.759766 0.888672 0.763672 0.894531 0.771484 0.902344 0.771484 0.910156 0.763672 0.910156 0.750000 0.904297 0.744141 0.902344 0.744141
0 0.457031 0.746094 0.455078 0.748047 0.453125 0.748047 0.451172 0.750000 0.451172 0.753906 0.455078 0.757812 0.457031 0.757812 0.460938 0.753906 0.460938 0.748047 0.458984 0.748047
0 0.787109 0.748047 0.777344 0.748047 0.773438 0.751953 0.777344 0.761719 0.771484 0.771484 0.765625 0.767578 0.757812 0.773438 0.753906 0.779297 0.755859 0.781250 0.753906 0.785156 0.757812 0.791016 0.765625 0.794922 0.773438 0.792969 0.779297 0.787109 0.783203 0.775391 0.796875 0.773438 0.798828 0.761719
0 0.878906 0.746094 0.876953 0.748047 0.876953 0.750000 0.878906 0.750000 0.880859 0.751953 0.882812 0.750000 0.882812 0.748047 0.880859 0.746094
0 0.406250 0.767578 0.406250 0.779297 0.410156 0.783203 0.423828 0.785156 0.429688 0.789062 0.437500 0.789062 0.443359 0.785156 0.447266 0.785156 0.451172 0.777344 0.451172 0.773438 0.447266 0.767578 0.439453 0.763672 0.431641 0.763672 0.419922 0.757812 0.414062 0.759766
1 0.642578 0.769531 0.640625 0.767578 0.636719 0.767578 0.634766 0.769531 0.630859 0.769531 0.628906 0.771484 0.626953 0.771484 0.630859 0.775391 0.632812 0.773438 0.640625 0.773438 0.642578 0.771484
0 0.730469 0.767578 0.726562 0.769531 0.728516 0.775391 0.712891 0.783203 0.708984 0.789062 0.699219 0.781250 0.689453 0.787109 0.685547 0.785156 0.681641 0.794922 0.687500 0.804688 0.705078 0.802734 0.699219 0.828125 0.712891 0.830078 0.718750 0.816406 0.728516 0.818359 0.738281 0.810547 0.742188 0.789062
0 0.742188 0.765625 0.738281 0.769531 0.742188 0.773438 0.746094 0.773438 0.748047 0.771484 0.748047 0.767578 0.746094 0.765625
0 0.498047 0.791016 0.494141 0.794922 0.494141 0.796875 0.496094 0.798828 0.496094 0.802734 0.494141 0.804688 0.494141 0.808594 0.498047 0.812500 0.500000 0.812500 0.501953 0.814453 0.505859 0.814453 0.511719 0.808594 0.511719 0.804688 0.505859 0.798828 0.505859 0.792969 0.503906 0.791016
0 0.908203 0.794922 0.906250 0.796875 0.906250 0.804688 0.908203 0.806641 0.912109 0.806641 0.914062 0.804688 0.916016 0.804688 0.916016 0.796875 0.914062 0.794922
0 0.541016 0.810547 0.544922 0.808594 0.548828 0.814453 0.554688 0.810547 0.558594 0.816406 0.556641 0.822266 0.564453 0.830078 0.572266 0.830078 0.578125 0.826172 0.578125 0.820312 0.572266 0.814453 0.574219 0.812500 0.568359 0.808594 0.568359 0.800781 0.564453 0.796875 0.560547 0.798828 0.554688 0.806641 0.552734 0.804688 0.546875 0.804688 0.544922 0.808594
1 0.998047 0.798828 0.996094 0.800781 0.996094 0.802734 0.998047 0.804688
0 0.595703 0.804688 0.585938 0.814453 0.589844 0.824219 0.587891 0.826172 0.589844 0.833984 0.574219 0.835938 0.570312 0.845703 0.576172 0.857422 0.580078 0.859375 0.589844 0.859375 0.593750 0.855469 0.599609 0.861328 0.605469 0.861328 0.609375 0.857422 0.607422 0.853516 0.617188 0.841797 0.617188 0.833984 0.609375 0.816406 0.601562 0.810547 0.599609 0.804688
0 0.443359 0.808594 0.435547 0.808594 0.433594 0.810547 0.433594 0.812500 0.431641 0.814453 0.431641 0.816406 0.433594 0.818359 0.433594 0.820312 0.435547 0.822266 0.437500 0.822266 0.439453 0.824219 0.441406 0.822266 0.443359 0.822266 0.447266 0.818359 0.447266 0.814453 0.445312 0.812500 0.445312 0.810547
0 0.523438 0.822266 0.513672 0.824219 0.507812 0.830078 0.507812 0.833984 0.503906 0.841797 0.507812 0.843750 0.505859 0.845703 0.507812 0.845703 0.515625 0.851562 0.519531 0.851562 0.523438 0.849609 0.529297 0.841797 0.529297 0.828125
0 0.681641 0.822266 0.677734 0.822266 0.675781 0.824219 0.675781 0.828125 0.679688 0.832031 0.681641 0.830078 0.683594 0.830078 0.683594 0.828125 0.685547 0.826172
0 0.492188 0.826172 0.490234 0.828125 0.488281 0.828125 0.486328 0.830078 0.486328 0.832031 0.488281 0.833984 0.492188 0.833984 0.494141 0.832031 0.494141 0.830078 0.492188 0.828125
0 0.800781 0.826172 0.798828 0.828125 0.796875 0.828125 0.792969 0.832031 0.796875 0.835938 0.796875 0.837891 0.798828 0.839844 0.800781 0.837891 0.802734 0.837891 0.802734 0.835938 0.804688 0.833984 0.804688 0.832031 0.800781 0.828125
0 0.916016 0.828125 0.908203 0.828125 0.906250 0.830078 0.904297 0.830078 0.904297 0.832031 0.902344 0.833984 0.902344 0.841797 0.906250 0.845703 0.908203 0.845703 0.910156 0.847656 0.912109 0.845703 0.917969 0.843750 0.921875 0.839844 0.919922 0.837891 0.919922 0.830078 0.917969 0.830078
1 0.380859 0.833984 0.380859 0.837891 0.382812 0.839844 0.384766 0.839844 0.386719 0.837891 0.388672 0.837891 0.392578 0.841797 0.394531 0.839844 0.394531 0.835938 0.392578 0.833984 0.390625 0.833984 0.388672 0.835938 0.386719 0.835938 0.384766 0.833984
0 0.783203 0.833984 0.781250 0.835938 0.783203 0.837891 0.785156 0.837891 0.785156 0.833984
0 0.347656 0.845703 0.345703 0.847656 0.345703 0.853516 0.347656 0.853516 0.351562 0.857422 0.353516 0.857422 0.355469 0.855469 0.355469 0.849609 0.353516 0.847656 0.351562 0.847656 0.349609 0.845703
0 0.535156 0.847656 0.529297 0.857422 0.531250 0.873047 0.539062 0.880859 0.535156 0.904297 0.548828 0.916016 0.562500 0.914062 0.576172 0.906250 0.580078 0.900391 0.580078 0.890625 0.574219 0.876953 0.576172 0.875000 0.558594 0.857422 0.550781 0.855469 0.542969 0.847656
1 0.923828 0.857422 0.925781 0.857422 0.927734 0.859375 0.929688 0.859375 0.931641 0.861328 0.931641 0.863281 0.927734 0.867188 0.923828 0.867188 0.925781 0.869141 0.929688 0.869141 0.931641 0.871094 0.935547 0.867188 0.937500 0.869141 0.939453 0.869141 0.941406 0.871094 0.939453 0.873047 0.937500 0.873047 0.939453 0.873047 0.941406 0.875000 0.945312 0.875000 0.945312 0.869141 0.943359 0.867188 0.941406 0.869141 0.939453 0.869141 0.937500 0.867188 0.937500 0.863281 0.933594 0.859375 0.933594 0.857422 0.929688 0.857422 0.927734 0.855469 0.925781 0.855469
1 0.765625 0.861328 0.763672 0.861328 0.757812 0.867188 0.759766 0.876953 0.757812 0.878906 0.753906 0.878906 0.750000 0.884766 0.751953 0.886719 0.750000 0.888672 0.755859 0.892578 0.759766 0.892578 0.763672 0.888672 0.763672 0.880859 0.759766 0.880859 0.757812 0.878906 0.761719 0.875000 0.765625 0.876953 0.771484 0.871094 0.771484 0.865234
0 0.375000 0.863281 0.371094 0.867188 0.371094 0.871094 0.369141 0.873047 0.375000 0.878906 0.380859 0.878906 0.382812 0.876953 0.382812 0.867188 0.378906 0.863281
0 0.505859 0.865234 0.501953 0.865234 0.500000 0.867188 0.498047 0.867188 0.496094 0.869141 0.496094 0.871094 0.492188 0.875000 0.494141 0.875000 0.496094 0.876953 0.496094 0.878906 0.500000 0.882812 0.503906 0.882812 0.505859 0.880859 0.507812 0.880859 0.507812 0.878906 0.509766 0.876953 0.509766 0.871094
0 0.335938 0.869141 0.332031 0.869141 0.330078 0.871094 0.330078 0.873047 0.332031 0.875000 0.333984 0.875000 0.335938 0.873047
1 0.445312 0.876953 0.439453 0.869141 0.433594 0.869141 0.429688 0.873047 0.429688 0.876953 0.427734 0.878906 0.419922 0.875000 0.416016 0.876953 0.414062 0.875000 0.414062 0.880859 0.412109 0.882812 0.414062 0.886719 0.412109 0.888672 0.417969 0.892578 0.423828 0.892578 0.427734 0.890625 0.427734 0.884766 0.429688 0.882812 0.431641 0.884766 0.439453 0.884766
0 0.642578 0.871094 0.638672 0.869141 0.630859 0.878906 0.619141 0.882812 0.617188 0.880859 0.609375 0.882812 0.603516 0.890625 0.605469 0.892578 0.605469 0.900391 0.613281 0.908203 0.632812 0.908203 0.644531 0.904297 0.648438 0.898438 0.648438 0.890625 0.644531 0.884766 0.646484 0.876953
0 0.882812 0.876953 0.884766 0.880859 0.878906 0.888672 0.882812 0.898438 0.890625 0.902344 0.896484 0.900391 0.919922 0.929688 0.935547 0.929688 0.943359 0.923828 0.945312 0.906250 0.937500 0.892578 0.935547 0.878906 0.929688 0.880859 0.919922 0.875000 0.902344 0.886719 0.892578 0.873047 0.884766 0.878906
0 0.292969 0.876953 0.289062 0.880859 0.289062 0.884766 0.291016 0.886719 0.292969 0.886719 0.294922 0.884766 0.294922 0.878906
0 0.478516 0.876953 0.472656 0.882812 0.472656 0.886719 0.470703 0.888672 0.476562 0.894531 0.482422 0.894531 0.486328 0.890625 0.486328 0.886719 0.484375 0.884766 0.484375 0.882812 0.482422 0.880859 0.482422 0.878906 0.480469 0.878906
0 0.802734 0.880859 0.800781 0.882812 0.800781 0.886719 0.802734 0.888672 0.802734 0.890625 0.804688 0.890625 0.806641 0.892578 0.810547 0.888672 0.810547 0.882812 0.808594 0.880859
0 0.802734 0.896484 0.798828 0.896484 0.796875 0.898438 0.796875 0.908203 0.800781 0.912109 0.802734 0.910156 0.804688 0.910156 0.806641 0.908203 0.806641 0.900391
0 0.679688 0.902344 0.679688 0.904297 0.675781 0.908203 0.677734 0.910156 0.677734 0.914062 0.681641 0.917969 0.683594 0.917969 0.685547 0.919922 0.691406 0.919922 0.693359 0.917969 0.695312 0.917969 0.695312 0.914062 0.697266 0.912109 0.697266 0.908203 0.695312 0.906250 0.695312 0.904297 0.691406 0.900391 0.683594 0.900391 0.681641 0.902344
0 0.873047 0.906250 0.869141 0.906250 0.865234 0.902344 0.857422 0.902344 0.855469 0.904297 0.855469 0.906250 0.851562 0.910156 0.851562 0.912109 0.855469 0.917969 0.853516 0.919922 0.855469 0.919922 0.859375 0.923828 0.861328 0.921875 0.865234 0.921875 0.867188 0.919922 0.869141 0.919922 0.871094 0.917969 0.871094 0.908203
0 0.984375 0.904297 0.980469 0.908203 0.980469 0.917969 0.978516 0.919922 0.978516 0.923828 0.980469 0.923828 0.982422 0.925781 0.994141 0.925781 0.994141 0.923828 0.998047 0.919922 0.996094 0.917969 0.996094 0.914062 0.994141 0.912109 0.996094 0.910156 0.994141 0.910156 0.988281 0.904297
1 0.765625 0.908203 0.761719 0.910156 0.755859 0.917969 0.748047 0.917969 0.746094 0.919922 0.746094 0.921875 0.742188 0.925781 0.742188 0.933594 0.744141 0.935547 0.751953 0.935547 0.755859 0.933594 0.759766 0.929688 0.759766 0.925781 0.763672 0.921875 0.767578 0.921875 0.769531 0.917969 0.769531 0.914062 0.765625 0.910156
0 0.468750 0.916016 0.468750 0.917969 0.466797 0.919922 0.466797 0.923828 0.470703 0.927734 0.474609 0.927734 0.478516 0.923828 0.478516 0.919922 0.474609 0.916016
0 0.396484 0.917969 0.392578 0.917969 0.390625 0.919922 0.388672 0.919922 0.388672 0.927734 0.390625 0.929688 0.394531 0.929688 0.396484 0.927734 0.398438 0.927734 0.398438 0.919922
0 0.841797 0.927734 0.841797 0.929688 0.837891 0.933594 0.839844 0.935547 0.839844 0.937500 0.841797 0.939453 0.843750 0.939453 0.845703 0.941406 0.849609 0.941406 0.853516 0.937500 0.853516 0.933594 0.847656 0.927734
0 0.882812 0.935547 0.876953 0.939453 0.875000 0.945312 0.878906 0.951172 0.880859 0.951172 0.884766 0.955078 0.888672 0.955078 0.892578 0.951172 0.890625 0.949219 0.892578 0.947266 0.894531 0.941406 0.888672 0.935547
0 0.789062 0.939453 0.789062 0.941406 0.783203 0.951172 0.785156 0.953125 0.787109 0.958984 0.792969 0.964844 0.796875 0.964844 0.800781 0.960938 0.800781 0.958984 0.804688 0.953125 0.802734 0.953125 0.800781 0.951172 0.800781 0.945312 0.794922 0.939453
0 0.968750 0.939453 0.966797 0.941406 0.966797 0.951172 0.964844 0.953125 0.964844 0.958984 0.966797 0.960938 0.972656 0.960938 0.978516 0.964844 0.984375 0.964844 0.988281 0.958984 0.986328 0.945312 0.978516 0.937500 0.972656 0.937500 0.970703 0.939453
0 0.679688 0.947266 0.675781 0.943359 0.673828 0.943359 0.666016 0.951172 0.666016 0.955078 0.662109 0.958984 0.660156 0.958984 0.660156 0.960938 0.667969 0.960938 0.671875 0.964844 0.675781 0.964844 0.677734 0.962891 0.679688 0.962891 0.679688 0.958984 0.681641 0.957031 0.681641 0.951172 0.679688 0.949219
0 0.941406 0.947266 0.939453 0.949219 0.939453 0.953125 0.941406 0.955078 0.945312 0.955078 0.947266 0.953125 0.947266 0.949219 0.945312 0.947266
1 0.998047 0.947266 0.996094 0.949219 0.996094 0.957031 0.998047 0.958984
0 0.808594 0.951172 0.810547 0.953125 0.808594 0.955078 0.808594 0.957031 0.810547 0.958984 0.814453 0.958984 0.816406 0.957031 0.816406 0.953125 0.814453 0.951172 0.812500 0.951172 0.810547 0.953125
0 0.617188 0.955078 0.615234 0.957031 0.615234 0.960938 0.619141 0.964844 0.623047 0.964844 0.626953 0.960938 0.626953 0.957031 0.625000 0.955078
0 0.878906 0.960938 0.875000 0.964844 0.875000 0.968750 0.878906 0.972656 0.884766 0.966797 0.884766 0.964844 0.882812 0.962891 0.880859 0.962891
0 0.945312 0.964844 0.947266 0.966797 0.947266 0.964844
0 0.859375 0.968750 0.859375 0.970703 0.857422 0.972656 0.855469 0.970703 0.849609 0.976562 0.849609 0.978516 0.851562 0.980469 0.851562 0.982422 0.855469 0.986328 0.865234 0.986328 0.865234 0.984375 0.867188 0.982422 0.865234 0.980469 0.865234 0.976562 0.859375 0.970703
0 0.826172 0.972656 0.824219 0.974609 0.822266 0.974609 0.822266 0.976562 0.820312 0.978516 0.820312 0.982422 0.824219 0.986328 0.828125 0.986328 0.832031 0.982422 0.832031 0.976562 0.830078 0.974609 0.828125 0.974609
0 0.898438 0.972656 0.896484 0.974609 0.896484 0.976562 0.898438 0.978516 0.902344 0.978516 0.902344 0.972656
0 0.914062 0.972656 0.912109 0.976562 0.912109 0.984375 0.910156 0.986328 0.908203 0.984375 0.910156 0.986328 0.912109 0.994141 0.916016 0.998047 0.921875 0.998047 0.929688 0.994141 0.931641 0.986328 0.935547 0.984375 0.935547 0.980469 0.933594 0.982422 0.929688 0.978516 0.929688 0.976562 0.927734 0.976562 0.923828 0.972656
0 0.484375 0.992188 0.484375 0.998047 0.521484 0.998047 0.517578 0.996094 0.515625 0.984375 0.505859 0.976562 0.498047 0.976562 0.486328 0.988281
0 0.744141 0.976562 0.742188 0.978516 0.742188 0.984375 0.746094 0.988281 0.753906 0.988281 0.755859 0.986328 0.755859 0.980469 0.751953 0.976562
0 0.728516 0.984375 0.726562 0.982422 0.724609 0.982422 0.720703 0.988281 0.716797 0.984375 0.710938 0.984375 0.707031 0.988281 0.707031 0.998047 0.718750 0.998047 0.718750 0.996094 0.720703 0.994141 0.720703 0.990234 0.722656 0.988281 0.728516 0.988281
0 0.583984 0.994141 0.583984 0.998047 0.607422 0.998047 0.607422 0.994141 0.605469 0.992188 0.605469 0.990234 0.599609 0.984375 0.597656 0.984375 0.595703 0.986328 0.593750 0.984375 0.591797 0.984375 0.585938 0.990234 0.585938 0.992188
1 0.800781 0.988281 0.798828 0.986328 0.796875 0.986328 0.796875 0.988281 0.791016 0.994141 0.789062 0.994141 0.785156 0.998047 0.798828 0.998047 0.798828 0.996094 0.796875 0.994141 0.798828 0.992188 0.798828 0.990234
1 0.632812 0.998047 0.638672 0.998047 0.636719 0.996094 0.634766 0.996094
0 0.414062 0.000000 0.414062 0.001953 0.412109 0.001953 0.410156 0.003906 0.406250 0.003906 0.404297 0.001953 0.404297 0.000000
0 0.408203 0.011719 0.408203 0.015625 0.404297 0.015625 0.402344 0.013672 0.406250 0.009766
0 0.076172 0.025391 0.074219 0.027344 0.074219 0.029297 0.072266 0.031250 0.066406 0.031250 0.064453 0.029297 0.064453 0.027344 0.062500 0.025391 0.062500 0.023438 0.064453 0.021484 0.064453 0.019531 0.066406 0.017578 0.072266 0.017578 0.074219 0.019531 0.074219 0.021484 0.076172 0.023438
0 0.351562 0.025391 0.351562 0.029297 0.347656 0.029297 0.345703 0.027344 0.349609 0.023438
0 0.359375 0.027344 0.359375 0.031250 0.355469 0.031250 0.353516 0.029297 0.357422 0.025391
0 0.349609 0.031250 0.349609 0.035156 0.345703 0.035156 0.343750 0.033203 0.347656 0.029297
0 0.060547 0.046875 0.058594 0.046875 0.056641 0.048828 0.052734 0.048828 0.050781 0.046875 0.050781 0.041016 0.052734 0.039062 0.056641 0.039062 0.058594 0.041016 0.060547 0.041016
0 0.078125 0.048828 0.076172 0.048828 0.074219 0.050781 0.070312 0.050781 0.068359 0.048828 0.068359 0.042969 0.070312 0.041016 0.074219 0.041016 0.076172 0.042969 0.078125 0.042969
0 0.025391 0.058594 0.025391 0.062500 0.021484 0.062500 0.019531 0.060547 0.023438 0.056641
0 0.013672 0.060547 0.013672 0.064453 0.009766 0.064453 0.007812 0.062500 0.011719 0.058594
0 0.021484 0.066406 0.021484 0.070312 0.017578 0.070312 0.015625 0.068359 0.019531 0.064453
0 0.015625 0.070312 0.013672 0.072266 0.013672 0.074219 0.011719 0.076172 0.005859 0.076172 0.003906 0.074219 0.003906 0.072266 0.001953 0.070312 0.001953 0.068359 0.003906 0.066406 0.003906 0.064453 0.005859 0.062500 0.011719 0.062500 0.013672 0.064453 0.013672 0.066406 0.015625 0.068359
0 0.078125 0.078125 0.076172 0.078125 0.074219 0.080078 0.064453 0.080078 0.058594 0.074219 0.058594 0.064453 0.060547 0.062500 0.062500 0.062500 0.062500 0.060547 0.064453 0.058594 0.074219 0.058594 0.080078 0.064453 0.080078 0.074219 0.078125 0.076172
0 0.005859 0.082031 0.001953 0.082031 0.000000 0.080078 0.000000 0.078125 0.001953 0.076172 0.005859 0.078125
0 0.052734 0.087891 0.050781 0.087891 0.048828 0.089844 0.044922 0.089844 0.042969 0.087891 0.042969 0.082031 0.044922 0.080078 0.048828 0.080078 0.050781 0.082031 0.052734 0.082031
0 0.097656 0.091797 0.095703 0.093750 0.095703 0.095703 0.093750 0.097656 0.087891 0.097656 0.085938 0.095703 0.085938 0.093750 0.083984 0.091797 0.083984 0.089844 0.085938 0.087891 0.085938 0.085938 0.087891 0.083984 0.093750 0.083984 0.095703 0.085938 0.095703 0.087891 0.097656 0.089844
0 0.183594 0.093750 0.181641 0.093750 0.179688 0.095703 0.175781 0.095703 0.173828 0.093750 0.173828 0.087891 0.175781 0.085938 0.179688 0.085938 0.181641 0.087891 0.183594 0.087891
0 0.117188 0.097656 0.115234 0.097656 0.113281 0.099609 0.109375 0.099609 0.107422 0.097656 0.107422 0.091797 0.109375 0.089844 0.113281 0.089844 0.115234 0.091797 0.117188 0.091797
0 0.052734 0.099609 0.050781 0.099609 0.048828 0.101562 0.044922 0.101562 0.042969 0.099609 0.042969 0.093750 0.044922 0.091797 0.048828 0.091797 0.050781 0.093750 0.052734 0.093750
0 0.197266 0.101562 0.195312 0.101562 0.193359 0.103516 0.189453 0.103516 0.187500 0.101562 0.187500 0.095703 0.189453 0.093750 0.193359 0.093750 0.195312 0.095703 0.197266 0.095703
0 0.132812 0.103516 0.130859 0.103516 0.128906 0.105469 0.125000 0.105469 0.123047 0.103516 0.123047 0.097656 0.125000 0.095703 0.128906 0.095703 0.130859 0.097656 0.132812 0.097656
0 0.175781 0.105469 0.169922 0.111328 0.164062 0.111328 0.158203 0.105469 0.158203 0.099609 0.164062 0.093750 0.169922 0.093750 0.175781 0.099609
0 0.177734 0.105469 0.175781 0.105469 0.173828 0.107422 0.169922 0.107422 0.167969 0.105469 0.167969 0.099609 0.169922 0.097656 0.173828 0.097656 0.175781 0.099609 0.177734 0.099609
0 0.162109 0.107422 0.160156 0.107422 0.158203 0.109375 0.154297 0.109375 0.152344 0.107422 0.152344 0.101562 0.154297 0.099609 0.158203 0.099609 0.160156 0.101562 0.162109 0.101562
0 0.154297 0.107422 0.152344 0.109375 0.152344 0.111328 0.150391 0.113281 0.144531 0.113281 0.142578 0.111328 0.142578 0.109375 0.140625 0.107422 0.140625 0.105469 0.142578 0.103516 0.142578 0.101562 0.144531 0.099609 0.150391 0.099609 0.152344 0.101562 0.152344 0.103516 0.154297 0.105469
0 0.189453 0.113281 0.187500 0.113281 0.185547 0.115234 0.181641 0.115234 0.179688 0.113281 0.179688 0.107422 0.181641 0.105469 0.185547 0.105469 0.187500 0.107422 0.189453 0.107422
0 0.113281 0.113281 0.111328 0.115234 0.111328 0.117188 0.109375 0.119141 0.103516 0.119141 0.101562 0.117188 0.101562 0.115234 0.099609 0.113281 0.099609 0.111328 0.101562 0.109375 0.101562 0.107422 0.103516 0.105469 0.109375 0.105469 0.111328 0.107422 0.111328 0.109375 0.113281 0.111328
0 0.072266 0.117188 0.066406 0.123047 0.060547 0.123047 0.054688 0.117188 0.054688 0.111328 0.060547 0.105469 0.066406 0.105469 0.072266 0.111328
0 0.150391 0.117188 0.148438 0.119141 0.148438 0.121094 0.146484 0.123047 0.140625 0.123047 0.138672 0.121094 0.138672 0.119141 0.136719 0.117188 0.136719 0.115234 0.138672 0.113281 0.138672 0.111328 0.140625 0.109375 0.146484 0.109375 0.148438 0.111328 0.148438 0.113281 0.150391 0.115234
0 0.171875 0.121094 0.169922 0.121094 0.167969 0.123047 0.164062 0.123047 0.162109 0.121094 0.162109 0.115234 0.164062 0.113281 0.167969 0.113281 0.169922 0.115234 0.171875 0.115234
0 0.935547 0.125000 0.935547 0.128906 0.931641 0.128906 0.929688 0.126953 0.933594 0.123047
0 0.117188 0.132812 0.115234 0.132812 0.113281 0.134766 0.109375 0.134766 0.107422 0.132812 0.107422 0.126953 0.109375 0.125000 0.113281 0.125000 0.115234 0.126953 0.117188 0.126953
0 0.929688 0.128906 0.929688 0.132812 0.925781 0.132812 0.923828 0.130859 0.927734 0.126953
0 0.941406 0.130859 0.941406 0.134766 0.937500 0.134766 0.935547 0.132812 0.939453 0.128906
0 0.097656 0.138672 0.095703 0.140625 0.095703 0.142578 0.093750 0.144531 0.087891 0.144531 0.085938 0.142578 0.085938 0.140625 0.083984 0.138672 0.083984 0.136719 0.085938 0.134766 0.085938 0.132812 0.087891 0.130859 0.093750 0.130859 0.095703 0.132812 0.095703 0.134766 0.097656 0.136719
0 0.935547 0.136719 0.935547 0.140625 0.931641 0.140625 0.929688 0.138672 0.933594 0.134766
0 0.117188 0.148438 0.115234 0.150391 0.115234 0.152344 0.113281 0.154297 0.107422 0.154297 0.105469 0.152344 0.105469 0.150391 0.103516 0.148438 0.103516 0.146484 0.105469 0.144531 0.105469 0.142578 0.107422 0.140625 0.113281 0.140625 0.115234 0.142578 0.115234 0.144531 0.117188 0.146484
0 0.095703 0.156250 0.093750 0.156250 0.091797 0.158203 0.087891 0.158203 0.085938 0.156250 0.085938 0.150391 0.087891 0.148438 0.091797 0.148438 0.093750 0.150391 0.095703 0.150391
0 0.011719 0.169922 0.009766 0.169922 0.007812 0.171875 0.003906 0.171875 0.001953 0.169922 0.001953 0.164062 0.003906 0.162109 0.007812 0.162109 0.009766 0.164062 0.011719 0.164062
0 0.091797 0.171875 0.089844 0.171875 0.087891 0.173828 0.083984 0.173828 0.082031 0.171875 0.082031 0.166016 0.083984 0.164062 0.087891 0.164062 0.089844 0.166016 0.091797 0.166016
0 0.035156 0.173828 0.033203 0.175781 0.033203 0.177734 0.031250 0.179688 0.025391 0.179688 0.023438 0.177734 0.023438 0.175781 0.021484 0.173828 0.021484 0.171875 0.023438 0.169922 0.023438 0.167969 0.025391 0.166016 0.031250 0.166016 0.033203 0.167969 0.033203 0.169922 0.035156 0.171875
0 0.056641 0.177734 0.054688 0.179688 0.054688 0.181641 0.052734 0.183594 0.046875 0.183594 0.044922 0.181641 0.044922 0.179688 0.042969 0.177734 0.042969 0.175781 0.044922 0.173828 0.044922 0.171875 0.046875 0.169922 0.052734 0.169922 0.054688 0.171875 0.054688 0.173828 0.056641 0.175781
0 0.109375 0.179688 0.107422 0.179688 0.105469 0.181641 0.101562 0.181641 0.099609 0.179688 0.099609 0.173828 0.101562 0.171875 0.105469 0.171875 0.107422 0.173828 0.109375 0.173828
0 0.076172 0.181641 0.074219 0.181641 0.072266 0.183594 0.068359 0.183594 0.066406 0.181641 0.066406 0.175781 0.068359 0.173828 0.072266 0.173828 0.074219 0.175781 0.076172 0.175781
0 0.121094 0.181641 0.121094 0.185547 0.117188 0.185547 0.115234 0.183594 0.119141 0.179688
0 0.001953 0.191406 0.000000 0.191406 0.000000 0.177734 0.001953 0.177734 0.003906 0.179688 0.003906 0.181641 0.005859 0.183594 0.005859 0.185547 0.003906 0.187500 0.003906 0.189453
0 0.191406 0.187500 0.189453 0.187500 0.187500 0.189453 0.183594 0.189453 0.181641 0.187500 0.181641 0.181641 0.183594 0.179688 0.187500 0.179688 0.189453 0.181641 0.191406 0.181641
0 0.349609 0.185547 0.349609 0.189453 0.345703 0.189453 0.343750 0.187500 0.347656 0.183594
0 0.361328 0.187500 0.361328 0.191406 0.357422 0.191406 0.355469 0.189453 0.359375 0.185547
0 0.136719 0.189453 0.136719 0.193359 0.132812 0.193359 0.130859 0.191406 0.134766 0.187500
0 0.162109 0.197266 0.160156 0.197266 0.158203 0.199219 0.154297 0.199219 0.152344 0.197266 0.152344 0.191406 0.154297 0.189453 0.158203 0.189453 0.160156 0.191406 0.162109 0.191406
0 0.349609 0.201172 0.347656 0.203125 0.347656 0.205078 0.345703 0.207031 0.339844 0.207031 0.337891 0.205078 0.337891 0.203125 0.335938 0.201172 0.335938 0.199219 0.337891 0.197266 0.337891 0.195312 0.339844 0.193359 0.345703 0.193359 0.347656 0.195312 0.347656 0.197266 0.349609 0.199219
0 0.203125 0.208984 0.201172 0.208984 0.199219 0.210938 0.195312 0.210938 0.193359 0.208984 0.193359 0.203125 0.195312 0.201172 0.199219 0.201172 0.201172 0.203125 0.203125 0.203125
0 0.332031 0.210938 0.330078 0.210938 0.328125 0.212891 0.324219 0.212891 0.322266 0.210938 0.322266 0.205078 0.324219 0.203125 0.328125 0.203125 0.330078 0.205078 0.332031 0.205078
0 0.806641 0.210938 0.806641 0.214844 0.802734 0.214844 0.800781 0.212891 0.804688 0.208984
0 0.791016 0.212891 0.791016 0.216797 0.787109 0.216797 0.785156 0.214844 0.789062 0.210938
0 0.730469 0.220703 0.728516 0.220703 0.726562 0.222656 0.722656 0.222656 0.720703 0.220703 0.720703 0.214844 0.722656 0.212891 0.726562 0.212891 0.728516 0.214844 0.730469 0.214844
0 0.806641 0.216797 0.806641 0.220703 0.802734 0.220703 0.800781 0.218750 0.804688 0.214844
0 0.335938 0.218750 0.335938 0.222656 0.332031 0.222656 0.330078 0.220703 0.333984 0.216797
0 0.792969 0.218750 0.792969 0.222656 0.789062 0.222656 0.787109 0.220703 0.791016 0.216797
0 0.740234 0.220703 0.740234 0.224609 0.736328 0.224609 0.734375 0.222656 0.738281 0.218750
0 0.800781 0.222656 0.800781 0.226562 0.796875 0.226562 0.794922 0.224609 0.798828 0.220703
0 0.328125 0.232422 0.326172 0.234375 0.326172 0.236328 0.324219 0.238281 0.318359 0.238281 0.316406 0.236328 0.316406 0.234375 0.314453 0.232422 0.314453 0.230469 0.316406 0.228516 0.316406 0.226562 0.318359 0.224609 0.324219 0.224609 0.326172 0.226562 0.326172 0.228516 0.328125 0.230469
0 0.246094 0.236328 0.244141 0.236328 0.242188 0.238281 0.238281 0.238281 0.236328 0.236328 0.236328 0.230469 0.238281 0.228516 0.242188 0.228516 0.244141 0.230469 0.246094 0.230469
0 0.261719 0.238281 0.259766 0.238281 0.257812 0.240234 0.253906 0.240234 0.251953 0.238281 0.251953 0.232422 0.253906 0.230469 0.257812 0.230469 0.259766 0.232422 0.261719 0.232422
0 0.308594 0.234375 0.308594 0.238281 0.304688 0.238281 0.302734 0.236328 0.306641 0.232422
0 0.730469 0.234375 0.730469 0.238281 0.726562 0.238281 0.724609 0.236328 0.728516 0.232422
0 0.228516 0.240234 0.226562 0.240234 0.224609 0.242188 0.220703 0.242188 0.218750 0.240234 0.218750 0.234375 0.220703 0.232422 0.224609 0.232422 0.226562 0.234375 0.228516 0.234375
0 0.333984 0.240234 0.332031 0.240234 0.330078 0.242188 0.326172 0.242188 0.324219 0.240234 0.324219 0.234375 0.326172 0.232422 0.330078 0.232422 0.332031 0.234375 0.333984 0.234375
0 0.345703 0.240234 0.343750 0.240234 0.341797 0.242188 0.337891 0.242188 0.335938 0.240234 0.335938 0.234375 0.337891 0.232422 0.341797 0.232422 0.343750 0.234375 0.345703 0.234375
0 0.216797 0.242188 0.214844 0.242188 0.212891 0.244141 0.208984 0.244141 0.207031 0.242188 0.207031 0.236328 0.208984 0.234375 0.212891 0.234375 0.214844 0.236328 0.216797 0.236328
0 0.271484 0.240234 0.271484 0.244141 0.267578 0.244141 0.265625 0.242188 0.269531 0.238281
0 0.316406 0.240234 0.316406 0.244141 0.312500 0.244141 0.310547 0.242188 0.314453 0.238281
0 0.283203 0.248047 0.281250 0.248047 0.279297 0.250000 0.275391 0.250000 0.273438 0.248047 0.273438 0.242188 0.275391 0.240234 0.279297 0.240234 0.281250 0.242188 0.283203 0.242188
0 0.318359 0.246094 0.318359 0.250000 0.314453 0.250000 0.312500 0.248047 0.316406 0.244141
0 0.244141 0.251953 0.242188 0.251953 0.240234 0.253906 0.236328 0.253906 0.234375 0.251953 0.234375 0.246094 0.236328 0.244141 0.240234 0.244141 0.242188 0.246094 0.244141 0.246094
0 0.255859 0.251953 0.253906 0.251953 0.251953 0.253906 0.248047 0.253906 0.246094 0.251953 0.246094 0.246094 0.248047 0.244141 0.251953 0.244141 0.253906 0.246094 0.255859 0.246094
0 0.332031 0.251953 0.330078 0.251953 0.328125 0.253906 0.324219 0.253906 0.322266 0.251953 0.322266 0.246094 0.324219 0.244141 0.328125 0.244141 0.330078 0.246094 0.332031 0.246094
0 0.347656 0.250000 0.347656 0.253906 0.343750 0.253906 0.341797 0.251953 0.345703 0.248047
0 0.228516 0.255859 0.226562 0.255859 0.224609 0.257812 0.220703 0.257812 0.218750 0.255859 0.218750 0.250000 0.220703 0.248047 0.224609 0.248047 0.226562 0.250000 0.228516 0.250000
0 0.273438 0.251953 0.273438 0.255859 0.269531 0.255859 0.267578 0.253906 0.271484 0.250000
0 0.214844 0.261719 0.212891 0.261719 0.210938 0.263672 0.207031 0.263672 0.205078 0.261719 0.205078 0.255859 0.207031 0.253906 0.210938 0.253906 0.212891 0.255859 0.214844 0.255859
0 0.298828 0.265625 0.296875 0.265625 0.294922 0.267578 0.291016 0.267578 0.289062 0.265625 0.289062 0.259766 0.291016 0.257812 0.294922 0.257812 0.296875 0.259766 0.298828 0.259766
0 0.287109 0.265625 0.285156 0.267578 0.285156 0.269531 0.283203 0.271484 0.277344 0.271484 0.275391 0.269531 0.275391 0.267578 0.273438 0.265625 0.273438 0.263672 0.275391 0.261719 0.275391 0.259766 0.277344 0.257812 0.283203 0.257812 0.285156 0.259766 0.285156 0.261719 0.287109 0.263672
0 0.667969 0.265625 0.667969 0.269531 0.664062 0.269531 0.662109 0.267578 0.666016 0.263672
0 0.001953 0.279297 0.000000 0.279297 0.000000 0.261719 0.001953 0.261719 0.007812 0.267578 0.007812 0.273438
0 0.960938 0.271484 0.960938 0.275391 0.957031 0.275391 0.955078 0.273438 0.958984 0.269531
0 0.203125 0.277344 0.197266 0.283203 0.191406 0.283203 0.185547 0.277344 0.185547 0.271484 0.191406 0.265625 0.197266 0.265625 0.203125 0.271484
0 0.666016 0.275391 0.666016 0.279297 0.662109 0.279297 0.660156 0.277344 0.664062 0.273438
0 0.306641 0.285156 0.304688 0.285156 0.302734 0.287109 0.298828 0.287109 0.296875 0.285156 0.296875 0.279297 0.298828 0.277344 0.302734 0.277344 0.304688 0.279297 0.306641 0.279297
0 0.720703 0.285156 0.718750 0.285156 0.716797 0.287109 0.712891 0.287109 0.710938 0.285156 0.710938 0.279297 0.712891 0.277344 0.716797 0.277344 0.718750 0.279297 0.720703 0.279297
0 0.265625 0.291016 0.263672 0.291016 0.261719 0.292969 0.257812 0.292969 0.255859 0.291016 0.255859 0.285156 0.257812 0.283203 0.261719 0.283203 0.263672 0.285156 0.265625 0.285156
0 0.326172 0.287109 0.326172 0.291016 0.322266 0.291016 0.320312 0.289062 0.324219 0.285156
0 0.269531 0.291016 0.269531 0.294922 0.265625 0.294922 0.263672 0.292969 0.267578 0.289062
0 0.705078 0.294922 0.703125 0.294922 0.701172 0.296875 0.697266 0.296875 0.695312 0.294922 0.695312 0.289062 0.697266 0.287109 0.701172 0.287109 0.703125 0.289062 0.705078 0.289062
0 0.320312 0.292969 0.320312 0.296875 0.316406 0.296875 0.314453 0.294922 0.318359 0.291016
0 0.257812 0.294922 0.257812 0.298828 0.253906 0.298828 0.251953 0.296875 0.255859 0.292969
0 0.171875 0.302734 0.169922 0.302734 0.167969 0.304688 0.164062 0.304688 0.162109 0.302734 0.162109 0.296875 0.164062 0.294922 0.167969 0.294922 0.169922 0.296875 0.171875 0.296875
0 0.705078 0.304688 0.703125 0.304688 0.701172 0.306641 0.697266 0.306641 0.695312 0.304688 0.695312 0.298828 0.697266 0.296875 0.701172 0.296875 0.703125 0.298828 0.705078 0.298828
0 0.193359 0.306641 0.191406 0.306641 0.189453 0.308594 0.185547 0.308594 0.183594 0.306641 0.183594 0.300781 0.185547 0.298828 0.189453 0.298828 0.191406 0.300781 0.193359 0.300781
0 0.263672 0.302734 0.263672 0.306641 0.259766 0.306641 0.257812 0.304688 0.261719 0.300781
0 0.738281 0.308594 0.732422 0.314453 0.726562 0.314453 0.720703 0.308594 0.720703 0.302734 0.726562 0.296875 0.732422 0.296875 0.738281 0.302734
0 0.757812 0.304688 0.757812 0.308594 0.753906 0.308594 0.751953 0.306641 0.755859 0.302734
0 0.710938 0.310547 0.708984 0.310547 0.707031 0.312500 0.703125 0.312500 0.701172 0.310547 0.701172 0.304688 0.703125 0.302734 0.707031 0.302734 0.708984 0.304688 0.710938 0.304688
0 0.339844 0.310547 0.339844 0.314453 0.335938 0.314453 0.333984 0.312500 0.337891 0.308594
0 0.330078 0.316406 0.330078 0.320312 0.326172 0.320312 0.324219 0.318359 0.328125 0.314453
0 0.759766 0.320312 0.757812 0.320312 0.755859 0.322266 0.751953 0.322266 0.750000 0.320312 0.750000 0.314453 0.751953 0.312500 0.755859 0.312500 0.757812 0.314453 0.759766 0.314453
0 0.742188 0.320312 0.742188 0.324219 0.738281 0.324219 0.736328 0.322266 0.740234 0.318359
0 0.156250 0.328125 0.150391 0.333984 0.144531 0.333984 0.138672 0.328125 0.138672 0.322266 0.144531 0.316406 0.150391 0.316406 0.156250 0.322266
0 0.341797 0.326172 0.339844 0.328125 0.339844 0.330078 0.337891 0.332031 0.332031 0.332031 0.330078 0.330078 0.330078 0.328125 0.328125 0.326172 0.328125 0.324219 0.330078 0.322266 0.330078 0.320312 0.332031 0.318359 0.337891 0.318359 0.339844 0.320312 0.339844 0.322266 0.341797 0.324219
0 0.142578 0.330078 0.140625 0.330078 0.138672 0.332031 0.134766 0.332031 0.132812 0.330078 0.132812 0.324219 0.134766 0.322266 0.138672 0.322266 0.140625 0.324219 0.142578 0.324219
0 0.341797 0.330078 0.341797 0.333984 0.337891 0.333984 0.335938 0.332031 0.339844 0.328125
0 0.353516 0.330078 0.353516 0.333984 0.349609 0.333984 0.347656 0.332031 0.351562 0.328125
0 0.218750 0.335938 0.212891 0.341797 0.207031 0.341797 0.201172 0.335938 0.201172 0.330078 0.207031 0.324219 0.212891 0.324219 0.218750 0.330078
0 0.347656 0.337891 0.347656 0.341797 0.343750 0.341797 0.341797 0.339844 0.345703 0.335938
0 0.230469 0.343750 0.228516 0.345703 0.228516 0.347656 0.226562 0.349609 0.220703 0.349609 0.218750 0.347656 0.218750 0.345703 0.216797 0.343750 0.216797 0.341797 0.218750 0.339844 0.218750 0.337891 0.220703 0.335938 0.226562 0.335938 0.228516 0.337891 0.228516 0.339844 0.230469 0.341797
0 0.755859 0.345703 0.755859 0.349609 0.751953 0.349609 0.750000 0.347656 0.753906 0.343750
0 0.019531 0.359375 0.017578 0.361328 0.017578 0.363281 0.015625 0.365234 0.009766 0.365234 0.007812 0.363281 0.007812 0.361328 0.005859 0.359375 0.005859 0.357422 0.007812 0.355469 0.007812 0.353516 0.009766 0.351562 0.015625 0.351562 0.017578 0.353516 0.017578 0.355469 0.019531 0.357422
0 0.273438 0.361328 0.267578 0.367188 0.261719 0.367188 0.255859 0.361328 0.255859 0.355469 0.261719 0.349609 0.267578 0.349609 0.273438 0.355469
0 0.597656 0.369141 0.595703 0.371094 0.595703 0.373047 0.593750 0.375000 0.587891 0.375000 0.585938 0.373047 0.585938 0.371094 0.583984 0.369141 0.583984 0.367188 0.585938 0.365234 0.585938 0.363281 0.587891 0.361328 0.593750 0.361328 0.595703 0.363281 0.595703 0.365234 0.597656 0.367188
0 0.367188 0.371094 0.367188 0.375000 0.363281 0.375000 0.361328 0.373047 0.365234 0.369141
0 0.410156 0.375000 0.410156 0.378906 0.406250 0.378906 0.404297 0.376953 0.408203 0.373047
0 0.291016 0.380859 0.285156 0.386719 0.279297 0.386719 0.273438 0.380859 0.273438 0.375000 0.279297 0.369141 0.285156 0.369141 0.291016 0.375000
0 0.611328 0.380859 0.609375 0.380859 0.607422 0.382812 0.603516 0.382812 0.601562 0.380859 0.601562 0.375000 0.603516 0.373047 0.607422 0.373047 0.609375 0.375000 0.611328 0.375000
0 0.583984 0.380859 0.582031 0.382812 0.582031 0.384766 0.580078 0.386719 0.574219 0.386719 0.572266 0.384766 0.572266 0.382812 0.570312 0.380859 0.570312 0.378906 0.572266 0.376953 0.572266 0.375000 0.574219 0.373047 0.580078 0.373047 0.582031 0.375000 0.582031 0.376953 0.583984 0.378906
0 0.703125 0.382812 0.701172 0.382812 0.699219 0.384766 0.695312 0.384766 0.693359 0.382812 0.693359 0.376953 0.695312 0.375000 0.699219 0.375000 0.701172 0.376953 0.703125 0.376953
0 0.371094 0.384766 0.369141 0.384766 0.367188 0.386719 0.363281 0.386719 0.361328 0.384766 0.361328 0.378906 0.363281 0.376953 0.367188 0.376953 0.369141 0.378906 0.371094 0.378906
0 0.716797 0.380859 0.716797 0.384766 0.712891 0.384766 0.710938 0.382812 0.714844 0.378906
0 0.707031 0.388672 0.707031 0.392578 0.703125 0.392578 0.701172 0.390625 0.705078 0.386719
0 0.048828 0.402344 0.046875 0.402344 0.044922 0.404297 0.035156 0.404297 0.029297 0.398438 0.029297 0.388672 0.031250 0.386719 0.033203 0.386719 0.033203 0.384766 0.035156 0.382812 0.044922 0.382812 0.050781 0.388672 0.050781 0.398438 0.048828 0.400391
0 0.300781 0.398438 0.298828 0.398438 0.296875 0.400391 0.292969 0.400391 0.291016 0.398438 0.291016 0.392578 0.292969 0.390625 0.296875 0.390625 0.298828 0.392578 0.300781 0.392578
0 0.605469 0.402344 0.599609 0.408203 0.593750 0.408203 0.587891 0.402344 0.587891 0.396484 0.593750 0.390625 0.599609 0.390625 0.605469 0.396484
0 0.013672 0.410156 0.011719 0.410156 0.009766 0.412109 0.000000 0.412109 0.000000 0.390625 0.009766 0.390625 0.011719 0.392578 0.011719 0.394531 0.013672 0.394531 0.015625 0.396484 0.015625 0.406250 0.013672 0.408203
0 0.390625 0.404297 0.388672 0.404297 0.386719 0.406250 0.382812 0.406250 0.380859 0.404297 0.380859 0.398438 0.382812 0.396484 0.386719 0.396484 0.388672 0.398438 0.390625 0.398438
0 0.402344 0.410156 0.402344 0.414062 0.398438 0.414062 0.396484 0.412109 0.400391 0.408203
0 0.613281 0.410156 0.613281 0.414062 0.609375 0.414062 0.607422 0.412109 0.611328 0.408203
0 0.599609 0.412109 0.599609 0.416016 0.595703 0.416016 0.593750 0.414062 0.597656 0.410156
0 0.308594 0.414062 0.308594 0.417969 0.304688 0.417969 0.302734 0.416016 0.306641 0.412109
0 0.398438 0.417969 0.396484 0.417969 0.394531 0.419922 0.390625 0.419922 0.388672 0.417969 0.388672 0.412109 0.390625 0.410156 0.394531 0.410156 0.396484 0.412109 0.398438 0.412109
0 0.757812 0.416016 0.757812 0.419922 0.753906 0.419922 0.751953 0.417969 0.755859 0.414062
0 0.611328 0.417969 0.611328 0.421875 0.607422 0.421875 0.605469 0.419922 0.609375 0.416016
0 0.664062 0.421875 0.662109 0.421875 0.660156 0.423828 0.656250 0.423828 0.654297 0.421875 0.654297 0.416016 0.656250 0.414062 0.660156 0.414062 0.662109 0.416016 0.664062 0.416016
0 0.316406 0.419922 0.316406 0.423828 0.312500 0.423828 0.310547 0.421875 0.314453 0.417969
0 0.605469 0.419922 0.605469 0.423828 0.601562 0.423828 0.599609 0.421875 0.603516 0.417969
0 0.300781 0.425781 0.298828 0.425781 0.296875 0.427734 0.292969 0.427734 0.291016 0.425781 0.291016 0.419922 0.292969 0.417969 0.296875 0.417969 0.298828 0.419922 0.300781 0.419922
0 0.417969 0.425781 0.416016 0.425781 0.414062 0.427734 0.410156 0.427734 0.408203 0.425781 0.408203 0.419922 0.410156 0.417969 0.414062 0.417969 0.416016 0.419922 0.417969 0.419922
0 0.748047 0.421875 0.748047 0.425781 0.744141 0.425781 0.742188 0.423828 0.746094 0.419922
0 0.761719 0.423828 0.761719 0.427734 0.757812 0.427734 0.755859 0.425781 0.759766 0.421875
0 0.330078 0.425781 0.330078 0.429688 0.326172 0.429688 0.324219 0.427734 0.328125 0.423828
0 0.402344 0.425781 0.402344 0.429688 0.398438 0.429688 0.396484 0.427734 0.400391 0.423828
0 0.751953 0.427734 0.751953 0.431641 0.748047 0.431641 0.746094 0.429688 0.750000 0.425781
0 0.714844 0.433594 0.712891 0.433594 0.710938 0.435547 0.707031 0.435547 0.705078 0.433594 0.705078 0.427734 0.707031 0.425781 0.710938 0.425781 0.712891 0.427734 0.714844 0.427734
0 0.410156 0.433594 0.410156 0.437500 0.406250 0.437500 0.404297 0.435547 0.408203 0.431641
0 0.304688 0.441406 0.302734 0.443359 0.302734 0.445312 0.300781 0.447266 0.294922 0.447266 0.292969 0.445312 0.292969 0.443359 0.291016 0.441406 0.291016 0.439453 0.292969 0.437500 0.292969 0.435547 0.294922 0.433594 0.300781 0.433594 0.302734 0.435547 0.302734 0.437500 0.304688 0.439453
0 0.425781 0.443359 0.423828 0.443359 0.421875 0.445312 0.417969 0.445312 0.416016 0.443359 0.416016 0.437500 0.417969 0.435547 0.421875 0.435547 0.423828 0.437500 0.425781 0.437500
0 0.689453 0.445312 0.687500 0.445312 0.685547 0.447266 0.681641 0.447266 0.679688 0.445312 0.679688 0.439453 0.681641 0.437500 0.685547 0.437500 0.687500 0.439453 0.689453 0.439453
0 0.417969 0.447266 0.416016 0.447266 0.414062 0.449219 0.410156 0.449219 0.408203 0.447266 0.408203 0.441406 0.410156 0.439453 0.414062 0.439453 0.416016 0.441406 0.417969 0.441406
0 0.509766 0.443359 0.509766 0.447266 0.505859 0.447266 0.503906 0.445312 0.507812 0.441406
0 0.552734 0.447266 0.550781 0.447266 0.548828 0.449219 0.544922 0.449219 0.542969 0.447266 0.542969 0.441406 0.544922 0.439453 0.548828 0.439453 0.550781 0.441406 0.552734 0.441406
0 0.519531 0.447266 0.519531 0.451172 0.515625 0.451172 0.513672 0.449219 0.517578 0.445312
0 0.693359 0.453125 0.691406 0.453125 0.689453 0.455078 0.685547 0.455078 0.683594 0.453125 0.683594 0.447266 0.685547 0.445312 0.689453 0.445312 0.691406 0.447266 0.693359 0.447266
0 0.712891 0.455078 0.710938 0.455078 0.708984 0.457031 0.705078 0.457031 0.703125 0.455078 0.703125 0.449219 0.705078 0.447266 0.708984 0.447266 0.710938 0.449219 0.712891 0.449219
0 0.761719 0.451172 0.761719 0.455078 0.757812 0.455078 0.755859 0.453125 0.759766 0.449219
0 0.513672 0.453125 0.513672 0.457031 0.509766 0.457031 0.507812 0.455078 0.511719 0.451172
0 0.564453 0.458984 0.562500 0.458984 0.560547 0.460938 0.556641 0.460938 0.554688 0.458984 0.554688 0.453125 0.556641 0.451172 0.560547 0.451172 0.562500 0.453125 0.564453 0.453125
0 0.767578 0.455078 0.767578 0.458984 0.763672 0.458984 0.761719 0.457031 0.765625 0.453125
0 0.863281 0.455078 0.863281 0.458984 0.859375 0.458984 0.857422 0.457031 0.861328 0.453125
0 0.873047 0.455078 0.873047 0.458984 0.869141 0.458984 0.867188 0.457031 0.871094 0.453125
0 0.437500 0.457031 0.437500 0.460938 0.433594 0.460938 0.431641 0.458984 0.435547 0.455078
0 0.306641 0.462891 0.304688 0.462891 0.302734 0.464844 0.298828 0.464844 0.296875 0.462891 0.296875 0.457031 0.298828 0.455078 0.302734 0.455078 0.304688 0.457031 0.306641 0.457031
0 0.320312 0.470703 0.318359 0.470703 0.316406 0.472656 0.306641 0.472656 0.300781 0.466797 0.300781 0.457031 0.302734 0.455078 0.304688 0.455078 0.304688 0.453125 0.306641 0.451172 0.316406 0.451172 0.322266 0.457031 0.322266 0.466797 0.320312 0.468750
0 0.753906 0.460938 0.753906 0.464844 0.750000 0.464844 0.748047 0.462891 0.751953 0.458984
0 0.857422 0.460938 0.857422 0.464844 0.853516 0.464844 0.851562 0.462891 0.855469 0.458984
0 0.767578 0.462891 0.767578 0.466797 0.763672 0.466797 0.761719 0.464844 0.765625 0.460938
0 0.554688 0.470703 0.552734 0.470703 0.550781 0.472656 0.546875 0.472656 0.544922 0.470703 0.544922 0.464844 0.546875 0.462891 0.550781 0.462891 0.552734 0.464844 0.554688 0.464844
0 0.761719 0.466797 0.761719 0.470703 0.757812 0.470703 0.755859 0.468750 0.759766 0.464844
0 0.363281 0.472656 0.361328 0.472656 0.359375 0.474609 0.355469 0.474609 0.353516 0.472656 0.353516 0.466797 0.355469 0.464844 0.359375 0.464844 0.361328 0.466797 0.363281 0.466797
0 0.384766 0.470703 0.382812 0.472656 0.382812 0.474609 0.380859 0.476562 0.375000 0.476562 0.373047 0.474609 0.373047 0.472656 0.371094 0.470703 0.371094 0.468750 0.373047 0.466797 0.373047 0.464844 0.375000 0.462891 0.380859 0.462891 0.382812 0.464844 0.382812 0.466797 0.384766 0.468750
0 0.876953 0.468750 0.876953 0.472656 0.873047 0.472656 0.871094 0.470703 0.875000 0.466797
0 0.630859 0.470703 0.630859 0.474609 0.626953 0.474609 0.625000 0.472656 0.628906 0.468750
0 0.445312 0.476562 0.443359 0.476562 0.441406 0.478516 0.437500 0.478516 0.435547 0.476562 0.435547 0.470703 0.437500 0.468750 0.441406 0.468750 0.443359 0.470703 0.445312 0.470703
0 0.621094 0.472656 0.621094 0.476562 0.617188 0.476562 0.615234 0.474609 0.619141 0.470703
0 0.867188 0.472656 0.867188 0.476562 0.863281 0.476562 0.861328 0.474609 0.865234 0.470703
0 0.628906 0.478516 0.628906 0.482422 0.625000 0.482422 0.623047 0.480469 0.626953 0.476562
0 0.457031 0.486328 0.455078 0.486328 0.453125 0.488281 0.449219 0.488281 0.447266 0.486328 0.447266 0.480469 0.449219 0.478516 0.453125 0.478516 0.455078 0.480469 0.457031 0.480469
0 0.662109 0.482422 0.662109 0.486328 0.658203 0.486328 0.656250 0.484375 0.660156 0.480469
0 0.384766 0.494141 0.382812 0.494141 0.380859 0.496094 0.371094 0.496094 0.365234 0.490234 0.365234 0.480469 0.367188 0.478516 0.369141 0.478516 0.369141 0.476562 0.371094 0.474609 0.380859 0.474609 0.386719 0.480469 0.386719 0.490234 0.384766 0.492188
0 0.373047 0.490234 0.367188 0.496094 0.361328 0.496094 0.355469 0.490234 0.355469 0.484375 0.361328 0.478516 0.367188 0.478516 0.373047 0.484375
0 0.861328 0.486328 0.861328 0.490234 0.857422 0.490234 0.855469 0.488281 0.859375 0.484375
0 0.656250 0.488281 0.656250 0.492188 0.652344 0.492188 0.650391 0.490234 0.654297 0.486328
0 0.667969 0.488281 0.667969 0.492188 0.664062 0.492188 0.662109 0.490234 0.666016 0.486328
0 0.353516 0.492188 0.351562 0.494141 0.351562 0.496094 0.349609 0.498047 0.343750 0.498047 0.341797 0.496094 0.341797 0.494141 0.339844 0.492188 0.339844 0.490234 0.341797 0.488281 0.341797 0.486328 0.343750 0.484375 0.349609 0.484375 0.351562 0.486328 0.351562 0.488281 0.353516 0.490234
0 0.332031 0.498047 0.330078 0.498047 0.328125 0.500000 0.324219 0.500000 0.322266 0.498047 0.322266 0.492188 0.324219 0.490234 0.328125 0.490234 0.330078 0.492188 0.332031 0.492188
0 0.869141 0.494141 0.869141 0.498047 0.865234 0.498047 0.863281 0.496094 0.867188 0.492188
0 0.662109 0.496094 0.662109 0.500000 0.658203 0.500000 0.656250 0.498047 0.660156 0.494141
0 0.314453 0.501953 0.312500 0.501953 0.310547 0.503906 0.306641 0.503906 0.304688 0.501953 0.304688 0.496094 0.306641 0.494141 0.310547 0.494141 0.312500 0.496094 0.314453 0.496094
0 0.900391 0.500000 0.900391 0.503906 0.896484 0.503906 0.894531 0.501953 0.898438 0.498047
0 0.933594 0.503906 0.931641 0.503906 0.929688 0.505859 0.925781 0.505859 0.923828 0.503906 0.923828 0.498047 0.925781 0.496094 0.929688 0.496094 0.931641 0.498047 0.933594 0.498047
0 0.431641 0.505859 0.425781 0.511719 0.419922 0.511719 0.414062 0.505859 0.414062 0.500000 0.419922 0.494141 0.425781 0.494141 0.431641 0.500000
0 0.695312 0.501953 0.695312 0.505859 0.691406 0.505859 0.689453 0.503906 0.693359 0.500000
0 0.796875 0.501953 0.796875 0.505859 0.792969 0.505859 0.791016 0.503906 0.794922 0.500000
0 0.398438 0.509766 0.396484 0.509766 0.394531 0.511719 0.390625 0.511719 0.388672 0.509766 0.388672 0.503906 0.390625 0.501953 0.394531 0.501953 0.396484 0.503906 0.398438 0.503906
0 0.466797 0.507812 0.464844 0.509766 0.464844 0.511719 0.462891 0.513672 0.457031 0.513672 0.455078 0.511719 0.455078 0.509766 0.453125 0.507812 0.453125 0.505859 0.455078 0.503906 0.455078 0.501953 0.457031 0.500000 0.462891 0.500000 0.464844 0.501953 0.464844 0.503906 0.466797 0.505859
0 0.791016 0.505859 0.791016 0.509766 0.787109 0.509766 0.785156 0.507812 0.789062 0.503906
0 0.371094 0.511719 0.369141 0.511719 0.367188 0.513672 0.363281 0.513672 0.361328 0.511719 0.361328 0.505859 0.363281 0.503906 0.367188 0.503906 0.369141 0.505859 0.371094 0.505859
0 0.384766 0.511719 0.382812 0.511719 0.380859 0.513672 0.376953 0.513672 0.375000 0.511719 0.375000 0.505859 0.376953 0.503906 0.380859 0.503906 0.382812 0.505859 0.384766 0.505859
0 0.687500 0.507812 0.687500 0.511719 0.683594 0.511719 0.681641 0.509766 0.685547 0.505859
0 0.916016 0.511719 0.914062 0.511719 0.912109 0.513672 0.908203 0.513672 0.906250 0.511719 0.906250 0.505859 0.908203 0.503906 0.912109 0.503906 0.914062 0.505859 0.916016 0.505859
0 0.337891 0.513672 0.335938 0.513672 0.333984 0.515625 0.330078 0.515625 0.328125 0.513672 0.328125 0.507812 0.330078 0.505859 0.333984 0.505859 0.335938 0.507812 0.337891 0.507812
0 0.359375 0.511719 0.357422 0.513672 0.357422 0.515625 0.355469 0.517578 0.349609 0.517578 0.347656 0.515625 0.347656 0.513672 0.345703 0.511719 0.345703 0.509766 0.347656 0.507812 0.347656 0.505859 0.349609 0.503906 0.355469 0.503906 0.357422 0.505859 0.357422 0.507812 0.359375 0.509766
0 0.933594 0.509766 0.933594 0.513672 0.929688 0.513672 0.927734 0.511719 0.931641 0.507812
0 0.693359 0.511719 0.693359 0.515625 0.689453 0.515625 0.687500 0.513672 0.691406 0.509766
0 0.806641 0.511719 0.806641 0.515625 0.802734 0.515625 0.800781 0.513672 0.804688 0.509766
0 0.791016 0.513672 0.791016 0.517578 0.787109 0.517578 0.785156 0.515625 0.789062 0.511719
0 0.322266 0.517578 0.320312 0.519531 0.320312 0.521484 0.318359 0.523438 0.312500 0.523438 0.310547 0.521484 0.310547 0.519531 0.308594 0.517578 0.308594 0.515625 0.310547 0.513672 0.310547 0.511719 0.312500 0.509766 0.318359 0.509766 0.320312 0.511719 0.320312 0.513672 0.322266 0.515625
0 0.904297 0.515625 0.904297 0.519531 0.900391 0.519531 0.898438 0.517578 0.902344 0.513672
0 0.929688 0.515625 0.929688 0.519531 0.925781 0.519531 0.923828 0.517578 0.927734 0.513672
0 0.802734 0.517578 0.802734 0.521484 0.798828 0.521484 0.796875 0.519531 0.800781 0.515625
0 0.923828 0.521484 0.921875 0.521484 0.919922 0.523438 0.916016 0.523438 0.914062 0.521484 0.914062 0.515625 0.916016 0.513672 0.919922 0.513672 0.921875 0.515625 0.923828 0.515625
0 0.441406 0.537109 0.439453 0.537109 0.437500 0.539062 0.427734 0.539062 0.421875 0.533203 0.421875 0.523438 0.423828 0.521484 0.425781 0.521484 0.425781 0.519531 0.427734 0.517578 0.437500 0.517578 0.443359 0.523438 0.443359 0.533203 0.441406 0.535156
0 0.853516 0.527344 0.853516 0.531250 0.849609 0.531250 0.847656 0.529297 0.851562 0.525391
0 0.000000 0.535156 0.000000 0.525391 0.001953 0.527344 0.003906 0.527344 0.003906 0.533203 0.001953 0.533203
0 0.835938 0.529297 0.835938 0.533203 0.832031 0.533203 0.830078 0.531250 0.833984 0.527344
0 0.453125 0.535156 0.447266 0.541016 0.441406 0.541016 0.435547 0.535156 0.435547 0.529297 0.441406 0.523438 0.447266 0.523438 0.453125 0.529297
0 0.316406 0.533203 0.316406 0.537109 0.312500 0.537109 0.310547 0.535156 0.314453 0.531250
0 0.751953 0.535156 0.751953 0.539062 0.748047 0.539062 0.746094 0.537109 0.750000 0.533203
0 0.857422 0.535156 0.857422 0.539062 0.853516 0.539062 0.851562 0.537109 0.855469 0.533203
0 0.390625 0.541016 0.388672 0.541016 0.386719 0.542969 0.382812 0.542969 0.380859 0.541016 0.380859 0.535156 0.382812 0.533203 0.386719 0.533203 0.388672 0.535156 0.390625 0.535156
0 0.763672 0.537109 0.763672 0.541016 0.759766 0.541016 0.757812 0.539062 0.761719 0.535156
0 0.003906 0.552734 0.000000 0.552734 0.000000 0.531250 0.003906 0.531250 0.005859 0.533203 0.005859 0.535156 0.007812 0.535156 0.009766 0.537109 0.009766 0.546875 0.007812 0.548828 0.007812 0.550781 0.005859 0.550781
0 0.830078 0.546875 0.828125 0.546875 0.826172 0.548828 0.822266 0.548828 0.820312 0.546875 0.820312 0.541016 0.822266 0.539062 0.826172 0.539062 0.828125 0.541016 0.830078 0.541016
0 0.322266 0.544922 0.322266 0.548828 0.318359 0.548828 0.316406 0.546875 0.320312 0.542969
0 0.419922 0.554688 0.417969 0.554688 0.416016 0.556641 0.406250 0.556641 0.400391 0.550781 0.400391 0.541016 0.402344 0.539062 0.404297 0.539062 0.404297 0.537109 0.406250 0.535156 0.416016 0.535156 0.421875 0.541016 0.421875 0.550781 0.419922 0.552734
0 0.447266 0.544922 0.447266 0.548828 0.443359 0.548828 0.441406 0.546875 0.445312 0.542969
0 0.382812 0.550781 0.380859 0.550781 0.378906 0.552734 0.375000 0.552734 0.373047 0.550781 0.373047 0.544922 0.375000 0.542969 0.378906 0.542969 0.380859 0.544922 0.382812 0.544922
0 0.427734 0.546875 0.427734 0.550781 0.423828 0.550781 0.421875 0.548828 0.425781 0.544922
0 0.966797 0.548828 0.966797 0.552734 0.962891 0.552734 0.960938 0.550781 0.964844 0.546875
0 0.437500 0.550781 0.437500 0.554688 0.433594 0.554688 0.431641 0.552734 0.435547 0.548828
0 0.861328 0.552734 0.859375 0.554688 0.859375 0.556641 0.857422 0.558594 0.851562 0.558594 0.849609 0.556641 0.849609 0.554688 0.847656 0.552734 0.847656 0.550781 0.849609 0.548828 0.849609 0.546875 0.851562 0.544922 0.857422 0.544922 0.859375 0.546875 0.859375 0.548828 0.861328 0.550781
0 0.394531 0.556641 0.392578 0.556641 0.390625 0.558594 0.386719 0.558594 0.384766 0.556641 0.384766 0.550781 0.386719 0.548828 0.390625 0.548828 0.392578 0.550781 0.394531 0.550781
0 0.333984 0.558594 0.332031 0.558594 0.330078 0.560547 0.326172 0.560547 0.324219 0.558594 0.324219 0.552734 0.326172 0.550781 0.330078 0.550781 0.332031 0.552734 0.333984 0.552734
0 0.369141 0.554688 0.369141 0.558594 0.365234 0.558594 0.363281 0.556641 0.367188 0.552734
0 0.714844 0.554688 0.714844 0.558594 0.710938 0.558594 0.708984 0.556641 0.712891 0.552734
0 0.960938 0.556641 0.960938 0.560547 0.957031 0.560547 0.955078 0.558594 0.958984 0.554688
0 0.019531 0.562500 0.017578 0.562500 0.015625 0.564453 0.011719 0.564453 0.009766 0.562500 0.009766 0.556641 0.011719 0.554688 0.015625 0.554688 0.017578 0.556641 0.019531 0.556641
0 0.699219 0.558594 0.699219 0.562500 0.695312 0.562500 0.693359 0.560547 0.697266 0.556641
0 0.361328 0.564453 0.359375 0.564453 0.357422 0.566406 0.353516 0.566406 0.351562 0.564453 0.351562 0.558594 0.353516 0.556641 0.357422 0.556641 0.359375 0.558594 0.361328 0.558594
0 0.376953 0.560547 0.376953 0.564453 0.373047 0.564453 0.371094 0.562500 0.375000 0.558594
0 0.722656 0.560547 0.722656 0.564453 0.718750 0.564453 0.716797 0.562500 0.720703 0.558594
0 0.966797 0.562500 0.966797 0.566406 0.962891 0.566406 0.960938 0.564453 0.964844 0.560547
0 0.880859 0.568359 0.878906 0.568359 0.876953 0.570312 0.873047 0.570312 0.871094 0.568359 0.871094 0.562500 0.873047 0.560547 0.876953 0.560547 0.878906 0.562500 0.880859 0.562500
0 0.341797 0.570312 0.339844 0.570312 0.337891 0.572266 0.333984 0.572266 0.332031 0.570312 0.332031 0.564453 0.333984 0.562500 0.337891 0.562500 0.339844 0.564453 0.341797 0.564453
0 0.691406 0.570312 0.689453 0.570312 0.687500 0.572266 0.683594 0.572266 0.681641 0.570312 0.681641 0.564453 0.683594 0.562500 0.687500 0.562500 0.689453 0.564453 0.691406 0.564453
0 0.027344 0.572266 0.025391 0.572266 0.023438 0.574219 0.019531 0.574219 0.017578 0.572266 0.017578 0.566406 0.019531 0.564453 0.023438 0.564453 0.025391 0.566406 0.027344 0.566406
0 0.031250 0.576172 0.029297 0.578125 0.029297 0.580078 0.027344 0.582031 0.021484 0.582031 0.019531 0.580078 0.019531 0.578125 0.017578 0.576172 0.017578 0.574219 0.019531 0.572266 0.019531 0.570312 0.021484 0.568359 0.027344 0.568359 0.029297 0.570312 0.029297 0.572266 0.031250 0.574219
0 0.365234 0.582031 0.363281 0.582031 0.361328 0.583984 0.357422 0.583984 0.355469 0.582031 0.355469 0.576172 0.357422 0.574219 0.361328 0.574219 0.363281 0.576172 0.365234 0.576172
0 0.849609 0.582031 0.847656 0.582031 0.845703 0.583984 0.841797 0.583984 0.839844 0.582031 0.839844 0.576172 0.841797 0.574219 0.845703 0.574219 0.847656 0.576172 0.849609 0.576172
0 0.919922 0.578125 0.919922 0.582031 0.916016 0.582031 0.914062 0.580078 0.917969 0.576172
0 0.683594 0.580078 0.683594 0.583984 0.679688 0.583984 0.677734 0.582031 0.681641 0.578125
0 0.888672 0.583984 0.886719 0.583984 0.884766 0.585938 0.880859 0.585938 0.878906 0.583984 0.878906 0.578125 0.880859 0.576172 0.884766 0.576172 0.886719 0.578125 0.888672 0.578125
0 0.042969 0.585938 0.041016 0.585938 0.039062 0.587891 0.035156 0.587891 0.033203 0.585938 0.033203 0.580078 0.035156 0.578125 0.039062 0.578125 0.041016 0.580078 0.042969 0.580078
0 0.910156 0.589844 0.908203 0.589844 0.906250 0.591797 0.902344 0.591797 0.900391 0.589844 0.900391 0.583984 0.902344 0.582031 0.906250 0.582031 0.908203 0.583984 0.910156 0.583984
0 0.330078 0.591797 0.328125 0.591797 0.326172 0.593750 0.322266 0.593750 0.320312 0.591797 0.320312 0.585938 0.322266 0.583984 0.326172 0.583984 0.328125 0.585938 0.330078 0.585938
0 0.888672 0.591797 0.886719 0.591797 0.884766 0.593750 0.880859 0.593750 0.878906 0.591797 0.878906 0.585938 0.880859 0.583984 0.884766 0.583984 0.886719 0.585938 0.888672 0.585938
0 0.060547 0.595703 0.058594 0.595703 0.056641 0.597656 0.052734 0.597656 0.050781 0.595703 0.050781 0.589844 0.052734 0.587891 0.056641 0.587891 0.058594 0.589844 0.060547 0.589844
0 0.427734 0.591797 0.427734 0.595703 0.423828 0.595703 0.421875 0.593750 0.425781 0.589844
0 0.833984 0.595703 0.832031 0.595703 0.830078 0.597656 0.826172 0.597656 0.824219 0.595703 0.824219 0.589844 0.826172 0.587891 0.830078 0.587891 0.832031 0.589844 0.833984 0.589844
0 0.578125 0.593750 0.578125 0.597656 0.574219 0.597656 0.572266 0.595703 0.576172 0.591797
0 0.900391 0.593750 0.900391 0.597656 0.896484 0.597656 0.894531 0.595703 0.898438 0.591797
0 0.402344 0.599609 0.400391 0.599609 0.398438 0.601562 0.394531 0.601562 0.392578 0.599609 0.392578 0.593750 0.394531 0.591797 0.398438 0.591797 0.400391 0.593750 0.402344 0.593750
0 0.419922 0.597656 0.419922 0.601562 0.416016 0.601562 0.414062 0.599609 0.417969 0.595703
0 0.529297 0.603516 0.527344 0.603516 0.525391 0.605469 0.521484 0.605469 0.519531 0.603516 0.519531 0.597656 0.521484 0.595703 0.525391 0.595703 0.527344 0.597656 0.529297 0.597656
0 0.537109 0.599609 0.537109 0.603516 0.533203 0.603516 0.531250 0.601562 0.535156 0.597656
0 0.542969 0.605469 0.542969 0.609375 0.539062 0.609375 0.537109 0.607422 0.541016 0.603516
0 0.572266 0.609375 0.570312 0.609375 0.568359 0.611328 0.564453 0.611328 0.562500 0.609375 0.562500 0.603516 0.564453 0.601562 0.568359 0.601562 0.570312 0.603516 0.572266 0.603516
0 0.589844 0.611328 0.587891 0.611328 0.585938 0.613281 0.582031 0.613281 0.580078 0.611328 0.580078 0.605469 0.582031 0.603516 0.585938 0.603516 0.587891 0.605469 0.589844 0.605469
0 0.386719 0.613281 0.384766 0.613281 0.382812 0.615234 0.378906 0.615234 0.376953 0.613281 0.376953 0.607422 0.378906 0.605469 0.382812 0.605469 0.384766 0.607422 0.386719 0.607422
0 0.523438 0.613281 0.523438 0.617188 0.519531 0.617188 0.517578 0.615234 0.521484 0.611328
0 0.546875 0.617188 0.544922 0.617188 0.542969 0.619141 0.539062 0.619141 0.537109 0.617188 0.537109 0.611328 0.539062 0.609375 0.542969 0.609375 0.544922 0.611328 0.546875 0.611328
0 0.400391 0.619141 0.398438 0.619141 0.396484 0.621094 0.392578 0.621094 0.390625 0.619141 0.390625 0.613281 0.392578 0.611328 0.396484 0.611328 0.398438 0.613281 0.400391 0.613281
0 0.835938 0.615234 0.835938 0.619141 0.832031 0.619141 0.830078 0.617188 0.833984 0.613281
0 0.078125 0.621094 0.076172 0.621094 0.074219 0.623047 0.070312 0.623047 0.068359 0.621094 0.068359 0.615234 0.070312 0.613281 0.074219 0.613281 0.076172 0.615234 0.078125 0.615234
0 0.539062 0.625000 0.537109 0.625000 0.535156 0.626953 0.531250 0.626953 0.529297 0.625000 0.529297 0.619141 0.531250 0.617188 0.535156 0.617188 0.537109 0.619141 0.539062 0.619141
0 0.316406 0.626953 0.314453 0.626953 0.312500 0.628906 0.308594 0.628906 0.306641 0.626953 0.306641 0.621094 0.308594 0.619141 0.312500 0.619141 0.314453 0.621094 0.316406 0.621094
0 0.984375 0.623047 0.984375 0.626953 0.980469 0.626953 0.978516 0.625000 0.982422 0.621094
0 0.804688 0.628906 0.802734 0.628906 0.800781 0.630859 0.796875 0.630859 0.794922 0.628906 0.794922 0.623047 0.796875 0.621094 0.800781 0.621094 0.802734 0.623047 0.804688 0.623047
0 0.900391 0.625000 0.900391 0.628906 0.896484 0.628906 0.894531 0.626953 0.898438 0.623047
0 0.947266 0.625000 0.947266 0.628906 0.943359 0.628906 0.941406 0.626953 0.945312 0.623047
0 0.085938 0.626953 0.085938 0.630859 0.082031 0.630859 0.080078 0.628906 0.083984 0.625000
0 0.660156 0.630859 0.658203 0.630859 0.656250 0.632812 0.652344 0.632812 0.650391 0.630859 0.650391 0.625000 0.652344 0.623047 0.656250 0.623047 0.658203 0.625000 0.660156 0.625000
0 0.933594 0.630859 0.931641 0.630859 0.929688 0.632812 0.925781 0.632812 0.923828 0.630859 0.923828 0.625000 0.925781 0.623047 0.929688 0.623047 0.931641 0.625000 0.933594 0.625000
0 0.837891 0.628906 0.837891 0.632812 0.833984 0.632812 0.832031 0.630859 0.835938 0.626953
0 0.843750 0.628906 0.843750 0.632812 0.839844 0.632812 0.837891 0.630859 0.841797 0.626953
0 0.992188 0.632812 0.990234 0.632812 0.988281 0.634766 0.984375 0.634766 0.982422 0.632812 0.982422 0.626953 0.984375 0.625000 0.988281 0.625000 0.990234 0.626953 0.992188 0.626953
0 0.677734 0.634766 0.675781 0.634766 0.673828 0.636719 0.669922 0.636719 0.667969 0.634766 0.667969 0.628906 0.669922 0.626953 0.673828 0.626953 0.675781 0.628906 0.677734 0.628906
0 0.947266 0.630859 0.947266 0.634766 0.943359 0.634766 0.941406 0.632812 0.945312 0.628906
0 0.974609 0.630859 0.974609 0.634766 0.970703 0.634766 0.968750 0.632812 0.972656 0.628906
0 0.998047 0.642578 0.992188 0.642578 0.986328 0.636719 0.986328 0.626953 0.988281 0.625000 0.990234 0.625000 0.990234 0.623047 0.992188 0.621094 0.998047 0.621094
0 0.089844 0.634766 0.089844 0.638672 0.085938 0.638672 0.083984 0.636719 0.087891 0.632812
0 0.417969 0.634766 0.417969 0.638672 0.414062 0.638672 0.412109 0.636719 0.416016 0.632812
0 0.308594 0.640625 0.306641 0.640625 0.304688 0.642578 0.300781 0.642578 0.298828 0.640625 0.298828 0.634766 0.300781 0.632812 0.304688 0.632812 0.306641 0.634766 0.308594 0.634766
0 0.849609 0.640625 0.843750 0.646484 0.837891 0.646484 0.832031 0.640625 0.832031 0.634766 0.837891 0.628906 0.843750 0.628906 0.849609 0.634766
0 0.937500 0.640625 0.935547 0.642578 0.935547 0.644531 0.933594 0.646484 0.927734 0.646484 0.925781 0.644531 0.925781 0.642578 0.923828 0.640625 0.923828 0.638672 0.925781 0.636719 0.925781 0.634766 0.927734 0.632812 0.933594 0.632812 0.935547 0.634766 0.935547 0.636719 0.937500 0.638672
0 0.667969 0.640625 0.667969 0.644531 0.664062 0.644531 0.662109 0.642578 0.666016 0.638672
0 0.796875 0.644531 0.794922 0.644531 0.792969 0.646484 0.789062 0.646484 0.787109 0.644531 0.787109 0.638672 0.789062 0.636719 0.792969 0.636719 0.794922 0.638672 0.796875 0.638672
0 0.294922 0.648438 0.292969 0.648438 0.291016 0.650391 0.287109 0.650391 0.285156 0.648438 0.285156 0.642578 0.287109 0.640625 0.291016 0.640625 0.292969 0.642578 0.294922 0.642578
0 0.841797 0.644531 0.841797 0.648438 0.837891 0.648438 0.835938 0.646484 0.839844 0.642578
0 0.927734 0.644531 0.927734 0.648438 0.923828 0.648438 0.921875 0.646484 0.925781 0.642578
0 0.095703 0.650391 0.093750 0.650391 0.091797 0.652344 0.087891 0.652344 0.085938 0.650391 0.085938 0.644531 0.087891 0.642578 0.091797 0.642578 0.093750 0.644531 0.095703 0.644531
0 0.406250 0.652344 0.404297 0.652344 0.402344 0.654297 0.398438 0.654297 0.396484 0.652344 0.396484 0.646484 0.398438 0.644531 0.402344 0.644531 0.404297 0.646484 0.406250 0.646484
0 0.417969 0.654297 0.416016 0.654297 0.414062 0.656250 0.410156 0.656250 0.408203 0.654297 0.408203 0.648438 0.410156 0.646484 0.414062 0.646484 0.416016 0.648438 0.417969 0.648438
0 0.898438 0.650391 0.898438 0.654297 0.894531 0.654297 0.892578 0.652344 0.896484 0.648438
0 0.921875 0.650391 0.921875 0.654297 0.917969 0.654297 0.916016 0.652344 0.919922 0.648438
0 0.933594 0.654297 0.933594 0.658203 0.929688 0.658203 0.927734 0.656250 0.931641 0.652344
0 0.101562 0.662109 0.099609 0.662109 0.097656 0.664062 0.093750 0.664062 0.091797 0.662109 0.091797 0.656250 0.093750 0.654297 0.097656 0.654297 0.099609 0.656250 0.101562 0.656250
0 0.267578 0.667969 0.265625 0.667969 0.263672 0.669922 0.253906 0.669922 0.248047 0.664062 0.248047 0.654297 0.250000 0.652344 0.251953 0.652344 0.251953 0.650391 0.253906 0.648438 0.263672 0.648438 0.269531 0.654297 0.269531 0.664062 0.267578 0.666016
0 0.462891 0.658203 0.462891 0.662109 0.458984 0.662109 0.457031 0.660156 0.460938 0.656250
0 0.646484 0.664062 0.644531 0.664062 0.642578 0.666016 0.638672 0.666016 0.636719 0.664062 0.636719 0.658203 0.638672 0.656250 0.642578 0.656250 0.644531 0.658203 0.646484 0.658203
0 0.843750 0.660156 0.843750 0.664062 0.839844 0.664062 0.837891 0.662109 0.841797 0.658203
0 0.966797 0.660156 0.966797 0.664062 0.962891 0.664062 0.960938 0.662109 0.964844 0.658203
0 0.470703 0.666016 0.470703 0.669922 0.466797 0.669922 0.464844 0.667969 0.468750 0.664062
0 0.630859 0.667969 0.628906 0.669922 0.628906 0.671875 0.626953 0.673828 0.621094 0.673828 0.619141 0.671875 0.619141 0.669922 0.617188 0.667969 0.617188 0.666016 0.619141 0.664062 0.619141 0.662109 0.621094 0.660156 0.626953 0.660156 0.628906 0.662109 0.628906 0.664062 0.630859 0.666016
0 0.460938 0.667969 0.460938 0.671875 0.457031 0.671875 0.455078 0.669922 0.458984 0.666016
0 0.771484 0.671875 0.769531 0.671875 0.767578 0.673828 0.763672 0.673828 0.761719 0.671875 0.761719 0.666016 0.763672 0.664062 0.767578 0.664062 0.769531 0.666016 0.771484 0.666016
0 0.531250 0.671875 0.531250 0.675781 0.527344 0.675781 0.525391 0.673828 0.529297 0.669922
0 0.544922 0.671875 0.544922 0.675781 0.541016 0.675781 0.539062 0.673828 0.542969 0.669922
0 0.970703 0.675781 0.968750 0.675781 0.966797 0.677734 0.962891 0.677734 0.960938 0.675781 0.960938 0.669922 0.962891 0.667969 0.966797 0.667969 0.968750 0.669922 0.970703 0.669922
0 0.103516 0.677734 0.101562 0.677734 0.099609 0.679688 0.095703 0.679688 0.093750 0.677734 0.093750 0.671875 0.095703 0.669922 0.099609 0.669922 0.101562 0.671875 0.103516 0.671875
0 0.572266 0.679688 0.570312 0.679688 0.568359 0.681641 0.564453 0.681641 0.562500 0.679688 0.562500 0.673828 0.564453 0.671875 0.568359 0.671875 0.570312 0.673828 0.572266 0.673828
0 0.884766 0.679688 0.882812 0.679688 0.880859 0.681641 0.876953 0.681641 0.875000 0.679688 0.875000 0.673828 0.876953 0.671875 0.880859 0.671875 0.882812 0.673828 0.884766 0.673828
0 0.537109 0.677734 0.537109 0.681641 0.533203 0.681641 0.531250 0.679688 0.535156 0.675781
0 0.611328 0.679688 0.609375 0.681641 0.609375 0.683594 0.607422 0.685547 0.601562 0.685547 0.599609 0.683594 0.599609 0.681641 0.597656 0.679688 0.597656 0.677734 0.599609 0.675781 0.599609 0.673828 0.601562 0.671875 0.607422 0.671875 0.609375 0.673828 0.609375 0.675781 0.611328 0.677734
0 0.587891 0.683594 0.585938 0.683594 0.583984 0.685547 0.580078 0.685547 0.578125 0.683594 0.578125 0.677734 0.580078 0.675781 0.583984 0.675781 0.585938 0.677734 0.587891 0.677734
0 0.642578 0.683594 0.640625 0.683594 0.638672 0.685547 0.634766 0.685547 0.632812 0.683594 0.632812 0.677734 0.634766 0.675781 0.638672 0.675781 0.640625 0.677734 0.642578 0.677734
0 0.816406 0.685547 0.814453 0.685547 0.812500 0.687500 0.808594 0.687500 0.806641 0.685547 0.806641 0.679688 0.808594 0.677734 0.812500 0.677734 0.814453 0.679688 0.816406 0.679688
0 0.896484 0.685547 0.894531 0.685547 0.892578 0.687500 0.888672 0.687500 0.886719 0.685547 0.886719 0.679688 0.888672 0.677734 0.892578 0.677734 0.894531 0.679688 0.896484 0.679688
0 0.236328 0.687500 0.230469 0.693359 0.224609 0.693359 0.218750 0.687500 0.218750 0.681641 0.224609 0.675781 0.230469 0.675781 0.236328 0.681641
0 0.966797 0.687500 0.964844 0.687500 0.962891 0.689453 0.958984 0.689453 0.957031 0.687500 0.957031 0.681641 0.958984 0.679688 0.962891 0.679688 0.964844 0.681641 0.966797 0.681641
0 0.605469 0.695312 0.603516 0.695312 0.601562 0.697266 0.591797 0.697266 0.585938 0.691406 0.585938 0.681641 0.587891 0.679688 0.589844 0.679688 0.589844 0.677734 0.591797 0.675781 0.601562 0.675781 0.607422 0.681641 0.607422 0.691406 0.605469 0.693359
0 0.759766 0.685547 0.759766 0.689453 0.755859 0.689453 0.753906 0.687500 0.757812 0.683594
0 0.796875 0.687500 0.794922 0.689453 0.794922 0.691406 0.792969 0.693359 0.787109 0.693359 0.785156 0.691406 0.785156 0.689453 0.783203 0.687500 0.783203 0.685547 0.785156 0.683594 0.785156 0.681641 0.787109 0.679688 0.792969 0.679688 0.794922 0.681641 0.794922 0.683594 0.796875 0.685547
0 0.876953 0.685547 0.876953 0.689453 0.873047 0.689453 0.871094 0.687500 0.875000 0.683594
0 0.980469 0.685547 0.980469 0.689453 0.976562 0.689453 0.974609 0.687500 0.978516 0.683594
0 0.640625 0.693359 0.638672 0.693359 0.636719 0.695312 0.632812 0.695312 0.630859 0.693359 0.630859 0.687500 0.632812 0.685547 0.636719 0.685547 0.638672 0.687500 0.640625 0.687500
0 0.660156 0.693359 0.658203 0.693359 0.656250 0.695312 0.652344 0.695312 0.650391 0.693359 0.650391 0.687500 0.652344 0.685547 0.656250 0.685547 0.658203 0.687500 0.660156 0.687500
0 0.779297 0.689453 0.779297 0.693359 0.775391 0.693359 0.773438 0.691406 0.777344 0.687500
0 0.812500 0.689453 0.812500 0.693359 0.808594 0.693359 0.806641 0.691406 0.810547 0.687500
0 0.111328 0.695312 0.109375 0.695312 0.107422 0.697266 0.103516 0.697266 0.101562 0.695312 0.101562 0.689453 0.103516 0.687500 0.107422 0.687500 0.109375 0.689453 0.111328 0.689453
0 0.589844 0.695312 0.587891 0.695312 0.585938 0.697266 0.582031 0.697266 0.580078 0.695312 0.580078 0.689453 0.582031 0.687500 0.585938 0.687500 0.587891 0.689453 0.589844 0.689453
0 0.800781 0.691406 0.800781 0.695312 0.796875 0.695312 0.794922 0.693359 0.798828 0.689453
0 0.894531 0.695312 0.892578 0.695312 0.890625 0.697266 0.886719 0.697266 0.884766 0.695312 0.884766 0.689453 0.886719 0.687500 0.890625 0.687500 0.892578 0.689453 0.894531 0.689453
0 0.978516 0.695312 0.976562 0.695312 0.974609 0.697266 0.970703 0.697266 0.968750 0.695312 0.968750 0.689453 0.970703 0.687500 0.974609 0.687500 0.976562 0.689453 0.978516 0.689453
0 0.767578 0.697266 0.765625 0.697266 0.763672 0.699219 0.759766 0.699219 0.757812 0.697266 0.757812 0.691406 0.759766 0.689453 0.763672 0.689453 0.765625 0.691406 0.767578 0.691406
0 0.570312 0.701172 0.564453 0.707031 0.558594 0.707031 0.552734 0.701172 0.552734 0.695312 0.558594 0.689453 0.564453 0.689453 0.570312 0.695312
0 0.580078 0.703125 0.578125 0.703125 0.576172 0.705078 0.572266 0.705078 0.570312 0.703125 0.570312 0.697266 0.572266 0.695312 0.576172 0.695312 0.578125 0.697266 0.580078 0.697266
0 0.617188 0.703125 0.615234 0.703125 0.613281 0.705078 0.609375 0.705078 0.607422 0.703125 0.607422 0.697266 0.609375 0.695312 0.613281 0.695312 0.615234 0.697266 0.617188 0.697266
0 0.669922 0.710938 0.667969 0.710938 0.666016 0.712891 0.656250 0.712891 0.650391 0.707031 0.650391 0.697266 0.652344 0.695312 0.654297 0.695312 0.654297 0.693359 0.656250 0.691406 0.666016 0.691406 0.671875 0.697266 0.671875 0.707031 0.669922 0.708984
0 0.677734 0.701172 0.677734 0.705078 0.673828 0.705078 0.671875 0.703125 0.675781 0.699219
0 0.128906 0.707031 0.126953 0.708984 0.126953 0.710938 0.125000 0.712891 0.119141 0.712891 0.117188 0.710938 0.117188 0.708984 0.115234 0.707031 0.115234 0.705078 0.117188 0.703125 0.117188 0.701172 0.119141 0.699219 0.125000 0.699219 0.126953 0.701172 0.126953 0.703125 0.128906 0.705078
0 0.189453 0.708984 0.183594 0.714844 0.177734 0.714844 0.171875 0.708984 0.171875 0.703125 0.177734 0.697266 0.183594 0.697266 0.189453 0.703125
0 0.542969 0.708984 0.541016 0.708984 0.539062 0.710938 0.535156 0.710938 0.533203 0.708984 0.533203 0.703125 0.535156 0.701172 0.539062 0.701172 0.541016 0.703125 0.542969 0.703125
0 0.998047 0.710938 0.994141 0.710938 0.992188 0.708984 0.992188 0.703125 0.994141 0.701172 0.998047 0.701172
0 0.693359 0.712891 0.691406 0.712891 0.689453 0.714844 0.685547 0.714844 0.683594 0.712891 0.683594 0.707031 0.685547 0.705078 0.689453 0.705078 0.691406 0.707031 0.693359 0.707031
0 0.560547 0.710938 0.560547 0.714844 0.556641 0.714844 0.554688 0.712891 0.558594 0.708984
0 0.214844 0.716797 0.212891 0.716797 0.210938 0.718750 0.207031 0.718750 0.205078 0.716797 0.205078 0.710938 0.207031 0.708984 0.210938 0.708984 0.212891 0.710938 0.214844 0.710938
0 0.898438 0.712891 0.898438 0.716797 0.894531 0.716797 0.892578 0.714844 0.896484 0.710938
0 0.226562 0.720703 0.224609 0.720703 0.222656 0.722656 0.218750 0.722656 0.216797 0.720703 0.216797 0.714844 0.218750 0.712891 0.222656 0.712891 0.224609 0.714844 0.226562 0.714844
0 0.238281 0.720703 0.236328 0.720703 0.234375 0.722656 0.230469 0.722656 0.228516 0.720703 0.228516 0.714844 0.230469 0.712891 0.234375 0.712891 0.236328 0.714844 0.238281 0.714844
0 0.693359 0.720703 0.691406 0.720703 0.689453 0.722656 0.685547 0.722656 0.683594 0.720703 0.683594 0.714844 0.685547 0.712891 0.689453 0.712891 0.691406 0.714844 0.693359 0.714844
0 0.671875 0.722656 0.669922 0.722656 0.667969 0.724609 0.664062 0.724609 0.662109 0.722656 0.662109 0.716797 0.664062 0.714844 0.667969 0.714844 0.669922 0.716797 0.671875 0.716797
0 0.261719 0.724609 0.259766 0.724609 0.257812 0.726562 0.253906 0.726562 0.251953 0.724609 0.251953 0.718750 0.253906 0.716797 0.257812 0.716797 0.259766 0.718750 0.261719 0.718750
0 0.652344 0.724609 0.650391 0.724609 0.648438 0.726562 0.644531 0.726562 0.642578 0.724609 0.642578 0.718750 0.644531 0.716797 0.648438 0.716797 0.650391 0.718750 0.652344 0.718750
0 0.677734 0.722656 0.677734 0.726562 0.673828 0.726562 0.671875 0.724609 0.675781 0.720703
0 0.683594 0.722656 0.683594 0.726562 0.679688 0.726562 0.677734 0.724609 0.681641 0.720703
0 0.998047 0.728516 0.994141 0.728516 0.992188 0.726562 0.992188 0.720703 0.994141 0.718750 0.998047 0.718750
0 0.660156 0.730469 0.658203 0.730469 0.656250 0.732422 0.652344 0.732422 0.650391 0.730469 0.650391 0.724609 0.652344 0.722656 0.656250 0.722656 0.658203 0.724609 0.660156 0.724609
0 0.216797 0.732422 0.214844 0.732422 0.212891 0.734375 0.208984 0.734375 0.207031 0.732422 0.207031 0.726562 0.208984 0.724609 0.212891 0.724609 0.214844 0.726562 0.216797 0.726562
0 0.130859 0.740234 0.128906 0.740234 0.126953 0.742188 0.117188 0.742188 0.111328 0.736328 0.111328 0.726562 0.113281 0.724609 0.115234 0.724609 0.115234 0.722656 0.117188 0.720703 0.126953 0.720703 0.132812 0.726562 0.132812 0.736328 0.130859 0.738281
0 0.236328 0.736328 0.234375 0.736328 0.232422 0.738281 0.228516 0.738281 0.226562 0.736328 0.226562 0.730469 0.228516 0.728516 0.232422 0.728516 0.234375 0.730469 0.236328 0.730469
0 0.646484 0.734375 0.646484 0.738281 0.642578 0.738281 0.640625 0.736328 0.644531 0.732422
0 0.652344 0.734375 0.652344 0.738281 0.648438 0.738281 0.646484 0.736328 0.650391 0.732422
0 0.189453 0.738281 0.187500 0.740234 0.187500 0.742188 0.185547 0.744141 0.179688 0.744141 0.177734 0.742188 0.177734 0.740234 0.175781 0.738281 0.175781 0.736328 0.177734 0.734375 0.177734 0.732422 0.179688 0.730469 0.185547 0.730469 0.187500 0.732422 0.187500 0.734375 0.189453 0.736328
0 0.265625 0.740234 0.263672 0.742188 0.263672 0.744141 0.261719 0.746094 0.255859 0.746094 0.253906 0.744141 0.253906 0.742188 0.251953 0.740234 0.251953 0.738281 0.253906 0.736328 0.253906 0.734375 0.255859 0.732422 0.261719 0.732422 0.263672 0.734375 0.263672 0.736328 0.265625 0.738281
0 0.281250 0.744141 0.279297 0.744141 0.277344 0.746094 0.273438 0.746094 0.271484 0.744141 0.271484 0.738281 0.273438 0.736328 0.277344 0.736328 0.279297 0.738281 0.281250 0.738281
0 0.458984 0.744141 0.457031 0.744141 0.455078 0.746094 0.451172 0.746094 0.449219 0.744141 0.449219 0.738281 0.451172 0.736328 0.455078 0.736328 0.457031 0.738281 0.458984 0.738281
0 0.892578 0.748047 0.890625 0.748047 0.888672 0.750000 0.884766 0.750000 0.882812 0.748047 0.882812 0.742188 0.884766 0.740234 0.888672 0.740234 0.890625 0.742188 0.892578 0.742188
0 0.228516 0.750000 0.228516 0.753906 0.224609 0.753906 0.222656 0.751953 0.226562 0.748047
0 0.285156 0.753906 0.283203 0.753906 0.281250 0.755859 0.277344 0.755859 0.275391 0.753906 0.275391 0.748047 0.277344 0.746094 0.281250 0.746094 0.283203 0.748047 0.285156 0.748047
0 0.802734 0.751953 0.800781 0.753906 0.800781 0.755859 0.798828 0.757812 0.792969 0.757812 0.791016 0.755859 0.791016 0.753906 0.789062 0.751953 0.789062 0.750000 0.791016 0.748047 0.791016 0.746094 0.792969 0.744141 0.798828 0.744141 0.800781 0.746094 0.800781 0.748047 0.802734 0.750000
0 0.464844 0.751953 0.464844 0.755859 0.460938 0.755859 0.458984 0.753906 0.462891 0.750000
0 0.917969 0.755859 0.916016 0.755859 0.914062 0.757812 0.910156 0.757812 0.908203 0.755859 0.908203 0.750000 0.910156 0.748047 0.914062 0.748047 0.916016 0.750000 0.917969 0.750000
0 0.255859 0.761719 0.253906 0.761719 0.251953 0.763672 0.248047 0.763672 0.246094 0.761719 0.246094 0.755859 0.248047 0.753906 0.251953 0.753906 0.253906 0.755859 0.255859 0.755859
0 0.435547 0.761719 0.433594 0.761719 0.431641 0.763672 0.427734 0.763672 0.425781 0.761719 0.425781 0.755859 0.427734 0.753906 0.431641 0.753906 0.433594 0.755859 0.435547 0.755859
0 0.888672 0.761719 0.886719 0.761719 0.884766 0.763672 0.880859 0.763672 0.878906 0.761719 0.878906 0.755859 0.880859 0.753906 0.884766 0.753906 0.886719 0.755859 0.888672 0.755859
0 0.412109 0.763672 0.410156 0.763672 0.408203 0.765625 0.404297 0.765625 0.402344 0.763672 0.402344 0.757812 0.404297 0.755859 0.408203 0.755859 0.410156 0.757812 0.412109 0.757812
0 0.746094 0.759766 0.746094 0.763672 0.742188 0.763672 0.740234 0.761719 0.744141 0.757812
0 0.117188 0.765625 0.115234 0.765625 0.113281 0.767578 0.109375 0.767578 0.107422 0.765625 0.107422 0.759766 0.109375 0.757812 0.113281 0.757812 0.115234 0.759766 0.117188 0.759766
0 0.779297 0.763672 0.777344 0.765625 0.777344 0.767578 0.775391 0.769531 0.769531 0.769531 0.767578 0.767578 0.767578 0.765625 0.765625 0.763672 0.765625 0.761719 0.767578 0.759766 0.767578 0.757812 0.769531 0.755859 0.775391 0.755859 0.777344 0.757812 0.777344 0.759766 0.779297 0.761719
0 0.281250 0.763672 0.281250 0.767578 0.277344 0.767578 0.275391 0.765625 0.279297 0.761719
0 0.916016 0.767578 0.914062 0.767578 0.912109 0.769531 0.908203 0.769531 0.906250 0.767578 0.906250 0.761719 0.908203 0.759766 0.912109 0.759766 0.914062 0.761719 0.916016 0.761719
0 0.892578 0.771484 0.890625 0.771484 0.888672 0.773438 0.884766 0.773438 0.882812 0.771484 0.882812 0.765625 0.884766 0.763672 0.888672 0.763672 0.890625 0.765625 0.892578 0.765625
0 0.406250 0.775391 0.404297 0.775391 0.402344 0.777344 0.398438 0.777344 0.396484 0.775391 0.396484 0.769531 0.398438 0.767578 0.402344 0.767578 0.404297 0.769531 0.406250 0.769531
0 0.277344 0.777344 0.275391 0.777344 0.273438 0.779297 0.269531 0.779297 0.267578 0.777344 0.267578 0.771484 0.269531 0.769531 0.273438 0.769531 0.275391 0.771484 0.277344 0.771484
0 0.791016 0.777344 0.789062 0.777344 0.787109 0.779297 0.783203 0.779297 0.781250 0.777344 0.781250 0.771484 0.783203 0.769531 0.787109 0.769531 0.789062 0.771484 0.791016 0.771484
0 0.121094 0.777344 0.119141 0.779297 0.119141 0.781250 0.117188 0.783203 0.111328 0.783203 0.109375 0.781250 0.109375 0.779297 0.107422 0.777344 0.107422 0.775391 0.109375 0.773438 0.109375 0.771484 0.111328 0.769531 0.117188 0.769531 0.119141 0.771484 0.119141 0.773438 0.121094 0.775391
0 0.638672 0.775391 0.638672 0.779297 0.634766 0.779297 0.632812 0.777344 0.636719 0.773438
0 0.193359 0.787109 0.191406 0.787109 0.189453 0.789062 0.179688 0.789062 0.173828 0.783203 0.173828 0.773438 0.175781 0.771484 0.177734 0.771484 0.177734 0.769531 0.179688 0.767578 0.189453 0.767578 0.195312 0.773438 0.195312 0.783203 0.193359 0.785156
0 0.408203 0.781250 0.406250 0.781250 0.404297 0.783203 0.400391 0.783203 0.398438 0.781250 0.398438 0.775391 0.400391 0.773438 0.404297 0.773438 0.406250 0.775391 0.408203 0.775391
0 0.691406 0.783203 0.691406 0.787109 0.687500 0.787109 0.685547 0.785156 0.689453 0.781250
0 0.714844 0.785156 0.712891 0.787109 0.712891 0.789062 0.710938 0.791016 0.705078 0.791016 0.703125 0.789062 0.703125 0.787109 0.701172 0.785156 0.701172 0.783203 0.703125 0.781250 0.703125 0.779297 0.705078 0.777344 0.710938 0.777344 0.712891 0.779297 0.712891 0.781250 0.714844 0.783203
0 0.427734 0.791016 0.425781 0.791016 0.423828 0.792969 0.419922 0.792969 0.417969 0.791016 0.417969 0.785156 0.419922 0.783203 0.423828 0.783203 0.425781 0.785156 0.427734 0.785156
0 0.447266 0.791016 0.445312 0.791016 0.443359 0.792969 0.439453 0.792969 0.437500 0.791016 0.437500 0.785156 0.439453 0.783203 0.443359 0.783203 0.445312 0.785156 0.447266 0.785156
0 0.501953 0.787109 0.501953 0.791016 0.498047 0.791016 0.496094 0.789062 0.500000 0.785156
0 0.130859 0.798828 0.125000 0.804688 0.119141 0.804688 0.113281 0.798828 0.113281 0.792969 0.119141 0.787109 0.125000 0.787109 0.130859 0.792969
0 0.755859 0.804688 0.753906 0.804688 0.751953 0.806641 0.742188 0.806641 0.736328 0.800781 0.736328 0.791016 0.738281 0.789062 0.740234 0.789062 0.740234 0.787109 0.742188 0.785156 0.751953 0.785156 0.757812 0.791016 0.757812 0.800781 0.755859 0.802734
0 0.513672 0.800781 0.511719 0.800781 0.509766 0.802734 0.505859 0.802734 0.503906 0.800781 0.503906 0.794922 0.505859 0.792969 0.509766 0.792969 0.511719 0.794922 0.513672 0.794922
0 0.330078 0.802734 0.328125 0.802734 0.326172 0.804688 0.322266 0.804688 0.320312 0.802734 0.320312 0.796875 0.322266 0.794922 0.326172 0.794922 0.328125 0.796875 0.330078 0.796875
0 0.496094 0.802734 0.494141 0.802734 0.492188 0.804688 0.488281 0.804688 0.486328 0.802734 0.486328 0.796875 0.488281 0.794922 0.492188 0.794922 0.494141 0.796875 0.496094 0.796875
0 0.558594 0.804688 0.556641 0.804688 0.554688 0.806641 0.550781 0.806641 0.548828 0.804688 0.548828 0.798828 0.550781 0.796875 0.554688 0.796875 0.556641 0.798828 0.558594 0.798828
0 0.744141 0.804688 0.742188 0.804688 0.740234 0.806641 0.736328 0.806641 0.734375 0.804688 0.734375 0.798828 0.736328 0.796875 0.740234 0.796875 0.742188 0.798828 0.744141 0.798828
0 0.923828 0.804688 0.921875 0.804688 0.919922 0.806641 0.916016 0.806641 0.914062 0.804688 0.914062 0.798828 0.916016 0.796875 0.919922 0.796875 0.921875 0.798828 0.923828 0.798828
0 0.708984 0.804688 0.707031 0.806641 0.707031 0.808594 0.705078 0.810547 0.699219 0.810547 0.697266 0.808594 0.697266 0.806641 0.695312 0.804688 0.695312 0.802734 0.697266 0.800781 0.697266 0.798828 0.699219 0.796875 0.705078 0.796875 0.707031 0.798828 0.707031 0.800781 0.708984 0.802734
0 0.351562 0.808594 0.349609 0.808594 0.347656 0.810547 0.343750 0.810547 0.341797 0.808594 0.341797 0.802734 0.343750 0.800781 0.347656 0.800781 0.349609 0.802734 0.351562 0.802734
0 0.908203 0.804688 0.908203 0.808594 0.904297 0.808594 0.902344 0.806641 0.906250 0.802734
0 0.320312 0.808594 0.318359 0.810547 0.318359 0.812500 0.316406 0.814453 0.310547 0.814453 0.308594 0.812500 0.308594 0.810547 0.306641 0.808594 0.306641 0.806641 0.308594 0.804688 0.308594 0.802734 0.310547 0.800781 0.316406 0.800781 0.318359 0.802734 0.318359 0.804688 0.320312 0.806641
0 0.451172 0.810547 0.449219 0.810547 0.447266 0.812500 0.443359 0.812500 0.441406 0.810547 0.441406 0.804688 0.443359 0.802734 0.447266 0.802734 0.449219 0.804688 0.451172 0.804688
0 0.609375 0.812500 0.607422 0.812500 0.605469 0.814453 0.601562 0.814453 0.599609 0.812500 0.599609 0.806641 0.601562 0.804688 0.605469 0.804688 0.607422 0.806641 0.609375 0.806641
0 0.292969 0.820312 0.291016 0.820312 0.289062 0.822266 0.279297 0.822266 0.273438 0.816406 0.273438 0.806641 0.275391 0.804688 0.277344 0.804688 0.277344 0.802734 0.279297 0.800781 0.289062 0.800781 0.294922 0.806641 0.294922 0.816406 0.292969 0.818359
0 0.255859 0.814453 0.253906 0.816406 0.253906 0.818359 0.251953 0.820312 0.246094 0.820312 0.244141 0.818359 0.244141 0.816406 0.242188 0.814453 0.242188 0.812500 0.244141 0.810547 0.244141 0.808594 0.246094 0.806641 0.251953 0.806641 0.253906 0.808594 0.253906 0.810547 0.255859 0.812500
0 0.433594 0.816406 0.431641 0.816406 0.429688 0.818359 0.425781 0.818359 0.423828 0.816406 0.423828 0.810547 0.425781 0.808594 0.429688 0.808594 0.431641 0.810547 0.433594 0.810547
0 0.132812 0.818359 0.126953 0.824219 0.121094 0.824219 0.115234 0.818359 0.115234 0.812500 0.121094 0.806641 0.126953 0.806641 0.132812 0.812500
0 0.560547 0.818359 0.558594 0.818359 0.556641 0.820312 0.552734 0.820312 0.550781 0.818359 0.550781 0.812500 0.552734 0.810547 0.556641 0.810547 0.558594 0.812500 0.560547 0.812500
0 0.740234 0.818359 0.738281 0.818359 0.736328 0.820312 0.732422 0.820312 0.730469 0.818359 0.730469 0.812500 0.732422 0.810547 0.736328 0.810547 0.738281 0.812500 0.740234 0.812500
0 0.234375 0.818359 0.232422 0.820312 0.232422 0.822266 0.230469 0.824219 0.224609 0.824219 0.222656 0.822266 0.222656 0.820312 0.220703 0.818359 0.220703 0.816406 0.222656 0.814453 0.222656 0.812500 0.224609 0.810547 0.230469 0.810547 0.232422 0.812500 0.232422 0.814453 0.234375 0.816406
0 0.722656 0.820312 0.720703 0.820312 0.718750 0.822266 0.714844 0.822266 0.712891 0.820312 0.712891 0.814453 0.714844 0.812500 0.718750 0.812500 0.720703 0.814453 0.722656 0.814453
0 0.201172 0.830078 0.199219 0.830078 0.197266 0.832031 0.187500 0.832031 0.181641 0.826172 0.181641 0.816406 0.183594 0.814453 0.185547 0.814453 0.185547 0.812500 0.187500 0.810547 0.197266 0.810547 0.203125 0.816406 0.203125 0.826172 0.201172 0.828125
0 0.351562 0.824219 0.349609 0.824219 0.347656 0.826172 0.343750 0.826172 0.341797 0.824219 0.341797 0.818359 0.343750 0.816406 0.347656 0.816406 0.349609 0.818359 0.351562 0.818359
0 0.447266 0.820312 0.447266 0.824219 0.443359 0.824219 0.441406 0.822266 0.445312 0.818359
0 0.513672 0.824219 0.507812 0.830078 0.501953 0.830078 0.496094 0.824219 0.496094 0.818359 0.501953 0.812500 0.507812 0.812500 0.513672 0.818359
0 0.203125 0.828125 0.201172 0.830078 0.201172 0.832031 0.199219 0.833984 0.193359 0.833984 0.191406 0.832031 0.191406 0.830078 0.189453 0.828125 0.189453 0.826172 0.191406 0.824219 0.191406 0.822266 0.193359 0.820312 0.199219 0.820312 0.201172 0.822266 0.201172 0.824219 0.203125 0.826172
0 0.621094 0.830078 0.619141 0.830078 0.617188 0.832031 0.613281 0.832031 0.611328 0.830078 0.611328 0.824219 0.613281 0.822266 0.617188 0.822266 0.619141 0.824219 0.621094 0.824219
0 0.806641 0.826172 0.806641 0.830078 0.802734 0.830078 0.800781 0.828125 0.804688 0.824219
0 0.326172 0.832031 0.324219 0.832031 0.322266 0.833984 0.318359 0.833984 0.316406 0.832031 0.316406 0.826172 0.318359 0.824219 0.322266 0.824219 0.324219 0.826172 0.326172 0.826172
0 0.591797 0.832031 0.585938 0.837891 0.580078 0.837891 0.574219 0.832031 0.574219 0.826172 0.580078 0.820312 0.585938 0.820312 0.591797 0.826172
0 0.708984 0.833984 0.707031 0.833984 0.705078 0.835938 0.701172 0.835938 0.699219 0.833984 0.699219 0.828125 0.701172 0.826172 0.705078 0.826172 0.707031 0.828125 0.708984 0.828125
0 0.388672 0.832031 0.388672 0.835938 0.384766 0.835938 0.382812 0.833984 0.386719 0.830078
0 0.927734 0.835938 0.925781 0.835938 0.923828 0.837891 0.919922 0.837891 0.917969 0.835938 0.917969 0.830078 0.919922 0.828125 0.923828 0.828125 0.925781 0.830078 0.927734 0.830078
0 0.378906 0.833984 0.378906 0.837891 0.375000 0.837891 0.373047 0.835938 0.376953 0.832031
0 0.576172 0.835938 0.574219 0.837891 0.574219 0.839844 0.572266 0.841797 0.566406 0.841797 0.564453 0.839844 0.564453 0.837891 0.562500 0.835938 0.562500 0.833984 0.564453 0.832031 0.564453 0.830078 0.566406 0.828125 0.572266 0.828125 0.574219 0.830078 0.574219 0.832031 0.576172 0.833984
0 0.400391 0.835938 0.400391 0.839844 0.396484 0.839844 0.394531 0.837891 0.398438 0.833984
0 0.621094 0.835938 0.621094 0.839844 0.617188 0.839844 0.615234 0.837891 0.619141 0.833984
0 0.796875 0.835938 0.796875 0.839844 0.792969 0.839844 0.791016 0.837891 0.794922 0.833984
0 0.806641 0.835938 0.806641 0.839844 0.802734 0.839844 0.800781 0.837891 0.804688 0.833984
0 0.390625 0.837891 0.390625 0.841797 0.386719 0.841797 0.384766 0.839844 0.388672 0.835938
0 0.355469 0.843750 0.355469 0.847656 0.351562 0.847656 0.349609 0.845703 0.353516 0.841797
0 0.142578 0.849609 0.140625 0.851562 0.140625 0.853516 0.138672 0.855469 0.132812 0.855469 0.130859 0.853516 0.130859 0.851562 0.128906 0.849609 0.128906 0.847656 0.130859 0.845703 0.130859 0.843750 0.132812 0.841797 0.138672 0.841797 0.140625 0.843750 0.140625 0.845703 0.142578 0.847656
0 0.345703 0.847656 0.345703 0.851562 0.341797 0.851562 0.339844 0.849609 0.343750 0.845703
0 0.615234 0.851562 0.613281 0.851562 0.611328 0.853516 0.607422 0.853516 0.605469 0.851562 0.605469 0.845703 0.607422 0.843750 0.611328 0.843750 0.613281 0.845703 0.615234 0.845703
0 0.925781 0.849609 0.923828 0.851562 0.923828 0.853516 0.921875 0.855469 0.916016 0.855469 0.914062 0.853516 0.914062 0.851562 0.912109 0.849609 0.912109 0.847656 0.914062 0.845703 0.914062 0.843750 0.916016 0.841797 0.921875 0.841797 0.923828 0.843750 0.923828 0.845703 0.925781 0.847656
0 0.359375 0.853516 0.359375 0.857422 0.355469 0.857422 0.353516 0.855469 0.357422 0.851562
0 0.144531 0.865234 0.142578 0.865234 0.140625 0.867188 0.130859 0.867188 0.125000 0.861328 0.125000 0.851562 0.126953 0.849609 0.128906 0.849609 0.128906 0.847656 0.130859 0.845703 0.140625 0.845703 0.146484 0.851562 0.146484 0.861328 0.144531 0.863281
0 0.574219 0.865234 0.572266 0.865234 0.570312 0.867188 0.560547 0.867188 0.554688 0.861328 0.554688 0.851562 0.556641 0.849609 0.558594 0.849609 0.558594 0.847656 0.560547 0.845703 0.570312 0.845703 0.576172 0.851562 0.576172 0.861328 0.574219 0.863281
0 0.267578 0.859375 0.265625 0.861328 0.265625 0.863281 0.263672 0.865234 0.257812 0.865234 0.255859 0.863281 0.255859 0.861328 0.253906 0.859375 0.253906 0.857422 0.255859 0.855469 0.255859 0.853516 0.257812 0.851562 0.263672 0.851562 0.265625 0.853516 0.265625 0.855469 0.267578 0.857422
0 0.351562 0.861328 0.349609 0.861328 0.347656 0.863281 0.343750 0.863281 0.341797 0.861328 0.341797 0.855469 0.343750 0.853516 0.347656 0.853516 0.349609 0.855469 0.351562 0.855469
0 0.531250 0.867188 0.529297 0.867188 0.527344 0.869141 0.517578 0.869141 0.511719 0.863281 0.511719 0.853516 0.513672 0.851562 0.515625 0.851562 0.515625 0.849609 0.517578 0.847656 0.527344 0.847656 0.533203 0.853516 0.533203 0.863281 0.531250 0.865234
0 0.294922 0.859375 0.294922 0.863281 0.291016 0.863281 0.289062 0.861328 0.292969 0.857422
0 0.210938 0.871094 0.208984 0.871094 0.207031 0.873047 0.197266 0.873047 0.191406 0.867188 0.191406 0.857422 0.193359 0.855469 0.195312 0.855469 0.195312 0.853516 0.197266 0.851562 0.207031 0.851562 0.212891 0.857422 0.212891 0.867188 0.210938 0.869141
0 0.335938 0.863281 0.335938 0.867188 0.332031 0.867188 0.330078 0.865234 0.333984 0.861328
0 0.759766 0.867188 0.757812 0.867188 0.755859 0.869141 0.751953 0.869141 0.750000 0.867188 0.750000 0.861328 0.751953 0.859375 0.755859 0.859375 0.757812 0.861328 0.759766 0.861328
0 0.330078 0.867188 0.330078 0.871094 0.326172 0.871094 0.324219 0.869141 0.328125 0.865234
0 0.390625 0.871094 0.388672 0.871094 0.386719 0.873047 0.382812 0.873047 0.380859 0.871094 0.380859 0.865234 0.382812 0.863281 0.386719 0.863281 0.388672 0.865234 0.390625 0.865234
0 0.371094 0.869141 0.371094 0.873047 0.367188 0.873047 0.365234 0.871094 0.369141 0.867188
0 0.191406 0.873047 0.189453 0.875000 0.189453 0.876953 0.187500 0.878906 0.181641 0.878906 0.179688 0.876953 0.179688 0.875000 0.177734 0.873047 0.177734 0.871094 0.179688 0.869141 0.179688 0.867188 0.181641 0.865234 0.187500 0.865234 0.189453 0.867188 0.189453 0.869141 0.191406 0.871094
0 0.339844 0.871094 0.339844 0.875000 0.335938 0.875000 0.333984 0.873047 0.337891 0.869141
0 0.429688 0.876953 0.427734 0.876953 0.425781 0.878906 0.421875 0.878906 0.419922 0.876953 0.419922 0.871094 0.421875 0.869141 0.425781 0.869141 0.427734 0.871094 0.429688 0.871094
0 0.634766 0.876953 0.632812 0.876953 0.630859 0.878906 0.626953 0.878906 0.625000 0.876953 0.625000 0.871094 0.626953 0.869141 0.630859 0.869141 0.632812 0.871094 0.634766 0.871094
0 0.628906 0.876953 0.626953 0.878906 0.626953 0.880859 0.625000 0.882812 0.619141 0.882812 0.617188 0.880859 0.617188 0.878906 0.615234 0.876953 0.615234 0.875000 0.617188 0.873047 0.617188 0.871094 0.619141 0.869141 0.625000 0.869141 0.626953 0.871094 0.626953 0.873047 0.628906 0.875000
0 0.720703 0.878906 0.718750 0.878906 0.716797 0.880859 0.712891 0.880859 0.710938 0.878906 0.710938 0.873047 0.712891 0.871094 0.716797 0.871094 0.718750 0.873047 0.720703 0.873047
0 0.730469 0.878906 0.728516 0.878906 0.726562 0.880859 0.722656 0.880859 0.720703 0.878906 0.720703 0.873047 0.722656 0.871094 0.726562 0.871094 0.728516 0.873047 0.730469 0.873047
0 0.935547 0.876953 0.933594 0.878906 0.933594 0.880859 0.931641 0.882812 0.925781 0.882812 0.923828 0.880859 0.923828 0.878906 0.921875 0.876953 0.921875 0.875000 0.923828 0.873047 0.923828 0.871094 0.925781 0.869141 0.931641 0.869141 0.933594 0.871094 0.933594 0.873047 0.935547 0.875000
0 0.150391 0.880859 0.148438 0.880859 0.146484 0.882812 0.142578 0.882812 0.140625 0.880859 0.140625 0.875000 0.142578 0.873047 0.146484 0.873047 0.148438 0.875000 0.150391 0.875000
0 0.285156 0.878906 0.283203 0.880859 0.283203 0.882812 0.281250 0.884766 0.275391 0.884766 0.273438 0.882812 0.273438 0.880859 0.271484 0.878906 0.271484 0.876953 0.273438 0.875000 0.273438 0.873047 0.275391 0.871094 0.281250 0.871094 0.283203 0.873047 0.283203 0.875000 0.285156 0.876953
0 0.451172 0.880859 0.449219 0.880859 0.447266 0.882812 0.443359 0.882812 0.441406 0.880859 0.441406 0.875000 0.443359 0.873047 0.447266 0.873047 0.449219 0.875000 0.451172 0.875000
0 0.701172 0.880859 0.699219 0.880859 0.697266 0.882812 0.693359 0.882812 0.691406 0.880859 0.691406 0.875000 0.693359 0.873047 0.697266 0.873047 0.699219 0.875000 0.701172 0.875000
0 0.767578 0.880859 0.765625 0.880859 0.763672 0.882812 0.759766 0.882812 0.757812 0.880859 0.757812 0.875000 0.759766 0.873047 0.763672 0.873047 0.765625 0.875000 0.767578 0.875000
0 0.808594 0.876953 0.808594 0.880859 0.804688 0.880859 0.802734 0.878906 0.806641 0.875000
0 0.414062 0.882812 0.412109 0.882812 0.410156 0.884766 0.406250 0.884766 0.404297 0.882812 0.404297 0.876953 0.406250 0.875000 0.410156 0.875000 0.412109 0.876953 0.414062 0.876953
0 0.232422 0.890625 0.230469 0.890625 0.228516 0.892578 0.218750 0.892578 0.212891 0.886719 0.212891 0.876953 0.214844 0.875000 0.216797 0.875000 0.216797 0.873047 0.218750 0.871094 0.228516 0.871094 0.234375 0.876953 0.234375 0.886719 0.232422 0.888672
0 0.464844 0.890625 0.462891 0.890625 0.460938 0.892578 0.451172 0.892578 0.445312 0.886719 0.445312 0.876953 0.447266 0.875000 0.449219 0.875000 0.449219 0.873047 0.451172 0.871094 0.460938 0.871094 0.466797 0.876953 0.466797 0.886719 0.464844 0.888672
0 0.496094 0.882812 0.494141 0.884766 0.494141 0.886719 0.492188 0.888672 0.486328 0.888672 0.484375 0.886719 0.484375 0.884766 0.482422 0.882812 0.482422 0.880859 0.484375 0.878906 0.484375 0.876953 0.486328 0.875000 0.492188 0.875000 0.494141 0.876953 0.494141 0.878906 0.496094 0.880859
0 0.541016 0.882812 0.539062 0.884766 0.539062 0.886719 0.537109 0.888672 0.531250 0.888672 0.529297 0.886719 0.529297 0.884766 0.527344 0.882812 0.527344 0.880859 0.529297 0.878906 0.529297 0.876953 0.531250 0.875000 0.537109 0.875000 0.539062 0.876953 0.539062 0.878906 0.541016 0.880859
0 0.914062 0.884766 0.908203 0.890625 0.902344 0.890625 0.896484 0.884766 0.896484 0.878906 0.902344 0.873047 0.908203 0.873047 0.914062 0.878906
0 0.652344 0.886719 0.650391 0.886719 0.648438 0.888672 0.644531 0.888672 0.642578 0.886719 0.642578 0.880859 0.644531 0.878906 0.648438 0.878906 0.650391 0.880859 0.652344 0.880859
0 0.814453 0.882812 0.814453 0.886719 0.810547 0.886719 0.808594 0.884766 0.812500 0.880859
0 0.882812 0.884766 0.880859 0.886719 0.880859 0.888672 0.878906 0.890625 0.873047 0.890625 0.871094 0.888672 0.871094 0.886719 0.869141 0.884766 0.869141 0.882812 0.871094 0.880859 0.871094 0.878906 0.873047 0.876953 0.878906 0.876953 0.880859 0.878906 0.880859 0.880859 0.882812 0.882812
0 0.435547 0.888672 0.433594 0.888672 0.431641 0.890625 0.427734 0.890625 0.425781 0.888672 0.425781 0.882812 0.427734 0.880859 0.431641 0.880859 0.433594 0.882812 0.435547 0.882812
0 0.714844 0.888672 0.712891 0.888672 0.710938 0.890625 0.707031 0.890625 0.705078 0.888672 0.705078 0.882812 0.707031 0.880859 0.710938 0.880859 0.712891 0.882812 0.714844 0.882812
0 0.158203 0.890625 0.156250 0.890625 0.154297 0.892578 0.150391 0.892578 0.148438 0.890625 0.148438 0.884766 0.150391 0.882812 0.154297 0.882812 0.156250 0.884766 0.158203 0.884766
0 0.296875 0.892578 0.294922 0.894531 0.294922 0.896484 0.292969 0.898438 0.287109 0.898438 0.285156 0.896484 0.285156 0.894531 0.283203 0.892578 0.283203 0.890625 0.285156 0.888672 0.285156 0.886719 0.287109 0.884766 0.292969 0.884766 0.294922 0.886719 0.294922 0.888672 0.296875 0.890625
0 0.417969 0.894531 0.416016 0.894531 0.414062 0.896484 0.410156 0.896484 0.408203 0.894531 0.408203 0.888672 0.410156 0.886719 0.414062 0.886719 0.416016 0.888672 0.417969 0.888672
0 0.474609 0.894531 0.472656 0.894531 0.470703 0.896484 0.466797 0.896484 0.464844 0.894531 0.464844 0.888672 0.466797 0.886719 0.470703 0.886719 0.472656 0.888672 0.474609 0.888672
0 0.804688 0.894531 0.802734 0.894531 0.800781 0.896484 0.796875 0.896484 0.794922 0.894531 0.794922 0.888672 0.796875 0.886719 0.800781 0.886719 0.802734 0.888672 0.804688 0.888672
0 0.951172 0.900391 0.949219 0.900391 0.947266 0.902344 0.937500 0.902344 0.931641 0.896484 0.931641 0.886719 0.933594 0.884766 0.935547 0.884766 0.935547 0.882812 0.937500 0.880859 0.947266 0.880859 0.953125 0.886719 0.953125 0.896484 0.951172 0.898438
0 0.490234 0.896484 0.488281 0.896484 0.486328 0.898438 0.482422 0.898438 0.480469 0.896484 0.480469 0.890625 0.482422 0.888672 0.486328 0.888672 0.488281 0.890625 0.490234 0.890625
0 0.742188 0.894531 0.740234 0.896484 0.740234 0.898438 0.738281 0.900391 0.732422 0.900391 0.730469 0.898438 0.730469 0.896484 0.728516 0.894531 0.728516 0.892578 0.730469 0.890625 0.730469 0.888672 0.732422 0.886719 0.738281 0.886719 0.740234 0.888672 0.740234 0.890625 0.742188 0.892578
0 0.810547 0.896484 0.808594 0.896484 0.806641 0.898438 0.802734 0.898438 0.800781 0.896484 0.800781 0.890625 0.802734 0.888672 0.806641 0.888672 0.808594 0.890625 0.810547 0.890625
0 0.482422 0.894531 0.482422 0.898438 0.478516 0.898438 0.476562 0.896484 0.480469 0.892578
0 0.697266 0.896484 0.695312 0.898438 0.695312 0.900391 0.693359 0.902344 0.687500 0.902344 0.685547 0.900391 0.685547 0.898438 0.683594 0.896484 0.683594 0.894531 0.685547 0.892578 0.685547 0.890625 0.687500 0.888672 0.693359 0.888672 0.695312 0.890625 0.695312 0.892578 0.697266 0.894531
0 0.867188 0.898438 0.865234 0.900391 0.865234 0.902344 0.863281 0.904297 0.857422 0.904297 0.855469 0.902344 0.855469 0.900391 0.853516 0.898438 0.853516 0.896484 0.855469 0.894531 0.855469 0.892578 0.857422 0.890625 0.863281 0.890625 0.865234 0.892578 0.865234 0.894531 0.867188 0.896484
0 0.810547 0.900391 0.810547 0.904297 0.806641 0.904297 0.804688 0.902344 0.808594 0.898438
0 0.679688 0.906250 0.677734 0.906250 0.675781 0.908203 0.671875 0.908203 0.669922 0.906250 0.669922 0.900391 0.671875 0.898438 0.675781 0.898438 0.677734 0.900391 0.679688 0.900391
0 0.796875 0.906250 0.794922 0.906250 0.792969 0.908203 0.789062 0.908203 0.787109 0.906250 0.787109 0.900391 0.789062 0.898438 0.792969 0.898438 0.794922 0.900391 0.796875 0.900391
0 0.884766 0.906250 0.878906 0.912109 0.873047 0.912109 0.867188 0.906250 0.867188 0.900391 0.873047 0.894531 0.878906 0.894531 0.884766 0.900391
0 0.714844 0.914062 0.712891 0.914062 0.710938 0.916016 0.701172 0.916016 0.695312 0.910156 0.695312 0.900391 0.697266 0.898438 0.699219 0.898438 0.699219 0.896484 0.701172 0.894531 0.710938 0.894531 0.716797 0.900391 0.716797 0.910156 0.714844 0.912109
0 0.232422 0.912109 0.226562 0.917969 0.220703 0.917969 0.214844 0.912109 0.214844 0.906250 0.220703 0.900391 0.226562 0.900391 0.232422 0.906250
0 0.748047 0.919922 0.746094 0.919922 0.744141 0.921875 0.734375 0.921875 0.728516 0.916016 0.728516 0.906250 0.730469 0.904297 0.732422 0.904297 0.732422 0.902344 0.734375 0.900391 0.744141 0.900391 0.750000 0.906250 0.750000 0.916016 0.748047 0.917969
0 0.806641 0.910156 0.806641 0.914062 0.802734 0.914062 0.800781 0.912109 0.804688 0.908203
0 0.998047 0.916016 0.994141 0.916016 0.992188 0.914062 0.992188 0.908203 0.994141 0.906250 0.998047 0.906250
0 0.396484 0.916016 0.394531 0.916016 0.392578 0.917969 0.388672 0.917969 0.386719 0.916016 0.386719 0.910156 0.388672 0.908203 0.392578 0.908203 0.394531 0.910156 0.396484 0.910156
0 0.574219 0.914062 0.572266 0.916016 0.572266 0.917969 0.570312 0.919922 0.564453 0.919922 0.562500 0.917969 0.562500 0.916016 0.560547 0.914062 0.560547 0.912109 0.562500 0.910156 0.562500 0.908203 0.564453 0.906250 0.570312 0.906250 0.572266 0.908203 0.572266 0.910156 0.574219 0.912109
0 0.980469 0.912109 0.980469 0.916016 0.976562 0.916016 0.974609 0.914062 0.978516 0.910156
0 0.468750 0.917969 0.466797 0.917969 0.464844 0.919922 0.460938 0.919922 0.458984 0.917969 0.458984 0.912109 0.460938 0.910156 0.464844 0.910156 0.466797 0.912109 0.468750 0.912109
0 0.484375 0.917969 0.482422 0.917969 0.480469 0.919922 0.476562 0.919922 0.474609 0.917969 0.474609 0.912109 0.476562 0.910156 0.480469 0.910156 0.482422 0.912109 0.484375 0.912109
0 0.548828 0.916016 0.546875 0.917969 0.546875 0.919922 0.544922 0.921875 0.539062 0.921875 0.537109 0.919922 0.537109 0.917969 0.535156 0.916016 0.535156 0.914062 0.537109 0.912109 0.537109 0.910156 0.539062 0.908203 0.544922 0.908203 0.546875 0.910156 0.546875 0.912109 0.548828 0.914062
0 0.759766 0.917969 0.757812 0.917969 0.755859 0.919922 0.751953 0.919922 0.750000 0.917969 0.750000 0.912109 0.751953 0.910156 0.755859 0.910156 0.757812 0.912109 0.759766 0.912109
0 0.744141 0.919922 0.738281 0.925781 0.732422 0.925781 0.726562 0.919922 0.726562 0.914062 0.732422 0.908203 0.738281 0.908203 0.744141 0.914062
0 0.773438 0.916016 0.773438 0.919922 0.769531 0.919922 0.767578 0.917969 0.771484 0.914062
0 0.916016 0.927734 0.914062 0.927734 0.912109 0.929688 0.902344 0.929688 0.896484 0.923828 0.896484 0.914062 0.898438 0.912109 0.900391 0.912109 0.900391 0.910156 0.902344 0.908203 0.912109 0.908203 0.917969 0.914062 0.917969 0.923828 0.916016 0.925781
0 0.283203 0.923828 0.277344 0.929688 0.271484 0.929688 0.265625 0.923828 0.265625 0.917969 0.271484 0.912109 0.277344 0.912109 0.283203 0.917969
0 0.687500 0.923828 0.685547 0.923828 0.683594 0.925781 0.679688 0.925781 0.677734 0.923828 0.677734 0.917969 0.679688 0.916016 0.683594 0.916016 0.685547 0.917969 0.687500 0.917969
0 0.402344 0.921875 0.402344 0.925781 0.398438 0.925781 0.396484 0.923828 0.400391 0.919922
0 0.466797 0.921875 0.466797 0.925781 0.462891 0.925781 0.460938 0.923828 0.464844 0.919922
0 0.859375 0.923828 0.857422 0.925781 0.857422 0.927734 0.855469 0.929688 0.849609 0.929688 0.847656 0.927734 0.847656 0.925781 0.845703 0.923828 0.845703 0.921875 0.847656 0.919922 0.847656 0.917969 0.849609 0.916016 0.855469 0.916016 0.857422 0.917969 0.857422 0.919922 0.859375 0.921875
0 0.388672 0.923828 0.388672 0.927734 0.384766 0.927734 0.382812 0.925781 0.386719 0.921875
0 0.480469 0.923828 0.480469 0.927734 0.476562 0.927734 0.474609 0.925781 0.478516 0.921875
0 0.767578 0.927734 0.765625 0.927734 0.763672 0.929688 0.759766 0.929688 0.757812 0.927734 0.757812 0.921875 0.759766 0.919922 0.763672 0.919922 0.765625 0.921875 0.767578 0.921875
0 0.947266 0.927734 0.945312 0.929688 0.945312 0.931641 0.943359 0.933594 0.937500 0.933594 0.935547 0.931641 0.935547 0.929688 0.933594 0.927734 0.933594 0.925781 0.935547 0.923828 0.935547 0.921875 0.937500 0.919922 0.943359 0.919922 0.945312 0.921875 0.945312 0.923828 0.947266 0.925781
0 0.472656 0.927734 0.472656 0.931641 0.468750 0.931641 0.466797 0.929688 0.470703 0.925781
0 0.875000 0.941406 0.873047 0.941406 0.871094 0.943359 0.861328 0.943359 0.855469 0.937500 0.855469 0.927734 0.857422 0.925781 0.859375 0.925781 0.859375 0.923828 0.861328 0.921875 0.871094 0.921875 0.876953 0.927734 0.876953 0.937500 0.875000 0.939453
0 0.882812 0.937500 0.880859 0.937500 0.878906 0.939453 0.875000 0.939453 0.873047 0.937500 0.873047 0.931641 0.875000 0.929688 0.878906 0.929688 0.880859 0.931641 0.882812 0.931641
0 0.998047 0.943359 0.996094 0.943359 0.994141 0.945312 0.984375 0.945312 0.978516 0.939453 0.978516 0.929688 0.980469 0.927734 0.982422 0.927734 0.982422 0.925781 0.984375 0.923828 0.994141 0.923828 0.998047 0.927734
0 0.843750 0.939453 0.843750 0.943359 0.839844 0.943359 0.837891 0.941406 0.841797 0.937500
0 0.945312 0.943359 0.945312 0.947266 0.941406 0.947266 0.939453 0.945312 0.943359 0.941406
0 0.669922 0.949219 0.667969 0.949219 0.666016 0.951172 0.662109 0.951172 0.660156 0.949219 0.660156 0.943359 0.662109 0.941406 0.666016 0.941406 0.667969 0.943359 0.669922 0.943359
0 0.894531 0.947266 0.894531 0.951172 0.890625 0.951172 0.888672 0.949219 0.892578 0.945312
0 0.263672 0.953125 0.261719 0.953125 0.259766 0.955078 0.255859 0.955078 0.253906 0.953125 0.253906 0.947266 0.255859 0.945312 0.259766 0.945312 0.261719 0.947266 0.263672 0.947266
0 0.687500 0.953125 0.685547 0.953125 0.683594 0.955078 0.679688 0.955078 0.677734 0.953125 0.677734 0.947266 0.679688 0.945312 0.683594 0.945312 0.685547 0.947266 0.687500 0.947266
0 0.808594 0.953125 0.806641 0.953125 0.804688 0.955078 0.800781 0.955078 0.798828 0.953125 0.798828 0.947266 0.800781 0.945312 0.804688 0.945312 0.806641 0.947266 0.808594 0.947266
0 0.968750 0.953125 0.962891 0.958984 0.957031 0.958984 0.951172 0.953125 0.951172 0.947266 0.957031 0.941406 0.962891 0.941406 0.968750 0.947266
0 0.667969 0.955078 0.666016 0.955078 0.664062 0.957031 0.660156 0.957031 0.658203 0.955078 0.658203 0.949219 0.660156 0.947266 0.664062 0.947266 0.666016 0.949219 0.667969 0.949219
0 0.994141 0.955078 0.992188 0.955078 0.990234 0.957031 0.986328 0.957031 0.984375 0.955078 0.984375 0.949219 0.986328 0.947266 0.990234 0.947266 0.992188 0.949219 0.994141 0.949219
0 0.822266 0.953125 0.822266 0.957031 0.818359 0.957031 0.816406 0.955078 0.820312 0.951172
0 0.884766 0.957031 0.882812 0.957031 0.880859 0.958984 0.876953 0.958984 0.875000 0.957031 0.875000 0.951172 0.876953 0.949219 0.880859 0.949219 0.882812 0.951172 0.884766 0.951172
0 0.246094 0.958984 0.244141 0.960938 0.244141 0.962891 0.242188 0.964844 0.236328 0.964844 0.234375 0.962891 0.234375 0.960938 0.232422 0.958984 0.232422 0.957031 0.234375 0.955078 0.234375 0.953125 0.236328 0.951172 0.242188 0.951172 0.244141 0.953125 0.244141 0.955078 0.246094 0.957031
0 0.808594 0.960938 0.806641 0.960938 0.804688 0.962891 0.800781 0.962891 0.798828 0.960938 0.798828 0.955078 0.800781 0.953125 0.804688 0.953125 0.806641 0.955078 0.808594 0.955078
0 0.947266 0.960938 0.945312 0.960938 0.943359 0.962891 0.939453 0.962891 0.937500 0.960938 0.937500 0.955078 0.939453 0.953125 0.943359 0.953125 0.945312 0.955078 0.947266 0.955078
0 0.789062 0.962891 0.787109 0.962891 0.785156 0.964844 0.781250 0.964844 0.779297 0.962891 0.779297 0.957031 0.781250 0.955078 0.785156 0.955078 0.787109 0.957031 0.789062 0.957031
0 0.900391 0.962891 0.894531 0.968750 0.888672 0.968750 0.882812 0.962891 0.882812 0.957031 0.888672 0.951172 0.894531 0.951172 0.900391 0.957031
0 0.998047 0.972656 0.992188 0.972656 0.986328 0.966797 0.986328 0.957031 0.988281 0.955078 0.990234 0.955078 0.990234 0.953125 0.992188 0.951172 0.998047 0.951172
0 0.671875 0.966797 0.669922 0.966797 0.667969 0.968750 0.664062 0.968750 0.662109 0.966797 0.662109 0.960938 0.664062 0.958984 0.667969 0.958984 0.669922 0.960938 0.671875 0.960938
0 0.978516 0.966797 0.976562 0.966797 0.974609 0.968750 0.970703 0.968750 0.968750 0.966797 0.968750 0.960938 0.970703 0.958984 0.974609 0.958984 0.976562 0.960938 0.978516 0.960938
0 0.855469 0.968750 0.855469 0.972656 0.851562 0.972656 0.849609 0.970703 0.853516 0.966797
0 0.886719 0.968750 0.886719 0.972656 0.882812 0.972656 0.880859 0.970703 0.884766 0.966797
0 0.875000 0.972656 0.873047 0.974609 0.873047 0.976562 0.871094 0.978516 0.865234 0.978516 0.863281 0.976562 0.863281 0.974609 0.861328 0.972656 0.861328 0.970703 0.863281 0.968750 0.863281 0.966797 0.865234 0.964844 0.871094 0.964844 0.873047 0.966797 0.873047 0.968750 0.875000 0.970703
0 0.941406 0.974609 0.935547 0.980469 0.929688 0.980469 0.923828 0.974609 0.923828 0.968750 0.929688 0.962891 0.935547 0.962891 0.941406 0.968750
0 0.757812 0.976562 0.755859 0.976562 0.753906 0.978516 0.750000 0.978516 0.748047 0.976562 0.748047 0.970703 0.750000 0.968750 0.753906 0.968750 0.755859 0.970703 0.757812 0.970703
0 0.896484 0.976562 0.896484 0.980469 0.892578 0.980469 0.890625 0.978516 0.894531 0.974609
0 0.849609 0.982422 0.843750 0.988281 0.837891 0.988281 0.832031 0.982422 0.832031 0.976562 0.837891 0.970703 0.843750 0.970703 0.849609 0.976562
0 0.494141 0.982422 0.492188 0.984375 0.492188 0.986328 0.490234 0.988281 0.484375 0.988281 0.482422 0.986328 0.482422 0.984375 0.480469 0.982422 0.480469 0.980469 0.482422 0.978516 0.482422 0.976562 0.484375 0.974609 0.490234 0.974609 0.492188 0.976562 0.492188 0.978516 0.494141 0.980469
0 0.914062 0.982422 0.912109 0.984375 0.912109 0.986328 0.910156 0.988281 0.904297 0.988281 0.902344 0.986328 0.902344 0.984375 0.900391 0.982422 0.900391 0.980469 0.902344 0.978516 0.902344 0.976562 0.904297 0.974609 0.910156 0.974609 0.912109 0.976562 0.912109 0.978516 0.914062 0.980469
0 0.853516 0.986328 0.851562 0.986328 0.849609 0.988281 0.845703 0.988281 0.843750 0.986328 0.843750 0.980469 0.845703 0.978516 0.849609 0.978516 0.851562 0.980469 0.853516 0.980469
0 0.525391 0.986328 0.523438 0.988281 0.523438 0.990234 0.521484 0.992188 0.515625 0.992188 0.513672 0.990234 0.513672 0.988281 0.511719 0.986328 0.511719 0.984375 0.513672 0.982422 0.513672 0.980469 0.515625 0.978516 0.521484 0.978516 0.523438 0.980469 0.523438 0.982422 0.525391 0.984375
0 0.722656 0.984375 0.722656 0.988281 0.718750 0.988281 0.716797 0.986328 0.720703 0.982422
0 0.744141 0.986328 0.742188 0.988281 0.742188 0.990234 0.740234 0.992188 0.734375 0.992188 0.732422 0.990234 0.732422 0.988281 0.730469 0.986328 0.730469 0.984375 0.732422 0.982422 0.732422 0.980469 0.734375 0.978516 0.740234 0.978516 0.742188 0.980469 0.742188 0.982422 0.744141 0.984375
0 0.833984 0.990234 0.832031 0.990234 0.830078 0.992188 0.826172 0.992188 0.824219 0.990234 0.824219 0.984375 0.826172 0.982422 0.830078 0.982422 0.832031 0.984375 0.833984 0.984375
0 0.794922 0.992188 0.792969 0.992188 0.791016 0.994141 0.787109 0.994141 0.785156 0.992188 0.785156 0.986328 0.787109 0.984375 0.791016 0.984375 0.792969 0.986328 0.794922 0.986328
0 0.615234 0.992188 0.613281 0.994141 0.613281 0.996094 0.611328 0.998047 0.605469 0.998047 0.603516 0.996094 0.603516 0.994141 0.601562 0.992188 0.601562 0.990234 0.603516 0.988281 0.603516 0.986328 0.605469 0.984375 0.611328 0.984375 0.613281 0.986328 0.613281 0.988281 0.615234 0.990234
0 0.636719 0.992188 0.636719 0.996094 0.632812 0.996094 0.630859 0.994141 0.634766 0.990234
0 0.800781 0.992188 0.800781 0.996094 0.796875 0.996094 0.794922 0.994141 0.798828 0.990234
0 0.488281 0.998047 0.470703 0.998047 0.470703 0.994141 0.476562 0.988281 0.482422 0.988281 0.488281 0.994141
0 0.585938 0.998047 0.572266 0.998047 0.572266 0.996094 0.574219 0.994141 0.574219 0.992188 0.576172 0.990234 0.582031 0.990234 0.583984 0.992188 0.583984 0.994141 0.585938 0.996094
0 0.621094 0.998047 0.603516 0.998047 0.603516 0.994141 0.609375 0.988281 0.615234 0.988281 0.621094 0.994141
0 0.708984 0.998047 0.699219 0.998047 0.699219 0.994141 0.701172 0.992188 0.705078 0.992188 0.707031 0.994141 0.708984 0.994141
0 0.724609 0.998047 0.714844 0.998047 0.714844 0.994141 0.716797 0.992188 0.720703 0.992188 0.722656 0.994141 0.724609 0.994141
0 0.746094 0.998047 0.724609 0.998047 0.724609 0.992188 0.726562 0.990234 0.728516 0.990234 0.728516 0.988281 0.730469 0.986328 0.740234 0.986328 0.746094 0.992188
0 0.755859 0.998047 0.738281 0.998047 0.738281 0.994141 0.744141 0.988281 0.750000 0.988281 0.755859 0.994141
0 0.861328 0.998047 0.839844 0.998047 0.839844 0.992188 0.841797 0.990234 0.843750 0.990234 0.843750 0.988281 0.845703 0.986328 0.855469 0.986328 0.861328 0.992188
0 0.916016 0.998047 0.894531 0.998047 0.894531 0.992188 0.896484 0.990234 0.898438 0.990234 0.898438 0.988281 0.900391 0.986328 0.910156 0.986328 0.916016 0.992188
0 0.935547 0.998047 0.921875 0.998047 0.921875 0.996094 0.923828 0.994141 0.923828 0.992188 0.925781 0.990234 0.931641 0.990234 0.933594 0.992188 0.933594 0.994141 0.935547 0.996094
