0 0.572266 0.003906 0.570312 0.003906 0.568359 0.005859 0.568359 0.007812 0.572266 0.007812
0 0.734375 0.019531 0.732422 0.021484 0.732422 0.025391 0.736328 0.029297 0.738281 0.029297 0.740234 0.027344 0.740234 0.021484 0.738281 0.019531
0 0.642578 0.042969 0.640625 0.044922 0.640625 0.048828 0.642578 0.050781 0.644531 0.050781 0.646484 0.048828 0.646484 0.044922 0.644531 0.042969
0 0.507812 0.052734 0.507812 0.056641 0.509766 0.058594 0.511719 0.058594 0.513672 0.056641 0.513672 0.054688 0.511719 0.052734
0 0.583984 0.058594 0.582031 0.056641 0.580078 0.056641 0.578125 0.058594 0.578125 0.060547 0.582031 0.060547
0 0.847656 0.087891 0.845703 0.089844 0.845703 0.091797 0.847656 0.093750 0.847656 0.095703 0.849609 0.095703 0.851562 0.093750 0.851562 0.089844 0.849609 0.087891
0 0.601562 0.105469 0.599609 0.107422 0.599609 0.111328 0.601562 0.113281 0.603516 0.113281 0.605469 0.111328 0.605469 0.109375 0.607422 0.107422 0.605469 0.107422 0.603516 0.105469
0 0.298828 0.113281 0.298828 0.117188 0.300781 0.119141 0.302734 0.119141 0.304688 0.117188 0.306641 0.117188 0.300781 0.111328
0 0.330078 0.119141 0.328125 0.121094 0.328125 0.125000 0.330078 0.126953 0.333984 0.126953 0.335938 0.125000 0.335938 0.121094 0.333984 0.119141
0 0.550781 0.117188 0.548828 0.119141 0.548828 0.125000 0.550781 0.126953 0.556641 0.126953 0.558594 0.125000 0.558594 0.121094 0.554688 0.117188
0 0.521484 0.136719 0.511719 0.136719 0.505859 0.142578 0.505859 0.146484 0.511719 0.152344 0.515625 0.152344 0.517578 0.150391 0.519531 0.150391 0.525391 0.144531 0.525391 0.140625
0 0.650391 0.146484 0.646484 0.150391 0.646484 0.156250 0.648438 0.158203 0.654297 0.158203 0.658203 0.154297 0.658203 0.150391 0.654297 0.146484
0 0.611328 0.150391 0.613281 0.152344 0.613281 0.156250 0.615234 0.158203 0.619141 0.158203 0.623047 0.154297 0.623047 0.152344 0.619141 0.148438 0.615234 0.148438 0.613281 0.150391
0 0.701172 0.148438 0.699219 0.150391 0.697266 0.150391 0.693359 0.154297 0.693359 0.160156 0.697266 0.164062 0.699219 0.164062 0.701172 0.166016 0.707031 0.166016 0.708984 0.164062 0.708984 0.160156 0.710938 0.158203 0.710938 0.154297 0.708984 0.154297 0.707031 0.152344 0.707031 0.150391 0.703125 0.150391
0 0.519531 0.197266 0.515625 0.201172 0.515625 0.203125 0.519531 0.207031 0.523438 0.207031 0.525391 0.205078 0.525391 0.201172 0.521484 0.197266
0 0.226562 0.210938 0.222656 0.210938 0.220703 0.212891 0.220703 0.214844 0.216797 0.218750 0.214844 0.218750 0.214844 0.220703 0.212891 0.222656 0.212891 0.226562 0.216797 0.230469 0.220703 0.230469 0.226562 0.224609 0.226562 0.220703 0.228516 0.218750 0.228516 0.212891
0 0.492188 0.216797 0.490234 0.218750 0.490234 0.220703 0.492188 0.222656 0.494141 0.222656 0.496094 0.220703 0.496094 0.218750 0.494141 0.216797
0 0.623047 0.214844 0.619141 0.218750 0.619141 0.226562 0.621094 0.228516 0.623047 0.228516 0.625000 0.230469 0.626953 0.230469 0.628906 0.228516 0.632812 0.228516 0.634766 0.226562 0.634766 0.218750 0.630859 0.214844
1 0.439453 0.218750 0.441406 0.220703 0.445312 0.220703 0.443359 0.218750
0 0.685547 0.232422 0.683594 0.234375 0.683594 0.238281 0.685547 0.240234 0.691406 0.240234 0.691406 0.238281 0.693359 0.236328 0.693359 0.234375 0.691406 0.234375 0.689453 0.232422
1 0.552734 0.265625 0.539062 0.250000 0.531250 0.246094 0.523438 0.248047 0.515625 0.257812 0.500000 0.255859 0.494141 0.261719 0.492188 0.269531 0.496094 0.279297 0.507812 0.283203 0.513672 0.281250 0.521484 0.269531 0.529297 0.273438 0.548828 0.275391 0.552734 0.271484
0 0.423828 0.283203 0.423828 0.287109 0.425781 0.289062 0.427734 0.294922 0.441406 0.294922 0.447266 0.289062 0.445312 0.287109 0.445312 0.283203 0.441406 0.279297 0.439453 0.279297 0.437500 0.277344 0.427734 0.277344
0 0.632812 0.277344 0.630859 0.279297 0.630859 0.287109 0.632812 0.289062 0.638672 0.289062 0.640625 0.287109 0.640625 0.285156 0.642578 0.283203 0.640625 0.281250 0.640625 0.279297 0.638672 0.277344
0 0.173828 0.287109 0.171875 0.291016 0.171875 0.296875 0.177734 0.304688 0.185547 0.308594 0.199219 0.308594 0.205078 0.302734 0.205078 0.294922 0.197266 0.287109 0.193359 0.285156 0.185547 0.285156 0.183594 0.283203 0.179688 0.283203
0 0.560547 0.302734 0.539062 0.302734 0.533203 0.304688 0.525391 0.314453 0.527344 0.326172 0.539062 0.333984 0.539062 0.341797 0.541016 0.343750 0.546875 0.343750 0.550781 0.339844 0.548828 0.330078 0.566406 0.316406 0.566406 0.308594
0 0.707031 0.308594 0.703125 0.312500 0.703125 0.316406 0.705078 0.318359 0.707031 0.318359 0.710938 0.314453 0.710938 0.312500
0 0.437500 0.314453 0.433594 0.318359 0.433594 0.322266 0.435547 0.324219 0.439453 0.324219 0.441406 0.322266 0.441406 0.316406 0.439453 0.316406
1 0.648438 0.322266 0.644531 0.318359 0.640625 0.318359 0.638672 0.320312 0.638672 0.322266 0.640625 0.324219 0.640625 0.328125 0.638672 0.330078 0.634766 0.326172 0.632812 0.326172 0.630859 0.328125 0.630859 0.332031 0.632812 0.333984 0.636719 0.333984 0.638672 0.332031 0.638672 0.330078 0.642578 0.326172 0.646484 0.326172 0.648438 0.324219
0 0.734375 0.316406 0.726562 0.316406 0.722656 0.320312 0.722656 0.322266 0.726562 0.326172 0.728516 0.326172 0.734375 0.320312
0 0.931641 0.320312 0.929688 0.318359 0.927734 0.320312
0 0.462891 0.320312 0.460938 0.322266 0.460938 0.324219 0.462891 0.326172 0.464844 0.326172 0.466797 0.324219 0.466797 0.322266 0.464844 0.320312
0 0.462891 0.335938 0.460938 0.337891 0.462891 0.339844 0.464844 0.339844 0.466797 0.337891 0.464844 0.335938
0 0.503906 0.343750 0.500000 0.345703 0.494141 0.351562 0.494141 0.359375 0.501953 0.365234 0.500000 0.369141 0.503906 0.373047 0.509766 0.373047 0.513672 0.369141 0.513672 0.363281 0.511719 0.359375 0.513672 0.357422 0.513672 0.353516 0.515625 0.349609 0.513672 0.345703 0.509766 0.343750
0 0.582031 0.345703 0.580078 0.347656 0.580078 0.349609 0.582031 0.351562 0.583984 0.351562 0.585938 0.349609 0.585938 0.347656 0.583984 0.345703
0 0.402344 0.347656 0.400391 0.349609 0.398438 0.349609 0.396484 0.351562 0.396484 0.353516 0.400391 0.357422 0.404297 0.357422 0.406250 0.355469 0.406250 0.351562
0 0.527344 0.349609 0.525391 0.349609 0.523438 0.351562 0.521484 0.351562 0.519531 0.353516 0.519531 0.357422 0.523438 0.361328 0.527344 0.361328 0.531250 0.357422 0.531250 0.353516
0 0.789062 0.361328 0.789062 0.375000 0.792969 0.378906 0.800781 0.378906 0.802734 0.376953 0.802734 0.367188 0.800781 0.365234 0.800781 0.363281 0.796875 0.359375 0.792969 0.359375 0.791016 0.361328
0 0.568359 0.373047 0.566406 0.371094 0.564453 0.373047 0.564453 0.375000 0.568359 0.375000
0 0.812500 0.371094 0.810547 0.371094 0.808594 0.373047 0.810547 0.375000 0.810547 0.376953 0.812500 0.375000 0.814453 0.375000 0.814453 0.373047
0 0.435547 0.376953 0.431641 0.376953 0.429688 0.378906 0.429688 0.382812 0.431641 0.384766 0.433594 0.384766 0.435547 0.382812
0 0.484375 0.375000 0.484375 0.376953 0.486328 0.378906 0.488281 0.378906 0.490234 0.376953 0.488281 0.375000
0 0.500000 0.380859 0.501953 0.382812 0.505859 0.382812 0.505859 0.378906 0.501953 0.378906
0 0.357422 0.382812 0.357422 0.386719 0.361328 0.386719 0.361328 0.382812
0 0.451172 0.384766 0.449219 0.386719 0.449219 0.388672 0.451172 0.390625 0.453125 0.390625 0.453125 0.386719
0 0.527344 0.382812 0.525391 0.384766 0.525391 0.392578 0.527344 0.392578 0.529297 0.394531 0.531250 0.394531 0.535156 0.390625 0.535156 0.386719 0.533203 0.384766 0.531250 0.384766 0.529297 0.382812
0 0.582031 0.384766 0.580078 0.386719 0.582031 0.388672 0.583984 0.388672 0.583984 0.384766
0 0.486328 0.388672 0.480469 0.394531 0.480469 0.398438 0.482422 0.400391 0.484375 0.400391 0.488281 0.404297 0.490234 0.402344 0.492188 0.402344 0.492188 0.400391 0.496094 0.396484 0.496094 0.394531 0.492188 0.390625 0.490234 0.390625 0.488281 0.388672
0 0.419922 0.390625 0.417969 0.392578 0.417969 0.398438 0.421875 0.402344 0.423828 0.402344 0.427734 0.406250 0.425781 0.408203 0.427734 0.410156 0.429688 0.408203 0.425781 0.404297 0.425781 0.402344 0.429688 0.398438 0.429688 0.394531 0.425781 0.390625
0 0.664062 0.390625 0.662109 0.392578 0.662109 0.394531 0.664062 0.396484 0.666016 0.396484 0.667969 0.394531 0.667969 0.392578 0.666016 0.390625
0 0.455078 0.394531 0.453125 0.396484 0.453125 0.402344 0.457031 0.406250 0.458984 0.406250 0.462891 0.402344 0.462891 0.396484 0.460938 0.394531
0 0.539062 0.406250 0.539062 0.410156 0.541016 0.410156 0.541016 0.408203
0 0.332031 0.410156 0.330078 0.412109 0.330078 0.414062 0.332031 0.416016 0.335938 0.416016 0.335938 0.412109 0.333984 0.410156
0 0.474609 0.412109 0.468750 0.410156 0.466797 0.412109 0.464844 0.412109 0.460938 0.416016 0.460938 0.423828 0.458984 0.425781 0.458984 0.429688 0.460938 0.431641 0.466797 0.427734 0.468750 0.429688 0.476562 0.429688 0.476562 0.427734 0.478516 0.425781 0.478516 0.417969
0 0.492188 0.412109 0.490234 0.414062 0.490234 0.419922 0.494141 0.423828 0.496094 0.423828 0.498047 0.421875 0.498047 0.416016 0.496094 0.414062 0.494141 0.414062
0 0.361328 0.414062 0.359375 0.416016 0.359375 0.417969 0.361328 0.419922 0.363281 0.419922 0.365234 0.417969 0.365234 0.416016 0.363281 0.414062
0 0.302734 0.417969 0.298828 0.421875 0.300781 0.423828 0.302734 0.423828 0.304688 0.421875 0.304688 0.419922
0 0.623047 0.421875 0.621094 0.423828 0.621094 0.425781 0.619141 0.427734 0.619141 0.429688 0.617188 0.431641 0.617188 0.433594 0.623047 0.439453 0.625000 0.439453 0.630859 0.433594 0.630859 0.425781 0.628906 0.423828 0.626953 0.423828 0.625000 0.421875
0 0.806641 0.425781 0.808594 0.427734 0.812500 0.427734 0.810547 0.425781 0.810547 0.423828 0.808594 0.423828
0 0.416016 0.425781 0.414062 0.427734 0.416016 0.429688 0.416016 0.431641 0.417969 0.431641 0.419922 0.429688 0.419922 0.427734 0.417969 0.425781
0 0.667969 0.429688 0.664062 0.433594 0.664062 0.437500 0.666016 0.439453 0.669922 0.439453 0.671875 0.441406 0.669922 0.439453 0.671875 0.437500 0.673828 0.437500 0.673828 0.433594 0.669922 0.429688
0 0.740234 0.433594 0.738281 0.431641 0.736328 0.433594 0.736328 0.435547 0.738281 0.435547
0 0.259766 0.433594 0.257812 0.435547 0.257812 0.439453 0.259766 0.441406 0.261719 0.441406 0.263672 0.439453 0.263672 0.435547 0.261719 0.433594
1 0.445312 0.433594 0.443359 0.435547 0.443359 0.439453 0.447266 0.445312 0.443359 0.449219 0.443359 0.453125 0.445312 0.455078 0.445312 0.460938 0.449219 0.460938 0.453125 0.457031 0.453125 0.451172 0.447266 0.441406 0.449219 0.439453 0.449219 0.435547 0.447266 0.433594
0 0.609375 0.435547 0.605469 0.439453 0.605469 0.441406 0.607422 0.443359 0.613281 0.443359 0.615234 0.441406 0.615234 0.437500 0.613281 0.435547
0 0.802734 0.433594 0.798828 0.437500 0.798828 0.441406 0.800781 0.443359 0.806641 0.443359 0.808594 0.441406 0.808594 0.437500 0.804688 0.433594
0 0.564453 0.439453 0.558594 0.439453 0.550781 0.447266 0.544922 0.445312 0.537109 0.451172 0.533203 0.460938 0.535156 0.474609 0.529297 0.478516 0.531250 0.480469 0.525391 0.482422 0.529297 0.482422 0.531250 0.486328 0.548828 0.488281 0.556641 0.494141 0.560547 0.480469 0.560547 0.470703 0.556641 0.460938 0.568359 0.451172 0.568359 0.443359
0 0.884766 0.439453 0.882812 0.439453 0.880859 0.437500 0.878906 0.437500 0.875000 0.441406 0.875000 0.443359 0.878906 0.447266 0.876953 0.449219 0.880859 0.449219 0.884766 0.445312
0 0.363281 0.447266 0.357422 0.453125 0.361328 0.468750 0.371094 0.480469 0.376953 0.480469 0.392578 0.466797 0.392578 0.462891 0.390625 0.460938 0.386719 0.460938 0.375000 0.447266
0 0.675781 0.449219 0.675781 0.455078 0.677734 0.457031 0.687500 0.457031 0.689453 0.455078 0.689453 0.447266 0.687500 0.445312 0.681641 0.445312 0.679688 0.447266 0.677734 0.447266
0 0.666016 0.449219 0.662109 0.449219 0.662109 0.451172 0.664062 0.453125 0.666016 0.451172
0 0.595703 0.453125 0.591797 0.453125 0.589844 0.455078 0.587891 0.455078 0.585938 0.457031 0.585938 0.460938 0.583984 0.462891 0.583984 0.466797 0.585938 0.468750 0.585938 0.480469 0.593750 0.486328 0.599609 0.482422 0.599609 0.466797 0.601562 0.464844 0.601562 0.458984
1 0.257812 0.460938 0.255859 0.458984 0.253906 0.458984 0.251953 0.460938 0.248047 0.460938 0.248047 0.464844 0.251953 0.464844 0.253906 0.462891 0.255859 0.462891
0 0.701172 0.466797 0.695312 0.460938 0.693359 0.460938 0.691406 0.462891 0.689453 0.462891 0.683594 0.468750 0.683594 0.474609 0.685547 0.476562 0.693359 0.476562 0.695312 0.474609 0.697266 0.474609 0.697266 0.472656 0.701172 0.468750
0 0.935547 0.460938 0.933594 0.462891 0.933594 0.468750 0.935547 0.470703 0.941406 0.470703 0.943359 0.468750 0.941406 0.466797 0.941406 0.464844 0.939453 0.462891 0.937500 0.462891
0 0.720703 0.464844 0.718750 0.466797 0.718750 0.470703 0.720703 0.472656 0.722656 0.472656 0.724609 0.474609 0.724609 0.472656 0.726562 0.470703 0.726562 0.466797 0.724609 0.464844
0 0.476562 0.468750 0.474609 0.470703 0.474609 0.476562 0.476562 0.478516 0.480469 0.478516 0.484375 0.474609 0.484375 0.470703 0.482422 0.470703 0.480469 0.468750
0 0.621094 0.472656 0.619141 0.474609 0.619141 0.476562 0.621094 0.478516 0.623047 0.478516 0.625000 0.476562 0.625000 0.474609 0.623047 0.472656
0 0.644531 0.472656 0.642578 0.474609 0.644531 0.476562 0.646484 0.476562 0.646484 0.472656
0 0.265625 0.478516 0.263672 0.480469 0.263672 0.482422 0.265625 0.482422
0 0.425781 0.478516 0.421875 0.482422 0.421875 0.484375 0.425781 0.488281 0.427734 0.488281 0.431641 0.484375 0.431641 0.482422 0.427734 0.478516
0 0.406250 0.482422 0.404297 0.484375 0.404297 0.486328 0.402344 0.488281 0.406250 0.492188 0.408203 0.490234 0.410156 0.490234 0.412109 0.488281 0.412109 0.486328 0.410156 0.484375 0.408203 0.484375
0 0.748047 0.486328 0.744141 0.490234 0.744141 0.494141 0.748047 0.494141 0.750000 0.492188 0.750000 0.490234 0.748047 0.488281
0 0.818359 0.484375 0.818359 0.486328 0.820312 0.488281 0.824219 0.488281 0.824219 0.486328 0.822266 0.484375
0 0.605469 0.494141 0.605469 0.498047 0.607422 0.498047 0.607422 0.494141
0 0.927734 0.494141 0.925781 0.496094 0.925781 0.500000 0.929688 0.503906 0.931641 0.503906 0.933594 0.501953 0.933594 0.496094 0.931641 0.494141
0 0.304688 0.500000 0.304688 0.501953 0.302734 0.503906 0.302734 0.509766 0.306641 0.513672 0.312500 0.513672 0.316406 0.509766 0.322266 0.513672 0.322266 0.511719 0.320312 0.509766 0.320312 0.503906 0.316406 0.500000 0.314453 0.500000 0.312500 0.498047 0.310547 0.498047 0.308594 0.500000
0 0.351562 0.503906 0.347656 0.503906 0.345703 0.505859 0.345703 0.509766 0.347656 0.511719 0.349609 0.511719 0.351562 0.509766
0 0.568359 0.505859 0.566406 0.505859 0.566406 0.507812 0.564453 0.509766 0.562500 0.509766 0.558594 0.513672 0.556641 0.513672 0.556641 0.515625 0.554688 0.517578 0.554688 0.523438 0.552734 0.525391 0.560547 0.533203 0.566406 0.531250 0.570312 0.527344 0.570312 0.525391 0.572266 0.523438 0.572266 0.515625 0.568359 0.509766
0 0.263672 0.513672 0.259766 0.513672 0.257812 0.515625 0.255859 0.515625 0.253906 0.517578 0.253906 0.519531 0.255859 0.521484 0.257812 0.521484 0.263672 0.515625
0 0.367188 0.515625 0.367188 0.517578 0.369141 0.519531 0.371094 0.519531 0.371094 0.515625
0 0.998047 0.519531 0.994141 0.523438 0.994141 0.525391 0.992188 0.527344 0.994141 0.527344 0.996094 0.529297 0.998047 0.529297
0 0.548828 0.523438 0.546875 0.525391 0.546875 0.527344 0.548828 0.527344
0 0.640625 0.527344 0.638672 0.531250 0.638672 0.539062 0.648438 0.550781 0.646484 0.552734 0.646484 0.560547 0.656250 0.560547 0.658203 0.556641 0.656250 0.546875 0.660156 0.542969 0.660156 0.537109 0.656250 0.529297 0.648438 0.525391
0 0.916016 0.531250 0.914062 0.533203 0.914062 0.535156 0.916016 0.537109 0.917969 0.537109 0.919922 0.535156 0.919922 0.533203 0.917969 0.531250
0 0.960938 0.533203 0.960938 0.539062 0.964844 0.539062 0.966797 0.537109 0.966797 0.535156 0.964844 0.533203
0 0.351562 0.544922 0.347656 0.544922 0.347656 0.546875 0.349609 0.548828 0.351562 0.546875
0 0.566406 0.542969 0.562500 0.546875 0.564453 0.548828 0.564453 0.552734 0.566406 0.552734 0.568359 0.554688 0.572266 0.550781 0.570312 0.548828 0.570312 0.544922 0.568359 0.542969
0 0.603516 0.542969 0.601562 0.544922 0.601562 0.550781 0.603516 0.552734 0.605469 0.552734 0.607422 0.550781 0.607422 0.548828 0.609375 0.546875 0.605469 0.542969
0 0.673828 0.546875 0.671875 0.548828 0.669922 0.548828 0.669922 0.550781 0.667969 0.552734 0.667969 0.560547 0.671875 0.566406 0.679688 0.566406 0.683594 0.562500 0.683594 0.554688 0.677734 0.548828 0.675781 0.548828
0 0.435547 0.550781 0.433594 0.552734 0.431641 0.552734 0.429688 0.554688 0.429688 0.558594 0.431641 0.560547 0.435547 0.560547 0.439453 0.556641 0.439453 0.554688
0 0.474609 0.550781 0.468750 0.556641 0.476562 0.564453 0.478516 0.564453 0.482422 0.560547 0.482422 0.554688 0.480469 0.552734 0.478516 0.552734 0.476562 0.550781
0 0.494141 0.550781 0.494141 0.556641 0.496094 0.558594 0.498047 0.558594 0.500000 0.556641 0.500000 0.554688 0.498047 0.552734 0.496094 0.552734
0 0.931641 0.556641 0.923828 0.556641 0.923828 0.558594 0.921875 0.560547 0.921875 0.562500 0.923828 0.564453 0.921875 0.566406 0.925781 0.570312 0.927734 0.568359 0.929688 0.568359 0.931641 0.566406 0.931641 0.564453 0.933594 0.562500 0.933594 0.558594
1 0.531250 0.562500 0.529297 0.564453 0.529297 0.570312 0.527344 0.572266 0.527344 0.580078 0.531250 0.583984 0.535156 0.583984 0.537109 0.582031 0.537109 0.578125 0.539062 0.576172 0.535156 0.572266 0.535156 0.570312 0.533203 0.568359 0.535156 0.566406 0.535156 0.562500
1 0.550781 0.562500 0.542969 0.572266 0.544922 0.570312 0.550781 0.578125 0.544922 0.583984 0.541016 0.583984 0.541016 0.589844 0.544922 0.593750 0.548828 0.589844 0.552734 0.589844 0.554688 0.593750 0.550781 0.597656 0.550781 0.603516 0.558594 0.609375 0.564453 0.609375 0.568359 0.605469 0.566406 0.599609 0.570312 0.595703 0.570312 0.591797 0.560547 0.582031 0.560547 0.576172 0.554688 0.570312 0.554688 0.564453
0 0.615234 0.570312 0.615234 0.574219 0.617188 0.576172 0.617188 0.578125 0.619141 0.578125 0.621094 0.580078 0.623047 0.580078 0.625000 0.582031 0.626953 0.580078 0.628906 0.580078 0.632812 0.576172 0.630859 0.574219 0.630859 0.572266 0.625000 0.566406 0.617188 0.566406 0.617188 0.568359
0 0.640625 0.568359 0.638672 0.570312 0.638672 0.576172 0.644531 0.576172 0.646484 0.574219 0.646484 0.570312 0.644531 0.568359
1 0.349609 0.662109 0.392578 0.683594 0.396484 0.669922 0.404297 0.675781 0.416016 0.666016 0.437500 0.671875 0.443359 0.679688 0.445312 0.667969 0.480469 0.650391 0.488281 0.638672 0.500000 0.646484 0.500000 0.634766 0.513672 0.636719 0.527344 0.625000 0.535156 0.638672 0.544922 0.617188 0.507812 0.617188 0.484375 0.636719 0.464844 0.642578 0.455078 0.626953 0.458984 0.619141 0.445312 0.611328 0.451172 0.593750 0.443359 0.595703 0.435547 0.580078 0.421875 0.576172 0.408203 0.585938 0.423828 0.601562 0.421875 0.609375 0.398438 0.617188 0.404297 0.636719 0.392578 0.646484 0.384766 0.626953 0.392578 0.623047 0.386719 0.591797 0.353516 0.591797 0.357422 0.595703 0.347656 0.615234 0.355469 0.644531
0 0.507812 0.574219 0.505859 0.576172 0.505859 0.580078 0.509766 0.583984 0.513672 0.583984 0.515625 0.582031 0.515625 0.580078 0.517578 0.578125 0.517578 0.576172 0.515625 0.576172 0.513672 0.574219
1 0.468750 0.580078 0.468750 0.582031 0.474609 0.582031 0.476562 0.583984 0.476562 0.585938 0.488281 0.597656 0.492188 0.593750 0.492188 0.589844 0.486328 0.583984 0.484375 0.578125 0.480469 0.578125 0.476562 0.582031 0.474609 0.582031 0.470703 0.578125
0 0.445312 0.582031 0.443359 0.583984 0.443359 0.585938 0.445312 0.585938 0.447266 0.587891 0.449219 0.585938 0.449219 0.583984 0.447266 0.582031
0 0.582031 0.585938 0.580078 0.585938 0.578125 0.587891 0.578125 0.591797 0.576172 0.593750 0.578125 0.595703 0.583984 0.589844 0.583984 0.587891
0 0.691406 0.585938 0.691406 0.587891 0.693359 0.587891 0.693359 0.585938
0 0.638672 0.595703 0.634766 0.599609 0.634766 0.601562 0.632812 0.603516 0.634766 0.605469 0.632812 0.607422 0.634766 0.609375 0.634766 0.613281 0.638672 0.617188 0.646484 0.617188 0.652344 0.611328 0.652344 0.601562 0.646484 0.597656 0.640625 0.597656
0 0.513672 0.599609 0.515625 0.601562 0.515625 0.603516 0.519531 0.603516 0.519531 0.601562 0.517578 0.599609 0.515625 0.601562
0 0.488281 0.603516 0.486328 0.605469 0.484375 0.605469 0.484375 0.609375 0.486328 0.611328 0.488281 0.609375 0.490234 0.609375 0.490234 0.605469
0 0.943359 0.601562 0.941406 0.603516 0.945312 0.607422 0.947266 0.607422 0.949219 0.605469 0.949219 0.603516 0.947266 0.601562
0 0.791016 0.607422 0.789062 0.607422 0.785156 0.611328 0.785156 0.613281 0.787109 0.615234 0.791016 0.615234 0.792969 0.613281 0.792969 0.609375
1 0.572266 0.613281 0.578125 0.613281 0.576172 0.611328 0.574219 0.611328
0 0.662109 0.613281 0.660156 0.615234 0.660156 0.617188 0.662109 0.619141 0.664062 0.619141 0.666016 0.617188 0.666016 0.615234 0.664062 0.613281
0 0.730469 0.617188 0.728516 0.619141 0.728516 0.625000 0.734375 0.630859 0.736328 0.628906 0.738281 0.628906 0.740234 0.630859 0.740234 0.628906 0.742188 0.626953 0.742188 0.623047 0.736328 0.617188
0 0.550781 0.625000 0.550781 0.626953 0.548828 0.628906 0.546875 0.628906 0.546875 0.630859 0.544922 0.632812 0.544922 0.636719 0.542969 0.638672 0.544922 0.640625 0.548828 0.640625 0.550781 0.638672 0.550781 0.636719 0.552734 0.634766 0.554688 0.634766 0.556641 0.636719 0.558594 0.634766 0.556641 0.632812 0.556641 0.630859
0 0.267578 0.628906 0.265625 0.630859 0.265625 0.634766 0.267578 0.636719 0.269531 0.634766 0.269531 0.630859
0 0.144531 0.636719 0.144531 0.638672 0.150391 0.638672 0.150391 0.636719 0.148438 0.634766 0.146484 0.634766
0 0.433594 0.634766 0.431641 0.636719 0.431641 0.640625 0.435547 0.640625 0.435547 0.636719
0 0.873047 0.632812 0.871094 0.634766 0.869141 0.634766 0.865234 0.638672 0.865234 0.646484 0.871094 0.652344 0.873047 0.652344 0.875000 0.654297 0.880859 0.654297 0.886719 0.650391 0.886719 0.642578 0.878906 0.634766 0.875000 0.634766
0 0.625000 0.638672 0.625000 0.640625 0.626953 0.642578 0.628906 0.642578 0.628906 0.638672
0 0.775391 0.638672 0.777344 0.640625 0.779297 0.640625 0.781250 0.642578 0.781250 0.638672
0 0.656250 0.642578 0.650391 0.648438 0.650391 0.650391 0.652344 0.652344 0.650391 0.654297 0.652344 0.656250 0.652344 0.658203 0.654297 0.658203 0.658203 0.662109 0.658203 0.664062 0.660156 0.666016 0.662109 0.666016 0.664062 0.664062 0.664062 0.662109 0.669922 0.656250 0.669922 0.654297 0.667969 0.652344 0.667969 0.650391 0.662109 0.644531 0.658203 0.644531
0 0.335938 0.650391 0.339844 0.654297 0.339844 0.650391
1 0.519531 0.650391 0.515625 0.654297 0.515625 0.656250 0.521484 0.660156 0.521484 0.664062 0.519531 0.666016 0.523438 0.671875 0.525391 0.669922 0.527344 0.669922 0.529297 0.667969 0.529297 0.666016 0.525391 0.662109 0.525391 0.654297 0.521484 0.650391
1 0.544922 0.648438 0.548828 0.652344 0.548828 0.654297 0.550781 0.654297 0.552734 0.656250 0.554688 0.656250 0.556641 0.658203 0.560547 0.654297 0.560547 0.652344 0.558594 0.650391 0.550781 0.650391 0.548828 0.648438
0 0.607422 0.658203 0.605469 0.656250 0.605469 0.654297 0.603516 0.654297 0.601562 0.652344 0.601562 0.650391 0.601562 0.652344 0.599609 0.654297 0.595703 0.654297 0.593750 0.652344 0.589844 0.656250 0.585938 0.656250 0.585938 0.658203 0.583984 0.660156 0.583984 0.666016 0.585938 0.666016 0.589844 0.669922 0.595703 0.669922 0.595703 0.667969 0.597656 0.666016 0.597656 0.662109 0.601562 0.658203
0 0.177734 0.671875 0.177734 0.673828 0.175781 0.675781 0.175781 0.677734 0.179688 0.681641 0.183594 0.677734 0.183594 0.675781 0.179688 0.671875
0 0.310547 0.675781 0.312500 0.677734 0.310547 0.679688 0.310547 0.681641 0.308594 0.683594 0.310547 0.683594 0.312500 0.685547 0.314453 0.683594 0.316406 0.683594 0.316406 0.679688 0.314453 0.679688
0 0.517578 0.675781 0.517578 0.677734 0.515625 0.679688 0.513672 0.679688 0.511719 0.681641 0.509766 0.681641 0.505859 0.685547 0.505859 0.687500 0.509766 0.691406 0.513672 0.691406 0.515625 0.689453 0.515625 0.687500 0.517578 0.685547 0.517578 0.683594 0.515625 0.681641 0.519531 0.677734
0 0.623047 0.675781 0.621094 0.677734 0.621094 0.679688 0.619141 0.681641 0.619141 0.685547 0.617188 0.687500 0.621094 0.691406 0.628906 0.691406 0.632812 0.687500 0.632812 0.685547 0.630859 0.683594 0.630859 0.679688 0.626953 0.675781 0.625000 0.677734
0 0.921875 0.677734 0.921875 0.681641 0.925781 0.681641 0.925781 0.679688 0.923828 0.677734
1 0.845703 0.685547 0.841797 0.681641 0.837891 0.681641 0.835938 0.683594 0.835938 0.687500 0.833984 0.689453 0.826172 0.689453 0.826172 0.695312 0.828125 0.695312 0.830078 0.697266 0.832031 0.697266 0.835938 0.691406 0.841797 0.691406 0.843750 0.689453 0.845703 0.689453
0 0.371094 0.689453 0.371094 0.693359 0.373047 0.695312 0.375000 0.695312 0.375000 0.691406 0.373047 0.689453
0 0.460938 0.689453 0.458984 0.691406 0.460938 0.693359 0.462891 0.691406
0 0.382812 0.695312 0.384766 0.697266 0.388672 0.697266 0.388672 0.695312 0.386719 0.693359 0.384766 0.693359
0 0.529297 0.695312 0.525391 0.695312 0.523438 0.697266 0.523438 0.699219 0.519531 0.705078 0.519531 0.707031 0.527344 0.714844 0.527344 0.712891 0.531250 0.708984 0.531250 0.707031 0.535156 0.703125 0.535156 0.701172 0.533203 0.699219 0.533203 0.697266 0.531250 0.697266
0 0.638672 0.697266 0.636719 0.699219 0.636719 0.701172 0.634766 0.703125 0.640625 0.708984 0.644531 0.708984 0.644531 0.707031 0.646484 0.705078 0.646484 0.699219 0.644531 0.697266
0 0.583984 0.699219 0.582031 0.701172 0.580078 0.701172 0.580078 0.705078 0.582031 0.707031 0.583984 0.707031 0.585938 0.705078 0.585938 0.701172
0 0.089844 0.707031 0.085938 0.703125 0.083984 0.705078 0.082031 0.705078 0.080078 0.707031 0.080078 0.708984 0.082031 0.710938 0.085938 0.710938
0 0.453125 0.708984 0.451172 0.708984 0.449219 0.710938 0.451172 0.712891 0.453125 0.710938
0 0.371094 0.710938 0.369141 0.712891 0.369141 0.714844 0.371094 0.716797 0.371094 0.718750 0.375000 0.718750 0.376953 0.716797 0.376953 0.714844 0.373047 0.710938
0 0.960938 0.710938 0.957031 0.714844 0.958984 0.716797 0.962891 0.716797 0.962891 0.712891
0 0.335938 0.720703 0.333984 0.722656 0.337891 0.726562 0.337891 0.724609 0.339844 0.722656 0.337891 0.720703
0 0.449219 0.718750 0.447266 0.720703 0.449219 0.722656 0.451172 0.720703
0 0.556641 0.718750 0.554688 0.718750 0.552734 0.720703 0.552734 0.722656 0.554688 0.724609 0.556641 0.722656 0.558594 0.722656 0.558594 0.720703
0 0.603516 0.720703 0.605469 0.722656 0.607422 0.720703
1 0.607422 0.728516 0.615234 0.728516 0.617188 0.730469 0.619141 0.730469 0.619141 0.726562 0.617188 0.726562 0.615234 0.724609 0.611328 0.724609
0 0.644531 0.724609 0.642578 0.726562 0.642578 0.728516 0.644531 0.730469 0.646484 0.730469 0.648438 0.728516 0.648438 0.726562 0.646484 0.724609
1 0.355469 0.728516 0.353516 0.730469 0.353516 0.732422 0.355469 0.734375 0.351562 0.738281 0.351562 0.740234 0.353516 0.742188 0.353516 0.744141 0.355469 0.744141 0.357422 0.742188 0.357422 0.736328 0.355469 0.734375
0 0.548828 0.728516 0.548828 0.730469 0.550781 0.730469 0.550781 0.728516
0 0.933594 0.734375 0.931641 0.736328 0.931641 0.740234 0.933594 0.742188 0.937500 0.742188 0.939453 0.740234 0.939453 0.736328 0.937500 0.734375
0 0.333984 0.740234 0.330078 0.744141 0.330078 0.746094 0.333984 0.750000 0.335938 0.750000 0.339844 0.746094 0.339844 0.744141 0.335938 0.740234
0 0.710938 0.744141 0.708984 0.746094 0.708984 0.748047 0.710938 0.750000 0.712891 0.750000 0.714844 0.748047 0.714844 0.746094 0.712891 0.744141
0 0.978516 0.742188 0.976562 0.744141 0.976562 0.746094 0.978516 0.748047 0.980469 0.746094 0.980469 0.744141
0 0.447266 0.748047 0.447266 0.750000 0.445312 0.751953 0.447266 0.753906 0.451172 0.753906 0.453125 0.751953 0.453125 0.750000 0.451172 0.750000 0.449219 0.748047
1 0.777344 0.750000 0.779297 0.751953 0.781250 0.750000 0.783203 0.750000 0.783203 0.748047 0.779297 0.748047
0 0.578125 0.751953 0.576172 0.753906 0.576172 0.755859 0.574219 0.757812 0.574219 0.759766 0.576172 0.761719 0.582031 0.761719 0.583984 0.759766 0.583984 0.755859 0.580078 0.751953
1 0.832031 0.755859 0.830078 0.759766 0.824219 0.763672 0.820312 0.779297 0.826172 0.789062 0.830078 0.789062 0.833984 0.794922 0.839844 0.798828 0.837891 0.796875 0.839844 0.792969 0.835938 0.789062 0.839844 0.775391 0.832031 0.765625 0.832031 0.761719 0.833984 0.759766
0 0.392578 0.759766 0.390625 0.761719 0.390625 0.765625 0.392578 0.767578 0.394531 0.767578 0.394531 0.765625 0.396484 0.763672 0.394531 0.761719 0.394531 0.759766
0 0.542969 0.757812 0.541016 0.759766 0.541016 0.761719 0.542969 0.763672 0.544922 0.763672 0.546875 0.765625 0.546875 0.763672 0.548828 0.761719 0.544922 0.757812
0 0.654297 0.759766 0.652344 0.761719 0.650391 0.761719 0.648438 0.763672 0.648438 0.765625 0.650391 0.767578 0.654297 0.767578 0.656250 0.765625 0.656250 0.761719
0 0.722656 0.757812 0.722656 0.761719 0.726562 0.761719 0.726562 0.759766 0.724609 0.757812
0 0.337891 0.763672 0.335938 0.763672 0.333984 0.761719 0.332031 0.761719 0.328125 0.765625 0.326172 0.765625 0.326172 0.769531 0.330078 0.773438 0.332031 0.773438 0.333984 0.771484 0.335938 0.771484 0.335938 0.769531 0.337891 0.767578
0 0.814453 0.761719 0.814453 0.765625 0.816406 0.763672
0 0.859375 0.761719 0.857422 0.761719 0.855469 0.763672 0.853516 0.763672 0.853516 0.767578 0.855469 0.769531 0.859375 0.769531 0.861328 0.767578 0.861328 0.763672
0 0.958984 0.761719 0.958984 0.763672 0.962891 0.763672 0.960938 0.761719
0 0.285156 0.767578 0.279297 0.767578 0.277344 0.769531 0.277344 0.771484 0.281250 0.775391 0.281250 0.777344 0.287109 0.771484 0.285156 0.769531
0 0.533203 0.767578 0.533203 0.773438 0.535156 0.773438 0.537109 0.771484 0.539062 0.771484 0.539062 0.769531 0.537109 0.767578
0 0.556641 0.765625 0.554688 0.769531 0.558594 0.773438 0.560547 0.771484 0.564453 0.775391 0.562500 0.777344 0.562500 0.789062 0.566406 0.794922 0.564453 0.796875 0.568359 0.794922 0.570312 0.798828 0.572266 0.796875 0.580078 0.796875 0.583984 0.792969 0.583984 0.787109 0.585938 0.785156 0.583984 0.781250 0.585938 0.779297 0.570312 0.773438 0.564453 0.775391 0.562500 0.773438 0.564453 0.769531 0.560547 0.765625
0 0.597656 0.767578 0.593750 0.767578 0.589844 0.771484 0.589844 0.773438 0.591797 0.775391 0.591797 0.779297 0.593750 0.781250 0.593750 0.783203 0.595703 0.783203 0.595703 0.781250 0.597656 0.779297 0.599609 0.779297 0.599609 0.775391 0.601562 0.773438 0.599609 0.771484 0.599609 0.769531
1 0.630859 0.781250 0.632812 0.785156 0.640625 0.785156 0.642578 0.787109 0.644531 0.794922 0.648438 0.796875 0.646484 0.798828 0.648438 0.804688 0.648438 0.798828 0.656250 0.794922 0.658203 0.789062 0.662109 0.791016 0.662109 0.798828 0.664062 0.800781 0.671875 0.792969 0.677734 0.792969 0.689453 0.787109 0.693359 0.791016 0.689453 0.810547 0.695312 0.812500 0.699219 0.808594 0.697266 0.806641 0.699219 0.792969 0.707031 0.785156 0.707031 0.777344 0.703125 0.771484 0.695312 0.769531 0.687500 0.773438 0.679688 0.767578 0.667969 0.767578 0.660156 0.775391 0.658203 0.783203 0.652344 0.781250 0.646484 0.775391 0.634766 0.777344
0 0.732422 0.767578 0.730469 0.769531 0.730469 0.773438 0.732422 0.775391 0.736328 0.775391 0.738281 0.773438 0.738281 0.771484 0.734375 0.767578
0 0.779297 0.765625 0.779297 0.767578 0.777344 0.769531 0.779297 0.771484 0.779297 0.773438 0.781250 0.771484 0.785156 0.771484 0.785156 0.769531 0.787109 0.767578 0.785156 0.765625
0 0.626953 0.783203 0.623047 0.779297 0.621094 0.779297 0.619141 0.777344 0.617188 0.777344 0.615234 0.775391 0.613281 0.775391 0.609375 0.779297 0.609375 0.783203 0.607422 0.785156 0.611328 0.791016 0.615234 0.791016 0.619141 0.787109 0.623047 0.787109
0 0.748047 0.773438 0.746094 0.775391 0.746094 0.779297 0.750000 0.783203 0.751953 0.783203 0.753906 0.781250 0.753906 0.775391 0.751953 0.773438
1 0.195312 0.777344 0.193359 0.779297 0.193359 0.783203 0.199219 0.789062 0.199219 0.791016 0.203125 0.791016 0.205078 0.789062 0.205078 0.787109 0.203125 0.787109 0.199219 0.783203 0.201172 0.781250 0.201172 0.779297 0.199219 0.777344
0 0.308594 0.779297 0.310547 0.781250 0.314453 0.781250 0.314453 0.779297 0.312500 0.777344 0.310547 0.777344
1 0.345703 0.779297 0.343750 0.779297 0.343750 0.781250 0.337891 0.787109 0.335938 0.787109 0.335938 0.792969 0.337891 0.794922 0.337891 0.800781 0.341797 0.804688 0.343750 0.804688 0.347656 0.800781 0.341797 0.794922 0.341797 0.792969 0.343750 0.791016 0.343750 0.785156 0.345703 0.783203 0.343750 0.781250
0 0.794922 0.781250 0.794922 0.791016 0.798828 0.791016 0.802734 0.794922 0.804688 0.792969 0.810547 0.792969 0.810547 0.791016 0.814453 0.787109 0.808594 0.781250 0.806641 0.781250 0.804688 0.779297 0.802734 0.779297 0.800781 0.781250 0.798828 0.781250 0.796875 0.779297
0 0.535156 0.785156 0.533203 0.785156 0.527344 0.791016 0.527344 0.792969 0.525391 0.794922 0.525391 0.802734 0.527344 0.802734 0.529297 0.804688 0.527344 0.806641 0.531250 0.806641 0.539062 0.798828 0.539062 0.796875 0.541016 0.794922 0.541016 0.792969 0.535156 0.787109
0 0.767578 0.791016 0.769531 0.792969 0.769531 0.794922 0.771484 0.796875 0.775391 0.796875 0.777344 0.794922 0.779297 0.794922 0.779297 0.791016 0.775391 0.787109 0.771484 0.787109 0.771484 0.789062 0.769531 0.791016
0 0.919922 0.787109 0.917969 0.789062 0.917969 0.792969 0.919922 0.794922 0.921875 0.794922 0.925781 0.791016 0.921875 0.787109
0 0.845703 0.794922 0.843750 0.796875 0.843750 0.798828 0.845703 0.798828 0.847656 0.800781 0.843750 0.804688 0.841797 0.804688 0.839844 0.806641 0.841797 0.808594 0.849609 0.808594 0.851562 0.810547 0.857422 0.810547 0.863281 0.804688 0.857422 0.794922 0.855469 0.794922 0.853516 0.792969 0.849609 0.792969 0.847656 0.794922
0 0.294922 0.798828 0.294922 0.800781 0.296875 0.802734 0.298828 0.802734 0.300781 0.800781 0.298828 0.798828
0 0.373047 0.796875 0.371094 0.798828 0.371094 0.802734 0.373047 0.804688 0.376953 0.800781 0.378906 0.802734 0.378906 0.804688 0.380859 0.806641 0.380859 0.808594 0.378906 0.810547 0.380859 0.808594 0.380859 0.806641 0.378906 0.804688 0.382812 0.800781 0.380859 0.802734 0.378906 0.800781 0.376953 0.800781
0 0.511719 0.798828 0.509766 0.800781 0.507812 0.800781 0.503906 0.804688 0.503906 0.814453 0.505859 0.814453 0.507812 0.816406 0.509766 0.814453 0.513672 0.814453 0.515625 0.812500 0.517578 0.812500 0.517578 0.802734 0.515625 0.800781 0.513672 0.800781
0 0.611328 0.798828 0.607422 0.798828 0.601562 0.804688 0.599609 0.802734 0.597656 0.802734 0.589844 0.808594 0.589844 0.814453 0.593750 0.820312 0.597656 0.820312 0.603516 0.824219 0.605469 0.822266 0.611328 0.820312 0.611328 0.818359 0.613281 0.816406 0.613281 0.808594 0.611328 0.806641 0.613281 0.800781
0 0.734375 0.798828 0.734375 0.800781 0.740234 0.800781 0.740234 0.796875 0.736328 0.796875
0 0.994141 0.798828 0.992188 0.796875 0.990234 0.796875 0.988281 0.798828 0.986328 0.798828 0.984375 0.800781 0.984375 0.802734 0.986328 0.804688 0.992188 0.804688 0.994141 0.802734
0 0.542969 0.810547 0.546875 0.810547 0.548828 0.812500 0.552734 0.812500 0.554688 0.810547 0.556641 0.810547 0.556641 0.804688 0.552734 0.800781 0.548828 0.800781 0.544922 0.804688 0.544922 0.808594
0 0.884766 0.802734 0.882812 0.804688 0.884766 0.806641 0.886719 0.804688
0 0.632812 0.806641 0.630859 0.806641 0.630859 0.808594 0.628906 0.810547 0.628906 0.812500 0.626953 0.814453 0.630859 0.818359 0.630859 0.820312 0.632812 0.818359 0.634766 0.818359 0.634766 0.816406 0.636719 0.814453 0.636719 0.810547
0 0.794922 0.804688 0.791016 0.804688 0.789062 0.806641 0.787109 0.806641 0.785156 0.808594 0.785156 0.810547 0.781250 0.814453 0.781250 0.824219 0.783203 0.826172 0.791016 0.826172 0.792969 0.824219 0.796875 0.824219 0.800781 0.820312 0.800781 0.812500 0.798828 0.810547 0.798828 0.808594
0 0.498047 0.814453 0.496094 0.816406 0.498047 0.818359 0.500000 0.816406
0 0.566406 0.814453 0.566406 0.816406 0.564453 0.818359 0.562500 0.818359 0.568359 0.824219 0.572266 0.824219 0.574219 0.822266 0.574219 0.820312 0.576172 0.818359 0.572266 0.814453
0 0.652344 0.812500 0.650391 0.814453 0.652344 0.816406 0.652344 0.818359 0.654297 0.818359 0.656250 0.816406 0.656250 0.814453 0.654297 0.812500
0 0.730469 0.818359 0.726562 0.826172 0.728516 0.832031 0.736328 0.839844 0.740234 0.839844 0.755859 0.832031 0.757812 0.837891 0.765625 0.841797 0.769531 0.837891 0.769531 0.833984 0.765625 0.830078 0.759766 0.828125 0.759766 0.822266 0.753906 0.814453 0.750000 0.812500 0.748047 0.814453 0.746094 0.812500 0.744141 0.814453 0.736328 0.814453
0 0.822266 0.812500 0.818359 0.816406 0.816406 0.816406 0.816406 0.818359 0.818359 0.820312 0.818359 0.822266 0.822266 0.826172 0.826172 0.826172 0.828125 0.824219 0.828125 0.822266 0.830078 0.820312 0.830078 0.818359 0.824219 0.812500
0 0.343750 0.816406 0.341797 0.816406 0.339844 0.818359 0.337891 0.816406 0.332031 0.816406 0.328125 0.820312 0.328125 0.822266 0.330078 0.824219 0.328125 0.826172 0.330078 0.826172 0.332031 0.828125 0.332031 0.830078 0.333984 0.830078 0.335938 0.832031 0.339844 0.828125 0.339844 0.822266 0.343750 0.818359
1 0.416016 0.818359 0.414062 0.820312 0.416016 0.822266 0.416016 0.824219 0.417969 0.824219 0.419922 0.826172 0.419922 0.828125 0.421875 0.830078 0.423828 0.830078 0.425781 0.828125 0.425781 0.826172 0.423828 0.824219 0.421875 0.824219 0.419922 0.822266 0.419922 0.820312 0.417969 0.818359
0 0.537109 0.816406 0.533203 0.820312 0.533203 0.826172 0.535156 0.828125 0.535156 0.830078 0.537109 0.832031 0.539062 0.832031 0.541016 0.830078 0.541016 0.828125 0.542969 0.826172 0.542969 0.818359 0.541016 0.818359 0.539062 0.816406
0 0.843750 0.820312 0.839844 0.824219 0.839844 0.826172 0.837891 0.828125 0.837891 0.835938 0.839844 0.837891 0.839844 0.839844 0.843750 0.843750 0.851562 0.843750 0.855469 0.839844 0.855469 0.837891 0.857422 0.835938 0.857422 0.826172 0.853516 0.822266 0.851562 0.822266 0.849609 0.820312
0 0.369141 0.826172 0.367188 0.824219 0.365234 0.826172 0.365234 0.828125 0.369141 0.828125
0 0.945312 0.832031 0.947266 0.833984 0.951172 0.833984 0.951172 0.830078 0.947266 0.830078
1 0.626953 0.833984 0.621094 0.837891 0.621094 0.843750 0.625000 0.847656 0.623047 0.849609 0.625000 0.847656 0.626953 0.849609 0.626953 0.851562 0.623047 0.855469 0.621094 0.853516 0.615234 0.853516 0.613281 0.855469 0.613281 0.857422 0.617188 0.861328 0.619141 0.861328 0.621094 0.859375 0.623047 0.861328 0.625000 0.859375 0.626953 0.861328 0.626953 0.863281 0.628906 0.865234 0.630859 0.865234 0.634766 0.871094 0.630859 0.875000 0.630859 0.878906 0.634766 0.882812 0.638672 0.882812 0.638672 0.880859 0.640625 0.878906 0.640625 0.875000 0.636719 0.871094 0.636719 0.867188 0.640625 0.863281 0.640625 0.857422 0.638672 0.855469 0.638672 0.851562 0.632812 0.845703 0.634766 0.843750 0.634766 0.841797 0.632812 0.839844 0.634766 0.837891 0.632812 0.837891 0.628906 0.833984
1 0.412109 0.837891 0.410156 0.839844 0.410156 0.843750 0.412109 0.845703 0.412109 0.849609 0.414062 0.851562 0.416016 0.851562 0.417969 0.849609 0.417969 0.847656 0.416016 0.845703 0.416016 0.839844 0.414062 0.837891
0 0.726562 0.837891 0.724609 0.837891 0.724609 0.841797 0.726562 0.839844
0 0.404297 0.841797 0.400391 0.841797 0.400391 0.845703 0.402344 0.845703 0.404297 0.843750
0 0.660156 0.839844 0.656250 0.843750 0.656250 0.845703 0.660156 0.849609 0.662109 0.849609 0.664062 0.847656 0.664062 0.843750 0.666016 0.841797 0.664062 0.841797 0.662109 0.839844
0 0.716797 0.841797 0.716797 0.843750 0.714844 0.845703 0.714844 0.849609 0.716797 0.851562 0.720703 0.851562 0.722656 0.849609 0.722656 0.847656
0 0.978516 0.839844 0.976562 0.841797 0.976562 0.845703 0.978516 0.845703 0.980469 0.847656 0.984375 0.843750 0.980469 0.839844
0 0.873047 0.845703 0.873047 0.847656 0.875000 0.849609 0.876953 0.847656 0.875000 0.845703
0 0.597656 0.857422 0.599609 0.859375 0.599609 0.863281 0.601562 0.865234 0.603516 0.865234 0.605469 0.863281 0.605469 0.861328 0.601562 0.857422
1 0.597656 0.867188 0.593750 0.863281 0.591797 0.863281 0.589844 0.865234 0.589844 0.867188 0.587891 0.869141 0.589844 0.871094 0.587891 0.873047 0.585938 0.873047 0.589844 0.873047 0.591797 0.871094 0.593750 0.871094
0 0.824219 0.869141 0.822266 0.871094 0.822266 0.873047 0.824219 0.875000 0.828125 0.875000 0.830078 0.873047 0.826172 0.869141
0 0.613281 0.873047 0.611328 0.873047 0.609375 0.875000 0.611328 0.876953 0.609375 0.878906 0.609375 0.880859 0.611328 0.880859 0.613281 0.878906 0.613281 0.876953 0.615234 0.875000
0 0.738281 0.873047 0.736328 0.875000 0.732422 0.875000 0.730469 0.876953 0.732422 0.878906 0.732422 0.882812 0.734375 0.884766 0.734375 0.886719 0.736328 0.884766 0.740234 0.884766 0.744141 0.880859 0.744141 0.878906
0 0.921875 0.871094 0.917969 0.871094 0.914062 0.875000 0.912109 0.875000 0.910156 0.876953 0.910156 0.880859 0.908203 0.882812 0.910156 0.882812 0.912109 0.884766 0.912109 0.886719 0.914062 0.886719 0.916016 0.888672 0.919922 0.888672 0.925781 0.882812 0.925781 0.875000
0 0.882812 0.882812 0.880859 0.884766 0.882812 0.886719 0.882812 0.888672 0.884766 0.888672 0.886719 0.886719 0.886719 0.884766 0.884766 0.882812
0 0.984375 0.884766 0.984375 0.886719 0.986328 0.888672 0.986328 0.884766
0 0.523438 0.888672 0.519531 0.892578 0.519531 0.896484 0.521484 0.898438 0.525391 0.898438 0.527344 0.896484 0.527344 0.892578
0 0.539062 0.886719 0.535156 0.886719 0.533203 0.888672 0.533203 0.892578 0.535156 0.894531 0.537109 0.894531 0.541016 0.890625 0.541016 0.888672
0 0.683594 0.886719 0.681641 0.886719 0.675781 0.892578 0.673828 0.892578 0.673828 0.894531 0.671875 0.896484 0.671875 0.904297 0.677734 0.910156 0.681641 0.910156 0.691406 0.902344 0.691406 0.896484
1 0.966797 0.888672 0.962891 0.888672 0.962891 0.898438 0.960938 0.900391 0.958984 0.898438 0.951172 0.898438 0.947266 0.902344 0.947266 0.912109 0.949219 0.916016 0.953125 0.917969 0.958984 0.917969 0.962891 0.912109 0.962891 0.904297 0.960938 0.900391 0.966797 0.896484
0 0.570312 0.892578 0.566406 0.896484 0.566406 0.898438 0.568359 0.900391 0.570312 0.900391 0.572266 0.898438 0.572266 0.894531
0 0.865234 0.904297 0.863281 0.902344 0.863281 0.900391 0.861328 0.898438 0.857422 0.898438 0.853516 0.894531 0.853516 0.892578 0.853516 0.894531 0.851562 0.896484 0.849609 0.896484 0.849609 0.898438 0.845703 0.902344 0.845703 0.904297 0.841797 0.908203 0.839844 0.906250 0.837891 0.906250 0.835938 0.908203 0.835938 0.910156 0.839844 0.910156 0.843750 0.906250 0.849609 0.912109 0.855469 0.912109 0.857422 0.910156 0.859375 0.910156
1 0.765625 0.894531 0.763672 0.896484 0.763672 0.902344 0.765625 0.904297 0.765625 0.908203 0.769531 0.912109 0.775391 0.912109 0.777344 0.914062 0.777344 0.917969 0.779297 0.919922 0.789062 0.919922 0.791016 0.917969 0.791016 0.914062 0.789062 0.912109 0.785156 0.912109 0.783203 0.914062 0.777344 0.914062 0.775391 0.912109 0.775391 0.906250 0.773438 0.906250 0.769531 0.902344 0.771484 0.900391 0.771484 0.896484 0.769531 0.894531
0 0.814453 0.896484 0.814453 0.898438 0.812500 0.900391 0.814453 0.898438 0.816406 0.900391 0.816406 0.902344 0.818359 0.904297 0.820312 0.904297 0.822266 0.902344 0.822266 0.898438 0.820312 0.896484 0.818359 0.898438 0.816406 0.898438
0 0.974609 0.896484 0.972656 0.898438 0.974609 0.900391 0.976562 0.900391 0.976562 0.896484
1 0.642578 0.898438 0.642578 0.904297 0.644531 0.902344 0.644531 0.900391
0 0.734375 0.898438 0.734375 0.900391 0.736328 0.902344 0.738281 0.902344 0.738281 0.898438
0 0.626953 0.904297 0.625000 0.906250 0.626953 0.908203 0.628906 0.906250
0 0.476562 0.908203 0.474609 0.910156 0.474609 0.912109 0.476562 0.914062 0.478516 0.912109 0.478516 0.910156
0 0.658203 0.906250 0.656250 0.906250 0.654297 0.908203 0.654297 0.914062 0.658203 0.914062 0.660156 0.912109 0.660156 0.908203
0 0.703125 0.908203 0.701172 0.910156 0.697266 0.910156 0.695312 0.912109 0.695312 0.919922 0.697266 0.921875 0.703125 0.921875 0.705078 0.919922 0.705078 0.916016 0.703125 0.914062 0.703125 0.912109 0.701172 0.910156
0 0.525391 0.910156 0.525391 0.914062 0.529297 0.914062 0.531250 0.916016 0.535156 0.916016 0.535156 0.912109 0.533203 0.910156
0 0.810547 0.910156 0.808594 0.912109 0.810547 0.914062 0.812500 0.912109
0 0.583984 0.917969 0.582031 0.919922 0.582031 0.923828 0.583984 0.925781 0.585938 0.925781 0.589844 0.921875 0.585938 0.917969
0 0.613281 0.917969 0.611328 0.919922 0.611328 0.927734 0.613281 0.929688 0.617188 0.929688 0.621094 0.925781 0.621094 0.921875 0.617188 0.917969
0 0.966797 0.919922 0.966797 0.927734 0.970703 0.933594 0.968750 0.935547 0.970703 0.933594 0.972656 0.933594 0.974609 0.935547 0.976562 0.933594 0.982422 0.931641 0.982422 0.921875 0.978516 0.917969 0.968750 0.917969
0 0.455078 0.921875 0.453125 0.923828 0.451172 0.923828 0.451172 0.925781 0.453125 0.927734 0.455078 0.927734 0.457031 0.925781 0.457031 0.923828
0 0.509766 0.923828 0.507812 0.925781 0.507812 0.927734 0.509766 0.929688 0.511719 0.929688 0.513672 0.927734 0.513672 0.925781 0.511719 0.923828
0 0.550781 0.921875 0.544922 0.927734 0.544922 0.941406 0.552734 0.949219 0.558594 0.949219 0.562500 0.943359 0.562500 0.935547 0.564453 0.933594 0.564453 0.931641 0.558594 0.921875
0 0.712891 0.923828 0.712891 0.925781 0.714844 0.925781 0.714844 0.923828
0 0.894531 0.927734 0.894531 0.925781 0.892578 0.923828 0.892578 0.921875 0.890625 0.923828 0.888672 0.923828 0.886719 0.925781 0.884766 0.925781 0.888672 0.929688 0.892578 0.929688
1 0.929688 0.923828 0.927734 0.925781 0.927734 0.929688 0.929688 0.931641 0.935547 0.931641 0.937500 0.933594 0.937500 0.935547 0.939453 0.937500 0.939453 0.947266 0.943359 0.951172 0.945312 0.951172 0.947266 0.953125 0.949219 0.951172 0.955078 0.957031 0.957031 0.957031 0.958984 0.955078 0.955078 0.951172 0.953125 0.951172 0.951172 0.949219 0.951172 0.933594 0.945312 0.929688 0.941406 0.929688 0.939453 0.931641 0.937500 0.931641 0.935547 0.929688 0.935547 0.923828
0 0.466797 0.927734 0.466797 0.931641 0.468750 0.931641 0.468750 0.927734
0 0.777344 0.925781 0.773438 0.925781 0.771484 0.927734 0.771484 0.931641 0.773438 0.933594 0.773438 0.935547 0.775391 0.935547 0.779297 0.931641 0.779297 0.927734
1 0.806641 0.927734 0.806641 0.929688 0.804688 0.931641 0.804688 0.933594 0.806641 0.935547 0.808594 0.935547 0.812500 0.939453 0.812500 0.941406 0.814453 0.943359 0.816406 0.943359 0.818359 0.941406 0.818359 0.939453 0.812500 0.933594 0.812500 0.929688 0.810547 0.927734
0 0.671875 0.931641 0.667969 0.935547 0.667969 0.943359 0.673828 0.943359 0.675781 0.941406 0.675781 0.935547
0 0.867188 0.931641 0.867188 0.935547 0.869141 0.937500 0.871094 0.937500 0.873047 0.935547 0.873047 0.931641
0 0.447266 0.933594 0.445312 0.935547 0.445312 0.937500 0.451172 0.943359 0.453125 0.943359 0.455078 0.945312 0.457031 0.943359 0.457031 0.941406 0.455078 0.939453 0.455078 0.937500 0.451172 0.933594
0 0.486328 0.935547 0.488281 0.937500 0.488281 0.945312 0.492188 0.949219 0.496094 0.949219 0.498047 0.947266 0.498047 0.937500 0.494141 0.933594 0.490234 0.933594 0.488281 0.935547
0 0.744141 0.935547 0.742188 0.933594 0.740234 0.935547 0.740234 0.937500 0.744141 0.937500
0 0.857422 0.937500 0.853516 0.941406 0.853516 0.945312 0.859375 0.951172 0.861328 0.951172 0.865234 0.947266 0.865234 0.943359 0.859375 0.937500
0 0.232422 0.941406 0.228516 0.941406 0.228516 0.945312 0.230469 0.947266 0.232422 0.945312
0 0.535156 0.943359 0.533203 0.943359 0.531250 0.945312 0.529297 0.945312 0.529297 0.947266 0.527344 0.949219 0.527344 0.951172 0.529297 0.951172 0.531250 0.953125 0.535156 0.949219 0.535156 0.947266 0.537109 0.945312
0 0.607422 0.943359 0.603516 0.943359 0.603516 0.947266 0.605469 0.949219 0.607422 0.947266
0 0.576172 0.947266 0.574219 0.949219 0.574219 0.951172 0.578125 0.955078 0.580078 0.955078 0.583984 0.951172 0.582031 0.949219 0.582031 0.947266
0 0.814453 0.953125 0.794922 0.955078 0.791016 0.958984 0.791016 0.978516 0.792969 0.982422 0.800781 0.986328 0.804688 0.986328 0.808594 0.982422 0.806641 0.980469 0.806641 0.976562 0.802734 0.972656 0.804688 0.968750 0.808594 0.966797 0.816406 0.957031 0.818359 0.957031
0 0.925781 0.955078 0.919922 0.962891 0.919922 0.966797 0.923828 0.974609 0.921875 0.978516 0.925781 0.982422 0.925781 0.984375 0.929688 0.986328 0.933594 0.986328 0.939453 0.980469 0.943359 0.982422 0.943359 0.978516 0.941406 0.978516 0.937500 0.974609 0.937500 0.970703 0.935547 0.968750 0.935547 0.960938 0.931641 0.955078
0 0.466797 0.966797 0.464844 0.964844 0.462891 0.964844 0.460938 0.966797 0.460938 0.970703 0.464844 0.970703 0.466797 0.968750
0 0.626953 0.966797 0.625000 0.968750 0.625000 0.970703 0.626953 0.972656 0.628906 0.972656 0.628906 0.970703 0.630859 0.968750 0.628906 0.966797
0 0.486328 0.968750 0.484375 0.970703 0.486328 0.972656 0.488281 0.970703
0 0.523438 0.968750 0.519531 0.972656 0.519531 0.974609 0.521484 0.976562 0.523438 0.976562 0.525391 0.974609 0.525391 0.972656 0.523438 0.970703
0 0.718750 0.970703 0.716797 0.972656 0.716797 0.978516 0.720703 0.982422 0.724609 0.982422 0.726562 0.980469 0.726562 0.974609 0.724609 0.972656 0.724609 0.970703
0 0.830078 0.974609 0.828125 0.974609 0.826172 0.976562 0.822266 0.976562 0.822266 0.980469 0.820312 0.982422 0.824219 0.986328 0.830078 0.986328 0.832031 0.984375 0.833984 0.984375 0.833984 0.978516
0 0.628906 0.980469 0.628906 0.982422 0.630859 0.984375 0.630859 0.986328 0.632812 0.988281 0.634766 0.988281 0.636719 0.986328 0.638672 0.986328 0.638672 0.982422 0.642578 0.978516 0.648438 0.982422 0.648438 0.976562 0.632812 0.976562
0 0.572266 0.990234 0.572266 0.998047 0.599609 0.998047 0.599609 0.992188 0.597656 0.990234 0.597656 0.988281 0.591797 0.982422 0.585938 0.982422 0.583984 0.980469 0.582031 0.982422 0.580078 0.982422
0 0.738281 0.980469 0.734375 0.984375 0.734375 0.990234 0.736328 0.992188 0.740234 0.992188 0.744141 0.988281 0.744141 0.984375 0.742188 0.982422 0.740234 0.982422
0 0.970703 0.980469 0.966797 0.980469 0.964844 0.982422 0.962891 0.982422 0.958984 0.986328 0.958984 0.994141 0.960938 0.996094 0.960938 0.998047 0.972656 0.998047 0.972656 0.996094 0.974609 0.994141 0.974609 0.990234 0.976562 0.988281 0.976562 0.986328 0.974609 0.986328
1 0.501953 0.990234 0.501953 0.994141 0.505859 0.998047 0.560547 0.998047 0.558594 0.996094 0.544922 0.996094 0.537109 0.992188 0.529297 0.984375 0.517578 0.984375
0 0.400391 0.994141 0.394531 0.988281 0.390625 0.992188 0.390625 0.994141 0.388672 0.996094 0.388672 0.998047 0.398438 0.998047 0.400391 0.996094
1 0.781250 0.994141 0.781250 0.998047 0.796875 0.998047 0.798828 0.996094 0.798828 0.992188 0.796875 0.990234 0.787109 0.990234 0.785156 0.992188 0.783203 0.992188
0 0.572266 0.001953 0.568359 0.001953 0.566406 0.000000 0.572266 0.000000
0 0.572266 0.009766 0.572266 0.013672 0.568359 0.013672 0.566406 0.011719 0.570312 0.007812
0 0.744141 0.025391 0.744141 0.029297 0.740234 0.029297 0.738281 0.027344 0.742188 0.023438
0 0.644531 0.039062 0.644531 0.042969 0.640625 0.042969 0.638672 0.041016 0.642578 0.037109
0 0.638672 0.044922 0.638672 0.048828 0.634766 0.048828 0.632812 0.046875 0.636719 0.042969
0 0.650391 0.046875 0.650391 0.050781 0.646484 0.050781 0.644531 0.048828 0.648438 0.044922
0 0.851562 0.083984 0.851562 0.087891 0.847656 0.087891 0.845703 0.085938 0.849609 0.082031
0 0.845703 0.087891 0.845703 0.091797 0.841797 0.091797 0.839844 0.089844 0.843750 0.085938
0 0.855469 0.093750 0.855469 0.097656 0.851562 0.097656 0.849609 0.095703 0.853516 0.091797
0 0.308594 0.111328 0.308594 0.115234 0.304688 0.115234 0.302734 0.113281 0.306641 0.109375
0 0.298828 0.113281 0.298828 0.117188 0.294922 0.117188 0.292969 0.115234 0.296875 0.111328
0 0.560547 0.115234 0.560547 0.119141 0.556641 0.119141 0.554688 0.117188 0.558594 0.113281
0 0.306641 0.119141 0.306641 0.123047 0.302734 0.123047 0.300781 0.121094 0.304688 0.117188
0 0.339844 0.119141 0.339844 0.123047 0.335938 0.123047 0.333984 0.121094 0.337891 0.117188
0 0.326172 0.121094 0.326172 0.125000 0.322266 0.125000 0.320312 0.123047 0.324219 0.119141
0 0.332031 0.126953 0.332031 0.130859 0.328125 0.130859 0.326172 0.128906 0.330078 0.125000
0 0.554688 0.126953 0.554688 0.130859 0.550781 0.130859 0.548828 0.128906 0.552734 0.125000
0 0.517578 0.132812 0.515625 0.134766 0.515625 0.136719 0.513672 0.138672 0.507812 0.138672 0.505859 0.136719 0.505859 0.134766 0.503906 0.132812 0.503906 0.130859 0.505859 0.128906 0.505859 0.126953 0.507812 0.125000 0.513672 0.125000 0.515625 0.126953 0.515625 0.128906 0.517578 0.130859
0 0.654297 0.142578 0.654297 0.146484 0.650391 0.146484 0.648438 0.144531 0.652344 0.140625
0 0.623047 0.144531 0.623047 0.148438 0.619141 0.148438 0.617188 0.146484 0.621094 0.142578
0 0.646484 0.150391 0.646484 0.154297 0.642578 0.154297 0.640625 0.152344 0.644531 0.148438
0 0.521484 0.156250 0.519531 0.156250 0.517578 0.158203 0.513672 0.158203 0.511719 0.156250 0.511719 0.150391 0.513672 0.148438 0.517578 0.148438 0.519531 0.150391 0.521484 0.150391
0 0.648438 0.156250 0.648438 0.160156 0.644531 0.160156 0.642578 0.158203 0.646484 0.154297
0 0.656250 0.158203 0.656250 0.162109 0.652344 0.162109 0.650391 0.160156 0.654297 0.156250
0 0.019531 0.185547 0.017578 0.187500 0.017578 0.189453 0.015625 0.191406 0.009766 0.191406 0.007812 0.189453 0.007812 0.187500 0.005859 0.185547 0.005859 0.183594 0.007812 0.181641 0.007812 0.179688 0.009766 0.177734 0.015625 0.177734 0.017578 0.179688 0.017578 0.181641 0.019531 0.183594
0 0.042969 0.191406 0.041016 0.193359 0.041016 0.195312 0.039062 0.197266 0.033203 0.197266 0.031250 0.195312 0.031250 0.193359 0.029297 0.191406 0.029297 0.189453 0.031250 0.187500 0.031250 0.185547 0.033203 0.183594 0.039062 0.183594 0.041016 0.185547 0.041016 0.187500 0.042969 0.189453
0 0.521484 0.193359 0.521484 0.197266 0.517578 0.197266 0.515625 0.195312 0.519531 0.191406
0 0.529297 0.199219 0.529297 0.203125 0.525391 0.203125 0.523438 0.201172 0.527344 0.197266
0 0.226562 0.205078 0.226562 0.208984 0.222656 0.208984 0.220703 0.207031 0.224609 0.203125
0 0.056641 0.208984 0.054688 0.210938 0.054688 0.212891 0.052734 0.214844 0.046875 0.214844 0.044922 0.212891 0.044922 0.210938 0.042969 0.208984 0.042969 0.207031 0.044922 0.205078 0.044922 0.203125 0.046875 0.201172 0.052734 0.201172 0.054688 0.203125 0.054688 0.205078 0.056641 0.207031
0 0.521484 0.207031 0.521484 0.210938 0.517578 0.210938 0.515625 0.208984 0.519531 0.205078
0 0.494141 0.210938 0.494141 0.214844 0.490234 0.214844 0.488281 0.212891 0.492188 0.208984
0 0.220703 0.216797 0.218750 0.216797 0.216797 0.218750 0.212891 0.218750 0.210938 0.216797 0.210938 0.210938 0.212891 0.208984 0.216797 0.208984 0.218750 0.210938 0.220703 0.210938
0 0.490234 0.218750 0.490234 0.222656 0.486328 0.222656 0.484375 0.220703 0.488281 0.216797
0 0.500000 0.218750 0.500000 0.222656 0.496094 0.222656 0.494141 0.220703 0.498047 0.216797
0 0.234375 0.224609 0.232422 0.224609 0.230469 0.226562 0.226562 0.226562 0.224609 0.224609 0.224609 0.218750 0.226562 0.216797 0.230469 0.216797 0.232422 0.218750 0.234375 0.218750
0 0.066406 0.236328 0.064453 0.236328 0.062500 0.238281 0.052734 0.238281 0.046875 0.232422 0.046875 0.222656 0.048828 0.220703 0.050781 0.220703 0.050781 0.218750 0.052734 0.216797 0.062500 0.216797 0.068359 0.222656 0.068359 0.232422 0.066406 0.234375
0 0.214844 0.226562 0.214844 0.230469 0.210938 0.230469 0.208984 0.228516 0.212891 0.224609
0 0.552734 0.253906 0.550781 0.255859 0.550781 0.257812 0.548828 0.259766 0.542969 0.259766 0.541016 0.257812 0.541016 0.255859 0.539062 0.253906 0.539062 0.251953 0.541016 0.250000 0.541016 0.248047 0.542969 0.246094 0.548828 0.246094 0.550781 0.248047 0.550781 0.250000 0.552734 0.251953
0 0.521484 0.255859 0.519531 0.257812 0.519531 0.259766 0.517578 0.261719 0.511719 0.261719 0.509766 0.259766 0.509766 0.257812 0.507812 0.255859 0.507812 0.253906 0.509766 0.251953 0.509766 0.250000 0.511719 0.248047 0.517578 0.248047 0.519531 0.250000 0.519531 0.251953 0.521484 0.253906
0 0.496094 0.273438 0.490234 0.279297 0.484375 0.279297 0.478516 0.273438 0.478516 0.267578 0.484375 0.261719 0.490234 0.261719 0.496094 0.267578
0 0.531250 0.277344 0.525391 0.283203 0.519531 0.283203 0.513672 0.277344 0.513672 0.271484 0.519531 0.265625 0.525391 0.265625 0.531250 0.271484
0 0.638672 0.273438 0.638672 0.277344 0.634766 0.277344 0.632812 0.275391 0.636719 0.271484
0 0.447266 0.279297 0.445312 0.279297 0.443359 0.281250 0.439453 0.281250 0.437500 0.279297 0.437500 0.273438 0.439453 0.271484 0.443359 0.271484 0.445312 0.273438 0.447266 0.273438
0 0.193359 0.283203 0.191406 0.283203 0.189453 0.285156 0.185547 0.285156 0.183594 0.283203 0.183594 0.277344 0.185547 0.275391 0.189453 0.275391 0.191406 0.277344 0.193359 0.277344
0 0.199219 0.285156 0.197266 0.285156 0.195312 0.287109 0.191406 0.287109 0.189453 0.285156 0.189453 0.279297 0.191406 0.277344 0.195312 0.277344 0.197266 0.279297 0.199219 0.279297
0 0.630859 0.283203 0.630859 0.287109 0.626953 0.287109 0.625000 0.285156 0.628906 0.281250
0 0.648438 0.287109 0.646484 0.287109 0.644531 0.289062 0.640625 0.289062 0.638672 0.287109 0.638672 0.281250 0.640625 0.279297 0.644531 0.279297 0.646484 0.281250 0.648438 0.281250
0 0.511719 0.287109 0.509766 0.289062 0.509766 0.291016 0.507812 0.292969 0.501953 0.292969 0.500000 0.291016 0.500000 0.289062 0.498047 0.287109 0.498047 0.285156 0.500000 0.283203 0.500000 0.281250 0.501953 0.279297 0.507812 0.279297 0.509766 0.281250 0.509766 0.283203 0.511719 0.285156
0 0.048828 0.296875 0.046875 0.296875 0.044922 0.298828 0.035156 0.298828 0.029297 0.292969 0.029297 0.283203 0.031250 0.281250 0.033203 0.281250 0.033203 0.279297 0.035156 0.277344 0.044922 0.277344 0.050781 0.283203 0.050781 0.292969 0.048828 0.294922
0 0.173828 0.291016 0.171875 0.291016 0.169922 0.292969 0.166016 0.292969 0.164062 0.291016 0.164062 0.285156 0.166016 0.283203 0.169922 0.283203 0.171875 0.285156 0.173828 0.285156
0 0.207031 0.291016 0.205078 0.291016 0.203125 0.292969 0.199219 0.292969 0.197266 0.291016 0.197266 0.285156 0.199219 0.283203 0.203125 0.283203 0.205078 0.285156 0.207031 0.285156
0 0.427734 0.294922 0.425781 0.294922 0.423828 0.296875 0.419922 0.296875 0.417969 0.294922 0.417969 0.289062 0.419922 0.287109 0.423828 0.287109 0.425781 0.289062 0.427734 0.289062
0 0.636719 0.294922 0.634766 0.294922 0.632812 0.296875 0.628906 0.296875 0.626953 0.294922 0.626953 0.289062 0.628906 0.287109 0.632812 0.287109 0.634766 0.289062 0.636719 0.289062
0 0.445312 0.298828 0.443359 0.298828 0.441406 0.300781 0.437500 0.300781 0.435547 0.298828 0.435547 0.292969 0.437500 0.291016 0.441406 0.291016 0.443359 0.292969 0.445312 0.292969
0 0.552734 0.298828 0.550781 0.300781 0.550781 0.302734 0.548828 0.304688 0.542969 0.304688 0.541016 0.302734 0.541016 0.300781 0.539062 0.298828 0.539062 0.296875 0.541016 0.294922 0.541016 0.292969 0.542969 0.291016 0.548828 0.291016 0.550781 0.292969 0.550781 0.294922 0.552734 0.296875
0 0.537109 0.302734 0.535156 0.304688 0.535156 0.306641 0.533203 0.308594 0.527344 0.308594 0.525391 0.306641 0.525391 0.304688 0.523438 0.302734 0.523438 0.300781 0.525391 0.298828 0.525391 0.296875 0.527344 0.294922 0.533203 0.294922 0.535156 0.296875 0.535156 0.298828 0.537109 0.300781
0 0.712891 0.306641 0.712891 0.310547 0.708984 0.310547 0.707031 0.308594 0.710938 0.304688
0 0.187500 0.312500 0.185547 0.312500 0.183594 0.314453 0.179688 0.314453 0.177734 0.312500 0.177734 0.306641 0.179688 0.304688 0.183594 0.304688 0.185547 0.306641 0.187500 0.306641
0 0.703125 0.308594 0.703125 0.312500 0.699219 0.312500 0.697266 0.310547 0.701172 0.306641
0 0.195312 0.314453 0.193359 0.314453 0.191406 0.316406 0.187500 0.316406 0.185547 0.314453 0.185547 0.308594 0.187500 0.306641 0.191406 0.306641 0.193359 0.308594 0.195312 0.308594
0 0.933594 0.312500 0.933594 0.316406 0.929688 0.316406 0.927734 0.314453 0.931641 0.310547
0 0.466797 0.314453 0.466797 0.318359 0.462891 0.318359 0.460938 0.316406 0.464844 0.312500
0 0.646484 0.314453 0.646484 0.318359 0.642578 0.318359 0.640625 0.316406 0.644531 0.312500
0 0.714844 0.314453 0.714844 0.318359 0.710938 0.318359 0.708984 0.316406 0.712891 0.312500
0 0.433594 0.318359 0.433594 0.322266 0.429688 0.322266 0.427734 0.320312 0.431641 0.316406
0 0.445312 0.318359 0.445312 0.322266 0.441406 0.322266 0.439453 0.320312 0.443359 0.316406
0 0.527344 0.322266 0.525391 0.322266 0.523438 0.324219 0.519531 0.324219 0.517578 0.322266 0.517578 0.316406 0.519531 0.314453 0.523438 0.314453 0.525391 0.316406 0.527344 0.316406
0 0.707031 0.318359 0.707031 0.322266 0.703125 0.322266 0.701172 0.320312 0.705078 0.316406
0 0.652344 0.320312 0.652344 0.324219 0.648438 0.324219 0.646484 0.322266 0.650391 0.318359
0 0.068359 0.326172 0.062500 0.332031 0.056641 0.332031 0.050781 0.326172 0.050781 0.320312 0.056641 0.314453 0.062500 0.314453 0.068359 0.320312
0 0.460938 0.322266 0.460938 0.326172 0.457031 0.326172 0.455078 0.324219 0.458984 0.320312
0 0.640625 0.324219 0.640625 0.328125 0.636719 0.328125 0.634766 0.326172 0.638672 0.322266
0 0.160156 0.326172 0.160156 0.330078 0.156250 0.330078 0.154297 0.328125 0.158203 0.324219
0 0.171875 0.330078 0.169922 0.330078 0.167969 0.332031 0.164062 0.332031 0.162109 0.330078 0.162109 0.324219 0.164062 0.322266 0.167969 0.322266 0.169922 0.324219 0.171875 0.324219
0 0.439453 0.326172 0.439453 0.330078 0.435547 0.330078 0.433594 0.328125 0.437500 0.324219
0 0.562500 0.328125 0.560547 0.330078 0.560547 0.332031 0.558594 0.333984 0.552734 0.333984 0.550781 0.332031 0.550781 0.330078 0.548828 0.328125 0.548828 0.326172 0.550781 0.324219 0.550781 0.322266 0.552734 0.320312 0.558594 0.320312 0.560547 0.322266 0.560547 0.324219 0.562500 0.326172
0 0.466797 0.332031 0.464844 0.332031 0.462891 0.333984 0.458984 0.333984 0.457031 0.332031 0.457031 0.326172 0.458984 0.324219 0.462891 0.324219 0.464844 0.326172 0.466797 0.326172
0 0.628906 0.330078 0.628906 0.333984 0.625000 0.333984 0.623047 0.332031 0.626953 0.328125
0 0.646484 0.333984 0.644531 0.333984 0.642578 0.335938 0.638672 0.335938 0.636719 0.333984 0.636719 0.328125 0.638672 0.326172 0.642578 0.326172 0.644531 0.328125 0.646484 0.328125
0 0.177734 0.337891 0.175781 0.337891 0.173828 0.339844 0.169922 0.339844 0.167969 0.337891 0.167969 0.332031 0.169922 0.330078 0.173828 0.330078 0.175781 0.332031 0.177734 0.332031
0 0.460938 0.335938 0.460938 0.339844 0.457031 0.339844 0.455078 0.337891 0.458984 0.333984
0 0.537109 0.345703 0.535156 0.345703 0.533203 0.347656 0.523438 0.347656 0.517578 0.341797 0.517578 0.332031 0.519531 0.330078 0.521484 0.330078 0.521484 0.328125 0.523438 0.326172 0.533203 0.326172 0.539062 0.332031 0.539062 0.341797 0.537109 0.343750
0 0.636719 0.335938 0.636719 0.339844 0.632812 0.339844 0.630859 0.337891 0.634766 0.333984
0 0.466797 0.341797 0.466797 0.345703 0.462891 0.345703 0.460938 0.343750 0.464844 0.339844
0 0.503906 0.345703 0.501953 0.345703 0.500000 0.347656 0.496094 0.347656 0.494141 0.345703 0.494141 0.339844 0.496094 0.337891 0.500000 0.337891 0.501953 0.339844 0.503906 0.339844
0 0.171875 0.347656 0.169922 0.347656 0.167969 0.349609 0.164062 0.349609 0.162109 0.347656 0.162109 0.341797 0.164062 0.339844 0.167969 0.339844 0.169922 0.341797 0.171875 0.341797
0 0.400391 0.345703 0.400391 0.349609 0.396484 0.349609 0.394531 0.347656 0.398438 0.343750
0 0.531250 0.347656 0.531250 0.351562 0.527344 0.351562 0.525391 0.349609 0.529297 0.345703
0 0.003906 0.363281 0.000000 0.363281 0.000000 0.341797 0.003906 0.341797 0.005859 0.343750 0.005859 0.345703 0.007812 0.345703 0.009766 0.347656 0.009766 0.357422 0.007812 0.359375 0.007812 0.361328 0.005859 0.361328
0 0.125000 0.355469 0.123047 0.357422 0.123047 0.359375 0.121094 0.361328 0.115234 0.361328 0.113281 0.359375 0.113281 0.357422 0.111328 0.355469 0.111328 0.353516 0.113281 0.351562 0.113281 0.349609 0.115234 0.347656 0.121094 0.347656 0.123047 0.349609 0.123047 0.351562 0.125000 0.353516
0 0.410156 0.353516 0.410156 0.357422 0.406250 0.357422 0.404297 0.355469 0.408203 0.351562
0 0.115234 0.359375 0.109375 0.365234 0.103516 0.365234 0.097656 0.359375 0.097656 0.353516 0.103516 0.347656 0.109375 0.347656 0.115234 0.353516
0 0.794922 0.355469 0.794922 0.359375 0.791016 0.359375 0.789062 0.357422 0.792969 0.353516
0 0.089844 0.361328 0.087891 0.361328 0.085938 0.363281 0.082031 0.363281 0.080078 0.361328 0.080078 0.355469 0.082031 0.353516 0.085938 0.353516 0.087891 0.355469 0.089844 0.355469
0 0.400391 0.357422 0.400391 0.361328 0.396484 0.361328 0.394531 0.359375 0.398438 0.355469
0 0.519531 0.361328 0.517578 0.361328 0.515625 0.363281 0.511719 0.363281 0.509766 0.361328 0.509766 0.355469 0.511719 0.353516 0.515625 0.353516 0.517578 0.355469 0.519531 0.355469
0 0.068359 0.363281 0.066406 0.363281 0.064453 0.365234 0.060547 0.365234 0.058594 0.363281 0.058594 0.357422 0.060547 0.355469 0.064453 0.355469 0.066406 0.357422 0.068359 0.357422
0 0.158203 0.363281 0.156250 0.363281 0.154297 0.365234 0.150391 0.365234 0.148438 0.363281 0.148438 0.357422 0.150391 0.355469 0.154297 0.355469 0.156250 0.357422 0.158203 0.357422
0 0.501953 0.365234 0.500000 0.365234 0.498047 0.367188 0.494141 0.367188 0.492188 0.365234 0.492188 0.359375 0.494141 0.357422 0.498047 0.357422 0.500000 0.359375 0.501953 0.359375
0 0.810547 0.369141 0.808594 0.369141 0.806641 0.371094 0.802734 0.371094 0.800781 0.369141 0.800781 0.363281 0.802734 0.361328 0.806641 0.361328 0.808594 0.363281 0.810547 0.363281
0 0.134766 0.371094 0.132812 0.371094 0.130859 0.373047 0.126953 0.373047 0.125000 0.371094 0.125000 0.365234 0.126953 0.363281 0.130859 0.363281 0.132812 0.365234 0.134766 0.365234
0 0.789062 0.367188 0.789062 0.371094 0.785156 0.371094 0.783203 0.369141 0.787109 0.365234
0 0.435547 0.373047 0.435547 0.376953 0.431641 0.376953 0.429688 0.375000 0.433594 0.371094
0 0.507812 0.373047 0.507812 0.376953 0.503906 0.376953 0.501953 0.375000 0.505859 0.371094
0 0.806641 0.373047 0.806641 0.376953 0.802734 0.376953 0.800781 0.375000 0.804688 0.371094
0 0.818359 0.373047 0.818359 0.376953 0.814453 0.376953 0.812500 0.375000 0.816406 0.371094
0 0.111328 0.382812 0.109375 0.382812 0.107422 0.384766 0.103516 0.384766 0.101562 0.382812 0.101562 0.376953 0.103516 0.375000 0.107422 0.375000 0.109375 0.376953 0.111328 0.376953
0 0.357422 0.378906 0.357422 0.382812 0.353516 0.382812 0.351562 0.380859 0.355469 0.376953
0 0.441406 0.378906 0.441406 0.382812 0.437500 0.382812 0.435547 0.380859 0.439453 0.376953
0 0.798828 0.384766 0.796875 0.384766 0.794922 0.386719 0.791016 0.386719 0.789062 0.384766 0.789062 0.378906 0.791016 0.376953 0.794922 0.376953 0.796875 0.378906 0.798828 0.378906
0 0.367188 0.382812 0.367188 0.386719 0.363281 0.386719 0.361328 0.384766 0.365234 0.380859
0 0.492188 0.386719 0.490234 0.386719 0.488281 0.388672 0.484375 0.388672 0.482422 0.386719 0.482422 0.380859 0.484375 0.378906 0.488281 0.378906 0.490234 0.380859 0.492188 0.380859
0 0.085938 0.388672 0.083984 0.388672 0.082031 0.390625 0.078125 0.390625 0.076172 0.388672 0.076172 0.382812 0.078125 0.380859 0.082031 0.380859 0.083984 0.382812 0.085938 0.382812
0 0.433594 0.390625 0.431641 0.390625 0.429688 0.392578 0.425781 0.392578 0.423828 0.390625 0.423828 0.384766 0.425781 0.382812 0.429688 0.382812 0.431641 0.384766 0.433594 0.384766
0 0.361328 0.388672 0.361328 0.392578 0.357422 0.392578 0.355469 0.390625 0.359375 0.386719
0 0.462891 0.392578 0.460938 0.392578 0.458984 0.394531 0.455078 0.394531 0.453125 0.392578 0.453125 0.386719 0.455078 0.384766 0.458984 0.384766 0.460938 0.386719 0.462891 0.386719
0 0.453125 0.392578 0.453125 0.396484 0.449219 0.396484 0.447266 0.394531 0.451172 0.390625
0 0.541016 0.400391 0.541016 0.404297 0.537109 0.404297 0.535156 0.402344 0.539062 0.398438
0 0.546875 0.404297 0.546875 0.408203 0.542969 0.408203 0.541016 0.406250 0.544922 0.402344
0 0.466797 0.410156 0.464844 0.410156 0.462891 0.412109 0.458984 0.412109 0.457031 0.410156 0.457031 0.404297 0.458984 0.402344 0.462891 0.402344 0.464844 0.404297 0.466797 0.404297
0 0.339844 0.408203 0.339844 0.412109 0.335938 0.412109 0.333984 0.410156 0.337891 0.406250
0 0.490234 0.412109 0.484375 0.417969 0.478516 0.417969 0.472656 0.412109 0.472656 0.406250 0.478516 0.400391 0.484375 0.400391 0.490234 0.406250
0 0.537109 0.408203 0.537109 0.412109 0.533203 0.412109 0.531250 0.410156 0.535156 0.406250
0 0.072266 0.414062 0.070312 0.416016 0.070312 0.417969 0.068359 0.419922 0.062500 0.419922 0.060547 0.417969 0.060547 0.416016 0.058594 0.414062 0.058594 0.412109 0.060547 0.410156 0.060547 0.408203 0.062500 0.406250 0.068359 0.406250 0.070312 0.408203 0.070312 0.410156 0.072266 0.412109
0 0.369141 0.412109 0.369141 0.416016 0.365234 0.416016 0.363281 0.414062 0.367188 0.410156
0 0.330078 0.414062 0.330078 0.417969 0.326172 0.417969 0.324219 0.416016 0.328125 0.412109
0 0.359375 0.414062 0.359375 0.417969 0.355469 0.417969 0.353516 0.416016 0.357422 0.412109
0 0.501953 0.416016 0.501953 0.419922 0.498047 0.419922 0.496094 0.417969 0.500000 0.414062
0 0.335938 0.417969 0.335938 0.421875 0.332031 0.421875 0.330078 0.419922 0.333984 0.416016
0 0.460938 0.421875 0.458984 0.421875 0.457031 0.423828 0.453125 0.423828 0.451172 0.421875 0.451172 0.416016 0.453125 0.414062 0.457031 0.414062 0.458984 0.416016 0.460938 0.416016
0 0.623047 0.419922 0.623047 0.423828 0.619141 0.423828 0.617188 0.421875 0.621094 0.417969
0 0.630859 0.419922 0.630859 0.423828 0.626953 0.423828 0.625000 0.421875 0.628906 0.417969
0 0.810547 0.419922 0.810547 0.423828 0.806641 0.423828 0.804688 0.421875 0.808594 0.417969
0 0.365234 0.421875 0.365234 0.425781 0.361328 0.425781 0.359375 0.423828 0.363281 0.419922
0 0.494141 0.421875 0.494141 0.425781 0.490234 0.425781 0.488281 0.423828 0.492188 0.419922
0 0.816406 0.423828 0.816406 0.427734 0.812500 0.427734 0.810547 0.425781 0.814453 0.421875
0 0.414062 0.425781 0.414062 0.429688 0.410156 0.429688 0.408203 0.427734 0.412109 0.423828
0 0.468750 0.427734 0.468750 0.431641 0.464844 0.431641 0.462891 0.429688 0.466797 0.425781
0 0.265625 0.429688 0.265625 0.433594 0.261719 0.433594 0.259766 0.431641 0.263672 0.427734
0 0.423828 0.429688 0.423828 0.433594 0.419922 0.433594 0.417969 0.431641 0.421875 0.427734
0 0.619141 0.433594 0.617188 0.433594 0.615234 0.435547 0.611328 0.435547 0.609375 0.433594 0.609375 0.427734 0.611328 0.425781 0.615234 0.425781 0.617188 0.427734 0.619141 0.427734
0 0.810547 0.429688 0.810547 0.433594 0.806641 0.433594 0.804688 0.431641 0.808594 0.427734
0 0.638672 0.435547 0.636719 0.435547 0.634766 0.437500 0.630859 0.437500 0.628906 0.435547 0.628906 0.429688 0.630859 0.427734 0.634766 0.427734 0.636719 0.429688 0.638672 0.429688
0 0.664062 0.431641 0.664062 0.435547 0.660156 0.435547 0.658203 0.433594 0.662109 0.429688
0 0.734375 0.431641 0.734375 0.435547 0.730469 0.435547 0.728516 0.433594 0.732422 0.429688
0 0.257812 0.433594 0.257812 0.437500 0.253906 0.437500 0.251953 0.435547 0.255859 0.431641
0 0.566406 0.437500 0.564453 0.437500 0.562500 0.439453 0.558594 0.439453 0.556641 0.437500 0.556641 0.431641 0.558594 0.429688 0.562500 0.429688 0.564453 0.431641 0.566406 0.431641
0 0.880859 0.433594 0.880859 0.437500 0.876953 0.437500 0.875000 0.435547 0.878906 0.431641
0 0.886719 0.435547 0.886719 0.439453 0.882812 0.439453 0.880859 0.437500 0.884766 0.433594
0 0.267578 0.437500 0.267578 0.441406 0.263672 0.441406 0.261719 0.439453 0.265625 0.435547
0 0.470703 0.447266 0.468750 0.447266 0.466797 0.449219 0.457031 0.449219 0.451172 0.443359 0.451172 0.433594 0.453125 0.431641 0.455078 0.431641 0.455078 0.429688 0.457031 0.427734 0.466797 0.427734 0.472656 0.433594 0.472656 0.443359 0.470703 0.445312
0 0.623047 0.441406 0.621094 0.441406 0.619141 0.443359 0.615234 0.443359 0.613281 0.441406 0.613281 0.435547 0.615234 0.433594 0.619141 0.433594 0.621094 0.435547 0.623047 0.435547
0 0.740234 0.437500 0.740234 0.441406 0.736328 0.441406 0.734375 0.439453 0.738281 0.435547
0 0.798828 0.437500 0.798828 0.441406 0.794922 0.441406 0.792969 0.439453 0.796875 0.435547
0 0.875000 0.437500 0.875000 0.441406 0.871094 0.441406 0.869141 0.439453 0.873047 0.435547
0 0.683594 0.441406 0.681641 0.443359 0.681641 0.445312 0.679688 0.447266 0.673828 0.447266 0.671875 0.445312 0.671875 0.443359 0.669922 0.441406 0.669922 0.439453 0.671875 0.437500 0.671875 0.435547 0.673828 0.433594 0.679688 0.433594 0.681641 0.435547 0.681641 0.437500 0.683594 0.439453
0 0.378906 0.443359 0.376953 0.445312 0.376953 0.447266 0.375000 0.449219 0.369141 0.449219 0.367188 0.447266 0.367188 0.445312 0.365234 0.443359 0.365234 0.441406 0.367188 0.439453 0.367188 0.437500 0.369141 0.435547 0.375000 0.435547 0.376953 0.437500 0.376953 0.439453 0.378906 0.441406
0 0.572266 0.441406 0.572266 0.445312 0.568359 0.445312 0.566406 0.443359 0.570312 0.439453
0 0.890625 0.441406 0.890625 0.445312 0.886719 0.445312 0.884766 0.443359 0.888672 0.439453
0 0.552734 0.447266 0.550781 0.447266 0.548828 0.449219 0.544922 0.449219 0.542969 0.447266 0.542969 0.441406 0.544922 0.439453 0.548828 0.439453 0.550781 0.441406 0.552734 0.441406
0 0.876953 0.445312 0.876953 0.449219 0.873047 0.449219 0.871094 0.447266 0.875000 0.443359
0 0.806641 0.451172 0.804688 0.451172 0.802734 0.453125 0.798828 0.453125 0.796875 0.451172 0.796875 0.445312 0.798828 0.443359 0.802734 0.443359 0.804688 0.445312 0.806641 0.445312
0 0.884766 0.447266 0.884766 0.451172 0.880859 0.451172 0.878906 0.449219 0.882812 0.445312
0 0.457031 0.449219 0.457031 0.453125 0.453125 0.453125 0.451172 0.451172 0.455078 0.447266
0 0.443359 0.453125 0.443359 0.457031 0.439453 0.457031 0.437500 0.455078 0.441406 0.451172
0 0.074219 0.458984 0.072266 0.458984 0.070312 0.460938 0.066406 0.460938 0.064453 0.458984 0.064453 0.453125 0.066406 0.451172 0.070312 0.451172 0.072266 0.453125 0.074219 0.453125
0 0.388672 0.458984 0.386719 0.458984 0.384766 0.460938 0.380859 0.460938 0.378906 0.458984 0.378906 0.453125 0.380859 0.451172 0.384766 0.451172 0.386719 0.453125 0.388672 0.453125
0 0.509766 0.458984 0.507812 0.458984 0.505859 0.460938 0.501953 0.460938 0.500000 0.458984 0.500000 0.453125 0.501953 0.451172 0.505859 0.451172 0.507812 0.453125 0.509766 0.453125
0 0.519531 0.458984 0.517578 0.458984 0.515625 0.460938 0.511719 0.460938 0.509766 0.458984 0.509766 0.453125 0.511719 0.451172 0.515625 0.451172 0.517578 0.453125 0.519531 0.453125
0 0.603516 0.455078 0.603516 0.458984 0.599609 0.458984 0.597656 0.457031 0.601562 0.453125
0 0.689453 0.462891 0.687500 0.462891 0.685547 0.464844 0.681641 0.464844 0.679688 0.462891 0.679688 0.457031 0.681641 0.455078 0.685547 0.455078 0.687500 0.457031 0.689453 0.457031
0 0.720703 0.460938 0.720703 0.464844 0.716797 0.464844 0.714844 0.462891 0.718750 0.458984
0 0.945312 0.460938 0.945312 0.464844 0.941406 0.464844 0.939453 0.462891 0.943359 0.458984
0 0.398438 0.462891 0.398438 0.466797 0.394531 0.466797 0.392578 0.464844 0.396484 0.460938
0 0.255859 0.464844 0.255859 0.468750 0.251953 0.468750 0.250000 0.466797 0.253906 0.462891
0 0.500000 0.470703 0.498047 0.470703 0.496094 0.472656 0.492188 0.472656 0.490234 0.470703 0.490234 0.464844 0.492188 0.462891 0.496094 0.462891 0.498047 0.464844 0.500000 0.464844
0 0.730469 0.466797 0.730469 0.470703 0.726562 0.470703 0.724609 0.468750 0.728516 0.464844
0 0.933594 0.466797 0.933594 0.470703 0.929688 0.470703 0.927734 0.468750 0.931641 0.464844
0 0.365234 0.472656 0.359375 0.478516 0.353516 0.478516 0.347656 0.472656 0.347656 0.466797 0.353516 0.460938 0.359375 0.460938 0.365234 0.466797
0 0.535156 0.472656 0.529297 0.478516 0.523438 0.478516 0.517578 0.472656 0.517578 0.466797 0.523438 0.460938 0.529297 0.460938 0.535156 0.466797
0 0.716797 0.472656 0.710938 0.478516 0.705078 0.478516 0.699219 0.472656 0.699219 0.466797 0.705078 0.460938 0.710938 0.460938 0.716797 0.466797
0 0.718750 0.468750 0.718750 0.472656 0.714844 0.472656 0.712891 0.470703 0.716797 0.466797
0 0.392578 0.474609 0.390625 0.474609 0.388672 0.476562 0.384766 0.476562 0.382812 0.474609 0.382812 0.468750 0.384766 0.466797 0.388672 0.466797 0.390625 0.468750 0.392578 0.468750
0 0.585938 0.474609 0.583984 0.474609 0.582031 0.476562 0.578125 0.476562 0.576172 0.474609 0.576172 0.468750 0.578125 0.466797 0.582031 0.466797 0.583984 0.468750 0.585938 0.468750
0 0.607422 0.474609 0.605469 0.474609 0.603516 0.476562 0.599609 0.476562 0.597656 0.474609 0.597656 0.468750 0.599609 0.466797 0.603516 0.466797 0.605469 0.468750 0.607422 0.468750
0 0.943359 0.470703 0.943359 0.474609 0.939453 0.474609 0.937500 0.472656 0.941406 0.468750
0 0.628906 0.474609 0.628906 0.478516 0.625000 0.478516 0.623047 0.476562 0.626953 0.472656
0 0.699219 0.480469 0.697266 0.480469 0.695312 0.482422 0.691406 0.482422 0.689453 0.480469 0.689453 0.474609 0.691406 0.472656 0.695312 0.472656 0.697266 0.474609 0.699219 0.474609
0 0.410156 0.478516 0.410156 0.482422 0.406250 0.482422 0.404297 0.480469 0.408203 0.476562
0 0.824219 0.478516 0.824219 0.482422 0.820312 0.482422 0.818359 0.480469 0.822266 0.476562
0 0.474609 0.484375 0.472656 0.484375 0.470703 0.486328 0.466797 0.486328 0.464844 0.484375 0.464844 0.478516 0.466797 0.476562 0.470703 0.476562 0.472656 0.478516 0.474609 0.478516
0 0.496094 0.486328 0.490234 0.492188 0.484375 0.492188 0.478516 0.486328 0.478516 0.480469 0.484375 0.474609 0.490234 0.474609 0.496094 0.480469
0 0.566406 0.486328 0.564453 0.486328 0.562500 0.488281 0.558594 0.488281 0.556641 0.486328 0.556641 0.480469 0.558594 0.478516 0.562500 0.478516 0.564453 0.480469 0.566406 0.480469
0 0.267578 0.484375 0.267578 0.488281 0.263672 0.488281 0.261719 0.486328 0.265625 0.482422
0 0.591797 0.488281 0.589844 0.488281 0.587891 0.490234 0.583984 0.490234 0.582031 0.488281 0.582031 0.482422 0.583984 0.480469 0.587891 0.480469 0.589844 0.482422 0.591797 0.482422
0 0.818359 0.484375 0.818359 0.488281 0.814453 0.488281 0.812500 0.486328 0.816406 0.482422
0 0.830078 0.484375 0.830078 0.488281 0.826172 0.488281 0.824219 0.486328 0.828125 0.482422
0 0.113281 0.490234 0.111328 0.490234 0.109375 0.492188 0.105469 0.492188 0.103516 0.490234 0.103516 0.484375 0.105469 0.482422 0.109375 0.482422 0.111328 0.484375 0.113281 0.484375
0 0.519531 0.490234 0.517578 0.490234 0.515625 0.492188 0.511719 0.492188 0.509766 0.490234 0.509766 0.484375 0.511719 0.482422 0.515625 0.482422 0.517578 0.484375 0.519531 0.484375
0 0.542969 0.490234 0.541016 0.490234 0.539062 0.492188 0.535156 0.492188 0.533203 0.490234 0.533203 0.484375 0.535156 0.482422 0.539062 0.482422 0.541016 0.484375 0.542969 0.484375
0 0.505859 0.492188 0.500000 0.498047 0.494141 0.498047 0.488281 0.492188 0.488281 0.486328 0.494141 0.480469 0.500000 0.480469 0.505859 0.486328
0 0.550781 0.494141 0.548828 0.494141 0.546875 0.496094 0.542969 0.496094 0.541016 0.494141 0.541016 0.488281 0.542969 0.486328 0.546875 0.486328 0.548828 0.488281 0.550781 0.488281
0 0.931641 0.490234 0.931641 0.494141 0.927734 0.494141 0.925781 0.492188 0.929688 0.488281
0 0.310547 0.498047 0.308594 0.498047 0.306641 0.500000 0.302734 0.500000 0.300781 0.498047 0.300781 0.492188 0.302734 0.490234 0.306641 0.490234 0.308594 0.492188 0.310547 0.492188
0 0.414062 0.498047 0.412109 0.498047 0.410156 0.500000 0.406250 0.500000 0.404297 0.498047 0.404297 0.492188 0.406250 0.490234 0.410156 0.490234 0.412109 0.492188 0.414062 0.492188
0 0.453125 0.498047 0.451172 0.498047 0.449219 0.500000 0.445312 0.500000 0.443359 0.498047 0.443359 0.492188 0.445312 0.490234 0.449219 0.490234 0.451172 0.492188 0.453125 0.492188
0 0.613281 0.494141 0.613281 0.498047 0.609375 0.498047 0.607422 0.496094 0.611328 0.492188
0 0.937500 0.494141 0.937500 0.498047 0.933594 0.498047 0.931641 0.496094 0.935547 0.492188
0 0.431641 0.500000 0.425781 0.505859 0.419922 0.505859 0.414062 0.500000 0.414062 0.494141 0.419922 0.488281 0.425781 0.488281 0.431641 0.494141
0 0.560547 0.507812 0.558594 0.507812 0.556641 0.509766 0.546875 0.509766 0.541016 0.503906 0.541016 0.494141 0.542969 0.492188 0.544922 0.492188 0.544922 0.490234 0.546875 0.488281 0.556641 0.488281 0.562500 0.494141 0.562500 0.503906 0.560547 0.505859
0 0.607422 0.498047 0.607422 0.501953 0.603516 0.501953 0.601562 0.500000 0.605469 0.496094
0 0.351562 0.500000 0.351562 0.503906 0.347656 0.503906 0.345703 0.501953 0.349609 0.498047
0 0.937500 0.500000 0.937500 0.503906 0.933594 0.503906 0.931641 0.501953 0.935547 0.498047
0 0.425781 0.505859 0.423828 0.505859 0.421875 0.507812 0.417969 0.507812 0.416016 0.505859 0.416016 0.500000 0.417969 0.498047 0.421875 0.498047 0.423828 0.500000 0.425781 0.500000
0 0.324219 0.503906 0.324219 0.507812 0.320312 0.507812 0.318359 0.505859 0.322266 0.501953
0 0.509766 0.507812 0.503906 0.513672 0.498047 0.513672 0.492188 0.507812 0.492188 0.501953 0.498047 0.496094 0.503906 0.496094 0.509766 0.501953
0 0.931641 0.503906 0.931641 0.507812 0.927734 0.507812 0.925781 0.505859 0.929688 0.501953
0 0.302734 0.509766 0.300781 0.509766 0.298828 0.511719 0.294922 0.511719 0.292969 0.509766 0.292969 0.503906 0.294922 0.501953 0.298828 0.501953 0.300781 0.503906 0.302734 0.503906
0 0.345703 0.505859 0.345703 0.509766 0.341797 0.509766 0.339844 0.507812 0.343750 0.503906
0 0.357422 0.505859 0.357422 0.509766 0.353516 0.509766 0.351562 0.507812 0.355469 0.503906
0 0.460938 0.509766 0.455078 0.515625 0.449219 0.515625 0.443359 0.509766 0.443359 0.503906 0.449219 0.498047 0.455078 0.498047 0.460938 0.503906
0 0.523438 0.509766 0.521484 0.509766 0.519531 0.511719 0.515625 0.511719 0.513672 0.509766 0.513672 0.503906 0.515625 0.501953 0.519531 0.501953 0.521484 0.503906 0.523438 0.503906
0 0.464844 0.509766 0.462891 0.511719 0.462891 0.513672 0.460938 0.515625 0.455078 0.515625 0.453125 0.513672 0.453125 0.511719 0.451172 0.509766 0.451172 0.507812 0.453125 0.505859 0.453125 0.503906 0.455078 0.501953 0.460938 0.501953 0.462891 0.503906 0.462891 0.505859 0.464844 0.507812
0 0.539062 0.517578 0.537109 0.517578 0.535156 0.519531 0.525391 0.519531 0.519531 0.513672 0.519531 0.503906 0.521484 0.501953 0.523438 0.501953 0.523438 0.500000 0.525391 0.498047 0.535156 0.498047 0.541016 0.503906 0.541016 0.513672 0.539062 0.515625
0 0.259766 0.509766 0.259766 0.513672 0.255859 0.513672 0.253906 0.511719 0.257812 0.507812
0 0.371094 0.509766 0.371094 0.513672 0.367188 0.513672 0.365234 0.511719 0.369141 0.507812
0 0.406250 0.509766 0.406250 0.513672 0.402344 0.513672 0.400391 0.511719 0.404297 0.507812
0 0.447266 0.511719 0.445312 0.513672 0.445312 0.515625 0.443359 0.517578 0.437500 0.517578 0.435547 0.515625 0.435547 0.513672 0.433594 0.511719 0.433594 0.509766 0.435547 0.507812 0.435547 0.505859 0.437500 0.503906 0.443359 0.503906 0.445312 0.505859 0.445312 0.507812 0.447266 0.509766
0 0.320312 0.515625 0.318359 0.515625 0.316406 0.517578 0.312500 0.517578 0.310547 0.515625 0.310547 0.509766 0.312500 0.507812 0.316406 0.507812 0.318359 0.509766 0.320312 0.509766
0 0.351562 0.511719 0.351562 0.515625 0.347656 0.515625 0.345703 0.513672 0.349609 0.509766
0 0.554688 0.515625 0.554688 0.519531 0.550781 0.519531 0.548828 0.517578 0.552734 0.513672
0 0.263672 0.517578 0.263672 0.521484 0.259766 0.521484 0.257812 0.519531 0.261719 0.515625
0 0.253906 0.519531 0.253906 0.523438 0.250000 0.523438 0.248047 0.521484 0.251953 0.517578
0 0.371094 0.519531 0.371094 0.523438 0.367188 0.523438 0.365234 0.521484 0.369141 0.517578
0 0.423828 0.525391 0.417969 0.531250 0.412109 0.531250 0.406250 0.525391 0.406250 0.519531 0.412109 0.513672 0.417969 0.513672 0.423828 0.519531
0 0.650391 0.525391 0.648438 0.525391 0.646484 0.527344 0.642578 0.527344 0.640625 0.525391 0.640625 0.519531 0.642578 0.517578 0.646484 0.517578 0.648438 0.519531 0.650391 0.519531
0 0.574219 0.523438 0.574219 0.527344 0.570312 0.527344 0.568359 0.525391 0.572266 0.521484
0 0.476562 0.529297 0.470703 0.535156 0.464844 0.535156 0.458984 0.529297 0.458984 0.523438 0.464844 0.517578 0.470703 0.517578 0.476562 0.523438
0 0.917969 0.525391 0.917969 0.529297 0.914062 0.529297 0.912109 0.527344 0.916016 0.523438
0 0.359375 0.527344 0.359375 0.531250 0.355469 0.531250 0.353516 0.529297 0.357422 0.525391
0 0.666016 0.529297 0.664062 0.531250 0.664062 0.533203 0.662109 0.535156 0.656250 0.535156 0.654297 0.533203 0.654297 0.531250 0.652344 0.529297 0.652344 0.527344 0.654297 0.525391 0.654297 0.523438 0.656250 0.521484 0.662109 0.521484 0.664062 0.523438 0.664062 0.525391 0.666016 0.527344
0 0.447266 0.533203 0.445312 0.535156 0.445312 0.537109 0.443359 0.539062 0.437500 0.539062 0.435547 0.537109 0.435547 0.535156 0.433594 0.533203 0.433594 0.531250 0.435547 0.529297 0.435547 0.527344 0.437500 0.525391 0.443359 0.525391 0.445312 0.527344 0.445312 0.529297 0.447266 0.531250
0 0.541016 0.531250 0.541016 0.535156 0.537109 0.535156 0.535156 0.533203 0.539062 0.529297
0 0.925781 0.531250 0.925781 0.535156 0.921875 0.535156 0.919922 0.533203 0.923828 0.529297
0 0.134766 0.535156 0.132812 0.537109 0.132812 0.539062 0.130859 0.541016 0.125000 0.541016 0.123047 0.539062 0.123047 0.537109 0.121094 0.535156 0.121094 0.533203 0.123047 0.531250 0.123047 0.529297 0.125000 0.527344 0.130859 0.527344 0.132812 0.529297 0.132812 0.531250 0.134766 0.533203
0 0.207031 0.537109 0.205078 0.537109 0.203125 0.539062 0.199219 0.539062 0.197266 0.537109 0.197266 0.531250 0.199219 0.529297 0.203125 0.529297 0.205078 0.531250 0.207031 0.531250
0 0.576172 0.535156 0.574219 0.537109 0.574219 0.539062 0.572266 0.541016 0.566406 0.541016 0.564453 0.539062 0.564453 0.537109 0.562500 0.535156 0.562500 0.533203 0.564453 0.531250 0.564453 0.529297 0.566406 0.527344 0.572266 0.527344 0.574219 0.529297 0.574219 0.531250 0.576172 0.533203
0 0.914062 0.533203 0.914062 0.537109 0.910156 0.537109 0.908203 0.535156 0.912109 0.531250
0 0.525391 0.539062 0.523438 0.539062 0.521484 0.541016 0.517578 0.541016 0.515625 0.539062 0.515625 0.533203 0.517578 0.531250 0.521484 0.531250 0.523438 0.533203 0.525391 0.533203
0 0.496094 0.544922 0.494141 0.544922 0.492188 0.546875 0.488281 0.546875 0.486328 0.544922 0.486328 0.539062 0.488281 0.537109 0.492188 0.537109 0.494141 0.539062 0.496094 0.539062
0 0.388672 0.546875 0.386719 0.546875 0.384766 0.548828 0.380859 0.548828 0.378906 0.546875 0.378906 0.541016 0.380859 0.539062 0.384766 0.539062 0.386719 0.541016 0.388672 0.541016
0 0.318359 0.554688 0.316406 0.554688 0.314453 0.556641 0.304688 0.556641 0.298828 0.550781 0.298828 0.541016 0.300781 0.539062 0.302734 0.539062 0.302734 0.537109 0.304688 0.535156 0.314453 0.535156 0.320312 0.541016 0.320312 0.550781 0.318359 0.552734
0 0.345703 0.544922 0.345703 0.548828 0.341797 0.548828 0.339844 0.546875 0.343750 0.542969
0 0.425781 0.546875 0.423828 0.548828 0.423828 0.550781 0.421875 0.552734 0.416016 0.552734 0.414062 0.550781 0.414062 0.548828 0.412109 0.546875 0.412109 0.544922 0.414062 0.542969 0.414062 0.541016 0.416016 0.539062 0.421875 0.539062 0.423828 0.541016 0.423828 0.542969 0.425781 0.544922
0 0.197266 0.550781 0.195312 0.550781 0.193359 0.552734 0.189453 0.552734 0.187500 0.550781 0.187500 0.544922 0.189453 0.542969 0.193359 0.542969 0.195312 0.544922 0.197266 0.544922
0 0.576172 0.546875 0.576172 0.550781 0.572266 0.550781 0.570312 0.548828 0.574219 0.544922
0 0.613281 0.546875 0.613281 0.550781 0.609375 0.550781 0.607422 0.548828 0.611328 0.544922
0 0.648438 0.548828 0.646484 0.550781 0.646484 0.552734 0.644531 0.554688 0.638672 0.554688 0.636719 0.552734 0.636719 0.550781 0.634766 0.548828 0.634766 0.546875 0.636719 0.544922 0.636719 0.542969 0.638672 0.541016 0.644531 0.541016 0.646484 0.542969 0.646484 0.544922 0.648438 0.546875
0 0.667969 0.548828 0.666016 0.550781 0.666016 0.552734 0.664062 0.554688 0.658203 0.554688 0.656250 0.552734 0.656250 0.550781 0.654297 0.548828 0.654297 0.546875 0.656250 0.544922 0.656250 0.542969 0.658203 0.541016 0.664062 0.541016 0.666016 0.542969 0.666016 0.544922 0.667969 0.546875
0 0.687500 0.552734 0.685547 0.552734 0.683594 0.554688 0.679688 0.554688 0.677734 0.552734 0.677734 0.546875 0.679688 0.544922 0.683594 0.544922 0.685547 0.546875 0.687500 0.546875
0 0.033203 0.560547 0.031250 0.560547 0.029297 0.562500 0.019531 0.562500 0.013672 0.556641 0.013672 0.546875 0.015625 0.544922 0.017578 0.544922 0.017578 0.542969 0.019531 0.541016 0.029297 0.541016 0.035156 0.546875 0.035156 0.556641 0.033203 0.558594
0 0.222656 0.554688 0.220703 0.554688 0.218750 0.556641 0.214844 0.556641 0.212891 0.554688 0.212891 0.548828 0.214844 0.546875 0.218750 0.546875 0.220703 0.548828 0.222656 0.548828
0 0.271484 0.554688 0.269531 0.554688 0.267578 0.556641 0.263672 0.556641 0.261719 0.554688 0.261719 0.548828 0.263672 0.546875 0.267578 0.546875 0.269531 0.548828 0.271484 0.548828
0 0.294922 0.554688 0.289062 0.560547 0.283203 0.560547 0.277344 0.554688 0.277344 0.548828 0.283203 0.542969 0.289062 0.542969 0.294922 0.548828
0 0.367188 0.550781 0.367188 0.554688 0.363281 0.554688 0.361328 0.552734 0.365234 0.548828
0 0.605469 0.552734 0.605469 0.556641 0.601562 0.556641 0.599609 0.554688 0.603516 0.550781
0 0.207031 0.558594 0.205078 0.558594 0.203125 0.560547 0.199219 0.560547 0.197266 0.558594 0.197266 0.552734 0.199219 0.550781 0.203125 0.550781 0.205078 0.552734 0.207031 0.552734
0 0.490234 0.558594 0.488281 0.558594 0.486328 0.560547 0.482422 0.560547 0.480469 0.558594 0.480469 0.552734 0.482422 0.550781 0.486328 0.550781 0.488281 0.552734 0.490234 0.552734
0 0.691406 0.558594 0.689453 0.558594 0.687500 0.560547 0.683594 0.560547 0.681641 0.558594 0.681641 0.552734 0.683594 0.550781 0.687500 0.550781 0.689453 0.552734 0.691406 0.552734
0 0.253906 0.558594 0.251953 0.560547 0.251953 0.562500 0.250000 0.564453 0.244141 0.564453 0.242188 0.562500 0.242188 0.560547 0.240234 0.558594 0.240234 0.556641 0.242188 0.554688 0.242188 0.552734 0.244141 0.550781 0.250000 0.550781 0.251953 0.552734 0.251953 0.554688 0.253906 0.556641
0 0.400391 0.558594 0.398438 0.560547 0.398438 0.562500 0.396484 0.564453 0.390625 0.564453 0.388672 0.562500 0.388672 0.560547 0.386719 0.558594 0.386719 0.556641 0.388672 0.554688 0.388672 0.552734 0.390625 0.550781 0.396484 0.550781 0.398438 0.552734 0.398438 0.554688 0.400391 0.556641
0 0.548828 0.560547 0.542969 0.566406 0.537109 0.566406 0.531250 0.560547 0.531250 0.554688 0.537109 0.548828 0.542969 0.548828 0.548828 0.554688
0 0.642578 0.566406 0.640625 0.566406 0.638672 0.568359 0.628906 0.568359 0.623047 0.562500 0.623047 0.552734 0.625000 0.550781 0.626953 0.550781 0.626953 0.548828 0.628906 0.546875 0.638672 0.546875 0.644531 0.552734 0.644531 0.562500 0.642578 0.564453
0 0.152344 0.560547 0.150391 0.562500 0.150391 0.564453 0.148438 0.566406 0.142578 0.566406 0.140625 0.564453 0.140625 0.562500 0.138672 0.560547 0.138672 0.558594 0.140625 0.556641 0.140625 0.554688 0.142578 0.552734 0.148438 0.552734 0.150391 0.554688 0.150391 0.556641 0.152344 0.558594
0 0.384766 0.564453 0.382812 0.566406 0.382812 0.568359 0.380859 0.570312 0.375000 0.570312 0.373047 0.568359 0.373047 0.566406 0.371094 0.564453 0.371094 0.562500 0.373047 0.560547 0.373047 0.558594 0.375000 0.556641 0.380859 0.556641 0.382812 0.558594 0.382812 0.560547 0.384766 0.562500
0 0.476562 0.562500 0.476562 0.566406 0.472656 0.566406 0.470703 0.564453 0.474609 0.560547
0 0.650391 0.566406 0.648438 0.566406 0.646484 0.568359 0.642578 0.568359 0.640625 0.566406 0.640625 0.560547 0.642578 0.558594 0.646484 0.558594 0.648438 0.560547 0.650391 0.560547
0 0.380859 0.570312 0.375000 0.576172 0.369141 0.576172 0.363281 0.570312 0.363281 0.564453 0.369141 0.558594 0.375000 0.558594 0.380859 0.564453
0 0.685547 0.570312 0.683594 0.570312 0.681641 0.572266 0.677734 0.572266 0.675781 0.570312 0.675781 0.564453 0.677734 0.562500 0.681641 0.562500 0.683594 0.564453 0.685547 0.564453
0 0.416016 0.578125 0.414062 0.578125 0.412109 0.580078 0.402344 0.580078 0.396484 0.574219 0.396484 0.564453 0.398438 0.562500 0.400391 0.562500 0.400391 0.560547 0.402344 0.558594 0.412109 0.558594 0.417969 0.564453 0.417969 0.574219 0.416016 0.576172
0 0.482422 0.570312 0.480469 0.572266 0.480469 0.574219 0.478516 0.576172 0.472656 0.576172 0.470703 0.574219 0.470703 0.572266 0.468750 0.570312 0.468750 0.568359 0.470703 0.566406 0.470703 0.564453 0.472656 0.562500 0.478516 0.562500 0.480469 0.564453 0.480469 0.566406 0.482422 0.568359
0 0.558594 0.568359 0.558594 0.572266 0.554688 0.572266 0.552734 0.570312 0.556641 0.566406
0 0.615234 0.568359 0.615234 0.572266 0.611328 0.572266 0.609375 0.570312 0.613281 0.566406
0 0.636719 0.572266 0.634766 0.572266 0.632812 0.574219 0.628906 0.574219 0.626953 0.572266 0.626953 0.566406 0.628906 0.564453 0.632812 0.564453 0.634766 0.566406 0.636719 0.566406
0 0.222656 0.574219 0.220703 0.574219 0.218750 0.576172 0.214844 0.576172 0.212891 0.574219 0.212891 0.568359 0.214844 0.566406 0.218750 0.566406 0.220703 0.568359 0.222656 0.568359
0 0.445312 0.580078 0.443359 0.580078 0.441406 0.582031 0.431641 0.582031 0.425781 0.576172 0.425781 0.566406 0.427734 0.564453 0.429688 0.564453 0.429688 0.562500 0.431641 0.560547 0.441406 0.560547 0.447266 0.566406 0.447266 0.576172 0.445312 0.578125
0 0.500000 0.580078 0.498047 0.580078 0.496094 0.582031 0.486328 0.582031 0.480469 0.576172 0.480469 0.566406 0.482422 0.564453 0.484375 0.564453 0.484375 0.562500 0.486328 0.560547 0.496094 0.560547 0.501953 0.566406 0.501953 0.576172 0.500000 0.578125
0 0.513672 0.570312 0.513672 0.574219 0.509766 0.574219 0.507812 0.572266 0.511719 0.568359
0 0.347656 0.574219 0.345703 0.576172 0.345703 0.578125 0.343750 0.580078 0.337891 0.580078 0.335938 0.578125 0.335938 0.576172 0.333984 0.574219 0.333984 0.572266 0.335938 0.570312 0.335938 0.568359 0.337891 0.566406 0.343750 0.566406 0.345703 0.568359 0.345703 0.570312 0.347656 0.572266
0 0.617188 0.574219 0.617188 0.578125 0.613281 0.578125 0.611328 0.576172 0.615234 0.572266
0 0.205078 0.585938 0.203125 0.585938 0.201172 0.587891 0.191406 0.587891 0.185547 0.582031 0.185547 0.572266 0.187500 0.570312 0.189453 0.570312 0.189453 0.568359 0.191406 0.566406 0.201172 0.566406 0.207031 0.572266 0.207031 0.582031 0.205078 0.583984
0 0.527344 0.580078 0.525391 0.580078 0.523438 0.582031 0.519531 0.582031 0.517578 0.580078 0.517578 0.574219 0.519531 0.572266 0.523438 0.572266 0.525391 0.574219 0.527344 0.574219
0 0.548828 0.578125 0.546875 0.580078 0.546875 0.582031 0.544922 0.583984 0.539062 0.583984 0.537109 0.582031 0.537109 0.580078 0.535156 0.578125 0.535156 0.576172 0.537109 0.574219 0.537109 0.572266 0.539062 0.570312 0.544922 0.570312 0.546875 0.572266 0.546875 0.574219 0.548828 0.576172
0 0.568359 0.583984 0.566406 0.583984 0.564453 0.585938 0.560547 0.585938 0.558594 0.583984 0.558594 0.578125 0.560547 0.576172 0.564453 0.576172 0.566406 0.578125 0.568359 0.578125
0 0.210938 0.585938 0.208984 0.585938 0.207031 0.587891 0.203125 0.587891 0.201172 0.585938 0.201172 0.580078 0.203125 0.578125 0.207031 0.578125 0.208984 0.580078 0.210938 0.580078
0 0.630859 0.585938 0.628906 0.585938 0.626953 0.587891 0.623047 0.587891 0.621094 0.585938 0.621094 0.580078 0.623047 0.578125 0.626953 0.578125 0.628906 0.580078 0.630859 0.580078
0 0.371094 0.593750 0.369141 0.593750 0.367188 0.595703 0.357422 0.595703 0.351562 0.589844 0.351562 0.580078 0.353516 0.578125 0.355469 0.578125 0.355469 0.576172 0.357422 0.574219 0.367188 0.574219 0.373047 0.580078 0.373047 0.589844 0.371094 0.591797
0 0.511719 0.583984 0.511719 0.587891 0.507812 0.587891 0.505859 0.585938 0.509766 0.582031
0 0.589844 0.585938 0.589844 0.589844 0.585938 0.589844 0.583984 0.587891 0.587891 0.583984
0 0.642578 0.595703 0.640625 0.595703 0.638672 0.597656 0.628906 0.597656 0.623047 0.591797 0.623047 0.582031 0.625000 0.580078 0.626953 0.580078 0.626953 0.578125 0.628906 0.576172 0.638672 0.576172 0.644531 0.582031 0.644531 0.591797 0.642578 0.593750
0 0.644531 0.595703 0.642578 0.595703 0.640625 0.597656 0.630859 0.597656 0.625000 0.591797 0.625000 0.582031 0.626953 0.580078 0.628906 0.580078 0.628906 0.578125 0.630859 0.576172 0.640625 0.576172 0.646484 0.582031 0.646484 0.591797 0.644531 0.593750
0 0.482422 0.589844 0.482422 0.593750 0.478516 0.593750 0.476562 0.591797 0.480469 0.587891
0 0.496094 0.589844 0.496094 0.593750 0.492188 0.593750 0.490234 0.591797 0.494141 0.587891
0 0.652344 0.597656 0.650391 0.597656 0.648438 0.599609 0.644531 0.599609 0.642578 0.597656 0.642578 0.591797 0.644531 0.589844 0.648438 0.589844 0.650391 0.591797 0.652344 0.591797
0 0.488281 0.601562 0.486328 0.601562 0.484375 0.603516 0.480469 0.603516 0.478516 0.601562 0.478516 0.595703 0.480469 0.593750 0.484375 0.593750 0.486328 0.595703 0.488281 0.595703
0 0.574219 0.601562 0.572266 0.601562 0.570312 0.603516 0.566406 0.603516 0.564453 0.601562 0.564453 0.595703 0.566406 0.593750 0.570312 0.593750 0.572266 0.595703 0.574219 0.595703
0 0.949219 0.597656 0.949219 0.601562 0.945312 0.601562 0.943359 0.599609 0.947266 0.595703
0 0.140625 0.603516 0.134766 0.609375 0.128906 0.609375 0.123047 0.603516 0.123047 0.597656 0.128906 0.591797 0.134766 0.591797 0.140625 0.597656
0 0.353516 0.611328 0.351562 0.611328 0.349609 0.613281 0.339844 0.613281 0.333984 0.607422 0.333984 0.597656 0.335938 0.595703 0.337891 0.595703 0.337891 0.593750 0.339844 0.591797 0.349609 0.591797 0.355469 0.597656 0.355469 0.607422 0.353516 0.609375
0 0.423828 0.605469 0.417969 0.611328 0.412109 0.611328 0.406250 0.605469 0.406250 0.599609 0.412109 0.593750 0.417969 0.593750 0.423828 0.599609
0 0.552734 0.611328 0.550781 0.611328 0.548828 0.613281 0.539062 0.613281 0.533203 0.607422 0.533203 0.597656 0.535156 0.595703 0.537109 0.595703 0.537109 0.593750 0.539062 0.591797 0.548828 0.591797 0.554688 0.597656 0.554688 0.607422 0.552734 0.609375
0 0.792969 0.603516 0.792969 0.607422 0.789062 0.607422 0.787109 0.605469 0.791016 0.601562
0 0.634766 0.609375 0.632812 0.609375 0.630859 0.611328 0.626953 0.611328 0.625000 0.609375 0.625000 0.603516 0.626953 0.601562 0.630859 0.601562 0.632812 0.603516 0.634766 0.603516
0 0.115234 0.611328 0.113281 0.611328 0.111328 0.613281 0.107422 0.613281 0.105469 0.611328 0.105469 0.605469 0.107422 0.603516 0.111328 0.603516 0.113281 0.605469 0.115234 0.605469
0 0.292969 0.617188 0.291016 0.617188 0.289062 0.619141 0.279297 0.619141 0.273438 0.613281 0.273438 0.603516 0.275391 0.601562 0.277344 0.601562 0.277344 0.599609 0.279297 0.597656 0.289062 0.597656 0.294922 0.603516 0.294922 0.613281 0.292969 0.615234
0 0.945312 0.607422 0.945312 0.611328 0.941406 0.611328 0.939453 0.609375 0.943359 0.605469
0 0.566406 0.609375 0.566406 0.613281 0.562500 0.613281 0.560547 0.611328 0.564453 0.607422
0 0.785156 0.609375 0.785156 0.613281 0.781250 0.613281 0.779297 0.611328 0.783203 0.607422
0 0.031250 0.621094 0.029297 0.621094 0.027344 0.623047 0.017578 0.623047 0.011719 0.617188 0.011719 0.607422 0.017578 0.601562 0.027344 0.601562 0.033203 0.607422 0.033203 0.617188 0.031250 0.619141
0 0.300781 0.615234 0.298828 0.615234 0.296875 0.617188 0.292969 0.617188 0.291016 0.615234 0.291016 0.609375 0.292969 0.607422 0.296875 0.607422 0.298828 0.609375 0.300781 0.609375
0 0.523438 0.613281 0.521484 0.615234 0.521484 0.617188 0.519531 0.619141 0.513672 0.619141 0.511719 0.617188 0.511719 0.615234 0.509766 0.613281 0.509766 0.611328 0.511719 0.609375 0.511719 0.607422 0.513672 0.605469 0.519531 0.605469 0.521484 0.607422 0.521484 0.609375 0.523438 0.611328
0 0.658203 0.615234 0.656250 0.615234 0.654297 0.617188 0.650391 0.617188 0.648438 0.615234 0.648438 0.609375 0.650391 0.607422 0.654297 0.607422 0.656250 0.609375 0.658203 0.609375
0 0.669922 0.611328 0.669922 0.615234 0.666016 0.615234 0.664062 0.613281 0.667969 0.609375
0 0.546875 0.613281 0.546875 0.617188 0.542969 0.617188 0.541016 0.615234 0.544922 0.611328
0 0.744141 0.617188 0.742188 0.617188 0.740234 0.619141 0.736328 0.619141 0.734375 0.617188 0.734375 0.611328 0.736328 0.609375 0.740234 0.609375 0.742188 0.611328 0.744141 0.611328
0 0.792969 0.615234 0.792969 0.619141 0.789062 0.619141 0.787109 0.617188 0.791016 0.613281
0 0.644531 0.621094 0.642578 0.621094 0.640625 0.623047 0.636719 0.623047 0.634766 0.621094 0.634766 0.615234 0.636719 0.613281 0.640625 0.613281 0.642578 0.615234 0.644531 0.615234
0 0.667969 0.619141 0.667969 0.623047 0.664062 0.623047 0.662109 0.621094 0.666016 0.617188
0 0.257812 0.625000 0.255859 0.625000 0.253906 0.626953 0.250000 0.626953 0.248047 0.625000 0.248047 0.619141 0.250000 0.617188 0.253906 0.617188 0.255859 0.619141 0.257812 0.619141
0 0.728516 0.625000 0.726562 0.625000 0.724609 0.626953 0.720703 0.626953 0.718750 0.625000 0.718750 0.619141 0.720703 0.617188 0.724609 0.617188 0.726562 0.619141 0.728516 0.619141
0 0.318359 0.626953 0.316406 0.626953 0.314453 0.628906 0.310547 0.628906 0.308594 0.626953 0.308594 0.621094 0.310547 0.619141 0.314453 0.619141 0.316406 0.621094 0.318359 0.621094
0 0.500000 0.626953 0.498047 0.626953 0.496094 0.628906 0.492188 0.628906 0.490234 0.626953 0.490234 0.621094 0.492188 0.619141 0.496094 0.619141 0.498047 0.621094 0.500000 0.621094
0 0.533203 0.628906 0.531250 0.628906 0.529297 0.630859 0.525391 0.630859 0.523438 0.628906 0.523438 0.623047 0.525391 0.621094 0.529297 0.621094 0.531250 0.623047 0.533203 0.623047
0 0.160156 0.632812 0.158203 0.632812 0.156250 0.634766 0.152344 0.634766 0.150391 0.632812 0.150391 0.626953 0.152344 0.625000 0.156250 0.625000 0.158203 0.626953 0.160156 0.626953
0 0.335938 0.632812 0.333984 0.632812 0.332031 0.634766 0.328125 0.634766 0.326172 0.632812 0.326172 0.626953 0.328125 0.625000 0.332031 0.625000 0.333984 0.626953 0.335938 0.626953
0 0.544922 0.632812 0.542969 0.632812 0.541016 0.634766 0.537109 0.634766 0.535156 0.632812 0.535156 0.626953 0.537109 0.625000 0.541016 0.625000 0.542969 0.626953 0.544922 0.626953
0 0.275391 0.630859 0.275391 0.634766 0.271484 0.634766 0.269531 0.632812 0.273438 0.628906
0 0.357422 0.640625 0.355469 0.640625 0.353516 0.642578 0.343750 0.642578 0.337891 0.636719 0.337891 0.626953 0.339844 0.625000 0.341797 0.625000 0.341797 0.623047 0.343750 0.621094 0.353516 0.621094 0.359375 0.626953 0.359375 0.636719 0.357422 0.638672
0 0.400391 0.640625 0.398438 0.640625 0.396484 0.642578 0.386719 0.642578 0.380859 0.636719 0.380859 0.626953 0.382812 0.625000 0.384766 0.625000 0.384766 0.623047 0.386719 0.621094 0.396484 0.621094 0.402344 0.626953 0.402344 0.636719 0.400391 0.638672
0 0.488281 0.630859 0.488281 0.634766 0.484375 0.634766 0.482422 0.632812 0.486328 0.628906
0 0.507812 0.638672 0.505859 0.638672 0.503906 0.640625 0.500000 0.640625 0.498047 0.638672 0.498047 0.632812 0.500000 0.630859 0.503906 0.630859 0.505859 0.632812 0.507812 0.632812
0 0.554688 0.634766 0.554688 0.638672 0.550781 0.638672 0.548828 0.636719 0.552734 0.632812
0 0.888672 0.638672 0.886719 0.638672 0.884766 0.640625 0.880859 0.640625 0.878906 0.638672 0.878906 0.632812 0.880859 0.630859 0.884766 0.630859 0.886719 0.632812 0.888672 0.632812
0 0.078125 0.648438 0.076172 0.648438 0.074219 0.650391 0.064453 0.650391 0.058594 0.644531 0.058594 0.634766 0.060547 0.632812 0.062500 0.632812 0.062500 0.630859 0.064453 0.628906 0.074219 0.628906 0.080078 0.634766 0.080078 0.644531 0.078125 0.646484
0 0.167969 0.642578 0.166016 0.642578 0.164062 0.644531 0.160156 0.644531 0.158203 0.642578 0.158203 0.636719 0.160156 0.634766 0.164062 0.634766 0.166016 0.636719 0.167969 0.636719
0 0.556641 0.646484 0.554688 0.646484 0.552734 0.648438 0.548828 0.648438 0.546875 0.646484 0.546875 0.640625 0.548828 0.638672 0.552734 0.638672 0.554688 0.640625 0.556641 0.640625
0 0.626953 0.642578 0.626953 0.646484 0.623047 0.646484 0.621094 0.644531 0.625000 0.640625
0 0.490234 0.648438 0.488281 0.648438 0.486328 0.650391 0.482422 0.650391 0.480469 0.648438 0.480469 0.642578 0.482422 0.640625 0.486328 0.640625 0.488281 0.642578 0.490234 0.642578
0 0.671875 0.648438 0.669922 0.648438 0.667969 0.650391 0.664062 0.650391 0.662109 0.648438 0.662109 0.642578 0.664062 0.640625 0.667969 0.640625 0.669922 0.642578 0.671875 0.642578
0 0.179688 0.652344 0.177734 0.652344 0.175781 0.654297 0.171875 0.654297 0.169922 0.652344 0.169922 0.646484 0.171875 0.644531 0.175781 0.644531 0.177734 0.646484 0.179688 0.646484
0 0.869141 0.652344 0.867188 0.652344 0.865234 0.654297 0.861328 0.654297 0.859375 0.652344 0.859375 0.646484 0.861328 0.644531 0.865234 0.644531 0.867188 0.646484 0.869141 0.646484
0 0.593750 0.654297 0.591797 0.654297 0.589844 0.656250 0.585938 0.656250 0.583984 0.654297 0.583984 0.648438 0.585938 0.646484 0.589844 0.646484 0.591797 0.648438 0.593750 0.648438
0 0.033203 0.654297 0.031250 0.656250 0.031250 0.658203 0.029297 0.660156 0.023438 0.660156 0.021484 0.658203 0.021484 0.656250 0.019531 0.654297 0.019531 0.652344 0.021484 0.650391 0.021484 0.648438 0.023438 0.646484 0.029297 0.646484 0.031250 0.648438 0.031250 0.650391 0.033203 0.652344
0 0.472656 0.658203 0.470703 0.658203 0.468750 0.660156 0.464844 0.660156 0.462891 0.658203 0.462891 0.652344 0.464844 0.650391 0.468750 0.650391 0.470703 0.652344 0.472656 0.652344
0 0.876953 0.658203 0.875000 0.658203 0.873047 0.660156 0.869141 0.660156 0.867188 0.658203 0.867188 0.652344 0.869141 0.650391 0.873047 0.650391 0.875000 0.652344 0.876953 0.652344
0 0.560547 0.656250 0.560547 0.660156 0.556641 0.660156 0.554688 0.658203 0.558594 0.654297
0 0.226562 0.662109 0.224609 0.664062 0.224609 0.666016 0.222656 0.667969 0.216797 0.667969 0.214844 0.666016 0.214844 0.664062 0.212891 0.662109 0.212891 0.660156 0.214844 0.658203 0.214844 0.656250 0.216797 0.654297 0.222656 0.654297 0.224609 0.656250 0.224609 0.658203 0.226562 0.660156
0 0.521484 0.660156 0.521484 0.664062 0.517578 0.664062 0.515625 0.662109 0.519531 0.658203
0 0.658203 0.664062 0.656250 0.664062 0.654297 0.666016 0.650391 0.666016 0.648438 0.664062 0.648438 0.658203 0.650391 0.656250 0.654297 0.656250 0.656250 0.658203 0.658203 0.658203
0 0.605469 0.666016 0.603516 0.666016 0.601562 0.667969 0.597656 0.667969 0.595703 0.666016 0.595703 0.660156 0.597656 0.658203 0.601562 0.658203 0.603516 0.660156 0.605469 0.660156
0 0.671875 0.666016 0.669922 0.666016 0.667969 0.667969 0.664062 0.667969 0.662109 0.666016 0.662109 0.660156 0.664062 0.658203 0.667969 0.658203 0.669922 0.660156 0.671875 0.660156
0 0.054688 0.667969 0.052734 0.667969 0.050781 0.669922 0.046875 0.669922 0.044922 0.667969 0.044922 0.662109 0.046875 0.660156 0.050781 0.660156 0.052734 0.662109 0.054688 0.662109
0 0.533203 0.666016 0.533203 0.669922 0.529297 0.669922 0.527344 0.667969 0.531250 0.664062
0 0.449219 0.671875 0.447266 0.671875 0.445312 0.673828 0.441406 0.673828 0.439453 0.671875 0.439453 0.666016 0.441406 0.664062 0.445312 0.664062 0.447266 0.666016 0.449219 0.666016
0 0.197266 0.673828 0.191406 0.679688 0.185547 0.679688 0.179688 0.673828 0.179688 0.667969 0.185547 0.662109 0.191406 0.662109 0.197266 0.667969
0 0.421875 0.671875 0.419922 0.673828 0.419922 0.675781 0.417969 0.677734 0.412109 0.677734 0.410156 0.675781 0.410156 0.673828 0.408203 0.671875 0.408203 0.669922 0.410156 0.667969 0.410156 0.666016 0.412109 0.664062 0.417969 0.664062 0.419922 0.666016 0.419922 0.667969 0.421875 0.669922
0 0.591797 0.673828 0.589844 0.673828 0.587891 0.675781 0.583984 0.675781 0.582031 0.673828 0.582031 0.667969 0.583984 0.666016 0.587891 0.666016 0.589844 0.667969 0.591797 0.667969
0 0.373047 0.677734 0.367188 0.683594 0.361328 0.683594 0.355469 0.677734 0.355469 0.671875 0.361328 0.666016 0.367188 0.666016 0.373047 0.671875
0 0.175781 0.675781 0.175781 0.679688 0.171875 0.679688 0.169922 0.677734 0.173828 0.673828
0 0.308594 0.675781 0.308594 0.679688 0.304688 0.679688 0.302734 0.677734 0.306641 0.673828
0 0.636719 0.679688 0.634766 0.679688 0.632812 0.681641 0.628906 0.681641 0.626953 0.679688 0.626953 0.673828 0.628906 0.671875 0.632812 0.671875 0.634766 0.673828 0.636719 0.673828
0 0.513672 0.677734 0.513672 0.681641 0.509766 0.681641 0.507812 0.679688 0.511719 0.675781
0 0.621094 0.681641 0.619141 0.681641 0.617188 0.683594 0.613281 0.683594 0.611328 0.681641 0.611328 0.675781 0.613281 0.673828 0.617188 0.673828 0.619141 0.675781 0.621094 0.675781
0 0.841797 0.677734 0.841797 0.681641 0.837891 0.681641 0.835938 0.679688 0.839844 0.675781
0 0.388672 0.683594 0.386719 0.685547 0.386719 0.687500 0.384766 0.689453 0.378906 0.689453 0.376953 0.687500 0.376953 0.685547 0.375000 0.683594 0.375000 0.681641 0.376953 0.679688 0.376953 0.677734 0.378906 0.675781 0.384766 0.675781 0.386719 0.677734 0.386719 0.679688 0.388672 0.681641
0 0.222656 0.689453 0.220703 0.689453 0.218750 0.691406 0.214844 0.691406 0.212891 0.689453 0.212891 0.683594 0.214844 0.681641 0.218750 0.681641 0.220703 0.683594 0.222656 0.683594
0 0.763672 0.689453 0.763672 0.693359 0.759766 0.693359 0.757812 0.691406 0.761719 0.687500
0 0.185547 0.695312 0.183594 0.695312 0.181641 0.697266 0.177734 0.697266 0.175781 0.695312 0.175781 0.689453 0.177734 0.687500 0.181641 0.687500 0.183594 0.689453 0.185547 0.689453
0 0.474609 0.695312 0.472656 0.695312 0.470703 0.697266 0.466797 0.697266 0.464844 0.695312 0.464844 0.689453 0.466797 0.687500 0.470703 0.687500 0.472656 0.689453 0.474609 0.689453
0 0.826172 0.691406 0.826172 0.695312 0.822266 0.695312 0.820312 0.693359 0.824219 0.689453
0 0.224609 0.695312 0.222656 0.697266 0.222656 0.699219 0.220703 0.701172 0.214844 0.701172 0.212891 0.699219 0.212891 0.697266 0.210938 0.695312 0.210938 0.693359 0.212891 0.691406 0.212891 0.689453 0.214844 0.687500 0.220703 0.687500 0.222656 0.689453 0.222656 0.691406 0.224609 0.693359
0 0.525391 0.695312 0.523438 0.697266 0.523438 0.699219 0.521484 0.701172 0.515625 0.701172 0.513672 0.699219 0.513672 0.697266 0.511719 0.695312 0.511719 0.693359 0.513672 0.691406 0.513672 0.689453 0.515625 0.687500 0.521484 0.687500 0.523438 0.689453 0.523438 0.691406 0.525391 0.693359
0 0.375000 0.695312 0.375000 0.699219 0.371094 0.699219 0.369141 0.697266 0.373047 0.693359
0 0.382812 0.699219 0.380859 0.699219 0.378906 0.701172 0.375000 0.701172 0.373047 0.699219 0.373047 0.693359 0.375000 0.691406 0.378906 0.691406 0.380859 0.693359 0.382812 0.693359
0 0.636719 0.697266 0.634766 0.699219 0.634766 0.701172 0.632812 0.703125 0.626953 0.703125 0.625000 0.701172 0.625000 0.699219 0.623047 0.697266 0.623047 0.695312 0.625000 0.693359 0.625000 0.691406 0.626953 0.689453 0.632812 0.689453 0.634766 0.691406 0.634766 0.693359 0.636719 0.695312
0 0.218750 0.703125 0.216797 0.703125 0.214844 0.705078 0.210938 0.705078 0.208984 0.703125 0.208984 0.697266 0.210938 0.695312 0.214844 0.695312 0.216797 0.697266 0.218750 0.697266
0 0.388672 0.699219 0.388672 0.703125 0.384766 0.703125 0.382812 0.701172 0.386719 0.697266
0 0.519531 0.703125 0.513672 0.708984 0.507812 0.708984 0.501953 0.703125 0.501953 0.697266 0.507812 0.691406 0.513672 0.691406 0.519531 0.697266
0 0.083984 0.701172 0.083984 0.705078 0.080078 0.705078 0.078125 0.703125 0.082031 0.699219
0 0.490234 0.707031 0.488281 0.708984 0.488281 0.710938 0.486328 0.712891 0.480469 0.712891 0.478516 0.710938 0.478516 0.708984 0.476562 0.707031 0.476562 0.705078 0.478516 0.703125 0.478516 0.701172 0.480469 0.699219 0.486328 0.699219 0.488281 0.701172 0.488281 0.703125 0.490234 0.705078
0 0.492188 0.705078 0.492188 0.708984 0.488281 0.708984 0.486328 0.707031 0.490234 0.703125
0 0.373047 0.707031 0.373047 0.710938 0.369141 0.710938 0.367188 0.708984 0.371094 0.705078
0 0.958984 0.708984 0.958984 0.712891 0.955078 0.712891 0.953125 0.710938 0.957031 0.707031
0 0.087891 0.710938 0.087891 0.714844 0.083984 0.714844 0.082031 0.712891 0.085938 0.708984
0 0.378906 0.710938 0.378906 0.714844 0.375000 0.714844 0.373047 0.712891 0.376953 0.708984
0 0.515625 0.720703 0.513672 0.720703 0.511719 0.722656 0.501953 0.722656 0.496094 0.716797 0.496094 0.707031 0.498047 0.705078 0.500000 0.705078 0.500000 0.703125 0.501953 0.701172 0.511719 0.701172 0.517578 0.707031 0.517578 0.716797 0.515625 0.718750
0 0.523438 0.710938 0.523438 0.714844 0.519531 0.714844 0.517578 0.712891 0.521484 0.708984
0 0.451172 0.712891 0.451172 0.716797 0.447266 0.716797 0.445312 0.714844 0.449219 0.710938
0 0.556641 0.712891 0.556641 0.716797 0.552734 0.716797 0.550781 0.714844 0.554688 0.710938
0 0.607422 0.712891 0.607422 0.716797 0.603516 0.716797 0.601562 0.714844 0.605469 0.710938
0 0.968750 0.712891 0.968750 0.716797 0.964844 0.716797 0.962891 0.714844 0.966797 0.710938
0 0.648438 0.716797 0.646484 0.718750 0.646484 0.720703 0.644531 0.722656 0.638672 0.722656 0.636719 0.720703 0.636719 0.718750 0.634766 0.716797 0.634766 0.714844 0.636719 0.712891 0.636719 0.710938 0.638672 0.708984 0.644531 0.708984 0.646484 0.710938 0.646484 0.712891 0.648438 0.714844
0 0.371094 0.716797 0.371094 0.720703 0.367188 0.720703 0.365234 0.718750 0.369141 0.714844
0 0.179688 0.722656 0.177734 0.722656 0.175781 0.724609 0.171875 0.724609 0.169922 0.722656 0.169922 0.716797 0.171875 0.714844 0.175781 0.714844 0.177734 0.716797 0.179688 0.716797
0 0.378906 0.718750 0.378906 0.722656 0.375000 0.722656 0.373047 0.720703 0.376953 0.716797
0 0.562500 0.718750 0.562500 0.722656 0.558594 0.722656 0.556641 0.720703 0.560547 0.716797
0 0.601562 0.718750 0.601562 0.722656 0.597656 0.722656 0.595703 0.720703 0.599609 0.716797
0 0.611328 0.718750 0.611328 0.722656 0.607422 0.722656 0.605469 0.720703 0.609375 0.716797
0 0.962891 0.718750 0.962891 0.722656 0.958984 0.722656 0.957031 0.720703 0.960938 0.716797
0 0.509766 0.724609 0.507812 0.726562 0.507812 0.728516 0.505859 0.730469 0.500000 0.730469 0.498047 0.728516 0.498047 0.726562 0.496094 0.724609 0.496094 0.722656 0.498047 0.720703 0.498047 0.718750 0.500000 0.716797 0.505859 0.716797 0.507812 0.718750 0.507812 0.720703 0.509766 0.722656
0 0.552734 0.722656 0.552734 0.726562 0.548828 0.726562 0.546875 0.724609 0.550781 0.720703
0 0.205078 0.728516 0.203125 0.728516 0.201172 0.730469 0.197266 0.730469 0.195312 0.728516 0.195312 0.722656 0.197266 0.720703 0.201172 0.720703 0.203125 0.722656 0.205078 0.722656
0 0.652344 0.724609 0.652344 0.728516 0.648438 0.728516 0.646484 0.726562 0.650391 0.722656
0 0.517578 0.726562 0.517578 0.730469 0.513672 0.730469 0.511719 0.728516 0.515625 0.724609
0 0.505859 0.728516 0.505859 0.732422 0.501953 0.732422 0.500000 0.730469 0.503906 0.726562
0 0.353516 0.732422 0.353516 0.736328 0.349609 0.736328 0.347656 0.734375 0.351562 0.730469
0 0.496094 0.732422 0.496094 0.736328 0.492188 0.736328 0.490234 0.734375 0.494141 0.730469
0 0.646484 0.732422 0.646484 0.736328 0.642578 0.736328 0.640625 0.734375 0.644531 0.730469
0 0.943359 0.734375 0.943359 0.738281 0.939453 0.738281 0.937500 0.736328 0.941406 0.732422
0 0.349609 0.738281 0.347656 0.740234 0.347656 0.742188 0.345703 0.744141 0.339844 0.744141 0.337891 0.742188 0.337891 0.740234 0.335938 0.738281 0.335938 0.736328 0.337891 0.734375 0.337891 0.732422 0.339844 0.730469 0.345703 0.730469 0.347656 0.732422 0.347656 0.734375 0.349609 0.736328
0 0.511719 0.740234 0.509766 0.740234 0.507812 0.742188 0.503906 0.742188 0.501953 0.740234 0.501953 0.734375 0.503906 0.732422 0.507812 0.732422 0.509766 0.734375 0.511719 0.734375
0 0.931641 0.736328 0.931641 0.740234 0.927734 0.740234 0.925781 0.738281 0.929688 0.734375
0 0.363281 0.738281 0.363281 0.742188 0.359375 0.742188 0.357422 0.740234 0.361328 0.736328
0 0.332031 0.740234 0.332031 0.744141 0.328125 0.744141 0.326172 0.742188 0.330078 0.738281
0 0.710938 0.740234 0.710938 0.744141 0.707031 0.744141 0.705078 0.742188 0.708984 0.738281
0 0.718750 0.740234 0.718750 0.744141 0.714844 0.744141 0.712891 0.742188 0.716797 0.738281
0 0.191406 0.746094 0.189453 0.746094 0.187500 0.748047 0.183594 0.748047 0.181641 0.746094 0.181641 0.740234 0.183594 0.738281 0.187500 0.738281 0.189453 0.740234 0.191406 0.740234
0 0.357422 0.744141 0.357422 0.748047 0.353516 0.748047 0.351562 0.746094 0.355469 0.742188
0 0.628906 0.744141 0.628906 0.748047 0.625000 0.748047 0.623047 0.746094 0.626953 0.742188
0 0.937500 0.744141 0.937500 0.748047 0.933594 0.748047 0.931641 0.746094 0.935547 0.742188
0 0.986328 0.744141 0.986328 0.748047 0.982422 0.748047 0.980469 0.746094 0.984375 0.742188
0 0.142578 0.759766 0.140625 0.759766 0.138672 0.761719 0.128906 0.761719 0.123047 0.755859 0.123047 0.746094 0.125000 0.744141 0.126953 0.744141 0.126953 0.742188 0.128906 0.740234 0.138672 0.740234 0.144531 0.746094 0.144531 0.755859 0.142578 0.757812
0 0.714844 0.750000 0.714844 0.753906 0.710938 0.753906 0.708984 0.751953 0.712891 0.748047
0 0.724609 0.753906 0.722656 0.753906 0.720703 0.755859 0.716797 0.755859 0.714844 0.753906 0.714844 0.748047 0.716797 0.746094 0.720703 0.746094 0.722656 0.748047 0.724609 0.748047
0 0.980469 0.750000 0.980469 0.753906 0.976562 0.753906 0.974609 0.751953 0.978516 0.748047
0 0.501953 0.753906 0.500000 0.755859 0.500000 0.757812 0.498047 0.759766 0.492188 0.759766 0.490234 0.757812 0.490234 0.755859 0.488281 0.753906 0.488281 0.751953 0.490234 0.750000 0.490234 0.748047 0.492188 0.746094 0.498047 0.746094 0.500000 0.748047 0.500000 0.750000 0.501953 0.751953
0 0.521484 0.755859 0.519531 0.755859 0.517578 0.757812 0.513672 0.757812 0.511719 0.755859 0.511719 0.750000 0.513672 0.748047 0.517578 0.748047 0.519531 0.750000 0.521484 0.750000
0 0.603516 0.761719 0.601562 0.761719 0.599609 0.763672 0.589844 0.763672 0.583984 0.757812 0.583984 0.748047 0.585938 0.746094 0.587891 0.746094 0.587891 0.744141 0.589844 0.742188 0.599609 0.742188 0.605469 0.748047 0.605469 0.757812 0.603516 0.759766
0 0.173828 0.757812 0.171875 0.757812 0.169922 0.759766 0.166016 0.759766 0.164062 0.757812 0.164062 0.751953 0.166016 0.750000 0.169922 0.750000 0.171875 0.751953 0.173828 0.751953
0 0.337891 0.755859 0.335938 0.757812 0.335938 0.759766 0.333984 0.761719 0.328125 0.761719 0.326172 0.759766 0.326172 0.757812 0.324219 0.755859 0.324219 0.753906 0.326172 0.751953 0.326172 0.750000 0.328125 0.748047 0.333984 0.748047 0.335938 0.750000 0.335938 0.751953 0.337891 0.753906
0 0.576172 0.753906 0.576172 0.757812 0.572266 0.757812 0.570312 0.755859 0.574219 0.751953
0 0.587891 0.753906 0.587891 0.757812 0.583984 0.757812 0.582031 0.755859 0.585938 0.751953
0 0.091797 0.757812 0.089844 0.759766 0.089844 0.761719 0.087891 0.763672 0.082031 0.763672 0.080078 0.761719 0.080078 0.759766 0.078125 0.757812 0.078125 0.755859 0.080078 0.753906 0.080078 0.751953 0.082031 0.750000 0.087891 0.750000 0.089844 0.751953 0.089844 0.753906 0.091797 0.755859
0 0.550781 0.755859 0.550781 0.759766 0.546875 0.759766 0.544922 0.757812 0.548828 0.753906
0 0.625000 0.759766 0.623047 0.759766 0.621094 0.761719 0.617188 0.761719 0.615234 0.759766 0.615234 0.753906 0.617188 0.751953 0.621094 0.751953 0.623047 0.753906 0.625000 0.753906
0 0.785156 0.761719 0.783203 0.761719 0.781250 0.763672 0.777344 0.763672 0.775391 0.761719 0.775391 0.755859 0.777344 0.753906 0.781250 0.753906 0.783203 0.755859 0.785156 0.755859
0 0.363281 0.759766 0.363281 0.763672 0.359375 0.763672 0.357422 0.761719 0.361328 0.757812
0 0.460938 0.761719 0.458984 0.763672 0.458984 0.765625 0.457031 0.767578 0.451172 0.767578 0.449219 0.765625 0.449219 0.763672 0.447266 0.761719 0.447266 0.759766 0.449219 0.757812 0.449219 0.755859 0.451172 0.753906 0.457031 0.753906 0.458984 0.755859 0.458984 0.757812 0.460938 0.759766
0 0.291016 0.765625 0.289062 0.765625 0.287109 0.767578 0.283203 0.767578 0.281250 0.765625 0.281250 0.759766 0.283203 0.757812 0.287109 0.757812 0.289062 0.759766 0.291016 0.759766
0 0.736328 0.765625 0.734375 0.765625 0.732422 0.767578 0.728516 0.767578 0.726562 0.765625 0.726562 0.759766 0.728516 0.757812 0.732422 0.757812 0.734375 0.759766 0.736328 0.759766
0 0.279297 0.763672 0.279297 0.767578 0.275391 0.767578 0.273438 0.765625 0.277344 0.761719
0 0.542969 0.763672 0.542969 0.767578 0.539062 0.767578 0.537109 0.765625 0.541016 0.761719
0 0.357422 0.765625 0.357422 0.769531 0.353516 0.769531 0.351562 0.767578 0.355469 0.763672
0 0.730469 0.769531 0.728516 0.769531 0.726562 0.771484 0.722656 0.771484 0.720703 0.769531 0.720703 0.763672 0.722656 0.761719 0.726562 0.761719 0.728516 0.763672 0.730469 0.763672
0 0.519531 0.771484 0.517578 0.771484 0.515625 0.773438 0.511719 0.773438 0.509766 0.771484 0.509766 0.765625 0.511719 0.763672 0.515625 0.763672 0.517578 0.765625 0.519531 0.765625
0 0.693359 0.769531 0.691406 0.771484 0.691406 0.773438 0.689453 0.775391 0.683594 0.775391 0.681641 0.773438 0.681641 0.771484 0.679688 0.769531 0.679688 0.767578 0.681641 0.765625 0.681641 0.763672 0.683594 0.761719 0.689453 0.761719 0.691406 0.763672 0.691406 0.765625 0.693359 0.767578
0 0.837891 0.767578 0.837891 0.771484 0.833984 0.771484 0.832031 0.769531 0.835938 0.765625
0 0.589844 0.773438 0.583984 0.779297 0.578125 0.779297 0.572266 0.773438 0.572266 0.767578 0.578125 0.761719 0.583984 0.761719 0.589844 0.767578
0 0.615234 0.771484 0.613281 0.773438 0.613281 0.775391 0.611328 0.777344 0.605469 0.777344 0.603516 0.775391 0.603516 0.773438 0.601562 0.771484 0.601562 0.769531 0.603516 0.767578 0.603516 0.765625 0.605469 0.763672 0.611328 0.763672 0.613281 0.765625 0.613281 0.767578 0.615234 0.769531
0 0.753906 0.769531 0.753906 0.773438 0.750000 0.773438 0.748047 0.771484 0.751953 0.767578
0 0.167969 0.775391 0.162109 0.781250 0.156250 0.781250 0.150391 0.775391 0.150391 0.769531 0.156250 0.763672 0.162109 0.763672 0.167969 0.769531
0 0.501953 0.775391 0.500000 0.775391 0.498047 0.777344 0.494141 0.777344 0.492188 0.775391 0.492188 0.769531 0.494141 0.767578 0.498047 0.767578 0.500000 0.769531 0.501953 0.769531
0 0.730469 0.771484 0.730469 0.775391 0.726562 0.775391 0.724609 0.773438 0.728516 0.769531
0 0.746094 0.775391 0.744141 0.775391 0.742188 0.777344 0.738281 0.777344 0.736328 0.775391 0.736328 0.769531 0.738281 0.767578 0.742188 0.767578 0.744141 0.769531 0.746094 0.769531
0 0.279297 0.773438 0.279297 0.777344 0.275391 0.777344 0.273438 0.775391 0.277344 0.771484
0 0.289062 0.773438 0.289062 0.777344 0.285156 0.777344 0.283203 0.775391 0.287109 0.771484
0 0.328125 0.775391 0.326172 0.777344 0.326172 0.779297 0.324219 0.781250 0.318359 0.781250 0.316406 0.779297 0.316406 0.777344 0.314453 0.775391 0.314453 0.773438 0.316406 0.771484 0.316406 0.769531 0.318359 0.767578 0.324219 0.767578 0.326172 0.769531 0.326172 0.771484 0.328125 0.773438
0 0.441406 0.777344 0.439453 0.777344 0.437500 0.779297 0.433594 0.779297 0.431641 0.777344 0.431641 0.771484 0.433594 0.769531 0.437500 0.769531 0.439453 0.771484 0.441406 0.771484
0 0.623047 0.775391 0.623047 0.779297 0.619141 0.779297 0.617188 0.777344 0.621094 0.773438
0 0.662109 0.777344 0.660156 0.779297 0.660156 0.781250 0.658203 0.783203 0.652344 0.783203 0.650391 0.781250 0.650391 0.779297 0.648438 0.777344 0.648438 0.775391 0.650391 0.773438 0.650391 0.771484 0.652344 0.769531 0.658203 0.769531 0.660156 0.771484 0.660156 0.773438 0.662109 0.775391
0 0.759766 0.775391 0.759766 0.779297 0.755859 0.779297 0.753906 0.777344 0.757812 0.773438
0 0.339844 0.779297 0.337891 0.781250 0.337891 0.783203 0.335938 0.785156 0.330078 0.785156 0.328125 0.783203 0.328125 0.781250 0.326172 0.779297 0.326172 0.777344 0.328125 0.775391 0.328125 0.773438 0.330078 0.771484 0.335938 0.771484 0.337891 0.773438 0.337891 0.775391 0.339844 0.777344
0 0.609375 0.781250 0.607422 0.781250 0.605469 0.783203 0.601562 0.783203 0.599609 0.781250 0.599609 0.775391 0.601562 0.773438 0.605469 0.773438 0.607422 0.775391 0.609375 0.775391
0 0.716797 0.779297 0.714844 0.781250 0.714844 0.783203 0.712891 0.785156 0.707031 0.785156 0.705078 0.783203 0.705078 0.781250 0.703125 0.779297 0.703125 0.777344 0.705078 0.775391 0.705078 0.773438 0.707031 0.771484 0.712891 0.771484 0.714844 0.773438 0.714844 0.775391 0.716797 0.777344
0 0.193359 0.779297 0.193359 0.783203 0.189453 0.783203 0.187500 0.781250 0.191406 0.777344
0 0.773438 0.783203 0.767578 0.789062 0.761719 0.789062 0.755859 0.783203 0.755859 0.777344 0.761719 0.771484 0.767578 0.771484 0.773438 0.777344
0 0.205078 0.781250 0.205078 0.785156 0.201172 0.785156 0.199219 0.783203 0.203125 0.779297
0 0.318359 0.781250 0.318359 0.785156 0.314453 0.785156 0.312500 0.783203 0.316406 0.779297
0 0.777344 0.785156 0.775391 0.785156 0.773438 0.787109 0.769531 0.787109 0.767578 0.785156 0.767578 0.779297 0.769531 0.777344 0.773438 0.777344 0.775391 0.779297 0.777344 0.779297
0 0.794922 0.785156 0.789062 0.791016 0.783203 0.791016 0.777344 0.785156 0.777344 0.779297 0.783203 0.773438 0.789062 0.773438 0.794922 0.779297
0 0.753906 0.783203 0.753906 0.787109 0.750000 0.787109 0.748047 0.785156 0.751953 0.781250
0 0.824219 0.785156 0.822266 0.787109 0.822266 0.789062 0.820312 0.791016 0.814453 0.791016 0.812500 0.789062 0.812500 0.787109 0.810547 0.785156 0.810547 0.783203 0.812500 0.781250 0.812500 0.779297 0.814453 0.777344 0.820312 0.777344 0.822266 0.779297 0.822266 0.781250 0.824219 0.783203
0 0.925781 0.783203 0.925781 0.787109 0.921875 0.787109 0.919922 0.785156 0.923828 0.781250
0 0.478516 0.789062 0.472656 0.794922 0.466797 0.794922 0.460938 0.789062 0.460938 0.783203 0.466797 0.777344 0.472656 0.777344 0.478516 0.783203
0 0.525391 0.794922 0.523438 0.794922 0.521484 0.796875 0.511719 0.796875 0.505859 0.791016 0.505859 0.781250 0.507812 0.779297 0.509766 0.779297 0.509766 0.777344 0.511719 0.775391 0.521484 0.775391 0.527344 0.781250 0.527344 0.791016 0.525391 0.792969
0 0.560547 0.796875 0.558594 0.796875 0.556641 0.798828 0.546875 0.798828 0.541016 0.792969 0.541016 0.783203 0.542969 0.781250 0.544922 0.781250 0.544922 0.779297 0.546875 0.777344 0.556641 0.777344 0.562500 0.783203 0.562500 0.792969 0.560547 0.794922
0 0.621094 0.787109 0.621094 0.791016 0.617188 0.791016 0.615234 0.789062 0.619141 0.785156
0 0.644531 0.791016 0.642578 0.791016 0.640625 0.792969 0.636719 0.792969 0.634766 0.791016 0.634766 0.785156 0.636719 0.783203 0.640625 0.783203 0.642578 0.785156 0.644531 0.785156
0 0.208984 0.789062 0.208984 0.792969 0.205078 0.792969 0.203125 0.791016 0.207031 0.787109
0 0.693359 0.791016 0.691406 0.792969 0.691406 0.794922 0.689453 0.796875 0.683594 0.796875 0.681641 0.794922 0.681641 0.792969 0.679688 0.791016 0.679688 0.789062 0.681641 0.787109 0.681641 0.785156 0.683594 0.783203 0.689453 0.783203 0.691406 0.785156 0.691406 0.787109 0.693359 0.789062
0 0.419922 0.794922 0.417969 0.794922 0.416016 0.796875 0.412109 0.796875 0.410156 0.794922 0.410156 0.789062 0.412109 0.787109 0.416016 0.787109 0.417969 0.789062 0.419922 0.789062
0 0.603516 0.800781 0.601562 0.800781 0.599609 0.802734 0.589844 0.802734 0.583984 0.796875 0.583984 0.787109 0.585938 0.785156 0.587891 0.785156 0.587891 0.783203 0.589844 0.781250 0.599609 0.781250 0.605469 0.787109 0.605469 0.796875 0.603516 0.798828
0 0.345703 0.792969 0.345703 0.796875 0.341797 0.796875 0.339844 0.794922 0.343750 0.791016
0 0.376953 0.792969 0.376953 0.796875 0.373047 0.796875 0.371094 0.794922 0.375000 0.791016
0 0.400391 0.792969 0.400391 0.796875 0.396484 0.796875 0.394531 0.794922 0.398438 0.791016
0 0.705078 0.796875 0.703125 0.796875 0.701172 0.798828 0.697266 0.798828 0.695312 0.796875 0.695312 0.791016 0.697266 0.789062 0.701172 0.789062 0.703125 0.791016 0.705078 0.791016
0 0.927734 0.792969 0.927734 0.796875 0.923828 0.796875 0.921875 0.794922 0.925781 0.791016
0 0.173828 0.798828 0.167969 0.804688 0.162109 0.804688 0.156250 0.798828 0.156250 0.792969 0.162109 0.787109 0.167969 0.787109 0.173828 0.792969
0 0.734375 0.794922 0.734375 0.798828 0.730469 0.798828 0.728516 0.796875 0.732422 0.792969
0 0.630859 0.806641 0.628906 0.806641 0.626953 0.808594 0.617188 0.808594 0.611328 0.802734 0.611328 0.792969 0.613281 0.791016 0.615234 0.791016 0.615234 0.789062 0.617188 0.787109 0.626953 0.787109 0.632812 0.792969 0.632812 0.802734 0.630859 0.804688
0 0.802734 0.800781 0.796875 0.806641 0.791016 0.806641 0.785156 0.800781 0.785156 0.794922 0.791016 0.789062 0.796875 0.789062 0.802734 0.794922
0 0.998047 0.794922 0.998047 0.800781 0.996094 0.800781 0.994141 0.798828
0 0.369141 0.798828 0.369141 0.802734 0.365234 0.802734 0.363281 0.800781 0.367188 0.796875
0 0.544922 0.802734 0.542969 0.802734 0.541016 0.804688 0.537109 0.804688 0.535156 0.802734 0.535156 0.796875 0.537109 0.794922 0.541016 0.794922 0.542969 0.796875 0.544922 0.796875
0 0.574219 0.804688 0.568359 0.810547 0.562500 0.810547 0.556641 0.804688 0.556641 0.798828 0.562500 0.792969 0.568359 0.792969 0.574219 0.798828
0 0.384766 0.802734 0.384766 0.806641 0.380859 0.806641 0.378906 0.804688 0.382812 0.800781
0 0.146484 0.814453 0.144531 0.814453 0.142578 0.816406 0.132812 0.816406 0.126953 0.810547 0.126953 0.800781 0.128906 0.798828 0.130859 0.798828 0.130859 0.796875 0.132812 0.794922 0.142578 0.794922 0.148438 0.800781 0.148438 0.810547 0.146484 0.812500
0 0.376953 0.804688 0.376953 0.808594 0.373047 0.808594 0.371094 0.806641 0.375000 0.802734
0 0.486328 0.808594 0.484375 0.808594 0.482422 0.810547 0.478516 0.810547 0.476562 0.808594 0.476562 0.802734 0.478516 0.800781 0.482422 0.800781 0.484375 0.802734 0.486328 0.802734
0 0.527344 0.808594 0.525391 0.808594 0.523438 0.810547 0.519531 0.810547 0.517578 0.808594 0.517578 0.802734 0.519531 0.800781 0.523438 0.800781 0.525391 0.802734 0.527344 0.802734
0 0.816406 0.814453 0.814453 0.814453 0.812500 0.816406 0.802734 0.816406 0.796875 0.810547 0.796875 0.800781 0.798828 0.798828 0.800781 0.798828 0.800781 0.796875 0.802734 0.794922 0.812500 0.794922 0.818359 0.800781 0.818359 0.810547 0.816406 0.812500
0 0.111328 0.808594 0.109375 0.810547 0.109375 0.812500 0.107422 0.814453 0.101562 0.814453 0.099609 0.812500 0.099609 0.810547 0.097656 0.808594 0.097656 0.806641 0.099609 0.804688 0.099609 0.802734 0.101562 0.800781 0.107422 0.800781 0.109375 0.802734 0.109375 0.804688 0.111328 0.806641
0 0.341797 0.808594 0.339844 0.810547 0.339844 0.812500 0.337891 0.814453 0.332031 0.814453 0.330078 0.812500 0.330078 0.810547 0.328125 0.808594 0.328125 0.806641 0.330078 0.804688 0.330078 0.802734 0.332031 0.800781 0.337891 0.800781 0.339844 0.802734 0.339844 0.804688 0.341797 0.806641
0 0.542969 0.808594 0.541016 0.810547 0.541016 0.812500 0.539062 0.814453 0.533203 0.814453 0.531250 0.812500 0.531250 0.810547 0.529297 0.808594 0.529297 0.806641 0.531250 0.804688 0.531250 0.802734 0.533203 0.800781 0.539062 0.800781 0.541016 0.802734 0.541016 0.804688 0.542969 0.806641
0 0.638672 0.806641 0.638672 0.810547 0.634766 0.810547 0.632812 0.808594 0.636719 0.804688
0 0.746094 0.810547 0.744141 0.812500 0.744141 0.814453 0.742188 0.816406 0.736328 0.816406 0.734375 0.814453 0.734375 0.812500 0.732422 0.810547 0.732422 0.808594 0.734375 0.806641 0.734375 0.804688 0.736328 0.802734 0.742188 0.802734 0.744141 0.804688 0.744141 0.806641 0.746094 0.808594
0 0.431641 0.814453 0.429688 0.814453 0.427734 0.816406 0.423828 0.816406 0.421875 0.814453 0.421875 0.808594 0.423828 0.806641 0.427734 0.806641 0.429688 0.808594 0.431641 0.808594
0 0.466797 0.814453 0.460938 0.820312 0.455078 0.820312 0.449219 0.814453 0.449219 0.808594 0.455078 0.802734 0.460938 0.802734 0.466797 0.808594
0 0.785156 0.814453 0.783203 0.814453 0.781250 0.816406 0.777344 0.816406 0.775391 0.814453 0.775391 0.808594 0.777344 0.806641 0.781250 0.806641 0.783203 0.808594 0.785156 0.808594
0 0.361328 0.822266 0.359375 0.822266 0.357422 0.824219 0.347656 0.824219 0.341797 0.818359 0.341797 0.808594 0.343750 0.806641 0.345703 0.806641 0.345703 0.804688 0.347656 0.802734 0.357422 0.802734 0.363281 0.808594 0.363281 0.818359 0.361328 0.820312
0 0.523438 0.816406 0.521484 0.816406 0.519531 0.818359 0.515625 0.818359 0.513672 0.816406 0.513672 0.810547 0.515625 0.808594 0.519531 0.808594 0.521484 0.810547 0.523438 0.810547
0 0.716797 0.812500 0.716797 0.816406 0.712891 0.816406 0.710938 0.814453 0.714844 0.810547
0 0.816406 0.818359 0.810547 0.824219 0.804688 0.824219 0.798828 0.818359 0.798828 0.812500 0.804688 0.806641 0.810547 0.806641 0.816406 0.812500
0 0.857422 0.816406 0.855469 0.818359 0.855469 0.820312 0.853516 0.822266 0.847656 0.822266 0.845703 0.820312 0.845703 0.818359 0.843750 0.816406 0.843750 0.814453 0.845703 0.812500 0.845703 0.810547 0.847656 0.808594 0.853516 0.808594 0.855469 0.810547 0.855469 0.812500 0.857422 0.814453
0 0.630859 0.816406 0.630859 0.820312 0.626953 0.820312 0.625000 0.818359 0.628906 0.814453
0 0.638672 0.816406 0.638672 0.820312 0.634766 0.820312 0.632812 0.818359 0.636719 0.814453
0 0.533203 0.822266 0.531250 0.822266 0.529297 0.824219 0.525391 0.824219 0.523438 0.822266 0.523438 0.816406 0.525391 0.814453 0.529297 0.814453 0.531250 0.816406 0.533203 0.816406
0 0.654297 0.818359 0.654297 0.822266 0.650391 0.822266 0.648438 0.820312 0.652344 0.816406
0 0.679688 0.822266 0.677734 0.822266 0.675781 0.824219 0.671875 0.824219 0.669922 0.822266 0.669922 0.816406 0.671875 0.814453 0.675781 0.814453 0.677734 0.816406 0.679688 0.816406
0 0.777344 0.828125 0.775391 0.828125 0.773438 0.830078 0.763672 0.830078 0.757812 0.824219 0.757812 0.814453 0.759766 0.812500 0.761719 0.812500 0.761719 0.810547 0.763672 0.808594 0.773438 0.808594 0.779297 0.814453 0.779297 0.824219 0.777344 0.826172
0 0.818359 0.818359 0.818359 0.822266 0.814453 0.822266 0.812500 0.820312 0.816406 0.816406
0 0.730469 0.822266 0.728516 0.824219 0.728516 0.826172 0.726562 0.828125 0.720703 0.828125 0.718750 0.826172 0.718750 0.824219 0.716797 0.822266 0.716797 0.820312 0.718750 0.818359 0.718750 0.816406 0.720703 0.814453 0.726562 0.814453 0.728516 0.816406 0.728516 0.818359 0.730469 0.820312
0 0.330078 0.826172 0.328125 0.826172 0.326172 0.828125 0.322266 0.828125 0.320312 0.826172 0.320312 0.820312 0.322266 0.818359 0.326172 0.818359 0.328125 0.820312 0.330078 0.820312
0 0.347656 0.826172 0.345703 0.826172 0.343750 0.828125 0.339844 0.828125 0.337891 0.826172 0.337891 0.820312 0.339844 0.818359 0.343750 0.818359 0.345703 0.820312 0.347656 0.820312
0 0.626953 0.832031 0.625000 0.832031 0.623047 0.833984 0.613281 0.833984 0.607422 0.828125 0.607422 0.818359 0.609375 0.816406 0.611328 0.816406 0.611328 0.814453 0.613281 0.812500 0.623047 0.812500 0.628906 0.818359 0.628906 0.828125 0.626953 0.830078
0 0.703125 0.824219 0.701172 0.826172 0.701172 0.828125 0.699219 0.830078 0.693359 0.830078 0.691406 0.828125 0.691406 0.826172 0.689453 0.824219 0.689453 0.822266 0.691406 0.820312 0.691406 0.818359 0.693359 0.816406 0.699219 0.816406 0.701172 0.818359 0.701172 0.820312 0.703125 0.822266
0 0.765625 0.828125 0.763672 0.828125 0.761719 0.830078 0.757812 0.830078 0.755859 0.828125 0.755859 0.822266 0.757812 0.820312 0.761719 0.820312 0.763672 0.822266 0.765625 0.822266
0 0.800781 0.828125 0.798828 0.828125 0.796875 0.830078 0.792969 0.830078 0.791016 0.828125 0.791016 0.822266 0.792969 0.820312 0.796875 0.820312 0.798828 0.822266 0.800781 0.822266
0 0.951172 0.824219 0.951172 0.828125 0.947266 0.828125 0.945312 0.826172 0.949219 0.822266
0 0.476562 0.830078 0.474609 0.830078 0.472656 0.832031 0.468750 0.832031 0.466797 0.830078 0.466797 0.824219 0.468750 0.822266 0.472656 0.822266 0.474609 0.824219 0.476562 0.824219
0 0.839844 0.828125 0.837891 0.830078 0.837891 0.832031 0.835938 0.833984 0.830078 0.833984 0.828125 0.832031 0.828125 0.830078 0.826172 0.828125 0.826172 0.826172 0.828125 0.824219 0.828125 0.822266 0.830078 0.820312 0.835938 0.820312 0.837891 0.822266 0.837891 0.824219 0.839844 0.826172
0 0.564453 0.837891 0.562500 0.837891 0.560547 0.839844 0.550781 0.839844 0.544922 0.833984 0.544922 0.824219 0.546875 0.822266 0.548828 0.822266 0.548828 0.820312 0.550781 0.818359 0.560547 0.818359 0.566406 0.824219 0.566406 0.833984 0.564453 0.835938
0 0.593750 0.839844 0.591797 0.839844 0.589844 0.841797 0.580078 0.841797 0.574219 0.835938 0.574219 0.826172 0.576172 0.824219 0.578125 0.824219 0.578125 0.822266 0.580078 0.820312 0.589844 0.820312 0.595703 0.826172 0.595703 0.835938 0.593750 0.837891
0 0.945312 0.830078 0.945312 0.833984 0.941406 0.833984 0.939453 0.832031 0.943359 0.828125
0 0.957031 0.830078 0.957031 0.833984 0.953125 0.833984 0.951172 0.832031 0.955078 0.828125
0 0.419922 0.835938 0.417969 0.835938 0.416016 0.837891 0.412109 0.837891 0.410156 0.835938 0.410156 0.830078 0.412109 0.828125 0.416016 0.828125 0.417969 0.830078 0.419922 0.830078
0 0.535156 0.833984 0.533203 0.835938 0.533203 0.837891 0.531250 0.839844 0.525391 0.839844 0.523438 0.837891 0.523438 0.835938 0.521484 0.833984 0.521484 0.832031 0.523438 0.830078 0.523438 0.828125 0.525391 0.826172 0.531250 0.826172 0.533203 0.828125 0.533203 0.830078 0.535156 0.832031
0 0.634766 0.832031 0.634766 0.835938 0.630859 0.835938 0.628906 0.833984 0.632812 0.830078
0 0.730469 0.837891 0.724609 0.843750 0.718750 0.843750 0.712891 0.837891 0.712891 0.832031 0.718750 0.826172 0.724609 0.826172 0.730469 0.832031
0 0.679688 0.837891 0.677734 0.839844 0.677734 0.841797 0.675781 0.843750 0.669922 0.843750 0.667969 0.841797 0.667969 0.839844 0.666016 0.837891 0.666016 0.835938 0.667969 0.833984 0.667969 0.832031 0.669922 0.830078 0.675781 0.830078 0.677734 0.832031 0.677734 0.833984 0.679688 0.835938
0 0.718750 0.837891 0.716797 0.839844 0.716797 0.841797 0.714844 0.843750 0.708984 0.843750 0.707031 0.841797 0.707031 0.839844 0.705078 0.837891 0.705078 0.835938 0.707031 0.833984 0.707031 0.832031 0.708984 0.830078 0.714844 0.830078 0.716797 0.832031 0.716797 0.833984 0.718750 0.835938
0 0.757812 0.837891 0.755859 0.839844 0.755859 0.841797 0.753906 0.843750 0.748047 0.843750 0.746094 0.841797 0.746094 0.839844 0.744141 0.837891 0.744141 0.835938 0.746094 0.833984 0.746094 0.832031 0.748047 0.830078 0.753906 0.830078 0.755859 0.832031 0.755859 0.833984 0.757812 0.835938
0 0.949219 0.835938 0.949219 0.839844 0.945312 0.839844 0.943359 0.837891 0.947266 0.833984
0 0.984375 0.835938 0.984375 0.839844 0.980469 0.839844 0.978516 0.837891 0.982422 0.833984
0 0.201172 0.843750 0.195312 0.849609 0.189453 0.849609 0.183594 0.843750 0.183594 0.837891 0.189453 0.832031 0.195312 0.832031 0.201172 0.837891
0 0.431641 0.841797 0.429688 0.843750 0.429688 0.845703 0.427734 0.847656 0.421875 0.847656 0.419922 0.845703 0.419922 0.843750 0.417969 0.841797 0.417969 0.839844 0.419922 0.837891 0.419922 0.835938 0.421875 0.833984 0.427734 0.833984 0.429688 0.835938 0.429688 0.837891 0.431641 0.839844
0 0.976562 0.839844 0.976562 0.843750 0.972656 0.843750 0.970703 0.841797 0.974609 0.837891
0 0.511719 0.845703 0.505859 0.851562 0.500000 0.851562 0.494141 0.845703 0.494141 0.839844 0.500000 0.833984 0.505859 0.833984 0.511719 0.839844
0 0.857422 0.845703 0.855469 0.845703 0.853516 0.847656 0.849609 0.847656 0.847656 0.845703 0.847656 0.839844 0.849609 0.837891 0.853516 0.837891 0.855469 0.839844 0.857422 0.839844
0 0.988281 0.841797 0.988281 0.845703 0.984375 0.845703 0.982422 0.843750 0.986328 0.839844
0 0.615234 0.853516 0.613281 0.853516 0.611328 0.855469 0.601562 0.855469 0.595703 0.849609 0.595703 0.839844 0.597656 0.837891 0.599609 0.837891 0.599609 0.835938 0.601562 0.833984 0.611328 0.833984 0.617188 0.839844 0.617188 0.849609 0.615234 0.851562
0 0.640625 0.847656 0.638672 0.847656 0.636719 0.849609 0.632812 0.849609 0.630859 0.847656 0.630859 0.841797 0.632812 0.839844 0.636719 0.839844 0.638672 0.841797 0.640625 0.841797
0 0.441406 0.845703 0.441406 0.849609 0.437500 0.849609 0.435547 0.847656 0.439453 0.843750
0 0.714844 0.851562 0.712891 0.851562 0.710938 0.853516 0.707031 0.853516 0.705078 0.851562 0.705078 0.845703 0.707031 0.843750 0.710938 0.843750 0.712891 0.845703 0.714844 0.845703
0 0.484375 0.859375 0.482422 0.859375 0.480469 0.861328 0.470703 0.861328 0.464844 0.855469 0.464844 0.845703 0.466797 0.843750 0.468750 0.843750 0.468750 0.841797 0.470703 0.839844 0.480469 0.839844 0.486328 0.845703 0.486328 0.855469 0.484375 0.857422
0 0.628906 0.853516 0.626953 0.853516 0.625000 0.855469 0.621094 0.855469 0.619141 0.853516 0.619141 0.847656 0.621094 0.845703 0.625000 0.845703 0.626953 0.847656 0.628906 0.847656
0 0.240234 0.855469 0.234375 0.861328 0.228516 0.861328 0.222656 0.855469 0.222656 0.849609 0.228516 0.843750 0.234375 0.843750 0.240234 0.849609
0 0.541016 0.855469 0.535156 0.861328 0.529297 0.861328 0.523438 0.855469 0.523438 0.849609 0.529297 0.843750 0.535156 0.843750 0.541016 0.849609
0 0.437500 0.863281 0.435547 0.863281 0.433594 0.865234 0.423828 0.865234 0.417969 0.859375 0.417969 0.849609 0.419922 0.847656 0.421875 0.847656 0.421875 0.845703 0.423828 0.843750 0.433594 0.843750 0.439453 0.849609 0.439453 0.859375 0.437500 0.861328
0 0.697266 0.855469 0.695312 0.857422 0.695312 0.859375 0.693359 0.861328 0.687500 0.861328 0.685547 0.859375 0.685547 0.857422 0.683594 0.855469 0.683594 0.853516 0.685547 0.851562 0.685547 0.849609 0.687500 0.847656 0.693359 0.847656 0.695312 0.849609 0.695312 0.851562 0.697266 0.853516
0 0.142578 0.857422 0.140625 0.859375 0.140625 0.861328 0.138672 0.863281 0.132812 0.863281 0.130859 0.861328 0.130859 0.859375 0.128906 0.857422 0.128906 0.855469 0.130859 0.853516 0.130859 0.851562 0.132812 0.849609 0.138672 0.849609 0.140625 0.851562 0.140625 0.853516 0.142578 0.855469
0 0.376953 0.865234 0.375000 0.865234 0.373047 0.867188 0.363281 0.867188 0.357422 0.861328 0.357422 0.851562 0.359375 0.849609 0.361328 0.849609 0.361328 0.847656 0.363281 0.845703 0.373047 0.845703 0.378906 0.851562 0.378906 0.861328 0.376953 0.863281
0 0.408203 0.857422 0.406250 0.859375 0.406250 0.861328 0.404297 0.863281 0.398438 0.863281 0.396484 0.861328 0.396484 0.859375 0.394531 0.857422 0.394531 0.855469 0.396484 0.853516 0.396484 0.851562 0.398438 0.849609 0.404297 0.849609 0.406250 0.851562 0.406250 0.853516 0.408203 0.855469
0 0.595703 0.859375 0.593750 0.859375 0.591797 0.861328 0.587891 0.861328 0.585938 0.859375 0.585938 0.853516 0.587891 0.851562 0.591797 0.851562 0.593750 0.853516 0.595703 0.853516
0 0.455078 0.867188 0.453125 0.867188 0.451172 0.869141 0.441406 0.869141 0.435547 0.863281 0.435547 0.853516 0.437500 0.851562 0.439453 0.851562 0.439453 0.849609 0.441406 0.847656 0.451172 0.847656 0.457031 0.853516 0.457031 0.863281 0.455078 0.865234
0 0.257812 0.861328 0.255859 0.863281 0.255859 0.865234 0.253906 0.867188 0.248047 0.867188 0.246094 0.865234 0.246094 0.863281 0.244141 0.861328 0.244141 0.859375 0.246094 0.857422 0.246094 0.855469 0.248047 0.853516 0.253906 0.853516 0.255859 0.855469 0.255859 0.857422 0.257812 0.859375
0 0.332031 0.861328 0.330078 0.863281 0.330078 0.865234 0.328125 0.867188 0.322266 0.867188 0.320312 0.865234 0.320312 0.863281 0.318359 0.861328 0.318359 0.859375 0.320312 0.857422 0.320312 0.855469 0.322266 0.853516 0.328125 0.853516 0.330078 0.855469 0.330078 0.857422 0.332031 0.859375
0 0.615234 0.863281 0.613281 0.863281 0.611328 0.865234 0.607422 0.865234 0.605469 0.863281 0.605469 0.857422 0.607422 0.855469 0.611328 0.855469 0.613281 0.857422 0.615234 0.857422
0 0.314453 0.867188 0.312500 0.867188 0.310547 0.869141 0.306641 0.869141 0.304688 0.867188 0.304688 0.861328 0.306641 0.859375 0.310547 0.859375 0.312500 0.861328 0.314453 0.861328
0 0.513672 0.865234 0.511719 0.867188 0.511719 0.869141 0.509766 0.871094 0.503906 0.871094 0.501953 0.869141 0.501953 0.867188 0.500000 0.865234 0.500000 0.863281 0.501953 0.861328 0.501953 0.859375 0.503906 0.857422 0.509766 0.857422 0.511719 0.859375 0.511719 0.861328 0.513672 0.863281
0 0.457031 0.869141 0.455078 0.869141 0.453125 0.871094 0.449219 0.871094 0.447266 0.869141 0.447266 0.863281 0.449219 0.861328 0.453125 0.861328 0.455078 0.863281 0.457031 0.863281
0 0.587891 0.867188 0.585938 0.869141 0.585938 0.871094 0.583984 0.873047 0.578125 0.873047 0.576172 0.871094 0.576172 0.869141 0.574219 0.867188 0.574219 0.865234 0.576172 0.863281 0.576172 0.861328 0.578125 0.859375 0.583984 0.859375 0.585938 0.861328 0.585938 0.863281 0.587891 0.865234
0 0.828125 0.865234 0.828125 0.869141 0.824219 0.869141 0.822266 0.867188 0.826172 0.863281
0 0.634766 0.871094 0.632812 0.871094 0.630859 0.873047 0.626953 0.873047 0.625000 0.871094 0.625000 0.865234 0.626953 0.863281 0.630859 0.863281 0.632812 0.865234 0.634766 0.865234
0 0.642578 0.871094 0.640625 0.871094 0.638672 0.873047 0.634766 0.873047 0.632812 0.871094 0.632812 0.865234 0.634766 0.863281 0.638672 0.863281 0.640625 0.865234 0.642578 0.865234
0 0.917969 0.871094 0.916016 0.871094 0.914062 0.873047 0.910156 0.873047 0.908203 0.871094 0.908203 0.865234 0.910156 0.863281 0.914062 0.863281 0.916016 0.865234 0.917969 0.865234
0 0.554688 0.880859 0.552734 0.880859 0.550781 0.882812 0.541016 0.882812 0.535156 0.876953 0.535156 0.867188 0.537109 0.865234 0.539062 0.865234 0.539062 0.863281 0.541016 0.861328 0.550781 0.861328 0.556641 0.867188 0.556641 0.876953 0.554688 0.878906
0 0.742188 0.871094 0.742188 0.875000 0.738281 0.875000 0.736328 0.873047 0.740234 0.869141
0 0.410156 0.876953 0.408203 0.876953 0.406250 0.878906 0.402344 0.878906 0.400391 0.876953 0.400391 0.871094 0.402344 0.869141 0.406250 0.869141 0.408203 0.871094 0.410156 0.871094
0 0.644531 0.873047 0.644531 0.876953 0.640625 0.876953 0.638672 0.875000 0.642578 0.871094
0 0.931641 0.876953 0.929688 0.876953 0.927734 0.878906 0.923828 0.878906 0.921875 0.876953 0.921875 0.871094 0.923828 0.869141 0.927734 0.869141 0.929688 0.871094 0.931641 0.871094
0 0.138672 0.876953 0.136719 0.878906 0.136719 0.880859 0.134766 0.882812 0.128906 0.882812 0.126953 0.880859 0.126953 0.878906 0.125000 0.876953 0.125000 0.875000 0.126953 0.873047 0.126953 0.871094 0.128906 0.869141 0.134766 0.869141 0.136719 0.871094 0.136719 0.873047 0.138672 0.875000
0 0.824219 0.875000 0.824219 0.878906 0.820312 0.878906 0.818359 0.876953 0.822266 0.873047
0 0.832031 0.875000 0.832031 0.878906 0.828125 0.878906 0.826172 0.876953 0.830078 0.873047
0 0.283203 0.886719 0.281250 0.886719 0.279297 0.888672 0.269531 0.888672 0.263672 0.882812 0.263672 0.873047 0.265625 0.871094 0.267578 0.871094 0.267578 0.869141 0.269531 0.867188 0.279297 0.867188 0.285156 0.873047 0.285156 0.882812 0.283203 0.884766
0 0.390625 0.880859 0.388672 0.880859 0.386719 0.882812 0.382812 0.882812 0.380859 0.880859 0.380859 0.875000 0.382812 0.873047 0.386719 0.873047 0.388672 0.875000 0.390625 0.875000
0 0.427734 0.880859 0.425781 0.880859 0.423828 0.882812 0.419922 0.882812 0.417969 0.880859 0.417969 0.875000 0.419922 0.873047 0.423828 0.873047 0.425781 0.875000 0.427734 0.875000
0 0.630859 0.876953 0.630859 0.880859 0.626953 0.880859 0.625000 0.878906 0.628906 0.875000
0 0.445312 0.882812 0.443359 0.882812 0.441406 0.884766 0.437500 0.884766 0.435547 0.882812 0.435547 0.876953 0.437500 0.875000 0.441406 0.875000 0.443359 0.876953 0.445312 0.876953
0 0.462891 0.884766 0.460938 0.884766 0.458984 0.886719 0.455078 0.886719 0.453125 0.884766 0.453125 0.878906 0.455078 0.876953 0.458984 0.876953 0.460938 0.878906 0.462891 0.878906
0 0.533203 0.884766 0.531250 0.886719 0.531250 0.888672 0.529297 0.890625 0.523438 0.890625 0.521484 0.888672 0.521484 0.886719 0.519531 0.884766 0.519531 0.882812 0.521484 0.880859 0.521484 0.878906 0.523438 0.876953 0.529297 0.876953 0.531250 0.878906 0.531250 0.880859 0.533203 0.882812
0 0.576172 0.884766 0.574219 0.886719 0.574219 0.888672 0.572266 0.890625 0.566406 0.890625 0.564453 0.888672 0.564453 0.886719 0.562500 0.884766 0.562500 0.882812 0.564453 0.880859 0.564453 0.878906 0.566406 0.876953 0.572266 0.876953 0.574219 0.878906 0.574219 0.880859 0.576172 0.882812
0 0.589844 0.882812 0.589844 0.886719 0.585938 0.886719 0.583984 0.884766 0.587891 0.880859
0 0.638672 0.882812 0.638672 0.886719 0.634766 0.886719 0.632812 0.884766 0.636719 0.880859
0 0.734375 0.882812 0.734375 0.886719 0.730469 0.886719 0.728516 0.884766 0.732422 0.880859
0 0.742188 0.884766 0.742188 0.888672 0.738281 0.888672 0.736328 0.886719 0.740234 0.882812
0 0.345703 0.890625 0.343750 0.890625 0.341797 0.892578 0.337891 0.892578 0.335938 0.890625 0.335938 0.884766 0.337891 0.882812 0.341797 0.882812 0.343750 0.884766 0.345703 0.884766
0 0.769531 0.888672 0.769531 0.892578 0.765625 0.892578 0.763672 0.890625 0.767578 0.886719
0 0.916016 0.892578 0.914062 0.892578 0.912109 0.894531 0.908203 0.894531 0.906250 0.892578 0.906250 0.886719 0.908203 0.884766 0.912109 0.884766 0.914062 0.886719 0.916016 0.886719
0 0.224609 0.900391 0.222656 0.900391 0.220703 0.902344 0.210938 0.902344 0.205078 0.896484 0.205078 0.886719 0.207031 0.884766 0.208984 0.884766 0.208984 0.882812 0.210938 0.880859 0.220703 0.880859 0.226562 0.886719 0.226562 0.896484 0.224609 0.898438
0 0.695312 0.894531 0.693359 0.894531 0.691406 0.896484 0.687500 0.896484 0.685547 0.894531 0.685547 0.888672 0.687500 0.886719 0.691406 0.886719 0.693359 0.888672 0.695312 0.888672
0 0.759766 0.900391 0.757812 0.900391 0.755859 0.902344 0.746094 0.902344 0.740234 0.896484 0.740234 0.886719 0.742188 0.884766 0.744141 0.884766 0.744141 0.882812 0.746094 0.880859 0.755859 0.880859 0.761719 0.886719 0.761719 0.896484 0.759766 0.898438
0 0.988281 0.890625 0.988281 0.894531 0.984375 0.894531 0.982422 0.892578 0.986328 0.888672
0 0.322266 0.902344 0.320312 0.902344 0.318359 0.904297 0.308594 0.904297 0.302734 0.898438 0.302734 0.888672 0.304688 0.886719 0.306641 0.886719 0.306641 0.884766 0.308594 0.882812 0.318359 0.882812 0.324219 0.888672 0.324219 0.898438 0.322266 0.900391
0 0.343750 0.902344 0.341797 0.902344 0.339844 0.904297 0.330078 0.904297 0.324219 0.898438 0.324219 0.888672 0.326172 0.886719 0.328125 0.886719 0.328125 0.884766 0.330078 0.882812 0.339844 0.882812 0.345703 0.888672 0.345703 0.898438 0.343750 0.900391
0 0.375000 0.896484 0.369141 0.902344 0.363281 0.902344 0.357422 0.896484 0.357422 0.890625 0.363281 0.884766 0.369141 0.884766 0.375000 0.890625
0 0.542969 0.892578 0.542969 0.896484 0.539062 0.896484 0.537109 0.894531 0.541016 0.890625
0 0.820312 0.892578 0.820312 0.896484 0.816406 0.896484 0.814453 0.894531 0.818359 0.890625
0 0.972656 0.892578 0.972656 0.896484 0.968750 0.896484 0.966797 0.894531 0.970703 0.890625
0 0.763672 0.894531 0.763672 0.898438 0.759766 0.898438 0.757812 0.896484 0.761719 0.892578
0 0.826172 0.894531 0.826172 0.898438 0.822266 0.898438 0.820312 0.896484 0.824219 0.892578
0 0.962891 0.898438 0.960938 0.898438 0.958984 0.900391 0.955078 0.900391 0.953125 0.898438 0.953125 0.892578 0.955078 0.890625 0.958984 0.890625 0.960938 0.892578 0.962891 0.892578
0 0.640625 0.896484 0.640625 0.900391 0.636719 0.900391 0.634766 0.898438 0.638672 0.894531
0 0.140625 0.902344 0.138672 0.902344 0.136719 0.904297 0.132812 0.904297 0.130859 0.902344 0.130859 0.896484 0.132812 0.894531 0.136719 0.894531 0.138672 0.896484 0.140625 0.896484
0 0.191406 0.900391 0.189453 0.902344 0.189453 0.904297 0.187500 0.906250 0.181641 0.906250 0.179688 0.904297 0.179688 0.902344 0.177734 0.900391 0.177734 0.898438 0.179688 0.896484 0.179688 0.894531 0.181641 0.892578 0.187500 0.892578 0.189453 0.894531 0.189453 0.896484 0.191406 0.898438
0 0.744141 0.898438 0.744141 0.902344 0.740234 0.902344 0.738281 0.900391 0.742188 0.896484
0 0.779297 0.902344 0.777344 0.902344 0.775391 0.904297 0.771484 0.904297 0.769531 0.902344 0.769531 0.896484 0.771484 0.894531 0.775391 0.894531 0.777344 0.896484 0.779297 0.896484
0 0.816406 0.898438 0.816406 0.902344 0.812500 0.902344 0.810547 0.900391 0.814453 0.896484
0 0.949219 0.902344 0.947266 0.902344 0.945312 0.904297 0.941406 0.904297 0.939453 0.902344 0.939453 0.896484 0.941406 0.894531 0.945312 0.894531 0.947266 0.896484 0.949219 0.896484
0 0.353516 0.904297 0.351562 0.904297 0.349609 0.906250 0.345703 0.906250 0.343750 0.904297 0.343750 0.898438 0.345703 0.896484 0.349609 0.896484 0.351562 0.898438 0.353516 0.898438
0 0.734375 0.900391 0.734375 0.904297 0.730469 0.904297 0.728516 0.902344 0.732422 0.898438
0 0.845703 0.904297 0.843750 0.904297 0.841797 0.906250 0.837891 0.906250 0.835938 0.904297 0.835938 0.898438 0.837891 0.896484 0.841797 0.896484 0.843750 0.898438 0.845703 0.898438
0 0.871094 0.904297 0.869141 0.904297 0.867188 0.906250 0.863281 0.906250 0.861328 0.904297 0.861328 0.898438 0.863281 0.896484 0.867188 0.896484 0.869141 0.898438 0.871094 0.898438
0 0.968750 0.904297 0.966797 0.904297 0.964844 0.906250 0.960938 0.906250 0.958984 0.904297 0.958984 0.898438 0.960938 0.896484 0.964844 0.896484 0.966797 0.898438 0.968750 0.898438
0 0.765625 0.908203 0.763672 0.908203 0.761719 0.910156 0.757812 0.910156 0.755859 0.908203 0.755859 0.902344 0.757812 0.900391 0.761719 0.900391 0.763672 0.902344 0.765625 0.902344
0 0.675781 0.908203 0.673828 0.910156 0.673828 0.912109 0.671875 0.914062 0.666016 0.914062 0.664062 0.912109 0.664062 0.910156 0.662109 0.908203 0.662109 0.906250 0.664062 0.904297 0.664062 0.902344 0.666016 0.900391 0.671875 0.900391 0.673828 0.902344 0.673828 0.904297 0.675781 0.906250
0 0.472656 0.908203 0.472656 0.912109 0.468750 0.912109 0.466797 0.910156 0.470703 0.906250
0 0.484375 0.908203 0.484375 0.912109 0.480469 0.912109 0.478516 0.910156 0.482422 0.906250
0 0.832031 0.910156 0.830078 0.912109 0.830078 0.914062 0.828125 0.916016 0.822266 0.916016 0.820312 0.914062 0.820312 0.912109 0.818359 0.910156 0.818359 0.908203 0.820312 0.906250 0.820312 0.904297 0.822266 0.902344 0.828125 0.902344 0.830078 0.904297 0.830078 0.906250 0.832031 0.908203
0 0.845703 0.908203 0.845703 0.912109 0.841797 0.912109 0.839844 0.910156 0.843750 0.906250
0 0.693359 0.912109 0.691406 0.914062 0.691406 0.916016 0.689453 0.917969 0.683594 0.917969 0.681641 0.916016 0.681641 0.914062 0.679688 0.912109 0.679688 0.910156 0.681641 0.908203 0.681641 0.906250 0.683594 0.904297 0.689453 0.904297 0.691406 0.906250 0.691406 0.908203 0.693359 0.910156
0 0.785156 0.910156 0.785156 0.914062 0.781250 0.914062 0.779297 0.912109 0.783203 0.908203
0 0.144531 0.914062 0.142578 0.916016 0.142578 0.917969 0.140625 0.919922 0.134766 0.919922 0.132812 0.917969 0.132812 0.916016 0.130859 0.914062 0.130859 0.912109 0.132812 0.910156 0.132812 0.908203 0.134766 0.906250 0.140625 0.906250 0.142578 0.908203 0.142578 0.910156 0.144531 0.912109
0 0.652344 0.916016 0.650391 0.916016 0.648438 0.917969 0.644531 0.917969 0.642578 0.916016 0.642578 0.910156 0.644531 0.908203 0.648438 0.908203 0.650391 0.910156 0.652344 0.910156
0 0.777344 0.912109 0.777344 0.916016 0.773438 0.916016 0.771484 0.914062 0.775391 0.910156
0 0.861328 0.916016 0.859375 0.916016 0.857422 0.917969 0.853516 0.917969 0.851562 0.916016 0.851562 0.910156 0.853516 0.908203 0.857422 0.908203 0.859375 0.910156 0.861328 0.910156
0 0.968750 0.916016 0.966797 0.916016 0.964844 0.917969 0.960938 0.917969 0.958984 0.916016 0.958984 0.910156 0.960938 0.908203 0.964844 0.908203 0.966797 0.910156 0.968750 0.910156
0 0.478516 0.914062 0.478516 0.917969 0.474609 0.917969 0.472656 0.916016 0.476562 0.912109
0 0.531250 0.914062 0.531250 0.917969 0.527344 0.917969 0.525391 0.916016 0.529297 0.912109
0 0.712891 0.917969 0.710938 0.917969 0.708984 0.919922 0.705078 0.919922 0.703125 0.917969 0.703125 0.912109 0.705078 0.910156 0.708984 0.910156 0.710938 0.912109 0.712891 0.912109
0 0.796875 0.914062 0.796875 0.917969 0.792969 0.917969 0.791016 0.916016 0.794922 0.912109
0 0.398438 0.917969 0.396484 0.919922 0.396484 0.921875 0.394531 0.923828 0.388672 0.923828 0.386719 0.921875 0.386719 0.919922 0.384766 0.917969 0.384766 0.916016 0.386719 0.914062 0.386719 0.912109 0.388672 0.910156 0.394531 0.910156 0.396484 0.912109 0.396484 0.914062 0.398438 0.916016
0 0.554688 0.921875 0.552734 0.921875 0.550781 0.923828 0.546875 0.923828 0.544922 0.921875 0.544922 0.916016 0.546875 0.914062 0.550781 0.914062 0.552734 0.916016 0.554688 0.916016
0 0.582031 0.917969 0.582031 0.921875 0.578125 0.921875 0.576172 0.919922 0.580078 0.916016
0 0.591797 0.917969 0.591797 0.921875 0.587891 0.921875 0.585938 0.919922 0.589844 0.916016
0 0.646484 0.917969 0.646484 0.921875 0.642578 0.921875 0.640625 0.919922 0.644531 0.916016
0 0.892578 0.917969 0.892578 0.921875 0.888672 0.921875 0.886719 0.919922 0.890625 0.916016
0 0.865234 0.929688 0.863281 0.929688 0.861328 0.931641 0.851562 0.931641 0.845703 0.925781 0.845703 0.916016 0.847656 0.914062 0.849609 0.914062 0.849609 0.912109 0.851562 0.910156 0.861328 0.910156 0.867188 0.916016 0.867188 0.925781 0.865234 0.927734
0 0.953125 0.923828 0.947266 0.929688 0.941406 0.929688 0.935547 0.923828 0.935547 0.917969 0.941406 0.912109 0.947266 0.912109 0.953125 0.917969
0 0.466797 0.925781 0.464844 0.925781 0.462891 0.927734 0.458984 0.927734 0.457031 0.925781 0.457031 0.919922 0.458984 0.917969 0.462891 0.917969 0.464844 0.919922 0.466797 0.919922
0 0.611328 0.921875 0.611328 0.925781 0.607422 0.925781 0.605469 0.923828 0.609375 0.919922
0 0.625000 0.921875 0.625000 0.925781 0.621094 0.925781 0.619141 0.923828 0.623047 0.919922
0 0.787109 0.925781 0.785156 0.925781 0.783203 0.927734 0.779297 0.927734 0.777344 0.925781 0.777344 0.919922 0.779297 0.917969 0.783203 0.917969 0.785156 0.919922 0.787109 0.919922
0 0.517578 0.923828 0.517578 0.927734 0.513672 0.927734 0.511719 0.925781 0.515625 0.921875
0 0.898438 0.923828 0.898438 0.927734 0.894531 0.927734 0.892578 0.925781 0.896484 0.921875
0 0.962891 0.927734 0.957031 0.933594 0.951172 0.933594 0.945312 0.927734 0.945312 0.921875 0.951172 0.916016 0.957031 0.916016 0.962891 0.921875
0 0.998047 0.935547 0.992188 0.935547 0.986328 0.929688 0.986328 0.919922 0.988281 0.917969 0.990234 0.917969 0.990234 0.916016 0.992188 0.914062 0.998047 0.914062
0 0.416016 0.929688 0.414062 0.929688 0.412109 0.931641 0.408203 0.931641 0.406250 0.929688 0.406250 0.923828 0.408203 0.921875 0.412109 0.921875 0.414062 0.923828 0.416016 0.923828
0 0.585938 0.925781 0.585938 0.929688 0.582031 0.929688 0.580078 0.927734 0.583984 0.923828
0 0.662109 0.929688 0.660156 0.929688 0.658203 0.931641 0.654297 0.931641 0.652344 0.929688 0.652344 0.923828 0.654297 0.921875 0.658203 0.921875 0.660156 0.923828 0.662109 0.923828
0 0.802734 0.929688 0.796875 0.935547 0.791016 0.935547 0.785156 0.929688 0.785156 0.923828 0.791016 0.917969 0.796875 0.917969 0.802734 0.923828
0 0.873047 0.925781 0.873047 0.929688 0.869141 0.929688 0.867188 0.927734 0.871094 0.923828
0 0.927734 0.925781 0.927734 0.929688 0.923828 0.929688 0.921875 0.927734 0.925781 0.923828
0 0.990234 0.929688 0.988281 0.929688 0.986328 0.931641 0.982422 0.931641 0.980469 0.929688 0.980469 0.923828 0.982422 0.921875 0.986328 0.921875 0.988281 0.923828 0.990234 0.923828
0 0.339844 0.931641 0.337891 0.931641 0.335938 0.933594 0.332031 0.933594 0.330078 0.931641 0.330078 0.925781 0.332031 0.923828 0.335938 0.923828 0.337891 0.925781 0.339844 0.925781
0 0.505859 0.931641 0.503906 0.933594 0.503906 0.935547 0.501953 0.937500 0.496094 0.937500 0.494141 0.935547 0.494141 0.933594 0.492188 0.931641 0.492188 0.929688 0.494141 0.927734 0.494141 0.925781 0.496094 0.923828 0.501953 0.923828 0.503906 0.925781 0.503906 0.927734 0.505859 0.929688
0 0.511719 0.929688 0.511719 0.933594 0.507812 0.933594 0.505859 0.931641 0.509766 0.927734
0 0.544922 0.933594 0.542969 0.933594 0.541016 0.935547 0.537109 0.935547 0.535156 0.933594 0.535156 0.927734 0.537109 0.925781 0.541016 0.925781 0.542969 0.927734 0.544922 0.927734
0 0.804688 0.929688 0.804688 0.933594 0.800781 0.933594 0.798828 0.931641 0.802734 0.927734
0 0.886719 0.931641 0.884766 0.933594 0.884766 0.935547 0.882812 0.937500 0.876953 0.937500 0.875000 0.935547 0.875000 0.933594 0.873047 0.931641 0.873047 0.929688 0.875000 0.927734 0.875000 0.925781 0.876953 0.923828 0.882812 0.923828 0.884766 0.925781 0.884766 0.927734 0.886719 0.929688
0 0.894531 0.929688 0.894531 0.933594 0.890625 0.933594 0.888672 0.931641 0.892578 0.927734
0 0.460938 0.935547 0.458984 0.935547 0.457031 0.937500 0.453125 0.937500 0.451172 0.935547 0.451172 0.929688 0.453125 0.927734 0.457031 0.927734 0.458984 0.929688 0.460938 0.929688
0 0.722656 0.935547 0.720703 0.935547 0.718750 0.937500 0.714844 0.937500 0.712891 0.935547 0.712891 0.929688 0.714844 0.927734 0.718750 0.927734 0.720703 0.929688 0.722656 0.929688
0 0.738281 0.933594 0.736328 0.935547 0.736328 0.937500 0.734375 0.939453 0.728516 0.939453 0.726562 0.937500 0.726562 0.935547 0.724609 0.933594 0.724609 0.931641 0.726562 0.929688 0.726562 0.927734 0.728516 0.925781 0.734375 0.925781 0.736328 0.927734 0.736328 0.929688 0.738281 0.931641
0 0.820312 0.935547 0.818359 0.935547 0.816406 0.937500 0.812500 0.937500 0.810547 0.935547 0.810547 0.929688 0.812500 0.927734 0.816406 0.927734 0.818359 0.929688 0.820312 0.929688
0 0.876953 0.931641 0.876953 0.935547 0.873047 0.935547 0.871094 0.933594 0.875000 0.929688
0 0.320312 0.935547 0.318359 0.937500 0.318359 0.939453 0.316406 0.941406 0.310547 0.941406 0.308594 0.939453 0.308594 0.937500 0.306641 0.935547 0.306641 0.933594 0.308594 0.931641 0.308594 0.929688 0.310547 0.927734 0.316406 0.927734 0.318359 0.929688 0.318359 0.931641 0.320312 0.933594
0 0.714844 0.943359 0.712891 0.943359 0.710938 0.945312 0.701172 0.945312 0.695312 0.939453 0.695312 0.929688 0.697266 0.927734 0.699219 0.927734 0.699219 0.925781 0.701172 0.923828 0.710938 0.923828 0.716797 0.929688 0.716797 0.939453 0.714844 0.941406
0 0.865234 0.937500 0.863281 0.937500 0.861328 0.939453 0.857422 0.939453 0.855469 0.937500 0.855469 0.931641 0.857422 0.929688 0.861328 0.929688 0.863281 0.931641 0.865234 0.931641
0 0.939453 0.937500 0.937500 0.937500 0.935547 0.939453 0.931641 0.939453 0.929688 0.937500 0.929688 0.931641 0.931641 0.929688 0.935547 0.929688 0.937500 0.931641 0.939453 0.931641
0 0.265625 0.937500 0.263672 0.939453 0.263672 0.941406 0.261719 0.943359 0.255859 0.943359 0.253906 0.941406 0.253906 0.939453 0.251953 0.937500 0.251953 0.935547 0.253906 0.933594 0.253906 0.931641 0.255859 0.929688 0.261719 0.929688 0.263672 0.931641 0.263672 0.933594 0.265625 0.935547
0 0.357422 0.937500 0.355469 0.939453 0.355469 0.941406 0.353516 0.943359 0.347656 0.943359 0.345703 0.941406 0.345703 0.939453 0.343750 0.937500 0.343750 0.935547 0.345703 0.933594 0.345703 0.931641 0.347656 0.929688 0.353516 0.929688 0.355469 0.931641 0.355469 0.933594 0.357422 0.935547
0 0.650391 0.939453 0.648438 0.939453 0.646484 0.941406 0.642578 0.941406 0.640625 0.939453 0.640625 0.933594 0.642578 0.931641 0.646484 0.931641 0.648438 0.933594 0.650391 0.933594
0 0.501953 0.937500 0.501953 0.941406 0.498047 0.941406 0.496094 0.939453 0.500000 0.935547
0 0.568359 0.941406 0.566406 0.941406 0.564453 0.943359 0.560547 0.943359 0.558594 0.941406 0.558594 0.935547 0.560547 0.933594 0.564453 0.933594 0.566406 0.935547 0.568359 0.935547
0 0.666016 0.941406 0.664062 0.941406 0.662109 0.943359 0.658203 0.943359 0.656250 0.941406 0.656250 0.935547 0.658203 0.933594 0.662109 0.933594 0.664062 0.935547 0.666016 0.935547
0 0.394531 0.941406 0.392578 0.943359 0.392578 0.945312 0.390625 0.947266 0.384766 0.947266 0.382812 0.945312 0.382812 0.943359 0.380859 0.941406 0.380859 0.939453 0.382812 0.937500 0.382812 0.935547 0.384766 0.933594 0.390625 0.933594 0.392578 0.935547 0.392578 0.937500 0.394531 0.939453
0 0.488281 0.943359 0.486328 0.943359 0.484375 0.945312 0.480469 0.945312 0.478516 0.943359 0.478516 0.937500 0.480469 0.935547 0.484375 0.935547 0.486328 0.937500 0.488281 0.937500
0 0.689453 0.941406 0.687500 0.943359 0.687500 0.945312 0.685547 0.947266 0.679688 0.947266 0.677734 0.945312 0.677734 0.943359 0.675781 0.941406 0.675781 0.939453 0.677734 0.937500 0.677734 0.935547 0.679688 0.933594 0.685547 0.933594 0.687500 0.935547 0.687500 0.937500 0.689453 0.939453
0 0.871094 0.943359 0.869141 0.943359 0.867188 0.945312 0.863281 0.945312 0.861328 0.943359 0.861328 0.937500 0.863281 0.935547 0.867188 0.935547 0.869141 0.937500 0.871094 0.937500
0 0.226562 0.941406 0.226562 0.945312 0.222656 0.945312 0.220703 0.943359 0.224609 0.939453
0 0.238281 0.941406 0.238281 0.945312 0.234375 0.945312 0.232422 0.943359 0.236328 0.939453
0 0.443359 0.951172 0.441406 0.951172 0.439453 0.953125 0.429688 0.953125 0.423828 0.947266 0.423828 0.937500 0.425781 0.935547 0.427734 0.935547 0.427734 0.933594 0.429688 0.931641 0.439453 0.931641 0.445312 0.937500 0.445312 0.947266 0.443359 0.949219
0 0.546875 0.945312 0.544922 0.945312 0.542969 0.947266 0.539062 0.947266 0.537109 0.945312 0.537109 0.939453 0.539062 0.937500 0.542969 0.937500 0.544922 0.939453 0.546875 0.939453
0 0.601562 0.943359 0.601562 0.947266 0.597656 0.947266 0.595703 0.945312 0.599609 0.941406
0 0.613281 0.943359 0.613281 0.947266 0.609375 0.947266 0.607422 0.945312 0.611328 0.941406
0 0.634766 0.943359 0.634766 0.947266 0.630859 0.947266 0.628906 0.945312 0.632812 0.941406
0 0.656250 0.947266 0.654297 0.947266 0.652344 0.949219 0.648438 0.949219 0.646484 0.947266 0.646484 0.941406 0.648438 0.939453 0.652344 0.939453 0.654297 0.941406 0.656250 0.941406
0 0.958984 0.947266 0.957031 0.947266 0.955078 0.949219 0.951172 0.949219 0.949219 0.947266 0.949219 0.941406 0.951172 0.939453 0.955078 0.939453 0.957031 0.941406 0.958984 0.941406
0 0.750000 0.947266 0.748047 0.949219 0.748047 0.951172 0.746094 0.953125 0.740234 0.953125 0.738281 0.951172 0.738281 0.949219 0.736328 0.947266 0.736328 0.945312 0.738281 0.943359 0.738281 0.941406 0.740234 0.939453 0.746094 0.939453 0.748047 0.941406 0.748047 0.943359 0.750000 0.945312
0 0.810547 0.949219 0.808594 0.951172 0.808594 0.953125 0.806641 0.955078 0.800781 0.955078 0.798828 0.953125 0.798828 0.951172 0.796875 0.949219 0.796875 0.947266 0.798828 0.945312 0.798828 0.943359 0.800781 0.941406 0.806641 0.941406 0.808594 0.943359 0.808594 0.945312 0.810547 0.947266
0 0.289062 0.951172 0.287109 0.953125 0.287109 0.955078 0.285156 0.957031 0.279297 0.957031 0.277344 0.955078 0.277344 0.953125 0.275391 0.951172 0.275391 0.949219 0.277344 0.947266 0.277344 0.945312 0.279297 0.943359 0.285156 0.943359 0.287109 0.945312 0.287109 0.947266 0.289062 0.949219
0 0.859375 0.949219 0.859375 0.953125 0.855469 0.953125 0.853516 0.951172 0.857422 0.947266
0 0.638672 0.955078 0.636719 0.955078 0.634766 0.957031 0.630859 0.957031 0.628906 0.955078 0.628906 0.949219 0.630859 0.947266 0.634766 0.947266 0.636719 0.949219 0.638672 0.949219
0 0.675781 0.962891 0.673828 0.962891 0.671875 0.964844 0.662109 0.964844 0.656250 0.958984 0.656250 0.949219 0.658203 0.947266 0.660156 0.947266 0.660156 0.945312 0.662109 0.943359 0.671875 0.943359 0.677734 0.949219 0.677734 0.958984 0.675781 0.960938
0 0.455078 0.964844 0.453125 0.964844 0.451172 0.966797 0.441406 0.966797 0.435547 0.960938 0.435547 0.951172 0.437500 0.949219 0.439453 0.949219 0.439453 0.947266 0.441406 0.945312 0.451172 0.945312 0.457031 0.951172 0.457031 0.960938 0.455078 0.962891
0 0.945312 0.957031 0.943359 0.958984 0.943359 0.960938 0.941406 0.962891 0.935547 0.962891 0.933594 0.960938 0.933594 0.958984 0.931641 0.957031 0.931641 0.955078 0.933594 0.953125 0.933594 0.951172 0.935547 0.949219 0.941406 0.949219 0.943359 0.951172 0.943359 0.953125 0.945312 0.955078
0 0.466797 0.960938 0.466797 0.964844 0.462891 0.964844 0.460938 0.962891 0.464844 0.958984
0 0.421875 0.966797 0.419922 0.966797 0.417969 0.968750 0.414062 0.968750 0.412109 0.966797 0.412109 0.960938 0.414062 0.958984 0.417969 0.958984 0.419922 0.960938 0.421875 0.960938
0 0.490234 0.964844 0.490234 0.968750 0.486328 0.968750 0.484375 0.966797 0.488281 0.962891
0 0.720703 0.968750 0.714844 0.974609 0.708984 0.974609 0.703125 0.968750 0.703125 0.962891 0.708984 0.957031 0.714844 0.957031 0.720703 0.962891
0 0.470703 0.966797 0.470703 0.970703 0.466797 0.970703 0.464844 0.968750 0.468750 0.964844
0 0.730469 0.970703 0.728516 0.970703 0.726562 0.972656 0.722656 0.972656 0.720703 0.970703 0.720703 0.964844 0.722656 0.962891 0.726562 0.962891 0.728516 0.964844 0.730469 0.964844
0 0.482422 0.968750 0.482422 0.972656 0.478516 0.972656 0.476562 0.970703 0.480469 0.966797
0 0.791016 0.972656 0.789062 0.972656 0.787109 0.974609 0.783203 0.974609 0.781250 0.972656 0.781250 0.966797 0.783203 0.964844 0.787109 0.964844 0.789062 0.966797 0.791016 0.966797
0 0.923828 0.972656 0.921875 0.972656 0.919922 0.974609 0.916016 0.974609 0.914062 0.972656 0.914062 0.966797 0.916016 0.964844 0.919922 0.964844 0.921875 0.966797 0.923828 0.966797
0 0.689453 0.972656 0.687500 0.974609 0.687500 0.976562 0.685547 0.978516 0.679688 0.978516 0.677734 0.976562 0.677734 0.974609 0.675781 0.972656 0.675781 0.970703 0.677734 0.968750 0.677734 0.966797 0.679688 0.964844 0.685547 0.964844 0.687500 0.966797 0.687500 0.968750 0.689453 0.970703
0 0.808594 0.974609 0.806641 0.974609 0.804688 0.976562 0.800781 0.976562 0.798828 0.974609 0.798828 0.968750 0.800781 0.966797 0.804688 0.966797 0.806641 0.968750 0.808594 0.968750
0 0.646484 0.972656 0.646484 0.976562 0.642578 0.976562 0.640625 0.974609 0.644531 0.970703
0 0.630859 0.978516 0.628906 0.978516 0.626953 0.980469 0.623047 0.980469 0.621094 0.978516 0.621094 0.972656 0.623047 0.970703 0.626953 0.970703 0.628906 0.972656 0.630859 0.972656
0 0.654297 0.976562 0.654297 0.980469 0.650391 0.980469 0.648438 0.978516 0.652344 0.974609
0 0.523438 0.984375 0.521484 0.984375 0.519531 0.986328 0.515625 0.986328 0.513672 0.984375 0.513672 0.978516 0.515625 0.976562 0.519531 0.976562 0.521484 0.978516 0.523438 0.978516
0 0.599609 0.984375 0.597656 0.984375 0.595703 0.986328 0.591797 0.986328 0.589844 0.984375 0.589844 0.978516 0.591797 0.976562 0.595703 0.976562 0.597656 0.978516 0.599609 0.978516
0 0.644531 0.980469 0.644531 0.984375 0.640625 0.984375 0.638672 0.982422 0.642578 0.978516
0 0.734375 0.984375 0.732422 0.984375 0.730469 0.986328 0.726562 0.986328 0.724609 0.984375 0.724609 0.978516 0.726562 0.976562 0.730469 0.976562 0.732422 0.978516 0.734375 0.978516
0 0.841797 0.984375 0.839844 0.984375 0.837891 0.986328 0.833984 0.986328 0.832031 0.984375 0.832031 0.978516 0.833984 0.976562 0.837891 0.976562 0.839844 0.978516 0.841797 0.978516
0 0.455078 0.988281 0.453125 0.988281 0.451172 0.990234 0.447266 0.990234 0.445312 0.988281 0.445312 0.982422 0.447266 0.980469 0.451172 0.980469 0.453125 0.982422 0.455078 0.982422
0 0.798828 0.988281 0.796875 0.988281 0.794922 0.990234 0.791016 0.990234 0.789062 0.988281 0.789062 0.982422 0.791016 0.980469 0.794922 0.980469 0.796875 0.982422 0.798828 0.982422
0 0.541016 0.990234 0.539062 0.990234 0.537109 0.992188 0.533203 0.992188 0.531250 0.990234 0.531250 0.984375 0.533203 0.982422 0.537109 0.982422 0.539062 0.984375 0.541016 0.984375
0 0.603516 0.990234 0.601562 0.990234 0.599609 0.992188 0.595703 0.992188 0.593750 0.990234 0.593750 0.984375 0.595703 0.982422 0.599609 0.982422 0.601562 0.984375 0.603516 0.984375
0 0.636719 0.988281 0.636719 0.992188 0.632812 0.992188 0.630859 0.990234 0.634766 0.986328
0 0.746094 0.988281 0.746094 0.992188 0.742188 0.992188 0.740234 0.990234 0.744141 0.986328
0 0.388672 0.998047 0.378906 0.998047 0.378906 0.994141 0.380859 0.992188 0.384766 0.992188 0.386719 0.994141 0.388672 0.994141
0 0.406250 0.998047 0.396484 0.998047 0.396484 0.994141 0.398438 0.992188 0.402344 0.992188 0.404297 0.994141 0.406250 0.994141
0 0.507812 0.998047 0.498047 0.998047 0.498047 0.994141 0.500000 0.992188 0.503906 0.992188 0.505859 0.994141 0.507812 0.994141
0 0.574219 0.998047 0.560547 0.998047 0.560547 0.996094 0.562500 0.994141 0.562500 0.992188 0.564453 0.990234 0.570312 0.990234 0.572266 0.992188 0.572266 0.994141 0.574219 0.996094
0 0.605469 0.998047 0.595703 0.998047 0.595703 0.994141 0.597656 0.992188 0.601562 0.992188 0.603516 0.994141 0.605469 0.994141
0 0.652344 0.998047 0.630859 0.998047 0.630859 0.992188 0.632812 0.990234 0.634766 0.990234 0.634766 0.988281 0.636719 0.986328 0.646484 0.986328 0.652344 0.992188
0 0.693359 0.998047 0.675781 0.998047 0.675781 0.994141 0.681641 0.988281 0.687500 0.988281 0.693359 0.994141
0 0.734375 0.998047 0.712891 0.998047 0.712891 0.992188 0.714844 0.990234 0.716797 0.990234 0.716797 0.988281 0.718750 0.986328 0.728516 0.986328 0.734375 0.992188
0 0.742188 0.998047 0.728516 0.998047 0.728516 0.996094 0.730469 0.994141 0.730469 0.992188 0.732422 0.990234 0.738281 0.990234 0.740234 0.992188 0.740234 0.994141 0.742188 0.996094
0 0.816406 0.998047 0.794922 0.998047 0.794922 0.992188 0.796875 0.990234 0.798828 0.990234 0.798828 0.988281 0.800781 0.986328 0.810547 0.986328 0.816406 0.992188
0 0.958984 0.998047 0.937500 0.998047 0.937500 0.992188 0.939453 0.990234 0.941406 0.990234 0.941406 0.988281 0.943359 0.986328 0.953125 0.986328 0.958984 0.992188
0 0.960938 0.998047 0.947266 0.998047 0.947266 0.996094 0.949219 0.994141 0.949219 0.992188 0.951172 0.990234 0.957031 0.990234 0.958984 0.992188 0.958984 0.994141 0.960938 0.996094
0 0.982422 0.998047 0.968750 0.998047 0.968750 0.996094 0.970703 0.994141 0.970703 0.992188 0.972656 0.990234 0.978516 0.990234 0.980469 0.992188 0.980469 0.994141 0.982422 0.996094
