0 0.419922 0.000000 0.419922 0.001953 0.423828 0.005859 0.427734 0.005859 0.429688 0.003906 0.429688 0.000000
0 0.724609 0.076172 0.722656 0.078125 0.722656 0.082031 0.726562 0.082031 0.728516 0.083984 0.728516 0.082031 0.730469 0.080078 0.726562 0.076172
0 0.113281 0.095703 0.109375 0.099609 0.109375 0.101562 0.107422 0.103516 0.107422 0.109375 0.111328 0.115234 0.119141 0.115234 0.126953 0.107422 0.126953 0.101562 0.121094 0.095703
0 0.445312 0.105469 0.445312 0.109375 0.447266 0.109375 0.449219 0.111328 0.451172 0.111328 0.451172 0.107422 0.449219 0.105469
0 0.769531 0.113281 0.767578 0.115234 0.767578 0.119141 0.769531 0.121094 0.773438 0.121094 0.775391 0.119141 0.775391 0.115234 0.773438 0.113281
0 0.214844 0.126953 0.214844 0.128906 0.216797 0.130859 0.216797 0.126953
0 0.472656 0.125000 0.470703 0.126953 0.468750 0.126953 0.468750 0.130859 0.470703 0.132812 0.474609 0.132812 0.476562 0.130859 0.474609 0.128906 0.474609 0.126953
0 0.496094 0.134766 0.492188 0.138672 0.492188 0.140625 0.496094 0.144531 0.500000 0.144531 0.501953 0.142578 0.501953 0.138672 0.500000 0.136719 0.498047 0.136719
0 0.402344 0.148438 0.400391 0.150391 0.400391 0.152344 0.402344 0.154297 0.406250 0.154297 0.406250 0.150391 0.404297 0.148438
0 0.050781 0.156250 0.041016 0.156250 0.037109 0.160156 0.037109 0.166016 0.039062 0.167969 0.041016 0.167969 0.042969 0.169922 0.044922 0.169922 0.046875 0.167969 0.048828 0.167969 0.050781 0.166016 0.050781 0.164062 0.052734 0.162109 0.052734 0.158203
0 0.976562 0.171875 0.972656 0.171875 0.970703 0.173828 0.968750 0.173828 0.968750 0.181641 0.970703 0.183594 0.974609 0.183594 0.978516 0.179688 0.978516 0.173828
0 0.615234 0.183594 0.613281 0.185547 0.613281 0.187500 0.615234 0.189453 0.615234 0.191406 0.619141 0.191406 0.621094 0.189453 0.621094 0.185547 0.619141 0.183594
0 0.917969 0.185547 0.917969 0.191406 0.919922 0.193359 0.927734 0.193359 0.929688 0.191406 0.929688 0.187500 0.925781 0.183594 0.921875 0.183594 0.919922 0.185547
0 0.066406 0.197266 0.062500 0.201172 0.062500 0.203125 0.066406 0.207031 0.072266 0.207031 0.074219 0.205078 0.074219 0.199219 0.072266 0.197266
0 0.486328 0.201172 0.484375 0.203125 0.484375 0.205078 0.486328 0.205078 0.488281 0.207031 0.490234 0.207031 0.492188 0.205078 0.492188 0.203125 0.490234 0.201172
0 0.605469 0.205078 0.601562 0.208984 0.601562 0.216797 0.605469 0.220703 0.607422 0.220703 0.609375 0.222656 0.615234 0.222656 0.615234 0.220703 0.619141 0.216797 0.619141 0.207031 0.615234 0.207031 0.613281 0.205078
0 0.861328 0.216797 0.859375 0.216797 0.857422 0.218750 0.853516 0.218750 0.853516 0.220703 0.851562 0.222656 0.851562 0.224609 0.853516 0.226562 0.853516 0.228516 0.855469 0.228516 0.857422 0.230469 0.859375 0.230469 0.861328 0.228516 0.865234 0.228516 0.867188 0.226562 0.867188 0.220703 0.865234 0.218750 0.863281 0.218750
0 0.369141 0.222656 0.365234 0.226562 0.365234 0.230469 0.369141 0.234375 0.373047 0.234375 0.376953 0.230469 0.376953 0.228516 0.371094 0.222656
0 0.369141 0.251953 0.365234 0.251953 0.363281 0.253906 0.361328 0.253906 0.359375 0.255859 0.359375 0.263672 0.361328 0.265625 0.367188 0.265625 0.367188 0.263672 0.369141 0.261719
0 0.953125 0.265625 0.949219 0.269531 0.949219 0.273438 0.953125 0.277344 0.958984 0.277344 0.962891 0.273438 0.962891 0.269531 0.960938 0.267578 0.958984 0.267578 0.957031 0.265625
1 0.279297 0.283203 0.281250 0.289062 0.283203 0.287109 0.289062 0.292969 0.292969 0.292969 0.294922 0.294922 0.296875 0.291016 0.300781 0.291016 0.306641 0.294922 0.310547 0.292969 0.316406 0.292969 0.318359 0.291016 0.320312 0.292969 0.330078 0.294922 0.332031 0.296875 0.330078 0.300781 0.330078 0.306641 0.332031 0.308594 0.339844 0.308594 0.339844 0.302734 0.351562 0.292969 0.347656 0.285156 0.343750 0.285156 0.339844 0.289062 0.333984 0.289062 0.328125 0.283203 0.322266 0.283203 0.312500 0.275391 0.300781 0.277344 0.292969 0.271484 0.287109 0.271484 0.283203 0.275391 0.281250 0.275391 0.281250 0.281250
0 0.257812 0.279297 0.255859 0.281250 0.255859 0.283203 0.253906 0.285156 0.253906 0.287109 0.257812 0.291016 0.257812 0.292969 0.259766 0.294922 0.261719 0.294922 0.263672 0.296875 0.265625 0.294922 0.265625 0.289062 0.263672 0.287109 0.263672 0.281250 0.261719 0.279297
0 0.841797 0.279297 0.839844 0.279297 0.837891 0.281250 0.839844 0.283203 0.841797 0.281250
0 0.408203 0.298828 0.406250 0.300781 0.406250 0.304688 0.408203 0.306641 0.410156 0.306641 0.412109 0.304688 0.412109 0.300781 0.410156 0.298828
0 0.685547 0.296875 0.679688 0.302734 0.681641 0.302734 0.683594 0.304688 0.681641 0.306641 0.681641 0.308594 0.683594 0.310547 0.683594 0.314453 0.685547 0.312500 0.689453 0.312500 0.691406 0.310547 0.695312 0.310547 0.695312 0.304688 0.693359 0.304688
0 0.347656 0.320312 0.345703 0.320312 0.343750 0.322266 0.341797 0.322266 0.339844 0.324219 0.339844 0.328125 0.343750 0.332031 0.347656 0.332031 0.351562 0.328125 0.351562 0.324219
0 0.945312 0.326172 0.939453 0.326172 0.937500 0.324219 0.935547 0.326172 0.935547 0.330078 0.933594 0.332031 0.935547 0.333984 0.935547 0.335938 0.937500 0.333984 0.939453 0.335938 0.941406 0.333984 0.943359 0.333984 0.945312 0.332031
0 0.357422 0.330078 0.355469 0.332031 0.355469 0.333984 0.357422 0.335938 0.359375 0.335938 0.359375 0.333984 0.361328 0.332031 0.359375 0.330078
0 0.373047 0.333984 0.373047 0.339844 0.375000 0.341797 0.378906 0.341797 0.380859 0.339844 0.382812 0.341797 0.380859 0.339844 0.380859 0.335938 0.376953 0.332031 0.375000 0.333984
0 0.398438 0.332031 0.394531 0.335938 0.394531 0.337891 0.396484 0.339844 0.396484 0.341797 0.400391 0.341797 0.400391 0.339844 0.402344 0.337891 0.402344 0.335938
0 0.767578 0.339844 0.763672 0.345703 0.763672 0.357422 0.771484 0.365234 0.777344 0.365234 0.781250 0.367188 0.785156 0.363281 0.787109 0.363281 0.791016 0.355469 0.789062 0.353516 0.789062 0.347656 0.783203 0.339844 0.777344 0.339844 0.775391 0.337891 0.771484 0.339844
0 0.341797 0.341797 0.339844 0.343750 0.339844 0.347656 0.341797 0.349609 0.345703 0.349609 0.349609 0.345703 0.349609 0.343750 0.347656 0.341797
0 0.515625 0.341797 0.511719 0.345703 0.511719 0.347656 0.513672 0.349609 0.513672 0.351562 0.517578 0.355469 0.519531 0.355469 0.521484 0.357422 0.525391 0.357422 0.529297 0.353516 0.529297 0.351562 0.527344 0.349609 0.527344 0.347656 0.523438 0.343750 0.521484 0.343750 0.519531 0.341797
0 0.261719 0.347656 0.259766 0.345703 0.257812 0.345703 0.255859 0.347656 0.255859 0.351562 0.259766 0.351562 0.259766 0.349609
0 0.318359 0.343750 0.316406 0.345703 0.316406 0.347656 0.320312 0.351562 0.322266 0.351562 0.326172 0.347656 0.326172 0.345703 0.324219 0.345703 0.322266 0.343750
0 0.691406 0.347656 0.689453 0.349609 0.687500 0.347656 0.685547 0.347656 0.683594 0.349609 0.681641 0.349609 0.681641 0.351562 0.683594 0.353516 0.683594 0.357422 0.685547 0.359375 0.683594 0.361328 0.687500 0.361328 0.691406 0.357422 0.693359 0.357422 0.693359 0.351562 0.691406 0.349609
0 0.375000 0.365234 0.375000 0.367188 0.378906 0.371094 0.382812 0.371094 0.384766 0.369141 0.384766 0.365234 0.382812 0.363281 0.378906 0.363281 0.376953 0.365234
0 0.818359 0.365234 0.812500 0.375000 0.818359 0.380859 0.818359 0.382812 0.822266 0.382812 0.824219 0.384766 0.830078 0.382812 0.833984 0.378906 0.833984 0.371094 0.830078 0.367188 0.828125 0.367188 0.826172 0.365234
0 0.330078 0.367188 0.328125 0.369141 0.328125 0.373047 0.332031 0.376953 0.333984 0.376953 0.335938 0.375000 0.335938 0.371094 0.332031 0.367188
0 0.960938 0.378906 0.957031 0.378906 0.955078 0.380859 0.955078 0.384766 0.958984 0.388672 0.960938 0.386719
0 0.378906 0.386719 0.375000 0.390625 0.375000 0.400391 0.378906 0.404297 0.384766 0.404297 0.388672 0.400391 0.388672 0.398438 0.386719 0.396484 0.386719 0.392578 0.380859 0.386719
0 0.697266 0.386719 0.693359 0.386719 0.693359 0.388672 0.691406 0.390625 0.693359 0.390625 0.695312 0.392578 0.699219 0.388672
0 0.357422 0.400391 0.357422 0.404297 0.359375 0.404297 0.361328 0.402344 0.359375 0.400391
1 0.337891 0.402344 0.335938 0.404297 0.335938 0.406250 0.337891 0.408203 0.337891 0.414062 0.339844 0.416016 0.341797 0.414062 0.341797 0.404297 0.339844 0.402344
0 0.638672 0.410156 0.638672 0.414062 0.634766 0.417969 0.634766 0.423828 0.636719 0.425781 0.638672 0.433594 0.642578 0.435547 0.644531 0.439453 0.650391 0.439453 0.652344 0.437500 0.656250 0.439453 0.658203 0.437500 0.662109 0.437500 0.666016 0.429688 0.666016 0.421875 0.658203 0.414062 0.652344 0.414062 0.650391 0.412109 0.640625 0.412109
0 0.927734 0.410156 0.925781 0.412109 0.925781 0.416016 0.927734 0.417969 0.931641 0.417969 0.933594 0.416016 0.933594 0.412109 0.931641 0.410156
0 0.855469 0.429688 0.853516 0.431641 0.853516 0.433594 0.855469 0.435547 0.859375 0.435547 0.861328 0.433594 0.857422 0.429688
0 0.189453 0.435547 0.185547 0.439453 0.185547 0.445312 0.191406 0.451172 0.195312 0.451172 0.195312 0.449219 0.199219 0.445312 0.199219 0.439453 0.195312 0.435547
0 0.814453 0.433594 0.812500 0.435547 0.812500 0.437500 0.816406 0.441406 0.818359 0.439453 0.818359 0.435547 0.816406 0.433594
0 0.970703 0.445312 0.968750 0.447266 0.968750 0.449219 0.970703 0.451172 0.972656 0.451172 0.974609 0.449219
0 0.708984 0.455078 0.703125 0.458984 0.699219 0.466797 0.699219 0.476562 0.701172 0.478516 0.701172 0.482422 0.707031 0.486328 0.720703 0.486328 0.730469 0.478516 0.732422 0.474609 0.730469 0.466797 0.726562 0.460938 0.722656 0.458984 0.722656 0.457031 0.718750 0.457031 0.716797 0.455078
0 0.550781 0.464844 0.548828 0.466797 0.546875 0.466797 0.548828 0.468750 0.546875 0.470703 0.546875 0.474609 0.548828 0.476562 0.548828 0.478516 0.550781 0.478516 0.552734 0.480469 0.554688 0.480469 0.558594 0.476562 0.558594 0.466797 0.556641 0.464844
0 0.902344 0.464844 0.896484 0.470703 0.896484 0.472656 0.894531 0.474609 0.894531 0.478516 0.896484 0.480469 0.896484 0.484375 0.898438 0.484375 0.900391 0.486328 0.910156 0.486328 0.916016 0.480469 0.916016 0.470703 0.912109 0.466797 0.910156 0.466797 0.908203 0.464844
0 0.617188 0.468750 0.617188 0.470703 0.615234 0.472656 0.617188 0.474609 0.619141 0.474609 0.621094 0.472656 0.621094 0.470703 0.619141 0.468750
0 0.664062 0.478516 0.662109 0.476562 0.660156 0.476562 0.658203 0.478516 0.658203 0.482422 0.662109 0.482422 0.664062 0.480469
0 0.753906 0.482422 0.753906 0.486328 0.755859 0.488281 0.759766 0.488281 0.761719 0.486328 0.761719 0.484375 0.759766 0.482422
1 0.650391 0.488281 0.648438 0.490234 0.650391 0.492188 0.650391 0.496094 0.648438 0.498047 0.652344 0.501953 0.654297 0.501953 0.656250 0.503906 0.658203 0.501953 0.662109 0.505859 0.662109 0.511719 0.664062 0.513672 0.664062 0.515625 0.673828 0.515625 0.677734 0.519531 0.677734 0.523438 0.681641 0.527344 0.687500 0.527344 0.693359 0.521484 0.693359 0.517578 0.687500 0.511719 0.681641 0.511719 0.677734 0.515625 0.675781 0.513672 0.675781 0.507812 0.673828 0.505859 0.673828 0.503906 0.671875 0.503906 0.669922 0.501953 0.666016 0.501953 0.664062 0.503906 0.662109 0.501953 0.662109 0.500000 0.666016 0.494141 0.666016 0.490234 0.664062 0.488281 0.662109 0.488281 0.660156 0.486328 0.654297 0.486328 0.652344 0.488281
0 0.740234 0.486328 0.736328 0.488281 0.736328 0.492188 0.732422 0.496094 0.722656 0.494141 0.716797 0.507812 0.718750 0.515625 0.726562 0.525391 0.732422 0.527344 0.734375 0.525391 0.740234 0.525391 0.748047 0.515625 0.746094 0.513672 0.746094 0.505859 0.742188 0.501953 0.746094 0.490234
0 0.925781 0.484375 0.923828 0.486328 0.923828 0.488281 0.925781 0.490234 0.927734 0.490234 0.929688 0.488281 0.929688 0.486328 0.927734 0.484375
0 0.826172 0.488281 0.824219 0.490234 0.824219 0.492188 0.826172 0.494141 0.828125 0.492188 0.828125 0.490234
0 0.996094 0.488281 0.994141 0.490234 0.994141 0.492188 0.996094 0.494141 0.998047 0.494141 0.998047 0.488281
0 0.525391 0.492188 0.521484 0.496094 0.521484 0.498047 0.523438 0.500000 0.523438 0.503906 0.529297 0.509766 0.535156 0.509766 0.541016 0.503906 0.541016 0.500000 0.542969 0.498047 0.541016 0.496094 0.541016 0.494141 0.539062 0.492188
0 0.316406 0.498047 0.314453 0.500000 0.314453 0.501953 0.318359 0.505859 0.322266 0.505859 0.324219 0.503906 0.324219 0.501953 0.320312 0.498047
0 0.890625 0.498047 0.884766 0.505859 0.886719 0.513672 0.888672 0.515625 0.900391 0.515625 0.902344 0.517578 0.902344 0.523438 0.906250 0.529297 0.910156 0.529297 0.916016 0.523438 0.916016 0.519531 0.914062 0.515625 0.908203 0.515625 0.904297 0.511719 0.906250 0.509766 0.906250 0.503906 0.904297 0.501953 0.906250 0.500000 0.902344 0.500000 0.900391 0.498047
0 0.837891 0.505859 0.837891 0.507812 0.839844 0.509766 0.843750 0.509766 0.843750 0.505859
0 0.769531 0.507812 0.767578 0.509766 0.767578 0.511719 0.769531 0.513672 0.773438 0.513672 0.773438 0.507812
0 0.873047 0.509766 0.871094 0.511719 0.871094 0.515625 0.873047 0.517578 0.875000 0.517578 0.876953 0.519531 0.880859 0.515625 0.880859 0.513672 0.876953 0.509766
0 0.962891 0.511719 0.960938 0.513672 0.962891 0.515625 0.964844 0.515625 0.964844 0.513672
0 0.320312 0.525391 0.318359 0.525391 0.316406 0.527344 0.316406 0.529297 0.312500 0.533203 0.310547 0.531250 0.306641 0.535156 0.304688 0.535156 0.304688 0.537109 0.302734 0.539062 0.304688 0.544922 0.310547 0.550781 0.314453 0.550781 0.316406 0.548828 0.318359 0.548828 0.322266 0.544922 0.322266 0.527344
0 0.240234 0.529297 0.236328 0.533203 0.236328 0.535156 0.238281 0.537109 0.240234 0.537109 0.244141 0.541016 0.246094 0.541016 0.244141 0.539062 0.244141 0.533203 0.242188 0.531250 0.242188 0.529297
0 0.611328 0.527344 0.611328 0.529297 0.609375 0.531250 0.611328 0.531250 0.613281 0.533203 0.613281 0.535156 0.617188 0.535156 0.619141 0.537109 0.619141 0.535156 0.621094 0.533203 0.617188 0.529297 0.615234 0.529297 0.613281 0.527344
0 0.882812 0.539062 0.880859 0.541016 0.880859 0.542969 0.882812 0.544922 0.884766 0.544922 0.886719 0.542969 0.886719 0.541016 0.884766 0.539062
0 0.287109 0.544922 0.287109 0.546875 0.285156 0.548828 0.287109 0.550781 0.291016 0.550781 0.291016 0.548828 0.292969 0.546875 0.291016 0.544922
0 0.425781 0.548828 0.425781 0.550781 0.429688 0.554688 0.439453 0.554688 0.439453 0.548828 0.433594 0.548828 0.431641 0.546875 0.427734 0.546875
0 0.269531 0.552734 0.267578 0.550781 0.265625 0.552734 0.265625 0.554688 0.269531 0.554688
0 0.406250 0.554688 0.406250 0.558594 0.410156 0.562500 0.414062 0.562500 0.416016 0.560547 0.417969 0.560547 0.416016 0.558594 0.416016 0.554688 0.412109 0.550781 0.410156 0.550781
0 0.464844 0.552734 0.464844 0.554688 0.462891 0.556641 0.464844 0.558594 0.462891 0.560547 0.464844 0.562500 0.466797 0.560547 0.468750 0.562500 0.470703 0.560547 0.470703 0.558594 0.466797 0.554688 0.468750 0.552734 0.466797 0.554688
0 0.572266 0.554688 0.566406 0.554688 0.564453 0.556641 0.562500 0.556641 0.562500 0.562500 0.560547 0.564453 0.558594 0.564453 0.558594 0.570312 0.560547 0.570312 0.564453 0.574219 0.566406 0.574219 0.568359 0.576172 0.570312 0.574219 0.572266 0.574219 0.578125 0.568359 0.578125 0.562500 0.576172 0.560547 0.576172 0.556641 0.574219 0.556641
0 0.673828 0.554688 0.671875 0.556641 0.671875 0.562500 0.673828 0.564453 0.677734 0.564453 0.681641 0.560547 0.681641 0.556641 0.679688 0.554688
0 0.835938 0.560547 0.828125 0.568359 0.826172 0.568359 0.826172 0.570312 0.824219 0.572266 0.824219 0.576172 0.830078 0.580078 0.832031 0.580078 0.837891 0.574219 0.837891 0.572266 0.835938 0.570312 0.835938 0.568359 0.837891 0.566406 0.837891 0.562500
0 0.162109 0.564453 0.160156 0.564453 0.158203 0.566406 0.156250 0.566406 0.156250 0.568359 0.158203 0.570312 0.160156 0.570312 0.162109 0.568359
0 0.533203 0.564453 0.531250 0.568359 0.525391 0.572266 0.523438 0.578125 0.525391 0.587891 0.529297 0.593750 0.542969 0.595703 0.548828 0.599609 0.550781 0.603516 0.552734 0.601562 0.558594 0.603516 0.560547 0.601562 0.560547 0.595703 0.554688 0.589844 0.556641 0.587891 0.556641 0.576172 0.544922 0.564453
0 0.619141 0.562500 0.617188 0.562500 0.613281 0.566406 0.613281 0.568359 0.611328 0.570312 0.611328 0.572266 0.615234 0.576172 0.619141 0.576172 0.623047 0.572266 0.623047 0.566406
0 0.939453 0.566406 0.937500 0.564453 0.935547 0.564453 0.933594 0.566406 0.933594 0.568359 0.937500 0.568359
0 0.726562 0.568359 0.724609 0.570312 0.724609 0.576172 0.730469 0.576172 0.730469 0.574219 0.732422 0.572266 0.728516 0.568359
0 0.160156 0.574219 0.158203 0.576172 0.158203 0.582031 0.160156 0.583984 0.167969 0.583984 0.167969 0.580078 0.162109 0.574219
1 0.343750 0.576172 0.337891 0.574219 0.335938 0.576172 0.335938 0.585938 0.333984 0.587891 0.330078 0.587891 0.326172 0.591797 0.324219 0.591797 0.318359 0.587891 0.316406 0.587891 0.314453 0.589844 0.310547 0.589844 0.306641 0.593750 0.306641 0.601562 0.304688 0.603516 0.306641 0.603516 0.308594 0.605469 0.310547 0.603516 0.312500 0.605469 0.318359 0.605469 0.320312 0.603516 0.320312 0.601562 0.326172 0.595703 0.332031 0.593750 0.335938 0.589844 0.341797 0.587891 0.345703 0.583984 0.345703 0.580078 0.343750 0.578125
1 0.414062 0.578125 0.410156 0.582031 0.410156 0.589844 0.417969 0.593750 0.417969 0.597656 0.416016 0.601562 0.427734 0.611328 0.421875 0.617188 0.414062 0.617188 0.412109 0.619141 0.412109 0.626953 0.416016 0.630859 0.417969 0.630859 0.421875 0.626953 0.423828 0.626953 0.427734 0.630859 0.433594 0.630859 0.435547 0.628906 0.435547 0.615234 0.433594 0.613281 0.439453 0.607422 0.441406 0.607422 0.441406 0.605469 0.433594 0.601562 0.431641 0.597656 0.429688 0.597656 0.425781 0.593750 0.421875 0.593750 0.417969 0.589844 0.421875 0.585938 0.421875 0.583984 0.417969 0.578125
0 0.888672 0.580078 0.882812 0.583984 0.882812 0.591797 0.886719 0.597656 0.886719 0.603516 0.892578 0.609375 0.900391 0.609375 0.904297 0.605469 0.904297 0.591797 0.898438 0.582031 0.896484 0.582031 0.894531 0.580078
1 0.623047 0.583984 0.621094 0.583984 0.619141 0.585938 0.615234 0.585938 0.613281 0.587891 0.615234 0.589844 0.611328 0.593750 0.609375 0.593750 0.609375 0.595703 0.607422 0.597656 0.605469 0.597656 0.601562 0.593750 0.603516 0.595703 0.601562 0.597656 0.603516 0.599609 0.595703 0.607422 0.593750 0.607422 0.593750 0.609375 0.591797 0.611328 0.593750 0.613281 0.593750 0.619141 0.595703 0.621094 0.595703 0.623047 0.597656 0.621094 0.599609 0.623047 0.605469 0.623047 0.607422 0.625000 0.611328 0.625000 0.611328 0.621094 0.609375 0.619141 0.611328 0.613281 0.607422 0.607422 0.607422 0.603516 0.611328 0.599609 0.619141 0.599609 0.621094 0.601562 0.623047 0.599609 0.625000 0.599609 0.625000 0.595703 0.626953 0.593750 0.626953 0.587891
0 0.818359 0.583984 0.812500 0.589844 0.812500 0.593750 0.814453 0.595703 0.812500 0.597656 0.814453 0.597656 0.818359 0.601562 0.826172 0.601562 0.830078 0.597656 0.830078 0.587891 0.826172 0.583984
0 0.480469 0.587891 0.480469 0.595703 0.484375 0.595703 0.486328 0.593750 0.488281 0.593750 0.484375 0.589844 0.484375 0.587891
0 0.158203 0.591797 0.158203 0.593750 0.160156 0.595703 0.162109 0.595703 0.162109 0.591797
0 0.730469 0.591797 0.728516 0.593750 0.728516 0.597656 0.734375 0.603516 0.734375 0.605469 0.730469 0.609375 0.730469 0.617188 0.734375 0.623047 0.742188 0.623047 0.751953 0.615234 0.751953 0.611328 0.748047 0.607422 0.748047 0.603516 0.740234 0.603516 0.736328 0.599609 0.738281 0.595703 0.734375 0.591797
0 0.875000 0.589844 0.871094 0.589844 0.869141 0.591797 0.869141 0.593750 0.873047 0.597656 0.873047 0.595703 0.876953 0.591797
0 0.779297 0.599609 0.777344 0.601562 0.777344 0.605469 0.775391 0.607422 0.777344 0.609375 0.777344 0.611328 0.779297 0.611328 0.783203 0.615234 0.783203 0.617188 0.785156 0.619141 0.787109 0.619141 0.789062 0.617188 0.789062 0.611328 0.791016 0.609375 0.791016 0.603516 0.787109 0.599609
1 0.476562 0.603516 0.468750 0.603516 0.466797 0.605469 0.460938 0.607422 0.460938 0.609375 0.455078 0.613281 0.455078 0.619141 0.457031 0.621094 0.460938 0.621094 0.466797 0.615234 0.468750 0.617188 0.470703 0.615234 0.476562 0.613281 0.476562 0.611328 0.478516 0.609375 0.476562 0.607422
0 0.533203 0.603516 0.529297 0.603516 0.529297 0.607422 0.531250 0.607422 0.533203 0.605469
0 0.585938 0.601562 0.583984 0.603516 0.585938 0.605469 0.587891 0.605469 0.589844 0.603516 0.587891 0.601562
0 0.392578 0.605469 0.390625 0.607422 0.390625 0.611328 0.396484 0.611328 0.396484 0.607422 0.394531 0.605469
1 0.560547 0.607422 0.562500 0.609375 0.558594 0.613281 0.558594 0.625000 0.566406 0.628906 0.570312 0.625000 0.574219 0.625000 0.580078 0.632812 0.585938 0.632812 0.587891 0.625000 0.580078 0.619141 0.580078 0.621094 0.574219 0.625000 0.572266 0.623047 0.572266 0.613281 0.568359 0.609375 0.562500 0.609375
0 0.867188 0.611328 0.853516 0.607422 0.855469 0.613281 0.851562 0.619141 0.853516 0.621094 0.849609 0.628906 0.843750 0.626953 0.839844 0.630859 0.839844 0.640625 0.841797 0.644531 0.853516 0.632812 0.861328 0.638672 0.865234 0.638672 0.871094 0.634766 0.873047 0.630859 0.873047 0.617188
0 0.539062 0.609375 0.537109 0.611328 0.537109 0.613281 0.535156 0.615234 0.539062 0.619141 0.542969 0.619141 0.544922 0.617188 0.544922 0.615234 0.546875 0.613281 0.544922 0.611328 0.544922 0.609375
0 0.921875 0.609375 0.917969 0.609375 0.916016 0.611328 0.917969 0.613281 0.919922 0.613281 0.921875 0.611328
0 0.951172 0.609375 0.949219 0.611328 0.949219 0.615234 0.947266 0.617188 0.953125 0.623047 0.957031 0.623047 0.960938 0.619141 0.960938 0.613281 0.957031 0.609375
0 0.984375 0.611328 0.976562 0.611328 0.974609 0.613281 0.972656 0.613281 0.968750 0.617188 0.968750 0.623047 0.966797 0.625000 0.964844 0.623047 0.962891 0.625000 0.962891 0.626953 0.964844 0.628906 0.966797 0.628906 0.970703 0.625000 0.974609 0.628906 0.976562 0.628906 0.978516 0.630859 0.982422 0.630859 0.988281 0.623047 0.988281 0.621094 0.984375 0.615234
0 0.384766 0.617188 0.384766 0.623047 0.388672 0.626953 0.394531 0.626953 0.398438 0.623047 0.398438 0.621094 0.394531 0.617188 0.390625 0.617188 0.388672 0.615234 0.386719 0.617188
0 0.261719 0.617188 0.259766 0.619141 0.259766 0.626953 0.263672 0.630859 0.265625 0.630859 0.267578 0.632812 0.269531 0.630859 0.271484 0.630859 0.273438 0.628906 0.273438 0.625000 0.275391 0.623047 0.269531 0.617188
0 0.623047 0.621094 0.625000 0.623047 0.623047 0.625000 0.625000 0.626953 0.625000 0.640625 0.634766 0.642578 0.638672 0.646484 0.648438 0.636719 0.650391 0.636719 0.652344 0.640625 0.656250 0.640625 0.658203 0.636719 0.652344 0.630859 0.654297 0.626953 0.650391 0.623047 0.638672 0.626953 0.632812 0.623047 0.632812 0.617188 0.626953 0.617188
0 0.919922 0.625000 0.921875 0.626953 0.921875 0.628906 0.927734 0.628906 0.929688 0.626953 0.929688 0.625000 0.933594 0.621094 0.935547 0.621094 0.935547 0.617188 0.931641 0.617188 0.929688 0.619141 0.923828 0.619141 0.921875 0.617188 0.921875 0.621094 0.919922 0.623047
0 0.771484 0.621094 0.767578 0.625000 0.767578 0.628906 0.769531 0.630859 0.769531 0.632812 0.771484 0.634766 0.777344 0.634766 0.779297 0.632812 0.779297 0.630859 0.781250 0.628906 0.781250 0.626953 0.775391 0.621094
1 0.699219 0.634766 0.689453 0.634766 0.683594 0.626953 0.683594 0.632812 0.673828 0.628906 0.679688 0.630859 0.679688 0.636719 0.667969 0.648438 0.667969 0.656250 0.642578 0.664062 0.638672 0.671875 0.642578 0.685547 0.654297 0.697266 0.671875 0.685547 0.673828 0.675781 0.681641 0.669922 0.691406 0.652344 0.705078 0.652344 0.707031 0.648438
0 0.794922 0.625000 0.787109 0.632812 0.785156 0.632812 0.794922 0.646484 0.802734 0.646484 0.806641 0.642578 0.806641 0.630859 0.800781 0.625000
0 0.248047 0.628906 0.246094 0.630859 0.246094 0.632812 0.248047 0.634766 0.250000 0.634766 0.253906 0.638672 0.255859 0.638672 0.257812 0.636719 0.257812 0.632812 0.253906 0.628906
0 0.414062 0.634766 0.412109 0.634766 0.410156 0.636719 0.406250 0.636719 0.406250 0.642578 0.408203 0.644531 0.410156 0.642578 0.412109 0.642578 0.414062 0.640625
0 0.746094 0.636719 0.742188 0.640625 0.742188 0.642578 0.746094 0.646484 0.750000 0.646484 0.751953 0.644531 0.751953 0.640625 0.748047 0.636719
0 0.398438 0.642578 0.394531 0.642578 0.392578 0.644531 0.392578 0.646484 0.394531 0.648438 0.394531 0.650391 0.396484 0.650391 0.398438 0.648438
1 0.832031 0.642578 0.830078 0.642578 0.828125 0.640625 0.826172 0.640625 0.826172 0.642578 0.824219 0.644531 0.824219 0.648438 0.818359 0.654297 0.816406 0.654297 0.818359 0.656250 0.818359 0.658203 0.822266 0.658203 0.824219 0.656250 0.824219 0.652344 0.826172 0.650391 0.830078 0.650391 0.832031 0.648438
0 0.720703 0.644531 0.720703 0.648438 0.722656 0.650391 0.724609 0.648438 0.724609 0.646484 0.722656 0.644531
0 0.369141 0.650391 0.365234 0.654297 0.365234 0.656250 0.369141 0.660156 0.371094 0.660156 0.373047 0.658203 0.373047 0.654297
0 0.558594 0.652344 0.556641 0.654297 0.556641 0.656250 0.558594 0.658203 0.560547 0.656250 0.560547 0.654297
0 0.623047 0.654297 0.621094 0.654297 0.617188 0.658203 0.615234 0.656250 0.617188 0.658203 0.617188 0.662109 0.619141 0.664062 0.623047 0.664062 0.626953 0.660156 0.626953 0.658203
0 0.337891 0.656250 0.337891 0.660156 0.339844 0.662109 0.341797 0.660156 0.341797 0.658203 0.339844 0.656250
1 0.748047 0.656250 0.744141 0.660156 0.746094 0.683594 0.750000 0.687500 0.750000 0.693359 0.757812 0.699219 0.761719 0.695312 0.755859 0.683594 0.757812 0.681641 0.763672 0.683594 0.767578 0.681641 0.765625 0.679688 0.767578 0.669922 0.763672 0.664062 0.755859 0.658203
0 0.351562 0.662109 0.345703 0.667969 0.345703 0.675781 0.347656 0.677734 0.351562 0.677734 0.355469 0.673828 0.357422 0.673828 0.357422 0.667969
1 0.781250 0.666016 0.781250 0.667969 0.785156 0.671875 0.785156 0.673828 0.787109 0.673828 0.789062 0.675781 0.792969 0.671875 0.796875 0.671875 0.800781 0.675781 0.806641 0.675781 0.808594 0.673828 0.808594 0.662109 0.806641 0.660156 0.798828 0.660156 0.794922 0.664062 0.792969 0.664062 0.789062 0.660156 0.785156 0.660156
0 0.687500 0.667969 0.689453 0.669922 0.689453 0.673828 0.691406 0.673828 0.693359 0.675781 0.693359 0.673828 0.695312 0.671875 0.693359 0.669922 0.693359 0.667969
0 0.406250 0.673828 0.402344 0.673828 0.402344 0.675781 0.404297 0.677734 0.406250 0.675781
0 0.832031 0.671875 0.830078 0.673828 0.830078 0.677734 0.832031 0.679688 0.832031 0.681641 0.833984 0.683594 0.837891 0.683594 0.839844 0.681641 0.839844 0.679688 0.841797 0.677734 0.841797 0.675781 0.837891 0.671875
0 0.736328 0.681641 0.734375 0.683594 0.734375 0.687500 0.736328 0.687500 0.738281 0.689453 0.740234 0.689453 0.742188 0.687500 0.742188 0.683594 0.740234 0.681641
0 0.697266 0.695312 0.707031 0.705078 0.712891 0.705078 0.714844 0.703125 0.714844 0.697266 0.712891 0.695312 0.712891 0.691406 0.705078 0.691406 0.703125 0.693359 0.701172 0.691406
0 0.816406 0.691406 0.808594 0.697266 0.806641 0.701172 0.806641 0.710938 0.808594 0.712891 0.808594 0.716797 0.810547 0.720703 0.814453 0.724609 0.822266 0.724609 0.828125 0.716797 0.828125 0.703125
0 0.841797 0.691406 0.839844 0.693359 0.839844 0.695312 0.841797 0.697266 0.845703 0.697266 0.847656 0.695312 0.847656 0.693359 0.845703 0.691406
0 0.785156 0.695312 0.783203 0.697266 0.785156 0.699219 0.787109 0.697266
0 0.753906 0.705078 0.751953 0.707031 0.753906 0.708984 0.755859 0.707031
0 0.550781 0.710938 0.546875 0.716797 0.546875 0.718750 0.554688 0.726562 0.550781 0.732422 0.550781 0.736328 0.554688 0.740234 0.558594 0.740234 0.562500 0.732422 0.558594 0.728516 0.558594 0.726562 0.562500 0.722656 0.564453 0.718750 0.564453 0.714844 0.560547 0.710938
0 0.718750 0.710938 0.714844 0.712891 0.708984 0.720703 0.708984 0.736328 0.712891 0.736328 0.716797 0.740234 0.724609 0.740234 0.728516 0.736328 0.728516 0.730469 0.730469 0.728516 0.730469 0.722656 0.732422 0.720703 0.730469 0.716797 0.724609 0.710938
0 0.767578 0.710938 0.763672 0.710938 0.763672 0.714844 0.765625 0.714844 0.767578 0.712891
0 0.621094 0.728516 0.621094 0.732422 0.623047 0.732422 0.625000 0.730469 0.623047 0.728516
0 0.751953 0.728516 0.750000 0.730469 0.750000 0.734375 0.748047 0.736328 0.750000 0.736328 0.751953 0.738281 0.755859 0.738281 0.757812 0.736328 0.757812 0.734375 0.759766 0.732422 0.755859 0.728516
0 0.537109 0.730469 0.533203 0.734375 0.533203 0.736328 0.535156 0.738281 0.539062 0.738281 0.539062 0.736328 0.541016 0.734375
0 0.650391 0.734375 0.650391 0.738281 0.654297 0.742188 0.656250 0.742188 0.658203 0.740234 0.660156 0.742188 0.664062 0.742188 0.666016 0.740234 0.666016 0.736328 0.664062 0.734375 0.664062 0.732422 0.662109 0.730469 0.654297 0.730469
1 0.994141 0.732422 0.992188 0.734375 0.992188 0.742188 0.998047 0.748047 0.996094 0.750000 0.996094 0.755859 0.998047 0.757812 0.998047 0.732422
0 0.769531 0.734375 0.767578 0.736328 0.767578 0.738281 0.769531 0.740234 0.771484 0.738281 0.773438 0.740234 0.773438 0.738281
0 0.837891 0.740234 0.835938 0.742188 0.833984 0.742188 0.832031 0.744141 0.832031 0.750000 0.833984 0.751953 0.835938 0.751953 0.837891 0.753906 0.839844 0.753906 0.841797 0.755859 0.841797 0.753906 0.845703 0.750000 0.845703 0.746094 0.843750 0.744141 0.843750 0.742188 0.841797 0.742188 0.839844 0.740234
0 0.640625 0.748047 0.636719 0.744141 0.634766 0.746094 0.632812 0.746094 0.632812 0.748047 0.634766 0.750000 0.638672 0.750000
0 0.826172 0.744141 0.824219 0.742188 0.816406 0.742188 0.812500 0.746094 0.812500 0.748047 0.810547 0.750000 0.808594 0.750000 0.808594 0.751953 0.806641 0.753906 0.804688 0.753906 0.806641 0.755859 0.806641 0.757812 0.810547 0.757812 0.814453 0.753906 0.816406 0.753906 0.818359 0.755859 0.824219 0.753906 0.826172 0.751953
0 0.607422 0.750000 0.603516 0.753906 0.603516 0.765625 0.605469 0.765625 0.607422 0.767578 0.613281 0.767578 0.617188 0.763672 0.619141 0.765625 0.617188 0.763672 0.617188 0.757812 0.615234 0.755859 0.615234 0.753906 0.611328 0.750000 0.609375 0.751953
0 0.646484 0.750000 0.642578 0.753906 0.640625 0.757812 0.640625 0.761719 0.648438 0.769531 0.648438 0.779297 0.652344 0.779297 0.654297 0.781250 0.658203 0.779297 0.660156 0.775391 0.658203 0.771484 0.658203 0.767578 0.660156 0.765625 0.660156 0.753906 0.656250 0.750000
1 0.671875 0.750000 0.667969 0.751953 0.666016 0.755859 0.669922 0.769531 0.679688 0.777344 0.677734 0.779297 0.679688 0.781250 0.679688 0.787109 0.683594 0.791016 0.687500 0.791016 0.691406 0.789062 0.695312 0.783203 0.693359 0.761719 0.691406 0.757812 0.681641 0.750000 0.675781 0.750000 0.673828 0.751953
0 0.429688 0.757812 0.427734 0.759766 0.427734 0.761719 0.429688 0.763672 0.433594 0.763672 0.433594 0.759766 0.431641 0.757812
0 0.792969 0.761719 0.792969 0.767578 0.796875 0.771484 0.804688 0.771484 0.806641 0.769531 0.808594 0.769531 0.806641 0.767578 0.806641 0.765625 0.800781 0.759766 0.794922 0.759766
0 0.824219 0.759766 0.822266 0.761719 0.822266 0.767578 0.828125 0.773438 0.824219 0.779297 0.824219 0.783203 0.826172 0.785156 0.830078 0.785156 0.833984 0.779297 0.832031 0.777344 0.832031 0.773438 0.837891 0.767578 0.837891 0.763672 0.832031 0.759766
0 0.970703 0.757812 0.968750 0.757812 0.964844 0.763672 0.962891 0.761719 0.960938 0.763672 0.960938 0.767578 0.964844 0.771484 0.962891 0.773438 0.966797 0.777344 0.966797 0.779297 0.968750 0.777344 0.970703 0.777344 0.976562 0.771484 0.976562 0.767578 0.970703 0.761719 0.972656 0.759766
0 0.345703 0.763672 0.343750 0.765625 0.343750 0.769531 0.349609 0.775391 0.351562 0.775391 0.353516 0.773438 0.353516 0.765625 0.351562 0.763672
0 0.767578 0.765625 0.767578 0.769531 0.769531 0.771484 0.771484 0.771484 0.773438 0.773438 0.775391 0.773438 0.777344 0.775391 0.777344 0.777344 0.779297 0.775391 0.783203 0.775391 0.787109 0.771484 0.787109 0.767578 0.783203 0.763672 0.779297 0.763672 0.777344 0.765625 0.773438 0.765625 0.771484 0.763672 0.769531 0.763672
0 0.378906 0.767578 0.376953 0.769531 0.376953 0.775391 0.378906 0.777344 0.382812 0.777344 0.384766 0.775391 0.384766 0.769531 0.382812 0.767578
0 0.583984 0.769531 0.582031 0.769531 0.580078 0.771484 0.578125 0.771484 0.576172 0.773438 0.576172 0.779297 0.578125 0.781250 0.583984 0.781250 0.585938 0.779297 0.585938 0.771484
0 0.765625 0.775391 0.761719 0.779297 0.761719 0.781250 0.763672 0.781250 0.765625 0.783203 0.767578 0.783203 0.769531 0.781250 0.769531 0.777344 0.767578 0.777344
0 0.912109 0.775391 0.910156 0.775391 0.906250 0.779297 0.908203 0.781250 0.912109 0.781250 0.914062 0.779297 0.912109 0.777344
0 0.394531 0.783203 0.392578 0.785156 0.392578 0.787109 0.396484 0.791016 0.398438 0.789062 0.398438 0.785156 0.396484 0.783203
0 0.441406 0.783203 0.439453 0.785156 0.439453 0.792969 0.441406 0.794922 0.447266 0.794922 0.449219 0.792969 0.449219 0.787109 0.445312 0.783203
0 0.708984 0.785156 0.708984 0.791016 0.710938 0.792969 0.714844 0.792969 0.718750 0.798828 0.720703 0.796875 0.722656 0.798828 0.732422 0.798828 0.736328 0.794922 0.736328 0.787109 0.732422 0.783203 0.724609 0.783203 0.720703 0.787109 0.718750 0.787109 0.712891 0.781250 0.710938 0.781250 0.710938 0.783203
0 0.958984 0.783203 0.957031 0.785156 0.957031 0.787109 0.958984 0.789062 0.960938 0.789062 0.962891 0.787109 0.962891 0.785156 0.960938 0.783203
0 0.791016 0.785156 0.789062 0.787109 0.789062 0.789062 0.791016 0.791016 0.792969 0.789062 0.794922 0.789062 0.794922 0.787109 0.792969 0.787109
1 0.517578 0.792969 0.521484 0.796875 0.521484 0.798828 0.519531 0.800781 0.519531 0.804688 0.521484 0.806641 0.525391 0.806641 0.527344 0.804688 0.529297 0.804688 0.531250 0.806641 0.531250 0.808594 0.533203 0.808594 0.535156 0.810547 0.541016 0.810547 0.541016 0.808594 0.542969 0.806641 0.544922 0.806641 0.546875 0.804688 0.544922 0.806641 0.542969 0.804688 0.542969 0.800781 0.541016 0.798828 0.535156 0.798828 0.533203 0.800781 0.531250 0.798828 0.529297 0.800781 0.523438 0.794922 0.523438 0.791016 0.521484 0.789062 0.519531 0.789062 0.519531 0.791016
0 0.644531 0.789062 0.644531 0.791016 0.642578 0.792969 0.642578 0.796875 0.646484 0.800781 0.652344 0.800781 0.654297 0.798828 0.654297 0.794922 0.648438 0.789062
0 0.552734 0.794922 0.550781 0.796875 0.550781 0.800781 0.552734 0.802734 0.556641 0.802734 0.556641 0.796875 0.554688 0.794922
0 0.667969 0.794922 0.669922 0.796875 0.667969 0.798828 0.669922 0.800781 0.671875 0.800781 0.671875 0.798828 0.673828 0.796875 0.673828 0.794922
1 0.824219 0.792969 0.818359 0.792969 0.814453 0.794922 0.814453 0.798828 0.818359 0.800781 0.820312 0.804688 0.818359 0.806641 0.812500 0.806641 0.806641 0.812500 0.806641 0.816406 0.810547 0.820312 0.822266 0.814453 0.822266 0.810547 0.818359 0.806641 0.826172 0.798828 0.826172 0.794922
0 0.847656 0.798828 0.843750 0.804688 0.843750 0.812500 0.849609 0.822266 0.855469 0.822266 0.857422 0.824219 0.865234 0.816406 0.867188 0.816406 0.869141 0.820312 0.873047 0.822266 0.873047 0.820312 0.867188 0.816406 0.869141 0.804688 0.859375 0.792969 0.855469 0.792969 0.849609 0.798828
1 0.710938 0.796875 0.708984 0.796875 0.705078 0.800781 0.705078 0.802734 0.699219 0.808594 0.699219 0.820312 0.701172 0.822266 0.701172 0.824219 0.707031 0.824219 0.710938 0.820312 0.710938 0.814453 0.708984 0.812500 0.708984 0.808594 0.712891 0.804688 0.712891 0.798828
0 0.246094 0.800781 0.244141 0.802734 0.244141 0.804688 0.246094 0.806641 0.248047 0.806641 0.250000 0.804688 0.250000 0.802734 0.248047 0.800781
0 0.679688 0.804688 0.679688 0.806641 0.685547 0.806641 0.681641 0.802734
0 0.224609 0.806641 0.220703 0.806641 0.218750 0.808594 0.218750 0.812500 0.220703 0.814453 0.222656 0.814453 0.226562 0.810547 0.226562 0.808594
0 0.748047 0.806641 0.748047 0.810547 0.746094 0.812500 0.751953 0.812500 0.751953 0.810547
0 0.382812 0.808594 0.380859 0.808594 0.378906 0.810547 0.378906 0.812500 0.380859 0.814453 0.382812 0.812500 0.384766 0.812500 0.384766 0.810547
0 0.546875 0.812500 0.544922 0.812500 0.539062 0.818359 0.539062 0.824219 0.541016 0.826172 0.544922 0.826172 0.548828 0.822266 0.548828 0.814453
0 0.724609 0.812500 0.722656 0.814453 0.724609 0.816406
0 0.787109 0.812500 0.783203 0.812500 0.781250 0.814453 0.781250 0.816406 0.783203 0.818359 0.785156 0.818359 0.787109 0.816406
0 0.722656 0.822266 0.720703 0.820312 0.718750 0.820312 0.716797 0.822266 0.716797 0.826172 0.720703 0.826172 0.722656 0.824219
0 0.796875 0.822266 0.794922 0.824219 0.794922 0.828125 0.796875 0.830078 0.800781 0.826172 0.802734 0.826172 0.800781 0.826172
0 0.287109 0.828125 0.285156 0.830078 0.285156 0.833984 0.289062 0.837891 0.292969 0.837891 0.294922 0.835938 0.294922 0.830078 0.292969 0.828125
0 0.759766 0.828125 0.757812 0.830078 0.757812 0.837891 0.759766 0.839844 0.765625 0.839844 0.767578 0.837891 0.767578 0.832031 0.763672 0.828125
0 0.871094 0.828125 0.869141 0.830078 0.865234 0.830078 0.863281 0.832031 0.863281 0.835938 0.865234 0.837891 0.869141 0.837891 0.871094 0.835938 0.871094 0.832031 0.869141 0.830078
0 0.806641 0.833984 0.806641 0.835938 0.804688 0.837891 0.804688 0.845703 0.806641 0.847656 0.806641 0.849609 0.808594 0.851562 0.816406 0.851562 0.816406 0.849609 0.820312 0.845703 0.820312 0.835938 0.818359 0.833984
1 0.886719 0.835938 0.882812 0.843750 0.888672 0.855469 0.890625 0.853516 0.902344 0.867188 0.906250 0.869141 0.910156 0.867188 0.910156 0.865234 0.914062 0.861328 0.914062 0.855469 0.912109 0.851562 0.904297 0.845703 0.904297 0.841797 0.896484 0.833984 0.890625 0.833984
0 0.644531 0.837891 0.642578 0.835938 0.640625 0.837891 0.640625 0.839844 0.644531 0.839844
1 0.724609 0.837891 0.726562 0.851562 0.718750 0.880859 0.718750 0.902344 0.728516 0.912109 0.722656 0.925781 0.732422 0.931641 0.740234 0.921875 0.734375 0.914062 0.750000 0.902344 0.751953 0.892578 0.755859 0.892578 0.751953 0.888672 0.750000 0.849609 0.744141 0.845703 0.728516 0.847656
0 0.701172 0.841797 0.699219 0.843750 0.697266 0.841797 0.695312 0.843750 0.693359 0.843750 0.691406 0.845703 0.691406 0.849609 0.693359 0.851562 0.701172 0.851562 0.703125 0.849609 0.703125 0.847656 0.699219 0.843750
0 0.714844 0.841797 0.712891 0.843750 0.712891 0.845703 0.714844 0.847656 0.716797 0.847656 0.716797 0.841797
0 0.253906 0.843750 0.251953 0.845703 0.251953 0.847656 0.253906 0.849609 0.255859 0.849609 0.257812 0.847656 0.257812 0.845703 0.255859 0.843750
1 0.843750 0.849609 0.835938 0.857422 0.841797 0.865234 0.828125 0.876953 0.826172 0.890625 0.832031 0.894531 0.814453 0.912109 0.814453 0.921875 0.824219 0.923828 0.832031 0.933594 0.839844 0.935547 0.849609 0.925781 0.845703 0.902344 0.859375 0.890625 0.857422 0.876953 0.843750 0.867188 0.849609 0.859375
0 0.945312 0.851562 0.943359 0.849609 0.939453 0.849609 0.937500 0.851562 0.937500 0.855469 0.935547 0.857422 0.931641 0.851562 0.925781 0.851562 0.919922 0.857422 0.921875 0.859375 0.923828 0.865234 0.925781 0.867188 0.927734 0.867188 0.929688 0.865234 0.931641 0.865234 0.939453 0.855469 0.941406 0.857422 0.943359 0.857422 0.945312 0.855469
0 0.710938 0.861328 0.712891 0.861328 0.714844 0.859375 0.710938 0.859375
0 0.554688 0.863281 0.552734 0.865234 0.550781 0.865234 0.548828 0.867188 0.548828 0.871094 0.550781 0.873047 0.554688 0.873047 0.554688 0.871094 0.556641 0.869141 0.556641 0.865234
0 0.953125 0.869141 0.951172 0.869141 0.945312 0.875000 0.945312 0.878906 0.949219 0.882812 0.951172 0.882812 0.953125 0.880859 0.955078 0.880859 0.957031 0.878906 0.957031 0.873047
1 0.634766 0.890625 0.632812 0.892578 0.632812 0.898438 0.634766 0.898438 0.636719 0.900391 0.640625 0.900391 0.642578 0.902344 0.642578 0.906250 0.644531 0.908203 0.648438 0.908203 0.652344 0.904297 0.650391 0.898438 0.644531 0.898438 0.640625 0.894531 0.640625 0.890625 0.638672 0.888672 0.636719 0.890625
0 0.898438 0.886719 0.890625 0.894531 0.888672 0.898438 0.890625 0.900391 0.888672 0.906250 0.894531 0.914062 0.904297 0.914062 0.912109 0.908203 0.912109 0.902344 0.914062 0.900391 0.908203 0.888672 0.904297 0.886719
0 0.470703 0.890625 0.468750 0.892578 0.468750 0.896484 0.470703 0.896484 0.472656 0.894531 0.472656 0.892578
1 0.626953 0.902344 0.621094 0.900391 0.613281 0.912109 0.607422 0.912109 0.593750 0.894531 0.585938 0.894531 0.564453 0.917969 0.552734 0.910156 0.544922 0.910156 0.541016 0.923828 0.550781 0.933594 0.560547 0.933594 0.568359 0.925781 0.582031 0.923828 0.585938 0.927734 0.583984 0.935547 0.593750 0.943359 0.609375 0.939453 0.617188 0.929688 0.626953 0.925781 0.623047 0.912109
0 0.759766 0.894531 0.757812 0.896484 0.759766 0.898438 0.761719 0.898438 0.761719 0.894531
0 0.664062 0.906250 0.662109 0.904297 0.660156 0.904297 0.658203 0.906250 0.658203 0.910156 0.660156 0.910156
1 0.679688 0.902344 0.677734 0.902344 0.671875 0.908203 0.671875 0.917969 0.673828 0.917969 0.675781 0.919922 0.679688 0.916016 0.681641 0.916016 0.679688 0.914062 0.679688 0.912109 0.681641 0.910156 0.679688 0.908203
1 0.761719 0.908203 0.761719 0.910156 0.765625 0.914062 0.767578 0.914062 0.769531 0.912109 0.773438 0.912109 0.775391 0.914062 0.777344 0.912109 0.779297 0.912109 0.779297 0.908203 0.777344 0.906250 0.773438 0.906250 0.771484 0.908203 0.769531 0.908203 0.767578 0.906250 0.763672 0.906250
0 0.234375 0.914062 0.230469 0.917969 0.234375 0.921875 0.236328 0.921875 0.238281 0.919922 0.238281 0.916016 0.236328 0.914062
0 0.666016 0.923828 0.664062 0.925781 0.664062 0.927734 0.666016 0.929688 0.669922 0.929688 0.669922 0.925781 0.667969 0.923828
0 0.943359 0.925781 0.941406 0.927734 0.943359 0.929688 0.945312 0.929688 0.947266 0.927734 0.945312 0.925781
0 0.707031 0.931641 0.703125 0.935547 0.703125 0.943359 0.705078 0.945312 0.710938 0.945312 0.714844 0.941406 0.714844 0.935547 0.710938 0.931641
0 0.763672 0.937500 0.759766 0.941406 0.759766 0.943359 0.761719 0.945312 0.765625 0.945312 0.767578 0.943359 0.767578 0.941406
0 0.914062 0.949219 0.912109 0.947266 0.910156 0.947266 0.908203 0.949219 0.906250 0.949219 0.906250 0.951172 0.908203 0.953125 0.912109 0.953125 0.914062 0.951172
0 0.939453 0.957031 0.937500 0.958984 0.939453 0.960938 0.941406 0.958984
0 0.876953 0.968750 0.875000 0.970703 0.875000 0.976562 0.876953 0.978516 0.880859 0.978516 0.884766 0.974609 0.884766 0.972656 0.882812 0.970703 0.882812 0.968750
0 0.748047 0.972656 0.746094 0.974609 0.746094 0.980469 0.742188 0.984375 0.742188 0.994141 0.746094 0.998047 0.763672 0.998047 0.763672 0.996094 0.765625 0.994141 0.765625 0.982422 0.763672 0.982422 0.759766 0.978516 0.757812 0.978516 0.751953 0.972656
0 0.707031 0.986328 0.705078 0.988281 0.705078 0.992188 0.707031 0.994141 0.708984 0.994141 0.710938 0.992188 0.710938 0.988281 0.708984 0.986328
1 0.607422 0.998047 0.628906 0.998047 0.625000 0.994141 0.621094 0.994141 0.619141 0.992188 0.613281 0.992188
0 0.437500 0.000000 0.437500 0.001953 0.435547 0.001953 0.433594 0.003906 0.429688 0.003906 0.427734 0.001953 0.427734 0.000000
0 0.419922 0.000000 0.419922 0.003906 0.416016 0.003906 0.414062 0.001953 0.416016 0.000000
0 0.433594 0.001953 0.433594 0.007812 0.429688 0.007812 0.427734 0.005859 0.431641 0.001953
0 0.425781 0.007812 0.425781 0.011719 0.421875 0.011719 0.419922 0.009766 0.423828 0.005859
0 0.115234 0.091797 0.115234 0.095703 0.111328 0.095703 0.109375 0.093750 0.113281 0.089844
0 0.123047 0.091797 0.123047 0.095703 0.119141 0.095703 0.117188 0.093750 0.121094 0.089844
0 0.128906 0.097656 0.128906 0.101562 0.125000 0.101562 0.123047 0.099609 0.126953 0.095703
0 0.457031 0.105469 0.457031 0.109375 0.453125 0.109375 0.451172 0.107422 0.455078 0.103516
0 0.779297 0.111328 0.779297 0.115234 0.775391 0.115234 0.773438 0.113281 0.777344 0.109375
0 0.128906 0.117188 0.126953 0.117188 0.125000 0.119141 0.121094 0.119141 0.119141 0.117188 0.119141 0.111328 0.121094 0.109375 0.125000 0.109375 0.126953 0.111328 0.128906 0.111328
0 0.767578 0.115234 0.767578 0.119141 0.763672 0.119141 0.761719 0.117188 0.765625 0.113281
0 0.121094 0.121094 0.119141 0.121094 0.117188 0.123047 0.113281 0.123047 0.111328 0.121094 0.111328 0.115234 0.113281 0.113281 0.117188 0.113281 0.119141 0.115234 0.121094 0.115234
0 0.773438 0.121094 0.773438 0.125000 0.769531 0.125000 0.767578 0.123047 0.771484 0.119141
0 0.478516 0.125000 0.478516 0.128906 0.474609 0.128906 0.472656 0.126953 0.476562 0.123047
0 0.466797 0.126953 0.466797 0.130859 0.462891 0.130859 0.460938 0.128906 0.464844 0.125000
0 0.500000 0.130859 0.500000 0.134766 0.496094 0.134766 0.494141 0.132812 0.498047 0.128906
0 0.498047 0.144531 0.498047 0.148438 0.494141 0.148438 0.492188 0.146484 0.496094 0.142578
0 0.048828 0.150391 0.048828 0.154297 0.044922 0.154297 0.042969 0.152344 0.046875 0.148438
0 0.042969 0.156250 0.041016 0.156250 0.039062 0.158203 0.035156 0.158203 0.033203 0.156250 0.033203 0.150391 0.035156 0.148438 0.039062 0.148438 0.041016 0.150391 0.042969 0.150391
0 0.406250 0.156250 0.406250 0.160156 0.402344 0.160156 0.400391 0.158203 0.404297 0.154297
0 0.037109 0.164062 0.037109 0.167969 0.033203 0.167969 0.031250 0.166016 0.035156 0.162109
0 0.976562 0.166016 0.976562 0.169922 0.972656 0.169922 0.970703 0.167969 0.974609 0.164062
0 0.050781 0.167969 0.050781 0.171875 0.046875 0.171875 0.044922 0.169922 0.048828 0.166016
0 0.982422 0.169922 0.982422 0.173828 0.978516 0.173828 0.976562 0.171875 0.980469 0.167969
0 0.929688 0.181641 0.927734 0.181641 0.925781 0.183594 0.921875 0.183594 0.919922 0.181641 0.919922 0.175781 0.921875 0.173828 0.925781 0.173828 0.927734 0.175781 0.929688 0.175781
0 0.968750 0.177734 0.968750 0.181641 0.964844 0.181641 0.962891 0.179688 0.966797 0.175781
0 0.980469 0.181641 0.980469 0.185547 0.976562 0.185547 0.974609 0.183594 0.978516 0.179688
0 0.613281 0.183594 0.613281 0.187500 0.609375 0.187500 0.607422 0.185547 0.611328 0.181641
0 0.625000 0.183594 0.625000 0.187500 0.621094 0.187500 0.619141 0.185547 0.623047 0.181641
0 0.072266 0.195312 0.070312 0.195312 0.068359 0.197266 0.064453 0.197266 0.062500 0.195312 0.062500 0.189453 0.064453 0.187500 0.068359 0.187500 0.070312 0.189453 0.072266 0.189453
0 0.619141 0.191406 0.619141 0.195312 0.615234 0.195312 0.613281 0.193359 0.617188 0.189453
0 0.490234 0.195312 0.490234 0.199219 0.486328 0.199219 0.484375 0.197266 0.488281 0.193359
0 0.496094 0.199219 0.496094 0.203125 0.492188 0.203125 0.490234 0.201172 0.494141 0.197266
0 0.484375 0.201172 0.484375 0.205078 0.480469 0.205078 0.478516 0.203125 0.482422 0.199219
0 0.488281 0.207031 0.488281 0.210938 0.484375 0.210938 0.482422 0.208984 0.486328 0.205078
0 0.074219 0.214844 0.072266 0.214844 0.070312 0.216797 0.066406 0.216797 0.064453 0.214844 0.064453 0.208984 0.066406 0.207031 0.070312 0.207031 0.072266 0.208984 0.074219 0.208984
0 0.001953 0.222656 0.000000 0.222656 0.000000 0.208984 0.001953 0.208984 0.003906 0.210938 0.003906 0.212891 0.005859 0.214844 0.005859 0.216797 0.003906 0.218750 0.003906 0.220703
0 0.021484 0.226562 0.019531 0.226562 0.017578 0.228516 0.013672 0.228516 0.011719 0.226562 0.011719 0.220703 0.013672 0.218750 0.017578 0.218750 0.019531 0.220703 0.021484 0.220703
0 0.378906 0.222656 0.378906 0.226562 0.375000 0.226562 0.373047 0.224609 0.376953 0.220703
0 0.378906 0.232422 0.378906 0.236328 0.375000 0.236328 0.373047 0.234375 0.376953 0.230469
0 0.371094 0.234375 0.371094 0.238281 0.367188 0.238281 0.365234 0.236328 0.369141 0.232422
0 0.001953 0.246094 0.000000 0.246094 0.000000 0.232422 0.001953 0.232422 0.003906 0.234375 0.003906 0.236328 0.005859 0.238281 0.005859 0.240234 0.003906 0.242188 0.003906 0.244141
0 0.076172 0.242188 0.074219 0.242188 0.072266 0.244141 0.068359 0.244141 0.066406 0.242188 0.066406 0.236328 0.068359 0.234375 0.072266 0.234375 0.074219 0.236328 0.076172 0.236328
0 0.115234 0.250000 0.113281 0.250000 0.111328 0.251953 0.101562 0.251953 0.095703 0.246094 0.095703 0.236328 0.097656 0.234375 0.099609 0.234375 0.099609 0.232422 0.101562 0.230469 0.111328 0.230469 0.117188 0.236328 0.117188 0.246094 0.115234 0.248047
0 0.033203 0.246094 0.031250 0.246094 0.029297 0.248047 0.025391 0.248047 0.023438 0.246094 0.023438 0.240234 0.025391 0.238281 0.029297 0.238281 0.031250 0.240234 0.033203 0.240234
0 0.066406 0.242188 0.066406 0.246094 0.062500 0.246094 0.060547 0.244141 0.064453 0.240234
0 0.140625 0.246094 0.138672 0.246094 0.136719 0.248047 0.132812 0.248047 0.130859 0.246094 0.130859 0.240234 0.132812 0.238281 0.136719 0.238281 0.138672 0.240234 0.140625 0.240234
0 0.365234 0.248047 0.365234 0.251953 0.361328 0.251953 0.359375 0.250000 0.363281 0.246094
0 0.154297 0.261719 0.152344 0.261719 0.150391 0.263672 0.140625 0.263672 0.134766 0.257812 0.134766 0.248047 0.136719 0.246094 0.138672 0.246094 0.138672 0.244141 0.140625 0.242188 0.150391 0.242188 0.156250 0.248047 0.156250 0.257812 0.154297 0.259766
0 0.171875 0.255859 0.169922 0.257812 0.169922 0.259766 0.167969 0.261719 0.162109 0.261719 0.160156 0.259766 0.160156 0.257812 0.158203 0.255859 0.158203 0.253906 0.160156 0.251953 0.160156 0.250000 0.162109 0.248047 0.167969 0.248047 0.169922 0.250000 0.169922 0.251953 0.171875 0.253906
0 0.361328 0.257812 0.359375 0.257812 0.357422 0.259766 0.353516 0.259766 0.351562 0.257812 0.351562 0.251953 0.353516 0.250000 0.357422 0.250000 0.359375 0.251953 0.361328 0.251953
0 0.376953 0.263672 0.375000 0.263672 0.373047 0.265625 0.369141 0.265625 0.367188 0.263672 0.367188 0.257812 0.369141 0.255859 0.373047 0.255859 0.375000 0.257812 0.376953 0.257812
0 0.195312 0.265625 0.193359 0.265625 0.191406 0.267578 0.187500 0.267578 0.185547 0.265625 0.185547 0.259766 0.187500 0.257812 0.191406 0.257812 0.193359 0.259766 0.195312 0.259766
0 0.212891 0.269531 0.210938 0.269531 0.208984 0.271484 0.205078 0.271484 0.203125 0.269531 0.203125 0.263672 0.205078 0.261719 0.208984 0.261719 0.210938 0.263672 0.212891 0.263672
0 0.289062 0.271484 0.287109 0.271484 0.285156 0.273438 0.281250 0.273438 0.279297 0.271484 0.279297 0.265625 0.281250 0.263672 0.285156 0.263672 0.287109 0.265625 0.289062 0.265625
0 0.164062 0.273438 0.164062 0.277344 0.160156 0.277344 0.158203 0.275391 0.162109 0.271484
0 0.171875 0.277344 0.169922 0.277344 0.167969 0.279297 0.164062 0.279297 0.162109 0.277344 0.162109 0.271484 0.164062 0.269531 0.167969 0.269531 0.169922 0.271484 0.171875 0.271484
0 0.306641 0.277344 0.304688 0.277344 0.302734 0.279297 0.298828 0.279297 0.296875 0.277344 0.296875 0.271484 0.298828 0.269531 0.302734 0.269531 0.304688 0.271484 0.306641 0.271484
0 0.158203 0.281250 0.156250 0.281250 0.154297 0.283203 0.150391 0.283203 0.148438 0.281250 0.148438 0.275391 0.150391 0.273438 0.154297 0.273438 0.156250 0.275391 0.158203 0.275391
0 0.228516 0.281250 0.226562 0.281250 0.224609 0.283203 0.220703 0.283203 0.218750 0.281250 0.218750 0.275391 0.220703 0.273438 0.224609 0.273438 0.226562 0.275391 0.228516 0.275391
0 0.326172 0.281250 0.324219 0.281250 0.322266 0.283203 0.318359 0.283203 0.316406 0.281250 0.316406 0.275391 0.318359 0.273438 0.322266 0.273438 0.324219 0.275391 0.326172 0.275391
0 0.205078 0.283203 0.203125 0.283203 0.201172 0.285156 0.197266 0.285156 0.195312 0.283203 0.195312 0.277344 0.197266 0.275391 0.201172 0.275391 0.203125 0.277344 0.205078 0.277344
0 0.847656 0.279297 0.847656 0.283203 0.843750 0.283203 0.841797 0.281250 0.845703 0.277344
0 0.339844 0.287109 0.337891 0.287109 0.335938 0.289062 0.332031 0.289062 0.330078 0.287109 0.330078 0.281250 0.332031 0.279297 0.335938 0.279297 0.337891 0.281250 0.339844 0.281250
0 0.130859 0.296875 0.128906 0.296875 0.126953 0.298828 0.117188 0.298828 0.111328 0.292969 0.111328 0.283203 0.113281 0.281250 0.115234 0.281250 0.115234 0.279297 0.117188 0.277344 0.126953 0.277344 0.132812 0.283203 0.132812 0.292969 0.130859 0.294922
0 0.283203 0.291016 0.277344 0.296875 0.271484 0.296875 0.265625 0.291016 0.265625 0.285156 0.271484 0.279297 0.277344 0.279297 0.283203 0.285156
0 0.257812 0.294922 0.255859 0.294922 0.253906 0.296875 0.250000 0.296875 0.248047 0.294922 0.248047 0.289062 0.250000 0.287109 0.253906 0.287109 0.255859 0.289062 0.257812 0.289062
0 0.302734 0.294922 0.300781 0.294922 0.298828 0.296875 0.294922 0.296875 0.292969 0.294922 0.292969 0.289062 0.294922 0.287109 0.298828 0.287109 0.300781 0.289062 0.302734 0.289062
0 0.326172 0.296875 0.324219 0.298828 0.324219 0.300781 0.322266 0.302734 0.316406 0.302734 0.314453 0.300781 0.314453 0.298828 0.312500 0.296875 0.312500 0.294922 0.314453 0.292969 0.314453 0.291016 0.316406 0.289062 0.322266 0.289062 0.324219 0.291016 0.324219 0.292969 0.326172 0.294922
0 0.263672 0.296875 0.263672 0.300781 0.259766 0.300781 0.257812 0.298828 0.261719 0.294922
0 0.121094 0.300781 0.119141 0.302734 0.119141 0.304688 0.117188 0.306641 0.111328 0.306641 0.109375 0.304688 0.109375 0.302734 0.107422 0.300781 0.107422 0.298828 0.109375 0.296875 0.109375 0.294922 0.111328 0.292969 0.117188 0.292969 0.119141 0.294922 0.119141 0.296875 0.121094 0.298828
0 0.347656 0.302734 0.345703 0.302734 0.343750 0.304688 0.339844 0.304688 0.337891 0.302734 0.337891 0.296875 0.339844 0.294922 0.343750 0.294922 0.345703 0.296875 0.347656 0.296875
0 0.146484 0.302734 0.146484 0.306641 0.142578 0.306641 0.140625 0.304688 0.144531 0.300781
0 0.224609 0.308594 0.222656 0.308594 0.220703 0.310547 0.216797 0.310547 0.214844 0.308594 0.214844 0.302734 0.216797 0.300781 0.220703 0.300781 0.222656 0.302734 0.224609 0.302734
0 0.345703 0.316406 0.343750 0.318359 0.343750 0.320312 0.341797 0.322266 0.335938 0.322266 0.333984 0.320312 0.333984 0.318359 0.332031 0.316406 0.332031 0.314453 0.333984 0.312500 0.333984 0.310547 0.335938 0.308594 0.341797 0.308594 0.343750 0.310547 0.343750 0.312500 0.345703 0.314453
0 0.142578 0.318359 0.142578 0.322266 0.138672 0.322266 0.136719 0.320312 0.140625 0.316406
0 0.392578 0.333984 0.390625 0.335938 0.390625 0.337891 0.388672 0.339844 0.382812 0.339844 0.380859 0.337891 0.380859 0.335938 0.378906 0.333984 0.378906 0.332031 0.380859 0.330078 0.380859 0.328125 0.382812 0.326172 0.388672 0.326172 0.390625 0.328125 0.390625 0.330078 0.392578 0.332031
0 0.787109 0.335938 0.781250 0.341797 0.775391 0.341797 0.769531 0.335938 0.769531 0.330078 0.775391 0.324219 0.781250 0.324219 0.787109 0.330078
0 0.351562 0.337891 0.349609 0.337891 0.347656 0.339844 0.343750 0.339844 0.341797 0.337891 0.341797 0.332031 0.343750 0.330078 0.347656 0.330078 0.349609 0.332031 0.351562 0.332031
0 0.371094 0.337891 0.369141 0.337891 0.367188 0.339844 0.363281 0.339844 0.361328 0.337891 0.361328 0.332031 0.363281 0.330078 0.367188 0.330078 0.369141 0.332031 0.371094 0.332031
0 0.322266 0.337891 0.322266 0.341797 0.318359 0.341797 0.316406 0.339844 0.320312 0.335938
0 0.138672 0.343750 0.136719 0.343750 0.134766 0.345703 0.130859 0.345703 0.128906 0.343750 0.128906 0.337891 0.130859 0.335938 0.134766 0.335938 0.136719 0.337891 0.138672 0.337891
0 0.226562 0.343750 0.224609 0.343750 0.222656 0.345703 0.218750 0.345703 0.216797 0.343750 0.216797 0.337891 0.218750 0.335938 0.222656 0.335938 0.224609 0.337891 0.226562 0.337891
0 0.531250 0.345703 0.529297 0.345703 0.527344 0.347656 0.523438 0.347656 0.521484 0.345703 0.521484 0.339844 0.523438 0.337891 0.527344 0.337891 0.529297 0.339844 0.531250 0.339844
0 0.800781 0.345703 0.794922 0.351562 0.789062 0.351562 0.783203 0.345703 0.783203 0.339844 0.789062 0.333984 0.794922 0.333984 0.800781 0.339844
0 0.339844 0.343750 0.339844 0.347656 0.335938 0.347656 0.333984 0.345703 0.337891 0.341797
0 0.378906 0.343750 0.378906 0.347656 0.375000 0.347656 0.373047 0.345703 0.376953 0.341797
0 0.265625 0.347656 0.265625 0.351562 0.261719 0.351562 0.259766 0.349609 0.263672 0.345703
0 0.347656 0.349609 0.347656 0.353516 0.343750 0.353516 0.341797 0.351562 0.345703 0.347656
0 0.388672 0.353516 0.382812 0.359375 0.376953 0.359375 0.371094 0.353516 0.371094 0.347656 0.376953 0.341797 0.382812 0.341797 0.388672 0.347656
0 0.765625 0.355469 0.759766 0.361328 0.753906 0.361328 0.748047 0.355469 0.748047 0.349609 0.753906 0.343750 0.759766 0.343750 0.765625 0.349609
0 0.517578 0.357422 0.515625 0.357422 0.513672 0.359375 0.509766 0.359375 0.507812 0.357422 0.507812 0.351562 0.509766 0.349609 0.513672 0.349609 0.515625 0.351562 0.517578 0.351562
0 0.341797 0.359375 0.335938 0.365234 0.330078 0.365234 0.324219 0.359375 0.324219 0.353516 0.330078 0.347656 0.335938 0.347656 0.341797 0.353516
0 0.255859 0.361328 0.250000 0.367188 0.244141 0.367188 0.238281 0.361328 0.238281 0.355469 0.244141 0.349609 0.250000 0.349609 0.255859 0.355469
0 0.767578 0.361328 0.761719 0.367188 0.755859 0.367188 0.750000 0.361328 0.750000 0.355469 0.755859 0.349609 0.761719 0.349609 0.767578 0.355469
0 0.804688 0.367188 0.802734 0.367188 0.800781 0.369141 0.791016 0.369141 0.785156 0.363281 0.785156 0.353516 0.787109 0.351562 0.789062 0.351562 0.789062 0.349609 0.791016 0.347656 0.800781 0.347656 0.806641 0.353516 0.806641 0.363281 0.804688 0.365234
0 0.384766 0.359375 0.384766 0.363281 0.380859 0.363281 0.378906 0.361328 0.382812 0.357422
0 0.771484 0.367188 0.765625 0.373047 0.759766 0.373047 0.753906 0.367188 0.753906 0.361328 0.759766 0.355469 0.765625 0.355469 0.771484 0.361328
0 0.339844 0.367188 0.339844 0.371094 0.335938 0.371094 0.333984 0.369141 0.337891 0.365234
0 0.126953 0.369141 0.126953 0.373047 0.123047 0.373047 0.121094 0.371094 0.125000 0.367188
0 0.380859 0.371094 0.380859 0.375000 0.376953 0.375000 0.375000 0.373047 0.378906 0.369141
0 0.218750 0.376953 0.216797 0.378906 0.216797 0.380859 0.214844 0.382812 0.208984 0.382812 0.207031 0.380859 0.207031 0.378906 0.205078 0.376953 0.205078 0.375000 0.207031 0.373047 0.207031 0.371094 0.208984 0.369141 0.214844 0.369141 0.216797 0.371094 0.216797 0.373047 0.218750 0.375000
0 0.332031 0.375000 0.332031 0.378906 0.328125 0.378906 0.326172 0.376953 0.330078 0.373047
0 0.386719 0.380859 0.384766 0.382812 0.384766 0.384766 0.382812 0.386719 0.376953 0.386719 0.375000 0.384766 0.375000 0.382812 0.373047 0.380859 0.373047 0.378906 0.375000 0.376953 0.375000 0.375000 0.376953 0.373047 0.382812 0.373047 0.384766 0.375000 0.384766 0.376953 0.386719 0.378906
0 0.955078 0.380859 0.955078 0.384766 0.951172 0.384766 0.949219 0.382812 0.953125 0.378906
0 0.154297 0.384766 0.152344 0.386719 0.152344 0.388672 0.150391 0.390625 0.144531 0.390625 0.142578 0.388672 0.142578 0.386719 0.140625 0.384766 0.140625 0.382812 0.142578 0.380859 0.142578 0.378906 0.144531 0.376953 0.150391 0.376953 0.152344 0.378906 0.152344 0.380859 0.154297 0.382812
0 0.964844 0.382812 0.964844 0.386719 0.960938 0.386719 0.958984 0.384766 0.962891 0.380859
0 0.960938 0.388672 0.960938 0.392578 0.957031 0.392578 0.955078 0.390625 0.958984 0.386719
0 0.136719 0.396484 0.130859 0.402344 0.125000 0.402344 0.119141 0.396484 0.119141 0.390625 0.125000 0.384766 0.130859 0.384766 0.136719 0.390625
0 0.394531 0.398438 0.392578 0.398438 0.390625 0.400391 0.386719 0.400391 0.384766 0.398438 0.384766 0.392578 0.386719 0.390625 0.390625 0.390625 0.392578 0.392578 0.394531 0.392578
0 0.359375 0.396484 0.359375 0.400391 0.355469 0.400391 0.353516 0.398438 0.357422 0.394531
0 0.341797 0.398438 0.341797 0.402344 0.337891 0.402344 0.335938 0.400391 0.339844 0.396484
0 0.376953 0.404297 0.375000 0.404297 0.373047 0.406250 0.369141 0.406250 0.367188 0.404297 0.367188 0.398438 0.369141 0.396484 0.373047 0.396484 0.375000 0.398438 0.376953 0.398438
0 0.302734 0.402344 0.302734 0.406250 0.298828 0.406250 0.296875 0.404297 0.300781 0.400391
0 0.292969 0.408203 0.287109 0.414062 0.281250 0.414062 0.275391 0.408203 0.275391 0.402344 0.281250 0.396484 0.287109 0.396484 0.292969 0.402344
0 0.382812 0.404297 0.382812 0.408203 0.378906 0.408203 0.376953 0.406250 0.380859 0.402344
0 0.335938 0.406250 0.335938 0.410156 0.332031 0.410156 0.330078 0.408203 0.333984 0.404297
0 0.345703 0.406250 0.345703 0.410156 0.341797 0.410156 0.339844 0.408203 0.343750 0.404297
0 0.359375 0.406250 0.359375 0.410156 0.355469 0.410156 0.353516 0.408203 0.357422 0.404297
0 0.662109 0.410156 0.656250 0.416016 0.650391 0.416016 0.644531 0.410156 0.644531 0.404297 0.650391 0.398438 0.656250 0.398438 0.662109 0.404297
0 0.291016 0.414062 0.289062 0.414062 0.287109 0.416016 0.283203 0.416016 0.281250 0.414062 0.281250 0.408203 0.283203 0.406250 0.287109 0.406250 0.289062 0.408203 0.291016 0.408203
0 0.937500 0.410156 0.937500 0.414062 0.933594 0.414062 0.931641 0.412109 0.935547 0.408203
0 0.312500 0.412109 0.312500 0.416016 0.308594 0.416016 0.306641 0.414062 0.310547 0.410156
0 0.931641 0.417969 0.931641 0.421875 0.927734 0.421875 0.925781 0.419922 0.929688 0.416016
0 0.312500 0.431641 0.310547 0.433594 0.310547 0.435547 0.308594 0.437500 0.302734 0.437500 0.300781 0.435547 0.300781 0.433594 0.298828 0.431641 0.298828 0.429688 0.300781 0.427734 0.300781 0.425781 0.302734 0.423828 0.308594 0.423828 0.310547 0.425781 0.310547 0.427734 0.312500 0.429688
0 0.675781 0.431641 0.673828 0.433594 0.673828 0.435547 0.671875 0.437500 0.666016 0.437500 0.664062 0.435547 0.664062 0.433594 0.662109 0.431641 0.662109 0.429688 0.664062 0.427734 0.664062 0.425781 0.666016 0.423828 0.671875 0.423828 0.673828 0.425781 0.673828 0.427734 0.675781 0.429688
0 0.001953 0.445312 0.000000 0.445312 0.000000 0.427734 0.001953 0.427734 0.007812 0.433594 0.007812 0.439453
0 0.812500 0.437500 0.812500 0.441406 0.808594 0.441406 0.806641 0.439453 0.810547 0.435547
0 0.822266 0.437500 0.822266 0.441406 0.818359 0.441406 0.816406 0.439453 0.820312 0.435547
0 0.656250 0.445312 0.650391 0.451172 0.644531 0.451172 0.638672 0.445312 0.638672 0.439453 0.644531 0.433594 0.650391 0.433594 0.656250 0.439453
0 0.660156 0.443359 0.658203 0.445312 0.658203 0.447266 0.656250 0.449219 0.650391 0.449219 0.648438 0.447266 0.648438 0.445312 0.646484 0.443359 0.646484 0.441406 0.648438 0.439453 0.648438 0.437500 0.650391 0.435547 0.656250 0.435547 0.658203 0.437500 0.658203 0.439453 0.660156 0.441406
0 0.974609 0.453125 0.974609 0.457031 0.970703 0.457031 0.968750 0.455078 0.972656 0.451172
0 0.738281 0.460938 0.732422 0.466797 0.726562 0.466797 0.720703 0.460938 0.720703 0.455078 0.726562 0.449219 0.732422 0.449219 0.738281 0.455078
0 0.556641 0.462891 0.554688 0.462891 0.552734 0.464844 0.548828 0.464844 0.546875 0.462891 0.546875 0.457031 0.548828 0.455078 0.552734 0.455078 0.554688 0.457031 0.556641 0.457031
0 0.703125 0.468750 0.701172 0.468750 0.699219 0.470703 0.689453 0.470703 0.683594 0.464844 0.683594 0.455078 0.685547 0.453125 0.687500 0.453125 0.687500 0.451172 0.689453 0.449219 0.699219 0.449219 0.705078 0.455078 0.705078 0.464844 0.703125 0.466797
0 0.017578 0.462891 0.015625 0.464844 0.015625 0.466797 0.013672 0.468750 0.007812 0.468750 0.005859 0.466797 0.005859 0.464844 0.003906 0.462891 0.003906 0.460938 0.005859 0.458984 0.005859 0.457031 0.007812 0.455078 0.013672 0.455078 0.015625 0.457031 0.015625 0.458984 0.017578 0.460938
0 0.917969 0.466797 0.916016 0.466797 0.914062 0.468750 0.910156 0.468750 0.908203 0.466797 0.908203 0.460938 0.910156 0.458984 0.914062 0.458984 0.916016 0.460938 0.917969 0.460938
0 0.615234 0.468750 0.615234 0.472656 0.611328 0.472656 0.609375 0.470703 0.613281 0.466797
0 0.898438 0.470703 0.896484 0.472656 0.896484 0.474609 0.894531 0.476562 0.888672 0.476562 0.886719 0.474609 0.886719 0.472656 0.884766 0.470703 0.884766 0.468750 0.886719 0.466797 0.886719 0.464844 0.888672 0.462891 0.894531 0.462891 0.896484 0.464844 0.896484 0.466797 0.898438 0.468750
0 0.548828 0.474609 0.546875 0.474609 0.544922 0.476562 0.541016 0.476562 0.539062 0.474609 0.539062 0.468750 0.541016 0.466797 0.544922 0.466797 0.546875 0.468750 0.548828 0.468750
0 0.626953 0.470703 0.626953 0.474609 0.623047 0.474609 0.621094 0.472656 0.625000 0.468750
0 0.662109 0.470703 0.662109 0.474609 0.658203 0.474609 0.656250 0.472656 0.660156 0.468750
0 0.320312 0.476562 0.320312 0.480469 0.316406 0.480469 0.314453 0.478516 0.318359 0.474609
0 0.667969 0.480469 0.667969 0.484375 0.664062 0.484375 0.662109 0.482422 0.666016 0.478516
0 0.000000 0.488281 0.000000 0.478516 0.001953 0.480469 0.003906 0.480469 0.003906 0.486328 0.001953 0.486328
0 0.568359 0.484375 0.566406 0.486328 0.566406 0.488281 0.564453 0.490234 0.558594 0.490234 0.556641 0.488281 0.556641 0.486328 0.554688 0.484375 0.554688 0.482422 0.556641 0.480469 0.556641 0.478516 0.558594 0.476562 0.564453 0.476562 0.566406 0.478516 0.566406 0.480469 0.568359 0.482422
0 0.574219 0.482422 0.574219 0.486328 0.570312 0.486328 0.568359 0.484375 0.572266 0.480469
0 0.324219 0.488281 0.318359 0.494141 0.312500 0.494141 0.306641 0.488281 0.306641 0.482422 0.312500 0.476562 0.318359 0.476562 0.324219 0.482422
0 0.539062 0.490234 0.537109 0.490234 0.535156 0.492188 0.531250 0.492188 0.529297 0.490234 0.529297 0.484375 0.531250 0.482422 0.535156 0.482422 0.537109 0.484375 0.539062 0.484375
0 0.736328 0.490234 0.730469 0.496094 0.724609 0.496094 0.718750 0.490234 0.718750 0.484375 0.724609 0.478516 0.730469 0.478516 0.736328 0.484375
0 0.753906 0.492188 0.751953 0.492188 0.750000 0.494141 0.746094 0.494141 0.744141 0.492188 0.744141 0.486328 0.746094 0.484375 0.750000 0.484375 0.751953 0.486328 0.753906 0.486328
0 0.560547 0.500000 0.558594 0.500000 0.556641 0.501953 0.546875 0.501953 0.541016 0.496094 0.541016 0.486328 0.542969 0.484375 0.544922 0.484375 0.544922 0.482422 0.546875 0.480469 0.556641 0.480469 0.562500 0.486328 0.562500 0.496094 0.560547 0.498047
0 0.908203 0.492188 0.906250 0.494141 0.906250 0.496094 0.904297 0.498047 0.898438 0.498047 0.896484 0.496094 0.896484 0.494141 0.894531 0.492188 0.894531 0.490234 0.896484 0.488281 0.896484 0.486328 0.898438 0.484375 0.904297 0.484375 0.906250 0.486328 0.906250 0.488281 0.908203 0.490234
0 0.583984 0.496094 0.582031 0.496094 0.580078 0.498047 0.576172 0.498047 0.574219 0.496094 0.574219 0.490234 0.576172 0.488281 0.580078 0.488281 0.582031 0.490234 0.583984 0.490234
0 0.544922 0.494141 0.544922 0.498047 0.541016 0.498047 0.539062 0.496094 0.542969 0.492188
0 0.593750 0.501953 0.591797 0.501953 0.589844 0.503906 0.585938 0.503906 0.583984 0.501953 0.583984 0.496094 0.585938 0.494141 0.589844 0.494141 0.591797 0.496094 0.593750 0.496094
0 0.671875 0.501953 0.669922 0.501953 0.667969 0.503906 0.664062 0.503906 0.662109 0.501953 0.662109 0.496094 0.664062 0.494141 0.667969 0.494141 0.669922 0.496094 0.671875 0.496094
0 0.748047 0.501953 0.746094 0.501953 0.744141 0.503906 0.740234 0.503906 0.738281 0.501953 0.738281 0.496094 0.740234 0.494141 0.744141 0.494141 0.746094 0.496094 0.748047 0.496094
0 0.328125 0.500000 0.328125 0.503906 0.324219 0.503906 0.322266 0.501953 0.326172 0.498047
0 0.546875 0.507812 0.544922 0.507812 0.542969 0.509766 0.539062 0.509766 0.537109 0.507812 0.537109 0.501953 0.539062 0.500000 0.542969 0.500000 0.544922 0.501953 0.546875 0.501953
0 0.775391 0.503906 0.775391 0.507812 0.771484 0.507812 0.769531 0.505859 0.773438 0.501953
0 0.318359 0.505859 0.318359 0.509766 0.314453 0.509766 0.312500 0.507812 0.316406 0.503906
0 0.529297 0.507812 0.529297 0.511719 0.525391 0.511719 0.523438 0.509766 0.527344 0.505859
0 0.662109 0.511719 0.660156 0.511719 0.658203 0.513672 0.654297 0.513672 0.652344 0.511719 0.652344 0.505859 0.654297 0.503906 0.658203 0.503906 0.660156 0.505859 0.662109 0.505859
0 0.683594 0.511719 0.681641 0.511719 0.679688 0.513672 0.675781 0.513672 0.673828 0.511719 0.673828 0.505859 0.675781 0.503906 0.679688 0.503906 0.681641 0.505859 0.683594 0.505859
0 0.886719 0.511719 0.884766 0.511719 0.882812 0.513672 0.878906 0.513672 0.876953 0.511719 0.876953 0.505859 0.878906 0.503906 0.882812 0.503906 0.884766 0.505859 0.886719 0.505859
0 0.265625 0.513672 0.263672 0.513672 0.261719 0.515625 0.257812 0.515625 0.255859 0.513672 0.255859 0.507812 0.257812 0.505859 0.261719 0.505859 0.263672 0.507812 0.265625 0.507812
0 0.767578 0.509766 0.767578 0.513672 0.763672 0.513672 0.761719 0.511719 0.765625 0.507812
0 0.912109 0.513672 0.910156 0.513672 0.908203 0.515625 0.904297 0.515625 0.902344 0.513672 0.902344 0.507812 0.904297 0.505859 0.908203 0.505859 0.910156 0.507812 0.912109 0.507812
0 0.777344 0.511719 0.777344 0.515625 0.773438 0.515625 0.771484 0.513672 0.775391 0.509766
0 0.888672 0.517578 0.886719 0.517578 0.884766 0.519531 0.880859 0.519531 0.878906 0.517578 0.878906 0.511719 0.880859 0.509766 0.884766 0.509766 0.886719 0.511719 0.888672 0.511719
0 0.699219 0.519531 0.697266 0.519531 0.695312 0.521484 0.691406 0.521484 0.689453 0.519531 0.689453 0.513672 0.691406 0.511719 0.695312 0.511719 0.697266 0.513672 0.699219 0.513672
0 0.720703 0.525391 0.718750 0.525391 0.716797 0.527344 0.707031 0.527344 0.701172 0.521484 0.701172 0.511719 0.703125 0.509766 0.705078 0.509766 0.705078 0.507812 0.707031 0.505859 0.716797 0.505859 0.722656 0.511719 0.722656 0.521484 0.720703 0.523438
0 0.771484 0.515625 0.771484 0.519531 0.767578 0.519531 0.765625 0.517578 0.769531 0.513672
0 0.267578 0.527344 0.265625 0.527344 0.263672 0.529297 0.253906 0.529297 0.248047 0.523438 0.248047 0.513672 0.250000 0.511719 0.251953 0.511719 0.251953 0.509766 0.253906 0.507812 0.263672 0.507812 0.269531 0.513672 0.269531 0.523438 0.267578 0.525391
0 0.279297 0.521484 0.277344 0.521484 0.275391 0.523438 0.271484 0.523438 0.269531 0.521484 0.269531 0.515625 0.271484 0.513672 0.275391 0.513672 0.277344 0.515625 0.279297 0.515625
0 0.677734 0.521484 0.675781 0.521484 0.673828 0.523438 0.669922 0.523438 0.667969 0.521484 0.667969 0.515625 0.669922 0.513672 0.673828 0.513672 0.675781 0.515625 0.677734 0.515625
0 0.902344 0.521484 0.900391 0.521484 0.898438 0.523438 0.894531 0.523438 0.892578 0.521484 0.892578 0.515625 0.894531 0.513672 0.898438 0.513672 0.900391 0.515625 0.902344 0.515625
0 0.187500 0.533203 0.185547 0.533203 0.183594 0.535156 0.173828 0.535156 0.167969 0.529297 0.167969 0.519531 0.169922 0.517578 0.171875 0.517578 0.171875 0.515625 0.173828 0.513672 0.183594 0.513672 0.189453 0.519531 0.189453 0.529297 0.187500 0.531250
0 0.310547 0.533203 0.308594 0.533203 0.306641 0.535156 0.296875 0.535156 0.291016 0.529297 0.291016 0.519531 0.292969 0.517578 0.294922 0.517578 0.294922 0.515625 0.296875 0.513672 0.306641 0.513672 0.312500 0.519531 0.312500 0.529297 0.310547 0.531250
0 0.242188 0.529297 0.240234 0.529297 0.238281 0.531250 0.234375 0.531250 0.232422 0.529297 0.232422 0.523438 0.234375 0.521484 0.238281 0.521484 0.240234 0.523438 0.242188 0.523438
0 0.621094 0.525391 0.621094 0.529297 0.617188 0.529297 0.615234 0.527344 0.619141 0.523438
0 0.748047 0.527344 0.746094 0.529297 0.746094 0.531250 0.744141 0.533203 0.738281 0.533203 0.736328 0.531250 0.736328 0.529297 0.734375 0.527344 0.734375 0.525391 0.736328 0.523438 0.736328 0.521484 0.738281 0.519531 0.744141 0.519531 0.746094 0.521484 0.746094 0.523438 0.748047 0.525391
0 0.197266 0.537109 0.195312 0.537109 0.193359 0.539062 0.189453 0.539062 0.187500 0.537109 0.187500 0.531250 0.189453 0.529297 0.193359 0.529297 0.195312 0.531250 0.197266 0.531250
0 0.617188 0.537109 0.617188 0.541016 0.613281 0.541016 0.611328 0.539062 0.615234 0.535156
0 0.208984 0.542969 0.207031 0.542969 0.205078 0.544922 0.201172 0.544922 0.199219 0.542969 0.199219 0.537109 0.201172 0.535156 0.205078 0.535156 0.207031 0.537109 0.208984 0.537109
0 0.326172 0.539062 0.326172 0.542969 0.322266 0.542969 0.320312 0.541016 0.324219 0.537109
0 0.304688 0.542969 0.304688 0.546875 0.300781 0.546875 0.298828 0.544922 0.302734 0.541016
0 0.433594 0.542969 0.433594 0.546875 0.429688 0.546875 0.427734 0.544922 0.431641 0.541016
0 0.285156 0.544922 0.285156 0.548828 0.281250 0.548828 0.279297 0.546875 0.283203 0.542969
0 0.164062 0.550781 0.162109 0.552734 0.162109 0.554688 0.160156 0.556641 0.154297 0.556641 0.152344 0.554688 0.152344 0.552734 0.150391 0.550781 0.150391 0.548828 0.152344 0.546875 0.152344 0.544922 0.154297 0.542969 0.160156 0.542969 0.162109 0.544922 0.162109 0.546875 0.164062 0.548828
0 0.318359 0.548828 0.318359 0.552734 0.314453 0.552734 0.312500 0.550781 0.316406 0.546875
0 0.679688 0.548828 0.679688 0.552734 0.675781 0.552734 0.673828 0.550781 0.677734 0.546875
0 0.292969 0.550781 0.292969 0.554688 0.289062 0.554688 0.287109 0.552734 0.291016 0.548828
0 0.001953 0.560547 0.000000 0.560547 0.000000 0.546875 0.001953 0.546875 0.003906 0.548828 0.003906 0.550781 0.005859 0.552734 0.005859 0.554688 0.003906 0.556641 0.003906 0.558594
0 0.425781 0.556641 0.423828 0.556641 0.421875 0.558594 0.417969 0.558594 0.416016 0.556641 0.416016 0.550781 0.417969 0.548828 0.421875 0.548828 0.423828 0.550781 0.425781 0.550781
0 0.431641 0.554688 0.431641 0.558594 0.427734 0.558594 0.425781 0.556641 0.429688 0.552734
0 0.671875 0.554688 0.671875 0.558594 0.667969 0.558594 0.666016 0.556641 0.669922 0.552734
0 0.406250 0.556641 0.406250 0.560547 0.402344 0.560547 0.400391 0.558594 0.404297 0.554688
0 0.685547 0.556641 0.685547 0.560547 0.681641 0.560547 0.679688 0.558594 0.683594 0.554688
0 0.839844 0.556641 0.839844 0.560547 0.835938 0.560547 0.833984 0.558594 0.837891 0.554688
0 0.623047 0.562500 0.621094 0.562500 0.619141 0.564453 0.615234 0.564453 0.613281 0.562500 0.613281 0.556641 0.615234 0.554688 0.619141 0.554688 0.621094 0.556641 0.623047 0.556641
0 0.671875 0.560547 0.671875 0.564453 0.667969 0.564453 0.666016 0.562500 0.669922 0.558594
0 0.154297 0.566406 0.152344 0.566406 0.150391 0.568359 0.146484 0.568359 0.144531 0.566406 0.144531 0.560547 0.146484 0.558594 0.150391 0.558594 0.152344 0.560547 0.154297 0.560547
0 0.412109 0.562500 0.412109 0.566406 0.408203 0.566406 0.406250 0.564453 0.410156 0.560547
0 0.683594 0.562500 0.683594 0.566406 0.679688 0.566406 0.677734 0.564453 0.681641 0.560547
0 0.832031 0.562500 0.832031 0.566406 0.828125 0.566406 0.826172 0.564453 0.830078 0.560547
0 0.531250 0.570312 0.525391 0.576172 0.519531 0.576172 0.513672 0.570312 0.513672 0.564453 0.519531 0.558594 0.525391 0.558594 0.531250 0.564453
0 0.613281 0.566406 0.613281 0.570312 0.609375 0.570312 0.607422 0.568359 0.611328 0.564453
0 0.839844 0.566406 0.839844 0.570312 0.835938 0.570312 0.833984 0.568359 0.837891 0.564453
0 0.419922 0.570312 0.417969 0.572266 0.417969 0.574219 0.416016 0.576172 0.410156 0.576172 0.408203 0.574219 0.408203 0.572266 0.406250 0.570312 0.406250 0.568359 0.408203 0.566406 0.408203 0.564453 0.410156 0.562500 0.416016 0.562500 0.417969 0.564453 0.417969 0.566406 0.419922 0.568359
0 0.630859 0.572266 0.628906 0.572266 0.626953 0.574219 0.623047 0.574219 0.621094 0.572266 0.621094 0.566406 0.623047 0.564453 0.626953 0.564453 0.628906 0.566406 0.630859 0.566406
0 0.162109 0.570312 0.162109 0.574219 0.158203 0.574219 0.156250 0.572266 0.160156 0.568359
0 0.341797 0.570312 0.341797 0.574219 0.337891 0.574219 0.335938 0.572266 0.339844 0.568359
0 0.562500 0.572266 0.560547 0.574219 0.560547 0.576172 0.558594 0.578125 0.552734 0.578125 0.550781 0.576172 0.550781 0.574219 0.548828 0.572266 0.548828 0.570312 0.550781 0.568359 0.550781 0.566406 0.552734 0.564453 0.558594 0.564453 0.560547 0.566406 0.560547 0.568359 0.562500 0.570312
0 0.582031 0.574219 0.580078 0.574219 0.578125 0.576172 0.574219 0.576172 0.572266 0.574219 0.572266 0.568359 0.574219 0.566406 0.578125 0.566406 0.580078 0.568359 0.582031 0.568359
0 0.724609 0.570312 0.724609 0.574219 0.720703 0.574219 0.718750 0.572266 0.722656 0.568359
0 0.023438 0.582031 0.021484 0.582031 0.019531 0.583984 0.009766 0.583984 0.003906 0.578125 0.003906 0.568359 0.009766 0.562500 0.019531 0.562500 0.025391 0.568359 0.025391 0.578125 0.023438 0.580078
0 0.736328 0.572266 0.736328 0.576172 0.732422 0.576172 0.730469 0.574219 0.734375 0.570312
0 0.167969 0.574219 0.167969 0.578125 0.164062 0.578125 0.162109 0.576172 0.166016 0.572266
0 0.156250 0.580078 0.150391 0.585938 0.144531 0.585938 0.138672 0.580078 0.138672 0.574219 0.144531 0.568359 0.150391 0.568359 0.156250 0.574219
0 0.625000 0.580078 0.623047 0.580078 0.621094 0.582031 0.617188 0.582031 0.615234 0.580078 0.615234 0.574219 0.617188 0.572266 0.621094 0.572266 0.623047 0.574219 0.625000 0.574219
0 0.892578 0.580078 0.890625 0.580078 0.888672 0.582031 0.884766 0.582031 0.882812 0.580078 0.882812 0.574219 0.884766 0.572266 0.888672 0.572266 0.890625 0.574219 0.892578 0.574219
0 0.900391 0.580078 0.898438 0.580078 0.896484 0.582031 0.892578 0.582031 0.890625 0.580078 0.890625 0.574219 0.892578 0.572266 0.896484 0.572266 0.898438 0.574219 0.900391 0.574219
0 0.730469 0.578125 0.730469 0.582031 0.726562 0.582031 0.724609 0.580078 0.728516 0.576172
0 0.332031 0.583984 0.326172 0.589844 0.320312 0.589844 0.314453 0.583984 0.314453 0.578125 0.320312 0.572266 0.326172 0.572266 0.332031 0.578125
0 0.349609 0.580078 0.349609 0.583984 0.345703 0.583984 0.343750 0.582031 0.347656 0.578125
0 0.832031 0.583984 0.830078 0.583984 0.828125 0.585938 0.824219 0.585938 0.822266 0.583984 0.822266 0.578125 0.824219 0.576172 0.828125 0.576172 0.830078 0.578125 0.832031 0.578125
0 0.335938 0.582031 0.335938 0.585938 0.332031 0.585938 0.330078 0.583984 0.333984 0.580078
0 0.410156 0.585938 0.408203 0.585938 0.406250 0.587891 0.402344 0.587891 0.400391 0.585938 0.400391 0.580078 0.402344 0.578125 0.406250 0.578125 0.408203 0.580078 0.410156 0.580078
0 0.046875 0.587891 0.044922 0.587891 0.042969 0.589844 0.039062 0.589844 0.037109 0.587891 0.037109 0.582031 0.039062 0.580078 0.042969 0.580078 0.044922 0.582031 0.046875 0.582031
0 0.908203 0.587891 0.906250 0.587891 0.904297 0.589844 0.900391 0.589844 0.898438 0.587891 0.898438 0.582031 0.900391 0.580078 0.904297 0.580078 0.906250 0.582031 0.908203 0.582031
0 0.148438 0.589844 0.146484 0.589844 0.144531 0.591797 0.140625 0.591797 0.138672 0.589844 0.138672 0.583984 0.140625 0.582031 0.144531 0.582031 0.146484 0.583984 0.148438 0.583984
0 0.316406 0.585938 0.316406 0.589844 0.312500 0.589844 0.310547 0.587891 0.314453 0.583984
0 0.345703 0.585938 0.345703 0.589844 0.341797 0.589844 0.339844 0.587891 0.343750 0.583984
0 0.326172 0.587891 0.326172 0.591797 0.322266 0.591797 0.320312 0.589844 0.324219 0.585938
0 0.427734 0.591797 0.425781 0.591797 0.423828 0.593750 0.419922 0.593750 0.417969 0.591797 0.417969 0.585938 0.419922 0.583984 0.423828 0.583984 0.425781 0.585938 0.427734 0.585938
0 0.171875 0.593750 0.169922 0.593750 0.167969 0.595703 0.164062 0.595703 0.162109 0.593750 0.162109 0.587891 0.164062 0.585938 0.167969 0.585938 0.169922 0.587891 0.171875 0.587891
0 0.417969 0.597656 0.416016 0.597656 0.414062 0.599609 0.410156 0.599609 0.408203 0.597656 0.408203 0.591797 0.410156 0.589844 0.414062 0.589844 0.416016 0.591797 0.417969 0.591797
0 0.789062 0.597656 0.787109 0.597656 0.785156 0.599609 0.781250 0.599609 0.779297 0.597656 0.779297 0.591797 0.781250 0.589844 0.785156 0.589844 0.787109 0.591797 0.789062 0.591797
0 0.062500 0.599609 0.060547 0.599609 0.058594 0.601562 0.054688 0.601562 0.052734 0.599609 0.052734 0.593750 0.054688 0.591797 0.058594 0.591797 0.060547 0.593750 0.062500 0.593750
0 0.306641 0.595703 0.306641 0.599609 0.302734 0.599609 0.300781 0.597656 0.304688 0.593750
0 0.476562 0.597656 0.474609 0.599609 0.474609 0.601562 0.472656 0.603516 0.466797 0.603516 0.464844 0.601562 0.464844 0.599609 0.462891 0.597656 0.462891 0.595703 0.464844 0.593750 0.464844 0.591797 0.466797 0.589844 0.472656 0.589844 0.474609 0.591797 0.474609 0.593750 0.476562 0.595703
0 0.886719 0.597656 0.884766 0.599609 0.884766 0.601562 0.882812 0.603516 0.876953 0.603516 0.875000 0.601562 0.875000 0.599609 0.873047 0.597656 0.873047 0.595703 0.875000 0.593750 0.875000 0.591797 0.876953 0.589844 0.882812 0.589844 0.884766 0.591797 0.884766 0.593750 0.886719 0.595703
0 0.435547 0.597656 0.435547 0.601562 0.431641 0.601562 0.429688 0.599609 0.433594 0.595703
0 0.746094 0.601562 0.744141 0.601562 0.742188 0.603516 0.738281 0.603516 0.736328 0.601562 0.736328 0.595703 0.738281 0.593750 0.742188 0.593750 0.744141 0.595703 0.746094 0.595703
0 0.914062 0.599609 0.912109 0.601562 0.912109 0.603516 0.910156 0.605469 0.904297 0.605469 0.902344 0.603516 0.902344 0.601562 0.900391 0.599609 0.900391 0.597656 0.902344 0.595703 0.902344 0.593750 0.904297 0.591797 0.910156 0.591797 0.912109 0.593750 0.912109 0.595703 0.914062 0.597656
0 0.546875 0.601562 0.544922 0.603516 0.544922 0.605469 0.542969 0.607422 0.537109 0.607422 0.535156 0.605469 0.535156 0.603516 0.533203 0.601562 0.533203 0.599609 0.535156 0.597656 0.535156 0.595703 0.537109 0.593750 0.542969 0.593750 0.544922 0.595703 0.544922 0.597656 0.546875 0.599609
0 0.796875 0.603516 0.794922 0.603516 0.792969 0.605469 0.789062 0.605469 0.787109 0.603516 0.787109 0.597656 0.789062 0.595703 0.792969 0.595703 0.794922 0.597656 0.796875 0.597656
0 0.599609 0.605469 0.597656 0.605469 0.595703 0.607422 0.591797 0.607422 0.589844 0.605469 0.589844 0.599609 0.591797 0.597656 0.595703 0.597656 0.597656 0.599609 0.599609 0.599609
0 0.810547 0.611328 0.808594 0.611328 0.806641 0.613281 0.796875 0.613281 0.791016 0.607422 0.791016 0.597656 0.792969 0.595703 0.794922 0.595703 0.794922 0.593750 0.796875 0.591797 0.806641 0.591797 0.812500 0.597656 0.812500 0.607422 0.810547 0.609375
0 0.822266 0.605469 0.820312 0.605469 0.818359 0.607422 0.814453 0.607422 0.812500 0.605469 0.812500 0.599609 0.814453 0.597656 0.818359 0.597656 0.820312 0.599609 0.822266 0.599609
0 0.830078 0.605469 0.828125 0.605469 0.826172 0.607422 0.822266 0.607422 0.820312 0.605469 0.820312 0.599609 0.822266 0.597656 0.826172 0.597656 0.828125 0.599609 0.830078 0.599609
0 0.166016 0.607422 0.164062 0.607422 0.162109 0.609375 0.158203 0.609375 0.156250 0.607422 0.156250 0.601562 0.158203 0.599609 0.162109 0.599609 0.164062 0.601562 0.166016 0.601562
0 0.179688 0.607422 0.177734 0.607422 0.175781 0.609375 0.171875 0.609375 0.169922 0.607422 0.169922 0.601562 0.171875 0.599609 0.175781 0.599609 0.177734 0.601562 0.179688 0.601562
0 0.312500 0.603516 0.312500 0.607422 0.308594 0.607422 0.306641 0.605469 0.310547 0.601562
0 0.570312 0.607422 0.568359 0.607422 0.566406 0.609375 0.562500 0.609375 0.560547 0.607422 0.560547 0.601562 0.562500 0.599609 0.566406 0.599609 0.568359 0.601562 0.570312 0.601562
0 0.734375 0.607422 0.732422 0.607422 0.730469 0.609375 0.726562 0.609375 0.724609 0.607422 0.724609 0.601562 0.726562 0.599609 0.730469 0.599609 0.732422 0.601562 0.734375 0.601562
0 0.462891 0.609375 0.460938 0.609375 0.458984 0.611328 0.455078 0.611328 0.453125 0.609375 0.453125 0.603516 0.455078 0.601562 0.458984 0.601562 0.460938 0.603516 0.462891 0.603516
0 0.757812 0.611328 0.755859 0.611328 0.753906 0.613281 0.750000 0.613281 0.748047 0.611328 0.748047 0.605469 0.750000 0.603516 0.753906 0.603516 0.755859 0.605469 0.757812 0.605469
0 0.886719 0.617188 0.884766 0.617188 0.882812 0.619141 0.873047 0.619141 0.867188 0.613281 0.867188 0.603516 0.869141 0.601562 0.871094 0.601562 0.871094 0.599609 0.873047 0.597656 0.882812 0.597656 0.888672 0.603516 0.888672 0.613281 0.886719 0.615234
0 0.976562 0.607422 0.976562 0.611328 0.972656 0.611328 0.970703 0.609375 0.974609 0.605469
0 0.537109 0.609375 0.537109 0.613281 0.533203 0.613281 0.531250 0.611328 0.535156 0.607422
0 0.792969 0.609375 0.792969 0.613281 0.789062 0.613281 0.787109 0.611328 0.791016 0.607422
0 0.187500 0.613281 0.185547 0.615234 0.185547 0.617188 0.183594 0.619141 0.177734 0.619141 0.175781 0.617188 0.175781 0.615234 0.173828 0.613281 0.173828 0.611328 0.175781 0.609375 0.175781 0.607422 0.177734 0.605469 0.183594 0.605469 0.185547 0.607422 0.185547 0.609375 0.187500 0.611328
0 0.312500 0.615234 0.306641 0.621094 0.300781 0.621094 0.294922 0.615234 0.294922 0.609375 0.300781 0.603516 0.306641 0.603516 0.312500 0.609375
0 0.425781 0.615234 0.423828 0.615234 0.421875 0.617188 0.417969 0.617188 0.416016 0.615234 0.416016 0.609375 0.417969 0.607422 0.421875 0.607422 0.423828 0.609375 0.425781 0.609375
0 0.394531 0.613281 0.394531 0.617188 0.390625 0.617188 0.388672 0.615234 0.392578 0.611328
0 0.451172 0.617188 0.445312 0.623047 0.439453 0.623047 0.433594 0.617188 0.433594 0.611328 0.439453 0.605469 0.445312 0.605469 0.451172 0.611328
0 0.455078 0.613281 0.455078 0.617188 0.451172 0.617188 0.449219 0.615234 0.453125 0.611328
0 0.558594 0.615234 0.556641 0.617188 0.556641 0.619141 0.554688 0.621094 0.548828 0.621094 0.546875 0.619141 0.546875 0.617188 0.544922 0.615234 0.544922 0.613281 0.546875 0.611328 0.546875 0.609375 0.548828 0.607422 0.554688 0.607422 0.556641 0.609375 0.556641 0.611328 0.558594 0.613281
0 0.625000 0.617188 0.619141 0.623047 0.613281 0.623047 0.607422 0.617188 0.607422 0.611328 0.613281 0.605469 0.619141 0.605469 0.625000 0.611328
0 0.769531 0.623047 0.767578 0.623047 0.765625 0.625000 0.755859 0.625000 0.750000 0.619141 0.750000 0.609375 0.751953 0.607422 0.753906 0.607422 0.753906 0.605469 0.755859 0.603516 0.765625 0.603516 0.771484 0.609375 0.771484 0.619141 0.769531 0.621094
0 0.931641 0.617188 0.929688 0.617188 0.927734 0.619141 0.923828 0.619141 0.921875 0.617188 0.921875 0.611328 0.923828 0.609375 0.927734 0.609375 0.929688 0.611328 0.931641 0.611328
0 0.593750 0.617188 0.591797 0.619141 0.591797 0.621094 0.589844 0.623047 0.583984 0.623047 0.582031 0.621094 0.582031 0.619141 0.580078 0.617188 0.580078 0.615234 0.582031 0.613281 0.582031 0.611328 0.583984 0.609375 0.589844 0.609375 0.591797 0.611328 0.591797 0.613281 0.593750 0.615234
0 0.783203 0.619141 0.781250 0.619141 0.779297 0.621094 0.775391 0.621094 0.773438 0.619141 0.773438 0.613281 0.775391 0.611328 0.779297 0.611328 0.781250 0.613281 0.783203 0.613281
0 0.968750 0.619141 0.966797 0.619141 0.964844 0.621094 0.960938 0.621094 0.958984 0.619141 0.958984 0.613281 0.960938 0.611328 0.964844 0.611328 0.966797 0.613281 0.968750 0.613281
0 0.994141 0.619141 0.992188 0.619141 0.990234 0.621094 0.986328 0.621094 0.984375 0.619141 0.984375 0.613281 0.986328 0.611328 0.990234 0.611328 0.992188 0.613281 0.994141 0.613281
0 0.580078 0.621094 0.578125 0.621094 0.576172 0.623047 0.572266 0.623047 0.570312 0.621094 0.570312 0.615234 0.572266 0.613281 0.576172 0.613281 0.578125 0.615234 0.580078 0.615234
0 0.732422 0.621094 0.730469 0.621094 0.728516 0.623047 0.724609 0.623047 0.722656 0.621094 0.722656 0.615234 0.724609 0.613281 0.728516 0.613281 0.730469 0.615234 0.732422 0.615234
0 0.921875 0.621094 0.919922 0.621094 0.917969 0.623047 0.914062 0.623047 0.912109 0.621094 0.912109 0.615234 0.914062 0.613281 0.917969 0.613281 0.919922 0.615234 0.921875 0.615234
0 0.949219 0.621094 0.947266 0.623047 0.947266 0.625000 0.945312 0.626953 0.939453 0.626953 0.937500 0.625000 0.937500 0.623047 0.935547 0.621094 0.935547 0.619141 0.937500 0.617188 0.937500 0.615234 0.939453 0.613281 0.945312 0.613281 0.947266 0.615234 0.947266 0.617188 0.949219 0.619141
0 0.998047 0.630859 0.992188 0.630859 0.986328 0.625000 0.986328 0.615234 0.988281 0.613281 0.990234 0.613281 0.990234 0.611328 0.992188 0.609375 0.998047 0.609375
0 0.855469 0.623047 0.853516 0.625000 0.853516 0.626953 0.851562 0.628906 0.845703 0.628906 0.843750 0.626953 0.843750 0.625000 0.841797 0.623047 0.841797 0.621094 0.843750 0.619141 0.843750 0.617188 0.845703 0.615234 0.851562 0.615234 0.853516 0.617188 0.853516 0.619141 0.855469 0.621094
0 0.208984 0.626953 0.207031 0.626953 0.205078 0.628906 0.201172 0.628906 0.199219 0.626953 0.199219 0.621094 0.201172 0.619141 0.205078 0.619141 0.207031 0.621094 0.208984 0.621094
0 0.599609 0.625000 0.597656 0.626953 0.597656 0.628906 0.595703 0.630859 0.589844 0.630859 0.587891 0.628906 0.587891 0.626953 0.585938 0.625000 0.585938 0.623047 0.587891 0.621094 0.587891 0.619141 0.589844 0.617188 0.595703 0.617188 0.597656 0.619141 0.597656 0.621094 0.599609 0.623047
0 0.763672 0.632812 0.761719 0.632812 0.759766 0.634766 0.750000 0.634766 0.744141 0.628906 0.744141 0.619141 0.746094 0.617188 0.748047 0.617188 0.748047 0.615234 0.750000 0.613281 0.759766 0.613281 0.765625 0.619141 0.765625 0.628906 0.763672 0.630859
0 0.792969 0.625000 0.791016 0.626953 0.791016 0.628906 0.789062 0.630859 0.783203 0.630859 0.781250 0.628906 0.781250 0.626953 0.779297 0.625000 0.779297 0.623047 0.781250 0.621094 0.781250 0.619141 0.783203 0.617188 0.789062 0.617188 0.791016 0.619141 0.791016 0.621094 0.792969 0.623047
0 0.259766 0.628906 0.257812 0.628906 0.255859 0.630859 0.251953 0.630859 0.250000 0.628906 0.250000 0.623047 0.251953 0.621094 0.255859 0.621094 0.257812 0.623047 0.259766 0.623047
0 0.304688 0.628906 0.302734 0.628906 0.300781 0.630859 0.296875 0.630859 0.294922 0.628906 0.294922 0.623047 0.296875 0.621094 0.300781 0.621094 0.302734 0.623047 0.304688 0.623047
0 0.412109 0.628906 0.406250 0.634766 0.400391 0.634766 0.394531 0.628906 0.394531 0.623047 0.400391 0.617188 0.406250 0.617188 0.412109 0.623047
0 0.751953 0.626953 0.750000 0.628906 0.750000 0.630859 0.748047 0.632812 0.742188 0.632812 0.740234 0.630859 0.740234 0.628906 0.738281 0.626953 0.738281 0.625000 0.740234 0.623047 0.740234 0.621094 0.742188 0.619141 0.748047 0.619141 0.750000 0.621094 0.750000 0.623047 0.751953 0.625000
0 0.937500 0.628906 0.935547 0.628906 0.933594 0.630859 0.929688 0.630859 0.927734 0.628906 0.927734 0.623047 0.929688 0.621094 0.933594 0.621094 0.935547 0.623047 0.937500 0.623047
0 0.960938 0.628906 0.958984 0.628906 0.957031 0.630859 0.953125 0.630859 0.951172 0.628906 0.951172 0.623047 0.953125 0.621094 0.957031 0.621094 0.958984 0.623047 0.960938 0.623047
0 0.972656 0.625000 0.972656 0.628906 0.968750 0.628906 0.966797 0.626953 0.970703 0.623047
0 0.990234 0.625000 0.990234 0.628906 0.986328 0.628906 0.984375 0.626953 0.988281 0.623047
0 0.285156 0.628906 0.283203 0.630859 0.283203 0.632812 0.281250 0.634766 0.275391 0.634766 0.273438 0.632812 0.273438 0.630859 0.271484 0.628906 0.271484 0.626953 0.273438 0.625000 0.273438 0.623047 0.275391 0.621094 0.281250 0.621094 0.283203 0.623047 0.283203 0.625000 0.285156 0.626953
0 0.392578 0.626953 0.392578 0.630859 0.388672 0.630859 0.386719 0.628906 0.390625 0.625000
0 0.626953 0.630859 0.625000 0.630859 0.623047 0.632812 0.619141 0.632812 0.617188 0.630859 0.617188 0.625000 0.619141 0.623047 0.623047 0.623047 0.625000 0.625000 0.626953 0.625000
0 0.882812 0.628906 0.880859 0.630859 0.880859 0.632812 0.878906 0.634766 0.873047 0.634766 0.871094 0.632812 0.871094 0.630859 0.869141 0.628906 0.869141 0.626953 0.871094 0.625000 0.871094 0.623047 0.873047 0.621094 0.878906 0.621094 0.880859 0.623047 0.880859 0.625000 0.882812 0.626953
0 0.427734 0.632812 0.425781 0.632812 0.423828 0.634766 0.419922 0.634766 0.417969 0.632812 0.417969 0.626953 0.419922 0.625000 0.423828 0.625000 0.425781 0.626953 0.427734 0.626953
0 0.656250 0.628906 0.656250 0.632812 0.652344 0.632812 0.650391 0.630859 0.654297 0.626953
0 0.769531 0.632812 0.767578 0.632812 0.765625 0.634766 0.761719 0.634766 0.759766 0.632812 0.759766 0.626953 0.761719 0.625000 0.765625 0.625000 0.767578 0.626953 0.769531 0.626953
0 0.265625 0.634766 0.263672 0.634766 0.261719 0.636719 0.257812 0.636719 0.255859 0.634766 0.255859 0.628906 0.257812 0.626953 0.261719 0.626953 0.263672 0.628906 0.265625 0.628906
0 0.927734 0.634766 0.925781 0.634766 0.923828 0.636719 0.919922 0.636719 0.917969 0.634766 0.917969 0.628906 0.919922 0.626953 0.923828 0.626953 0.925781 0.628906 0.927734 0.628906
0 0.476562 0.636719 0.474609 0.636719 0.472656 0.638672 0.468750 0.638672 0.466797 0.636719 0.466797 0.630859 0.468750 0.628906 0.472656 0.628906 0.474609 0.630859 0.476562 0.630859
0 0.583984 0.632812 0.583984 0.636719 0.580078 0.636719 0.578125 0.634766 0.582031 0.630859
0 0.285156 0.646484 0.283203 0.646484 0.281250 0.648438 0.271484 0.648438 0.265625 0.642578 0.265625 0.632812 0.267578 0.630859 0.269531 0.630859 0.269531 0.628906 0.271484 0.626953 0.281250 0.626953 0.287109 0.632812 0.287109 0.642578 0.285156 0.644531
0 0.837891 0.640625 0.835938 0.640625 0.833984 0.642578 0.830078 0.642578 0.828125 0.640625 0.828125 0.634766 0.830078 0.632812 0.833984 0.632812 0.835938 0.634766 0.837891 0.634766
0 0.861328 0.638672 0.859375 0.640625 0.859375 0.642578 0.857422 0.644531 0.851562 0.644531 0.849609 0.642578 0.849609 0.640625 0.847656 0.638672 0.847656 0.636719 0.849609 0.634766 0.849609 0.632812 0.851562 0.630859 0.857422 0.630859 0.859375 0.632812 0.859375 0.634766 0.861328 0.636719
0 0.246094 0.640625 0.244141 0.642578 0.244141 0.644531 0.242188 0.646484 0.236328 0.646484 0.234375 0.644531 0.234375 0.642578 0.232422 0.640625 0.232422 0.638672 0.234375 0.636719 0.234375 0.634766 0.236328 0.632812 0.242188 0.632812 0.244141 0.634766 0.244141 0.636719 0.246094 0.638672
0 0.406250 0.644531 0.404297 0.644531 0.402344 0.646484 0.398438 0.646484 0.396484 0.644531 0.396484 0.638672 0.398438 0.636719 0.402344 0.636719 0.404297 0.638672 0.406250 0.638672
0 0.416016 0.640625 0.416016 0.644531 0.412109 0.644531 0.410156 0.642578 0.414062 0.638672
0 0.503906 0.642578 0.501953 0.644531 0.501953 0.646484 0.500000 0.648438 0.494141 0.648438 0.492188 0.646484 0.492188 0.644531 0.490234 0.642578 0.490234 0.640625 0.492188 0.638672 0.492188 0.636719 0.494141 0.634766 0.500000 0.634766 0.501953 0.636719 0.501953 0.638672 0.503906 0.640625
0 0.708984 0.644531 0.707031 0.644531 0.705078 0.646484 0.701172 0.646484 0.699219 0.644531 0.699219 0.638672 0.701172 0.636719 0.705078 0.636719 0.707031 0.638672 0.708984 0.638672
0 0.392578 0.642578 0.392578 0.646484 0.388672 0.646484 0.386719 0.644531 0.390625 0.640625
0 0.671875 0.642578 0.671875 0.646484 0.667969 0.646484 0.666016 0.644531 0.669922 0.640625
0 0.728516 0.646484 0.728516 0.650391 0.724609 0.650391 0.722656 0.648438 0.726562 0.644531
0 0.835938 0.646484 0.835938 0.650391 0.832031 0.650391 0.830078 0.648438 0.833984 0.644531
0 0.072266 0.658203 0.070312 0.658203 0.068359 0.660156 0.058594 0.660156 0.052734 0.654297 0.052734 0.644531 0.054688 0.642578 0.056641 0.642578 0.056641 0.640625 0.058594 0.638672 0.068359 0.638672 0.074219 0.644531 0.074219 0.654297 0.072266 0.656250
0 0.560547 0.648438 0.560547 0.652344 0.556641 0.652344 0.554688 0.650391 0.558594 0.646484
0 0.341797 0.650391 0.341797 0.654297 0.337891 0.654297 0.335938 0.652344 0.339844 0.648438
0 0.751953 0.654297 0.750000 0.654297 0.748047 0.656250 0.744141 0.656250 0.742188 0.654297 0.742188 0.648438 0.744141 0.646484 0.748047 0.646484 0.750000 0.648438 0.751953 0.648438
0 0.816406 0.654297 0.810547 0.660156 0.804688 0.660156 0.798828 0.654297 0.798828 0.648438 0.804688 0.642578 0.810547 0.642578 0.816406 0.648438
0 0.828125 0.650391 0.828125 0.654297 0.824219 0.654297 0.822266 0.652344 0.826172 0.648438
0 0.271484 0.662109 0.269531 0.662109 0.267578 0.664062 0.257812 0.664062 0.251953 0.658203 0.251953 0.648438 0.253906 0.646484 0.255859 0.646484 0.255859 0.644531 0.257812 0.642578 0.267578 0.642578 0.273438 0.648438 0.273438 0.658203 0.271484 0.660156
0 0.566406 0.652344 0.566406 0.656250 0.562500 0.656250 0.560547 0.654297 0.564453 0.650391
0 0.802734 0.656250 0.796875 0.662109 0.791016 0.662109 0.785156 0.656250 0.785156 0.650391 0.791016 0.644531 0.796875 0.644531 0.802734 0.650391
0 0.388672 0.656250 0.386719 0.658203 0.386719 0.660156 0.384766 0.662109 0.378906 0.662109 0.376953 0.660156 0.376953 0.658203 0.375000 0.656250 0.375000 0.654297 0.376953 0.652344 0.376953 0.650391 0.378906 0.648438 0.384766 0.648438 0.386719 0.650391 0.386719 0.652344 0.388672 0.654297
0 0.619141 0.654297 0.619141 0.658203 0.615234 0.658203 0.613281 0.656250 0.617188 0.652344
0 0.667969 0.658203 0.666016 0.658203 0.664062 0.660156 0.660156 0.660156 0.658203 0.658203 0.658203 0.652344 0.660156 0.650391 0.664062 0.650391 0.666016 0.652344 0.667969 0.652344
0 0.699219 0.656250 0.697266 0.658203 0.697266 0.660156 0.695312 0.662109 0.689453 0.662109 0.687500 0.660156 0.687500 0.658203 0.685547 0.656250 0.685547 0.654297 0.687500 0.652344 0.687500 0.650391 0.689453 0.648438 0.695312 0.648438 0.697266 0.650391 0.697266 0.652344 0.699219 0.654297
0 0.296875 0.660156 0.294922 0.660156 0.292969 0.662109 0.289062 0.662109 0.287109 0.660156 0.287109 0.654297 0.289062 0.652344 0.292969 0.652344 0.294922 0.654297 0.296875 0.654297
0 0.335938 0.656250 0.335938 0.660156 0.332031 0.660156 0.330078 0.658203 0.333984 0.654297
0 0.513672 0.660156 0.511719 0.660156 0.509766 0.662109 0.505859 0.662109 0.503906 0.660156 0.503906 0.654297 0.505859 0.652344 0.509766 0.652344 0.511719 0.654297 0.513672 0.654297
0 0.761719 0.658203 0.761719 0.662109 0.757812 0.662109 0.755859 0.660156 0.759766 0.656250
0 0.798828 0.662109 0.796875 0.662109 0.794922 0.664062 0.791016 0.664062 0.789062 0.662109 0.789062 0.656250 0.791016 0.654297 0.794922 0.654297 0.796875 0.656250 0.798828 0.656250
0 0.398438 0.660156 0.398438 0.664062 0.394531 0.664062 0.392578 0.662109 0.396484 0.658203
0 0.349609 0.666016 0.347656 0.666016 0.345703 0.667969 0.341797 0.667969 0.339844 0.666016 0.339844 0.660156 0.341797 0.658203 0.345703 0.658203 0.347656 0.660156 0.349609 0.660156
0 0.619141 0.662109 0.619141 0.666016 0.615234 0.666016 0.613281 0.664062 0.617188 0.660156
0 0.523438 0.667969 0.521484 0.667969 0.519531 0.669922 0.515625 0.669922 0.513672 0.667969 0.513672 0.662109 0.515625 0.660156 0.519531 0.660156 0.521484 0.662109 0.523438 0.662109
0 0.546875 0.669922 0.544922 0.669922 0.542969 0.671875 0.539062 0.671875 0.537109 0.669922 0.537109 0.664062 0.539062 0.662109 0.542969 0.662109 0.544922 0.664062 0.546875 0.664062
0 0.560547 0.669922 0.558594 0.669922 0.556641 0.671875 0.552734 0.671875 0.550781 0.669922 0.550781 0.664062 0.552734 0.662109 0.556641 0.662109 0.558594 0.664062 0.560547 0.664062
0 0.781250 0.669922 0.775391 0.675781 0.769531 0.675781 0.763672 0.669922 0.763672 0.664062 0.769531 0.658203 0.775391 0.658203 0.781250 0.664062
0 0.812500 0.667969 0.812500 0.671875 0.808594 0.671875 0.806641 0.669922 0.810547 0.666016
0 0.835938 0.667969 0.835938 0.671875 0.832031 0.671875 0.830078 0.669922 0.833984 0.666016
0 0.748047 0.675781 0.746094 0.675781 0.744141 0.677734 0.740234 0.677734 0.738281 0.675781 0.738281 0.669922 0.740234 0.667969 0.744141 0.667969 0.746094 0.669922 0.748047 0.669922
0 0.798828 0.675781 0.796875 0.675781 0.794922 0.677734 0.791016 0.677734 0.789062 0.675781 0.789062 0.669922 0.791016 0.667969 0.794922 0.667969 0.796875 0.669922 0.798828 0.669922
0 0.679688 0.677734 0.677734 0.677734 0.675781 0.679688 0.671875 0.679688 0.669922 0.677734 0.669922 0.671875 0.671875 0.669922 0.675781 0.669922 0.677734 0.671875 0.679688 0.671875
0 0.769531 0.673828 0.769531 0.677734 0.765625 0.677734 0.763672 0.675781 0.767578 0.671875
0 0.806641 0.675781 0.806641 0.679688 0.802734 0.679688 0.800781 0.677734 0.804688 0.673828
0 0.363281 0.679688 0.361328 0.681641 0.361328 0.683594 0.359375 0.685547 0.353516 0.685547 0.351562 0.683594 0.351562 0.681641 0.349609 0.679688 0.349609 0.677734 0.351562 0.675781 0.351562 0.673828 0.353516 0.671875 0.359375 0.671875 0.361328 0.673828 0.361328 0.675781 0.363281 0.677734
0 0.640625 0.687500 0.638672 0.687500 0.636719 0.689453 0.626953 0.689453 0.621094 0.683594 0.621094 0.673828 0.623047 0.671875 0.625000 0.671875 0.625000 0.669922 0.626953 0.667969 0.636719 0.667969 0.642578 0.673828 0.642578 0.683594 0.640625 0.685547
0 0.832031 0.677734 0.832031 0.681641 0.828125 0.681641 0.826172 0.679688 0.830078 0.675781
0 0.318359 0.681641 0.316406 0.683594 0.316406 0.685547 0.314453 0.687500 0.308594 0.687500 0.306641 0.685547 0.306641 0.683594 0.304688 0.681641 0.304688 0.679688 0.306641 0.677734 0.306641 0.675781 0.308594 0.673828 0.314453 0.673828 0.316406 0.675781 0.316406 0.677734 0.318359 0.679688
0 0.355469 0.683594 0.353516 0.683594 0.351562 0.685547 0.347656 0.685547 0.345703 0.683594 0.345703 0.677734 0.347656 0.675781 0.351562 0.675781 0.353516 0.677734 0.355469 0.677734
0 0.472656 0.689453 0.470703 0.689453 0.468750 0.691406 0.458984 0.691406 0.453125 0.685547 0.453125 0.675781 0.455078 0.673828 0.457031 0.673828 0.457031 0.671875 0.458984 0.669922 0.468750 0.669922 0.474609 0.675781 0.474609 0.685547 0.472656 0.687500
0 0.576172 0.683594 0.570312 0.689453 0.564453 0.689453 0.558594 0.683594 0.558594 0.677734 0.564453 0.671875 0.570312 0.671875 0.576172 0.677734
0 0.289062 0.685547 0.283203 0.691406 0.277344 0.691406 0.271484 0.685547 0.271484 0.679688 0.277344 0.673828 0.283203 0.673828 0.289062 0.679688
0 0.402344 0.685547 0.396484 0.691406 0.390625 0.691406 0.384766 0.685547 0.384766 0.679688 0.390625 0.673828 0.396484 0.673828 0.402344 0.679688
0 0.763672 0.685547 0.761719 0.685547 0.759766 0.687500 0.755859 0.687500 0.753906 0.685547 0.753906 0.679688 0.755859 0.677734 0.759766 0.677734 0.761719 0.679688 0.763672 0.679688
0 0.824219 0.691406 0.822266 0.691406 0.820312 0.693359 0.810547 0.693359 0.804688 0.687500 0.804688 0.677734 0.806641 0.675781 0.808594 0.675781 0.808594 0.673828 0.810547 0.671875 0.820312 0.671875 0.826172 0.677734 0.826172 0.687500 0.824219 0.689453
0 0.501953 0.687500 0.496094 0.693359 0.490234 0.693359 0.484375 0.687500 0.484375 0.681641 0.490234 0.675781 0.496094 0.675781 0.501953 0.681641
0 0.539062 0.693359 0.537109 0.693359 0.535156 0.695312 0.525391 0.695312 0.519531 0.689453 0.519531 0.679688 0.521484 0.677734 0.523438 0.677734 0.523438 0.675781 0.525391 0.673828 0.535156 0.673828 0.541016 0.679688 0.541016 0.689453 0.539062 0.691406
0 0.734375 0.683594 0.734375 0.687500 0.730469 0.687500 0.728516 0.685547 0.732422 0.681641
0 0.037109 0.689453 0.035156 0.689453 0.033203 0.691406 0.029297 0.691406 0.027344 0.689453 0.027344 0.683594 0.029297 0.681641 0.033203 0.681641 0.035156 0.683594 0.037109 0.683594
0 0.750000 0.689453 0.748047 0.689453 0.746094 0.691406 0.742188 0.691406 0.740234 0.689453 0.740234 0.683594 0.742188 0.681641 0.746094 0.681641 0.748047 0.683594 0.750000 0.683594
0 0.812500 0.695312 0.810547 0.695312 0.808594 0.697266 0.798828 0.697266 0.792969 0.691406 0.792969 0.681641 0.794922 0.679688 0.796875 0.679688 0.796875 0.677734 0.798828 0.675781 0.808594 0.675781 0.814453 0.681641 0.814453 0.691406 0.812500 0.693359
0 0.425781 0.691406 0.423828 0.691406 0.421875 0.693359 0.417969 0.693359 0.416016 0.691406 0.416016 0.685547 0.417969 0.683594 0.421875 0.683594 0.423828 0.685547 0.425781 0.685547
0 0.521484 0.695312 0.515625 0.701172 0.509766 0.701172 0.503906 0.695312 0.503906 0.689453 0.509766 0.683594 0.515625 0.683594 0.521484 0.689453
0 0.664062 0.691406 0.664062 0.695312 0.660156 0.695312 0.658203 0.693359 0.662109 0.689453
0 0.718750 0.693359 0.718750 0.697266 0.714844 0.697266 0.712891 0.695312 0.716797 0.691406
0 0.851562 0.693359 0.851562 0.697266 0.847656 0.697266 0.845703 0.695312 0.849609 0.691406
0 0.753906 0.697266 0.753906 0.701172 0.750000 0.701172 0.748047 0.699219 0.751953 0.695312
0 0.832031 0.701172 0.830078 0.701172 0.828125 0.703125 0.824219 0.703125 0.822266 0.701172 0.822266 0.695312 0.824219 0.693359 0.828125 0.693359 0.830078 0.695312 0.832031 0.695312
0 0.761719 0.703125 0.759766 0.703125 0.757812 0.705078 0.753906 0.705078 0.751953 0.703125 0.751953 0.697266 0.753906 0.695312 0.757812 0.695312 0.759766 0.697266 0.761719 0.697266
0 0.705078 0.705078 0.703125 0.705078 0.701172 0.707031 0.697266 0.707031 0.695312 0.705078 0.695312 0.699219 0.697266 0.697266 0.701172 0.697266 0.703125 0.699219 0.705078 0.699219
0 0.595703 0.712891 0.593750 0.712891 0.591797 0.714844 0.582031 0.714844 0.576172 0.708984 0.576172 0.699219 0.578125 0.697266 0.580078 0.697266 0.580078 0.695312 0.582031 0.693359 0.591797 0.693359 0.597656 0.699219 0.597656 0.708984 0.595703 0.710938
0 0.558594 0.707031 0.556641 0.708984 0.556641 0.710938 0.554688 0.712891 0.548828 0.712891 0.546875 0.710938 0.546875 0.708984 0.544922 0.707031 0.544922 0.705078 0.546875 0.703125 0.546875 0.701172 0.548828 0.699219 0.554688 0.699219 0.556641 0.701172 0.556641 0.703125 0.558594 0.705078
0 0.566406 0.707031 0.564453 0.708984 0.564453 0.710938 0.562500 0.712891 0.556641 0.712891 0.554688 0.710938 0.554688 0.708984 0.552734 0.707031 0.552734 0.705078 0.554688 0.703125 0.554688 0.701172 0.556641 0.699219 0.562500 0.699219 0.564453 0.701172 0.564453 0.703125 0.566406 0.705078
0 0.806641 0.708984 0.804688 0.708984 0.802734 0.710938 0.798828 0.710938 0.796875 0.708984 0.796875 0.703125 0.798828 0.701172 0.802734 0.701172 0.804688 0.703125 0.806641 0.703125
0 0.716797 0.710938 0.714844 0.712891 0.714844 0.714844 0.712891 0.716797 0.707031 0.716797 0.705078 0.714844 0.705078 0.712891 0.703125 0.710938 0.703125 0.708984 0.705078 0.707031 0.705078 0.705078 0.707031 0.703125 0.712891 0.703125 0.714844 0.705078 0.714844 0.707031 0.716797 0.708984
0 0.835938 0.712891 0.833984 0.712891 0.832031 0.714844 0.828125 0.714844 0.826172 0.712891 0.826172 0.707031 0.828125 0.705078 0.832031 0.705078 0.833984 0.707031 0.835938 0.707031
0 0.140625 0.714844 0.138672 0.714844 0.136719 0.716797 0.132812 0.716797 0.130859 0.714844 0.130859 0.708984 0.132812 0.707031 0.136719 0.707031 0.138672 0.708984 0.140625 0.708984
0 0.636719 0.714844 0.634766 0.714844 0.632812 0.716797 0.628906 0.716797 0.626953 0.714844 0.626953 0.708984 0.628906 0.707031 0.632812 0.707031 0.634766 0.708984 0.636719 0.708984
0 0.773438 0.710938 0.773438 0.714844 0.769531 0.714844 0.767578 0.712891 0.771484 0.708984
0 0.521484 0.716797 0.519531 0.716797 0.517578 0.718750 0.513672 0.718750 0.511719 0.716797 0.511719 0.710938 0.513672 0.708984 0.517578 0.708984 0.519531 0.710938 0.521484 0.710938
0 0.595703 0.716797 0.593750 0.716797 0.591797 0.718750 0.587891 0.718750 0.585938 0.716797 0.585938 0.710938 0.587891 0.708984 0.591797 0.708984 0.593750 0.710938 0.595703 0.710938
0 0.808594 0.716797 0.806641 0.716797 0.804688 0.718750 0.800781 0.718750 0.798828 0.716797 0.798828 0.710938 0.800781 0.708984 0.804688 0.708984 0.806641 0.710938 0.808594 0.710938
0 0.468750 0.716797 0.466797 0.718750 0.466797 0.720703 0.464844 0.722656 0.458984 0.722656 0.457031 0.720703 0.457031 0.718750 0.455078 0.716797 0.455078 0.714844 0.457031 0.712891 0.457031 0.710938 0.458984 0.708984 0.464844 0.708984 0.466797 0.710938 0.466797 0.712891 0.468750 0.714844
0 0.833984 0.720703 0.832031 0.720703 0.830078 0.722656 0.826172 0.722656 0.824219 0.720703 0.824219 0.714844 0.826172 0.712891 0.830078 0.712891 0.832031 0.714844 0.833984 0.714844
0 0.097656 0.728516 0.095703 0.728516 0.093750 0.730469 0.083984 0.730469 0.078125 0.724609 0.078125 0.714844 0.080078 0.712891 0.082031 0.712891 0.082031 0.710938 0.083984 0.708984 0.093750 0.708984 0.099609 0.714844 0.099609 0.724609 0.097656 0.726562
0 0.431641 0.728516 0.429688 0.728516 0.427734 0.730469 0.417969 0.730469 0.412109 0.724609 0.412109 0.714844 0.414062 0.712891 0.416016 0.712891 0.416016 0.710938 0.417969 0.708984 0.427734 0.708984 0.433594 0.714844 0.433594 0.724609 0.431641 0.726562
0 0.625000 0.724609 0.623047 0.724609 0.621094 0.726562 0.617188 0.726562 0.615234 0.724609 0.615234 0.718750 0.617188 0.716797 0.621094 0.716797 0.623047 0.718750 0.625000 0.718750
0 0.041016 0.724609 0.039062 0.726562 0.039062 0.728516 0.037109 0.730469 0.031250 0.730469 0.029297 0.728516 0.029297 0.726562 0.027344 0.724609 0.027344 0.722656 0.029297 0.720703 0.029297 0.718750 0.031250 0.716797 0.037109 0.716797 0.039062 0.718750 0.039062 0.720703 0.041016 0.722656
0 0.375000 0.726562 0.369141 0.732422 0.363281 0.732422 0.357422 0.726562 0.357422 0.720703 0.363281 0.714844 0.369141 0.714844 0.375000 0.720703
0 0.396484 0.728516 0.394531 0.728516 0.392578 0.730469 0.388672 0.730469 0.386719 0.728516 0.386719 0.722656 0.388672 0.720703 0.392578 0.720703 0.394531 0.722656 0.396484 0.722656
0 0.490234 0.726562 0.488281 0.728516 0.488281 0.730469 0.486328 0.732422 0.480469 0.732422 0.478516 0.730469 0.478516 0.728516 0.476562 0.726562 0.476562 0.724609 0.478516 0.722656 0.478516 0.720703 0.480469 0.718750 0.486328 0.718750 0.488281 0.720703 0.488281 0.722656 0.490234 0.724609
0 0.556641 0.728516 0.554688 0.728516 0.552734 0.730469 0.548828 0.730469 0.546875 0.728516 0.546875 0.722656 0.548828 0.720703 0.552734 0.720703 0.554688 0.722656 0.556641 0.722656
0 0.605469 0.728516 0.603516 0.728516 0.601562 0.730469 0.597656 0.730469 0.595703 0.728516 0.595703 0.722656 0.597656 0.720703 0.601562 0.720703 0.603516 0.722656 0.605469 0.722656
0 0.660156 0.728516 0.658203 0.728516 0.656250 0.730469 0.652344 0.730469 0.650391 0.728516 0.650391 0.722656 0.652344 0.720703 0.656250 0.720703 0.658203 0.722656 0.660156 0.722656
0 0.345703 0.730469 0.339844 0.736328 0.333984 0.736328 0.328125 0.730469 0.328125 0.724609 0.333984 0.718750 0.339844 0.718750 0.345703 0.724609
0 0.710938 0.730469 0.708984 0.730469 0.707031 0.732422 0.703125 0.732422 0.701172 0.730469 0.701172 0.724609 0.703125 0.722656 0.707031 0.722656 0.708984 0.724609 0.710938 0.724609
0 0.042969 0.730469 0.041016 0.732422 0.041016 0.734375 0.039062 0.736328 0.033203 0.736328 0.031250 0.734375 0.031250 0.732422 0.029297 0.730469 0.029297 0.728516 0.031250 0.726562 0.031250 0.724609 0.033203 0.722656 0.039062 0.722656 0.041016 0.724609 0.041016 0.726562 0.042969 0.728516
0 0.736328 0.732422 0.734375 0.732422 0.732422 0.734375 0.728516 0.734375 0.726562 0.732422 0.726562 0.726562 0.728516 0.724609 0.732422 0.724609 0.734375 0.726562 0.736328 0.726562
0 0.998047 0.726562 0.998047 0.732422 0.996094 0.732422 0.994141 0.730469
0 0.154297 0.730469 0.154297 0.734375 0.150391 0.734375 0.148438 0.732422 0.152344 0.728516
0 0.322266 0.732422 0.320312 0.734375 0.320312 0.736328 0.318359 0.738281 0.312500 0.738281 0.310547 0.736328 0.310547 0.734375 0.308594 0.732422 0.308594 0.730469 0.310547 0.728516 0.310547 0.726562 0.312500 0.724609 0.318359 0.724609 0.320312 0.726562 0.320312 0.728516 0.322266 0.730469
0 0.652344 0.734375 0.650391 0.734375 0.648438 0.736328 0.644531 0.736328 0.642578 0.734375 0.642578 0.728516 0.644531 0.726562 0.648438 0.726562 0.650391 0.728516 0.652344 0.728516
0 0.771484 0.730469 0.771484 0.734375 0.767578 0.734375 0.765625 0.732422 0.769531 0.728516
0 0.835938 0.740234 0.833984 0.740234 0.832031 0.742188 0.822266 0.742188 0.816406 0.736328 0.816406 0.726562 0.818359 0.724609 0.820312 0.724609 0.820312 0.722656 0.822266 0.720703 0.832031 0.720703 0.837891 0.726562 0.837891 0.736328 0.835938 0.738281
0 0.667969 0.732422 0.667969 0.736328 0.664062 0.736328 0.662109 0.734375 0.666016 0.730469
0 0.992188 0.734375 0.992188 0.738281 0.988281 0.738281 0.986328 0.736328 0.990234 0.732422
0 0.585938 0.740234 0.583984 0.740234 0.582031 0.742188 0.578125 0.742188 0.576172 0.740234 0.576172 0.734375 0.578125 0.732422 0.582031 0.732422 0.583984 0.734375 0.585938 0.734375
0 0.765625 0.740234 0.763672 0.740234 0.761719 0.742188 0.757812 0.742188 0.755859 0.740234 0.755859 0.734375 0.757812 0.732422 0.761719 0.732422 0.763672 0.734375 0.765625 0.734375
0 0.777344 0.736328 0.777344 0.740234 0.773438 0.740234 0.771484 0.738281 0.775391 0.734375
0 0.537109 0.738281 0.537109 0.742188 0.533203 0.742188 0.531250 0.740234 0.535156 0.736328
0 0.716797 0.742188 0.714844 0.742188 0.712891 0.744141 0.708984 0.744141 0.707031 0.742188 0.707031 0.736328 0.708984 0.734375 0.712891 0.734375 0.714844 0.736328 0.716797 0.736328
0 0.845703 0.738281 0.845703 0.742188 0.841797 0.742188 0.839844 0.740234 0.843750 0.736328
0 0.302734 0.750000 0.300781 0.750000 0.298828 0.751953 0.289062 0.751953 0.283203 0.746094 0.283203 0.736328 0.285156 0.734375 0.287109 0.734375 0.287109 0.732422 0.289062 0.730469 0.298828 0.730469 0.304688 0.736328 0.304688 0.746094 0.302734 0.748047
0 0.558594 0.746094 0.556641 0.746094 0.554688 0.748047 0.550781 0.748047 0.548828 0.746094 0.548828 0.740234 0.550781 0.738281 0.554688 0.738281 0.556641 0.740234 0.558594 0.740234
0 0.814453 0.746094 0.812500 0.746094 0.810547 0.748047 0.806641 0.748047 0.804688 0.746094 0.804688 0.740234 0.806641 0.738281 0.810547 0.738281 0.812500 0.740234 0.814453 0.740234
0 0.996094 0.744141 0.996094 0.748047 0.992188 0.748047 0.990234 0.746094 0.994141 0.742188
0 0.671875 0.751953 0.666016 0.757812 0.660156 0.757812 0.654297 0.751953 0.654297 0.746094 0.660156 0.740234 0.666016 0.740234 0.671875 0.746094
0 0.695312 0.751953 0.693359 0.753906 0.693359 0.755859 0.691406 0.757812 0.685547 0.757812 0.683594 0.755859 0.683594 0.753906 0.681641 0.751953 0.681641 0.750000 0.683594 0.748047 0.683594 0.746094 0.685547 0.744141 0.691406 0.744141 0.693359 0.746094 0.693359 0.748047 0.695312 0.750000
0 0.847656 0.750000 0.847656 0.753906 0.843750 0.753906 0.841797 0.751953 0.845703 0.748047
0 0.833984 0.755859 0.832031 0.755859 0.830078 0.757812 0.826172 0.757812 0.824219 0.755859 0.824219 0.750000 0.826172 0.748047 0.830078 0.748047 0.832031 0.750000 0.833984 0.750000
0 0.429688 0.753906 0.429688 0.757812 0.425781 0.757812 0.423828 0.755859 0.427734 0.751953
0 0.357422 0.759766 0.355469 0.759766 0.353516 0.761719 0.349609 0.761719 0.347656 0.759766 0.347656 0.753906 0.349609 0.751953 0.353516 0.751953 0.355469 0.753906 0.357422 0.753906
0 0.603516 0.759766 0.601562 0.759766 0.599609 0.761719 0.595703 0.761719 0.593750 0.759766 0.593750 0.753906 0.595703 0.751953 0.599609 0.751953 0.601562 0.753906 0.603516 0.753906
0 0.623047 0.759766 0.621094 0.759766 0.619141 0.761719 0.615234 0.761719 0.613281 0.759766 0.613281 0.753906 0.615234 0.751953 0.619141 0.751953 0.621094 0.753906 0.623047 0.753906
0 0.160156 0.761719 0.154297 0.767578 0.148438 0.767578 0.142578 0.761719 0.142578 0.755859 0.148438 0.750000 0.154297 0.750000 0.160156 0.755859
0 0.966797 0.757812 0.966797 0.761719 0.962891 0.761719 0.960938 0.759766 0.964844 0.755859
0 0.781250 0.763672 0.779297 0.763672 0.777344 0.765625 0.773438 0.765625 0.771484 0.763672 0.771484 0.757812 0.773438 0.755859 0.777344 0.755859 0.779297 0.757812 0.781250 0.757812
0 0.269531 0.763672 0.267578 0.765625 0.267578 0.767578 0.265625 0.769531 0.259766 0.769531 0.257812 0.767578 0.257812 0.765625 0.255859 0.763672 0.255859 0.761719 0.257812 0.759766 0.257812 0.757812 0.259766 0.755859 0.265625 0.755859 0.267578 0.757812 0.267578 0.759766 0.269531 0.761719
0 0.792969 0.765625 0.791016 0.765625 0.789062 0.767578 0.785156 0.767578 0.783203 0.765625 0.783203 0.759766 0.785156 0.757812 0.789062 0.757812 0.791016 0.759766 0.792969 0.759766
0 0.380859 0.763672 0.380859 0.767578 0.376953 0.767578 0.375000 0.765625 0.378906 0.761719
0 0.431641 0.763672 0.431641 0.767578 0.427734 0.767578 0.425781 0.765625 0.429688 0.761719
0 0.669922 0.765625 0.667969 0.767578 0.667969 0.769531 0.666016 0.771484 0.660156 0.771484 0.658203 0.769531 0.658203 0.767578 0.656250 0.765625 0.656250 0.763672 0.658203 0.761719 0.658203 0.759766 0.660156 0.757812 0.666016 0.757812 0.667969 0.759766 0.667969 0.761719 0.669922 0.763672
0 0.263672 0.767578 0.261719 0.769531 0.261719 0.771484 0.259766 0.773438 0.253906 0.773438 0.251953 0.771484 0.251953 0.769531 0.250000 0.767578 0.250000 0.765625 0.251953 0.763672 0.251953 0.761719 0.253906 0.759766 0.259766 0.759766 0.261719 0.761719 0.261719 0.763672 0.263672 0.765625
0 0.701172 0.767578 0.699219 0.769531 0.699219 0.771484 0.697266 0.773438 0.691406 0.773438 0.689453 0.771484 0.689453 0.769531 0.687500 0.767578 0.687500 0.765625 0.689453 0.763672 0.689453 0.761719 0.691406 0.759766 0.697266 0.759766 0.699219 0.761719 0.699219 0.763672 0.701172 0.765625
0 0.580078 0.767578 0.580078 0.771484 0.576172 0.771484 0.574219 0.769531 0.578125 0.765625
0 0.609375 0.771484 0.607422 0.771484 0.605469 0.773438 0.601562 0.773438 0.599609 0.771484 0.599609 0.765625 0.601562 0.763672 0.605469 0.763672 0.607422 0.765625 0.609375 0.765625
0 0.343750 0.769531 0.343750 0.773438 0.339844 0.773438 0.337891 0.771484 0.341797 0.767578
0 0.794922 0.773438 0.792969 0.773438 0.791016 0.775391 0.787109 0.775391 0.785156 0.773438 0.785156 0.767578 0.787109 0.765625 0.791016 0.765625 0.792969 0.767578 0.794922 0.767578
0 0.964844 0.769531 0.964844 0.773438 0.960938 0.773438 0.958984 0.771484 0.962891 0.767578
0 0.388672 0.771484 0.388672 0.775391 0.384766 0.775391 0.382812 0.773438 0.386719 0.769531
0 0.625000 0.775391 0.619141 0.781250 0.613281 0.781250 0.607422 0.775391 0.607422 0.769531 0.613281 0.763672 0.619141 0.763672 0.625000 0.769531
0 0.646484 0.781250 0.644531 0.781250 0.642578 0.783203 0.632812 0.783203 0.626953 0.777344 0.626953 0.767578 0.628906 0.765625 0.630859 0.765625 0.630859 0.763672 0.632812 0.761719 0.642578 0.761719 0.648438 0.767578 0.648438 0.777344 0.646484 0.779297
0 0.826172 0.775391 0.824219 0.775391 0.822266 0.777344 0.818359 0.777344 0.816406 0.775391 0.816406 0.769531 0.818359 0.767578 0.822266 0.767578 0.824219 0.769531 0.826172 0.769531
0 0.376953 0.773438 0.376953 0.777344 0.373047 0.777344 0.371094 0.775391 0.375000 0.771484
0 0.777344 0.777344 0.775391 0.777344 0.773438 0.779297 0.769531 0.779297 0.767578 0.777344 0.767578 0.771484 0.769531 0.769531 0.773438 0.769531 0.775391 0.771484 0.777344 0.771484
0 0.978516 0.773438 0.978516 0.777344 0.974609 0.777344 0.972656 0.775391 0.976562 0.771484
0 0.675781 0.785156 0.673828 0.785156 0.671875 0.787109 0.662109 0.787109 0.656250 0.781250 0.656250 0.771484 0.658203 0.769531 0.660156 0.769531 0.660156 0.767578 0.662109 0.765625 0.671875 0.765625 0.677734 0.771484 0.677734 0.781250 0.675781 0.783203
0 0.681641 0.777344 0.679688 0.779297 0.679688 0.781250 0.677734 0.783203 0.671875 0.783203 0.669922 0.781250 0.669922 0.779297 0.667969 0.777344 0.667969 0.775391 0.669922 0.773438 0.669922 0.771484 0.671875 0.769531 0.677734 0.769531 0.679688 0.771484 0.679688 0.773438 0.681641 0.775391
0 0.130859 0.779297 0.128906 0.781250 0.128906 0.783203 0.126953 0.785156 0.121094 0.785156 0.119141 0.783203 0.119141 0.781250 0.117188 0.779297 0.117188 0.777344 0.119141 0.775391 0.119141 0.773438 0.121094 0.771484 0.126953 0.771484 0.128906 0.773438 0.128906 0.775391 0.130859 0.777344
0 0.398438 0.779297 0.398438 0.783203 0.394531 0.783203 0.392578 0.781250 0.396484 0.777344
0 0.960938 0.779297 0.960938 0.783203 0.957031 0.783203 0.955078 0.781250 0.958984 0.777344
0 0.228516 0.783203 0.226562 0.785156 0.226562 0.787109 0.224609 0.789062 0.218750 0.789062 0.216797 0.787109 0.216797 0.785156 0.214844 0.783203 0.214844 0.781250 0.216797 0.779297 0.216797 0.777344 0.218750 0.775391 0.224609 0.775391 0.226562 0.777344 0.226562 0.779297 0.228516 0.781250
0 0.724609 0.785156 0.722656 0.785156 0.720703 0.787109 0.716797 0.787109 0.714844 0.785156 0.714844 0.779297 0.716797 0.777344 0.720703 0.777344 0.722656 0.779297 0.724609 0.779297
0 0.966797 0.783203 0.966797 0.787109 0.962891 0.787109 0.960938 0.785156 0.964844 0.781250
0 0.404297 0.785156 0.404297 0.789062 0.400391 0.789062 0.398438 0.787109 0.402344 0.783203
0 0.656250 0.789062 0.654297 0.789062 0.652344 0.791016 0.648438 0.791016 0.646484 0.789062 0.646484 0.783203 0.648438 0.781250 0.652344 0.781250 0.654297 0.783203 0.656250 0.783203
0 0.453125 0.787109 0.453125 0.791016 0.449219 0.791016 0.447266 0.789062 0.451172 0.785156
0 0.394531 0.789062 0.394531 0.792969 0.390625 0.792969 0.388672 0.791016 0.392578 0.787109
0 0.439453 0.792969 0.437500 0.792969 0.435547 0.794922 0.431641 0.794922 0.429688 0.792969 0.429688 0.787109 0.431641 0.785156 0.435547 0.785156 0.437500 0.787109 0.439453 0.787109
0 0.707031 0.792969 0.701172 0.798828 0.695312 0.798828 0.689453 0.792969 0.689453 0.787109 0.695312 0.781250 0.701172 0.781250 0.707031 0.787109
0 0.193359 0.794922 0.191406 0.794922 0.189453 0.796875 0.185547 0.796875 0.183594 0.794922 0.183594 0.789062 0.185547 0.787109 0.189453 0.787109 0.191406 0.789062 0.193359 0.789062
0 0.554688 0.791016 0.554688 0.794922 0.550781 0.794922 0.548828 0.792969 0.552734 0.789062
0 0.710938 0.794922 0.708984 0.794922 0.707031 0.796875 0.703125 0.796875 0.701172 0.794922 0.701172 0.789062 0.703125 0.787109 0.707031 0.787109 0.708984 0.789062 0.710938 0.789062
0 0.792969 0.791016 0.792969 0.794922 0.789062 0.794922 0.787109 0.792969 0.791016 0.789062
0 0.867188 0.794922 0.865234 0.794922 0.863281 0.796875 0.859375 0.796875 0.857422 0.794922 0.857422 0.789062 0.859375 0.787109 0.863281 0.787109 0.865234 0.789062 0.867188 0.789062
0 0.207031 0.802734 0.205078 0.802734 0.203125 0.804688 0.193359 0.804688 0.187500 0.798828 0.187500 0.789062 0.189453 0.787109 0.191406 0.787109 0.191406 0.785156 0.193359 0.783203 0.203125 0.783203 0.208984 0.789062 0.208984 0.798828 0.207031 0.800781
0 0.658203 0.792969 0.658203 0.796875 0.654297 0.796875 0.652344 0.794922 0.656250 0.791016
0 0.689453 0.794922 0.687500 0.796875 0.687500 0.798828 0.685547 0.800781 0.679688 0.800781 0.677734 0.798828 0.677734 0.796875 0.675781 0.794922 0.675781 0.792969 0.677734 0.791016 0.677734 0.789062 0.679688 0.787109 0.685547 0.787109 0.687500 0.789062 0.687500 0.791016 0.689453 0.792969
0 0.535156 0.798828 0.533203 0.798828 0.531250 0.800781 0.527344 0.800781 0.525391 0.798828 0.525391 0.792969 0.527344 0.791016 0.531250 0.791016 0.533203 0.792969 0.535156 0.792969
0 0.718750 0.798828 0.716797 0.798828 0.714844 0.800781 0.710938 0.800781 0.708984 0.798828 0.708984 0.792969 0.710938 0.791016 0.714844 0.791016 0.716797 0.792969 0.718750 0.792969
0 0.851562 0.798828 0.849609 0.798828 0.847656 0.800781 0.843750 0.800781 0.841797 0.798828 0.841797 0.792969 0.843750 0.791016 0.847656 0.791016 0.849609 0.792969 0.851562 0.792969
0 0.449219 0.800781 0.447266 0.800781 0.445312 0.802734 0.441406 0.802734 0.439453 0.800781 0.439453 0.794922 0.441406 0.792969 0.445312 0.792969 0.447266 0.794922 0.449219 0.794922
0 0.560547 0.796875 0.560547 0.800781 0.556641 0.800781 0.554688 0.798828 0.558594 0.794922
0 0.869141 0.796875 0.869141 0.800781 0.865234 0.800781 0.863281 0.798828 0.867188 0.794922
0 0.519531 0.798828 0.519531 0.802734 0.515625 0.802734 0.513672 0.800781 0.517578 0.796875
0 0.550781 0.804688 0.548828 0.804688 0.546875 0.806641 0.542969 0.806641 0.541016 0.804688 0.541016 0.798828 0.542969 0.796875 0.546875 0.796875 0.548828 0.798828 0.550781 0.798828
0 0.253906 0.802734 0.253906 0.806641 0.250000 0.806641 0.248047 0.804688 0.251953 0.800781
0 0.650391 0.806641 0.648438 0.806641 0.646484 0.808594 0.642578 0.808594 0.640625 0.806641 0.640625 0.800781 0.642578 0.798828 0.646484 0.798828 0.648438 0.800781 0.650391 0.800781
0 0.814453 0.806641 0.812500 0.806641 0.810547 0.808594 0.806641 0.808594 0.804688 0.806641 0.804688 0.800781 0.806641 0.798828 0.810547 0.798828 0.812500 0.800781 0.814453 0.800781
0 0.818359 0.802734 0.818359 0.806641 0.814453 0.806641 0.812500 0.804688 0.816406 0.800781
0 0.585938 0.806641 0.583984 0.808594 0.583984 0.810547 0.582031 0.812500 0.576172 0.812500 0.574219 0.810547 0.574219 0.808594 0.572266 0.806641 0.572266 0.804688 0.574219 0.802734 0.574219 0.800781 0.576172 0.798828 0.582031 0.798828 0.583984 0.800781 0.583984 0.802734 0.585938 0.804688
0 0.613281 0.806641 0.611328 0.808594 0.611328 0.810547 0.609375 0.812500 0.603516 0.812500 0.601562 0.810547 0.601562 0.808594 0.599609 0.806641 0.599609 0.804688 0.601562 0.802734 0.601562 0.800781 0.603516 0.798828 0.609375 0.798828 0.611328 0.800781 0.611328 0.802734 0.613281 0.804688
0 0.787109 0.806641 0.787109 0.810547 0.783203 0.810547 0.781250 0.808594 0.785156 0.804688
0 0.843750 0.810547 0.841797 0.810547 0.839844 0.812500 0.835938 0.812500 0.833984 0.810547 0.833984 0.804688 0.835938 0.802734 0.839844 0.802734 0.841797 0.804688 0.843750 0.804688
0 0.183594 0.818359 0.181641 0.818359 0.179688 0.820312 0.169922 0.820312 0.164062 0.814453 0.164062 0.804688 0.166016 0.802734 0.167969 0.802734 0.167969 0.800781 0.169922 0.798828 0.179688 0.798828 0.185547 0.804688 0.185547 0.814453 0.183594 0.816406
0 0.230469 0.808594 0.230469 0.812500 0.226562 0.812500 0.224609 0.810547 0.228516 0.806641
0 0.714844 0.812500 0.712891 0.812500 0.710938 0.814453 0.707031 0.814453 0.705078 0.812500 0.705078 0.806641 0.707031 0.804688 0.710938 0.804688 0.712891 0.806641 0.714844 0.806641
0 0.841797 0.818359 0.839844 0.818359 0.837891 0.820312 0.828125 0.820312 0.822266 0.814453 0.822266 0.804688 0.824219 0.802734 0.826172 0.802734 0.826172 0.800781 0.828125 0.798828 0.837891 0.798828 0.843750 0.804688 0.843750 0.814453 0.841797 0.816406
0 0.781250 0.810547 0.781250 0.814453 0.777344 0.814453 0.775391 0.812500 0.779297 0.808594
0 0.541016 0.816406 0.539062 0.816406 0.537109 0.818359 0.533203 0.818359 0.531250 0.816406 0.531250 0.810547 0.533203 0.808594 0.537109 0.808594 0.539062 0.810547 0.541016 0.810547
0 0.568359 0.822266 0.566406 0.822266 0.564453 0.824219 0.554688 0.824219 0.548828 0.818359 0.548828 0.808594 0.550781 0.806641 0.552734 0.806641 0.552734 0.804688 0.554688 0.802734 0.564453 0.802734 0.570312 0.808594 0.570312 0.818359 0.568359 0.820312
0 0.121094 0.816406 0.119141 0.818359 0.119141 0.820312 0.117188 0.822266 0.111328 0.822266 0.109375 0.820312 0.109375 0.818359 0.107422 0.816406 0.107422 0.814453 0.109375 0.812500 0.109375 0.810547 0.111328 0.808594 0.117188 0.808594 0.119141 0.810547 0.119141 0.812500 0.121094 0.814453
0 0.699219 0.818359 0.697266 0.818359 0.695312 0.820312 0.691406 0.820312 0.689453 0.818359 0.689453 0.812500 0.691406 0.810547 0.695312 0.810547 0.697266 0.812500 0.699219 0.812500
0 0.806641 0.814453 0.806641 0.818359 0.802734 0.818359 0.800781 0.816406 0.804688 0.812500
0 0.822266 0.816406 0.822266 0.820312 0.818359 0.820312 0.816406 0.818359 0.820312 0.814453
0 0.847656 0.820312 0.845703 0.820312 0.843750 0.822266 0.839844 0.822266 0.837891 0.820312 0.837891 0.814453 0.839844 0.812500 0.843750 0.812500 0.845703 0.814453 0.847656 0.814453
0 0.552734 0.818359 0.552734 0.822266 0.548828 0.822266 0.546875 0.820312 0.550781 0.816406
0 0.593750 0.820312 0.591797 0.822266 0.591797 0.824219 0.589844 0.826172 0.583984 0.826172 0.582031 0.824219 0.582031 0.822266 0.580078 0.820312 0.580078 0.818359 0.582031 0.816406 0.582031 0.814453 0.583984 0.812500 0.589844 0.812500 0.591797 0.814453 0.591797 0.816406 0.593750 0.818359
0 0.656250 0.824219 0.654297 0.824219 0.652344 0.826172 0.648438 0.826172 0.646484 0.824219 0.646484 0.818359 0.648438 0.816406 0.652344 0.816406 0.654297 0.818359 0.656250 0.818359
0 0.792969 0.824219 0.791016 0.824219 0.789062 0.826172 0.785156 0.826172 0.783203 0.824219 0.783203 0.818359 0.785156 0.816406 0.789062 0.816406 0.791016 0.818359 0.792969 0.818359
0 0.871094 0.822266 0.869141 0.824219 0.869141 0.826172 0.867188 0.828125 0.861328 0.828125 0.859375 0.826172 0.859375 0.824219 0.857422 0.822266 0.857422 0.820312 0.859375 0.818359 0.859375 0.816406 0.861328 0.814453 0.867188 0.814453 0.869141 0.816406 0.869141 0.818359 0.871094 0.820312
0 0.205078 0.822266 0.205078 0.826172 0.201172 0.826172 0.199219 0.824219 0.203125 0.820312
0 0.292969 0.822266 0.292969 0.826172 0.289062 0.826172 0.287109 0.824219 0.291016 0.820312
0 0.705078 0.824219 0.705078 0.828125 0.701172 0.828125 0.699219 0.826172 0.703125 0.822266
0 0.818359 0.826172 0.816406 0.828125 0.816406 0.830078 0.814453 0.832031 0.808594 0.832031 0.806641 0.830078 0.806641 0.828125 0.804688 0.826172 0.804688 0.824219 0.806641 0.822266 0.806641 0.820312 0.808594 0.818359 0.814453 0.818359 0.816406 0.820312 0.816406 0.822266 0.818359 0.824219
0 0.298828 0.826172 0.298828 0.830078 0.294922 0.830078 0.292969 0.828125 0.296875 0.824219
0 0.566406 0.835938 0.564453 0.835938 0.562500 0.837891 0.552734 0.837891 0.546875 0.832031 0.546875 0.822266 0.548828 0.820312 0.550781 0.820312 0.550781 0.818359 0.552734 0.816406 0.562500 0.816406 0.568359 0.822266 0.568359 0.832031 0.566406 0.833984
0 0.544922 0.832031 0.542969 0.832031 0.541016 0.833984 0.537109 0.833984 0.535156 0.832031 0.535156 0.826172 0.537109 0.824219 0.541016 0.824219 0.542969 0.826172 0.544922 0.826172
0 0.660156 0.828125 0.660156 0.832031 0.656250 0.832031 0.654297 0.830078 0.658203 0.826172
0 0.181641 0.832031 0.179688 0.833984 0.179688 0.835938 0.177734 0.837891 0.171875 0.837891 0.169922 0.835938 0.169922 0.833984 0.167969 0.832031 0.167969 0.830078 0.169922 0.828125 0.169922 0.826172 0.171875 0.824219 0.177734 0.824219 0.179688 0.826172 0.179688 0.828125 0.181641 0.830078
0 0.597656 0.839844 0.595703 0.839844 0.593750 0.841797 0.583984 0.841797 0.578125 0.835938 0.578125 0.826172 0.580078 0.824219 0.582031 0.824219 0.582031 0.822266 0.583984 0.820312 0.593750 0.820312 0.599609 0.826172 0.599609 0.835938 0.597656 0.837891
0 0.285156 0.832031 0.285156 0.835938 0.281250 0.835938 0.279297 0.833984 0.283203 0.830078
0 0.640625 0.841797 0.638672 0.841797 0.636719 0.843750 0.626953 0.843750 0.621094 0.837891 0.621094 0.828125 0.623047 0.826172 0.625000 0.826172 0.625000 0.824219 0.626953 0.822266 0.636719 0.822266 0.642578 0.828125 0.642578 0.837891 0.640625 0.839844
0 0.712891 0.835938 0.707031 0.841797 0.701172 0.841797 0.695312 0.835938 0.695312 0.830078 0.701172 0.824219 0.707031 0.824219 0.712891 0.830078
0 0.775391 0.835938 0.773438 0.835938 0.771484 0.837891 0.767578 0.837891 0.765625 0.835938 0.765625 0.830078 0.767578 0.828125 0.771484 0.828125 0.773438 0.830078 0.775391 0.830078
0 0.888672 0.835938 0.882812 0.841797 0.876953 0.841797 0.871094 0.835938 0.871094 0.830078 0.876953 0.824219 0.882812 0.824219 0.888672 0.830078
0 0.298828 0.833984 0.298828 0.837891 0.294922 0.837891 0.292969 0.835938 0.296875 0.832031
0 0.199219 0.839844 0.197266 0.839844 0.195312 0.841797 0.191406 0.841797 0.189453 0.839844 0.189453 0.833984 0.191406 0.832031 0.195312 0.832031 0.197266 0.833984 0.199219 0.833984
0 0.257812 0.837891 0.257812 0.841797 0.253906 0.841797 0.251953 0.839844 0.255859 0.835938
0 0.572266 0.841797 0.570312 0.841797 0.568359 0.843750 0.564453 0.843750 0.562500 0.841797 0.562500 0.835938 0.564453 0.833984 0.568359 0.833984 0.570312 0.835938 0.572266 0.835938
0 0.869141 0.837891 0.869141 0.841797 0.865234 0.841797 0.863281 0.839844 0.867188 0.835938
0 0.826172 0.843750 0.824219 0.843750 0.822266 0.845703 0.818359 0.845703 0.816406 0.843750 0.816406 0.837891 0.818359 0.835938 0.822266 0.835938 0.824219 0.837891 0.826172 0.837891
0 0.123047 0.845703 0.117188 0.851562 0.111328 0.851562 0.105469 0.845703 0.105469 0.839844 0.111328 0.833984 0.117188 0.833984 0.123047 0.839844
0 0.251953 0.843750 0.251953 0.847656 0.248047 0.847656 0.246094 0.845703 0.250000 0.841797
0 0.263672 0.843750 0.263672 0.847656 0.259766 0.847656 0.257812 0.845703 0.261719 0.841797
0 0.691406 0.843750 0.691406 0.847656 0.687500 0.847656 0.685547 0.845703 0.689453 0.841797
0 0.710938 0.847656 0.708984 0.847656 0.707031 0.849609 0.703125 0.849609 0.701172 0.847656 0.701172 0.841797 0.703125 0.839844 0.707031 0.839844 0.708984 0.841797 0.710938 0.841797
0 0.648438 0.849609 0.646484 0.849609 0.644531 0.851562 0.640625 0.851562 0.638672 0.849609 0.638672 0.843750 0.640625 0.841797 0.644531 0.841797 0.646484 0.843750 0.648438 0.843750
0 0.662109 0.855469 0.660156 0.855469 0.658203 0.857422 0.648438 0.857422 0.642578 0.851562 0.642578 0.841797 0.644531 0.839844 0.646484 0.839844 0.646484 0.837891 0.648438 0.835938 0.658203 0.835938 0.664062 0.841797 0.664062 0.851562 0.662109 0.853516
0 0.761719 0.849609 0.755859 0.855469 0.750000 0.855469 0.744141 0.849609 0.744141 0.843750 0.750000 0.837891 0.755859 0.837891 0.761719 0.843750
0 0.806641 0.849609 0.804688 0.849609 0.802734 0.851562 0.798828 0.851562 0.796875 0.849609 0.796875 0.843750 0.798828 0.841797 0.802734 0.841797 0.804688 0.843750 0.806641 0.843750
0 0.570312 0.853516 0.568359 0.853516 0.566406 0.855469 0.562500 0.855469 0.560547 0.853516 0.560547 0.847656 0.562500 0.845703 0.566406 0.845703 0.568359 0.847656 0.570312 0.847656
0 0.587891 0.853516 0.585938 0.853516 0.583984 0.855469 0.580078 0.855469 0.578125 0.853516 0.578125 0.847656 0.580078 0.845703 0.583984 0.845703 0.585938 0.847656 0.587891 0.847656
0 0.937500 0.851562 0.937500 0.855469 0.933594 0.855469 0.931641 0.853516 0.935547 0.849609
0 0.615234 0.857422 0.609375 0.863281 0.603516 0.863281 0.597656 0.857422 0.597656 0.851562 0.603516 0.845703 0.609375 0.845703 0.615234 0.851562
0 0.818359 0.857422 0.816406 0.857422 0.814453 0.859375 0.810547 0.859375 0.808594 0.857422 0.808594 0.851562 0.810547 0.849609 0.814453 0.849609 0.816406 0.851562 0.818359 0.851562
0 0.949219 0.853516 0.949219 0.857422 0.945312 0.857422 0.943359 0.855469 0.947266 0.851562
0 0.687500 0.861328 0.681641 0.867188 0.675781 0.867188 0.669922 0.861328 0.669922 0.855469 0.675781 0.849609 0.681641 0.849609 0.687500 0.855469
0 0.898438 0.859375 0.896484 0.861328 0.896484 0.863281 0.894531 0.865234 0.888672 0.865234 0.886719 0.863281 0.886719 0.861328 0.884766 0.859375 0.884766 0.857422 0.886719 0.855469 0.886719 0.853516 0.888672 0.851562 0.894531 0.851562 0.896484 0.853516 0.896484 0.855469 0.898438 0.857422
0 0.126953 0.863281 0.125000 0.865234 0.125000 0.867188 0.123047 0.869141 0.117188 0.869141 0.115234 0.867188 0.115234 0.865234 0.113281 0.863281 0.113281 0.861328 0.115234 0.859375 0.115234 0.857422 0.117188 0.855469 0.123047 0.855469 0.125000 0.857422 0.125000 0.859375 0.126953 0.861328
0 0.175781 0.865234 0.169922 0.871094 0.164062 0.871094 0.158203 0.865234 0.158203 0.859375 0.164062 0.853516 0.169922 0.853516 0.175781 0.859375
0 0.550781 0.861328 0.550781 0.865234 0.546875 0.865234 0.544922 0.863281 0.548828 0.859375
0 0.923828 0.865234 0.921875 0.867188 0.921875 0.869141 0.919922 0.871094 0.914062 0.871094 0.912109 0.869141 0.912109 0.867188 0.910156 0.865234 0.910156 0.863281 0.912109 0.861328 0.912109 0.859375 0.914062 0.857422 0.919922 0.857422 0.921875 0.859375 0.921875 0.861328 0.923828 0.863281
0 0.839844 0.867188 0.837891 0.869141 0.837891 0.871094 0.835938 0.873047 0.830078 0.873047 0.828125 0.871094 0.828125 0.869141 0.826172 0.867188 0.826172 0.865234 0.828125 0.863281 0.828125 0.861328 0.830078 0.859375 0.835938 0.859375 0.837891 0.861328 0.837891 0.863281 0.839844 0.865234
0 0.857422 0.867188 0.855469 0.869141 0.855469 0.871094 0.853516 0.873047 0.847656 0.873047 0.845703 0.871094 0.845703 0.869141 0.843750 0.867188 0.843750 0.865234 0.845703 0.863281 0.845703 0.861328 0.847656 0.859375 0.853516 0.859375 0.855469 0.861328 0.855469 0.863281 0.857422 0.865234
0 0.548828 0.867188 0.548828 0.871094 0.544922 0.871094 0.542969 0.869141 0.546875 0.865234
0 0.560547 0.867188 0.560547 0.871094 0.556641 0.871094 0.554688 0.869141 0.558594 0.865234
0 0.628906 0.869141 0.626953 0.871094 0.626953 0.873047 0.625000 0.875000 0.619141 0.875000 0.617188 0.873047 0.617188 0.871094 0.615234 0.869141 0.615234 0.867188 0.617188 0.865234 0.617188 0.863281 0.619141 0.861328 0.625000 0.861328 0.626953 0.863281 0.626953 0.865234 0.628906 0.867188
0 0.656250 0.869141 0.654297 0.871094 0.654297 0.873047 0.652344 0.875000 0.646484 0.875000 0.644531 0.873047 0.644531 0.871094 0.642578 0.869141 0.642578 0.867188 0.644531 0.865234 0.644531 0.863281 0.646484 0.861328 0.652344 0.861328 0.654297 0.863281 0.654297 0.865234 0.656250 0.867188
0 0.765625 0.878906 0.763672 0.878906 0.761719 0.880859 0.751953 0.880859 0.746094 0.875000 0.746094 0.865234 0.748047 0.863281 0.750000 0.863281 0.750000 0.861328 0.751953 0.859375 0.761719 0.859375 0.767578 0.865234 0.767578 0.875000 0.765625 0.876953
0 0.958984 0.869141 0.958984 0.873047 0.955078 0.873047 0.953125 0.871094 0.957031 0.867188
0 0.720703 0.886719 0.718750 0.886719 0.716797 0.888672 0.707031 0.888672 0.701172 0.882812 0.701172 0.873047 0.703125 0.871094 0.705078 0.871094 0.705078 0.869141 0.707031 0.867188 0.716797 0.867188 0.722656 0.873047 0.722656 0.882812 0.720703 0.884766
0 0.914062 0.886719 0.912109 0.886719 0.910156 0.888672 0.900391 0.888672 0.894531 0.882812 0.894531 0.873047 0.896484 0.871094 0.898438 0.871094 0.898438 0.869141 0.900391 0.867188 0.910156 0.867188 0.916016 0.873047 0.916016 0.882812 0.914062 0.884766
0 0.136719 0.884766 0.134766 0.884766 0.132812 0.886719 0.128906 0.886719 0.126953 0.884766 0.126953 0.878906 0.128906 0.876953 0.132812 0.876953 0.134766 0.878906 0.136719 0.878906
0 0.957031 0.880859 0.957031 0.884766 0.953125 0.884766 0.951172 0.882812 0.955078 0.878906
0 0.148438 0.888672 0.146484 0.888672 0.144531 0.890625 0.140625 0.890625 0.138672 0.888672 0.138672 0.882812 0.140625 0.880859 0.144531 0.880859 0.146484 0.882812 0.148438 0.882812
0 0.701172 0.894531 0.699219 0.894531 0.697266 0.896484 0.693359 0.896484 0.691406 0.894531 0.691406 0.888672 0.693359 0.886719 0.697266 0.886719 0.699219 0.888672 0.701172 0.888672
0 0.681641 0.896484 0.679688 0.896484 0.677734 0.898438 0.673828 0.898438 0.671875 0.896484 0.671875 0.890625 0.673828 0.888672 0.677734 0.888672 0.679688 0.890625 0.681641 0.890625
0 0.835938 0.894531 0.833984 0.896484 0.833984 0.898438 0.832031 0.900391 0.826172 0.900391 0.824219 0.898438 0.824219 0.896484 0.822266 0.894531 0.822266 0.892578 0.824219 0.890625 0.824219 0.888672 0.826172 0.886719 0.832031 0.886719 0.833984 0.888672 0.833984 0.890625 0.835938 0.892578
0 0.921875 0.894531 0.919922 0.896484 0.919922 0.898438 0.917969 0.900391 0.912109 0.900391 0.910156 0.898438 0.910156 0.896484 0.908203 0.894531 0.908203 0.892578 0.910156 0.890625 0.910156 0.888672 0.912109 0.886719 0.917969 0.886719 0.919922 0.888672 0.919922 0.890625 0.921875 0.892578
0 0.892578 0.898438 0.890625 0.900391 0.890625 0.902344 0.888672 0.904297 0.882812 0.904297 0.880859 0.902344 0.880859 0.900391 0.878906 0.898438 0.878906 0.896484 0.880859 0.894531 0.880859 0.892578 0.882812 0.890625 0.888672 0.890625 0.890625 0.892578 0.890625 0.894531 0.892578 0.896484
0 0.656250 0.900391 0.656250 0.904297 0.652344 0.904297 0.650391 0.902344 0.654297 0.898438
0 0.580078 0.906250 0.578125 0.906250 0.576172 0.908203 0.572266 0.908203 0.570312 0.906250 0.570312 0.900391 0.572266 0.898438 0.576172 0.898438 0.578125 0.900391 0.580078 0.900391
0 0.773438 0.904297 0.773438 0.908203 0.769531 0.908203 0.767578 0.906250 0.771484 0.902344
0 0.820312 0.908203 0.818359 0.908203 0.816406 0.910156 0.812500 0.910156 0.810547 0.908203 0.810547 0.902344 0.812500 0.900391 0.816406 0.900391 0.818359 0.902344 0.820312 0.902344
0 0.921875 0.906250 0.919922 0.908203 0.919922 0.910156 0.917969 0.912109 0.912109 0.912109 0.910156 0.910156 0.910156 0.908203 0.908203 0.906250 0.908203 0.904297 0.910156 0.902344 0.910156 0.900391 0.912109 0.898438 0.917969 0.898438 0.919922 0.900391 0.919922 0.902344 0.921875 0.904297
0 0.615234 0.910156 0.613281 0.912109 0.613281 0.914062 0.611328 0.916016 0.605469 0.916016 0.603516 0.914062 0.603516 0.912109 0.601562 0.910156 0.601562 0.908203 0.603516 0.906250 0.603516 0.904297 0.605469 0.902344 0.611328 0.902344 0.613281 0.904297 0.613281 0.906250 0.615234 0.908203
0 0.656250 0.912109 0.654297 0.912109 0.652344 0.914062 0.648438 0.914062 0.646484 0.912109 0.646484 0.906250 0.648438 0.904297 0.652344 0.904297 0.654297 0.906250 0.656250 0.906250
0 0.785156 0.908203 0.785156 0.912109 0.781250 0.912109 0.779297 0.910156 0.783203 0.906250
0 0.572266 0.914062 0.566406 0.919922 0.560547 0.919922 0.554688 0.914062 0.554688 0.908203 0.560547 0.902344 0.566406 0.902344 0.572266 0.908203
0 0.640625 0.914062 0.634766 0.919922 0.628906 0.919922 0.623047 0.914062 0.623047 0.908203 0.628906 0.902344 0.634766 0.902344 0.640625 0.908203
0 0.232422 0.912109 0.232422 0.916016 0.228516 0.916016 0.226562 0.914062 0.230469 0.910156
0 0.630859 0.916016 0.628906 0.916016 0.626953 0.917969 0.623047 0.917969 0.621094 0.916016 0.621094 0.910156 0.623047 0.908203 0.626953 0.908203 0.628906 0.910156 0.630859 0.910156
0 0.730469 0.916016 0.728516 0.916016 0.726562 0.917969 0.722656 0.917969 0.720703 0.916016 0.720703 0.910156 0.722656 0.908203 0.726562 0.908203 0.728516 0.910156 0.730469 0.910156
0 0.740234 0.916016 0.738281 0.916016 0.736328 0.917969 0.732422 0.917969 0.730469 0.916016 0.730469 0.910156 0.732422 0.908203 0.736328 0.908203 0.738281 0.910156 0.740234 0.910156
0 0.242188 0.914062 0.242188 0.917969 0.238281 0.917969 0.236328 0.916016 0.240234 0.912109
0 0.687500 0.917969 0.685547 0.917969 0.683594 0.919922 0.679688 0.919922 0.677734 0.917969 0.677734 0.912109 0.679688 0.910156 0.683594 0.910156 0.685547 0.912109 0.687500 0.912109
0 0.914062 0.916016 0.912109 0.917969 0.912109 0.919922 0.910156 0.921875 0.904297 0.921875 0.902344 0.919922 0.902344 0.917969 0.900391 0.916016 0.900391 0.914062 0.902344 0.912109 0.902344 0.910156 0.904297 0.908203 0.910156 0.908203 0.912109 0.910156 0.912109 0.912109 0.914062 0.914062
0 0.671875 0.919922 0.669922 0.919922 0.667969 0.921875 0.664062 0.921875 0.662109 0.919922 0.662109 0.914062 0.664062 0.912109 0.667969 0.912109 0.669922 0.914062 0.671875 0.914062
0 0.234375 0.921875 0.234375 0.925781 0.230469 0.925781 0.228516 0.923828 0.232422 0.919922
0 0.587891 0.927734 0.585938 0.929688 0.585938 0.931641 0.583984 0.933594 0.578125 0.933594 0.576172 0.931641 0.576172 0.929688 0.574219 0.927734 0.574219 0.925781 0.576172 0.923828 0.576172 0.921875 0.578125 0.919922 0.583984 0.919922 0.585938 0.921875 0.585938 0.923828 0.587891 0.925781
0 0.830078 0.927734 0.828125 0.929688 0.828125 0.931641 0.826172 0.933594 0.820312 0.933594 0.818359 0.931641 0.818359 0.929688 0.816406 0.927734 0.816406 0.925781 0.818359 0.923828 0.818359 0.921875 0.820312 0.919922 0.826172 0.919922 0.828125 0.921875 0.828125 0.923828 0.830078 0.925781
0 0.708984 0.931641 0.707031 0.931641 0.705078 0.933594 0.701172 0.933594 0.699219 0.931641 0.699219 0.925781 0.701172 0.923828 0.705078 0.923828 0.707031 0.925781 0.708984 0.925781
0 0.550781 0.933594 0.548828 0.933594 0.546875 0.935547 0.542969 0.935547 0.541016 0.933594 0.541016 0.927734 0.542969 0.925781 0.546875 0.925781 0.548828 0.927734 0.550781 0.927734
0 0.621094 0.933594 0.619141 0.933594 0.617188 0.935547 0.613281 0.935547 0.611328 0.933594 0.611328 0.927734 0.613281 0.925781 0.617188 0.925781 0.619141 0.927734 0.621094 0.927734
0 0.666016 0.929688 0.666016 0.933594 0.662109 0.933594 0.660156 0.931641 0.664062 0.927734
0 0.724609 0.931641 0.722656 0.933594 0.722656 0.935547 0.720703 0.937500 0.714844 0.937500 0.712891 0.935547 0.712891 0.933594 0.710938 0.931641 0.710938 0.929688 0.712891 0.927734 0.712891 0.925781 0.714844 0.923828 0.720703 0.923828 0.722656 0.925781 0.722656 0.927734 0.724609 0.929688
0 0.943359 0.929688 0.943359 0.933594 0.939453 0.933594 0.937500 0.931641 0.941406 0.927734
0 0.949219 0.929688 0.949219 0.933594 0.945312 0.933594 0.943359 0.931641 0.947266 0.927734
0 0.830078 0.941406 0.828125 0.941406 0.826172 0.943359 0.816406 0.943359 0.810547 0.937500 0.810547 0.927734 0.812500 0.925781 0.814453 0.925781 0.814453 0.923828 0.816406 0.921875 0.826172 0.921875 0.832031 0.927734 0.832031 0.937500 0.830078 0.939453
0 0.769531 0.935547 0.769531 0.939453 0.765625 0.939453 0.763672 0.937500 0.767578 0.933594
0 0.611328 0.943359 0.609375 0.945312 0.609375 0.947266 0.607422 0.949219 0.601562 0.949219 0.599609 0.947266 0.599609 0.945312 0.597656 0.943359 0.597656 0.941406 0.599609 0.939453 0.599609 0.937500 0.601562 0.935547 0.607422 0.935547 0.609375 0.937500 0.609375 0.939453 0.611328 0.941406
0 0.759766 0.941406 0.759766 0.945312 0.755859 0.945312 0.753906 0.943359 0.757812 0.939453
0 0.708984 0.945312 0.708984 0.949219 0.705078 0.949219 0.703125 0.947266 0.707031 0.943359
0 0.605469 0.957031 0.603516 0.957031 0.601562 0.958984 0.591797 0.958984 0.585938 0.953125 0.585938 0.943359 0.587891 0.941406 0.589844 0.941406 0.589844 0.939453 0.591797 0.937500 0.601562 0.937500 0.607422 0.943359 0.607422 0.953125 0.605469 0.955078
0 0.941406 0.951172 0.941406 0.955078 0.937500 0.955078 0.935547 0.953125 0.939453 0.949219
0 0.794922 0.958984 0.792969 0.958984 0.791016 0.960938 0.787109 0.960938 0.785156 0.958984 0.785156 0.953125 0.787109 0.951172 0.791016 0.951172 0.792969 0.953125 0.794922 0.953125
0 0.935547 0.955078 0.935547 0.958984 0.931641 0.958984 0.929688 0.957031 0.933594 0.953125
0 0.552734 0.962891 0.550781 0.964844 0.550781 0.966797 0.548828 0.968750 0.542969 0.968750 0.541016 0.966797 0.541016 0.964844 0.539062 0.962891 0.539062 0.960938 0.541016 0.958984 0.541016 0.957031 0.542969 0.955078 0.548828 0.955078 0.550781 0.957031 0.550781 0.958984 0.552734 0.960938
0 0.832031 0.964844 0.830078 0.964844 0.828125 0.966797 0.824219 0.966797 0.822266 0.964844 0.822266 0.958984 0.824219 0.957031 0.828125 0.957031 0.830078 0.958984 0.832031 0.958984
0 0.943359 0.960938 0.943359 0.964844 0.939453 0.964844 0.937500 0.962891 0.941406 0.958984
0 0.529297 0.972656 0.527344 0.972656 0.525391 0.974609 0.515625 0.974609 0.509766 0.968750 0.509766 0.958984 0.511719 0.957031 0.513672 0.957031 0.513672 0.955078 0.515625 0.953125 0.525391 0.953125 0.531250 0.958984 0.531250 0.968750 0.529297 0.970703
0 0.781250 0.966797 0.779297 0.966797 0.777344 0.968750 0.773438 0.968750 0.771484 0.966797 0.771484 0.960938 0.773438 0.958984 0.777344 0.958984 0.779297 0.960938 0.781250 0.960938
0 0.533203 0.968750 0.531250 0.968750 0.529297 0.970703 0.525391 0.970703 0.523438 0.968750 0.523438 0.962891 0.525391 0.960938 0.529297 0.960938 0.531250 0.962891 0.533203 0.962891
0 0.818359 0.966797 0.816406 0.968750 0.816406 0.970703 0.814453 0.972656 0.808594 0.972656 0.806641 0.970703 0.806641 0.968750 0.804688 0.966797 0.804688 0.964844 0.806641 0.962891 0.806641 0.960938 0.808594 0.958984 0.814453 0.958984 0.816406 0.960938 0.816406 0.962891 0.818359 0.964844
0 0.886719 0.966797 0.886719 0.970703 0.882812 0.970703 0.880859 0.968750 0.884766 0.964844
0 0.574219 0.978516 0.572266 0.978516 0.570312 0.980469 0.560547 0.980469 0.554688 0.974609 0.554688 0.964844 0.556641 0.962891 0.558594 0.962891 0.558594 0.960938 0.560547 0.958984 0.570312 0.958984 0.576172 0.964844 0.576172 0.974609 0.574219 0.976562
0 0.875000 0.968750 0.875000 0.972656 0.871094 0.972656 0.869141 0.970703 0.873047 0.966797
0 0.521484 0.974609 0.519531 0.974609 0.517578 0.976562 0.513672 0.976562 0.511719 0.974609 0.511719 0.968750 0.513672 0.966797 0.517578 0.966797 0.519531 0.968750 0.521484 0.968750
0 0.835938 0.976562 0.833984 0.976562 0.832031 0.978516 0.828125 0.978516 0.826172 0.976562 0.826172 0.970703 0.828125 0.968750 0.832031 0.968750 0.833984 0.970703 0.835938 0.970703
0 0.568359 0.976562 0.566406 0.978516 0.566406 0.980469 0.564453 0.982422 0.558594 0.982422 0.556641 0.980469 0.556641 0.978516 0.554688 0.976562 0.554688 0.974609 0.556641 0.972656 0.556641 0.970703 0.558594 0.968750 0.564453 0.968750 0.566406 0.970703 0.566406 0.972656 0.568359 0.974609
0 0.582031 0.978516 0.580078 0.978516 0.578125 0.980469 0.574219 0.980469 0.572266 0.978516 0.572266 0.972656 0.574219 0.970703 0.578125 0.970703 0.580078 0.972656 0.582031 0.972656
0 0.761719 0.978516 0.759766 0.978516 0.757812 0.980469 0.753906 0.980469 0.751953 0.978516 0.751953 0.972656 0.753906 0.970703 0.757812 0.970703 0.759766 0.972656 0.761719 0.972656
0 0.886719 0.974609 0.886719 0.978516 0.882812 0.978516 0.880859 0.976562 0.884766 0.972656
0 0.876953 0.976562 0.876953 0.980469 0.873047 0.980469 0.871094 0.978516 0.875000 0.974609
0 0.593750 0.982422 0.591797 0.982422 0.589844 0.984375 0.585938 0.984375 0.583984 0.982422 0.583984 0.976562 0.585938 0.974609 0.589844 0.974609 0.591797 0.976562 0.593750 0.976562
0 0.746094 0.984375 0.744141 0.984375 0.742188 0.986328 0.738281 0.986328 0.736328 0.984375 0.736328 0.978516 0.738281 0.976562 0.742188 0.976562 0.744141 0.978516 0.746094 0.978516
0 0.607422 0.994141 0.605469 0.994141 0.603516 0.996094 0.593750 0.996094 0.587891 0.990234 0.587891 0.980469 0.589844 0.978516 0.591797 0.978516 0.591797 0.976562 0.593750 0.974609 0.603516 0.974609 0.609375 0.980469 0.609375 0.990234 0.607422 0.992188
0 0.505859 0.994141 0.503906 0.994141 0.501953 0.996094 0.498047 0.996094 0.496094 0.994141 0.496094 0.988281 0.498047 0.986328 0.501953 0.986328 0.503906 0.988281 0.505859 0.988281
0 0.613281 0.990234 0.613281 0.994141 0.609375 0.994141 0.607422 0.992188 0.611328 0.988281
0 0.625000 0.990234 0.625000 0.994141 0.621094 0.994141 0.619141 0.992188 0.623047 0.988281
0 0.746094 0.998047 0.736328 0.998047 0.736328 0.994141 0.738281 0.992188 0.742188 0.992188 0.744141 0.994141 0.746094 0.994141
0 0.779297 0.998047 0.761719 0.998047 0.761719 0.994141 0.767578 0.988281 0.773438 0.988281 0.779297 0.994141
0 0.818359 0.998047 0.796875 0.998047 0.796875 0.992188 0.798828 0.990234 0.800781 0.990234 0.800781 0.988281 0.802734 0.986328 0.812500 0.986328 0.818359 0.992188
0 0.841797 0.998047 0.828125 0.998047 0.828125 0.996094 0.830078 0.994141 0.830078 0.992188 0.832031 0.990234 0.837891 0.990234 0.839844 0.992188 0.839844 0.994141 0.841797 0.996094
