0 0.355469 0.011719 0.351562 0.015625 0.351562 0.017578 0.355469 0.021484 0.359375 0.021484 0.359375 0.019531 0.361328 0.017578 0.361328 0.013672 0.359375 0.011719
0 0.037109 0.027344 0.033203 0.031250 0.033203 0.037109 0.037109 0.041016 0.039062 0.041016 0.041016 0.042969 0.048828 0.042969 0.052734 0.039062 0.052734 0.031250 0.048828 0.027344
0 0.000000 0.064453 0.000000 0.080078 0.005859 0.080078 0.007812 0.078125 0.007812 0.070312 0.003906 0.066406 0.001953 0.066406
1 0.482422 0.068359 0.482422 0.070312 0.484375 0.072266 0.486328 0.072266 0.488281 0.074219 0.492188 0.074219 0.498047 0.078125 0.503906 0.074219 0.498047 0.070312 0.492188 0.070312 0.488281 0.064453 0.486328 0.064453
0 0.447266 0.066406 0.445312 0.068359 0.445312 0.070312 0.449219 0.074219 0.451172 0.074219 0.453125 0.072266 0.453125 0.068359 0.451172 0.066406
0 0.000000 0.097656 0.000000 0.107422 0.003906 0.103516 0.003906 0.101562
0 0.326172 0.101562 0.326172 0.103516 0.324219 0.105469 0.328125 0.109375 0.332031 0.109375 0.333984 0.107422 0.333984 0.105469 0.332031 0.103516 0.332031 0.101562
0 0.191406 0.111328 0.191406 0.113281 0.193359 0.113281 0.193359 0.111328
0 0.357422 0.113281 0.357422 0.115234 0.359375 0.117188 0.365234 0.117188 0.365234 0.113281 0.363281 0.111328 0.359375 0.111328
0 0.587891 0.111328 0.587891 0.113281 0.589844 0.115234 0.595703 0.115234 0.597656 0.113281 0.597656 0.111328 0.595703 0.109375 0.589844 0.109375
0 0.380859 0.130859 0.378906 0.132812 0.378906 0.136719 0.380859 0.138672 0.384766 0.138672 0.386719 0.136719 0.386719 0.132812 0.384766 0.130859
0 0.390625 0.154297 0.386719 0.158203 0.386719 0.167969 0.390625 0.171875 0.398438 0.171875 0.400391 0.169922 0.402344 0.169922 0.402344 0.164062 0.404297 0.162109 0.398438 0.156250 0.394531 0.156250 0.392578 0.154297
0 0.250000 0.158203 0.246094 0.158203 0.244141 0.160156 0.240234 0.160156 0.240234 0.166016 0.244141 0.169922 0.248047 0.169922 0.251953 0.166016 0.251953 0.160156
0 0.671875 0.162109 0.671875 0.166016 0.673828 0.167969 0.673828 0.169922 0.679688 0.169922 0.681641 0.167969 0.681641 0.164062 0.677734 0.160156 0.675781 0.160156 0.673828 0.162109
0 0.492188 0.167969 0.490234 0.169922 0.490234 0.173828 0.492188 0.175781 0.496094 0.175781 0.498047 0.173828 0.498047 0.169922 0.496094 0.167969
0 0.400391 0.181641 0.398438 0.179688 0.396484 0.179688 0.394531 0.181641 0.394531 0.185547 0.398438 0.185547 0.400391 0.183594
0 0.632812 0.187500 0.630859 0.189453 0.626953 0.189453 0.625000 0.191406 0.625000 0.201172 0.632812 0.201172 0.636719 0.197266 0.636719 0.191406
0 0.287109 0.212891 0.285156 0.214844 0.285156 0.222656 0.287109 0.224609 0.287109 0.226562 0.291016 0.230469 0.294922 0.230469 0.296875 0.228516 0.296875 0.226562 0.298828 0.224609 0.294922 0.220703 0.294922 0.218750 0.291016 0.214844 0.291016 0.212891
0 0.654297 0.210938 0.652344 0.212891 0.654297 0.214844 0.656250 0.214844 0.658203 0.212891 0.656250 0.210938
0 0.265625 0.214844 0.261719 0.218750 0.261719 0.220703 0.259766 0.222656 0.259766 0.224609 0.263672 0.228516 0.267578 0.228516 0.273438 0.222656 0.273438 0.220703 0.269531 0.216797 0.267578 0.216797
0 0.701172 0.216797 0.699219 0.218750 0.699219 0.226562 0.703125 0.230469 0.707031 0.230469 0.710938 0.226562 0.710938 0.220703 0.707031 0.216797
0 0.791016 0.218750 0.789062 0.220703 0.789062 0.224609 0.791016 0.226562 0.792969 0.226562 0.794922 0.224609 0.794922 0.220703 0.792969 0.218750
0 0.435547 0.224609 0.433594 0.226562 0.433594 0.230469 0.431641 0.232422 0.435547 0.236328 0.437500 0.236328 0.439453 0.238281 0.443359 0.238281 0.447266 0.234375 0.447266 0.232422 0.445312 0.230469 0.445312 0.228516 0.441406 0.224609
0 0.546875 0.226562 0.548828 0.228516 0.548828 0.226562
0 0.373047 0.232422 0.371094 0.234375 0.371094 0.236328 0.373047 0.238281 0.375000 0.238281 0.376953 0.236328 0.375000 0.234375 0.375000 0.232422
0 0.740234 0.246094 0.736328 0.246094 0.732422 0.250000 0.734375 0.251953 0.734375 0.259766 0.736328 0.261719 0.738281 0.261719 0.740234 0.259766 0.740234 0.255859 0.742188 0.253906 0.742188 0.250000 0.740234 0.248047
0 0.324219 0.263672 0.324219 0.265625 0.326172 0.265625
0 0.437500 0.263672 0.437500 0.265625 0.431641 0.271484 0.431641 0.275391 0.433594 0.277344 0.435547 0.277344 0.437500 0.275391 0.439453 0.275391 0.441406 0.277344 0.443359 0.275391 0.443359 0.273438 0.437500 0.267578
0 0.683594 0.263672 0.677734 0.269531 0.677734 0.271484 0.679688 0.273438 0.679688 0.275391 0.681641 0.275391 0.685547 0.279297 0.689453 0.275391 0.691406 0.275391 0.691406 0.267578 0.689453 0.265625 0.687500 0.265625 0.685547 0.263672
1 0.191406 0.277344 0.189453 0.275391 0.187500 0.277344 0.185547 0.277344 0.185547 0.279297 0.187500 0.277344 0.189453 0.279297
1 0.568359 0.285156 0.564453 0.296875 0.576172 0.306641 0.578125 0.304688 0.587891 0.304688 0.591797 0.300781 0.595703 0.304688 0.595703 0.308594 0.603516 0.316406 0.607422 0.316406 0.615234 0.308594 0.613281 0.298828 0.607422 0.294922 0.599609 0.294922 0.593750 0.281250 0.585938 0.279297
0 0.367188 0.296875 0.367188 0.300781 0.373047 0.306641 0.380859 0.306641 0.382812 0.304688 0.382812 0.298828 0.380859 0.296875 0.378906 0.296875 0.376953 0.294922 0.375000 0.294922 0.373047 0.292969 0.371094 0.294922 0.369141 0.294922
0 0.244141 0.316406 0.242188 0.314453 0.240234 0.314453 0.238281 0.316406 0.238281 0.320312 0.242188 0.320312 0.244141 0.318359
0 0.580078 0.316406 0.576172 0.316406 0.576172 0.318359 0.578125 0.320312 0.580078 0.318359
0 0.246094 0.326172 0.240234 0.326172 0.232422 0.332031 0.228516 0.332031 0.226562 0.333984 0.226562 0.339844 0.224609 0.341797 0.226562 0.343750 0.226562 0.349609 0.228516 0.351562 0.232422 0.351562 0.232422 0.345703 0.234375 0.343750 0.242188 0.343750 0.246094 0.339844 0.246094 0.337891 0.248047 0.335938 0.248047 0.328125
0 0.285156 0.330078 0.283203 0.332031 0.283203 0.335938 0.285156 0.335938 0.287109 0.333984 0.287109 0.332031
1 0.724609 0.330078 0.722656 0.332031 0.720703 0.330078 0.718750 0.332031 0.718750 0.333984 0.720703 0.333984
0 0.466797 0.335938 0.466797 0.339844 0.464844 0.341797 0.464844 0.351562 0.468750 0.355469 0.468750 0.357422 0.474609 0.361328 0.488281 0.361328 0.494141 0.353516 0.494141 0.347656 0.492188 0.343750 0.486328 0.337891 0.484375 0.337891 0.482422 0.333984 0.480469 0.335938 0.478516 0.333984 0.470703 0.333984
0 0.818359 0.333984 0.816406 0.333984 0.812500 0.337891 0.812500 0.341797 0.816406 0.345703 0.820312 0.341797 0.820312 0.335938
0 0.291016 0.337891 0.289062 0.339844 0.289062 0.341797 0.287109 0.343750 0.287109 0.345703 0.289062 0.347656 0.289062 0.351562 0.291016 0.353516 0.298828 0.353516 0.300781 0.351562 0.300781 0.341797 0.296875 0.337891
0 0.912109 0.347656 0.906250 0.347656 0.902344 0.351562 0.902344 0.353516 0.904297 0.355469 0.908203 0.355469 0.912109 0.351562
0 0.162109 0.351562 0.160156 0.353516 0.160156 0.359375 0.162109 0.361328 0.164062 0.361328 0.164062 0.359375 0.166016 0.357422 0.166016 0.353516 0.164062 0.351562
0 0.246094 0.351562 0.246094 0.353516 0.248047 0.353516
0 0.144531 0.357422 0.144531 0.359375 0.146484 0.361328 0.148438 0.361328 0.150391 0.359375 0.150391 0.357422
1 0.210938 0.365234 0.208984 0.367188 0.210938 0.369141 0.208984 0.371094 0.208984 0.373047 0.207031 0.375000 0.205078 0.375000 0.205078 0.384766 0.207031 0.386719 0.212891 0.386719 0.218750 0.390625 0.216797 0.388672 0.218750 0.386719 0.218750 0.384766 0.216797 0.382812 0.216797 0.376953 0.212891 0.371094 0.214844 0.369141 0.214844 0.367188 0.212891 0.365234
1 0.384766 0.363281 0.382812 0.365234 0.384766 0.367188 0.384766 0.371094 0.380859 0.373047 0.378906 0.376953 0.378906 0.388672 0.384766 0.390625 0.390625 0.396484 0.392578 0.396484 0.396484 0.400391 0.394531 0.402344 0.396484 0.404297 0.396484 0.400391 0.404297 0.392578 0.402344 0.390625 0.402344 0.386719 0.398438 0.382812 0.398438 0.376953 0.388672 0.367188 0.388672 0.363281
0 0.414062 0.365234 0.412109 0.367188 0.412109 0.371094 0.406250 0.375000 0.408203 0.376953 0.410156 0.376953 0.414062 0.380859 0.416016 0.380859 0.417969 0.382812 0.419922 0.382812 0.423828 0.378906 0.425781 0.378906 0.425781 0.369141 0.419922 0.365234
1 0.687500 0.373047 0.679688 0.369141 0.671875 0.371094 0.667969 0.376953 0.667969 0.382812 0.669922 0.384766 0.654297 0.394531 0.654297 0.404297 0.660156 0.412109 0.664062 0.412109 0.669922 0.408203 0.673828 0.402344 0.671875 0.396484 0.673828 0.392578 0.681641 0.392578 0.689453 0.384766
0 0.285156 0.375000 0.283203 0.376953 0.283203 0.378906 0.285156 0.380859 0.287109 0.380859 0.289062 0.378906 0.289062 0.376953 0.287109 0.375000
0 0.591797 0.375000 0.589844 0.376953 0.589844 0.378906 0.591797 0.380859 0.595703 0.380859 0.597656 0.378906 0.593750 0.375000
0 0.531250 0.378906 0.509766 0.398438 0.519531 0.408203 0.517578 0.410156 0.519531 0.414062 0.535156 0.421875 0.544922 0.421875 0.546875 0.429688 0.550781 0.431641 0.552734 0.427734 0.546875 0.421875 0.554688 0.414062 0.552734 0.400391 0.554688 0.390625 0.544922 0.378906
0 0.355469 0.384766 0.353516 0.384766 0.353516 0.386719 0.351562 0.388672 0.349609 0.388672 0.351562 0.388672 0.353516 0.390625 0.351562 0.392578 0.353516 0.390625 0.357422 0.390625 0.357422 0.386719
0 0.748047 0.386719 0.746094 0.388672 0.746094 0.390625 0.748047 0.392578 0.751953 0.392578 0.753906 0.390625 0.753906 0.388672 0.751953 0.386719
0 0.857422 0.386719 0.855469 0.388672 0.855469 0.392578 0.857422 0.394531 0.859375 0.394531 0.863281 0.390625 0.859375 0.386719
0 0.261719 0.392578 0.263672 0.394531 0.267578 0.394531 0.269531 0.392578 0.267578 0.392578 0.265625 0.390625 0.263672 0.390625
0 0.728516 0.394531 0.726562 0.396484 0.726562 0.398438 0.728516 0.400391 0.730469 0.400391 0.732422 0.402344 0.734375 0.400391 0.734375 0.396484 0.732422 0.394531
0 0.187500 0.400391 0.183594 0.400391 0.181641 0.402344 0.181641 0.406250 0.183594 0.408203 0.185547 0.408203 0.189453 0.404297 0.189453 0.402344
0 0.900391 0.400391 0.898438 0.402344 0.898438 0.408203 0.902344 0.412109 0.906250 0.412109 0.910156 0.408203 0.910156 0.404297 0.908203 0.402344 0.908203 0.400391
0 0.455078 0.416016 0.451172 0.419922 0.451172 0.423828 0.455078 0.427734 0.457031 0.427734 0.458984 0.429688 0.460938 0.429688 0.464844 0.425781 0.464844 0.417969 0.462891 0.416016
0 0.476562 0.417969 0.472656 0.421875 0.472656 0.423828 0.474609 0.425781 0.474609 0.427734 0.476562 0.429688 0.480469 0.429688 0.482422 0.431641 0.486328 0.427734 0.486328 0.419922 0.484375 0.419922 0.482422 0.417969
0 0.652344 0.417969 0.648438 0.421875 0.648438 0.425781 0.652344 0.429688 0.656250 0.429688 0.660156 0.425781 0.660156 0.421875 0.656250 0.417969
0 0.734375 0.419922 0.734375 0.423828 0.736328 0.425781 0.738281 0.425781 0.740234 0.427734 0.740234 0.425781 0.742188 0.423828 0.742188 0.421875 0.740234 0.421875 0.738281 0.419922
0 0.707031 0.423828 0.705078 0.425781 0.707031 0.427734 0.708984 0.427734 0.710938 0.425781 0.708984 0.423828
0 0.332031 0.445312 0.337891 0.457031 0.347656 0.462891 0.345703 0.464844 0.347656 0.464844 0.353516 0.458984 0.355469 0.460938 0.371094 0.449219 0.378906 0.453125 0.378906 0.458984 0.382812 0.462891 0.388672 0.453125 0.392578 0.451172 0.394531 0.453125 0.398438 0.443359 0.394531 0.439453 0.388672 0.439453 0.380859 0.445312 0.378906 0.443359 0.380859 0.439453 0.380859 0.435547 0.378906 0.433594 0.375000 0.435547 0.371094 0.433594 0.367188 0.435547 0.365234 0.439453 0.363281 0.439453 0.359375 0.433594 0.351562 0.429688 0.345703 0.429688 0.341797 0.425781 0.337891 0.425781 0.337891 0.433594 0.333984 0.435547 0.333984 0.443359
0 0.498047 0.425781 0.492188 0.431641 0.492188 0.437500 0.496094 0.441406 0.503906 0.441406 0.507812 0.437500 0.507812 0.435547 0.505859 0.433594 0.505859 0.429688 0.503906 0.427734 0.501953 0.427734 0.500000 0.425781
0 0.617188 0.425781 0.615234 0.427734 0.615234 0.433594 0.617188 0.435547 0.621094 0.435547 0.623047 0.433594 0.623047 0.429688 0.619141 0.425781
0 0.267578 0.433594 0.265625 0.435547 0.265625 0.437500 0.267578 0.439453 0.269531 0.439453 0.269531 0.435547
0 0.722656 0.433594 0.722656 0.437500 0.724609 0.439453 0.726562 0.439453 0.728516 0.437500 0.724609 0.433594
0 0.894531 0.433594 0.894531 0.437500 0.896484 0.439453 0.898438 0.437500 0.900391 0.437500 0.900391 0.435547 0.898438 0.433594
0 0.195312 0.443359 0.193359 0.443359 0.189453 0.447266 0.189453 0.451172 0.183594 0.457031 0.183594 0.460938 0.185547 0.462891 0.191406 0.462891 0.193359 0.460938 0.193359 0.458984 0.201172 0.451172 0.201172 0.449219
0 0.255859 0.453125 0.255859 0.451172 0.253906 0.449219 0.251953 0.451172 0.250000 0.451172 0.251953 0.453125
1 0.281250 0.451172 0.273438 0.449219 0.267578 0.457031 0.267578 0.460938 0.259766 0.464844 0.259766 0.468750 0.261719 0.470703 0.251953 0.476562 0.257812 0.484375 0.261719 0.484375 0.263672 0.482422 0.261719 0.472656 0.269531 0.464844 0.271484 0.466797 0.279297 0.466797 0.283203 0.460938
0 0.644531 0.449219 0.642578 0.451172 0.644531 0.453125 0.646484 0.453125 0.646484 0.449219
0 0.611328 0.453125 0.609375 0.455078 0.611328 0.457031 0.613281 0.455078
0 0.373047 0.460938 0.373047 0.462891 0.371094 0.464844 0.369141 0.462891 0.365234 0.462891 0.361328 0.466797 0.361328 0.468750 0.363281 0.470703 0.363281 0.474609 0.367188 0.480469 0.369141 0.480469 0.375000 0.474609 0.375000 0.472656 0.376953 0.470703 0.375000 0.468750 0.376953 0.466797 0.376953 0.464844 0.375000 0.464844 0.373047 0.462891
0 0.617188 0.466797 0.613281 0.462891 0.609375 0.460938 0.605469 0.460938 0.603516 0.462891 0.603516 0.466797 0.599609 0.474609 0.597656 0.476562 0.593750 0.474609 0.589844 0.476562 0.591797 0.482422 0.595703 0.482422 0.599609 0.478516 0.601562 0.478516 0.605469 0.482422 0.611328 0.482422 0.615234 0.478516 0.617188 0.478516 0.619141 0.474609 0.619141 0.470703
0 0.679688 0.464844 0.675781 0.464844 0.671875 0.468750 0.658203 0.468750 0.656250 0.470703 0.656250 0.494141 0.664062 0.501953 0.673828 0.501953 0.677734 0.498047 0.677734 0.486328 0.673828 0.478516 0.679688 0.470703
0 0.208984 0.474609 0.207031 0.474609 0.205078 0.472656 0.203125 0.474609 0.203125 0.478516 0.205078 0.478516
0 0.185547 0.476562 0.183594 0.476562 0.177734 0.482422 0.177734 0.490234 0.179688 0.492188 0.187500 0.492188 0.187500 0.490234 0.191406 0.486328 0.191406 0.484375 0.187500 0.480469 0.187500 0.478516
0 0.240234 0.478516 0.238281 0.476562 0.234375 0.476562 0.232422 0.478516 0.226562 0.478516 0.226562 0.482422 0.228516 0.484375 0.232422 0.484375 0.234375 0.482422 0.238281 0.482422 0.240234 0.480469
0 0.277344 0.482422 0.279297 0.484375 0.279297 0.488281 0.281250 0.490234 0.289062 0.490234 0.291016 0.488281 0.292969 0.488281 0.298828 0.484375 0.298828 0.482422 0.294922 0.478516 0.292969 0.480469 0.289062 0.476562 0.283203 0.476562
0 0.320312 0.476562 0.320312 0.480469 0.322266 0.482422 0.326172 0.482422 0.324219 0.480469 0.326172 0.478516 0.324219 0.476562
0 0.761719 0.480469 0.759766 0.482422 0.761719 0.484375 0.763672 0.484375 0.763672 0.482422
0 0.212891 0.486328 0.210938 0.488281 0.212891 0.490234
0 0.402344 0.484375 0.398438 0.484375 0.394531 0.488281 0.394531 0.490234 0.390625 0.494141 0.388672 0.494141 0.392578 0.498047 0.394531 0.498047 0.396484 0.500000 0.398438 0.498047 0.402344 0.498047 0.408203 0.492188 0.406250 0.490234 0.406250 0.488281
0 0.322266 0.490234 0.320312 0.492188 0.320312 0.496094 0.322266 0.498047 0.326172 0.498047 0.328125 0.496094 0.328125 0.492188 0.326172 0.492188 0.324219 0.490234
0 0.630859 0.490234 0.626953 0.494141 0.626953 0.501953 0.628906 0.503906 0.628906 0.507812 0.634766 0.513672 0.638672 0.513672 0.640625 0.515625 0.648438 0.515625 0.652344 0.511719 0.652344 0.503906 0.648438 0.500000 0.648438 0.498047 0.640625 0.490234 0.638672 0.490234 0.636719 0.488281
0 0.701172 0.490234 0.697266 0.490234 0.697266 0.492188 0.699219 0.494141 0.701172 0.492188
0 0.250000 0.494141 0.248047 0.496094 0.246094 0.496094 0.246094 0.498047 0.248047 0.500000 0.248047 0.501953 0.250000 0.501953 0.251953 0.503906 0.253906 0.501953 0.253906 0.496094 0.251953 0.494141
0 0.287109 0.501953 0.287109 0.509766 0.296875 0.515625 0.300781 0.515625 0.308594 0.507812 0.310547 0.509766 0.308594 0.507812 0.310547 0.505859 0.310547 0.503906 0.304688 0.498047 0.300781 0.498047 0.296875 0.494141 0.292969 0.494141 0.289062 0.498047 0.289062 0.500000
0 0.351562 0.494141 0.351562 0.496094 0.347656 0.500000 0.349609 0.501953 0.349609 0.503906 0.351562 0.503906 0.351562 0.501953 0.353516 0.500000 0.353516 0.498047 0.351562 0.496094
0 0.367188 0.496094 0.367188 0.498047 0.365234 0.500000 0.365234 0.503906 0.367188 0.505859 0.371094 0.505859 0.373047 0.503906 0.373047 0.498047 0.371094 0.496094
0 0.335938 0.500000 0.333984 0.500000 0.332031 0.501953 0.330078 0.501953 0.326172 0.505859 0.326172 0.507812 0.324219 0.509766 0.326172 0.511719 0.328125 0.511719 0.330078 0.513672 0.335938 0.513672 0.337891 0.511719 0.337891 0.501953
1 0.320312 0.503906 0.316406 0.503906 0.314453 0.505859 0.314453 0.509766 0.316406 0.511719 0.316406 0.513672 0.318359 0.515625 0.318359 0.507812 0.320312 0.505859
0 0.701172 0.505859 0.699219 0.507812 0.699219 0.509766 0.701172 0.511719 0.703125 0.511719 0.705078 0.509766 0.705078 0.507812 0.703125 0.505859
0 0.236328 0.507812 0.234375 0.509766 0.234375 0.511719 0.236328 0.513672 0.238281 0.511719 0.238281 0.509766
0 0.425781 0.511719 0.425781 0.513672 0.427734 0.515625 0.431641 0.515625 0.433594 0.513672 0.435547 0.513672 0.435547 0.509766 0.427734 0.509766
1 0.667969 0.507812 0.662109 0.507812 0.660156 0.509766 0.660156 0.511719 0.662109 0.513672 0.662109 0.517578 0.660156 0.519531 0.654297 0.521484 0.654297 0.527344 0.656250 0.529297 0.662109 0.529297 0.664062 0.527344 0.664062 0.519531 0.666016 0.517578 0.671875 0.515625 0.671875 0.511719
0 0.380859 0.511719 0.378906 0.513672 0.378906 0.517578 0.382812 0.521484 0.386719 0.521484 0.386719 0.517578 0.388672 0.515625 0.384766 0.511719
0 0.470703 0.511719 0.466797 0.511719 0.462891 0.515625 0.462891 0.523438 0.468750 0.529297 0.468750 0.527344 0.472656 0.523438 0.472656 0.519531 0.474609 0.517578 0.472656 0.515625 0.472656 0.513672
0 0.505859 0.513672 0.505859 0.523438 0.509766 0.527344 0.517578 0.527344 0.523438 0.521484 0.523438 0.517578 0.519531 0.511719 0.509766 0.511719 0.507812 0.513672
0 0.273438 0.515625 0.271484 0.517578 0.269531 0.517578 0.269531 0.525391 0.273438 0.525391 0.275391 0.527344 0.277344 0.525391 0.277344 0.517578 0.275391 0.515625
0 0.974609 0.525391 0.974609 0.527344 0.972656 0.529297 0.974609 0.531250 0.980469 0.531250 0.980469 0.527344 0.978516 0.525391
0 0.712891 0.533203 0.710938 0.535156 0.710938 0.539062 0.714844 0.539062 0.714844 0.535156
0 0.570312 0.535156 0.568359 0.535156 0.564453 0.539062 0.564453 0.542969 0.566406 0.544922 0.570312 0.544922 0.572266 0.542969 0.572266 0.537109
0 0.589844 0.535156 0.589844 0.539062 0.593750 0.539062 0.593750 0.537109 0.591797 0.535156
0 0.550781 0.541016 0.548828 0.542969 0.548828 0.548828 0.550781 0.550781 0.552734 0.550781 0.554688 0.552734 0.554688 0.550781 0.556641 0.548828 0.556641 0.544922 0.552734 0.541016
0 0.640625 0.544922 0.638672 0.546875 0.632812 0.546875 0.630859 0.548828 0.630859 0.558594 0.634766 0.562500 0.636719 0.562500 0.638672 0.564453 0.642578 0.564453 0.642578 0.560547 0.644531 0.558594 0.644531 0.550781 0.640625 0.546875
0 0.498047 0.546875 0.494141 0.550781 0.496094 0.556641 0.500000 0.560547 0.498047 0.562500 0.498047 0.568359 0.500000 0.570312 0.503906 0.570312 0.505859 0.572266 0.507812 0.572266 0.511719 0.568359 0.513672 0.568359 0.513672 0.564453 0.511719 0.562500 0.511719 0.560547 0.509766 0.560547 0.503906 0.554688 0.503906 0.550781 0.500000 0.546875
0 0.849609 0.554688 0.847656 0.554688 0.845703 0.556641 0.843750 0.556641 0.837891 0.562500 0.837891 0.570312 0.841797 0.574219 0.845703 0.574219 0.849609 0.570312 0.851562 0.570312 0.855469 0.566406 0.855469 0.560547
0 0.523438 0.560547 0.521484 0.568359 0.533203 0.576172 0.531250 0.582031 0.519531 0.580078 0.507812 0.589844 0.505859 0.597656 0.509766 0.603516 0.519531 0.607422 0.517578 0.611328 0.521484 0.607422 0.523438 0.611328 0.533203 0.611328 0.548828 0.595703 0.544922 0.582031 0.550781 0.576172 0.556641 0.580078 0.560547 0.576172 0.558594 0.570312 0.550781 0.572266 0.542969 0.562500
0 0.611328 0.560547 0.609375 0.562500 0.609375 0.566406 0.607422 0.568359 0.607422 0.570312 0.609375 0.572266 0.609375 0.574219 0.615234 0.580078 0.621094 0.580078 0.626953 0.574219 0.626953 0.570312 0.625000 0.568359 0.625000 0.566406 0.619141 0.560547
0 0.734375 0.564453 0.732422 0.566406 0.732422 0.572266 0.736328 0.576172 0.742188 0.576172 0.744141 0.574219 0.744141 0.568359 0.740234 0.564453
0 0.291016 0.568359 0.289062 0.568359 0.287109 0.570312 0.283203 0.570312 0.281250 0.572266 0.281250 0.576172 0.285156 0.580078 0.287109 0.578125 0.287109 0.570312 0.289062 0.568359
0 0.667969 0.568359 0.666016 0.570312 0.667969 0.572266
0 0.570312 0.570312 0.570312 0.572266 0.568359 0.574219 0.570312 0.576172 0.570312 0.578125 0.572266 0.576172 0.576172 0.576172 0.576172 0.572266 0.574219 0.570312
1 0.601562 0.572266 0.593750 0.572266 0.589844 0.576172 0.589844 0.580078 0.591797 0.583984 0.583984 0.591797 0.578125 0.593750 0.580078 0.595703 0.574219 0.599609 0.572266 0.597656 0.568359 0.597656 0.564453 0.605469 0.560547 0.603516 0.562500 0.601562 0.558594 0.601562 0.554688 0.605469 0.554688 0.609375 0.556641 0.611328 0.562500 0.611328 0.564453 0.609375 0.570312 0.611328 0.572266 0.609375 0.576172 0.609375 0.578125 0.611328 0.578125 0.619141 0.583984 0.619141 0.583984 0.613281 0.585938 0.611328 0.589844 0.611328 0.597656 0.603516 0.597656 0.585938 0.603516 0.578125 0.601562 0.576172
1 0.658203 0.580078 0.630859 0.607422 0.625000 0.599609 0.609375 0.603516 0.615234 0.615234 0.628906 0.611328 0.623047 0.636719 0.630859 0.654297 0.650391 0.667969 0.656250 0.736328 0.652344 0.750000 0.621094 0.773438 0.638672 0.804688 0.626953 0.802734 0.619141 0.816406 0.597656 0.826172 0.591797 0.841797 0.597656 0.855469 0.583984 0.871094 0.583984 0.888672 0.591797 0.894531 0.605469 0.890625 0.625000 0.857422 0.648438 0.859375 0.650391 0.841797 0.628906 0.843750 0.626953 0.837891 0.656250 0.814453 0.658203 0.775391 0.667969 0.773438 0.669922 0.783203 0.683594 0.787109 0.695312 0.783203 0.685547 0.753906 0.664062 0.736328 0.673828 0.724609 0.666016 0.708984 0.673828 0.697266 0.636719 0.619141 0.638672 0.605469 0.660156 0.605469
0 0.128906 0.583984 0.126953 0.585938 0.126953 0.589844 0.123047 0.595703 0.125000 0.593750 0.126953 0.595703 0.126953 0.601562 0.128906 0.601562 0.132812 0.605469 0.134766 0.605469 0.142578 0.597656 0.142578 0.595703 0.140625 0.593750 0.140625 0.591797 0.136719 0.587891 0.134766 0.587891
0 0.744141 0.582031 0.740234 0.585938 0.736328 0.585938 0.736328 0.587891 0.738281 0.587891 0.742188 0.591797 0.742188 0.593750 0.744141 0.595703 0.744141 0.599609 0.748047 0.603516 0.750000 0.603516 0.750000 0.601562 0.751953 0.599609 0.751953 0.593750 0.753906 0.591797 0.753906 0.585938 0.750000 0.582031
0 0.373047 0.587891 0.371094 0.589844 0.369141 0.589844 0.367188 0.591797 0.367188 0.595703 0.369141 0.597656 0.371094 0.597656 0.373047 0.595703
0 0.710938 0.587891 0.710938 0.591797 0.712891 0.591797 0.714844 0.589844 0.712891 0.587891
0 0.400391 0.593750 0.394531 0.597656 0.394531 0.601562 0.398438 0.605469 0.398438 0.609375 0.400391 0.611328 0.400391 0.613281 0.402344 0.613281 0.402344 0.605469 0.404297 0.603516 0.410156 0.603516 0.412109 0.601562 0.406250 0.595703 0.404297 0.595703 0.402344 0.593750
0 0.373047 0.603516 0.373047 0.605469 0.375000 0.605469 0.375000 0.603516
0 0.326172 0.613281 0.326172 0.617188 0.330078 0.617188 0.332031 0.615234 0.330078 0.613281
1 0.474609 0.615234 0.474609 0.617188 0.472656 0.619141 0.472656 0.623047 0.476562 0.623047 0.474609 0.621094 0.476562 0.619141 0.474609 0.617188
1 0.347656 0.636719 0.349609 0.638672 0.351562 0.636719 0.351562 0.634766 0.357422 0.628906 0.361328 0.628906 0.367188 0.634766 0.369141 0.634766 0.373047 0.630859 0.375000 0.632812 0.376953 0.630859 0.380859 0.634766 0.380859 0.638672 0.382812 0.640625 0.380859 0.642578 0.382812 0.640625 0.384766 0.640625 0.388672 0.636719 0.388672 0.634766 0.380859 0.626953 0.382812 0.625000 0.380859 0.626953 0.378906 0.626953 0.373047 0.623047 0.367188 0.626953 0.365234 0.625000 0.365234 0.623047 0.363281 0.623047 0.359375 0.619141 0.357422 0.619141 0.353516 0.623047 0.355469 0.625000 0.353516 0.630859 0.351562 0.632812 0.349609 0.632812 0.349609 0.634766
0 0.333984 0.623047 0.332031 0.625000 0.333984 0.626953 0.335938 0.626953 0.335938 0.623047
0 0.542969 0.621094 0.539062 0.626953 0.544922 0.630859 0.544922 0.634766 0.541016 0.640625 0.537109 0.642578 0.537109 0.646484 0.541016 0.650391 0.550781 0.650391 0.558594 0.654297 0.568359 0.650391 0.572266 0.646484 0.570312 0.630859 0.564453 0.628906 0.554688 0.621094
0 0.857422 0.621094 0.855469 0.623047 0.855469 0.625000 0.857422 0.626953 0.859375 0.626953 0.861328 0.625000 0.861328 0.623047 0.859375 0.621094
0 0.492188 0.625000 0.490234 0.626953 0.490234 0.628906 0.492188 0.630859 0.494141 0.628906 0.494141 0.626953
1 0.619141 0.638672 0.617188 0.636719 0.619141 0.634766 0.615234 0.630859 0.613281 0.630859 0.611328 0.632812 0.609375 0.632812 0.609375 0.634766 0.605469 0.638672 0.603516 0.638672 0.601562 0.636719 0.601562 0.634766 0.599609 0.634766 0.597656 0.632812 0.593750 0.632812 0.593750 0.634766 0.595703 0.636719 0.595703 0.638672 0.599609 0.642578 0.601562 0.642578 0.605469 0.638672 0.607422 0.638672 0.611328 0.642578 0.615234 0.642578
0 0.681641 0.628906 0.679688 0.630859 0.679688 0.632812 0.681641 0.634766 0.683594 0.634766 0.685547 0.632812 0.685547 0.630859 0.683594 0.628906
0 0.685547 0.638672 0.683594 0.638672 0.681641 0.640625 0.681641 0.642578 0.683594 0.644531 0.685547 0.642578 0.683594 0.640625
1 0.505859 0.646484 0.505859 0.648438 0.515625 0.658203 0.515625 0.662109 0.523438 0.662109 0.527344 0.656250 0.529297 0.658203 0.527344 0.656250 0.525391 0.658203 0.519531 0.654297 0.519531 0.650391 0.521484 0.648438 0.515625 0.642578 0.509766 0.642578
0 0.251953 0.654297 0.251953 0.658203 0.255859 0.658203 0.255859 0.654297
1 0.390625 0.658203 0.392578 0.658203 0.396484 0.662109 0.398438 0.660156 0.400391 0.660156 0.402344 0.658203 0.404297 0.658203 0.408203 0.654297 0.406250 0.656250 0.404297 0.654297 0.402344 0.654297 0.400391 0.656250 0.398438 0.654297 0.394531 0.658203 0.392578 0.656250 0.392578 0.652344 0.392578 0.656250
0 0.539062 0.654297 0.539062 0.658203 0.541016 0.658203 0.541016 0.654297
0 0.386719 0.658203 0.382812 0.658203 0.378906 0.662109 0.378906 0.664062 0.382812 0.667969 0.384766 0.667969 0.386719 0.666016
0 0.566406 0.660156 0.564453 0.662109 0.560547 0.662109 0.562500 0.664062 0.562500 0.667969 0.564453 0.669922 0.568359 0.669922 0.572266 0.666016 0.570312 0.664062 0.570312 0.662109 0.568359 0.662109
0 0.498047 0.667969 0.496094 0.669922 0.496094 0.675781 0.498047 0.677734 0.501953 0.677734 0.503906 0.675781 0.503906 0.673828
0 0.552734 0.669922 0.548828 0.673828 0.550781 0.675781 0.550781 0.677734 0.552734 0.679688 0.558594 0.679688 0.558594 0.673828 0.554688 0.669922
0 0.675781 0.667969 0.671875 0.671875 0.671875 0.673828 0.675781 0.677734 0.679688 0.677734 0.679688 0.675781 0.681641 0.673828 0.681641 0.669922 0.679688 0.667969
0 0.751953 0.673828 0.751953 0.675781 0.753906 0.677734 0.755859 0.675781 0.753906 0.673828
0 0.929688 0.677734 0.925781 0.681641 0.925781 0.687500 0.927734 0.687500 0.929688 0.689453 0.931641 0.689453 0.935547 0.685547 0.933594 0.683594 0.933594 0.679688 0.931641 0.677734
0 0.638672 0.679688 0.636719 0.681641 0.638672 0.683594 0.638672 0.685547 0.642578 0.685547 0.644531 0.683594 0.644531 0.679688
0 0.732422 0.681641 0.730469 0.683594 0.730469 0.689453 0.732422 0.691406 0.734375 0.691406 0.734375 0.689453 0.736328 0.687500 0.736328 0.685547
0 0.710938 0.687500 0.707031 0.683594 0.705078 0.685547 0.703125 0.685547 0.703125 0.687500 0.705078 0.689453 0.708984 0.689453
1 0.503906 0.689453 0.501953 0.687500 0.496094 0.687500 0.488281 0.695312 0.490234 0.695312 0.490234 0.693359 0.492188 0.691406 0.496094 0.695312 0.501953 0.695312 0.503906 0.693359
0 0.958984 0.687500 0.949219 0.693359 0.939453 0.693359 0.935547 0.695312 0.929688 0.703125 0.931641 0.705078 0.927734 0.712891 0.929688 0.714844 0.929688 0.722656 0.937500 0.730469 0.949219 0.730469 0.960938 0.720703 0.962891 0.716797 0.962891 0.705078 0.960938 0.703125 0.962891 0.691406
0 0.722656 0.697266 0.718750 0.697266 0.718750 0.699219 0.720703 0.701172 0.722656 0.699219
0 0.355469 0.707031 0.353516 0.708984 0.353516 0.714844 0.355469 0.716797 0.357422 0.716797 0.357422 0.714844 0.359375 0.712891 0.359375 0.710938
0 0.537109 0.726562 0.541016 0.732422 0.542969 0.746094 0.550781 0.746094 0.562500 0.751953 0.582031 0.751953 0.591797 0.738281 0.591797 0.728516 0.587891 0.724609 0.580078 0.726562 0.572266 0.720703 0.574219 0.712891 0.568359 0.707031 0.564453 0.707031 0.558594 0.712891 0.546875 0.714844
0 0.625000 0.707031 0.625000 0.708984 0.623047 0.710938 0.623047 0.712891 0.626953 0.716797 0.628906 0.716797 0.630859 0.714844 0.630859 0.707031
1 0.802734 0.707031 0.802734 0.710938 0.804688 0.710938 0.806641 0.712891 0.810547 0.712891 0.812500 0.710938 0.810547 0.708984 0.808594 0.708984 0.806641 0.707031
0 0.693359 0.712891 0.691406 0.714844 0.691406 0.716797 0.693359 0.716797
0 0.605469 0.720703 0.603516 0.718750 0.601562 0.720703 0.601562 0.722656 0.605469 0.722656
0 0.802734 0.718750 0.800781 0.720703 0.802734 0.722656 0.804688 0.720703
0 0.628906 0.728516 0.621094 0.728516 0.619141 0.730469 0.619141 0.732422 0.617188 0.734375 0.619141 0.736328 0.617188 0.738281 0.621094 0.742188 0.619141 0.748047 0.623047 0.748047 0.625000 0.746094 0.625000 0.744141 0.630859 0.738281 0.632812 0.732422
0 0.902344 0.726562 0.900391 0.728516 0.900391 0.730469 0.898438 0.732422 0.898438 0.734375 0.900391 0.734375 0.904297 0.730469 0.904297 0.728516
0 0.824219 0.732422 0.820312 0.736328 0.820312 0.740234 0.822266 0.742188 0.826172 0.742188 0.826172 0.736328 0.824219 0.734375
1 0.470703 0.742188 0.470703 0.746094 0.474609 0.750000 0.474609 0.755859 0.478516 0.759766 0.478516 0.761719 0.476562 0.763672 0.474609 0.763672 0.476562 0.763672 0.480469 0.767578 0.482422 0.765625 0.482422 0.763672 0.480469 0.761719 0.480469 0.759766 0.482422 0.757812 0.482422 0.753906 0.484375 0.751953 0.482422 0.750000 0.482422 0.746094 0.478516 0.746094 0.476562 0.748047 0.472656 0.748047 0.470703 0.746094 0.472656 0.744141 0.472656 0.742188
0 0.517578 0.753906 0.517578 0.757812 0.519531 0.759766 0.521484 0.759766 0.523438 0.761719 0.523438 0.763672 0.529297 0.757812 0.531250 0.757812 0.533203 0.759766 0.535156 0.757812 0.537109 0.757812 0.537109 0.755859 0.535156 0.753906 0.529297 0.753906 0.527344 0.755859 0.523438 0.750000 0.521484 0.750000
0 0.781250 0.753906 0.781250 0.755859 0.779297 0.757812 0.779297 0.759766 0.783203 0.759766 0.783203 0.755859
1 0.373047 0.757812 0.371094 0.757812 0.369141 0.759766 0.371094 0.761719 0.371094 0.763672 0.371094 0.761719 0.373047 0.759766
1 0.527344 0.775391 0.519531 0.773438 0.517578 0.771484 0.519531 0.769531 0.513672 0.763672 0.509766 0.767578 0.507812 0.765625 0.501953 0.769531 0.484375 0.773438 0.474609 0.781250 0.482422 0.789062 0.494141 0.785156 0.523438 0.789062 0.527344 0.785156
0 0.783203 0.771484 0.781250 0.773438 0.781250 0.777344 0.783203 0.777344 0.785156 0.779297 0.787109 0.777344 0.787109 0.773438 0.785156 0.771484
0 0.576172 0.773438 0.574219 0.775391 0.572266 0.775391 0.572266 0.777344 0.570312 0.779297 0.572266 0.781250 0.572266 0.783203 0.574219 0.783203 0.576172 0.781250 0.578125 0.781250 0.576172 0.779297 0.578125 0.777344 0.576172 0.775391
0 0.326172 0.779297 0.324219 0.781250 0.318359 0.781250 0.316406 0.783203 0.316406 0.785156 0.314453 0.787109 0.314453 0.789062 0.316406 0.789062 0.318359 0.791016 0.320312 0.791016 0.322266 0.792969 0.324219 0.792969 0.326172 0.791016 0.326172 0.783203 0.324219 0.781250
0 0.769531 0.787109 0.767578 0.789062 0.767578 0.792969 0.769531 0.794922 0.775391 0.794922 0.775391 0.792969 0.777344 0.791016 0.775391 0.789062 0.775391 0.787109
0 0.693359 0.792969 0.685547 0.792969 0.681641 0.794922 0.677734 0.798828 0.675781 0.802734 0.675781 0.808594 0.671875 0.810547 0.671875 0.812500 0.673828 0.810547 0.679688 0.818359 0.689453 0.818359 0.693359 0.814453 0.695312 0.814453 0.699219 0.810547 0.701172 0.800781
0 0.757812 0.794922 0.755859 0.796875 0.755859 0.798828 0.757812 0.800781 0.759766 0.800781 0.761719 0.798828 0.761719 0.796875 0.759766 0.794922
0 0.427734 0.796875 0.419922 0.804688 0.419922 0.810547 0.421875 0.812500 0.421875 0.814453 0.423828 0.814453 0.425781 0.816406 0.431641 0.816406 0.435547 0.812500 0.435547 0.804688 0.431641 0.800781 0.429688 0.800781 0.427734 0.798828
1 0.503906 0.804688 0.503906 0.812500 0.505859 0.814453 0.517578 0.814453 0.519531 0.816406 0.521484 0.816406 0.525391 0.812500 0.527344 0.812500 0.529297 0.814453 0.535156 0.812500 0.535156 0.806641 0.533203 0.806641 0.531250 0.804688 0.527344 0.804688 0.521484 0.798828 0.513672 0.798828 0.509766 0.802734 0.505859 0.802734
0 0.859375 0.806641 0.859375 0.814453 0.861328 0.814453 0.863281 0.816406 0.869141 0.816406 0.871094 0.814453 0.873047 0.814453 0.871094 0.812500 0.871094 0.806641 0.869141 0.804688 0.867188 0.804688 0.865234 0.802734 0.863281 0.802734
0 0.740234 0.810547 0.740234 0.812500 0.742188 0.814453 0.744141 0.812500 0.746094 0.812500 0.744141 0.810547
0 0.576172 0.812500 0.574219 0.812500 0.572266 0.814453 0.566406 0.814453 0.560547 0.818359 0.560547 0.822266 0.558594 0.824219 0.558594 0.832031 0.564453 0.837891 0.576172 0.837891 0.578125 0.835938 0.580078 0.835938 0.583984 0.830078 0.583984 0.826172
0 0.544922 0.822266 0.542969 0.824219 0.542969 0.830078 0.544922 0.832031 0.548828 0.832031 0.548828 0.830078 0.550781 0.828125 0.550781 0.824219 0.548828 0.822266
1 0.673828 0.822266 0.671875 0.822266 0.669922 0.820312 0.667969 0.820312 0.666016 0.822266 0.664062 0.822266 0.664062 0.826172 0.667969 0.826172 0.667969 0.824219 0.669922 0.822266 0.671875 0.824219
0 0.941406 0.824219 0.939453 0.824219 0.937500 0.822266 0.935547 0.824219 0.931641 0.824219 0.923828 0.832031 0.923828 0.841797 0.927734 0.845703 0.935547 0.845703 0.937500 0.843750 0.939453 0.843750 0.943359 0.839844 0.943359 0.837891 0.945312 0.835938 0.945312 0.828125
0 0.689453 0.826172 0.687500 0.828125 0.687500 0.830078 0.689453 0.832031 0.691406 0.832031 0.693359 0.830078 0.693359 0.828125 0.691406 0.826172
0 0.511719 0.828125 0.507812 0.832031 0.507812 0.833984 0.509766 0.835938 0.509766 0.837891 0.513672 0.833984 0.513672 0.830078
0 0.759766 0.828125 0.757812 0.830078 0.757812 0.832031 0.759766 0.833984 0.761719 0.833984 0.763672 0.832031 0.763672 0.830078 0.761719 0.828125
0 0.826172 0.833984 0.824219 0.833984 0.820312 0.830078 0.818359 0.832031 0.816406 0.830078 0.806641 0.835938 0.800781 0.835938 0.796875 0.837891 0.796875 0.845703 0.794922 0.847656 0.798828 0.851562 0.820312 0.849609 0.826172 0.843750
0 0.857422 0.830078 0.851562 0.833984 0.839844 0.847656 0.845703 0.859375 0.853516 0.861328 0.863281 0.871094 0.869141 0.871094 0.873047 0.867188 0.876953 0.857422 0.876953 0.845703 0.867188 0.833984
0 0.687500 0.835938 0.685547 0.835938 0.681641 0.839844 0.681641 0.841797 0.683594 0.841797 0.685547 0.843750 0.687500 0.841797
0 0.751953 0.841797 0.757812 0.841797 0.757812 0.839844 0.755859 0.837891 0.753906 0.837891 0.753906 0.839844
0 0.763672 0.845703 0.759766 0.845703 0.759766 0.849609 0.761719 0.851562 0.763672 0.849609
0 0.671875 0.853516 0.669922 0.853516 0.666016 0.857422 0.656250 0.857422 0.652344 0.863281 0.652344 0.875000 0.660156 0.882812 0.669922 0.882812 0.673828 0.878906 0.673828 0.863281 0.671875 0.861328 0.673828 0.855469
0 0.812500 0.855469 0.808594 0.859375 0.808594 0.865234 0.810547 0.867188 0.818359 0.867188 0.820312 0.865234 0.820312 0.859375 0.816406 0.855469
1 0.478516 0.861328 0.476562 0.861328 0.474609 0.859375 0.472656 0.861328 0.472656 0.863281 0.474609 0.863281 0.476562 0.861328
1 0.746094 0.861328 0.744141 0.859375 0.742188 0.859375 0.740234 0.861328 0.730469 0.861328 0.730469 0.863281 0.732422 0.865234 0.734375 0.865234 0.736328 0.863281 0.740234 0.863281 0.742188 0.865234 0.744141 0.865234 0.746094 0.863281
0 0.910156 0.873047 0.910156 0.875000 0.908203 0.876953 0.906250 0.876953 0.908203 0.876953 0.912109 0.880859 0.914062 0.880859 0.916016 0.882812 0.919922 0.878906 0.914062 0.873047
0 0.404297 0.875000 0.404297 0.876953 0.402344 0.878906 0.402344 0.882812 0.404297 0.884766 0.410156 0.884766 0.412109 0.882812 0.412109 0.878906 0.408203 0.875000
0 0.509766 0.875000 0.507812 0.875000 0.507812 0.876953
0 0.832031 0.880859 0.832031 0.882812 0.830078 0.884766 0.832031 0.886719 0.832031 0.888672 0.835938 0.888672 0.837891 0.886719 0.837891 0.882812 0.835938 0.880859
0 0.636719 0.898438 0.636719 0.900391 0.640625 0.904297 0.642578 0.910156 0.648438 0.916016 0.654297 0.916016 0.656250 0.914062 0.658203 0.914062 0.664062 0.908203 0.664062 0.900391 0.656250 0.892578 0.654297 0.894531 0.652344 0.892578 0.644531 0.892578
0 0.871094 0.898438 0.871094 0.904297 0.876953 0.910156 0.880859 0.910156 0.882812 0.908203 0.884766 0.908203 0.888672 0.904297 0.886719 0.902344 0.886719 0.900391 0.888672 0.898438 0.886719 0.898438 0.884766 0.896484 0.884766 0.894531 0.873047 0.894531 0.873047 0.896484
0 0.921875 0.900391 0.921875 0.904297 0.923828 0.906250 0.925781 0.906250 0.927734 0.908203 0.929688 0.906250 0.933594 0.906250 0.935547 0.904297 0.935547 0.902344 0.931641 0.898438 0.927734 0.898438 0.925781 0.896484 0.925781 0.898438 0.923828 0.900391
0 0.824219 0.898438 0.822266 0.898438 0.820312 0.900391 0.818359 0.900391 0.818359 0.908203 0.820312 0.910156 0.822266 0.910156 0.826172 0.906250 0.826172 0.900391
0 0.382812 0.902344 0.380859 0.904297 0.380859 0.906250 0.382812 0.908203 0.384766 0.908203 0.384766 0.906250 0.386719 0.904297 0.384766 0.904297
0 0.585938 0.908203 0.587891 0.914062 0.589844 0.916016 0.595703 0.917969 0.597656 0.919922 0.595703 0.921875 0.597656 0.919922 0.601562 0.923828 0.603516 0.923828 0.607422 0.919922 0.609375 0.919922 0.609375 0.917969 0.611328 0.916016 0.609375 0.910156 0.605469 0.906250 0.601562 0.906250 0.599609 0.904297 0.589844 0.904297
0 0.990234 0.906250 0.988281 0.908203 0.988281 0.910156 0.990234 0.912109 0.990234 0.914062 0.992188 0.914062 0.996094 0.910156 0.996094 0.908203 0.994141 0.908203 0.992188 0.906250
0 0.388672 0.916016 0.388672 0.919922 0.386719 0.921875 0.388672 0.923828 0.392578 0.923828 0.394531 0.921875 0.394531 0.919922 0.392578 0.917969 0.390625 0.917969
0 0.558594 0.927734 0.554688 0.927734 0.552734 0.929688 0.552734 0.933594 0.554688 0.935547 0.552734 0.937500 0.554688 0.935547 0.558594 0.935547 0.560547 0.933594 0.560547 0.929688
0 0.781250 0.929688 0.775391 0.935547 0.775391 0.939453 0.773438 0.941406 0.775391 0.943359 0.775391 0.945312 0.779297 0.949219 0.779297 0.951172 0.789062 0.951172 0.794922 0.947266 0.794922 0.935547 0.791016 0.931641 0.787109 0.931641 0.785156 0.929688
0 0.904297 0.941406 0.892578 0.951172 0.892578 0.962891 0.898438 0.974609 0.904297 0.978516 0.912109 0.978516 0.923828 0.972656 0.927734 0.966797 0.927734 0.955078 0.919922 0.945312 0.916016 0.943359 0.906250 0.943359
0 0.435547 0.957031 0.435547 0.958984 0.433594 0.960938 0.433594 0.962891 0.437500 0.966797 0.439453 0.966797 0.441406 0.964844 0.441406 0.962891 0.443359 0.960938 0.443359 0.958984 0.441406 0.958984 0.439453 0.957031
0 0.722656 0.968750 0.718750 0.972656 0.718750 0.980469 0.720703 0.980469 0.722656 0.982422 0.728516 0.982422 0.730469 0.980469 0.730469 0.972656 0.726562 0.968750
0 0.998047 0.980469 0.996094 0.982422 0.992188 0.982422 0.990234 0.984375 0.988281 0.984375 0.988281 0.986328 0.986328 0.988281 0.986328 0.998047 0.998047 0.998047
1 0.964844 0.998047 0.958984 0.992188 0.957031 0.992188 0.955078 0.990234 0.953125 0.992188 0.951172 0.992188 0.949219 0.994141 0.947266 0.994141 0.943359 0.998047
1 0.726562 0.998047 0.740234 0.998047 0.740234 0.996094 0.730469 0.996094 0.728516 0.998047
0 0.365234 0.000000 0.365234 0.001953 0.359375 0.007812 0.353516 0.007812 0.347656 0.001953 0.347656 0.000000
0 0.353516 0.009766 0.353516 0.013672 0.349609 0.013672 0.347656 0.011719 0.351562 0.007812
0 0.365234 0.015625 0.365234 0.019531 0.361328 0.019531 0.359375 0.017578 0.363281 0.013672
0 0.351562 0.017578 0.351562 0.021484 0.347656 0.021484 0.345703 0.019531 0.349609 0.015625
0 0.048828 0.025391 0.046875 0.025391 0.044922 0.027344 0.041016 0.027344 0.039062 0.025391 0.039062 0.019531 0.041016 0.017578 0.044922 0.017578 0.046875 0.019531 0.048828 0.019531
0 0.357422 0.021484 0.357422 0.025391 0.353516 0.025391 0.351562 0.023438 0.355469 0.019531
0 0.056641 0.031250 0.056641 0.035156 0.052734 0.035156 0.050781 0.033203 0.054688 0.029297
0 0.035156 0.037109 0.035156 0.041016 0.031250 0.041016 0.029297 0.039062 0.033203 0.035156
0 0.056641 0.044922 0.054688 0.044922 0.052734 0.046875 0.048828 0.046875 0.046875 0.044922 0.046875 0.039062 0.048828 0.037109 0.052734 0.037109 0.054688 0.039062 0.056641 0.039062
0 0.042969 0.042969 0.042969 0.046875 0.039062 0.046875 0.037109 0.044922 0.041016 0.041016
0 0.011719 0.074219 0.011719 0.078125 0.007812 0.078125 0.005859 0.076172 0.009766 0.072266
0 0.001953 0.083984 0.000000 0.083984 0.000000 0.078125 0.000000 0.080078 0.001953 0.082031
0 0.337891 0.103516 0.337891 0.107422 0.333984 0.107422 0.332031 0.105469 0.335938 0.101562
0 0.595703 0.103516 0.595703 0.107422 0.591797 0.107422 0.589844 0.105469 0.593750 0.101562
0 0.189453 0.109375 0.189453 0.113281 0.185547 0.113281 0.183594 0.111328 0.187500 0.107422
0 0.199219 0.109375 0.199219 0.113281 0.195312 0.113281 0.193359 0.111328 0.197266 0.107422
0 0.333984 0.109375 0.333984 0.113281 0.330078 0.113281 0.328125 0.111328 0.332031 0.107422
0 0.587891 0.111328 0.587891 0.115234 0.583984 0.115234 0.582031 0.113281 0.585938 0.109375
0 0.359375 0.117188 0.359375 0.121094 0.355469 0.121094 0.353516 0.119141 0.357422 0.115234
0 0.595703 0.117188 0.595703 0.121094 0.591797 0.121094 0.589844 0.119141 0.593750 0.115234
0 0.386719 0.126953 0.386719 0.130859 0.382812 0.130859 0.380859 0.128906 0.384766 0.125000
0 0.039062 0.136719 0.033203 0.142578 0.027344 0.142578 0.021484 0.136719 0.021484 0.130859 0.027344 0.125000 0.033203 0.125000 0.039062 0.130859
0 0.378906 0.134766 0.378906 0.138672 0.375000 0.138672 0.373047 0.136719 0.376953 0.132812
0 0.390625 0.134766 0.390625 0.138672 0.386719 0.138672 0.384766 0.136719 0.388672 0.132812
0 0.394531 0.150391 0.388672 0.156250 0.382812 0.156250 0.376953 0.150391 0.376953 0.144531 0.382812 0.138672 0.388672 0.138672 0.394531 0.144531
0 0.248047 0.158203 0.246094 0.158203 0.244141 0.160156 0.240234 0.160156 0.238281 0.158203 0.238281 0.152344 0.240234 0.150391 0.244141 0.150391 0.246094 0.152344 0.248047 0.152344
0 0.681641 0.158203 0.679688 0.158203 0.677734 0.160156 0.673828 0.160156 0.671875 0.158203 0.671875 0.152344 0.673828 0.150391 0.677734 0.150391 0.679688 0.152344 0.681641 0.152344
0 0.062500 0.162109 0.060547 0.164062 0.060547 0.166016 0.058594 0.167969 0.052734 0.167969 0.050781 0.166016 0.050781 0.164062 0.048828 0.162109 0.048828 0.160156 0.050781 0.158203 0.050781 0.156250 0.052734 0.154297 0.058594 0.154297 0.060547 0.156250 0.060547 0.158203 0.062500 0.160156
0 0.255859 0.160156 0.255859 0.164062 0.251953 0.164062 0.250000 0.162109 0.253906 0.158203
0 0.240234 0.162109 0.240234 0.166016 0.236328 0.166016 0.234375 0.164062 0.238281 0.160156
0 0.689453 0.166016 0.687500 0.166016 0.685547 0.167969 0.681641 0.167969 0.679688 0.166016 0.679688 0.160156 0.681641 0.158203 0.685547 0.158203 0.687500 0.160156 0.689453 0.160156
0 0.500000 0.164062 0.500000 0.167969 0.496094 0.167969 0.494141 0.166016 0.498047 0.162109
0 0.492188 0.166016 0.492188 0.169922 0.488281 0.169922 0.486328 0.167969 0.490234 0.164062
0 0.671875 0.169922 0.669922 0.169922 0.667969 0.171875 0.664062 0.171875 0.662109 0.169922 0.662109 0.164062 0.664062 0.162109 0.667969 0.162109 0.669922 0.164062 0.671875 0.164062
0 0.255859 0.173828 0.253906 0.173828 0.251953 0.175781 0.248047 0.175781 0.246094 0.173828 0.246094 0.167969 0.248047 0.166016 0.251953 0.166016 0.253906 0.167969 0.255859 0.167969
0 0.250000 0.175781 0.248047 0.175781 0.246094 0.177734 0.242188 0.177734 0.240234 0.175781 0.240234 0.169922 0.242188 0.167969 0.246094 0.167969 0.248047 0.169922 0.250000 0.169922
0 0.490234 0.171875 0.490234 0.175781 0.486328 0.175781 0.484375 0.173828 0.488281 0.169922
0 0.400391 0.177734 0.398438 0.177734 0.396484 0.179688 0.392578 0.179688 0.390625 0.177734 0.390625 0.171875 0.392578 0.169922 0.396484 0.169922 0.398438 0.171875 0.400391 0.171875
0 0.501953 0.173828 0.501953 0.177734 0.498047 0.177734 0.496094 0.175781 0.500000 0.171875
0 0.089844 0.181641 0.087891 0.181641 0.085938 0.183594 0.082031 0.183594 0.080078 0.181641 0.080078 0.175781 0.082031 0.173828 0.085938 0.173828 0.087891 0.175781 0.089844 0.175781
0 0.111328 0.183594 0.109375 0.183594 0.107422 0.185547 0.103516 0.185547 0.101562 0.183594 0.101562 0.177734 0.103516 0.175781 0.107422 0.175781 0.109375 0.177734 0.111328 0.177734
0 0.132812 0.189453 0.130859 0.189453 0.128906 0.191406 0.125000 0.191406 0.123047 0.189453 0.123047 0.183594 0.125000 0.181641 0.128906 0.181641 0.130859 0.183594 0.132812 0.183594
0 0.175781 0.189453 0.173828 0.189453 0.171875 0.191406 0.167969 0.191406 0.166016 0.189453 0.166016 0.183594 0.167969 0.181641 0.171875 0.181641 0.173828 0.183594 0.175781 0.183594
0 0.398438 0.187500 0.398438 0.191406 0.394531 0.191406 0.392578 0.189453 0.396484 0.185547
0 0.160156 0.207031 0.158203 0.207031 0.156250 0.208984 0.152344 0.208984 0.150391 0.207031 0.150391 0.201172 0.152344 0.199219 0.156250 0.199219 0.158203 0.201172 0.160156 0.201172
0 0.169922 0.218750 0.167969 0.218750 0.166016 0.220703 0.162109 0.220703 0.160156 0.218750 0.160156 0.212891 0.162109 0.210938 0.166016 0.210938 0.167969 0.212891 0.169922 0.212891
0 0.716797 0.218750 0.714844 0.218750 0.712891 0.220703 0.708984 0.220703 0.707031 0.218750 0.707031 0.212891 0.708984 0.210938 0.712891 0.210938 0.714844 0.212891 0.716797 0.212891
0 0.794922 0.214844 0.794922 0.218750 0.791016 0.218750 0.789062 0.216797 0.792969 0.212891
0 0.261719 0.220703 0.259766 0.220703 0.257812 0.222656 0.253906 0.222656 0.251953 0.220703 0.251953 0.214844 0.253906 0.212891 0.257812 0.212891 0.259766 0.214844 0.261719 0.214844
0 0.302734 0.220703 0.300781 0.220703 0.298828 0.222656 0.294922 0.222656 0.292969 0.220703 0.292969 0.214844 0.294922 0.212891 0.298828 0.212891 0.300781 0.214844 0.302734 0.214844
0 0.789062 0.216797 0.789062 0.220703 0.785156 0.220703 0.783203 0.218750 0.787109 0.214844
0 0.285156 0.224609 0.283203 0.226562 0.283203 0.228516 0.281250 0.230469 0.275391 0.230469 0.273438 0.228516 0.273438 0.226562 0.271484 0.224609 0.271484 0.222656 0.273438 0.220703 0.273438 0.218750 0.275391 0.216797 0.281250 0.216797 0.283203 0.218750 0.283203 0.220703 0.285156 0.222656
0 0.271484 0.226562 0.271484 0.230469 0.267578 0.230469 0.265625 0.228516 0.269531 0.224609
0 0.792969 0.226562 0.792969 0.230469 0.789062 0.230469 0.787109 0.228516 0.791016 0.224609
0 0.177734 0.232422 0.175781 0.232422 0.173828 0.234375 0.169922 0.234375 0.167969 0.232422 0.167969 0.226562 0.169922 0.224609 0.173828 0.224609 0.175781 0.226562 0.177734 0.226562
0 0.300781 0.228516 0.300781 0.232422 0.296875 0.232422 0.294922 0.230469 0.298828 0.226562
0 0.378906 0.228516 0.378906 0.232422 0.375000 0.232422 0.373047 0.230469 0.376953 0.226562
0 0.705078 0.234375 0.703125 0.234375 0.701172 0.236328 0.697266 0.236328 0.695312 0.234375 0.695312 0.228516 0.697266 0.226562 0.701172 0.226562 0.703125 0.228516 0.705078 0.228516
0 0.179688 0.240234 0.177734 0.240234 0.175781 0.242188 0.171875 0.242188 0.169922 0.240234 0.169922 0.234375 0.171875 0.232422 0.175781 0.232422 0.177734 0.234375 0.179688 0.234375
0 0.371094 0.236328 0.371094 0.240234 0.367188 0.240234 0.365234 0.238281 0.369141 0.234375
0 0.001953 0.257812 0.000000 0.257812 0.000000 0.244141 0.001953 0.244141 0.003906 0.246094 0.003906 0.248047 0.005859 0.250000 0.005859 0.251953 0.003906 0.253906 0.003906 0.255859
0 0.732422 0.251953 0.732422 0.255859 0.728516 0.255859 0.726562 0.253906 0.730469 0.250000
0 0.183594 0.257812 0.181641 0.257812 0.179688 0.259766 0.175781 0.259766 0.173828 0.257812 0.173828 0.251953 0.175781 0.250000 0.179688 0.250000 0.181641 0.251953 0.183594 0.251953
0 0.746094 0.253906 0.746094 0.257812 0.742188 0.257812 0.740234 0.255859 0.744141 0.251953
0 0.187500 0.275391 0.185547 0.275391 0.183594 0.277344 0.179688 0.277344 0.177734 0.275391 0.177734 0.269531 0.179688 0.267578 0.183594 0.267578 0.185547 0.269531 0.187500 0.269531
0 0.197266 0.275391 0.197266 0.279297 0.193359 0.279297 0.191406 0.277344 0.195312 0.273438
0 0.582031 0.279297 0.576172 0.285156 0.570312 0.285156 0.564453 0.279297 0.564453 0.273438 0.570312 0.267578 0.576172 0.267578 0.582031 0.273438
0 0.187500 0.285156 0.185547 0.285156 0.183594 0.287109 0.179688 0.287109 0.177734 0.285156 0.177734 0.279297 0.179688 0.277344 0.183594 0.277344 0.185547 0.279297 0.187500 0.279297
0 0.611328 0.289062 0.605469 0.294922 0.599609 0.294922 0.593750 0.289062 0.593750 0.283203 0.599609 0.277344 0.605469 0.277344 0.611328 0.283203
0 0.384766 0.294922 0.382812 0.294922 0.380859 0.296875 0.376953 0.296875 0.375000 0.294922 0.375000 0.289062 0.376953 0.287109 0.380859 0.287109 0.382812 0.289062 0.384766 0.289062
0 0.181641 0.298828 0.179688 0.298828 0.177734 0.300781 0.173828 0.300781 0.171875 0.298828 0.171875 0.292969 0.173828 0.291016 0.177734 0.291016 0.179688 0.292969 0.181641 0.292969
0 0.625000 0.302734 0.623047 0.304688 0.623047 0.306641 0.621094 0.308594 0.615234 0.308594 0.613281 0.306641 0.613281 0.304688 0.611328 0.302734 0.611328 0.300781 0.613281 0.298828 0.613281 0.296875 0.615234 0.294922 0.621094 0.294922 0.623047 0.296875 0.623047 0.298828 0.625000 0.300781
0 0.373047 0.308594 0.371094 0.308594 0.369141 0.310547 0.365234 0.310547 0.363281 0.308594 0.363281 0.302734 0.365234 0.300781 0.369141 0.300781 0.371094 0.302734 0.373047 0.302734
0 0.595703 0.310547 0.589844 0.316406 0.583984 0.316406 0.578125 0.310547 0.578125 0.304688 0.583984 0.298828 0.589844 0.298828 0.595703 0.304688
0 0.380859 0.312500 0.378906 0.312500 0.376953 0.314453 0.373047 0.314453 0.371094 0.312500 0.371094 0.306641 0.373047 0.304688 0.376953 0.304688 0.378906 0.306641 0.380859 0.306641
0 0.173828 0.320312 0.171875 0.320312 0.169922 0.322266 0.166016 0.322266 0.164062 0.320312 0.164062 0.314453 0.166016 0.312500 0.169922 0.312500 0.171875 0.314453 0.173828 0.314453
0 0.246094 0.322266 0.246094 0.326172 0.242188 0.326172 0.240234 0.324219 0.244141 0.320312
0 0.238281 0.328125 0.236328 0.328125 0.234375 0.330078 0.230469 0.330078 0.228516 0.328125 0.228516 0.322266 0.230469 0.320312 0.234375 0.320312 0.236328 0.322266 0.238281 0.322266
0 0.281250 0.330078 0.281250 0.333984 0.277344 0.333984 0.275391 0.332031 0.279297 0.328125
0 0.498047 0.335938 0.492188 0.341797 0.486328 0.341797 0.480469 0.335938 0.480469 0.330078 0.486328 0.324219 0.492188 0.324219 0.498047 0.330078
0 0.291016 0.333984 0.291016 0.337891 0.287109 0.337891 0.285156 0.335938 0.289062 0.332031
0 0.251953 0.335938 0.251953 0.339844 0.248047 0.339844 0.246094 0.337891 0.250000 0.333984
0 0.812500 0.335938 0.812500 0.339844 0.808594 0.339844 0.806641 0.337891 0.810547 0.333984
0 0.306641 0.341797 0.304688 0.341797 0.302734 0.343750 0.298828 0.343750 0.296875 0.341797 0.296875 0.335938 0.298828 0.333984 0.302734 0.333984 0.304688 0.335938 0.306641 0.335938
0 0.824219 0.337891 0.824219 0.341797 0.820312 0.341797 0.818359 0.339844 0.822266 0.335938
0 0.251953 0.345703 0.250000 0.345703 0.248047 0.347656 0.244141 0.347656 0.242188 0.345703 0.242188 0.339844 0.244141 0.337891 0.248047 0.337891 0.250000 0.339844 0.251953 0.339844
0 0.910156 0.341797 0.910156 0.345703 0.906250 0.345703 0.904297 0.343750 0.908203 0.339844
0 0.308594 0.349609 0.306641 0.349609 0.304688 0.351562 0.300781 0.351562 0.298828 0.349609 0.298828 0.343750 0.300781 0.341797 0.304688 0.341797 0.306641 0.343750 0.308594 0.343750
0 0.904297 0.345703 0.904297 0.349609 0.900391 0.349609 0.898438 0.347656 0.902344 0.343750
0 0.138672 0.351562 0.132812 0.357422 0.126953 0.357422 0.121094 0.351562 0.121094 0.345703 0.126953 0.339844 0.132812 0.339844 0.138672 0.345703
0 0.226562 0.347656 0.226562 0.351562 0.222656 0.351562 0.220703 0.349609 0.224609 0.345703
0 0.289062 0.351562 0.287109 0.351562 0.285156 0.353516 0.281250 0.353516 0.279297 0.351562 0.279297 0.345703 0.281250 0.343750 0.285156 0.343750 0.287109 0.345703 0.289062 0.345703
0 0.916016 0.349609 0.916016 0.353516 0.912109 0.353516 0.910156 0.351562 0.914062 0.347656
0 0.158203 0.353516 0.158203 0.357422 0.154297 0.357422 0.152344 0.355469 0.156250 0.351562
0 0.171875 0.353516 0.171875 0.357422 0.167969 0.357422 0.166016 0.355469 0.169922 0.351562
0 0.294922 0.353516 0.294922 0.357422 0.291016 0.357422 0.289062 0.355469 0.292969 0.351562
0 0.001953 0.363281 0.000000 0.363281 0.000000 0.349609 0.001953 0.349609 0.003906 0.351562 0.003906 0.353516 0.005859 0.355469 0.005859 0.357422 0.003906 0.359375 0.003906 0.361328
0 0.910156 0.355469 0.910156 0.359375 0.906250 0.359375 0.904297 0.357422 0.908203 0.353516
0 0.214844 0.361328 0.214844 0.365234 0.210938 0.365234 0.208984 0.363281 0.212891 0.359375
0 0.480469 0.367188 0.474609 0.373047 0.468750 0.373047 0.462891 0.367188 0.462891 0.361328 0.468750 0.355469 0.474609 0.355469 0.480469 0.361328
0 0.138672 0.369141 0.136719 0.371094 0.136719 0.373047 0.134766 0.375000 0.128906 0.375000 0.126953 0.373047 0.126953 0.371094 0.125000 0.369141 0.125000 0.367188 0.126953 0.365234 0.126953 0.363281 0.128906 0.361328 0.134766 0.361328 0.136719 0.363281 0.136719 0.365234 0.138672 0.367188
0 0.687500 0.371094 0.685547 0.371094 0.683594 0.373047 0.679688 0.373047 0.677734 0.371094 0.677734 0.365234 0.679688 0.363281 0.683594 0.363281 0.685547 0.365234 0.687500 0.365234
0 0.208984 0.369141 0.208984 0.373047 0.205078 0.373047 0.203125 0.371094 0.207031 0.367188
0 0.382812 0.373047 0.380859 0.373047 0.378906 0.375000 0.375000 0.375000 0.373047 0.373047 0.373047 0.367188 0.375000 0.365234 0.378906 0.365234 0.380859 0.367188 0.382812 0.367188
0 0.398438 0.371094 0.398438 0.375000 0.394531 0.375000 0.392578 0.373047 0.396484 0.369141
0 0.597656 0.371094 0.597656 0.375000 0.593750 0.375000 0.591797 0.373047 0.595703 0.369141
0 0.017578 0.375000 0.015625 0.376953 0.015625 0.378906 0.013672 0.380859 0.007812 0.380859 0.005859 0.378906 0.005859 0.376953 0.003906 0.375000 0.003906 0.373047 0.005859 0.371094 0.005859 0.369141 0.007812 0.367188 0.013672 0.367188 0.015625 0.369141 0.015625 0.371094 0.017578 0.373047
0 0.529297 0.386719 0.527344 0.386719 0.525391 0.388672 0.515625 0.388672 0.509766 0.382812 0.509766 0.373047 0.511719 0.371094 0.513672 0.371094 0.513672 0.369141 0.515625 0.367188 0.525391 0.367188 0.531250 0.373047 0.531250 0.382812 0.529297 0.384766
0 0.220703 0.378906 0.220703 0.382812 0.216797 0.382812 0.214844 0.380859 0.218750 0.376953
0 0.402344 0.380859 0.402344 0.384766 0.398438 0.384766 0.396484 0.382812 0.400391 0.378906
0 0.599609 0.380859 0.599609 0.384766 0.595703 0.384766 0.593750 0.382812 0.597656 0.378906
0 0.669922 0.384766 0.667969 0.386719 0.667969 0.388672 0.666016 0.390625 0.660156 0.390625 0.658203 0.388672 0.658203 0.386719 0.656250 0.384766 0.656250 0.382812 0.658203 0.380859 0.658203 0.378906 0.660156 0.376953 0.666016 0.376953 0.667969 0.378906 0.667969 0.380859 0.669922 0.382812
0 0.755859 0.382812 0.755859 0.386719 0.751953 0.386719 0.750000 0.384766 0.753906 0.380859
0 0.861328 0.382812 0.861328 0.386719 0.857422 0.386719 0.855469 0.384766 0.859375 0.380859
0 0.138672 0.386719 0.136719 0.388672 0.136719 0.390625 0.134766 0.392578 0.128906 0.392578 0.126953 0.390625 0.126953 0.388672 0.125000 0.386719 0.125000 0.384766 0.126953 0.382812 0.126953 0.380859 0.128906 0.378906 0.134766 0.378906 0.136719 0.380859 0.136719 0.382812 0.138672 0.384766
0 0.212891 0.386719 0.212891 0.390625 0.208984 0.390625 0.207031 0.388672 0.210938 0.384766
0 0.519531 0.392578 0.517578 0.392578 0.515625 0.394531 0.511719 0.394531 0.509766 0.392578 0.509766 0.386719 0.511719 0.384766 0.515625 0.384766 0.517578 0.386719 0.519531 0.386719
0 0.853516 0.388672 0.853516 0.392578 0.849609 0.392578 0.847656 0.390625 0.851562 0.386719
0 0.388672 0.396484 0.386719 0.396484 0.384766 0.398438 0.380859 0.398438 0.378906 0.396484 0.378906 0.390625 0.380859 0.388672 0.384766 0.388672 0.386719 0.390625 0.388672 0.390625
0 0.679688 0.396484 0.677734 0.396484 0.675781 0.398438 0.671875 0.398438 0.669922 0.396484 0.669922 0.390625 0.671875 0.388672 0.675781 0.388672 0.677734 0.390625 0.679688 0.390625
0 0.738281 0.392578 0.738281 0.396484 0.734375 0.396484 0.732422 0.394531 0.736328 0.390625
0 0.865234 0.392578 0.865234 0.396484 0.861328 0.396484 0.859375 0.394531 0.863281 0.390625
0 0.726562 0.394531 0.726562 0.398438 0.722656 0.398438 0.720703 0.396484 0.724609 0.392578
0 0.859375 0.394531 0.859375 0.398438 0.855469 0.398438 0.853516 0.396484 0.857422 0.392578
0 0.189453 0.396484 0.189453 0.400391 0.185547 0.400391 0.183594 0.398438 0.187500 0.394531
0 0.402344 0.396484 0.402344 0.400391 0.398438 0.400391 0.396484 0.398438 0.400391 0.394531
0 0.562500 0.398438 0.560547 0.400391 0.560547 0.402344 0.558594 0.404297 0.552734 0.404297 0.550781 0.402344 0.550781 0.400391 0.548828 0.398438 0.548828 0.396484 0.550781 0.394531 0.550781 0.392578 0.552734 0.390625 0.558594 0.390625 0.560547 0.392578 0.560547 0.394531 0.562500 0.396484
0 0.906250 0.396484 0.906250 0.400391 0.902344 0.400391 0.900391 0.398438 0.904297 0.394531
0 0.734375 0.402344 0.734375 0.406250 0.730469 0.406250 0.728516 0.404297 0.732422 0.400391
0 0.656250 0.408203 0.654297 0.408203 0.652344 0.410156 0.648438 0.410156 0.646484 0.408203 0.646484 0.402344 0.648438 0.400391 0.652344 0.400391 0.654297 0.402344 0.656250 0.402344
0 0.183594 0.406250 0.183594 0.410156 0.179688 0.410156 0.177734 0.408203 0.181641 0.404297
0 0.191406 0.406250 0.191406 0.410156 0.187500 0.410156 0.185547 0.408203 0.189453 0.404297
0 0.517578 0.410156 0.515625 0.410156 0.513672 0.412109 0.509766 0.412109 0.507812 0.410156 0.507812 0.404297 0.509766 0.402344 0.513672 0.402344 0.515625 0.404297 0.517578 0.404297
0 0.673828 0.412109 0.671875 0.412109 0.669922 0.414062 0.666016 0.414062 0.664062 0.412109 0.664062 0.406250 0.666016 0.404297 0.669922 0.404297 0.671875 0.406250 0.673828 0.406250
0 0.464844 0.414062 0.462891 0.414062 0.460938 0.416016 0.457031 0.416016 0.455078 0.414062 0.455078 0.408203 0.457031 0.406250 0.460938 0.406250 0.462891 0.408203 0.464844 0.408203
0 0.486328 0.416016 0.484375 0.416016 0.482422 0.417969 0.478516 0.417969 0.476562 0.416016 0.476562 0.410156 0.478516 0.408203 0.482422 0.408203 0.484375 0.410156 0.486328 0.410156
0 0.904297 0.412109 0.904297 0.416016 0.900391 0.416016 0.898438 0.414062 0.902344 0.410156
0 0.023438 0.417969 0.021484 0.419922 0.021484 0.421875 0.019531 0.423828 0.013672 0.423828 0.011719 0.421875 0.011719 0.419922 0.009766 0.417969 0.009766 0.416016 0.011719 0.414062 0.011719 0.412109 0.013672 0.410156 0.019531 0.410156 0.021484 0.412109 0.021484 0.414062 0.023438 0.416016
0 0.533203 0.419922 0.531250 0.421875 0.531250 0.423828 0.529297 0.425781 0.523438 0.425781 0.521484 0.423828 0.521484 0.421875 0.519531 0.419922 0.519531 0.417969 0.521484 0.416016 0.521484 0.414062 0.523438 0.412109 0.529297 0.412109 0.531250 0.414062 0.531250 0.416016 0.533203 0.417969
0 0.560547 0.419922 0.558594 0.421875 0.558594 0.423828 0.556641 0.425781 0.550781 0.425781 0.548828 0.423828 0.548828 0.421875 0.546875 0.419922 0.546875 0.417969 0.548828 0.416016 0.548828 0.414062 0.550781 0.412109 0.556641 0.412109 0.558594 0.414062 0.558594 0.416016 0.560547 0.417969
0 0.451172 0.419922 0.451172 0.423828 0.447266 0.423828 0.445312 0.421875 0.449219 0.417969
0 0.173828 0.427734 0.171875 0.427734 0.169922 0.429688 0.166016 0.429688 0.164062 0.427734 0.164062 0.421875 0.166016 0.419922 0.169922 0.419922 0.171875 0.421875 0.173828 0.421875
0 0.472656 0.427734 0.470703 0.427734 0.468750 0.429688 0.464844 0.429688 0.462891 0.427734 0.462891 0.421875 0.464844 0.419922 0.468750 0.419922 0.470703 0.421875 0.472656 0.421875
0 0.544922 0.425781 0.542969 0.427734 0.542969 0.429688 0.541016 0.431641 0.535156 0.431641 0.533203 0.429688 0.533203 0.427734 0.531250 0.425781 0.531250 0.423828 0.533203 0.421875 0.533203 0.419922 0.535156 0.417969 0.541016 0.417969 0.542969 0.419922 0.542969 0.421875 0.544922 0.423828
0 0.455078 0.425781 0.455078 0.429688 0.451172 0.429688 0.449219 0.427734 0.453125 0.423828
0 0.494141 0.431641 0.492188 0.431641 0.490234 0.433594 0.486328 0.433594 0.484375 0.431641 0.484375 0.425781 0.486328 0.423828 0.490234 0.423828 0.492188 0.425781 0.494141 0.425781
0 0.337891 0.429688 0.337891 0.433594 0.333984 0.433594 0.332031 0.431641 0.335938 0.427734
0 0.513672 0.433594 0.511719 0.433594 0.509766 0.435547 0.505859 0.435547 0.503906 0.433594 0.503906 0.427734 0.505859 0.425781 0.509766 0.425781 0.511719 0.427734 0.513672 0.427734
0 0.375000 0.431641 0.375000 0.435547 0.371094 0.435547 0.369141 0.433594 0.373047 0.429688
0 0.384766 0.431641 0.384766 0.435547 0.380859 0.435547 0.378906 0.433594 0.382812 0.429688
0 0.054688 0.439453 0.048828 0.445312 0.042969 0.445312 0.037109 0.439453 0.037109 0.433594 0.042969 0.427734 0.048828 0.427734 0.054688 0.433594
0 0.367188 0.439453 0.365234 0.439453 0.363281 0.441406 0.359375 0.441406 0.357422 0.439453 0.357422 0.433594 0.359375 0.431641 0.363281 0.431641 0.365234 0.433594 0.367188 0.433594
0 0.201172 0.441406 0.201172 0.445312 0.197266 0.445312 0.195312 0.443359 0.199219 0.439453
0 0.501953 0.447266 0.500000 0.447266 0.498047 0.449219 0.494141 0.449219 0.492188 0.447266 0.492188 0.441406 0.494141 0.439453 0.498047 0.439453 0.500000 0.441406 0.501953 0.441406
0 0.646484 0.443359 0.646484 0.447266 0.642578 0.447266 0.640625 0.445312 0.644531 0.441406
0 0.187500 0.449219 0.181641 0.455078 0.175781 0.455078 0.169922 0.449219 0.169922 0.443359 0.175781 0.437500 0.181641 0.437500 0.187500 0.443359
0 0.205078 0.447266 0.205078 0.451172 0.201172 0.451172 0.199219 0.449219 0.203125 0.445312
0 0.613281 0.447266 0.613281 0.451172 0.609375 0.451172 0.607422 0.449219 0.611328 0.445312
0 0.035156 0.458984 0.033203 0.458984 0.031250 0.460938 0.021484 0.460938 0.015625 0.455078 0.015625 0.445312 0.017578 0.443359 0.019531 0.443359 0.019531 0.441406 0.021484 0.439453 0.031250 0.439453 0.037109 0.445312 0.037109 0.455078 0.035156 0.457031
0 0.189453 0.449219 0.189453 0.453125 0.185547 0.453125 0.183594 0.451172 0.187500 0.447266
0 0.640625 0.449219 0.640625 0.453125 0.636719 0.453125 0.634766 0.451172 0.638672 0.447266
0 0.003906 0.464844 0.000000 0.464844 0.000000 0.443359 0.003906 0.443359 0.005859 0.445312 0.005859 0.447266 0.007812 0.447266 0.009766 0.449219 0.009766 0.458984 0.007812 0.460938 0.007812 0.462891 0.005859 0.462891
0 0.199219 0.455078 0.199219 0.458984 0.195312 0.458984 0.193359 0.457031 0.197266 0.453125
0 0.337891 0.464844 0.335938 0.464844 0.333984 0.466797 0.324219 0.466797 0.318359 0.460938 0.318359 0.451172 0.320312 0.449219 0.322266 0.449219 0.322266 0.447266 0.324219 0.445312 0.333984 0.445312 0.339844 0.451172 0.339844 0.460938 0.337891 0.462891
0 0.375000 0.457031 0.373047 0.458984 0.373047 0.460938 0.371094 0.462891 0.365234 0.462891 0.363281 0.460938 0.363281 0.458984 0.361328 0.457031 0.361328 0.455078 0.363281 0.453125 0.363281 0.451172 0.365234 0.449219 0.371094 0.449219 0.373047 0.451172 0.373047 0.453125 0.375000 0.455078
0 0.267578 0.458984 0.267578 0.462891 0.263672 0.462891 0.261719 0.460938 0.265625 0.457031
0 0.619141 0.462891 0.617188 0.462891 0.615234 0.464844 0.611328 0.464844 0.609375 0.462891 0.609375 0.457031 0.611328 0.455078 0.615234 0.455078 0.617188 0.457031 0.619141 0.457031
0 0.363281 0.464844 0.361328 0.466797 0.361328 0.468750 0.359375 0.470703 0.353516 0.470703 0.351562 0.468750 0.351562 0.466797 0.349609 0.464844 0.349609 0.462891 0.351562 0.460938 0.351562 0.458984 0.353516 0.457031 0.359375 0.457031 0.361328 0.458984 0.361328 0.460938 0.363281 0.462891
0 0.671875 0.468750 0.669922 0.468750 0.667969 0.470703 0.664062 0.470703 0.662109 0.468750 0.662109 0.462891 0.664062 0.460938 0.667969 0.460938 0.669922 0.462891 0.671875 0.462891
0 0.181641 0.476562 0.179688 0.476562 0.177734 0.478516 0.167969 0.478516 0.162109 0.472656 0.162109 0.462891 0.164062 0.460938 0.166016 0.460938 0.166016 0.458984 0.167969 0.457031 0.177734 0.457031 0.183594 0.462891 0.183594 0.472656 0.181641 0.474609
0 0.601562 0.472656 0.599609 0.472656 0.597656 0.474609 0.593750 0.474609 0.591797 0.472656 0.591797 0.466797 0.593750 0.464844 0.597656 0.464844 0.599609 0.466797 0.601562 0.466797
0 0.199219 0.474609 0.193359 0.480469 0.187500 0.480469 0.181641 0.474609 0.181641 0.468750 0.187500 0.462891 0.193359 0.462891 0.199219 0.468750
0 0.234375 0.474609 0.234375 0.478516 0.230469 0.478516 0.228516 0.476562 0.232422 0.472656
0 0.281250 0.478516 0.275391 0.484375 0.269531 0.484375 0.263672 0.478516 0.263672 0.472656 0.269531 0.466797 0.275391 0.466797 0.281250 0.472656
0 0.378906 0.480469 0.376953 0.480469 0.375000 0.482422 0.371094 0.482422 0.369141 0.480469 0.369141 0.474609 0.371094 0.472656 0.375000 0.472656 0.376953 0.474609 0.378906 0.474609
0 0.679688 0.480469 0.677734 0.480469 0.675781 0.482422 0.671875 0.482422 0.669922 0.480469 0.669922 0.474609 0.671875 0.472656 0.675781 0.472656 0.677734 0.474609 0.679688 0.474609
0 0.208984 0.478516 0.208984 0.482422 0.205078 0.482422 0.203125 0.480469 0.207031 0.476562
0 0.224609 0.478516 0.224609 0.482422 0.220703 0.482422 0.218750 0.480469 0.222656 0.476562
0 0.591797 0.480469 0.591797 0.484375 0.587891 0.484375 0.585938 0.482422 0.589844 0.478516
0 0.605469 0.484375 0.603516 0.484375 0.601562 0.486328 0.597656 0.486328 0.595703 0.484375 0.595703 0.478516 0.597656 0.476562 0.601562 0.476562 0.603516 0.478516 0.605469 0.478516
0 0.236328 0.484375 0.236328 0.488281 0.232422 0.488281 0.230469 0.486328 0.234375 0.482422
0 0.255859 0.486328 0.253906 0.488281 0.253906 0.490234 0.251953 0.492188 0.246094 0.492188 0.244141 0.490234 0.244141 0.488281 0.242188 0.486328 0.242188 0.484375 0.244141 0.482422 0.244141 0.480469 0.246094 0.478516 0.251953 0.478516 0.253906 0.480469 0.253906 0.482422 0.255859 0.484375
0 0.386719 0.494141 0.384766 0.494141 0.382812 0.496094 0.373047 0.496094 0.367188 0.490234 0.367188 0.480469 0.369141 0.478516 0.371094 0.478516 0.371094 0.476562 0.373047 0.474609 0.382812 0.474609 0.388672 0.480469 0.388672 0.490234 0.386719 0.492188
0 0.171875 0.496094 0.169922 0.496094 0.167969 0.498047 0.158203 0.498047 0.152344 0.492188 0.152344 0.482422 0.154297 0.480469 0.156250 0.480469 0.156250 0.478516 0.158203 0.476562 0.167969 0.476562 0.173828 0.482422 0.173828 0.492188 0.171875 0.494141
0 0.177734 0.486328 0.177734 0.490234 0.173828 0.490234 0.171875 0.488281 0.175781 0.484375
0 0.628906 0.496094 0.626953 0.496094 0.625000 0.498047 0.615234 0.498047 0.609375 0.492188 0.609375 0.482422 0.611328 0.480469 0.613281 0.480469 0.613281 0.478516 0.615234 0.476562 0.625000 0.476562 0.630859 0.482422 0.630859 0.492188 0.628906 0.494141
0 0.296875 0.494141 0.294922 0.494141 0.292969 0.496094 0.289062 0.496094 0.287109 0.494141 0.287109 0.488281 0.289062 0.486328 0.292969 0.486328 0.294922 0.488281 0.296875 0.488281
0 0.185547 0.492188 0.185547 0.496094 0.181641 0.496094 0.179688 0.494141 0.183594 0.490234
0 0.259766 0.496094 0.259766 0.500000 0.255859 0.500000 0.253906 0.498047 0.257812 0.494141
0 0.660156 0.498047 0.658203 0.500000 0.658203 0.501953 0.656250 0.503906 0.650391 0.503906 0.648438 0.501953 0.648438 0.500000 0.646484 0.498047 0.646484 0.496094 0.648438 0.494141 0.648438 0.492188 0.650391 0.490234 0.656250 0.490234 0.658203 0.492188 0.658203 0.494141 0.660156 0.496094
0 0.332031 0.498047 0.332031 0.501953 0.328125 0.501953 0.326172 0.500000 0.330078 0.496094
0 0.365234 0.501953 0.363281 0.501953 0.361328 0.503906 0.357422 0.503906 0.355469 0.501953 0.355469 0.496094 0.357422 0.494141 0.361328 0.494141 0.363281 0.496094 0.365234 0.496094
0 0.248047 0.500000 0.248047 0.503906 0.244141 0.503906 0.242188 0.501953 0.246094 0.498047
0 0.328125 0.505859 0.326172 0.505859 0.324219 0.507812 0.320312 0.507812 0.318359 0.505859 0.318359 0.500000 0.320312 0.498047 0.324219 0.498047 0.326172 0.500000 0.328125 0.500000
0 0.701172 0.501953 0.701172 0.505859 0.697266 0.505859 0.695312 0.503906 0.699219 0.500000
0 0.367188 0.509766 0.365234 0.509766 0.363281 0.511719 0.359375 0.511719 0.357422 0.509766 0.357422 0.503906 0.359375 0.501953 0.363281 0.501953 0.365234 0.503906 0.367188 0.503906
0 0.523438 0.511719 0.521484 0.511719 0.519531 0.513672 0.515625 0.513672 0.513672 0.511719 0.513672 0.505859 0.515625 0.503906 0.519531 0.503906 0.521484 0.505859 0.523438 0.505859
0 0.708984 0.507812 0.708984 0.511719 0.705078 0.511719 0.703125 0.509766 0.707031 0.505859
0 0.232422 0.509766 0.232422 0.513672 0.228516 0.513672 0.226562 0.511719 0.230469 0.507812
0 0.378906 0.513672 0.376953 0.513672 0.375000 0.515625 0.371094 0.515625 0.369141 0.513672 0.369141 0.507812 0.371094 0.505859 0.375000 0.505859 0.376953 0.507812 0.378906 0.507812
0 0.390625 0.509766 0.390625 0.513672 0.386719 0.513672 0.384766 0.511719 0.388672 0.507812
0 0.699219 0.509766 0.699219 0.513672 0.695312 0.513672 0.693359 0.511719 0.697266 0.507812
0 0.273438 0.511719 0.273438 0.515625 0.269531 0.515625 0.267578 0.513672 0.271484 0.509766
0 0.464844 0.515625 0.462891 0.515625 0.460938 0.517578 0.457031 0.517578 0.455078 0.515625 0.455078 0.509766 0.457031 0.507812 0.460938 0.507812 0.462891 0.509766 0.464844 0.509766
0 0.169922 0.513672 0.169922 0.517578 0.166016 0.517578 0.164062 0.515625 0.167969 0.511719
0 0.660156 0.515625 0.658203 0.517578 0.658203 0.519531 0.656250 0.521484 0.650391 0.521484 0.648438 0.519531 0.648438 0.517578 0.646484 0.515625 0.646484 0.513672 0.648438 0.511719 0.648438 0.509766 0.650391 0.507812 0.656250 0.507812 0.658203 0.509766 0.658203 0.511719 0.660156 0.513672
0 0.154297 0.525391 0.152344 0.525391 0.150391 0.527344 0.140625 0.527344 0.134766 0.521484 0.134766 0.511719 0.136719 0.509766 0.138672 0.509766 0.138672 0.507812 0.140625 0.505859 0.150391 0.505859 0.156250 0.511719 0.156250 0.521484 0.154297 0.523438
0 0.640625 0.517578 0.638672 0.519531 0.638672 0.521484 0.636719 0.523438 0.630859 0.523438 0.628906 0.521484 0.628906 0.519531 0.626953 0.517578 0.626953 0.515625 0.628906 0.513672 0.628906 0.511719 0.630859 0.509766 0.636719 0.509766 0.638672 0.511719 0.638672 0.513672 0.640625 0.515625
0 0.312500 0.521484 0.306641 0.527344 0.300781 0.527344 0.294922 0.521484 0.294922 0.515625 0.300781 0.509766 0.306641 0.509766 0.312500 0.515625
0 0.505859 0.521484 0.503906 0.521484 0.501953 0.523438 0.498047 0.523438 0.496094 0.521484 0.496094 0.515625 0.498047 0.513672 0.501953 0.513672 0.503906 0.515625 0.505859 0.515625
0 0.357422 0.529297 0.355469 0.529297 0.353516 0.531250 0.343750 0.531250 0.337891 0.525391 0.337891 0.515625 0.339844 0.513672 0.341797 0.513672 0.341797 0.511719 0.343750 0.509766 0.353516 0.509766 0.359375 0.515625 0.359375 0.525391 0.357422 0.527344
0 0.476562 0.519531 0.476562 0.523438 0.472656 0.523438 0.470703 0.521484 0.474609 0.517578
0 0.529297 0.523438 0.527344 0.523438 0.525391 0.525391 0.521484 0.525391 0.519531 0.523438 0.519531 0.517578 0.521484 0.515625 0.525391 0.515625 0.527344 0.517578 0.529297 0.517578
0 0.671875 0.523438 0.669922 0.523438 0.667969 0.525391 0.664062 0.525391 0.662109 0.523438 0.662109 0.517578 0.664062 0.515625 0.667969 0.515625 0.669922 0.517578 0.671875 0.517578
0 0.974609 0.523438 0.974609 0.527344 0.970703 0.527344 0.968750 0.525391 0.972656 0.521484
0 0.183594 0.527344 0.181641 0.529297 0.181641 0.531250 0.179688 0.533203 0.173828 0.533203 0.171875 0.531250 0.171875 0.529297 0.169922 0.527344 0.169922 0.525391 0.171875 0.523438 0.171875 0.521484 0.173828 0.519531 0.179688 0.519531 0.181641 0.521484 0.181641 0.523438 0.183594 0.525391
0 0.466797 0.525391 0.466797 0.529297 0.462891 0.529297 0.460938 0.527344 0.464844 0.523438
0 0.287109 0.531250 0.285156 0.533203 0.285156 0.535156 0.283203 0.537109 0.277344 0.537109 0.275391 0.535156 0.275391 0.533203 0.273438 0.531250 0.273438 0.529297 0.275391 0.527344 0.275391 0.525391 0.277344 0.523438 0.283203 0.523438 0.285156 0.525391 0.285156 0.527344 0.287109 0.529297
0 0.984375 0.529297 0.984375 0.533203 0.980469 0.533203 0.978516 0.531250 0.982422 0.527344
0 0.207031 0.533203 0.205078 0.535156 0.205078 0.537109 0.203125 0.539062 0.197266 0.539062 0.195312 0.537109 0.195312 0.535156 0.193359 0.533203 0.193359 0.531250 0.195312 0.529297 0.195312 0.527344 0.197266 0.525391 0.203125 0.525391 0.205078 0.527344 0.205078 0.529297 0.207031 0.531250
0 0.271484 0.535156 0.265625 0.541016 0.259766 0.541016 0.253906 0.535156 0.253906 0.529297 0.259766 0.523438 0.265625 0.523438 0.271484 0.529297
0 0.396484 0.535156 0.394531 0.535156 0.392578 0.537109 0.388672 0.537109 0.386719 0.535156 0.386719 0.529297 0.388672 0.527344 0.392578 0.527344 0.394531 0.529297 0.396484 0.529297
0 0.662109 0.531250 0.662109 0.535156 0.658203 0.535156 0.656250 0.533203 0.660156 0.529297
0 0.328125 0.537109 0.326172 0.537109 0.324219 0.539062 0.320312 0.539062 0.318359 0.537109 0.318359 0.531250 0.320312 0.529297 0.324219 0.529297 0.326172 0.531250 0.328125 0.531250
0 0.978516 0.533203 0.978516 0.537109 0.974609 0.537109 0.972656 0.535156 0.976562 0.531250
0 0.240234 0.537109 0.238281 0.539062 0.238281 0.541016 0.236328 0.542969 0.230469 0.542969 0.228516 0.541016 0.228516 0.539062 0.226562 0.537109 0.226562 0.535156 0.228516 0.533203 0.228516 0.531250 0.230469 0.529297 0.236328 0.529297 0.238281 0.531250 0.238281 0.533203 0.240234 0.535156
0 0.576172 0.537109 0.576172 0.541016 0.572266 0.541016 0.570312 0.539062 0.574219 0.535156
0 0.562500 0.542969 0.560547 0.542969 0.558594 0.544922 0.554688 0.544922 0.552734 0.542969 0.552734 0.537109 0.554688 0.535156 0.558594 0.535156 0.560547 0.537109 0.562500 0.537109
0 0.300781 0.544922 0.294922 0.550781 0.289062 0.550781 0.283203 0.544922 0.283203 0.539062 0.289062 0.533203 0.294922 0.533203 0.300781 0.539062
0 0.382812 0.544922 0.380859 0.544922 0.378906 0.546875 0.375000 0.546875 0.373047 0.544922 0.373047 0.539062 0.375000 0.537109 0.378906 0.537109 0.380859 0.539062 0.382812 0.539062
0 0.638672 0.544922 0.636719 0.544922 0.634766 0.546875 0.630859 0.546875 0.628906 0.544922 0.628906 0.539062 0.630859 0.537109 0.634766 0.537109 0.636719 0.539062 0.638672 0.539062
0 0.425781 0.544922 0.423828 0.546875 0.423828 0.548828 0.421875 0.550781 0.416016 0.550781 0.414062 0.548828 0.414062 0.546875 0.412109 0.544922 0.412109 0.542969 0.414062 0.541016 0.414062 0.539062 0.416016 0.537109 0.421875 0.537109 0.423828 0.539062 0.423828 0.541016 0.425781 0.542969
0 0.462891 0.546875 0.460938 0.546875 0.458984 0.548828 0.455078 0.548828 0.453125 0.546875 0.453125 0.541016 0.455078 0.539062 0.458984 0.539062 0.460938 0.541016 0.462891 0.541016
0 0.500000 0.542969 0.500000 0.546875 0.496094 0.546875 0.494141 0.544922 0.498047 0.541016
0 0.566406 0.548828 0.564453 0.548828 0.562500 0.550781 0.558594 0.550781 0.556641 0.548828 0.556641 0.542969 0.558594 0.541016 0.562500 0.541016 0.564453 0.542969 0.566406 0.542969
0 0.402344 0.548828 0.400391 0.550781 0.400391 0.552734 0.398438 0.554688 0.392578 0.554688 0.390625 0.552734 0.390625 0.550781 0.388672 0.548828 0.388672 0.546875 0.390625 0.544922 0.390625 0.542969 0.392578 0.541016 0.398438 0.541016 0.400391 0.542969 0.400391 0.544922 0.402344 0.546875
0 0.558594 0.550781 0.558594 0.554688 0.554688 0.554688 0.552734 0.552734 0.556641 0.548828
0 0.445312 0.556641 0.443359 0.556641 0.441406 0.558594 0.437500 0.558594 0.435547 0.556641 0.435547 0.550781 0.437500 0.548828 0.441406 0.548828 0.443359 0.550781 0.445312 0.550781
0 0.511719 0.556641 0.509766 0.556641 0.507812 0.558594 0.503906 0.558594 0.501953 0.556641 0.501953 0.550781 0.503906 0.548828 0.507812 0.548828 0.509766 0.550781 0.511719 0.550781
0 0.845703 0.552734 0.845703 0.556641 0.841797 0.556641 0.839844 0.554688 0.843750 0.550781
0 0.275391 0.556641 0.273438 0.558594 0.273438 0.560547 0.271484 0.562500 0.265625 0.562500 0.263672 0.560547 0.263672 0.558594 0.261719 0.556641 0.261719 0.554688 0.263672 0.552734 0.263672 0.550781 0.265625 0.548828 0.271484 0.548828 0.273438 0.550781 0.273438 0.552734 0.275391 0.554688
0 0.548828 0.558594 0.542969 0.564453 0.537109 0.564453 0.531250 0.558594 0.531250 0.552734 0.537109 0.546875 0.542969 0.546875 0.548828 0.552734
0 0.855469 0.554688 0.855469 0.558594 0.851562 0.558594 0.849609 0.556641 0.853516 0.552734
0 0.207031 0.558594 0.205078 0.560547 0.205078 0.562500 0.203125 0.564453 0.197266 0.564453 0.195312 0.562500 0.195312 0.560547 0.193359 0.558594 0.193359 0.556641 0.195312 0.554688 0.195312 0.552734 0.197266 0.550781 0.203125 0.550781 0.205078 0.552734 0.205078 0.554688 0.207031 0.556641
0 0.242188 0.560547 0.236328 0.566406 0.230469 0.566406 0.224609 0.560547 0.224609 0.554688 0.230469 0.548828 0.236328 0.548828 0.242188 0.554688
0 0.650391 0.560547 0.648438 0.560547 0.646484 0.562500 0.642578 0.562500 0.640625 0.560547 0.640625 0.554688 0.642578 0.552734 0.646484 0.552734 0.648438 0.554688 0.650391 0.554688
0 0.632812 0.560547 0.630859 0.562500 0.630859 0.564453 0.628906 0.566406 0.623047 0.566406 0.621094 0.564453 0.621094 0.562500 0.619141 0.560547 0.619141 0.558594 0.621094 0.556641 0.621094 0.554688 0.623047 0.552734 0.628906 0.552734 0.630859 0.554688 0.630859 0.556641 0.632812 0.558594
0 0.429688 0.562500 0.427734 0.564453 0.427734 0.566406 0.425781 0.568359 0.419922 0.568359 0.417969 0.566406 0.417969 0.564453 0.416016 0.562500 0.416016 0.560547 0.417969 0.558594 0.417969 0.556641 0.419922 0.554688 0.425781 0.554688 0.427734 0.556641 0.427734 0.558594 0.429688 0.560547
0 0.494141 0.564453 0.488281 0.570312 0.482422 0.570312 0.476562 0.564453 0.476562 0.558594 0.482422 0.552734 0.488281 0.552734 0.494141 0.558594
0 0.742188 0.560547 0.742188 0.564453 0.738281 0.564453 0.736328 0.562500 0.740234 0.558594
0 0.859375 0.560547 0.859375 0.564453 0.855469 0.564453 0.853516 0.562500 0.857422 0.558594
0 0.154297 0.572266 0.152344 0.572266 0.150391 0.574219 0.140625 0.574219 0.134766 0.568359 0.134766 0.558594 0.136719 0.556641 0.138672 0.556641 0.138672 0.554688 0.140625 0.552734 0.150391 0.552734 0.156250 0.558594 0.156250 0.568359 0.154297 0.570312
0 0.177734 0.566406 0.171875 0.572266 0.166016 0.572266 0.160156 0.566406 0.160156 0.560547 0.166016 0.554688 0.171875 0.554688 0.177734 0.560547
0 0.210938 0.572266 0.208984 0.572266 0.207031 0.574219 0.197266 0.574219 0.191406 0.568359 0.191406 0.558594 0.193359 0.556641 0.195312 0.556641 0.195312 0.554688 0.197266 0.552734 0.207031 0.552734 0.212891 0.558594 0.212891 0.568359 0.210938 0.570312
0 0.519531 0.566406 0.517578 0.566406 0.515625 0.568359 0.511719 0.568359 0.509766 0.566406 0.509766 0.560547 0.511719 0.558594 0.515625 0.558594 0.517578 0.560547 0.519531 0.560547
0 0.837891 0.564453 0.837891 0.568359 0.833984 0.568359 0.832031 0.566406 0.835938 0.562500
0 0.001953 0.576172 0.000000 0.576172 0.000000 0.558594 0.001953 0.558594 0.007812 0.564453 0.007812 0.570312
0 0.382812 0.570312 0.376953 0.576172 0.371094 0.576172 0.365234 0.570312 0.365234 0.564453 0.371094 0.558594 0.376953 0.558594 0.382812 0.564453
0 0.576172 0.566406 0.576172 0.570312 0.572266 0.570312 0.570312 0.568359 0.574219 0.564453
0 0.732422 0.566406 0.732422 0.570312 0.728516 0.570312 0.726562 0.568359 0.730469 0.564453
0 0.748047 0.566406 0.748047 0.570312 0.744141 0.570312 0.742188 0.568359 0.746094 0.564453
0 0.314453 0.580078 0.312500 0.580078 0.310547 0.582031 0.300781 0.582031 0.294922 0.576172 0.294922 0.566406 0.296875 0.564453 0.298828 0.564453 0.298828 0.562500 0.300781 0.560547 0.310547 0.560547 0.316406 0.566406 0.316406 0.576172 0.314453 0.578125
0 0.853516 0.570312 0.853516 0.574219 0.849609 0.574219 0.847656 0.572266 0.851562 0.568359
0 0.140625 0.582031 0.138672 0.582031 0.136719 0.583984 0.126953 0.583984 0.121094 0.578125 0.121094 0.568359 0.123047 0.566406 0.125000 0.566406 0.125000 0.564453 0.126953 0.562500 0.136719 0.562500 0.142578 0.568359 0.142578 0.578125 0.140625 0.580078
0 0.439453 0.582031 0.437500 0.582031 0.435547 0.583984 0.425781 0.583984 0.419922 0.578125 0.419922 0.568359 0.421875 0.566406 0.423828 0.566406 0.423828 0.564453 0.425781 0.562500 0.435547 0.562500 0.441406 0.568359 0.441406 0.578125 0.439453 0.580078
0 0.568359 0.576172 0.566406 0.576172 0.564453 0.578125 0.560547 0.578125 0.558594 0.576172 0.558594 0.570312 0.560547 0.568359 0.564453 0.568359 0.566406 0.570312 0.568359 0.570312
0 0.609375 0.576172 0.607422 0.576172 0.605469 0.578125 0.601562 0.578125 0.599609 0.576172 0.599609 0.570312 0.601562 0.568359 0.605469 0.568359 0.607422 0.570312 0.609375 0.570312
0 0.027344 0.576172 0.025391 0.578125 0.025391 0.580078 0.023438 0.582031 0.017578 0.582031 0.015625 0.580078 0.015625 0.578125 0.013672 0.576172 0.013672 0.574219 0.015625 0.572266 0.015625 0.570312 0.017578 0.568359 0.023438 0.568359 0.025391 0.570312 0.025391 0.572266 0.027344 0.574219
0 0.734375 0.574219 0.734375 0.578125 0.730469 0.578125 0.728516 0.576172 0.732422 0.572266
0 0.666016 0.580078 0.664062 0.580078 0.662109 0.582031 0.658203 0.582031 0.656250 0.580078 0.656250 0.574219 0.658203 0.572266 0.662109 0.572266 0.664062 0.574219 0.666016 0.574219
0 0.533203 0.582031 0.531250 0.582031 0.529297 0.583984 0.525391 0.583984 0.523438 0.582031 0.523438 0.576172 0.525391 0.574219 0.529297 0.574219 0.531250 0.576172 0.533203 0.576172
0 0.746094 0.582031 0.744141 0.582031 0.742188 0.583984 0.738281 0.583984 0.736328 0.582031 0.736328 0.576172 0.738281 0.574219 0.742188 0.574219 0.744141 0.576172 0.746094 0.576172
0 0.281250 0.583984 0.275391 0.589844 0.269531 0.589844 0.263672 0.583984 0.263672 0.578125 0.269531 0.572266 0.275391 0.572266 0.281250 0.578125
0 0.552734 0.583984 0.550781 0.583984 0.548828 0.585938 0.544922 0.585938 0.542969 0.583984 0.542969 0.578125 0.544922 0.576172 0.548828 0.576172 0.550781 0.578125 0.552734 0.578125
0 0.207031 0.585938 0.205078 0.585938 0.203125 0.587891 0.199219 0.587891 0.197266 0.585938 0.197266 0.580078 0.199219 0.578125 0.203125 0.578125 0.205078 0.580078 0.207031 0.580078
0 0.224609 0.585938 0.222656 0.585938 0.220703 0.587891 0.216797 0.587891 0.214844 0.585938 0.214844 0.580078 0.216797 0.578125 0.220703 0.578125 0.222656 0.580078 0.224609 0.580078
0 0.285156 0.583984 0.283203 0.585938 0.283203 0.587891 0.281250 0.589844 0.275391 0.589844 0.273438 0.587891 0.273438 0.585938 0.271484 0.583984 0.271484 0.582031 0.273438 0.580078 0.273438 0.578125 0.275391 0.576172 0.281250 0.576172 0.283203 0.578125 0.283203 0.580078 0.285156 0.582031
0 0.289062 0.585938 0.287109 0.585938 0.285156 0.587891 0.281250 0.587891 0.279297 0.585938 0.279297 0.580078 0.281250 0.578125 0.285156 0.578125 0.287109 0.580078 0.289062 0.580078
0 0.304688 0.583984 0.302734 0.585938 0.302734 0.587891 0.300781 0.589844 0.294922 0.589844 0.292969 0.587891 0.292969 0.585938 0.291016 0.583984 0.291016 0.582031 0.292969 0.580078 0.292969 0.578125 0.294922 0.576172 0.300781 0.576172 0.302734 0.578125 0.302734 0.580078 0.304688 0.582031
0 0.371094 0.583984 0.369141 0.585938 0.369141 0.587891 0.367188 0.589844 0.361328 0.589844 0.359375 0.587891 0.359375 0.585938 0.357422 0.583984 0.357422 0.582031 0.359375 0.580078 0.359375 0.578125 0.361328 0.576172 0.367188 0.576172 0.369141 0.578125 0.369141 0.580078 0.371094 0.582031
0 0.486328 0.585938 0.484375 0.585938 0.482422 0.587891 0.478516 0.587891 0.476562 0.585938 0.476562 0.580078 0.478516 0.578125 0.482422 0.578125 0.484375 0.580078 0.486328 0.580078
0 0.591797 0.583984 0.589844 0.585938 0.589844 0.587891 0.587891 0.589844 0.582031 0.589844 0.580078 0.587891 0.580078 0.585938 0.578125 0.583984 0.578125 0.582031 0.580078 0.580078 0.580078 0.578125 0.582031 0.576172 0.587891 0.576172 0.589844 0.578125 0.589844 0.580078 0.591797 0.582031
0 0.408203 0.585938 0.406250 0.587891 0.406250 0.589844 0.404297 0.591797 0.398438 0.591797 0.396484 0.589844 0.396484 0.587891 0.394531 0.585938 0.394531 0.583984 0.396484 0.582031 0.396484 0.580078 0.398438 0.578125 0.404297 0.578125 0.406250 0.580078 0.406250 0.582031 0.408203 0.583984
0 0.457031 0.585938 0.455078 0.587891 0.455078 0.589844 0.453125 0.591797 0.447266 0.591797 0.445312 0.589844 0.445312 0.587891 0.443359 0.585938 0.443359 0.583984 0.445312 0.582031 0.445312 0.580078 0.447266 0.578125 0.453125 0.578125 0.455078 0.580078 0.455078 0.582031 0.457031 0.583984
0 0.177734 0.585938 0.177734 0.589844 0.173828 0.589844 0.171875 0.587891 0.175781 0.583984
0 0.253906 0.589844 0.251953 0.589844 0.250000 0.591797 0.246094 0.591797 0.244141 0.589844 0.244141 0.583984 0.246094 0.582031 0.250000 0.582031 0.251953 0.583984 0.253906 0.583984
0 0.414062 0.587891 0.412109 0.589844 0.412109 0.591797 0.410156 0.593750 0.404297 0.593750 0.402344 0.591797 0.402344 0.589844 0.400391 0.587891 0.400391 0.585938 0.402344 0.583984 0.402344 0.582031 0.404297 0.580078 0.410156 0.580078 0.412109 0.582031 0.412109 0.583984 0.414062 0.585938
0 0.142578 0.587891 0.142578 0.591797 0.138672 0.591797 0.136719 0.589844 0.140625 0.585938
0 0.617188 0.597656 0.615234 0.597656 0.613281 0.599609 0.603516 0.599609 0.597656 0.593750 0.597656 0.583984 0.599609 0.582031 0.601562 0.582031 0.601562 0.580078 0.603516 0.578125 0.613281 0.578125 0.619141 0.583984 0.619141 0.593750 0.617188 0.595703
0 0.636719 0.597656 0.634766 0.597656 0.632812 0.599609 0.623047 0.599609 0.617188 0.593750 0.617188 0.583984 0.619141 0.582031 0.621094 0.582031 0.621094 0.580078 0.623047 0.578125 0.632812 0.578125 0.638672 0.583984 0.638672 0.593750 0.636719 0.595703
0 0.652344 0.591797 0.650391 0.591797 0.648438 0.593750 0.644531 0.593750 0.642578 0.591797 0.642578 0.585938 0.644531 0.583984 0.648438 0.583984 0.650391 0.585938 0.652344 0.585938
0 0.355469 0.595703 0.353516 0.595703 0.351562 0.597656 0.347656 0.597656 0.345703 0.595703 0.345703 0.589844 0.347656 0.587891 0.351562 0.587891 0.353516 0.589844 0.355469 0.589844
0 0.664062 0.595703 0.662109 0.595703 0.660156 0.597656 0.656250 0.597656 0.654297 0.595703 0.654297 0.589844 0.656250 0.587891 0.660156 0.587891 0.662109 0.589844 0.664062 0.589844
0 0.126953 0.595703 0.125000 0.597656 0.125000 0.599609 0.123047 0.601562 0.117188 0.601562 0.115234 0.599609 0.115234 0.597656 0.113281 0.595703 0.113281 0.593750 0.115234 0.591797 0.115234 0.589844 0.117188 0.587891 0.123047 0.587891 0.125000 0.589844 0.125000 0.591797 0.126953 0.593750
0 0.427734 0.593750 0.427734 0.597656 0.423828 0.597656 0.421875 0.595703 0.425781 0.591797
0 0.580078 0.597656 0.578125 0.597656 0.576172 0.599609 0.572266 0.599609 0.570312 0.597656 0.570312 0.591797 0.572266 0.589844 0.576172 0.589844 0.578125 0.591797 0.580078 0.591797
0 0.744141 0.597656 0.742188 0.597656 0.740234 0.599609 0.736328 0.599609 0.734375 0.597656 0.734375 0.591797 0.736328 0.589844 0.740234 0.589844 0.742188 0.591797 0.744141 0.591797
0 0.759766 0.597656 0.757812 0.597656 0.755859 0.599609 0.751953 0.599609 0.750000 0.597656 0.750000 0.591797 0.751953 0.589844 0.755859 0.589844 0.757812 0.591797 0.759766 0.591797
0 0.375000 0.597656 0.375000 0.601562 0.371094 0.601562 0.369141 0.599609 0.373047 0.595703
0 0.507812 0.597656 0.507812 0.601562 0.503906 0.601562 0.501953 0.599609 0.505859 0.595703
0 0.175781 0.601562 0.173828 0.603516 0.173828 0.605469 0.171875 0.607422 0.166016 0.607422 0.164062 0.605469 0.164062 0.603516 0.162109 0.601562 0.162109 0.599609 0.164062 0.597656 0.164062 0.595703 0.166016 0.593750 0.171875 0.593750 0.173828 0.595703 0.173828 0.597656 0.175781 0.599609
0 0.544922 0.605469 0.542969 0.605469 0.541016 0.607422 0.537109 0.607422 0.535156 0.605469 0.535156 0.599609 0.537109 0.597656 0.541016 0.597656 0.542969 0.599609 0.544922 0.599609
0 0.632812 0.605469 0.630859 0.605469 0.628906 0.607422 0.625000 0.607422 0.623047 0.605469 0.623047 0.599609 0.625000 0.597656 0.628906 0.597656 0.630859 0.599609 0.632812 0.599609
0 0.398438 0.603516 0.398438 0.607422 0.394531 0.607422 0.392578 0.605469 0.396484 0.601562
0 0.406250 0.603516 0.406250 0.607422 0.402344 0.607422 0.400391 0.605469 0.404297 0.601562
0 0.451172 0.607422 0.449219 0.607422 0.447266 0.609375 0.443359 0.609375 0.441406 0.607422 0.441406 0.601562 0.443359 0.599609 0.447266 0.599609 0.449219 0.601562 0.451172 0.601562
0 0.609375 0.609375 0.603516 0.615234 0.597656 0.615234 0.591797 0.609375 0.591797 0.603516 0.597656 0.597656 0.603516 0.597656 0.609375 0.603516
0 0.154297 0.619141 0.152344 0.619141 0.150391 0.621094 0.140625 0.621094 0.134766 0.615234 0.134766 0.605469 0.136719 0.603516 0.138672 0.603516 0.138672 0.601562 0.140625 0.599609 0.150391 0.599609 0.156250 0.605469 0.156250 0.615234 0.154297 0.617188
0 0.552734 0.619141 0.550781 0.619141 0.548828 0.621094 0.539062 0.621094 0.533203 0.615234 0.533203 0.605469 0.535156 0.603516 0.537109 0.603516 0.537109 0.601562 0.539062 0.599609 0.548828 0.599609 0.554688 0.605469 0.554688 0.615234 0.552734 0.617188
0 0.580078 0.613281 0.578125 0.613281 0.576172 0.615234 0.572266 0.615234 0.570312 0.613281 0.570312 0.607422 0.572266 0.605469 0.576172 0.605469 0.578125 0.607422 0.580078 0.607422
0 0.593750 0.615234 0.591797 0.615234 0.589844 0.617188 0.585938 0.617188 0.583984 0.615234 0.583984 0.609375 0.585938 0.607422 0.589844 0.607422 0.591797 0.609375 0.593750 0.609375
0 0.304688 0.623047 0.302734 0.623047 0.300781 0.625000 0.291016 0.625000 0.285156 0.619141 0.285156 0.609375 0.287109 0.607422 0.289062 0.607422 0.289062 0.605469 0.291016 0.603516 0.300781 0.603516 0.306641 0.609375 0.306641 0.619141 0.304688 0.621094
0 0.042969 0.617188 0.041016 0.619141 0.041016 0.621094 0.039062 0.623047 0.033203 0.623047 0.031250 0.621094 0.031250 0.619141 0.029297 0.617188 0.029297 0.615234 0.031250 0.613281 0.031250 0.611328 0.033203 0.609375 0.039062 0.609375 0.041016 0.611328 0.041016 0.613281 0.042969 0.615234
0 0.125000 0.625000 0.123047 0.625000 0.121094 0.626953 0.111328 0.626953 0.105469 0.621094 0.105469 0.611328 0.107422 0.609375 0.109375 0.609375 0.109375 0.607422 0.111328 0.605469 0.121094 0.605469 0.126953 0.611328 0.126953 0.621094 0.125000 0.623047
0 0.396484 0.625000 0.394531 0.625000 0.392578 0.626953 0.382812 0.626953 0.376953 0.621094 0.376953 0.611328 0.378906 0.609375 0.380859 0.609375 0.380859 0.607422 0.382812 0.605469 0.392578 0.605469 0.398438 0.611328 0.398438 0.621094 0.396484 0.623047
0 0.654297 0.619141 0.648438 0.625000 0.642578 0.625000 0.636719 0.619141 0.636719 0.613281 0.642578 0.607422 0.648438 0.607422 0.654297 0.613281
0 0.111328 0.619141 0.109375 0.621094 0.109375 0.623047 0.107422 0.625000 0.101562 0.625000 0.099609 0.623047 0.099609 0.621094 0.097656 0.619141 0.097656 0.617188 0.099609 0.615234 0.099609 0.613281 0.101562 0.611328 0.107422 0.611328 0.109375 0.613281 0.109375 0.615234 0.111328 0.617188
0 0.449219 0.617188 0.449219 0.621094 0.445312 0.621094 0.443359 0.619141 0.447266 0.615234
0 0.630859 0.619141 0.628906 0.621094 0.628906 0.623047 0.626953 0.625000 0.621094 0.625000 0.619141 0.623047 0.619141 0.621094 0.617188 0.619141 0.617188 0.617188 0.619141 0.615234 0.619141 0.613281 0.621094 0.611328 0.626953 0.611328 0.628906 0.613281 0.628906 0.615234 0.630859 0.617188
0 0.332031 0.619141 0.332031 0.623047 0.328125 0.623047 0.326172 0.621094 0.330078 0.617188
0 0.373047 0.623047 0.371094 0.623047 0.369141 0.625000 0.365234 0.625000 0.363281 0.623047 0.363281 0.617188 0.365234 0.615234 0.369141 0.615234 0.371094 0.617188 0.373047 0.617188
0 0.482422 0.619141 0.482422 0.623047 0.478516 0.623047 0.476562 0.621094 0.480469 0.617188
0 0.574219 0.623047 0.568359 0.628906 0.562500 0.628906 0.556641 0.623047 0.556641 0.617188 0.562500 0.611328 0.568359 0.611328 0.574219 0.617188
0 0.498047 0.621094 0.498047 0.625000 0.494141 0.625000 0.492188 0.623047 0.496094 0.619141
0 0.490234 0.623047 0.490234 0.626953 0.486328 0.626953 0.484375 0.625000 0.488281 0.621094
0 0.681641 0.625000 0.681641 0.628906 0.677734 0.628906 0.675781 0.626953 0.679688 0.623047
0 0.855469 0.625000 0.855469 0.628906 0.851562 0.628906 0.849609 0.626953 0.853516 0.623047
0 0.500000 0.626953 0.500000 0.630859 0.496094 0.630859 0.494141 0.628906 0.498047 0.625000
0 0.652344 0.630859 0.650391 0.630859 0.648438 0.632812 0.644531 0.632812 0.642578 0.630859 0.642578 0.625000 0.644531 0.623047 0.648438 0.623047 0.650391 0.625000 0.652344 0.625000
0 0.689453 0.626953 0.689453 0.630859 0.685547 0.630859 0.683594 0.628906 0.687500 0.625000
0 0.863281 0.626953 0.863281 0.630859 0.859375 0.630859 0.857422 0.628906 0.861328 0.625000
0 0.490234 0.628906 0.490234 0.632812 0.486328 0.632812 0.484375 0.630859 0.488281 0.626953
0 0.332031 0.634766 0.330078 0.634766 0.328125 0.636719 0.324219 0.636719 0.322266 0.634766 0.322266 0.628906 0.324219 0.626953 0.328125 0.626953 0.330078 0.628906 0.332031 0.628906
0 0.365234 0.634766 0.363281 0.634766 0.361328 0.636719 0.357422 0.636719 0.355469 0.634766 0.355469 0.628906 0.357422 0.626953 0.361328 0.626953 0.363281 0.628906 0.365234 0.628906
0 0.378906 0.630859 0.378906 0.634766 0.375000 0.634766 0.373047 0.632812 0.376953 0.628906
0 0.390625 0.630859 0.390625 0.634766 0.386719 0.634766 0.384766 0.632812 0.388672 0.628906
0 0.609375 0.634766 0.607422 0.634766 0.605469 0.636719 0.601562 0.636719 0.599609 0.634766 0.599609 0.628906 0.601562 0.626953 0.605469 0.626953 0.607422 0.628906 0.609375 0.628906
0 0.544922 0.636719 0.542969 0.636719 0.541016 0.638672 0.537109 0.638672 0.535156 0.636719 0.535156 0.630859 0.537109 0.628906 0.541016 0.628906 0.542969 0.630859 0.544922 0.630859
0 0.578125 0.636719 0.576172 0.636719 0.574219 0.638672 0.570312 0.638672 0.568359 0.636719 0.568359 0.630859 0.570312 0.628906 0.574219 0.628906 0.576172 0.630859 0.578125 0.630859
0 0.244141 0.636719 0.242188 0.638672 0.242188 0.640625 0.240234 0.642578 0.234375 0.642578 0.232422 0.640625 0.232422 0.638672 0.230469 0.636719 0.230469 0.634766 0.232422 0.632812 0.232422 0.630859 0.234375 0.628906 0.240234 0.628906 0.242188 0.630859 0.242188 0.632812 0.244141 0.634766
0 0.683594 0.634766 0.683594 0.638672 0.679688 0.638672 0.677734 0.636719 0.681641 0.632812
0 0.289062 0.642578 0.283203 0.648438 0.277344 0.648438 0.271484 0.642578 0.271484 0.636719 0.277344 0.630859 0.283203 0.630859 0.289062 0.636719
0 0.345703 0.642578 0.343750 0.642578 0.341797 0.644531 0.337891 0.644531 0.335938 0.642578 0.335938 0.636719 0.337891 0.634766 0.341797 0.634766 0.343750 0.636719 0.345703 0.636719
0 0.513672 0.638672 0.513672 0.642578 0.509766 0.642578 0.507812 0.640625 0.511719 0.636719
0 0.597656 0.638672 0.597656 0.642578 0.593750 0.642578 0.591797 0.640625 0.595703 0.636719
0 0.212891 0.644531 0.210938 0.644531 0.208984 0.646484 0.205078 0.646484 0.203125 0.644531 0.203125 0.638672 0.205078 0.636719 0.208984 0.636719 0.210938 0.638672 0.212891 0.638672
0 0.304688 0.644531 0.302734 0.644531 0.300781 0.646484 0.296875 0.646484 0.294922 0.644531 0.294922 0.638672 0.296875 0.636719 0.300781 0.636719 0.302734 0.638672 0.304688 0.638672
0 0.386719 0.640625 0.386719 0.644531 0.382812 0.644531 0.380859 0.642578 0.384766 0.638672
0 0.626953 0.644531 0.625000 0.644531 0.623047 0.646484 0.619141 0.646484 0.617188 0.644531 0.617188 0.638672 0.619141 0.636719 0.623047 0.636719 0.625000 0.638672 0.626953 0.638672
0 0.193359 0.648438 0.191406 0.648438 0.189453 0.650391 0.185547 0.650391 0.183594 0.648438 0.183594 0.642578 0.185547 0.640625 0.189453 0.640625 0.191406 0.642578 0.193359 0.642578
0 0.373047 0.654297 0.371094 0.654297 0.369141 0.656250 0.359375 0.656250 0.353516 0.650391 0.353516 0.640625 0.355469 0.638672 0.357422 0.638672 0.357422 0.636719 0.359375 0.634766 0.369141 0.634766 0.375000 0.640625 0.375000 0.650391 0.373047 0.652344
0 0.578125 0.648438 0.576172 0.648438 0.574219 0.650391 0.570312 0.650391 0.568359 0.648438 0.568359 0.642578 0.570312 0.640625 0.574219 0.640625 0.576172 0.642578 0.578125 0.642578
0 0.359375 0.650391 0.357422 0.650391 0.355469 0.652344 0.351562 0.652344 0.349609 0.650391 0.349609 0.644531 0.351562 0.642578 0.355469 0.642578 0.357422 0.644531 0.359375 0.644531
0 0.462891 0.650391 0.460938 0.650391 0.458984 0.652344 0.455078 0.652344 0.453125 0.650391 0.453125 0.644531 0.455078 0.642578 0.458984 0.642578 0.460938 0.644531 0.462891 0.644531
0 0.654297 0.650391 0.652344 0.650391 0.650391 0.652344 0.646484 0.652344 0.644531 0.650391 0.644531 0.644531 0.646484 0.642578 0.650391 0.642578 0.652344 0.644531 0.654297 0.644531
0 0.539062 0.648438 0.539062 0.652344 0.535156 0.652344 0.533203 0.650391 0.537109 0.646484
0 0.175781 0.654297 0.173828 0.654297 0.171875 0.656250 0.167969 0.656250 0.166016 0.654297 0.166016 0.648438 0.167969 0.646484 0.171875 0.646484 0.173828 0.648438 0.175781 0.648438
0 0.552734 0.654297 0.550781 0.654297 0.548828 0.656250 0.544922 0.656250 0.542969 0.654297 0.542969 0.648438 0.544922 0.646484 0.548828 0.646484 0.550781 0.648438 0.552734 0.648438
0 0.398438 0.652344 0.398438 0.656250 0.394531 0.656250 0.392578 0.654297 0.396484 0.650391
0 0.437500 0.656250 0.435547 0.656250 0.433594 0.658203 0.429688 0.658203 0.427734 0.656250 0.427734 0.650391 0.429688 0.648438 0.433594 0.648438 0.435547 0.650391 0.437500 0.650391
0 0.523438 0.652344 0.523438 0.656250 0.519531 0.656250 0.517578 0.654297 0.521484 0.650391
0 0.423828 0.658203 0.421875 0.658203 0.419922 0.660156 0.416016 0.660156 0.414062 0.658203 0.414062 0.652344 0.416016 0.650391 0.419922 0.650391 0.421875 0.652344 0.423828 0.652344
0 0.568359 0.656250 0.566406 0.658203 0.566406 0.660156 0.564453 0.662109 0.558594 0.662109 0.556641 0.660156 0.556641 0.658203 0.554688 0.656250 0.554688 0.654297 0.556641 0.652344 0.556641 0.650391 0.558594 0.648438 0.564453 0.648438 0.566406 0.650391 0.566406 0.652344 0.568359 0.654297
0 0.033203 0.660156 0.031250 0.660156 0.029297 0.662109 0.025391 0.662109 0.023438 0.660156 0.023438 0.654297 0.025391 0.652344 0.029297 0.652344 0.031250 0.654297 0.033203 0.654297
0 0.345703 0.660156 0.343750 0.660156 0.341797 0.662109 0.337891 0.662109 0.335938 0.660156 0.335938 0.654297 0.337891 0.652344 0.341797 0.652344 0.343750 0.654297 0.345703 0.654297
0 0.371094 0.660156 0.369141 0.660156 0.367188 0.662109 0.363281 0.662109 0.361328 0.660156 0.361328 0.654297 0.363281 0.652344 0.367188 0.652344 0.369141 0.654297 0.371094 0.654297
0 0.507812 0.660156 0.501953 0.666016 0.496094 0.666016 0.490234 0.660156 0.490234 0.654297 0.496094 0.648438 0.501953 0.648438 0.507812 0.654297
0 0.595703 0.660156 0.595703 0.664062 0.591797 0.664062 0.589844 0.662109 0.593750 0.658203
0 0.662109 0.664062 0.660156 0.664062 0.658203 0.666016 0.654297 0.666016 0.652344 0.664062 0.652344 0.658203 0.654297 0.656250 0.658203 0.656250 0.660156 0.658203 0.662109 0.658203
0 0.394531 0.666016 0.392578 0.666016 0.390625 0.667969 0.386719 0.667969 0.384766 0.666016 0.384766 0.660156 0.386719 0.658203 0.390625 0.658203 0.392578 0.660156 0.394531 0.660156
0 0.498047 0.667969 0.496094 0.667969 0.494141 0.669922 0.490234 0.669922 0.488281 0.667969 0.488281 0.662109 0.490234 0.660156 0.494141 0.660156 0.496094 0.662109 0.498047 0.662109
0 0.523438 0.664062 0.523438 0.667969 0.519531 0.667969 0.517578 0.666016 0.521484 0.662109
0 0.677734 0.664062 0.677734 0.667969 0.673828 0.667969 0.671875 0.666016 0.675781 0.662109
0 0.380859 0.669922 0.378906 0.669922 0.376953 0.671875 0.373047 0.671875 0.371094 0.669922 0.371094 0.664062 0.373047 0.662109 0.376953 0.662109 0.378906 0.664062 0.380859 0.664062
0 0.412109 0.669922 0.410156 0.669922 0.408203 0.671875 0.404297 0.671875 0.402344 0.669922 0.402344 0.664062 0.404297 0.662109 0.408203 0.662109 0.410156 0.664062 0.412109 0.664062
0 0.458984 0.667969 0.457031 0.669922 0.457031 0.671875 0.455078 0.673828 0.449219 0.673828 0.447266 0.671875 0.447266 0.669922 0.445312 0.667969 0.445312 0.666016 0.447266 0.664062 0.447266 0.662109 0.449219 0.660156 0.455078 0.660156 0.457031 0.662109 0.457031 0.664062 0.458984 0.666016
0 0.359375 0.669922 0.357422 0.671875 0.357422 0.673828 0.355469 0.675781 0.349609 0.675781 0.347656 0.673828 0.347656 0.671875 0.345703 0.669922 0.345703 0.667969 0.347656 0.666016 0.347656 0.664062 0.349609 0.662109 0.355469 0.662109 0.357422 0.664062 0.357422 0.666016 0.359375 0.667969
0 0.037109 0.673828 0.035156 0.673828 0.033203 0.675781 0.029297 0.675781 0.027344 0.673828 0.027344 0.667969 0.029297 0.666016 0.033203 0.666016 0.035156 0.667969 0.037109 0.667969
0 0.507812 0.671875 0.507812 0.675781 0.503906 0.675781 0.501953 0.673828 0.505859 0.669922
0 0.605469 0.675781 0.603516 0.675781 0.601562 0.677734 0.597656 0.677734 0.595703 0.675781 0.595703 0.669922 0.597656 0.667969 0.601562 0.667969 0.603516 0.669922 0.605469 0.669922
0 0.685547 0.671875 0.685547 0.675781 0.681641 0.675781 0.679688 0.673828 0.683594 0.669922
0 0.750000 0.673828 0.750000 0.677734 0.746094 0.677734 0.744141 0.675781 0.748047 0.671875
0 0.113281 0.685547 0.111328 0.685547 0.109375 0.687500 0.099609 0.687500 0.093750 0.681641 0.093750 0.671875 0.095703 0.669922 0.097656 0.669922 0.097656 0.667969 0.099609 0.666016 0.109375 0.666016 0.115234 0.671875 0.115234 0.681641 0.113281 0.683594
0 0.572266 0.677734 0.570312 0.679688 0.570312 0.681641 0.568359 0.683594 0.562500 0.683594 0.560547 0.681641 0.560547 0.679688 0.558594 0.677734 0.558594 0.675781 0.560547 0.673828 0.560547 0.671875 0.562500 0.669922 0.568359 0.669922 0.570312 0.671875 0.570312 0.673828 0.572266 0.675781
0 0.396484 0.681641 0.390625 0.687500 0.384766 0.687500 0.378906 0.681641 0.378906 0.675781 0.384766 0.669922 0.390625 0.669922 0.396484 0.675781
0 0.595703 0.679688 0.593750 0.681641 0.593750 0.683594 0.591797 0.685547 0.585938 0.685547 0.583984 0.683594 0.583984 0.681641 0.582031 0.679688 0.582031 0.677734 0.583984 0.675781 0.583984 0.673828 0.585938 0.671875 0.591797 0.671875 0.593750 0.673828 0.593750 0.675781 0.595703 0.677734
0 0.937500 0.677734 0.937500 0.681641 0.933594 0.681641 0.931641 0.679688 0.935547 0.675781
0 0.673828 0.681641 0.671875 0.683594 0.671875 0.685547 0.669922 0.687500 0.664062 0.687500 0.662109 0.685547 0.662109 0.683594 0.660156 0.681641 0.660156 0.679688 0.662109 0.677734 0.662109 0.675781 0.664062 0.673828 0.669922 0.673828 0.671875 0.675781 0.671875 0.677734 0.673828 0.679688
0 0.503906 0.685547 0.501953 0.685547 0.500000 0.687500 0.496094 0.687500 0.494141 0.685547 0.494141 0.679688 0.496094 0.677734 0.500000 0.677734 0.501953 0.679688 0.503906 0.679688
0 0.742188 0.681641 0.742188 0.685547 0.738281 0.685547 0.736328 0.683594 0.740234 0.679688
0 0.925781 0.681641 0.925781 0.685547 0.921875 0.685547 0.919922 0.683594 0.923828 0.679688
0 0.373047 0.687500 0.371094 0.689453 0.371094 0.691406 0.369141 0.693359 0.363281 0.693359 0.361328 0.691406 0.361328 0.689453 0.359375 0.687500 0.359375 0.685547 0.361328 0.683594 0.361328 0.681641 0.363281 0.679688 0.369141 0.679688 0.371094 0.681641 0.371094 0.683594 0.373047 0.685547
0 0.953125 0.689453 0.947266 0.695312 0.941406 0.695312 0.935547 0.689453 0.935547 0.683594 0.941406 0.677734 0.947266 0.677734 0.953125 0.683594
0 0.964844 0.685547 0.964844 0.689453 0.960938 0.689453 0.958984 0.687500 0.962891 0.683594
0 0.472656 0.697266 0.470703 0.697266 0.468750 0.699219 0.458984 0.699219 0.453125 0.693359 0.453125 0.683594 0.455078 0.681641 0.457031 0.681641 0.457031 0.679688 0.458984 0.677734 0.468750 0.677734 0.474609 0.683594 0.474609 0.693359 0.472656 0.695312
0 0.494141 0.687500 0.494141 0.691406 0.490234 0.691406 0.488281 0.689453 0.492188 0.685547
0 0.654297 0.691406 0.652344 0.693359 0.652344 0.695312 0.650391 0.697266 0.644531 0.697266 0.642578 0.695312 0.642578 0.693359 0.640625 0.691406 0.640625 0.689453 0.642578 0.687500 0.642578 0.685547 0.644531 0.683594 0.650391 0.683594 0.652344 0.685547 0.652344 0.687500 0.654297 0.689453
0 0.554688 0.691406 0.554688 0.695312 0.550781 0.695312 0.548828 0.693359 0.552734 0.689453
0 0.730469 0.695312 0.728516 0.695312 0.726562 0.697266 0.722656 0.697266 0.720703 0.695312 0.720703 0.689453 0.722656 0.687500 0.726562 0.687500 0.728516 0.689453 0.730469 0.689453
0 0.394531 0.697266 0.392578 0.697266 0.390625 0.699219 0.386719 0.699219 0.384766 0.697266 0.384766 0.691406 0.386719 0.689453 0.390625 0.689453 0.392578 0.691406 0.394531 0.691406
0 0.601562 0.693359 0.601562 0.697266 0.597656 0.697266 0.595703 0.695312 0.599609 0.691406
0 0.937500 0.695312 0.935547 0.697266 0.935547 0.699219 0.933594 0.701172 0.927734 0.701172 0.925781 0.699219 0.925781 0.697266 0.923828 0.695312 0.923828 0.693359 0.925781 0.691406 0.925781 0.689453 0.927734 0.687500 0.933594 0.687500 0.935547 0.689453 0.935547 0.691406 0.937500 0.693359
0 0.501953 0.695312 0.501953 0.699219 0.498047 0.699219 0.496094 0.697266 0.500000 0.693359
0 0.718750 0.695312 0.718750 0.699219 0.714844 0.699219 0.712891 0.697266 0.716797 0.693359
0 0.587891 0.701172 0.585938 0.701172 0.583984 0.703125 0.580078 0.703125 0.578125 0.701172 0.578125 0.695312 0.580078 0.693359 0.583984 0.693359 0.585938 0.695312 0.587891 0.695312
0 0.728516 0.697266 0.728516 0.701172 0.724609 0.701172 0.722656 0.699219 0.726562 0.695312
0 0.519531 0.699219 0.519531 0.703125 0.515625 0.703125 0.513672 0.701172 0.517578 0.697266
0 0.654297 0.703125 0.652344 0.703125 0.650391 0.705078 0.646484 0.705078 0.644531 0.703125 0.644531 0.697266 0.646484 0.695312 0.650391 0.695312 0.652344 0.697266 0.654297 0.697266
0 0.470703 0.703125 0.468750 0.705078 0.468750 0.707031 0.466797 0.708984 0.460938 0.708984 0.458984 0.707031 0.458984 0.705078 0.457031 0.703125 0.457031 0.701172 0.458984 0.699219 0.458984 0.697266 0.460938 0.695312 0.466797 0.695312 0.468750 0.697266 0.468750 0.699219 0.470703 0.701172
0 0.484375 0.701172 0.484375 0.705078 0.480469 0.705078 0.478516 0.703125 0.482422 0.699219
0 0.966797 0.705078 0.964844 0.705078 0.962891 0.707031 0.958984 0.707031 0.957031 0.705078 0.957031 0.699219 0.958984 0.697266 0.962891 0.697266 0.964844 0.699219 0.966797 0.699219
0 0.052734 0.712891 0.050781 0.712891 0.048828 0.714844 0.039062 0.714844 0.033203 0.708984 0.033203 0.699219 0.035156 0.697266 0.037109 0.697266 0.037109 0.695312 0.039062 0.693359 0.048828 0.693359 0.054688 0.699219 0.054688 0.708984 0.052734 0.710938
0 0.722656 0.703125 0.722656 0.707031 0.718750 0.707031 0.716797 0.705078 0.720703 0.701172
0 0.812500 0.703125 0.812500 0.707031 0.808594 0.707031 0.806641 0.705078 0.810547 0.701172
0 0.382812 0.707031 0.380859 0.708984 0.380859 0.710938 0.378906 0.712891 0.373047 0.712891 0.371094 0.710938 0.371094 0.708984 0.369141 0.707031 0.369141 0.705078 0.371094 0.703125 0.371094 0.701172 0.373047 0.699219 0.378906 0.699219 0.380859 0.701172 0.380859 0.703125 0.382812 0.705078
0 0.673828 0.708984 0.671875 0.708984 0.669922 0.710938 0.666016 0.710938 0.664062 0.708984 0.664062 0.703125 0.666016 0.701172 0.669922 0.701172 0.671875 0.703125 0.673828 0.703125
0 0.517578 0.707031 0.517578 0.710938 0.513672 0.710938 0.511719 0.708984 0.515625 0.705078
0 0.533203 0.710938 0.531250 0.710938 0.529297 0.712891 0.525391 0.712891 0.523438 0.710938 0.523438 0.705078 0.525391 0.703125 0.529297 0.703125 0.531250 0.705078 0.533203 0.705078
0 0.562500 0.708984 0.560547 0.710938 0.560547 0.712891 0.558594 0.714844 0.552734 0.714844 0.550781 0.712891 0.550781 0.710938 0.548828 0.708984 0.548828 0.707031 0.550781 0.705078 0.550781 0.703125 0.552734 0.701172 0.558594 0.701172 0.560547 0.703125 0.560547 0.705078 0.562500 0.707031
0 0.599609 0.707031 0.599609 0.710938 0.595703 0.710938 0.593750 0.708984 0.597656 0.705078
0 0.351562 0.710938 0.351562 0.714844 0.347656 0.714844 0.345703 0.712891 0.349609 0.708984
0 0.460938 0.712891 0.458984 0.714844 0.458984 0.716797 0.457031 0.718750 0.451172 0.718750 0.449219 0.716797 0.449219 0.714844 0.447266 0.712891 0.447266 0.710938 0.449219 0.708984 0.449219 0.707031 0.451172 0.705078 0.457031 0.705078 0.458984 0.707031 0.458984 0.708984 0.460938 0.710938
0 0.548828 0.714844 0.542969 0.720703 0.537109 0.720703 0.531250 0.714844 0.531250 0.708984 0.537109 0.703125 0.542969 0.703125 0.548828 0.708984
0 0.494141 0.714844 0.492188 0.716797 0.492188 0.718750 0.490234 0.720703 0.484375 0.720703 0.482422 0.718750 0.482422 0.716797 0.480469 0.714844 0.480469 0.712891 0.482422 0.710938 0.482422 0.708984 0.484375 0.707031 0.490234 0.707031 0.492188 0.708984 0.492188 0.710938 0.494141 0.712891
0 0.806641 0.712891 0.806641 0.716797 0.802734 0.716797 0.800781 0.714844 0.804688 0.710938
0 0.589844 0.724609 0.587891 0.724609 0.585938 0.726562 0.576172 0.726562 0.570312 0.720703 0.570312 0.710938 0.572266 0.708984 0.574219 0.708984 0.574219 0.707031 0.576172 0.705078 0.585938 0.705078 0.591797 0.710938 0.591797 0.720703 0.589844 0.722656
0 0.417969 0.726562 0.416016 0.726562 0.414062 0.728516 0.404297 0.728516 0.398438 0.722656 0.398438 0.712891 0.400391 0.710938 0.402344 0.710938 0.402344 0.708984 0.404297 0.707031 0.414062 0.707031 0.419922 0.712891 0.419922 0.722656 0.417969 0.724609
0 0.583984 0.722656 0.582031 0.724609 0.582031 0.726562 0.580078 0.728516 0.574219 0.728516 0.572266 0.726562 0.572266 0.724609 0.570312 0.722656 0.570312 0.720703 0.572266 0.718750 0.572266 0.716797 0.574219 0.714844 0.580078 0.714844 0.582031 0.716797 0.582031 0.718750 0.583984 0.720703
0 0.626953 0.722656 0.625000 0.724609 0.625000 0.726562 0.623047 0.728516 0.617188 0.728516 0.615234 0.726562 0.615234 0.724609 0.613281 0.722656 0.613281 0.720703 0.615234 0.718750 0.615234 0.716797 0.617188 0.714844 0.623047 0.714844 0.625000 0.716797 0.625000 0.718750 0.626953 0.720703
0 0.634766 0.722656 0.632812 0.724609 0.632812 0.726562 0.630859 0.728516 0.625000 0.728516 0.623047 0.726562 0.623047 0.724609 0.621094 0.722656 0.621094 0.720703 0.623047 0.718750 0.623047 0.716797 0.625000 0.714844 0.630859 0.714844 0.632812 0.716797 0.632812 0.718750 0.634766 0.720703
0 0.505859 0.728516 0.503906 0.730469 0.503906 0.732422 0.501953 0.734375 0.496094 0.734375 0.494141 0.732422 0.494141 0.730469 0.492188 0.728516 0.492188 0.726562 0.494141 0.724609 0.494141 0.722656 0.496094 0.720703 0.501953 0.720703 0.503906 0.722656 0.503906 0.724609 0.505859 0.726562
0 0.937500 0.730469 0.931641 0.736328 0.925781 0.736328 0.919922 0.730469 0.919922 0.724609 0.925781 0.718750 0.931641 0.718750 0.937500 0.724609
0 0.962891 0.728516 0.960938 0.730469 0.960938 0.732422 0.958984 0.734375 0.953125 0.734375 0.951172 0.732422 0.951172 0.730469 0.949219 0.728516 0.949219 0.726562 0.951172 0.724609 0.951172 0.722656 0.953125 0.720703 0.958984 0.720703 0.960938 0.722656 0.960938 0.724609 0.962891 0.726562
0 0.542969 0.732422 0.537109 0.738281 0.531250 0.738281 0.525391 0.732422 0.525391 0.726562 0.531250 0.720703 0.537109 0.720703 0.542969 0.726562
0 0.066406 0.734375 0.064453 0.734375 0.062500 0.736328 0.058594 0.736328 0.056641 0.734375 0.056641 0.728516 0.058594 0.726562 0.062500 0.726562 0.064453 0.728516 0.066406 0.728516
0 0.392578 0.734375 0.390625 0.734375 0.388672 0.736328 0.384766 0.736328 0.382812 0.734375 0.382812 0.728516 0.384766 0.726562 0.388672 0.726562 0.390625 0.728516 0.392578 0.728516
0 0.480469 0.734375 0.478516 0.734375 0.476562 0.736328 0.472656 0.736328 0.470703 0.734375 0.470703 0.728516 0.472656 0.726562 0.476562 0.726562 0.478516 0.728516 0.480469 0.728516
0 0.082031 0.734375 0.080078 0.736328 0.080078 0.738281 0.078125 0.740234 0.072266 0.740234 0.070312 0.738281 0.070312 0.736328 0.068359 0.734375 0.068359 0.732422 0.070312 0.730469 0.070312 0.728516 0.072266 0.726562 0.078125 0.726562 0.080078 0.728516 0.080078 0.730469 0.082031 0.732422
0 0.671875 0.738281 0.669922 0.738281 0.667969 0.740234 0.664062 0.740234 0.662109 0.738281 0.662109 0.732422 0.664062 0.730469 0.667969 0.730469 0.669922 0.732422 0.671875 0.732422
0 0.820312 0.734375 0.820312 0.738281 0.816406 0.738281 0.814453 0.736328 0.818359 0.732422
0 0.519531 0.738281 0.517578 0.740234 0.517578 0.742188 0.515625 0.744141 0.509766 0.744141 0.507812 0.742188 0.507812 0.740234 0.505859 0.738281 0.505859 0.736328 0.507812 0.734375 0.507812 0.732422 0.509766 0.730469 0.515625 0.730469 0.517578 0.732422 0.517578 0.734375 0.519531 0.736328
0 0.832031 0.736328 0.832031 0.740234 0.828125 0.740234 0.826172 0.738281 0.830078 0.734375
0 0.421875 0.744141 0.416016 0.750000 0.410156 0.750000 0.404297 0.744141 0.404297 0.738281 0.410156 0.732422 0.416016 0.732422 0.421875 0.738281
0 0.591797 0.748047 0.589844 0.748047 0.587891 0.750000 0.583984 0.750000 0.582031 0.748047 0.582031 0.742188 0.583984 0.740234 0.587891 0.740234 0.589844 0.742188 0.591797 0.742188
0 0.494141 0.753906 0.492188 0.753906 0.490234 0.755859 0.486328 0.755859 0.484375 0.753906 0.484375 0.748047 0.486328 0.746094 0.490234 0.746094 0.492188 0.748047 0.494141 0.748047
0 0.562500 0.755859 0.556641 0.761719 0.550781 0.761719 0.544922 0.755859 0.544922 0.750000 0.550781 0.744141 0.556641 0.744141 0.562500 0.750000
0 0.468750 0.763672 0.466797 0.763672 0.464844 0.765625 0.455078 0.765625 0.449219 0.759766 0.449219 0.750000 0.451172 0.748047 0.453125 0.748047 0.453125 0.746094 0.455078 0.744141 0.464844 0.744141 0.470703 0.750000 0.470703 0.759766 0.468750 0.761719
0 0.646484 0.763672 0.644531 0.763672 0.642578 0.765625 0.632812 0.765625 0.626953 0.759766 0.626953 0.750000 0.628906 0.748047 0.630859 0.748047 0.630859 0.746094 0.632812 0.744141 0.642578 0.744141 0.648438 0.750000 0.648438 0.759766 0.646484 0.761719
0 0.578125 0.759766 0.572266 0.765625 0.566406 0.765625 0.560547 0.759766 0.560547 0.753906 0.566406 0.748047 0.572266 0.748047 0.578125 0.753906
0 0.394531 0.761719 0.388672 0.767578 0.382812 0.767578 0.376953 0.761719 0.376953 0.755859 0.382812 0.750000 0.388672 0.750000 0.394531 0.755859
0 0.531250 0.757812 0.531250 0.761719 0.527344 0.761719 0.525391 0.759766 0.529297 0.755859
0 0.697266 0.763672 0.691406 0.769531 0.685547 0.769531 0.679688 0.763672 0.679688 0.757812 0.685547 0.751953 0.691406 0.751953 0.697266 0.757812
0 0.500000 0.765625 0.494141 0.771484 0.488281 0.771484 0.482422 0.765625 0.482422 0.759766 0.488281 0.753906 0.494141 0.753906 0.500000 0.759766
0 0.505859 0.765625 0.503906 0.767578 0.503906 0.769531 0.501953 0.771484 0.496094 0.771484 0.494141 0.769531 0.494141 0.767578 0.492188 0.765625 0.492188 0.763672 0.494141 0.761719 0.494141 0.759766 0.496094 0.757812 0.501953 0.757812 0.503906 0.759766 0.503906 0.761719 0.505859 0.763672
0 0.478516 0.777344 0.476562 0.777344 0.474609 0.779297 0.464844 0.779297 0.458984 0.773438 0.458984 0.763672 0.460938 0.761719 0.462891 0.761719 0.462891 0.759766 0.464844 0.757812 0.474609 0.757812 0.480469 0.763672 0.480469 0.773438 0.478516 0.775391
0 0.523438 0.773438 0.521484 0.773438 0.519531 0.775391 0.515625 0.775391 0.513672 0.773438 0.513672 0.767578 0.515625 0.765625 0.519531 0.765625 0.521484 0.767578 0.523438 0.767578
0 0.791016 0.769531 0.791016 0.773438 0.787109 0.773438 0.785156 0.771484 0.789062 0.767578
0 0.697266 0.775391 0.695312 0.775391 0.693359 0.777344 0.689453 0.777344 0.687500 0.775391 0.687500 0.769531 0.689453 0.767578 0.693359 0.767578 0.695312 0.769531 0.697266 0.769531
0 0.570312 0.775391 0.570312 0.779297 0.566406 0.779297 0.564453 0.777344 0.568359 0.773438
0 0.582031 0.775391 0.582031 0.779297 0.578125 0.779297 0.576172 0.777344 0.580078 0.773438
0 0.671875 0.779297 0.666016 0.785156 0.660156 0.785156 0.654297 0.779297 0.654297 0.773438 0.660156 0.767578 0.666016 0.767578 0.671875 0.773438
0 0.791016 0.777344 0.791016 0.781250 0.787109 0.781250 0.785156 0.779297 0.789062 0.775391
0 0.535156 0.783203 0.533203 0.783203 0.531250 0.785156 0.527344 0.785156 0.525391 0.783203 0.525391 0.777344 0.527344 0.775391 0.531250 0.775391 0.533203 0.777344 0.535156 0.777344
0 0.316406 0.781250 0.316406 0.785156 0.312500 0.785156 0.310547 0.783203 0.314453 0.779297
0 0.783203 0.785156 0.781250 0.785156 0.779297 0.787109 0.775391 0.787109 0.773438 0.785156 0.773438 0.779297 0.775391 0.777344 0.779297 0.777344 0.781250 0.779297 0.783203 0.779297
0 0.339844 0.787109 0.337891 0.789062 0.337891 0.791016 0.335938 0.792969 0.330078 0.792969 0.328125 0.791016 0.328125 0.789062 0.326172 0.787109 0.326172 0.785156 0.328125 0.783203 0.328125 0.781250 0.330078 0.779297 0.335938 0.779297 0.337891 0.781250 0.337891 0.783203 0.339844 0.785156
0 0.498047 0.789062 0.496094 0.789062 0.494141 0.791016 0.490234 0.791016 0.488281 0.789062 0.488281 0.783203 0.490234 0.781250 0.494141 0.781250 0.496094 0.783203 0.498047 0.783203
0 0.630859 0.789062 0.628906 0.789062 0.626953 0.791016 0.623047 0.791016 0.621094 0.789062 0.621094 0.783203 0.623047 0.781250 0.626953 0.781250 0.628906 0.783203 0.630859 0.783203
0 0.439453 0.796875 0.437500 0.796875 0.435547 0.798828 0.425781 0.798828 0.419922 0.792969 0.419922 0.783203 0.421875 0.781250 0.423828 0.781250 0.423828 0.779297 0.425781 0.777344 0.435547 0.777344 0.441406 0.783203 0.441406 0.792969 0.439453 0.794922
0 0.765625 0.791016 0.763672 0.791016 0.761719 0.792969 0.757812 0.792969 0.755859 0.791016 0.755859 0.785156 0.757812 0.783203 0.761719 0.783203 0.763672 0.785156 0.765625 0.785156
0 0.318359 0.789062 0.318359 0.792969 0.314453 0.792969 0.312500 0.791016 0.316406 0.787109
0 0.517578 0.794922 0.511719 0.800781 0.505859 0.800781 0.500000 0.794922 0.500000 0.789062 0.505859 0.783203 0.511719 0.783203 0.517578 0.789062
0 0.634766 0.806641 0.632812 0.806641 0.630859 0.808594 0.621094 0.808594 0.615234 0.802734 0.615234 0.792969 0.617188 0.791016 0.619141 0.791016 0.619141 0.789062 0.621094 0.787109 0.630859 0.787109 0.636719 0.792969 0.636719 0.802734 0.634766 0.804688
0 0.771484 0.800781 0.769531 0.800781 0.767578 0.802734 0.763672 0.802734 0.761719 0.800781 0.761719 0.794922 0.763672 0.792969 0.767578 0.792969 0.769531 0.794922 0.771484 0.794922
0 0.662109 0.802734 0.660156 0.802734 0.658203 0.804688 0.654297 0.804688 0.652344 0.802734 0.652344 0.796875 0.654297 0.794922 0.658203 0.794922 0.660156 0.796875 0.662109 0.796875
0 0.859375 0.808594 0.857422 0.808594 0.855469 0.810547 0.851562 0.810547 0.849609 0.808594 0.849609 0.802734 0.851562 0.800781 0.855469 0.800781 0.857422 0.802734 0.859375 0.802734
0 0.244141 0.810547 0.242188 0.810547 0.240234 0.812500 0.236328 0.812500 0.234375 0.810547 0.234375 0.804688 0.236328 0.802734 0.240234 0.802734 0.242188 0.804688 0.244141 0.804688
0 0.416016 0.816406 0.414062 0.816406 0.412109 0.818359 0.402344 0.818359 0.396484 0.812500 0.396484 0.802734 0.398438 0.800781 0.400391 0.800781 0.400391 0.798828 0.402344 0.796875 0.412109 0.796875 0.417969 0.802734 0.417969 0.812500 0.416016 0.814453
0 0.503906 0.806641 0.503906 0.810547 0.500000 0.810547 0.498047 0.808594 0.501953 0.804688
0 0.878906 0.810547 0.876953 0.810547 0.875000 0.812500 0.871094 0.812500 0.869141 0.810547 0.869141 0.804688 0.871094 0.802734 0.875000 0.802734 0.876953 0.804688 0.878906 0.804688
0 0.267578 0.818359 0.265625 0.818359 0.263672 0.820312 0.253906 0.820312 0.248047 0.814453 0.248047 0.804688 0.250000 0.802734 0.251953 0.802734 0.251953 0.800781 0.253906 0.798828 0.263672 0.798828 0.269531 0.804688 0.269531 0.814453 0.267578 0.816406
0 0.625000 0.810547 0.623047 0.812500 0.623047 0.814453 0.621094 0.816406 0.615234 0.816406 0.613281 0.814453 0.613281 0.812500 0.611328 0.810547 0.611328 0.808594 0.613281 0.806641 0.613281 0.804688 0.615234 0.802734 0.621094 0.802734 0.623047 0.804688 0.623047 0.806641 0.625000 0.808594
0 0.304688 0.820312 0.302734 0.820312 0.300781 0.822266 0.291016 0.822266 0.285156 0.816406 0.285156 0.806641 0.287109 0.804688 0.289062 0.804688 0.289062 0.802734 0.291016 0.800781 0.300781 0.800781 0.306641 0.806641 0.306641 0.816406 0.304688 0.818359
0 0.570312 0.814453 0.568359 0.814453 0.566406 0.816406 0.562500 0.816406 0.560547 0.814453 0.560547 0.808594 0.562500 0.806641 0.566406 0.806641 0.568359 0.808594 0.570312 0.808594
0 0.281250 0.820312 0.279297 0.820312 0.277344 0.822266 0.273438 0.822266 0.271484 0.820312 0.271484 0.814453 0.273438 0.812500 0.277344 0.812500 0.279297 0.814453 0.281250 0.814453
0 0.425781 0.820312 0.423828 0.820312 0.421875 0.822266 0.417969 0.822266 0.416016 0.820312 0.416016 0.814453 0.417969 0.812500 0.421875 0.812500 0.423828 0.814453 0.425781 0.814453
0 0.701172 0.818359 0.699219 0.820312 0.699219 0.822266 0.697266 0.824219 0.691406 0.824219 0.689453 0.822266 0.689453 0.820312 0.687500 0.818359 0.687500 0.816406 0.689453 0.814453 0.689453 0.812500 0.691406 0.810547 0.697266 0.810547 0.699219 0.812500 0.699219 0.814453 0.701172 0.816406
0 0.220703 0.822266 0.218750 0.822266 0.216797 0.824219 0.212891 0.824219 0.210938 0.822266 0.210938 0.816406 0.212891 0.814453 0.216797 0.814453 0.218750 0.816406 0.220703 0.816406
0 0.521484 0.820312 0.519531 0.822266 0.519531 0.824219 0.517578 0.826172 0.511719 0.826172 0.509766 0.824219 0.509766 0.822266 0.507812 0.820312 0.507812 0.818359 0.509766 0.816406 0.509766 0.814453 0.511719 0.812500 0.517578 0.812500 0.519531 0.814453 0.519531 0.816406 0.521484 0.818359
0 0.460938 0.826172 0.458984 0.826172 0.457031 0.828125 0.453125 0.828125 0.451172 0.826172 0.451172 0.820312 0.453125 0.818359 0.457031 0.818359 0.458984 0.820312 0.460938 0.820312
0 0.931641 0.826172 0.929688 0.826172 0.927734 0.828125 0.923828 0.828125 0.921875 0.826172 0.921875 0.820312 0.923828 0.818359 0.927734 0.818359 0.929688 0.820312 0.931641 0.820312
0 0.765625 0.824219 0.765625 0.828125 0.761719 0.828125 0.759766 0.826172 0.763672 0.822266
0 0.207031 0.830078 0.201172 0.835938 0.195312 0.835938 0.189453 0.830078 0.189453 0.824219 0.195312 0.818359 0.201172 0.818359 0.207031 0.824219
0 0.757812 0.826172 0.757812 0.830078 0.753906 0.830078 0.751953 0.828125 0.755859 0.824219
0 0.443359 0.832031 0.441406 0.832031 0.439453 0.833984 0.435547 0.833984 0.433594 0.832031 0.433594 0.826172 0.435547 0.824219 0.439453 0.824219 0.441406 0.826172 0.443359 0.826172
0 0.542969 0.828125 0.542969 0.832031 0.539062 0.832031 0.537109 0.830078 0.541016 0.826172
0 0.562500 0.832031 0.560547 0.833984 0.560547 0.835938 0.558594 0.837891 0.552734 0.837891 0.550781 0.835938 0.550781 0.833984 0.548828 0.832031 0.548828 0.830078 0.550781 0.828125 0.550781 0.826172 0.552734 0.824219 0.558594 0.824219 0.560547 0.826172 0.560547 0.828125 0.562500 0.830078
0 0.810547 0.832031 0.808594 0.833984 0.808594 0.835938 0.806641 0.837891 0.800781 0.837891 0.798828 0.835938 0.798828 0.833984 0.796875 0.832031 0.796875 0.830078 0.798828 0.828125 0.798828 0.826172 0.800781 0.824219 0.806641 0.824219 0.808594 0.826172 0.808594 0.828125 0.810547 0.830078
0 0.689453 0.832031 0.689453 0.835938 0.685547 0.835938 0.683594 0.833984 0.687500 0.830078
0 0.507812 0.833984 0.507812 0.837891 0.503906 0.837891 0.501953 0.835938 0.505859 0.832031
0 0.517578 0.833984 0.517578 0.837891 0.513672 0.837891 0.511719 0.835938 0.515625 0.832031
0 0.759766 0.833984 0.759766 0.837891 0.755859 0.837891 0.753906 0.835938 0.757812 0.832031
0 0.923828 0.837891 0.921875 0.837891 0.919922 0.839844 0.916016 0.839844 0.914062 0.837891 0.914062 0.832031 0.916016 0.830078 0.919922 0.830078 0.921875 0.832031 0.923828 0.832031
0 0.472656 0.839844 0.470703 0.839844 0.468750 0.841797 0.464844 0.841797 0.462891 0.839844 0.462891 0.833984 0.464844 0.832031 0.468750 0.832031 0.470703 0.833984 0.472656 0.833984
0 0.847656 0.839844 0.845703 0.839844 0.843750 0.841797 0.839844 0.841797 0.837891 0.839844 0.837891 0.833984 0.839844 0.832031 0.843750 0.832031 0.845703 0.833984 0.847656 0.833984
0 0.876953 0.839844 0.875000 0.839844 0.873047 0.841797 0.869141 0.841797 0.867188 0.839844 0.867188 0.833984 0.869141 0.832031 0.873047 0.832031 0.875000 0.833984 0.876953 0.833984
0 0.951172 0.839844 0.949219 0.839844 0.947266 0.841797 0.943359 0.841797 0.941406 0.839844 0.941406 0.833984 0.943359 0.832031 0.947266 0.832031 0.949219 0.833984 0.951172 0.833984
0 0.638672 0.839844 0.636719 0.841797 0.636719 0.843750 0.634766 0.845703 0.628906 0.845703 0.626953 0.843750 0.626953 0.841797 0.625000 0.839844 0.625000 0.837891 0.626953 0.835938 0.626953 0.833984 0.628906 0.832031 0.634766 0.832031 0.636719 0.833984 0.636719 0.835938 0.638672 0.837891
0 0.796875 0.845703 0.794922 0.845703 0.792969 0.847656 0.789062 0.847656 0.787109 0.845703 0.787109 0.839844 0.789062 0.837891 0.792969 0.837891 0.794922 0.839844 0.796875 0.839844
0 0.947266 0.845703 0.945312 0.845703 0.943359 0.847656 0.939453 0.847656 0.937500 0.845703 0.937500 0.839844 0.939453 0.837891 0.943359 0.837891 0.945312 0.839844 0.947266 0.839844
0 0.687500 0.843750 0.687500 0.847656 0.683594 0.847656 0.681641 0.845703 0.685547 0.841797
0 0.757812 0.843750 0.757812 0.847656 0.753906 0.847656 0.751953 0.845703 0.755859 0.841797
0 0.183594 0.847656 0.181641 0.849609 0.181641 0.851562 0.179688 0.853516 0.173828 0.853516 0.171875 0.851562 0.171875 0.849609 0.169922 0.847656 0.169922 0.845703 0.171875 0.843750 0.171875 0.841797 0.173828 0.839844 0.179688 0.839844 0.181641 0.841797 0.181641 0.843750 0.183594 0.845703
0 0.931641 0.849609 0.929688 0.849609 0.927734 0.851562 0.923828 0.851562 0.921875 0.849609 0.921875 0.843750 0.923828 0.841797 0.927734 0.841797 0.929688 0.843750 0.931641 0.843750
0 0.599609 0.853516 0.597656 0.855469 0.597656 0.857422 0.595703 0.859375 0.589844 0.859375 0.587891 0.857422 0.587891 0.855469 0.585938 0.853516 0.585938 0.851562 0.587891 0.849609 0.587891 0.847656 0.589844 0.845703 0.595703 0.845703 0.597656 0.847656 0.597656 0.849609 0.599609 0.851562
0 0.816406 0.855469 0.814453 0.855469 0.812500 0.857422 0.808594 0.857422 0.806641 0.855469 0.806641 0.849609 0.808594 0.847656 0.812500 0.847656 0.814453 0.849609 0.816406 0.849609
0 0.841797 0.861328 0.839844 0.861328 0.837891 0.863281 0.828125 0.863281 0.822266 0.857422 0.822266 0.847656 0.824219 0.845703 0.826172 0.845703 0.826172 0.843750 0.828125 0.841797 0.837891 0.841797 0.843750 0.847656 0.843750 0.857422 0.841797 0.859375
0 0.449219 0.855469 0.447266 0.857422 0.447266 0.859375 0.445312 0.861328 0.439453 0.861328 0.437500 0.859375 0.437500 0.857422 0.435547 0.855469 0.435547 0.853516 0.437500 0.851562 0.437500 0.849609 0.439453 0.847656 0.445312 0.847656 0.447266 0.849609 0.447266 0.851562 0.449219 0.853516
0 0.845703 0.857422 0.843750 0.857422 0.841797 0.859375 0.837891 0.859375 0.835938 0.857422 0.835938 0.851562 0.837891 0.849609 0.841797 0.849609 0.843750 0.851562 0.845703 0.851562
0 0.748047 0.855469 0.748047 0.859375 0.744141 0.859375 0.742188 0.857422 0.746094 0.853516
0 0.882812 0.859375 0.880859 0.859375 0.878906 0.861328 0.875000 0.861328 0.873047 0.859375 0.873047 0.853516 0.875000 0.851562 0.878906 0.851562 0.880859 0.853516 0.882812 0.853516
0 0.654297 0.863281 0.652344 0.863281 0.650391 0.865234 0.646484 0.865234 0.644531 0.863281 0.644531 0.857422 0.646484 0.855469 0.650391 0.855469 0.652344 0.857422 0.654297 0.857422
0 0.416016 0.867188 0.410156 0.873047 0.404297 0.873047 0.398438 0.867188 0.398438 0.861328 0.404297 0.855469 0.410156 0.855469 0.416016 0.861328
0 0.683594 0.865234 0.681641 0.867188 0.681641 0.869141 0.679688 0.871094 0.673828 0.871094 0.671875 0.869141 0.671875 0.867188 0.669922 0.865234 0.669922 0.863281 0.671875 0.861328 0.671875 0.859375 0.673828 0.857422 0.679688 0.857422 0.681641 0.859375 0.681641 0.861328 0.683594 0.863281
0 0.857422 0.867188 0.855469 0.867188 0.853516 0.869141 0.849609 0.869141 0.847656 0.867188 0.847656 0.861328 0.849609 0.859375 0.853516 0.859375 0.855469 0.861328 0.857422 0.861328
0 0.746094 0.865234 0.746094 0.869141 0.742188 0.869141 0.740234 0.867188 0.744141 0.863281
0 0.181641 0.876953 0.179688 0.876953 0.177734 0.878906 0.167969 0.878906 0.162109 0.873047 0.162109 0.863281 0.164062 0.861328 0.166016 0.861328 0.166016 0.859375 0.167969 0.857422 0.177734 0.857422 0.183594 0.863281 0.183594 0.873047 0.181641 0.875000
0 0.302734 0.876953 0.300781 0.876953 0.298828 0.878906 0.289062 0.878906 0.283203 0.873047 0.283203 0.863281 0.285156 0.861328 0.287109 0.861328 0.287109 0.859375 0.289062 0.857422 0.298828 0.857422 0.304688 0.863281 0.304688 0.873047 0.302734 0.875000
0 0.355469 0.876953 0.353516 0.876953 0.351562 0.878906 0.341797 0.878906 0.335938 0.873047 0.335938 0.863281 0.337891 0.861328 0.339844 0.861328 0.339844 0.859375 0.341797 0.857422 0.351562 0.857422 0.357422 0.863281 0.357422 0.873047 0.355469 0.875000
0 0.628906 0.876953 0.626953 0.876953 0.625000 0.878906 0.615234 0.878906 0.609375 0.873047 0.609375 0.863281 0.611328 0.861328 0.613281 0.861328 0.613281 0.859375 0.615234 0.857422 0.625000 0.857422 0.630859 0.863281 0.630859 0.873047 0.628906 0.875000
0 0.816406 0.873047 0.814453 0.873047 0.812500 0.875000 0.808594 0.875000 0.806641 0.873047 0.806641 0.867188 0.808594 0.865234 0.812500 0.865234 0.814453 0.867188 0.816406 0.867188
0 0.183594 0.878906 0.181641 0.880859 0.181641 0.882812 0.179688 0.884766 0.173828 0.884766 0.171875 0.882812 0.171875 0.880859 0.169922 0.878906 0.169922 0.876953 0.171875 0.875000 0.171875 0.873047 0.173828 0.871094 0.179688 0.871094 0.181641 0.873047 0.181641 0.875000 0.183594 0.876953
0 0.585938 0.878906 0.583984 0.880859 0.583984 0.882812 0.582031 0.884766 0.576172 0.884766 0.574219 0.882812 0.574219 0.880859 0.572266 0.878906 0.572266 0.876953 0.574219 0.875000 0.574219 0.873047 0.576172 0.871094 0.582031 0.871094 0.583984 0.873047 0.583984 0.875000 0.585938 0.876953
0 0.833984 0.876953 0.833984 0.880859 0.830078 0.880859 0.828125 0.878906 0.832031 0.875000
0 0.269531 0.882812 0.267578 0.882812 0.265625 0.884766 0.261719 0.884766 0.259766 0.882812 0.259766 0.876953 0.261719 0.875000 0.265625 0.875000 0.267578 0.876953 0.269531 0.876953
0 0.830078 0.882812 0.830078 0.886719 0.826172 0.886719 0.824219 0.884766 0.828125 0.880859
0 0.662109 0.888672 0.656250 0.894531 0.650391 0.894531 0.644531 0.888672 0.644531 0.882812 0.650391 0.876953 0.656250 0.876953 0.662109 0.882812
0 0.841797 0.884766 0.841797 0.888672 0.837891 0.888672 0.835938 0.886719 0.839844 0.882812
0 0.253906 0.892578 0.251953 0.892578 0.250000 0.894531 0.246094 0.894531 0.244141 0.892578 0.244141 0.886719 0.246094 0.884766 0.250000 0.884766 0.251953 0.886719 0.253906 0.886719
0 0.833984 0.888672 0.833984 0.892578 0.830078 0.892578 0.828125 0.890625 0.832031 0.886719
0 0.882812 0.892578 0.880859 0.892578 0.878906 0.894531 0.875000 0.894531 0.873047 0.892578 0.873047 0.886719 0.875000 0.884766 0.878906 0.884766 0.880859 0.886719 0.882812 0.886719
0 0.246094 0.896484 0.244141 0.896484 0.242188 0.898438 0.238281 0.898438 0.236328 0.896484 0.236328 0.890625 0.238281 0.888672 0.242188 0.888672 0.244141 0.890625 0.246094 0.890625
0 0.375000 0.902344 0.373047 0.902344 0.371094 0.904297 0.361328 0.904297 0.355469 0.898438 0.355469 0.888672 0.357422 0.886719 0.359375 0.886719 0.359375 0.884766 0.361328 0.882812 0.371094 0.882812 0.376953 0.888672 0.376953 0.898438 0.375000 0.900391
0 0.892578 0.898438 0.890625 0.898438 0.888672 0.900391 0.884766 0.900391 0.882812 0.898438 0.882812 0.892578 0.884766 0.890625 0.888672 0.890625 0.890625 0.892578 0.892578 0.892578
0 0.605469 0.900391 0.603516 0.902344 0.603516 0.904297 0.601562 0.906250 0.595703 0.906250 0.593750 0.904297 0.593750 0.902344 0.591797 0.900391 0.591797 0.898438 0.593750 0.896484 0.593750 0.894531 0.595703 0.892578 0.601562 0.892578 0.603516 0.894531 0.603516 0.896484 0.605469 0.898438
0 0.230469 0.902344 0.228516 0.904297 0.228516 0.906250 0.226562 0.908203 0.220703 0.908203 0.218750 0.906250 0.218750 0.904297 0.216797 0.902344 0.216797 0.900391 0.218750 0.898438 0.218750 0.896484 0.220703 0.894531 0.226562 0.894531 0.228516 0.896484 0.228516 0.898438 0.230469 0.900391
0 0.818359 0.900391 0.818359 0.904297 0.814453 0.904297 0.812500 0.902344 0.816406 0.898438
0 0.333984 0.904297 0.332031 0.906250 0.332031 0.908203 0.330078 0.910156 0.324219 0.910156 0.322266 0.908203 0.322266 0.906250 0.320312 0.904297 0.320312 0.902344 0.322266 0.900391 0.322266 0.898438 0.324219 0.896484 0.330078 0.896484 0.332031 0.898438 0.332031 0.900391 0.333984 0.902344
0 0.642578 0.908203 0.640625 0.908203 0.638672 0.910156 0.634766 0.910156 0.632812 0.908203 0.632812 0.902344 0.634766 0.900391 0.638672 0.900391 0.640625 0.902344 0.642578 0.902344
0 0.988281 0.904297 0.988281 0.908203 0.984375 0.908203 0.982422 0.906250 0.986328 0.902344
0 0.875000 0.910156 0.873047 0.910156 0.871094 0.912109 0.867188 0.912109 0.865234 0.910156 0.865234 0.904297 0.867188 0.902344 0.871094 0.902344 0.873047 0.904297 0.875000 0.904297
0 0.998047 0.904297 0.998047 0.910156 0.996094 0.910156 0.994141 0.908203
0 0.828125 0.908203 0.828125 0.912109 0.824219 0.912109 0.822266 0.910156 0.826172 0.906250
0 0.890625 0.912109 0.888672 0.912109 0.886719 0.914062 0.882812 0.914062 0.880859 0.912109 0.880859 0.906250 0.882812 0.904297 0.886719 0.904297 0.888672 0.906250 0.890625 0.906250
0 0.388672 0.916016 0.386719 0.916016 0.384766 0.917969 0.380859 0.917969 0.378906 0.916016 0.378906 0.910156 0.380859 0.908203 0.384766 0.908203 0.386719 0.910156 0.388672 0.910156
0 0.664062 0.916016 0.662109 0.916016 0.660156 0.917969 0.656250 0.917969 0.654297 0.916016 0.654297 0.910156 0.656250 0.908203 0.660156 0.908203 0.662109 0.910156 0.664062 0.910156
0 0.748047 0.917969 0.742188 0.923828 0.736328 0.923828 0.730469 0.917969 0.730469 0.912109 0.736328 0.906250 0.742188 0.906250 0.748047 0.912109
0 0.617188 0.919922 0.615234 0.919922 0.613281 0.921875 0.609375 0.921875 0.607422 0.919922 0.607422 0.914062 0.609375 0.912109 0.613281 0.912109 0.615234 0.914062 0.617188 0.914062
0 0.222656 0.921875 0.220703 0.921875 0.218750 0.923828 0.214844 0.923828 0.212891 0.921875 0.212891 0.916016 0.214844 0.914062 0.218750 0.914062 0.220703 0.916016 0.222656 0.916016
0 0.710938 0.927734 0.708984 0.927734 0.707031 0.929688 0.697266 0.929688 0.691406 0.923828 0.691406 0.914062 0.693359 0.912109 0.695312 0.912109 0.695312 0.910156 0.697266 0.908203 0.707031 0.908203 0.712891 0.914062 0.712891 0.923828 0.710938 0.925781
0 0.673828 0.929688 0.671875 0.929688 0.669922 0.931641 0.660156 0.931641 0.654297 0.925781 0.654297 0.916016 0.656250 0.914062 0.658203 0.914062 0.658203 0.912109 0.660156 0.910156 0.669922 0.910156 0.675781 0.916016 0.675781 0.925781 0.673828 0.927734
0 0.339844 0.931641 0.337891 0.931641 0.335938 0.933594 0.326172 0.933594 0.320312 0.927734 0.320312 0.917969 0.322266 0.916016 0.324219 0.916016 0.324219 0.914062 0.326172 0.912109 0.335938 0.912109 0.341797 0.917969 0.341797 0.927734 0.339844 0.929688
0 0.183594 0.927734 0.181641 0.927734 0.179688 0.929688 0.175781 0.929688 0.173828 0.927734 0.173828 0.921875 0.175781 0.919922 0.179688 0.919922 0.181641 0.921875 0.183594 0.921875
0 0.396484 0.923828 0.396484 0.927734 0.392578 0.927734 0.390625 0.925781 0.394531 0.921875
0 0.560547 0.923828 0.560547 0.927734 0.556641 0.927734 0.554688 0.925781 0.558594 0.921875
0 0.552734 0.925781 0.552734 0.929688 0.548828 0.929688 0.546875 0.927734 0.550781 0.923828
0 0.683594 0.931641 0.681641 0.931641 0.679688 0.933594 0.675781 0.933594 0.673828 0.931641 0.673828 0.925781 0.675781 0.923828 0.679688 0.923828 0.681641 0.925781 0.683594 0.925781
0 0.798828 0.929688 0.796875 0.931641 0.796875 0.933594 0.794922 0.935547 0.789062 0.935547 0.787109 0.933594 0.787109 0.931641 0.785156 0.929688 0.785156 0.927734 0.787109 0.925781 0.787109 0.923828 0.789062 0.921875 0.794922 0.921875 0.796875 0.923828 0.796875 0.925781 0.798828 0.927734
0 0.210938 0.933594 0.208984 0.933594 0.207031 0.935547 0.203125 0.935547 0.201172 0.933594 0.201172 0.927734 0.203125 0.925781 0.207031 0.925781 0.208984 0.927734 0.210938 0.927734
0 0.564453 0.931641 0.564453 0.935547 0.560547 0.935547 0.558594 0.933594 0.562500 0.929688
0 0.380859 0.937500 0.375000 0.943359 0.369141 0.943359 0.363281 0.937500 0.363281 0.931641 0.369141 0.925781 0.375000 0.925781 0.380859 0.931641
0 0.513672 0.939453 0.511719 0.941406 0.511719 0.943359 0.509766 0.945312 0.503906 0.945312 0.501953 0.943359 0.501953 0.941406 0.500000 0.939453 0.500000 0.937500 0.501953 0.935547 0.501953 0.933594 0.503906 0.931641 0.509766 0.931641 0.511719 0.933594 0.511719 0.935547 0.513672 0.937500
0 0.738281 0.939453 0.736328 0.941406 0.736328 0.943359 0.734375 0.945312 0.728516 0.945312 0.726562 0.943359 0.726562 0.941406 0.724609 0.939453 0.724609 0.937500 0.726562 0.935547 0.726562 0.933594 0.728516 0.931641 0.734375 0.931641 0.736328 0.933594 0.736328 0.935547 0.738281 0.937500
0 0.917969 0.939453 0.916016 0.941406 0.916016 0.943359 0.914062 0.945312 0.908203 0.945312 0.906250 0.943359 0.906250 0.941406 0.904297 0.939453 0.904297 0.937500 0.906250 0.935547 0.906250 0.933594 0.908203 0.931641 0.914062 0.931641 0.916016 0.933594 0.916016 0.935547 0.917969 0.937500
0 0.722656 0.943359 0.716797 0.949219 0.710938 0.949219 0.705078 0.943359 0.705078 0.937500 0.710938 0.931641 0.716797 0.931641 0.722656 0.937500
0 0.806641 0.941406 0.804688 0.943359 0.804688 0.945312 0.802734 0.947266 0.796875 0.947266 0.794922 0.945312 0.794922 0.943359 0.792969 0.941406 0.792969 0.939453 0.794922 0.937500 0.794922 0.935547 0.796875 0.933594 0.802734 0.933594 0.804688 0.935547 0.804688 0.937500 0.806641 0.939453
0 0.552734 0.955078 0.550781 0.955078 0.548828 0.957031 0.539062 0.957031 0.533203 0.951172 0.533203 0.941406 0.535156 0.939453 0.537109 0.939453 0.537109 0.937500 0.539062 0.935547 0.548828 0.935547 0.554688 0.941406 0.554688 0.951172 0.552734 0.953125
0 0.779297 0.947266 0.777344 0.949219 0.777344 0.951172 0.775391 0.953125 0.769531 0.953125 0.767578 0.951172 0.767578 0.949219 0.765625 0.947266 0.765625 0.945312 0.767578 0.943359 0.767578 0.941406 0.769531 0.939453 0.775391 0.939453 0.777344 0.941406 0.777344 0.943359 0.779297 0.945312
0 0.789062 0.955078 0.787109 0.957031 0.787109 0.958984 0.785156 0.960938 0.779297 0.960938 0.777344 0.958984 0.777344 0.957031 0.775391 0.955078 0.775391 0.953125 0.777344 0.951172 0.777344 0.949219 0.779297 0.947266 0.785156 0.947266 0.787109 0.949219 0.787109 0.951172 0.789062 0.953125
0 0.693359 0.968750 0.691406 0.968750 0.689453 0.970703 0.679688 0.970703 0.673828 0.964844 0.673828 0.955078 0.675781 0.953125 0.677734 0.953125 0.677734 0.951172 0.679688 0.949219 0.689453 0.949219 0.695312 0.955078 0.695312 0.964844 0.693359 0.966797
0 0.382812 0.962891 0.380859 0.964844 0.380859 0.966797 0.378906 0.968750 0.373047 0.968750 0.371094 0.966797 0.371094 0.964844 0.369141 0.962891 0.369141 0.960938 0.371094 0.958984 0.371094 0.957031 0.373047 0.955078 0.378906 0.955078 0.380859 0.957031 0.380859 0.958984 0.382812 0.960938
0 0.664062 0.966797 0.658203 0.972656 0.652344 0.972656 0.646484 0.966797 0.646484 0.960938 0.652344 0.955078 0.658203 0.955078 0.664062 0.960938
0 0.572266 0.970703 0.566406 0.976562 0.560547 0.976562 0.554688 0.970703 0.554688 0.964844 0.560547 0.958984 0.566406 0.958984 0.572266 0.964844
0 0.898438 0.968750 0.896484 0.970703 0.896484 0.972656 0.894531 0.974609 0.888672 0.974609 0.886719 0.972656 0.886719 0.970703 0.884766 0.968750 0.884766 0.966797 0.886719 0.964844 0.886719 0.962891 0.888672 0.960938 0.894531 0.960938 0.896484 0.962891 0.896484 0.964844 0.898438 0.966797
0 0.337891 0.974609 0.332031 0.980469 0.326172 0.980469 0.320312 0.974609 0.320312 0.968750 0.326172 0.962891 0.332031 0.962891 0.337891 0.968750
0 0.718750 0.978516 0.716797 0.978516 0.714844 0.980469 0.710938 0.980469 0.708984 0.978516 0.708984 0.972656 0.710938 0.970703 0.714844 0.970703 0.716797 0.972656 0.718750 0.972656
0 0.738281 0.978516 0.736328 0.978516 0.734375 0.980469 0.730469 0.980469 0.728516 0.978516 0.728516 0.972656 0.730469 0.970703 0.734375 0.970703 0.736328 0.972656 0.738281 0.972656
0 0.925781 0.978516 0.923828 0.980469 0.923828 0.982422 0.921875 0.984375 0.916016 0.984375 0.914062 0.982422 0.914062 0.980469 0.912109 0.978516 0.912109 0.976562 0.914062 0.974609 0.914062 0.972656 0.916016 0.970703 0.921875 0.970703 0.923828 0.972656 0.923828 0.974609 0.925781 0.976562
0 0.375000 0.984375 0.373047 0.986328 0.373047 0.988281 0.371094 0.990234 0.365234 0.990234 0.363281 0.988281 0.363281 0.986328 0.361328 0.984375 0.361328 0.982422 0.363281 0.980469 0.363281 0.978516 0.365234 0.976562 0.371094 0.976562 0.373047 0.978516 0.373047 0.980469 0.375000 0.982422
0 0.619141 0.984375 0.617188 0.986328 0.617188 0.988281 0.615234 0.990234 0.609375 0.990234 0.607422 0.988281 0.607422 0.986328 0.605469 0.984375 0.605469 0.982422 0.607422 0.980469 0.607422 0.978516 0.609375 0.976562 0.615234 0.976562 0.617188 0.978516 0.617188 0.980469 0.619141 0.982422
0 0.734375 0.988281 0.732422 0.990234 0.732422 0.992188 0.730469 0.994141 0.724609 0.994141 0.722656 0.992188 0.722656 0.990234 0.720703 0.988281 0.720703 0.986328 0.722656 0.984375 0.722656 0.982422 0.724609 0.980469 0.730469 0.980469 0.732422 0.982422 0.732422 0.984375 0.734375 0.986328
0 0.953125 0.992188 0.951172 0.992188 0.949219 0.994141 0.945312 0.994141 0.943359 0.992188 0.943359 0.986328 0.945312 0.984375 0.949219 0.984375 0.951172 0.986328 0.953125 0.986328
0 0.962891 0.992188 0.960938 0.992188 0.958984 0.994141 0.955078 0.994141 0.953125 0.992188 0.953125 0.986328 0.955078 0.984375 0.958984 0.984375 0.960938 0.986328 0.962891 0.986328
0 0.367188 0.998047 0.345703 0.998047 0.345703 0.992188 0.347656 0.990234 0.349609 0.990234 0.349609 0.988281 0.351562 0.986328 0.361328 0.986328 0.367188 0.992188
0 0.662109 0.998047 0.640625 0.998047 0.640625 0.992188 0.642578 0.990234 0.644531 0.990234 0.644531 0.988281 0.646484 0.986328 0.656250 0.986328 0.662109 0.992188
0 0.701172 0.998047 0.683594 0.998047 0.683594 0.994141 0.689453 0.988281 0.695312 0.988281 0.701172 0.994141
0 0.988281 0.998047 0.974609 0.998047 0.974609 0.996094 0.976562 0.994141 0.976562 0.992188 0.978516 0.990234 0.984375 0.990234 0.986328 0.992188 0.986328 0.994141 0.988281 0.996094
