0 0.111328 0.068359 0.109375 0.070312 0.109375 0.078125 0.113281 0.082031 0.119141 0.082031 0.123047 0.078125 0.123047 0.072266 0.119141 0.068359
0 0.871094 0.097656 0.869141 0.099609 0.871094 0.101562 0.871094 0.103516 0.873047 0.103516 0.875000 0.101562 0.875000 0.099609 0.873047 0.097656
0 0.402344 0.107422 0.402344 0.111328 0.404297 0.113281 0.406250 0.113281 0.406250 0.109375 0.404297 0.107422
0 0.630859 0.144531 0.626953 0.148438 0.628906 0.150391 0.630859 0.150391 0.632812 0.148438 0.632812 0.146484
0 0.509766 0.148438 0.507812 0.150391 0.507812 0.152344 0.509766 0.154297 0.511719 0.152344 0.511719 0.150391
0 0.406250 0.173828 0.406250 0.179688 0.408203 0.181641 0.412109 0.181641 0.414062 0.179688 0.416016 0.179688 0.416016 0.173828 0.414062 0.171875 0.408203 0.171875
0 0.238281 0.187500 0.238281 0.193359 0.242188 0.197266 0.240234 0.203125 0.250000 0.214844 0.259766 0.214844 0.265625 0.208984 0.269531 0.208984 0.273438 0.212891 0.281250 0.212891 0.285156 0.205078 0.281250 0.197266 0.273438 0.199219 0.269531 0.195312 0.269531 0.191406 0.261719 0.183594 0.244141 0.181641
0 0.216797 0.207031 0.216797 0.210938 0.220703 0.210938 0.222656 0.208984 0.220703 0.207031
0 0.304688 0.207031 0.302734 0.208984 0.304688 0.210938 0.306641 0.208984
0 0.128906 0.214844 0.126953 0.216797 0.126953 0.218750 0.128906 0.220703 0.130859 0.220703 0.132812 0.218750 0.132812 0.216797 0.130859 0.214844
0 0.345703 0.230469 0.341797 0.230469 0.341797 0.234375 0.343750 0.236328 0.347656 0.232422
0 0.367188 0.234375 0.365234 0.236328 0.367188 0.238281 0.369141 0.238281 0.369141 0.234375
0 0.466797 0.236328 0.462891 0.236328 0.460938 0.238281 0.460938 0.240234 0.464844 0.240234 0.466797 0.238281
0 0.816406 0.248047 0.814453 0.246094 0.812500 0.248047 0.812500 0.250000 0.816406 0.250000
0 0.126953 0.251953 0.125000 0.253906 0.125000 0.257812 0.126953 0.259766 0.128906 0.259766 0.130859 0.261719 0.130859 0.259766 0.132812 0.257812 0.134766 0.257812 0.134766 0.255859 0.130859 0.251953
0 0.343750 0.255859 0.339844 0.255859 0.337891 0.257812 0.335938 0.257812 0.335938 0.259766 0.337891 0.261719 0.337891 0.265625 0.339844 0.267578 0.341797 0.267578 0.343750 0.265625 0.345703 0.265625 0.345703 0.257812
0 0.365234 0.257812 0.365234 0.259766 0.363281 0.261719 0.363281 0.265625 0.365234 0.265625 0.367188 0.267578 0.371094 0.267578 0.373047 0.265625 0.375000 0.265625 0.375000 0.263672 0.376953 0.261719 0.376953 0.259766 0.375000 0.257812
0 0.308594 0.267578 0.308594 0.273438 0.312500 0.273438 0.314453 0.271484 0.314453 0.269531 0.312500 0.267578
0 0.326172 0.271484 0.324219 0.269531 0.322266 0.271484
0 0.242188 0.279297 0.232422 0.281250 0.228516 0.285156 0.226562 0.291016 0.226562 0.306641 0.228516 0.312500 0.232422 0.316406 0.242188 0.316406 0.248047 0.308594 0.255859 0.308594 0.257812 0.310547 0.261719 0.302734 0.257812 0.296875 0.253906 0.296875 0.250000 0.292969 0.250000 0.285156
0 0.386719 0.279297 0.384766 0.281250 0.384766 0.285156 0.388672 0.289062 0.390625 0.289062 0.392578 0.287109 0.392578 0.283203 0.390625 0.281250 0.390625 0.279297
0 0.457031 0.287109 0.455078 0.289062 0.457031 0.291016 0.458984 0.291016 0.458984 0.287109
0 0.320312 0.291016 0.316406 0.296875 0.316406 0.302734 0.320312 0.308594 0.316406 0.312500 0.316406 0.322266 0.314453 0.324219 0.322266 0.328125 0.333984 0.328125 0.335938 0.326172 0.335938 0.316406 0.333984 0.314453 0.333984 0.310547 0.337891 0.306641 0.337891 0.302734 0.339844 0.300781 0.330078 0.291016
0 0.351562 0.292969 0.349609 0.292969 0.345703 0.296875 0.345703 0.302734 0.347656 0.304688 0.347656 0.306641 0.349609 0.308594 0.349609 0.306641 0.351562 0.304688 0.353516 0.304688 0.355469 0.302734 0.357422 0.302734 0.357422 0.300781 0.355469 0.298828 0.355469 0.296875
0 0.271484 0.296875 0.267578 0.300781 0.267578 0.302734 0.269531 0.304688 0.271484 0.304688 0.273438 0.302734 0.273438 0.298828
1 0.460938 0.296875 0.458984 0.298828 0.458984 0.304688 0.460938 0.306641 0.460938 0.322266 0.472656 0.333984 0.480469 0.333984 0.484375 0.328125 0.484375 0.324219 0.482422 0.322266 0.480469 0.314453 0.472656 0.306641 0.472656 0.302734 0.468750 0.296875
0 0.287109 0.302734 0.281250 0.308594 0.281250 0.320312 0.283203 0.320312 0.285156 0.322266 0.285156 0.324219 0.292969 0.324219 0.298828 0.320312 0.298828 0.306641 0.294922 0.302734
0 0.378906 0.300781 0.373047 0.304688 0.373047 0.306641 0.371094 0.308594 0.371094 0.314453 0.376953 0.318359 0.384766 0.318359 0.388672 0.314453 0.388672 0.304688 0.382812 0.300781
0 0.648438 0.306641 0.646484 0.308594 0.646484 0.312500 0.648438 0.314453 0.650391 0.314453 0.652344 0.312500 0.652344 0.308594 0.650391 0.306641
0 0.857422 0.314453 0.853516 0.310547 0.851562 0.312500 0.851562 0.316406 0.855469 0.316406
0 0.349609 0.318359 0.347656 0.320312 0.347656 0.324219 0.349609 0.326172 0.351562 0.326172 0.353516 0.324219 0.353516 0.320312 0.351562 0.318359
0 0.394531 0.322266 0.392578 0.322266 0.390625 0.324219 0.390625 0.326172 0.388672 0.328125 0.388672 0.330078 0.386719 0.332031 0.386719 0.333984 0.388672 0.335938 0.394531 0.335938 0.398438 0.332031 0.398438 0.326172
1 0.302734 0.339844 0.302734 0.343750 0.304688 0.345703 0.316406 0.345703 0.320312 0.341797 0.322266 0.341797 0.326172 0.349609 0.332031 0.349609 0.335938 0.345703 0.335938 0.337891 0.333984 0.335938 0.330078 0.335938 0.324219 0.339844 0.322266 0.339844 0.318359 0.335938 0.306641 0.335938
0 0.919922 0.341797 0.919922 0.343750 0.917969 0.345703 0.919922 0.347656 0.919922 0.349609 0.923828 0.349609 0.925781 0.347656 0.925781 0.343750 0.923828 0.341797
1 0.292969 0.345703 0.292969 0.347656 0.289062 0.351562 0.291016 0.353516 0.289062 0.361328 0.292969 0.361328 0.294922 0.359375 0.300781 0.361328 0.302734 0.363281 0.302734 0.369141 0.310547 0.376953 0.312500 0.376953 0.314453 0.375000 0.312500 0.371094 0.314453 0.363281 0.304688 0.353516 0.300781 0.351562 0.298828 0.345703 0.294922 0.347656
0 0.464844 0.343750 0.462891 0.345703 0.462891 0.349609 0.460938 0.351562 0.462891 0.351562 0.464844 0.353516 0.466797 0.353516 0.470703 0.349609 0.470703 0.347656 0.466797 0.343750
0 0.357422 0.359375 0.355469 0.359375 0.349609 0.365234 0.347656 0.363281 0.343750 0.363281 0.339844 0.367188 0.339844 0.376953 0.341797 0.378906 0.341797 0.380859 0.343750 0.380859 0.349609 0.386719 0.349609 0.376953 0.353516 0.373047 0.357422 0.373047 0.359375 0.371094 0.359375 0.361328
0 0.279297 0.367188 0.277344 0.369141 0.277344 0.373047 0.281250 0.376953 0.283203 0.376953 0.287109 0.373047 0.287109 0.371094 0.283203 0.367188
0 0.390625 0.376953 0.390625 0.378906 0.392578 0.380859 0.398438 0.380859 0.396484 0.378906 0.396484 0.376953 0.394531 0.375000 0.392578 0.375000
0 0.361328 0.384766 0.361328 0.380859 0.359375 0.382812 0.357422 0.382812 0.359375 0.384766
0 0.486328 0.382812 0.484375 0.384766 0.484375 0.386719 0.486328 0.388672 0.488281 0.388672 0.490234 0.386719 0.490234 0.384766 0.488281 0.382812
0 0.261719 0.388672 0.261719 0.390625 0.265625 0.394531 0.267578 0.392578 0.269531 0.392578 0.269531 0.388672 0.267578 0.386719 0.263672 0.386719
0 0.281250 0.386719 0.281250 0.388672 0.285156 0.388672 0.285156 0.386719
0 0.412109 0.392578 0.408203 0.388672 0.406250 0.388672 0.404297 0.390625 0.404297 0.396484 0.408203 0.396484
0 0.990234 0.386719 0.986328 0.386719 0.984375 0.388672 0.982422 0.388672 0.982422 0.390625 0.980469 0.392578 0.980469 0.400391 0.986328 0.404297 0.988281 0.404297 0.990234 0.402344 0.992188 0.402344 0.996094 0.398438 0.996094 0.390625
0 0.390625 0.394531 0.390625 0.396484 0.388672 0.398438 0.388672 0.400391 0.390625 0.402344 0.390625 0.406250 0.394531 0.410156 0.400391 0.410156 0.400391 0.408203 0.402344 0.406250 0.402344 0.404297 0.398438 0.400391 0.398438 0.398438 0.394531 0.394531
0 0.865234 0.400391 0.859375 0.400391 0.855469 0.404297 0.853516 0.404297 0.855469 0.406250 0.855469 0.410156 0.857422 0.412109 0.859375 0.412109 0.861328 0.414062 0.859375 0.416016 0.863281 0.412109 0.865234 0.412109 0.867188 0.410156 0.869141 0.410156 0.869141 0.404297
0 0.939453 0.398438 0.935547 0.402344 0.935547 0.404297 0.937500 0.406250 0.943359 0.406250 0.943359 0.402344
0 0.824219 0.408203 0.824219 0.414062 0.826172 0.416016 0.832031 0.416016 0.832031 0.412109 0.833984 0.410156 0.832031 0.408203
0 0.412109 0.414062 0.410156 0.416016 0.410156 0.419922 0.416016 0.419922 0.416016 0.416016 0.414062 0.414062
0 0.451172 0.423828 0.449219 0.425781 0.449219 0.427734 0.451172 0.429688 0.453125 0.429688 0.455078 0.427734 0.455078 0.425781 0.453125 0.423828
0 0.859375 0.421875 0.855469 0.421875 0.855469 0.423828 0.851562 0.427734 0.851562 0.429688 0.857422 0.435547 0.859375 0.433594 0.859375 0.431641 0.861328 0.429688 0.861328 0.425781 0.859375 0.423828
0 0.138672 0.435547 0.134766 0.439453 0.132812 0.437500 0.132812 0.435547 0.130859 0.435547 0.130859 0.437500 0.132812 0.439453 0.130859 0.441406 0.128906 0.441406 0.132812 0.445312 0.132812 0.447266 0.134766 0.445312 0.134766 0.441406 0.138672 0.437500
0 0.406250 0.435547 0.408203 0.437500 0.408203 0.441406 0.410156 0.443359 0.414062 0.443359 0.417969 0.439453 0.419922 0.439453 0.417969 0.437500 0.417969 0.435547 0.416016 0.433594 0.410156 0.433594 0.408203 0.435547
0 0.673828 0.441406 0.669922 0.441406 0.669922 0.445312 0.671875 0.447266 0.673828 0.445312
0 0.273438 0.445312 0.271484 0.447266 0.269531 0.447266 0.265625 0.451172 0.265625 0.458984 0.271484 0.462891 0.273438 0.462891 0.275391 0.460938 0.277344 0.462891 0.277344 0.460938 0.281250 0.457031 0.281250 0.451172 0.277344 0.445312
0 0.533203 0.460938 0.531250 0.460938 0.527344 0.464844 0.527344 0.466797 0.531250 0.470703 0.535156 0.466797 0.535156 0.462891
0 0.798828 0.464844 0.796875 0.466797 0.796875 0.470703 0.798828 0.472656 0.800781 0.472656 0.802734 0.470703 0.802734 0.466797 0.800781 0.464844
0 0.341797 0.468750 0.339844 0.470703 0.339844 0.474609 0.341797 0.474609 0.343750 0.476562 0.345703 0.476562 0.347656 0.474609 0.347656 0.470703 0.345703 0.470703 0.343750 0.468750
0 0.843750 0.468750 0.841797 0.470703 0.843750 0.472656 0.845703 0.472656 0.847656 0.470703 0.845703 0.468750
0 0.884766 0.468750 0.880859 0.468750 0.878906 0.470703 0.880859 0.472656 0.880859 0.474609 0.882812 0.474609 0.884766 0.472656
0 0.519531 0.482422 0.519531 0.492188 0.527344 0.501953 0.539062 0.500000 0.544922 0.507812 0.548828 0.507812 0.554688 0.503906 0.554688 0.498047 0.552734 0.494141 0.546875 0.492188 0.541016 0.486328 0.541016 0.482422 0.535156 0.478516 0.523438 0.478516
0 0.556641 0.478516 0.554688 0.480469 0.554688 0.486328 0.556641 0.488281 0.558594 0.488281 0.560547 0.486328 0.560547 0.480469 0.558594 0.478516
0 0.453125 0.488281 0.445312 0.494141 0.445312 0.498047 0.443359 0.500000 0.445312 0.501953 0.445312 0.509766 0.449219 0.517578 0.460938 0.517578 0.466797 0.511719 0.468750 0.507812 0.468750 0.500000 0.470703 0.498047 0.458984 0.488281
0 0.314453 0.492188 0.310547 0.496094 0.314453 0.500000 0.318359 0.500000 0.320312 0.498047 0.320312 0.494141 0.318359 0.492188 0.316406 0.494141
0 0.384766 0.494141 0.382812 0.494141 0.380859 0.496094 0.380859 0.498047 0.382812 0.500000 0.382812 0.501953 0.386719 0.498047 0.386719 0.496094
0 0.494141 0.492188 0.490234 0.496094 0.490234 0.500000 0.492188 0.501953 0.496094 0.498047 0.496094 0.496094 0.494141 0.494141
0 0.582031 0.492188 0.580078 0.494141 0.580078 0.496094 0.578125 0.498047 0.582031 0.501953 0.582031 0.503906 0.585938 0.503906 0.583984 0.501953 0.585938 0.500000 0.585938 0.498047 0.587891 0.496094 0.587891 0.494141 0.585938 0.492188
0 0.761719 0.494141 0.761719 0.500000 0.765625 0.500000 0.765625 0.498047 0.767578 0.496094 0.765625 0.494141
0 0.632812 0.513672 0.628906 0.517578 0.628906 0.519531 0.630859 0.521484 0.630859 0.523438 0.636719 0.529297 0.638672 0.529297 0.642578 0.525391 0.640625 0.523438 0.640625 0.521484 0.638672 0.519531 0.638672 0.517578 0.636719 0.515625 0.636719 0.513672
0 0.882812 0.513672 0.882812 0.517578 0.884766 0.519531 0.888672 0.519531 0.888672 0.513672
0 0.357422 0.517578 0.355469 0.519531 0.355469 0.521484 0.357422 0.523438 0.359375 0.523438 0.361328 0.525391 0.361328 0.523438 0.363281 0.521484 0.363281 0.519531 0.361328 0.517578
0 0.550781 0.519531 0.546875 0.519531 0.546875 0.521484 0.548828 0.523438 0.550781 0.521484
0 0.595703 0.523438 0.593750 0.525391 0.593750 0.527344 0.595703 0.527344
0 0.404297 0.529297 0.402344 0.527344 0.400391 0.527344 0.398438 0.529297 0.398438 0.533203 0.402344 0.533203 0.404297 0.531250
0 0.378906 0.531250 0.378906 0.537109 0.380859 0.537109 0.382812 0.535156 0.382812 0.533203 0.380859 0.533203
0 0.492188 0.533203 0.494141 0.535156 0.498047 0.535156 0.498047 0.533203 0.496094 0.531250 0.494141 0.531250
0 0.640625 0.533203 0.642578 0.535156 0.636719 0.542969 0.626953 0.537109 0.617188 0.542969 0.613281 0.560547 0.615234 0.558594 0.621094 0.564453 0.619141 0.566406 0.619141 0.574219 0.626953 0.566406 0.634766 0.568359 0.638672 0.566406 0.640625 0.558594 0.638672 0.546875 0.640625 0.544922 0.642578 0.546875 0.648438 0.544922 0.648438 0.539062
0 0.664062 0.531250 0.664062 0.533203 0.666016 0.533203 0.666016 0.531250
0 0.890625 0.531250 0.886719 0.531250 0.884766 0.533203 0.882812 0.533203 0.882812 0.539062 0.884766 0.541016 0.886719 0.541016 0.888672 0.542969 0.892578 0.539062 0.892578 0.533203
0 0.388672 0.542969 0.384766 0.546875 0.388672 0.546875
0 0.365234 0.546875 0.363281 0.548828 0.361328 0.548828 0.359375 0.550781 0.359375 0.556641 0.357422 0.558594 0.359375 0.560547 0.367188 0.560547 0.367188 0.558594 0.369141 0.556641 0.369141 0.550781
0 0.707031 0.552734 0.707031 0.556641 0.708984 0.558594 0.714844 0.558594 0.716797 0.556641 0.716797 0.552734 0.714844 0.550781 0.710938 0.550781 0.708984 0.552734
0 0.740234 0.554688 0.738281 0.556641 0.738281 0.558594 0.740234 0.560547 0.742188 0.560547 0.744141 0.558594 0.744141 0.556641 0.742188 0.554688
0 0.767578 0.558594 0.765625 0.556641 0.763672 0.558594 0.763672 0.560547 0.765625 0.560547
0 0.687500 0.570312 0.687500 0.572266 0.689453 0.572266 0.689453 0.570312
1 0.927734 0.576172 0.929688 0.578125 0.927734 0.580078 0.927734 0.583984 0.931641 0.589844 0.931641 0.595703 0.933594 0.597656 0.939453 0.597656 0.943359 0.593750 0.943359 0.589844 0.935547 0.580078 0.935547 0.576172 0.933594 0.574219 0.931641 0.576172
0 0.390625 0.580078 0.388672 0.582031 0.386719 0.582031 0.386719 0.587891 0.392578 0.587891 0.392578 0.582031
0 0.554688 0.578125 0.552734 0.578125 0.548828 0.582031 0.546875 0.582031 0.539062 0.591797 0.544922 0.597656 0.544922 0.599609 0.548828 0.599609 0.550781 0.601562 0.560547 0.597656 0.560547 0.591797 0.558594 0.589844 0.558594 0.587891 0.560547 0.585938 0.558594 0.587891 0.554688 0.583984
1 0.367188 0.587891 0.363281 0.587891 0.359375 0.591797 0.357422 0.591797 0.357422 0.593750 0.355469 0.595703 0.359375 0.601562 0.359375 0.605469 0.357422 0.607422 0.357422 0.611328 0.359375 0.613281 0.361328 0.613281 0.363281 0.611328 0.363281 0.605469 0.367188 0.601562 0.369141 0.601562 0.369141 0.591797 0.367188 0.589844
0 0.523438 0.589844 0.517578 0.595703 0.515625 0.595703 0.519531 0.601562 0.519531 0.603516 0.517578 0.605469 0.521484 0.611328 0.523438 0.611328 0.527344 0.615234 0.531250 0.615234 0.537109 0.609375 0.537109 0.607422 0.539062 0.605469 0.535156 0.599609 0.535156 0.595703 0.533203 0.595703 0.527344 0.589844
0 0.382812 0.593750 0.380859 0.595703 0.380859 0.597656 0.382812 0.599609 0.384766 0.599609 0.386719 0.597656 0.386719 0.595703 0.384766 0.593750
1 0.931641 0.607422 0.929688 0.605469 0.925781 0.605469 0.919922 0.611328 0.917969 0.609375 0.914062 0.609375 0.912109 0.611328 0.912109 0.615234 0.914062 0.617188 0.916016 0.617188 0.921875 0.613281 0.931641 0.613281 0.929688 0.611328 0.931641 0.609375
0 0.822266 0.609375 0.820312 0.611328 0.820312 0.619141 0.824219 0.623047 0.830078 0.623047 0.832031 0.621094 0.832031 0.613281 0.828125 0.609375
0 0.193359 0.623047 0.193359 0.625000 0.195312 0.625000
0 0.500000 0.621094 0.498047 0.621094 0.496094 0.623047 0.496094 0.625000 0.498047 0.626953 0.501953 0.623047
0 0.617188 0.621094 0.611328 0.621094 0.609375 0.623047 0.609375 0.625000 0.605469 0.628906 0.605469 0.630859 0.609375 0.634766 0.613281 0.634766 0.615234 0.632812 0.617188 0.632812 0.621094 0.628906 0.621094 0.625000
0 0.335938 0.628906 0.333984 0.630859 0.333984 0.632812 0.337891 0.636719 0.337891 0.634766 0.339844 0.632812 0.339844 0.630859 0.337891 0.628906
0 0.597656 0.630859 0.597656 0.634766 0.599609 0.636719 0.601562 0.634766 0.601562 0.632812 0.599609 0.630859
0 0.568359 0.656250 0.566406 0.658203 0.566406 0.666016 0.568359 0.666016 0.570312 0.667969 0.572266 0.667969 0.574219 0.666016 0.574219 0.664062 0.576172 0.662109 0.574219 0.660156 0.574219 0.658203 0.572266 0.656250
0 0.623047 0.660156 0.615234 0.666016 0.613281 0.666016 0.611328 0.669922 0.611328 0.677734 0.613281 0.679688 0.613281 0.685547 0.615234 0.689453 0.621094 0.693359 0.625000 0.693359 0.628906 0.691406 0.632812 0.685547 0.632812 0.669922
1 0.701172 0.662109 0.695312 0.667969 0.695312 0.669922 0.701172 0.675781 0.707031 0.675781 0.708984 0.677734 0.710938 0.677734 0.712891 0.675781 0.716797 0.675781 0.718750 0.677734 0.718750 0.683594 0.714844 0.689453 0.716797 0.691406 0.716797 0.693359 0.720703 0.697266 0.720703 0.699219 0.726562 0.697266 0.728516 0.695312 0.728516 0.687500 0.720703 0.679688 0.720703 0.675781 0.716797 0.671875 0.714844 0.666016 0.710938 0.666016 0.708984 0.664062 0.703125 0.664062
0 0.365234 0.666016 0.361328 0.669922 0.361328 0.671875 0.365234 0.675781 0.367188 0.675781 0.367188 0.673828 0.369141 0.671875 0.369141 0.669922 0.367188 0.667969 0.367188 0.666016
0 0.509766 0.664062 0.507812 0.666016 0.507812 0.671875 0.511719 0.675781 0.513672 0.673828 0.513672 0.666016 0.511719 0.664062
0 0.861328 0.671875 0.857422 0.671875 0.855469 0.673828 0.855469 0.677734 0.853516 0.679688 0.857422 0.683594 0.859375 0.681641 0.861328 0.681641 0.865234 0.677734 0.863281 0.675781 0.863281 0.673828
0 0.964844 0.677734 0.962891 0.679688 0.962891 0.681641 0.964844 0.683594 0.966797 0.681641 0.966797 0.679688
0 0.580078 0.679688 0.574219 0.679688 0.572266 0.681641 0.572266 0.683594 0.568359 0.687500 0.568359 0.689453 0.570312 0.691406 0.574219 0.691406 0.580078 0.685547 0.582031 0.685547 0.580078 0.683594
1 0.376953 0.683594 0.376953 0.685547 0.378906 0.687500 0.384766 0.687500 0.382812 0.685547 0.382812 0.683594
0 0.933594 0.683594 0.931641 0.685547 0.931641 0.687500 0.929688 0.689453 0.929688 0.691406 0.931641 0.693359 0.931641 0.695312 0.933594 0.697266 0.939453 0.697266 0.943359 0.693359 0.943359 0.689453 0.937500 0.683594
0 0.574219 0.699219 0.570312 0.703125 0.570312 0.708984 0.572266 0.710938 0.578125 0.710938 0.580078 0.708984 0.580078 0.703125 0.576172 0.699219
0 0.763672 0.701172 0.761719 0.701172 0.759766 0.703125 0.759766 0.705078 0.761719 0.707031 0.763672 0.705078
0 0.640625 0.703125 0.640625 0.705078 0.636719 0.708984 0.636719 0.714844 0.638672 0.716797 0.638672 0.718750 0.640625 0.718750 0.642578 0.720703 0.644531 0.718750 0.646484 0.720703 0.650391 0.716797 0.650391 0.710938 0.648438 0.708984 0.648438 0.707031 0.644531 0.703125
0 0.373047 0.710938 0.369141 0.710938 0.367188 0.712891 0.367188 0.714844 0.365234 0.716797 0.365234 0.718750 0.367188 0.718750 0.369141 0.720703 0.371094 0.720703 0.373047 0.718750
0 0.675781 0.714844 0.673828 0.712891 0.667969 0.712891 0.664062 0.716797 0.662109 0.716797 0.664062 0.718750 0.662109 0.720703 0.662109 0.722656 0.664062 0.724609 0.669922 0.724609 0.675781 0.718750
0 0.787109 0.716797 0.789062 0.718750 0.789062 0.720703 0.791016 0.722656 0.792969 0.722656 0.794922 0.720703 0.794922 0.716797 0.792969 0.716797 0.791016 0.714844 0.789062 0.716797
0 0.509766 0.724609 0.507812 0.726562 0.505859 0.726562 0.500000 0.734375 0.500000 0.744141 0.509766 0.751953 0.511719 0.751953 0.513672 0.753906 0.517578 0.753906 0.519531 0.751953 0.519531 0.748047 0.517578 0.746094 0.519531 0.744141 0.519531 0.736328 0.509766 0.726562
0 0.535156 0.726562 0.533203 0.726562 0.529297 0.730469 0.529297 0.732422 0.527344 0.734375 0.527344 0.736328 0.529297 0.738281 0.529297 0.740234 0.531250 0.742188 0.533203 0.742188 0.541016 0.734375 0.541016 0.730469 0.539062 0.728516 0.537109 0.728516
0 0.408203 0.736328 0.406250 0.734375 0.406250 0.732422 0.404297 0.734375 0.402344 0.734375 0.398438 0.738281 0.400391 0.740234 0.406250 0.740234 0.408203 0.738281
0 0.447266 0.730469 0.445312 0.732422 0.445312 0.734375 0.447266 0.736328 0.449219 0.736328 0.449219 0.732422
0 0.480469 0.736328 0.478516 0.734375 0.476562 0.736328 0.476562 0.738281 0.480469 0.738281
0 0.796875 0.734375 0.796875 0.736328 0.794922 0.738281 0.796875 0.740234 0.796875 0.742188 0.798828 0.744141 0.804688 0.744141 0.806641 0.742188 0.806641 0.736328 0.804688 0.734375
0 0.734375 0.738281 0.726562 0.742188 0.724609 0.740234 0.726562 0.742188 0.726562 0.746094 0.724609 0.748047 0.734375 0.759766 0.732422 0.763672 0.728516 0.761719 0.726562 0.763672 0.728516 0.767578 0.734375 0.761719 0.744141 0.761719 0.748047 0.757812 0.746094 0.748047
0 0.820312 0.740234 0.818359 0.742188 0.818359 0.744141 0.820312 0.746094 0.824219 0.746094 0.826172 0.744141 0.826172 0.742188 0.824219 0.740234
0 0.357422 0.742188 0.355469 0.744141 0.353516 0.744141 0.353516 0.746094 0.355469 0.748047 0.359375 0.748047 0.359375 0.744141
0 0.712891 0.742188 0.710938 0.742188 0.707031 0.746094 0.707031 0.753906 0.708984 0.755859 0.712891 0.755859 0.716797 0.751953 0.716797 0.744141 0.714844 0.744141
0 0.275391 0.748047 0.273438 0.748047 0.269531 0.751953 0.269531 0.755859 0.271484 0.757812 0.275391 0.757812 0.277344 0.755859 0.277344 0.750000
0 0.482422 0.753906 0.482422 0.755859 0.480469 0.757812 0.484375 0.761719 0.482422 0.763672 0.486328 0.767578 0.490234 0.763672 0.492188 0.763672 0.490234 0.763672 0.488281 0.761719 0.488281 0.757812 0.484375 0.753906
0 0.445312 0.757812 0.443359 0.759766 0.443359 0.767578 0.447266 0.771484 0.449219 0.771484 0.451172 0.769531 0.453125 0.769531 0.453125 0.767578 0.455078 0.765625 0.455078 0.761719 0.451172 0.757812
0 0.621094 0.761719 0.619141 0.763672 0.617188 0.763672 0.617188 0.773438 0.623047 0.779297 0.628906 0.773438 0.628906 0.769531 0.626953 0.767578 0.626953 0.765625 0.623047 0.761719
0 0.820312 0.763672 0.822266 0.765625 0.820312 0.767578 0.822266 0.769531 0.822266 0.771484 0.826172 0.767578 0.828125 0.767578 0.826172 0.767578 0.824219 0.765625 0.826172 0.763672 0.824219 0.763672 0.822266 0.765625
1 0.523438 0.771484 0.521484 0.771484 0.519531 0.769531 0.515625 0.769531 0.513672 0.767578 0.511719 0.767578 0.509766 0.769531 0.509766 0.773438 0.507812 0.775391 0.507812 0.779297 0.505859 0.781250 0.509766 0.781250 0.509766 0.779297 0.511719 0.777344 0.513672 0.777344 0.515625 0.775391 0.519531 0.775391 0.521484 0.773438 0.523438 0.773438
0 0.732422 0.769531 0.736328 0.773438 0.738281 0.773438 0.740234 0.771484 0.740234 0.769531 0.738281 0.767578 0.736328 0.767578 0.734375 0.769531
0 0.460938 0.769531 0.460938 0.771484 0.464844 0.771484 0.464844 0.769531
0 0.599609 0.769531 0.599609 0.773438 0.601562 0.773438 0.601562 0.769531
0 0.908203 0.769531 0.906250 0.771484 0.906250 0.773438 0.908203 0.775391 0.910156 0.775391 0.910156 0.771484
0 0.267578 0.783203 0.261719 0.783203 0.257812 0.787109 0.257812 0.794922 0.259766 0.794922 0.261719 0.796875 0.263672 0.796875 0.267578 0.792969 0.269531 0.792969 0.271484 0.791016 0.271484 0.787109
1 0.306641 0.781250 0.304688 0.783203 0.306641 0.785156 0.306641 0.787109 0.308594 0.789062 0.306641 0.791016 0.304688 0.791016 0.304688 0.796875 0.306641 0.798828 0.306641 0.800781 0.308594 0.798828 0.310547 0.800781 0.310547 0.798828 0.312500 0.796875 0.312500 0.792969 0.310547 0.791016 0.310547 0.789062 0.308594 0.787109 0.308594 0.783203 0.310547 0.781250 0.308594 0.783203
0 0.578125 0.781250 0.576172 0.783203 0.574219 0.781250 0.562500 0.781250 0.558594 0.785156 0.558594 0.792969 0.564453 0.796875 0.566406 0.794922 0.568359 0.794922 0.574219 0.789062 0.574219 0.785156
0 0.648438 0.781250 0.646484 0.783203 0.646484 0.789062 0.648438 0.791016 0.656250 0.791016 0.656250 0.789062 0.658203 0.787109 0.658203 0.785156 0.654297 0.781250
0 0.849609 0.781250 0.845703 0.785156 0.843750 0.785156 0.843750 0.794922 0.845703 0.796875 0.843750 0.798828 0.847656 0.798828 0.849609 0.800781 0.855469 0.800781 0.861328 0.794922 0.861328 0.791016 0.857422 0.787109 0.857422 0.785156 0.855469 0.785156 0.851562 0.781250
0 0.925781 0.781250 0.921875 0.781250 0.916016 0.787109 0.916016 0.791016 0.917969 0.792969 0.917969 0.794922 0.923828 0.798828 0.921875 0.800781 0.925781 0.796875 0.927734 0.796875 0.927734 0.794922 0.929688 0.792969 0.929688 0.789062 0.927734 0.787109 0.927734 0.783203
0 0.285156 0.785156 0.283203 0.787109 0.283203 0.792969 0.285156 0.794922 0.289062 0.794922 0.291016 0.792969 0.291016 0.787109 0.289062 0.785156
0 0.712891 0.794922 0.710938 0.792969 0.708984 0.792969 0.707031 0.794922 0.707031 0.798828 0.710938 0.798828 0.712891 0.796875
1 0.685547 0.806641 0.683594 0.804688 0.679688 0.808594 0.681641 0.810547 0.679688 0.812500 0.677734 0.812500 0.673828 0.816406 0.675781 0.816406 0.681641 0.810547 0.683594 0.810547 0.685547 0.808594
0 0.554688 0.810547 0.554688 0.812500 0.552734 0.814453 0.552734 0.816406 0.554688 0.818359 0.556641 0.818359 0.558594 0.816406 0.558594 0.814453 0.560547 0.812500 0.556641 0.812500
0 0.789062 0.820312 0.785156 0.816406 0.783203 0.816406 0.781250 0.814453 0.779297 0.816406 0.777344 0.816406 0.773438 0.820312 0.773438 0.826172 0.771484 0.828125 0.773438 0.828125 0.775391 0.830078 0.783203 0.830078 0.789062 0.824219
0 0.621094 0.820312 0.619141 0.822266 0.617188 0.820312 0.617188 0.818359 0.615234 0.818359 0.609375 0.824219 0.607422 0.824219 0.605469 0.826172 0.605469 0.832031 0.609375 0.835938 0.617188 0.835938 0.619141 0.833984 0.619141 0.822266
0 0.732422 0.820312 0.732422 0.826172 0.736328 0.826172 0.738281 0.824219 0.738281 0.820312
0 0.568359 0.824219 0.568359 0.826172 0.560547 0.833984 0.560547 0.835938 0.558594 0.837891 0.566406 0.845703 0.566406 0.847656 0.568359 0.845703 0.572266 0.845703 0.574219 0.843750 0.574219 0.830078 0.572266 0.828125 0.572266 0.826172 0.570312 0.826172
0 0.548828 0.833984 0.546875 0.833984 0.546875 0.835938
0 0.544922 0.841797 0.542969 0.843750 0.542969 0.845703 0.544922 0.847656 0.546875 0.847656 0.548828 0.845703 0.548828 0.843750 0.546875 0.841797
0 0.619141 0.839844 0.617188 0.841797 0.617188 0.843750 0.615234 0.845703 0.615234 0.851562 0.619141 0.855469 0.623047 0.855469 0.626953 0.851562 0.626953 0.843750 0.623047 0.839844
0 0.644531 0.845703 0.644531 0.847656 0.646484 0.849609 0.646484 0.857422 0.648438 0.859375 0.652344 0.859375 0.654297 0.857422 0.654297 0.851562 0.648438 0.845703 0.648438 0.847656 0.646484 0.849609 0.644531 0.847656
1 0.994141 0.847656 0.988281 0.853516 0.988281 0.863281 0.992188 0.867188 0.994141 0.867188 0.996094 0.869141 0.998047 0.869141 0.998047 0.847656
0 0.689453 0.853516 0.685547 0.857422 0.685547 0.859375 0.689453 0.863281 0.691406 0.863281 0.693359 0.861328 0.693359 0.855469 0.691406 0.855469
0 0.947266 0.853516 0.945312 0.855469 0.947266 0.857422 0.949219 0.857422 0.949219 0.855469
0 0.539062 0.861328 0.527344 0.869141 0.523438 0.876953 0.525391 0.886719 0.523438 0.888672 0.535156 0.900391 0.546875 0.906250 0.546875 0.914062 0.550781 0.917969 0.554688 0.914062 0.554688 0.904297 0.562500 0.894531 0.564453 0.878906 0.558594 0.869141 0.552734 0.869141
0 0.646484 0.867188 0.619141 0.892578 0.619141 0.921875 0.630859 0.931641 0.650391 0.929688 0.658203 0.925781 0.666016 0.914062 0.664062 0.912109 0.667969 0.904297 0.658203 0.884766 0.652344 0.884766 0.646484 0.876953 0.650391 0.873047
0 0.498047 0.876953 0.498047 0.880859 0.500000 0.880859 0.501953 0.882812 0.505859 0.882812 0.509766 0.886719 0.511719 0.886719 0.513672 0.884766 0.515625 0.884766 0.517578 0.886719 0.519531 0.884766 0.517578 0.882812 0.517578 0.878906 0.515625 0.876953 0.515625 0.875000 0.513672 0.875000 0.511719 0.873047 0.507812 0.873047 0.501953 0.876953
0 0.908203 0.876953 0.904297 0.892578 0.906250 0.902344 0.912109 0.910156 0.923828 0.914062 0.933594 0.910156 0.937500 0.904297 0.947266 0.912109 0.955078 0.908203 0.955078 0.900391 0.960938 0.894531 0.958984 0.886719 0.953125 0.886719 0.947266 0.894531 0.939453 0.896484 0.935547 0.880859 0.923828 0.873047
1 0.685547 0.875000 0.683594 0.880859 0.689453 0.886719 0.685547 0.890625 0.687500 0.892578 0.687500 0.898438 0.689453 0.898438 0.693359 0.902344 0.701172 0.894531 0.701172 0.892578 0.691406 0.882812 0.691406 0.880859 0.693359 0.878906 0.691406 0.876953 0.687500 0.876953
0 0.783203 0.880859 0.781250 0.880859 0.777344 0.884766 0.779297 0.884766 0.781250 0.886719 0.781250 0.888672 0.783203 0.886719 0.785156 0.886719 0.785156 0.882812
0 0.761719 0.890625 0.759766 0.892578 0.759766 0.894531 0.761719 0.896484 0.765625 0.896484 0.767578 0.894531 0.767578 0.892578 0.765625 0.890625
0 0.318359 0.904297 0.318359 0.910156 0.320312 0.912109 0.322266 0.912109 0.324219 0.910156 0.324219 0.908203 0.322266 0.906250 0.324219 0.904297
0 0.599609 0.902344 0.597656 0.904297 0.597656 0.908203 0.601562 0.912109 0.601562 0.914062 0.603516 0.916016 0.605469 0.916016 0.607422 0.914062 0.607422 0.910156 0.605469 0.908203 0.605469 0.906250 0.601562 0.902344
0 0.558594 0.921875 0.554688 0.925781 0.554688 0.927734 0.556641 0.929688 0.558594 0.929688 0.560547 0.927734 0.560547 0.925781 0.558594 0.923828
1 0.525391 0.925781 0.517578 0.935547 0.515625 0.947266 0.527344 0.960938 0.527344 0.978516 0.533203 0.986328 0.531250 0.998047 0.566406 0.998047 0.552734 0.986328 0.556641 0.980469 0.552734 0.953125 0.542969 0.945312 0.539062 0.929688
0 0.593750 0.925781 0.593750 0.927734 0.591797 0.929688 0.591797 0.931641 0.593750 0.933594 0.595703 0.933594 0.597656 0.931641 0.597656 0.929688
0 0.837891 0.933594 0.832031 0.939453 0.832031 0.951172 0.837891 0.957031 0.841797 0.957031 0.843750 0.955078 0.845703 0.955078 0.849609 0.951172 0.849609 0.947266 0.851562 0.945312 0.849609 0.943359 0.849609 0.941406 0.843750 0.935547
0 0.894531 0.933594 0.890625 0.937500 0.890625 0.943359 0.888672 0.945312 0.890625 0.947266 0.890625 0.951172 0.892578 0.951172 0.898438 0.957031 0.904297 0.957031 0.906250 0.955078 0.908203 0.955078 0.912109 0.951172 0.912109 0.941406 0.908203 0.937500 0.908203 0.935547 0.906250 0.935547 0.904297 0.933594
0 0.414062 0.955078 0.412109 0.957031 0.412109 0.958984 0.414062 0.960938 0.416016 0.960938 0.417969 0.958984 0.417969 0.957031 0.416016 0.955078
0 0.392578 0.957031 0.390625 0.958984 0.392578 0.960938 0.394531 0.958984
0 0.640625 0.964844 0.634766 0.964844 0.632812 0.966797 0.634766 0.972656 0.621094 0.986328 0.619141 0.986328 0.621094 0.988281 0.621094 0.994141 0.623047 0.998047 0.642578 0.998047 0.648438 0.994141 0.650391 0.990234 0.650391 0.984375 0.648438 0.982422 0.648438 0.978516 0.642578 0.972656 0.642578 0.966797
0 0.761719 0.964844 0.763672 0.966797 0.765625 0.966797 0.765625 0.964844
0 0.775391 0.964844 0.771484 0.968750 0.771484 0.976562 0.775391 0.980469 0.781250 0.980469 0.787109 0.974609 0.787109 0.970703 0.785156 0.968750 0.787109 0.966797 0.785156 0.966797 0.783203 0.964844
1 0.798828 0.982422 0.802734 0.986328 0.806641 0.986328 0.814453 0.976562 0.818359 0.978516 0.820312 0.982422 0.826172 0.982422 0.830078 0.974609 0.824219 0.968750 0.822266 0.968750 0.818359 0.972656 0.818359 0.976562 0.816406 0.978516 0.804688 0.968750 0.798828 0.974609
0 0.496094 0.976562 0.494141 0.978516 0.494141 0.980469 0.498047 0.984375 0.500000 0.982422 0.500000 0.978516 0.498047 0.976562
0 0.898438 0.980469 0.896484 0.982422 0.896484 0.988281 0.900391 0.992188 0.902344 0.992188 0.904297 0.990234 0.904297 0.982422 0.902344 0.980469
0 0.697266 0.984375 0.695312 0.986328 0.693359 0.986328 0.691406 0.988281 0.691406 0.990234 0.689453 0.992188 0.695312 0.998047 0.701172 0.998047 0.705078 0.994141 0.705078 0.992188 0.703125 0.990234 0.703125 0.988281 0.699219 0.984375
0 0.308594 0.990234 0.308594 0.992188 0.306641 0.994141 0.308594 0.996094 0.312500 0.996094 0.314453 0.994141 0.314453 0.992188 0.312500 0.990234
0 0.480469 0.994141 0.480469 0.998047 0.488281 0.998047 0.488281 0.994141 0.486328 0.992188 0.482422 0.992188
1 0.712891 0.996094 0.712891 0.998047 0.728516 0.998047 0.724609 0.994141 0.714844 0.994141
0 0.875000 0.998047 0.884766 0.998047 0.884766 0.996094 0.882812 0.994141 0.878906 0.994141
1 0.455078 0.998047 0.460938 0.998047 0.458984 0.998047 0.457031 0.996094
0 0.121094 0.064453 0.121094 0.068359 0.117188 0.068359 0.115234 0.066406 0.119141 0.062500
0 0.126953 0.070312 0.126953 0.074219 0.123047 0.074219 0.121094 0.072266 0.125000 0.068359
0 0.111328 0.078125 0.111328 0.082031 0.107422 0.082031 0.105469 0.080078 0.109375 0.076172
0 0.119141 0.082031 0.119141 0.085938 0.115234 0.085938 0.113281 0.083984 0.117188 0.080078
0 0.017578 0.121094 0.015625 0.121094 0.013672 0.123047 0.009766 0.123047 0.007812 0.121094 0.007812 0.115234 0.009766 0.113281 0.013672 0.113281 0.015625 0.115234 0.017578 0.115234
0 0.025391 0.132812 0.023438 0.132812 0.021484 0.134766 0.017578 0.134766 0.015625 0.132812 0.015625 0.126953 0.017578 0.125000 0.021484 0.125000 0.023438 0.126953 0.025391 0.126953
0 0.003906 0.152344 0.000000 0.152344 0.000000 0.130859 0.003906 0.130859 0.005859 0.132812 0.005859 0.134766 0.007812 0.134766 0.009766 0.136719 0.009766 0.146484 0.007812 0.148438 0.007812 0.150391 0.005859 0.150391
0 0.626953 0.148438 0.626953 0.152344 0.623047 0.152344 0.621094 0.150391 0.625000 0.146484
0 0.636719 0.148438 0.636719 0.152344 0.632812 0.152344 0.630859 0.150391 0.634766 0.146484
0 0.035156 0.162109 0.033203 0.164062 0.033203 0.166016 0.031250 0.167969 0.025391 0.167969 0.023438 0.166016 0.023438 0.164062 0.021484 0.162109 0.021484 0.160156 0.023438 0.158203 0.023438 0.156250 0.025391 0.154297 0.031250 0.154297 0.033203 0.156250 0.033203 0.158203 0.035156 0.160156
0 0.039062 0.175781 0.037109 0.175781 0.035156 0.177734 0.025391 0.177734 0.019531 0.171875 0.019531 0.162109 0.021484 0.160156 0.023438 0.160156 0.023438 0.158203 0.025391 0.156250 0.035156 0.156250 0.041016 0.162109 0.041016 0.171875 0.039062 0.173828
0 0.414062 0.167969 0.414062 0.171875 0.410156 0.171875 0.408203 0.169922 0.412109 0.166016
0 0.406250 0.171875 0.406250 0.175781 0.402344 0.175781 0.400391 0.173828 0.404297 0.169922
0 0.419922 0.171875 0.419922 0.175781 0.416016 0.175781 0.414062 0.173828 0.417969 0.169922
0 0.261719 0.179688 0.259766 0.181641 0.259766 0.183594 0.257812 0.185547 0.251953 0.185547 0.250000 0.183594 0.250000 0.181641 0.248047 0.179688 0.248047 0.177734 0.250000 0.175781 0.250000 0.173828 0.251953 0.171875 0.257812 0.171875 0.259766 0.173828 0.259766 0.175781 0.261719 0.177734
0 0.406250 0.177734 0.406250 0.181641 0.402344 0.181641 0.400391 0.179688 0.404297 0.175781
0 0.416016 0.181641 0.416016 0.185547 0.412109 0.185547 0.410156 0.183594 0.414062 0.179688
0 0.279297 0.193359 0.277344 0.195312 0.277344 0.197266 0.275391 0.199219 0.269531 0.199219 0.267578 0.197266 0.267578 0.195312 0.265625 0.193359 0.265625 0.191406 0.267578 0.189453 0.267578 0.187500 0.269531 0.185547 0.275391 0.185547 0.277344 0.187500 0.277344 0.189453 0.279297 0.191406
0 0.244141 0.199219 0.242188 0.201172 0.242188 0.203125 0.240234 0.205078 0.234375 0.205078 0.232422 0.203125 0.232422 0.201172 0.230469 0.199219 0.230469 0.197266 0.232422 0.195312 0.232422 0.193359 0.234375 0.191406 0.240234 0.191406 0.242188 0.193359 0.242188 0.195312 0.244141 0.197266
0 0.291016 0.205078 0.289062 0.205078 0.287109 0.207031 0.283203 0.207031 0.281250 0.205078 0.281250 0.199219 0.283203 0.197266 0.287109 0.197266 0.289062 0.199219 0.291016 0.199219
0 0.021484 0.208984 0.019531 0.210938 0.019531 0.212891 0.017578 0.214844 0.011719 0.214844 0.009766 0.212891 0.009766 0.210938 0.007812 0.208984 0.007812 0.207031 0.009766 0.205078 0.009766 0.203125 0.011719 0.201172 0.017578 0.201172 0.019531 0.203125 0.019531 0.205078 0.021484 0.207031
0 0.130859 0.208984 0.130859 0.212891 0.126953 0.212891 0.125000 0.210938 0.128906 0.207031
0 0.273438 0.212891 0.271484 0.214844 0.271484 0.216797 0.269531 0.218750 0.263672 0.218750 0.261719 0.216797 0.261719 0.214844 0.259766 0.212891 0.259766 0.210938 0.261719 0.208984 0.261719 0.207031 0.263672 0.205078 0.269531 0.205078 0.271484 0.207031 0.271484 0.208984 0.273438 0.210938
0 0.126953 0.214844 0.126953 0.218750 0.123047 0.218750 0.121094 0.216797 0.125000 0.212891
0 0.136719 0.214844 0.136719 0.218750 0.132812 0.218750 0.130859 0.216797 0.134766 0.212891
0 0.460938 0.234375 0.460938 0.238281 0.457031 0.238281 0.455078 0.236328 0.458984 0.232422
0 0.472656 0.236328 0.472656 0.240234 0.468750 0.240234 0.466797 0.238281 0.470703 0.234375
0 0.466797 0.242188 0.466797 0.246094 0.462891 0.246094 0.460938 0.244141 0.464844 0.240234
0 0.136719 0.250000 0.136719 0.253906 0.132812 0.253906 0.130859 0.251953 0.134766 0.248047
0 0.343750 0.253906 0.341797 0.253906 0.339844 0.255859 0.335938 0.255859 0.333984 0.253906 0.333984 0.248047 0.335938 0.246094 0.339844 0.246094 0.341797 0.248047 0.343750 0.248047
0 0.371094 0.255859 0.369141 0.255859 0.367188 0.257812 0.363281 0.257812 0.361328 0.255859 0.361328 0.250000 0.363281 0.248047 0.367188 0.248047 0.369141 0.250000 0.371094 0.250000
0 0.337891 0.257812 0.335938 0.257812 0.333984 0.259766 0.330078 0.259766 0.328125 0.257812 0.328125 0.251953 0.330078 0.250000 0.333984 0.250000 0.335938 0.251953 0.337891 0.251953
0 0.123047 0.255859 0.123047 0.259766 0.119141 0.259766 0.117188 0.257812 0.121094 0.253906
0 0.138672 0.255859 0.138672 0.259766 0.134766 0.259766 0.132812 0.257812 0.136719 0.253906
0 0.378906 0.255859 0.378906 0.259766 0.375000 0.259766 0.373047 0.257812 0.376953 0.253906
0 0.349609 0.259766 0.349609 0.263672 0.345703 0.263672 0.343750 0.261719 0.347656 0.257812
0 0.361328 0.261719 0.359375 0.263672 0.359375 0.265625 0.357422 0.267578 0.351562 0.267578 0.349609 0.265625 0.349609 0.263672 0.347656 0.261719 0.347656 0.259766 0.349609 0.257812 0.349609 0.255859 0.351562 0.253906 0.357422 0.253906 0.359375 0.255859 0.359375 0.257812 0.361328 0.259766
0 0.312500 0.261719 0.312500 0.265625 0.308594 0.265625 0.306641 0.263672 0.310547 0.259766
0 0.363281 0.261719 0.363281 0.265625 0.359375 0.265625 0.357422 0.263672 0.361328 0.259766
0 0.337891 0.267578 0.335938 0.267578 0.333984 0.269531 0.330078 0.269531 0.328125 0.267578 0.328125 0.261719 0.330078 0.259766 0.333984 0.259766 0.335938 0.261719 0.337891 0.261719
0 0.376953 0.265625 0.376953 0.269531 0.373047 0.269531 0.371094 0.267578 0.375000 0.263672
0 0.306641 0.267578 0.306641 0.271484 0.302734 0.271484 0.300781 0.269531 0.304688 0.265625
0 0.318359 0.269531 0.318359 0.273438 0.314453 0.273438 0.312500 0.271484 0.316406 0.267578
0 0.240234 0.279297 0.238281 0.279297 0.236328 0.281250 0.232422 0.281250 0.230469 0.279297 0.230469 0.273438 0.232422 0.271484 0.236328 0.271484 0.238281 0.273438 0.240234 0.273438
0 0.248047 0.279297 0.246094 0.279297 0.244141 0.281250 0.240234 0.281250 0.238281 0.279297 0.238281 0.273438 0.240234 0.271484 0.244141 0.271484 0.246094 0.273438 0.248047 0.273438
0 0.392578 0.275391 0.392578 0.279297 0.388672 0.279297 0.386719 0.277344 0.390625 0.273438
0 0.402344 0.285156 0.400391 0.285156 0.398438 0.287109 0.394531 0.287109 0.392578 0.285156 0.392578 0.279297 0.394531 0.277344 0.398438 0.277344 0.400391 0.279297 0.402344 0.279297
0 0.326172 0.287109 0.320312 0.292969 0.314453 0.292969 0.308594 0.287109 0.308594 0.281250 0.314453 0.275391 0.320312 0.275391 0.326172 0.281250
0 0.257812 0.294922 0.255859 0.294922 0.253906 0.296875 0.250000 0.296875 0.248047 0.294922 0.248047 0.289062 0.250000 0.287109 0.253906 0.287109 0.255859 0.289062 0.257812 0.289062
0 0.357422 0.291016 0.357422 0.294922 0.353516 0.294922 0.351562 0.292969 0.355469 0.289062
0 0.023438 0.296875 0.021484 0.296875 0.019531 0.298828 0.015625 0.298828 0.013672 0.296875 0.013672 0.291016 0.015625 0.289062 0.019531 0.289062 0.021484 0.291016 0.023438 0.291016
0 0.462891 0.292969 0.462891 0.296875 0.458984 0.296875 0.457031 0.294922 0.460938 0.291016
0 0.392578 0.296875 0.390625 0.298828 0.390625 0.300781 0.388672 0.302734 0.382812 0.302734 0.380859 0.300781 0.380859 0.298828 0.378906 0.296875 0.378906 0.294922 0.380859 0.292969 0.380859 0.291016 0.382812 0.289062 0.388672 0.289062 0.390625 0.291016 0.390625 0.292969 0.392578 0.294922
0 0.345703 0.300781 0.343750 0.300781 0.341797 0.302734 0.337891 0.302734 0.335938 0.300781 0.335938 0.294922 0.337891 0.292969 0.341797 0.292969 0.343750 0.294922 0.345703 0.294922
0 0.285156 0.304688 0.283203 0.304688 0.281250 0.306641 0.277344 0.306641 0.275391 0.304688 0.275391 0.298828 0.277344 0.296875 0.281250 0.296875 0.283203 0.298828 0.285156 0.298828
0 0.228516 0.304688 0.226562 0.306641 0.226562 0.308594 0.224609 0.310547 0.218750 0.310547 0.216797 0.308594 0.216797 0.306641 0.214844 0.304688 0.214844 0.302734 0.216797 0.300781 0.216797 0.298828 0.218750 0.296875 0.224609 0.296875 0.226562 0.298828 0.226562 0.300781 0.228516 0.302734
0 0.650391 0.302734 0.650391 0.306641 0.646484 0.306641 0.644531 0.304688 0.648438 0.300781
0 0.373047 0.308594 0.367188 0.314453 0.361328 0.314453 0.355469 0.308594 0.355469 0.302734 0.361328 0.296875 0.367188 0.296875 0.373047 0.302734
0 0.855469 0.306641 0.855469 0.310547 0.851562 0.310547 0.849609 0.308594 0.853516 0.304688
0 0.089844 0.312500 0.087891 0.312500 0.085938 0.314453 0.082031 0.314453 0.080078 0.312500 0.080078 0.306641 0.082031 0.304688 0.085938 0.304688 0.087891 0.306641 0.089844 0.306641
0 0.251953 0.312500 0.250000 0.312500 0.248047 0.314453 0.244141 0.314453 0.242188 0.312500 0.242188 0.306641 0.244141 0.304688 0.248047 0.304688 0.250000 0.306641 0.251953 0.306641
0 0.316406 0.318359 0.314453 0.318359 0.312500 0.320312 0.302734 0.320312 0.296875 0.314453 0.296875 0.304688 0.298828 0.302734 0.300781 0.302734 0.300781 0.300781 0.302734 0.298828 0.312500 0.298828 0.318359 0.304688 0.318359 0.314453 0.316406 0.316406
0 0.658203 0.308594 0.658203 0.312500 0.654297 0.312500 0.652344 0.310547 0.656250 0.306641
0 0.345703 0.312500 0.343750 0.314453 0.343750 0.316406 0.341797 0.318359 0.335938 0.318359 0.333984 0.316406 0.333984 0.314453 0.332031 0.312500 0.332031 0.310547 0.333984 0.308594 0.333984 0.306641 0.335938 0.304688 0.341797 0.304688 0.343750 0.306641 0.343750 0.308594 0.345703 0.310547
0 0.042969 0.322266 0.041016 0.322266 0.039062 0.324219 0.029297 0.324219 0.023438 0.318359 0.023438 0.308594 0.025391 0.306641 0.027344 0.306641 0.027344 0.304688 0.029297 0.302734 0.039062 0.302734 0.044922 0.308594 0.044922 0.318359 0.042969 0.320312
0 0.488281 0.316406 0.486328 0.316406 0.484375 0.318359 0.480469 0.318359 0.478516 0.316406 0.478516 0.310547 0.480469 0.308594 0.484375 0.308594 0.486328 0.310547 0.488281 0.310547
0 0.849609 0.312500 0.849609 0.316406 0.845703 0.316406 0.843750 0.314453 0.847656 0.310547
0 0.283203 0.316406 0.281250 0.318359 0.281250 0.320312 0.279297 0.322266 0.273438 0.322266 0.271484 0.320312 0.271484 0.318359 0.269531 0.316406 0.269531 0.314453 0.271484 0.312500 0.271484 0.310547 0.273438 0.308594 0.279297 0.308594 0.281250 0.310547 0.281250 0.312500 0.283203 0.314453
0 0.398438 0.316406 0.396484 0.318359 0.396484 0.320312 0.394531 0.322266 0.388672 0.322266 0.386719 0.320312 0.386719 0.318359 0.384766 0.316406 0.384766 0.314453 0.386719 0.312500 0.386719 0.310547 0.388672 0.308594 0.394531 0.308594 0.396484 0.310547 0.396484 0.312500 0.398438 0.314453
0 0.652344 0.314453 0.652344 0.318359 0.648438 0.318359 0.646484 0.316406 0.650391 0.312500
0 0.068359 0.320312 0.066406 0.320312 0.064453 0.322266 0.060547 0.322266 0.058594 0.320312 0.058594 0.314453 0.060547 0.312500 0.064453 0.312500 0.066406 0.314453 0.068359 0.314453
0 0.242188 0.320312 0.240234 0.320312 0.238281 0.322266 0.234375 0.322266 0.232422 0.320312 0.232422 0.314453 0.234375 0.312500 0.238281 0.312500 0.240234 0.314453 0.242188 0.314453
0 0.490234 0.322266 0.488281 0.322266 0.486328 0.324219 0.482422 0.324219 0.480469 0.322266 0.480469 0.316406 0.482422 0.314453 0.486328 0.314453 0.488281 0.316406 0.490234 0.316406
0 0.857422 0.318359 0.857422 0.322266 0.853516 0.322266 0.851562 0.320312 0.855469 0.316406
0 0.314453 0.332031 0.312500 0.332031 0.310547 0.333984 0.300781 0.333984 0.294922 0.328125 0.294922 0.318359 0.296875 0.316406 0.298828 0.316406 0.298828 0.314453 0.300781 0.312500 0.310547 0.312500 0.316406 0.318359 0.316406 0.328125 0.314453 0.330078
0 0.388672 0.324219 0.386719 0.326172 0.386719 0.328125 0.384766 0.330078 0.378906 0.330078 0.376953 0.328125 0.376953 0.326172 0.375000 0.324219 0.375000 0.322266 0.376953 0.320312 0.376953 0.318359 0.378906 0.316406 0.384766 0.316406 0.386719 0.318359 0.386719 0.320312 0.388672 0.322266
0 0.466797 0.326172 0.466797 0.330078 0.462891 0.330078 0.460938 0.328125 0.464844 0.324219
0 0.402344 0.328125 0.402344 0.332031 0.398438 0.332031 0.396484 0.330078 0.400391 0.326172
0 0.330078 0.332031 0.328125 0.333984 0.328125 0.335938 0.326172 0.337891 0.320312 0.337891 0.318359 0.335938 0.318359 0.333984 0.316406 0.332031 0.316406 0.330078 0.318359 0.328125 0.318359 0.326172 0.320312 0.324219 0.326172 0.324219 0.328125 0.326172 0.328125 0.328125 0.330078 0.330078
0 0.109375 0.335938 0.107422 0.335938 0.105469 0.337891 0.101562 0.337891 0.099609 0.335938 0.099609 0.330078 0.101562 0.328125 0.105469 0.328125 0.107422 0.330078 0.109375 0.330078
0 0.488281 0.335938 0.486328 0.335938 0.484375 0.337891 0.480469 0.337891 0.478516 0.335938 0.478516 0.330078 0.480469 0.328125 0.484375 0.328125 0.486328 0.330078 0.488281 0.330078
0 0.474609 0.337891 0.472656 0.337891 0.470703 0.339844 0.466797 0.339844 0.464844 0.337891 0.464844 0.332031 0.466797 0.330078 0.470703 0.330078 0.472656 0.332031 0.474609 0.332031
0 0.394531 0.335938 0.394531 0.339844 0.390625 0.339844 0.388672 0.337891 0.392578 0.333984
0 0.302734 0.343750 0.300781 0.343750 0.298828 0.345703 0.294922 0.345703 0.292969 0.343750 0.292969 0.337891 0.294922 0.335938 0.298828 0.335938 0.300781 0.337891 0.302734 0.337891
0 0.343750 0.347656 0.341797 0.347656 0.339844 0.349609 0.335938 0.349609 0.333984 0.347656 0.333984 0.341797 0.335938 0.339844 0.339844 0.339844 0.341797 0.341797 0.343750 0.341797
0 0.460938 0.345703 0.460938 0.349609 0.457031 0.349609 0.455078 0.347656 0.458984 0.343750
0 0.085938 0.351562 0.080078 0.357422 0.074219 0.357422 0.068359 0.351562 0.068359 0.345703 0.074219 0.339844 0.080078 0.339844 0.085938 0.345703
0 0.314453 0.351562 0.312500 0.353516 0.312500 0.355469 0.310547 0.357422 0.304688 0.357422 0.302734 0.355469 0.302734 0.353516 0.300781 0.351562 0.300781 0.349609 0.302734 0.347656 0.302734 0.345703 0.304688 0.343750 0.310547 0.343750 0.312500 0.345703 0.312500 0.347656 0.314453 0.349609
0 0.066406 0.361328 0.064453 0.361328 0.062500 0.363281 0.052734 0.363281 0.046875 0.357422 0.046875 0.347656 0.048828 0.345703 0.050781 0.345703 0.050781 0.343750 0.052734 0.341797 0.062500 0.341797 0.068359 0.347656 0.068359 0.357422 0.066406 0.359375
0 0.351562 0.361328 0.349609 0.361328 0.347656 0.363281 0.337891 0.363281 0.332031 0.357422 0.332031 0.347656 0.333984 0.345703 0.335938 0.345703 0.335938 0.343750 0.337891 0.341797 0.347656 0.341797 0.353516 0.347656 0.353516 0.357422 0.351562 0.359375
0 0.291016 0.353516 0.291016 0.357422 0.287109 0.357422 0.285156 0.355469 0.289062 0.351562
0 0.466797 0.353516 0.466797 0.357422 0.462891 0.357422 0.460938 0.355469 0.464844 0.351562
0 0.128906 0.357422 0.126953 0.359375 0.126953 0.361328 0.125000 0.363281 0.119141 0.363281 0.117188 0.361328 0.117188 0.359375 0.115234 0.357422 0.115234 0.355469 0.117188 0.353516 0.117188 0.351562 0.119141 0.349609 0.125000 0.349609 0.126953 0.351562 0.126953 0.353516 0.128906 0.355469
0 0.218750 0.363281 0.216797 0.363281 0.214844 0.365234 0.210938 0.365234 0.208984 0.363281 0.208984 0.357422 0.210938 0.355469 0.214844 0.355469 0.216797 0.357422 0.218750 0.357422
0 0.353516 0.363281 0.351562 0.363281 0.349609 0.365234 0.345703 0.365234 0.343750 0.363281 0.343750 0.357422 0.345703 0.355469 0.349609 0.355469 0.351562 0.357422 0.353516 0.357422
0 0.302734 0.365234 0.300781 0.365234 0.298828 0.367188 0.294922 0.367188 0.292969 0.365234 0.292969 0.359375 0.294922 0.357422 0.298828 0.357422 0.300781 0.359375 0.302734 0.359375
0 0.140625 0.367188 0.138672 0.367188 0.136719 0.369141 0.132812 0.369141 0.130859 0.367188 0.130859 0.361328 0.132812 0.359375 0.136719 0.359375 0.138672 0.361328 0.140625 0.361328
0 0.238281 0.367188 0.236328 0.367188 0.234375 0.369141 0.230469 0.369141 0.228516 0.367188 0.228516 0.361328 0.230469 0.359375 0.234375 0.359375 0.236328 0.361328 0.238281 0.361328
0 0.154297 0.371094 0.152344 0.371094 0.150391 0.373047 0.146484 0.373047 0.144531 0.371094 0.144531 0.365234 0.146484 0.363281 0.150391 0.363281 0.152344 0.365234 0.154297 0.365234
0 0.316406 0.367188 0.316406 0.371094 0.312500 0.371094 0.310547 0.369141 0.314453 0.365234
0 0.363281 0.367188 0.363281 0.371094 0.359375 0.371094 0.357422 0.369141 0.361328 0.365234
0 0.203125 0.376953 0.197266 0.382812 0.191406 0.382812 0.185547 0.376953 0.185547 0.371094 0.191406 0.365234 0.197266 0.365234 0.203125 0.371094
0 0.400391 0.373047 0.400391 0.376953 0.396484 0.376953 0.394531 0.375000 0.398438 0.371094
0 0.281250 0.375000 0.281250 0.378906 0.277344 0.378906 0.275391 0.376953 0.279297 0.373047
0 0.357422 0.378906 0.355469 0.378906 0.353516 0.380859 0.349609 0.380859 0.347656 0.378906 0.347656 0.373047 0.349609 0.371094 0.353516 0.371094 0.355469 0.373047 0.357422 0.373047
0 0.373047 0.378906 0.367188 0.384766 0.361328 0.384766 0.355469 0.378906 0.355469 0.373047 0.361328 0.367188 0.367188 0.367188 0.373047 0.373047
0 0.345703 0.380859 0.345703 0.384766 0.341797 0.384766 0.339844 0.382812 0.343750 0.378906
0 0.261719 0.386719 0.255859 0.392578 0.250000 0.392578 0.244141 0.386719 0.244141 0.380859 0.250000 0.375000 0.255859 0.375000 0.261719 0.380859
0 0.410156 0.384766 0.410156 0.388672 0.406250 0.388672 0.404297 0.386719 0.408203 0.382812
0 0.984375 0.384766 0.984375 0.388672 0.980469 0.388672 0.978516 0.386719 0.982422 0.382812
0 0.416016 0.390625 0.416016 0.394531 0.412109 0.394531 0.410156 0.392578 0.414062 0.388672
0 0.998047 0.388672 0.998047 0.394531 0.996094 0.394531 0.994141 0.392578
0 0.261719 0.394531 0.259766 0.396484 0.259766 0.398438 0.257812 0.400391 0.251953 0.400391 0.250000 0.398438 0.250000 0.396484 0.248047 0.394531 0.248047 0.392578 0.250000 0.390625 0.250000 0.388672 0.251953 0.386719 0.257812 0.386719 0.259766 0.388672 0.259766 0.390625 0.261719 0.392578
0 0.980469 0.394531 0.980469 0.398438 0.976562 0.398438 0.974609 0.396484 0.978516 0.392578
0 0.406250 0.400391 0.404297 0.400391 0.402344 0.402344 0.398438 0.402344 0.396484 0.400391 0.396484 0.394531 0.398438 0.392578 0.402344 0.392578 0.404297 0.394531 0.406250 0.394531
0 0.998047 0.394531 0.998047 0.400391 0.996094 0.400391 0.994141 0.398438
0 0.359375 0.408203 0.357422 0.408203 0.355469 0.410156 0.345703 0.410156 0.339844 0.404297 0.339844 0.394531 0.341797 0.392578 0.343750 0.392578 0.343750 0.390625 0.345703 0.388672 0.355469 0.388672 0.361328 0.394531 0.361328 0.404297 0.359375 0.406250
0 0.332031 0.404297 0.330078 0.404297 0.328125 0.406250 0.324219 0.406250 0.322266 0.404297 0.322266 0.398438 0.324219 0.396484 0.328125 0.396484 0.330078 0.398438 0.332031 0.398438
0 0.388672 0.404297 0.382812 0.410156 0.376953 0.410156 0.371094 0.404297 0.371094 0.398438 0.376953 0.392578 0.382812 0.392578 0.388672 0.398438
0 0.312500 0.406250 0.310547 0.406250 0.308594 0.408203 0.304688 0.408203 0.302734 0.406250 0.302734 0.400391 0.304688 0.398438 0.308594 0.398438 0.310547 0.400391 0.312500 0.400391
0 0.986328 0.402344 0.986328 0.406250 0.982422 0.406250 0.980469 0.404297 0.984375 0.400391
0 0.283203 0.410156 0.281250 0.410156 0.279297 0.412109 0.275391 0.412109 0.273438 0.410156 0.273438 0.404297 0.275391 0.402344 0.279297 0.402344 0.281250 0.404297 0.283203 0.404297
0 0.390625 0.408203 0.388672 0.410156 0.388672 0.412109 0.386719 0.414062 0.380859 0.414062 0.378906 0.412109 0.378906 0.410156 0.376953 0.408203 0.376953 0.406250 0.378906 0.404297 0.378906 0.402344 0.380859 0.400391 0.386719 0.400391 0.388672 0.402344 0.388672 0.404297 0.390625 0.406250
0 0.458984 0.421875 0.458984 0.425781 0.455078 0.425781 0.453125 0.423828 0.457031 0.419922
0 0.400391 0.429688 0.398438 0.429688 0.396484 0.431641 0.392578 0.431641 0.390625 0.429688 0.390625 0.423828 0.392578 0.421875 0.396484 0.421875 0.398438 0.423828 0.400391 0.423828
0 0.449219 0.425781 0.449219 0.429688 0.445312 0.429688 0.443359 0.427734 0.447266 0.423828
0 0.390625 0.439453 0.388672 0.439453 0.386719 0.441406 0.382812 0.441406 0.380859 0.439453 0.380859 0.433594 0.382812 0.431641 0.386719 0.431641 0.388672 0.433594 0.390625 0.433594
0 0.541016 0.441406 0.539062 0.441406 0.537109 0.443359 0.533203 0.443359 0.531250 0.441406 0.531250 0.435547 0.533203 0.433594 0.537109 0.433594 0.539062 0.435547 0.541016 0.435547
0 0.410156 0.441406 0.410156 0.445312 0.406250 0.445312 0.404297 0.443359 0.408203 0.439453
0 0.419922 0.441406 0.419922 0.445312 0.416016 0.445312 0.414062 0.443359 0.417969 0.439453
0 0.541016 0.443359 0.541016 0.447266 0.537109 0.447266 0.535156 0.445312 0.539062 0.441406
0 0.375000 0.447266 0.373047 0.449219 0.373047 0.451172 0.371094 0.453125 0.365234 0.453125 0.363281 0.451172 0.363281 0.449219 0.361328 0.447266 0.361328 0.445312 0.363281 0.443359 0.363281 0.441406 0.365234 0.439453 0.371094 0.439453 0.373047 0.441406 0.373047 0.443359 0.375000 0.445312
0 0.517578 0.445312 0.517578 0.449219 0.513672 0.449219 0.511719 0.447266 0.515625 0.443359
0 0.535156 0.458984 0.533203 0.458984 0.531250 0.460938 0.527344 0.460938 0.525391 0.458984 0.525391 0.453125 0.527344 0.451172 0.531250 0.451172 0.533203 0.453125 0.535156 0.453125
0 0.847656 0.462891 0.847656 0.466797 0.843750 0.466797 0.841797 0.464844 0.845703 0.460938
0 0.841797 0.468750 0.841797 0.472656 0.837891 0.472656 0.835938 0.470703 0.839844 0.466797
0 0.535156 0.476562 0.533203 0.476562 0.531250 0.478516 0.527344 0.478516 0.525391 0.476562 0.525391 0.470703 0.527344 0.468750 0.531250 0.468750 0.533203 0.470703 0.535156 0.470703
0 0.851562 0.472656 0.851562 0.476562 0.847656 0.476562 0.845703 0.474609 0.849609 0.470703
0 0.369141 0.486328 0.367188 0.486328 0.365234 0.488281 0.361328 0.488281 0.359375 0.486328 0.359375 0.480469 0.361328 0.478516 0.365234 0.478516 0.367188 0.480469 0.369141 0.480469
0 0.457031 0.488281 0.455078 0.488281 0.453125 0.490234 0.449219 0.490234 0.447266 0.488281 0.447266 0.482422 0.449219 0.480469 0.453125 0.480469 0.455078 0.482422 0.457031 0.482422
0 0.552734 0.486328 0.550781 0.488281 0.550781 0.490234 0.548828 0.492188 0.542969 0.492188 0.541016 0.490234 0.541016 0.488281 0.539062 0.486328 0.539062 0.484375 0.541016 0.482422 0.541016 0.480469 0.542969 0.478516 0.548828 0.478516 0.550781 0.480469 0.550781 0.482422 0.552734 0.484375
0 0.466797 0.490234 0.464844 0.490234 0.462891 0.492188 0.458984 0.492188 0.457031 0.490234 0.457031 0.484375 0.458984 0.482422 0.462891 0.482422 0.464844 0.484375 0.466797 0.484375
0 0.585938 0.488281 0.585938 0.492188 0.582031 0.492188 0.580078 0.490234 0.583984 0.486328
0 0.447266 0.496094 0.445312 0.496094 0.443359 0.498047 0.439453 0.498047 0.437500 0.496094 0.437500 0.490234 0.439453 0.488281 0.443359 0.488281 0.445312 0.490234 0.447266 0.490234
0 0.580078 0.492188 0.580078 0.496094 0.576172 0.496094 0.574219 0.494141 0.578125 0.490234
0 0.761719 0.492188 0.761719 0.496094 0.757812 0.496094 0.755859 0.494141 0.759766 0.490234
0 0.771484 0.494141 0.771484 0.498047 0.767578 0.498047 0.765625 0.496094 0.769531 0.492188
0 0.355469 0.500000 0.353516 0.500000 0.351562 0.501953 0.347656 0.501953 0.345703 0.500000 0.345703 0.494141 0.347656 0.492188 0.351562 0.492188 0.353516 0.494141 0.355469 0.494141
0 0.589844 0.498047 0.589844 0.501953 0.585938 0.501953 0.583984 0.500000 0.587891 0.496094
0 0.541016 0.503906 0.539062 0.503906 0.537109 0.505859 0.533203 0.505859 0.531250 0.503906 0.531250 0.498047 0.533203 0.496094 0.537109 0.496094 0.539062 0.498047 0.541016 0.498047
0 0.767578 0.500000 0.767578 0.503906 0.763672 0.503906 0.761719 0.501953 0.765625 0.498047
0 0.447266 0.511719 0.445312 0.511719 0.443359 0.513672 0.439453 0.513672 0.437500 0.511719 0.437500 0.505859 0.439453 0.503906 0.443359 0.503906 0.445312 0.505859 0.447266 0.505859
0 0.554688 0.511719 0.552734 0.511719 0.550781 0.513672 0.546875 0.513672 0.544922 0.511719 0.544922 0.505859 0.546875 0.503906 0.550781 0.503906 0.552734 0.505859 0.554688 0.505859
0 0.339844 0.515625 0.337891 0.515625 0.335938 0.517578 0.332031 0.517578 0.330078 0.515625 0.330078 0.509766 0.332031 0.507812 0.335938 0.507812 0.337891 0.509766 0.339844 0.509766
0 0.630859 0.511719 0.630859 0.515625 0.626953 0.515625 0.625000 0.513672 0.628906 0.509766
0 0.646484 0.519531 0.644531 0.519531 0.642578 0.521484 0.638672 0.521484 0.636719 0.519531 0.636719 0.513672 0.638672 0.511719 0.642578 0.511719 0.644531 0.513672 0.646484 0.513672
0 0.464844 0.521484 0.462891 0.521484 0.460938 0.523438 0.457031 0.523438 0.455078 0.521484 0.455078 0.515625 0.457031 0.513672 0.460938 0.513672 0.462891 0.515625 0.464844 0.515625
0 0.552734 0.523438 0.552734 0.527344 0.548828 0.527344 0.546875 0.525391 0.550781 0.521484
0 0.330078 0.529297 0.324219 0.535156 0.318359 0.535156 0.312500 0.529297 0.312500 0.523438 0.318359 0.517578 0.324219 0.517578 0.330078 0.523438
0 0.376953 0.533203 0.376953 0.537109 0.373047 0.537109 0.371094 0.535156 0.375000 0.531250
0 0.386719 0.537109 0.386719 0.541016 0.382812 0.541016 0.380859 0.539062 0.384766 0.535156
0 0.640625 0.541016 0.638672 0.541016 0.636719 0.542969 0.632812 0.542969 0.630859 0.541016 0.630859 0.535156 0.632812 0.533203 0.636719 0.533203 0.638672 0.535156 0.640625 0.535156
0 0.617188 0.548828 0.615234 0.548828 0.613281 0.550781 0.609375 0.550781 0.607422 0.548828 0.607422 0.542969 0.609375 0.541016 0.613281 0.541016 0.615234 0.542969 0.617188 0.542969
0 0.646484 0.552734 0.644531 0.552734 0.642578 0.554688 0.638672 0.554688 0.636719 0.552734 0.636719 0.546875 0.638672 0.544922 0.642578 0.544922 0.644531 0.546875 0.646484 0.546875
0 0.359375 0.554688 0.357422 0.554688 0.355469 0.556641 0.351562 0.556641 0.349609 0.554688 0.349609 0.548828 0.351562 0.546875 0.355469 0.546875 0.357422 0.548828 0.359375 0.548828
0 0.490234 0.554688 0.488281 0.554688 0.486328 0.556641 0.482422 0.556641 0.480469 0.554688 0.480469 0.548828 0.482422 0.546875 0.486328 0.546875 0.488281 0.548828 0.490234 0.548828
0 0.707031 0.550781 0.707031 0.554688 0.703125 0.554688 0.701172 0.552734 0.705078 0.548828
0 0.720703 0.550781 0.720703 0.554688 0.716797 0.554688 0.714844 0.552734 0.718750 0.548828
0 0.330078 0.556641 0.328125 0.556641 0.326172 0.558594 0.322266 0.558594 0.320312 0.556641 0.320312 0.550781 0.322266 0.548828 0.326172 0.548828 0.328125 0.550781 0.330078 0.550781
0 0.738281 0.552734 0.738281 0.556641 0.734375 0.556641 0.732422 0.554688 0.736328 0.550781
0 0.373047 0.554688 0.373047 0.558594 0.369141 0.558594 0.367188 0.556641 0.371094 0.552734
0 0.472656 0.558594 0.470703 0.558594 0.468750 0.560547 0.464844 0.560547 0.462891 0.558594 0.462891 0.552734 0.464844 0.550781 0.468750 0.550781 0.470703 0.552734 0.472656 0.552734
0 0.748047 0.554688 0.748047 0.558594 0.744141 0.558594 0.742188 0.556641 0.746094 0.552734
0 0.771484 0.554688 0.771484 0.558594 0.767578 0.558594 0.765625 0.556641 0.769531 0.552734
0 0.500000 0.558594 0.498047 0.560547 0.498047 0.562500 0.496094 0.564453 0.490234 0.564453 0.488281 0.562500 0.488281 0.560547 0.486328 0.558594 0.486328 0.556641 0.488281 0.554688 0.488281 0.552734 0.490234 0.550781 0.496094 0.550781 0.498047 0.552734 0.498047 0.554688 0.500000 0.556641
0 0.738281 0.558594 0.738281 0.562500 0.734375 0.562500 0.732422 0.560547 0.736328 0.556641
0 0.714844 0.560547 0.714844 0.564453 0.710938 0.564453 0.708984 0.562500 0.712891 0.558594
0 0.746094 0.560547 0.746094 0.564453 0.742188 0.564453 0.740234 0.562500 0.744141 0.558594
0 0.767578 0.562500 0.767578 0.566406 0.763672 0.566406 0.761719 0.564453 0.765625 0.560547
0 0.001953 0.572266 0.000000 0.572266 0.000000 0.558594 0.001953 0.558594 0.003906 0.560547 0.003906 0.562500 0.005859 0.564453 0.005859 0.566406 0.003906 0.568359 0.003906 0.570312
0 0.332031 0.570312 0.330078 0.570312 0.328125 0.572266 0.324219 0.572266 0.322266 0.570312 0.322266 0.564453 0.324219 0.562500 0.328125 0.562500 0.330078 0.564453 0.332031 0.564453
0 0.617188 0.576172 0.615234 0.576172 0.613281 0.578125 0.603516 0.578125 0.597656 0.572266 0.597656 0.562500 0.599609 0.560547 0.601562 0.560547 0.601562 0.558594 0.603516 0.556641 0.613281 0.556641 0.619141 0.562500 0.619141 0.572266 0.617188 0.574219
0 0.632812 0.572266 0.630859 0.572266 0.628906 0.574219 0.625000 0.574219 0.623047 0.572266 0.623047 0.566406 0.625000 0.564453 0.628906 0.564453 0.630859 0.566406 0.632812 0.566406
0 0.373047 0.583984 0.371094 0.583984 0.369141 0.585938 0.359375 0.585938 0.353516 0.580078 0.353516 0.570312 0.355469 0.568359 0.357422 0.568359 0.357422 0.566406 0.359375 0.564453 0.369141 0.564453 0.375000 0.570312 0.375000 0.580078 0.373047 0.582031
0 0.472656 0.578125 0.470703 0.580078 0.470703 0.582031 0.468750 0.583984 0.462891 0.583984 0.460938 0.582031 0.460938 0.580078 0.458984 0.578125 0.458984 0.576172 0.460938 0.574219 0.460938 0.572266 0.462891 0.570312 0.468750 0.570312 0.470703 0.572266 0.470703 0.574219 0.472656 0.576172
0 0.486328 0.582031 0.484375 0.583984 0.484375 0.585938 0.482422 0.587891 0.476562 0.587891 0.474609 0.585938 0.474609 0.583984 0.472656 0.582031 0.472656 0.580078 0.474609 0.578125 0.474609 0.576172 0.476562 0.574219 0.482422 0.574219 0.484375 0.576172 0.484375 0.578125 0.486328 0.580078
0 0.041016 0.585938 0.035156 0.591797 0.029297 0.591797 0.023438 0.585938 0.023438 0.580078 0.029297 0.574219 0.035156 0.574219 0.041016 0.580078
0 0.398438 0.582031 0.398438 0.585938 0.394531 0.585938 0.392578 0.583984 0.396484 0.580078
0 0.587891 0.583984 0.585938 0.585938 0.585938 0.587891 0.583984 0.589844 0.578125 0.589844 0.576172 0.587891 0.576172 0.585938 0.574219 0.583984 0.574219 0.582031 0.576172 0.580078 0.576172 0.578125 0.578125 0.576172 0.583984 0.576172 0.585938 0.578125 0.585938 0.580078 0.587891 0.582031
0 0.947266 0.585938 0.945312 0.585938 0.943359 0.587891 0.939453 0.587891 0.937500 0.585938 0.937500 0.580078 0.939453 0.578125 0.943359 0.578125 0.945312 0.580078 0.947266 0.580078
0 0.361328 0.589844 0.359375 0.589844 0.357422 0.591797 0.353516 0.591797 0.351562 0.589844 0.351562 0.583984 0.353516 0.582031 0.357422 0.582031 0.359375 0.583984 0.361328 0.583984
0 0.328125 0.591797 0.326172 0.591797 0.324219 0.593750 0.320312 0.593750 0.318359 0.591797 0.318359 0.585938 0.320312 0.583984 0.324219 0.583984 0.326172 0.585938 0.328125 0.585938
0 0.386719 0.587891 0.386719 0.591797 0.382812 0.591797 0.380859 0.589844 0.384766 0.585938
0 0.566406 0.593750 0.564453 0.593750 0.562500 0.595703 0.558594 0.595703 0.556641 0.593750 0.556641 0.587891 0.558594 0.585938 0.562500 0.585938 0.564453 0.587891 0.566406 0.587891
0 0.607422 0.597656 0.605469 0.597656 0.603516 0.599609 0.599609 0.599609 0.597656 0.597656 0.597656 0.591797 0.599609 0.589844 0.603516 0.589844 0.605469 0.591797 0.607422 0.591797
0 0.376953 0.599609 0.375000 0.599609 0.373047 0.601562 0.369141 0.601562 0.367188 0.599609 0.367188 0.593750 0.369141 0.591797 0.373047 0.591797 0.375000 0.593750 0.376953 0.593750
0 0.626953 0.599609 0.625000 0.599609 0.623047 0.601562 0.619141 0.601562 0.617188 0.599609 0.617188 0.593750 0.619141 0.591797 0.623047 0.591797 0.625000 0.593750 0.626953 0.593750
0 0.931641 0.599609 0.925781 0.605469 0.919922 0.605469 0.914062 0.599609 0.914062 0.593750 0.919922 0.587891 0.925781 0.587891 0.931641 0.593750
0 0.949219 0.599609 0.947266 0.599609 0.945312 0.601562 0.941406 0.601562 0.939453 0.599609 0.939453 0.593750 0.941406 0.591797 0.945312 0.591797 0.947266 0.593750 0.949219 0.593750
0 0.601562 0.601562 0.595703 0.607422 0.589844 0.607422 0.583984 0.601562 0.583984 0.595703 0.589844 0.589844 0.595703 0.589844 0.601562 0.595703
0 0.359375 0.603516 0.357422 0.603516 0.355469 0.605469 0.351562 0.605469 0.349609 0.603516 0.349609 0.597656 0.351562 0.595703 0.355469 0.595703 0.357422 0.597656 0.359375 0.597656
0 0.546875 0.601562 0.544922 0.603516 0.544922 0.605469 0.542969 0.607422 0.537109 0.607422 0.535156 0.605469 0.535156 0.603516 0.533203 0.601562 0.533203 0.599609 0.535156 0.597656 0.535156 0.595703 0.537109 0.593750 0.542969 0.593750 0.544922 0.595703 0.544922 0.597656 0.546875 0.599609
0 0.937500 0.603516 0.935547 0.603516 0.933594 0.605469 0.929688 0.605469 0.927734 0.603516 0.927734 0.597656 0.929688 0.595703 0.933594 0.595703 0.935547 0.597656 0.937500 0.597656
0 0.496094 0.605469 0.490234 0.611328 0.484375 0.611328 0.478516 0.605469 0.478516 0.599609 0.484375 0.593750 0.490234 0.593750 0.496094 0.599609
0 0.519531 0.603516 0.517578 0.605469 0.517578 0.607422 0.515625 0.609375 0.509766 0.609375 0.507812 0.607422 0.507812 0.605469 0.505859 0.603516 0.505859 0.601562 0.507812 0.599609 0.507812 0.597656 0.509766 0.595703 0.515625 0.595703 0.517578 0.597656 0.517578 0.599609 0.519531 0.601562
0 0.324219 0.607422 0.322266 0.607422 0.320312 0.609375 0.316406 0.609375 0.314453 0.607422 0.314453 0.601562 0.316406 0.599609 0.320312 0.599609 0.322266 0.601562 0.324219 0.601562
0 0.923828 0.607422 0.921875 0.607422 0.919922 0.609375 0.916016 0.609375 0.914062 0.607422 0.914062 0.601562 0.916016 0.599609 0.919922 0.599609 0.921875 0.601562 0.923828 0.601562
0 0.912109 0.609375 0.912109 0.613281 0.908203 0.613281 0.906250 0.611328 0.910156 0.607422
0 0.621094 0.613281 0.619141 0.615234 0.619141 0.617188 0.617188 0.619141 0.611328 0.619141 0.609375 0.617188 0.609375 0.615234 0.607422 0.613281 0.607422 0.611328 0.609375 0.609375 0.609375 0.607422 0.611328 0.605469 0.617188 0.605469 0.619141 0.607422 0.619141 0.609375 0.621094 0.611328
0 0.835938 0.611328 0.835938 0.615234 0.832031 0.615234 0.830078 0.613281 0.833984 0.609375
0 0.527344 0.617188 0.525391 0.617188 0.523438 0.619141 0.519531 0.619141 0.517578 0.617188 0.517578 0.611328 0.519531 0.609375 0.523438 0.609375 0.525391 0.611328 0.527344 0.611328
0 0.535156 0.613281 0.535156 0.617188 0.531250 0.617188 0.529297 0.615234 0.533203 0.611328
0 0.320312 0.619141 0.318359 0.619141 0.316406 0.621094 0.312500 0.621094 0.310547 0.619141 0.310547 0.613281 0.312500 0.611328 0.316406 0.611328 0.318359 0.613281 0.320312 0.613281
0 0.921875 0.615234 0.921875 0.619141 0.917969 0.619141 0.916016 0.617188 0.919922 0.613281
0 0.382812 0.626953 0.380859 0.626953 0.378906 0.628906 0.369141 0.628906 0.363281 0.623047 0.363281 0.613281 0.365234 0.611328 0.367188 0.611328 0.367188 0.609375 0.369141 0.607422 0.378906 0.607422 0.384766 0.613281 0.384766 0.623047 0.382812 0.625000
0 0.390625 0.621094 0.388672 0.621094 0.386719 0.623047 0.382812 0.623047 0.380859 0.621094 0.380859 0.615234 0.382812 0.613281 0.386719 0.613281 0.388672 0.615234 0.390625 0.615234
0 0.820312 0.617188 0.820312 0.621094 0.816406 0.621094 0.814453 0.619141 0.818359 0.615234
0 0.835938 0.619141 0.835938 0.623047 0.832031 0.623047 0.830078 0.621094 0.833984 0.617188
0 0.056641 0.625000 0.054688 0.625000 0.052734 0.626953 0.048828 0.626953 0.046875 0.625000 0.046875 0.619141 0.048828 0.617188 0.052734 0.617188 0.054688 0.619141 0.056641 0.619141
0 0.316406 0.626953 0.314453 0.626953 0.312500 0.628906 0.308594 0.628906 0.306641 0.626953 0.306641 0.621094 0.308594 0.619141 0.312500 0.619141 0.314453 0.621094 0.316406 0.621094
0 0.826172 0.623047 0.826172 0.626953 0.822266 0.626953 0.820312 0.625000 0.824219 0.621094
0 0.607422 0.628906 0.605469 0.628906 0.603516 0.630859 0.599609 0.630859 0.597656 0.628906 0.597656 0.623047 0.599609 0.621094 0.603516 0.621094 0.605469 0.623047 0.607422 0.623047
0 0.628906 0.628906 0.626953 0.628906 0.625000 0.630859 0.621094 0.630859 0.619141 0.628906 0.619141 0.623047 0.621094 0.621094 0.625000 0.621094 0.626953 0.623047 0.628906 0.623047
0 0.333984 0.626953 0.333984 0.630859 0.330078 0.630859 0.328125 0.628906 0.332031 0.625000
0 0.058594 0.632812 0.056641 0.632812 0.054688 0.634766 0.050781 0.634766 0.048828 0.632812 0.048828 0.626953 0.050781 0.625000 0.054688 0.625000 0.056641 0.626953 0.058594 0.626953
0 0.308594 0.628906 0.308594 0.632812 0.304688 0.632812 0.302734 0.630859 0.306641 0.626953
0 0.496094 0.630859 0.494141 0.632812 0.494141 0.634766 0.492188 0.636719 0.486328 0.636719 0.484375 0.634766 0.484375 0.632812 0.482422 0.630859 0.482422 0.628906 0.484375 0.626953 0.484375 0.625000 0.486328 0.623047 0.492188 0.623047 0.494141 0.625000 0.494141 0.626953 0.496094 0.628906
0 0.595703 0.632812 0.595703 0.636719 0.591797 0.636719 0.589844 0.634766 0.593750 0.630859
0 0.310547 0.638672 0.308594 0.638672 0.306641 0.640625 0.302734 0.640625 0.300781 0.638672 0.300781 0.632812 0.302734 0.630859 0.306641 0.630859 0.308594 0.632812 0.310547 0.632812
0 0.335938 0.634766 0.335938 0.638672 0.332031 0.638672 0.330078 0.636719 0.333984 0.632812
0 0.621094 0.638672 0.619141 0.638672 0.617188 0.640625 0.613281 0.640625 0.611328 0.638672 0.611328 0.632812 0.613281 0.630859 0.617188 0.630859 0.619141 0.632812 0.621094 0.632812
0 0.365234 0.644531 0.363281 0.646484 0.363281 0.648438 0.361328 0.650391 0.355469 0.650391 0.353516 0.648438 0.353516 0.646484 0.351562 0.644531 0.351562 0.642578 0.353516 0.640625 0.353516 0.638672 0.355469 0.636719 0.361328 0.636719 0.363281 0.638672 0.363281 0.640625 0.365234 0.642578
0 0.484375 0.644531 0.482422 0.646484 0.482422 0.648438 0.480469 0.650391 0.474609 0.650391 0.472656 0.648438 0.472656 0.646484 0.470703 0.644531 0.470703 0.642578 0.472656 0.640625 0.472656 0.638672 0.474609 0.636719 0.480469 0.636719 0.482422 0.638672 0.482422 0.640625 0.484375 0.642578
0 0.419922 0.648438 0.417969 0.648438 0.416016 0.650391 0.412109 0.650391 0.410156 0.648438 0.410156 0.642578 0.412109 0.640625 0.416016 0.640625 0.417969 0.642578 0.419922 0.642578
0 0.453125 0.650391 0.447266 0.656250 0.441406 0.656250 0.435547 0.650391 0.435547 0.644531 0.441406 0.638672 0.447266 0.638672 0.453125 0.644531
0 0.300781 0.652344 0.298828 0.652344 0.296875 0.654297 0.292969 0.654297 0.291016 0.652344 0.291016 0.646484 0.292969 0.644531 0.296875 0.644531 0.298828 0.646484 0.300781 0.646484
0 0.431641 0.654297 0.429688 0.654297 0.427734 0.656250 0.423828 0.656250 0.421875 0.654297 0.421875 0.648438 0.423828 0.646484 0.427734 0.646484 0.429688 0.648438 0.431641 0.648438
0 0.074219 0.656250 0.072266 0.656250 0.070312 0.658203 0.066406 0.658203 0.064453 0.656250 0.064453 0.650391 0.066406 0.648438 0.070312 0.648438 0.072266 0.650391 0.074219 0.650391
0 0.400391 0.660156 0.398438 0.662109 0.398438 0.664062 0.396484 0.666016 0.390625 0.666016 0.388672 0.664062 0.388672 0.662109 0.386719 0.660156 0.386719 0.658203 0.388672 0.656250 0.388672 0.654297 0.390625 0.652344 0.396484 0.652344 0.398438 0.654297 0.398438 0.656250 0.400391 0.658203
0 0.566406 0.658203 0.566406 0.662109 0.562500 0.662109 0.560547 0.660156 0.564453 0.656250
0 0.375000 0.664062 0.373047 0.664062 0.371094 0.666016 0.367188 0.666016 0.365234 0.664062 0.365234 0.658203 0.367188 0.656250 0.371094 0.656250 0.373047 0.658203 0.375000 0.658203
0 0.466797 0.662109 0.464844 0.664062 0.464844 0.666016 0.462891 0.667969 0.457031 0.667969 0.455078 0.666016 0.455078 0.664062 0.453125 0.662109 0.453125 0.660156 0.455078 0.658203 0.455078 0.656250 0.457031 0.654297 0.462891 0.654297 0.464844 0.656250 0.464844 0.658203 0.466797 0.660156
0 0.583984 0.664062 0.582031 0.664062 0.580078 0.666016 0.576172 0.666016 0.574219 0.664062 0.574219 0.658203 0.576172 0.656250 0.580078 0.656250 0.582031 0.658203 0.583984 0.658203
0 0.632812 0.664062 0.630859 0.664062 0.628906 0.666016 0.625000 0.666016 0.623047 0.664062 0.623047 0.658203 0.625000 0.656250 0.628906 0.656250 0.630859 0.658203 0.632812 0.658203
0 0.708984 0.660156 0.708984 0.664062 0.705078 0.664062 0.703125 0.662109 0.707031 0.658203
0 0.697266 0.662109 0.697266 0.666016 0.693359 0.666016 0.691406 0.664062 0.695312 0.660156
0 0.714844 0.662109 0.714844 0.666016 0.710938 0.666016 0.708984 0.664062 0.712891 0.660156
0 0.363281 0.667969 0.361328 0.667969 0.359375 0.669922 0.355469 0.669922 0.353516 0.667969 0.353516 0.662109 0.355469 0.660156 0.359375 0.660156 0.361328 0.662109 0.363281 0.662109
0 0.488281 0.667969 0.486328 0.669922 0.486328 0.671875 0.484375 0.673828 0.478516 0.673828 0.476562 0.671875 0.476562 0.669922 0.474609 0.667969 0.474609 0.666016 0.476562 0.664062 0.476562 0.662109 0.478516 0.660156 0.484375 0.660156 0.486328 0.662109 0.486328 0.664062 0.488281 0.666016
0 0.277344 0.673828 0.275391 0.673828 0.273438 0.675781 0.269531 0.675781 0.267578 0.673828 0.267578 0.667969 0.269531 0.666016 0.273438 0.666016 0.275391 0.667969 0.277344 0.667969
0 0.330078 0.675781 0.328125 0.675781 0.326172 0.677734 0.322266 0.677734 0.320312 0.675781 0.320312 0.669922 0.322266 0.667969 0.326172 0.667969 0.328125 0.669922 0.330078 0.669922
0 0.576172 0.673828 0.574219 0.675781 0.574219 0.677734 0.572266 0.679688 0.566406 0.679688 0.564453 0.677734 0.564453 0.675781 0.562500 0.673828 0.562500 0.671875 0.564453 0.669922 0.564453 0.667969 0.566406 0.666016 0.572266 0.666016 0.574219 0.667969 0.574219 0.669922 0.576172 0.671875
0 0.363281 0.673828 0.363281 0.677734 0.359375 0.677734 0.357422 0.675781 0.361328 0.671875
0 0.511719 0.677734 0.509766 0.679688 0.509766 0.681641 0.507812 0.683594 0.501953 0.683594 0.500000 0.681641 0.500000 0.679688 0.498047 0.677734 0.498047 0.675781 0.500000 0.673828 0.500000 0.671875 0.501953 0.669922 0.507812 0.669922 0.509766 0.671875 0.509766 0.673828 0.511719 0.675781
0 0.707031 0.675781 0.707031 0.679688 0.703125 0.679688 0.701172 0.677734 0.705078 0.673828
0 0.316406 0.681641 0.314453 0.683594 0.314453 0.685547 0.312500 0.687500 0.306641 0.687500 0.304688 0.685547 0.304688 0.683594 0.302734 0.681641 0.302734 0.679688 0.304688 0.677734 0.304688 0.675781 0.306641 0.673828 0.312500 0.673828 0.314453 0.675781 0.314453 0.677734 0.316406 0.679688
0 0.341797 0.683594 0.339844 0.683594 0.337891 0.685547 0.333984 0.685547 0.332031 0.683594 0.332031 0.677734 0.333984 0.675781 0.337891 0.675781 0.339844 0.677734 0.341797 0.677734
0 0.638672 0.683594 0.636719 0.683594 0.634766 0.685547 0.630859 0.685547 0.628906 0.683594 0.628906 0.677734 0.630859 0.675781 0.634766 0.675781 0.636719 0.677734 0.638672 0.677734
0 0.972656 0.679688 0.972656 0.683594 0.968750 0.683594 0.966797 0.681641 0.970703 0.677734
0 0.089844 0.691406 0.087891 0.691406 0.085938 0.693359 0.076172 0.693359 0.070312 0.687500 0.070312 0.677734 0.072266 0.675781 0.074219 0.675781 0.074219 0.673828 0.076172 0.671875 0.085938 0.671875 0.091797 0.677734 0.091797 0.687500 0.089844 0.689453
0 0.460938 0.691406 0.458984 0.691406 0.457031 0.693359 0.447266 0.693359 0.441406 0.687500 0.441406 0.677734 0.443359 0.675781 0.445312 0.675781 0.445312 0.673828 0.447266 0.671875 0.457031 0.671875 0.462891 0.677734 0.462891 0.687500 0.460938 0.689453
0 0.572266 0.681641 0.572266 0.685547 0.568359 0.685547 0.566406 0.683594 0.570312 0.679688
0 0.716797 0.683594 0.714844 0.685547 0.714844 0.687500 0.712891 0.689453 0.707031 0.689453 0.705078 0.687500 0.705078 0.685547 0.703125 0.683594 0.703125 0.681641 0.705078 0.679688 0.705078 0.677734 0.707031 0.675781 0.712891 0.675781 0.714844 0.677734 0.714844 0.679688 0.716797 0.681641
0 0.615234 0.687500 0.613281 0.687500 0.611328 0.689453 0.607422 0.689453 0.605469 0.687500 0.605469 0.681641 0.607422 0.679688 0.611328 0.679688 0.613281 0.681641 0.615234 0.681641
0 0.734375 0.687500 0.732422 0.687500 0.730469 0.689453 0.726562 0.689453 0.724609 0.687500 0.724609 0.681641 0.726562 0.679688 0.730469 0.679688 0.732422 0.681641 0.734375 0.681641
0 0.964844 0.683594 0.964844 0.687500 0.960938 0.687500 0.958984 0.685547 0.962891 0.681641
0 0.253906 0.687500 0.251953 0.689453 0.251953 0.691406 0.250000 0.693359 0.244141 0.693359 0.242188 0.691406 0.242188 0.689453 0.240234 0.687500 0.240234 0.685547 0.242188 0.683594 0.242188 0.681641 0.244141 0.679688 0.250000 0.679688 0.251953 0.681641 0.251953 0.683594 0.253906 0.685547
0 0.931641 0.689453 0.929688 0.689453 0.927734 0.691406 0.923828 0.691406 0.921875 0.689453 0.921875 0.683594 0.923828 0.681641 0.927734 0.681641 0.929688 0.683594 0.931641 0.683594
0 0.949219 0.689453 0.947266 0.689453 0.945312 0.691406 0.941406 0.691406 0.939453 0.689453 0.939453 0.683594 0.941406 0.681641 0.945312 0.681641 0.947266 0.683594 0.949219 0.683594
0 0.343750 0.691406 0.341797 0.691406 0.339844 0.693359 0.335938 0.693359 0.333984 0.691406 0.333984 0.685547 0.335938 0.683594 0.339844 0.683594 0.341797 0.685547 0.343750 0.685547
0 0.431641 0.691406 0.429688 0.691406 0.427734 0.693359 0.423828 0.693359 0.421875 0.691406 0.421875 0.685547 0.423828 0.683594 0.427734 0.683594 0.429688 0.685547 0.431641 0.685547
0 0.302734 0.691406 0.300781 0.693359 0.300781 0.695312 0.298828 0.697266 0.292969 0.697266 0.291016 0.695312 0.291016 0.693359 0.289062 0.691406 0.289062 0.689453 0.291016 0.687500 0.291016 0.685547 0.292969 0.683594 0.298828 0.683594 0.300781 0.685547 0.300781 0.687500 0.302734 0.689453
0 0.732422 0.689453 0.732422 0.693359 0.728516 0.693359 0.726562 0.691406 0.730469 0.687500
0 0.931641 0.695312 0.929688 0.695312 0.927734 0.697266 0.923828 0.697266 0.921875 0.695312 0.921875 0.689453 0.923828 0.687500 0.927734 0.687500 0.929688 0.689453 0.931641 0.689453
0 0.585938 0.695312 0.583984 0.697266 0.583984 0.699219 0.582031 0.701172 0.576172 0.701172 0.574219 0.699219 0.574219 0.697266 0.572266 0.695312 0.572266 0.693359 0.574219 0.691406 0.574219 0.689453 0.576172 0.687500 0.582031 0.687500 0.583984 0.689453 0.583984 0.691406 0.585938 0.693359
0 0.626953 0.697266 0.625000 0.697266 0.623047 0.699219 0.619141 0.699219 0.617188 0.697266 0.617188 0.691406 0.619141 0.689453 0.623047 0.689453 0.625000 0.691406 0.626953 0.691406
0 0.718750 0.697266 0.716797 0.697266 0.714844 0.699219 0.710938 0.699219 0.708984 0.697266 0.708984 0.691406 0.710938 0.689453 0.714844 0.689453 0.716797 0.691406 0.718750 0.691406
0 0.171875 0.699219 0.169922 0.699219 0.167969 0.701172 0.164062 0.701172 0.162109 0.699219 0.162109 0.693359 0.164062 0.691406 0.167969 0.691406 0.169922 0.693359 0.171875 0.693359
0 0.230469 0.697266 0.228516 0.699219 0.228516 0.701172 0.226562 0.703125 0.220703 0.703125 0.218750 0.701172 0.218750 0.699219 0.216797 0.697266 0.216797 0.695312 0.218750 0.693359 0.218750 0.691406 0.220703 0.689453 0.226562 0.689453 0.228516 0.691406 0.228516 0.693359 0.230469 0.695312
0 0.576172 0.699219 0.574219 0.699219 0.572266 0.701172 0.568359 0.701172 0.566406 0.699219 0.566406 0.693359 0.568359 0.691406 0.572266 0.691406 0.574219 0.693359 0.576172 0.693359
0 0.726562 0.697266 0.726562 0.701172 0.722656 0.701172 0.720703 0.699219 0.724609 0.695312
0 0.761719 0.697266 0.761719 0.701172 0.757812 0.701172 0.755859 0.699219 0.759766 0.695312
0 0.197266 0.699219 0.197266 0.703125 0.193359 0.703125 0.191406 0.701172 0.195312 0.697266
0 0.291016 0.701172 0.289062 0.703125 0.289062 0.705078 0.287109 0.707031 0.281250 0.707031 0.279297 0.705078 0.279297 0.703125 0.277344 0.701172 0.277344 0.699219 0.279297 0.697266 0.279297 0.695312 0.281250 0.693359 0.287109 0.693359 0.289062 0.695312 0.289062 0.697266 0.291016 0.699219
0 0.519531 0.703125 0.517578 0.703125 0.515625 0.705078 0.511719 0.705078 0.509766 0.703125 0.509766 0.697266 0.511719 0.695312 0.515625 0.695312 0.517578 0.697266 0.519531 0.697266
0 0.320312 0.705078 0.318359 0.705078 0.316406 0.707031 0.312500 0.707031 0.310547 0.705078 0.310547 0.699219 0.312500 0.697266 0.316406 0.697266 0.318359 0.699219 0.320312 0.699219
0 0.769531 0.703125 0.769531 0.707031 0.765625 0.707031 0.763672 0.705078 0.767578 0.701172
0 0.173828 0.714844 0.171875 0.714844 0.169922 0.716797 0.160156 0.716797 0.154297 0.710938 0.154297 0.701172 0.156250 0.699219 0.158203 0.699219 0.158203 0.697266 0.160156 0.695312 0.169922 0.695312 0.175781 0.701172 0.175781 0.710938 0.173828 0.712891
0 0.759766 0.705078 0.759766 0.708984 0.755859 0.708984 0.753906 0.707031 0.757812 0.703125
0 0.076172 0.710938 0.074219 0.710938 0.072266 0.712891 0.068359 0.712891 0.066406 0.710938 0.066406 0.705078 0.068359 0.703125 0.072266 0.703125 0.074219 0.705078 0.076172 0.705078
0 0.587891 0.710938 0.585938 0.710938 0.583984 0.712891 0.580078 0.712891 0.578125 0.710938 0.578125 0.705078 0.580078 0.703125 0.583984 0.703125 0.585938 0.705078 0.587891 0.705078
0 0.271484 0.712891 0.269531 0.712891 0.267578 0.714844 0.263672 0.714844 0.261719 0.712891 0.261719 0.707031 0.263672 0.705078 0.267578 0.705078 0.269531 0.707031 0.271484 0.707031
0 0.458984 0.712891 0.457031 0.714844 0.457031 0.716797 0.455078 0.718750 0.449219 0.718750 0.447266 0.716797 0.447266 0.714844 0.445312 0.712891 0.445312 0.710938 0.447266 0.708984 0.447266 0.707031 0.449219 0.705078 0.455078 0.705078 0.457031 0.707031 0.457031 0.708984 0.458984 0.710938
0 0.576172 0.710938 0.576172 0.714844 0.572266 0.714844 0.570312 0.712891 0.574219 0.708984
0 0.662109 0.712891 0.660156 0.714844 0.660156 0.716797 0.658203 0.718750 0.652344 0.718750 0.650391 0.716797 0.650391 0.714844 0.648438 0.712891 0.648438 0.710938 0.650391 0.708984 0.650391 0.707031 0.652344 0.705078 0.658203 0.705078 0.660156 0.707031 0.660156 0.708984 0.662109 0.710938
0 0.171875 0.724609 0.169922 0.724609 0.167969 0.726562 0.164062 0.726562 0.162109 0.724609 0.162109 0.718750 0.164062 0.716797 0.167969 0.716797 0.169922 0.718750 0.171875 0.718750
0 0.427734 0.724609 0.425781 0.724609 0.423828 0.726562 0.419922 0.726562 0.417969 0.724609 0.417969 0.718750 0.419922 0.716797 0.423828 0.716797 0.425781 0.718750 0.427734 0.718750
0 0.501953 0.730469 0.500000 0.730469 0.498047 0.732422 0.488281 0.732422 0.482422 0.726562 0.482422 0.716797 0.484375 0.714844 0.486328 0.714844 0.486328 0.712891 0.488281 0.710938 0.498047 0.710938 0.503906 0.716797 0.503906 0.726562 0.501953 0.728516
0 0.511719 0.724609 0.509766 0.724609 0.507812 0.726562 0.503906 0.726562 0.501953 0.724609 0.501953 0.718750 0.503906 0.716797 0.507812 0.716797 0.509766 0.718750 0.511719 0.718750
0 0.789062 0.720703 0.789062 0.724609 0.785156 0.724609 0.783203 0.722656 0.787109 0.718750
0 0.142578 0.724609 0.140625 0.726562 0.140625 0.728516 0.138672 0.730469 0.132812 0.730469 0.130859 0.728516 0.130859 0.726562 0.128906 0.724609 0.128906 0.722656 0.130859 0.720703 0.130859 0.718750 0.132812 0.716797 0.138672 0.716797 0.140625 0.718750 0.140625 0.720703 0.142578 0.722656
0 0.263672 0.726562 0.261719 0.728516 0.261719 0.730469 0.259766 0.732422 0.253906 0.732422 0.251953 0.730469 0.251953 0.728516 0.250000 0.726562 0.250000 0.724609 0.251953 0.722656 0.251953 0.720703 0.253906 0.718750 0.259766 0.718750 0.261719 0.720703 0.261719 0.722656 0.263672 0.724609
0 0.527344 0.728516 0.521484 0.734375 0.515625 0.734375 0.509766 0.728516 0.509766 0.722656 0.515625 0.716797 0.521484 0.716797 0.527344 0.722656
0 0.541016 0.724609 0.541016 0.728516 0.537109 0.728516 0.535156 0.726562 0.539062 0.722656
0 0.074219 0.738281 0.072266 0.738281 0.070312 0.740234 0.060547 0.740234 0.054688 0.734375 0.054688 0.724609 0.056641 0.722656 0.058594 0.722656 0.058594 0.720703 0.060547 0.718750 0.070312 0.718750 0.076172 0.724609 0.076172 0.734375 0.074219 0.736328
0 0.289062 0.730469 0.287109 0.732422 0.287109 0.734375 0.285156 0.736328 0.279297 0.736328 0.277344 0.734375 0.277344 0.732422 0.275391 0.730469 0.275391 0.728516 0.277344 0.726562 0.277344 0.724609 0.279297 0.722656 0.285156 0.722656 0.287109 0.724609 0.287109 0.726562 0.289062 0.728516
0 0.402344 0.732422 0.400391 0.732422 0.398438 0.734375 0.394531 0.734375 0.392578 0.732422 0.392578 0.726562 0.394531 0.724609 0.398438 0.724609 0.400391 0.726562 0.402344 0.726562
0 0.800781 0.732422 0.798828 0.732422 0.796875 0.734375 0.792969 0.734375 0.791016 0.732422 0.791016 0.726562 0.792969 0.724609 0.796875 0.724609 0.798828 0.726562 0.800781 0.726562
0 0.125000 0.740234 0.123047 0.740234 0.121094 0.742188 0.111328 0.742188 0.105469 0.736328 0.105469 0.726562 0.107422 0.724609 0.109375 0.724609 0.109375 0.722656 0.111328 0.720703 0.121094 0.720703 0.126953 0.726562 0.126953 0.736328 0.125000 0.738281
0 0.503906 0.734375 0.501953 0.734375 0.500000 0.736328 0.496094 0.736328 0.494141 0.734375 0.494141 0.728516 0.496094 0.726562 0.500000 0.726562 0.501953 0.728516 0.503906 0.728516
0 0.248047 0.740234 0.246094 0.740234 0.244141 0.742188 0.240234 0.742188 0.238281 0.740234 0.238281 0.734375 0.240234 0.732422 0.244141 0.732422 0.246094 0.734375 0.248047 0.734375
0 0.541016 0.736328 0.541016 0.740234 0.537109 0.740234 0.535156 0.738281 0.539062 0.734375
0 0.794922 0.736328 0.794922 0.740234 0.791016 0.740234 0.789062 0.738281 0.792969 0.734375
0 0.710938 0.742188 0.708984 0.742188 0.707031 0.744141 0.703125 0.744141 0.701172 0.742188 0.701172 0.736328 0.703125 0.734375 0.707031 0.734375 0.708984 0.736328 0.710938 0.736328
0 0.814453 0.742188 0.812500 0.742188 0.810547 0.744141 0.806641 0.744141 0.804688 0.742188 0.804688 0.736328 0.806641 0.734375 0.810547 0.734375 0.812500 0.736328 0.814453 0.736328
0 0.158203 0.742188 0.156250 0.744141 0.156250 0.746094 0.154297 0.748047 0.148438 0.748047 0.146484 0.746094 0.146484 0.744141 0.144531 0.742188 0.144531 0.740234 0.146484 0.738281 0.146484 0.736328 0.148438 0.734375 0.154297 0.734375 0.156250 0.736328 0.156250 0.738281 0.158203 0.740234
0 0.402344 0.740234 0.402344 0.744141 0.398438 0.744141 0.396484 0.742188 0.400391 0.738281
0 0.408203 0.740234 0.408203 0.744141 0.404297 0.744141 0.402344 0.742188 0.406250 0.738281
0 0.480469 0.740234 0.480469 0.744141 0.476562 0.744141 0.474609 0.742188 0.478516 0.738281
0 0.529297 0.742188 0.527344 0.744141 0.527344 0.746094 0.525391 0.748047 0.519531 0.748047 0.517578 0.746094 0.517578 0.744141 0.515625 0.742188 0.515625 0.740234 0.517578 0.738281 0.517578 0.736328 0.519531 0.734375 0.525391 0.734375 0.527344 0.736328 0.527344 0.738281 0.529297 0.740234
0 0.748047 0.746094 0.746094 0.746094 0.744141 0.748047 0.740234 0.748047 0.738281 0.746094 0.738281 0.740234 0.740234 0.738281 0.744141 0.738281 0.746094 0.740234 0.748047 0.740234
0 0.707031 0.750000 0.705078 0.750000 0.703125 0.751953 0.699219 0.751953 0.697266 0.750000 0.697266 0.744141 0.699219 0.742188 0.703125 0.742188 0.705078 0.744141 0.707031 0.744141
0 0.804688 0.750000 0.802734 0.750000 0.800781 0.751953 0.796875 0.751953 0.794922 0.750000 0.794922 0.744141 0.796875 0.742188 0.800781 0.742188 0.802734 0.744141 0.804688 0.744141
0 0.216797 0.750000 0.214844 0.751953 0.214844 0.753906 0.212891 0.755859 0.207031 0.755859 0.205078 0.753906 0.205078 0.751953 0.203125 0.750000 0.203125 0.748047 0.205078 0.746094 0.205078 0.744141 0.207031 0.742188 0.212891 0.742188 0.214844 0.744141 0.214844 0.746094 0.216797 0.748047
0 0.267578 0.750000 0.265625 0.751953 0.265625 0.753906 0.263672 0.755859 0.257812 0.755859 0.255859 0.753906 0.255859 0.751953 0.253906 0.750000 0.253906 0.748047 0.255859 0.746094 0.255859 0.744141 0.257812 0.742188 0.263672 0.742188 0.265625 0.744141 0.265625 0.746094 0.267578 0.748047
0 0.355469 0.750000 0.355469 0.753906 0.351562 0.753906 0.349609 0.751953 0.353516 0.748047
0 0.509766 0.753906 0.507812 0.753906 0.505859 0.755859 0.501953 0.755859 0.500000 0.753906 0.500000 0.748047 0.501953 0.746094 0.505859 0.746094 0.507812 0.748047 0.509766 0.748047
0 0.753906 0.753906 0.751953 0.753906 0.750000 0.755859 0.746094 0.755859 0.744141 0.753906 0.744141 0.748047 0.746094 0.746094 0.750000 0.746094 0.751953 0.748047 0.753906 0.748047
0 0.111328 0.753906 0.109375 0.755859 0.109375 0.757812 0.107422 0.759766 0.101562 0.759766 0.099609 0.757812 0.099609 0.755859 0.097656 0.753906 0.097656 0.751953 0.099609 0.750000 0.099609 0.748047 0.101562 0.746094 0.107422 0.746094 0.109375 0.748047 0.109375 0.750000 0.111328 0.751953
0 0.449219 0.757812 0.447266 0.757812 0.445312 0.759766 0.441406 0.759766 0.439453 0.757812 0.439453 0.751953 0.441406 0.750000 0.445312 0.750000 0.447266 0.751953 0.449219 0.751953
0 0.732422 0.757812 0.726562 0.763672 0.720703 0.763672 0.714844 0.757812 0.714844 0.751953 0.720703 0.746094 0.726562 0.746094 0.732422 0.751953
0 0.392578 0.759766 0.390625 0.759766 0.388672 0.761719 0.384766 0.761719 0.382812 0.759766 0.382812 0.753906 0.384766 0.751953 0.388672 0.751953 0.390625 0.753906 0.392578 0.753906
0 0.714844 0.755859 0.714844 0.759766 0.710938 0.759766 0.708984 0.757812 0.712891 0.753906
0 0.734375 0.759766 0.732422 0.759766 0.730469 0.761719 0.726562 0.761719 0.724609 0.759766 0.724609 0.753906 0.726562 0.751953 0.730469 0.751953 0.732422 0.753906 0.734375 0.753906
0 0.074219 0.759766 0.072266 0.761719 0.072266 0.763672 0.070312 0.765625 0.064453 0.765625 0.062500 0.763672 0.062500 0.761719 0.060547 0.759766 0.060547 0.757812 0.062500 0.755859 0.062500 0.753906 0.064453 0.751953 0.070312 0.751953 0.072266 0.753906 0.072266 0.755859 0.074219 0.757812
0 0.482422 0.759766 0.482422 0.763672 0.478516 0.763672 0.476562 0.761719 0.480469 0.757812
0 0.107422 0.763672 0.105469 0.765625 0.105469 0.767578 0.103516 0.769531 0.097656 0.769531 0.095703 0.767578 0.095703 0.765625 0.093750 0.763672 0.093750 0.761719 0.095703 0.759766 0.095703 0.757812 0.097656 0.755859 0.103516 0.755859 0.105469 0.757812 0.105469 0.759766 0.107422 0.761719
0 0.740234 0.765625 0.738281 0.765625 0.736328 0.767578 0.732422 0.767578 0.730469 0.765625 0.730469 0.759766 0.732422 0.757812 0.736328 0.757812 0.738281 0.759766 0.740234 0.759766
0 0.240234 0.767578 0.238281 0.767578 0.236328 0.769531 0.232422 0.769531 0.230469 0.767578 0.230469 0.761719 0.232422 0.759766 0.236328 0.759766 0.238281 0.761719 0.240234 0.761719
0 0.746094 0.767578 0.744141 0.767578 0.742188 0.769531 0.738281 0.769531 0.736328 0.767578 0.736328 0.761719 0.738281 0.759766 0.742188 0.759766 0.744141 0.761719 0.746094 0.761719
0 0.519531 0.765625 0.519531 0.769531 0.515625 0.769531 0.513672 0.767578 0.517578 0.763672
0 0.634766 0.769531 0.632812 0.769531 0.630859 0.771484 0.626953 0.771484 0.625000 0.769531 0.625000 0.763672 0.626953 0.761719 0.630859 0.761719 0.632812 0.763672 0.634766 0.763672
0 0.162109 0.769531 0.160156 0.771484 0.160156 0.773438 0.158203 0.775391 0.152344 0.775391 0.150391 0.773438 0.150391 0.771484 0.148438 0.769531 0.148438 0.767578 0.150391 0.765625 0.150391 0.763672 0.152344 0.761719 0.158203 0.761719 0.160156 0.763672 0.160156 0.765625 0.162109 0.767578
0 0.617188 0.767578 0.617188 0.771484 0.613281 0.771484 0.611328 0.769531 0.615234 0.765625
0 0.906250 0.767578 0.906250 0.771484 0.902344 0.771484 0.900391 0.769531 0.904297 0.765625
0 0.218750 0.773438 0.216797 0.773438 0.214844 0.775391 0.210938 0.775391 0.208984 0.773438 0.208984 0.767578 0.210938 0.765625 0.214844 0.765625 0.216797 0.767578 0.218750 0.767578
0 0.527344 0.769531 0.527344 0.773438 0.523438 0.773438 0.521484 0.771484 0.525391 0.767578
0 0.916016 0.769531 0.916016 0.773438 0.912109 0.773438 0.910156 0.771484 0.914062 0.767578
0 0.445312 0.775391 0.443359 0.775391 0.441406 0.777344 0.437500 0.777344 0.435547 0.775391 0.435547 0.769531 0.437500 0.767578 0.441406 0.767578 0.443359 0.769531 0.445312 0.769531
0 0.509766 0.771484 0.509766 0.775391 0.505859 0.775391 0.503906 0.773438 0.507812 0.769531
0 0.736328 0.773438 0.736328 0.777344 0.732422 0.777344 0.730469 0.775391 0.734375 0.771484
0 0.519531 0.775391 0.519531 0.779297 0.515625 0.779297 0.513672 0.777344 0.517578 0.773438
0 0.402344 0.779297 0.400391 0.781250 0.400391 0.783203 0.398438 0.785156 0.392578 0.785156 0.390625 0.783203 0.390625 0.781250 0.388672 0.779297 0.388672 0.777344 0.390625 0.775391 0.390625 0.773438 0.392578 0.771484 0.398438 0.771484 0.400391 0.773438 0.400391 0.775391 0.402344 0.777344
0 0.568359 0.781250 0.566406 0.781250 0.564453 0.783203 0.560547 0.783203 0.558594 0.781250 0.558594 0.775391 0.560547 0.773438 0.564453 0.773438 0.566406 0.775391 0.568359 0.775391
0 0.656250 0.777344 0.656250 0.781250 0.652344 0.781250 0.650391 0.779297 0.654297 0.775391
0 0.199219 0.781250 0.197266 0.783203 0.197266 0.785156 0.195312 0.787109 0.189453 0.787109 0.187500 0.785156 0.187500 0.783203 0.185547 0.781250 0.185547 0.779297 0.187500 0.777344 0.187500 0.775391 0.189453 0.773438 0.195312 0.773438 0.197266 0.775391 0.197266 0.777344 0.199219 0.779297
0 0.849609 0.779297 0.849609 0.783203 0.845703 0.783203 0.843750 0.781250 0.847656 0.777344
0 0.287109 0.781250 0.287109 0.785156 0.283203 0.785156 0.281250 0.783203 0.285156 0.779297
0 0.470703 0.785156 0.464844 0.791016 0.458984 0.791016 0.453125 0.785156 0.453125 0.779297 0.458984 0.773438 0.464844 0.773438 0.470703 0.779297
0 0.917969 0.783203 0.916016 0.785156 0.916016 0.787109 0.914062 0.789062 0.908203 0.789062 0.906250 0.787109 0.906250 0.785156 0.904297 0.783203 0.904297 0.781250 0.906250 0.779297 0.906250 0.777344 0.908203 0.775391 0.914062 0.775391 0.916016 0.777344 0.916016 0.779297 0.917969 0.781250
0 0.425781 0.785156 0.423828 0.787109 0.423828 0.789062 0.421875 0.791016 0.416016 0.791016 0.414062 0.789062 0.414062 0.787109 0.412109 0.785156 0.412109 0.783203 0.414062 0.781250 0.414062 0.779297 0.416016 0.777344 0.421875 0.777344 0.423828 0.779297 0.423828 0.781250 0.425781 0.783203
0 0.162109 0.787109 0.160156 0.789062 0.160156 0.791016 0.158203 0.792969 0.152344 0.792969 0.150391 0.791016 0.150391 0.789062 0.148438 0.787109 0.148438 0.785156 0.150391 0.783203 0.150391 0.781250 0.152344 0.779297 0.158203 0.779297 0.160156 0.781250 0.160156 0.783203 0.162109 0.785156
0 0.259766 0.789062 0.257812 0.789062 0.255859 0.791016 0.251953 0.791016 0.250000 0.789062 0.250000 0.783203 0.251953 0.781250 0.255859 0.781250 0.257812 0.783203 0.259766 0.783203
0 0.865234 0.789062 0.863281 0.789062 0.861328 0.791016 0.857422 0.791016 0.855469 0.789062 0.855469 0.783203 0.857422 0.781250 0.861328 0.781250 0.863281 0.783203 0.865234 0.783203
0 0.935547 0.789062 0.933594 0.789062 0.931641 0.791016 0.927734 0.791016 0.925781 0.789062 0.925781 0.783203 0.927734 0.781250 0.931641 0.781250 0.933594 0.783203 0.935547 0.783203
0 0.281250 0.791016 0.279297 0.791016 0.277344 0.792969 0.273438 0.792969 0.271484 0.791016 0.271484 0.785156 0.273438 0.783203 0.277344 0.783203 0.279297 0.785156 0.281250 0.785156
0 0.304688 0.789062 0.302734 0.791016 0.302734 0.792969 0.300781 0.794922 0.294922 0.794922 0.292969 0.792969 0.292969 0.791016 0.291016 0.789062 0.291016 0.787109 0.292969 0.785156 0.292969 0.783203 0.294922 0.781250 0.300781 0.781250 0.302734 0.783203 0.302734 0.785156 0.304688 0.787109
0 0.306641 0.787109 0.306641 0.791016 0.302734 0.791016 0.300781 0.789062 0.304688 0.785156
0 0.369141 0.791016 0.367188 0.791016 0.365234 0.792969 0.361328 0.792969 0.359375 0.791016 0.359375 0.785156 0.361328 0.783203 0.365234 0.783203 0.367188 0.785156 0.369141 0.785156
0 0.294922 0.789062 0.294922 0.792969 0.291016 0.792969 0.289062 0.791016 0.292969 0.787109
0 0.648438 0.789062 0.648438 0.792969 0.644531 0.792969 0.642578 0.791016 0.646484 0.787109
0 0.843750 0.792969 0.841797 0.792969 0.839844 0.794922 0.835938 0.794922 0.833984 0.792969 0.833984 0.787109 0.835938 0.785156 0.839844 0.785156 0.841797 0.787109 0.843750 0.787109
0 0.578125 0.794922 0.576172 0.794922 0.574219 0.796875 0.570312 0.796875 0.568359 0.794922 0.568359 0.789062 0.570312 0.787109 0.574219 0.787109 0.576172 0.789062 0.578125 0.789062
0 0.656250 0.791016 0.656250 0.794922 0.652344 0.794922 0.650391 0.792969 0.654297 0.789062
0 0.917969 0.794922 0.916016 0.794922 0.914062 0.796875 0.910156 0.796875 0.908203 0.794922 0.908203 0.789062 0.910156 0.787109 0.914062 0.787109 0.916016 0.789062 0.917969 0.789062
0 0.560547 0.796875 0.558594 0.796875 0.556641 0.798828 0.552734 0.798828 0.550781 0.796875 0.550781 0.791016 0.552734 0.789062 0.556641 0.789062 0.558594 0.791016 0.560547 0.791016
0 0.865234 0.800781 0.863281 0.800781 0.861328 0.802734 0.857422 0.802734 0.855469 0.800781 0.855469 0.794922 0.857422 0.792969 0.861328 0.792969 0.863281 0.794922 0.865234 0.794922
0 0.443359 0.808594 0.441406 0.808594 0.439453 0.810547 0.429688 0.810547 0.423828 0.804688 0.423828 0.794922 0.425781 0.792969 0.427734 0.792969 0.427734 0.791016 0.429688 0.789062 0.439453 0.789062 0.445312 0.794922 0.445312 0.804688 0.443359 0.806641
0 0.498047 0.802734 0.496094 0.802734 0.494141 0.804688 0.490234 0.804688 0.488281 0.802734 0.488281 0.796875 0.490234 0.794922 0.494141 0.794922 0.496094 0.796875 0.498047 0.796875
0 0.929688 0.802734 0.927734 0.802734 0.925781 0.804688 0.921875 0.804688 0.919922 0.802734 0.919922 0.796875 0.921875 0.794922 0.925781 0.794922 0.927734 0.796875 0.929688 0.796875
0 0.509766 0.800781 0.509766 0.804688 0.505859 0.804688 0.503906 0.802734 0.507812 0.798828
0 0.853516 0.800781 0.853516 0.804688 0.849609 0.804688 0.847656 0.802734 0.851562 0.798828
0 0.158203 0.804688 0.156250 0.806641 0.156250 0.808594 0.154297 0.810547 0.148438 0.810547 0.146484 0.808594 0.146484 0.806641 0.144531 0.804688 0.144531 0.802734 0.146484 0.800781 0.146484 0.798828 0.148438 0.796875 0.154297 0.796875 0.156250 0.798828 0.156250 0.800781 0.158203 0.802734
0 0.361328 0.808594 0.359375 0.808594 0.357422 0.810547 0.353516 0.810547 0.351562 0.808594 0.351562 0.802734 0.353516 0.800781 0.357422 0.800781 0.359375 0.802734 0.361328 0.802734
0 0.486328 0.812500 0.484375 0.812500 0.482422 0.814453 0.478516 0.814453 0.476562 0.812500 0.476562 0.806641 0.478516 0.804688 0.482422 0.804688 0.484375 0.806641 0.486328 0.806641
0 0.501953 0.808594 0.501953 0.812500 0.498047 0.812500 0.496094 0.810547 0.500000 0.806641
0 0.203125 0.816406 0.197266 0.822266 0.191406 0.822266 0.185547 0.816406 0.185547 0.810547 0.191406 0.804688 0.197266 0.804688 0.203125 0.810547
0 0.476562 0.814453 0.474609 0.816406 0.474609 0.818359 0.472656 0.820312 0.466797 0.820312 0.464844 0.818359 0.464844 0.816406 0.462891 0.814453 0.462891 0.812500 0.464844 0.810547 0.464844 0.808594 0.466797 0.806641 0.472656 0.806641 0.474609 0.808594 0.474609 0.810547 0.476562 0.812500
0 0.685547 0.812500 0.685547 0.816406 0.681641 0.816406 0.679688 0.814453 0.683594 0.810547
0 0.457031 0.816406 0.455078 0.818359 0.455078 0.820312 0.453125 0.822266 0.447266 0.822266 0.445312 0.820312 0.445312 0.818359 0.443359 0.816406 0.443359 0.814453 0.445312 0.812500 0.445312 0.810547 0.447266 0.808594 0.453125 0.808594 0.455078 0.810547 0.455078 0.812500 0.457031 0.814453
0 0.736328 0.814453 0.736328 0.818359 0.732422 0.818359 0.730469 0.816406 0.734375 0.812500
0 0.791016 0.814453 0.791016 0.818359 0.787109 0.818359 0.785156 0.816406 0.789062 0.812500
0 0.431641 0.822266 0.429688 0.822266 0.427734 0.824219 0.423828 0.824219 0.421875 0.822266 0.421875 0.816406 0.423828 0.814453 0.427734 0.814453 0.429688 0.816406 0.431641 0.816406
0 0.314453 0.830078 0.312500 0.830078 0.310547 0.832031 0.300781 0.832031 0.294922 0.826172 0.294922 0.816406 0.296875 0.814453 0.298828 0.814453 0.298828 0.812500 0.300781 0.810547 0.310547 0.810547 0.316406 0.816406 0.316406 0.826172 0.314453 0.828125
0 0.349609 0.822266 0.347656 0.824219 0.347656 0.826172 0.345703 0.828125 0.339844 0.828125 0.337891 0.826172 0.337891 0.824219 0.335938 0.822266 0.335938 0.820312 0.337891 0.818359 0.337891 0.816406 0.339844 0.814453 0.345703 0.814453 0.347656 0.816406 0.347656 0.818359 0.349609 0.820312
0 0.611328 0.820312 0.611328 0.824219 0.607422 0.824219 0.605469 0.822266 0.609375 0.818359
0 0.773438 0.820312 0.773438 0.824219 0.769531 0.824219 0.767578 0.822266 0.771484 0.818359
0 0.744141 0.822266 0.744141 0.826172 0.740234 0.826172 0.738281 0.824219 0.742188 0.820312
0 0.792969 0.822266 0.792969 0.826172 0.789062 0.826172 0.787109 0.824219 0.791016 0.820312
0 0.277344 0.828125 0.271484 0.833984 0.265625 0.833984 0.259766 0.828125 0.259766 0.822266 0.265625 0.816406 0.271484 0.816406 0.277344 0.822266
0 0.736328 0.826172 0.736328 0.830078 0.732422 0.830078 0.730469 0.828125 0.734375 0.824219
0 0.789062 0.828125 0.789062 0.832031 0.785156 0.832031 0.783203 0.830078 0.787109 0.826172
0 0.437500 0.839844 0.435547 0.839844 0.433594 0.841797 0.423828 0.841797 0.417969 0.835938 0.417969 0.826172 0.419922 0.824219 0.421875 0.824219 0.421875 0.822266 0.423828 0.820312 0.433594 0.820312 0.439453 0.826172 0.439453 0.835938 0.437500 0.837891
0 0.781250 0.835938 0.779297 0.835938 0.777344 0.837891 0.773438 0.837891 0.771484 0.835938 0.771484 0.830078 0.773438 0.828125 0.777344 0.828125 0.779297 0.830078 0.781250 0.830078
0 0.582031 0.839844 0.580078 0.839844 0.578125 0.841797 0.574219 0.841797 0.572266 0.839844 0.572266 0.833984 0.574219 0.832031 0.578125 0.832031 0.580078 0.833984 0.582031 0.833984
0 0.156250 0.839844 0.154297 0.841797 0.154297 0.843750 0.152344 0.845703 0.146484 0.845703 0.144531 0.843750 0.144531 0.841797 0.142578 0.839844 0.142578 0.837891 0.144531 0.835938 0.144531 0.833984 0.146484 0.832031 0.152344 0.832031 0.154297 0.833984 0.154297 0.835938 0.156250 0.837891
0 0.550781 0.837891 0.550781 0.841797 0.546875 0.841797 0.544922 0.839844 0.548828 0.835938
0 0.619141 0.841797 0.617188 0.841797 0.615234 0.843750 0.611328 0.843750 0.609375 0.841797 0.609375 0.835938 0.611328 0.833984 0.615234 0.833984 0.617188 0.835938 0.619141 0.835938
0 0.564453 0.841797 0.564453 0.845703 0.560547 0.845703 0.558594 0.843750 0.562500 0.839844
0 0.998047 0.849609 0.994141 0.849609 0.992188 0.847656 0.992188 0.845703 0.990234 0.843750 0.990234 0.841797 0.992188 0.839844 0.992188 0.837891 0.994141 0.835938 0.998047 0.835938
0 0.574219 0.845703 0.574219 0.849609 0.570312 0.849609 0.568359 0.847656 0.572266 0.843750
0 0.634766 0.851562 0.632812 0.851562 0.630859 0.853516 0.626953 0.853516 0.625000 0.851562 0.625000 0.845703 0.626953 0.843750 0.630859 0.843750 0.632812 0.845703 0.634766 0.845703
0 0.992188 0.849609 0.990234 0.851562 0.990234 0.853516 0.988281 0.855469 0.982422 0.855469 0.980469 0.853516 0.980469 0.851562 0.978516 0.849609 0.978516 0.847656 0.980469 0.845703 0.980469 0.843750 0.982422 0.841797 0.988281 0.841797 0.990234 0.843750 0.990234 0.845703 0.992188 0.847656
0 0.646484 0.849609 0.646484 0.853516 0.642578 0.853516 0.640625 0.851562 0.644531 0.847656
0 0.617188 0.851562 0.617188 0.855469 0.613281 0.855469 0.611328 0.853516 0.615234 0.849609
0 0.658203 0.853516 0.658203 0.857422 0.654297 0.857422 0.652344 0.855469 0.656250 0.851562
0 0.626953 0.861328 0.625000 0.861328 0.623047 0.863281 0.619141 0.863281 0.617188 0.861328 0.617188 0.855469 0.619141 0.853516 0.623047 0.853516 0.625000 0.855469 0.626953 0.855469
0 0.242188 0.863281 0.240234 0.863281 0.238281 0.865234 0.234375 0.865234 0.232422 0.863281 0.232422 0.857422 0.234375 0.855469 0.238281 0.855469 0.240234 0.857422 0.242188 0.857422
0 0.949219 0.859375 0.949219 0.863281 0.945312 0.863281 0.943359 0.861328 0.947266 0.857422
0 0.556641 0.863281 0.554688 0.865234 0.554688 0.867188 0.552734 0.869141 0.546875 0.869141 0.544922 0.867188 0.544922 0.865234 0.542969 0.863281 0.542969 0.861328 0.544922 0.859375 0.544922 0.857422 0.546875 0.855469 0.552734 0.855469 0.554688 0.857422 0.554688 0.859375 0.556641 0.861328
0 0.642578 0.871094 0.640625 0.871094 0.638672 0.873047 0.628906 0.873047 0.623047 0.867188 0.623047 0.857422 0.625000 0.855469 0.626953 0.855469 0.626953 0.853516 0.628906 0.851562 0.638672 0.851562 0.644531 0.857422 0.644531 0.867188 0.642578 0.869141
0 0.652344 0.865234 0.650391 0.865234 0.648438 0.867188 0.644531 0.867188 0.642578 0.865234 0.642578 0.859375 0.644531 0.857422 0.648438 0.857422 0.650391 0.859375 0.652344 0.859375
0 0.216797 0.876953 0.214844 0.876953 0.212891 0.878906 0.203125 0.878906 0.197266 0.873047 0.197266 0.863281 0.199219 0.861328 0.201172 0.861328 0.201172 0.859375 0.203125 0.857422 0.212891 0.857422 0.218750 0.863281 0.218750 0.873047 0.216797 0.875000
0 0.462891 0.869141 0.460938 0.871094 0.460938 0.873047 0.458984 0.875000 0.453125 0.875000 0.451172 0.873047 0.451172 0.871094 0.449219 0.869141 0.449219 0.867188 0.451172 0.865234 0.451172 0.863281 0.453125 0.861328 0.458984 0.861328 0.460938 0.863281 0.460938 0.865234 0.462891 0.867188
0 0.509766 0.873047 0.507812 0.873047 0.505859 0.875000 0.501953 0.875000 0.500000 0.873047 0.500000 0.867188 0.501953 0.865234 0.505859 0.865234 0.507812 0.867188 0.509766 0.867188
0 0.998047 0.871094 0.996094 0.873047 0.996094 0.875000 0.994141 0.876953 0.988281 0.876953 0.986328 0.875000 0.986328 0.873047 0.984375 0.871094 0.984375 0.869141 0.986328 0.867188 0.986328 0.865234 0.988281 0.863281 0.994141 0.863281 0.996094 0.865234 0.996094 0.867188 0.998047 0.869141
0 0.640625 0.875000 0.638672 0.875000 0.636719 0.876953 0.632812 0.876953 0.630859 0.875000 0.630859 0.869141 0.632812 0.867188 0.636719 0.867188 0.638672 0.869141 0.640625 0.869141
0 0.693359 0.873047 0.693359 0.876953 0.689453 0.876953 0.687500 0.875000 0.691406 0.871094
0 0.634766 0.880859 0.632812 0.880859 0.630859 0.882812 0.626953 0.882812 0.625000 0.880859 0.625000 0.875000 0.626953 0.873047 0.630859 0.873047 0.632812 0.875000 0.634766 0.875000
0 0.785156 0.876953 0.785156 0.880859 0.781250 0.880859 0.779297 0.878906 0.783203 0.875000
0 0.279297 0.882812 0.277344 0.882812 0.275391 0.884766 0.271484 0.884766 0.269531 0.882812 0.269531 0.876953 0.271484 0.875000 0.275391 0.875000 0.277344 0.876953 0.279297 0.876953
0 0.525391 0.882812 0.523438 0.882812 0.521484 0.884766 0.517578 0.884766 0.515625 0.882812 0.515625 0.876953 0.517578 0.875000 0.521484 0.875000 0.523438 0.876953 0.525391 0.876953
0 0.658203 0.880859 0.656250 0.882812 0.656250 0.884766 0.654297 0.886719 0.648438 0.886719 0.646484 0.884766 0.646484 0.882812 0.644531 0.880859 0.644531 0.878906 0.646484 0.876953 0.646484 0.875000 0.648438 0.873047 0.654297 0.873047 0.656250 0.875000 0.656250 0.876953 0.658203 0.878906
0 0.666016 0.890625 0.664062 0.890625 0.662109 0.892578 0.652344 0.892578 0.646484 0.886719 0.646484 0.876953 0.648438 0.875000 0.650391 0.875000 0.650391 0.873047 0.652344 0.871094 0.662109 0.871094 0.667969 0.876953 0.667969 0.886719 0.666016 0.888672
0 0.294922 0.886719 0.292969 0.888672 0.292969 0.890625 0.291016 0.892578 0.285156 0.892578 0.283203 0.890625 0.283203 0.888672 0.281250 0.886719 0.281250 0.884766 0.283203 0.882812 0.283203 0.880859 0.285156 0.878906 0.291016 0.878906 0.292969 0.880859 0.292969 0.882812 0.294922 0.884766
0 0.462891 0.886719 0.460938 0.888672 0.460938 0.890625 0.458984 0.892578 0.453125 0.892578 0.451172 0.890625 0.451172 0.888672 0.449219 0.886719 0.449219 0.884766 0.451172 0.882812 0.451172 0.880859 0.453125 0.878906 0.458984 0.878906 0.460938 0.880859 0.460938 0.882812 0.462891 0.884766
0 0.689453 0.888672 0.687500 0.888672 0.685547 0.890625 0.681641 0.890625 0.679688 0.888672 0.679688 0.882812 0.681641 0.880859 0.685547 0.880859 0.687500 0.882812 0.689453 0.882812
0 0.777344 0.886719 0.775391 0.888672 0.775391 0.890625 0.773438 0.892578 0.767578 0.892578 0.765625 0.890625 0.765625 0.888672 0.763672 0.886719 0.763672 0.884766 0.765625 0.882812 0.765625 0.880859 0.767578 0.878906 0.773438 0.878906 0.775391 0.880859 0.775391 0.882812 0.777344 0.884766
0 0.783203 0.888672 0.783203 0.892578 0.779297 0.892578 0.777344 0.890625 0.781250 0.886719
0 0.759766 0.890625 0.759766 0.894531 0.755859 0.894531 0.753906 0.892578 0.757812 0.888672
0 0.771484 0.890625 0.771484 0.894531 0.767578 0.894531 0.765625 0.892578 0.769531 0.888672
0 0.947266 0.892578 0.945312 0.894531 0.945312 0.896484 0.943359 0.898438 0.937500 0.898438 0.935547 0.896484 0.935547 0.894531 0.933594 0.892578 0.933594 0.890625 0.935547 0.888672 0.935547 0.886719 0.937500 0.884766 0.943359 0.884766 0.945312 0.886719 0.945312 0.888672 0.947266 0.890625
0 0.677734 0.904297 0.675781 0.904297 0.673828 0.906250 0.664062 0.906250 0.658203 0.900391 0.658203 0.890625 0.660156 0.888672 0.662109 0.888672 0.662109 0.886719 0.664062 0.884766 0.673828 0.884766 0.679688 0.890625 0.679688 0.900391 0.677734 0.902344
0 0.687500 0.898438 0.685547 0.898438 0.683594 0.900391 0.679688 0.900391 0.677734 0.898438 0.677734 0.892578 0.679688 0.890625 0.683594 0.890625 0.685547 0.892578 0.687500 0.892578
0 0.599609 0.898438 0.599609 0.902344 0.595703 0.902344 0.593750 0.900391 0.597656 0.896484
0 0.705078 0.902344 0.703125 0.902344 0.701172 0.904297 0.697266 0.904297 0.695312 0.902344 0.695312 0.896484 0.697266 0.894531 0.701172 0.894531 0.703125 0.896484 0.705078 0.896484
0 0.763672 0.898438 0.763672 0.902344 0.759766 0.902344 0.757812 0.900391 0.761719 0.896484
0 0.962891 0.902344 0.960938 0.902344 0.958984 0.904297 0.955078 0.904297 0.953125 0.902344 0.953125 0.896484 0.955078 0.894531 0.958984 0.894531 0.960938 0.896484 0.962891 0.896484
0 0.566406 0.902344 0.564453 0.904297 0.564453 0.906250 0.562500 0.908203 0.556641 0.908203 0.554688 0.906250 0.554688 0.904297 0.552734 0.902344 0.552734 0.900391 0.554688 0.898438 0.554688 0.896484 0.556641 0.894531 0.562500 0.894531 0.564453 0.896484 0.564453 0.898438 0.566406 0.900391
0 0.472656 0.906250 0.466797 0.912109 0.460938 0.912109 0.455078 0.906250 0.455078 0.900391 0.460938 0.894531 0.466797 0.894531 0.472656 0.900391
0 0.625000 0.912109 0.623047 0.912109 0.621094 0.914062 0.611328 0.914062 0.605469 0.908203 0.605469 0.898438 0.607422 0.896484 0.609375 0.896484 0.609375 0.894531 0.611328 0.892578 0.621094 0.892578 0.626953 0.898438 0.626953 0.908203 0.625000 0.910156
0 0.697266 0.906250 0.695312 0.906250 0.693359 0.908203 0.689453 0.908203 0.687500 0.906250 0.687500 0.900391 0.689453 0.898438 0.693359 0.898438 0.695312 0.900391 0.697266 0.900391
0 0.546875 0.908203 0.544922 0.908203 0.542969 0.910156 0.539062 0.910156 0.537109 0.908203 0.537109 0.902344 0.539062 0.900391 0.542969 0.900391 0.544922 0.902344 0.546875 0.902344
0 0.609375 0.904297 0.609375 0.908203 0.605469 0.908203 0.603516 0.906250 0.607422 0.902344
0 0.912109 0.908203 0.906250 0.914062 0.900391 0.914062 0.894531 0.908203 0.894531 0.902344 0.900391 0.896484 0.906250 0.896484 0.912109 0.902344
0 0.943359 0.910156 0.941406 0.912109 0.941406 0.914062 0.939453 0.916016 0.933594 0.916016 0.931641 0.914062 0.931641 0.912109 0.929688 0.910156 0.929688 0.908203 0.931641 0.906250 0.931641 0.904297 0.933594 0.902344 0.939453 0.902344 0.941406 0.904297 0.941406 0.906250 0.943359 0.908203
0 0.150391 0.912109 0.148438 0.914062 0.148438 0.916016 0.146484 0.917969 0.140625 0.917969 0.138672 0.916016 0.138672 0.914062 0.136719 0.912109 0.136719 0.910156 0.138672 0.908203 0.138672 0.906250 0.140625 0.904297 0.146484 0.904297 0.148438 0.906250 0.148438 0.908203 0.150391 0.910156
0 0.601562 0.910156 0.601562 0.914062 0.597656 0.914062 0.595703 0.912109 0.599609 0.908203
0 0.341797 0.916016 0.339844 0.916016 0.337891 0.917969 0.333984 0.917969 0.332031 0.916016 0.332031 0.910156 0.333984 0.908203 0.337891 0.908203 0.339844 0.910156 0.341797 0.910156
0 0.181641 0.916016 0.179688 0.917969 0.179688 0.919922 0.177734 0.921875 0.171875 0.921875 0.169922 0.919922 0.169922 0.917969 0.167969 0.916016 0.167969 0.914062 0.169922 0.912109 0.169922 0.910156 0.171875 0.908203 0.177734 0.908203 0.179688 0.910156 0.179688 0.912109 0.181641 0.914062
0 0.560547 0.919922 0.558594 0.919922 0.556641 0.921875 0.552734 0.921875 0.550781 0.919922 0.550781 0.914062 0.552734 0.912109 0.556641 0.912109 0.558594 0.914062 0.560547 0.914062
0 0.919922 0.925781 0.917969 0.925781 0.916016 0.927734 0.906250 0.927734 0.900391 0.921875 0.900391 0.912109 0.902344 0.910156 0.904297 0.910156 0.904297 0.908203 0.906250 0.906250 0.916016 0.906250 0.921875 0.912109 0.921875 0.921875 0.919922 0.923828
0 0.369141 0.925781 0.367188 0.925781 0.365234 0.927734 0.361328 0.927734 0.359375 0.925781 0.359375 0.919922 0.361328 0.917969 0.365234 0.917969 0.367188 0.919922 0.369141 0.919922
0 0.591797 0.925781 0.591797 0.929688 0.587891 0.929688 0.585938 0.927734 0.589844 0.923828
0 0.601562 0.925781 0.601562 0.929688 0.597656 0.929688 0.595703 0.927734 0.599609 0.923828
0 0.427734 0.933594 0.425781 0.935547 0.425781 0.937500 0.423828 0.939453 0.417969 0.939453 0.416016 0.937500 0.416016 0.935547 0.414062 0.933594 0.414062 0.931641 0.416016 0.929688 0.416016 0.927734 0.417969 0.925781 0.423828 0.925781 0.425781 0.927734 0.425781 0.929688 0.427734 0.931641
0 0.660156 0.941406 0.658203 0.941406 0.656250 0.943359 0.646484 0.943359 0.640625 0.937500 0.640625 0.927734 0.642578 0.925781 0.644531 0.925781 0.644531 0.923828 0.646484 0.921875 0.656250 0.921875 0.662109 0.927734 0.662109 0.937500 0.660156 0.939453
0 0.371094 0.937500 0.369141 0.937500 0.367188 0.939453 0.363281 0.939453 0.361328 0.937500 0.361328 0.931641 0.363281 0.929688 0.367188 0.929688 0.369141 0.931641 0.371094 0.931641
0 0.519531 0.935547 0.517578 0.937500 0.517578 0.939453 0.515625 0.941406 0.509766 0.941406 0.507812 0.939453 0.507812 0.937500 0.505859 0.935547 0.505859 0.933594 0.507812 0.931641 0.507812 0.929688 0.509766 0.927734 0.515625 0.927734 0.517578 0.929688 0.517578 0.931641 0.519531 0.933594
0 0.917969 0.935547 0.916016 0.937500 0.916016 0.939453 0.914062 0.941406 0.908203 0.941406 0.906250 0.939453 0.906250 0.937500 0.904297 0.935547 0.904297 0.933594 0.906250 0.931641 0.906250 0.929688 0.908203 0.927734 0.914062 0.927734 0.916016 0.929688 0.916016 0.931641 0.917969 0.933594
0 0.349609 0.945312 0.347656 0.945312 0.345703 0.947266 0.335938 0.947266 0.330078 0.941406 0.330078 0.931641 0.332031 0.929688 0.333984 0.929688 0.333984 0.927734 0.335938 0.925781 0.345703 0.925781 0.351562 0.931641 0.351562 0.941406 0.349609 0.943359
0 0.371094 0.945312 0.369141 0.945312 0.367188 0.947266 0.363281 0.947266 0.361328 0.945312 0.361328 0.939453 0.363281 0.937500 0.367188 0.937500 0.369141 0.939453 0.371094 0.939453
0 0.351562 0.953125 0.349609 0.953125 0.347656 0.955078 0.337891 0.955078 0.332031 0.949219 0.332031 0.939453 0.333984 0.937500 0.335938 0.937500 0.335938 0.935547 0.337891 0.933594 0.347656 0.933594 0.353516 0.939453 0.353516 0.949219 0.351562 0.951172
0 0.447266 0.947266 0.445312 0.947266 0.443359 0.949219 0.439453 0.949219 0.437500 0.947266 0.437500 0.941406 0.439453 0.939453 0.443359 0.939453 0.445312 0.941406 0.447266 0.941406
0 0.462891 0.945312 0.460938 0.947266 0.460938 0.949219 0.458984 0.951172 0.453125 0.951172 0.451172 0.949219 0.451172 0.947266 0.449219 0.945312 0.449219 0.943359 0.451172 0.941406 0.451172 0.939453 0.453125 0.937500 0.458984 0.937500 0.460938 0.939453 0.460938 0.941406 0.462891 0.943359
0 0.921875 0.945312 0.919922 0.947266 0.919922 0.949219 0.917969 0.951172 0.912109 0.951172 0.910156 0.949219 0.910156 0.947266 0.908203 0.945312 0.908203 0.943359 0.910156 0.941406 0.910156 0.939453 0.912109 0.937500 0.917969 0.937500 0.919922 0.939453 0.919922 0.941406 0.921875 0.943359
0 0.554688 0.947266 0.552734 0.949219 0.552734 0.951172 0.550781 0.953125 0.544922 0.953125 0.542969 0.951172 0.542969 0.949219 0.541016 0.947266 0.541016 0.945312 0.542969 0.943359 0.542969 0.941406 0.544922 0.939453 0.550781 0.939453 0.552734 0.941406 0.552734 0.943359 0.554688 0.945312
0 0.853516 0.945312 0.853516 0.949219 0.849609 0.949219 0.847656 0.947266 0.851562 0.943359
0 0.355469 0.955078 0.349609 0.960938 0.343750 0.960938 0.337891 0.955078 0.337891 0.949219 0.343750 0.943359 0.349609 0.943359 0.355469 0.949219
0 0.371094 0.955078 0.369141 0.955078 0.367188 0.957031 0.363281 0.957031 0.361328 0.955078 0.361328 0.949219 0.363281 0.947266 0.367188 0.947266 0.369141 0.949219 0.371094 0.949219
0 0.833984 0.955078 0.832031 0.955078 0.830078 0.957031 0.826172 0.957031 0.824219 0.955078 0.824219 0.949219 0.826172 0.947266 0.830078 0.947266 0.832031 0.949219 0.833984 0.949219
0 0.412109 0.953125 0.412109 0.957031 0.408203 0.957031 0.406250 0.955078 0.410156 0.951172
0 0.853516 0.957031 0.851562 0.957031 0.849609 0.958984 0.845703 0.958984 0.843750 0.957031 0.843750 0.951172 0.845703 0.949219 0.849609 0.949219 0.851562 0.951172 0.853516 0.951172
0 0.847656 0.960938 0.845703 0.960938 0.843750 0.962891 0.839844 0.962891 0.837891 0.960938 0.837891 0.955078 0.839844 0.953125 0.843750 0.953125 0.845703 0.955078 0.847656 0.955078
0 0.902344 0.958984 0.900391 0.960938 0.900391 0.962891 0.898438 0.964844 0.892578 0.964844 0.890625 0.962891 0.890625 0.960938 0.888672 0.958984 0.888672 0.957031 0.890625 0.955078 0.890625 0.953125 0.892578 0.951172 0.898438 0.951172 0.900391 0.953125 0.900391 0.955078 0.902344 0.957031
0 0.529297 0.960938 0.527344 0.962891 0.527344 0.964844 0.525391 0.966797 0.519531 0.966797 0.517578 0.964844 0.517578 0.962891 0.515625 0.960938 0.515625 0.958984 0.517578 0.957031 0.517578 0.955078 0.519531 0.953125 0.525391 0.953125 0.527344 0.955078 0.527344 0.957031 0.529297 0.958984
0 0.640625 0.958984 0.640625 0.962891 0.636719 0.962891 0.634766 0.960938 0.638672 0.957031
0 0.763672 0.958984 0.763672 0.962891 0.759766 0.962891 0.757812 0.960938 0.761719 0.957031
0 0.396484 0.960938 0.396484 0.964844 0.392578 0.964844 0.390625 0.962891 0.394531 0.958984
0 0.417969 0.960938 0.417969 0.964844 0.414062 0.964844 0.412109 0.962891 0.416016 0.958984
0 0.449219 0.960938 0.449219 0.964844 0.445312 0.964844 0.443359 0.962891 0.447266 0.958984
0 0.775391 0.966797 0.773438 0.966797 0.771484 0.968750 0.767578 0.968750 0.765625 0.966797 0.765625 0.960938 0.767578 0.958984 0.771484 0.958984 0.773438 0.960938 0.775391 0.960938
0 0.804688 0.966797 0.804688 0.970703 0.800781 0.970703 0.798828 0.968750 0.802734 0.964844
0 0.564453 0.970703 0.562500 0.972656 0.562500 0.974609 0.560547 0.976562 0.554688 0.976562 0.552734 0.974609 0.552734 0.972656 0.550781 0.970703 0.550781 0.968750 0.552734 0.966797 0.552734 0.964844 0.554688 0.962891 0.560547 0.962891 0.562500 0.964844 0.562500 0.966797 0.564453 0.968750
0 0.634766 0.974609 0.632812 0.974609 0.630859 0.976562 0.626953 0.976562 0.625000 0.974609 0.625000 0.968750 0.626953 0.966797 0.630859 0.966797 0.632812 0.968750 0.634766 0.968750
0 0.648438 0.974609 0.646484 0.974609 0.644531 0.976562 0.640625 0.976562 0.638672 0.974609 0.638672 0.968750 0.640625 0.966797 0.644531 0.966797 0.646484 0.968750 0.648438 0.968750
0 0.771484 0.974609 0.769531 0.974609 0.767578 0.976562 0.763672 0.976562 0.761719 0.974609 0.761719 0.968750 0.763672 0.966797 0.767578 0.966797 0.769531 0.968750 0.771484 0.968750
0 0.818359 0.974609 0.816406 0.974609 0.814453 0.976562 0.810547 0.976562 0.808594 0.974609 0.808594 0.968750 0.810547 0.966797 0.814453 0.966797 0.816406 0.968750 0.818359 0.968750
0 0.498047 0.972656 0.498047 0.976562 0.494141 0.976562 0.492188 0.974609 0.496094 0.970703
0 0.798828 0.974609 0.796875 0.976562 0.796875 0.978516 0.794922 0.980469 0.789062 0.980469 0.787109 0.978516 0.787109 0.976562 0.785156 0.974609 0.785156 0.972656 0.787109 0.970703 0.787109 0.968750 0.789062 0.966797 0.794922 0.966797 0.796875 0.968750 0.796875 0.970703 0.798828 0.972656
0 0.906250 0.978516 0.904297 0.978516 0.902344 0.980469 0.898438 0.980469 0.896484 0.978516 0.896484 0.972656 0.898438 0.970703 0.902344 0.970703 0.904297 0.972656 0.906250 0.972656
0 0.503906 0.976562 0.503906 0.980469 0.500000 0.980469 0.498047 0.978516 0.501953 0.974609
0 0.835938 0.980469 0.833984 0.980469 0.832031 0.982422 0.828125 0.982422 0.826172 0.980469 0.826172 0.974609 0.828125 0.972656 0.832031 0.972656 0.833984 0.974609 0.835938 0.974609
0 0.818359 0.982422 0.816406 0.982422 0.814453 0.984375 0.810547 0.984375 0.808594 0.982422 0.808594 0.976562 0.810547 0.974609 0.814453 0.974609 0.816406 0.976562 0.818359 0.976562
0 0.380859 0.984375 0.375000 0.990234 0.369141 0.990234 0.363281 0.984375 0.363281 0.978516 0.369141 0.972656 0.375000 0.972656 0.380859 0.978516
0 0.705078 0.984375 0.703125 0.984375 0.701172 0.986328 0.697266 0.986328 0.695312 0.984375 0.695312 0.978516 0.697266 0.976562 0.701172 0.976562 0.703125 0.978516 0.705078 0.978516
0 0.697266 0.982422 0.697266 0.986328 0.693359 0.986328 0.691406 0.984375 0.695312 0.980469
0 0.500000 0.984375 0.500000 0.988281 0.496094 0.988281 0.494141 0.986328 0.498047 0.982422
0 0.562500 0.986328 0.560547 0.988281 0.560547 0.990234 0.558594 0.992188 0.552734 0.992188 0.550781 0.990234 0.550781 0.988281 0.548828 0.986328 0.548828 0.984375 0.550781 0.982422 0.550781 0.980469 0.552734 0.978516 0.558594 0.978516 0.560547 0.980469 0.560547 0.982422 0.562500 0.984375
0 0.802734 0.984375 0.802734 0.988281 0.798828 0.988281 0.796875 0.986328 0.800781 0.982422
0 0.810547 0.984375 0.810547 0.988281 0.806641 0.988281 0.804688 0.986328 0.808594 0.982422
0 0.896484 0.984375 0.896484 0.988281 0.892578 0.988281 0.890625 0.986328 0.894531 0.982422
0 0.910156 0.984375 0.910156 0.988281 0.906250 0.988281 0.904297 0.986328 0.908203 0.982422
0 0.308594 0.986328 0.308594 0.990234 0.304688 0.990234 0.302734 0.988281 0.306641 0.984375
0 0.345703 0.992188 0.343750 0.992188 0.341797 0.994141 0.337891 0.994141 0.335938 0.992188 0.335938 0.986328 0.337891 0.984375 0.341797 0.984375 0.343750 0.986328 0.345703 0.986328
0 0.537109 0.996094 0.535156 0.998047 0.517578 0.998047 0.515625 0.996094 0.515625 0.986328 0.517578 0.984375 0.519531 0.984375 0.519531 0.982422 0.521484 0.980469 0.531250 0.980469 0.537109 0.986328
0 0.724609 0.990234 0.724609 0.994141 0.720703 0.994141 0.718750 0.992188 0.722656 0.988281
0 0.880859 0.990234 0.880859 0.994141 0.876953 0.994141 0.875000 0.992188 0.878906 0.988281
0 0.310547 0.996094 0.310547 0.998047 0.304688 0.998047 0.308594 0.994141
0 0.316406 0.996094 0.316406 0.998047 0.310547 0.998047 0.314453 0.994141
0 0.625000 0.998047 0.615234 0.998047 0.615234 0.994141 0.617188 0.992188 0.621094 0.992188 0.623047 0.994141 0.625000 0.994141
0 0.695312 0.996094 0.695312 0.998047 0.689453 0.998047 0.693359 0.994141
0 0.710938 0.998047 0.701172 0.998047 0.701172 0.994141 0.703125 0.992188 0.707031 0.992188 0.708984 0.994141 0.710938 0.994141
0 0.818359 0.998047 0.796875 0.998047 0.796875 0.992188 0.798828 0.990234 0.800781 0.990234 0.800781 0.988281 0.802734 0.986328 0.812500 0.986328 0.818359 0.992188
0 0.904297 0.998047 0.890625 0.998047 0.890625 0.996094 0.892578 0.994141 0.892578 0.992188 0.894531 0.990234 0.900391 0.990234 0.902344 0.992188 0.902344 0.994141 0.904297 0.996094
