0 0.914062 0.031250 0.912109 0.033203 0.914062 0.035156 0.916016 0.035156 0.917969 0.033203 0.916016 0.031250
0 0.935547 0.060547 0.931641 0.064453 0.931641 0.066406 0.935547 0.070312 0.939453 0.066406 0.939453 0.064453
0 0.003906 0.093750 0.001953 0.095703 0.001953 0.097656 0.000000 0.099609 0.000000 0.101562 0.001953 0.101562 0.005859 0.105469 0.007812 0.105469 0.009766 0.103516 0.011719 0.103516 0.013672 0.101562 0.013672 0.095703 0.011719 0.093750
0 0.437500 0.144531 0.435547 0.146484 0.435547 0.148438 0.437500 0.150391 0.439453 0.150391 0.441406 0.148438 0.441406 0.146484 0.439453 0.144531
0 0.593750 0.154297 0.591797 0.156250 0.591797 0.158203 0.595703 0.162109 0.599609 0.162109 0.601562 0.160156 0.601562 0.156250 0.599609 0.154297
0 0.925781 0.197266 0.923828 0.199219 0.921875 0.199219 0.921875 0.205078 0.925781 0.208984 0.927734 0.208984 0.931641 0.205078 0.931641 0.199219 0.929688 0.199219 0.927734 0.197266
0 0.855469 0.230469 0.853516 0.232422 0.853516 0.234375 0.855469 0.236328 0.859375 0.236328 0.861328 0.234375 0.861328 0.232422 0.859375 0.230469
0 0.750000 0.234375 0.746094 0.238281 0.746094 0.240234 0.750000 0.244141 0.751953 0.244141 0.755859 0.240234 0.755859 0.238281 0.751953 0.234375
0 0.859375 0.250000 0.855469 0.255859 0.855469 0.259766 0.859375 0.263672 0.859375 0.265625 0.861328 0.265625 0.863281 0.267578 0.867188 0.267578 0.871094 0.263672 0.871094 0.253906 0.867188 0.250000
0 0.574219 0.257812 0.572266 0.259766 0.572266 0.261719 0.574219 0.263672 0.576172 0.263672 0.578125 0.261719 0.578125 0.259766 0.576172 0.259766
0 0.119141 0.265625 0.119141 0.273438 0.123047 0.277344 0.125000 0.277344 0.126953 0.279297 0.140625 0.279297 0.144531 0.275391 0.144531 0.269531 0.140625 0.265625 0.136719 0.265625 0.134766 0.263672 0.128906 0.263672 0.126953 0.261719 0.123047 0.261719
0 0.904297 0.273438 0.902344 0.275391 0.902344 0.277344 0.904297 0.279297 0.906250 0.279297 0.908203 0.277344 0.908203 0.275391 0.906250 0.273438
0 0.875000 0.304688 0.873047 0.304688 0.871094 0.306641 0.875000 0.306641
0 0.857422 0.324219 0.855469 0.326172 0.855469 0.332031 0.859375 0.335938 0.865234 0.335938 0.865234 0.333984 0.867188 0.332031 0.867188 0.326172 0.865234 0.324219
0 0.964844 0.324219 0.962891 0.326172 0.962891 0.332031 0.964844 0.333984 0.968750 0.333984 0.970703 0.332031 0.970703 0.326172 0.968750 0.324219
0 0.445312 0.328125 0.443359 0.330078 0.445312 0.332031 0.447266 0.330078
0 0.685547 0.330078 0.681641 0.333984 0.685547 0.337891 0.689453 0.337891 0.691406 0.335938 0.691406 0.332031 0.689453 0.330078
0 0.894531 0.332031 0.892578 0.333984 0.892578 0.335938 0.894531 0.337891 0.896484 0.335938 0.896484 0.333984
0 0.248047 0.361328 0.246094 0.363281 0.246094 0.365234 0.248047 0.367188 0.250000 0.367188 0.251953 0.365234 0.251953 0.363281 0.250000 0.361328
0 0.921875 0.359375 0.917969 0.363281 0.908203 0.363281 0.906250 0.365234 0.906250 0.373047 0.904297 0.375000 0.906250 0.376953 0.906250 0.380859 0.904297 0.382812 0.906250 0.380859 0.912109 0.388672 0.917969 0.388672 0.919922 0.390625 0.921875 0.390625 0.927734 0.384766 0.927734 0.382812 0.931641 0.380859 0.931641 0.371094 0.929688 0.367188 0.921875 0.361328
0 0.171875 0.371094 0.167969 0.375000 0.166016 0.386719 0.162109 0.392578 0.175781 0.406250 0.185547 0.425781 0.203125 0.427734 0.205078 0.412109 0.197266 0.396484 0.193359 0.369141 0.181641 0.367188
0 0.126953 0.378906 0.125000 0.380859 0.126953 0.382812
0 0.433594 0.380859 0.429688 0.384766 0.429688 0.390625 0.431641 0.392578 0.437500 0.392578 0.441406 0.388672 0.441406 0.384766 0.437500 0.380859
0 0.751953 0.378906 0.750000 0.380859 0.750000 0.382812 0.751953 0.384766 0.755859 0.384766 0.755859 0.380859 0.753906 0.378906
0 0.404297 0.382812 0.402344 0.384766 0.402344 0.386719 0.400391 0.388672 0.402344 0.390625 0.402344 0.392578 0.404297 0.394531 0.408203 0.394531 0.410156 0.392578 0.412109 0.392578 0.412109 0.386719 0.408203 0.382812
0 0.882812 0.384766 0.878906 0.388672 0.875000 0.388672 0.873047 0.390625 0.873047 0.396484 0.871094 0.400391 0.878906 0.414062 0.882812 0.416016 0.888672 0.416016 0.896484 0.410156 0.898438 0.406250 0.898438 0.396484 0.894531 0.388672 0.892578 0.388672 0.888672 0.384766 0.884766 0.386719
0 0.984375 0.390625 0.982422 0.392578 0.982422 0.396484 0.984375 0.398438 0.988281 0.398438 0.990234 0.396484 0.990234 0.392578 0.988281 0.390625
1 0.326172 0.400391 0.324219 0.402344 0.326172 0.404297 0.328125 0.404297 0.330078 0.406250 0.330078 0.412109 0.332031 0.414062 0.333984 0.414062 0.335938 0.412109 0.335938 0.410156 0.330078 0.404297 0.330078 0.402344 0.328125 0.400391
0 0.355469 0.402344 0.357422 0.402344 0.359375 0.404297 0.359375 0.402344 0.361328 0.400391 0.355469 0.400391
0 0.304688 0.421875 0.302734 0.423828 0.302734 0.425781 0.300781 0.427734 0.304688 0.431641 0.310547 0.431641 0.310547 0.425781 0.306641 0.421875
0 0.632812 0.425781 0.630859 0.423828 0.628906 0.423828 0.625000 0.427734 0.626953 0.429688 0.630859 0.429688 0.632812 0.427734
0 0.156250 0.427734 0.154297 0.429688 0.154297 0.433594 0.156250 0.435547 0.156250 0.433594 0.158203 0.431641 0.156250 0.429688
0 0.730469 0.429688 0.728516 0.431641 0.728516 0.435547 0.732422 0.439453 0.736328 0.439453 0.740234 0.435547 0.740234 0.433594 0.736328 0.429688
1 0.296875 0.435547 0.296875 0.441406 0.294922 0.445312 0.298828 0.449219 0.300781 0.447266 0.304688 0.453125 0.316406 0.453125 0.322266 0.457031 0.326172 0.457031 0.328125 0.455078 0.328125 0.445312 0.330078 0.443359 0.330078 0.439453 0.324219 0.439453 0.322266 0.437500 0.320312 0.439453 0.310547 0.439453 0.308594 0.437500 0.304688 0.437500 0.300781 0.433594
0 0.775391 0.433594 0.773438 0.435547 0.773438 0.441406 0.777344 0.445312 0.779297 0.445312 0.781250 0.447266 0.785156 0.443359 0.785156 0.435547 0.783203 0.433594
0 0.349609 0.441406 0.345703 0.441406 0.341797 0.445312 0.343750 0.447266 0.343750 0.449219 0.345703 0.451172 0.347656 0.451172 0.351562 0.447266 0.351562 0.443359
0 0.876953 0.447266 0.875000 0.449219 0.875000 0.455078 0.876953 0.457031 0.880859 0.457031 0.882812 0.455078 0.882812 0.453125 0.884766 0.451172 0.882812 0.449219 0.880859 0.449219 0.878906 0.447266
0 0.923828 0.447266 0.921875 0.449219 0.916016 0.449219 0.912109 0.451172 0.908203 0.457031 0.908203 0.470703 0.916016 0.478516 0.921875 0.478516 0.929688 0.474609 0.935547 0.468750 0.935547 0.457031 0.927734 0.449219
0 0.763672 0.449219 0.757812 0.455078 0.757812 0.457031 0.755859 0.458984 0.755859 0.468750 0.759766 0.472656 0.771484 0.472656 0.775391 0.468750 0.775391 0.466797 0.777344 0.464844 0.777344 0.457031 0.773438 0.451172 0.771484 0.451172 0.769531 0.449219
0 0.207031 0.453125 0.205078 0.455078 0.205078 0.457031 0.207031 0.458984 0.208984 0.458984 0.210938 0.457031 0.210938 0.455078 0.208984 0.453125
0 0.291016 0.453125 0.289062 0.455078 0.289062 0.457031 0.291016 0.458984 0.294922 0.458984 0.296875 0.457031 0.292969 0.453125
0 0.199219 0.458984 0.199219 0.460938 0.197266 0.462891 0.199219 0.464844 0.203125 0.464844 0.203125 0.462891 0.201172 0.460938 0.201172 0.458984
0 0.343750 0.457031 0.341797 0.458984 0.339844 0.458984 0.337891 0.460938 0.337891 0.462891 0.335938 0.464844 0.335938 0.466797 0.337891 0.468750 0.337891 0.472656 0.341797 0.476562 0.345703 0.476562 0.347656 0.474609 0.347656 0.468750 0.345703 0.466797 0.345703 0.458984
0 0.947266 0.464844 0.947266 0.470703 0.955078 0.478516 0.964844 0.478516 0.966797 0.476562 0.972656 0.476562 0.978516 0.472656 0.978516 0.468750 0.980469 0.466797 0.978516 0.464844 0.978516 0.460938 0.972656 0.457031 0.962891 0.457031 0.960938 0.458984 0.957031 0.457031 0.955078 0.458984 0.951172 0.458984
0 0.617188 0.466797 0.615234 0.468750 0.615234 0.472656 0.617188 0.472656 0.619141 0.470703 0.619141 0.468750
0 0.818359 0.464844 0.820312 0.466797 0.822266 0.464844
0 0.431641 0.474609 0.429688 0.472656 0.427734 0.474609
0 0.927734 0.484375 0.925781 0.486328 0.925781 0.488281 0.927734 0.490234 0.931641 0.490234 0.933594 0.488281 0.929688 0.484375
0 0.962891 0.488281 0.960938 0.490234 0.960938 0.494141 0.962891 0.496094 0.964844 0.496094 0.966797 0.494141 0.966797 0.490234 0.964844 0.490234
0 0.417969 0.500000 0.416016 0.501953 0.416016 0.505859 0.417969 0.507812 0.421875 0.507812 0.423828 0.505859 0.423828 0.501953 0.421875 0.500000
0 0.720703 0.503906 0.718750 0.505859 0.718750 0.515625 0.720703 0.517578 0.726562 0.517578 0.730469 0.513672 0.730469 0.507812 0.726562 0.503906
0 0.318359 0.509766 0.318359 0.511719 0.316406 0.513672 0.318359 0.515625 0.320312 0.515625 0.322266 0.513672 0.320312 0.511719 0.320312 0.509766
0 0.792969 0.513672 0.798828 0.513672 0.794922 0.509766 0.794922 0.511719
0 0.718750 0.533203 0.716797 0.535156 0.712891 0.535156 0.710938 0.537109 0.710938 0.546875 0.714844 0.550781 0.720703 0.550781 0.726562 0.544922 0.726562 0.541016 0.724609 0.539062 0.724609 0.537109
0 0.851562 0.533203 0.841797 0.533203 0.833984 0.548828 0.832031 0.572266 0.833984 0.576172 0.837891 0.578125 0.849609 0.576172 0.853516 0.572266 0.857422 0.562500 0.857422 0.554688 0.859375 0.552734 0.857422 0.550781 0.859375 0.544922 0.857422 0.539062
0 0.898438 0.533203 0.896484 0.535156 0.896484 0.541016 0.900391 0.544922 0.900391 0.546875 0.906250 0.550781 0.912109 0.550781 0.916016 0.546875 0.916016 0.539062 0.914062 0.537109 0.914062 0.535156 0.908203 0.531250 0.902344 0.531250 0.900391 0.533203
0 0.974609 0.537109 0.970703 0.541016 0.970703 0.548828 0.972656 0.550781 0.972656 0.552734 0.980469 0.560547 0.980469 0.562500 0.982422 0.564453 0.990234 0.564453 0.994141 0.560547 0.992188 0.558594 0.992188 0.552734 0.988281 0.548828 0.986328 0.542969 0.980469 0.537109
0 0.814453 0.544922 0.812500 0.546875 0.810547 0.546875 0.808594 0.548828 0.808594 0.550781 0.812500 0.554688 0.814453 0.554688 0.816406 0.552734 0.818359 0.552734 0.820312 0.550781
0 0.798828 0.554688 0.792969 0.548828 0.785156 0.548828 0.783203 0.550781 0.777344 0.550781 0.773438 0.554688 0.773438 0.558594 0.777344 0.564453 0.785156 0.564453 0.787109 0.562500 0.792969 0.560547 0.796875 0.556641 0.798828 0.556641
0 0.322266 0.556641 0.318359 0.560547 0.318359 0.562500 0.322266 0.566406 0.324219 0.566406 0.326172 0.564453 0.326172 0.560547 0.324219 0.558594 0.324219 0.556641
0 0.810547 0.560547 0.806641 0.564453 0.806641 0.566406 0.792969 0.578125 0.792969 0.583984 0.798828 0.589844 0.808594 0.589844 0.814453 0.595703 0.816406 0.595703 0.818359 0.593750 0.818359 0.589844 0.814453 0.583984 0.814453 0.572266 0.816406 0.570312 0.816406 0.564453
0 0.912109 0.558594 0.908203 0.558594 0.904297 0.562500 0.904297 0.566406 0.908203 0.570312 0.910156 0.568359 0.912109 0.568359 0.916016 0.564453 0.916016 0.562500
0 0.703125 0.564453 0.699219 0.568359 0.701172 0.570312 0.703125 0.570312 0.705078 0.572266 0.707031 0.570312 0.707031 0.566406 0.705078 0.564453
0 0.501953 0.578125 0.500000 0.578125 0.498047 0.580078 0.500000 0.582031 0.501953 0.580078
0 0.753906 0.582031 0.751953 0.583984 0.751953 0.587891 0.753906 0.589844 0.757812 0.589844 0.759766 0.587891 0.759766 0.583984 0.757812 0.582031
0 0.343750 0.585938 0.339844 0.589844 0.341797 0.591797 0.341797 0.593750 0.347656 0.593750 0.349609 0.591797 0.349609 0.587891 0.347656 0.585938
0 0.908203 0.585938 0.902344 0.589844 0.902344 0.599609 0.906250 0.603516 0.912109 0.603516 0.917969 0.597656 0.917969 0.591797 0.914062 0.587891 0.912109 0.587891 0.910156 0.585938
0 0.783203 0.607422 0.781250 0.607422 0.777344 0.611328 0.777344 0.613281 0.779297 0.615234 0.783203 0.615234 0.785156 0.613281 0.785156 0.609375
0 0.886719 0.611328 0.882812 0.615234 0.882812 0.617188 0.884766 0.619141 0.884766 0.621094 0.890625 0.621094 0.894531 0.617188 0.894531 0.615234 0.890625 0.611328
0 0.650391 0.619141 0.648438 0.621094 0.648438 0.623047 0.646484 0.625000 0.646484 0.626953 0.648438 0.628906 0.654297 0.628906 0.656250 0.626953 0.656250 0.625000 0.658203 0.623047 0.656250 0.623047 0.652344 0.619141
0 0.781250 0.626953 0.779297 0.628906 0.773438 0.628906 0.771484 0.630859 0.771484 0.632812 0.769531 0.634766 0.769531 0.636719 0.771484 0.638672 0.771484 0.640625 0.773438 0.642578 0.781250 0.642578 0.785156 0.638672 0.785156 0.630859
0 0.835938 0.625000 0.832031 0.628906 0.830078 0.628906 0.830078 0.636719 0.832031 0.638672 0.832031 0.642578 0.833984 0.642578 0.837891 0.646484 0.839844 0.646484 0.841797 0.648438 0.845703 0.648438 0.851562 0.642578 0.851562 0.636719 0.849609 0.634766 0.849609 0.630859 0.839844 0.625000
0 0.451172 0.630859 0.449219 0.632812 0.449219 0.634766 0.451172 0.636719 0.455078 0.636719 0.457031 0.634766 0.457031 0.632812 0.455078 0.630859
0 0.861328 0.628906 0.859375 0.630859 0.857422 0.630859 0.857422 0.632812 0.855469 0.634766 0.855469 0.636719 0.857422 0.638672 0.857422 0.640625 0.859375 0.642578 0.865234 0.642578 0.869141 0.638672 0.869141 0.630859 0.867188 0.628906
0 0.968750 0.628906 0.966797 0.630859 0.966797 0.634766 0.968750 0.636719 0.970703 0.636719 0.972656 0.634766 0.972656 0.630859 0.970703 0.628906
0 0.802734 0.632812 0.798828 0.632812 0.796875 0.634766 0.796875 0.636719 0.798828 0.638672 0.800781 0.638672 0.802734 0.636719
0 0.697266 0.640625 0.693359 0.640625 0.691406 0.642578 0.691406 0.648438 0.693359 0.650391 0.695312 0.650391 0.697266 0.648438
0 0.820312 0.648438 0.816406 0.652344 0.816406 0.654297 0.820312 0.658203 0.824219 0.658203 0.826172 0.656250 0.826172 0.650391 0.824219 0.648438
0 0.857422 0.648438 0.855469 0.650391 0.855469 0.652344 0.857422 0.654297 0.861328 0.654297 0.863281 0.652344 0.863281 0.650391 0.861328 0.650391 0.859375 0.648438
1 0.375000 0.654297 0.371094 0.658203 0.373047 0.662109 0.382812 0.662109 0.384766 0.660156 0.390625 0.660156 0.398438 0.666016 0.392578 0.671875 0.392578 0.681641 0.396484 0.689453 0.398438 0.689453 0.402344 0.693359 0.400391 0.703125 0.402344 0.705078 0.408203 0.705078 0.412109 0.701172 0.417969 0.701172 0.419922 0.699219 0.419922 0.695312 0.414062 0.689453 0.414062 0.685547 0.410156 0.685547 0.406250 0.681641 0.404297 0.675781 0.398438 0.667969 0.398438 0.666016 0.404297 0.660156 0.406250 0.662109 0.402344 0.656250 0.396484 0.658203 0.392578 0.654297 0.392578 0.652344 0.378906 0.652344
0 0.740234 0.652344 0.734375 0.658203 0.734375 0.671875 0.736328 0.673828 0.736328 0.675781 0.742188 0.681641 0.748047 0.681641 0.755859 0.675781 0.757812 0.666016 0.755859 0.664062 0.753906 0.658203 0.748047 0.652344
0 0.935547 0.652344 0.931641 0.658203 0.931641 0.662109 0.933594 0.664062 0.933594 0.667969 0.935547 0.667969 0.939453 0.671875 0.943359 0.671875 0.945312 0.669922 0.949219 0.669922 0.949219 0.662109 0.947266 0.660156 0.947266 0.658203 0.941406 0.652344
0 0.841797 0.664062 0.839844 0.666016 0.839844 0.667969 0.841797 0.669922 0.843750 0.669922 0.845703 0.667969 0.845703 0.666016 0.843750 0.664062
0 0.890625 0.664062 0.886719 0.667969 0.886719 0.677734 0.884766 0.679688 0.884766 0.681641 0.886719 0.683594 0.888672 0.683594 0.890625 0.681641 0.892578 0.681641 0.894531 0.683594 0.898438 0.683594 0.902344 0.677734 0.902344 0.666016 0.900391 0.664062
0 0.566406 0.667969 0.564453 0.667969 0.562500 0.669922 0.560547 0.669922 0.556641 0.673828 0.556641 0.679688 0.560547 0.685547 0.568359 0.685547 0.572266 0.681641 0.574219 0.681641 0.574219 0.673828 0.570312 0.669922 0.568359 0.669922
0 0.869141 0.673828 0.869141 0.675781 0.871094 0.675781 0.873047 0.677734 0.875000 0.675781 0.876953 0.675781 0.876953 0.671875 0.875000 0.673828 0.873047 0.671875 0.871094 0.671875
0 0.507812 0.679688 0.505859 0.681641 0.505859 0.687500 0.507812 0.689453 0.509766 0.689453 0.511719 0.687500 0.511719 0.681641 0.509766 0.679688
0 0.734375 0.683594 0.732422 0.683594 0.728516 0.687500 0.728516 0.689453 0.726562 0.691406 0.726562 0.699219 0.728516 0.701172 0.734375 0.701172 0.740234 0.695312 0.738281 0.693359 0.738281 0.689453 0.740234 0.687500 0.738281 0.687500
1 0.703125 0.689453 0.695312 0.697266 0.695312 0.708984 0.708984 0.714844 0.708984 0.730469 0.720703 0.734375 0.734375 0.750000 0.753906 0.748047 0.757812 0.744141 0.757812 0.728516 0.748047 0.716797 0.750000 0.712891 0.748047 0.714844 0.744141 0.710938 0.740234 0.716797 0.726562 0.722656 0.714844 0.714844 0.720703 0.703125 0.712891 0.691406
0 0.808594 0.689453 0.802734 0.695312 0.802734 0.703125 0.804688 0.705078 0.804688 0.708984 0.806641 0.710938 0.806641 0.712891 0.810547 0.716797 0.816406 0.716797 0.822266 0.710938 0.824219 0.701172 0.818359 0.691406 0.816406 0.691406 0.814453 0.689453
0 0.966797 0.703125 0.962891 0.707031 0.962891 0.712891 0.964844 0.714844 0.970703 0.714844 0.974609 0.710938 0.974609 0.707031 0.970703 0.703125
0 0.419922 0.710938 0.416016 0.714844 0.416016 0.716797 0.417969 0.718750 0.417969 0.720703 0.425781 0.720703 0.425781 0.718750 0.427734 0.716797 0.427734 0.714844 0.423828 0.710938
0 0.794922 0.716797 0.798828 0.712891 0.800781 0.712891 0.798828 0.710938 0.794922 0.710938
0 0.986328 0.712891 0.984375 0.714844 0.984375 0.718750 0.990234 0.724609 0.994141 0.724609 0.998047 0.720703 0.998047 0.716797 0.994141 0.712891
0 0.683594 0.726562 0.679688 0.732422 0.679688 0.738281 0.685547 0.744141 0.689453 0.744141 0.699219 0.751953 0.703125 0.751953 0.703125 0.750000 0.707031 0.746094 0.705078 0.744141 0.705078 0.740234 0.703125 0.736328 0.699219 0.734375 0.699219 0.730469 0.693359 0.724609
0 0.533203 0.744141 0.533203 0.748047 0.537109 0.748047 0.537109 0.744141
0 0.890625 0.763672 0.892578 0.767578 0.898438 0.763672 0.902344 0.765625 0.906250 0.765625 0.908203 0.763672 0.916016 0.769531 0.921875 0.769531 0.927734 0.765625 0.929688 0.761719 0.929688 0.751953 0.923828 0.746094 0.916016 0.746094 0.914062 0.748047 0.908203 0.746094 0.906250 0.750000
0 0.669922 0.750000 0.667969 0.751953 0.667969 0.757812 0.673828 0.757812 0.675781 0.755859 0.675781 0.751953 0.673828 0.750000
0 0.533203 0.759766 0.529297 0.763672 0.529297 0.769531 0.531250 0.771484 0.537109 0.771484 0.541016 0.767578 0.541016 0.765625 0.539062 0.763672 0.539062 0.761719 0.537109 0.759766
0 0.689453 0.761719 0.687500 0.763672 0.687500 0.769531 0.689453 0.771484 0.695312 0.771484 0.697266 0.769531 0.697266 0.763672 0.695312 0.761719
0 0.324219 0.765625 0.320312 0.765625 0.318359 0.767578 0.318359 0.769531 0.320312 0.771484 0.324219 0.767578
0 0.828125 0.767578 0.826172 0.769531 0.822266 0.769531 0.820312 0.771484 0.820312 0.779297 0.822266 0.781250 0.826172 0.781250 0.828125 0.779297 0.830078 0.779297 0.830078 0.777344 0.832031 0.775391 0.833984 0.775391 0.832031 0.775391 0.830078 0.773438 0.832031 0.771484 0.830078 0.773438 0.828125 0.771484
0 0.888672 0.769531 0.886719 0.767578 0.884766 0.767578 0.882812 0.765625 0.880859 0.765625 0.878906 0.767578 0.878906 0.771484 0.876953 0.773438 0.884766 0.773438
0 0.759766 0.771484 0.757812 0.773438 0.757812 0.775391 0.759766 0.777344 0.761719 0.775391 0.761719 0.773438
0 0.765625 0.779297 0.771484 0.779297 0.773438 0.777344 0.771484 0.775391 0.767578 0.775391 0.765625 0.777344
0 0.794922 0.773438 0.792969 0.775391 0.796875 0.779297 0.794922 0.777344 0.796875 0.775391 0.796875 0.773438
0 0.919922 0.777344 0.919922 0.781250 0.923828 0.785156 0.927734 0.785156 0.929688 0.783203 0.929688 0.779297 0.925781 0.775391 0.923828 0.775391 0.921875 0.777344
0 0.779297 0.787109 0.775391 0.787109 0.771484 0.791016 0.771484 0.792969 0.769531 0.794922 0.769531 0.802734 0.775391 0.806641 0.777344 0.806641 0.779297 0.804688 0.781250 0.804688 0.781250 0.802734 0.783203 0.800781 0.785156 0.800781 0.785156 0.794922 0.783203 0.792969 0.783203 0.791016
0 0.498047 0.791016 0.490234 0.791016 0.490234 0.792969 0.486328 0.796875 0.488281 0.798828 0.488281 0.800781 0.486328 0.802734 0.492188 0.808594 0.492188 0.810547 0.494141 0.812500 0.492188 0.810547 0.494141 0.808594 0.498047 0.808594 0.498047 0.804688 0.501953 0.800781 0.501953 0.796875
0 0.341797 0.792969 0.339844 0.794922 0.339844 0.798828 0.341797 0.800781 0.345703 0.800781 0.345703 0.794922 0.343750 0.792969
0 0.691406 0.792969 0.685547 0.798828 0.685547 0.806641 0.689453 0.810547 0.687500 0.812500 0.689453 0.810547 0.695312 0.816406 0.703125 0.816406 0.707031 0.812500 0.707031 0.808594 0.708984 0.806641 0.708984 0.804688 0.707031 0.802734 0.707031 0.798828 0.701172 0.792969
0 0.591797 0.796875 0.589844 0.798828 0.589844 0.800781 0.591797 0.802734 0.593750 0.802734 0.593750 0.800781 0.595703 0.798828 0.593750 0.796875
1 0.832031 0.816406 0.828125 0.814453 0.824219 0.814453 0.818359 0.808594 0.814453 0.808594 0.808594 0.814453 0.808594 0.820312 0.806641 0.822266 0.800781 0.822266 0.800781 0.826172 0.804688 0.824219 0.818359 0.826172 0.822266 0.822266 0.826172 0.822266 0.828125 0.824219 0.832031 0.820312
1 0.382812 0.830078 0.392578 0.843750 0.431641 0.847656 0.449219 0.869141 0.458984 0.871094 0.466797 0.865234 0.472656 0.871094 0.466797 0.892578 0.478516 0.896484 0.486328 0.888672 0.505859 0.916016 0.515625 0.912109 0.519531 0.902344 0.527344 0.910156 0.517578 0.917969 0.523438 0.927734 0.546875 0.927734 0.558594 0.912109 0.566406 0.919922 0.576172 0.916016 0.570312 0.898438 0.560547 0.898438 0.548828 0.886719 0.529297 0.880859 0.541016 0.869141 0.541016 0.861328 0.535156 0.857422 0.527344 0.859375 0.525391 0.876953 0.511719 0.892578 0.496094 0.853516 0.484375 0.851562 0.470703 0.857422 0.464844 0.845703 0.439453 0.824219 0.419922 0.828125 0.396484 0.812500
0 0.671875 0.814453 0.669922 0.816406 0.671875 0.816406 0.673828 0.818359 0.675781 0.816406 0.673828 0.814453
0 0.908203 0.816406 0.904297 0.820312 0.904297 0.826172 0.906250 0.828125 0.908203 0.828125 0.910156 0.830078 0.916016 0.830078 0.919922 0.826172 0.919922 0.820312 0.916016 0.816406
0 0.271484 0.824219 0.269531 0.826172 0.271484 0.828125 0.273438 0.828125 0.275391 0.826172 0.273438 0.824219
1 0.976562 0.835938 0.972656 0.841797 0.978516 0.847656 0.978516 0.855469 0.980469 0.857422 0.986328 0.857422 0.988281 0.855469 0.988281 0.853516 0.978516 0.845703 0.980469 0.843750 0.982422 0.843750 0.982422 0.837891
0 0.779297 0.839844 0.775391 0.843750 0.775391 0.845703 0.773438 0.847656 0.773438 0.849609 0.775391 0.851562 0.777344 0.851562 0.779297 0.853516 0.783203 0.853516 0.787109 0.849609 0.787109 0.843750 0.783203 0.839844
0 0.750000 0.845703 0.751953 0.847656 0.751953 0.853516 0.753906 0.855469 0.755859 0.855469 0.757812 0.857422 0.759766 0.855469 0.759766 0.853516 0.761719 0.851562 0.763672 0.853516 0.761719 0.851562 0.761719 0.845703 0.759766 0.843750 0.755859 0.843750 0.753906 0.845703
0 0.867188 0.843750 0.863281 0.847656 0.863281 0.855469 0.867188 0.859375 0.875000 0.859375 0.876953 0.857422 0.876953 0.855469 0.878906 0.853516 0.878906 0.849609 0.876953 0.847656 0.875000 0.847656 0.873047 0.845703 0.873047 0.843750
0 0.908203 0.849609 0.908203 0.855469 0.916016 0.863281 0.921875 0.863281 0.923828 0.861328 0.927734 0.861328 0.931641 0.855469 0.929688 0.849609 0.925781 0.845703 0.923828 0.845703 0.921875 0.843750 0.916016 0.843750 0.914062 0.845703 0.912109 0.845703
1 0.636719 0.855469 0.632812 0.869141 0.644531 0.875000 0.648438 0.871094 0.650391 0.878906 0.666016 0.890625 0.679688 0.890625 0.687500 0.904297 0.685547 0.906250 0.697266 0.908203 0.707031 0.900391 0.707031 0.886719 0.693359 0.876953 0.695312 0.865234 0.683594 0.849609 0.666016 0.847656 0.652344 0.859375
0 0.943359 0.853516 0.939453 0.857422 0.939453 0.861328 0.941406 0.863281 0.941406 0.865234 0.943359 0.867188 0.945312 0.867188 0.947266 0.869141 0.949219 0.869141 0.951172 0.867188 0.953125 0.867188 0.955078 0.865234 0.955078 0.857422 0.953125 0.855469 0.951172 0.855469 0.949219 0.853516
0 0.322266 0.855469 0.318359 0.855469 0.316406 0.857422 0.316406 0.859375 0.318359 0.861328 0.320312 0.859375 0.322266 0.859375
1 0.722656 0.865234 0.722656 0.873047 0.726562 0.876953 0.742188 0.876953 0.748047 0.871094 0.750000 0.871094 0.755859 0.876953 0.761719 0.876953 0.765625 0.873047 0.765625 0.867188 0.761719 0.863281 0.757812 0.863281 0.755859 0.861328 0.748047 0.865234 0.744141 0.861328 0.736328 0.859375 0.734375 0.861328 0.728516 0.861328
0 0.908203 0.876953 0.910156 0.878906 0.916016 0.878906 0.916016 0.876953 0.912109 0.873047
0 0.968750 0.875000 0.966797 0.876953 0.966797 0.880859 0.970703 0.884766 0.972656 0.884766 0.976562 0.880859 0.976562 0.878906 0.972656 0.875000
0 0.615234 0.878906 0.611328 0.878906 0.609375 0.880859 0.609375 0.882812 0.613281 0.886719 0.617188 0.882812 0.617188 0.880859
0 0.642578 0.880859 0.640625 0.882812 0.642578 0.884766 0.644531 0.884766 0.644531 0.882812
0 0.955078 0.882812 0.947266 0.882812 0.945312 0.884766 0.945312 0.894531 0.941406 0.900391 0.943359 0.902344 0.947266 0.898438 0.953125 0.898438 0.957031 0.894531 0.957031 0.884766
1 0.810547 0.888672 0.806641 0.886719 0.800781 0.890625 0.791016 0.890625 0.783203 0.896484 0.773438 0.894531 0.765625 0.898438 0.759766 0.908203 0.771484 0.919922 0.781250 0.919922 0.783203 0.914062 0.792969 0.917969 0.800781 0.916016 0.804688 0.912109 0.802734 0.910156 0.804688 0.898438 0.810547 0.892578
0 0.884766 0.890625 0.884766 0.894531 0.888672 0.898438 0.890625 0.898438 0.892578 0.900391 0.894531 0.900391 0.896484 0.898438 0.896484 0.892578 0.892578 0.888672 0.888672 0.888672 0.886719 0.890625
0 0.656250 0.892578 0.646484 0.898438 0.634766 0.912109 0.632812 0.919922 0.634766 0.921875 0.634766 0.931641 0.652344 0.943359 0.662109 0.943359 0.664062 0.941406 0.666016 0.943359 0.675781 0.935547 0.679688 0.923828 0.669922 0.902344 0.662109 0.894531
0 0.730469 0.908203 0.726562 0.904297 0.724609 0.906250 0.714844 0.906250 0.710938 0.910156 0.710938 0.912109 0.708984 0.914062 0.708984 0.919922 0.710938 0.921875 0.710938 0.923828 0.714844 0.923828 0.716797 0.925781 0.728516 0.925781 0.730469 0.923828 0.730469 0.919922 0.732422 0.917969 0.732422 0.912109 0.730469 0.910156
0 0.281250 0.910156 0.279297 0.912109 0.279297 0.914062 0.281250 0.914062
0 0.951172 0.910156 0.947266 0.914062 0.947266 0.917969 0.949219 0.919922 0.953125 0.919922 0.955078 0.917969 0.955078 0.914062
0 0.693359 0.914062 0.693359 0.916016 0.689453 0.919922 0.691406 0.921875 0.691406 0.923828 0.699219 0.923828 0.701172 0.921875 0.701172 0.917969 0.699219 0.916016 0.695312 0.916016
0 0.740234 0.916016 0.734375 0.921875 0.736328 0.921875 0.740234 0.925781 0.742188 0.925781 0.746094 0.921875 0.744141 0.919922 0.744141 0.917969 0.742188 0.916016
0 0.947266 0.927734 0.945312 0.929688 0.943359 0.929688 0.939453 0.935547 0.939453 0.947266 0.943359 0.951172 0.945312 0.951172 0.947266 0.953125 0.951172 0.953125 0.953125 0.951172 0.957031 0.951172 0.960938 0.947266 0.960938 0.937500 0.957031 0.931641
0 0.966797 0.925781 0.962891 0.925781 0.960938 0.927734 0.960938 0.929688 0.962891 0.931641 0.964844 0.931641 0.966797 0.929688
0 0.537109 0.943359 0.535156 0.945312 0.535156 0.947266 0.537109 0.949219 0.541016 0.945312 0.539062 0.945312
0 0.878906 0.941406 0.875000 0.945312 0.875000 0.951172 0.878906 0.955078 0.882812 0.955078 0.886719 0.951172 0.886719 0.945312 0.884766 0.945312 0.880859 0.941406
0 0.968750 0.945312 0.968750 0.949219 0.972656 0.953125 0.974609 0.953125 0.976562 0.955078 0.982422 0.951172 0.986328 0.951172 0.988281 0.953125 0.988281 0.949219 0.986328 0.951172 0.984375 0.951172 0.982422 0.949219 0.982422 0.945312 0.978516 0.941406 0.974609 0.941406
0 0.570312 0.945312 0.566406 0.949219 0.566406 0.951172 0.570312 0.955078 0.572266 0.955078 0.576172 0.951172 0.574219 0.949219 0.574219 0.947266 0.572266 0.945312
0 0.757812 0.945312 0.755859 0.947266 0.755859 0.949219 0.753906 0.951172 0.751953 0.949219 0.753906 0.951172 0.751953 0.953125 0.751953 0.955078 0.755859 0.958984 0.757812 0.958984 0.759766 0.957031 0.761719 0.957031 0.763672 0.955078 0.761719 0.953125 0.763672 0.951172 0.761719 0.951172 0.759766 0.949219 0.759766 0.947266
0 0.916016 0.945312 0.908203 0.945312 0.906250 0.947266 0.904297 0.947266 0.904297 0.951172 0.902344 0.953125 0.904297 0.955078 0.902344 0.957031 0.906250 0.957031 0.912109 0.960938 0.914062 0.958984 0.916016 0.958984 0.917969 0.957031 0.917969 0.949219 0.916016 0.947266
0 0.685547 0.953125 0.681641 0.957031 0.681641 0.962891 0.683594 0.964844 0.683594 0.966797 0.685547 0.968750 0.687500 0.968750 0.689453 0.970703 0.691406 0.970703 0.695312 0.966797 0.695312 0.957031 0.691406 0.953125
0 0.859375 0.960938 0.855469 0.964844 0.855469 0.968750 0.857422 0.970703 0.863281 0.970703 0.865234 0.968750 0.865234 0.962891 0.863281 0.960938
0 0.537109 0.964844 0.535156 0.966797 0.537109 0.968750 0.537109 0.970703 0.539062 0.968750 0.541016 0.968750 0.541016 0.966797 0.539062 0.966797
0 0.505859 0.974609 0.505859 0.976562 0.503906 0.978516 0.503906 0.982422 0.505859 0.984375 0.505859 0.986328 0.509766 0.990234 0.509766 0.992188 0.511719 0.994141 0.519531 0.994141 0.523438 0.990234 0.523438 0.986328 0.525391 0.984375 0.523438 0.982422 0.523438 0.978516 0.519531 0.974609 0.517578 0.974609 0.515625 0.972656 0.509766 0.972656 0.507812 0.974609
0 0.662109 0.976562 0.660156 0.976562 0.658203 0.974609 0.656250 0.976562 0.654297 0.976562 0.654297 0.982422 0.660156 0.982422 0.662109 0.980469
0 0.417969 0.978516 0.417969 0.980469 0.416016 0.982422 0.417969 0.984375 0.419922 0.984375 0.421875 0.982422 0.419922 0.980469 0.419922 0.978516
0 0.582031 0.978516 0.578125 0.982422 0.576172 0.982422 0.576172 0.990234 0.580078 0.994141 0.585938 0.994141 0.587891 0.992188 0.587891 0.990234 0.589844 0.988281 0.589844 0.986328 0.587891 0.984375 0.587891 0.982422 0.583984 0.978516
0 0.537109 0.980469 0.535156 0.982422 0.533203 0.982422 0.533203 0.986328 0.537109 0.986328
0 0.867188 0.984375 0.865234 0.986328 0.865234 0.992188 0.869141 0.996094 0.869141 0.998047 0.875000 0.998047 0.875000 0.996094 0.876953 0.994141 0.876953 0.986328 0.875000 0.984375
1 0.941406 0.996094 0.939453 0.994141 0.939453 0.992188 0.937500 0.990234 0.933594 0.990234 0.927734 0.996094 0.925781 0.996094 0.925781 0.998047 0.941406 0.998047
0 0.726562 0.998047 0.736328 0.998047 0.732422 0.994141 0.730469 0.994141
0 0.953125 0.992188 0.953125 0.996094 0.955078 0.998047 0.957031 0.998047 0.957031 0.994141 0.955078 0.992188
1 0.494141 0.998047 0.492188 0.996094 0.490234 0.996094 0.488281 0.998047 0.486328 0.998047
0 0.939453 0.056641 0.939453 0.060547 0.935547 0.060547 0.933594 0.058594 0.937500 0.054688
0 0.931641 0.064453 0.931641 0.068359 0.927734 0.068359 0.925781 0.066406 0.929688 0.062500
0 0.000000 0.095703 0.000000 0.085938 0.001953 0.087891 0.003906 0.087891 0.003906 0.093750 0.001953 0.093750
0 0.015625 0.091797 0.015625 0.095703 0.011719 0.095703 0.009766 0.093750 0.013672 0.089844
0 0.001953 0.105469 0.000000 0.105469 0.000000 0.099609 0.000000 0.101562 0.001953 0.103516
0 0.441406 0.140625 0.441406 0.144531 0.437500 0.144531 0.435547 0.142578 0.439453 0.138672
0 0.603516 0.152344 0.601562 0.152344 0.599609 0.154297 0.595703 0.154297 0.593750 0.152344 0.593750 0.146484 0.595703 0.144531 0.599609 0.144531 0.601562 0.146484 0.603516 0.146484
0 0.439453 0.152344 0.439453 0.156250 0.435547 0.156250 0.433594 0.154297 0.437500 0.150391
0 0.605469 0.156250 0.605469 0.160156 0.601562 0.160156 0.599609 0.158203 0.603516 0.154297
0 0.591797 0.158203 0.591797 0.162109 0.587891 0.162109 0.585938 0.160156 0.589844 0.156250
0 0.052734 0.175781 0.050781 0.175781 0.048828 0.177734 0.044922 0.177734 0.042969 0.175781 0.042969 0.169922 0.044922 0.167969 0.048828 0.167969 0.050781 0.169922 0.052734 0.169922
0 0.033203 0.181641 0.027344 0.187500 0.021484 0.187500 0.015625 0.181641 0.015625 0.175781 0.021484 0.169922 0.027344 0.169922 0.033203 0.175781
0 0.931641 0.195312 0.929688 0.195312 0.927734 0.197266 0.923828 0.197266 0.921875 0.195312 0.921875 0.189453 0.923828 0.187500 0.927734 0.187500 0.929688 0.189453 0.931641 0.189453
0 0.052734 0.197266 0.050781 0.197266 0.048828 0.199219 0.044922 0.199219 0.042969 0.197266 0.042969 0.191406 0.044922 0.189453 0.048828 0.189453 0.050781 0.191406 0.052734 0.191406
0 0.015625 0.201172 0.013672 0.201172 0.011719 0.203125 0.007812 0.203125 0.005859 0.201172 0.005859 0.195312 0.007812 0.193359 0.011719 0.193359 0.013672 0.195312 0.015625 0.195312
0 0.042969 0.203125 0.041016 0.203125 0.039062 0.205078 0.035156 0.205078 0.033203 0.203125 0.033203 0.197266 0.035156 0.195312 0.039062 0.195312 0.041016 0.197266 0.042969 0.197266
0 0.003906 0.214844 0.000000 0.214844 0.000000 0.193359 0.003906 0.193359 0.005859 0.195312 0.005859 0.197266 0.007812 0.197266 0.009766 0.199219 0.009766 0.208984 0.007812 0.210938 0.007812 0.212891 0.005859 0.212891
0 0.923828 0.207031 0.923828 0.210938 0.919922 0.210938 0.917969 0.208984 0.921875 0.205078
0 0.933594 0.207031 0.933594 0.210938 0.929688 0.210938 0.927734 0.208984 0.931641 0.205078
0 0.000000 0.214844 0.000000 0.205078 0.001953 0.207031 0.003906 0.207031 0.003906 0.212891 0.001953 0.212891
0 0.029297 0.228516 0.027344 0.228516 0.025391 0.230469 0.021484 0.230469 0.019531 0.228516 0.019531 0.222656 0.021484 0.220703 0.025391 0.220703 0.027344 0.222656 0.029297 0.222656
0 0.857422 0.226562 0.857422 0.230469 0.853516 0.230469 0.851562 0.228516 0.855469 0.224609
0 0.853516 0.232422 0.853516 0.236328 0.849609 0.236328 0.847656 0.234375 0.851562 0.230469
0 0.763672 0.240234 0.761719 0.240234 0.759766 0.242188 0.755859 0.242188 0.753906 0.240234 0.753906 0.234375 0.755859 0.232422 0.759766 0.232422 0.761719 0.234375 0.763672 0.234375
0 0.017578 0.240234 0.015625 0.242188 0.015625 0.244141 0.013672 0.246094 0.007812 0.246094 0.005859 0.244141 0.005859 0.242188 0.003906 0.240234 0.003906 0.238281 0.005859 0.236328 0.005859 0.234375 0.007812 0.232422 0.013672 0.232422 0.015625 0.234375 0.015625 0.236328 0.017578 0.238281
0 0.746094 0.238281 0.746094 0.242188 0.742188 0.242188 0.740234 0.240234 0.744141 0.236328
0 0.867188 0.244141 0.865234 0.246094 0.865234 0.248047 0.863281 0.250000 0.857422 0.250000 0.855469 0.248047 0.855469 0.246094 0.853516 0.244141 0.853516 0.242188 0.855469 0.240234 0.855469 0.238281 0.857422 0.236328 0.863281 0.236328 0.865234 0.238281 0.865234 0.240234 0.867188 0.242188
0 0.751953 0.244141 0.751953 0.248047 0.748047 0.248047 0.746094 0.246094 0.750000 0.242188
0 0.582031 0.255859 0.582031 0.259766 0.578125 0.259766 0.576172 0.257812 0.580078 0.253906
0 0.878906 0.261719 0.876953 0.261719 0.875000 0.263672 0.871094 0.263672 0.869141 0.261719 0.869141 0.255859 0.871094 0.253906 0.875000 0.253906 0.876953 0.255859 0.878906 0.255859
0 0.138672 0.259766 0.138672 0.263672 0.134766 0.263672 0.132812 0.261719 0.136719 0.257812
0 0.859375 0.265625 0.857422 0.265625 0.855469 0.267578 0.851562 0.267578 0.849609 0.265625 0.849609 0.259766 0.851562 0.257812 0.855469 0.257812 0.857422 0.259766 0.859375 0.259766
0 0.865234 0.271484 0.863281 0.271484 0.861328 0.273438 0.857422 0.273438 0.855469 0.271484 0.855469 0.265625 0.857422 0.263672 0.861328 0.263672 0.863281 0.265625 0.865234 0.265625
0 0.148438 0.269531 0.148438 0.273438 0.144531 0.273438 0.142578 0.271484 0.146484 0.267578
0 0.910156 0.269531 0.910156 0.273438 0.906250 0.273438 0.904297 0.271484 0.908203 0.267578
0 0.019531 0.273438 0.017578 0.275391 0.017578 0.277344 0.015625 0.279297 0.009766 0.279297 0.007812 0.277344 0.007812 0.275391 0.005859 0.273438 0.005859 0.271484 0.007812 0.269531 0.007812 0.267578 0.009766 0.265625 0.015625 0.265625 0.017578 0.267578 0.017578 0.269531 0.019531 0.271484
0 0.912109 0.277344 0.912109 0.281250 0.908203 0.281250 0.906250 0.279297 0.910156 0.275391
0 0.132812 0.285156 0.130859 0.285156 0.128906 0.287109 0.125000 0.287109 0.123047 0.285156 0.123047 0.279297 0.125000 0.277344 0.128906 0.277344 0.130859 0.279297 0.132812 0.279297
0 0.140625 0.285156 0.138672 0.285156 0.136719 0.287109 0.132812 0.287109 0.130859 0.285156 0.130859 0.279297 0.132812 0.277344 0.136719 0.277344 0.138672 0.279297 0.140625 0.279297
0 0.060547 0.298828 0.058594 0.300781 0.058594 0.302734 0.056641 0.304688 0.050781 0.304688 0.048828 0.302734 0.048828 0.300781 0.046875 0.298828 0.046875 0.296875 0.048828 0.294922 0.048828 0.292969 0.050781 0.291016 0.056641 0.291016 0.058594 0.292969 0.058594 0.294922 0.060547 0.296875
0 0.070312 0.300781 0.068359 0.302734 0.068359 0.304688 0.066406 0.306641 0.060547 0.306641 0.058594 0.304688 0.058594 0.302734 0.056641 0.300781 0.056641 0.298828 0.058594 0.296875 0.058594 0.294922 0.060547 0.292969 0.066406 0.292969 0.068359 0.294922 0.068359 0.296875 0.070312 0.298828
0 0.873047 0.298828 0.873047 0.302734 0.869141 0.302734 0.867188 0.300781 0.871094 0.296875
0 0.121094 0.304688 0.119141 0.304688 0.117188 0.306641 0.113281 0.306641 0.111328 0.304688 0.111328 0.298828 0.113281 0.296875 0.117188 0.296875 0.119141 0.298828 0.121094 0.298828
0 0.097656 0.314453 0.095703 0.314453 0.093750 0.316406 0.083984 0.316406 0.078125 0.310547 0.078125 0.300781 0.080078 0.298828 0.082031 0.298828 0.082031 0.296875 0.083984 0.294922 0.093750 0.294922 0.099609 0.300781 0.099609 0.310547 0.097656 0.312500
0 0.109375 0.306641 0.107422 0.308594 0.107422 0.310547 0.105469 0.312500 0.099609 0.312500 0.097656 0.310547 0.097656 0.308594 0.095703 0.306641 0.095703 0.304688 0.097656 0.302734 0.097656 0.300781 0.099609 0.298828 0.105469 0.298828 0.107422 0.300781 0.107422 0.302734 0.109375 0.304688
0 0.863281 0.322266 0.861328 0.322266 0.859375 0.324219 0.855469 0.324219 0.853516 0.322266 0.853516 0.316406 0.855469 0.314453 0.859375 0.314453 0.861328 0.316406 0.863281 0.316406
0 0.687500 0.324219 0.687500 0.328125 0.683594 0.328125 0.681641 0.326172 0.685547 0.322266
0 0.855469 0.326172 0.855469 0.330078 0.851562 0.330078 0.849609 0.328125 0.853516 0.324219
0 0.871094 0.330078 0.871094 0.333984 0.867188 0.333984 0.865234 0.332031 0.869141 0.328125
0 0.681641 0.332031 0.681641 0.335938 0.677734 0.335938 0.675781 0.333984 0.679688 0.330078
0 0.138672 0.337891 0.132812 0.343750 0.126953 0.343750 0.121094 0.337891 0.121094 0.332031 0.126953 0.326172 0.132812 0.326172 0.138672 0.332031
0 0.695312 0.335938 0.695312 0.339844 0.691406 0.339844 0.689453 0.337891 0.693359 0.333984
0 0.863281 0.335938 0.863281 0.339844 0.859375 0.339844 0.857422 0.337891 0.861328 0.333984
0 0.689453 0.339844 0.689453 0.343750 0.685547 0.343750 0.683594 0.341797 0.687500 0.337891
0 0.121094 0.359375 0.119141 0.361328 0.119141 0.363281 0.117188 0.365234 0.111328 0.365234 0.109375 0.363281 0.109375 0.361328 0.107422 0.359375 0.107422 0.357422 0.109375 0.355469 0.109375 0.353516 0.111328 0.351562 0.117188 0.351562 0.119141 0.353516 0.119141 0.355469 0.121094 0.357422
0 0.253906 0.357422 0.253906 0.361328 0.250000 0.361328 0.248047 0.359375 0.251953 0.355469
0 0.115234 0.378906 0.109375 0.384766 0.103516 0.384766 0.097656 0.378906 0.097656 0.373047 0.103516 0.367188 0.109375 0.367188 0.115234 0.373047
0 0.753906 0.375000 0.753906 0.378906 0.750000 0.378906 0.748047 0.376953 0.751953 0.373047
0 0.435547 0.380859 0.433594 0.380859 0.431641 0.382812 0.427734 0.382812 0.425781 0.380859 0.425781 0.375000 0.427734 0.373047 0.431641 0.373047 0.433594 0.375000 0.435547 0.375000
0 0.167969 0.382812 0.166016 0.384766 0.166016 0.386719 0.164062 0.388672 0.158203 0.388672 0.156250 0.386719 0.156250 0.384766 0.154297 0.382812 0.154297 0.380859 0.156250 0.378906 0.156250 0.376953 0.158203 0.375000 0.164062 0.375000 0.166016 0.376953 0.166016 0.378906 0.167969 0.380859
0 0.417969 0.384766 0.416016 0.384766 0.414062 0.386719 0.410156 0.386719 0.408203 0.384766 0.408203 0.378906 0.410156 0.376953 0.414062 0.376953 0.416016 0.378906 0.417969 0.378906
0 0.427734 0.386719 0.421875 0.392578 0.416016 0.392578 0.410156 0.386719 0.410156 0.380859 0.416016 0.375000 0.421875 0.375000 0.427734 0.380859
0 0.761719 0.382812 0.761719 0.386719 0.757812 0.386719 0.755859 0.384766 0.759766 0.380859
0 0.449219 0.388672 0.447266 0.388672 0.445312 0.390625 0.441406 0.390625 0.439453 0.388672 0.439453 0.382812 0.441406 0.380859 0.445312 0.380859 0.447266 0.382812 0.449219 0.382812
0 0.751953 0.384766 0.751953 0.388672 0.748047 0.388672 0.746094 0.386719 0.750000 0.382812
0 0.988281 0.386719 0.988281 0.390625 0.984375 0.390625 0.982422 0.388672 0.986328 0.384766
0 0.210938 0.394531 0.205078 0.400391 0.199219 0.400391 0.193359 0.394531 0.193359 0.388672 0.199219 0.382812 0.205078 0.382812 0.210938 0.388672
0 0.912109 0.402344 0.910156 0.402344 0.908203 0.404297 0.898438 0.404297 0.892578 0.398438 0.892578 0.388672 0.894531 0.386719 0.896484 0.386719 0.896484 0.384766 0.898438 0.382812 0.908203 0.382812 0.914062 0.388672 0.914062 0.398438 0.912109 0.400391
0 0.994141 0.392578 0.994141 0.396484 0.990234 0.396484 0.988281 0.394531 0.992188 0.390625
0 0.998047 0.400391 0.994141 0.400391 0.992188 0.398438 0.992188 0.396484 0.990234 0.394531 0.990234 0.392578 0.992188 0.390625 0.992188 0.388672 0.994141 0.386719 0.998047 0.386719
0 0.408203 0.394531 0.408203 0.398438 0.404297 0.398438 0.402344 0.396484 0.406250 0.392578
0 0.435547 0.398438 0.433594 0.398438 0.431641 0.400391 0.427734 0.400391 0.425781 0.398438 0.425781 0.392578 0.427734 0.390625 0.431641 0.390625 0.433594 0.392578 0.435547 0.392578
0 0.984375 0.398438 0.984375 0.402344 0.980469 0.402344 0.978516 0.400391 0.982422 0.396484
0 0.990234 0.398438 0.990234 0.402344 0.986328 0.402344 0.984375 0.400391 0.988281 0.396484
0 0.875000 0.406250 0.869141 0.412109 0.863281 0.412109 0.857422 0.406250 0.857422 0.400391 0.863281 0.394531 0.869141 0.394531 0.875000 0.400391
0 0.103516 0.406250 0.101562 0.408203 0.101562 0.410156 0.099609 0.412109 0.093750 0.412109 0.091797 0.410156 0.091797 0.408203 0.089844 0.406250 0.089844 0.404297 0.091797 0.402344 0.091797 0.400391 0.093750 0.398438 0.099609 0.398438 0.101562 0.400391 0.101562 0.402344 0.103516 0.404297
0 0.330078 0.406250 0.330078 0.410156 0.326172 0.410156 0.324219 0.408203 0.328125 0.404297
0 0.339844 0.408203 0.339844 0.412109 0.335938 0.412109 0.333984 0.410156 0.337891 0.406250
0 0.876953 0.412109 0.871094 0.417969 0.865234 0.417969 0.859375 0.412109 0.859375 0.406250 0.865234 0.400391 0.871094 0.400391 0.876953 0.406250
0 0.179688 0.419922 0.177734 0.419922 0.175781 0.421875 0.166016 0.421875 0.160156 0.416016 0.160156 0.406250 0.162109 0.404297 0.164062 0.404297 0.164062 0.402344 0.166016 0.400391 0.175781 0.400391 0.181641 0.406250 0.181641 0.416016 0.179688 0.417969
0 0.330078 0.412109 0.330078 0.416016 0.326172 0.416016 0.324219 0.414062 0.328125 0.410156
0 0.136719 0.425781 0.134766 0.427734 0.134766 0.429688 0.132812 0.431641 0.126953 0.431641 0.125000 0.429688 0.125000 0.427734 0.123047 0.425781 0.123047 0.423828 0.125000 0.421875 0.125000 0.419922 0.126953 0.417969 0.132812 0.417969 0.134766 0.419922 0.134766 0.421875 0.136719 0.423828
0 0.734375 0.425781 0.734375 0.429688 0.730469 0.429688 0.728516 0.427734 0.732422 0.423828
0 0.199219 0.431641 0.197266 0.431641 0.195312 0.433594 0.191406 0.433594 0.189453 0.431641 0.189453 0.425781 0.191406 0.423828 0.195312 0.423828 0.197266 0.425781 0.199219 0.425781
0 0.298828 0.431641 0.292969 0.437500 0.287109 0.437500 0.281250 0.431641 0.281250 0.425781 0.287109 0.419922 0.292969 0.419922 0.298828 0.425781
0 0.779297 0.431641 0.777344 0.431641 0.775391 0.433594 0.771484 0.433594 0.769531 0.431641 0.769531 0.425781 0.771484 0.423828 0.775391 0.423828 0.777344 0.425781 0.779297 0.425781
0 0.150391 0.433594 0.148438 0.435547 0.148438 0.437500 0.146484 0.439453 0.140625 0.439453 0.138672 0.437500 0.138672 0.435547 0.136719 0.433594 0.136719 0.431641 0.138672 0.429688 0.138672 0.427734 0.140625 0.425781 0.146484 0.425781 0.148438 0.427734 0.148438 0.429688 0.150391 0.431641
0 0.306641 0.431641 0.306641 0.435547 0.302734 0.435547 0.300781 0.433594 0.304688 0.429688
0 0.283203 0.437500 0.281250 0.437500 0.279297 0.439453 0.275391 0.439453 0.273438 0.437500 0.273438 0.431641 0.275391 0.429688 0.279297 0.429688 0.281250 0.431641 0.283203 0.431641
0 0.314453 0.437500 0.312500 0.437500 0.310547 0.439453 0.306641 0.439453 0.304688 0.437500 0.304688 0.431641 0.306641 0.429688 0.310547 0.429688 0.312500 0.431641 0.314453 0.431641
0 0.789062 0.433594 0.789062 0.437500 0.785156 0.437500 0.783203 0.435547 0.787109 0.431641
0 0.003906 0.447266 0.000000 0.447266 0.000000 0.425781 0.003906 0.425781 0.005859 0.427734 0.005859 0.429688 0.007812 0.429688 0.009766 0.431641 0.009766 0.441406 0.007812 0.443359 0.007812 0.445312 0.005859 0.445312
0 0.267578 0.437500 0.265625 0.439453 0.265625 0.441406 0.263672 0.443359 0.257812 0.443359 0.255859 0.441406 0.255859 0.439453 0.253906 0.437500 0.253906 0.435547 0.255859 0.433594 0.255859 0.431641 0.257812 0.429688 0.263672 0.429688 0.265625 0.431641 0.265625 0.433594 0.267578 0.435547
0 0.296875 0.441406 0.294922 0.441406 0.292969 0.443359 0.289062 0.443359 0.287109 0.441406 0.287109 0.435547 0.289062 0.433594 0.292969 0.433594 0.294922 0.435547 0.296875 0.435547
0 0.240234 0.443359 0.238281 0.443359 0.236328 0.445312 0.232422 0.445312 0.230469 0.443359 0.230469 0.437500 0.232422 0.435547 0.236328 0.435547 0.238281 0.437500 0.240234 0.437500
0 0.345703 0.439453 0.345703 0.443359 0.341797 0.443359 0.339844 0.441406 0.343750 0.437500
0 0.738281 0.439453 0.738281 0.443359 0.734375 0.443359 0.732422 0.441406 0.736328 0.437500
0 0.789062 0.439453 0.789062 0.443359 0.785156 0.443359 0.783203 0.441406 0.787109 0.437500
0 0.882812 0.443359 0.882812 0.447266 0.878906 0.447266 0.876953 0.445312 0.880859 0.441406
0 0.935547 0.445312 0.933594 0.447266 0.933594 0.449219 0.931641 0.451172 0.925781 0.451172 0.923828 0.449219 0.923828 0.447266 0.921875 0.445312 0.921875 0.443359 0.923828 0.441406 0.923828 0.439453 0.925781 0.437500 0.931641 0.437500 0.933594 0.439453 0.933594 0.441406 0.935547 0.443359
0 0.294922 0.449219 0.292969 0.449219 0.291016 0.451172 0.287109 0.451172 0.285156 0.449219 0.285156 0.443359 0.287109 0.441406 0.291016 0.441406 0.292969 0.443359 0.294922 0.443359
0 0.777344 0.449219 0.775391 0.449219 0.773438 0.451172 0.769531 0.451172 0.767578 0.449219 0.767578 0.443359 0.769531 0.441406 0.773438 0.441406 0.775391 0.443359 0.777344 0.443359
0 0.917969 0.447266 0.916016 0.449219 0.916016 0.451172 0.914062 0.453125 0.908203 0.453125 0.906250 0.451172 0.906250 0.449219 0.904297 0.447266 0.904297 0.445312 0.906250 0.443359 0.906250 0.441406 0.908203 0.439453 0.914062 0.439453 0.916016 0.441406 0.916016 0.443359 0.917969 0.445312
0 0.167969 0.453125 0.166016 0.453125 0.164062 0.455078 0.160156 0.455078 0.158203 0.453125 0.158203 0.447266 0.160156 0.445312 0.164062 0.445312 0.166016 0.447266 0.167969 0.447266
0 0.341797 0.451172 0.339844 0.453125 0.339844 0.455078 0.337891 0.457031 0.332031 0.457031 0.330078 0.455078 0.330078 0.453125 0.328125 0.451172 0.328125 0.449219 0.330078 0.447266 0.330078 0.445312 0.332031 0.443359 0.337891 0.443359 0.339844 0.445312 0.339844 0.447266 0.341797 0.449219
0 0.759766 0.453125 0.757812 0.455078 0.757812 0.457031 0.755859 0.458984 0.750000 0.458984 0.748047 0.457031 0.748047 0.455078 0.746094 0.453125 0.746094 0.451172 0.748047 0.449219 0.748047 0.447266 0.750000 0.445312 0.755859 0.445312 0.757812 0.447266 0.757812 0.449219 0.759766 0.451172
0 0.875000 0.451172 0.875000 0.455078 0.871094 0.455078 0.869141 0.453125 0.873047 0.449219
0 0.970703 0.455078 0.964844 0.460938 0.958984 0.460938 0.953125 0.455078 0.953125 0.449219 0.958984 0.443359 0.964844 0.443359 0.970703 0.449219
0 0.353516 0.457031 0.351562 0.457031 0.349609 0.458984 0.345703 0.458984 0.343750 0.457031 0.343750 0.451172 0.345703 0.449219 0.349609 0.449219 0.351562 0.451172 0.353516 0.451172
0 0.886719 0.453125 0.886719 0.457031 0.882812 0.457031 0.880859 0.455078 0.884766 0.451172
0 0.232422 0.458984 0.230469 0.458984 0.228516 0.460938 0.224609 0.460938 0.222656 0.458984 0.222656 0.453125 0.224609 0.451172 0.228516 0.451172 0.230469 0.453125 0.232422 0.453125
0 0.285156 0.466797 0.283203 0.466797 0.281250 0.468750 0.271484 0.468750 0.265625 0.462891 0.265625 0.453125 0.267578 0.451172 0.269531 0.451172 0.269531 0.449219 0.271484 0.447266 0.281250 0.447266 0.287109 0.453125 0.287109 0.462891 0.285156 0.464844
0 0.316406 0.458984 0.314453 0.460938 0.314453 0.462891 0.312500 0.464844 0.306641 0.464844 0.304688 0.462891 0.304688 0.460938 0.302734 0.458984 0.302734 0.457031 0.304688 0.455078 0.304688 0.453125 0.306641 0.451172 0.312500 0.451172 0.314453 0.453125 0.314453 0.455078 0.316406 0.457031
0 0.003906 0.470703 0.000000 0.470703 0.000000 0.449219 0.003906 0.449219 0.005859 0.451172 0.005859 0.453125 0.007812 0.453125 0.009766 0.455078 0.009766 0.464844 0.007812 0.466797 0.007812 0.468750 0.005859 0.468750
0 0.177734 0.462891 0.175781 0.462891 0.173828 0.464844 0.169922 0.464844 0.167969 0.462891 0.167969 0.457031 0.169922 0.455078 0.173828 0.455078 0.175781 0.457031 0.177734 0.457031
0 0.818359 0.460938 0.818359 0.464844 0.814453 0.464844 0.812500 0.462891 0.816406 0.458984
0 0.335938 0.466797 0.330078 0.472656 0.324219 0.472656 0.318359 0.466797 0.318359 0.460938 0.324219 0.455078 0.330078 0.455078 0.335938 0.460938
0 0.349609 0.462891 0.349609 0.466797 0.345703 0.466797 0.343750 0.464844 0.347656 0.460938
0 0.617188 0.462891 0.617188 0.466797 0.613281 0.466797 0.611328 0.464844 0.615234 0.460938
0 0.755859 0.466797 0.753906 0.466797 0.751953 0.468750 0.748047 0.468750 0.746094 0.466797 0.746094 0.460938 0.748047 0.458984 0.751953 0.458984 0.753906 0.460938 0.755859 0.460938
0 0.910156 0.464844 0.908203 0.466797 0.908203 0.468750 0.906250 0.470703 0.900391 0.470703 0.898438 0.468750 0.898438 0.466797 0.896484 0.464844 0.896484 0.462891 0.898438 0.460938 0.898438 0.458984 0.900391 0.457031 0.906250 0.457031 0.908203 0.458984 0.908203 0.460938 0.910156 0.462891
0 0.300781 0.470703 0.298828 0.470703 0.296875 0.472656 0.292969 0.472656 0.291016 0.470703 0.291016 0.464844 0.292969 0.462891 0.296875 0.462891 0.298828 0.464844 0.300781 0.464844
0 0.613281 0.468750 0.613281 0.472656 0.609375 0.472656 0.607422 0.470703 0.611328 0.466797
0 0.822266 0.468750 0.822266 0.472656 0.818359 0.472656 0.816406 0.470703 0.820312 0.466797
0 0.949219 0.472656 0.943359 0.478516 0.937500 0.478516 0.931641 0.472656 0.931641 0.466797 0.937500 0.460938 0.943359 0.460938 0.949219 0.466797
0 0.183594 0.474609 0.181641 0.474609 0.179688 0.476562 0.175781 0.476562 0.173828 0.474609 0.173828 0.468750 0.175781 0.466797 0.179688 0.466797 0.181641 0.468750 0.183594 0.468750
0 0.769531 0.478516 0.767578 0.478516 0.765625 0.480469 0.761719 0.480469 0.759766 0.478516 0.759766 0.472656 0.761719 0.470703 0.765625 0.470703 0.767578 0.472656 0.769531 0.472656
0 0.931641 0.480469 0.929688 0.480469 0.927734 0.482422 0.923828 0.482422 0.921875 0.480469 0.921875 0.474609 0.923828 0.472656 0.927734 0.472656 0.929688 0.474609 0.931641 0.474609
0 0.335938 0.488281 0.333984 0.488281 0.332031 0.490234 0.322266 0.490234 0.316406 0.484375 0.316406 0.474609 0.318359 0.472656 0.320312 0.472656 0.320312 0.470703 0.322266 0.468750 0.332031 0.468750 0.337891 0.474609 0.337891 0.484375 0.335938 0.486328
0 0.970703 0.482422 0.968750 0.484375 0.968750 0.486328 0.966797 0.488281 0.960938 0.488281 0.958984 0.486328 0.958984 0.484375 0.957031 0.482422 0.957031 0.480469 0.958984 0.478516 0.958984 0.476562 0.960938 0.474609 0.966797 0.474609 0.968750 0.476562 0.968750 0.478516 0.970703 0.480469
0 0.357422 0.486328 0.351562 0.492188 0.345703 0.492188 0.339844 0.486328 0.339844 0.480469 0.345703 0.474609 0.351562 0.474609 0.357422 0.480469
0 0.000000 0.492188 0.000000 0.482422 0.001953 0.484375 0.003906 0.484375 0.003906 0.490234 0.001953 0.490234
0 0.312500 0.490234 0.306641 0.496094 0.300781 0.496094 0.294922 0.490234 0.294922 0.484375 0.300781 0.478516 0.306641 0.478516 0.312500 0.484375
0 0.197266 0.500000 0.195312 0.500000 0.193359 0.501953 0.183594 0.501953 0.177734 0.496094 0.177734 0.486328 0.179688 0.484375 0.181641 0.484375 0.181641 0.482422 0.183594 0.480469 0.193359 0.480469 0.199219 0.486328 0.199219 0.496094 0.197266 0.498047
0 0.371094 0.494141 0.371094 0.498047 0.367188 0.498047 0.365234 0.496094 0.369141 0.492188
0 0.421875 0.494141 0.421875 0.498047 0.417969 0.498047 0.416016 0.496094 0.419922 0.492188
0 0.427734 0.500000 0.427734 0.503906 0.423828 0.503906 0.421875 0.501953 0.425781 0.498047
0 0.726562 0.500000 0.726562 0.503906 0.722656 0.503906 0.720703 0.501953 0.724609 0.498047
0 0.023438 0.505859 0.021484 0.505859 0.019531 0.507812 0.015625 0.507812 0.013672 0.505859 0.013672 0.500000 0.015625 0.498047 0.019531 0.498047 0.021484 0.500000 0.023438 0.500000
0 0.386719 0.505859 0.384766 0.505859 0.382812 0.507812 0.378906 0.507812 0.376953 0.505859 0.376953 0.500000 0.378906 0.498047 0.382812 0.498047 0.384766 0.500000 0.386719 0.500000
0 0.792969 0.509766 0.792969 0.513672 0.789062 0.513672 0.787109 0.511719 0.791016 0.507812
0 0.802734 0.509766 0.802734 0.513672 0.798828 0.513672 0.796875 0.511719 0.800781 0.507812
0 0.734375 0.511719 0.734375 0.515625 0.730469 0.515625 0.728516 0.513672 0.732422 0.509766
0 0.419922 0.515625 0.417969 0.517578 0.417969 0.519531 0.416016 0.521484 0.410156 0.521484 0.408203 0.519531 0.408203 0.517578 0.406250 0.515625 0.406250 0.513672 0.408203 0.511719 0.408203 0.509766 0.410156 0.507812 0.416016 0.507812 0.417969 0.509766 0.417969 0.511719 0.419922 0.513672
0 0.718750 0.513672 0.718750 0.517578 0.714844 0.517578 0.712891 0.515625 0.716797 0.511719
0 0.796875 0.515625 0.796875 0.519531 0.792969 0.519531 0.791016 0.517578 0.794922 0.513672
0 0.728516 0.517578 0.728516 0.521484 0.724609 0.521484 0.722656 0.519531 0.726562 0.515625
0 0.041016 0.523438 0.039062 0.523438 0.037109 0.525391 0.033203 0.525391 0.031250 0.523438 0.031250 0.517578 0.033203 0.515625 0.037109 0.515625 0.039062 0.517578 0.041016 0.517578
0 0.726562 0.527344 0.720703 0.533203 0.714844 0.533203 0.708984 0.527344 0.708984 0.521484 0.714844 0.515625 0.720703 0.515625 0.726562 0.521484
0 0.423828 0.531250 0.421875 0.531250 0.419922 0.533203 0.416016 0.533203 0.414062 0.531250 0.414062 0.525391 0.416016 0.523438 0.419922 0.523438 0.421875 0.525391 0.423828 0.525391
0 0.851562 0.531250 0.849609 0.531250 0.847656 0.533203 0.843750 0.533203 0.841797 0.531250 0.841797 0.525391 0.843750 0.523438 0.847656 0.523438 0.849609 0.525391 0.851562 0.525391
0 0.044922 0.533203 0.042969 0.533203 0.041016 0.535156 0.037109 0.535156 0.035156 0.533203 0.035156 0.527344 0.037109 0.525391 0.041016 0.525391 0.042969 0.527344 0.044922 0.527344
0 0.716797 0.531250 0.716797 0.535156 0.712891 0.535156 0.710938 0.533203 0.714844 0.529297
0 0.923828 0.533203 0.921875 0.535156 0.921875 0.537109 0.919922 0.539062 0.914062 0.539062 0.912109 0.537109 0.912109 0.535156 0.910156 0.533203 0.910156 0.531250 0.912109 0.529297 0.912109 0.527344 0.914062 0.525391 0.919922 0.525391 0.921875 0.527344 0.921875 0.529297 0.923828 0.531250
0 0.728516 0.535156 0.728516 0.539062 0.724609 0.539062 0.722656 0.537109 0.726562 0.533203
0 0.410156 0.539062 0.408203 0.541016 0.408203 0.542969 0.406250 0.544922 0.400391 0.544922 0.398438 0.542969 0.398438 0.541016 0.396484 0.539062 0.396484 0.537109 0.398438 0.535156 0.398438 0.533203 0.400391 0.531250 0.406250 0.531250 0.408203 0.533203 0.408203 0.535156 0.410156 0.537109
0 0.710938 0.541016 0.708984 0.541016 0.707031 0.542969 0.703125 0.542969 0.701172 0.541016 0.701172 0.535156 0.703125 0.533203 0.707031 0.533203 0.708984 0.535156 0.710938 0.535156
0 0.787109 0.544922 0.785156 0.546875 0.785156 0.548828 0.783203 0.550781 0.777344 0.550781 0.775391 0.548828 0.775391 0.546875 0.773438 0.544922 0.773438 0.542969 0.775391 0.541016 0.775391 0.539062 0.777344 0.537109 0.783203 0.537109 0.785156 0.539062 0.785156 0.541016 0.787109 0.542969
0 0.990234 0.542969 0.990234 0.546875 0.986328 0.546875 0.984375 0.544922 0.988281 0.541016
0 0.710938 0.544922 0.710938 0.548828 0.707031 0.548828 0.705078 0.546875 0.708984 0.542969
0 0.728516 0.544922 0.728516 0.548828 0.724609 0.548828 0.722656 0.546875 0.726562 0.542969
0 0.998047 0.554688 0.994141 0.554688 0.988281 0.548828 0.988281 0.542969 0.994141 0.537109 0.998047 0.537109
0 0.722656 0.550781 0.722656 0.554688 0.718750 0.554688 0.716797 0.552734 0.720703 0.548828
0 0.972656 0.550781 0.972656 0.554688 0.968750 0.554688 0.966797 0.552734 0.970703 0.548828
0 0.998047 0.558594 0.994141 0.558594 0.992188 0.556641 0.992188 0.554688 0.990234 0.552734 0.990234 0.550781 0.992188 0.548828 0.992188 0.546875 0.994141 0.544922 0.998047 0.544922
0 0.044922 0.554688 0.042969 0.556641 0.042969 0.558594 0.041016 0.560547 0.035156 0.560547 0.033203 0.558594 0.033203 0.556641 0.031250 0.554688 0.031250 0.552734 0.033203 0.550781 0.033203 0.548828 0.035156 0.546875 0.041016 0.546875 0.042969 0.548828 0.042969 0.550781 0.044922 0.552734
0 0.404297 0.552734 0.404297 0.556641 0.400391 0.556641 0.398438 0.554688 0.402344 0.550781
0 0.910156 0.556641 0.908203 0.556641 0.906250 0.558594 0.902344 0.558594 0.900391 0.556641 0.900391 0.550781 0.902344 0.548828 0.906250 0.548828 0.908203 0.550781 0.910156 0.550781
0 0.916016 0.556641 0.914062 0.556641 0.912109 0.558594 0.908203 0.558594 0.906250 0.556641 0.906250 0.550781 0.908203 0.548828 0.912109 0.548828 0.914062 0.550781 0.916016 0.550781
0 0.865234 0.558594 0.863281 0.558594 0.861328 0.560547 0.857422 0.560547 0.855469 0.558594 0.855469 0.552734 0.857422 0.550781 0.861328 0.550781 0.863281 0.552734 0.865234 0.552734
0 0.998047 0.562500 0.994141 0.562500 0.992188 0.560547 0.992188 0.554688 0.994141 0.552734 0.998047 0.552734
0 0.978516 0.562500 0.976562 0.562500 0.974609 0.564453 0.970703 0.564453 0.968750 0.562500 0.968750 0.556641 0.970703 0.554688 0.974609 0.554688 0.976562 0.556641 0.978516 0.556641
0 0.703125 0.560547 0.703125 0.564453 0.699219 0.564453 0.697266 0.562500 0.701172 0.558594
0 0.408203 0.570312 0.406250 0.570312 0.404297 0.572266 0.400391 0.572266 0.398438 0.570312 0.398438 0.564453 0.400391 0.562500 0.404297 0.562500 0.406250 0.564453 0.408203 0.564453
0 0.802734 0.570312 0.796875 0.576172 0.791016 0.576172 0.785156 0.570312 0.785156 0.564453 0.791016 0.558594 0.796875 0.558594 0.802734 0.564453
0 0.906250 0.566406 0.906250 0.570312 0.902344 0.570312 0.900391 0.568359 0.904297 0.564453
0 0.917969 0.566406 0.917969 0.570312 0.914062 0.570312 0.912109 0.568359 0.916016 0.564453
0 0.986328 0.570312 0.984375 0.570312 0.982422 0.572266 0.978516 0.572266 0.976562 0.570312 0.976562 0.564453 0.978516 0.562500 0.982422 0.562500 0.984375 0.564453 0.986328 0.564453
0 0.701172 0.570312 0.701172 0.574219 0.697266 0.574219 0.695312 0.572266 0.699219 0.568359
0 0.863281 0.572266 0.861328 0.574219 0.861328 0.576172 0.859375 0.578125 0.853516 0.578125 0.851562 0.576172 0.851562 0.574219 0.849609 0.572266 0.849609 0.570312 0.851562 0.568359 0.851562 0.566406 0.853516 0.564453 0.859375 0.564453 0.861328 0.566406 0.861328 0.568359 0.863281 0.570312
0 0.501953 0.572266 0.501953 0.576172 0.498047 0.576172 0.496094 0.574219 0.500000 0.570312
0 0.707031 0.572266 0.707031 0.576172 0.703125 0.576172 0.701172 0.574219 0.705078 0.570312
0 0.832031 0.583984 0.830078 0.583984 0.828125 0.585938 0.818359 0.585938 0.812500 0.580078 0.812500 0.570312 0.814453 0.568359 0.816406 0.568359 0.816406 0.566406 0.818359 0.564453 0.828125 0.564453 0.833984 0.570312 0.833984 0.580078 0.832031 0.582031
0 0.853516 0.580078 0.851562 0.580078 0.849609 0.582031 0.845703 0.582031 0.843750 0.580078 0.843750 0.574219 0.845703 0.572266 0.849609 0.572266 0.851562 0.574219 0.853516 0.574219
0 0.917969 0.580078 0.912109 0.585938 0.906250 0.585938 0.900391 0.580078 0.900391 0.574219 0.906250 0.568359 0.912109 0.568359 0.917969 0.574219
0 0.755859 0.578125 0.755859 0.582031 0.751953 0.582031 0.750000 0.580078 0.753906 0.576172
0 0.404297 0.585938 0.402344 0.585938 0.400391 0.587891 0.396484 0.587891 0.394531 0.585938 0.394531 0.580078 0.396484 0.578125 0.400391 0.578125 0.402344 0.580078 0.404297 0.580078
0 0.042969 0.587891 0.041016 0.587891 0.039062 0.589844 0.035156 0.589844 0.033203 0.587891 0.033203 0.582031 0.035156 0.580078 0.039062 0.580078 0.041016 0.582031 0.042969 0.582031
0 0.763672 0.583984 0.763672 0.587891 0.759766 0.587891 0.757812 0.585938 0.761719 0.582031
0 0.906250 0.583984 0.906250 0.587891 0.902344 0.587891 0.900391 0.585938 0.904297 0.582031
0 0.916016 0.583984 0.916016 0.587891 0.912109 0.587891 0.910156 0.585938 0.914062 0.582031
0 0.751953 0.587891 0.751953 0.591797 0.748047 0.591797 0.746094 0.589844 0.750000 0.585938
0 0.759766 0.589844 0.759766 0.593750 0.755859 0.593750 0.753906 0.591797 0.757812 0.587891
0 0.810547 0.595703 0.808594 0.595703 0.806641 0.597656 0.802734 0.597656 0.800781 0.595703 0.800781 0.589844 0.802734 0.587891 0.806641 0.587891 0.808594 0.589844 0.810547 0.589844
0 0.921875 0.591797 0.921875 0.595703 0.917969 0.595703 0.916016 0.593750 0.919922 0.589844
0 0.115234 0.597656 0.109375 0.603516 0.103516 0.603516 0.097656 0.597656 0.097656 0.591797 0.103516 0.585938 0.109375 0.585938 0.115234 0.591797
0 0.048828 0.599609 0.046875 0.599609 0.044922 0.601562 0.041016 0.601562 0.039062 0.599609 0.039062 0.593750 0.041016 0.591797 0.044922 0.591797 0.046875 0.593750 0.048828 0.593750
0 0.902344 0.599609 0.900391 0.599609 0.898438 0.601562 0.894531 0.601562 0.892578 0.599609 0.892578 0.593750 0.894531 0.591797 0.898438 0.591797 0.900391 0.593750 0.902344 0.593750
0 0.386719 0.601562 0.384766 0.601562 0.382812 0.603516 0.378906 0.603516 0.376953 0.601562 0.376953 0.595703 0.378906 0.593750 0.382812 0.593750 0.384766 0.595703 0.386719 0.595703
0 0.919922 0.597656 0.919922 0.601562 0.916016 0.601562 0.914062 0.599609 0.917969 0.595703
0 0.091797 0.603516 0.089844 0.605469 0.089844 0.607422 0.087891 0.609375 0.082031 0.609375 0.080078 0.607422 0.080078 0.605469 0.078125 0.603516 0.078125 0.601562 0.080078 0.599609 0.080078 0.597656 0.082031 0.595703 0.087891 0.595703 0.089844 0.597656 0.089844 0.599609 0.091797 0.601562
0 0.781250 0.603516 0.781250 0.607422 0.777344 0.607422 0.775391 0.605469 0.779297 0.601562
0 0.914062 0.609375 0.912109 0.609375 0.910156 0.611328 0.906250 0.611328 0.904297 0.609375 0.904297 0.603516 0.906250 0.601562 0.910156 0.601562 0.912109 0.603516 0.914062 0.603516
0 0.076172 0.609375 0.074219 0.611328 0.074219 0.613281 0.072266 0.615234 0.066406 0.615234 0.064453 0.613281 0.064453 0.611328 0.062500 0.609375 0.062500 0.607422 0.064453 0.605469 0.064453 0.603516 0.066406 0.601562 0.072266 0.601562 0.074219 0.603516 0.074219 0.605469 0.076172 0.607422
0 0.794922 0.613281 0.792969 0.613281 0.791016 0.615234 0.787109 0.615234 0.785156 0.613281 0.785156 0.607422 0.787109 0.605469 0.791016 0.605469 0.792969 0.607422 0.794922 0.607422
0 0.378906 0.617188 0.376953 0.617188 0.375000 0.619141 0.371094 0.619141 0.369141 0.617188 0.369141 0.611328 0.371094 0.609375 0.375000 0.609375 0.376953 0.611328 0.378906 0.611328
0 0.648438 0.619141 0.648438 0.623047 0.644531 0.623047 0.642578 0.621094 0.646484 0.617188
0 0.777344 0.625000 0.777344 0.628906 0.773438 0.628906 0.771484 0.626953 0.775391 0.623047
0 0.972656 0.625000 0.972656 0.628906 0.968750 0.628906 0.966797 0.626953 0.970703 0.623047
0 0.152344 0.630859 0.150391 0.630859 0.148438 0.632812 0.144531 0.632812 0.142578 0.630859 0.142578 0.625000 0.144531 0.623047 0.148438 0.623047 0.150391 0.625000 0.152344 0.625000
0 0.455078 0.626953 0.455078 0.630859 0.451172 0.630859 0.449219 0.628906 0.453125 0.625000
0 0.802734 0.626953 0.802734 0.630859 0.798828 0.630859 0.796875 0.628906 0.800781 0.625000
0 0.662109 0.632812 0.660156 0.632812 0.658203 0.634766 0.654297 0.634766 0.652344 0.632812 0.652344 0.626953 0.654297 0.625000 0.658203 0.625000 0.660156 0.626953 0.662109 0.626953
0 0.771484 0.628906 0.771484 0.632812 0.767578 0.632812 0.765625 0.630859 0.769531 0.626953
0 0.652344 0.634766 0.650391 0.634766 0.648438 0.636719 0.644531 0.636719 0.642578 0.634766 0.642578 0.628906 0.644531 0.626953 0.648438 0.626953 0.650391 0.628906 0.652344 0.628906
0 0.976562 0.630859 0.976562 0.634766 0.972656 0.634766 0.970703 0.632812 0.974609 0.628906
0 0.376953 0.636719 0.375000 0.636719 0.373047 0.638672 0.369141 0.638672 0.367188 0.636719 0.367188 0.630859 0.369141 0.628906 0.373047 0.628906 0.375000 0.630859 0.376953 0.630859
0 0.460938 0.632812 0.460938 0.636719 0.457031 0.636719 0.455078 0.634766 0.458984 0.630859
0 0.792969 0.636719 0.791016 0.636719 0.789062 0.638672 0.785156 0.638672 0.783203 0.636719 0.783203 0.630859 0.785156 0.628906 0.789062 0.628906 0.791016 0.630859 0.792969 0.630859
0 0.808594 0.632812 0.808594 0.636719 0.804688 0.636719 0.802734 0.634766 0.806641 0.630859
0 0.857422 0.636719 0.855469 0.636719 0.853516 0.638672 0.849609 0.638672 0.847656 0.636719 0.847656 0.630859 0.849609 0.628906 0.853516 0.628906 0.855469 0.630859 0.857422 0.630859
0 0.966797 0.634766 0.966797 0.638672 0.962891 0.638672 0.960938 0.636719 0.964844 0.632812
0 0.451172 0.636719 0.451172 0.640625 0.447266 0.640625 0.445312 0.638672 0.449219 0.634766
0 0.695312 0.636719 0.695312 0.640625 0.691406 0.640625 0.689453 0.638672 0.693359 0.634766
0 0.771484 0.638672 0.771484 0.642578 0.767578 0.642578 0.765625 0.640625 0.769531 0.636719
0 0.859375 0.644531 0.857422 0.644531 0.855469 0.646484 0.851562 0.646484 0.849609 0.644531 0.849609 0.638672 0.851562 0.636719 0.855469 0.636719 0.857422 0.638672 0.859375 0.638672
0 0.779297 0.642578 0.779297 0.646484 0.775391 0.646484 0.773438 0.644531 0.777344 0.640625
0 0.376953 0.648438 0.371094 0.654297 0.365234 0.654297 0.359375 0.648438 0.359375 0.642578 0.365234 0.636719 0.371094 0.636719 0.376953 0.642578
0 0.689453 0.644531 0.689453 0.648438 0.685547 0.648438 0.683594 0.646484 0.687500 0.642578
0 0.701172 0.644531 0.701172 0.648438 0.697266 0.648438 0.695312 0.646484 0.699219 0.642578
0 0.869141 0.648438 0.867188 0.648438 0.865234 0.650391 0.861328 0.650391 0.859375 0.648438 0.859375 0.642578 0.861328 0.640625 0.865234 0.640625 0.867188 0.642578 0.869141 0.642578
0 0.837891 0.648438 0.835938 0.650391 0.835938 0.652344 0.833984 0.654297 0.828125 0.654297 0.826172 0.652344 0.826172 0.650391 0.824219 0.648438 0.824219 0.646484 0.826172 0.644531 0.826172 0.642578 0.828125 0.640625 0.833984 0.640625 0.835938 0.642578 0.835938 0.644531 0.837891 0.646484
0 0.738281 0.656250 0.736328 0.656250 0.734375 0.658203 0.730469 0.658203 0.728516 0.656250 0.728516 0.650391 0.730469 0.648438 0.734375 0.648438 0.736328 0.650391 0.738281 0.650391
0 0.398438 0.654297 0.398438 0.658203 0.394531 0.658203 0.392578 0.656250 0.396484 0.652344
0 0.949219 0.654297 0.949219 0.658203 0.945312 0.658203 0.943359 0.656250 0.947266 0.652344
0 0.818359 0.656250 0.818359 0.660156 0.814453 0.660156 0.812500 0.658203 0.816406 0.654297
0 0.761719 0.662109 0.759766 0.662109 0.757812 0.664062 0.753906 0.664062 0.751953 0.662109 0.751953 0.656250 0.753906 0.654297 0.757812 0.654297 0.759766 0.656250 0.761719 0.656250
0 0.894531 0.660156 0.894531 0.664062 0.890625 0.664062 0.888672 0.662109 0.892578 0.658203
0 0.572266 0.664062 0.570312 0.666016 0.570312 0.667969 0.568359 0.669922 0.562500 0.669922 0.560547 0.667969 0.560547 0.666016 0.558594 0.664062 0.558594 0.662109 0.560547 0.660156 0.560547 0.658203 0.562500 0.656250 0.568359 0.656250 0.570312 0.658203 0.570312 0.660156 0.572266 0.662109
0 0.933594 0.662109 0.933594 0.666016 0.929688 0.666016 0.927734 0.664062 0.931641 0.660156
0 0.375000 0.667969 0.373047 0.667969 0.371094 0.669922 0.367188 0.669922 0.365234 0.667969 0.365234 0.662109 0.367188 0.660156 0.371094 0.660156 0.373047 0.662109 0.375000 0.662109
0 0.402344 0.664062 0.402344 0.667969 0.398438 0.667969 0.396484 0.666016 0.400391 0.662109
0 0.927734 0.673828 0.925781 0.673828 0.923828 0.675781 0.914062 0.675781 0.908203 0.669922 0.908203 0.660156 0.910156 0.658203 0.912109 0.658203 0.912109 0.656250 0.914062 0.654297 0.923828 0.654297 0.929688 0.660156 0.929688 0.669922 0.927734 0.671875
0 0.839844 0.666016 0.839844 0.669922 0.835938 0.669922 0.833984 0.667969 0.837891 0.664062
0 0.167969 0.671875 0.166016 0.671875 0.164062 0.673828 0.160156 0.673828 0.158203 0.671875 0.158203 0.666016 0.160156 0.664062 0.164062 0.664062 0.166016 0.666016 0.167969 0.666016
0 0.392578 0.671875 0.386719 0.677734 0.380859 0.677734 0.375000 0.671875 0.375000 0.666016 0.380859 0.660156 0.386719 0.660156 0.392578 0.666016
0 0.849609 0.667969 0.849609 0.671875 0.845703 0.671875 0.843750 0.669922 0.847656 0.666016
0 0.937500 0.667969 0.937500 0.671875 0.933594 0.671875 0.931641 0.669922 0.935547 0.666016
0 0.949219 0.669922 0.949219 0.673828 0.945312 0.673828 0.943359 0.671875 0.947266 0.667969
0 0.558594 0.675781 0.556641 0.675781 0.554688 0.677734 0.550781 0.677734 0.548828 0.675781 0.548828 0.669922 0.550781 0.667969 0.554688 0.667969 0.556641 0.669922 0.558594 0.669922
0 0.910156 0.675781 0.908203 0.675781 0.906250 0.677734 0.902344 0.677734 0.900391 0.675781 0.900391 0.669922 0.902344 0.667969 0.906250 0.667969 0.908203 0.669922 0.910156 0.669922
0 0.412109 0.679688 0.410156 0.679688 0.408203 0.681641 0.404297 0.681641 0.402344 0.679688 0.402344 0.673828 0.404297 0.671875 0.408203 0.671875 0.410156 0.673828 0.412109 0.673828
0 0.582031 0.679688 0.580078 0.679688 0.578125 0.681641 0.574219 0.681641 0.572266 0.679688 0.572266 0.673828 0.574219 0.671875 0.578125 0.671875 0.580078 0.673828 0.582031 0.673828
0 0.740234 0.681641 0.738281 0.681641 0.736328 0.683594 0.732422 0.683594 0.730469 0.681641 0.730469 0.675781 0.732422 0.673828 0.736328 0.673828 0.738281 0.675781 0.740234 0.675781
0 0.759766 0.681641 0.757812 0.681641 0.755859 0.683594 0.751953 0.683594 0.750000 0.681641 0.750000 0.675781 0.751953 0.673828 0.755859 0.673828 0.757812 0.675781 0.759766 0.675781
0 0.515625 0.679688 0.515625 0.683594 0.511719 0.683594 0.509766 0.681641 0.513672 0.677734
0 0.558594 0.683594 0.556641 0.683594 0.554688 0.685547 0.550781 0.685547 0.548828 0.683594 0.548828 0.677734 0.550781 0.675781 0.554688 0.675781 0.556641 0.677734 0.558594 0.677734
0 0.904297 0.679688 0.904297 0.683594 0.900391 0.683594 0.898438 0.681641 0.902344 0.677734
0 0.892578 0.681641 0.892578 0.685547 0.888672 0.685547 0.886719 0.683594 0.890625 0.679688
0 0.380859 0.685547 0.378906 0.687500 0.378906 0.689453 0.376953 0.691406 0.371094 0.691406 0.369141 0.689453 0.369141 0.687500 0.367188 0.685547 0.367188 0.683594 0.369141 0.681641 0.369141 0.679688 0.371094 0.677734 0.376953 0.677734 0.378906 0.679688 0.378906 0.681641 0.380859 0.683594
0 0.505859 0.685547 0.505859 0.689453 0.501953 0.689453 0.500000 0.687500 0.503906 0.683594
0 0.574219 0.689453 0.572266 0.689453 0.570312 0.691406 0.566406 0.691406 0.564453 0.689453 0.564453 0.683594 0.566406 0.681641 0.570312 0.681641 0.572266 0.683594 0.574219 0.683594
0 0.824219 0.691406 0.822266 0.691406 0.820312 0.693359 0.816406 0.693359 0.814453 0.691406 0.814453 0.685547 0.816406 0.683594 0.820312 0.683594 0.822266 0.685547 0.824219 0.685547
0 0.404297 0.695312 0.402344 0.695312 0.400391 0.697266 0.396484 0.697266 0.394531 0.695312 0.394531 0.689453 0.396484 0.687500 0.400391 0.687500 0.402344 0.689453 0.404297 0.689453
0 0.699219 0.697266 0.697266 0.697266 0.695312 0.699219 0.691406 0.699219 0.689453 0.697266 0.689453 0.691406 0.691406 0.689453 0.695312 0.689453 0.697266 0.691406 0.699219 0.691406
0 0.726562 0.695312 0.724609 0.697266 0.724609 0.699219 0.722656 0.701172 0.716797 0.701172 0.714844 0.699219 0.714844 0.697266 0.712891 0.695312 0.712891 0.693359 0.714844 0.691406 0.714844 0.689453 0.716797 0.687500 0.722656 0.687500 0.724609 0.689453 0.724609 0.691406 0.726562 0.693359
0 0.740234 0.697266 0.740234 0.701172 0.736328 0.701172 0.734375 0.699219 0.738281 0.695312
0 0.830078 0.701172 0.828125 0.701172 0.826172 0.703125 0.822266 0.703125 0.820312 0.701172 0.820312 0.695312 0.822266 0.693359 0.826172 0.693359 0.828125 0.695312 0.830078 0.695312
0 0.166016 0.710938 0.164062 0.710938 0.162109 0.712891 0.152344 0.712891 0.146484 0.707031 0.146484 0.697266 0.148438 0.695312 0.150391 0.695312 0.150391 0.693359 0.152344 0.691406 0.162109 0.691406 0.167969 0.697266 0.167969 0.707031 0.166016 0.708984
0 0.376953 0.707031 0.375000 0.707031 0.373047 0.708984 0.369141 0.708984 0.367188 0.707031 0.367188 0.701172 0.369141 0.699219 0.373047 0.699219 0.375000 0.701172 0.376953 0.701172
0 0.419922 0.707031 0.417969 0.708984 0.417969 0.710938 0.416016 0.712891 0.410156 0.712891 0.408203 0.710938 0.408203 0.708984 0.406250 0.707031 0.406250 0.705078 0.408203 0.703125 0.408203 0.701172 0.410156 0.699219 0.416016 0.699219 0.417969 0.701172 0.417969 0.703125 0.419922 0.705078
0 0.804688 0.708984 0.802734 0.708984 0.800781 0.710938 0.796875 0.710938 0.794922 0.708984 0.794922 0.703125 0.796875 0.701172 0.800781 0.701172 0.802734 0.703125 0.804688 0.703125
0 0.943359 0.712891 0.941406 0.712891 0.939453 0.714844 0.935547 0.714844 0.933594 0.712891 0.933594 0.707031 0.935547 0.705078 0.939453 0.705078 0.941406 0.707031 0.943359 0.707031
0 0.998047 0.714844 0.994141 0.714844 0.992188 0.712891 0.992188 0.707031 0.994141 0.705078 0.998047 0.705078
0 0.138672 0.714844 0.136719 0.714844 0.134766 0.716797 0.130859 0.716797 0.128906 0.714844 0.128906 0.708984 0.130859 0.707031 0.134766 0.707031 0.136719 0.708984 0.138672 0.708984
0 0.736328 0.720703 0.734375 0.720703 0.732422 0.722656 0.722656 0.722656 0.716797 0.716797 0.716797 0.707031 0.718750 0.705078 0.720703 0.705078 0.720703 0.703125 0.722656 0.701172 0.732422 0.701172 0.738281 0.707031 0.738281 0.716797 0.736328 0.718750
0 0.828125 0.714844 0.826172 0.714844 0.824219 0.716797 0.820312 0.716797 0.818359 0.714844 0.818359 0.708984 0.820312 0.707031 0.824219 0.707031 0.826172 0.708984 0.828125 0.708984
0 0.126953 0.714844 0.125000 0.716797 0.125000 0.718750 0.123047 0.720703 0.117188 0.720703 0.115234 0.718750 0.115234 0.716797 0.113281 0.714844 0.113281 0.712891 0.115234 0.710938 0.115234 0.708984 0.117188 0.707031 0.123047 0.707031 0.125000 0.708984 0.125000 0.710938 0.126953 0.712891
0 0.808594 0.716797 0.806641 0.716797 0.804688 0.718750 0.800781 0.718750 0.798828 0.716797 0.798828 0.710938 0.800781 0.708984 0.804688 0.708984 0.806641 0.710938 0.808594 0.710938
0 0.964844 0.718750 0.962891 0.718750 0.960938 0.720703 0.957031 0.720703 0.955078 0.718750 0.955078 0.712891 0.957031 0.710938 0.960938 0.710938 0.962891 0.712891 0.964844 0.712891
0 0.984375 0.716797 0.982422 0.718750 0.982422 0.720703 0.980469 0.722656 0.974609 0.722656 0.972656 0.720703 0.972656 0.718750 0.970703 0.716797 0.970703 0.714844 0.972656 0.712891 0.972656 0.710938 0.974609 0.708984 0.980469 0.708984 0.982422 0.710938 0.982422 0.712891 0.984375 0.714844
0 0.708984 0.722656 0.703125 0.728516 0.697266 0.728516 0.691406 0.722656 0.691406 0.716797 0.697266 0.710938 0.703125 0.710938 0.708984 0.716797
0 0.998047 0.718750 0.998047 0.724609 0.996094 0.724609 0.994141 0.722656
0 0.421875 0.726562 0.419922 0.726562 0.417969 0.728516 0.414062 0.728516 0.412109 0.726562 0.412109 0.720703 0.414062 0.718750 0.417969 0.718750 0.419922 0.720703 0.421875 0.720703
0 0.429688 0.726562 0.427734 0.726562 0.425781 0.728516 0.421875 0.728516 0.419922 0.726562 0.419922 0.720703 0.421875 0.718750 0.425781 0.718750 0.427734 0.720703 0.429688 0.720703
0 0.687500 0.726562 0.685547 0.726562 0.683594 0.728516 0.679688 0.728516 0.677734 0.726562 0.677734 0.720703 0.679688 0.718750 0.683594 0.718750 0.685547 0.720703 0.687500 0.720703
0 0.769531 0.732422 0.767578 0.732422 0.765625 0.734375 0.755859 0.734375 0.750000 0.728516 0.750000 0.718750 0.751953 0.716797 0.753906 0.716797 0.753906 0.714844 0.755859 0.712891 0.765625 0.712891 0.771484 0.718750 0.771484 0.728516 0.769531 0.730469
0 0.951172 0.726562 0.949219 0.726562 0.947266 0.728516 0.943359 0.728516 0.941406 0.726562 0.941406 0.720703 0.943359 0.718750 0.947266 0.718750 0.949219 0.720703 0.951172 0.720703
0 0.990234 0.722656 0.990234 0.726562 0.986328 0.726562 0.984375 0.724609 0.988281 0.720703
0 0.373047 0.726562 0.371094 0.728516 0.371094 0.730469 0.369141 0.732422 0.363281 0.732422 0.361328 0.730469 0.361328 0.728516 0.359375 0.726562 0.359375 0.724609 0.361328 0.722656 0.361328 0.720703 0.363281 0.718750 0.369141 0.718750 0.371094 0.720703 0.371094 0.722656 0.373047 0.724609
0 0.708984 0.730469 0.707031 0.732422 0.707031 0.734375 0.705078 0.736328 0.699219 0.736328 0.697266 0.734375 0.697266 0.732422 0.695312 0.730469 0.695312 0.728516 0.697266 0.726562 0.697266 0.724609 0.699219 0.722656 0.705078 0.722656 0.707031 0.724609 0.707031 0.726562 0.708984 0.728516
0 0.621094 0.738281 0.615234 0.744141 0.609375 0.744141 0.603516 0.738281 0.603516 0.732422 0.609375 0.726562 0.615234 0.726562 0.621094 0.732422
0 0.103516 0.738281 0.101562 0.740234 0.101562 0.742188 0.099609 0.744141 0.093750 0.744141 0.091797 0.742188 0.091797 0.740234 0.089844 0.738281 0.089844 0.736328 0.091797 0.734375 0.091797 0.732422 0.093750 0.730469 0.099609 0.730469 0.101562 0.732422 0.101562 0.734375 0.103516 0.736328
0 0.533203 0.740234 0.533203 0.744141 0.529297 0.744141 0.527344 0.742188 0.531250 0.738281
0 0.917969 0.746094 0.916016 0.746094 0.914062 0.748047 0.910156 0.748047 0.908203 0.746094 0.908203 0.740234 0.910156 0.738281 0.914062 0.738281 0.916016 0.740234 0.917969 0.740234
0 0.542969 0.744141 0.542969 0.748047 0.539062 0.748047 0.537109 0.746094 0.541016 0.742188
0 0.693359 0.748047 0.691406 0.748047 0.689453 0.750000 0.685547 0.750000 0.683594 0.748047 0.683594 0.742188 0.685547 0.740234 0.689453 0.740234 0.691406 0.742188 0.693359 0.742188
0 0.361328 0.750000 0.359375 0.750000 0.357422 0.751953 0.353516 0.751953 0.351562 0.750000 0.351562 0.744141 0.353516 0.742188 0.357422 0.742188 0.359375 0.744141 0.361328 0.744141
0 0.904297 0.751953 0.902344 0.751953 0.900391 0.753906 0.896484 0.753906 0.894531 0.751953 0.894531 0.746094 0.896484 0.744141 0.900391 0.744141 0.902344 0.746094 0.904297 0.746094
0 0.537109 0.750000 0.537109 0.753906 0.533203 0.753906 0.531250 0.751953 0.535156 0.748047
0 0.585938 0.753906 0.580078 0.759766 0.574219 0.759766 0.568359 0.753906 0.568359 0.748047 0.574219 0.742188 0.580078 0.742188 0.585938 0.748047
0 0.695312 0.753906 0.689453 0.759766 0.683594 0.759766 0.677734 0.753906 0.677734 0.748047 0.683594 0.742188 0.689453 0.742188 0.695312 0.748047
0 0.107422 0.759766 0.105469 0.759766 0.103516 0.761719 0.099609 0.761719 0.097656 0.759766 0.097656 0.753906 0.099609 0.751953 0.103516 0.751953 0.105469 0.753906 0.107422 0.753906
0 0.328125 0.757812 0.326172 0.759766 0.326172 0.761719 0.324219 0.763672 0.318359 0.763672 0.316406 0.761719 0.316406 0.759766 0.314453 0.757812 0.314453 0.755859 0.316406 0.753906 0.316406 0.751953 0.318359 0.750000 0.324219 0.750000 0.326172 0.751953 0.326172 0.753906 0.328125 0.755859
0 0.646484 0.757812 0.644531 0.759766 0.644531 0.761719 0.642578 0.763672 0.636719 0.763672 0.634766 0.761719 0.634766 0.759766 0.632812 0.757812 0.632812 0.755859 0.634766 0.753906 0.634766 0.751953 0.636719 0.750000 0.642578 0.750000 0.644531 0.751953 0.644531 0.753906 0.646484 0.755859
0 0.667969 0.755859 0.667969 0.759766 0.664062 0.759766 0.662109 0.757812 0.666016 0.753906
0 0.619141 0.761719 0.613281 0.767578 0.607422 0.767578 0.601562 0.761719 0.601562 0.755859 0.607422 0.750000 0.613281 0.750000 0.619141 0.755859
0 0.343750 0.765625 0.341797 0.765625 0.339844 0.767578 0.335938 0.767578 0.333984 0.765625 0.333984 0.759766 0.335938 0.757812 0.339844 0.757812 0.341797 0.759766 0.343750 0.759766
0 0.888672 0.761719 0.888672 0.765625 0.884766 0.765625 0.882812 0.763672 0.886719 0.759766
0 0.570312 0.765625 0.568359 0.767578 0.568359 0.769531 0.566406 0.771484 0.560547 0.771484 0.558594 0.769531 0.558594 0.767578 0.556641 0.765625 0.556641 0.763672 0.558594 0.761719 0.558594 0.759766 0.560547 0.757812 0.566406 0.757812 0.568359 0.759766 0.568359 0.761719 0.570312 0.763672
0 0.162109 0.775391 0.160156 0.775391 0.158203 0.777344 0.148438 0.777344 0.142578 0.771484 0.142578 0.761719 0.144531 0.759766 0.146484 0.759766 0.146484 0.757812 0.148438 0.755859 0.158203 0.755859 0.164062 0.761719 0.164062 0.771484 0.162109 0.773438
0 0.826172 0.765625 0.826172 0.769531 0.822266 0.769531 0.820312 0.767578 0.824219 0.763672
0 0.687500 0.767578 0.687500 0.771484 0.683594 0.771484 0.681641 0.769531 0.685547 0.765625
0 0.832031 0.767578 0.832031 0.771484 0.828125 0.771484 0.826172 0.769531 0.830078 0.765625
0 0.929688 0.773438 0.927734 0.773438 0.925781 0.775391 0.921875 0.775391 0.919922 0.773438 0.919922 0.767578 0.921875 0.765625 0.925781 0.765625 0.927734 0.767578 0.929688 0.767578
0 0.128906 0.773438 0.126953 0.775391 0.126953 0.777344 0.125000 0.779297 0.119141 0.779297 0.117188 0.777344 0.117188 0.775391 0.115234 0.773438 0.115234 0.771484 0.117188 0.769531 0.117188 0.767578 0.119141 0.765625 0.125000 0.765625 0.126953 0.767578 0.126953 0.769531 0.128906 0.771484
0 0.595703 0.773438 0.593750 0.775391 0.593750 0.777344 0.591797 0.779297 0.585938 0.779297 0.583984 0.777344 0.583984 0.775391 0.582031 0.773438 0.582031 0.771484 0.583984 0.769531 0.583984 0.767578 0.585938 0.765625 0.591797 0.765625 0.593750 0.767578 0.593750 0.769531 0.595703 0.771484
0 0.697266 0.771484 0.697266 0.775391 0.693359 0.775391 0.691406 0.773438 0.695312 0.769531
0 0.755859 0.771484 0.755859 0.775391 0.751953 0.775391 0.750000 0.773438 0.753906 0.769531
0 0.767578 0.771484 0.767578 0.775391 0.763672 0.775391 0.761719 0.773438 0.765625 0.769531
0 0.820312 0.775391 0.818359 0.775391 0.816406 0.777344 0.812500 0.777344 0.810547 0.775391 0.810547 0.769531 0.812500 0.767578 0.816406 0.767578 0.818359 0.769531 0.820312 0.769531
0 0.919922 0.775391 0.914062 0.781250 0.908203 0.781250 0.902344 0.775391 0.902344 0.769531 0.908203 0.763672 0.914062 0.763672 0.919922 0.769531
0 0.550781 0.777344 0.548828 0.779297 0.548828 0.781250 0.546875 0.783203 0.541016 0.783203 0.539062 0.781250 0.539062 0.779297 0.537109 0.777344 0.537109 0.775391 0.539062 0.773438 0.539062 0.771484 0.541016 0.769531 0.546875 0.769531 0.548828 0.771484 0.548828 0.773438 0.550781 0.775391
0 0.644531 0.779297 0.642578 0.779297 0.640625 0.781250 0.636719 0.781250 0.634766 0.779297 0.634766 0.773438 0.636719 0.771484 0.640625 0.771484 0.642578 0.773438 0.644531 0.773438
0 0.833984 0.775391 0.833984 0.779297 0.830078 0.779297 0.828125 0.777344 0.832031 0.773438
0 0.919922 0.779297 0.919922 0.783203 0.916016 0.783203 0.914062 0.781250 0.917969 0.777344
0 0.933594 0.779297 0.933594 0.783203 0.929688 0.783203 0.927734 0.781250 0.931641 0.777344
0 0.310547 0.785156 0.308594 0.785156 0.306641 0.787109 0.302734 0.787109 0.300781 0.785156 0.300781 0.779297 0.302734 0.777344 0.306641 0.777344 0.308594 0.779297 0.310547 0.779297
0 0.707031 0.791016 0.705078 0.791016 0.703125 0.792969 0.693359 0.792969 0.687500 0.787109 0.687500 0.777344 0.689453 0.775391 0.691406 0.775391 0.691406 0.773438 0.693359 0.771484 0.703125 0.771484 0.708984 0.777344 0.708984 0.787109 0.707031 0.789062
0 0.773438 0.781250 0.773438 0.785156 0.769531 0.785156 0.767578 0.783203 0.771484 0.779297
0 0.826172 0.781250 0.826172 0.785156 0.822266 0.785156 0.820312 0.783203 0.824219 0.779297
0 0.925781 0.785156 0.925781 0.789062 0.921875 0.789062 0.919922 0.787109 0.923828 0.783203
0 0.505859 0.792969 0.503906 0.792969 0.501953 0.794922 0.498047 0.794922 0.496094 0.792969 0.496094 0.787109 0.498047 0.785156 0.501953 0.785156 0.503906 0.787109 0.505859 0.787109
0 0.617188 0.792969 0.615234 0.794922 0.615234 0.796875 0.613281 0.798828 0.607422 0.798828 0.605469 0.796875 0.605469 0.794922 0.603516 0.792969 0.603516 0.791016 0.605469 0.789062 0.605469 0.787109 0.607422 0.785156 0.613281 0.785156 0.615234 0.787109 0.615234 0.789062 0.617188 0.791016
0 0.294922 0.794922 0.292969 0.796875 0.292969 0.798828 0.291016 0.800781 0.285156 0.800781 0.283203 0.798828 0.283203 0.796875 0.281250 0.794922 0.281250 0.792969 0.283203 0.791016 0.283203 0.789062 0.285156 0.787109 0.291016 0.787109 0.292969 0.789062 0.292969 0.791016 0.294922 0.792969
0 0.488281 0.796875 0.486328 0.796875 0.484375 0.798828 0.480469 0.798828 0.478516 0.796875 0.478516 0.791016 0.480469 0.789062 0.484375 0.789062 0.486328 0.791016 0.488281 0.791016
0 0.689453 0.796875 0.687500 0.796875 0.685547 0.798828 0.681641 0.798828 0.679688 0.796875 0.679688 0.791016 0.681641 0.789062 0.685547 0.789062 0.687500 0.791016 0.689453 0.791016
0 0.351562 0.794922 0.351562 0.798828 0.347656 0.798828 0.345703 0.796875 0.349609 0.792969
0 0.578125 0.798828 0.572266 0.804688 0.566406 0.804688 0.560547 0.798828 0.560547 0.792969 0.566406 0.787109 0.572266 0.787109 0.578125 0.792969
0 0.339844 0.796875 0.339844 0.800781 0.335938 0.800781 0.333984 0.798828 0.337891 0.794922
0 0.638672 0.800781 0.636719 0.800781 0.634766 0.802734 0.630859 0.802734 0.628906 0.800781 0.628906 0.794922 0.630859 0.792969 0.634766 0.792969 0.636719 0.794922 0.638672 0.794922
0 0.830078 0.806641 0.828125 0.806641 0.826172 0.808594 0.816406 0.808594 0.810547 0.802734 0.810547 0.792969 0.812500 0.791016 0.814453 0.791016 0.814453 0.789062 0.816406 0.787109 0.826172 0.787109 0.832031 0.792969 0.832031 0.802734 0.830078 0.804688
0 0.605469 0.804688 0.603516 0.804688 0.601562 0.806641 0.597656 0.806641 0.595703 0.804688 0.595703 0.798828 0.597656 0.796875 0.601562 0.796875 0.603516 0.798828 0.605469 0.798828
0 0.203125 0.812500 0.201172 0.812500 0.199219 0.814453 0.189453 0.814453 0.183594 0.808594 0.183594 0.798828 0.185547 0.796875 0.187500 0.796875 0.187500 0.794922 0.189453 0.792969 0.199219 0.792969 0.205078 0.798828 0.205078 0.808594 0.203125 0.810547
0 0.511719 0.804688 0.509766 0.806641 0.509766 0.808594 0.507812 0.810547 0.501953 0.810547 0.500000 0.808594 0.500000 0.806641 0.498047 0.804688 0.498047 0.802734 0.500000 0.800781 0.500000 0.798828 0.501953 0.796875 0.507812 0.796875 0.509766 0.798828 0.509766 0.800781 0.511719 0.802734
0 0.275391 0.806641 0.273438 0.808594 0.273438 0.810547 0.271484 0.812500 0.265625 0.812500 0.263672 0.810547 0.263672 0.808594 0.261719 0.806641 0.261719 0.804688 0.263672 0.802734 0.263672 0.800781 0.265625 0.798828 0.271484 0.798828 0.273438 0.800781 0.273438 0.802734 0.275391 0.804688
0 0.490234 0.808594 0.488281 0.808594 0.486328 0.810547 0.482422 0.810547 0.480469 0.808594 0.480469 0.802734 0.482422 0.800781 0.486328 0.800781 0.488281 0.802734 0.490234 0.802734
0 0.636719 0.806641 0.634766 0.808594 0.634766 0.810547 0.632812 0.812500 0.626953 0.812500 0.625000 0.810547 0.625000 0.808594 0.623047 0.806641 0.623047 0.804688 0.625000 0.802734 0.625000 0.800781 0.626953 0.798828 0.632812 0.798828 0.634766 0.800781 0.634766 0.802734 0.636719 0.804688
0 0.552734 0.808594 0.550781 0.810547 0.550781 0.812500 0.548828 0.814453 0.542969 0.814453 0.541016 0.812500 0.541016 0.810547 0.539062 0.808594 0.539062 0.806641 0.541016 0.804688 0.541016 0.802734 0.542969 0.800781 0.548828 0.800781 0.550781 0.802734 0.550781 0.804688 0.552734 0.806641
0 0.714844 0.810547 0.712891 0.810547 0.710938 0.812500 0.707031 0.812500 0.705078 0.810547 0.705078 0.804688 0.707031 0.802734 0.710938 0.802734 0.712891 0.804688 0.714844 0.804688
0 0.828125 0.812500 0.826172 0.812500 0.824219 0.814453 0.820312 0.814453 0.818359 0.812500 0.818359 0.806641 0.820312 0.804688 0.824219 0.804688 0.826172 0.806641 0.828125 0.806641
0 0.998047 0.818359 0.994141 0.818359 0.988281 0.812500 0.988281 0.806641 0.994141 0.800781 0.998047 0.800781
0 0.148438 0.812500 0.146484 0.814453 0.146484 0.816406 0.144531 0.818359 0.138672 0.818359 0.136719 0.816406 0.136719 0.814453 0.134766 0.812500 0.134766 0.810547 0.136719 0.808594 0.136719 0.806641 0.138672 0.804688 0.144531 0.804688 0.146484 0.806641 0.146484 0.808594 0.148438 0.810547
0 0.597656 0.814453 0.591797 0.820312 0.585938 0.820312 0.580078 0.814453 0.580078 0.808594 0.585938 0.802734 0.591797 0.802734 0.597656 0.808594
0 0.917969 0.814453 0.916016 0.814453 0.914062 0.816406 0.910156 0.816406 0.908203 0.814453 0.908203 0.808594 0.910156 0.806641 0.914062 0.806641 0.916016 0.808594 0.917969 0.808594
0 0.392578 0.818359 0.390625 0.818359 0.388672 0.820312 0.384766 0.820312 0.382812 0.818359 0.382812 0.812500 0.384766 0.810547 0.388672 0.810547 0.390625 0.812500 0.392578 0.812500
0 0.412109 0.818359 0.410156 0.818359 0.408203 0.820312 0.404297 0.820312 0.402344 0.818359 0.402344 0.812500 0.404297 0.810547 0.408203 0.810547 0.410156 0.812500 0.412109 0.812500
0 0.695312 0.818359 0.693359 0.818359 0.691406 0.820312 0.687500 0.820312 0.685547 0.818359 0.685547 0.812500 0.687500 0.810547 0.691406 0.810547 0.693359 0.812500 0.695312 0.812500
0 0.240234 0.826172 0.238281 0.826172 0.236328 0.828125 0.226562 0.828125 0.220703 0.822266 0.220703 0.812500 0.222656 0.810547 0.224609 0.810547 0.224609 0.808594 0.226562 0.806641 0.236328 0.806641 0.242188 0.812500 0.242188 0.822266 0.240234 0.824219
0 0.669922 0.816406 0.669922 0.820312 0.666016 0.820312 0.664062 0.818359 0.667969 0.814453
0 0.808594 0.816406 0.808594 0.820312 0.804688 0.820312 0.802734 0.818359 0.806641 0.814453
0 0.906250 0.822266 0.904297 0.822266 0.902344 0.824219 0.898438 0.824219 0.896484 0.822266 0.896484 0.816406 0.898438 0.814453 0.902344 0.814453 0.904297 0.816406 0.906250 0.816406
0 0.998047 0.826172 0.994141 0.826172 0.992188 0.824219 0.992188 0.822266 0.990234 0.820312 0.990234 0.818359 0.992188 0.816406 0.992188 0.814453 0.994141 0.812500 0.998047 0.812500
0 0.927734 0.824219 0.925781 0.824219 0.923828 0.826172 0.919922 0.826172 0.917969 0.824219 0.917969 0.818359 0.919922 0.816406 0.923828 0.816406 0.925781 0.818359 0.927734 0.818359
0 0.386719 0.826172 0.384766 0.826172 0.382812 0.828125 0.378906 0.828125 0.376953 0.826172 0.376953 0.820312 0.378906 0.818359 0.382812 0.818359 0.384766 0.820312 0.386719 0.820312
0 0.421875 0.826172 0.419922 0.826172 0.417969 0.828125 0.414062 0.828125 0.412109 0.826172 0.412109 0.820312 0.414062 0.818359 0.417969 0.818359 0.419922 0.820312 0.421875 0.820312
0 0.968750 0.822266 0.968750 0.826172 0.964844 0.826172 0.962891 0.824219 0.966797 0.820312
0 0.451172 0.828125 0.449219 0.828125 0.447266 0.830078 0.443359 0.830078 0.441406 0.828125 0.441406 0.822266 0.443359 0.820312 0.447266 0.820312 0.449219 0.822266 0.451172 0.822266
0 0.826172 0.828125 0.824219 0.828125 0.822266 0.830078 0.818359 0.830078 0.816406 0.828125 0.816406 0.822266 0.818359 0.820312 0.822266 0.820312 0.824219 0.822266 0.826172 0.822266
0 0.982422 0.832031 0.980469 0.832031 0.978516 0.833984 0.974609 0.833984 0.972656 0.832031 0.972656 0.826172 0.974609 0.824219 0.978516 0.824219 0.980469 0.826172 0.982422 0.826172
0 0.316406 0.833984 0.314453 0.833984 0.312500 0.835938 0.308594 0.835938 0.306641 0.833984 0.306641 0.828125 0.308594 0.826172 0.312500 0.826172 0.314453 0.828125 0.316406 0.828125
0 0.998047 0.841797 0.992188 0.841797 0.986328 0.835938 0.986328 0.826172 0.988281 0.824219 0.990234 0.824219 0.990234 0.822266 0.992188 0.820312 0.998047 0.820312
0 0.189453 0.835938 0.187500 0.835938 0.185547 0.837891 0.181641 0.837891 0.179688 0.835938 0.179688 0.830078 0.181641 0.828125 0.185547 0.828125 0.187500 0.830078 0.189453 0.830078
0 0.279297 0.843750 0.277344 0.843750 0.275391 0.845703 0.265625 0.845703 0.259766 0.839844 0.259766 0.830078 0.261719 0.828125 0.263672 0.828125 0.263672 0.826172 0.265625 0.824219 0.275391 0.824219 0.281250 0.830078 0.281250 0.839844 0.279297 0.841797
0 0.974609 0.837891 0.972656 0.837891 0.970703 0.839844 0.966797 0.839844 0.964844 0.837891 0.964844 0.832031 0.966797 0.830078 0.970703 0.830078 0.972656 0.832031 0.974609 0.832031
0 0.144531 0.845703 0.142578 0.845703 0.140625 0.847656 0.130859 0.847656 0.125000 0.841797 0.125000 0.832031 0.126953 0.830078 0.128906 0.830078 0.128906 0.828125 0.130859 0.826172 0.140625 0.826172 0.146484 0.832031 0.146484 0.841797 0.144531 0.843750
0 0.781250 0.839844 0.779297 0.839844 0.777344 0.841797 0.773438 0.841797 0.771484 0.839844 0.771484 0.833984 0.773438 0.832031 0.777344 0.832031 0.779297 0.833984 0.781250 0.833984
0 0.919922 0.837891 0.917969 0.839844 0.917969 0.841797 0.916016 0.843750 0.910156 0.843750 0.908203 0.841797 0.908203 0.839844 0.906250 0.837891 0.906250 0.835938 0.908203 0.833984 0.908203 0.832031 0.910156 0.830078 0.916016 0.830078 0.917969 0.832031 0.917969 0.833984 0.919922 0.835938
0 0.468750 0.839844 0.466797 0.841797 0.466797 0.843750 0.464844 0.845703 0.458984 0.845703 0.457031 0.843750 0.457031 0.841797 0.455078 0.839844 0.455078 0.837891 0.457031 0.835938 0.457031 0.833984 0.458984 0.832031 0.464844 0.832031 0.466797 0.833984 0.466797 0.835938 0.468750 0.837891
0 0.787109 0.837891 0.787109 0.841797 0.783203 0.841797 0.781250 0.839844 0.785156 0.835938
0 0.240234 0.853516 0.238281 0.853516 0.236328 0.855469 0.226562 0.855469 0.220703 0.849609 0.220703 0.839844 0.222656 0.837891 0.224609 0.837891 0.224609 0.835938 0.226562 0.833984 0.236328 0.833984 0.242188 0.839844 0.242188 0.849609 0.240234 0.851562
0 0.396484 0.847656 0.394531 0.847656 0.392578 0.849609 0.388672 0.849609 0.386719 0.847656 0.386719 0.841797 0.388672 0.839844 0.392578 0.839844 0.394531 0.841797 0.396484 0.841797
0 0.410156 0.847656 0.408203 0.847656 0.406250 0.849609 0.402344 0.849609 0.400391 0.847656 0.400391 0.841797 0.402344 0.839844 0.406250 0.839844 0.408203 0.841797 0.410156 0.841797
0 0.695312 0.855469 0.693359 0.855469 0.691406 0.857422 0.681641 0.857422 0.675781 0.851562 0.675781 0.841797 0.677734 0.839844 0.679688 0.839844 0.679688 0.837891 0.681641 0.835938 0.691406 0.835938 0.697266 0.841797 0.697266 0.851562 0.695312 0.853516
0 0.910156 0.845703 0.910156 0.849609 0.906250 0.849609 0.904297 0.847656 0.908203 0.843750
0 0.638672 0.851562 0.632812 0.857422 0.626953 0.857422 0.621094 0.851562 0.621094 0.845703 0.626953 0.839844 0.632812 0.839844 0.638672 0.845703
0 0.955078 0.853516 0.953125 0.853516 0.951172 0.855469 0.947266 0.855469 0.945312 0.853516 0.945312 0.847656 0.947266 0.845703 0.951172 0.845703 0.953125 0.847656 0.955078 0.847656
0 0.437500 0.853516 0.435547 0.855469 0.435547 0.857422 0.433594 0.859375 0.427734 0.859375 0.425781 0.857422 0.425781 0.855469 0.423828 0.853516 0.423828 0.851562 0.425781 0.849609 0.425781 0.847656 0.427734 0.845703 0.433594 0.845703 0.435547 0.847656 0.435547 0.849609 0.437500 0.851562
0 0.478516 0.853516 0.476562 0.855469 0.476562 0.857422 0.474609 0.859375 0.468750 0.859375 0.466797 0.857422 0.466797 0.855469 0.464844 0.853516 0.464844 0.851562 0.466797 0.849609 0.466797 0.847656 0.468750 0.845703 0.474609 0.845703 0.476562 0.847656 0.476562 0.849609 0.478516 0.851562
0 0.787109 0.851562 0.787109 0.855469 0.783203 0.855469 0.781250 0.853516 0.785156 0.849609
0 0.972656 0.861328 0.970703 0.861328 0.968750 0.863281 0.958984 0.863281 0.953125 0.857422 0.953125 0.847656 0.955078 0.845703 0.957031 0.845703 0.957031 0.843750 0.958984 0.841797 0.968750 0.841797 0.974609 0.847656 0.974609 0.857422 0.972656 0.859375
0 0.306641 0.857422 0.304688 0.857422 0.302734 0.859375 0.298828 0.859375 0.296875 0.857422 0.296875 0.851562 0.298828 0.849609 0.302734 0.849609 0.304688 0.851562 0.306641 0.851562
0 0.541016 0.857422 0.539062 0.857422 0.537109 0.859375 0.533203 0.859375 0.531250 0.857422 0.531250 0.851562 0.533203 0.849609 0.537109 0.849609 0.539062 0.851562 0.541016 0.851562
0 0.636719 0.855469 0.634766 0.857422 0.634766 0.859375 0.632812 0.861328 0.626953 0.861328 0.625000 0.859375 0.625000 0.857422 0.623047 0.855469 0.623047 0.853516 0.625000 0.851562 0.625000 0.849609 0.626953 0.847656 0.632812 0.847656 0.634766 0.849609 0.634766 0.851562 0.636719 0.853516
0 0.660156 0.857422 0.654297 0.863281 0.648438 0.863281 0.642578 0.857422 0.642578 0.851562 0.648438 0.845703 0.654297 0.845703 0.660156 0.851562
0 0.187500 0.857422 0.185547 0.859375 0.185547 0.861328 0.183594 0.863281 0.177734 0.863281 0.175781 0.861328 0.175781 0.859375 0.173828 0.857422 0.173828 0.855469 0.175781 0.853516 0.175781 0.851562 0.177734 0.849609 0.183594 0.849609 0.185547 0.851562 0.185547 0.853516 0.187500 0.855469
0 0.777344 0.859375 0.771484 0.865234 0.765625 0.865234 0.759766 0.859375 0.759766 0.853516 0.765625 0.847656 0.771484 0.847656 0.777344 0.853516
0 0.910156 0.855469 0.910156 0.859375 0.906250 0.859375 0.904297 0.857422 0.908203 0.853516
0 0.753906 0.859375 0.751953 0.861328 0.751953 0.863281 0.750000 0.865234 0.744141 0.865234 0.742188 0.863281 0.742188 0.861328 0.740234 0.859375 0.740234 0.857422 0.742188 0.855469 0.742188 0.853516 0.744141 0.851562 0.750000 0.851562 0.751953 0.853516 0.751953 0.855469 0.753906 0.857422
0 0.763672 0.861328 0.761719 0.861328 0.759766 0.863281 0.755859 0.863281 0.753906 0.861328 0.753906 0.855469 0.755859 0.853516 0.759766 0.853516 0.761719 0.855469 0.763672 0.855469
0 0.236328 0.863281 0.234375 0.863281 0.232422 0.865234 0.228516 0.865234 0.226562 0.863281 0.226562 0.857422 0.228516 0.855469 0.232422 0.855469 0.234375 0.857422 0.236328 0.857422
0 0.939453 0.861328 0.937500 0.863281 0.937500 0.865234 0.935547 0.867188 0.929688 0.867188 0.927734 0.865234 0.927734 0.863281 0.925781 0.861328 0.925781 0.859375 0.927734 0.857422 0.927734 0.855469 0.929688 0.853516 0.935547 0.853516 0.937500 0.855469 0.937500 0.857422 0.939453 0.859375
0 0.958984 0.859375 0.958984 0.863281 0.955078 0.863281 0.953125 0.861328 0.957031 0.857422
0 0.974609 0.869141 0.972656 0.869141 0.970703 0.871094 0.960938 0.871094 0.955078 0.865234 0.955078 0.855469 0.957031 0.853516 0.958984 0.853516 0.958984 0.851562 0.960938 0.849609 0.970703 0.849609 0.976562 0.855469 0.976562 0.865234 0.974609 0.867188
0 0.992188 0.863281 0.990234 0.863281 0.988281 0.865234 0.984375 0.865234 0.982422 0.863281 0.982422 0.857422 0.984375 0.855469 0.988281 0.855469 0.990234 0.857422 0.992188 0.857422
0 0.914062 0.865234 0.912109 0.865234 0.910156 0.867188 0.906250 0.867188 0.904297 0.865234 0.904297 0.859375 0.906250 0.857422 0.910156 0.857422 0.912109 0.859375 0.914062 0.859375
0 0.505859 0.867188 0.503906 0.867188 0.501953 0.869141 0.498047 0.869141 0.496094 0.867188 0.496094 0.861328 0.498047 0.859375 0.501953 0.859375 0.503906 0.861328 0.505859 0.861328
0 0.593750 0.865234 0.591797 0.867188 0.591797 0.869141 0.589844 0.871094 0.583984 0.871094 0.582031 0.869141 0.582031 0.867188 0.580078 0.865234 0.580078 0.863281 0.582031 0.861328 0.582031 0.859375 0.583984 0.857422 0.589844 0.857422 0.591797 0.859375 0.591797 0.861328 0.593750 0.863281
0 0.927734 0.867188 0.925781 0.867188 0.923828 0.869141 0.919922 0.869141 0.917969 0.867188 0.917969 0.861328 0.919922 0.859375 0.923828 0.859375 0.925781 0.861328 0.927734 0.861328
0 0.179688 0.867188 0.177734 0.869141 0.177734 0.871094 0.175781 0.873047 0.169922 0.873047 0.167969 0.871094 0.167969 0.869141 0.166016 0.867188 0.166016 0.865234 0.167969 0.863281 0.167969 0.861328 0.169922 0.859375 0.175781 0.859375 0.177734 0.861328 0.177734 0.863281 0.179688 0.865234
0 0.273438 0.867188 0.271484 0.869141 0.271484 0.871094 0.269531 0.873047 0.263672 0.873047 0.261719 0.871094 0.261719 0.869141 0.259766 0.867188 0.259766 0.865234 0.261719 0.863281 0.261719 0.861328 0.263672 0.859375 0.269531 0.859375 0.271484 0.861328 0.271484 0.863281 0.273438 0.865234
0 0.617188 0.869141 0.615234 0.871094 0.615234 0.873047 0.613281 0.875000 0.607422 0.875000 0.605469 0.873047 0.605469 0.871094 0.603516 0.869141 0.603516 0.867188 0.605469 0.865234 0.605469 0.863281 0.607422 0.861328 0.613281 0.861328 0.615234 0.863281 0.615234 0.865234 0.617188 0.867188
0 0.156250 0.873047 0.154297 0.873047 0.152344 0.875000 0.148438 0.875000 0.146484 0.873047 0.146484 0.867188 0.148438 0.865234 0.152344 0.865234 0.154297 0.867188 0.156250 0.867188
0 0.476562 0.875000 0.470703 0.880859 0.464844 0.880859 0.458984 0.875000 0.458984 0.869141 0.464844 0.863281 0.470703 0.863281 0.476562 0.869141
0 0.974609 0.871094 0.974609 0.875000 0.970703 0.875000 0.968750 0.873047 0.972656 0.869141
0 0.523438 0.882812 0.521484 0.882812 0.519531 0.884766 0.509766 0.884766 0.503906 0.878906 0.503906 0.869141 0.505859 0.867188 0.507812 0.867188 0.507812 0.865234 0.509766 0.863281 0.519531 0.863281 0.525391 0.869141 0.525391 0.878906 0.523438 0.880859
0 0.701172 0.875000 0.699219 0.876953 0.699219 0.878906 0.697266 0.880859 0.691406 0.880859 0.689453 0.878906 0.689453 0.876953 0.687500 0.875000 0.687500 0.873047 0.689453 0.871094 0.689453 0.869141 0.691406 0.867188 0.697266 0.867188 0.699219 0.869141 0.699219 0.871094 0.701172 0.873047
0 0.751953 0.876953 0.750000 0.876953 0.748047 0.878906 0.744141 0.878906 0.742188 0.876953 0.742188 0.871094 0.744141 0.869141 0.748047 0.869141 0.750000 0.871094 0.751953 0.871094
0 0.767578 0.873047 0.767578 0.876953 0.763672 0.876953 0.761719 0.875000 0.765625 0.871094
0 0.955078 0.875000 0.953125 0.876953 0.953125 0.878906 0.951172 0.880859 0.945312 0.880859 0.943359 0.878906 0.943359 0.876953 0.941406 0.875000 0.941406 0.873047 0.943359 0.871094 0.943359 0.869141 0.945312 0.867188 0.951172 0.867188 0.953125 0.869141 0.953125 0.871094 0.955078 0.873047
0 0.964844 0.876953 0.958984 0.882812 0.953125 0.882812 0.947266 0.876953 0.947266 0.871094 0.953125 0.865234 0.958984 0.865234 0.964844 0.871094
0 0.542969 0.880859 0.541016 0.882812 0.541016 0.884766 0.539062 0.886719 0.533203 0.886719 0.531250 0.884766 0.531250 0.882812 0.529297 0.880859 0.529297 0.878906 0.531250 0.876953 0.531250 0.875000 0.533203 0.873047 0.539062 0.873047 0.541016 0.875000 0.541016 0.876953 0.542969 0.878906
0 0.330078 0.886719 0.328125 0.886719 0.326172 0.888672 0.322266 0.888672 0.320312 0.886719 0.320312 0.880859 0.322266 0.878906 0.326172 0.878906 0.328125 0.880859 0.330078 0.880859
0 0.894531 0.884766 0.894531 0.888672 0.890625 0.888672 0.888672 0.886719 0.892578 0.882812
0 0.968750 0.886719 0.966797 0.888672 0.966797 0.890625 0.964844 0.892578 0.958984 0.892578 0.957031 0.890625 0.957031 0.888672 0.955078 0.886719 0.955078 0.884766 0.957031 0.882812 0.957031 0.880859 0.958984 0.878906 0.964844 0.878906 0.966797 0.880859 0.966797 0.882812 0.968750 0.884766
0 0.615234 0.886719 0.615234 0.890625 0.611328 0.890625 0.609375 0.888672 0.613281 0.884766
0 0.664062 0.896484 0.662109 0.896484 0.660156 0.898438 0.650391 0.898438 0.644531 0.892578 0.644531 0.882812 0.646484 0.880859 0.648438 0.880859 0.648438 0.878906 0.650391 0.876953 0.660156 0.876953 0.666016 0.882812 0.666016 0.892578 0.664062 0.894531
0 0.802734 0.886719 0.802734 0.890625 0.798828 0.890625 0.796875 0.888672 0.800781 0.884766
0 0.490234 0.892578 0.488281 0.892578 0.486328 0.894531 0.482422 0.894531 0.480469 0.892578 0.480469 0.886719 0.482422 0.884766 0.486328 0.884766 0.488281 0.886719 0.490234 0.886719
0 0.945312 0.892578 0.943359 0.892578 0.941406 0.894531 0.937500 0.894531 0.935547 0.892578 0.935547 0.886719 0.937500 0.884766 0.941406 0.884766 0.943359 0.886719 0.945312 0.886719
0 0.468750 0.894531 0.466797 0.894531 0.464844 0.896484 0.460938 0.896484 0.458984 0.894531 0.458984 0.888672 0.460938 0.886719 0.464844 0.886719 0.466797 0.888672 0.468750 0.888672
0 0.771484 0.892578 0.771484 0.896484 0.767578 0.896484 0.765625 0.894531 0.769531 0.890625
0 0.884766 0.896484 0.882812 0.896484 0.880859 0.898438 0.876953 0.898438 0.875000 0.896484 0.875000 0.890625 0.876953 0.888672 0.880859 0.888672 0.882812 0.890625 0.884766 0.890625
0 0.900391 0.892578 0.900391 0.896484 0.896484 0.896484 0.894531 0.894531 0.898438 0.890625
0 0.361328 0.896484 0.359375 0.898438 0.359375 0.900391 0.357422 0.902344 0.351562 0.902344 0.349609 0.900391 0.349609 0.898438 0.347656 0.896484 0.347656 0.894531 0.349609 0.892578 0.349609 0.890625 0.351562 0.888672 0.357422 0.888672 0.359375 0.890625 0.359375 0.892578 0.361328 0.894531
0 0.380859 0.896484 0.378906 0.898438 0.378906 0.900391 0.376953 0.902344 0.371094 0.902344 0.369141 0.900391 0.369141 0.898438 0.367188 0.896484 0.367188 0.894531 0.369141 0.892578 0.369141 0.890625 0.371094 0.888672 0.376953 0.888672 0.378906 0.890625 0.378906 0.892578 0.380859 0.894531
0 0.402344 0.898438 0.400391 0.898438 0.398438 0.900391 0.394531 0.900391 0.392578 0.898438 0.392578 0.892578 0.394531 0.890625 0.398438 0.890625 0.400391 0.892578 0.402344 0.892578
0 0.564453 0.898438 0.562500 0.898438 0.560547 0.900391 0.556641 0.900391 0.554688 0.898438 0.554688 0.892578 0.556641 0.890625 0.560547 0.890625 0.562500 0.892578 0.564453 0.892578
0 0.267578 0.900391 0.261719 0.906250 0.255859 0.906250 0.250000 0.900391 0.250000 0.894531 0.255859 0.888672 0.261719 0.888672 0.267578 0.894531
0 0.681641 0.906250 0.679688 0.906250 0.677734 0.908203 0.667969 0.908203 0.662109 0.902344 0.662109 0.892578 0.664062 0.890625 0.666016 0.890625 0.666016 0.888672 0.667969 0.886719 0.677734 0.886719 0.683594 0.892578 0.683594 0.902344 0.681641 0.904297
0 0.812500 0.900391 0.810547 0.900391 0.808594 0.902344 0.804688 0.902344 0.802734 0.900391 0.802734 0.894531 0.804688 0.892578 0.808594 0.892578 0.810547 0.894531 0.812500 0.894531
0 0.580078 0.902344 0.578125 0.902344 0.576172 0.904297 0.572266 0.904297 0.570312 0.902344 0.570312 0.896484 0.572266 0.894531 0.576172 0.894531 0.578125 0.896484 0.580078 0.896484
0 0.648438 0.902344 0.642578 0.908203 0.636719 0.908203 0.630859 0.902344 0.630859 0.896484 0.636719 0.890625 0.642578 0.890625 0.648438 0.896484
0 0.890625 0.898438 0.890625 0.902344 0.886719 0.902344 0.884766 0.900391 0.888672 0.896484
0 0.714844 0.904297 0.712891 0.906250 0.712891 0.908203 0.710938 0.910156 0.705078 0.910156 0.703125 0.908203 0.703125 0.906250 0.701172 0.904297 0.701172 0.902344 0.703125 0.900391 0.703125 0.898438 0.705078 0.896484 0.710938 0.896484 0.712891 0.898438 0.712891 0.900391 0.714844 0.902344
0 0.957031 0.904297 0.955078 0.906250 0.955078 0.908203 0.953125 0.910156 0.947266 0.910156 0.945312 0.908203 0.945312 0.906250 0.943359 0.904297 0.943359 0.902344 0.945312 0.900391 0.945312 0.898438 0.947266 0.896484 0.953125 0.896484 0.955078 0.898438 0.955078 0.900391 0.957031 0.902344
0 0.310547 0.906250 0.308594 0.908203 0.308594 0.910156 0.306641 0.912109 0.300781 0.912109 0.298828 0.910156 0.298828 0.908203 0.296875 0.906250 0.296875 0.904297 0.298828 0.902344 0.298828 0.900391 0.300781 0.898438 0.306641 0.898438 0.308594 0.900391 0.308594 0.902344 0.310547 0.904297
0 0.425781 0.908203 0.423828 0.908203 0.421875 0.910156 0.417969 0.910156 0.416016 0.908203 0.416016 0.902344 0.417969 0.900391 0.421875 0.900391 0.423828 0.902344 0.425781 0.902344
0 0.527344 0.908203 0.525391 0.910156 0.525391 0.912109 0.523438 0.914062 0.517578 0.914062 0.515625 0.912109 0.515625 0.910156 0.513672 0.908203 0.513672 0.906250 0.515625 0.904297 0.515625 0.902344 0.517578 0.900391 0.523438 0.900391 0.525391 0.902344 0.525391 0.904297 0.527344 0.906250
0 0.291016 0.912109 0.289062 0.912109 0.287109 0.914062 0.283203 0.914062 0.281250 0.912109 0.281250 0.906250 0.283203 0.904297 0.287109 0.904297 0.289062 0.906250 0.291016 0.906250
0 0.347656 0.912109 0.345703 0.912109 0.343750 0.914062 0.339844 0.914062 0.337891 0.912109 0.337891 0.906250 0.339844 0.904297 0.343750 0.904297 0.345703 0.906250 0.347656 0.906250
0 0.710938 0.910156 0.708984 0.912109 0.708984 0.914062 0.707031 0.916016 0.701172 0.916016 0.699219 0.914062 0.699219 0.912109 0.697266 0.910156 0.697266 0.908203 0.699219 0.906250 0.699219 0.904297 0.701172 0.902344 0.707031 0.902344 0.708984 0.904297 0.708984 0.906250 0.710938 0.908203
0 0.562500 0.916016 0.560547 0.916016 0.558594 0.917969 0.554688 0.917969 0.552734 0.916016 0.552734 0.910156 0.554688 0.908203 0.558594 0.908203 0.560547 0.910156 0.562500 0.910156
0 0.740234 0.916016 0.738281 0.916016 0.736328 0.917969 0.732422 0.917969 0.730469 0.916016 0.730469 0.910156 0.732422 0.908203 0.736328 0.908203 0.738281 0.910156 0.740234 0.910156
0 0.947266 0.916016 0.947266 0.919922 0.943359 0.919922 0.941406 0.917969 0.945312 0.914062
0 0.359375 0.919922 0.357422 0.921875 0.357422 0.923828 0.355469 0.925781 0.349609 0.925781 0.347656 0.923828 0.347656 0.921875 0.345703 0.919922 0.345703 0.917969 0.347656 0.916016 0.347656 0.914062 0.349609 0.912109 0.355469 0.912109 0.357422 0.914062 0.357422 0.916016 0.359375 0.917969
0 0.390625 0.921875 0.388672 0.921875 0.386719 0.923828 0.382812 0.923828 0.380859 0.921875 0.380859 0.916016 0.382812 0.914062 0.386719 0.914062 0.388672 0.916016 0.390625 0.916016
0 0.576172 0.917969 0.576172 0.921875 0.572266 0.921875 0.570312 0.919922 0.574219 0.916016
0 0.738281 0.921875 0.736328 0.921875 0.734375 0.923828 0.730469 0.923828 0.728516 0.921875 0.728516 0.916016 0.730469 0.914062 0.734375 0.914062 0.736328 0.916016 0.738281 0.916016
0 0.771484 0.921875 0.769531 0.921875 0.767578 0.923828 0.763672 0.923828 0.761719 0.921875 0.761719 0.916016 0.763672 0.914062 0.767578 0.914062 0.769531 0.916016 0.771484 0.916016
0 0.710938 0.923828 0.708984 0.923828 0.707031 0.925781 0.703125 0.925781 0.701172 0.923828 0.701172 0.917969 0.703125 0.916016 0.707031 0.916016 0.708984 0.917969 0.710938 0.917969
0 0.427734 0.927734 0.425781 0.927734 0.423828 0.929688 0.419922 0.929688 0.417969 0.927734 0.417969 0.921875 0.419922 0.919922 0.423828 0.919922 0.425781 0.921875 0.427734 0.921875
0 0.958984 0.927734 0.957031 0.927734 0.955078 0.929688 0.951172 0.929688 0.949219 0.927734 0.949219 0.921875 0.951172 0.919922 0.955078 0.919922 0.957031 0.921875 0.958984 0.921875
0 0.371094 0.929688 0.369141 0.929688 0.367188 0.931641 0.363281 0.931641 0.361328 0.929688 0.361328 0.923828 0.363281 0.921875 0.367188 0.921875 0.369141 0.923828 0.371094 0.923828
0 0.214844 0.931641 0.208984 0.937500 0.203125 0.937500 0.197266 0.931641 0.197266 0.925781 0.203125 0.919922 0.208984 0.919922 0.214844 0.925781
0 0.539062 0.931641 0.537109 0.931641 0.535156 0.933594 0.531250 0.933594 0.529297 0.931641 0.529297 0.925781 0.531250 0.923828 0.535156 0.923828 0.537109 0.925781 0.539062 0.925781
0 0.724609 0.931641 0.722656 0.931641 0.720703 0.933594 0.716797 0.933594 0.714844 0.931641 0.714844 0.925781 0.716797 0.923828 0.720703 0.923828 0.722656 0.925781 0.724609 0.925781
0 0.416016 0.937500 0.414062 0.937500 0.412109 0.939453 0.408203 0.939453 0.406250 0.937500 0.406250 0.931641 0.408203 0.929688 0.412109 0.929688 0.414062 0.931641 0.416016 0.931641
0 0.972656 0.939453 0.970703 0.941406 0.970703 0.943359 0.968750 0.945312 0.962891 0.945312 0.960938 0.943359 0.960938 0.941406 0.958984 0.939453 0.958984 0.937500 0.960938 0.935547 0.960938 0.933594 0.962891 0.931641 0.968750 0.931641 0.970703 0.933594 0.970703 0.935547 0.972656 0.937500
0 0.884766 0.939453 0.884766 0.943359 0.880859 0.943359 0.878906 0.941406 0.882812 0.937500
0 0.572266 0.941406 0.572266 0.945312 0.568359 0.945312 0.566406 0.943359 0.570312 0.939453
0 0.650391 0.945312 0.644531 0.951172 0.638672 0.951172 0.632812 0.945312 0.632812 0.939453 0.638672 0.933594 0.644531 0.933594 0.650391 0.939453
0 0.919922 0.945312 0.917969 0.945312 0.916016 0.947266 0.912109 0.947266 0.910156 0.945312 0.910156 0.939453 0.912109 0.937500 0.916016 0.937500 0.917969 0.939453 0.919922 0.939453
0 0.683594 0.953125 0.681641 0.953125 0.679688 0.955078 0.669922 0.955078 0.664062 0.949219 0.664062 0.939453 0.666016 0.937500 0.667969 0.937500 0.667969 0.935547 0.669922 0.933594 0.679688 0.933594 0.685547 0.939453 0.685547 0.949219 0.683594 0.951172
0 0.875000 0.943359 0.875000 0.947266 0.871094 0.947266 0.869141 0.945312 0.873047 0.941406
0 0.937500 0.953125 0.935547 0.953125 0.933594 0.955078 0.923828 0.955078 0.917969 0.949219 0.917969 0.939453 0.919922 0.937500 0.921875 0.937500 0.921875 0.935547 0.923828 0.933594 0.933594 0.933594 0.939453 0.939453 0.939453 0.949219 0.937500 0.951172
0 0.986328 0.945312 0.986328 0.949219 0.982422 0.949219 0.980469 0.947266 0.984375 0.943359
0 0.253906 0.957031 0.251953 0.957031 0.250000 0.958984 0.240234 0.958984 0.234375 0.953125 0.234375 0.943359 0.236328 0.941406 0.238281 0.941406 0.238281 0.939453 0.240234 0.937500 0.250000 0.937500 0.255859 0.943359 0.255859 0.953125 0.253906 0.955078
0 0.580078 0.947266 0.580078 0.951172 0.576172 0.951172 0.574219 0.949219 0.578125 0.945312
0 0.902344 0.953125 0.896484 0.958984 0.890625 0.958984 0.884766 0.953125 0.884766 0.947266 0.890625 0.941406 0.896484 0.941406 0.902344 0.947266
0 0.925781 0.955078 0.923828 0.955078 0.921875 0.957031 0.917969 0.957031 0.916016 0.955078 0.916016 0.949219 0.917969 0.947266 0.921875 0.947266 0.923828 0.949219 0.925781 0.949219
0 0.212891 0.957031 0.207031 0.962891 0.201172 0.962891 0.195312 0.957031 0.195312 0.951172 0.201172 0.945312 0.207031 0.945312 0.212891 0.951172
0 0.568359 0.953125 0.568359 0.957031 0.564453 0.957031 0.562500 0.955078 0.566406 0.951172
0 0.886719 0.953125 0.886719 0.957031 0.882812 0.957031 0.880859 0.955078 0.884766 0.951172
0 0.701172 0.958984 0.699219 0.958984 0.697266 0.960938 0.693359 0.960938 0.691406 0.958984 0.691406 0.953125 0.693359 0.951172 0.697266 0.951172 0.699219 0.953125 0.701172 0.953125
0 0.876953 0.957031 0.875000 0.958984 0.875000 0.960938 0.873047 0.962891 0.867188 0.962891 0.865234 0.960938 0.865234 0.958984 0.863281 0.957031 0.863281 0.955078 0.865234 0.953125 0.865234 0.951172 0.867188 0.949219 0.873047 0.949219 0.875000 0.951172 0.875000 0.953125 0.876953 0.955078
0 0.976562 0.958984 0.974609 0.958984 0.972656 0.960938 0.968750 0.960938 0.966797 0.958984 0.966797 0.953125 0.968750 0.951172 0.972656 0.951172 0.974609 0.953125 0.976562 0.953125
0 0.984375 0.958984 0.982422 0.958984 0.980469 0.960938 0.976562 0.960938 0.974609 0.958984 0.974609 0.953125 0.976562 0.951172 0.980469 0.951172 0.982422 0.953125 0.984375 0.953125
0 0.863281 0.957031 0.863281 0.960938 0.859375 0.960938 0.857422 0.958984 0.861328 0.955078
0 0.912109 0.964844 0.910156 0.964844 0.908203 0.966797 0.904297 0.966797 0.902344 0.964844 0.902344 0.958984 0.904297 0.957031 0.908203 0.957031 0.910156 0.958984 0.912109 0.958984
0 0.544922 0.962891 0.544922 0.966797 0.541016 0.966797 0.539062 0.964844 0.542969 0.960938
0 0.683594 0.966797 0.681641 0.966797 0.679688 0.968750 0.675781 0.968750 0.673828 0.966797 0.673828 0.960938 0.675781 0.958984 0.679688 0.958984 0.681641 0.960938 0.683594 0.960938
0 0.855469 0.962891 0.855469 0.966797 0.851562 0.966797 0.849609 0.964844 0.853516 0.960938
0 0.583984 0.976562 0.582031 0.976562 0.580078 0.978516 0.570312 0.978516 0.564453 0.972656 0.564453 0.962891 0.566406 0.960938 0.568359 0.960938 0.568359 0.958984 0.570312 0.957031 0.580078 0.957031 0.585938 0.962891 0.585938 0.972656 0.583984 0.974609
0 0.515625 0.972656 0.513672 0.972656 0.511719 0.974609 0.507812 0.974609 0.505859 0.972656 0.505859 0.966797 0.507812 0.964844 0.511719 0.964844 0.513672 0.966797 0.515625 0.966797
0 0.419922 0.974609 0.419922 0.978516 0.416016 0.978516 0.414062 0.976562 0.417969 0.972656
0 0.529297 0.980469 0.527344 0.980469 0.525391 0.982422 0.521484 0.982422 0.519531 0.980469 0.519531 0.974609 0.521484 0.972656 0.525391 0.972656 0.527344 0.974609 0.529297 0.974609
0 0.871094 0.978516 0.869141 0.980469 0.869141 0.982422 0.867188 0.984375 0.861328 0.984375 0.859375 0.982422 0.859375 0.980469 0.857422 0.978516 0.857422 0.976562 0.859375 0.974609 0.859375 0.972656 0.861328 0.970703 0.867188 0.970703 0.869141 0.972656 0.869141 0.974609 0.871094 0.976562
0 0.425781 0.982422 0.425781 0.986328 0.421875 0.986328 0.419922 0.984375 0.423828 0.980469
0 0.417969 0.984375 0.417969 0.988281 0.414062 0.988281 0.412109 0.986328 0.416016 0.982422
0 0.662109 0.984375 0.662109 0.988281 0.658203 0.988281 0.656250 0.986328 0.660156 0.982422
0 0.937500 0.986328 0.937500 0.990234 0.933594 0.990234 0.931641 0.988281 0.935547 0.984375
0 0.734375 0.990234 0.734375 0.994141 0.730469 0.994141 0.728516 0.992188 0.732422 0.988281
0 0.931641 0.990234 0.931641 0.994141 0.927734 0.994141 0.925781 0.992188 0.929688 0.988281
0 0.943359 0.990234 0.943359 0.994141 0.939453 0.994141 0.937500 0.992188 0.941406 0.988281
0 0.212891 0.998047 0.203125 0.998047 0.203125 0.994141 0.205078 0.992188 0.208984 0.992188 0.210938 0.994141 0.212891 0.994141
0 0.246094 0.998047 0.236328 0.998047 0.236328 0.994141 0.238281 0.992188 0.242188 0.992188 0.244141 0.994141 0.246094 0.994141
0 0.513672 0.998047 0.496094 0.998047 0.496094 0.994141 0.501953 0.988281 0.507812 0.988281 0.513672 0.994141
0 0.521484 0.998047 0.511719 0.998047 0.511719 0.994141 0.513672 0.992188 0.517578 0.992188 0.519531 0.994141 0.521484 0.994141
0 0.585938 0.998047 0.576172 0.998047 0.576172 0.994141 0.578125 0.992188 0.582031 0.992188 0.583984 0.994141 0.585938 0.994141
