0 0.064453 0.011719 0.062500 0.013672 0.062500 0.015625 0.064453 0.017578 0.066406 0.017578 0.068359 0.015625 0.068359 0.013672 0.066406 0.011719
0 0.041016 0.029297 0.037109 0.029297 0.035156 0.031250 0.035156 0.033203 0.037109 0.035156 0.039062 0.035156 0.041016 0.033203
0 0.179688 0.130859 0.179688 0.134766 0.181641 0.136719 0.187500 0.136719 0.189453 0.134766 0.189453 0.132812 0.187500 0.130859
0 0.273438 0.140625 0.267578 0.140625 0.259766 0.148438 0.259766 0.156250 0.261719 0.158203 0.269531 0.158203 0.275391 0.152344 0.275391 0.150391 0.277344 0.148438 0.277344 0.146484
0 0.244141 0.146484 0.238281 0.148438 0.234375 0.152344 0.234375 0.164062 0.238281 0.167969 0.244141 0.167969 0.251953 0.160156 0.251953 0.152344 0.248047 0.148438 0.246094 0.148438
0 0.144531 0.150391 0.140625 0.154297 0.140625 0.156250 0.138672 0.158203 0.138672 0.166016 0.142578 0.169922 0.146484 0.169922 0.150391 0.173828 0.150391 0.175781 0.152344 0.175781 0.154297 0.173828 0.154297 0.169922 0.152344 0.167969 0.152344 0.166016 0.154297 0.164062 0.154297 0.154297 0.150391 0.150391
0 0.328125 0.181641 0.326172 0.181641 0.324219 0.183594 0.324219 0.185547 0.322266 0.187500 0.324219 0.189453 0.328125 0.189453 0.330078 0.187500 0.330078 0.183594
0 0.117188 0.189453 0.117188 0.193359 0.119141 0.195312 0.125000 0.195312 0.126953 0.193359 0.128906 0.193359 0.126953 0.191406 0.126953 0.189453 0.125000 0.187500 0.119141 0.187500
0 0.677734 0.193359 0.675781 0.195312 0.675781 0.197266 0.677734 0.199219 0.681641 0.199219 0.681641 0.195312 0.679688 0.193359
0 0.626953 0.210938 0.626953 0.214844 0.628906 0.214844 0.630859 0.212891 0.628906 0.210938
0 0.101562 0.220703 0.101562 0.224609 0.105469 0.224609 0.105469 0.220703
0 0.347656 0.220703 0.345703 0.222656 0.343750 0.222656 0.341797 0.224609 0.341797 0.230469 0.345703 0.234375 0.349609 0.234375 0.351562 0.236328 0.353516 0.234375 0.355469 0.234375 0.357422 0.232422 0.357422 0.226562 0.353516 0.222656 0.351562 0.222656 0.349609 0.220703
0 0.468750 0.222656 0.466797 0.224609 0.468750 0.226562 0.468750 0.228516 0.470703 0.228516 0.470703 0.226562 0.472656 0.224609 0.470703 0.222656
0 0.533203 0.224609 0.535156 0.226562 0.539062 0.226562 0.541016 0.224609 0.539062 0.222656 0.535156 0.222656
0 0.095703 0.226562 0.093750 0.228516 0.093750 0.230469 0.091797 0.232422 0.091797 0.234375 0.093750 0.236328 0.093750 0.240234 0.103516 0.240234 0.103516 0.234375 0.105469 0.232422 0.103516 0.232422 0.101562 0.230469 0.101562 0.228516 0.097656 0.228516
0 0.626953 0.230469 0.623047 0.230469 0.619141 0.234375 0.621094 0.236328 0.625000 0.236328 0.626953 0.234375
0 0.560547 0.234375 0.558594 0.236328 0.558594 0.240234 0.564453 0.240234 0.566406 0.238281 0.566406 0.236328 0.564453 0.234375
0 0.705078 0.238281 0.703125 0.240234 0.705078 0.242188 0.707031 0.242188 0.708984 0.240234 0.707031 0.238281
0 0.689453 0.242188 0.685547 0.242188 0.685547 0.244141 0.687500 0.246094 0.689453 0.244141
0 0.080078 0.250000 0.078125 0.251953 0.078125 0.253906 0.080078 0.255859 0.082031 0.255859 0.083984 0.253906 0.083984 0.251953 0.082031 0.250000
0 0.365234 0.265625 0.363281 0.267578 0.363281 0.271484 0.365234 0.273438 0.367188 0.273438 0.369141 0.275391 0.371094 0.273438 0.371094 0.267578 0.369141 0.265625
0 0.185547 0.283203 0.187500 0.300781 0.203125 0.316406 0.218750 0.314453 0.228516 0.302734 0.232422 0.300781 0.242188 0.302734 0.246094 0.298828 0.246094 0.292969 0.230469 0.291016 0.216797 0.277344 0.208984 0.277344 0.201172 0.281250 0.191406 0.279297
0 0.613281 0.277344 0.613281 0.281250 0.615234 0.281250 0.615234 0.277344
0 0.392578 0.285156 0.392578 0.287109 0.400391 0.287109 0.400391 0.283203 0.394531 0.283203
0 0.416016 0.281250 0.414062 0.283203 0.414062 0.285156 0.416016 0.287109 0.417969 0.287109 0.417969 0.285156 0.419922 0.283203 0.417969 0.281250
0 0.275391 0.298828 0.275391 0.300781 0.277344 0.302734 0.289062 0.302734 0.291016 0.300781 0.291016 0.294922 0.289062 0.292969 0.279297 0.292969 0.277344 0.294922 0.277344 0.296875
0 0.302734 0.296875 0.300781 0.298828 0.300781 0.300781 0.302734 0.302734 0.304688 0.302734 0.306641 0.300781 0.306641 0.298828 0.304688 0.296875
0 0.388672 0.296875 0.386719 0.298828 0.386719 0.302734 0.392578 0.302734 0.394531 0.300781 0.394531 0.298828 0.392578 0.296875
0 0.337891 0.300781 0.337891 0.304688 0.339844 0.304688 0.339844 0.300781
1 0.347656 0.312500 0.351562 0.316406 0.359375 0.316406 0.365234 0.310547 0.369141 0.310547 0.371094 0.308594 0.371094 0.306641 0.369141 0.304688 0.365234 0.308594 0.363281 0.308594 0.357422 0.304688 0.351562 0.304688 0.351562 0.306641 0.349609 0.308594 0.347656 0.308594
0 0.970703 0.304688 0.968750 0.306641 0.968750 0.310547 0.970703 0.312500 0.972656 0.312500 0.972656 0.310547 0.974609 0.308594 0.974609 0.306641 0.972656 0.304688
0 0.335938 0.318359 0.333984 0.320312 0.335938 0.322266 0.337891 0.322266 0.339844 0.320312 0.337891 0.318359
1 0.371094 0.328125 0.373047 0.330078 0.380859 0.330078 0.384766 0.328125 0.384766 0.326172 0.388672 0.322266 0.396484 0.326172 0.402344 0.322266 0.402344 0.316406 0.398438 0.318359 0.392578 0.318359 0.390625 0.320312 0.388672 0.320312 0.384766 0.316406 0.375000 0.316406 0.371094 0.320312
0 0.689453 0.316406 0.689453 0.320312 0.691406 0.320312 0.693359 0.318359 0.691406 0.316406
0 0.515625 0.330078 0.515625 0.332031 0.517578 0.333984 0.519531 0.332031 0.517578 0.330078
0 0.675781 0.328125 0.673828 0.328125 0.669922 0.332031 0.669922 0.337891 0.671875 0.339844 0.675781 0.339844 0.679688 0.335938 0.679688 0.332031
0 0.496094 0.332031 0.494141 0.333984 0.494141 0.335938 0.496094 0.337891 0.498047 0.335938 0.498047 0.333984
0 0.103516 0.337891 0.099609 0.337891 0.097656 0.339844 0.095703 0.339844 0.093750 0.341797 0.093750 0.345703 0.097656 0.349609 0.101562 0.349609 0.103516 0.347656 0.105469 0.347656 0.107422 0.345703 0.107422 0.341797
0 0.396484 0.335938 0.394531 0.337891 0.394531 0.339844 0.396484 0.341797 0.398438 0.341797 0.400391 0.339844 0.400391 0.337891 0.398438 0.335938
0 0.419922 0.339844 0.417969 0.337891 0.416016 0.337891 0.414062 0.339844 0.414062 0.341797 0.417969 0.341797
0 0.363281 0.341797 0.355469 0.341797 0.353516 0.343750 0.353516 0.349609 0.357422 0.353516 0.359375 0.353516 0.363281 0.349609 0.363281 0.347656 0.365234 0.345703 0.365234 0.343750
0 0.451172 0.343750 0.449219 0.341797 0.447266 0.343750
0 0.619141 0.345703 0.619141 0.347656 0.623047 0.347656 0.623047 0.345703
0 0.429688 0.349609 0.425781 0.349609 0.425781 0.351562 0.427734 0.353516 0.427734 0.351562
0 0.333984 0.353516 0.332031 0.355469 0.333984 0.357422 0.335938 0.357422 0.335938 0.353516
0 0.757812 0.357422 0.755859 0.355469 0.751953 0.355469 0.746094 0.361328 0.748047 0.363281 0.751953 0.363281 0.753906 0.361328 0.755859 0.361328 0.757812 0.359375
0 0.277344 0.365234 0.277344 0.367188 0.275391 0.369141 0.277344 0.371094 0.279297 0.369141 0.279297 0.367188
0 0.347656 0.367188 0.343750 0.363281 0.341797 0.363281 0.339844 0.365234 0.339844 0.369141 0.337891 0.371094 0.335938 0.371094 0.335938 0.373047 0.337891 0.371094 0.345703 0.371094 0.347656 0.369141
0 0.322266 0.371094 0.322266 0.376953 0.324219 0.378906 0.326172 0.378906 0.326172 0.373047 0.324219 0.371094
0 0.351562 0.375000 0.351562 0.376953 0.355469 0.380859 0.361328 0.380859 0.361328 0.375000 0.359375 0.373047 0.353516 0.373047
0 0.398438 0.378906 0.396484 0.378906 0.394531 0.380859 0.396484 0.382812 0.398438 0.380859
0 0.412109 0.384766 0.410156 0.384766 0.408203 0.386719 0.400391 0.386719 0.398438 0.388672 0.398438 0.396484 0.400391 0.398438 0.408203 0.390625 0.410156 0.392578 0.410156 0.394531 0.412109 0.396484 0.414062 0.396484 0.414062 0.388672 0.412109 0.386719
1 0.683594 0.384766 0.679688 0.388672 0.679688 0.392578 0.683594 0.388672
0 0.316406 0.390625 0.316406 0.394531 0.318359 0.396484 0.326172 0.396484 0.328125 0.394531 0.328125 0.390625 0.326172 0.392578 0.324219 0.390625 0.322266 0.390625 0.320312 0.388672 0.318359 0.388672
0 0.310547 0.398438 0.308594 0.400391 0.308594 0.406250 0.312500 0.410156 0.316406 0.410156 0.316406 0.408203 0.314453 0.406250 0.314453 0.400391 0.312500 0.398438
0 0.369141 0.402344 0.367188 0.400391 0.365234 0.402344 0.365234 0.404297 0.367188 0.404297
0 0.390625 0.398438 0.388672 0.400391 0.388672 0.404297 0.390625 0.406250 0.392578 0.406250 0.394531 0.404297 0.394531 0.400391 0.392578 0.398438
0 0.328125 0.404297 0.328125 0.406250 0.332031 0.406250 0.330078 0.404297
0 0.404297 0.402344 0.400391 0.406250 0.400391 0.410156 0.402344 0.412109 0.404297 0.410156 0.404297 0.406250 0.406250 0.404297
0 0.736328 0.402344 0.738281 0.404297 0.740234 0.402344
0 0.300781 0.412109 0.298828 0.414062 0.300781 0.416016 0.302734 0.414062
1 0.378906 0.412109 0.378906 0.414062 0.380859 0.416016 0.382812 0.416016 0.388672 0.421875 0.388672 0.425781 0.392578 0.429688 0.396484 0.429688 0.396484 0.425781 0.390625 0.419922 0.390625 0.414062 0.388672 0.412109
0 0.611328 0.414062 0.609375 0.416016 0.609375 0.417969 0.611328 0.419922 0.613281 0.417969 0.613281 0.416016
0 0.228516 0.417969 0.226562 0.419922 0.226562 0.421875 0.224609 0.423828 0.224609 0.431641 0.226562 0.433594 0.230469 0.433594 0.232422 0.435547 0.232422 0.433594 0.238281 0.427734 0.238281 0.423828 0.234375 0.419922 0.232422 0.419922 0.230469 0.417969
1 0.271484 0.419922 0.271484 0.423828 0.273438 0.425781 0.281250 0.425781 0.283203 0.427734 0.281250 0.431641 0.283203 0.433594 0.281250 0.435547 0.281250 0.439453 0.285156 0.441406 0.289062 0.437500 0.291016 0.437500 0.294922 0.441406 0.294922 0.445312 0.296875 0.447266 0.300781 0.445312 0.300781 0.443359 0.306641 0.437500 0.306641 0.433594 0.308594 0.431641 0.312500 0.431641 0.314453 0.433594 0.314453 0.443359 0.316406 0.445312 0.322266 0.445312 0.326172 0.441406 0.326172 0.435547 0.316406 0.429688 0.316406 0.425781 0.312500 0.421875 0.310547 0.421875 0.308594 0.425781 0.304688 0.427734 0.302734 0.425781 0.294922 0.423828 0.292969 0.419922 0.292969 0.421875 0.287109 0.425781 0.285156 0.425781 0.281250 0.419922 0.275391 0.419922 0.273438 0.417969
0 0.376953 0.427734 0.376953 0.431641 0.380859 0.435547 0.384766 0.435547 0.386719 0.433594 0.386719 0.429688 0.384766 0.427734 0.382812 0.427734 0.380859 0.425781 0.378906 0.427734
0 0.423828 0.429688 0.421875 0.429688 0.419922 0.427734 0.417969 0.429688 0.417969 0.433594 0.421875 0.433594 0.423828 0.431641
1 0.464844 0.425781 0.462891 0.427734 0.462891 0.431641 0.464844 0.431641 0.466797 0.433594 0.468750 0.433594 0.470703 0.435547 0.472656 0.435547 0.472656 0.431641 0.470703 0.431641
0 0.255859 0.435547 0.253906 0.437500 0.253906 0.441406 0.255859 0.443359 0.261719 0.443359 0.261719 0.439453 0.257812 0.435547
0 0.396484 0.437500 0.394531 0.439453 0.394531 0.441406 0.396484 0.443359 0.398438 0.443359 0.400391 0.441406 0.400391 0.439453 0.398438 0.437500
0 0.414062 0.445312 0.412109 0.447266 0.412109 0.451172 0.417969 0.451172 0.416016 0.449219 0.416016 0.447266
0 0.332031 0.451172 0.332031 0.455078 0.333984 0.455078 0.335938 0.453125 0.333984 0.451172
0 0.349609 0.451172 0.345703 0.451172 0.345703 0.453125 0.347656 0.455078 0.349609 0.453125
0 0.302734 0.458984 0.300781 0.460938 0.304688 0.464844 0.306641 0.462891 0.306641 0.460938 0.304688 0.458984
0 0.326172 0.460938 0.324219 0.462891 0.324219 0.464844 0.326172 0.466797 0.330078 0.466797 0.330078 0.462891 0.328125 0.462891
0 0.408203 0.460938 0.410156 0.462891 0.412109 0.460938
0 0.554688 0.462891 0.552734 0.464844 0.554688 0.466797 0.556641 0.466797 0.558594 0.464844 0.556641 0.462891
1 0.294922 0.476562 0.294922 0.478516 0.298828 0.478516 0.300781 0.480469 0.304688 0.480469 0.308594 0.476562 0.312500 0.476562 0.314453 0.478516 0.316406 0.478516 0.318359 0.480469 0.322266 0.480469 0.324219 0.478516 0.326172 0.478516 0.328125 0.476562 0.332031 0.480469 0.333984 0.480469 0.335938 0.478516 0.335938 0.474609 0.333984 0.472656 0.332031 0.474609 0.330078 0.474609 0.328125 0.476562 0.326172 0.474609 0.324219 0.474609 0.322266 0.472656 0.320312 0.472656 0.318359 0.474609 0.312500 0.474609 0.310547 0.472656 0.308594 0.472656 0.306641 0.470703 0.302734 0.470703 0.300781 0.472656 0.298828 0.472656
0 0.476562 0.468750 0.474609 0.470703 0.476562 0.472656 0.478516 0.472656 0.480469 0.470703 0.478516 0.468750
0 0.761719 0.468750 0.759766 0.470703 0.761719 0.472656 0.763672 0.472656 0.763672 0.468750
1 0.712891 0.476562 0.710938 0.478516 0.710938 0.480469 0.718750 0.488281 0.720703 0.486328 0.718750 0.484375 0.718750 0.482422 0.716797 0.480469 0.716797 0.478516 0.714844 0.476562
0 0.769531 0.478516 0.767578 0.480469 0.769531 0.482422 0.771484 0.480469
0 0.339844 0.484375 0.337891 0.486328 0.339844 0.488281 0.341797 0.488281 0.341797 0.486328
1 0.392578 0.488281 0.392578 0.492188 0.396484 0.496094 0.402344 0.496094 0.406250 0.492188 0.406250 0.490234 0.408203 0.488281 0.410156 0.490234 0.414062 0.490234 0.414062 0.486328 0.412109 0.484375 0.410156 0.484375 0.406250 0.488281 0.402344 0.484375 0.396484 0.484375
0 0.470703 0.484375 0.468750 0.486328 0.468750 0.490234 0.470703 0.492188 0.472656 0.492188 0.472656 0.486328
1 0.474609 0.505859 0.476562 0.505859 0.476562 0.503906 0.480469 0.500000 0.484375 0.500000 0.486328 0.501953 0.490234 0.498047 0.492188 0.500000 0.492188 0.503906 0.496094 0.503906 0.498047 0.501953 0.498047 0.500000 0.496094 0.500000 0.494141 0.498047 0.492188 0.500000 0.490234 0.498047 0.488281 0.500000 0.486328 0.498047 0.486328 0.496094 0.484375 0.494141 0.478516 0.494141 0.476562 0.496094 0.476562 0.500000 0.474609 0.501953
1 0.617188 0.496094 0.615234 0.496094 0.613281 0.498047 0.611328 0.498047 0.611328 0.500000 0.613281 0.500000 0.615234 0.498047 0.617188 0.498047
0 0.314453 0.505859 0.312500 0.507812 0.312500 0.511719 0.314453 0.513672 0.318359 0.513672 0.320312 0.511719 0.320312 0.507812 0.318359 0.505859
0 0.388672 0.509766 0.388672 0.511719 0.384766 0.515625 0.384766 0.519531 0.382812 0.521484 0.382812 0.523438 0.380859 0.525391 0.376953 0.525391 0.375000 0.527344 0.373047 0.525391 0.373047 0.533203 0.378906 0.537109 0.388672 0.537109 0.388672 0.519531 0.390625 0.517578 0.390625 0.513672 0.388672 0.511719
1 0.423828 0.511719 0.421875 0.509766 0.419922 0.509766 0.416016 0.513672 0.414062 0.513672 0.416016 0.515625 0.417969 0.515625 0.419922 0.513672 0.421875 0.513672
0 0.462891 0.507812 0.462891 0.511719 0.464844 0.513672 0.466797 0.513672 0.468750 0.511719 0.468750 0.507812
0 0.751953 0.507812 0.751953 0.511719 0.755859 0.511719 0.755859 0.509766 0.753906 0.507812
0 0.679688 0.517578 0.679688 0.519531 0.685547 0.519531 0.685547 0.517578 0.683594 0.515625 0.681641 0.515625
0 0.517578 0.521484 0.517578 0.527344 0.519531 0.529297 0.521484 0.529297 0.523438 0.527344 0.523438 0.523438 0.521484 0.521484
0 0.333984 0.523438 0.332031 0.525391 0.332031 0.527344 0.333984 0.529297 0.335938 0.529297 0.337891 0.527344 0.337891 0.525391 0.335938 0.523438
0 0.664062 0.525391 0.666016 0.527344 0.667969 0.527344 0.671875 0.523438 0.666016 0.523438
0 0.410156 0.533203 0.406250 0.529297 0.404297 0.531250 0.402344 0.531250 0.400391 0.533203 0.398438 0.533203 0.396484 0.535156 0.398438 0.537109 0.400391 0.537109 0.402344 0.535156 0.406250 0.535156 0.408203 0.537109 0.410156 0.535156
0 0.650391 0.529297 0.650391 0.531250 0.654297 0.531250 0.652344 0.529297
0 0.529297 0.544922 0.527344 0.542969 0.525391 0.542969 0.523438 0.544922 0.523438 0.546875 0.527344 0.546875
0 0.539062 0.544922 0.537109 0.544922 0.535156 0.546875 0.537109 0.548828 0.539062 0.546875
0 0.628906 0.544922 0.626953 0.546875 0.628906 0.548828 0.630859 0.548828 0.630859 0.544922
0 0.718750 0.544922 0.718750 0.546875 0.720703 0.548828 0.722656 0.548828 0.722656 0.544922
0 0.513672 0.546875 0.509766 0.550781 0.513672 0.554688 0.515625 0.552734 0.515625 0.548828
0 0.394531 0.550781 0.390625 0.550781 0.390625 0.556641 0.392578 0.556641 0.394531 0.554688
0 0.617188 0.550781 0.617188 0.552734 0.619141 0.554688 0.621094 0.554688 0.621094 0.550781
0 0.650391 0.554688 0.650391 0.558594 0.652344 0.558594 0.652344 0.554688
1 0.519531 0.558594 0.517578 0.560547 0.517578 0.562500 0.521484 0.566406 0.521484 0.568359 0.519531 0.570312 0.519531 0.580078 0.523438 0.580078 0.523438 0.578125 0.525391 0.576172 0.525391 0.570312 0.523438 0.568359 0.523438 0.558594
0 0.533203 0.564453 0.533203 0.566406 0.535156 0.568359 0.537109 0.568359 0.539062 0.566406 0.537109 0.564453
0 0.773438 0.564453 0.769531 0.564453 0.767578 0.566406 0.767578 0.568359 0.769531 0.570312 0.771484 0.570312 0.773438 0.568359
0 0.566406 0.568359 0.566406 0.572266 0.568359 0.572266 0.570312 0.570312 0.568359 0.568359
0 0.578125 0.566406 0.576172 0.568359 0.576172 0.570312 0.578125 0.572266 0.580078 0.572266 0.582031 0.570312 0.582031 0.568359 0.580078 0.566406
0 0.417969 0.572266 0.408203 0.572266 0.402344 0.576172 0.402344 0.587891 0.404297 0.589844 0.404297 0.591797 0.408203 0.595703 0.412109 0.595703 0.417969 0.589844 0.417969 0.587891 0.419922 0.585938 0.419922 0.576172 0.417969 0.574219
0 0.630859 0.570312 0.630859 0.574219 0.632812 0.576172 0.632812 0.574219 0.634766 0.572266 0.632812 0.570312
1 0.640625 0.582031 0.642578 0.583984 0.644531 0.583984 0.646484 0.585938 0.644531 0.587891 0.652344 0.587891 0.644531 0.580078 0.642578 0.580078
0 0.554688 0.583984 0.552734 0.585938 0.552734 0.589844 0.554688 0.591797 0.558594 0.591797 0.562500 0.587891 0.558594 0.583984
0 0.574219 0.582031 0.572266 0.583984 0.572266 0.587891 0.574219 0.589844 0.574219 0.591797 0.576172 0.591797 0.578125 0.593750 0.578125 0.591797 0.580078 0.589844 0.580078 0.587891
0 0.615234 0.587891 0.613281 0.585938 0.611328 0.587891
0 0.777344 0.587891 0.775391 0.589844 0.777344 0.591797 0.779297 0.589844
1 0.589844 0.595703 0.593750 0.599609 0.599609 0.599609 0.601562 0.601562 0.603516 0.599609 0.605469 0.599609 0.609375 0.603516 0.607422 0.605469 0.609375 0.607422 0.611328 0.607422 0.613281 0.605469 0.615234 0.605469 0.619141 0.609375 0.621094 0.607422 0.621094 0.605469 0.615234 0.605469 0.611328 0.601562 0.611328 0.599609 0.607422 0.595703 0.605469 0.595703 0.603516 0.593750 0.601562 0.593750 0.599609 0.595703 0.595703 0.595703 0.593750 0.593750 0.591797 0.593750
1 0.675781 0.597656 0.675781 0.603516 0.677734 0.605469 0.679688 0.605469 0.681641 0.603516 0.687500 0.603516 0.689453 0.605469 0.691406 0.605469 0.693359 0.603516 0.693359 0.601562 0.689453 0.597656 0.683594 0.603516 0.677734 0.597656 0.677734 0.595703
0 0.513672 0.599609 0.509766 0.599609 0.505859 0.603516 0.505859 0.605469 0.507812 0.607422 0.509766 0.607422 0.511719 0.609375 0.515625 0.605469 0.515625 0.601562
1 0.560547 0.599609 0.558594 0.599609 0.556641 0.597656 0.554688 0.599609 0.552734 0.599609 0.550781 0.601562 0.552734 0.603516 0.554688 0.601562 0.556641 0.601562 0.558594 0.599609
0 0.568359 0.597656 0.570312 0.597656 0.572266 0.599609 0.570312 0.601562 0.570312 0.607422 0.576172 0.607422 0.576172 0.603516 0.572266 0.603516 0.570312 0.601562 0.572266 0.599609 0.570312 0.597656
0 0.644531 0.597656 0.644531 0.605469 0.646484 0.607422 0.648438 0.607422 0.650391 0.605469 0.650391 0.603516 0.648438 0.601562 0.648438 0.597656
0 0.585938 0.605469 0.583984 0.607422 0.583984 0.613281 0.585938 0.615234 0.585938 0.617188 0.587891 0.619141 0.591797 0.619141 0.595703 0.615234 0.595703 0.609375 0.593750 0.607422 0.593750 0.605469
0 0.685547 0.613281 0.683594 0.611328 0.681641 0.613281 0.681641 0.615234 0.683594 0.615234
0 0.726562 0.611328 0.726562 0.619141 0.720703 0.623047 0.720703 0.626953 0.722656 0.628906 0.724609 0.628906 0.728516 0.632812 0.730469 0.632812 0.734375 0.628906 0.736328 0.628906 0.734375 0.626953 0.738281 0.623047 0.730469 0.615234 0.730469 0.611328
0 0.511719 0.617188 0.511719 0.619141 0.513672 0.621094 0.513672 0.623047 0.515625 0.623047 0.519531 0.626953 0.519531 0.628906 0.523438 0.628906 0.525391 0.626953 0.527344 0.626953 0.529297 0.625000 0.529297 0.621094 0.525391 0.617188 0.523438 0.617188 0.521484 0.615234 0.513672 0.615234
0 0.619141 0.617188 0.615234 0.613281 0.613281 0.613281 0.609375 0.617188 0.611328 0.619141 0.611328 0.621094 0.615234 0.621094
0 0.560547 0.617188 0.556641 0.621094 0.558594 0.623047 0.556641 0.625000 0.558594 0.626953 0.566406 0.626953 0.568359 0.625000 0.568359 0.619141 0.566406 0.617188
1 0.603516 0.619141 0.601562 0.621094 0.603516 0.623047 0.603516 0.628906 0.605469 0.630859 0.605469 0.632812 0.607422 0.634766 0.611328 0.634766 0.613281 0.632812 0.613281 0.628906 0.607422 0.623047 0.607422 0.621094 0.605469 0.621094
0 0.662109 0.619141 0.660156 0.621094 0.662109 0.623047 0.664062 0.623047 0.666016 0.621094 0.664062 0.619141
0 0.466797 0.625000 0.464844 0.626953 0.464844 0.628906 0.462891 0.630859 0.462891 0.636719 0.466797 0.640625 0.470703 0.640625 0.474609 0.636719 0.474609 0.630859 0.468750 0.625000
0 0.765625 0.625000 0.763672 0.626953 0.763672 0.628906 0.761719 0.630859 0.761719 0.632812 0.763672 0.634766 0.765625 0.634766 0.769531 0.638672 0.767578 0.636719 0.771484 0.632812 0.771484 0.630859
0 0.414062 0.630859 0.412109 0.632812 0.414062 0.634766 0.414062 0.638672 0.412109 0.640625 0.419922 0.640625 0.419922 0.636719
0 0.632812 0.638672 0.632812 0.640625 0.634766 0.642578 0.642578 0.642578 0.644531 0.644531 0.652344 0.644531 0.652344 0.642578 0.654297 0.640625 0.652344 0.640625 0.650391 0.638672 0.646484 0.638672 0.644531 0.636719 0.644531 0.628906 0.640625 0.628906
1 0.658203 0.628906 0.660156 0.630859 0.660156 0.632812 0.662109 0.634766 0.666016 0.634766 0.667969 0.636719 0.667969 0.638672 0.669922 0.636719 0.671875 0.636719 0.673828 0.634766 0.671875 0.632812 0.671875 0.630859 0.669922 0.630859 0.667969 0.628906
0 0.783203 0.636719 0.781250 0.634766 0.779297 0.634766 0.777344 0.636719 0.777344 0.638672 0.781250 0.638672
0 0.880859 0.632812 0.878906 0.634766 0.878906 0.640625 0.882812 0.644531 0.884766 0.644531 0.888672 0.640625 0.888672 0.634766 0.886719 0.632812
0 0.341797 0.636719 0.339844 0.638672 0.339844 0.644531 0.343750 0.648438 0.347656 0.648438 0.349609 0.646484 0.349609 0.638672 0.347656 0.636719
0 0.496094 0.638672 0.494141 0.640625 0.498047 0.644531 0.500000 0.644531 0.501953 0.642578 0.501953 0.638672
0 0.701172 0.638672 0.699219 0.636719 0.697266 0.638672 0.697266 0.640625 0.701172 0.640625
0 0.833984 0.638672 0.832031 0.640625 0.832031 0.650391 0.830078 0.652344 0.832031 0.654297 0.832031 0.656250 0.833984 0.658203 0.839844 0.658203 0.839844 0.656250 0.841797 0.654297 0.841797 0.648438 0.839844 0.646484 0.839844 0.642578 0.835938 0.638672
0 0.597656 0.640625 0.597656 0.644531 0.601562 0.644531 0.601562 0.642578 0.599609 0.640625
0 0.685547 0.640625 0.683594 0.642578 0.683594 0.644531 0.685547 0.646484 0.687500 0.646484 0.689453 0.644531 0.689453 0.642578 0.687500 0.640625
0 0.738281 0.648438 0.734375 0.644531 0.730469 0.644531 0.724609 0.640625 0.722656 0.642578 0.720703 0.642578 0.714844 0.648438 0.714844 0.650391 0.718750 0.654297 0.718750 0.656250 0.714844 0.660156 0.714844 0.662109 0.718750 0.662109 0.720703 0.660156 0.722656 0.660156 0.728516 0.654297 0.730469 0.654297 0.734375 0.658203 0.732422 0.656250 0.734375 0.654297 0.736328 0.654297
0 0.847656 0.640625 0.845703 0.642578 0.847656 0.644531 0.849609 0.644531 0.851562 0.642578 0.849609 0.640625
0 0.541016 0.646484 0.541016 0.648438 0.542969 0.650391 0.544922 0.650391 0.546875 0.648438 0.544922 0.646484
1 0.783203 0.652344 0.775391 0.646484 0.771484 0.646484 0.769531 0.648438 0.769531 0.654297 0.767578 0.656250 0.765625 0.654297 0.765625 0.652344 0.759766 0.646484 0.753906 0.646484 0.750000 0.652344 0.750000 0.658203 0.751953 0.660156 0.751953 0.666016 0.753906 0.667969 0.753906 0.671875 0.751953 0.673828 0.748047 0.669922 0.746094 0.669922 0.744141 0.671875 0.742188 0.671875 0.742188 0.677734 0.744141 0.679688 0.750000 0.679688 0.751953 0.677734 0.751953 0.673828 0.753906 0.671875 0.757812 0.675781 0.759766 0.673828 0.763672 0.673828 0.767578 0.669922 0.767578 0.662109 0.765625 0.660156 0.765625 0.658203 0.767578 0.656250 0.771484 0.656250 0.775391 0.652344 0.777344 0.652344 0.779297 0.654297 0.783203 0.654297
0 0.523438 0.650391 0.521484 0.652344 0.521484 0.656250 0.523438 0.658203 0.525391 0.658203 0.527344 0.656250 0.527344 0.652344 0.525391 0.650391
0 0.583984 0.652344 0.585938 0.654297 0.587891 0.652344
1 0.695312 0.656250 0.695312 0.658203 0.697266 0.660156 0.703125 0.660156 0.705078 0.662109 0.707031 0.660156 0.703125 0.656250 0.701172 0.656250 0.699219 0.654297 0.697266 0.654297
0 0.939453 0.656250 0.937500 0.658203 0.937500 0.660156 0.935547 0.662109 0.937500 0.664062 0.937500 0.667969 0.939453 0.669922 0.945312 0.669922 0.947266 0.667969 0.947266 0.662109 0.945312 0.660156 0.945312 0.658203 0.943359 0.656250
0 0.412109 0.660156 0.408203 0.660156 0.408203 0.662109 0.410156 0.664062 0.412109 0.662109
0 0.429688 0.662109 0.427734 0.664062 0.429688 0.666016 0.431641 0.666016 0.433594 0.664062 0.431641 0.662109
0 0.646484 0.660156 0.646484 0.666016 0.650391 0.669922 0.652344 0.667969 0.652344 0.660156
0 0.988281 0.660156 0.984375 0.664062 0.984375 0.667969 0.986328 0.669922 0.992188 0.669922 0.996094 0.666016 0.996094 0.664062 0.998047 0.662109 0.996094 0.662109 0.994141 0.660156
0 0.505859 0.664062 0.503906 0.666016 0.503906 0.669922 0.505859 0.671875 0.505859 0.673828 0.507812 0.675781 0.509766 0.675781 0.511719 0.673828 0.511719 0.671875 0.509766 0.669922 0.509766 0.667969
1 0.537109 0.664062 0.535156 0.666016 0.535156 0.667969 0.537109 0.669922 0.537109 0.671875 0.539062 0.673828 0.539062 0.675781 0.541016 0.673828 0.541016 0.666016 0.539062 0.664062
0 0.621094 0.667969 0.617188 0.671875 0.619141 0.673828 0.621094 0.673828 0.623047 0.675781 0.621094 0.673828 0.623047 0.671875 0.625000 0.671875
0 0.658203 0.669922 0.660156 0.671875 0.660156 0.673828 0.662109 0.673828 0.662109 0.669922
0 0.724609 0.671875 0.720703 0.671875 0.718750 0.673828 0.718750 0.675781 0.720703 0.677734 0.724609 0.673828
0 0.593750 0.679688 0.595703 0.681641 0.597656 0.681641 0.599609 0.679688 0.601562 0.681641 0.597656 0.677734 0.595703 0.677734
0 0.576172 0.681641 0.576172 0.685547 0.580078 0.685547 0.580078 0.681641
1 0.625000 0.679688 0.619141 0.679688 0.619141 0.681641 0.617188 0.683594 0.617188 0.689453 0.615234 0.691406 0.613281 0.691406 0.607422 0.695312 0.609375 0.695312 0.611328 0.697266 0.615234 0.697266 0.617188 0.695312 0.617188 0.691406 0.619141 0.689453 0.621094 0.689453 0.625000 0.685547 0.625000 0.683594 0.623047 0.681641
0 0.787109 0.679688 0.785156 0.681641 0.785156 0.685547 0.791016 0.685547 0.791016 0.679688
0 0.837891 0.683594 0.833984 0.679688 0.832031 0.681641 0.832031 0.685547 0.835938 0.685547
0 0.521484 0.683594 0.521484 0.685547 0.523438 0.685547 0.527344 0.689453 0.527344 0.687500 0.529297 0.685547 0.527344 0.683594
0 0.734375 0.685547 0.722656 0.685547 0.720703 0.687500 0.718750 0.685547 0.712891 0.687500 0.708984 0.691406 0.707031 0.701172 0.703125 0.703125 0.699219 0.708984 0.701172 0.710938 0.699219 0.712891 0.701172 0.720703 0.712891 0.720703 0.720703 0.714844 0.726562 0.714844 0.726562 0.708984 0.730469 0.701172 0.734375 0.699219
0 0.755859 0.683594 0.755859 0.685547 0.757812 0.685547 0.759766 0.687500 0.761719 0.687500 0.759766 0.685547 0.761719 0.683594
1 0.603516 0.691406 0.599609 0.687500 0.595703 0.691406 0.593750 0.691406 0.591797 0.693359 0.585938 0.693359 0.587891 0.695312 0.587891 0.697266 0.589844 0.697266 0.591797 0.699219 0.595703 0.699219
0 0.650391 0.687500 0.648438 0.689453 0.650391 0.691406 0.652344 0.689453
0 0.822266 0.695312 0.822266 0.697266 0.824219 0.699219 0.830078 0.699219 0.832031 0.697266 0.832031 0.695312 0.830078 0.695312 0.828125 0.693359 0.824219 0.693359
0 0.455078 0.699219 0.453125 0.701172 0.453125 0.703125 0.455078 0.705078 0.457031 0.705078 0.458984 0.703125 0.458984 0.701172 0.457031 0.699219
0 0.470703 0.699219 0.468750 0.699219 0.466797 0.701172 0.466797 0.703125 0.470703 0.703125
1 0.693359 0.701172 0.691406 0.699219 0.689453 0.699219 0.683594 0.703125 0.677734 0.703125 0.675781 0.705078 0.673828 0.705078 0.673828 0.708984 0.677734 0.712891 0.683594 0.712891 0.685547 0.710938 0.685547 0.707031 0.689453 0.703125 0.691406 0.703125
0 0.955078 0.699219 0.951172 0.703125 0.951172 0.705078 0.955078 0.708984 0.957031 0.708984 0.958984 0.707031 0.958984 0.701172 0.957031 0.699219
0 0.611328 0.703125 0.609375 0.705078 0.611328 0.707031 0.613281 0.707031 0.615234 0.705078 0.613281 0.703125
0 0.849609 0.703125 0.843750 0.708984 0.843750 0.718750 0.845703 0.720703 0.849609 0.720703 0.853516 0.724609 0.855469 0.724609 0.857422 0.722656 0.859375 0.722656 0.861328 0.716797 0.859375 0.716797 0.857422 0.714844 0.857422 0.712891 0.855469 0.710938 0.855469 0.707031 0.851562 0.703125
0 0.914062 0.703125 0.912109 0.705078 0.912109 0.707031 0.914062 0.708984 0.916016 0.707031 0.916016 0.705078
0 0.988281 0.703125 0.986328 0.705078 0.986328 0.708984 0.988281 0.710938 0.992188 0.710938 0.994141 0.708984 0.994141 0.707031 0.990234 0.703125
1 0.740234 0.708984 0.738281 0.710938 0.738281 0.714844 0.740234 0.716797 0.742188 0.716797 0.744141 0.718750 0.742188 0.720703 0.742188 0.722656 0.740234 0.724609 0.738281 0.724609 0.734375 0.728516 0.734375 0.732422 0.738281 0.736328 0.742188 0.736328 0.744141 0.734375 0.746094 0.734375 0.748047 0.732422 0.748047 0.728516 0.742188 0.722656 0.742188 0.720703 0.744141 0.718750 0.744141 0.716797 0.746094 0.714844 0.744141 0.712891 0.744141 0.710938 0.742188 0.710938
0 0.548828 0.716797 0.550781 0.718750 0.558594 0.718750 0.558594 0.716797 0.556641 0.716797 0.552734 0.712891 0.550781 0.712891 0.550781 0.714844
0 0.804688 0.712891 0.804688 0.716797 0.806641 0.716797 0.806641 0.712891
0 0.951172 0.710938 0.947266 0.710938 0.947266 0.712891 0.949219 0.714844 0.951172 0.712891
1 0.394531 0.716797 0.390625 0.716797 0.390625 0.718750 0.388672 0.720703 0.392578 0.716797
0 0.466797 0.716797 0.466797 0.718750 0.470703 0.722656 0.476562 0.722656 0.478516 0.720703 0.478516 0.718750 0.476562 0.716797 0.474609 0.716797 0.472656 0.714844 0.468750 0.714844
0 0.365234 0.718750 0.363281 0.720703 0.363281 0.722656 0.365234 0.724609 0.365234 0.726562 0.369141 0.726562 0.371094 0.724609 0.371094 0.720703 0.369141 0.718750
0 0.341797 0.724609 0.339844 0.726562 0.337891 0.726562 0.335938 0.728516 0.335938 0.732422 0.339844 0.736328 0.343750 0.736328 0.347656 0.732422 0.347656 0.730469
1 0.531250 0.722656 0.531250 0.732422 0.533203 0.732422 0.533203 0.722656
1 0.541016 0.722656 0.544922 0.726562 0.544922 0.728516 0.544922 0.726562 0.546875 0.724609 0.544922 0.722656
0 0.925781 0.726562 0.923828 0.724609 0.921875 0.726562 0.921875 0.728516 0.925781 0.728516
0 0.453125 0.726562 0.453125 0.728516 0.457031 0.732422 0.458984 0.730469 0.457031 0.728516 0.457031 0.726562
0 0.484375 0.730469 0.486328 0.732422 0.488281 0.732422 0.488281 0.730469 0.490234 0.728516 0.484375 0.728516
0 0.511719 0.726562 0.509766 0.728516 0.509766 0.730469 0.511719 0.730469 0.513672 0.732422 0.517578 0.732422 0.519531 0.734375 0.517578 0.736328 0.517578 0.740234 0.519531 0.738281 0.519531 0.736328 0.523438 0.732422 0.517578 0.726562
0 0.783203 0.732422 0.779297 0.732422 0.779297 0.738281 0.781250 0.736328 0.783203 0.736328
1 0.535156 0.736328 0.535156 0.738281 0.533203 0.740234 0.535156 0.742188 0.535156 0.744141 0.533203 0.746094 0.531250 0.746094 0.531250 0.750000 0.529297 0.751953 0.529297 0.755859 0.523438 0.761719 0.525391 0.763672 0.529297 0.763672 0.531250 0.761719 0.533203 0.763672 0.531250 0.761719 0.533203 0.759766 0.535156 0.759766 0.537109 0.757812 0.537109 0.748047 0.535156 0.746094 0.535156 0.744141 0.539062 0.740234
0 0.681641 0.736328 0.679688 0.738281 0.679688 0.740234 0.681641 0.742188 0.683594 0.742188 0.685547 0.740234 0.685547 0.738281 0.683594 0.736328
0 0.402344 0.740234 0.398438 0.744141 0.398438 0.748047 0.400391 0.750000 0.400391 0.755859 0.406250 0.761719 0.410156 0.761719 0.412109 0.759766 0.414062 0.759766 0.417969 0.755859 0.417969 0.748047 0.410156 0.740234
0 0.800781 0.740234 0.798828 0.740234 0.796875 0.742188 0.796875 0.744141 0.800781 0.744141
0 0.882812 0.738281 0.880859 0.740234 0.880859 0.742188 0.882812 0.744141 0.884766 0.744141 0.886719 0.742188 0.886719 0.740234 0.884766 0.738281
0 0.490234 0.742188 0.486328 0.742188 0.478516 0.750000 0.472656 0.750000 0.468750 0.748047 0.472656 0.755859 0.472656 0.767578 0.474609 0.769531 0.472656 0.771484 0.484375 0.779297 0.482422 0.777344 0.486328 0.775391 0.492188 0.767578 0.492188 0.761719 0.490234 0.759766 0.492188 0.744141
0 0.503906 0.744141 0.503906 0.750000 0.505859 0.748047 0.507812 0.750000 0.505859 0.748047 0.507812 0.746094 0.505859 0.744141
0 0.708984 0.744141 0.707031 0.746094 0.707031 0.751953 0.710938 0.755859 0.712891 0.755859 0.716797 0.751953 0.716797 0.748047 0.712891 0.744141
0 0.851562 0.742188 0.847656 0.742188 0.845703 0.744141 0.845703 0.750000 0.847656 0.751953 0.849609 0.751953 0.853516 0.748047 0.853516 0.744141
0 0.779297 0.748047 0.775391 0.748047 0.773438 0.750000 0.773438 0.751953 0.775391 0.753906 0.777344 0.751953 0.779297 0.751953
0 0.939453 0.746094 0.937500 0.748047 0.941406 0.751953 0.943359 0.750000 0.943359 0.748047 0.941406 0.748047
0 0.511719 0.750000 0.511719 0.753906 0.515625 0.757812 0.517578 0.757812 0.517578 0.755859 0.519531 0.753906 0.517578 0.751953 0.513672 0.751953
0 0.552734 0.751953 0.552734 0.753906 0.554688 0.755859 0.556641 0.755859 0.556641 0.751953
0 0.683594 0.755859 0.683594 0.759766 0.685547 0.759766 0.687500 0.757812 0.685547 0.755859
1 0.388672 0.759766 0.382812 0.765625 0.382812 0.767578 0.384766 0.769531 0.386719 0.769531 0.388672 0.767578 0.388672 0.763672 0.386719 0.761719
1 0.570312 0.759766 0.566406 0.759766 0.566406 0.763672 0.564453 0.765625 0.560547 0.765625 0.556641 0.769531 0.556641 0.771484 0.558594 0.773438 0.558594 0.777344 0.562500 0.781250 0.564453 0.779297 0.564453 0.773438 0.566406 0.771484 0.566406 0.765625 0.570312 0.761719
0 0.703125 0.757812 0.703125 0.761719 0.705078 0.763672 0.707031 0.761719 0.707031 0.759766 0.705078 0.757812
0 0.884766 0.759766 0.882812 0.761719 0.882812 0.763672 0.886719 0.767578 0.888672 0.765625 0.888672 0.761719 0.886719 0.759766
1 0.673828 0.761719 0.673828 0.763672 0.675781 0.765625 0.675781 0.767578 0.677734 0.769531 0.677734 0.771484 0.679688 0.769531 0.677734 0.767578 0.677734 0.763672 0.675781 0.761719
0 0.507812 0.765625 0.505859 0.767578 0.505859 0.771484 0.507812 0.773438 0.513672 0.773438 0.513672 0.767578 0.511719 0.765625
0 0.537109 0.767578 0.533203 0.767578 0.533203 0.769531 0.535156 0.771484 0.537109 0.769531
0 0.708984 0.765625 0.707031 0.767578 0.707031 0.769531 0.705078 0.771484 0.705078 0.773438 0.710938 0.779297 0.716797 0.779297 0.716797 0.777344 0.720703 0.773438 0.720703 0.771484 0.718750 0.769531 0.718750 0.767578 0.716797 0.767578 0.714844 0.765625
0 0.847656 0.765625 0.845703 0.767578 0.845703 0.769531 0.849609 0.773438 0.853516 0.773438 0.851562 0.771484 0.853516 0.769531 0.853516 0.767578 0.851562 0.765625
0 0.960938 0.765625 0.960938 0.769531 0.964844 0.769531 0.964844 0.767578 0.962891 0.765625
1 0.638672 0.769531 0.628906 0.781250 0.628906 0.791016 0.638672 0.792969 0.628906 0.812500 0.632812 0.820312 0.644531 0.822266 0.654297 0.808594 0.644531 0.798828 0.646484 0.794922 0.644531 0.792969 0.648438 0.785156 0.656250 0.783203 0.654297 0.781250 0.650391 0.785156 0.648438 0.771484
0 0.523438 0.773438 0.521484 0.773438 0.519531 0.775391 0.521484 0.777344 0.523438 0.775391
0 0.404297 0.777344 0.402344 0.779297 0.404297 0.779297 0.406250 0.781250 0.406250 0.777344
1 0.541016 0.777344 0.542969 0.779297 0.544922 0.779297 0.546875 0.781250 0.548828 0.781250 0.548828 0.779297 0.546875 0.779297 0.544922 0.777344
0 0.623047 0.783203 0.623047 0.779297 0.621094 0.781250 0.619141 0.781250 0.621094 0.783203
0 0.781250 0.779297 0.781250 0.783203 0.783203 0.785156 0.781250 0.789062 0.783203 0.792969 0.781250 0.798828 0.783203 0.794922 0.787109 0.794922 0.791016 0.798828 0.798828 0.798828 0.802734 0.794922 0.804688 0.794922 0.804688 0.789062 0.800781 0.785156 0.796875 0.783203 0.794922 0.785156 0.787109 0.777344
0 0.851562 0.779297 0.847656 0.779297 0.832031 0.789062 0.828125 0.787109 0.822266 0.794922 0.824219 0.798828 0.822266 0.802734 0.826172 0.806641 0.826172 0.812500 0.835938 0.814453 0.843750 0.826172 0.847656 0.824219 0.851562 0.826172 0.849609 0.824219 0.851562 0.818359 0.843750 0.806641 0.845703 0.804688 0.843750 0.794922 0.855469 0.785156
0 0.701172 0.783203 0.701172 0.785156 0.699219 0.787109 0.699219 0.789062 0.701172 0.791016 0.705078 0.791016 0.705078 0.789062 0.707031 0.787109 0.705078 0.785156 0.703125 0.785156
0 0.533203 0.791016 0.535156 0.792969 0.537109 0.792969 0.539062 0.794922 0.541016 0.794922 0.542969 0.792969 0.542969 0.789062 0.541016 0.787109 0.539062 0.787109 0.537109 0.789062 0.535156 0.789062
0 0.496094 0.791016 0.494141 0.792969 0.494141 0.796875 0.496094 0.798828 0.500000 0.798828 0.501953 0.796875 0.501953 0.792969 0.500000 0.791016
0 0.939453 0.791016 0.939453 0.792969 0.937500 0.794922 0.941406 0.798828 0.945312 0.798828 0.947266 0.796875 0.947266 0.792969 0.945312 0.791016
0 0.519531 0.798828 0.519531 0.810547 0.523438 0.814453 0.531250 0.814453 0.533203 0.816406 0.533203 0.818359 0.535156 0.820312 0.537109 0.820312 0.539062 0.818359 0.539062 0.816406 0.535156 0.812500 0.535156 0.810547 0.533203 0.810547 0.531250 0.808594 0.531250 0.806641 0.533203 0.804688 0.533203 0.800781 0.527344 0.796875 0.523438 0.796875 0.521484 0.798828
0 0.511719 0.800781 0.511719 0.804688 0.513672 0.804688 0.513672 0.802734
0 0.935547 0.802734 0.929688 0.804688 0.921875 0.812500 0.914062 0.824219 0.917969 0.833984 0.917969 0.839844 0.919922 0.841797 0.923828 0.839844 0.923828 0.835938 0.927734 0.832031 0.939453 0.826172 0.945312 0.818359 0.945312 0.810547
0 0.404297 0.810547 0.404297 0.812500 0.406250 0.814453 0.412109 0.814453 0.414062 0.816406 0.416016 0.816406 0.417969 0.818359 0.417969 0.820312 0.419922 0.820312 0.423828 0.816406 0.423828 0.810547 0.421875 0.808594 0.416016 0.808594 0.414062 0.806641 0.410156 0.806641
0 0.865234 0.806641 0.865234 0.810547 0.867188 0.812500 0.867188 0.814453 0.873047 0.814453 0.875000 0.812500 0.875000 0.808594 0.871094 0.804688 0.869141 0.804688 0.867188 0.806641
0 0.242188 0.810547 0.240234 0.812500 0.242188 0.814453 0.244141 0.812500
1 0.564453 0.820312 0.564453 0.824219 0.566406 0.826172 0.570312 0.826172 0.572266 0.828125 0.572266 0.832031 0.576172 0.837891 0.578125 0.837891 0.580078 0.835938 0.582031 0.835938 0.583984 0.837891 0.583984 0.841797 0.589844 0.841797 0.589844 0.837891 0.583984 0.833984 0.583984 0.830078 0.587891 0.826172 0.583984 0.822266 0.582031 0.822266 0.580078 0.824219 0.578125 0.824219 0.574219 0.820312 0.578125 0.816406 0.576172 0.814453 0.576172 0.812500 0.574219 0.812500 0.574219 0.814453 0.570312 0.818359 0.566406 0.818359
0 0.800781 0.812500 0.798828 0.814453 0.798828 0.816406 0.800781 0.816406
0 0.810547 0.818359 0.808594 0.820312 0.806641 0.820312 0.802734 0.824219 0.802734 0.826172 0.806641 0.830078 0.812500 0.830078 0.814453 0.828125 0.814453 0.822266
0 0.714844 0.826172 0.708984 0.822266 0.707031 0.822266 0.705078 0.824219 0.697266 0.824219 0.693359 0.828125 0.693359 0.835938 0.695312 0.837891 0.707031 0.837891 0.710938 0.833984 0.712891 0.833984 0.712891 0.828125
0 0.898438 0.822266 0.896484 0.822266 0.894531 0.824219 0.894531 0.828125 0.896484 0.830078 0.900391 0.826172 0.900391 0.824219
0 0.400391 0.826172 0.400391 0.828125 0.404297 0.828125 0.404297 0.826172
0 0.492188 0.826172 0.486328 0.826172 0.486328 0.830078 0.488281 0.832031 0.490234 0.830078 0.490234 0.828125
0 0.607422 0.824219 0.605469 0.826172 0.605469 0.830078 0.607422 0.832031 0.609375 0.832031 0.609375 0.830078 0.611328 0.828125 0.611328 0.826172 0.609375 0.824219
0 0.855469 0.826172 0.855469 0.830078 0.859375 0.830078 0.859375 0.826172
0 0.417969 0.828125 0.416016 0.828125 0.414062 0.830078 0.414062 0.832031 0.417969 0.832031
0 0.408203 0.835938 0.406250 0.837891 0.406250 0.841797 0.408203 0.841797 0.410156 0.839844 0.410156 0.837891
0 0.935547 0.837891 0.933594 0.839844 0.933594 0.843750 0.935547 0.845703 0.939453 0.845703 0.941406 0.843750 0.941406 0.841797 0.937500 0.837891
1 0.835938 0.841797 0.835938 0.845703 0.837891 0.847656 0.835938 0.853516 0.841797 0.855469 0.847656 0.863281 0.847656 0.871094 0.861328 0.878906 0.863281 0.876953 0.863281 0.871094 0.861328 0.871094 0.855469 0.863281 0.855469 0.859375 0.857422 0.857422 0.855469 0.853516 0.843750 0.843750 0.845703 0.841797 0.841797 0.843750 0.837891 0.843750
1 0.966797 0.839844 0.964844 0.839844 0.960938 0.843750 0.957031 0.843750 0.951172 0.849609 0.951172 0.855469 0.955078 0.861328 0.957031 0.861328 0.958984 0.859375 0.958984 0.853516 0.968750 0.845703
0 0.572266 0.845703 0.568359 0.845703 0.564453 0.849609 0.564453 0.855469 0.566406 0.857422 0.564453 0.859375 0.566406 0.857422 0.568359 0.859375 0.572266 0.859375 0.576172 0.855469 0.576172 0.849609
0 0.816406 0.843750 0.812500 0.847656 0.812500 0.851562 0.816406 0.855469 0.816406 0.861328 0.818359 0.861328 0.820312 0.859375 0.820312 0.855469 0.822266 0.853516 0.822266 0.847656 0.818359 0.843750
0 0.707031 0.847656 0.705078 0.849609 0.705078 0.851562 0.707031 0.853516 0.708984 0.853516 0.710938 0.851562 0.710938 0.849609 0.708984 0.847656
0 0.884766 0.849609 0.882812 0.851562 0.882812 0.853516 0.884766 0.855469 0.886719 0.853516 0.886719 0.851562
0 0.998047 0.855469 0.996094 0.855469 0.994141 0.857422 0.990234 0.857422 0.986328 0.861328 0.986328 0.865234 0.990234 0.869141 0.992188 0.869141 0.994141 0.871094 0.998047 0.871094
0 0.937500 0.875000 0.935547 0.876953 0.935547 0.888672 0.933594 0.890625 0.933594 0.894531 0.937500 0.894531 0.937500 0.892578 0.941406 0.888672 0.943359 0.888672 0.947266 0.892578 0.947266 0.894531 0.949219 0.896484 0.951172 0.896484 0.955078 0.890625 0.955078 0.884766 0.953125 0.884766 0.951172 0.882812 0.951172 0.880859 0.945312 0.875000
0 0.337891 0.882812 0.335938 0.884766 0.335938 0.888672 0.339844 0.888672 0.339844 0.884766
0 0.865234 0.884766 0.865234 0.888672 0.867188 0.890625 0.869141 0.890625 0.869141 0.888672 0.871094 0.886719 0.869141 0.884766
1 0.781250 0.888672 0.781250 0.894531 0.783203 0.896484 0.773438 0.906250 0.773438 0.916016 0.781250 0.923828 0.785156 0.923828 0.787109 0.921875 0.791016 0.925781 0.787109 0.931641 0.789062 0.935547 0.794922 0.937500 0.798828 0.933594 0.804688 0.933594 0.806641 0.935547 0.808594 0.933594 0.806641 0.929688 0.802734 0.931641 0.796875 0.925781 0.796875 0.923828 0.792969 0.923828 0.791016 0.925781 0.787109 0.921875 0.791016 0.917969 0.792969 0.919922 0.791016 0.917969 0.791016 0.914062 0.792969 0.912109 0.792969 0.906250 0.789062 0.900391 0.789062 0.896484 0.791016 0.894531 0.789062 0.892578 0.791016 0.890625 0.789062 0.888672
0 0.906250 0.894531 0.906250 0.896484 0.912109 0.896484 0.908203 0.892578
1 0.355469 0.894531 0.355469 0.904297 0.357422 0.904297 0.359375 0.902344 0.359375 0.898438 0.357422 0.896484 0.357422 0.894531
0 0.548828 0.898438 0.546875 0.900391 0.548828 0.902344 0.550781 0.900391
0 0.845703 0.898438 0.839844 0.898438 0.837891 0.900391 0.837891 0.902344 0.835938 0.904297 0.843750 0.904297 0.845703 0.902344
0 0.648438 0.902344 0.646484 0.902344 0.644531 0.904297 0.642578 0.904297 0.638672 0.908203 0.638672 0.910156 0.640625 0.912109 0.640625 0.914062 0.642578 0.916016 0.644531 0.916016 0.646484 0.914062 0.648438 0.914062 0.652344 0.910156 0.652344 0.906250
1 0.818359 0.902344 0.816406 0.908203 0.820312 0.912109 0.820312 0.917969 0.828125 0.923828 0.826172 0.933594 0.835938 0.943359 0.847656 0.939453 0.853516 0.945312 0.857422 0.945312 0.861328 0.941406 0.861328 0.933594 0.857422 0.929688 0.849609 0.931641 0.841797 0.921875 0.832031 0.916016 0.833984 0.914062 0.826172 0.904297
1 0.931641 0.910156 0.931641 0.912109 0.929688 0.914062 0.929688 0.916016 0.927734 0.917969 0.927734 0.921875 0.929688 0.921875 0.931641 0.919922 0.931641 0.917969 0.933594 0.916016 0.933594 0.912109
0 0.968750 0.912109 0.966797 0.914062 0.966797 0.917969 0.968750 0.919922 0.970703 0.919922 0.970703 0.917969 0.972656 0.916016
0 0.939453 0.923828 0.939453 0.925781 0.941406 0.927734 0.943359 0.927734 0.943359 0.923828
0 0.964844 0.933594 0.962891 0.935547 0.962891 0.939453 0.964844 0.941406 0.968750 0.941406 0.970703 0.939453 0.970703 0.935547 0.968750 0.935547 0.966797 0.933594
1 0.605469 0.949219 0.605469 0.951172 0.609375 0.955078 0.611328 0.955078 0.613281 0.953125 0.615234 0.953125 0.619141 0.957031 0.621094 0.957031 0.623047 0.955078 0.623047 0.951172 0.621094 0.949219 0.617188 0.949219 0.615234 0.947266 0.609375 0.947266 0.607422 0.949219
1 0.939453 0.968750 0.941406 0.970703 0.951172 0.970703 0.953125 0.966797 0.960938 0.964844 0.966797 0.958984 0.968750 0.958984 0.974609 0.964844 0.978516 0.962891 0.970703 0.955078 0.970703 0.951172 0.968750 0.949219 0.955078 0.949219 0.941406 0.960938
0 0.703125 0.953125 0.701172 0.955078 0.701172 0.957031 0.699219 0.958984 0.699219 0.960938 0.701172 0.962891 0.707031 0.962891 0.708984 0.960938 0.708984 0.957031 0.705078 0.953125
0 0.871094 0.955078 0.867188 0.958984 0.867188 0.960938 0.869141 0.962891 0.871094 0.962891 0.873047 0.964844 0.875000 0.964844 0.878906 0.960938 0.878906 0.957031 0.876953 0.955078
1 0.591797 0.960938 0.595703 0.964844 0.593750 0.962891 0.595703 0.960938 0.597656 0.960938 0.601562 0.964844 0.603516 0.964844 0.603516 0.958984 0.601562 0.958984 0.601562 0.960938 0.599609 0.962891 0.597656 0.960938 0.595703 0.960938 0.593750 0.958984
0 0.533203 0.962891 0.529297 0.966797 0.529297 0.970703 0.531250 0.972656 0.537109 0.972656 0.539062 0.970703 0.539062 0.966797 0.535156 0.962891
1 0.855469 0.972656 0.853516 0.970703 0.849609 0.970703 0.847656 0.972656 0.835938 0.972656 0.833984 0.974609 0.826172 0.974609 0.820312 0.978516 0.816406 0.978516 0.814453 0.976562 0.816406 0.970703 0.824219 0.964844 0.822266 0.960938 0.818359 0.960938 0.812500 0.964844 0.800781 0.964844 0.794922 0.968750 0.789062 0.976562 0.785156 0.976562 0.787109 0.978516 0.791016 0.978516 0.796875 0.984375 0.794922 0.996094 0.798828 0.998047 0.808594 0.996094 0.810547 0.998047 0.820312 0.990234 0.820312 0.986328 0.822266 0.984375 0.826172 0.986328 0.839844 0.986328 0.849609 0.978516 0.853516 0.978516 0.855469 0.976562
0 0.558594 0.976562 0.552734 0.982422 0.554688 0.984375 0.554688 0.986328 0.556641 0.988281 0.560547 0.988281 0.562500 0.986328 0.562500 0.980469
0 0.609375 0.980469 0.605469 0.984375 0.605469 0.988281 0.607422 0.988281 0.609375 0.990234 0.613281 0.986328 0.613281 0.984375
0 0.738281 0.990234 0.734375 0.994141 0.734375 0.996094 0.736328 0.998047 0.742188 0.998047 0.744141 0.996094 0.744141 0.994141 0.740234 0.990234
0 0.937500 0.996094 0.935547 0.996094 0.933594 0.998047 0.937500 0.998047
0 0.072266 0.009766 0.072266 0.013672 0.068359 0.013672 0.066406 0.011719 0.070312 0.007812
0 0.060547 0.013672 0.060547 0.017578 0.056641 0.017578 0.054688 0.015625 0.058594 0.011719
0 0.066406 0.019531 0.066406 0.023438 0.062500 0.023438 0.060547 0.021484 0.064453 0.017578
0 0.037109 0.035156 0.037109 0.039062 0.033203 0.039062 0.031250 0.037109 0.035156 0.033203
0 0.181641 0.126953 0.181641 0.130859 0.177734 0.130859 0.175781 0.128906 0.179688 0.125000
0 0.193359 0.132812 0.193359 0.136719 0.189453 0.136719 0.187500 0.134766 0.191406 0.130859
0 0.181641 0.136719 0.181641 0.140625 0.177734 0.140625 0.175781 0.138672 0.179688 0.134766
0 0.244141 0.142578 0.244141 0.146484 0.240234 0.146484 0.238281 0.144531 0.242188 0.140625
0 0.156250 0.148438 0.156250 0.152344 0.152344 0.152344 0.150391 0.150391 0.154297 0.146484
0 0.142578 0.150391 0.142578 0.154297 0.138672 0.154297 0.136719 0.152344 0.140625 0.148438
0 0.277344 0.152344 0.277344 0.156250 0.273438 0.156250 0.271484 0.154297 0.275391 0.150391
0 0.259766 0.158203 0.257812 0.158203 0.255859 0.160156 0.251953 0.160156 0.250000 0.158203 0.250000 0.152344 0.251953 0.150391 0.255859 0.150391 0.257812 0.152344 0.259766 0.152344
0 0.162109 0.166016 0.160156 0.166016 0.158203 0.167969 0.154297 0.167969 0.152344 0.166016 0.152344 0.160156 0.154297 0.158203 0.158203 0.158203 0.160156 0.160156 0.162109 0.160156
0 0.234375 0.162109 0.234375 0.166016 0.230469 0.166016 0.228516 0.164062 0.232422 0.160156
0 0.250000 0.164062 0.250000 0.167969 0.246094 0.167969 0.244141 0.166016 0.248047 0.162109
0 0.000000 0.173828 0.000000 0.164062 0.001953 0.166016 0.003906 0.166016 0.003906 0.171875 0.001953 0.171875
0 0.240234 0.167969 0.240234 0.171875 0.236328 0.171875 0.234375 0.169922 0.238281 0.166016
0 0.148438 0.169922 0.148438 0.173828 0.144531 0.173828 0.142578 0.171875 0.146484 0.167969
0 0.125000 0.181641 0.125000 0.185547 0.121094 0.185547 0.119141 0.183594 0.123047 0.179688
0 0.333984 0.181641 0.333984 0.185547 0.330078 0.185547 0.328125 0.183594 0.332031 0.179688
0 0.013672 0.187500 0.011719 0.187500 0.009766 0.189453 0.005859 0.189453 0.003906 0.187500 0.003906 0.181641 0.005859 0.179688 0.009766 0.179688 0.011719 0.181641 0.013672 0.181641
0 0.322266 0.183594 0.322266 0.187500 0.318359 0.187500 0.316406 0.185547 0.320312 0.181641
0 0.132812 0.187500 0.132812 0.191406 0.128906 0.191406 0.126953 0.189453 0.130859 0.185547
0 0.333984 0.187500 0.333984 0.191406 0.330078 0.191406 0.328125 0.189453 0.332031 0.185547
0 0.679688 0.189453 0.679688 0.193359 0.675781 0.193359 0.673828 0.191406 0.677734 0.187500
0 0.121094 0.195312 0.121094 0.199219 0.117188 0.199219 0.115234 0.197266 0.119141 0.193359
0 0.019531 0.201172 0.017578 0.201172 0.015625 0.203125 0.011719 0.203125 0.009766 0.201172 0.009766 0.195312 0.011719 0.193359 0.015625 0.193359 0.017578 0.195312 0.019531 0.195312
0 0.677734 0.199219 0.677734 0.203125 0.673828 0.203125 0.671875 0.201172 0.675781 0.197266
0 0.472656 0.216797 0.472656 0.220703 0.468750 0.220703 0.466797 0.218750 0.470703 0.214844
0 0.541016 0.216797 0.541016 0.220703 0.537109 0.220703 0.535156 0.218750 0.539062 0.214844
0 0.039062 0.222656 0.037109 0.222656 0.035156 0.224609 0.031250 0.224609 0.029297 0.222656 0.029297 0.216797 0.031250 0.214844 0.035156 0.214844 0.037109 0.216797 0.039062 0.216797
0 0.359375 0.222656 0.357422 0.222656 0.355469 0.224609 0.351562 0.224609 0.349609 0.222656 0.349609 0.216797 0.351562 0.214844 0.355469 0.214844 0.357422 0.216797 0.359375 0.216797
0 0.111328 0.220703 0.111328 0.224609 0.107422 0.224609 0.105469 0.222656 0.109375 0.218750
0 0.099609 0.222656 0.099609 0.226562 0.095703 0.226562 0.093750 0.224609 0.097656 0.220703
0 0.466797 0.222656 0.466797 0.226562 0.462891 0.226562 0.460938 0.224609 0.464844 0.220703
0 0.105469 0.226562 0.105469 0.230469 0.101562 0.230469 0.099609 0.228516 0.103516 0.224609
0 0.623047 0.226562 0.623047 0.230469 0.619141 0.230469 0.617188 0.228516 0.621094 0.224609
0 0.472656 0.228516 0.472656 0.232422 0.468750 0.232422 0.466797 0.230469 0.470703 0.226562
0 0.044922 0.230469 0.044922 0.234375 0.041016 0.234375 0.039062 0.232422 0.042969 0.228516
0 0.560547 0.230469 0.560547 0.234375 0.556641 0.234375 0.554688 0.232422 0.558594 0.228516
0 0.091797 0.234375 0.091797 0.238281 0.087891 0.238281 0.085938 0.236328 0.089844 0.232422
0 0.109375 0.234375 0.109375 0.238281 0.105469 0.238281 0.103516 0.236328 0.107422 0.232422
0 0.628906 0.234375 0.628906 0.238281 0.625000 0.238281 0.623047 0.236328 0.626953 0.232422
0 0.357422 0.240234 0.355469 0.240234 0.353516 0.242188 0.349609 0.242188 0.347656 0.240234 0.347656 0.234375 0.349609 0.232422 0.353516 0.232422 0.355469 0.234375 0.357422 0.234375
0 0.566406 0.240234 0.566406 0.244141 0.562500 0.244141 0.560547 0.242188 0.564453 0.238281
0 0.066406 0.242188 0.066406 0.246094 0.062500 0.246094 0.060547 0.244141 0.064453 0.240234
0 0.101562 0.242188 0.101562 0.246094 0.097656 0.246094 0.095703 0.244141 0.099609 0.240234
0 0.076172 0.250000 0.074219 0.250000 0.072266 0.251953 0.068359 0.251953 0.066406 0.250000 0.066406 0.244141 0.068359 0.242188 0.072266 0.242188 0.074219 0.244141 0.076172 0.244141
0 0.001953 0.259766 0.000000 0.259766 0.000000 0.242188 0.001953 0.242188 0.007812 0.248047 0.007812 0.253906
0 0.076172 0.251953 0.076172 0.255859 0.072266 0.255859 0.070312 0.253906 0.074219 0.250000
0 0.373047 0.263672 0.371094 0.263672 0.369141 0.265625 0.365234 0.265625 0.363281 0.263672 0.363281 0.257812 0.365234 0.255859 0.369141 0.255859 0.371094 0.257812 0.373047 0.257812
0 0.375000 0.265625 0.375000 0.269531 0.371094 0.269531 0.369141 0.267578 0.373047 0.263672
0 0.208984 0.277344 0.203125 0.283203 0.197266 0.283203 0.191406 0.277344 0.191406 0.271484 0.197266 0.265625 0.203125 0.265625 0.208984 0.271484
0 0.365234 0.273438 0.365234 0.277344 0.361328 0.277344 0.359375 0.275391 0.363281 0.271484
0 0.417969 0.275391 0.417969 0.279297 0.414062 0.279297 0.412109 0.277344 0.416016 0.273438
0 0.396484 0.279297 0.396484 0.283203 0.392578 0.283203 0.390625 0.281250 0.394531 0.277344
0 0.414062 0.281250 0.414062 0.285156 0.410156 0.285156 0.408203 0.283203 0.412109 0.279297
0 0.070312 0.287109 0.068359 0.287109 0.066406 0.289062 0.062500 0.289062 0.060547 0.287109 0.060547 0.281250 0.062500 0.279297 0.066406 0.279297 0.068359 0.281250 0.070312 0.281250
0 0.423828 0.283203 0.423828 0.287109 0.419922 0.287109 0.417969 0.285156 0.421875 0.281250
0 0.234375 0.291016 0.232422 0.291016 0.230469 0.292969 0.226562 0.292969 0.224609 0.291016 0.224609 0.285156 0.226562 0.283203 0.230469 0.283203 0.232422 0.285156 0.234375 0.285156
0 0.287109 0.291016 0.285156 0.291016 0.283203 0.292969 0.279297 0.292969 0.277344 0.291016 0.277344 0.285156 0.279297 0.283203 0.283203 0.283203 0.285156 0.285156 0.287109 0.285156
0 0.251953 0.292969 0.250000 0.292969 0.248047 0.294922 0.244141 0.294922 0.242188 0.292969 0.242188 0.287109 0.244141 0.285156 0.248047 0.285156 0.250000 0.287109 0.251953 0.287109
0 0.398438 0.294922 0.396484 0.294922 0.394531 0.296875 0.390625 0.296875 0.388672 0.294922 0.388672 0.289062 0.390625 0.287109 0.394531 0.287109 0.396484 0.289062 0.398438 0.289062
0 0.251953 0.302734 0.250000 0.302734 0.248047 0.304688 0.244141 0.304688 0.242188 0.302734 0.242188 0.296875 0.244141 0.294922 0.248047 0.294922 0.250000 0.296875 0.251953 0.296875
0 0.298828 0.302734 0.296875 0.302734 0.294922 0.304688 0.291016 0.304688 0.289062 0.302734 0.289062 0.296875 0.291016 0.294922 0.294922 0.294922 0.296875 0.296875 0.298828 0.296875
0 0.068359 0.300781 0.068359 0.304688 0.064453 0.304688 0.062500 0.302734 0.066406 0.298828
0 0.365234 0.302734 0.365234 0.306641 0.361328 0.306641 0.359375 0.304688 0.363281 0.300781
0 0.289062 0.308594 0.287109 0.308594 0.285156 0.310547 0.281250 0.310547 0.279297 0.308594 0.279297 0.302734 0.281250 0.300781 0.285156 0.300781 0.287109 0.302734 0.289062 0.302734
0 0.199219 0.308594 0.197266 0.310547 0.197266 0.312500 0.195312 0.314453 0.189453 0.314453 0.187500 0.312500 0.187500 0.310547 0.185547 0.308594 0.185547 0.306641 0.187500 0.304688 0.187500 0.302734 0.189453 0.300781 0.195312 0.300781 0.197266 0.302734 0.197266 0.304688 0.199219 0.306641
0 0.232422 0.310547 0.230469 0.312500 0.230469 0.314453 0.228516 0.316406 0.222656 0.316406 0.220703 0.314453 0.220703 0.312500 0.218750 0.310547 0.218750 0.308594 0.220703 0.306641 0.220703 0.304688 0.222656 0.302734 0.228516 0.302734 0.230469 0.304688 0.230469 0.306641 0.232422 0.308594
0 0.394531 0.312500 0.392578 0.314453 0.392578 0.316406 0.390625 0.318359 0.384766 0.318359 0.382812 0.316406 0.382812 0.314453 0.380859 0.312500 0.380859 0.310547 0.382812 0.308594 0.382812 0.306641 0.384766 0.304688 0.390625 0.304688 0.392578 0.306641 0.392578 0.308594 0.394531 0.310547
0 0.347656 0.316406 0.345703 0.316406 0.343750 0.318359 0.339844 0.318359 0.337891 0.316406 0.337891 0.310547 0.339844 0.308594 0.343750 0.308594 0.345703 0.310547 0.347656 0.310547
0 0.373047 0.318359 0.371094 0.320312 0.371094 0.322266 0.369141 0.324219 0.363281 0.324219 0.361328 0.322266 0.361328 0.320312 0.359375 0.318359 0.359375 0.316406 0.361328 0.314453 0.361328 0.312500 0.363281 0.310547 0.369141 0.310547 0.371094 0.312500 0.371094 0.314453 0.373047 0.316406
0 0.062500 0.322266 0.060547 0.322266 0.058594 0.324219 0.054688 0.324219 0.052734 0.322266 0.052734 0.316406 0.054688 0.314453 0.058594 0.314453 0.060547 0.316406 0.062500 0.316406
0 0.337891 0.324219 0.337891 0.328125 0.333984 0.328125 0.332031 0.326172 0.335938 0.322266
0 0.392578 0.328125 0.390625 0.328125 0.388672 0.330078 0.384766 0.330078 0.382812 0.328125 0.382812 0.322266 0.384766 0.320312 0.388672 0.320312 0.390625 0.322266 0.392578 0.322266
0 0.492188 0.332031 0.492188 0.335938 0.488281 0.335938 0.486328 0.333984 0.490234 0.330078
0 0.107422 0.333984 0.107422 0.337891 0.103516 0.337891 0.101562 0.335938 0.105469 0.332031
0 0.414062 0.335938 0.414062 0.339844 0.410156 0.339844 0.408203 0.337891 0.412109 0.333984
0 0.501953 0.335938 0.501953 0.339844 0.498047 0.339844 0.496094 0.337891 0.500000 0.333984
0 0.066406 0.349609 0.064453 0.349609 0.062500 0.351562 0.052734 0.351562 0.046875 0.345703 0.046875 0.335938 0.048828 0.333984 0.050781 0.333984 0.050781 0.332031 0.052734 0.330078 0.062500 0.330078 0.068359 0.335938 0.068359 0.345703 0.066406 0.347656
0 0.353516 0.341797 0.353516 0.345703 0.349609 0.345703 0.347656 0.343750 0.351562 0.339844
0 0.390625 0.355469 0.388672 0.355469 0.386719 0.357422 0.376953 0.357422 0.371094 0.351562 0.371094 0.341797 0.373047 0.339844 0.375000 0.339844 0.375000 0.337891 0.376953 0.335938 0.386719 0.335938 0.392578 0.341797 0.392578 0.351562 0.390625 0.353516
0 0.408203 0.349609 0.406250 0.351562 0.406250 0.353516 0.404297 0.355469 0.398438 0.355469 0.396484 0.353516 0.396484 0.351562 0.394531 0.349609 0.394531 0.347656 0.396484 0.345703 0.396484 0.343750 0.398438 0.341797 0.404297 0.341797 0.406250 0.343750 0.406250 0.345703 0.408203 0.347656
0 0.105469 0.349609 0.105469 0.353516 0.101562 0.353516 0.099609 0.351562 0.103516 0.347656
0 0.093750 0.355469 0.087891 0.361328 0.082031 0.361328 0.076172 0.355469 0.076172 0.349609 0.082031 0.343750 0.087891 0.343750 0.093750 0.349609
0 0.078125 0.353516 0.078125 0.357422 0.074219 0.357422 0.072266 0.355469 0.076172 0.351562
0 0.750000 0.353516 0.750000 0.357422 0.746094 0.357422 0.744141 0.355469 0.748047 0.351562
0 0.384766 0.359375 0.382812 0.359375 0.380859 0.361328 0.376953 0.361328 0.375000 0.359375 0.375000 0.353516 0.376953 0.351562 0.380859 0.351562 0.382812 0.353516 0.384766 0.353516
0 0.761719 0.355469 0.761719 0.359375 0.757812 0.359375 0.755859 0.357422 0.759766 0.353516
0 0.105469 0.363281 0.099609 0.369141 0.093750 0.369141 0.087891 0.363281 0.087891 0.357422 0.093750 0.351562 0.099609 0.351562 0.105469 0.357422
0 0.277344 0.361328 0.277344 0.365234 0.273438 0.365234 0.271484 0.363281 0.275391 0.359375
0 0.367188 0.365234 0.361328 0.371094 0.355469 0.371094 0.349609 0.365234 0.349609 0.359375 0.355469 0.353516 0.361328 0.353516 0.367188 0.359375
0 0.757812 0.361328 0.757812 0.365234 0.753906 0.365234 0.751953 0.363281 0.755859 0.359375
0 0.115234 0.373047 0.113281 0.373047 0.111328 0.375000 0.101562 0.375000 0.095703 0.369141 0.095703 0.359375 0.097656 0.357422 0.099609 0.357422 0.099609 0.355469 0.101562 0.353516 0.111328 0.353516 0.117188 0.359375 0.117188 0.369141 0.115234 0.371094
0 0.339844 0.365234 0.339844 0.369141 0.335938 0.369141 0.333984 0.367188 0.337891 0.363281
0 0.384766 0.369141 0.382812 0.369141 0.380859 0.371094 0.376953 0.371094 0.375000 0.369141 0.375000 0.363281 0.376953 0.361328 0.380859 0.361328 0.382812 0.363281 0.384766 0.363281
0 0.103516 0.369141 0.103516 0.373047 0.099609 0.373047 0.097656 0.371094 0.101562 0.367188
0 0.371094 0.371094 0.369141 0.373047 0.369141 0.375000 0.367188 0.376953 0.361328 0.376953 0.359375 0.375000 0.359375 0.373047 0.357422 0.371094 0.357422 0.369141 0.359375 0.367188 0.359375 0.365234 0.361328 0.363281 0.367188 0.363281 0.369141 0.365234 0.369141 0.367188 0.371094 0.369141
0 0.117188 0.373047 0.115234 0.375000 0.115234 0.376953 0.113281 0.378906 0.107422 0.378906 0.105469 0.376953 0.105469 0.375000 0.103516 0.373047 0.103516 0.371094 0.105469 0.369141 0.105469 0.367188 0.107422 0.365234 0.113281 0.365234 0.115234 0.367188 0.115234 0.369141 0.117188 0.371094
0 0.332031 0.373047 0.332031 0.376953 0.328125 0.376953 0.326172 0.375000 0.330078 0.371094
0 0.351562 0.376953 0.349609 0.376953 0.347656 0.378906 0.343750 0.378906 0.341797 0.376953 0.341797 0.371094 0.343750 0.369141 0.347656 0.369141 0.349609 0.371094 0.351562 0.371094
0 0.396484 0.376953 0.394531 0.376953 0.392578 0.378906 0.388672 0.378906 0.386719 0.376953 0.386719 0.371094 0.388672 0.369141 0.392578 0.369141 0.394531 0.371094 0.396484 0.371094
0 0.148438 0.380859 0.142578 0.386719 0.136719 0.386719 0.130859 0.380859 0.130859 0.375000 0.136719 0.369141 0.142578 0.369141 0.148438 0.375000
0 0.173828 0.382812 0.171875 0.384766 0.171875 0.386719 0.169922 0.388672 0.164062 0.388672 0.162109 0.386719 0.162109 0.384766 0.160156 0.382812 0.160156 0.380859 0.162109 0.378906 0.162109 0.376953 0.164062 0.375000 0.169922 0.375000 0.171875 0.376953 0.171875 0.378906 0.173828 0.380859
0 0.357422 0.380859 0.357422 0.384766 0.353516 0.384766 0.351562 0.382812 0.355469 0.378906
0 0.326172 0.386719 0.324219 0.386719 0.322266 0.388672 0.318359 0.388672 0.316406 0.386719 0.316406 0.380859 0.318359 0.378906 0.322266 0.378906 0.324219 0.380859 0.326172 0.380859
0 0.367188 0.386719 0.365234 0.386719 0.363281 0.388672 0.359375 0.388672 0.357422 0.386719 0.357422 0.380859 0.359375 0.378906 0.363281 0.378906 0.365234 0.380859 0.367188 0.380859
0 0.404297 0.382812 0.404297 0.386719 0.400391 0.386719 0.398438 0.384766 0.402344 0.380859
0 0.181641 0.390625 0.179688 0.390625 0.177734 0.392578 0.173828 0.392578 0.171875 0.390625 0.171875 0.384766 0.173828 0.382812 0.177734 0.382812 0.179688 0.384766 0.181641 0.384766
0 0.191406 0.388672 0.191406 0.392578 0.187500 0.392578 0.185547 0.390625 0.189453 0.386719
0 0.380859 0.390625 0.378906 0.392578 0.378906 0.394531 0.376953 0.396484 0.371094 0.396484 0.369141 0.394531 0.369141 0.392578 0.367188 0.390625 0.367188 0.388672 0.369141 0.386719 0.369141 0.384766 0.371094 0.382812 0.376953 0.382812 0.378906 0.384766 0.378906 0.386719 0.380859 0.388672
0 0.410156 0.390625 0.410156 0.394531 0.406250 0.394531 0.404297 0.392578 0.408203 0.388672
0 0.398438 0.396484 0.396484 0.396484 0.394531 0.398438 0.390625 0.398438 0.388672 0.396484 0.388672 0.390625 0.390625 0.388672 0.394531 0.388672 0.396484 0.390625 0.398438 0.390625
0 0.322266 0.402344 0.320312 0.402344 0.318359 0.404297 0.314453 0.404297 0.312500 0.402344 0.312500 0.396484 0.314453 0.394531 0.318359 0.394531 0.320312 0.396484 0.322266 0.396484
0 0.308594 0.400391 0.308594 0.404297 0.304688 0.404297 0.302734 0.402344 0.306641 0.398438
0 0.363281 0.400391 0.363281 0.404297 0.359375 0.404297 0.357422 0.402344 0.361328 0.398438
0 0.177734 0.406250 0.175781 0.408203 0.175781 0.410156 0.173828 0.412109 0.167969 0.412109 0.166016 0.410156 0.166016 0.408203 0.164062 0.406250 0.164062 0.404297 0.166016 0.402344 0.166016 0.400391 0.167969 0.398438 0.173828 0.398438 0.175781 0.400391 0.175781 0.402344 0.177734 0.404297
0 0.390625 0.410156 0.388672 0.410156 0.386719 0.412109 0.382812 0.412109 0.380859 0.410156 0.380859 0.404297 0.382812 0.402344 0.386719 0.402344 0.388672 0.404297 0.390625 0.404297
0 0.197266 0.412109 0.195312 0.412109 0.193359 0.414062 0.189453 0.414062 0.187500 0.412109 0.187500 0.406250 0.189453 0.404297 0.193359 0.404297 0.195312 0.406250 0.197266 0.406250
0 0.398438 0.412109 0.396484 0.412109 0.394531 0.414062 0.390625 0.414062 0.388672 0.412109 0.388672 0.406250 0.390625 0.404297 0.394531 0.404297 0.396484 0.406250 0.398438 0.406250
0 0.214844 0.410156 0.214844 0.414062 0.210938 0.414062 0.208984 0.412109 0.212891 0.408203
0 0.238281 0.416016 0.238281 0.419922 0.234375 0.419922 0.232422 0.417969 0.236328 0.414062
0 0.279297 0.416016 0.279297 0.419922 0.275391 0.419922 0.273438 0.417969 0.277344 0.414062
0 0.607422 0.416016 0.607422 0.419922 0.603516 0.419922 0.601562 0.417969 0.605469 0.414062
0 0.394531 0.417969 0.394531 0.421875 0.390625 0.421875 0.388672 0.419922 0.392578 0.416016
0 0.226562 0.423828 0.224609 0.423828 0.222656 0.425781 0.218750 0.425781 0.216797 0.423828 0.216797 0.417969 0.218750 0.416016 0.222656 0.416016 0.224609 0.417969 0.226562 0.417969
0 0.271484 0.419922 0.271484 0.423828 0.267578 0.423828 0.265625 0.421875 0.269531 0.417969
0 0.386719 0.423828 0.384766 0.423828 0.382812 0.425781 0.378906 0.425781 0.376953 0.423828 0.376953 0.417969 0.378906 0.416016 0.382812 0.416016 0.384766 0.417969 0.386719 0.417969
0 0.164062 0.421875 0.164062 0.425781 0.160156 0.425781 0.158203 0.423828 0.162109 0.419922
0 0.203125 0.427734 0.201172 0.427734 0.199219 0.429688 0.195312 0.429688 0.193359 0.427734 0.193359 0.421875 0.195312 0.419922 0.199219 0.419922 0.201172 0.421875 0.203125 0.421875
0 0.421875 0.423828 0.421875 0.427734 0.417969 0.427734 0.416016 0.425781 0.419922 0.421875
0 0.472656 0.425781 0.472656 0.429688 0.468750 0.429688 0.466797 0.427734 0.470703 0.423828
0 0.283203 0.431641 0.281250 0.431641 0.279297 0.433594 0.275391 0.433594 0.273438 0.431641 0.273438 0.425781 0.275391 0.423828 0.279297 0.423828 0.281250 0.425781 0.283203 0.425781
0 0.390625 0.427734 0.390625 0.431641 0.386719 0.431641 0.384766 0.429688 0.388672 0.425781
0 0.460938 0.427734 0.460938 0.431641 0.457031 0.431641 0.455078 0.429688 0.458984 0.425781
0 0.261719 0.431641 0.261719 0.435547 0.257812 0.435547 0.255859 0.433594 0.259766 0.429688
0 0.404297 0.435547 0.402344 0.435547 0.400391 0.437500 0.396484 0.437500 0.394531 0.435547 0.394531 0.429688 0.396484 0.427734 0.400391 0.427734 0.402344 0.429688 0.404297 0.429688
0 0.416016 0.431641 0.416016 0.435547 0.412109 0.435547 0.410156 0.433594 0.414062 0.429688
0 0.314453 0.437500 0.312500 0.437500 0.310547 0.439453 0.306641 0.439453 0.304688 0.437500 0.304688 0.431641 0.306641 0.429688 0.310547 0.429688 0.312500 0.431641 0.314453 0.431641
0 0.376953 0.437500 0.375000 0.437500 0.373047 0.439453 0.369141 0.439453 0.367188 0.437500 0.367188 0.431641 0.369141 0.429688 0.373047 0.429688 0.375000 0.431641 0.376953 0.431641
0 0.425781 0.433594 0.425781 0.437500 0.421875 0.437500 0.419922 0.435547 0.423828 0.431641
0 0.466797 0.433594 0.466797 0.437500 0.462891 0.437500 0.460938 0.435547 0.464844 0.431641
0 0.222656 0.445312 0.220703 0.445312 0.218750 0.447266 0.208984 0.447266 0.203125 0.441406 0.203125 0.431641 0.205078 0.429688 0.207031 0.429688 0.207031 0.427734 0.208984 0.425781 0.218750 0.425781 0.224609 0.431641 0.224609 0.441406 0.222656 0.443359
0 0.250000 0.439453 0.244141 0.445312 0.238281 0.445312 0.232422 0.439453 0.232422 0.433594 0.238281 0.427734 0.244141 0.427734 0.250000 0.433594
0 0.230469 0.439453 0.228516 0.441406 0.228516 0.443359 0.226562 0.445312 0.220703 0.445312 0.218750 0.443359 0.218750 0.441406 0.216797 0.439453 0.216797 0.437500 0.218750 0.435547 0.218750 0.433594 0.220703 0.431641 0.226562 0.431641 0.228516 0.433594 0.228516 0.435547 0.230469 0.437500
0 0.238281 0.439453 0.236328 0.441406 0.236328 0.443359 0.234375 0.445312 0.228516 0.445312 0.226562 0.443359 0.226562 0.441406 0.224609 0.439453 0.224609 0.437500 0.226562 0.435547 0.226562 0.433594 0.228516 0.431641 0.234375 0.431641 0.236328 0.433594 0.236328 0.435547 0.238281 0.437500
0 0.382812 0.441406 0.380859 0.441406 0.378906 0.443359 0.375000 0.443359 0.373047 0.441406 0.373047 0.435547 0.375000 0.433594 0.378906 0.433594 0.380859 0.435547 0.382812 0.435547
0 0.419922 0.441406 0.417969 0.441406 0.416016 0.443359 0.412109 0.443359 0.410156 0.441406 0.410156 0.435547 0.412109 0.433594 0.416016 0.433594 0.417969 0.435547 0.419922 0.435547
0 0.294922 0.443359 0.292969 0.443359 0.291016 0.445312 0.287109 0.445312 0.285156 0.443359 0.285156 0.437500 0.287109 0.435547 0.291016 0.435547 0.292969 0.437500 0.294922 0.437500
0 0.259766 0.449219 0.257812 0.449219 0.255859 0.451172 0.251953 0.451172 0.250000 0.449219 0.250000 0.443359 0.251953 0.441406 0.255859 0.441406 0.257812 0.443359 0.259766 0.443359
0 0.322266 0.445312 0.322266 0.449219 0.318359 0.449219 0.316406 0.447266 0.320312 0.443359
0 0.361328 0.447266 0.359375 0.449219 0.359375 0.451172 0.357422 0.453125 0.351562 0.453125 0.349609 0.451172 0.349609 0.449219 0.347656 0.447266 0.347656 0.445312 0.349609 0.443359 0.349609 0.441406 0.351562 0.439453 0.357422 0.439453 0.359375 0.441406 0.359375 0.443359 0.361328 0.445312
0 0.191406 0.449219 0.189453 0.451172 0.189453 0.453125 0.187500 0.455078 0.181641 0.455078 0.179688 0.453125 0.179688 0.451172 0.177734 0.449219 0.177734 0.447266 0.179688 0.445312 0.179688 0.443359 0.181641 0.441406 0.187500 0.441406 0.189453 0.443359 0.189453 0.445312 0.191406 0.447266
0 0.291016 0.458984 0.289062 0.458984 0.287109 0.460938 0.277344 0.460938 0.271484 0.455078 0.271484 0.445312 0.273438 0.443359 0.275391 0.443359 0.275391 0.441406 0.277344 0.439453 0.287109 0.439453 0.292969 0.445312 0.292969 0.455078 0.291016 0.457031
0 0.359375 0.457031 0.357422 0.457031 0.355469 0.458984 0.351562 0.458984 0.349609 0.457031 0.349609 0.451172 0.351562 0.449219 0.355469 0.449219 0.357422 0.451172 0.359375 0.451172
0 0.412109 0.453125 0.412109 0.457031 0.408203 0.457031 0.406250 0.455078 0.410156 0.451172
0 0.171875 0.458984 0.169922 0.460938 0.169922 0.462891 0.167969 0.464844 0.162109 0.464844 0.160156 0.462891 0.160156 0.460938 0.158203 0.458984 0.158203 0.457031 0.160156 0.455078 0.160156 0.453125 0.162109 0.451172 0.167969 0.451172 0.169922 0.453125 0.169922 0.455078 0.171875 0.457031
0 0.347656 0.462891 0.347656 0.466797 0.343750 0.466797 0.341797 0.464844 0.345703 0.460938
0 0.308594 0.464844 0.308594 0.468750 0.304688 0.468750 0.302734 0.466797 0.306641 0.462891
0 0.339844 0.470703 0.337891 0.470703 0.335938 0.472656 0.332031 0.472656 0.330078 0.470703 0.330078 0.464844 0.332031 0.462891 0.335938 0.462891 0.337891 0.464844 0.339844 0.464844
0 0.298828 0.472656 0.296875 0.472656 0.294922 0.474609 0.291016 0.474609 0.289062 0.472656 0.289062 0.466797 0.291016 0.464844 0.294922 0.464844 0.296875 0.466797 0.298828 0.466797
0 0.318359 0.472656 0.316406 0.472656 0.314453 0.474609 0.310547 0.474609 0.308594 0.472656 0.308594 0.466797 0.310547 0.464844 0.314453 0.464844 0.316406 0.466797 0.318359 0.466797
0 0.369141 0.472656 0.367188 0.472656 0.365234 0.474609 0.361328 0.474609 0.359375 0.472656 0.359375 0.466797 0.361328 0.464844 0.365234 0.464844 0.367188 0.466797 0.369141 0.466797
0 0.556641 0.468750 0.556641 0.472656 0.552734 0.472656 0.550781 0.470703 0.554688 0.466797
0 0.330078 0.474609 0.328125 0.474609 0.326172 0.476562 0.322266 0.476562 0.320312 0.474609 0.320312 0.468750 0.322266 0.466797 0.326172 0.466797 0.328125 0.468750 0.330078 0.468750
0 0.716797 0.470703 0.716797 0.474609 0.712891 0.474609 0.710938 0.472656 0.714844 0.468750
0 0.767578 0.474609 0.767578 0.478516 0.763672 0.478516 0.761719 0.476562 0.765625 0.472656
0 0.310547 0.476562 0.310547 0.480469 0.306641 0.480469 0.304688 0.478516 0.308594 0.474609
0 0.330078 0.476562 0.330078 0.480469 0.326172 0.480469 0.324219 0.478516 0.328125 0.474609
0 0.345703 0.480469 0.343750 0.480469 0.341797 0.482422 0.337891 0.482422 0.335938 0.480469 0.335938 0.474609 0.337891 0.472656 0.341797 0.472656 0.343750 0.474609 0.345703 0.474609
0 0.722656 0.478516 0.722656 0.482422 0.718750 0.482422 0.716797 0.480469 0.720703 0.476562
0 0.355469 0.482422 0.353516 0.484375 0.353516 0.486328 0.351562 0.488281 0.345703 0.488281 0.343750 0.486328 0.343750 0.484375 0.341797 0.482422 0.341797 0.480469 0.343750 0.478516 0.343750 0.476562 0.345703 0.474609 0.351562 0.474609 0.353516 0.476562 0.353516 0.478516 0.355469 0.480469
0 0.300781 0.484375 0.298828 0.486328 0.298828 0.488281 0.296875 0.490234 0.291016 0.490234 0.289062 0.488281 0.289062 0.486328 0.287109 0.484375 0.287109 0.482422 0.289062 0.480469 0.289062 0.478516 0.291016 0.476562 0.296875 0.476562 0.298828 0.478516 0.298828 0.480469 0.300781 0.482422
0 0.396484 0.482422 0.396484 0.486328 0.392578 0.486328 0.390625 0.484375 0.394531 0.480469
0 0.714844 0.484375 0.714844 0.488281 0.710938 0.488281 0.708984 0.486328 0.712891 0.482422
0 0.771484 0.484375 0.771484 0.488281 0.767578 0.488281 0.765625 0.486328 0.769531 0.482422
0 0.386719 0.496094 0.384766 0.496094 0.382812 0.498047 0.373047 0.498047 0.367188 0.492188 0.367188 0.482422 0.369141 0.480469 0.371094 0.480469 0.371094 0.478516 0.373047 0.476562 0.382812 0.476562 0.388672 0.482422 0.388672 0.492188 0.386719 0.494141
0 0.466797 0.486328 0.466797 0.490234 0.462891 0.490234 0.460938 0.488281 0.464844 0.484375
0 0.482422 0.492188 0.480469 0.492188 0.478516 0.494141 0.474609 0.494141 0.472656 0.492188 0.472656 0.486328 0.474609 0.484375 0.478516 0.484375 0.480469 0.486328 0.482422 0.486328
0 0.376953 0.496094 0.375000 0.496094 0.373047 0.498047 0.369141 0.498047 0.367188 0.496094 0.367188 0.490234 0.369141 0.488281 0.373047 0.488281 0.375000 0.490234 0.376953 0.490234
0 0.494141 0.496094 0.492188 0.496094 0.490234 0.498047 0.486328 0.498047 0.484375 0.496094 0.484375 0.490234 0.486328 0.488281 0.490234 0.488281 0.492188 0.490234 0.494141 0.490234
0 0.365234 0.496094 0.363281 0.498047 0.363281 0.500000 0.361328 0.501953 0.355469 0.501953 0.353516 0.500000 0.353516 0.498047 0.351562 0.496094 0.351562 0.494141 0.353516 0.492188 0.353516 0.490234 0.355469 0.488281 0.361328 0.488281 0.363281 0.490234 0.363281 0.492188 0.365234 0.494141
0 0.412109 0.498047 0.410156 0.498047 0.408203 0.500000 0.404297 0.500000 0.402344 0.498047 0.402344 0.492188 0.404297 0.490234 0.408203 0.490234 0.410156 0.492188 0.412109 0.492188
0 0.398438 0.496094 0.398438 0.500000 0.394531 0.500000 0.392578 0.498047 0.396484 0.494141
0 0.474609 0.500000 0.472656 0.500000 0.470703 0.501953 0.466797 0.501953 0.464844 0.500000 0.464844 0.494141 0.466797 0.492188 0.470703 0.492188 0.472656 0.494141 0.474609 0.494141
0 0.484375 0.500000 0.484375 0.503906 0.480469 0.503906 0.478516 0.501953 0.482422 0.498047
0 0.619141 0.500000 0.619141 0.503906 0.615234 0.503906 0.613281 0.501953 0.617188 0.498047
0 0.001953 0.513672 0.000000 0.513672 0.000000 0.500000 0.001953 0.500000 0.003906 0.501953 0.003906 0.503906 0.005859 0.505859 0.005859 0.507812 0.003906 0.509766 0.003906 0.511719
0 0.310547 0.507812 0.308594 0.509766 0.308594 0.511719 0.306641 0.513672 0.300781 0.513672 0.298828 0.511719 0.298828 0.509766 0.296875 0.507812 0.296875 0.505859 0.298828 0.503906 0.298828 0.501953 0.300781 0.500000 0.306641 0.500000 0.308594 0.501953 0.308594 0.503906 0.310547 0.505859
0 0.417969 0.507812 0.417969 0.511719 0.414062 0.511719 0.412109 0.509766 0.416016 0.505859
0 0.474609 0.507812 0.474609 0.511719 0.470703 0.511719 0.468750 0.509766 0.472656 0.505859
0 0.351562 0.513672 0.349609 0.513672 0.347656 0.515625 0.343750 0.515625 0.341797 0.513672 0.341797 0.507812 0.343750 0.505859 0.347656 0.505859 0.349609 0.507812 0.351562 0.507812
0 0.685547 0.509766 0.685547 0.513672 0.681641 0.513672 0.679688 0.511719 0.683594 0.507812
0 0.314453 0.513672 0.314453 0.517578 0.310547 0.517578 0.308594 0.515625 0.312500 0.511719
0 0.373047 0.515625 0.371094 0.517578 0.371094 0.519531 0.369141 0.521484 0.363281 0.521484 0.361328 0.519531 0.361328 0.517578 0.359375 0.515625 0.359375 0.513672 0.361328 0.511719 0.361328 0.509766 0.363281 0.507812 0.369141 0.507812 0.371094 0.509766 0.371094 0.511719 0.373047 0.513672
0 0.382812 0.517578 0.380859 0.519531 0.380859 0.521484 0.378906 0.523438 0.373047 0.523438 0.371094 0.521484 0.371094 0.519531 0.369141 0.517578 0.369141 0.515625 0.371094 0.513672 0.371094 0.511719 0.373047 0.509766 0.378906 0.509766 0.380859 0.511719 0.380859 0.513672 0.382812 0.515625
0 0.677734 0.519531 0.675781 0.519531 0.673828 0.521484 0.669922 0.521484 0.667969 0.519531 0.667969 0.513672 0.669922 0.511719 0.673828 0.511719 0.675781 0.513672 0.677734 0.513672
0 0.019531 0.521484 0.017578 0.521484 0.015625 0.523438 0.011719 0.523438 0.009766 0.521484 0.009766 0.515625 0.011719 0.513672 0.015625 0.513672 0.017578 0.515625 0.019531 0.515625
0 0.523438 0.517578 0.523438 0.521484 0.519531 0.521484 0.517578 0.519531 0.521484 0.515625
0 0.669922 0.517578 0.669922 0.521484 0.666016 0.521484 0.664062 0.519531 0.667969 0.515625
0 0.347656 0.523438 0.345703 0.523438 0.343750 0.525391 0.339844 0.525391 0.337891 0.523438 0.337891 0.517578 0.339844 0.515625 0.343750 0.515625 0.345703 0.517578 0.347656 0.517578
0 0.681641 0.525391 0.679688 0.525391 0.677734 0.527344 0.673828 0.527344 0.671875 0.525391 0.671875 0.519531 0.673828 0.517578 0.677734 0.517578 0.679688 0.519531 0.681641 0.519531
0 0.685547 0.521484 0.685547 0.525391 0.681641 0.525391 0.679688 0.523438 0.683594 0.519531
0 0.654297 0.523438 0.654297 0.527344 0.650391 0.527344 0.648438 0.525391 0.652344 0.521484
0 0.048828 0.529297 0.042969 0.535156 0.037109 0.535156 0.031250 0.529297 0.031250 0.523438 0.037109 0.517578 0.042969 0.517578 0.048828 0.523438
0 0.517578 0.525391 0.517578 0.529297 0.513672 0.529297 0.511719 0.527344 0.515625 0.523438
0 0.396484 0.531250 0.394531 0.531250 0.392578 0.533203 0.388672 0.533203 0.386719 0.531250 0.386719 0.525391 0.388672 0.523438 0.392578 0.523438 0.394531 0.525391 0.396484 0.525391
0 0.664062 0.531250 0.662109 0.531250 0.660156 0.533203 0.656250 0.533203 0.654297 0.531250 0.654297 0.525391 0.656250 0.523438 0.660156 0.523438 0.662109 0.525391 0.664062 0.525391
0 0.671875 0.527344 0.671875 0.531250 0.667969 0.531250 0.666016 0.529297 0.669922 0.525391
0 0.316406 0.531250 0.314453 0.533203 0.314453 0.535156 0.312500 0.537109 0.306641 0.537109 0.304688 0.535156 0.304688 0.533203 0.302734 0.531250 0.302734 0.529297 0.304688 0.527344 0.304688 0.525391 0.306641 0.523438 0.312500 0.523438 0.314453 0.525391 0.314453 0.527344 0.316406 0.529297
0 0.355469 0.529297 0.355469 0.533203 0.351562 0.533203 0.349609 0.531250 0.353516 0.527344
0 0.414062 0.529297 0.414062 0.533203 0.410156 0.533203 0.408203 0.531250 0.412109 0.527344
0 0.523438 0.529297 0.523438 0.533203 0.519531 0.533203 0.517578 0.531250 0.521484 0.527344
0 0.406250 0.535156 0.406250 0.539062 0.402344 0.539062 0.400391 0.537109 0.404297 0.533203
0 0.523438 0.537109 0.521484 0.539062 0.521484 0.541016 0.519531 0.542969 0.513672 0.542969 0.511719 0.541016 0.511719 0.539062 0.509766 0.537109 0.509766 0.535156 0.511719 0.533203 0.511719 0.531250 0.513672 0.529297 0.519531 0.529297 0.521484 0.531250 0.521484 0.533203 0.523438 0.535156
0 0.382812 0.537109 0.382812 0.541016 0.378906 0.541016 0.376953 0.539062 0.380859 0.535156
0 0.335938 0.542969 0.330078 0.548828 0.324219 0.548828 0.318359 0.542969 0.318359 0.537109 0.324219 0.531250 0.330078 0.531250 0.335938 0.537109
0 0.396484 0.541016 0.394531 0.542969 0.394531 0.544922 0.392578 0.546875 0.386719 0.546875 0.384766 0.544922 0.384766 0.542969 0.382812 0.541016 0.382812 0.539062 0.384766 0.537109 0.384766 0.535156 0.386719 0.533203 0.392578 0.533203 0.394531 0.535156 0.394531 0.537109 0.396484 0.539062
0 0.351562 0.548828 0.349609 0.548828 0.347656 0.550781 0.343750 0.550781 0.341797 0.548828 0.341797 0.542969 0.343750 0.541016 0.347656 0.541016 0.349609 0.542969 0.351562 0.542969
0 0.533203 0.544922 0.533203 0.548828 0.529297 0.548828 0.527344 0.546875 0.531250 0.542969
0 0.509766 0.546875 0.509766 0.550781 0.505859 0.550781 0.503906 0.548828 0.507812 0.544922
0 0.626953 0.548828 0.626953 0.552734 0.623047 0.552734 0.621094 0.550781 0.625000 0.546875
0 0.525391 0.554688 0.523438 0.554688 0.521484 0.556641 0.517578 0.556641 0.515625 0.554688 0.515625 0.548828 0.517578 0.546875 0.521484 0.546875 0.523438 0.548828 0.525391 0.548828
0 0.398438 0.552734 0.398438 0.556641 0.394531 0.556641 0.392578 0.554688 0.396484 0.550781
0 0.535156 0.554688 0.533203 0.556641 0.533203 0.558594 0.531250 0.560547 0.525391 0.560547 0.523438 0.558594 0.523438 0.556641 0.521484 0.554688 0.521484 0.552734 0.523438 0.550781 0.523438 0.548828 0.525391 0.546875 0.531250 0.546875 0.533203 0.548828 0.533203 0.550781 0.535156 0.552734
0 0.074219 0.558594 0.072266 0.558594 0.070312 0.560547 0.066406 0.560547 0.064453 0.558594 0.064453 0.552734 0.066406 0.550781 0.070312 0.550781 0.072266 0.552734 0.074219 0.552734
0 0.367188 0.554688 0.367188 0.558594 0.363281 0.558594 0.361328 0.556641 0.365234 0.552734
0 0.621094 0.556641 0.621094 0.560547 0.617188 0.560547 0.615234 0.558594 0.619141 0.554688
0 0.333984 0.562500 0.332031 0.564453 0.332031 0.566406 0.330078 0.568359 0.324219 0.568359 0.322266 0.566406 0.322266 0.564453 0.320312 0.562500 0.320312 0.560547 0.322266 0.558594 0.322266 0.556641 0.324219 0.554688 0.330078 0.554688 0.332031 0.556641 0.332031 0.558594 0.333984 0.560547
0 0.345703 0.562500 0.343750 0.564453 0.343750 0.566406 0.341797 0.568359 0.335938 0.568359 0.333984 0.566406 0.333984 0.564453 0.332031 0.562500 0.332031 0.560547 0.333984 0.558594 0.333984 0.556641 0.335938 0.554688 0.341797 0.554688 0.343750 0.556641 0.343750 0.558594 0.345703 0.560547
0 0.771484 0.560547 0.771484 0.564453 0.767578 0.564453 0.765625 0.562500 0.769531 0.558594
0 0.082031 0.566406 0.080078 0.566406 0.078125 0.568359 0.074219 0.568359 0.072266 0.566406 0.072266 0.560547 0.074219 0.558594 0.078125 0.558594 0.080078 0.560547 0.082031 0.560547
0 0.582031 0.562500 0.582031 0.566406 0.578125 0.566406 0.576172 0.564453 0.580078 0.560547
0 0.531250 0.568359 0.529297 0.568359 0.527344 0.570312 0.523438 0.570312 0.521484 0.568359 0.521484 0.562500 0.523438 0.560547 0.527344 0.560547 0.529297 0.562500 0.531250 0.562500
0 0.566406 0.564453 0.566406 0.568359 0.562500 0.568359 0.560547 0.566406 0.564453 0.562500
0 0.779297 0.564453 0.779297 0.568359 0.775391 0.568359 0.773438 0.566406 0.777344 0.562500
0 0.416016 0.570312 0.414062 0.570312 0.412109 0.572266 0.408203 0.572266 0.406250 0.570312 0.406250 0.564453 0.408203 0.562500 0.412109 0.562500 0.414062 0.564453 0.416016 0.564453
0 0.519531 0.570312 0.517578 0.570312 0.515625 0.572266 0.511719 0.572266 0.509766 0.570312 0.509766 0.564453 0.511719 0.562500 0.515625 0.562500 0.517578 0.564453 0.519531 0.564453
0 0.576172 0.566406 0.576172 0.570312 0.572266 0.570312 0.570312 0.568359 0.574219 0.564453
0 0.408203 0.570312 0.408203 0.574219 0.404297 0.574219 0.402344 0.572266 0.406250 0.568359
0 0.773438 0.572266 0.773438 0.576172 0.769531 0.576172 0.767578 0.574219 0.771484 0.570312
0 0.519531 0.574219 0.519531 0.578125 0.515625 0.578125 0.513672 0.576172 0.517578 0.572266
0 0.578125 0.578125 0.576172 0.578125 0.574219 0.580078 0.570312 0.580078 0.568359 0.578125 0.568359 0.572266 0.570312 0.570312 0.574219 0.570312 0.576172 0.572266 0.578125 0.572266
0 0.630859 0.574219 0.630859 0.578125 0.626953 0.578125 0.625000 0.576172 0.628906 0.572266
0 0.314453 0.580078 0.312500 0.582031 0.312500 0.583984 0.310547 0.585938 0.304688 0.585938 0.302734 0.583984 0.302734 0.582031 0.300781 0.580078 0.300781 0.578125 0.302734 0.576172 0.302734 0.574219 0.304688 0.572266 0.310547 0.572266 0.312500 0.574219 0.312500 0.576172 0.314453 0.578125
0 0.572266 0.580078 0.570312 0.582031 0.570312 0.583984 0.568359 0.585938 0.562500 0.585938 0.560547 0.583984 0.560547 0.582031 0.558594 0.580078 0.558594 0.578125 0.560547 0.576172 0.560547 0.574219 0.562500 0.572266 0.568359 0.572266 0.570312 0.574219 0.570312 0.576172 0.572266 0.578125
0 0.615234 0.580078 0.615234 0.583984 0.611328 0.583984 0.609375 0.582031 0.613281 0.578125
0 0.650391 0.580078 0.650391 0.583984 0.646484 0.583984 0.644531 0.582031 0.648438 0.578125
0 0.582031 0.582031 0.582031 0.585938 0.578125 0.585938 0.576172 0.583984 0.580078 0.580078
0 0.644531 0.583984 0.644531 0.587891 0.640625 0.587891 0.638672 0.585938 0.642578 0.582031
0 0.404297 0.591797 0.402344 0.591797 0.400391 0.593750 0.396484 0.593750 0.394531 0.591797 0.394531 0.585938 0.396484 0.583984 0.400391 0.583984 0.402344 0.585938 0.404297 0.585938
0 0.425781 0.591797 0.423828 0.591797 0.421875 0.593750 0.417969 0.593750 0.416016 0.591797 0.416016 0.585938 0.417969 0.583984 0.421875 0.583984 0.423828 0.585938 0.425781 0.585938
0 0.572266 0.587891 0.572266 0.591797 0.568359 0.591797 0.566406 0.589844 0.570312 0.585938
0 0.650391 0.589844 0.650391 0.593750 0.646484 0.593750 0.644531 0.591797 0.648438 0.587891
0 0.560547 0.591797 0.560547 0.595703 0.556641 0.595703 0.554688 0.593750 0.558594 0.589844
0 0.599609 0.591797 0.599609 0.595703 0.595703 0.595703 0.593750 0.593750 0.597656 0.589844
0 0.513672 0.593750 0.513672 0.597656 0.509766 0.597656 0.507812 0.595703 0.511719 0.591797
0 0.417969 0.599609 0.416016 0.599609 0.414062 0.601562 0.410156 0.601562 0.408203 0.599609 0.408203 0.593750 0.410156 0.591797 0.414062 0.591797 0.416016 0.593750 0.417969 0.593750
0 0.580078 0.599609 0.578125 0.599609 0.576172 0.601562 0.572266 0.601562 0.570312 0.599609 0.570312 0.593750 0.572266 0.591797 0.576172 0.591797 0.578125 0.593750 0.580078 0.593750
0 0.636719 0.605469 0.634766 0.605469 0.632812 0.607422 0.623047 0.607422 0.617188 0.601562 0.617188 0.591797 0.619141 0.589844 0.621094 0.589844 0.621094 0.587891 0.623047 0.585938 0.632812 0.585938 0.638672 0.591797 0.638672 0.601562 0.636719 0.603516
0 0.685547 0.597656 0.685547 0.601562 0.681641 0.601562 0.679688 0.599609 0.683594 0.595703
0 0.701172 0.601562 0.699219 0.601562 0.697266 0.603516 0.693359 0.603516 0.691406 0.601562 0.691406 0.595703 0.693359 0.593750 0.697266 0.593750 0.699219 0.595703 0.701172 0.595703
0 0.298828 0.603516 0.296875 0.603516 0.294922 0.605469 0.291016 0.605469 0.289062 0.603516 0.289062 0.597656 0.291016 0.595703 0.294922 0.595703 0.296875 0.597656 0.298828 0.597656
0 0.507812 0.599609 0.507812 0.603516 0.503906 0.603516 0.501953 0.601562 0.505859 0.597656
0 0.593750 0.603516 0.591797 0.603516 0.589844 0.605469 0.585938 0.605469 0.583984 0.603516 0.583984 0.597656 0.585938 0.595703 0.589844 0.595703 0.591797 0.597656 0.593750 0.597656
0 0.607422 0.599609 0.607422 0.603516 0.603516 0.603516 0.601562 0.601562 0.605469 0.597656
0 0.644531 0.599609 0.644531 0.603516 0.640625 0.603516 0.638672 0.601562 0.642578 0.597656
0 0.654297 0.599609 0.654297 0.603516 0.650391 0.603516 0.648438 0.601562 0.652344 0.597656
0 0.697266 0.603516 0.697266 0.607422 0.693359 0.607422 0.691406 0.605469 0.695312 0.601562
0 0.685547 0.605469 0.685547 0.609375 0.681641 0.609375 0.679688 0.607422 0.683594 0.603516
0 0.521484 0.611328 0.519531 0.611328 0.517578 0.613281 0.513672 0.613281 0.511719 0.611328 0.511719 0.605469 0.513672 0.603516 0.517578 0.603516 0.519531 0.605469 0.521484 0.605469
0 0.607422 0.609375 0.605469 0.611328 0.605469 0.613281 0.603516 0.615234 0.597656 0.615234 0.595703 0.613281 0.595703 0.611328 0.593750 0.609375 0.593750 0.607422 0.595703 0.605469 0.595703 0.603516 0.597656 0.601562 0.603516 0.601562 0.605469 0.603516 0.605469 0.605469 0.607422 0.607422
0 0.648438 0.607422 0.648438 0.611328 0.644531 0.611328 0.642578 0.609375 0.646484 0.605469
0 0.671875 0.617188 0.669922 0.617188 0.667969 0.619141 0.658203 0.619141 0.652344 0.613281 0.652344 0.603516 0.654297 0.601562 0.656250 0.601562 0.656250 0.599609 0.658203 0.597656 0.667969 0.597656 0.673828 0.603516 0.673828 0.613281 0.671875 0.615234
0 0.615234 0.609375 0.615234 0.613281 0.611328 0.613281 0.609375 0.611328 0.613281 0.607422
0 0.572266 0.615234 0.570312 0.615234 0.568359 0.617188 0.564453 0.617188 0.562500 0.615234 0.562500 0.609375 0.564453 0.607422 0.568359 0.607422 0.570312 0.609375 0.572266 0.609375
0 0.583984 0.615234 0.582031 0.617188 0.582031 0.619141 0.580078 0.621094 0.574219 0.621094 0.572266 0.619141 0.572266 0.617188 0.570312 0.615234 0.570312 0.613281 0.572266 0.611328 0.572266 0.609375 0.574219 0.607422 0.580078 0.607422 0.582031 0.609375 0.582031 0.611328 0.583984 0.613281
0 0.111328 0.625000 0.109375 0.625000 0.107422 0.626953 0.097656 0.626953 0.091797 0.621094 0.091797 0.611328 0.093750 0.609375 0.095703 0.609375 0.095703 0.607422 0.097656 0.605469 0.107422 0.605469 0.113281 0.611328 0.113281 0.621094 0.111328 0.623047
0 0.529297 0.615234 0.529297 0.619141 0.525391 0.619141 0.523438 0.617188 0.527344 0.613281
0 0.726562 0.617188 0.726562 0.621094 0.722656 0.621094 0.720703 0.619141 0.724609 0.615234
0 0.558594 0.623047 0.556641 0.623047 0.554688 0.625000 0.550781 0.625000 0.548828 0.623047 0.548828 0.617188 0.550781 0.615234 0.554688 0.615234 0.556641 0.617188 0.558594 0.617188
0 0.595703 0.619141 0.595703 0.623047 0.591797 0.623047 0.589844 0.621094 0.593750 0.617188
0 0.619141 0.626953 0.617188 0.626953 0.615234 0.628906 0.611328 0.628906 0.609375 0.626953 0.609375 0.621094 0.611328 0.619141 0.615234 0.619141 0.617188 0.621094 0.619141 0.621094
0 0.519531 0.625000 0.519531 0.628906 0.515625 0.628906 0.513672 0.626953 0.517578 0.623047
0 0.664062 0.625000 0.664062 0.628906 0.660156 0.628906 0.658203 0.626953 0.662109 0.623047
0 0.669922 0.625000 0.669922 0.628906 0.666016 0.628906 0.664062 0.626953 0.667969 0.623047
0 0.720703 0.628906 0.718750 0.628906 0.716797 0.630859 0.712891 0.630859 0.710938 0.628906 0.710938 0.623047 0.712891 0.621094 0.716797 0.621094 0.718750 0.623047 0.720703 0.623047
0 0.763672 0.625000 0.763672 0.628906 0.759766 0.628906 0.757812 0.626953 0.761719 0.623047
0 0.773438 0.625000 0.773438 0.628906 0.769531 0.628906 0.767578 0.626953 0.771484 0.623047
0 0.476562 0.626953 0.476562 0.630859 0.472656 0.630859 0.470703 0.628906 0.474609 0.625000
0 0.564453 0.626953 0.564453 0.630859 0.560547 0.630859 0.558594 0.628906 0.562500 0.625000
0 0.632812 0.636719 0.630859 0.636719 0.628906 0.638672 0.619141 0.638672 0.613281 0.632812 0.613281 0.623047 0.615234 0.621094 0.617188 0.621094 0.617188 0.619141 0.619141 0.617188 0.628906 0.617188 0.634766 0.623047 0.634766 0.632812 0.632812 0.634766
0 0.888672 0.630859 0.886719 0.630859 0.884766 0.632812 0.880859 0.632812 0.878906 0.630859 0.878906 0.625000 0.880859 0.623047 0.884766 0.623047 0.886719 0.625000 0.888672 0.625000
0 0.263672 0.632812 0.261719 0.632812 0.259766 0.634766 0.255859 0.634766 0.253906 0.632812 0.253906 0.626953 0.255859 0.625000 0.259766 0.625000 0.261719 0.626953 0.263672 0.626953
0 0.419922 0.628906 0.419922 0.632812 0.416016 0.632812 0.414062 0.630859 0.417969 0.626953
0 0.527344 0.628906 0.527344 0.632812 0.523438 0.632812 0.521484 0.630859 0.525391 0.626953
0 0.462891 0.630859 0.462891 0.634766 0.458984 0.634766 0.457031 0.632812 0.460938 0.628906
0 0.345703 0.632812 0.345703 0.636719 0.341797 0.636719 0.339844 0.634766 0.343750 0.630859
0 0.542969 0.632812 0.542969 0.636719 0.539062 0.636719 0.537109 0.634766 0.541016 0.630859
0 0.605469 0.636719 0.603516 0.636719 0.601562 0.638672 0.597656 0.638672 0.595703 0.636719 0.595703 0.630859 0.597656 0.628906 0.601562 0.628906 0.603516 0.630859 0.605469 0.630859
0 0.648438 0.632812 0.648438 0.636719 0.644531 0.636719 0.642578 0.634766 0.646484 0.630859
0 0.728516 0.636719 0.726562 0.636719 0.724609 0.638672 0.720703 0.638672 0.718750 0.636719 0.718750 0.630859 0.720703 0.628906 0.724609 0.628906 0.726562 0.630859 0.728516 0.630859
0 0.248047 0.638672 0.246094 0.638672 0.244141 0.640625 0.240234 0.640625 0.238281 0.638672 0.238281 0.632812 0.240234 0.630859 0.244141 0.630859 0.246094 0.632812 0.248047 0.632812
0 0.414062 0.634766 0.414062 0.638672 0.410156 0.638672 0.408203 0.636719 0.412109 0.632812
0 0.613281 0.634766 0.613281 0.638672 0.609375 0.638672 0.607422 0.636719 0.611328 0.632812
0 0.464844 0.636719 0.464844 0.640625 0.460938 0.640625 0.458984 0.638672 0.462891 0.634766
0 0.632812 0.636719 0.632812 0.640625 0.628906 0.640625 0.626953 0.638672 0.630859 0.634766
0 0.666016 0.636719 0.666016 0.640625 0.662109 0.640625 0.660156 0.638672 0.664062 0.634766
0 0.103516 0.642578 0.101562 0.642578 0.099609 0.644531 0.095703 0.644531 0.093750 0.642578 0.093750 0.636719 0.095703 0.634766 0.099609 0.634766 0.101562 0.636719 0.103516 0.636719
0 0.568359 0.648438 0.566406 0.648438 0.564453 0.650391 0.554688 0.650391 0.548828 0.644531 0.548828 0.634766 0.550781 0.632812 0.552734 0.632812 0.552734 0.630859 0.554688 0.628906 0.564453 0.628906 0.570312 0.634766 0.570312 0.644531 0.568359 0.646484
0 0.751953 0.648438 0.750000 0.648438 0.748047 0.650391 0.738281 0.650391 0.732422 0.644531 0.732422 0.634766 0.734375 0.632812 0.736328 0.632812 0.736328 0.630859 0.738281 0.628906 0.748047 0.628906 0.753906 0.634766 0.753906 0.644531 0.751953 0.646484
0 0.765625 0.640625 0.763672 0.642578 0.763672 0.644531 0.761719 0.646484 0.755859 0.646484 0.753906 0.644531 0.753906 0.642578 0.751953 0.640625 0.751953 0.638672 0.753906 0.636719 0.753906 0.634766 0.755859 0.632812 0.761719 0.632812 0.763672 0.634766 0.763672 0.636719 0.765625 0.638672
0 0.777344 0.642578 0.775391 0.642578 0.773438 0.644531 0.769531 0.644531 0.767578 0.642578 0.767578 0.636719 0.769531 0.634766 0.773438 0.634766 0.775391 0.636719 0.777344 0.636719
0 0.896484 0.642578 0.894531 0.642578 0.892578 0.644531 0.888672 0.644531 0.886719 0.642578 0.886719 0.636719 0.888672 0.634766 0.892578 0.634766 0.894531 0.636719 0.896484 0.636719
0 0.339844 0.640625 0.339844 0.644531 0.335938 0.644531 0.333984 0.642578 0.337891 0.638672
0 0.417969 0.640625 0.417969 0.644531 0.414062 0.644531 0.412109 0.642578 0.416016 0.638672
0 0.474609 0.640625 0.474609 0.644531 0.470703 0.644531 0.468750 0.642578 0.472656 0.638672
0 0.544922 0.640625 0.544922 0.644531 0.541016 0.644531 0.539062 0.642578 0.542969 0.638672
0 0.595703 0.640625 0.595703 0.644531 0.591797 0.644531 0.589844 0.642578 0.593750 0.638672
0 0.720703 0.640625 0.720703 0.644531 0.716797 0.644531 0.714844 0.642578 0.718750 0.638672
0 0.880859 0.640625 0.880859 0.644531 0.876953 0.644531 0.875000 0.642578 0.878906 0.638672
0 0.642578 0.642578 0.642578 0.646484 0.638672 0.646484 0.636719 0.644531 0.640625 0.640625
0 0.783203 0.646484 0.781250 0.646484 0.779297 0.648438 0.775391 0.648438 0.773438 0.646484 0.773438 0.640625 0.775391 0.638672 0.779297 0.638672 0.781250 0.640625 0.783203 0.640625
0 0.847656 0.648438 0.845703 0.648438 0.843750 0.650391 0.839844 0.650391 0.837891 0.648438 0.837891 0.642578 0.839844 0.640625 0.843750 0.640625 0.845703 0.642578 0.847656 0.642578
0 0.529297 0.646484 0.529297 0.650391 0.525391 0.650391 0.523438 0.648438 0.527344 0.644531
0 0.576172 0.650391 0.574219 0.650391 0.572266 0.652344 0.568359 0.652344 0.566406 0.650391 0.566406 0.644531 0.568359 0.642578 0.572266 0.642578 0.574219 0.644531 0.576172 0.644531
0 0.599609 0.646484 0.599609 0.650391 0.595703 0.650391 0.593750 0.648438 0.597656 0.644531
0 0.673828 0.648438 0.671875 0.650391 0.671875 0.652344 0.669922 0.654297 0.664062 0.654297 0.662109 0.652344 0.662109 0.650391 0.660156 0.648438 0.660156 0.646484 0.662109 0.644531 0.662109 0.642578 0.664062 0.640625 0.669922 0.640625 0.671875 0.642578 0.671875 0.644531 0.673828 0.646484
0 0.832031 0.650391 0.830078 0.650391 0.828125 0.652344 0.824219 0.652344 0.822266 0.650391 0.822266 0.644531 0.824219 0.642578 0.828125 0.642578 0.830078 0.644531 0.832031 0.644531
0 0.550781 0.648438 0.550781 0.652344 0.546875 0.652344 0.544922 0.650391 0.548828 0.646484
0 0.560547 0.648438 0.560547 0.652344 0.556641 0.652344 0.554688 0.650391 0.558594 0.646484
0 0.591797 0.648438 0.591797 0.652344 0.587891 0.652344 0.585938 0.650391 0.589844 0.646484
0 0.521484 0.650391 0.521484 0.654297 0.517578 0.654297 0.515625 0.652344 0.519531 0.648438
0 0.582031 0.654297 0.580078 0.654297 0.578125 0.656250 0.574219 0.656250 0.572266 0.654297 0.572266 0.648438 0.574219 0.646484 0.578125 0.646484 0.580078 0.648438 0.582031 0.648438
0 0.701172 0.650391 0.701172 0.654297 0.697266 0.654297 0.695312 0.652344 0.699219 0.648438
0 0.769531 0.650391 0.769531 0.654297 0.765625 0.654297 0.763672 0.652344 0.767578 0.648438
0 0.789062 0.650391 0.789062 0.654297 0.785156 0.654297 0.783203 0.652344 0.787109 0.648438
0 0.531250 0.652344 0.531250 0.656250 0.527344 0.656250 0.525391 0.654297 0.529297 0.650391
0 0.669922 0.656250 0.667969 0.656250 0.666016 0.658203 0.662109 0.658203 0.660156 0.656250 0.660156 0.650391 0.662109 0.648438 0.666016 0.648438 0.667969 0.650391 0.669922 0.650391
0 0.718750 0.652344 0.718750 0.656250 0.714844 0.656250 0.712891 0.654297 0.716797 0.650391
0 0.310547 0.658203 0.308594 0.658203 0.306641 0.660156 0.302734 0.660156 0.300781 0.658203 0.300781 0.652344 0.302734 0.650391 0.306641 0.650391 0.308594 0.652344 0.310547 0.652344
0 0.369141 0.658203 0.363281 0.664062 0.357422 0.664062 0.351562 0.658203 0.351562 0.652344 0.357422 0.646484 0.363281 0.646484 0.369141 0.652344
0 0.298828 0.660156 0.292969 0.666016 0.287109 0.666016 0.281250 0.660156 0.281250 0.654297 0.287109 0.648438 0.292969 0.648438 0.298828 0.654297
0 0.988281 0.656250 0.988281 0.660156 0.984375 0.660156 0.982422 0.658203 0.986328 0.654297
0 0.220703 0.660156 0.218750 0.662109 0.218750 0.664062 0.216797 0.666016 0.210938 0.666016 0.208984 0.664062 0.208984 0.662109 0.207031 0.660156 0.207031 0.658203 0.208984 0.656250 0.208984 0.654297 0.210938 0.652344 0.216797 0.652344 0.218750 0.654297 0.218750 0.656250 0.220703 0.658203
0 0.435547 0.658203 0.435547 0.662109 0.431641 0.662109 0.429688 0.660156 0.433594 0.656250
0 0.349609 0.669922 0.347656 0.669922 0.345703 0.671875 0.335938 0.671875 0.330078 0.666016 0.330078 0.656250 0.332031 0.654297 0.333984 0.654297 0.333984 0.652344 0.335938 0.650391 0.345703 0.650391 0.351562 0.656250 0.351562 0.666016 0.349609 0.667969
0 0.427734 0.660156 0.427734 0.664062 0.423828 0.664062 0.421875 0.662109 0.425781 0.658203
0 0.703125 0.660156 0.703125 0.664062 0.699219 0.664062 0.697266 0.662109 0.701172 0.658203
0 0.775391 0.664062 0.773438 0.664062 0.771484 0.666016 0.767578 0.666016 0.765625 0.664062 0.765625 0.658203 0.767578 0.656250 0.771484 0.656250 0.773438 0.658203 0.775391 0.658203
0 0.841797 0.664062 0.839844 0.664062 0.837891 0.666016 0.833984 0.666016 0.832031 0.664062 0.832031 0.658203 0.833984 0.656250 0.837891 0.656250 0.839844 0.658203 0.841797 0.658203
0 0.328125 0.666016 0.326172 0.666016 0.324219 0.667969 0.320312 0.667969 0.318359 0.666016 0.318359 0.660156 0.320312 0.658203 0.324219 0.658203 0.326172 0.660156 0.328125 0.660156
0 0.568359 0.666016 0.566406 0.666016 0.564453 0.667969 0.560547 0.667969 0.558594 0.666016 0.558594 0.660156 0.560547 0.658203 0.564453 0.658203 0.566406 0.660156 0.568359 0.660156
0 0.103516 0.667969 0.101562 0.667969 0.099609 0.669922 0.095703 0.669922 0.093750 0.667969 0.093750 0.662109 0.095703 0.660156 0.099609 0.660156 0.101562 0.662109 0.103516 0.662109
0 0.283203 0.667969 0.281250 0.667969 0.279297 0.669922 0.275391 0.669922 0.273438 0.667969 0.273438 0.662109 0.275391 0.660156 0.279297 0.660156 0.281250 0.662109 0.283203 0.662109
0 0.535156 0.664062 0.535156 0.667969 0.531250 0.667969 0.529297 0.666016 0.533203 0.662109
0 0.623047 0.664062 0.623047 0.667969 0.619141 0.667969 0.617188 0.666016 0.621094 0.662109
0 0.646484 0.664062 0.646484 0.667969 0.642578 0.667969 0.640625 0.666016 0.644531 0.662109
0 0.669922 0.667969 0.667969 0.667969 0.666016 0.669922 0.662109 0.669922 0.660156 0.667969 0.660156 0.662109 0.662109 0.660156 0.666016 0.660156 0.667969 0.662109 0.669922 0.662109
0 0.691406 0.666016 0.689453 0.667969 0.689453 0.669922 0.687500 0.671875 0.681641 0.671875 0.679688 0.669922 0.679688 0.667969 0.677734 0.666016 0.677734 0.664062 0.679688 0.662109 0.679688 0.660156 0.681641 0.658203 0.687500 0.658203 0.689453 0.660156 0.689453 0.662109 0.691406 0.664062
0 0.751953 0.667969 0.750000 0.667969 0.748047 0.669922 0.744141 0.669922 0.742188 0.667969 0.742188 0.662109 0.744141 0.660156 0.748047 0.660156 0.750000 0.662109 0.751953 0.662109
0 0.937500 0.667969 0.935547 0.667969 0.933594 0.669922 0.929688 0.669922 0.927734 0.667969 0.927734 0.662109 0.929688 0.660156 0.933594 0.660156 0.935547 0.662109 0.937500 0.662109
0 0.951172 0.664062 0.951172 0.667969 0.947266 0.667969 0.945312 0.666016 0.949219 0.662109
0 0.984375 0.664062 0.984375 0.667969 0.980469 0.667969 0.978516 0.666016 0.982422 0.662109
0 0.998047 0.662109 0.998047 0.667969 0.996094 0.667969 0.994141 0.666016
0 0.394531 0.669922 0.392578 0.669922 0.390625 0.671875 0.386719 0.671875 0.384766 0.669922 0.384766 0.664062 0.386719 0.662109 0.390625 0.662109 0.392578 0.664062 0.394531 0.664062
0 0.513672 0.666016 0.513672 0.669922 0.509766 0.669922 0.507812 0.667969 0.511719 0.664062
0 0.531250 0.669922 0.525391 0.675781 0.519531 0.675781 0.513672 0.669922 0.513672 0.664062 0.519531 0.658203 0.525391 0.658203 0.531250 0.664062
0 0.550781 0.669922 0.548828 0.669922 0.546875 0.671875 0.542969 0.671875 0.541016 0.669922 0.541016 0.664062 0.542969 0.662109 0.546875 0.662109 0.548828 0.664062 0.550781 0.664062
0 0.722656 0.669922 0.720703 0.669922 0.718750 0.671875 0.714844 0.671875 0.712891 0.669922 0.712891 0.664062 0.714844 0.662109 0.718750 0.662109 0.720703 0.664062 0.722656 0.664062
0 0.431641 0.667969 0.431641 0.671875 0.427734 0.671875 0.425781 0.669922 0.429688 0.666016
0 0.628906 0.667969 0.628906 0.671875 0.625000 0.671875 0.623047 0.669922 0.626953 0.666016
0 0.556641 0.669922 0.556641 0.673828 0.552734 0.673828 0.550781 0.671875 0.554688 0.667969
0 0.753906 0.669922 0.753906 0.673828 0.750000 0.673828 0.748047 0.671875 0.751953 0.667969
0 0.505859 0.671875 0.505859 0.675781 0.501953 0.675781 0.500000 0.673828 0.503906 0.669922
0 0.943359 0.671875 0.943359 0.675781 0.939453 0.675781 0.937500 0.673828 0.941406 0.669922
0 0.992188 0.671875 0.992188 0.675781 0.988281 0.675781 0.986328 0.673828 0.990234 0.669922
0 0.621094 0.673828 0.621094 0.677734 0.617188 0.677734 0.615234 0.675781 0.619141 0.671875
0 0.740234 0.685547 0.738281 0.685547 0.736328 0.687500 0.726562 0.687500 0.720703 0.681641 0.720703 0.671875 0.722656 0.669922 0.724609 0.669922 0.724609 0.667969 0.726562 0.666016 0.736328 0.666016 0.742188 0.671875 0.742188 0.681641 0.740234 0.683594
0 0.839844 0.677734 0.839844 0.681641 0.835938 0.681641 0.833984 0.679688 0.837891 0.675781
0 0.529297 0.679688 0.529297 0.683594 0.525391 0.683594 0.523438 0.681641 0.527344 0.677734
0 0.726562 0.683594 0.724609 0.685547 0.724609 0.687500 0.722656 0.689453 0.716797 0.689453 0.714844 0.687500 0.714844 0.685547 0.712891 0.683594 0.712891 0.681641 0.714844 0.679688 0.714844 0.677734 0.716797 0.675781 0.722656 0.675781 0.724609 0.677734 0.724609 0.679688 0.726562 0.681641
0 0.255859 0.693359 0.253906 0.693359 0.251953 0.695312 0.242188 0.695312 0.236328 0.689453 0.236328 0.679688 0.238281 0.677734 0.240234 0.677734 0.240234 0.675781 0.242188 0.673828 0.251953 0.673828 0.257812 0.679688 0.257812 0.689453 0.255859 0.691406
0 0.615234 0.685547 0.613281 0.687500 0.613281 0.689453 0.611328 0.691406 0.605469 0.691406 0.603516 0.689453 0.603516 0.687500 0.601562 0.685547 0.601562 0.683594 0.603516 0.681641 0.603516 0.679688 0.605469 0.677734 0.611328 0.677734 0.613281 0.679688 0.613281 0.681641 0.615234 0.683594
0 0.675781 0.683594 0.675781 0.687500 0.671875 0.687500 0.669922 0.685547 0.673828 0.681641
0 0.628906 0.685547 0.628906 0.689453 0.625000 0.689453 0.623047 0.687500 0.626953 0.683594
0 0.132812 0.691406 0.130859 0.691406 0.128906 0.693359 0.125000 0.693359 0.123047 0.691406 0.123047 0.685547 0.125000 0.683594 0.128906 0.683594 0.130859 0.685547 0.132812 0.685547
0 0.523438 0.687500 0.523438 0.691406 0.519531 0.691406 0.517578 0.689453 0.521484 0.685547
0 0.791016 0.687500 0.791016 0.691406 0.787109 0.691406 0.785156 0.689453 0.789062 0.685547
0 0.833984 0.691406 0.832031 0.691406 0.830078 0.693359 0.826172 0.693359 0.824219 0.691406 0.824219 0.685547 0.826172 0.683594 0.830078 0.683594 0.832031 0.685547 0.833984 0.685547
0 0.414062 0.695312 0.412109 0.695312 0.410156 0.697266 0.406250 0.697266 0.404297 0.695312 0.404297 0.689453 0.406250 0.687500 0.410156 0.687500 0.412109 0.689453 0.414062 0.689453
0 0.685547 0.699219 0.683594 0.699219 0.681641 0.701172 0.677734 0.701172 0.675781 0.699219 0.675781 0.693359 0.677734 0.691406 0.681641 0.691406 0.683594 0.693359 0.685547 0.693359
0 0.708984 0.699219 0.703125 0.705078 0.697266 0.705078 0.691406 0.699219 0.691406 0.693359 0.697266 0.687500 0.703125 0.687500 0.708984 0.693359
0 0.822266 0.695312 0.822266 0.699219 0.818359 0.699219 0.816406 0.697266 0.820312 0.693359
0 0.183594 0.707031 0.181641 0.707031 0.179688 0.708984 0.169922 0.708984 0.164062 0.703125 0.164062 0.693359 0.166016 0.691406 0.167969 0.691406 0.167969 0.689453 0.169922 0.687500 0.179688 0.687500 0.185547 0.693359 0.185547 0.703125 0.183594 0.705078
0 0.916016 0.697266 0.916016 0.701172 0.912109 0.701172 0.910156 0.699219 0.914062 0.695312
0 0.830078 0.699219 0.830078 0.703125 0.826172 0.703125 0.824219 0.701172 0.828125 0.697266
0 0.962891 0.699219 0.962891 0.703125 0.958984 0.703125 0.957031 0.701172 0.960938 0.697266
0 0.453125 0.701172 0.453125 0.705078 0.449219 0.705078 0.447266 0.703125 0.451172 0.699219
0 0.462891 0.701172 0.462891 0.705078 0.458984 0.705078 0.457031 0.703125 0.460938 0.699219
0 0.136719 0.707031 0.134766 0.707031 0.132812 0.708984 0.128906 0.708984 0.126953 0.707031 0.126953 0.701172 0.128906 0.699219 0.132812 0.699219 0.134766 0.701172 0.136719 0.701172
0 0.593750 0.705078 0.591797 0.707031 0.591797 0.708984 0.589844 0.710938 0.583984 0.710938 0.582031 0.708984 0.582031 0.707031 0.580078 0.705078 0.580078 0.703125 0.582031 0.701172 0.582031 0.699219 0.583984 0.697266 0.589844 0.697266 0.591797 0.699219 0.591797 0.701172 0.593750 0.703125
0 0.845703 0.707031 0.839844 0.712891 0.833984 0.712891 0.828125 0.707031 0.828125 0.701172 0.833984 0.695312 0.839844 0.695312 0.845703 0.701172
0 0.921875 0.703125 0.921875 0.707031 0.917969 0.707031 0.916016 0.705078 0.919922 0.701172
0 0.998047 0.708984 0.994141 0.708984 0.992188 0.707031 0.992188 0.701172 0.994141 0.699219 0.998047 0.699219
0 0.523438 0.705078 0.523438 0.708984 0.519531 0.708984 0.517578 0.707031 0.521484 0.703125
0 0.738281 0.707031 0.736328 0.708984 0.736328 0.710938 0.734375 0.712891 0.728516 0.712891 0.726562 0.710938 0.726562 0.708984 0.724609 0.707031 0.724609 0.705078 0.726562 0.703125 0.726562 0.701172 0.728516 0.699219 0.734375 0.699219 0.736328 0.701172 0.736328 0.703125 0.738281 0.705078
0 0.953125 0.705078 0.953125 0.708984 0.949219 0.708984 0.947266 0.707031 0.951172 0.703125
0 0.507812 0.707031 0.507812 0.710938 0.503906 0.710938 0.501953 0.708984 0.505859 0.705078
0 0.515625 0.707031 0.515625 0.710938 0.511719 0.710938 0.509766 0.708984 0.513672 0.705078
0 0.912109 0.707031 0.912109 0.710938 0.908203 0.710938 0.906250 0.708984 0.910156 0.705078
0 0.984375 0.707031 0.984375 0.710938 0.980469 0.710938 0.978516 0.708984 0.982422 0.705078
0 0.140625 0.712891 0.138672 0.712891 0.136719 0.714844 0.132812 0.714844 0.130859 0.712891 0.130859 0.707031 0.132812 0.705078 0.136719 0.705078 0.138672 0.707031 0.140625 0.707031
0 0.468750 0.710938 0.466797 0.712891 0.466797 0.714844 0.464844 0.716797 0.458984 0.716797 0.457031 0.714844 0.457031 0.712891 0.455078 0.710938 0.455078 0.708984 0.457031 0.707031 0.457031 0.705078 0.458984 0.703125 0.464844 0.703125 0.466797 0.705078 0.466797 0.707031 0.468750 0.708984
0 0.699219 0.710938 0.697266 0.712891 0.697266 0.714844 0.695312 0.716797 0.689453 0.716797 0.687500 0.714844 0.687500 0.712891 0.685547 0.710938 0.685547 0.708984 0.687500 0.707031 0.687500 0.705078 0.689453 0.703125 0.695312 0.703125 0.697266 0.705078 0.697266 0.707031 0.699219 0.708984
0 0.863281 0.712891 0.861328 0.712891 0.859375 0.714844 0.855469 0.714844 0.853516 0.712891 0.853516 0.707031 0.855469 0.705078 0.859375 0.705078 0.861328 0.707031 0.863281 0.707031
0 0.998047 0.714844 0.994141 0.714844 0.992188 0.712891 0.992188 0.707031 0.994141 0.705078 0.998047 0.705078
0 0.572266 0.714844 0.570312 0.714844 0.568359 0.716797 0.564453 0.716797 0.562500 0.714844 0.562500 0.708984 0.564453 0.707031 0.568359 0.707031 0.570312 0.708984 0.572266 0.708984
0 0.748047 0.710938 0.748047 0.714844 0.744141 0.714844 0.742188 0.712891 0.746094 0.708984
0 0.843750 0.714844 0.841797 0.714844 0.839844 0.716797 0.835938 0.716797 0.833984 0.714844 0.833984 0.708984 0.835938 0.707031 0.839844 0.707031 0.841797 0.708984 0.843750 0.708984
0 0.945312 0.710938 0.945312 0.714844 0.941406 0.714844 0.939453 0.712891 0.943359 0.708984
0 0.148438 0.716797 0.146484 0.716797 0.144531 0.718750 0.140625 0.718750 0.138672 0.716797 0.138672 0.710938 0.140625 0.708984 0.144531 0.708984 0.146484 0.710938 0.148438 0.710938
0 0.433594 0.712891 0.433594 0.716797 0.429688 0.716797 0.427734 0.714844 0.431641 0.710938
0 0.478516 0.712891 0.478516 0.716797 0.474609 0.716797 0.472656 0.714844 0.476562 0.710938
0 0.681641 0.712891 0.681641 0.716797 0.677734 0.716797 0.675781 0.714844 0.679688 0.710938
0 0.546875 0.716797 0.546875 0.720703 0.542969 0.720703 0.541016 0.718750 0.544922 0.714844
0 0.623047 0.718750 0.621094 0.720703 0.621094 0.722656 0.619141 0.724609 0.613281 0.724609 0.611328 0.722656 0.611328 0.720703 0.609375 0.718750 0.609375 0.716797 0.611328 0.714844 0.611328 0.712891 0.613281 0.710938 0.619141 0.710938 0.621094 0.712891 0.621094 0.714844 0.623047 0.716797
0 0.722656 0.720703 0.720703 0.720703 0.718750 0.722656 0.714844 0.722656 0.712891 0.720703 0.712891 0.714844 0.714844 0.712891 0.718750 0.712891 0.720703 0.714844 0.722656 0.714844
0 0.648438 0.720703 0.646484 0.722656 0.646484 0.724609 0.644531 0.726562 0.638672 0.726562 0.636719 0.724609 0.636719 0.722656 0.634766 0.720703 0.634766 0.718750 0.636719 0.716797 0.636719 0.714844 0.638672 0.712891 0.644531 0.712891 0.646484 0.714844 0.646484 0.716797 0.648438 0.718750
0 0.755859 0.720703 0.753906 0.722656 0.753906 0.724609 0.751953 0.726562 0.746094 0.726562 0.744141 0.724609 0.744141 0.722656 0.742188 0.720703 0.742188 0.718750 0.744141 0.716797 0.744141 0.714844 0.746094 0.712891 0.751953 0.712891 0.753906 0.714844 0.753906 0.716797 0.755859 0.718750
0 0.808594 0.718750 0.808594 0.722656 0.804688 0.722656 0.802734 0.720703 0.806641 0.716797
0 0.439453 0.720703 0.439453 0.724609 0.435547 0.724609 0.433594 0.722656 0.437500 0.718750
0 0.466797 0.724609 0.464844 0.724609 0.462891 0.726562 0.458984 0.726562 0.457031 0.724609 0.457031 0.718750 0.458984 0.716797 0.462891 0.716797 0.464844 0.718750 0.466797 0.718750
0 0.552734 0.720703 0.552734 0.724609 0.548828 0.724609 0.546875 0.722656 0.550781 0.718750
0 0.732422 0.730469 0.730469 0.730469 0.728516 0.732422 0.718750 0.732422 0.712891 0.726562 0.712891 0.716797 0.714844 0.714844 0.716797 0.714844 0.716797 0.712891 0.718750 0.710938 0.728516 0.710938 0.734375 0.716797 0.734375 0.726562 0.732422 0.728516
0 0.474609 0.722656 0.474609 0.726562 0.470703 0.726562 0.468750 0.724609 0.472656 0.720703
0 0.525391 0.726562 0.523438 0.726562 0.521484 0.728516 0.517578 0.728516 0.515625 0.726562 0.515625 0.720703 0.517578 0.718750 0.521484 0.718750 0.523438 0.720703 0.525391 0.720703
0 0.595703 0.726562 0.593750 0.726562 0.591797 0.728516 0.587891 0.728516 0.585938 0.726562 0.585938 0.720703 0.587891 0.718750 0.591797 0.718750 0.593750 0.720703 0.595703 0.720703
0 0.800781 0.722656 0.800781 0.726562 0.796875 0.726562 0.794922 0.724609 0.798828 0.720703
0 0.851562 0.726562 0.849609 0.726562 0.847656 0.728516 0.843750 0.728516 0.841797 0.726562 0.841797 0.720703 0.843750 0.718750 0.847656 0.718750 0.849609 0.720703 0.851562 0.720703
0 0.671875 0.738281 0.669922 0.738281 0.667969 0.740234 0.658203 0.740234 0.652344 0.734375 0.652344 0.724609 0.654297 0.722656 0.656250 0.722656 0.656250 0.720703 0.658203 0.718750 0.667969 0.718750 0.673828 0.724609 0.673828 0.734375 0.671875 0.736328
0 0.779297 0.728516 0.779297 0.732422 0.775391 0.732422 0.773438 0.730469 0.777344 0.726562
0 0.808594 0.728516 0.808594 0.732422 0.804688 0.732422 0.802734 0.730469 0.806641 0.726562
0 0.451172 0.736328 0.449219 0.736328 0.447266 0.738281 0.443359 0.738281 0.441406 0.736328 0.441406 0.730469 0.443359 0.728516 0.447266 0.728516 0.449219 0.730469 0.451172 0.730469
0 0.517578 0.732422 0.517578 0.736328 0.513672 0.736328 0.511719 0.734375 0.515625 0.730469
0 0.539062 0.732422 0.539062 0.736328 0.535156 0.736328 0.533203 0.734375 0.537109 0.730469
0 0.685547 0.732422 0.685547 0.736328 0.681641 0.736328 0.679688 0.734375 0.683594 0.730469
0 0.802734 0.736328 0.800781 0.736328 0.798828 0.738281 0.794922 0.738281 0.792969 0.736328 0.792969 0.730469 0.794922 0.728516 0.798828 0.728516 0.800781 0.730469 0.802734 0.730469
0 0.193359 0.738281 0.191406 0.738281 0.189453 0.740234 0.185547 0.740234 0.183594 0.738281 0.183594 0.732422 0.185547 0.730469 0.189453 0.730469 0.191406 0.732422 0.193359 0.732422
0 0.884766 0.734375 0.884766 0.738281 0.880859 0.738281 0.878906 0.736328 0.882812 0.732422
0 0.490234 0.740234 0.488281 0.740234 0.486328 0.742188 0.482422 0.742188 0.480469 0.740234 0.480469 0.734375 0.482422 0.732422 0.486328 0.732422 0.488281 0.734375 0.490234 0.734375
0 0.507812 0.746094 0.505859 0.746094 0.503906 0.748047 0.494141 0.748047 0.488281 0.742188 0.488281 0.732422 0.490234 0.730469 0.492188 0.730469 0.492188 0.728516 0.494141 0.726562 0.503906 0.726562 0.509766 0.732422 0.509766 0.742188 0.507812 0.744141
0 0.679688 0.736328 0.679688 0.740234 0.675781 0.740234 0.673828 0.738281 0.677734 0.734375
0 0.533203 0.740234 0.533203 0.744141 0.529297 0.744141 0.527344 0.742188 0.531250 0.738281
0 0.714844 0.740234 0.714844 0.744141 0.710938 0.744141 0.708984 0.742188 0.712891 0.738281
0 0.744141 0.742188 0.742188 0.744141 0.742188 0.746094 0.740234 0.748047 0.734375 0.748047 0.732422 0.746094 0.732422 0.744141 0.730469 0.742188 0.730469 0.740234 0.732422 0.738281 0.732422 0.736328 0.734375 0.734375 0.740234 0.734375 0.742188 0.736328 0.742188 0.738281 0.744141 0.740234
0 0.794922 0.740234 0.794922 0.744141 0.791016 0.744141 0.789062 0.742188 0.792969 0.738281
0 0.806641 0.740234 0.806641 0.744141 0.802734 0.744141 0.800781 0.742188 0.804688 0.738281
0 0.685547 0.742188 0.685547 0.746094 0.681641 0.746094 0.679688 0.744141 0.683594 0.740234
0 0.792969 0.744141 0.791016 0.746094 0.791016 0.748047 0.789062 0.750000 0.783203 0.750000 0.781250 0.748047 0.781250 0.746094 0.779297 0.744141 0.779297 0.742188 0.781250 0.740234 0.781250 0.738281 0.783203 0.736328 0.789062 0.736328 0.791016 0.738281 0.791016 0.740234 0.792969 0.742188
0 0.845703 0.742188 0.845703 0.746094 0.841797 0.746094 0.839844 0.744141 0.843750 0.740234
0 0.185547 0.748047 0.183594 0.748047 0.181641 0.750000 0.177734 0.750000 0.175781 0.748047 0.175781 0.742188 0.177734 0.740234 0.181641 0.740234 0.183594 0.742188 0.185547 0.742188
0 0.884766 0.744141 0.884766 0.748047 0.880859 0.748047 0.878906 0.746094 0.882812 0.742188
0 0.482422 0.750000 0.480469 0.750000 0.478516 0.751953 0.474609 0.751953 0.472656 0.750000 0.472656 0.744141 0.474609 0.742188 0.478516 0.742188 0.480469 0.744141 0.482422 0.744141
0 0.541016 0.750000 0.541016 0.753906 0.537109 0.753906 0.535156 0.751953 0.539062 0.748047
0 0.656250 0.751953 0.654297 0.753906 0.654297 0.755859 0.652344 0.757812 0.646484 0.757812 0.644531 0.755859 0.644531 0.753906 0.642578 0.751953 0.642578 0.750000 0.644531 0.748047 0.644531 0.746094 0.646484 0.744141 0.652344 0.744141 0.654297 0.746094 0.654297 0.748047 0.656250 0.750000
0 0.720703 0.750000 0.720703 0.753906 0.716797 0.753906 0.714844 0.751953 0.718750 0.748047
0 0.855469 0.750000 0.855469 0.753906 0.851562 0.753906 0.849609 0.751953 0.853516 0.748047
0 0.892578 0.751953 0.890625 0.753906 0.890625 0.755859 0.888672 0.757812 0.882812 0.757812 0.880859 0.755859 0.880859 0.753906 0.878906 0.751953 0.878906 0.750000 0.880859 0.748047 0.880859 0.746094 0.882812 0.744141 0.888672 0.744141 0.890625 0.746094 0.890625 0.748047 0.892578 0.750000
0 0.529297 0.755859 0.527344 0.755859 0.525391 0.757812 0.521484 0.757812 0.519531 0.755859 0.519531 0.750000 0.521484 0.748047 0.525391 0.748047 0.527344 0.750000 0.529297 0.750000
0 0.505859 0.761719 0.500000 0.767578 0.494141 0.767578 0.488281 0.761719 0.488281 0.755859 0.494141 0.750000 0.500000 0.750000 0.505859 0.755859
0 0.716797 0.761719 0.714844 0.761719 0.712891 0.763672 0.708984 0.763672 0.707031 0.761719 0.707031 0.755859 0.708984 0.753906 0.712891 0.753906 0.714844 0.755859 0.716797 0.755859
0 0.777344 0.761719 0.775391 0.761719 0.773438 0.763672 0.769531 0.763672 0.767578 0.761719 0.767578 0.755859 0.769531 0.753906 0.773438 0.753906 0.775391 0.755859 0.777344 0.755859
0 0.470703 0.761719 0.468750 0.763672 0.468750 0.765625 0.466797 0.767578 0.460938 0.767578 0.458984 0.765625 0.458984 0.763672 0.457031 0.761719 0.457031 0.759766 0.458984 0.757812 0.458984 0.755859 0.460938 0.753906 0.466797 0.753906 0.468750 0.755859 0.468750 0.757812 0.470703 0.759766
0 0.541016 0.763672 0.539062 0.763672 0.537109 0.765625 0.533203 0.765625 0.531250 0.763672 0.531250 0.757812 0.533203 0.755859 0.537109 0.755859 0.539062 0.757812 0.541016 0.757812
0 0.683594 0.759766 0.683594 0.763672 0.679688 0.763672 0.677734 0.761719 0.681641 0.757812
0 0.767578 0.759766 0.767578 0.763672 0.763672 0.763672 0.761719 0.761719 0.765625 0.757812
0 0.882812 0.759766 0.882812 0.763672 0.878906 0.763672 0.876953 0.761719 0.880859 0.757812
0 0.898438 0.763672 0.896484 0.763672 0.894531 0.765625 0.890625 0.765625 0.888672 0.763672 0.888672 0.757812 0.890625 0.755859 0.894531 0.755859 0.896484 0.757812 0.898438 0.757812
0 0.964844 0.759766 0.964844 0.763672 0.960938 0.763672 0.958984 0.761719 0.962891 0.757812
0 0.566406 0.761719 0.566406 0.765625 0.562500 0.765625 0.560547 0.763672 0.564453 0.759766
0 0.777344 0.763672 0.777344 0.767578 0.773438 0.767578 0.771484 0.765625 0.775391 0.761719
0 0.523438 0.769531 0.521484 0.769531 0.519531 0.771484 0.515625 0.771484 0.513672 0.769531 0.513672 0.763672 0.515625 0.761719 0.519531 0.761719 0.521484 0.763672 0.523438 0.763672
0 0.673828 0.765625 0.673828 0.769531 0.669922 0.769531 0.667969 0.767578 0.671875 0.763672
0 0.707031 0.769531 0.705078 0.769531 0.703125 0.771484 0.699219 0.771484 0.697266 0.769531 0.697266 0.763672 0.699219 0.761719 0.703125 0.761719 0.705078 0.763672 0.707031 0.763672
0 0.501953 0.769531 0.500000 0.771484 0.500000 0.773438 0.498047 0.775391 0.492188 0.775391 0.490234 0.773438 0.490234 0.771484 0.488281 0.769531 0.488281 0.767578 0.490234 0.765625 0.490234 0.763672 0.492188 0.761719 0.498047 0.761719 0.500000 0.763672 0.500000 0.765625 0.501953 0.767578
0 0.626953 0.779297 0.625000 0.779297 0.623047 0.781250 0.613281 0.781250 0.607422 0.775391 0.607422 0.765625 0.609375 0.763672 0.611328 0.763672 0.611328 0.761719 0.613281 0.759766 0.623047 0.759766 0.628906 0.765625 0.628906 0.775391 0.626953 0.777344
0 0.763672 0.773438 0.761719 0.773438 0.759766 0.775391 0.755859 0.775391 0.753906 0.773438 0.753906 0.767578 0.755859 0.765625 0.759766 0.765625 0.761719 0.767578 0.763672 0.767578
0 0.476562 0.773438 0.474609 0.775391 0.474609 0.777344 0.472656 0.779297 0.466797 0.779297 0.464844 0.777344 0.464844 0.775391 0.462891 0.773438 0.462891 0.771484 0.464844 0.769531 0.464844 0.767578 0.466797 0.765625 0.472656 0.765625 0.474609 0.767578 0.474609 0.769531 0.476562 0.771484
0 0.556641 0.775391 0.554688 0.775391 0.552734 0.777344 0.548828 0.777344 0.546875 0.775391 0.546875 0.769531 0.548828 0.767578 0.552734 0.767578 0.554688 0.769531 0.556641 0.769531
0 0.568359 0.773438 0.568359 0.777344 0.564453 0.777344 0.562500 0.775391 0.566406 0.771484
0 0.511719 0.775391 0.511719 0.779297 0.507812 0.779297 0.505859 0.777344 0.509766 0.773438
0 0.656250 0.779297 0.654297 0.779297 0.652344 0.781250 0.648438 0.781250 0.646484 0.779297 0.646484 0.773438 0.648438 0.771484 0.652344 0.771484 0.654297 0.773438 0.656250 0.773438
0 0.724609 0.779297 0.722656 0.779297 0.720703 0.781250 0.716797 0.781250 0.714844 0.779297 0.714844 0.773438 0.716797 0.771484 0.720703 0.771484 0.722656 0.773438 0.724609 0.773438
0 0.781250 0.777344 0.779297 0.779297 0.779297 0.781250 0.777344 0.783203 0.771484 0.783203 0.769531 0.781250 0.769531 0.779297 0.767578 0.777344 0.767578 0.775391 0.769531 0.773438 0.769531 0.771484 0.771484 0.769531 0.777344 0.769531 0.779297 0.771484 0.779297 0.773438 0.781250 0.775391
0 0.744141 0.781250 0.742188 0.781250 0.740234 0.783203 0.736328 0.783203 0.734375 0.781250 0.734375 0.775391 0.736328 0.773438 0.740234 0.773438 0.742188 0.775391 0.744141 0.775391
0 0.847656 0.781250 0.845703 0.781250 0.843750 0.783203 0.839844 0.783203 0.837891 0.781250 0.837891 0.775391 0.839844 0.773438 0.843750 0.773438 0.845703 0.775391 0.847656 0.775391
0 0.136719 0.789062 0.134766 0.789062 0.132812 0.791016 0.123047 0.791016 0.117188 0.785156 0.117188 0.775391 0.119141 0.773438 0.121094 0.773438 0.121094 0.771484 0.123047 0.769531 0.132812 0.769531 0.138672 0.775391 0.138672 0.785156 0.136719 0.787109
0 0.798828 0.783203 0.796875 0.783203 0.794922 0.785156 0.791016 0.785156 0.789062 0.783203 0.789062 0.777344 0.791016 0.775391 0.794922 0.775391 0.796875 0.777344 0.798828 0.777344
0 0.273438 0.791016 0.271484 0.791016 0.269531 0.792969 0.259766 0.792969 0.253906 0.787109 0.253906 0.777344 0.255859 0.775391 0.257812 0.775391 0.257812 0.773438 0.259766 0.771484 0.269531 0.771484 0.275391 0.777344 0.275391 0.787109 0.273438 0.789062
0 0.718750 0.783203 0.716797 0.785156 0.716797 0.787109 0.714844 0.789062 0.708984 0.789062 0.707031 0.787109 0.707031 0.785156 0.705078 0.783203 0.705078 0.781250 0.707031 0.779297 0.707031 0.777344 0.708984 0.775391 0.714844 0.775391 0.716797 0.777344 0.716797 0.779297 0.718750 0.781250
0 0.837891 0.787109 0.835938 0.787109 0.833984 0.789062 0.830078 0.789062 0.828125 0.787109 0.828125 0.781250 0.830078 0.779297 0.833984 0.779297 0.835938 0.781250 0.837891 0.781250
0 0.492188 0.794922 0.490234 0.794922 0.488281 0.796875 0.478516 0.796875 0.472656 0.791016 0.472656 0.781250 0.474609 0.779297 0.476562 0.779297 0.476562 0.777344 0.478516 0.775391 0.488281 0.775391 0.494141 0.781250 0.494141 0.791016 0.492188 0.792969
0 0.550781 0.789062 0.548828 0.789062 0.546875 0.791016 0.542969 0.791016 0.541016 0.789062 0.541016 0.783203 0.542969 0.781250 0.546875 0.781250 0.548828 0.783203 0.550781 0.783203
0 0.251953 0.796875 0.250000 0.796875 0.248047 0.798828 0.238281 0.798828 0.232422 0.792969 0.232422 0.783203 0.234375 0.781250 0.236328 0.781250 0.236328 0.779297 0.238281 0.777344 0.248047 0.777344 0.253906 0.783203 0.253906 0.792969 0.251953 0.794922
0 0.947266 0.787109 0.947266 0.791016 0.943359 0.791016 0.941406 0.789062 0.945312 0.785156
0 0.091797 0.792969 0.089844 0.792969 0.087891 0.794922 0.083984 0.794922 0.082031 0.792969 0.082031 0.787109 0.083984 0.785156 0.087891 0.785156 0.089844 0.787109 0.091797 0.787109
0 0.753906 0.792969 0.751953 0.792969 0.750000 0.794922 0.746094 0.794922 0.744141 0.792969 0.744141 0.787109 0.746094 0.785156 0.750000 0.785156 0.751953 0.787109 0.753906 0.787109
0 0.531250 0.794922 0.529297 0.794922 0.527344 0.796875 0.523438 0.796875 0.521484 0.794922 0.521484 0.789062 0.523438 0.787109 0.527344 0.787109 0.529297 0.789062 0.531250 0.789062
0 0.640625 0.796875 0.638672 0.796875 0.636719 0.798828 0.632812 0.798828 0.630859 0.796875 0.630859 0.791016 0.632812 0.789062 0.636719 0.789062 0.638672 0.791016 0.640625 0.791016
0 0.664062 0.804688 0.662109 0.804688 0.660156 0.806641 0.650391 0.806641 0.644531 0.800781 0.644531 0.791016 0.646484 0.789062 0.648438 0.789062 0.648438 0.787109 0.650391 0.785156 0.660156 0.785156 0.666016 0.791016 0.666016 0.800781 0.664062 0.802734
0 0.228516 0.800781 0.226562 0.800781 0.224609 0.802734 0.220703 0.802734 0.218750 0.800781 0.218750 0.794922 0.220703 0.792969 0.224609 0.792969 0.226562 0.794922 0.228516 0.794922
0 0.589844 0.800781 0.583984 0.806641 0.578125 0.806641 0.572266 0.800781 0.572266 0.794922 0.578125 0.789062 0.583984 0.789062 0.589844 0.794922
0 0.853516 0.798828 0.851562 0.800781 0.851562 0.802734 0.849609 0.804688 0.843750 0.804688 0.841797 0.802734 0.841797 0.800781 0.839844 0.798828 0.839844 0.796875 0.841797 0.794922 0.841797 0.792969 0.843750 0.791016 0.849609 0.791016 0.851562 0.792969 0.851562 0.794922 0.853516 0.796875
0 0.490234 0.802734 0.484375 0.808594 0.478516 0.808594 0.472656 0.802734 0.472656 0.796875 0.478516 0.791016 0.484375 0.791016 0.490234 0.796875
0 0.519531 0.798828 0.519531 0.802734 0.515625 0.802734 0.513672 0.800781 0.517578 0.796875
0 0.671875 0.798828 0.671875 0.802734 0.667969 0.802734 0.666016 0.800781 0.669922 0.796875
0 0.089844 0.804688 0.087891 0.804688 0.085938 0.806641 0.082031 0.806641 0.080078 0.804688 0.080078 0.798828 0.082031 0.796875 0.085938 0.796875 0.087891 0.798828 0.089844 0.798828
0 0.503906 0.804688 0.501953 0.804688 0.500000 0.806641 0.496094 0.806641 0.494141 0.804688 0.494141 0.798828 0.496094 0.796875 0.500000 0.796875 0.501953 0.798828 0.503906 0.798828
0 0.787109 0.810547 0.785156 0.810547 0.783203 0.812500 0.773438 0.812500 0.767578 0.806641 0.767578 0.796875 0.769531 0.794922 0.771484 0.794922 0.771484 0.792969 0.773438 0.791016 0.783203 0.791016 0.789062 0.796875 0.789062 0.806641 0.787109 0.808594
0 0.873047 0.800781 0.873047 0.804688 0.869141 0.804688 0.867188 0.802734 0.871094 0.798828
0 0.617188 0.806641 0.615234 0.806641 0.613281 0.808594 0.609375 0.808594 0.607422 0.806641 0.607422 0.800781 0.609375 0.798828 0.613281 0.798828 0.615234 0.800781 0.617188 0.800781
0 0.628906 0.806641 0.623047 0.812500 0.617188 0.812500 0.611328 0.806641 0.611328 0.800781 0.617188 0.794922 0.623047 0.794922 0.628906 0.800781
0 0.662109 0.804688 0.660156 0.806641 0.660156 0.808594 0.658203 0.810547 0.652344 0.810547 0.650391 0.808594 0.650391 0.806641 0.648438 0.804688 0.648438 0.802734 0.650391 0.800781 0.650391 0.798828 0.652344 0.796875 0.658203 0.796875 0.660156 0.798828 0.660156 0.800781 0.662109 0.802734
0 0.687500 0.804688 0.685547 0.806641 0.685547 0.808594 0.683594 0.810547 0.677734 0.810547 0.675781 0.808594 0.675781 0.806641 0.673828 0.804688 0.673828 0.802734 0.675781 0.800781 0.675781 0.798828 0.677734 0.796875 0.683594 0.796875 0.685547 0.798828 0.685547 0.800781 0.687500 0.802734
0 0.712891 0.804688 0.710938 0.806641 0.710938 0.808594 0.708984 0.810547 0.703125 0.810547 0.701172 0.808594 0.701172 0.806641 0.699219 0.804688 0.699219 0.802734 0.701172 0.800781 0.701172 0.798828 0.703125 0.796875 0.708984 0.796875 0.710938 0.798828 0.710938 0.800781 0.712891 0.802734
0 0.820312 0.812500 0.818359 0.812500 0.816406 0.814453 0.806641 0.814453 0.800781 0.808594 0.800781 0.798828 0.802734 0.796875 0.804688 0.796875 0.804688 0.794922 0.806641 0.792969 0.816406 0.792969 0.822266 0.798828 0.822266 0.808594 0.820312 0.810547
0 0.947266 0.806641 0.945312 0.806641 0.943359 0.808594 0.939453 0.808594 0.937500 0.806641 0.937500 0.800781 0.939453 0.798828 0.943359 0.798828 0.945312 0.800781 0.947266 0.800781
0 0.755859 0.806641 0.753906 0.808594 0.753906 0.810547 0.751953 0.812500 0.746094 0.812500 0.744141 0.810547 0.744141 0.808594 0.742188 0.806641 0.742188 0.804688 0.744141 0.802734 0.744141 0.800781 0.746094 0.798828 0.751953 0.798828 0.753906 0.800781 0.753906 0.802734 0.755859 0.804688
0 0.535156 0.806641 0.535156 0.810547 0.531250 0.810547 0.529297 0.808594 0.533203 0.804688
0 0.212891 0.812500 0.210938 0.812500 0.208984 0.814453 0.205078 0.814453 0.203125 0.812500 0.203125 0.806641 0.205078 0.804688 0.208984 0.804688 0.210938 0.806641 0.212891 0.806641
0 0.312500 0.818359 0.310547 0.818359 0.308594 0.820312 0.298828 0.820312 0.292969 0.814453 0.292969 0.804688 0.294922 0.802734 0.296875 0.802734 0.296875 0.800781 0.298828 0.798828 0.308594 0.798828 0.314453 0.804688 0.314453 0.814453 0.312500 0.816406
0 0.521484 0.812500 0.519531 0.812500 0.517578 0.814453 0.513672 0.814453 0.511719 0.812500 0.511719 0.806641 0.513672 0.804688 0.517578 0.804688 0.519531 0.806641 0.521484 0.806641
0 0.925781 0.812500 0.923828 0.814453 0.923828 0.816406 0.921875 0.818359 0.916016 0.818359 0.914062 0.816406 0.914062 0.814453 0.912109 0.812500 0.912109 0.810547 0.914062 0.808594 0.914062 0.806641 0.916016 0.804688 0.921875 0.804688 0.923828 0.806641 0.923828 0.808594 0.925781 0.810547
0 0.716797 0.816406 0.710938 0.822266 0.705078 0.822266 0.699219 0.816406 0.699219 0.810547 0.705078 0.804688 0.710938 0.804688 0.716797 0.810547
0 0.662109 0.816406 0.660156 0.818359 0.660156 0.820312 0.658203 0.822266 0.652344 0.822266 0.650391 0.820312 0.650391 0.818359 0.648438 0.816406 0.648438 0.814453 0.650391 0.812500 0.650391 0.810547 0.652344 0.808594 0.658203 0.808594 0.660156 0.810547 0.660156 0.812500 0.662109 0.814453
0 0.796875 0.818359 0.794922 0.818359 0.792969 0.820312 0.789062 0.820312 0.787109 0.818359 0.787109 0.812500 0.789062 0.810547 0.792969 0.810547 0.794922 0.812500 0.796875 0.812500
0 0.810547 0.818359 0.808594 0.818359 0.806641 0.820312 0.802734 0.820312 0.800781 0.818359 0.800781 0.812500 0.802734 0.810547 0.806641 0.810547 0.808594 0.812500 0.810547 0.812500
0 0.837891 0.818359 0.835938 0.818359 0.833984 0.820312 0.830078 0.820312 0.828125 0.818359 0.828125 0.812500 0.830078 0.810547 0.833984 0.810547 0.835938 0.812500 0.837891 0.812500
0 0.873047 0.814453 0.873047 0.818359 0.869141 0.818359 0.867188 0.816406 0.871094 0.812500
0 0.531250 0.820312 0.529297 0.822266 0.529297 0.824219 0.527344 0.826172 0.521484 0.826172 0.519531 0.824219 0.519531 0.822266 0.517578 0.820312 0.517578 0.818359 0.519531 0.816406 0.519531 0.814453 0.521484 0.812500 0.527344 0.812500 0.529297 0.814453 0.529297 0.816406 0.531250 0.818359
0 0.683594 0.822266 0.681641 0.822266 0.679688 0.824219 0.675781 0.824219 0.673828 0.822266 0.673828 0.816406 0.675781 0.814453 0.679688 0.814453 0.681641 0.816406 0.683594 0.816406
0 0.703125 0.820312 0.701172 0.822266 0.701172 0.824219 0.699219 0.826172 0.693359 0.826172 0.691406 0.824219 0.691406 0.822266 0.689453 0.820312 0.689453 0.818359 0.691406 0.816406 0.691406 0.814453 0.693359 0.812500 0.699219 0.812500 0.701172 0.814453 0.701172 0.816406 0.703125 0.818359
0 0.191406 0.824219 0.189453 0.824219 0.187500 0.826172 0.183594 0.826172 0.181641 0.824219 0.181641 0.818359 0.183594 0.816406 0.187500 0.816406 0.189453 0.818359 0.191406 0.818359
0 0.833984 0.830078 0.832031 0.830078 0.830078 0.832031 0.820312 0.832031 0.814453 0.826172 0.814453 0.816406 0.816406 0.814453 0.818359 0.814453 0.818359 0.812500 0.820312 0.810547 0.830078 0.810547 0.835938 0.816406 0.835938 0.826172 0.833984 0.828125
0 0.185547 0.826172 0.183594 0.826172 0.181641 0.828125 0.177734 0.828125 0.175781 0.826172 0.175781 0.820312 0.177734 0.818359 0.181641 0.818359 0.183594 0.820312 0.185547 0.820312
0 0.638672 0.826172 0.636719 0.826172 0.634766 0.828125 0.630859 0.828125 0.628906 0.826172 0.628906 0.820312 0.630859 0.818359 0.634766 0.818359 0.636719 0.820312 0.638672 0.820312
0 0.728516 0.826172 0.722656 0.832031 0.716797 0.832031 0.710938 0.826172 0.710938 0.820312 0.716797 0.814453 0.722656 0.814453 0.728516 0.820312
0 0.753906 0.826172 0.748047 0.832031 0.742188 0.832031 0.736328 0.826172 0.736328 0.820312 0.742188 0.814453 0.748047 0.814453 0.753906 0.820312
0 0.818359 0.822266 0.818359 0.826172 0.814453 0.826172 0.812500 0.824219 0.816406 0.820312
0 0.855469 0.822266 0.855469 0.826172 0.851562 0.826172 0.849609 0.824219 0.853516 0.820312
0 0.179688 0.828125 0.177734 0.828125 0.175781 0.830078 0.171875 0.830078 0.169922 0.828125 0.169922 0.822266 0.171875 0.820312 0.175781 0.820312 0.177734 0.822266 0.179688 0.822266
0 0.541016 0.828125 0.539062 0.828125 0.537109 0.830078 0.533203 0.830078 0.531250 0.828125 0.531250 0.822266 0.533203 0.820312 0.537109 0.820312 0.539062 0.822266 0.541016 0.822266
0 0.171875 0.830078 0.169922 0.830078 0.167969 0.832031 0.164062 0.832031 0.162109 0.830078 0.162109 0.824219 0.164062 0.822266 0.167969 0.822266 0.169922 0.824219 0.171875 0.824219
0 0.916016 0.828125 0.914062 0.830078 0.914062 0.832031 0.912109 0.833984 0.906250 0.833984 0.904297 0.832031 0.904297 0.830078 0.902344 0.828125 0.902344 0.826172 0.904297 0.824219 0.904297 0.822266 0.906250 0.820312 0.912109 0.820312 0.914062 0.822266 0.914062 0.824219 0.916016 0.826172
0 0.482422 0.830078 0.480469 0.832031 0.480469 0.833984 0.478516 0.835938 0.472656 0.835938 0.470703 0.833984 0.470703 0.832031 0.468750 0.830078 0.468750 0.828125 0.470703 0.826172 0.470703 0.824219 0.472656 0.822266 0.478516 0.822266 0.480469 0.824219 0.480469 0.826172 0.482422 0.828125
0 0.689453 0.839844 0.687500 0.839844 0.685547 0.841797 0.675781 0.841797 0.669922 0.835938 0.669922 0.826172 0.671875 0.824219 0.673828 0.824219 0.673828 0.822266 0.675781 0.820312 0.685547 0.820312 0.691406 0.826172 0.691406 0.835938 0.689453 0.837891
0 0.779297 0.839844 0.777344 0.839844 0.775391 0.841797 0.765625 0.841797 0.759766 0.835938 0.759766 0.826172 0.761719 0.824219 0.763672 0.824219 0.763672 0.822266 0.765625 0.820312 0.775391 0.820312 0.781250 0.826172 0.781250 0.835938 0.779297 0.837891
0 0.939453 0.832031 0.937500 0.833984 0.937500 0.835938 0.935547 0.837891 0.929688 0.837891 0.927734 0.835938 0.927734 0.833984 0.925781 0.832031 0.925781 0.830078 0.927734 0.828125 0.927734 0.826172 0.929688 0.824219 0.935547 0.824219 0.937500 0.826172 0.937500 0.828125 0.939453 0.830078
0 0.142578 0.835938 0.136719 0.841797 0.130859 0.841797 0.125000 0.835938 0.125000 0.830078 0.130859 0.824219 0.136719 0.824219 0.142578 0.830078
0 0.517578 0.832031 0.517578 0.835938 0.513672 0.835938 0.511719 0.833984 0.515625 0.830078
0 0.587891 0.832031 0.587891 0.835938 0.583984 0.835938 0.582031 0.833984 0.585938 0.830078
0 0.318359 0.837891 0.312500 0.843750 0.306641 0.843750 0.300781 0.837891 0.300781 0.832031 0.306641 0.826172 0.312500 0.826172 0.318359 0.832031
0 0.853516 0.837891 0.847656 0.843750 0.841797 0.843750 0.835938 0.837891 0.835938 0.832031 0.841797 0.826172 0.847656 0.826172 0.853516 0.832031
0 0.085938 0.839844 0.083984 0.839844 0.082031 0.841797 0.078125 0.841797 0.076172 0.839844 0.076172 0.833984 0.078125 0.832031 0.082031 0.832031 0.083984 0.833984 0.085938 0.833984
0 0.798828 0.839844 0.796875 0.839844 0.794922 0.841797 0.791016 0.841797 0.789062 0.839844 0.789062 0.833984 0.791016 0.832031 0.794922 0.832031 0.796875 0.833984 0.798828 0.833984
0 0.576172 0.839844 0.574219 0.841797 0.574219 0.843750 0.572266 0.845703 0.566406 0.845703 0.564453 0.843750 0.564453 0.841797 0.562500 0.839844 0.562500 0.837891 0.564453 0.835938 0.564453 0.833984 0.566406 0.832031 0.572266 0.832031 0.574219 0.833984 0.574219 0.835938 0.576172 0.837891
0 0.708984 0.843750 0.707031 0.843750 0.705078 0.845703 0.701172 0.845703 0.699219 0.843750 0.699219 0.837891 0.701172 0.835938 0.705078 0.835938 0.707031 0.837891 0.708984 0.837891
0 0.544922 0.845703 0.542969 0.845703 0.541016 0.847656 0.537109 0.847656 0.535156 0.845703 0.535156 0.839844 0.537109 0.837891 0.541016 0.837891 0.542969 0.839844 0.544922 0.839844
0 0.824219 0.843750 0.824219 0.847656 0.820312 0.847656 0.818359 0.845703 0.822266 0.841797
0 0.859375 0.845703 0.857422 0.847656 0.857422 0.849609 0.855469 0.851562 0.849609 0.851562 0.847656 0.849609 0.847656 0.847656 0.845703 0.845703 0.845703 0.843750 0.847656 0.841797 0.847656 0.839844 0.849609 0.837891 0.855469 0.837891 0.857422 0.839844 0.857422 0.841797 0.859375 0.843750
0 0.521484 0.849609 0.519531 0.849609 0.517578 0.851562 0.513672 0.851562 0.511719 0.849609 0.511719 0.843750 0.513672 0.841797 0.517578 0.841797 0.519531 0.843750 0.521484 0.843750
0 0.566406 0.849609 0.564453 0.849609 0.562500 0.851562 0.558594 0.851562 0.556641 0.849609 0.556641 0.843750 0.558594 0.841797 0.562500 0.841797 0.564453 0.843750 0.566406 0.843750
0 0.302734 0.849609 0.300781 0.851562 0.300781 0.853516 0.298828 0.855469 0.292969 0.855469 0.291016 0.853516 0.291016 0.851562 0.289062 0.849609 0.289062 0.847656 0.291016 0.845703 0.291016 0.843750 0.292969 0.841797 0.298828 0.841797 0.300781 0.843750 0.300781 0.845703 0.302734 0.847656
0 0.683594 0.851562 0.681641 0.851562 0.679688 0.853516 0.675781 0.853516 0.673828 0.851562 0.673828 0.845703 0.675781 0.843750 0.679688 0.843750 0.681641 0.845703 0.683594 0.845703
0 0.835938 0.849609 0.833984 0.851562 0.833984 0.853516 0.832031 0.855469 0.826172 0.855469 0.824219 0.853516 0.824219 0.851562 0.822266 0.849609 0.822266 0.847656 0.824219 0.845703 0.824219 0.843750 0.826172 0.841797 0.832031 0.841797 0.833984 0.843750 0.833984 0.845703 0.835938 0.847656
0 0.837891 0.847656 0.837891 0.851562 0.833984 0.851562 0.832031 0.849609 0.835938 0.845703
0 0.128906 0.851562 0.126953 0.853516 0.126953 0.855469 0.125000 0.857422 0.119141 0.857422 0.117188 0.855469 0.117188 0.853516 0.115234 0.851562 0.115234 0.849609 0.117188 0.847656 0.117188 0.845703 0.119141 0.843750 0.125000 0.843750 0.126953 0.845703 0.126953 0.847656 0.128906 0.849609
0 0.810547 0.853516 0.808594 0.855469 0.808594 0.857422 0.806641 0.859375 0.800781 0.859375 0.798828 0.857422 0.798828 0.855469 0.796875 0.853516 0.796875 0.851562 0.798828 0.849609 0.798828 0.847656 0.800781 0.845703 0.806641 0.845703 0.808594 0.847656 0.808594 0.849609 0.810547 0.851562
0 0.087891 0.857422 0.085938 0.857422 0.083984 0.859375 0.080078 0.859375 0.078125 0.857422 0.078125 0.851562 0.080078 0.849609 0.083984 0.849609 0.085938 0.851562 0.087891 0.851562
0 0.962891 0.853516 0.962891 0.857422 0.958984 0.857422 0.957031 0.855469 0.960938 0.851562
0 0.482422 0.859375 0.476562 0.865234 0.470703 0.865234 0.464844 0.859375 0.464844 0.853516 0.470703 0.847656 0.476562 0.847656 0.482422 0.853516
0 0.566406 0.855469 0.566406 0.859375 0.562500 0.859375 0.560547 0.857422 0.564453 0.853516
0 0.738281 0.859375 0.732422 0.865234 0.726562 0.865234 0.720703 0.859375 0.720703 0.853516 0.726562 0.847656 0.732422 0.847656 0.738281 0.853516
0 0.953125 0.855469 0.953125 0.859375 0.949219 0.859375 0.947266 0.857422 0.951172 0.853516
0 0.982422 0.867188 0.980469 0.867188 0.978516 0.869141 0.968750 0.869141 0.962891 0.863281 0.962891 0.853516 0.964844 0.851562 0.966797 0.851562 0.966797 0.849609 0.968750 0.847656 0.978516 0.847656 0.984375 0.853516 0.984375 0.863281 0.982422 0.865234
0 0.572266 0.859375 0.572266 0.863281 0.568359 0.863281 0.566406 0.861328 0.570312 0.857422
0 0.091797 0.865234 0.089844 0.865234 0.087891 0.867188 0.083984 0.867188 0.082031 0.865234 0.082031 0.859375 0.083984 0.857422 0.087891 0.857422 0.089844 0.859375 0.091797 0.859375
0 0.121094 0.863281 0.119141 0.865234 0.119141 0.867188 0.117188 0.869141 0.111328 0.869141 0.109375 0.867188 0.109375 0.865234 0.107422 0.863281 0.107422 0.861328 0.109375 0.859375 0.109375 0.857422 0.111328 0.855469 0.117188 0.855469 0.119141 0.857422 0.119141 0.859375 0.121094 0.861328
0 0.505859 0.863281 0.503906 0.865234 0.503906 0.867188 0.501953 0.869141 0.496094 0.869141 0.494141 0.867188 0.494141 0.865234 0.492188 0.863281 0.492188 0.861328 0.494141 0.859375 0.494141 0.857422 0.496094 0.855469 0.501953 0.855469 0.503906 0.857422 0.503906 0.859375 0.505859 0.861328
0 0.867188 0.863281 0.865234 0.865234 0.865234 0.867188 0.863281 0.869141 0.857422 0.869141 0.855469 0.867188 0.855469 0.865234 0.853516 0.863281 0.853516 0.861328 0.855469 0.859375 0.855469 0.857422 0.857422 0.855469 0.863281 0.855469 0.865234 0.857422 0.865234 0.859375 0.867188 0.861328
0 0.656250 0.867188 0.654297 0.867188 0.652344 0.869141 0.648438 0.869141 0.646484 0.867188 0.646484 0.861328 0.648438 0.859375 0.652344 0.859375 0.654297 0.861328 0.656250 0.861328
0 0.753906 0.867188 0.751953 0.869141 0.751953 0.871094 0.750000 0.873047 0.744141 0.873047 0.742188 0.871094 0.742188 0.869141 0.740234 0.867188 0.740234 0.865234 0.742188 0.863281 0.742188 0.861328 0.744141 0.859375 0.750000 0.859375 0.751953 0.861328 0.751953 0.863281 0.753906 0.865234
0 0.777344 0.875000 0.775391 0.875000 0.773438 0.876953 0.763672 0.876953 0.757812 0.871094 0.757812 0.861328 0.759766 0.859375 0.761719 0.859375 0.761719 0.857422 0.763672 0.855469 0.773438 0.855469 0.779297 0.861328 0.779297 0.871094 0.777344 0.873047
0 0.843750 0.875000 0.841797 0.875000 0.839844 0.876953 0.830078 0.876953 0.824219 0.871094 0.824219 0.861328 0.826172 0.859375 0.828125 0.859375 0.828125 0.857422 0.830078 0.855469 0.839844 0.855469 0.845703 0.861328 0.845703 0.871094 0.843750 0.873047
0 0.519531 0.871094 0.517578 0.871094 0.515625 0.873047 0.511719 0.873047 0.509766 0.871094 0.509766 0.865234 0.511719 0.863281 0.515625 0.863281 0.517578 0.865234 0.519531 0.865234
0 0.958984 0.871094 0.953125 0.876953 0.947266 0.876953 0.941406 0.871094 0.941406 0.865234 0.947266 0.859375 0.953125 0.859375 0.958984 0.865234
0 0.804688 0.873047 0.802734 0.873047 0.800781 0.875000 0.796875 0.875000 0.794922 0.873047 0.794922 0.867188 0.796875 0.865234 0.800781 0.865234 0.802734 0.867188 0.804688 0.867188
0 0.992188 0.869141 0.992188 0.873047 0.988281 0.873047 0.986328 0.871094 0.990234 0.867188
0 0.341797 0.875000 0.335938 0.880859 0.330078 0.880859 0.324219 0.875000 0.324219 0.869141 0.330078 0.863281 0.335938 0.863281 0.341797 0.869141
0 0.662109 0.875000 0.660156 0.875000 0.658203 0.876953 0.654297 0.876953 0.652344 0.875000 0.652344 0.869141 0.654297 0.867188 0.658203 0.867188 0.660156 0.869141 0.662109 0.869141
0 0.820312 0.875000 0.818359 0.875000 0.816406 0.876953 0.812500 0.876953 0.810547 0.875000 0.810547 0.869141 0.812500 0.867188 0.816406 0.867188 0.818359 0.869141 0.820312 0.869141
0 0.484375 0.886719 0.482422 0.886719 0.480469 0.888672 0.470703 0.888672 0.464844 0.882812 0.464844 0.873047 0.466797 0.871094 0.468750 0.871094 0.468750 0.869141 0.470703 0.867188 0.480469 0.867188 0.486328 0.873047 0.486328 0.882812 0.484375 0.884766
0 0.623047 0.880859 0.621094 0.880859 0.619141 0.882812 0.615234 0.882812 0.613281 0.880859 0.613281 0.875000 0.615234 0.873047 0.619141 0.873047 0.621094 0.875000 0.623047 0.875000
0 0.636719 0.880859 0.634766 0.880859 0.632812 0.882812 0.628906 0.882812 0.626953 0.880859 0.626953 0.875000 0.628906 0.873047 0.632812 0.873047 0.634766 0.875000 0.636719 0.875000
0 0.957031 0.880859 0.955078 0.880859 0.953125 0.882812 0.949219 0.882812 0.947266 0.880859 0.947266 0.875000 0.949219 0.873047 0.953125 0.873047 0.955078 0.875000 0.957031 0.875000
0 0.285156 0.882812 0.283203 0.882812 0.281250 0.884766 0.277344 0.884766 0.275391 0.882812 0.275391 0.876953 0.277344 0.875000 0.281250 0.875000 0.283203 0.876953 0.285156 0.876953
0 0.386719 0.882812 0.384766 0.882812 0.382812 0.884766 0.378906 0.884766 0.376953 0.882812 0.376953 0.876953 0.378906 0.875000 0.382812 0.875000 0.384766 0.876953 0.386719 0.876953
0 0.716797 0.882812 0.714844 0.882812 0.712891 0.884766 0.708984 0.884766 0.707031 0.882812 0.707031 0.876953 0.708984 0.875000 0.712891 0.875000 0.714844 0.876953 0.716797 0.876953
0 0.867188 0.878906 0.867188 0.882812 0.863281 0.882812 0.861328 0.880859 0.865234 0.876953
0 0.373047 0.884766 0.371094 0.884766 0.369141 0.886719 0.365234 0.886719 0.363281 0.884766 0.363281 0.878906 0.365234 0.876953 0.369141 0.876953 0.371094 0.878906 0.373047 0.878906
0 0.517578 0.886719 0.515625 0.886719 0.513672 0.888672 0.509766 0.888672 0.507812 0.886719 0.507812 0.880859 0.509766 0.878906 0.513672 0.878906 0.515625 0.880859 0.517578 0.880859
0 0.935547 0.886719 0.933594 0.886719 0.931641 0.888672 0.927734 0.888672 0.925781 0.886719 0.925781 0.880859 0.927734 0.878906 0.931641 0.878906 0.933594 0.880859 0.935547 0.880859
0 0.412109 0.888672 0.410156 0.888672 0.408203 0.890625 0.404297 0.890625 0.402344 0.888672 0.402344 0.882812 0.404297 0.880859 0.408203 0.880859 0.410156 0.882812 0.412109 0.882812
0 0.810547 0.888672 0.808594 0.888672 0.806641 0.890625 0.802734 0.890625 0.800781 0.888672 0.800781 0.882812 0.802734 0.880859 0.806641 0.880859 0.808594 0.882812 0.810547 0.882812
0 0.876953 0.886719 0.876953 0.890625 0.873047 0.890625 0.871094 0.888672 0.875000 0.884766
0 0.328125 0.890625 0.326172 0.892578 0.326172 0.894531 0.324219 0.896484 0.318359 0.896484 0.316406 0.894531 0.316406 0.892578 0.314453 0.890625 0.314453 0.888672 0.316406 0.886719 0.316406 0.884766 0.318359 0.882812 0.324219 0.882812 0.326172 0.884766 0.326172 0.886719 0.328125 0.888672
0 0.683594 0.900391 0.681641 0.900391 0.679688 0.902344 0.669922 0.902344 0.664062 0.896484 0.664062 0.886719 0.666016 0.884766 0.667969 0.884766 0.667969 0.882812 0.669922 0.880859 0.679688 0.880859 0.685547 0.886719 0.685547 0.896484 0.683594 0.898438
0 0.810547 0.900391 0.808594 0.900391 0.806641 0.902344 0.796875 0.902344 0.791016 0.896484 0.791016 0.886719 0.792969 0.884766 0.794922 0.884766 0.794922 0.882812 0.796875 0.880859 0.806641 0.880859 0.812500 0.886719 0.812500 0.896484 0.810547 0.898438
0 0.947266 0.894531 0.945312 0.894531 0.943359 0.896484 0.939453 0.896484 0.937500 0.894531 0.937500 0.888672 0.939453 0.886719 0.943359 0.886719 0.945312 0.888672 0.947266 0.888672
0 0.693359 0.896484 0.687500 0.902344 0.681641 0.902344 0.675781 0.896484 0.675781 0.890625 0.681641 0.884766 0.687500 0.884766 0.693359 0.890625
0 0.833984 0.894531 0.832031 0.896484 0.832031 0.898438 0.830078 0.900391 0.824219 0.900391 0.822266 0.898438 0.822266 0.896484 0.820312 0.894531 0.820312 0.892578 0.822266 0.890625 0.822266 0.888672 0.824219 0.886719 0.830078 0.886719 0.832031 0.888672 0.832031 0.890625 0.833984 0.892578
0 0.957031 0.892578 0.957031 0.896484 0.953125 0.896484 0.951172 0.894531 0.955078 0.890625
0 0.753906 0.896484 0.751953 0.898438 0.751953 0.900391 0.750000 0.902344 0.744141 0.902344 0.742188 0.900391 0.742188 0.898438 0.740234 0.896484 0.740234 0.894531 0.742188 0.892578 0.742188 0.890625 0.744141 0.888672 0.750000 0.888672 0.751953 0.890625 0.751953 0.892578 0.753906 0.894531
0 0.281250 0.900391 0.279297 0.900391 0.277344 0.902344 0.273438 0.902344 0.271484 0.900391 0.271484 0.894531 0.273438 0.892578 0.277344 0.892578 0.279297 0.894531 0.281250 0.894531
0 0.353516 0.896484 0.353516 0.900391 0.349609 0.900391 0.347656 0.898438 0.351562 0.894531
0 0.513672 0.900391 0.507812 0.906250 0.501953 0.906250 0.496094 0.900391 0.496094 0.894531 0.501953 0.888672 0.507812 0.888672 0.513672 0.894531
0 0.730469 0.898438 0.728516 0.900391 0.728516 0.902344 0.726562 0.904297 0.720703 0.904297 0.718750 0.902344 0.718750 0.900391 0.716797 0.898438 0.716797 0.896484 0.718750 0.894531 0.718750 0.892578 0.720703 0.890625 0.726562 0.890625 0.728516 0.892578 0.728516 0.894531 0.730469 0.896484
0 0.619141 0.902344 0.617188 0.902344 0.615234 0.904297 0.611328 0.904297 0.609375 0.902344 0.609375 0.896484 0.611328 0.894531 0.615234 0.894531 0.617188 0.896484 0.619141 0.896484
0 0.423828 0.910156 0.421875 0.910156 0.419922 0.912109 0.410156 0.912109 0.404297 0.906250 0.404297 0.896484 0.406250 0.894531 0.408203 0.894531 0.408203 0.892578 0.410156 0.890625 0.419922 0.890625 0.425781 0.896484 0.425781 0.906250 0.423828 0.908203
0 0.451172 0.906250 0.449219 0.908203 0.449219 0.910156 0.447266 0.912109 0.441406 0.912109 0.439453 0.910156 0.439453 0.908203 0.437500 0.906250 0.437500 0.904297 0.439453 0.902344 0.439453 0.900391 0.441406 0.898438 0.447266 0.898438 0.449219 0.900391 0.449219 0.902344 0.451172 0.904297
0 0.359375 0.906250 0.359375 0.910156 0.355469 0.910156 0.353516 0.908203 0.357422 0.904297
0 0.638672 0.910156 0.632812 0.916016 0.626953 0.916016 0.621094 0.910156 0.621094 0.904297 0.626953 0.898438 0.632812 0.898438 0.638672 0.904297
0 0.283203 0.912109 0.281250 0.912109 0.279297 0.914062 0.275391 0.914062 0.273438 0.912109 0.273438 0.906250 0.275391 0.904297 0.279297 0.904297 0.281250 0.906250 0.283203 0.906250
0 0.484375 0.912109 0.478516 0.917969 0.472656 0.917969 0.466797 0.912109 0.466797 0.906250 0.472656 0.900391 0.478516 0.900391 0.484375 0.906250
0 0.972656 0.908203 0.972656 0.912109 0.968750 0.912109 0.966797 0.910156 0.970703 0.906250
0 0.966797 0.910156 0.966797 0.914062 0.962891 0.914062 0.960938 0.912109 0.964844 0.908203
0 0.810547 0.921875 0.808594 0.921875 0.806641 0.923828 0.796875 0.923828 0.791016 0.917969 0.791016 0.908203 0.792969 0.906250 0.794922 0.906250 0.794922 0.904297 0.796875 0.902344 0.806641 0.902344 0.812500 0.908203 0.812500 0.917969 0.810547 0.919922
0 0.820312 0.916016 0.818359 0.916016 0.816406 0.917969 0.812500 0.917969 0.810547 0.916016 0.810547 0.910156 0.812500 0.908203 0.816406 0.908203 0.818359 0.910156 0.820312 0.910156
0 0.876953 0.914062 0.875000 0.916016 0.875000 0.917969 0.873047 0.919922 0.867188 0.919922 0.865234 0.917969 0.865234 0.916016 0.863281 0.914062 0.863281 0.912109 0.865234 0.910156 0.865234 0.908203 0.867188 0.906250 0.873047 0.906250 0.875000 0.908203 0.875000 0.910156 0.876953 0.912109
0 0.902344 0.914062 0.900391 0.916016 0.900391 0.917969 0.898438 0.919922 0.892578 0.919922 0.890625 0.917969 0.890625 0.916016 0.888672 0.914062 0.888672 0.912109 0.890625 0.910156 0.890625 0.908203 0.892578 0.906250 0.898438 0.906250 0.900391 0.908203 0.900391 0.910156 0.902344 0.912109
0 0.929688 0.912109 0.929688 0.916016 0.925781 0.916016 0.923828 0.914062 0.927734 0.910156
0 0.611328 0.916016 0.609375 0.917969 0.609375 0.919922 0.607422 0.921875 0.601562 0.921875 0.599609 0.919922 0.599609 0.917969 0.597656 0.916016 0.597656 0.914062 0.599609 0.912109 0.599609 0.910156 0.601562 0.908203 0.607422 0.908203 0.609375 0.910156 0.609375 0.912109 0.611328 0.914062
0 0.978516 0.914062 0.978516 0.917969 0.974609 0.917969 0.972656 0.916016 0.976562 0.912109
0 0.310547 0.917969 0.308594 0.919922 0.308594 0.921875 0.306641 0.923828 0.300781 0.923828 0.298828 0.921875 0.298828 0.919922 0.296875 0.917969 0.296875 0.916016 0.298828 0.914062 0.298828 0.912109 0.300781 0.910156 0.306641 0.910156 0.308594 0.912109 0.308594 0.914062 0.310547 0.916016
0 0.755859 0.917969 0.753906 0.919922 0.753906 0.921875 0.751953 0.923828 0.746094 0.923828 0.744141 0.921875 0.744141 0.919922 0.742188 0.917969 0.742188 0.916016 0.744141 0.914062 0.744141 0.912109 0.746094 0.910156 0.751953 0.910156 0.753906 0.912109 0.753906 0.914062 0.755859 0.916016
0 0.800781 0.917969 0.798828 0.919922 0.798828 0.921875 0.796875 0.923828 0.791016 0.923828 0.789062 0.921875 0.789062 0.919922 0.787109 0.917969 0.787109 0.916016 0.789062 0.914062 0.789062 0.912109 0.791016 0.910156 0.796875 0.910156 0.798828 0.912109 0.798828 0.914062 0.800781 0.916016
0 0.839844 0.919922 0.837891 0.919922 0.835938 0.921875 0.832031 0.921875 0.830078 0.919922 0.830078 0.914062 0.832031 0.912109 0.835938 0.912109 0.837891 0.914062 0.839844 0.914062
0 0.935547 0.917969 0.935547 0.921875 0.931641 0.921875 0.929688 0.919922 0.933594 0.916016
0 0.966797 0.917969 0.966797 0.921875 0.962891 0.921875 0.960938 0.919922 0.964844 0.916016
0 0.541016 0.923828 0.539062 0.923828 0.537109 0.925781 0.533203 0.925781 0.531250 0.923828 0.531250 0.917969 0.533203 0.916016 0.537109 0.916016 0.539062 0.917969 0.541016 0.917969
0 0.554688 0.919922 0.554688 0.923828 0.550781 0.923828 0.548828 0.921875 0.552734 0.917969
0 0.589844 0.929688 0.587891 0.929688 0.585938 0.931641 0.576172 0.931641 0.570312 0.925781 0.570312 0.916016 0.572266 0.914062 0.574219 0.914062 0.574219 0.912109 0.576172 0.910156 0.585938 0.910156 0.591797 0.916016 0.591797 0.925781 0.589844 0.927734
0 0.972656 0.919922 0.972656 0.923828 0.968750 0.923828 0.966797 0.921875 0.970703 0.917969
0 0.830078 0.925781 0.828125 0.925781 0.826172 0.927734 0.822266 0.927734 0.820312 0.925781 0.820312 0.919922 0.822266 0.917969 0.826172 0.917969 0.828125 0.919922 0.830078 0.919922
0 0.439453 0.925781 0.437500 0.927734 0.437500 0.929688 0.435547 0.931641 0.429688 0.931641 0.427734 0.929688 0.427734 0.927734 0.425781 0.925781 0.425781 0.923828 0.427734 0.921875 0.427734 0.919922 0.429688 0.917969 0.435547 0.917969 0.437500 0.919922 0.437500 0.921875 0.439453 0.923828
0 0.652344 0.935547 0.650391 0.935547 0.648438 0.937500 0.638672 0.937500 0.632812 0.931641 0.632812 0.921875 0.634766 0.919922 0.636719 0.919922 0.636719 0.917969 0.638672 0.916016 0.648438 0.916016 0.654297 0.921875 0.654297 0.931641 0.652344 0.933594
0 0.671875 0.935547 0.669922 0.935547 0.667969 0.937500 0.658203 0.937500 0.652344 0.931641 0.652344 0.921875 0.654297 0.919922 0.656250 0.919922 0.656250 0.917969 0.658203 0.916016 0.667969 0.916016 0.673828 0.921875 0.673828 0.931641 0.671875 0.933594
0 0.853516 0.929688 0.851562 0.929688 0.849609 0.931641 0.845703 0.931641 0.843750 0.929688 0.843750 0.923828 0.845703 0.921875 0.849609 0.921875 0.851562 0.923828 0.853516 0.923828
0 0.892578 0.927734 0.890625 0.929688 0.890625 0.931641 0.888672 0.933594 0.882812 0.933594 0.880859 0.931641 0.880859 0.929688 0.878906 0.927734 0.878906 0.925781 0.880859 0.923828 0.880859 0.921875 0.882812 0.919922 0.888672 0.919922 0.890625 0.921875 0.890625 0.923828 0.892578 0.925781
0 0.769531 0.929688 0.767578 0.931641 0.767578 0.933594 0.765625 0.935547 0.759766 0.935547 0.757812 0.933594 0.757812 0.931641 0.755859 0.929688 0.755859 0.927734 0.757812 0.925781 0.757812 0.923828 0.759766 0.921875 0.765625 0.921875 0.767578 0.923828 0.767578 0.925781 0.769531 0.927734
0 0.910156 0.933594 0.908203 0.933594 0.906250 0.935547 0.902344 0.935547 0.900391 0.933594 0.900391 0.927734 0.902344 0.925781 0.906250 0.925781 0.908203 0.927734 0.910156 0.927734
0 0.873047 0.933594 0.871094 0.935547 0.871094 0.937500 0.869141 0.939453 0.863281 0.939453 0.861328 0.937500 0.861328 0.935547 0.859375 0.933594 0.859375 0.931641 0.861328 0.929688 0.861328 0.927734 0.863281 0.925781 0.869141 0.925781 0.871094 0.927734 0.871094 0.929688 0.873047 0.931641
0 0.802734 0.933594 0.802734 0.937500 0.798828 0.937500 0.796875 0.935547 0.800781 0.931641
0 0.619141 0.939453 0.617188 0.941406 0.617188 0.943359 0.615234 0.945312 0.609375 0.945312 0.607422 0.943359 0.607422 0.941406 0.605469 0.939453 0.605469 0.937500 0.607422 0.935547 0.607422 0.933594 0.609375 0.931641 0.615234 0.931641 0.617188 0.933594 0.617188 0.935547 0.619141 0.937500
0 0.832031 0.941406 0.830078 0.941406 0.828125 0.943359 0.824219 0.943359 0.822266 0.941406 0.822266 0.935547 0.824219 0.933594 0.828125 0.933594 0.830078 0.935547 0.832031 0.935547
0 0.390625 0.949219 0.388672 0.949219 0.386719 0.951172 0.376953 0.951172 0.371094 0.945312 0.371094 0.935547 0.373047 0.933594 0.375000 0.933594 0.375000 0.931641 0.376953 0.929688 0.386719 0.929688 0.392578 0.935547 0.392578 0.945312 0.390625 0.947266
0 0.849609 0.943359 0.847656 0.943359 0.845703 0.945312 0.841797 0.945312 0.839844 0.943359 0.839844 0.937500 0.841797 0.935547 0.845703 0.935547 0.847656 0.937500 0.849609 0.937500
0 0.914062 0.939453 0.914062 0.943359 0.910156 0.943359 0.908203 0.941406 0.912109 0.937500
0 0.638672 0.953125 0.636719 0.953125 0.634766 0.955078 0.625000 0.955078 0.619141 0.949219 0.619141 0.939453 0.621094 0.937500 0.623047 0.937500 0.623047 0.935547 0.625000 0.933594 0.634766 0.933594 0.640625 0.939453 0.640625 0.949219 0.638672 0.951172
0 0.964844 0.947266 0.962891 0.947266 0.960938 0.949219 0.957031 0.949219 0.955078 0.947266 0.955078 0.941406 0.957031 0.939453 0.960938 0.939453 0.962891 0.941406 0.964844 0.941406
0 0.734375 0.955078 0.732422 0.955078 0.730469 0.957031 0.720703 0.957031 0.714844 0.951172 0.714844 0.941406 0.716797 0.939453 0.718750 0.939453 0.718750 0.937500 0.720703 0.935547 0.730469 0.935547 0.736328 0.941406 0.736328 0.951172 0.734375 0.953125
0 0.695312 0.951172 0.689453 0.957031 0.683594 0.957031 0.677734 0.951172 0.677734 0.945312 0.683594 0.939453 0.689453 0.939453 0.695312 0.945312
0 0.884766 0.949219 0.882812 0.951172 0.882812 0.953125 0.880859 0.955078 0.875000 0.955078 0.873047 0.953125 0.873047 0.951172 0.871094 0.949219 0.871094 0.947266 0.873047 0.945312 0.873047 0.943359 0.875000 0.941406 0.880859 0.941406 0.882812 0.943359 0.882812 0.945312 0.884766 0.947266
0 0.904297 0.951172 0.902344 0.951172 0.900391 0.953125 0.896484 0.953125 0.894531 0.951172 0.894531 0.945312 0.896484 0.943359 0.900391 0.943359 0.902344 0.945312 0.904297 0.945312
0 0.591797 0.953125 0.585938 0.958984 0.580078 0.958984 0.574219 0.953125 0.574219 0.947266 0.580078 0.941406 0.585938 0.941406 0.591797 0.947266
0 0.896484 0.958984 0.894531 0.958984 0.892578 0.960938 0.882812 0.960938 0.876953 0.955078 0.876953 0.945312 0.878906 0.943359 0.880859 0.943359 0.880859 0.941406 0.882812 0.939453 0.892578 0.939453 0.898438 0.945312 0.898438 0.955078 0.896484 0.957031
0 0.951172 0.953125 0.949219 0.953125 0.947266 0.955078 0.943359 0.955078 0.941406 0.953125 0.941406 0.947266 0.943359 0.945312 0.947266 0.945312 0.949219 0.947266 0.951172 0.947266
0 0.763672 0.955078 0.761719 0.957031 0.761719 0.958984 0.759766 0.960938 0.753906 0.960938 0.751953 0.958984 0.751953 0.957031 0.750000 0.955078 0.750000 0.953125 0.751953 0.951172 0.751953 0.949219 0.753906 0.947266 0.759766 0.947266 0.761719 0.949219 0.761719 0.951172 0.763672 0.953125
0 0.554688 0.966797 0.552734 0.966797 0.550781 0.968750 0.541016 0.968750 0.535156 0.962891 0.535156 0.953125 0.537109 0.951172 0.539062 0.951172 0.539062 0.949219 0.541016 0.947266 0.550781 0.947266 0.556641 0.953125 0.556641 0.962891 0.554688 0.964844
0 0.779297 0.960938 0.777344 0.960938 0.775391 0.962891 0.771484 0.962891 0.769531 0.960938 0.769531 0.955078 0.771484 0.953125 0.775391 0.953125 0.777344 0.955078 0.779297 0.955078
0 0.806641 0.960938 0.804688 0.962891 0.804688 0.964844 0.802734 0.966797 0.796875 0.966797 0.794922 0.964844 0.794922 0.962891 0.792969 0.960938 0.792969 0.958984 0.794922 0.957031 0.794922 0.955078 0.796875 0.953125 0.802734 0.953125 0.804688 0.955078 0.804688 0.957031 0.806641 0.958984
0 0.812500 0.962891 0.810547 0.962891 0.808594 0.964844 0.804688 0.964844 0.802734 0.962891 0.802734 0.957031 0.804688 0.955078 0.808594 0.955078 0.810547 0.957031 0.812500 0.957031
0 0.880859 0.960938 0.880859 0.964844 0.876953 0.964844 0.875000 0.962891 0.878906 0.958984
0 0.941406 0.960938 0.941406 0.964844 0.937500 0.964844 0.935547 0.962891 0.939453 0.958984
0 0.970703 0.964844 0.968750 0.964844 0.966797 0.966797 0.962891 0.966797 0.960938 0.964844 0.960938 0.958984 0.962891 0.957031 0.966797 0.957031 0.968750 0.958984 0.970703 0.958984
0 0.375000 0.974609 0.373047 0.974609 0.371094 0.976562 0.361328 0.976562 0.355469 0.970703 0.355469 0.960938 0.357422 0.958984 0.359375 0.958984 0.359375 0.957031 0.361328 0.955078 0.371094 0.955078 0.376953 0.960938 0.376953 0.970703 0.375000 0.972656
0 0.529297 0.964844 0.529297 0.968750 0.525391 0.968750 0.523438 0.966797 0.527344 0.962891
0 0.794922 0.970703 0.789062 0.976562 0.783203 0.976562 0.777344 0.970703 0.777344 0.964844 0.783203 0.958984 0.789062 0.958984 0.794922 0.964844
0 0.849609 0.970703 0.847656 0.970703 0.845703 0.972656 0.841797 0.972656 0.839844 0.970703 0.839844 0.964844 0.841797 0.962891 0.845703 0.962891 0.847656 0.964844 0.849609 0.964844
0 0.857422 0.966797 0.857422 0.970703 0.853516 0.970703 0.851562 0.968750 0.855469 0.964844
0 0.626953 0.972656 0.621094 0.978516 0.615234 0.978516 0.609375 0.972656 0.609375 0.966797 0.615234 0.960938 0.621094 0.960938 0.626953 0.966797
0 0.958984 0.972656 0.957031 0.972656 0.955078 0.974609 0.951172 0.974609 0.949219 0.972656 0.949219 0.966797 0.951172 0.964844 0.955078 0.964844 0.957031 0.966797 0.958984 0.966797
0 0.406250 0.974609 0.404297 0.976562 0.404297 0.978516 0.402344 0.980469 0.396484 0.980469 0.394531 0.978516 0.394531 0.976562 0.392578 0.974609 0.392578 0.972656 0.394531 0.970703 0.394531 0.968750 0.396484 0.966797 0.402344 0.966797 0.404297 0.968750 0.404297 0.970703 0.406250 0.972656
0 0.535156 0.972656 0.535156 0.976562 0.531250 0.976562 0.529297 0.974609 0.533203 0.970703
0 0.570312 0.976562 0.568359 0.976562 0.566406 0.978516 0.562500 0.978516 0.560547 0.976562 0.560547 0.970703 0.562500 0.968750 0.566406 0.968750 0.568359 0.970703 0.570312 0.970703
0 0.769531 0.976562 0.767578 0.978516 0.767578 0.980469 0.765625 0.982422 0.759766 0.982422 0.757812 0.980469 0.757812 0.978516 0.755859 0.976562 0.755859 0.974609 0.757812 0.972656 0.757812 0.970703 0.759766 0.968750 0.765625 0.968750 0.767578 0.970703 0.767578 0.972656 0.769531 0.974609
0 0.822266 0.978516 0.820312 0.978516 0.818359 0.980469 0.814453 0.980469 0.812500 0.978516 0.812500 0.972656 0.814453 0.970703 0.818359 0.970703 0.820312 0.972656 0.822266 0.972656
0 0.853516 0.984375 0.851562 0.984375 0.849609 0.986328 0.845703 0.986328 0.843750 0.984375 0.843750 0.978516 0.845703 0.976562 0.849609 0.976562 0.851562 0.978516 0.853516 0.978516
0 0.744141 0.984375 0.742188 0.986328 0.742188 0.988281 0.740234 0.990234 0.734375 0.990234 0.732422 0.988281 0.732422 0.986328 0.730469 0.984375 0.730469 0.982422 0.732422 0.980469 0.732422 0.978516 0.734375 0.976562 0.740234 0.976562 0.742188 0.978516 0.742188 0.980469 0.744141 0.982422
0 0.353516 0.988281 0.351562 0.988281 0.349609 0.990234 0.345703 0.990234 0.343750 0.988281 0.343750 0.982422 0.345703 0.980469 0.349609 0.980469 0.351562 0.982422 0.353516 0.982422
0 0.605469 0.984375 0.605469 0.988281 0.601562 0.988281 0.599609 0.986328 0.603516 0.982422
0 0.751953 0.986328 0.750000 0.988281 0.750000 0.990234 0.748047 0.992188 0.742188 0.992188 0.740234 0.990234 0.740234 0.988281 0.738281 0.986328 0.738281 0.984375 0.740234 0.982422 0.740234 0.980469 0.742188 0.978516 0.748047 0.978516 0.750000 0.980469 0.750000 0.982422 0.751953 0.984375
0 0.796875 0.988281 0.791016 0.994141 0.785156 0.994141 0.779297 0.988281 0.779297 0.982422 0.785156 0.976562 0.791016 0.976562 0.796875 0.982422
0 0.828125 0.990234 0.826172 0.990234 0.824219 0.992188 0.820312 0.992188 0.818359 0.990234 0.818359 0.984375 0.820312 0.982422 0.824219 0.982422 0.826172 0.984375 0.828125 0.984375
0 0.841797 0.990234 0.839844 0.990234 0.837891 0.992188 0.833984 0.992188 0.832031 0.990234 0.832031 0.984375 0.833984 0.982422 0.837891 0.982422 0.839844 0.984375 0.841797 0.984375
0 0.585938 0.990234 0.585938 0.994141 0.582031 0.994141 0.580078 0.992188 0.583984 0.988281
0 0.400391 0.998047 0.386719 0.998047 0.386719 0.996094 0.388672 0.994141 0.388672 0.992188 0.390625 0.990234 0.396484 0.990234 0.398438 0.992188 0.398438 0.994141 0.400391 0.996094
0 0.607422 0.998047 0.589844 0.998047 0.589844 0.994141 0.595703 0.988281 0.601562 0.988281 0.607422 0.994141
0 0.632812 0.998047 0.619141 0.998047 0.619141 0.996094 0.621094 0.994141 0.621094 0.992188 0.623047 0.990234 0.628906 0.990234 0.630859 0.992188 0.630859 0.994141 0.632812 0.996094
0 0.677734 0.998047 0.656250 0.998047 0.656250 0.992188 0.658203 0.990234 0.660156 0.990234 0.660156 0.988281 0.662109 0.986328 0.671875 0.986328 0.677734 0.992188
0 0.736328 0.996094 0.736328 0.998047 0.730469 0.998047 0.734375 0.994141
0 0.746094 0.996094 0.746094 0.998047 0.740234 0.998047 0.744141 0.994141
0 0.810547 0.998047 0.800781 0.998047 0.800781 0.994141 0.802734 0.992188 0.806641 0.992188 0.808594 0.994141 0.810547 0.994141
0 0.835938 0.998047 0.814453 0.998047 0.814453 0.992188 0.816406 0.990234 0.818359 0.990234 0.818359 0.988281 0.820312 0.986328 0.830078 0.986328 0.835938 0.992188
