0 0.013672 0.033203 0.011719 0.035156 0.009766 0.035156 0.007812 0.037109 0.007812 0.044922 0.011719 0.048828 0.017578 0.048828 0.021484 0.044922 0.021484 0.037109 0.017578 0.033203
0 0.148438 0.097656 0.144531 0.097656 0.136719 0.105469 0.136719 0.107422 0.138672 0.109375 0.138672 0.111328 0.140625 0.111328 0.142578 0.113281 0.146484 0.113281 0.152344 0.107422 0.152344 0.101562
0 0.738281 0.152344 0.736328 0.154297 0.738281 0.156250 0.740234 0.156250 0.740234 0.152344
0 0.462891 0.177734 0.460938 0.179688 0.460938 0.185547 0.464844 0.189453 0.468750 0.189453 0.470703 0.187500 0.470703 0.181641 0.466797 0.177734
1 0.000000 0.185547 0.000000 0.187500 0.001953 0.189453 0.007812 0.189453 0.009766 0.187500 0.003906 0.187500 0.001953 0.185547
0 0.289062 0.214844 0.287109 0.216797 0.287109 0.218750 0.289062 0.220703 0.291016 0.220703 0.292969 0.218750 0.292969 0.216797 0.291016 0.214844
0 0.310547 0.218750 0.308594 0.222656 0.308594 0.242188 0.314453 0.246094 0.324219 0.246094 0.333984 0.240234 0.339844 0.244141 0.343750 0.244141 0.347656 0.240234 0.347656 0.232422 0.337891 0.230469 0.328125 0.218750 0.320312 0.214844 0.316406 0.214844
0 0.179688 0.220703 0.177734 0.222656 0.177734 0.224609 0.179688 0.226562 0.181641 0.226562 0.183594 0.224609 0.183594 0.222656 0.181641 0.220703
0 0.882812 0.224609 0.880859 0.226562 0.882812 0.228516 0.884766 0.228516 0.884766 0.224609
0 0.464844 0.257812 0.462891 0.259766 0.464844 0.261719 0.466797 0.259766
0 0.130859 0.271484 0.128906 0.273438 0.128906 0.279297 0.130859 0.281250 0.134766 0.281250 0.138672 0.277344 0.138672 0.275391 0.134766 0.271484
0 0.416016 0.271484 0.414062 0.273438 0.412109 0.273438 0.410156 0.275391 0.410156 0.277344 0.412109 0.279297 0.412109 0.281250 0.414062 0.281250 0.416016 0.283203 0.417969 0.283203 0.419922 0.281250 0.421875 0.281250 0.421875 0.279297 0.423828 0.277344 0.417969 0.271484
0 0.345703 0.281250 0.343750 0.283203 0.343750 0.285156 0.345703 0.287109 0.347656 0.287109 0.349609 0.285156 0.349609 0.283203 0.347656 0.281250
1 0.490234 0.294922 0.488281 0.296875 0.488281 0.300781 0.490234 0.302734 0.490234 0.306641 0.492188 0.308594 0.496094 0.308594 0.496094 0.302734 0.494141 0.300781 0.494141 0.298828 0.496094 0.296875 0.494141 0.296875 0.492188 0.294922
0 0.425781 0.300781 0.423828 0.302734 0.423828 0.308594 0.425781 0.310547 0.431641 0.310547 0.433594 0.308594 0.433594 0.304688 0.429688 0.300781
0 0.529297 0.302734 0.525391 0.302734 0.525391 0.304688 0.527344 0.306641 0.529297 0.304688
0 0.695312 0.310547 0.697266 0.312500 0.697266 0.314453 0.699219 0.316406 0.701172 0.314453 0.701172 0.310547
0 0.367188 0.318359 0.365234 0.320312 0.365234 0.324219 0.367188 0.326172 0.371094 0.326172 0.373047 0.324219 0.373047 0.322266 0.369141 0.318359
0 0.287109 0.326172 0.285156 0.330078 0.285156 0.337891 0.283203 0.339844 0.287109 0.349609 0.294922 0.353516 0.302734 0.353516 0.314453 0.347656 0.318359 0.347656 0.318359 0.339844 0.314453 0.335938 0.314453 0.328125 0.312500 0.324219 0.306641 0.320312 0.298828 0.320312 0.296875 0.322266 0.291016 0.322266 0.291016 0.324219
0 0.529297 0.322266 0.527344 0.324219 0.525391 0.322266 0.521484 0.326172 0.519531 0.326172 0.519531 0.332031 0.521484 0.333984 0.523438 0.333984 0.525391 0.335938 0.527344 0.335938 0.533203 0.330078 0.533203 0.326172
1 0.376953 0.332031 0.373047 0.332031 0.367188 0.337891 0.361328 0.349609 0.347656 0.349609 0.343750 0.353516 0.343750 0.359375 0.351562 0.367188 0.361328 0.367188 0.367188 0.361328 0.369141 0.357422 0.367188 0.353516 0.369141 0.351562 0.373047 0.355469 0.373047 0.351562 0.378906 0.345703 0.380859 0.335938
1 0.400391 0.332031 0.396484 0.335938 0.396484 0.339844 0.400391 0.343750 0.400391 0.347656 0.406250 0.351562 0.408203 0.357422 0.406250 0.359375 0.398438 0.359375 0.394531 0.363281 0.394531 0.369141 0.400391 0.375000 0.406250 0.375000 0.408203 0.376953 0.416016 0.373047 0.414062 0.361328 0.419922 0.357422 0.412109 0.347656 0.414062 0.341797 0.406250 0.332031
0 0.546875 0.335938 0.537109 0.335938 0.535156 0.337891 0.529297 0.339844 0.527344 0.341797 0.527344 0.351562 0.533203 0.355469 0.537109 0.355469 0.539062 0.353516 0.541016 0.353516 0.548828 0.345703 0.548828 0.337891
0 0.429688 0.347656 0.425781 0.351562 0.425781 0.353516 0.427734 0.355469 0.427734 0.357422 0.431641 0.357422 0.433594 0.359375 0.435547 0.359375 0.435547 0.355469 0.437500 0.353516 0.437500 0.351562 0.433594 0.347656
0 0.451172 0.357422 0.451172 0.359375 0.449219 0.361328 0.451172 0.363281 0.453125 0.363281 0.455078 0.361328 0.455078 0.359375 0.453125 0.357422
0 0.468750 0.363281 0.464844 0.367188 0.464844 0.371094 0.462891 0.373047 0.464844 0.375000 0.464844 0.378906 0.466797 0.378906 0.468750 0.380859 0.470703 0.380859 0.472656 0.382812 0.474609 0.382812 0.480469 0.376953 0.480469 0.373047 0.478516 0.371094 0.478516 0.369141 0.472656 0.363281
0 0.394531 0.376953 0.392578 0.376953 0.388672 0.380859 0.386719 0.380859 0.380859 0.386719 0.380859 0.388672 0.384766 0.392578 0.390625 0.392578 0.396484 0.386719 0.396484 0.378906
0 0.562500 0.378906 0.562500 0.384766 0.564453 0.386719 0.566406 0.386719 0.568359 0.384766 0.568359 0.382812 0.570312 0.380859 0.568359 0.378906
0 0.341797 0.384766 0.337891 0.388672 0.337891 0.392578 0.341797 0.396484 0.347656 0.396484 0.347656 0.394531 0.349609 0.392578 0.349609 0.388672 0.347656 0.386719 0.347656 0.384766
0 0.490234 0.382812 0.486328 0.386719 0.486328 0.392578 0.488281 0.394531 0.490234 0.394531 0.492188 0.396484 0.494141 0.396484 0.498047 0.392578 0.498047 0.386719 0.494141 0.382812
0 0.935547 0.388672 0.935547 0.394531 0.939453 0.398438 0.943359 0.394531 0.943359 0.392578 0.941406 0.392578 0.937500 0.388672
1 0.369141 0.390625 0.365234 0.390625 0.363281 0.392578 0.365234 0.394531 0.365234 0.398438 0.359375 0.404297 0.363281 0.408203 0.365234 0.406250 0.367188 0.406250 0.365234 0.404297 0.365234 0.400391 0.371094 0.394531 0.369141 0.392578
0 0.433594 0.392578 0.433594 0.394531 0.435547 0.396484 0.437500 0.396484 0.439453 0.394531 0.437500 0.392578
1 0.402344 0.400391 0.402344 0.408203 0.404297 0.410156 0.410156 0.410156 0.417969 0.414062 0.421875 0.414062 0.423828 0.412109 0.427734 0.416016 0.433594 0.416016 0.435547 0.417969 0.439453 0.416016 0.439453 0.412109 0.435547 0.408203 0.431641 0.408203 0.419922 0.398438 0.417969 0.400391 0.414062 0.400391 0.410156 0.396484 0.406250 0.396484
1 0.982422 0.408203 0.980469 0.410156 0.978516 0.410156 0.978516 0.412109 0.976562 0.414062 0.966797 0.414062 0.964844 0.416016 0.962891 0.416016 0.962891 0.417969 0.960938 0.419922 0.966797 0.425781 0.968750 0.423828 0.976562 0.423828 0.978516 0.421875 0.982422 0.421875 0.984375 0.419922 0.984375 0.414062 0.982422 0.412109
0 0.332031 0.416016 0.328125 0.419922 0.328125 0.421875 0.332031 0.425781 0.335938 0.425781 0.339844 0.421875 0.339844 0.419922 0.337891 0.417969 0.335938 0.417969 0.333984 0.416016
0 0.380859 0.414062 0.378906 0.416016 0.378906 0.419922 0.382812 0.423828 0.386719 0.423828 0.388672 0.421875 0.388672 0.416016 0.386719 0.414062
0 0.435547 0.427734 0.435547 0.431641 0.437500 0.431641 0.439453 0.429688 0.437500 0.427734
1 0.359375 0.431641 0.357422 0.431641 0.353516 0.435547 0.353516 0.437500 0.351562 0.439453 0.353516 0.441406 0.355469 0.441406 0.357422 0.439453 0.357422 0.435547 0.359375 0.433594
0 0.501953 0.429688 0.496094 0.429688 0.494141 0.431641 0.494141 0.433594 0.498047 0.437500 0.501953 0.433594
1 0.496094 0.443359 0.492188 0.443359 0.492188 0.451172 0.484375 0.449219 0.472656 0.455078 0.470703 0.445312 0.464844 0.441406 0.460938 0.445312 0.462891 0.451172 0.455078 0.457031 0.455078 0.468750 0.449219 0.472656 0.453125 0.494141 0.445312 0.498047 0.453125 0.511719 0.445312 0.517578 0.449219 0.525391 0.443359 0.529297 0.443359 0.537109 0.451172 0.542969 0.451172 0.550781 0.457031 0.550781 0.458984 0.544922 0.453125 0.541016 0.449219 0.529297 0.453125 0.525391 0.460938 0.525391 0.468750 0.517578 0.464844 0.505859 0.470703 0.500000 0.464844 0.486328 0.466797 0.482422 0.462891 0.482422 0.462891 0.476562 0.455078 0.468750 0.462891 0.466797 0.472656 0.457031 0.474609 0.462891 0.466797 0.472656 0.466797 0.478516 0.474609 0.476562 0.478516 0.462891 0.496094 0.466797 0.503906 0.464844 0.505859 0.458984 0.494141 0.453125 0.498047 0.447266
0 0.332031 0.445312 0.332031 0.447266 0.328125 0.451172 0.328125 0.453125 0.330078 0.455078 0.333984 0.455078 0.337891 0.451172 0.337891 0.449219 0.335938 0.451172 0.332031 0.447266
0 0.308594 0.455078 0.308594 0.457031 0.306641 0.458984 0.306641 0.464844 0.308594 0.466797 0.312500 0.466797 0.312500 0.464844 0.314453 0.462891 0.312500 0.460938 0.312500 0.458984
0 0.566406 0.462891 0.568359 0.464844 0.572266 0.464844 0.572266 0.460938 0.568359 0.460938
0 0.939453 0.462891 0.935547 0.462891 0.933594 0.464844 0.935547 0.466797 0.937500 0.466797 0.939453 0.464844
0 0.595703 0.468750 0.593750 0.470703 0.593750 0.474609 0.597656 0.474609 0.597656 0.470703
0 0.869141 0.472656 0.867188 0.474609 0.867188 0.476562 0.869141 0.478516 0.871094 0.478516 0.873047 0.476562 0.873047 0.474609 0.871094 0.472656
0 0.689453 0.478516 0.687500 0.480469 0.689453 0.482422 0.691406 0.482422 0.693359 0.480469 0.691406 0.478516
0 0.429688 0.486328 0.429688 0.492188 0.431641 0.494141 0.441406 0.494141 0.443359 0.492188 0.443359 0.488281 0.441406 0.486328 0.441406 0.484375 0.437500 0.484375 0.435547 0.482422 0.433594 0.484375 0.431641 0.484375
1 0.494141 0.484375 0.490234 0.480469 0.486328 0.480469 0.478516 0.488281 0.476562 0.488281 0.474609 0.490234 0.476562 0.492188 0.484375 0.492188 0.488281 0.488281 0.492188 0.488281 0.494141 0.486328
0 0.611328 0.488281 0.607422 0.492188 0.607422 0.494141 0.605469 0.496094 0.605469 0.500000 0.607422 0.501953 0.611328 0.501953 0.615234 0.498047 0.615234 0.496094 0.613281 0.494141 0.613281 0.492188 0.611328 0.490234
0 0.511719 0.494141 0.509766 0.496094 0.509766 0.500000 0.511719 0.501953 0.517578 0.501953 0.519531 0.500000 0.519531 0.498047 0.515625 0.494141
0 0.634766 0.492188 0.630859 0.496094 0.630859 0.500000 0.632812 0.501953 0.640625 0.501953 0.642578 0.500000 0.642578 0.498047 0.640625 0.496094 0.640625 0.494141 0.638672 0.492188
0 0.482422 0.507812 0.480469 0.509766 0.478516 0.509766 0.476562 0.511719 0.476562 0.515625 0.478516 0.517578 0.478516 0.519531 0.482422 0.519531 0.484375 0.521484 0.484375 0.519531 0.486328 0.517578 0.486328 0.511719
0 0.945312 0.513672 0.945312 0.519531 0.947266 0.521484 0.949219 0.521484 0.951172 0.519531 0.951172 0.515625 0.949219 0.513672
1 0.210938 0.517578 0.210938 0.521484 0.212891 0.523438 0.214844 0.521484 0.212891 0.519531 0.212891 0.517578
0 0.611328 0.521484 0.605469 0.521484 0.603516 0.519531 0.601562 0.519531 0.599609 0.521484 0.595703 0.521484 0.589844 0.527344 0.589844 0.537109 0.595703 0.542969 0.597656 0.542969 0.599609 0.544922 0.605469 0.541016 0.609375 0.541016 0.615234 0.535156 0.615234 0.533203 0.617188 0.531250 0.615234 0.525391
0 0.480469 0.527344 0.480469 0.529297 0.482422 0.531250 0.488281 0.531250 0.488281 0.527344 0.486328 0.525391 0.482422 0.525391
0 0.998047 0.525391 0.996094 0.527344 0.990234 0.527344 0.990234 0.529297 0.988281 0.531250 0.990234 0.533203 0.998047 0.533203 0.998047 0.529297 0.996094 0.527344
0 0.630859 0.537109 0.626953 0.541016 0.626953 0.542969 0.625000 0.544922 0.626953 0.546875 0.626953 0.548828 0.630859 0.552734 0.638672 0.552734 0.640625 0.550781 0.640625 0.546875 0.642578 0.544922 0.634766 0.537109
0 0.667969 0.537109 0.669922 0.539062 0.669922 0.541016 0.675781 0.541016 0.677734 0.539062 0.673828 0.535156 0.669922 0.535156
0 0.417969 0.539062 0.416016 0.541016 0.414062 0.541016 0.414062 0.542969 0.412109 0.544922 0.412109 0.546875 0.414062 0.548828 0.417969 0.548828 0.417969 0.546875 0.419922 0.544922 0.419922 0.542969 0.417969 0.541016
0 0.496094 0.541016 0.496094 0.542969 0.494141 0.544922 0.494141 0.546875 0.496094 0.546875 0.498047 0.548828 0.501953 0.544922 0.498047 0.541016
0 0.521484 0.539062 0.517578 0.541016 0.511719 0.546875 0.511719 0.562500 0.517578 0.566406 0.527344 0.566406 0.531250 0.564453 0.535156 0.556641 0.535156 0.548828 0.531250 0.541016 0.527344 0.539062
0 0.433594 0.548828 0.429688 0.552734 0.429688 0.556641 0.433594 0.560547 0.439453 0.560547 0.441406 0.558594 0.441406 0.556641 0.439453 0.554688 0.439453 0.552734 0.435547 0.548828
0 0.691406 0.552734 0.693359 0.554688 0.693359 0.556641 0.697266 0.556641 0.699219 0.554688 0.701172 0.554688 0.701172 0.550781 0.699219 0.548828 0.695312 0.548828
0 0.847656 0.548828 0.845703 0.546875 0.843750 0.548828 0.843750 0.550781 0.847656 0.550781
0 0.882812 0.552734 0.880859 0.550781 0.878906 0.552734
0 0.414062 0.558594 0.412109 0.560547 0.412109 0.570312 0.414062 0.572266 0.417969 0.572266 0.419922 0.570312 0.419922 0.560547 0.417969 0.558594
0 0.775391 0.566406 0.771484 0.562500 0.769531 0.562500 0.765625 0.566406 0.765625 0.572266 0.771484 0.572266 0.775391 0.568359
0 0.679688 0.574219 0.677734 0.576172 0.671875 0.578125 0.671875 0.583984 0.669922 0.585938 0.669922 0.593750 0.675781 0.601562 0.687500 0.601562 0.687500 0.599609 0.691406 0.595703 0.691406 0.589844 0.693359 0.587891 0.693359 0.583984 0.687500 0.576172 0.685547 0.576172 0.683594 0.574219
0 0.748047 0.576172 0.748047 0.591797 0.755859 0.591797 0.757812 0.589844 0.767578 0.589844 0.769531 0.587891 0.769531 0.585938 0.765625 0.582031 0.763672 0.582031 0.761719 0.583984 0.757812 0.583984 0.755859 0.582031 0.755859 0.576172 0.753906 0.576172 0.751953 0.574219 0.750000 0.576172
0 0.751953 0.595703 0.750000 0.597656 0.748047 0.597656 0.746094 0.599609 0.748047 0.601562 0.748047 0.603516 0.750000 0.601562 0.751953 0.601562 0.753906 0.599609 0.753906 0.597656
0 0.439453 0.597656 0.437500 0.599609 0.437500 0.601562 0.439453 0.603516 0.443359 0.603516 0.445312 0.601562 0.445312 0.599609 0.443359 0.597656
0 0.726562 0.601562 0.724609 0.603516 0.726562 0.605469 0.728516 0.605469 0.730469 0.603516 0.728516 0.601562
0 0.677734 0.613281 0.673828 0.619141 0.673828 0.623047 0.677734 0.626953 0.675781 0.630859 0.681641 0.636719 0.691406 0.636719 0.693359 0.638672 0.701172 0.638672 0.703125 0.636719 0.703125 0.626953 0.699219 0.623047 0.693359 0.623047 0.685547 0.613281
0 0.822266 0.613281 0.820312 0.615234 0.822266 0.617188 0.824219 0.617188 0.824219 0.613281
0 0.648438 0.625000 0.642578 0.634766 0.644531 0.636719 0.644531 0.642578 0.646484 0.642578 0.648438 0.644531 0.660156 0.644531 0.662109 0.642578 0.664062 0.642578 0.664062 0.640625 0.666016 0.638672 0.666016 0.630859 0.660156 0.625000
0 0.414062 0.630859 0.412109 0.632812 0.410156 0.632812 0.410156 0.634766 0.412109 0.636719 0.412109 0.638672 0.414062 0.638672 0.417969 0.634766
0 0.619141 0.628906 0.615234 0.632812 0.615234 0.638672 0.613281 0.640625 0.619141 0.646484 0.626953 0.646484 0.630859 0.642578 0.630859 0.634766 0.632812 0.632812 0.630859 0.632812 0.626953 0.628906
0 0.878906 0.630859 0.875000 0.634766 0.875000 0.640625 0.876953 0.640625 0.880859 0.644531 0.884766 0.644531 0.888672 0.640625 0.888672 0.638672 0.886719 0.636719 0.886719 0.632812 0.884766 0.630859
0 0.605469 0.638672 0.603516 0.638672 0.601562 0.640625 0.597656 0.640625 0.595703 0.642578 0.591797 0.642578 0.587891 0.646484 0.587891 0.652344 0.589844 0.654297 0.589844 0.658203 0.591797 0.660156 0.595703 0.660156 0.599609 0.656250 0.601562 0.656250 0.603516 0.658203 0.605469 0.656250 0.607422 0.658203 0.605469 0.656250 0.611328 0.650391 0.609375 0.648438 0.611328 0.646484
0 0.568359 0.644531 0.566406 0.646484 0.568359 0.648438 0.570312 0.648438 0.570312 0.646484
0 0.232422 0.648438 0.232422 0.650391 0.228516 0.654297 0.228516 0.658203 0.232422 0.662109 0.232422 0.664062 0.238281 0.664062 0.240234 0.662109 0.242188 0.662109 0.244141 0.660156 0.244141 0.656250 0.242188 0.654297 0.244141 0.652344 0.240234 0.648438
0 0.732422 0.648438 0.730469 0.650391 0.732422 0.652344 0.734375 0.652344 0.736328 0.650391 0.734375 0.648438
0 0.748047 0.648438 0.748047 0.652344 0.750000 0.654297 0.751953 0.654297 0.753906 0.652344 0.753906 0.648438
0 0.679688 0.662109 0.677734 0.664062 0.677734 0.671875 0.679688 0.673828 0.685547 0.673828 0.689453 0.669922 0.689453 0.667969 0.687500 0.666016 0.687500 0.662109
1 0.589844 0.701172 0.576172 0.701172 0.574219 0.695312 0.564453 0.687500 0.560547 0.693359 0.568359 0.701172 0.574219 0.699219 0.580078 0.708984 0.568359 0.720703 0.558594 0.707031 0.552734 0.712891 0.552734 0.720703 0.548828 0.724609 0.541016 0.722656 0.531250 0.730469 0.523438 0.724609 0.507812 0.728516 0.490234 0.726562 0.484375 0.732422 0.486328 0.742188 0.490234 0.746094 0.507812 0.744141 0.513672 0.748047 0.511719 0.750000 0.529297 0.742188 0.539062 0.750000 0.541016 0.748047 0.544922 0.753906 0.554688 0.751953 0.562500 0.746094 0.564453 0.740234 0.558594 0.724609 0.566406 0.718750 0.572266 0.728516 0.585938 0.726562 0.589844 0.718750 0.583984 0.710938
0 0.603516 0.689453 0.601562 0.691406 0.601562 0.693359 0.603516 0.695312 0.607422 0.695312 0.607422 0.691406 0.605469 0.689453
0 0.771484 0.691406 0.767578 0.691406 0.761719 0.687500 0.759766 0.689453 0.750000 0.689453 0.750000 0.693359 0.748047 0.695312 0.750000 0.697266 0.750000 0.699219 0.751953 0.699219 0.753906 0.701172 0.755859 0.699219 0.757812 0.699219 0.759766 0.701172 0.767578 0.701172 0.771484 0.697266
0 0.992188 0.701172 0.990234 0.701172 0.988281 0.703125 0.986328 0.703125 0.984375 0.705078 0.984375 0.707031 0.990234 0.712891 0.994141 0.708984 0.994141 0.705078 0.992188 0.703125
0 0.810547 0.703125 0.808594 0.705078 0.808594 0.710938 0.810547 0.712891 0.814453 0.712891 0.818359 0.708984 0.818359 0.705078 0.816406 0.703125
0 0.488281 0.707031 0.482422 0.707031 0.480469 0.708984 0.480469 0.712891 0.484375 0.716797 0.486328 0.714844 0.488281 0.714844 0.488281 0.712891 0.490234 0.710938 0.490234 0.708984
0 0.693359 0.716797 0.689453 0.712891 0.683594 0.710938 0.673828 0.710938 0.667969 0.714844 0.667969 0.724609 0.666016 0.726562 0.660156 0.722656 0.656250 0.722656 0.652344 0.728516 0.656250 0.732422 0.662109 0.732422 0.667969 0.728516 0.671875 0.734375 0.681641 0.736328 0.693359 0.728516
0 0.386719 0.720703 0.382812 0.724609 0.384766 0.726562 0.384766 0.728516 0.386719 0.728516 0.388672 0.726562 0.388672 0.722656
0 0.701172 0.718750 0.701172 0.720703 0.699219 0.722656 0.701172 0.724609 0.701172 0.726562 0.703125 0.728516 0.703125 0.730469 0.705078 0.732422 0.707031 0.730469 0.707031 0.720703 0.705078 0.718750
0 0.773438 0.720703 0.771484 0.722656 0.773438 0.724609 0.775391 0.722656
0 0.601562 0.728516 0.605469 0.732422 0.611328 0.732422 0.613281 0.730469 0.613281 0.728516 0.609375 0.724609 0.605469 0.724609
0 0.824219 0.730469 0.822266 0.732422 0.822266 0.740234 0.824219 0.742188 0.828125 0.742188 0.830078 0.744141 0.833984 0.740234 0.833984 0.734375 0.830078 0.730469
0 0.232422 0.744141 0.228516 0.748047 0.226562 0.748047 0.228516 0.750000 0.226562 0.751953 0.228516 0.753906 0.228516 0.757812 0.230469 0.757812 0.232422 0.759766 0.238281 0.759766 0.238281 0.757812 0.240234 0.755859 0.240234 0.751953 0.238281 0.750000 0.238281 0.748047 0.234375 0.744141
1 0.587891 0.744141 0.585938 0.746094 0.587891 0.746094 0.591797 0.750000 0.589844 0.751953 0.589844 0.759766 0.591797 0.761719 0.591797 0.763672 0.595703 0.767578 0.597656 0.767578 0.599609 0.769531 0.603516 0.769531 0.603516 0.767578 0.607422 0.763672 0.607422 0.757812 0.597656 0.748047 0.591797 0.748047 0.589844 0.746094 0.589844 0.744141
0 0.498047 0.751953 0.498047 0.753906 0.492188 0.761719 0.490234 0.771484 0.492188 0.775391 0.500000 0.781250 0.511719 0.779297 0.517578 0.773438 0.517578 0.765625 0.519531 0.761719 0.517578 0.761719 0.513672 0.757812 0.513672 0.755859 0.505859 0.751953
0 0.701172 0.750000 0.697266 0.753906 0.697266 0.759766 0.699219 0.759766 0.701172 0.761719 0.705078 0.761719 0.707031 0.759766 0.707031 0.753906 0.703125 0.750000
0 0.888672 0.759766 0.888672 0.763672 0.892578 0.767578 0.896484 0.767578 0.898438 0.765625 0.902344 0.765625 0.904297 0.767578 0.906250 0.765625 0.906250 0.761719 0.902344 0.761719 0.896484 0.755859 0.890625 0.755859 0.890625 0.757812
1 0.419922 0.759766 0.417969 0.761719 0.416016 0.761719 0.416016 0.763672 0.417969 0.765625 0.417969 0.767578 0.419922 0.769531 0.419922 0.773438 0.423828 0.773438 0.423828 0.771484 0.421875 0.771484 0.417969 0.767578 0.421875 0.763672 0.421875 0.761719
0 0.537109 0.757812 0.533203 0.761719 0.533203 0.763672 0.535156 0.763672 0.539062 0.767578 0.541016 0.767578 0.544922 0.763672 0.542969 0.761719 0.542969 0.757812
0 0.212891 0.767578 0.212891 0.773438 0.214844 0.773438 0.218750 0.769531 0.216797 0.769531 0.214844 0.767578
0 0.791016 0.765625 0.789062 0.767578 0.787109 0.767578 0.785156 0.765625 0.785156 0.767578 0.783203 0.769531 0.781250 0.767578 0.779297 0.769531 0.779297 0.773438 0.781250 0.775391 0.781250 0.777344 0.783203 0.779297 0.787109 0.779297 0.791016 0.775391
0 0.919922 0.767578 0.917969 0.769531 0.917969 0.771484 0.919922 0.773438 0.921875 0.773438 0.923828 0.771484 0.923828 0.769531 0.921875 0.767578
0 0.574219 0.769531 0.574219 0.771484 0.578125 0.771484 0.578125 0.769531
0 0.613281 0.773438 0.611328 0.775391 0.613281 0.775391 0.615234 0.777344 0.615234 0.779297 0.615234 0.777344 0.617188 0.775391 0.615234 0.773438
0 0.457031 0.779297 0.457031 0.783203 0.458984 0.785156 0.460938 0.785156 0.462891 0.783203 0.462891 0.779297
0 0.656250 0.779297 0.654297 0.781250 0.652344 0.781250 0.650391 0.783203 0.650391 0.785156 0.652344 0.787109 0.654297 0.787109 0.658203 0.783203 0.656250 0.781250
0 0.470703 0.781250 0.468750 0.783203 0.470703 0.785156 0.472656 0.783203
1 0.580078 0.791016 0.580078 0.796875 0.582031 0.798828 0.595703 0.800781 0.601562 0.806641 0.609375 0.806641 0.619141 0.798828 0.619141 0.794922 0.617188 0.792969 0.607422 0.796875 0.599609 0.785156 0.593750 0.781250 0.585938 0.783203
0 0.691406 0.785156 0.689453 0.787109 0.689453 0.789062 0.687500 0.791016 0.687500 0.792969 0.693359 0.798828 0.695312 0.798828 0.697266 0.796875 0.697266 0.794922 0.699219 0.792969 0.699219 0.789062 0.695312 0.785156
0 0.738281 0.787109 0.738281 0.789062 0.734375 0.794922 0.736328 0.794922 0.740234 0.800781 0.748047 0.800781 0.748047 0.798828 0.751953 0.794922 0.750000 0.792969 0.750000 0.789062 0.746094 0.785156 0.744141 0.787109 0.742188 0.785156 0.740234 0.787109
0 0.365234 0.792969 0.361328 0.792969 0.359375 0.794922 0.357422 0.794922 0.357422 0.800781 0.359375 0.802734 0.359375 0.804688 0.361328 0.802734 0.363281 0.802734 0.365234 0.800781
0 0.642578 0.792969 0.642578 0.796875 0.644531 0.798828 0.646484 0.798828 0.648438 0.796875 0.644531 0.792969
0 0.837891 0.802734 0.835938 0.804688 0.835938 0.814453 0.837891 0.816406 0.841797 0.816406 0.843750 0.818359 0.845703 0.816406 0.847656 0.816406 0.849609 0.814453 0.849609 0.804688 0.847656 0.802734
0 0.480469 0.806641 0.478516 0.806641 0.474609 0.810547 0.476562 0.812500 0.476562 0.814453 0.478516 0.816406 0.480469 0.814453 0.482422 0.814453 0.482422 0.808594
0 0.724609 0.806641 0.722656 0.808594 0.722656 0.814453 0.724609 0.816406 0.730469 0.816406 0.732422 0.814453 0.732422 0.808594 0.730469 0.806641
0 0.619141 0.814453 0.617188 0.816406 0.617188 0.818359 0.619141 0.820312 0.621094 0.818359 0.621094 0.816406
0 0.189453 0.818359 0.187500 0.820312 0.187500 0.824219 0.189453 0.826172 0.191406 0.826172 0.193359 0.824219 0.193359 0.820312 0.191406 0.818359
0 0.451172 0.818359 0.451172 0.820312 0.449219 0.822266 0.449219 0.826172 0.451172 0.828125 0.455078 0.824219 0.457031 0.824219 0.460938 0.830078 0.466797 0.830078 0.466797 0.828125 0.470703 0.824219 0.470703 0.820312 0.466797 0.816406 0.458984 0.816406 0.455078 0.820312 0.453125 0.820312
0 0.851562 0.822266 0.847656 0.822266 0.845703 0.824219 0.843750 0.824219 0.841797 0.826172 0.841797 0.833984 0.843750 0.835938 0.843750 0.837891 0.845703 0.835938 0.851562 0.835938 0.857422 0.830078 0.855469 0.828125 0.855469 0.826172 0.853516 0.826172 0.851562 0.824219
0 0.925781 0.828125 0.921875 0.824219 0.914062 0.824219 0.910156 0.828125 0.910156 0.830078 0.908203 0.832031 0.908203 0.835938 0.906250 0.837891 0.902344 0.837891 0.902344 0.839844 0.904297 0.839844 0.906250 0.837891 0.910156 0.837891 0.914062 0.841797 0.921875 0.841797 0.925781 0.835938
0 0.345703 0.830078 0.343750 0.832031 0.343750 0.835938 0.345703 0.837891 0.347656 0.837891 0.349609 0.835938 0.349609 0.832031 0.347656 0.830078
0 0.361328 0.832031 0.359375 0.833984 0.359375 0.837891 0.361328 0.839844 0.363281 0.839844 0.365234 0.837891 0.365234 0.833984 0.363281 0.832031
0 0.593750 0.833984 0.591797 0.835938 0.591797 0.837891 0.593750 0.837891
0 0.728516 0.837891 0.730469 0.839844 0.732422 0.839844 0.734375 0.837891 0.736328 0.837891 0.736328 0.835938 0.730469 0.835938
0 0.558594 0.841797 0.556641 0.843750 0.556641 0.845703 0.554688 0.847656 0.554688 0.851562 0.558594 0.855469 0.562500 0.855469 0.566406 0.851562 0.566406 0.849609 0.568359 0.847656 0.568359 0.845703 0.566406 0.845703 0.564453 0.843750 0.564453 0.841797
0 0.648438 0.845703 0.642578 0.839844 0.638672 0.839844 0.634766 0.843750 0.632812 0.843750 0.630859 0.845703 0.626953 0.845703 0.625000 0.847656 0.625000 0.849609 0.626953 0.851562 0.630859 0.851562 0.632812 0.849609 0.638672 0.853516 0.646484 0.853516 0.648438 0.851562
0 0.841797 0.843750 0.839844 0.843750 0.837891 0.845703 0.835938 0.845703 0.835938 0.851562 0.837891 0.851562 0.841797 0.847656
0 0.857422 0.843750 0.855469 0.845703 0.855469 0.847656 0.857422 0.849609 0.861328 0.849609 0.863281 0.847656 0.863281 0.845703 0.861328 0.843750
0 0.269531 0.849609 0.267578 0.851562 0.267578 0.855469 0.269531 0.857422 0.273438 0.857422 0.273438 0.855469 0.275391 0.853516 0.275391 0.851562 0.273438 0.849609
0 0.599609 0.851562 0.599609 0.855469 0.603516 0.855469 0.605469 0.857422 0.607422 0.857422 0.609375 0.855469 0.609375 0.853516 0.607422 0.851562
0 0.669922 0.859375 0.667969 0.861328 0.667969 0.865234 0.669922 0.867188 0.671875 0.867188 0.673828 0.865234 0.673828 0.863281 0.675781 0.861328 0.673828 0.861328 0.671875 0.859375
0 0.816406 0.861328 0.820312 0.865234 0.822266 0.865234 0.824219 0.863281 0.826172 0.863281 0.822266 0.859375 0.818359 0.859375
0 0.841797 0.859375 0.837891 0.863281 0.837891 0.871094 0.839844 0.873047 0.849609 0.873047 0.853516 0.869141 0.853516 0.863281 0.849609 0.859375
1 0.564453 0.865234 0.560547 0.869141 0.558594 0.869141 0.558594 0.873047 0.560547 0.875000 0.562500 0.875000 0.564453 0.876953 0.564453 0.878906 0.566406 0.878906 0.568359 0.880859 0.568359 0.882812 0.566406 0.884766 0.566406 0.888672 0.568359 0.890625 0.568359 0.892578 0.574219 0.892578 0.576172 0.890625 0.576172 0.882812 0.574219 0.880859 0.568359 0.880859 0.566406 0.878906 0.566406 0.876953 0.570312 0.873047 0.570312 0.869141 0.568359 0.869141 0.566406 0.867188 0.566406 0.865234
0 0.376953 0.876953 0.380859 0.876953 0.380859 0.875000 0.382812 0.873047 0.376953 0.873047
0 0.386719 0.880859 0.380859 0.886719 0.380859 0.890625 0.384766 0.890625 0.386719 0.892578 0.390625 0.888672 0.390625 0.886719 0.388672 0.884766 0.388672 0.882812
0 0.591797 0.878906 0.587891 0.882812 0.587891 0.884766 0.589844 0.886719 0.593750 0.886719 0.595703 0.884766 0.595703 0.882812
0 0.804688 0.884766 0.802734 0.886719 0.806641 0.890625 0.808594 0.888672 0.808594 0.886719 0.806641 0.886719
0 0.691406 0.888672 0.687500 0.888672 0.683594 0.892578 0.683594 0.896484 0.687500 0.900391 0.687500 0.902344 0.689453 0.900391 0.693359 0.900391 0.695312 0.898438 0.695312 0.892578
0 0.716797 0.896484 0.716797 0.900391 0.718750 0.902344 0.722656 0.902344 0.724609 0.900391 0.726562 0.900391 0.726562 0.898438 0.724609 0.896484 0.724609 0.894531 0.718750 0.894531
0 0.648438 0.900391 0.646484 0.900391 0.644531 0.898438 0.642578 0.898438 0.640625 0.900391 0.638672 0.900391 0.636719 0.902344 0.636719 0.904297 0.634766 0.906250 0.634766 0.910156 0.638672 0.914062 0.644531 0.914062 0.650391 0.908203 0.648438 0.906250
0 0.599609 0.906250 0.583984 0.906250 0.574219 0.916016 0.574219 0.919922 0.572266 0.921875 0.570312 0.919922 0.574219 0.931641 0.580078 0.937500 0.578125 0.941406 0.580078 0.943359 0.580078 0.951172 0.589844 0.951172 0.603516 0.937500 0.611328 0.921875 0.607422 0.910156
0 0.693359 0.912109 0.691406 0.914062 0.691406 0.919922 0.697266 0.925781 0.699219 0.925781 0.701172 0.923828 0.701172 0.921875 0.703125 0.919922 0.705078 0.919922 0.697266 0.912109
0 0.794922 0.912109 0.792969 0.914062 0.792969 0.919922 0.798828 0.919922 0.800781 0.917969 0.800781 0.914062 0.798828 0.912109
0 0.746094 0.917969 0.746094 0.921875 0.748047 0.921875 0.750000 0.919922 0.748047 0.917969
1 0.994141 0.921875 0.984375 0.925781 0.980469 0.933594 0.980469 0.945312 0.982422 0.947266 0.980469 0.951172 0.984375 0.955078 0.984375 0.958984 0.992188 0.966797 0.994141 0.964844 0.998047 0.966797 0.998047 0.921875
0 0.646484 0.929688 0.644531 0.931641 0.648438 0.935547 0.650391 0.933594 0.650391 0.931641 0.648438 0.929688
0 0.691406 0.933594 0.673828 0.947266 0.677734 0.960938 0.675781 0.962891 0.685547 0.978516 0.691406 0.982422 0.705078 0.982422 0.710938 0.978516 0.714844 0.964844 0.718750 0.962891 0.716797 0.960938 0.718750 0.958984 0.718750 0.941406 0.708984 0.933594
0 0.613281 0.955078 0.611328 0.957031 0.611328 0.962891 0.613281 0.964844 0.617188 0.964844 0.619141 0.962891 0.619141 0.957031 0.617188 0.955078
0 0.902344 0.960938 0.902344 0.964844 0.904297 0.966797 0.908203 0.966797 0.910156 0.964844 0.910156 0.962891 0.908203 0.960938
0 0.779297 0.972656 0.779297 0.978516 0.783203 0.982422 0.796875 0.982422 0.798828 0.980469 0.798828 0.976562 0.796875 0.974609 0.794922 0.974609 0.787109 0.966797 0.785156 0.968750 0.783203 0.968750
0 0.972656 0.964844 0.964844 0.970703 0.964844 0.972656 0.962891 0.974609 0.962891 0.984375 0.968750 0.990234 0.974609 0.990234 0.976562 0.988281 0.978516 0.990234 0.986328 0.982422 0.986328 0.970703 0.978516 0.964844
0 0.746094 0.970703 0.742188 0.970703 0.740234 0.972656 0.740234 0.974609 0.734375 0.980469 0.732422 0.980469 0.730469 0.982422 0.730469 0.988281 0.732422 0.990234 0.732422 0.992188 0.736328 0.992188 0.738281 0.990234 0.740234 0.990234 0.742188 0.988281 0.742188 0.982422 0.746094 0.978516 0.750000 0.982422 0.753906 0.982422
0 0.574219 0.976562 0.572266 0.980469 0.572266 0.998047 0.603516 0.998047 0.595703 0.984375 0.595703 0.980469 0.589844 0.974609 0.580078 0.972656
0 0.664062 0.976562 0.662109 0.978516 0.664062 0.980469 0.666016 0.978516
0 0.904297 0.988281 0.904297 0.994141 0.902344 0.996094 0.904297 0.998047 0.921875 0.998047 0.921875 0.996094 0.923828 0.994141 0.923828 0.990234 0.919922 0.984375 0.908203 0.984375
0 0.626953 0.988281 0.625000 0.990234 0.626953 0.992188 0.628906 0.990234
0 0.695312 0.994141 0.699219 0.994141 0.699219 0.992188 0.701172 0.990234 0.695312 0.990234
1 0.884766 0.996094 0.884766 0.998047 0.892578 0.998047 0.890625 0.996094 0.890625 0.994141 0.886719 0.994141
0 0.017578 0.029297 0.015625 0.031250 0.015625 0.033203 0.013672 0.035156 0.007812 0.035156 0.005859 0.033203 0.005859 0.031250 0.003906 0.029297 0.003906 0.027344 0.005859 0.025391 0.005859 0.023438 0.007812 0.021484 0.013672 0.021484 0.015625 0.023438 0.015625 0.025391 0.017578 0.027344
0 0.001953 0.048828 0.000000 0.048828 0.000000 0.035156 0.001953 0.035156 0.003906 0.037109 0.003906 0.039062 0.005859 0.041016 0.005859 0.042969 0.003906 0.044922 0.003906 0.046875
0 0.023438 0.044922 0.023438 0.048828 0.019531 0.048828 0.017578 0.046875 0.021484 0.042969
0 0.011719 0.046875 0.011719 0.050781 0.007812 0.050781 0.005859 0.048828 0.009766 0.044922
0 0.140625 0.097656 0.140625 0.101562 0.136719 0.101562 0.134766 0.099609 0.138672 0.095703
0 0.156250 0.105469 0.156250 0.109375 0.152344 0.109375 0.150391 0.107422 0.154297 0.103516
0 0.138672 0.109375 0.138672 0.113281 0.134766 0.113281 0.132812 0.111328 0.136719 0.107422
0 0.003906 0.148438 0.000000 0.148438 0.000000 0.126953 0.003906 0.126953 0.005859 0.128906 0.005859 0.130859 0.007812 0.130859 0.009766 0.132812 0.009766 0.142578 0.007812 0.144531 0.007812 0.146484 0.005859 0.146484
0 0.021484 0.142578 0.021484 0.146484 0.017578 0.146484 0.015625 0.144531 0.019531 0.140625
0 0.029297 0.162109 0.027344 0.162109 0.025391 0.164062 0.021484 0.164062 0.019531 0.162109 0.019531 0.156250 0.021484 0.154297 0.025391 0.154297 0.027344 0.156250 0.029297 0.156250
0 0.041016 0.179688 0.039062 0.179688 0.037109 0.181641 0.027344 0.181641 0.021484 0.175781 0.021484 0.166016 0.023438 0.164062 0.025391 0.164062 0.025391 0.162109 0.027344 0.160156 0.037109 0.160156 0.042969 0.166016 0.042969 0.175781 0.041016 0.177734
0 0.472656 0.175781 0.472656 0.179688 0.468750 0.179688 0.466797 0.177734 0.470703 0.173828
0 0.460938 0.183594 0.460938 0.187500 0.457031 0.187500 0.455078 0.185547 0.458984 0.181641
0 0.474609 0.185547 0.474609 0.189453 0.470703 0.189453 0.468750 0.187500 0.472656 0.183594
0 0.023438 0.193359 0.021484 0.195312 0.021484 0.197266 0.019531 0.199219 0.013672 0.199219 0.011719 0.197266 0.011719 0.195312 0.009766 0.193359 0.009766 0.191406 0.011719 0.189453 0.011719 0.187500 0.013672 0.185547 0.019531 0.185547 0.021484 0.187500 0.021484 0.189453 0.023438 0.191406
0 0.064453 0.195312 0.058594 0.201172 0.052734 0.201172 0.046875 0.195312 0.046875 0.189453 0.052734 0.183594 0.058594 0.183594 0.064453 0.189453
0 0.294922 0.210938 0.294922 0.214844 0.291016 0.214844 0.289062 0.212891 0.292969 0.208984
0 0.093750 0.214844 0.091797 0.216797 0.091797 0.218750 0.089844 0.220703 0.083984 0.220703 0.082031 0.218750 0.082031 0.216797 0.080078 0.214844 0.080078 0.212891 0.082031 0.210938 0.082031 0.208984 0.083984 0.207031 0.089844 0.207031 0.091797 0.208984 0.091797 0.210938 0.093750 0.212891
0 0.287109 0.212891 0.287109 0.216797 0.283203 0.216797 0.281250 0.214844 0.285156 0.210938
0 0.177734 0.218750 0.177734 0.222656 0.173828 0.222656 0.171875 0.220703 0.175781 0.216797
0 0.187500 0.222656 0.187500 0.226562 0.183594 0.226562 0.181641 0.224609 0.185547 0.220703
0 0.343750 0.224609 0.341797 0.226562 0.341797 0.228516 0.339844 0.230469 0.333984 0.230469 0.332031 0.228516 0.332031 0.226562 0.330078 0.224609 0.330078 0.222656 0.332031 0.220703 0.332031 0.218750 0.333984 0.216797 0.339844 0.216797 0.341797 0.218750 0.341797 0.220703 0.343750 0.222656
0 0.177734 0.226562 0.177734 0.230469 0.173828 0.230469 0.171875 0.228516 0.175781 0.224609
0 0.310547 0.232422 0.304688 0.238281 0.298828 0.238281 0.292969 0.232422 0.292969 0.226562 0.298828 0.220703 0.304688 0.220703 0.310547 0.226562
0 0.355469 0.236328 0.353516 0.236328 0.351562 0.238281 0.347656 0.238281 0.345703 0.236328 0.345703 0.230469 0.347656 0.228516 0.351562 0.228516 0.353516 0.230469 0.355469 0.230469
0 0.337891 0.244141 0.335938 0.246094 0.335938 0.248047 0.333984 0.250000 0.328125 0.250000 0.326172 0.248047 0.326172 0.246094 0.324219 0.244141 0.324219 0.242188 0.326172 0.240234 0.326172 0.238281 0.328125 0.236328 0.333984 0.236328 0.335938 0.238281 0.335938 0.240234 0.337891 0.242188
0 0.089844 0.267578 0.087891 0.267578 0.085938 0.269531 0.082031 0.269531 0.080078 0.267578 0.080078 0.261719 0.082031 0.259766 0.085938 0.259766 0.087891 0.261719 0.089844 0.261719
0 0.414062 0.269531 0.414062 0.273438 0.410156 0.273438 0.408203 0.271484 0.412109 0.267578
0 0.128906 0.271484 0.128906 0.275391 0.125000 0.275391 0.123047 0.273438 0.126953 0.269531
0 0.142578 0.273438 0.142578 0.277344 0.138672 0.277344 0.136719 0.275391 0.140625 0.271484
0 0.429688 0.277344 0.427734 0.277344 0.425781 0.279297 0.421875 0.279297 0.419922 0.277344 0.419922 0.271484 0.421875 0.269531 0.425781 0.269531 0.427734 0.271484 0.429688 0.271484
0 0.078125 0.281250 0.076172 0.281250 0.074219 0.283203 0.070312 0.283203 0.068359 0.281250 0.068359 0.275391 0.070312 0.273438 0.074219 0.273438 0.076172 0.275391 0.078125 0.275391
0 0.345703 0.277344 0.345703 0.281250 0.341797 0.281250 0.339844 0.279297 0.343750 0.275391
0 0.136719 0.281250 0.136719 0.285156 0.132812 0.285156 0.130859 0.283203 0.134766 0.279297
0 0.355469 0.281250 0.355469 0.285156 0.351562 0.285156 0.349609 0.283203 0.353516 0.279297
0 0.414062 0.281250 0.414062 0.285156 0.410156 0.285156 0.408203 0.283203 0.412109 0.279297
0 0.423828 0.281250 0.423828 0.285156 0.419922 0.285156 0.417969 0.283203 0.421875 0.279297
0 0.001953 0.298828 0.000000 0.298828 0.000000 0.281250 0.001953 0.281250 0.007812 0.287109 0.007812 0.292969
0 0.500000 0.300781 0.500000 0.304688 0.496094 0.304688 0.494141 0.302734 0.498047 0.298828
0 0.535156 0.302734 0.535156 0.306641 0.531250 0.306641 0.529297 0.304688 0.533203 0.300781
0 0.437500 0.304688 0.437500 0.308594 0.433594 0.308594 0.431641 0.306641 0.435547 0.302734
0 0.701172 0.304688 0.701172 0.308594 0.697266 0.308594 0.695312 0.306641 0.699219 0.302734
0 0.054688 0.316406 0.052734 0.316406 0.050781 0.318359 0.041016 0.318359 0.035156 0.312500 0.035156 0.302734 0.037109 0.300781 0.039062 0.300781 0.039062 0.298828 0.041016 0.296875 0.050781 0.296875 0.056641 0.302734 0.056641 0.312500 0.054688 0.314453
0 0.423828 0.306641 0.423828 0.310547 0.419922 0.310547 0.417969 0.308594 0.421875 0.304688
0 0.492188 0.308594 0.492188 0.312500 0.488281 0.312500 0.486328 0.310547 0.490234 0.306641
0 0.707031 0.310547 0.707031 0.314453 0.703125 0.314453 0.701172 0.312500 0.705078 0.308594
0 0.371094 0.314453 0.371094 0.318359 0.367188 0.318359 0.365234 0.316406 0.369141 0.312500
0 0.701172 0.316406 0.701172 0.320312 0.697266 0.320312 0.695312 0.318359 0.699219 0.314453
0 0.312500 0.322266 0.310547 0.322266 0.308594 0.324219 0.304688 0.324219 0.302734 0.322266 0.302734 0.316406 0.304688 0.314453 0.308594 0.314453 0.310547 0.316406 0.312500 0.316406
0 0.529297 0.318359 0.529297 0.322266 0.525391 0.322266 0.523438 0.320312 0.527344 0.316406
0 0.365234 0.320312 0.365234 0.324219 0.361328 0.324219 0.359375 0.322266 0.363281 0.318359
0 0.408203 0.328125 0.408203 0.332031 0.404297 0.332031 0.402344 0.330078 0.406250 0.326172
0 0.324219 0.333984 0.322266 0.335938 0.322266 0.337891 0.320312 0.339844 0.314453 0.339844 0.312500 0.337891 0.312500 0.335938 0.310547 0.333984 0.310547 0.332031 0.312500 0.330078 0.312500 0.328125 0.314453 0.326172 0.320312 0.326172 0.322266 0.328125 0.322266 0.330078 0.324219 0.332031
0 0.539062 0.335938 0.537109 0.335938 0.535156 0.337891 0.531250 0.337891 0.529297 0.335938 0.529297 0.330078 0.531250 0.328125 0.535156 0.328125 0.537109 0.330078 0.539062 0.330078
0 0.064453 0.341797 0.062500 0.341797 0.060547 0.343750 0.056641 0.343750 0.054688 0.341797 0.054688 0.335938 0.056641 0.333984 0.060547 0.333984 0.062500 0.335938 0.064453 0.335938
0 0.285156 0.339844 0.283203 0.341797 0.283203 0.343750 0.281250 0.345703 0.275391 0.345703 0.273438 0.343750 0.273438 0.341797 0.271484 0.339844 0.271484 0.337891 0.273438 0.335938 0.273438 0.333984 0.275391 0.332031 0.281250 0.332031 0.283203 0.333984 0.283203 0.335938 0.285156 0.337891
0 0.529297 0.341797 0.527344 0.341797 0.525391 0.343750 0.521484 0.343750 0.519531 0.341797 0.519531 0.335938 0.521484 0.333984 0.525391 0.333984 0.527344 0.335938 0.529297 0.335938
0 0.435547 0.343750 0.435547 0.347656 0.431641 0.347656 0.429688 0.345703 0.433594 0.341797
0 0.380859 0.345703 0.380859 0.349609 0.376953 0.349609 0.375000 0.347656 0.378906 0.343750
0 0.419922 0.349609 0.417969 0.349609 0.416016 0.351562 0.412109 0.351562 0.410156 0.349609 0.410156 0.343750 0.412109 0.341797 0.416016 0.341797 0.417969 0.343750 0.419922 0.343750
0 0.070312 0.351562 0.068359 0.351562 0.066406 0.353516 0.062500 0.353516 0.060547 0.351562 0.060547 0.345703 0.062500 0.343750 0.066406 0.343750 0.068359 0.345703 0.070312 0.345703
0 0.398438 0.357422 0.396484 0.357422 0.394531 0.359375 0.384766 0.359375 0.378906 0.353516 0.378906 0.343750 0.380859 0.341797 0.382812 0.341797 0.382812 0.339844 0.384766 0.337891 0.394531 0.337891 0.400391 0.343750 0.400391 0.353516 0.398438 0.355469
0 0.546875 0.349609 0.546875 0.353516 0.542969 0.353516 0.541016 0.351562 0.544922 0.347656
0 0.316406 0.353516 0.314453 0.355469 0.314453 0.357422 0.312500 0.359375 0.306641 0.359375 0.304688 0.357422 0.304688 0.355469 0.302734 0.353516 0.302734 0.351562 0.304688 0.349609 0.304688 0.347656 0.306641 0.345703 0.312500 0.345703 0.314453 0.347656 0.314453 0.349609 0.316406 0.351562
0 0.529297 0.351562 0.529297 0.355469 0.525391 0.355469 0.523438 0.353516 0.527344 0.349609
0 0.298828 0.355469 0.296875 0.357422 0.296875 0.359375 0.294922 0.361328 0.289062 0.361328 0.287109 0.359375 0.287109 0.357422 0.285156 0.355469 0.285156 0.353516 0.287109 0.351562 0.287109 0.349609 0.289062 0.347656 0.294922 0.347656 0.296875 0.349609 0.296875 0.351562 0.298828 0.353516
0 0.373047 0.357422 0.371094 0.357422 0.369141 0.359375 0.365234 0.359375 0.363281 0.357422 0.363281 0.351562 0.365234 0.349609 0.369141 0.349609 0.371094 0.351562 0.373047 0.351562
0 0.408203 0.357422 0.406250 0.357422 0.404297 0.359375 0.400391 0.359375 0.398438 0.357422 0.398438 0.351562 0.400391 0.349609 0.404297 0.349609 0.406250 0.351562 0.408203 0.351562
0 0.445312 0.357422 0.443359 0.357422 0.441406 0.359375 0.437500 0.359375 0.435547 0.357422 0.435547 0.351562 0.437500 0.349609 0.441406 0.349609 0.443359 0.351562 0.445312 0.351562
0 0.544922 0.359375 0.542969 0.359375 0.541016 0.361328 0.537109 0.361328 0.535156 0.359375 0.535156 0.353516 0.537109 0.351562 0.541016 0.351562 0.542969 0.353516 0.544922 0.353516
0 0.419922 0.365234 0.417969 0.365234 0.416016 0.367188 0.412109 0.367188 0.410156 0.365234 0.410156 0.359375 0.412109 0.357422 0.416016 0.357422 0.417969 0.359375 0.419922 0.359375
0 0.484375 0.369141 0.482422 0.369141 0.480469 0.371094 0.476562 0.371094 0.474609 0.369141 0.474609 0.363281 0.476562 0.361328 0.480469 0.361328 0.482422 0.363281 0.484375 0.363281
0 0.134766 0.371094 0.132812 0.373047 0.132812 0.375000 0.130859 0.376953 0.125000 0.376953 0.123047 0.375000 0.123047 0.373047 0.121094 0.371094 0.121094 0.369141 0.123047 0.367188 0.123047 0.365234 0.125000 0.363281 0.130859 0.363281 0.132812 0.365234 0.132812 0.367188 0.134766 0.369141
0 0.117188 0.375000 0.115234 0.376953 0.115234 0.378906 0.113281 0.380859 0.107422 0.380859 0.105469 0.378906 0.105469 0.376953 0.103516 0.375000 0.103516 0.373047 0.105469 0.371094 0.105469 0.369141 0.107422 0.367188 0.113281 0.367188 0.115234 0.369141 0.115234 0.371094 0.117188 0.373047
0 0.568359 0.373047 0.568359 0.376953 0.564453 0.376953 0.562500 0.375000 0.566406 0.371094
0 0.087891 0.384766 0.085938 0.384766 0.083984 0.386719 0.074219 0.386719 0.068359 0.380859 0.068359 0.371094 0.070312 0.369141 0.072266 0.369141 0.072266 0.367188 0.074219 0.365234 0.083984 0.365234 0.089844 0.371094 0.089844 0.380859 0.087891 0.382812
0 0.363281 0.384766 0.361328 0.384766 0.359375 0.386719 0.349609 0.386719 0.343750 0.380859 0.343750 0.371094 0.345703 0.369141 0.347656 0.369141 0.347656 0.367188 0.349609 0.365234 0.359375 0.365234 0.365234 0.371094 0.365234 0.380859 0.363281 0.382812
0 0.406250 0.378906 0.404297 0.378906 0.402344 0.380859 0.398438 0.380859 0.396484 0.378906 0.396484 0.373047 0.398438 0.371094 0.402344 0.371094 0.404297 0.373047 0.406250 0.373047
0 0.390625 0.376953 0.390625 0.380859 0.386719 0.380859 0.384766 0.378906 0.388672 0.375000
0 0.466797 0.380859 0.464844 0.380859 0.462891 0.382812 0.458984 0.382812 0.457031 0.380859 0.457031 0.375000 0.458984 0.373047 0.462891 0.373047 0.464844 0.375000 0.466797 0.375000
0 0.152344 0.384766 0.150391 0.384766 0.148438 0.386719 0.144531 0.386719 0.142578 0.384766 0.142578 0.378906 0.144531 0.376953 0.148438 0.376953 0.150391 0.378906 0.152344 0.378906
0 0.345703 0.380859 0.345703 0.384766 0.341797 0.384766 0.339844 0.382812 0.343750 0.378906
0 0.488281 0.382812 0.486328 0.384766 0.486328 0.386719 0.484375 0.388672 0.478516 0.388672 0.476562 0.386719 0.476562 0.384766 0.474609 0.382812 0.474609 0.380859 0.476562 0.378906 0.476562 0.376953 0.478516 0.375000 0.484375 0.375000 0.486328 0.376953 0.486328 0.378906 0.488281 0.380859
0 0.574219 0.380859 0.574219 0.384766 0.570312 0.384766 0.568359 0.382812 0.572266 0.378906
0 0.472656 0.386719 0.470703 0.386719 0.468750 0.388672 0.464844 0.388672 0.462891 0.386719 0.462891 0.380859 0.464844 0.378906 0.468750 0.378906 0.470703 0.380859 0.472656 0.380859
0 0.000000 0.390625 0.000000 0.380859 0.001953 0.382812 0.003906 0.382812 0.003906 0.388672 0.001953 0.388672
0 0.369141 0.384766 0.369141 0.388672 0.365234 0.388672 0.363281 0.386719 0.367188 0.382812
0 0.380859 0.386719 0.378906 0.388672 0.378906 0.390625 0.376953 0.392578 0.371094 0.392578 0.369141 0.390625 0.369141 0.388672 0.367188 0.386719 0.367188 0.384766 0.369141 0.382812 0.369141 0.380859 0.371094 0.378906 0.376953 0.378906 0.378906 0.380859 0.378906 0.382812 0.380859 0.384766
0 0.337891 0.386719 0.337891 0.390625 0.333984 0.390625 0.332031 0.388672 0.335938 0.384766
0 0.353516 0.386719 0.353516 0.390625 0.349609 0.390625 0.347656 0.388672 0.351562 0.384766
0 0.439453 0.386719 0.439453 0.390625 0.435547 0.390625 0.433594 0.388672 0.437500 0.384766
0 0.505859 0.390625 0.503906 0.390625 0.501953 0.392578 0.498047 0.392578 0.496094 0.390625 0.496094 0.384766 0.498047 0.382812 0.501953 0.382812 0.503906 0.384766 0.505859 0.384766
0 0.568359 0.386719 0.568359 0.390625 0.564453 0.390625 0.562500 0.388672 0.566406 0.384766
0 0.339844 0.396484 0.337891 0.396484 0.335938 0.398438 0.332031 0.398438 0.330078 0.396484 0.330078 0.390625 0.332031 0.388672 0.335938 0.388672 0.337891 0.390625 0.339844 0.390625
0 0.375000 0.392578 0.375000 0.396484 0.371094 0.396484 0.369141 0.394531 0.373047 0.390625
0 0.404297 0.394531 0.402344 0.396484 0.402344 0.398438 0.400391 0.400391 0.394531 0.400391 0.392578 0.398438 0.392578 0.396484 0.390625 0.394531 0.390625 0.392578 0.392578 0.390625 0.392578 0.388672 0.394531 0.386719 0.400391 0.386719 0.402344 0.388672 0.402344 0.390625 0.404297 0.392578
0 0.361328 0.396484 0.359375 0.398438 0.359375 0.400391 0.357422 0.402344 0.351562 0.402344 0.349609 0.400391 0.349609 0.398438 0.347656 0.396484 0.347656 0.394531 0.349609 0.392578 0.349609 0.390625 0.351562 0.388672 0.357422 0.388672 0.359375 0.390625 0.359375 0.392578 0.361328 0.394531
0 0.490234 0.394531 0.490234 0.398438 0.486328 0.398438 0.484375 0.396484 0.488281 0.392578
0 0.347656 0.396484 0.347656 0.400391 0.343750 0.400391 0.341797 0.398438 0.345703 0.394531
0 0.365234 0.396484 0.365234 0.400391 0.361328 0.400391 0.359375 0.398438 0.363281 0.394531
0 0.126953 0.402344 0.125000 0.402344 0.123047 0.404297 0.119141 0.404297 0.117188 0.402344 0.117188 0.396484 0.119141 0.394531 0.123047 0.394531 0.125000 0.396484 0.126953 0.396484
0 0.435547 0.404297 0.433594 0.404297 0.431641 0.406250 0.427734 0.406250 0.425781 0.404297 0.425781 0.398438 0.427734 0.396484 0.431641 0.396484 0.433594 0.398438 0.435547 0.398438
0 0.113281 0.408203 0.111328 0.408203 0.109375 0.410156 0.105469 0.410156 0.103516 0.408203 0.103516 0.402344 0.105469 0.400391 0.109375 0.400391 0.111328 0.402344 0.113281 0.402344
0 0.275391 0.408203 0.273438 0.408203 0.271484 0.410156 0.267578 0.410156 0.265625 0.408203 0.265625 0.402344 0.267578 0.400391 0.271484 0.400391 0.273438 0.402344 0.275391 0.402344
0 0.355469 0.416016 0.353516 0.416016 0.351562 0.417969 0.341797 0.417969 0.335938 0.412109 0.335938 0.402344 0.337891 0.400391 0.339844 0.400391 0.339844 0.398438 0.341797 0.396484 0.351562 0.396484 0.357422 0.402344 0.357422 0.412109 0.355469 0.414062
0 0.175781 0.410156 0.173828 0.412109 0.173828 0.414062 0.171875 0.416016 0.166016 0.416016 0.164062 0.414062 0.164062 0.412109 0.162109 0.410156 0.162109 0.408203 0.164062 0.406250 0.164062 0.404297 0.166016 0.402344 0.171875 0.402344 0.173828 0.404297 0.173828 0.406250 0.175781 0.408203
0 0.263672 0.412109 0.261719 0.412109 0.259766 0.414062 0.255859 0.414062 0.253906 0.412109 0.253906 0.406250 0.255859 0.404297 0.259766 0.404297 0.261719 0.406250 0.263672 0.406250
0 0.365234 0.408203 0.365234 0.412109 0.361328 0.412109 0.359375 0.410156 0.363281 0.406250
0 0.291016 0.412109 0.291016 0.416016 0.287109 0.416016 0.285156 0.414062 0.289062 0.410156
0 0.414062 0.416016 0.412109 0.416016 0.410156 0.417969 0.406250 0.417969 0.404297 0.416016 0.404297 0.410156 0.406250 0.408203 0.410156 0.408203 0.412109 0.410156 0.414062 0.410156
0 0.337891 0.414062 0.337891 0.417969 0.333984 0.417969 0.332031 0.416016 0.335938 0.412109
0 0.197266 0.419922 0.195312 0.419922 0.193359 0.421875 0.189453 0.421875 0.187500 0.419922 0.187500 0.414062 0.189453 0.412109 0.193359 0.412109 0.195312 0.414062 0.197266 0.414062
0 0.001953 0.427734 0.000000 0.427734 0.000000 0.410156 0.001953 0.410156 0.007812 0.416016 0.007812 0.421875
0 0.085938 0.429688 0.083984 0.429688 0.082031 0.431641 0.072266 0.431641 0.066406 0.425781 0.066406 0.416016 0.068359 0.414062 0.070312 0.414062 0.070312 0.412109 0.072266 0.410156 0.082031 0.410156 0.087891 0.416016 0.087891 0.425781 0.085938 0.427734
0 0.158203 0.423828 0.156250 0.423828 0.154297 0.425781 0.150391 0.425781 0.148438 0.423828 0.148438 0.417969 0.150391 0.416016 0.154297 0.416016 0.156250 0.417969 0.158203 0.417969
0 0.437500 0.423828 0.435547 0.423828 0.433594 0.425781 0.429688 0.425781 0.427734 0.423828 0.427734 0.417969 0.429688 0.416016 0.433594 0.416016 0.435547 0.417969 0.437500 0.417969
0 0.123047 0.433594 0.121094 0.433594 0.119141 0.435547 0.109375 0.435547 0.103516 0.429688 0.103516 0.419922 0.105469 0.417969 0.107422 0.417969 0.107422 0.416016 0.109375 0.414062 0.119141 0.414062 0.125000 0.419922 0.125000 0.429688 0.123047 0.431641
0 0.384766 0.423828 0.384766 0.427734 0.380859 0.427734 0.378906 0.425781 0.382812 0.421875
0 0.500000 0.423828 0.500000 0.427734 0.496094 0.427734 0.494141 0.425781 0.498047 0.421875
0 0.244141 0.429688 0.242188 0.429688 0.240234 0.431641 0.236328 0.431641 0.234375 0.429688 0.234375 0.423828 0.236328 0.421875 0.240234 0.421875 0.242188 0.423828 0.244141 0.423828
0 0.300781 0.429688 0.298828 0.429688 0.296875 0.431641 0.292969 0.431641 0.291016 0.429688 0.291016 0.423828 0.292969 0.421875 0.296875 0.421875 0.298828 0.423828 0.300781 0.423828
0 0.337891 0.425781 0.337891 0.429688 0.333984 0.429688 0.332031 0.427734 0.335938 0.423828
0 0.505859 0.425781 0.505859 0.429688 0.501953 0.429688 0.500000 0.427734 0.503906 0.423828
0 0.265625 0.435547 0.263672 0.437500 0.263672 0.439453 0.261719 0.441406 0.255859 0.441406 0.253906 0.439453 0.253906 0.437500 0.251953 0.435547 0.251953 0.433594 0.253906 0.431641 0.253906 0.429688 0.255859 0.427734 0.261719 0.427734 0.263672 0.429688 0.263672 0.431641 0.265625 0.433594
0 0.347656 0.437500 0.341797 0.443359 0.335938 0.443359 0.330078 0.437500 0.330078 0.431641 0.335938 0.425781 0.341797 0.425781 0.347656 0.431641
0 0.203125 0.441406 0.201172 0.441406 0.199219 0.443359 0.195312 0.443359 0.193359 0.441406 0.193359 0.435547 0.195312 0.433594 0.199219 0.433594 0.201172 0.435547 0.203125 0.435547
0 0.498047 0.437500 0.498047 0.441406 0.494141 0.441406 0.492188 0.439453 0.496094 0.435547
0 0.300781 0.445312 0.298828 0.445312 0.296875 0.447266 0.292969 0.447266 0.291016 0.445312 0.291016 0.439453 0.292969 0.437500 0.296875 0.437500 0.298828 0.439453 0.300781 0.439453
0 0.337891 0.445312 0.337891 0.449219 0.333984 0.449219 0.332031 0.447266 0.335938 0.443359
0 0.218750 0.451172 0.216797 0.451172 0.214844 0.453125 0.210938 0.453125 0.208984 0.451172 0.208984 0.445312 0.210938 0.443359 0.214844 0.443359 0.216797 0.445312 0.218750 0.445312
0 0.492188 0.447266 0.492188 0.451172 0.488281 0.451172 0.486328 0.449219 0.490234 0.445312
0 0.328125 0.449219 0.328125 0.453125 0.324219 0.453125 0.322266 0.451172 0.326172 0.447266
0 0.462891 0.453125 0.460938 0.453125 0.458984 0.455078 0.455078 0.455078 0.453125 0.453125 0.453125 0.447266 0.455078 0.445312 0.458984 0.445312 0.460938 0.447266 0.462891 0.447266
0 0.478516 0.453125 0.476562 0.453125 0.474609 0.455078 0.470703 0.455078 0.468750 0.453125 0.468750 0.447266 0.470703 0.445312 0.474609 0.445312 0.476562 0.447266 0.478516 0.447266
0 0.265625 0.460938 0.263672 0.460938 0.261719 0.462891 0.251953 0.462891 0.246094 0.457031 0.246094 0.447266 0.248047 0.445312 0.250000 0.445312 0.250000 0.443359 0.251953 0.441406 0.261719 0.441406 0.267578 0.447266 0.267578 0.457031 0.265625 0.458984
0 0.498047 0.451172 0.498047 0.455078 0.494141 0.455078 0.492188 0.453125 0.496094 0.449219
0 0.289062 0.457031 0.287109 0.457031 0.285156 0.458984 0.281250 0.458984 0.279297 0.457031 0.279297 0.451172 0.281250 0.449219 0.285156 0.449219 0.287109 0.451172 0.289062 0.451172
0 0.572266 0.455078 0.572266 0.458984 0.568359 0.458984 0.566406 0.457031 0.570312 0.453125
0 0.232422 0.460938 0.230469 0.460938 0.228516 0.462891 0.224609 0.462891 0.222656 0.460938 0.222656 0.455078 0.224609 0.453125 0.228516 0.453125 0.230469 0.455078 0.232422 0.455078
0 0.316406 0.457031 0.316406 0.460938 0.312500 0.460938 0.310547 0.458984 0.314453 0.455078
0 0.396484 0.460938 0.394531 0.460938 0.392578 0.462891 0.388672 0.462891 0.386719 0.460938 0.386719 0.455078 0.388672 0.453125 0.392578 0.453125 0.394531 0.455078 0.396484 0.455078
0 0.384766 0.462891 0.382812 0.462891 0.380859 0.464844 0.376953 0.464844 0.375000 0.462891 0.375000 0.457031 0.376953 0.455078 0.380859 0.455078 0.382812 0.457031 0.384766 0.457031
0 0.404297 0.462891 0.402344 0.462891 0.400391 0.464844 0.396484 0.464844 0.394531 0.462891 0.394531 0.457031 0.396484 0.455078 0.400391 0.455078 0.402344 0.457031 0.404297 0.457031
0 0.361328 0.470703 0.359375 0.470703 0.357422 0.472656 0.347656 0.472656 0.341797 0.466797 0.341797 0.457031 0.343750 0.455078 0.345703 0.455078 0.345703 0.453125 0.347656 0.451172 0.357422 0.451172 0.363281 0.457031 0.363281 0.466797 0.361328 0.468750
0 0.421875 0.464844 0.419922 0.464844 0.417969 0.466797 0.414062 0.466797 0.412109 0.464844 0.412109 0.458984 0.414062 0.457031 0.417969 0.457031 0.419922 0.458984 0.421875 0.458984
0 0.441406 0.464844 0.439453 0.464844 0.437500 0.466797 0.433594 0.466797 0.431641 0.464844 0.431641 0.458984 0.433594 0.457031 0.437500 0.457031 0.439453 0.458984 0.441406 0.458984
0 0.472656 0.464844 0.470703 0.464844 0.468750 0.466797 0.464844 0.466797 0.462891 0.464844 0.462891 0.458984 0.464844 0.457031 0.468750 0.457031 0.470703 0.458984 0.472656 0.458984
0 0.566406 0.460938 0.566406 0.464844 0.562500 0.464844 0.560547 0.462891 0.564453 0.458984
0 0.453125 0.466797 0.447266 0.472656 0.441406 0.472656 0.435547 0.466797 0.435547 0.460938 0.441406 0.455078 0.447266 0.455078 0.453125 0.460938
0 0.945312 0.462891 0.945312 0.466797 0.941406 0.466797 0.939453 0.464844 0.943359 0.460938
0 0.574219 0.464844 0.574219 0.468750 0.570312 0.468750 0.568359 0.466797 0.572266 0.462891
0 0.492188 0.468750 0.490234 0.470703 0.490234 0.472656 0.488281 0.474609 0.482422 0.474609 0.480469 0.472656 0.480469 0.470703 0.478516 0.468750 0.478516 0.466797 0.480469 0.464844 0.480469 0.462891 0.482422 0.460938 0.488281 0.460938 0.490234 0.462891 0.490234 0.464844 0.492188 0.466797
0 0.466797 0.472656 0.464844 0.472656 0.462891 0.474609 0.458984 0.474609 0.457031 0.472656 0.457031 0.466797 0.458984 0.464844 0.462891 0.464844 0.464844 0.466797 0.466797 0.466797
0 0.875000 0.468750 0.875000 0.472656 0.871094 0.472656 0.869141 0.470703 0.873047 0.466797
0 0.939453 0.468750 0.939453 0.472656 0.935547 0.472656 0.933594 0.470703 0.937500 0.466797
0 0.337891 0.474609 0.335938 0.474609 0.333984 0.476562 0.330078 0.476562 0.328125 0.474609 0.328125 0.468750 0.330078 0.466797 0.333984 0.466797 0.335938 0.468750 0.337891 0.468750
0 0.603516 0.470703 0.603516 0.474609 0.599609 0.474609 0.597656 0.472656 0.601562 0.468750
0 0.593750 0.472656 0.593750 0.476562 0.589844 0.476562 0.587891 0.474609 0.591797 0.470703
0 0.691406 0.472656 0.691406 0.476562 0.687500 0.476562 0.685547 0.474609 0.689453 0.470703
0 0.414062 0.478516 0.412109 0.478516 0.410156 0.480469 0.406250 0.480469 0.404297 0.478516 0.404297 0.472656 0.406250 0.470703 0.410156 0.470703 0.412109 0.472656 0.414062 0.472656
0 0.867188 0.474609 0.867188 0.478516 0.863281 0.478516 0.861328 0.476562 0.865234 0.472656
0 0.316406 0.480469 0.310547 0.486328 0.304688 0.486328 0.298828 0.480469 0.298828 0.474609 0.304688 0.468750 0.310547 0.468750 0.316406 0.474609
0 0.402344 0.482422 0.400391 0.482422 0.398438 0.484375 0.394531 0.484375 0.392578 0.482422 0.392578 0.476562 0.394531 0.474609 0.398438 0.474609 0.400391 0.476562 0.402344 0.476562
0 0.435547 0.482422 0.433594 0.482422 0.431641 0.484375 0.427734 0.484375 0.425781 0.482422 0.425781 0.476562 0.427734 0.474609 0.431641 0.474609 0.433594 0.476562 0.435547 0.476562
0 0.875000 0.478516 0.875000 0.482422 0.871094 0.482422 0.869141 0.480469 0.873047 0.476562
0 0.476562 0.484375 0.474609 0.486328 0.474609 0.488281 0.472656 0.490234 0.466797 0.490234 0.464844 0.488281 0.464844 0.486328 0.462891 0.484375 0.462891 0.482422 0.464844 0.480469 0.464844 0.478516 0.466797 0.476562 0.472656 0.476562 0.474609 0.478516 0.474609 0.480469 0.476562 0.482422
0 0.367188 0.488281 0.365234 0.488281 0.363281 0.490234 0.359375 0.490234 0.357422 0.488281 0.357422 0.482422 0.359375 0.480469 0.363281 0.480469 0.365234 0.482422 0.367188 0.482422
0 0.640625 0.490234 0.638672 0.490234 0.636719 0.492188 0.632812 0.492188 0.630859 0.490234 0.630859 0.484375 0.632812 0.482422 0.636719 0.482422 0.638672 0.484375 0.640625 0.484375
0 0.453125 0.490234 0.451172 0.492188 0.451172 0.494141 0.449219 0.496094 0.443359 0.496094 0.441406 0.494141 0.441406 0.492188 0.439453 0.490234 0.439453 0.488281 0.441406 0.486328 0.441406 0.484375 0.443359 0.482422 0.449219 0.482422 0.451172 0.484375 0.451172 0.486328 0.453125 0.488281
0 0.490234 0.488281 0.490234 0.492188 0.486328 0.492188 0.484375 0.490234 0.488281 0.486328
0 0.429688 0.490234 0.429688 0.494141 0.425781 0.494141 0.423828 0.492188 0.427734 0.488281
0 0.607422 0.490234 0.607422 0.494141 0.603516 0.494141 0.601562 0.492188 0.605469 0.488281
0 0.648438 0.496094 0.646484 0.496094 0.644531 0.498047 0.640625 0.498047 0.638672 0.496094 0.638672 0.490234 0.640625 0.488281 0.644531 0.488281 0.646484 0.490234 0.648438 0.490234
0 0.509766 0.494141 0.509766 0.498047 0.505859 0.498047 0.503906 0.496094 0.507812 0.492188
0 0.523438 0.494141 0.523438 0.498047 0.519531 0.498047 0.517578 0.496094 0.521484 0.492188
0 0.628906 0.498047 0.626953 0.500000 0.626953 0.501953 0.625000 0.503906 0.619141 0.503906 0.617188 0.501953 0.617188 0.500000 0.615234 0.498047 0.615234 0.496094 0.617188 0.494141 0.617188 0.492188 0.619141 0.490234 0.625000 0.490234 0.626953 0.492188 0.626953 0.494141 0.628906 0.496094
0 0.341797 0.507812 0.339844 0.507812 0.337891 0.509766 0.328125 0.509766 0.322266 0.503906 0.322266 0.494141 0.324219 0.492188 0.326172 0.492188 0.326172 0.490234 0.328125 0.488281 0.337891 0.488281 0.343750 0.494141 0.343750 0.503906 0.341797 0.505859
0 0.369141 0.501953 0.367188 0.501953 0.365234 0.503906 0.361328 0.503906 0.359375 0.501953 0.359375 0.496094 0.361328 0.494141 0.365234 0.494141 0.367188 0.496094 0.369141 0.496094
0 0.001953 0.507812 0.000000 0.507812 0.000000 0.494141 0.001953 0.494141 0.003906 0.496094 0.003906 0.498047 0.005859 0.500000 0.005859 0.501953 0.003906 0.503906 0.003906 0.505859
0 0.353516 0.503906 0.351562 0.503906 0.349609 0.505859 0.345703 0.505859 0.343750 0.503906 0.343750 0.498047 0.345703 0.496094 0.349609 0.496094 0.351562 0.498047 0.353516 0.498047
0 0.615234 0.500000 0.615234 0.503906 0.611328 0.503906 0.609375 0.501953 0.613281 0.498047
0 0.476562 0.505859 0.474609 0.507812 0.474609 0.509766 0.472656 0.511719 0.466797 0.511719 0.464844 0.509766 0.464844 0.507812 0.462891 0.505859 0.462891 0.503906 0.464844 0.501953 0.464844 0.500000 0.466797 0.498047 0.472656 0.498047 0.474609 0.500000 0.474609 0.501953 0.476562 0.503906
0 0.638672 0.507812 0.636719 0.507812 0.634766 0.509766 0.630859 0.509766 0.628906 0.507812 0.628906 0.501953 0.630859 0.500000 0.634766 0.500000 0.636719 0.501953 0.638672 0.501953
0 0.326172 0.515625 0.324219 0.515625 0.322266 0.517578 0.312500 0.517578 0.306641 0.511719 0.306641 0.501953 0.308594 0.500000 0.310547 0.500000 0.310547 0.498047 0.312500 0.496094 0.322266 0.496094 0.328125 0.501953 0.328125 0.511719 0.326172 0.513672
0 0.611328 0.521484 0.609375 0.521484 0.607422 0.523438 0.597656 0.523438 0.591797 0.517578 0.591797 0.507812 0.593750 0.505859 0.595703 0.505859 0.595703 0.503906 0.597656 0.501953 0.607422 0.501953 0.613281 0.507812 0.613281 0.517578 0.611328 0.519531
0 0.466797 0.519531 0.466797 0.523438 0.462891 0.523438 0.460938 0.521484 0.464844 0.517578
0 0.492188 0.523438 0.490234 0.523438 0.488281 0.525391 0.484375 0.525391 0.482422 0.523438 0.482422 0.517578 0.484375 0.515625 0.488281 0.515625 0.490234 0.517578 0.492188 0.517578
0 0.025391 0.525391 0.019531 0.531250 0.013672 0.531250 0.007812 0.525391 0.007812 0.519531 0.013672 0.513672 0.019531 0.513672 0.025391 0.519531
0 0.330078 0.525391 0.328125 0.525391 0.326172 0.527344 0.322266 0.527344 0.320312 0.525391 0.320312 0.519531 0.322266 0.517578 0.326172 0.517578 0.328125 0.519531 0.330078 0.519531
0 0.621094 0.525391 0.619141 0.525391 0.617188 0.527344 0.613281 0.527344 0.611328 0.525391 0.611328 0.519531 0.613281 0.517578 0.617188 0.517578 0.619141 0.519531 0.621094 0.519531
0 0.458984 0.531250 0.457031 0.531250 0.455078 0.533203 0.451172 0.533203 0.449219 0.531250 0.449219 0.525391 0.451172 0.523438 0.455078 0.523438 0.457031 0.525391 0.458984 0.525391
0 0.490234 0.531250 0.490234 0.535156 0.486328 0.535156 0.484375 0.533203 0.488281 0.529297
0 0.029297 0.535156 0.027344 0.537109 0.027344 0.539062 0.025391 0.541016 0.019531 0.541016 0.017578 0.539062 0.017578 0.537109 0.015625 0.535156 0.015625 0.533203 0.017578 0.531250 0.017578 0.529297 0.019531 0.527344 0.025391 0.527344 0.027344 0.529297 0.027344 0.531250 0.029297 0.533203
0 0.347656 0.537109 0.345703 0.537109 0.343750 0.539062 0.339844 0.539062 0.337891 0.537109 0.337891 0.531250 0.339844 0.529297 0.343750 0.529297 0.345703 0.531250 0.347656 0.531250
0 0.640625 0.537109 0.638672 0.537109 0.636719 0.539062 0.632812 0.539062 0.630859 0.537109 0.630859 0.531250 0.632812 0.529297 0.636719 0.529297 0.638672 0.531250 0.640625 0.531250
0 0.523438 0.539062 0.521484 0.539062 0.519531 0.541016 0.515625 0.541016 0.513672 0.539062 0.513672 0.533203 0.515625 0.531250 0.519531 0.531250 0.521484 0.533203 0.523438 0.533203
0 0.591797 0.539062 0.589844 0.539062 0.587891 0.541016 0.583984 0.541016 0.582031 0.539062 0.582031 0.533203 0.583984 0.531250 0.587891 0.531250 0.589844 0.533203 0.591797 0.533203
0 0.669922 0.539062 0.669922 0.542969 0.666016 0.542969 0.664062 0.541016 0.667969 0.537109
0 0.613281 0.544922 0.611328 0.544922 0.609375 0.546875 0.605469 0.546875 0.603516 0.544922 0.603516 0.539062 0.605469 0.537109 0.609375 0.537109 0.611328 0.539062 0.613281 0.539062
0 0.625000 0.544922 0.619141 0.550781 0.613281 0.550781 0.607422 0.544922 0.607422 0.539062 0.613281 0.533203 0.619141 0.533203 0.625000 0.539062
0 0.847656 0.541016 0.847656 0.544922 0.843750 0.544922 0.841797 0.542969 0.845703 0.539062
0 0.337891 0.548828 0.335938 0.548828 0.333984 0.550781 0.330078 0.550781 0.328125 0.548828 0.328125 0.542969 0.330078 0.541016 0.333984 0.541016 0.335938 0.542969 0.337891 0.542969
0 0.449219 0.546875 0.447266 0.548828 0.447266 0.550781 0.445312 0.552734 0.439453 0.552734 0.437500 0.550781 0.437500 0.548828 0.435547 0.546875 0.435547 0.544922 0.437500 0.542969 0.437500 0.541016 0.439453 0.539062 0.445312 0.539062 0.447266 0.541016 0.447266 0.542969 0.449219 0.544922
0 0.695312 0.544922 0.695312 0.548828 0.691406 0.548828 0.689453 0.546875 0.693359 0.542969
0 0.365234 0.550781 0.363281 0.550781 0.361328 0.552734 0.357422 0.552734 0.355469 0.550781 0.355469 0.544922 0.357422 0.542969 0.361328 0.542969 0.363281 0.544922 0.365234 0.544922
0 0.513672 0.548828 0.511719 0.550781 0.511719 0.552734 0.509766 0.554688 0.503906 0.554688 0.501953 0.552734 0.501953 0.550781 0.500000 0.548828 0.500000 0.546875 0.501953 0.544922 0.501953 0.542969 0.503906 0.541016 0.509766 0.541016 0.511719 0.542969 0.511719 0.544922 0.513672 0.546875
0 0.648438 0.550781 0.646484 0.550781 0.644531 0.552734 0.640625 0.552734 0.638672 0.550781 0.638672 0.544922 0.640625 0.542969 0.644531 0.542969 0.646484 0.544922 0.648438 0.544922
0 0.841797 0.546875 0.841797 0.550781 0.837891 0.550781 0.835938 0.548828 0.839844 0.544922
0 0.541016 0.552734 0.539062 0.552734 0.537109 0.554688 0.533203 0.554688 0.531250 0.552734 0.531250 0.546875 0.533203 0.544922 0.537109 0.544922 0.539062 0.546875 0.541016 0.546875
0 0.628906 0.548828 0.628906 0.552734 0.625000 0.552734 0.623047 0.550781 0.626953 0.546875
0 0.705078 0.548828 0.705078 0.552734 0.701172 0.552734 0.699219 0.550781 0.703125 0.546875
0 0.378906 0.554688 0.376953 0.554688 0.375000 0.556641 0.371094 0.556641 0.369141 0.554688 0.369141 0.548828 0.371094 0.546875 0.375000 0.546875 0.376953 0.548828 0.378906 0.548828
0 0.634766 0.552734 0.634766 0.556641 0.630859 0.556641 0.628906 0.554688 0.632812 0.550781
0 0.882812 0.554688 0.882812 0.558594 0.878906 0.558594 0.876953 0.556641 0.880859 0.552734
0 0.513672 0.562500 0.511719 0.562500 0.509766 0.564453 0.505859 0.564453 0.503906 0.562500 0.503906 0.556641 0.505859 0.554688 0.509766 0.554688 0.511719 0.556641 0.513672 0.556641
0 0.431641 0.562500 0.429688 0.564453 0.429688 0.566406 0.427734 0.568359 0.421875 0.568359 0.419922 0.566406 0.419922 0.564453 0.417969 0.562500 0.417969 0.560547 0.419922 0.558594 0.419922 0.556641 0.421875 0.554688 0.427734 0.554688 0.429688 0.556641 0.429688 0.558594 0.431641 0.560547
0 0.767578 0.560547 0.767578 0.564453 0.763672 0.564453 0.761719 0.562500 0.765625 0.558594
0 0.777344 0.560547 0.777344 0.564453 0.773438 0.564453 0.771484 0.562500 0.775391 0.558594
0 0.535156 0.568359 0.533203 0.568359 0.531250 0.570312 0.527344 0.570312 0.525391 0.568359 0.525391 0.562500 0.527344 0.560547 0.531250 0.560547 0.533203 0.562500 0.535156 0.562500
0 0.412109 0.570312 0.410156 0.570312 0.408203 0.572266 0.404297 0.572266 0.402344 0.570312 0.402344 0.564453 0.404297 0.562500 0.408203 0.562500 0.410156 0.564453 0.412109 0.564453
0 0.521484 0.570312 0.519531 0.570312 0.517578 0.572266 0.513672 0.572266 0.511719 0.570312 0.511719 0.564453 0.513672 0.562500 0.517578 0.562500 0.519531 0.564453 0.521484 0.564453
0 0.779297 0.568359 0.779297 0.572266 0.775391 0.572266 0.773438 0.570312 0.777344 0.566406
0 0.031250 0.574219 0.029297 0.574219 0.027344 0.576172 0.023438 0.576172 0.021484 0.574219 0.021484 0.568359 0.023438 0.566406 0.027344 0.566406 0.029297 0.568359 0.031250 0.568359
0 0.679688 0.574219 0.677734 0.574219 0.675781 0.576172 0.671875 0.576172 0.669922 0.574219 0.669922 0.568359 0.671875 0.566406 0.675781 0.566406 0.677734 0.568359 0.679688 0.568359
0 0.388672 0.574219 0.386719 0.576172 0.386719 0.578125 0.384766 0.580078 0.378906 0.580078 0.376953 0.578125 0.376953 0.576172 0.375000 0.574219 0.375000 0.572266 0.376953 0.570312 0.376953 0.568359 0.378906 0.566406 0.384766 0.566406 0.386719 0.568359 0.386719 0.570312 0.388672 0.572266
0 0.773438 0.572266 0.773438 0.576172 0.769531 0.576172 0.767578 0.574219 0.771484 0.570312
0 0.417969 0.574219 0.417969 0.578125 0.414062 0.578125 0.412109 0.576172 0.416016 0.572266
0 0.695312 0.578125 0.693359 0.578125 0.691406 0.580078 0.687500 0.580078 0.685547 0.578125 0.685547 0.572266 0.687500 0.570312 0.691406 0.570312 0.693359 0.572266 0.695312 0.572266
0 0.767578 0.576172 0.765625 0.578125 0.765625 0.580078 0.763672 0.582031 0.757812 0.582031 0.755859 0.580078 0.755859 0.578125 0.753906 0.576172 0.753906 0.574219 0.755859 0.572266 0.755859 0.570312 0.757812 0.568359 0.763672 0.568359 0.765625 0.570312 0.765625 0.572266 0.767578 0.574219
0 0.382812 0.583984 0.380859 0.583984 0.378906 0.585938 0.375000 0.585938 0.373047 0.583984 0.373047 0.578125 0.375000 0.576172 0.378906 0.576172 0.380859 0.578125 0.382812 0.578125
0 0.671875 0.583984 0.669922 0.583984 0.667969 0.585938 0.664062 0.585938 0.662109 0.583984 0.662109 0.578125 0.664062 0.576172 0.667969 0.576172 0.669922 0.578125 0.671875 0.578125
0 0.748047 0.587891 0.746094 0.587891 0.744141 0.589844 0.740234 0.589844 0.738281 0.587891 0.738281 0.582031 0.740234 0.580078 0.744141 0.580078 0.746094 0.582031 0.748047 0.582031
0 0.027344 0.589844 0.025391 0.589844 0.023438 0.591797 0.019531 0.591797 0.017578 0.589844 0.017578 0.583984 0.019531 0.582031 0.023438 0.582031 0.025391 0.583984 0.027344 0.583984
0 0.699219 0.593750 0.697266 0.593750 0.695312 0.595703 0.691406 0.595703 0.689453 0.593750 0.689453 0.587891 0.691406 0.585938 0.695312 0.585938 0.697266 0.587891 0.699219 0.587891
0 0.542969 0.593750 0.541016 0.595703 0.541016 0.597656 0.539062 0.599609 0.533203 0.599609 0.531250 0.597656 0.531250 0.595703 0.529297 0.593750 0.529297 0.591797 0.531250 0.589844 0.531250 0.587891 0.533203 0.585938 0.539062 0.585938 0.541016 0.587891 0.541016 0.589844 0.542969 0.591797
0 0.380859 0.597656 0.375000 0.603516 0.369141 0.603516 0.363281 0.597656 0.363281 0.591797 0.369141 0.585938 0.375000 0.585938 0.380859 0.591797
0 0.755859 0.593750 0.755859 0.597656 0.751953 0.597656 0.750000 0.595703 0.753906 0.591797
0 0.521484 0.603516 0.519531 0.603516 0.517578 0.605469 0.513672 0.605469 0.511719 0.603516 0.511719 0.597656 0.513672 0.595703 0.517578 0.595703 0.519531 0.597656 0.521484 0.597656
0 0.025391 0.605469 0.023438 0.605469 0.021484 0.607422 0.017578 0.607422 0.015625 0.605469 0.015625 0.599609 0.017578 0.597656 0.021484 0.597656 0.023438 0.599609 0.025391 0.599609
0 0.755859 0.601562 0.755859 0.605469 0.751953 0.605469 0.750000 0.603516 0.753906 0.599609
0 0.548828 0.607422 0.546875 0.607422 0.544922 0.609375 0.541016 0.609375 0.539062 0.607422 0.539062 0.601562 0.541016 0.599609 0.544922 0.599609 0.546875 0.601562 0.548828 0.601562
0 0.687500 0.607422 0.685547 0.609375 0.685547 0.611328 0.683594 0.613281 0.677734 0.613281 0.675781 0.611328 0.675781 0.609375 0.673828 0.607422 0.673828 0.605469 0.675781 0.603516 0.675781 0.601562 0.677734 0.599609 0.683594 0.599609 0.685547 0.601562 0.685547 0.603516 0.687500 0.605469
0 0.701172 0.617188 0.699219 0.617188 0.697266 0.619141 0.687500 0.619141 0.681641 0.613281 0.681641 0.603516 0.683594 0.601562 0.685547 0.601562 0.685547 0.599609 0.687500 0.597656 0.697266 0.597656 0.703125 0.603516 0.703125 0.613281 0.701172 0.615234
0 0.384766 0.609375 0.384766 0.613281 0.380859 0.613281 0.378906 0.611328 0.382812 0.607422
0 0.390625 0.615234 0.390625 0.619141 0.386719 0.619141 0.384766 0.617188 0.388672 0.613281
0 0.697266 0.621094 0.695312 0.621094 0.693359 0.623047 0.689453 0.623047 0.687500 0.621094 0.687500 0.615234 0.689453 0.613281 0.693359 0.613281 0.695312 0.615234 0.697266 0.615234
0 0.394531 0.621094 0.394531 0.625000 0.390625 0.625000 0.388672 0.623047 0.392578 0.619141
0 0.552734 0.625000 0.546875 0.630859 0.541016 0.630859 0.535156 0.625000 0.535156 0.619141 0.541016 0.613281 0.546875 0.613281 0.552734 0.619141
0 0.529297 0.634766 0.527344 0.634766 0.525391 0.636719 0.515625 0.636719 0.509766 0.630859 0.509766 0.621094 0.511719 0.619141 0.513672 0.619141 0.513672 0.617188 0.515625 0.615234 0.525391 0.615234 0.531250 0.621094 0.531250 0.630859 0.529297 0.632812
0 0.619141 0.626953 0.619141 0.630859 0.615234 0.630859 0.613281 0.628906 0.617188 0.625000
0 0.630859 0.626953 0.630859 0.630859 0.626953 0.630859 0.625000 0.628906 0.628906 0.625000
0 0.677734 0.628906 0.675781 0.630859 0.675781 0.632812 0.673828 0.634766 0.667969 0.634766 0.666016 0.632812 0.666016 0.630859 0.664062 0.628906 0.664062 0.626953 0.666016 0.625000 0.666016 0.623047 0.667969 0.621094 0.673828 0.621094 0.675781 0.623047 0.675781 0.625000 0.677734 0.626953
0 0.710938 0.632812 0.708984 0.632812 0.707031 0.634766 0.703125 0.634766 0.701172 0.632812 0.701172 0.626953 0.703125 0.625000 0.707031 0.625000 0.708984 0.626953 0.710938 0.626953
0 0.888672 0.628906 0.888672 0.632812 0.884766 0.632812 0.882812 0.630859 0.886719 0.626953
0 0.400391 0.634766 0.400391 0.638672 0.396484 0.638672 0.394531 0.636719 0.398438 0.632812
0 0.875000 0.634766 0.875000 0.638672 0.871094 0.638672 0.869141 0.636719 0.873047 0.632812
0 0.892578 0.634766 0.892578 0.638672 0.888672 0.638672 0.886719 0.636719 0.890625 0.632812
0 0.644531 0.638672 0.642578 0.640625 0.642578 0.642578 0.640625 0.644531 0.634766 0.644531 0.632812 0.642578 0.632812 0.640625 0.630859 0.638672 0.630859 0.636719 0.632812 0.634766 0.632812 0.632812 0.634766 0.630859 0.640625 0.630859 0.642578 0.632812 0.642578 0.634766 0.644531 0.636719
0 0.693359 0.640625 0.691406 0.640625 0.689453 0.642578 0.685547 0.642578 0.683594 0.640625 0.683594 0.634766 0.685547 0.632812 0.689453 0.632812 0.691406 0.634766 0.693359 0.634766
0 0.597656 0.642578 0.595703 0.642578 0.593750 0.644531 0.589844 0.644531 0.587891 0.642578 0.587891 0.636719 0.589844 0.634766 0.593750 0.634766 0.595703 0.636719 0.597656 0.636719
0 0.066406 0.642578 0.064453 0.644531 0.064453 0.646484 0.062500 0.648438 0.056641 0.648438 0.054688 0.646484 0.054688 0.644531 0.052734 0.642578 0.052734 0.640625 0.054688 0.638672 0.054688 0.636719 0.056641 0.634766 0.062500 0.634766 0.064453 0.636719 0.064453 0.638672 0.066406 0.640625
0 0.558594 0.642578 0.556641 0.644531 0.556641 0.646484 0.554688 0.648438 0.548828 0.648438 0.546875 0.646484 0.546875 0.644531 0.544922 0.642578 0.544922 0.640625 0.546875 0.638672 0.546875 0.636719 0.548828 0.634766 0.554688 0.634766 0.556641 0.636719 0.556641 0.638672 0.558594 0.640625
0 0.617188 0.646484 0.615234 0.646484 0.613281 0.648438 0.609375 0.648438 0.607422 0.646484 0.607422 0.640625 0.609375 0.638672 0.613281 0.638672 0.615234 0.640625 0.617188 0.640625
0 0.751953 0.642578 0.751953 0.646484 0.748047 0.646484 0.746094 0.644531 0.750000 0.640625
0 0.878906 0.642578 0.878906 0.646484 0.875000 0.646484 0.873047 0.644531 0.876953 0.640625
0 0.888672 0.642578 0.888672 0.646484 0.884766 0.646484 0.882812 0.644531 0.886719 0.640625
0 0.474609 0.646484 0.472656 0.648438 0.472656 0.650391 0.470703 0.652344 0.464844 0.652344 0.462891 0.650391 0.462891 0.648438 0.460938 0.646484 0.460938 0.644531 0.462891 0.642578 0.462891 0.640625 0.464844 0.638672 0.470703 0.638672 0.472656 0.640625 0.472656 0.642578 0.474609 0.644531
0 0.630859 0.644531 0.630859 0.648438 0.626953 0.648438 0.625000 0.646484 0.628906 0.642578
0 0.078125 0.650391 0.076172 0.650391 0.074219 0.652344 0.070312 0.652344 0.068359 0.650391 0.068359 0.644531 0.070312 0.642578 0.074219 0.642578 0.076172 0.644531 0.078125 0.644531
0 0.660156 0.650391 0.658203 0.650391 0.656250 0.652344 0.652344 0.652344 0.650391 0.650391 0.650391 0.644531 0.652344 0.642578 0.656250 0.642578 0.658203 0.644531 0.660156 0.644531
0 0.589844 0.652344 0.589844 0.656250 0.585938 0.656250 0.583984 0.654297 0.587891 0.650391
0 0.748047 0.652344 0.748047 0.656250 0.744141 0.656250 0.742188 0.654297 0.746094 0.650391
0 0.601562 0.656250 0.601562 0.660156 0.597656 0.660156 0.595703 0.658203 0.599609 0.654297
0 0.402344 0.658203 0.402344 0.662109 0.398438 0.662109 0.396484 0.660156 0.400391 0.656250
0 0.458984 0.662109 0.457031 0.664062 0.457031 0.666016 0.455078 0.667969 0.449219 0.667969 0.447266 0.666016 0.447266 0.664062 0.445312 0.662109 0.445312 0.660156 0.447266 0.658203 0.447266 0.656250 0.449219 0.654297 0.455078 0.654297 0.457031 0.656250 0.457031 0.658203 0.458984 0.660156
0 0.695312 0.666016 0.693359 0.666016 0.691406 0.667969 0.687500 0.667969 0.685547 0.666016 0.685547 0.660156 0.687500 0.658203 0.691406 0.658203 0.693359 0.660156 0.695312 0.660156
0 0.511719 0.673828 0.509766 0.673828 0.507812 0.675781 0.498047 0.675781 0.492188 0.669922 0.492188 0.660156 0.494141 0.658203 0.496094 0.658203 0.496094 0.656250 0.498047 0.654297 0.507812 0.654297 0.513672 0.660156 0.513672 0.669922 0.511719 0.671875
0 0.677734 0.669922 0.675781 0.669922 0.673828 0.671875 0.669922 0.671875 0.667969 0.669922 0.667969 0.664062 0.669922 0.662109 0.673828 0.662109 0.675781 0.664062 0.677734 0.664062
0 0.552734 0.679688 0.550781 0.679688 0.548828 0.681641 0.539062 0.681641 0.533203 0.675781 0.533203 0.666016 0.535156 0.664062 0.537109 0.664062 0.537109 0.662109 0.539062 0.660156 0.548828 0.660156 0.554688 0.666016 0.554688 0.675781 0.552734 0.677734
0 0.695312 0.673828 0.693359 0.673828 0.691406 0.675781 0.687500 0.675781 0.685547 0.673828 0.685547 0.667969 0.687500 0.666016 0.691406 0.666016 0.693359 0.667969 0.695312 0.667969
0 0.431641 0.677734 0.429688 0.679688 0.429688 0.681641 0.427734 0.683594 0.421875 0.683594 0.419922 0.681641 0.419922 0.679688 0.417969 0.677734 0.417969 0.675781 0.419922 0.673828 0.419922 0.671875 0.421875 0.669922 0.427734 0.669922 0.429688 0.671875 0.429688 0.673828 0.431641 0.675781
0 0.689453 0.679688 0.687500 0.679688 0.685547 0.681641 0.681641 0.681641 0.679688 0.679688 0.679688 0.673828 0.681641 0.671875 0.685547 0.671875 0.687500 0.673828 0.689453 0.673828
0 0.470703 0.691406 0.468750 0.691406 0.466797 0.693359 0.457031 0.693359 0.451172 0.687500 0.451172 0.677734 0.453125 0.675781 0.455078 0.675781 0.455078 0.673828 0.457031 0.671875 0.466797 0.671875 0.472656 0.677734 0.472656 0.687500 0.470703 0.689453
0 0.759766 0.685547 0.759766 0.689453 0.755859 0.689453 0.753906 0.687500 0.757812 0.683594
0 0.423828 0.693359 0.421875 0.695312 0.421875 0.697266 0.419922 0.699219 0.414062 0.699219 0.412109 0.697266 0.412109 0.695312 0.410156 0.693359 0.410156 0.691406 0.412109 0.689453 0.412109 0.687500 0.414062 0.685547 0.419922 0.685547 0.421875 0.687500 0.421875 0.689453 0.423828 0.691406
0 0.748047 0.691406 0.748047 0.695312 0.744141 0.695312 0.742188 0.693359 0.746094 0.689453
0 0.097656 0.699219 0.095703 0.699219 0.093750 0.701172 0.089844 0.701172 0.087891 0.699219 0.087891 0.693359 0.089844 0.691406 0.093750 0.691406 0.095703 0.693359 0.097656 0.693359
0 0.582031 0.699219 0.580078 0.699219 0.578125 0.701172 0.574219 0.701172 0.572266 0.699219 0.572266 0.693359 0.574219 0.691406 0.578125 0.691406 0.580078 0.693359 0.582031 0.693359
0 0.513672 0.707031 0.511719 0.707031 0.509766 0.708984 0.500000 0.708984 0.494141 0.703125 0.494141 0.693359 0.496094 0.691406 0.498047 0.691406 0.498047 0.689453 0.500000 0.687500 0.509766 0.687500 0.515625 0.693359 0.515625 0.703125 0.513672 0.705078
0 0.560547 0.701172 0.554688 0.707031 0.548828 0.707031 0.542969 0.701172 0.542969 0.695312 0.548828 0.689453 0.554688 0.689453 0.560547 0.695312
0 0.757812 0.699219 0.757812 0.703125 0.753906 0.703125 0.751953 0.701172 0.755859 0.697266
0 0.767578 0.701172 0.767578 0.705078 0.763672 0.705078 0.761719 0.703125 0.765625 0.699219
0 0.384766 0.710938 0.378906 0.716797 0.373047 0.716797 0.367188 0.710938 0.367188 0.705078 0.373047 0.699219 0.378906 0.699219 0.384766 0.705078
0 0.681641 0.710938 0.679688 0.710938 0.677734 0.712891 0.673828 0.712891 0.671875 0.710938 0.671875 0.705078 0.673828 0.703125 0.677734 0.703125 0.679688 0.705078 0.681641 0.705078
0 0.103516 0.712891 0.101562 0.712891 0.099609 0.714844 0.095703 0.714844 0.093750 0.712891 0.093750 0.707031 0.095703 0.705078 0.099609 0.705078 0.101562 0.707031 0.103516 0.707031
0 0.576172 0.710938 0.574219 0.712891 0.574219 0.714844 0.572266 0.716797 0.566406 0.716797 0.564453 0.714844 0.564453 0.712891 0.562500 0.710938 0.562500 0.708984 0.564453 0.707031 0.564453 0.705078 0.566406 0.703125 0.572266 0.703125 0.574219 0.705078 0.574219 0.707031 0.576172 0.708984
0 0.693359 0.712891 0.691406 0.712891 0.689453 0.714844 0.685547 0.714844 0.683594 0.712891 0.683594 0.707031 0.685547 0.705078 0.689453 0.705078 0.691406 0.707031 0.693359 0.707031
0 0.591797 0.714844 0.589844 0.714844 0.587891 0.716797 0.583984 0.716797 0.582031 0.714844 0.582031 0.708984 0.583984 0.707031 0.587891 0.707031 0.589844 0.708984 0.591797 0.708984
0 0.998047 0.716797 0.994141 0.716797 0.992188 0.714844 0.992188 0.708984 0.994141 0.707031 0.998047 0.707031
0 0.433594 0.714844 0.431641 0.716797 0.431641 0.718750 0.429688 0.720703 0.423828 0.720703 0.421875 0.718750 0.421875 0.716797 0.419922 0.714844 0.419922 0.712891 0.421875 0.710938 0.421875 0.708984 0.423828 0.707031 0.429688 0.707031 0.431641 0.708984 0.431641 0.710938 0.433594 0.712891
0 0.460938 0.714844 0.458984 0.716797 0.458984 0.718750 0.457031 0.720703 0.451172 0.720703 0.449219 0.718750 0.449219 0.716797 0.447266 0.714844 0.447266 0.712891 0.449219 0.710938 0.449219 0.708984 0.451172 0.707031 0.457031 0.707031 0.458984 0.708984 0.458984 0.710938 0.460938 0.712891
0 0.539062 0.726562 0.537109 0.726562 0.535156 0.728516 0.525391 0.728516 0.519531 0.722656 0.519531 0.712891 0.521484 0.710938 0.523438 0.710938 0.523438 0.708984 0.525391 0.707031 0.535156 0.707031 0.541016 0.712891 0.541016 0.722656 0.539062 0.724609
0 0.394531 0.722656 0.394531 0.726562 0.390625 0.726562 0.388672 0.724609 0.392578 0.720703
0 0.615234 0.722656 0.615234 0.726562 0.611328 0.726562 0.609375 0.724609 0.613281 0.720703
0 0.669922 0.726562 0.667969 0.726562 0.666016 0.728516 0.662109 0.728516 0.660156 0.726562 0.660156 0.720703 0.662109 0.718750 0.666016 0.718750 0.667969 0.720703 0.669922 0.720703
0 0.570312 0.726562 0.568359 0.728516 0.568359 0.730469 0.566406 0.732422 0.560547 0.732422 0.558594 0.730469 0.558594 0.728516 0.556641 0.726562 0.556641 0.724609 0.558594 0.722656 0.558594 0.720703 0.560547 0.718750 0.566406 0.718750 0.568359 0.720703 0.568359 0.722656 0.570312 0.724609
0 0.654297 0.728516 0.652344 0.728516 0.650391 0.730469 0.646484 0.730469 0.644531 0.728516 0.644531 0.722656 0.646484 0.720703 0.650391 0.720703 0.652344 0.722656 0.654297 0.722656
0 0.701172 0.728516 0.699219 0.728516 0.697266 0.730469 0.693359 0.730469 0.691406 0.728516 0.691406 0.722656 0.693359 0.720703 0.697266 0.720703 0.699219 0.722656 0.701172 0.722656
0 0.710938 0.724609 0.710938 0.728516 0.707031 0.728516 0.705078 0.726562 0.708984 0.722656
0 0.130859 0.736328 0.128906 0.736328 0.126953 0.738281 0.117188 0.738281 0.111328 0.732422 0.111328 0.722656 0.113281 0.720703 0.115234 0.720703 0.115234 0.718750 0.117188 0.716797 0.126953 0.716797 0.132812 0.722656 0.132812 0.732422 0.130859 0.734375
0 0.533203 0.730469 0.531250 0.730469 0.529297 0.732422 0.525391 0.732422 0.523438 0.730469 0.523438 0.724609 0.525391 0.722656 0.529297 0.722656 0.531250 0.724609 0.533203 0.724609
0 0.833984 0.728516 0.833984 0.732422 0.830078 0.732422 0.828125 0.730469 0.832031 0.726562
0 0.388672 0.734375 0.386719 0.734375 0.384766 0.736328 0.380859 0.736328 0.378906 0.734375 0.378906 0.728516 0.380859 0.726562 0.384766 0.726562 0.386719 0.728516 0.388672 0.728516
0 0.453125 0.730469 0.453125 0.734375 0.449219 0.734375 0.447266 0.732422 0.451172 0.728516
0 0.486328 0.738281 0.484375 0.738281 0.482422 0.740234 0.478516 0.740234 0.476562 0.738281 0.476562 0.732422 0.478516 0.730469 0.482422 0.730469 0.484375 0.732422 0.486328 0.732422
0 0.599609 0.744141 0.597656 0.744141 0.595703 0.746094 0.585938 0.746094 0.580078 0.740234 0.580078 0.730469 0.582031 0.728516 0.583984 0.728516 0.583984 0.726562 0.585938 0.724609 0.595703 0.724609 0.601562 0.730469 0.601562 0.740234 0.599609 0.742188
0 0.369141 0.746094 0.367188 0.746094 0.365234 0.748047 0.355469 0.748047 0.349609 0.742188 0.349609 0.732422 0.351562 0.730469 0.353516 0.730469 0.353516 0.728516 0.355469 0.726562 0.365234 0.726562 0.371094 0.732422 0.371094 0.742188 0.369141 0.744141
0 0.822266 0.740234 0.820312 0.740234 0.818359 0.742188 0.814453 0.742188 0.812500 0.740234 0.812500 0.734375 0.814453 0.732422 0.818359 0.732422 0.820312 0.734375 0.822266 0.734375
0 0.841797 0.740234 0.839844 0.740234 0.837891 0.742188 0.833984 0.742188 0.832031 0.740234 0.832031 0.734375 0.833984 0.732422 0.837891 0.732422 0.839844 0.734375 0.841797 0.734375
0 0.242188 0.740234 0.240234 0.742188 0.240234 0.744141 0.238281 0.746094 0.232422 0.746094 0.230469 0.744141 0.230469 0.742188 0.228516 0.740234 0.228516 0.738281 0.230469 0.736328 0.230469 0.734375 0.232422 0.732422 0.238281 0.732422 0.240234 0.734375 0.240234 0.736328 0.242188 0.738281
0 0.533203 0.746094 0.531250 0.746094 0.529297 0.748047 0.525391 0.748047 0.523438 0.746094 0.523438 0.740234 0.525391 0.738281 0.529297 0.738281 0.531250 0.740234 0.533203 0.740234
0 0.257812 0.753906 0.255859 0.753906 0.253906 0.755859 0.244141 0.755859 0.238281 0.750000 0.238281 0.740234 0.240234 0.738281 0.242188 0.738281 0.242188 0.736328 0.244141 0.734375 0.253906 0.734375 0.259766 0.740234 0.259766 0.750000 0.257812 0.751953
0 0.830078 0.748047 0.828125 0.748047 0.826172 0.750000 0.822266 0.750000 0.820312 0.748047 0.820312 0.742188 0.822266 0.740234 0.826172 0.740234 0.828125 0.742188 0.830078 0.742188
0 0.513672 0.748047 0.511719 0.750000 0.511719 0.751953 0.509766 0.753906 0.503906 0.753906 0.501953 0.751953 0.501953 0.750000 0.500000 0.748047 0.500000 0.746094 0.501953 0.744141 0.501953 0.742188 0.503906 0.740234 0.509766 0.740234 0.511719 0.742188 0.511719 0.744141 0.513672 0.746094
0 0.501953 0.751953 0.500000 0.751953 0.498047 0.753906 0.494141 0.753906 0.492188 0.751953 0.492188 0.746094 0.494141 0.744141 0.498047 0.744141 0.500000 0.746094 0.501953 0.746094
0 0.707031 0.748047 0.707031 0.751953 0.703125 0.751953 0.701172 0.750000 0.705078 0.746094
0 0.226562 0.751953 0.224609 0.753906 0.224609 0.755859 0.222656 0.757812 0.216797 0.757812 0.214844 0.755859 0.214844 0.753906 0.212891 0.751953 0.212891 0.750000 0.214844 0.748047 0.214844 0.746094 0.216797 0.744141 0.222656 0.744141 0.224609 0.746094 0.224609 0.748047 0.226562 0.750000
0 0.591797 0.753906 0.589844 0.753906 0.587891 0.755859 0.583984 0.755859 0.582031 0.753906 0.582031 0.748047 0.583984 0.746094 0.587891 0.746094 0.589844 0.748047 0.591797 0.748047
0 0.609375 0.753906 0.607422 0.753906 0.605469 0.755859 0.601562 0.755859 0.599609 0.753906 0.599609 0.748047 0.601562 0.746094 0.605469 0.746094 0.607422 0.748047 0.609375 0.748047
0 0.535156 0.761719 0.533203 0.761719 0.531250 0.763672 0.521484 0.763672 0.515625 0.757812 0.515625 0.748047 0.517578 0.746094 0.519531 0.746094 0.519531 0.744141 0.521484 0.742188 0.531250 0.742188 0.537109 0.748047 0.537109 0.757812 0.535156 0.759766
0 0.896484 0.751953 0.896484 0.755859 0.892578 0.755859 0.890625 0.753906 0.894531 0.750000
0 0.714844 0.757812 0.712891 0.757812 0.710938 0.759766 0.707031 0.759766 0.705078 0.757812 0.705078 0.751953 0.707031 0.750000 0.710938 0.750000 0.712891 0.751953 0.714844 0.751953
0 0.398438 0.757812 0.396484 0.759766 0.396484 0.761719 0.394531 0.763672 0.388672 0.763672 0.386719 0.761719 0.386719 0.759766 0.384766 0.757812 0.384766 0.755859 0.386719 0.753906 0.386719 0.751953 0.388672 0.750000 0.394531 0.750000 0.396484 0.751953 0.396484 0.753906 0.398438 0.755859
0 0.125000 0.759766 0.123047 0.761719 0.123047 0.763672 0.121094 0.765625 0.115234 0.765625 0.113281 0.763672 0.113281 0.761719 0.111328 0.759766 0.111328 0.757812 0.113281 0.755859 0.113281 0.753906 0.115234 0.751953 0.121094 0.751953 0.123047 0.753906 0.123047 0.755859 0.125000 0.757812
0 0.699219 0.759766 0.699219 0.763672 0.695312 0.763672 0.693359 0.761719 0.697266 0.757812
0 0.888672 0.763672 0.886719 0.763672 0.884766 0.765625 0.880859 0.765625 0.878906 0.763672 0.878906 0.757812 0.880859 0.755859 0.884766 0.755859 0.886719 0.757812 0.888672 0.757812
0 0.593750 0.763672 0.591797 0.765625 0.591797 0.767578 0.589844 0.769531 0.583984 0.769531 0.582031 0.767578 0.582031 0.765625 0.580078 0.763672 0.580078 0.761719 0.582031 0.759766 0.582031 0.757812 0.583984 0.755859 0.589844 0.755859 0.591797 0.757812 0.591797 0.759766 0.593750 0.761719
0 0.425781 0.763672 0.425781 0.767578 0.421875 0.767578 0.419922 0.765625 0.423828 0.761719
0 0.613281 0.767578 0.611328 0.767578 0.609375 0.769531 0.605469 0.769531 0.603516 0.767578 0.603516 0.761719 0.605469 0.759766 0.609375 0.759766 0.611328 0.761719 0.613281 0.761719
0 0.707031 0.767578 0.705078 0.767578 0.703125 0.769531 0.699219 0.769531 0.697266 0.767578 0.697266 0.761719 0.699219 0.759766 0.703125 0.759766 0.705078 0.761719 0.707031 0.761719
0 0.208984 0.769531 0.207031 0.769531 0.205078 0.771484 0.201172 0.771484 0.199219 0.769531 0.199219 0.763672 0.201172 0.761719 0.205078 0.761719 0.207031 0.763672 0.208984 0.763672
0 0.916016 0.769531 0.914062 0.769531 0.912109 0.771484 0.908203 0.771484 0.906250 0.769531 0.906250 0.763672 0.908203 0.761719 0.912109 0.761719 0.914062 0.763672 0.916016 0.763672
0 0.273438 0.771484 0.271484 0.771484 0.269531 0.773438 0.265625 0.773438 0.263672 0.771484 0.263672 0.765625 0.265625 0.763672 0.269531 0.763672 0.271484 0.765625 0.273438 0.765625
0 0.326172 0.777344 0.324219 0.777344 0.322266 0.779297 0.312500 0.779297 0.306641 0.773438 0.306641 0.763672 0.308594 0.761719 0.310547 0.761719 0.310547 0.759766 0.312500 0.757812 0.322266 0.757812 0.328125 0.763672 0.328125 0.773438 0.326172 0.775391
0 0.419922 0.767578 0.419922 0.771484 0.416016 0.771484 0.414062 0.769531 0.417969 0.765625
0 0.902344 0.771484 0.900391 0.771484 0.898438 0.773438 0.894531 0.773438 0.892578 0.771484 0.892578 0.765625 0.894531 0.763672 0.898438 0.763672 0.900391 0.765625 0.902344 0.765625
0 0.707031 0.781250 0.705078 0.781250 0.703125 0.783203 0.693359 0.783203 0.687500 0.777344 0.687500 0.767578 0.689453 0.765625 0.691406 0.765625 0.691406 0.763672 0.693359 0.761719 0.703125 0.761719 0.708984 0.767578 0.708984 0.777344 0.707031 0.779297
0 0.779297 0.775391 0.777344 0.775391 0.775391 0.777344 0.771484 0.777344 0.769531 0.775391 0.769531 0.769531 0.771484 0.767578 0.775391 0.767578 0.777344 0.769531 0.779297 0.769531
0 0.603516 0.777344 0.597656 0.783203 0.591797 0.783203 0.585938 0.777344 0.585938 0.771484 0.591797 0.765625 0.597656 0.765625 0.603516 0.771484
0 0.394531 0.779297 0.392578 0.779297 0.390625 0.781250 0.386719 0.781250 0.384766 0.779297 0.384766 0.773438 0.386719 0.771484 0.390625 0.771484 0.392578 0.773438 0.394531 0.773438
0 0.792969 0.777344 0.792969 0.781250 0.789062 0.781250 0.787109 0.779297 0.791016 0.775391
0 0.785156 0.779297 0.785156 0.783203 0.781250 0.783203 0.779297 0.781250 0.783203 0.777344
0 0.355469 0.783203 0.353516 0.785156 0.353516 0.787109 0.351562 0.789062 0.345703 0.789062 0.343750 0.787109 0.343750 0.785156 0.341797 0.783203 0.341797 0.781250 0.343750 0.779297 0.343750 0.777344 0.345703 0.775391 0.351562 0.775391 0.353516 0.777344 0.353516 0.779297 0.355469 0.781250
0 0.500000 0.785156 0.498047 0.785156 0.496094 0.787109 0.492188 0.787109 0.490234 0.785156 0.490234 0.779297 0.492188 0.777344 0.496094 0.777344 0.498047 0.779297 0.500000 0.779297
0 0.511719 0.785156 0.509766 0.785156 0.507812 0.787109 0.503906 0.787109 0.501953 0.785156 0.501953 0.779297 0.503906 0.777344 0.507812 0.777344 0.509766 0.779297 0.511719 0.779297
0 0.185547 0.787109 0.183594 0.789062 0.183594 0.791016 0.181641 0.792969 0.175781 0.792969 0.173828 0.791016 0.173828 0.789062 0.171875 0.787109 0.171875 0.785156 0.173828 0.783203 0.173828 0.781250 0.175781 0.779297 0.181641 0.779297 0.183594 0.781250 0.183594 0.783203 0.185547 0.785156
0 0.222656 0.789062 0.220703 0.789062 0.218750 0.791016 0.214844 0.791016 0.212891 0.789062 0.212891 0.783203 0.214844 0.781250 0.218750 0.781250 0.220703 0.783203 0.222656 0.783203
0 0.583984 0.789062 0.582031 0.789062 0.580078 0.791016 0.576172 0.791016 0.574219 0.789062 0.574219 0.783203 0.576172 0.781250 0.580078 0.781250 0.582031 0.783203 0.583984 0.783203
0 0.609375 0.794922 0.607422 0.794922 0.605469 0.796875 0.601562 0.796875 0.599609 0.794922 0.599609 0.789062 0.601562 0.787109 0.605469 0.787109 0.607422 0.789062 0.609375 0.789062
0 0.703125 0.791016 0.703125 0.794922 0.699219 0.794922 0.697266 0.792969 0.701172 0.789062
0 0.310547 0.794922 0.308594 0.796875 0.308594 0.798828 0.306641 0.800781 0.300781 0.800781 0.298828 0.798828 0.298828 0.796875 0.296875 0.794922 0.296875 0.792969 0.298828 0.791016 0.298828 0.789062 0.300781 0.787109 0.306641 0.787109 0.308594 0.789062 0.308594 0.791016 0.310547 0.792969
0 0.689453 0.792969 0.689453 0.796875 0.685547 0.796875 0.683594 0.794922 0.687500 0.791016
0 0.109375 0.804688 0.107422 0.804688 0.105469 0.806641 0.095703 0.806641 0.089844 0.800781 0.089844 0.791016 0.091797 0.789062 0.093750 0.789062 0.093750 0.787109 0.095703 0.785156 0.105469 0.785156 0.111328 0.791016 0.111328 0.800781 0.109375 0.802734
0 0.160156 0.796875 0.158203 0.798828 0.158203 0.800781 0.156250 0.802734 0.150391 0.802734 0.148438 0.800781 0.148438 0.798828 0.146484 0.796875 0.146484 0.794922 0.148438 0.792969 0.148438 0.791016 0.150391 0.789062 0.156250 0.789062 0.158203 0.791016 0.158203 0.792969 0.160156 0.794922
0 0.337891 0.798828 0.335938 0.800781 0.335938 0.802734 0.333984 0.804688 0.328125 0.804688 0.326172 0.802734 0.326172 0.800781 0.324219 0.798828 0.324219 0.796875 0.326172 0.794922 0.326172 0.792969 0.328125 0.791016 0.333984 0.791016 0.335938 0.792969 0.335938 0.794922 0.337891 0.796875
0 0.843750 0.800781 0.841797 0.800781 0.839844 0.802734 0.835938 0.802734 0.833984 0.800781 0.833984 0.794922 0.835938 0.792969 0.839844 0.792969 0.841797 0.794922 0.843750 0.794922
0 0.718750 0.808594 0.716797 0.808594 0.714844 0.810547 0.705078 0.810547 0.699219 0.804688 0.699219 0.794922 0.701172 0.792969 0.703125 0.792969 0.703125 0.791016 0.705078 0.789062 0.714844 0.789062 0.720703 0.794922 0.720703 0.804688 0.718750 0.806641
0 0.224609 0.806641 0.222656 0.806641 0.220703 0.808594 0.216797 0.808594 0.214844 0.806641 0.214844 0.800781 0.216797 0.798828 0.220703 0.798828 0.222656 0.800781 0.224609 0.800781
0 0.599609 0.806641 0.597656 0.806641 0.595703 0.808594 0.591797 0.808594 0.589844 0.806641 0.589844 0.800781 0.591797 0.798828 0.595703 0.798828 0.597656 0.800781 0.599609 0.800781
0 0.730469 0.802734 0.730469 0.806641 0.726562 0.806641 0.724609 0.804688 0.728516 0.800781
0 0.292969 0.808594 0.291016 0.808594 0.289062 0.810547 0.285156 0.810547 0.283203 0.808594 0.283203 0.802734 0.285156 0.800781 0.289062 0.800781 0.291016 0.802734 0.292969 0.802734
0 0.621094 0.808594 0.619141 0.808594 0.617188 0.810547 0.613281 0.810547 0.611328 0.808594 0.611328 0.802734 0.613281 0.800781 0.617188 0.800781 0.619141 0.802734 0.621094 0.802734
0 0.857422 0.810547 0.855469 0.810547 0.853516 0.812500 0.849609 0.812500 0.847656 0.810547 0.847656 0.804688 0.849609 0.802734 0.853516 0.802734 0.855469 0.804688 0.857422 0.804688
0 0.240234 0.820312 0.238281 0.820312 0.236328 0.822266 0.226562 0.822266 0.220703 0.816406 0.220703 0.806641 0.222656 0.804688 0.224609 0.804688 0.224609 0.802734 0.226562 0.800781 0.236328 0.800781 0.242188 0.806641 0.242188 0.816406 0.240234 0.818359
0 0.722656 0.810547 0.722656 0.814453 0.718750 0.814453 0.716797 0.812500 0.720703 0.808594
0 0.736328 0.810547 0.736328 0.814453 0.732422 0.814453 0.730469 0.812500 0.734375 0.808594
0 0.205078 0.814453 0.203125 0.816406 0.203125 0.818359 0.201172 0.820312 0.195312 0.820312 0.193359 0.818359 0.193359 0.816406 0.191406 0.814453 0.191406 0.812500 0.193359 0.810547 0.193359 0.808594 0.195312 0.806641 0.201172 0.806641 0.203125 0.808594 0.203125 0.810547 0.205078 0.812500
0 0.496094 0.816406 0.494141 0.818359 0.494141 0.820312 0.492188 0.822266 0.486328 0.822266 0.484375 0.820312 0.484375 0.818359 0.482422 0.816406 0.482422 0.814453 0.484375 0.812500 0.484375 0.810547 0.486328 0.808594 0.492188 0.808594 0.494141 0.810547 0.494141 0.812500 0.496094 0.814453
0 0.855469 0.818359 0.853516 0.818359 0.851562 0.820312 0.847656 0.820312 0.845703 0.818359 0.845703 0.812500 0.847656 0.810547 0.851562 0.810547 0.853516 0.812500 0.855469 0.812500
0 0.476562 0.820312 0.474609 0.820312 0.472656 0.822266 0.468750 0.822266 0.466797 0.820312 0.466797 0.814453 0.468750 0.812500 0.472656 0.812500 0.474609 0.814453 0.476562 0.814453
0 0.626953 0.816406 0.626953 0.820312 0.623047 0.820312 0.621094 0.818359 0.625000 0.814453
0 0.843750 0.822266 0.841797 0.822266 0.839844 0.824219 0.835938 0.824219 0.833984 0.822266 0.833984 0.816406 0.835938 0.814453 0.839844 0.814453 0.841797 0.816406 0.843750 0.816406
0 0.921875 0.822266 0.919922 0.822266 0.917969 0.824219 0.914062 0.824219 0.912109 0.822266 0.912109 0.816406 0.914062 0.814453 0.917969 0.814453 0.919922 0.816406 0.921875 0.816406
0 0.300781 0.824219 0.298828 0.824219 0.296875 0.826172 0.292969 0.826172 0.291016 0.824219 0.291016 0.818359 0.292969 0.816406 0.296875 0.816406 0.298828 0.818359 0.300781 0.818359
0 0.916016 0.824219 0.914062 0.824219 0.912109 0.826172 0.908203 0.826172 0.906250 0.824219 0.906250 0.818359 0.908203 0.816406 0.912109 0.816406 0.914062 0.818359 0.916016 0.818359
0 0.107422 0.826172 0.105469 0.826172 0.103516 0.828125 0.099609 0.828125 0.097656 0.826172 0.097656 0.820312 0.099609 0.818359 0.103516 0.818359 0.105469 0.820312 0.107422 0.820312
0 0.150391 0.824219 0.148438 0.826172 0.148438 0.828125 0.146484 0.830078 0.140625 0.830078 0.138672 0.828125 0.138672 0.826172 0.136719 0.824219 0.136719 0.822266 0.138672 0.820312 0.138672 0.818359 0.140625 0.816406 0.146484 0.816406 0.148438 0.818359 0.148438 0.820312 0.150391 0.822266
0 0.523438 0.824219 0.521484 0.826172 0.521484 0.828125 0.519531 0.830078 0.513672 0.830078 0.511719 0.828125 0.511719 0.826172 0.509766 0.824219 0.509766 0.822266 0.511719 0.820312 0.511719 0.818359 0.513672 0.816406 0.519531 0.816406 0.521484 0.818359 0.521484 0.820312 0.523438 0.822266
0 0.294922 0.828125 0.292969 0.828125 0.291016 0.830078 0.287109 0.830078 0.285156 0.828125 0.285156 0.822266 0.287109 0.820312 0.291016 0.820312 0.292969 0.822266 0.294922 0.822266
0 0.492188 0.833984 0.490234 0.833984 0.488281 0.835938 0.478516 0.835938 0.472656 0.830078 0.472656 0.820312 0.474609 0.818359 0.476562 0.818359 0.476562 0.816406 0.478516 0.814453 0.488281 0.814453 0.494141 0.820312 0.494141 0.830078 0.492188 0.832031
0 0.927734 0.824219 0.927734 0.828125 0.923828 0.828125 0.921875 0.826172 0.925781 0.822266
0 0.435547 0.830078 0.433594 0.830078 0.431641 0.832031 0.427734 0.832031 0.425781 0.830078 0.425781 0.824219 0.427734 0.822266 0.431641 0.822266 0.433594 0.824219 0.435547 0.824219
0 0.498047 0.832031 0.496094 0.832031 0.494141 0.833984 0.490234 0.833984 0.488281 0.832031 0.488281 0.826172 0.490234 0.824219 0.494141 0.824219 0.496094 0.826172 0.498047 0.826172
0 0.910156 0.832031 0.908203 0.832031 0.906250 0.833984 0.902344 0.833984 0.900391 0.832031 0.900391 0.826172 0.902344 0.824219 0.906250 0.824219 0.908203 0.826172 0.910156 0.826172
0 0.109375 0.832031 0.107422 0.833984 0.107422 0.835938 0.105469 0.837891 0.099609 0.837891 0.097656 0.835938 0.097656 0.833984 0.095703 0.832031 0.095703 0.830078 0.097656 0.828125 0.097656 0.826172 0.099609 0.824219 0.105469 0.824219 0.107422 0.826172 0.107422 0.828125 0.109375 0.830078
0 0.933594 0.833984 0.931641 0.833984 0.929688 0.835938 0.925781 0.835938 0.923828 0.833984 0.923828 0.828125 0.925781 0.826172 0.929688 0.826172 0.931641 0.828125 0.933594 0.828125
0 0.207031 0.835938 0.201172 0.841797 0.195312 0.841797 0.189453 0.835938 0.189453 0.830078 0.195312 0.824219 0.201172 0.824219 0.207031 0.830078
0 0.341797 0.832031 0.341797 0.835938 0.337891 0.835938 0.335938 0.833984 0.339844 0.830078
0 0.458984 0.835938 0.453125 0.841797 0.447266 0.841797 0.441406 0.835938 0.441406 0.830078 0.447266 0.824219 0.453125 0.824219 0.458984 0.830078
0 0.271484 0.837891 0.269531 0.837891 0.267578 0.839844 0.263672 0.839844 0.261719 0.837891 0.261719 0.832031 0.263672 0.830078 0.267578 0.830078 0.269531 0.832031 0.271484 0.832031
0 0.357422 0.837891 0.355469 0.837891 0.353516 0.839844 0.349609 0.839844 0.347656 0.837891 0.347656 0.832031 0.349609 0.830078 0.353516 0.830078 0.355469 0.832031 0.357422 0.832031
0 0.111328 0.839844 0.109375 0.839844 0.107422 0.841797 0.103516 0.841797 0.101562 0.839844 0.101562 0.833984 0.103516 0.832031 0.107422 0.832031 0.109375 0.833984 0.111328 0.833984
0 0.347656 0.837891 0.347656 0.841797 0.343750 0.841797 0.341797 0.839844 0.345703 0.835938
0 0.859375 0.841797 0.857422 0.841797 0.855469 0.843750 0.851562 0.843750 0.849609 0.841797 0.849609 0.835938 0.851562 0.833984 0.855469 0.833984 0.857422 0.835938 0.859375 0.835938
0 0.136719 0.843750 0.134766 0.843750 0.132812 0.845703 0.128906 0.845703 0.126953 0.843750 0.126953 0.837891 0.128906 0.835938 0.132812 0.835938 0.134766 0.837891 0.136719 0.837891
0 0.515625 0.843750 0.509766 0.849609 0.503906 0.849609 0.498047 0.843750 0.498047 0.837891 0.503906 0.832031 0.509766 0.832031 0.515625 0.837891
0 0.416016 0.845703 0.414062 0.845703 0.412109 0.847656 0.408203 0.847656 0.406250 0.845703 0.406250 0.839844 0.408203 0.837891 0.412109 0.837891 0.414062 0.839844 0.416016 0.839844
0 0.654297 0.845703 0.652344 0.845703 0.650391 0.847656 0.646484 0.847656 0.644531 0.845703 0.644531 0.839844 0.646484 0.837891 0.650391 0.837891 0.652344 0.839844 0.654297 0.839844
0 0.916016 0.845703 0.914062 0.845703 0.912109 0.847656 0.908203 0.847656 0.906250 0.845703 0.906250 0.839844 0.908203 0.837891 0.912109 0.837891 0.914062 0.839844 0.916016 0.839844
0 0.119141 0.847656 0.117188 0.847656 0.115234 0.849609 0.111328 0.849609 0.109375 0.847656 0.109375 0.841797 0.111328 0.839844 0.115234 0.839844 0.117188 0.841797 0.119141 0.841797
0 0.921875 0.847656 0.919922 0.847656 0.917969 0.849609 0.914062 0.849609 0.912109 0.847656 0.912109 0.841797 0.914062 0.839844 0.917969 0.839844 0.919922 0.841797 0.921875 0.841797
0 0.244141 0.855469 0.242188 0.855469 0.240234 0.857422 0.230469 0.857422 0.224609 0.851562 0.224609 0.841797 0.226562 0.839844 0.228516 0.839844 0.228516 0.837891 0.230469 0.835938 0.240234 0.835938 0.246094 0.841797 0.246094 0.851562 0.244141 0.853516
0 0.625000 0.845703 0.625000 0.849609 0.621094 0.849609 0.619141 0.847656 0.623047 0.843750
0 0.638672 0.855469 0.636719 0.855469 0.634766 0.857422 0.630859 0.857422 0.628906 0.855469 0.628906 0.849609 0.630859 0.847656 0.634766 0.847656 0.636719 0.849609 0.638672 0.849609
0 0.824219 0.853516 0.824219 0.857422 0.820312 0.857422 0.818359 0.855469 0.822266 0.851562
0 0.847656 0.857422 0.845703 0.857422 0.843750 0.859375 0.839844 0.859375 0.837891 0.857422 0.837891 0.851562 0.839844 0.849609 0.843750 0.849609 0.845703 0.851562 0.847656 0.851562
0 0.671875 0.855469 0.671875 0.859375 0.667969 0.859375 0.666016 0.857422 0.669922 0.853516
0 0.572266 0.859375 0.570312 0.861328 0.570312 0.863281 0.568359 0.865234 0.562500 0.865234 0.560547 0.863281 0.560547 0.861328 0.558594 0.859375 0.558594 0.857422 0.560547 0.855469 0.560547 0.853516 0.562500 0.851562 0.568359 0.851562 0.570312 0.853516 0.570312 0.855469 0.572266 0.857422
0 0.496094 0.863281 0.494141 0.863281 0.492188 0.865234 0.488281 0.865234 0.486328 0.863281 0.486328 0.857422 0.488281 0.855469 0.492188 0.855469 0.494141 0.857422 0.496094 0.857422
0 0.566406 0.861328 0.564453 0.863281 0.564453 0.865234 0.562500 0.867188 0.556641 0.867188 0.554688 0.865234 0.554688 0.863281 0.552734 0.861328 0.552734 0.859375 0.554688 0.857422 0.554688 0.855469 0.556641 0.853516 0.562500 0.853516 0.564453 0.855469 0.564453 0.857422 0.566406 0.859375
0 0.837891 0.865234 0.835938 0.865234 0.833984 0.867188 0.830078 0.867188 0.828125 0.865234 0.828125 0.859375 0.830078 0.857422 0.833984 0.857422 0.835938 0.859375 0.837891 0.859375
0 0.398438 0.863281 0.398438 0.867188 0.394531 0.867188 0.392578 0.865234 0.396484 0.861328
0 0.517578 0.865234 0.515625 0.867188 0.515625 0.869141 0.513672 0.871094 0.507812 0.871094 0.505859 0.869141 0.505859 0.867188 0.503906 0.865234 0.503906 0.863281 0.505859 0.861328 0.505859 0.859375 0.507812 0.857422 0.513672 0.857422 0.515625 0.859375 0.515625 0.861328 0.517578 0.863281
0 0.679688 0.863281 0.679688 0.867188 0.675781 0.867188 0.673828 0.865234 0.677734 0.861328
0 0.822266 0.865234 0.822266 0.869141 0.818359 0.869141 0.816406 0.867188 0.820312 0.863281
0 0.542969 0.869141 0.541016 0.871094 0.541016 0.873047 0.539062 0.875000 0.533203 0.875000 0.531250 0.873047 0.531250 0.871094 0.529297 0.869141 0.529297 0.867188 0.531250 0.865234 0.531250 0.863281 0.533203 0.861328 0.539062 0.861328 0.541016 0.863281 0.541016 0.865234 0.542969 0.867188
0 0.671875 0.867188 0.671875 0.871094 0.667969 0.871094 0.666016 0.869141 0.669922 0.865234
0 0.837891 0.867188 0.837891 0.871094 0.833984 0.871094 0.832031 0.869141 0.835938 0.865234
0 0.248047 0.875000 0.246094 0.876953 0.246094 0.878906 0.244141 0.880859 0.238281 0.880859 0.236328 0.878906 0.236328 0.876953 0.234375 0.875000 0.234375 0.873047 0.236328 0.871094 0.236328 0.869141 0.238281 0.867188 0.244141 0.867188 0.246094 0.869141 0.246094 0.871094 0.248047 0.873047
0 0.851562 0.873047 0.851562 0.876953 0.847656 0.876953 0.845703 0.875000 0.849609 0.871094
0 0.330078 0.884766 0.328125 0.884766 0.326172 0.886719 0.316406 0.886719 0.310547 0.880859 0.310547 0.871094 0.312500 0.869141 0.314453 0.869141 0.314453 0.867188 0.316406 0.865234 0.326172 0.865234 0.332031 0.871094 0.332031 0.880859 0.330078 0.882812
0 0.472656 0.876953 0.470703 0.878906 0.470703 0.880859 0.468750 0.882812 0.462891 0.882812 0.460938 0.880859 0.460938 0.878906 0.458984 0.876953 0.458984 0.875000 0.460938 0.873047 0.460938 0.871094 0.462891 0.869141 0.468750 0.869141 0.470703 0.871094 0.470703 0.873047 0.472656 0.875000
0 0.576172 0.878906 0.574219 0.878906 0.572266 0.880859 0.568359 0.880859 0.566406 0.878906 0.566406 0.873047 0.568359 0.871094 0.572266 0.871094 0.574219 0.873047 0.576172 0.873047
0 0.300781 0.880859 0.294922 0.886719 0.289062 0.886719 0.283203 0.880859 0.283203 0.875000 0.289062 0.869141 0.294922 0.869141 0.300781 0.875000
0 0.343750 0.880859 0.337891 0.886719 0.332031 0.886719 0.326172 0.880859 0.326172 0.875000 0.332031 0.869141 0.337891 0.869141 0.343750 0.875000
0 0.597656 0.876953 0.597656 0.880859 0.593750 0.880859 0.591797 0.878906 0.595703 0.875000
0 0.568359 0.882812 0.566406 0.882812 0.564453 0.884766 0.560547 0.884766 0.558594 0.882812 0.558594 0.876953 0.560547 0.875000 0.564453 0.875000 0.566406 0.876953 0.568359 0.876953
0 0.585938 0.886719 0.583984 0.886719 0.582031 0.888672 0.578125 0.888672 0.576172 0.886719 0.576172 0.880859 0.578125 0.878906 0.582031 0.878906 0.583984 0.880859 0.585938 0.880859
0 0.205078 0.888672 0.199219 0.894531 0.193359 0.894531 0.187500 0.888672 0.187500 0.882812 0.193359 0.876953 0.199219 0.876953 0.205078 0.882812
0 0.693359 0.884766 0.693359 0.888672 0.689453 0.888672 0.687500 0.886719 0.691406 0.882812
0 0.566406 0.886719 0.566406 0.890625 0.562500 0.890625 0.560547 0.888672 0.564453 0.884766
0 0.703125 0.896484 0.701172 0.896484 0.699219 0.898438 0.695312 0.898438 0.693359 0.896484 0.693359 0.890625 0.695312 0.888672 0.699219 0.888672 0.701172 0.890625 0.703125 0.890625
0 0.728516 0.892578 0.728516 0.896484 0.724609 0.896484 0.722656 0.894531 0.726562 0.890625
0 0.392578 0.900391 0.386719 0.906250 0.380859 0.906250 0.375000 0.900391 0.375000 0.894531 0.380859 0.888672 0.386719 0.888672 0.392578 0.894531
0 0.480469 0.900391 0.478516 0.900391 0.476562 0.902344 0.472656 0.902344 0.470703 0.900391 0.470703 0.894531 0.472656 0.892578 0.476562 0.892578 0.478516 0.894531 0.480469 0.894531
0 0.685547 0.900391 0.683594 0.900391 0.681641 0.902344 0.677734 0.902344 0.675781 0.900391 0.675781 0.894531 0.677734 0.892578 0.681641 0.892578 0.683594 0.894531 0.685547 0.894531
0 0.716797 0.896484 0.716797 0.900391 0.712891 0.900391 0.710938 0.898438 0.714844 0.894531
0 0.591797 0.908203 0.589844 0.908203 0.587891 0.910156 0.578125 0.910156 0.572266 0.904297 0.572266 0.894531 0.574219 0.892578 0.576172 0.892578 0.576172 0.890625 0.578125 0.888672 0.587891 0.888672 0.593750 0.894531 0.593750 0.904297 0.591797 0.906250
0 0.656250 0.904297 0.654297 0.904297 0.652344 0.906250 0.648438 0.906250 0.646484 0.904297 0.646484 0.898438 0.648438 0.896484 0.652344 0.896484 0.654297 0.898438 0.656250 0.898438
0 0.636719 0.906250 0.634766 0.906250 0.632812 0.908203 0.628906 0.908203 0.626953 0.906250 0.626953 0.900391 0.628906 0.898438 0.632812 0.898438 0.634766 0.900391 0.636719 0.900391
0 0.722656 0.902344 0.722656 0.906250 0.718750 0.906250 0.716797 0.904297 0.720703 0.900391
0 0.701172 0.906250 0.699219 0.908203 0.699219 0.910156 0.697266 0.912109 0.691406 0.912109 0.689453 0.910156 0.689453 0.908203 0.687500 0.906250 0.687500 0.904297 0.689453 0.902344 0.689453 0.900391 0.691406 0.898438 0.697266 0.898438 0.699219 0.900391 0.699219 0.902344 0.701172 0.904297
0 0.296875 0.912109 0.291016 0.917969 0.285156 0.917969 0.279297 0.912109 0.279297 0.906250 0.285156 0.900391 0.291016 0.900391 0.296875 0.906250
0 0.259766 0.919922 0.257812 0.919922 0.255859 0.921875 0.246094 0.921875 0.240234 0.916016 0.240234 0.906250 0.242188 0.904297 0.244141 0.904297 0.244141 0.902344 0.246094 0.900391 0.255859 0.900391 0.261719 0.906250 0.261719 0.916016 0.259766 0.917969
0 0.652344 0.916016 0.650391 0.916016 0.648438 0.917969 0.644531 0.917969 0.642578 0.916016 0.642578 0.910156 0.644531 0.908203 0.648438 0.908203 0.650391 0.910156 0.652344 0.910156
0 0.642578 0.914062 0.642578 0.917969 0.638672 0.917969 0.636719 0.916016 0.640625 0.912109
0 0.705078 0.914062 0.705078 0.917969 0.701172 0.917969 0.699219 0.916016 0.703125 0.912109
0 0.748047 0.914062 0.748047 0.917969 0.744141 0.917969 0.742188 0.916016 0.746094 0.912109
0 0.998047 0.925781 0.994141 0.925781 0.988281 0.919922 0.988281 0.914062 0.994141 0.908203 0.998047 0.908203
0 0.191406 0.929688 0.189453 0.929688 0.187500 0.931641 0.177734 0.931641 0.171875 0.925781 0.171875 0.916016 0.173828 0.914062 0.175781 0.914062 0.175781 0.912109 0.177734 0.910156 0.187500 0.910156 0.193359 0.916016 0.193359 0.925781 0.191406 0.927734
0 0.744141 0.919922 0.744141 0.923828 0.740234 0.923828 0.738281 0.921875 0.742188 0.917969
0 0.753906 0.919922 0.753906 0.923828 0.750000 0.923828 0.748047 0.921875 0.751953 0.917969
0 0.339844 0.935547 0.337891 0.935547 0.335938 0.937500 0.326172 0.937500 0.320312 0.931641 0.320312 0.921875 0.322266 0.919922 0.324219 0.919922 0.324219 0.917969 0.326172 0.916016 0.335938 0.916016 0.341797 0.921875 0.341797 0.931641 0.339844 0.933594
0 0.240234 0.931641 0.238281 0.931641 0.236328 0.933594 0.232422 0.933594 0.230469 0.931641 0.230469 0.925781 0.232422 0.923828 0.236328 0.923828 0.238281 0.925781 0.240234 0.925781
0 0.699219 0.929688 0.697266 0.931641 0.697266 0.933594 0.695312 0.935547 0.689453 0.935547 0.687500 0.933594 0.687500 0.931641 0.685547 0.929688 0.685547 0.927734 0.687500 0.925781 0.687500 0.923828 0.689453 0.921875 0.695312 0.921875 0.697266 0.923828 0.697266 0.925781 0.699219 0.927734
0 0.509766 0.931641 0.507812 0.933594 0.507812 0.935547 0.505859 0.937500 0.500000 0.937500 0.498047 0.935547 0.498047 0.933594 0.496094 0.931641 0.496094 0.929688 0.498047 0.927734 0.498047 0.925781 0.500000 0.923828 0.505859 0.923828 0.507812 0.925781 0.507812 0.927734 0.509766 0.929688
0 0.615234 0.931641 0.613281 0.933594 0.613281 0.935547 0.611328 0.937500 0.605469 0.937500 0.603516 0.935547 0.603516 0.933594 0.601562 0.931641 0.601562 0.929688 0.603516 0.927734 0.603516 0.925781 0.605469 0.923828 0.611328 0.923828 0.613281 0.925781 0.613281 0.927734 0.615234 0.929688
0 0.654297 0.929688 0.654297 0.933594 0.650391 0.933594 0.648438 0.931641 0.652344 0.927734
0 0.693359 0.939453 0.691406 0.939453 0.689453 0.941406 0.679688 0.941406 0.673828 0.935547 0.673828 0.925781 0.675781 0.923828 0.677734 0.923828 0.677734 0.921875 0.679688 0.919922 0.689453 0.919922 0.695312 0.925781 0.695312 0.935547 0.693359 0.937500
0 0.582031 0.937500 0.580078 0.939453 0.580078 0.941406 0.578125 0.943359 0.572266 0.943359 0.570312 0.941406 0.570312 0.939453 0.568359 0.937500 0.568359 0.935547 0.570312 0.933594 0.570312 0.931641 0.572266 0.929688 0.578125 0.929688 0.580078 0.931641 0.580078 0.933594 0.582031 0.935547
0 0.648438 0.935547 0.648438 0.939453 0.644531 0.939453 0.642578 0.937500 0.646484 0.933594
0 0.355469 0.941406 0.353516 0.943359 0.353516 0.945312 0.351562 0.947266 0.345703 0.947266 0.343750 0.945312 0.343750 0.943359 0.341797 0.941406 0.341797 0.939453 0.343750 0.937500 0.343750 0.935547 0.345703 0.933594 0.351562 0.933594 0.353516 0.935547 0.353516 0.937500 0.355469 0.939453
0 0.371094 0.945312 0.369141 0.947266 0.369141 0.949219 0.367188 0.951172 0.361328 0.951172 0.359375 0.949219 0.359375 0.947266 0.357422 0.945312 0.357422 0.943359 0.359375 0.941406 0.359375 0.939453 0.361328 0.937500 0.367188 0.937500 0.369141 0.939453 0.369141 0.941406 0.371094 0.943359
0 0.599609 0.947266 0.597656 0.947266 0.595703 0.949219 0.591797 0.949219 0.589844 0.947266 0.589844 0.941406 0.591797 0.939453 0.595703 0.939453 0.597656 0.941406 0.599609 0.941406
0 0.673828 0.947266 0.673828 0.951172 0.669922 0.951172 0.667969 0.949219 0.671875 0.945312
0 0.392578 0.960938 0.390625 0.960938 0.388672 0.962891 0.378906 0.962891 0.373047 0.957031 0.373047 0.947266 0.375000 0.945312 0.376953 0.945312 0.376953 0.943359 0.378906 0.941406 0.388672 0.941406 0.394531 0.947266 0.394531 0.957031 0.392578 0.958984
0 0.525391 0.960938 0.523438 0.960938 0.521484 0.962891 0.511719 0.962891 0.505859 0.957031 0.505859 0.947266 0.507812 0.945312 0.509766 0.945312 0.509766 0.943359 0.511719 0.941406 0.521484 0.941406 0.527344 0.947266 0.527344 0.957031 0.525391 0.958984
0 0.623047 0.957031 0.623047 0.960938 0.619141 0.960938 0.617188 0.958984 0.621094 0.955078
0 0.910156 0.957031 0.910156 0.960938 0.906250 0.960938 0.904297 0.958984 0.908203 0.955078
0 0.544922 0.962891 0.542969 0.962891 0.541016 0.964844 0.537109 0.964844 0.535156 0.962891 0.535156 0.957031 0.537109 0.955078 0.541016 0.955078 0.542969 0.957031 0.544922 0.957031
0 0.611328 0.958984 0.611328 0.962891 0.607422 0.962891 0.605469 0.960938 0.609375 0.957031
0 0.988281 0.962891 0.982422 0.968750 0.976562 0.968750 0.970703 0.962891 0.970703 0.957031 0.976562 0.951172 0.982422 0.951172 0.988281 0.957031
0 0.431641 0.972656 0.429688 0.972656 0.427734 0.974609 0.417969 0.974609 0.412109 0.968750 0.412109 0.958984 0.414062 0.957031 0.416016 0.957031 0.416016 0.955078 0.417969 0.953125 0.427734 0.953125 0.433594 0.958984 0.433594 0.968750 0.431641 0.970703
0 0.597656 0.972656 0.595703 0.972656 0.593750 0.974609 0.583984 0.974609 0.578125 0.968750 0.578125 0.958984 0.580078 0.957031 0.582031 0.957031 0.582031 0.955078 0.583984 0.953125 0.593750 0.953125 0.599609 0.958984 0.599609 0.968750 0.597656 0.970703
0 0.679688 0.972656 0.677734 0.972656 0.675781 0.974609 0.666016 0.974609 0.660156 0.968750 0.660156 0.958984 0.662109 0.957031 0.664062 0.957031 0.664062 0.955078 0.666016 0.953125 0.675781 0.953125 0.681641 0.958984 0.681641 0.968750 0.679688 0.970703
0 0.232422 0.976562 0.230469 0.976562 0.228516 0.978516 0.218750 0.978516 0.212891 0.972656 0.212891 0.962891 0.214844 0.960938 0.216797 0.960938 0.216797 0.958984 0.218750 0.957031 0.228516 0.957031 0.234375 0.962891 0.234375 0.972656 0.232422 0.974609
0 0.748047 0.966797 0.748047 0.970703 0.744141 0.970703 0.742188 0.968750 0.746094 0.964844
0 0.798828 0.972656 0.796875 0.972656 0.794922 0.974609 0.791016 0.974609 0.789062 0.972656 0.789062 0.966797 0.791016 0.964844 0.794922 0.964844 0.796875 0.966797 0.798828 0.966797
0 0.966797 0.970703 0.964844 0.972656 0.964844 0.974609 0.962891 0.976562 0.957031 0.976562 0.955078 0.974609 0.955078 0.972656 0.953125 0.970703 0.953125 0.968750 0.955078 0.966797 0.955078 0.964844 0.957031 0.962891 0.962891 0.962891 0.964844 0.964844 0.964844 0.966797 0.966797 0.968750
0 0.781250 0.974609 0.779297 0.974609 0.777344 0.976562 0.773438 0.976562 0.771484 0.974609 0.771484 0.968750 0.773438 0.966797 0.777344 0.966797 0.779297 0.968750 0.781250 0.968750
0 0.998047 0.982422 0.992188 0.982422 0.986328 0.976562 0.986328 0.966797 0.988281 0.964844 0.990234 0.964844 0.990234 0.962891 0.992188 0.960938 0.998047 0.960938
0 0.185547 0.974609 0.183594 0.976562 0.183594 0.978516 0.181641 0.980469 0.175781 0.980469 0.173828 0.978516 0.173828 0.976562 0.171875 0.974609 0.171875 0.972656 0.173828 0.970703 0.173828 0.968750 0.175781 0.966797 0.181641 0.966797 0.183594 0.968750 0.183594 0.970703 0.185547 0.972656
0 0.740234 0.976562 0.738281 0.976562 0.736328 0.978516 0.732422 0.978516 0.730469 0.976562 0.730469 0.970703 0.732422 0.968750 0.736328 0.968750 0.738281 0.970703 0.740234 0.970703
0 0.751953 0.972656 0.751953 0.976562 0.748047 0.976562 0.746094 0.974609 0.750000 0.970703
0 0.660156 0.976562 0.660156 0.980469 0.656250 0.980469 0.654297 0.978516 0.658203 0.974609
0 0.726562 0.986328 0.724609 0.986328 0.722656 0.988281 0.712891 0.988281 0.707031 0.982422 0.707031 0.972656 0.708984 0.970703 0.710938 0.970703 0.710938 0.968750 0.712891 0.966797 0.722656 0.966797 0.728516 0.972656 0.728516 0.982422 0.726562 0.984375
0 0.468750 0.984375 0.462891 0.990234 0.457031 0.990234 0.451172 0.984375 0.451172 0.978516 0.457031 0.972656 0.462891 0.972656 0.468750 0.978516
0 0.689453 0.990234 0.687500 0.990234 0.685547 0.992188 0.675781 0.992188 0.669922 0.986328 0.669922 0.976562 0.671875 0.974609 0.673828 0.974609 0.673828 0.972656 0.675781 0.970703 0.685547 0.970703 0.691406 0.976562 0.691406 0.986328 0.689453 0.988281
0 0.914062 0.980469 0.914062 0.984375 0.910156 0.984375 0.908203 0.982422 0.912109 0.978516
0 0.550781 0.986328 0.548828 0.986328 0.546875 0.988281 0.542969 0.988281 0.541016 0.986328 0.541016 0.980469 0.542969 0.978516 0.546875 0.978516 0.548828 0.980469 0.550781 0.980469
0 0.666016 0.982422 0.666016 0.986328 0.662109 0.986328 0.660156 0.984375 0.664062 0.980469
0 0.603516 0.990234 0.601562 0.990234 0.599609 0.992188 0.595703 0.992188 0.593750 0.990234 0.593750 0.984375 0.595703 0.982422 0.599609 0.982422 0.601562 0.984375 0.603516 0.984375
0 0.732422 0.990234 0.730469 0.990234 0.728516 0.992188 0.724609 0.992188 0.722656 0.990234 0.722656 0.984375 0.724609 0.982422 0.728516 0.982422 0.730469 0.984375 0.732422 0.984375
0 0.925781 0.986328 0.925781 0.990234 0.921875 0.990234 0.919922 0.988281 0.923828 0.984375
0 0.427734 0.994141 0.425781 0.994141 0.423828 0.996094 0.419922 0.996094 0.417969 0.994141 0.417969 0.988281 0.419922 0.986328 0.423828 0.986328 0.425781 0.988281 0.427734 0.988281
0 0.884766 0.994141 0.884766 0.998047 0.880859 0.998047 0.878906 0.996094 0.882812 0.992188
0 0.208984 0.998047 0.187500 0.998047 0.187500 0.992188 0.189453 0.990234 0.191406 0.990234 0.191406 0.988281 0.193359 0.986328 0.203125 0.986328 0.208984 0.992188
0 0.408203 0.998047 0.386719 0.998047 0.386719 0.992188 0.388672 0.990234 0.390625 0.990234 0.390625 0.988281 0.392578 0.986328 0.402344 0.986328 0.408203 0.992188
0 0.478516 0.998047 0.457031 0.998047 0.457031 0.992188 0.458984 0.990234 0.460938 0.990234 0.460938 0.988281 0.462891 0.986328 0.472656 0.986328 0.478516 0.992188
0 0.494141 0.998047 0.480469 0.998047 0.480469 0.996094 0.482422 0.994141 0.482422 0.992188 0.484375 0.990234 0.490234 0.990234 0.492188 0.992188 0.492188 0.994141 0.494141 0.996094
0 0.554688 0.998047 0.533203 0.998047 0.533203 0.992188 0.535156 0.990234 0.537109 0.990234 0.537109 0.988281 0.539062 0.986328 0.548828 0.986328 0.554688 0.992188
0 0.574219 0.998047 0.552734 0.998047 0.552734 0.992188 0.554688 0.990234 0.556641 0.990234 0.556641 0.988281 0.558594 0.986328 0.568359 0.986328 0.574219 0.992188
0 0.699219 0.996094 0.699219 0.998047 0.693359 0.998047 0.697266 0.994141
0 0.744141 0.998047 0.730469 0.998047 0.730469 0.996094 0.732422 0.994141 0.732422 0.992188 0.734375 0.990234 0.740234 0.990234 0.742188 0.992188 0.742188 0.994141 0.744141 0.996094
0 0.904297 0.998047 0.894531 0.998047 0.894531 0.994141 0.896484 0.992188 0.900391 0.992188 0.902344 0.994141 0.904297 0.994141
0 0.925781 0.996094 0.925781 0.998047 0.919922 0.998047 0.923828 0.994141
0 0.988281 0.998047 0.966797 0.998047 0.966797 0.992188 0.968750 0.990234 0.970703 0.990234 0.970703 0.988281 0.972656 0.986328 0.982422 0.986328 0.988281 0.992188
