0 0.048828 0.000000 0.048828 0.003906 0.050781 0.005859 0.052734 0.005859 0.054688 0.003906 0.054688 0.000000
0 0.140625 0.005859 0.136719 0.005859 0.136719 0.007812 0.134766 0.009766 0.134766 0.011719 0.136719 0.013672 0.138672 0.013672 0.142578 0.009766 0.142578 0.007812
0 0.896484 0.044922 0.894531 0.046875 0.894531 0.050781 0.896484 0.052734 0.900391 0.052734 0.902344 0.050781 0.902344 0.048828 0.898438 0.044922
0 0.953125 0.050781 0.949219 0.054688 0.951172 0.056641 0.955078 0.056641 0.955078 0.052734
0 0.558594 0.130859 0.558594 0.134766 0.560547 0.136719 0.562500 0.136719 0.564453 0.134766 0.564453 0.132812 0.562500 0.130859
0 0.455078 0.142578 0.453125 0.144531 0.453125 0.146484 0.451172 0.148438 0.451172 0.152344 0.455078 0.156250 0.462891 0.156250 0.464844 0.154297 0.464844 0.148438 0.466797 0.146484 0.462891 0.142578
0 0.496094 0.150391 0.494141 0.152344 0.494141 0.158203 0.498047 0.162109 0.500000 0.162109 0.501953 0.164062 0.503906 0.164062 0.505859 0.162109 0.505859 0.152344 0.503906 0.150391
0 0.472656 0.179688 0.466797 0.175781 0.457031 0.175781 0.453125 0.181641 0.449219 0.181641 0.443359 0.177734 0.441406 0.179688 0.437500 0.179688 0.433594 0.183594 0.433594 0.195312 0.439453 0.201172 0.449219 0.201172 0.453125 0.197266 0.453125 0.193359 0.457031 0.187500 0.460938 0.189453 0.468750 0.189453 0.472656 0.185547
0 0.917969 0.205078 0.916016 0.207031 0.916016 0.210938 0.917969 0.212891 0.921875 0.212891 0.923828 0.210938 0.923828 0.208984 0.919922 0.205078
0 0.417969 0.228516 0.416016 0.230469 0.417969 0.232422 0.419922 0.230469
0 0.435547 0.226562 0.431641 0.226562 0.429688 0.228516 0.431641 0.230469 0.433594 0.230469 0.435547 0.228516
0 0.431641 0.248047 0.429688 0.250000 0.433594 0.253906 0.435547 0.253906 0.437500 0.251953 0.437500 0.248047
0 0.343750 0.255859 0.337891 0.261719 0.337891 0.271484 0.341797 0.275391 0.345703 0.275391 0.347656 0.277344 0.349609 0.277344 0.355469 0.271484 0.355469 0.265625 0.357422 0.263672 0.353516 0.257812 0.351562 0.257812 0.349609 0.255859
0 0.386719 0.285156 0.380859 0.291016 0.380859 0.296875 0.382812 0.298828 0.392578 0.298828 0.394531 0.296875 0.394531 0.289062 0.390625 0.285156
1 0.458984 0.287109 0.449219 0.291016 0.443359 0.285156 0.435547 0.287109 0.437500 0.292969 0.425781 0.304688 0.427734 0.320312 0.431641 0.324219 0.437500 0.326172 0.445312 0.322266 0.449219 0.314453 0.449219 0.308594 0.443359 0.298828 0.445312 0.296875 0.455078 0.298828
0 0.679688 0.287109 0.677734 0.289062 0.679688 0.291016 0.681641 0.291016 0.681641 0.287109
1 0.615234 0.296875 0.611328 0.296875 0.611328 0.298828 0.609375 0.300781 0.609375 0.302734 0.611328 0.304688 0.613281 0.304688 0.613281 0.298828
0 0.632812 0.304688 0.632812 0.308594 0.636719 0.308594 0.636719 0.304688
0 0.603516 0.318359 0.601562 0.320312 0.601562 0.322266 0.603516 0.324219 0.607422 0.324219 0.607422 0.318359
0 0.521484 0.332031 0.519531 0.333984 0.519531 0.335938 0.521484 0.337891 0.523438 0.335938 0.523438 0.333984
1 0.537109 0.332031 0.533203 0.335938 0.533203 0.339844 0.541016 0.347656 0.544922 0.349609 0.544922 0.353516 0.546875 0.355469 0.544922 0.357422 0.552734 0.361328 0.554688 0.359375 0.554688 0.351562 0.552734 0.349609 0.552734 0.335938 0.548828 0.332031
0 0.587891 0.333984 0.585938 0.335938 0.589844 0.339844 0.591797 0.339844 0.593750 0.337891 0.593750 0.335938 0.591797 0.333984
0 0.332031 0.339844 0.330078 0.341797 0.330078 0.343750 0.332031 0.345703 0.333984 0.345703 0.335938 0.343750 0.335938 0.341797 0.333984 0.339844
0 0.375000 0.343750 0.373047 0.345703 0.373047 0.355469 0.375000 0.355469 0.380859 0.361328 0.384766 0.361328 0.386719 0.359375 0.388672 0.359375 0.394531 0.353516 0.394531 0.347656 0.388672 0.341797 0.380859 0.341797 0.378906 0.343750
0 0.644531 0.343750 0.642578 0.345703 0.642578 0.347656 0.644531 0.349609 0.646484 0.349609 0.648438 0.347656 0.648438 0.345703 0.646484 0.343750
0 0.349609 0.349609 0.347656 0.351562 0.347656 0.355469 0.349609 0.357422 0.355469 0.357422 0.355469 0.353516 0.351562 0.349609
0 0.570312 0.349609 0.566406 0.353516 0.566406 0.359375 0.570312 0.363281 0.572266 0.363281 0.574219 0.361328 0.576172 0.361328 0.578125 0.359375 0.578125 0.353516 0.576172 0.351562 0.574219 0.351562 0.572266 0.349609
0 0.296875 0.351562 0.292969 0.351562 0.291016 0.353516 0.292969 0.355469 0.294922 0.355469 0.296875 0.353516
0 0.527344 0.353516 0.519531 0.359375 0.519531 0.363281 0.517578 0.365234 0.517578 0.373047 0.521484 0.376953 0.525391 0.376953 0.527344 0.378906 0.533203 0.378906 0.539062 0.375000 0.539062 0.373047 0.541016 0.371094 0.541016 0.367188 0.542969 0.365234 0.542969 0.361328 0.537109 0.353516
0 0.248047 0.359375 0.246094 0.359375 0.246094 0.363281 0.248047 0.361328
0 0.119141 0.365234 0.119141 0.369141 0.121094 0.371094 0.123047 0.369141 0.123047 0.367188 0.121094 0.365234
0 0.458984 0.365234 0.457031 0.367188 0.457031 0.369141 0.458984 0.371094 0.460938 0.371094 0.462891 0.369141 0.462891 0.367188 0.460938 0.365234
0 0.763672 0.363281 0.759766 0.367188 0.759766 0.369141 0.763672 0.373047 0.763672 0.375000 0.765625 0.375000 0.767578 0.376953 0.769531 0.376953 0.775391 0.371094 0.775391 0.367188 0.773438 0.365234 0.771484 0.365234 0.769531 0.363281
0 0.359375 0.371094 0.361328 0.373047 0.359375 0.375000 0.365234 0.375000 0.363281 0.373047 0.365234 0.371094
0 0.437500 0.376953 0.437500 0.382812 0.439453 0.384766 0.443359 0.384766 0.443359 0.382812 0.445312 0.380859 0.445312 0.378906 0.443359 0.376953
0 0.615234 0.388672 0.615234 0.392578 0.619141 0.392578 0.621094 0.390625 0.619141 0.388672
1 0.515625 0.390625 0.507812 0.390625 0.505859 0.392578 0.505859 0.400391 0.509766 0.404297 0.503906 0.410156 0.503906 0.414062 0.507812 0.419922 0.511719 0.419922 0.513672 0.417969 0.513672 0.414062 0.515625 0.412109 0.513672 0.410156 0.513672 0.408203 0.521484 0.400391 0.521484 0.396484
0 0.150391 0.398438 0.148438 0.400391 0.148438 0.408203 0.150391 0.410156 0.150391 0.414062 0.154297 0.417969 0.154297 0.419922 0.156250 0.419922 0.162109 0.414062 0.162109 0.408203 0.160156 0.406250 0.160156 0.402344 0.156250 0.398438
0 0.208984 0.398438 0.207031 0.400391 0.207031 0.404297 0.208984 0.406250 0.208984 0.408203 0.210938 0.408203 0.212891 0.406250 0.212891 0.400391 0.210938 0.398438
0 0.406250 0.398438 0.404297 0.400391 0.404297 0.404297 0.408203 0.404297 0.408203 0.400391
0 0.582031 0.398438 0.580078 0.400391 0.583984 0.404297 0.585938 0.404297 0.585938 0.402344 0.587891 0.400391 0.585938 0.398438
0 0.181641 0.408203 0.179688 0.408203 0.177734 0.410156 0.175781 0.410156 0.173828 0.412109 0.173828 0.417969 0.177734 0.421875 0.179688 0.421875 0.181641 0.419922 0.185547 0.419922 0.187500 0.417969 0.187500 0.414062 0.185547 0.412109 0.185547 0.410156 0.183594 0.410156
0 0.855469 0.406250 0.853516 0.408203 0.855469 0.410156 0.857422 0.410156 0.859375 0.408203 0.857422 0.406250
0 0.960938 0.406250 0.958984 0.408203 0.958984 0.417969 0.960938 0.419922 0.964844 0.419922 0.970703 0.414062 0.970703 0.412109 0.968750 0.410156 0.968750 0.408203 0.966797 0.406250
1 0.314453 0.412109 0.310547 0.416016 0.308594 0.416016 0.310547 0.416016 0.312500 0.417969 0.310547 0.419922 0.312500 0.421875 0.312500 0.433594 0.316406 0.437500 0.318359 0.437500 0.322266 0.433594 0.322266 0.416016 0.318359 0.412109
0 0.554688 0.417969 0.554688 0.419922 0.552734 0.421875 0.550781 0.421875 0.550781 0.425781 0.554688 0.429688 0.560547 0.429688 0.562500 0.427734 0.562500 0.423828 0.560547 0.421875 0.560547 0.419922 0.556641 0.419922
0 0.658203 0.421875 0.658203 0.425781 0.662109 0.425781 0.662109 0.423828 0.660156 0.421875
0 0.376953 0.431641 0.376953 0.435547 0.380859 0.439453 0.382812 0.439453 0.384766 0.437500 0.388672 0.437500 0.390625 0.435547 0.390625 0.431641 0.388672 0.429688 0.386719 0.429688 0.384766 0.427734 0.380859 0.427734
0 0.623047 0.427734 0.621094 0.427734 0.619141 0.429688 0.619141 0.433594 0.623047 0.433594
1 0.580078 0.437500 0.578125 0.439453 0.578125 0.445312 0.574219 0.449219 0.574219 0.451172 0.576172 0.453125 0.570312 0.458984 0.570312 0.460938 0.576172 0.466797 0.578125 0.466797 0.578125 0.464844 0.580078 0.462891 0.582031 0.464844 0.582031 0.466797 0.583984 0.468750 0.583984 0.474609 0.582031 0.476562 0.580078 0.476562 0.580078 0.478516 0.582031 0.480469 0.585938 0.480469 0.587891 0.478516 0.587891 0.476562 0.585938 0.474609 0.585938 0.466797 0.583984 0.464844 0.582031 0.464844 0.580078 0.462891 0.580078 0.460938 0.576172 0.457031 0.589844 0.445312 0.589844 0.441406 0.585938 0.437500
0 0.988281 0.439453 0.986328 0.441406 0.982422 0.441406 0.982422 0.447266 0.980469 0.449219 0.982422 0.451172 0.988281 0.451172 0.992188 0.447266 0.992188 0.443359
0 0.480469 0.443359 0.478516 0.445312 0.476562 0.445312 0.476562 0.449219 0.478516 0.451172 0.480469 0.451172 0.482422 0.449219 0.484375 0.449219 0.482422 0.447266 0.482422 0.445312
0 0.376953 0.449219 0.375000 0.447266 0.373047 0.449219 0.373047 0.451172 0.375000 0.451172
0 0.433594 0.449219 0.433594 0.451172 0.439453 0.451172 0.439453 0.449219 0.437500 0.447266 0.435547 0.447266
0 0.546875 0.451172 0.544922 0.453125 0.544922 0.462891 0.548828 0.466797 0.554688 0.466797 0.556641 0.468750 0.562500 0.462891 0.562500 0.460938 0.558594 0.457031 0.558594 0.455078 0.554688 0.451172
0 0.675781 0.449219 0.673828 0.451172 0.673828 0.453125 0.675781 0.455078 0.677734 0.453125 0.677734 0.451172
0 0.300781 0.453125 0.298828 0.455078 0.298828 0.457031 0.300781 0.458984 0.304688 0.458984 0.306641 0.457031 0.306641 0.455078 0.304688 0.453125
0 0.369141 0.458984 0.367188 0.457031 0.363281 0.457031 0.359375 0.460938 0.349609 0.460938 0.345703 0.466797 0.351562 0.472656 0.353516 0.472656 0.355469 0.470703 0.367188 0.470703 0.369141 0.468750
0 0.390625 0.458984 0.390625 0.460938 0.392578 0.460938 0.392578 0.458984
0 0.593750 0.457031 0.593750 0.458984 0.595703 0.460938 0.597656 0.458984 0.595703 0.457031
0 0.228516 0.464844 0.224609 0.468750 0.224609 0.476562 0.230469 0.482422 0.236328 0.482422 0.240234 0.478516 0.240234 0.470703 0.234375 0.464844
0 0.447266 0.468750 0.445312 0.470703 0.447266 0.472656 0.449219 0.470703
0 0.595703 0.470703 0.595703 0.472656 0.599609 0.472656 0.597656 0.470703
0 0.693359 0.470703 0.691406 0.470703 0.689453 0.472656 0.691406 0.474609 0.693359 0.472656
0 0.208984 0.474609 0.208984 0.476562 0.207031 0.478516 0.210938 0.482422 0.212891 0.480469 0.212891 0.476562 0.210938 0.474609
0 0.554688 0.472656 0.554688 0.474609 0.558594 0.474609 0.558594 0.472656
0 0.376953 0.484375 0.371094 0.488281 0.367188 0.498047 0.369141 0.509766 0.375000 0.515625 0.382812 0.515625 0.390625 0.521484 0.398438 0.517578 0.398438 0.505859 0.392578 0.500000 0.392578 0.492188 0.390625 0.488281 0.384766 0.484375
0 0.468750 0.490234 0.466797 0.492188 0.466797 0.498047 0.468750 0.500000 0.468750 0.501953 0.470703 0.503906 0.476562 0.503906 0.482422 0.498047 0.482422 0.492188 0.476562 0.492188 0.474609 0.490234
0 0.595703 0.488281 0.591797 0.488281 0.591797 0.492188 0.593750 0.492188 0.595703 0.490234
0 0.658203 0.494141 0.656250 0.496094 0.656250 0.498047 0.658203 0.498047
0 0.458984 0.505859 0.455078 0.509766 0.455078 0.513672 0.458984 0.517578 0.464844 0.517578 0.468750 0.513672 0.466797 0.511719 0.466797 0.509766 0.462891 0.505859
0 0.496094 0.511719 0.490234 0.505859 0.484375 0.505859 0.482422 0.507812 0.480469 0.507812 0.474609 0.513672 0.474609 0.515625 0.472656 0.517578 0.474609 0.519531 0.470703 0.525391 0.472656 0.527344 0.478516 0.527344 0.480469 0.529297 0.488281 0.529297 0.490234 0.527344 0.490234 0.525391 0.496094 0.519531
0 0.767578 0.505859 0.765625 0.507812 0.765625 0.511719 0.763672 0.513672 0.765625 0.515625 0.765625 0.517578 0.767578 0.519531 0.771484 0.519531 0.777344 0.513672 0.777344 0.509766 0.773438 0.505859
0 0.166016 0.507812 0.158203 0.507812 0.150391 0.515625 0.150391 0.521484 0.154297 0.525391 0.160156 0.527344 0.167969 0.519531 0.169922 0.513672
0 0.445312 0.513672 0.443359 0.513672 0.441406 0.515625 0.443359 0.517578 0.441406 0.519531 0.437500 0.519531 0.433594 0.523438 0.433594 0.525391 0.437500 0.529297 0.441406 0.529297 0.441406 0.527344 0.445312 0.523438 0.445312 0.521484 0.447266 0.519531 0.447266 0.515625
0 0.667969 0.511719 0.666016 0.513672 0.666016 0.517578 0.667969 0.519531 0.671875 0.519531 0.671875 0.517578 0.673828 0.515625 0.673828 0.513672 0.671875 0.511719
1 0.134766 0.521484 0.128906 0.517578 0.121094 0.517578 0.119141 0.519531 0.115234 0.519531 0.111328 0.523438 0.099609 0.521484 0.095703 0.525391 0.095703 0.529297 0.099609 0.533203 0.111328 0.531250 0.115234 0.535156 0.121094 0.535156 0.130859 0.529297 0.134766 0.525391
0 0.267578 0.515625 0.265625 0.517578 0.265625 0.519531 0.267578 0.521484 0.269531 0.521484 0.271484 0.519531 0.271484 0.517578 0.269531 0.515625
0 0.796875 0.519531 0.796875 0.521484 0.802734 0.521484 0.802734 0.517578 0.798828 0.517578
0 0.712891 0.521484 0.710938 0.523438 0.710938 0.525391 0.712891 0.527344 0.714844 0.527344 0.716797 0.525391 0.716797 0.523438 0.714844 0.521484
0 0.982422 0.519531 0.980469 0.521484 0.978516 0.521484 0.974609 0.525391 0.974609 0.531250 0.976562 0.533203 0.984375 0.533203 0.986328 0.531250 0.986328 0.525391 0.982422 0.521484
0 0.250000 0.523438 0.250000 0.529297 0.251953 0.531250 0.255859 0.531250 0.255859 0.529297 0.257812 0.527344 0.257812 0.523438
0 0.601562 0.523438 0.599609 0.523438 0.595703 0.527344 0.595703 0.537109 0.597656 0.539062 0.599609 0.539062 0.599609 0.537109 0.601562 0.535156 0.601562 0.533203 0.605469 0.529297 0.601562 0.525391
0 0.689453 0.525391 0.687500 0.525391 0.683594 0.529297 0.683594 0.533203 0.685547 0.535156 0.689453 0.535156 0.691406 0.533203 0.691406 0.527344
0 0.175781 0.533203 0.173828 0.535156 0.173828 0.539062 0.175781 0.541016 0.179688 0.541016 0.179688 0.535156 0.177734 0.533203
0 0.351562 0.533203 0.347656 0.541016 0.347656 0.544922 0.353516 0.548828 0.361328 0.548828 0.363281 0.550781 0.359375 0.556641 0.367188 0.560547 0.369141 0.552734 0.361328 0.548828 0.365234 0.546875 0.363281 0.544922 0.365234 0.542969 0.365234 0.537109 0.361328 0.533203
0 0.419922 0.531250 0.417969 0.533203 0.417969 0.542969 0.421875 0.546875 0.423828 0.546875 0.425781 0.544922 0.427734 0.544922 0.429688 0.546875 0.429688 0.544922 0.433594 0.539062 0.433594 0.535156 0.431641 0.533203 0.431641 0.531250
0 0.921875 0.533203 0.919922 0.533203 0.917969 0.531250 0.916016 0.533203 0.904297 0.533203 0.900391 0.537109 0.900391 0.546875 0.908203 0.554688 0.912109 0.554688 0.917969 0.548828 0.917969 0.541016 0.919922 0.539062 0.921875 0.539062
0 0.533203 0.539062 0.531250 0.541016 0.531250 0.546875 0.539062 0.546875 0.541016 0.544922 0.541016 0.541016 0.539062 0.539062
0 0.587891 0.539062 0.585938 0.541016 0.585938 0.542969 0.587891 0.544922 0.589844 0.544922 0.591797 0.542969 0.591797 0.541016 0.589844 0.539062
0 0.822266 0.541016 0.814453 0.539062 0.804688 0.544922 0.798828 0.542969 0.796875 0.544922 0.796875 0.556641 0.798828 0.560547 0.806641 0.566406 0.816406 0.566406 0.820312 0.564453 0.826172 0.558594 0.826172 0.544922
0 0.472656 0.544922 0.472656 0.548828 0.476562 0.552734 0.478516 0.552734 0.480469 0.554688 0.484375 0.554688 0.486328 0.552734 0.486328 0.548828 0.484375 0.546875 0.484375 0.544922 0.482422 0.542969 0.476562 0.542969 0.474609 0.544922
0 0.621094 0.546875 0.619141 0.544922 0.617188 0.546875 0.609375 0.546875 0.611328 0.548828 0.611328 0.550781 0.613281 0.552734 0.617188 0.552734 0.619141 0.550781 0.619141 0.548828
0 0.646484 0.542969 0.644531 0.544922 0.644531 0.550781 0.646484 0.552734 0.652344 0.552734 0.654297 0.550781 0.654297 0.548828 0.652344 0.546875 0.652344 0.544922 0.650391 0.542969
0 0.177734 0.552734 0.173828 0.556641 0.173828 0.558594 0.179688 0.564453 0.181641 0.562500 0.181641 0.560547 0.183594 0.558594 0.183594 0.556641 0.179688 0.552734
0 0.386719 0.550781 0.386719 0.560547 0.388672 0.562500 0.388672 0.564453 0.390625 0.566406 0.392578 0.566406 0.396484 0.570312 0.398438 0.570312 0.404297 0.564453 0.404297 0.556641 0.400391 0.552734 0.398438 0.552734 0.396484 0.550781
0 0.441406 0.556641 0.433594 0.566406 0.431641 0.564453 0.427734 0.566406 0.429688 0.568359 0.433594 0.566406 0.435547 0.570312 0.431641 0.574219 0.425781 0.574219 0.419922 0.578125 0.421875 0.589844 0.416016 0.595703 0.417969 0.597656 0.423828 0.593750 0.427734 0.597656 0.433594 0.597656 0.439453 0.605469 0.443359 0.605469 0.445312 0.607422 0.451172 0.607422 0.451172 0.603516 0.453125 0.601562 0.457031 0.601562 0.458984 0.603516 0.458984 0.607422 0.462891 0.609375 0.464844 0.607422 0.466797 0.609375 0.470703 0.603516 0.470703 0.599609 0.460938 0.591797 0.457031 0.593750 0.453125 0.593750 0.451172 0.591797 0.453125 0.585938 0.458984 0.580078 0.460938 0.582031 0.458984 0.580078 0.460938 0.570312 0.458984 0.566406 0.455078 0.564453 0.455078 0.560547 0.451172 0.556641
0 0.513672 0.556641 0.511719 0.558594 0.511719 0.562500 0.513672 0.564453 0.515625 0.564453 0.517578 0.562500 0.517578 0.558594 0.515625 0.556641
1 0.607422 0.558594 0.605469 0.558594 0.603516 0.556641 0.601562 0.556641 0.599609 0.558594 0.599609 0.564453 0.597656 0.566406 0.595703 0.566406 0.593750 0.564453 0.593750 0.570312 0.595703 0.572266 0.601562 0.566406 0.605469 0.566406 0.607422 0.564453
0 0.376953 0.568359 0.375000 0.570312 0.375000 0.572266 0.376953 0.572266 0.378906 0.574219 0.376953 0.576172 0.378906 0.576172 0.378906 0.572266 0.380859 0.570312 0.378906 0.568359
0 0.466797 0.568359 0.466797 0.570312 0.468750 0.572266 0.470703 0.570312 0.468750 0.568359
0 0.826172 0.568359 0.822266 0.572266 0.822266 0.578125 0.828125 0.583984 0.830078 0.583984 0.832031 0.582031 0.835938 0.582031 0.837891 0.580078 0.837891 0.576172 0.835938 0.574219 0.835938 0.572266 0.832031 0.568359
0 0.992188 0.568359 0.986328 0.570312 0.986328 0.572266 0.980469 0.578125 0.980469 0.582031 0.982422 0.583984 0.982422 0.585938 0.984375 0.585938 0.986328 0.587891 0.994141 0.587891 0.998047 0.583984 0.998047 0.572266
0 0.117188 0.570312 0.115234 0.572266 0.115234 0.574219 0.117188 0.576172 0.119141 0.576172 0.121094 0.574219 0.121094 0.572266 0.119141 0.570312
0 0.652344 0.580078 0.650391 0.582031 0.650391 0.583984 0.652344 0.585938 0.654297 0.583984 0.654297 0.582031
0 0.351562 0.582031 0.349609 0.583984 0.347656 0.583984 0.347656 0.591797 0.351562 0.595703 0.353516 0.595703 0.355469 0.593750 0.357422 0.593750 0.359375 0.591797 0.357422 0.589844 0.357422 0.587891 0.353516 0.583984 0.353516 0.582031
1 0.511719 0.591797 0.511719 0.593750 0.509766 0.595703 0.509766 0.599609 0.511719 0.599609 0.515625 0.603516 0.515625 0.605469 0.513672 0.607422 0.517578 0.613281 0.521484 0.607422 0.521484 0.599609 0.519531 0.597656 0.519531 0.593750 0.515625 0.593750 0.513672 0.591797
0 0.703125 0.589844 0.699219 0.593750 0.699219 0.599609 0.703125 0.603516 0.707031 0.603516 0.710938 0.599609 0.710938 0.591797 0.708984 0.589844
0 0.324219 0.595703 0.322266 0.597656 0.322266 0.599609 0.324219 0.601562 0.324219 0.603516 0.326172 0.601562 0.328125 0.603516 0.328125 0.595703
0 0.554688 0.593750 0.552734 0.595703 0.552734 0.597656 0.554688 0.597656
0 0.916016 0.593750 0.914062 0.595703 0.912109 0.595703 0.908203 0.599609 0.908203 0.609375 0.912109 0.613281 0.912109 0.615234 0.914062 0.615234 0.916016 0.617188 0.923828 0.617188 0.931641 0.609375 0.931641 0.607422 0.929688 0.605469 0.929688 0.599609 0.923828 0.593750
0 0.337891 0.630859 0.328125 0.615234 0.316406 0.613281 0.310547 0.599609 0.294922 0.607422 0.289062 0.623047 0.291016 0.630859 0.287109 0.634766 0.279297 0.630859 0.275391 0.638672 0.281250 0.646484 0.289062 0.642578 0.300781 0.646484 0.306641 0.642578 0.306641 0.626953 0.318359 0.626953 0.328125 0.638672
1 0.683594 0.617188 0.683594 0.607422 0.679688 0.603516 0.675781 0.603516 0.669922 0.599609 0.660156 0.601562 0.654297 0.609375 0.648438 0.609375 0.642578 0.605469 0.636719 0.607422 0.638672 0.613281 0.646484 0.613281 0.648438 0.615234 0.654297 0.613281 0.658203 0.619141 0.667969 0.626953 0.677734 0.625000
0 0.564453 0.603516 0.562500 0.605469 0.558594 0.605469 0.558594 0.607422 0.564453 0.613281 0.564453 0.611328 0.568359 0.607422
0 0.619141 0.601562 0.617188 0.603516 0.617188 0.611328 0.619141 0.613281 0.625000 0.613281 0.625000 0.611328 0.626953 0.609375 0.626953 0.605469 0.623047 0.601562
0 0.240234 0.605469 0.238281 0.605469 0.236328 0.607422 0.234375 0.607422 0.234375 0.613281 0.236328 0.615234 0.238281 0.615234 0.242188 0.611328 0.242188 0.607422
0 0.585938 0.605469 0.582031 0.605469 0.582031 0.609375 0.583984 0.611328 0.585938 0.609375
0 0.554688 0.609375 0.552734 0.611328 0.552734 0.613281 0.554688 0.615234 0.556641 0.613281 0.556641 0.611328
0 0.265625 0.619141 0.263672 0.621094 0.263672 0.623047 0.267578 0.626953 0.269531 0.626953 0.271484 0.625000 0.271484 0.621094 0.269531 0.619141
0 0.482422 0.619141 0.482422 0.623047 0.480469 0.625000 0.480469 0.632812 0.486328 0.636719 0.494141 0.636719 0.496094 0.634766 0.496094 0.625000 0.494141 0.623047 0.492188 0.623047 0.490234 0.621094 0.490234 0.619141
0 0.562500 0.617188 0.562500 0.623047 0.564453 0.625000 0.566406 0.625000 0.568359 0.623047 0.568359 0.619141 0.566406 0.617188
0 0.517578 0.621094 0.515625 0.623047 0.515625 0.625000 0.517578 0.626953 0.519531 0.625000 0.519531 0.623047
0 0.998047 0.621094 0.996094 0.623047 0.996094 0.625000 0.994141 0.626953 0.988281 0.626953 0.986328 0.628906 0.986328 0.630859 0.988281 0.632812 0.990234 0.632812 0.992188 0.630859 0.998047 0.636719
0 0.437500 0.626953 0.429688 0.632812 0.429688 0.646484 0.433594 0.654297 0.441406 0.662109 0.445312 0.662109 0.447266 0.666016 0.449219 0.664062 0.453125 0.664062 0.457031 0.660156 0.457031 0.652344 0.453125 0.646484 0.449219 0.630859 0.443359 0.626953
0 0.402344 0.638672 0.386719 0.628906 0.375000 0.630859 0.367188 0.640625 0.371094 0.652344 0.359375 0.660156 0.343750 0.648438 0.316406 0.646484 0.312500 0.664062 0.318359 0.689453 0.326172 0.695312 0.349609 0.693359 0.357422 0.687500 0.363281 0.691406 0.367188 0.687500 0.359375 0.685547 0.363281 0.677734 0.378906 0.673828 0.384766 0.666016 0.390625 0.669922 0.396484 0.666016 0.396484 0.656250 0.404297 0.650391
1 0.562500 0.630859 0.558594 0.636719 0.558594 0.646484 0.562500 0.652344 0.562500 0.656250 0.568359 0.662109 0.578125 0.662109 0.585938 0.667969 0.595703 0.669922 0.597656 0.667969 0.597656 0.662109 0.589844 0.656250 0.591797 0.654297 0.583984 0.656250 0.578125 0.650391 0.574219 0.640625
0 0.693359 0.628906 0.691406 0.630859 0.691406 0.632812 0.693359 0.634766 0.697266 0.634766 0.699219 0.632812 0.699219 0.630859 0.697266 0.628906
0 0.957031 0.630859 0.955078 0.632812 0.955078 0.634766 0.957031 0.636719 0.958984 0.636719 0.960938 0.634766 0.960938 0.632812 0.958984 0.630859
1 0.521484 0.632812 0.501953 0.642578 0.503906 0.652344 0.501953 0.656250 0.509766 0.658203 0.517578 0.654297 0.521484 0.648438 0.529297 0.650391 0.523438 0.662109 0.523438 0.667969 0.533203 0.675781 0.527344 0.679688 0.529297 0.683594 0.552734 0.687500 0.550781 0.691406 0.541016 0.693359 0.539062 0.701172 0.541016 0.703125 0.535156 0.707031 0.539062 0.712891 0.542969 0.710938 0.544922 0.705078 0.548828 0.703125 0.554688 0.705078 0.570312 0.687500 0.560547 0.679688 0.554688 0.683594 0.552734 0.673828 0.546875 0.667969 0.535156 0.675781 0.531250 0.673828 0.535156 0.662109 0.542969 0.656250 0.541016 0.652344 0.542969 0.650391 0.539062 0.652344 0.535156 0.648438 0.529297 0.648438 0.527344 0.646484 0.531250 0.638672
0 0.541016 0.636719 0.541016 0.640625 0.542969 0.642578 0.544922 0.640625 0.544922 0.638672 0.542969 0.636719
0 0.605469 0.644531 0.601562 0.640625 0.599609 0.642578 0.599609 0.646484 0.603516 0.646484
1 0.791016 0.652344 0.787109 0.658203 0.789062 0.664062 0.787109 0.671875 0.789062 0.673828 0.787109 0.677734 0.789062 0.685547 0.794922 0.689453 0.798828 0.687500 0.806641 0.689453 0.802734 0.693359 0.794922 0.695312 0.791016 0.701172 0.800781 0.714844 0.796875 0.722656 0.796875 0.734375 0.800781 0.740234 0.810547 0.742188 0.814453 0.740234 0.816406 0.730469 0.820312 0.726562 0.820312 0.720703 0.824219 0.714844 0.824219 0.710938 0.820312 0.712891 0.814453 0.710938 0.814453 0.705078 0.812500 0.707031 0.810547 0.705078 0.808594 0.697266 0.810547 0.675781 0.804688 0.664062 0.806641 0.662109 0.812500 0.664062 0.814453 0.658203 0.810547 0.656250 0.804688 0.660156 0.798828 0.652344
0 0.550781 0.660156 0.550781 0.662109 0.552734 0.664062 0.554688 0.664062 0.556641 0.662109 0.560547 0.662109 0.558594 0.662109 0.556641 0.660156 0.556641 0.658203 0.554688 0.658203 0.552734 0.660156
0 0.845703 0.658203 0.843750 0.660156 0.843750 0.666016 0.845703 0.667969 0.845703 0.669922 0.853516 0.669922 0.857422 0.666016 0.857422 0.664062 0.851562 0.658203
1 0.480469 0.673828 0.484375 0.673828 0.486328 0.675781 0.490234 0.669922 0.496094 0.669922 0.498047 0.671875 0.496094 0.677734 0.501953 0.683594 0.501953 0.685547 0.505859 0.689453 0.509766 0.689453 0.511719 0.691406 0.513672 0.689453 0.515625 0.689453 0.515625 0.687500 0.517578 0.685547 0.517578 0.681641 0.515625 0.679688 0.513672 0.673828 0.509766 0.673828 0.507812 0.671875 0.507812 0.673828 0.505859 0.675781 0.503906 0.675781 0.496094 0.667969 0.496094 0.664062 0.494141 0.662109 0.492188 0.662109 0.490234 0.664062 0.490234 0.667969 0.484375 0.673828
0 0.751953 0.660156 0.750000 0.662109 0.750000 0.666016 0.751953 0.667969 0.755859 0.667969 0.757812 0.666016 0.757812 0.662109 0.755859 0.660156
0 0.613281 0.664062 0.611328 0.666016 0.611328 0.669922 0.613281 0.671875 0.617188 0.671875 0.617188 0.666016 0.615234 0.664062
0 0.914062 0.685547 0.914062 0.691406 0.919922 0.697266 0.921875 0.697266 0.923828 0.699219 0.927734 0.699219 0.933594 0.693359 0.935547 0.695312 0.935547 0.689453 0.933594 0.687500 0.933594 0.685547 0.931641 0.685547 0.925781 0.679688 0.921875 0.679688 0.919922 0.681641 0.917969 0.681641
0 0.609375 0.687500 0.607422 0.689453 0.609375 0.691406 0.609375 0.693359 0.613281 0.693359 0.615234 0.691406 0.615234 0.689453 0.613281 0.687500
0 0.771484 0.691406 0.771484 0.695312 0.775391 0.699219 0.779297 0.699219 0.781250 0.701172 0.781250 0.693359 0.779297 0.691406 0.779297 0.689453 0.777344 0.689453 0.775391 0.691406
0 0.234375 0.691406 0.228516 0.691406 0.228516 0.693359 0.230469 0.695312 0.230469 0.697266 0.234375 0.693359
1 0.402344 0.699219 0.400391 0.703125 0.414062 0.712891 0.414062 0.720703 0.419922 0.726562 0.419922 0.730469 0.423828 0.732422 0.425781 0.726562 0.433594 0.718750 0.429688 0.710938 0.421875 0.710938 0.416016 0.703125 0.417969 0.701172 0.414062 0.699219 0.416016 0.697266 0.414062 0.695312 0.412109 0.699219 0.410156 0.697266 0.412109 0.699219 0.410156 0.701172
0 0.591797 0.699219 0.591797 0.701172 0.593750 0.703125 0.595703 0.701172 0.597656 0.703125 0.599609 0.703125 0.601562 0.701172 0.603516 0.701172 0.601562 0.699219 0.601562 0.697266 0.599609 0.697266 0.597656 0.695312 0.595703 0.695312
0 0.371094 0.705078 0.369141 0.707031 0.369141 0.708984 0.371094 0.710938 0.375000 0.710938 0.376953 0.708984 0.376953 0.707031 0.375000 0.705078
0 0.611328 0.703125 0.609375 0.705078 0.609375 0.707031 0.611328 0.708984 0.613281 0.708984 0.613281 0.707031 0.615234 0.705078 0.613281 0.703125
0 0.333984 0.708984 0.333984 0.710938 0.332031 0.712891 0.332031 0.714844 0.333984 0.716797 0.337891 0.716797 0.339844 0.718750 0.341797 0.718750 0.341797 0.712891 0.337891 0.708984
0 0.568359 0.708984 0.560547 0.708984 0.556641 0.712891 0.556641 0.714844 0.554688 0.716797 0.554688 0.718750 0.556641 0.720703 0.556641 0.722656 0.562500 0.726562 0.564453 0.724609 0.566406 0.724609 0.572266 0.718750 0.572266 0.712891 0.570312 0.712891 0.568359 0.710938
0 0.898438 0.712891 0.896484 0.714844 0.896484 0.718750 0.898438 0.720703 0.902344 0.720703 0.904297 0.718750 0.904297 0.714844 0.902344 0.714844 0.900391 0.712891
1 0.392578 0.716797 0.394531 0.718750 0.396484 0.716797 0.398438 0.716797
0 0.705078 0.714844 0.671875 0.722656 0.662109 0.734375 0.660156 0.742188 0.669922 0.757812 0.683594 0.759766 0.675781 0.771484 0.666016 0.767578 0.652344 0.777344 0.667969 0.798828 0.673828 0.798828 0.675781 0.789062 0.689453 0.781250 0.693359 0.771484 0.689453 0.761719 0.693359 0.757812 0.710938 0.759766 0.720703 0.751953 0.716797 0.728516
1 0.943359 0.716797 0.941406 0.714844 0.933594 0.714844 0.923828 0.722656 0.917969 0.722656 0.916016 0.724609 0.916016 0.730469 0.912109 0.734375 0.906250 0.730469 0.902344 0.730469 0.898438 0.736328 0.898438 0.742188 0.904297 0.746094 0.912109 0.744141 0.916016 0.734375 0.917969 0.736328 0.929688 0.736328 0.943359 0.726562
0 0.646484 0.718750 0.646484 0.722656 0.650391 0.722656 0.650391 0.720703 0.648438 0.718750
0 0.738281 0.718750 0.734375 0.722656 0.734375 0.724609 0.738281 0.728516 0.742188 0.728516 0.744141 0.726562 0.744141 0.720703 0.742188 0.718750
1 0.353516 0.724609 0.349609 0.724609 0.343750 0.730469 0.341797 0.730469 0.339844 0.732422 0.339844 0.736328 0.341797 0.736328 0.343750 0.738281 0.345703 0.738281 0.349609 0.734375 0.349609 0.730469 0.351562 0.728516 0.353516 0.728516
0 0.365234 0.728516 0.363281 0.730469 0.365234 0.732422 0.367188 0.730469
0 0.882812 0.750000 0.880859 0.751953 0.882812 0.753906 0.882812 0.755859 0.884766 0.755859 0.886719 0.753906 0.886719 0.751953 0.884766 0.750000
0 0.527344 0.753906 0.523438 0.757812 0.523438 0.763672 0.529297 0.769531 0.531250 0.769531 0.533203 0.767578 0.537109 0.767578 0.541016 0.763672 0.541016 0.757812 0.537109 0.753906
0 0.753906 0.755859 0.750000 0.759766 0.750000 0.763672 0.751953 0.765625 0.751953 0.767578 0.757812 0.767578 0.759766 0.765625 0.759766 0.759766 0.757812 0.757812 0.755859 0.757812
0 0.980469 0.759766 0.976562 0.763672 0.976562 0.767578 0.978516 0.769531 0.978516 0.771484 0.986328 0.771484 0.988281 0.769531 0.988281 0.761719 0.986328 0.761719 0.984375 0.759766
0 0.923828 0.765625 0.921875 0.767578 0.921875 0.769531 0.919922 0.771484 0.919922 0.777344 0.921875 0.779297 0.927734 0.779297 0.929688 0.777344 0.929688 0.769531 0.925781 0.765625
1 0.902344 0.775391 0.898438 0.781250 0.898438 0.789062 0.908203 0.796875 0.908203 0.802734 0.914062 0.808594 0.919922 0.806641 0.921875 0.802734 0.919922 0.798828 0.919922 0.792969 0.914062 0.787109 0.912109 0.777344 0.910156 0.775391
0 0.597656 0.781250 0.595703 0.783203 0.595703 0.785156 0.597656 0.787109 0.599609 0.787109 0.601562 0.785156 0.601562 0.783203 0.599609 0.781250
0 0.769531 0.781250 0.761719 0.781250 0.759766 0.783203 0.757812 0.783203 0.757812 0.791016 0.761719 0.794922 0.765625 0.794922 0.765625 0.792969 0.769531 0.789062
0 0.972656 0.781250 0.970703 0.783203 0.970703 0.785156 0.972656 0.787109 0.974609 0.787109 0.976562 0.785156 0.976562 0.783203 0.974609 0.781250
0 0.726562 0.787109 0.724609 0.787109 0.720703 0.792969 0.716797 0.792969 0.712891 0.796875 0.712891 0.806641 0.714844 0.806641 0.716797 0.808594 0.716797 0.810547 0.724609 0.810547 0.730469 0.804688 0.730469 0.798828 0.728516 0.798828 0.726562 0.796875 0.728516 0.794922 0.726562 0.792969 0.728516 0.791016 0.728516 0.789062
0 0.517578 0.791016 0.515625 0.792969 0.515625 0.794922 0.513672 0.796875 0.515625 0.798828 0.517578 0.798828 0.519531 0.800781 0.523438 0.800781 0.523438 0.792969 0.521484 0.791016
0 0.621094 0.800781 0.619141 0.800781 0.617188 0.802734 0.619141 0.804688 0.621094 0.802734
0 0.646484 0.800781 0.642578 0.800781 0.640625 0.802734 0.640625 0.804688 0.642578 0.806641 0.644531 0.806641 0.646484 0.804688
0 0.560547 0.804688 0.558594 0.806641 0.560547 0.808594 0.562500 0.808594 0.562500 0.806641
1 0.531250 0.808594 0.529297 0.808594 0.529297 0.812500 0.531250 0.814453 0.529297 0.816406 0.527344 0.816406 0.523438 0.822266 0.523438 0.828125 0.525391 0.830078 0.529297 0.830078 0.533203 0.826172 0.533203 0.818359 0.529297 0.812500 0.531250 0.810547
0 0.869141 0.818359 0.869141 0.820312 0.873047 0.824219 0.876953 0.824219 0.878906 0.822266 0.884766 0.828125 0.888672 0.828125 0.890625 0.830078 0.896484 0.830078 0.900391 0.826172 0.902344 0.826172 0.902344 0.816406 0.900391 0.814453 0.902344 0.812500 0.900391 0.814453 0.896484 0.810547 0.886719 0.810547 0.882812 0.812500 0.880859 0.816406 0.875000 0.816406 0.873047 0.814453
1 0.935547 0.808594 0.937500 0.810547 0.933594 0.812500 0.933594 0.820312 0.935547 0.822266 0.935547 0.826172 0.939453 0.833984 0.941406 0.833984 0.945312 0.837891 0.955078 0.837891 0.957031 0.835938 0.957031 0.832031 0.951172 0.824219 0.951172 0.814453 0.943359 0.808594 0.939453 0.808594 0.937500 0.810547
1 0.484375 0.812500 0.480469 0.812500 0.478516 0.814453 0.478516 0.818359 0.480469 0.820312 0.480469 0.822266 0.476562 0.826172 0.476562 0.828125 0.474609 0.830078 0.478516 0.835938 0.482422 0.835938 0.486328 0.832031 0.486328 0.822266 0.488281 0.820312 0.488281 0.816406
1 0.689453 0.826172 0.681641 0.814453 0.673828 0.816406 0.664062 0.828125 0.654297 0.828125 0.652344 0.826172 0.654297 0.824219 0.652344 0.826172 0.648438 0.820312 0.638672 0.820312 0.634766 0.828125 0.634766 0.837891 0.640625 0.843750 0.650391 0.841797 0.654297 0.845703 0.666016 0.845703 0.677734 0.835938 0.685547 0.833984
0 0.759766 0.820312 0.755859 0.820312 0.755859 0.824219 0.757812 0.826172 0.761719 0.822266
0 0.541016 0.828125 0.537109 0.833984 0.537109 0.839844 0.541016 0.843750 0.544922 0.843750 0.550781 0.847656 0.552734 0.845703 0.554688 0.845703 0.556641 0.847656 0.560547 0.843750 0.560547 0.835938 0.558594 0.833984 0.558594 0.832031 0.554688 0.828125 0.554688 0.826172 0.544922 0.826172 0.542969 0.828125
0 0.833984 0.832031 0.832031 0.833984 0.832031 0.837891 0.833984 0.839844 0.835938 0.839844 0.837891 0.837891 0.837891 0.833984 0.835938 0.832031
0 0.992188 0.833984 0.986328 0.839844 0.986328 0.841797 0.988281 0.843750 0.988281 0.847656 0.990234 0.849609 0.990234 0.851562 0.992188 0.853516 0.998047 0.853516 0.998047 0.833984
0 0.919922 0.843750 0.912109 0.851562 0.912109 0.857422 0.916016 0.861328 0.916016 0.863281 0.921875 0.863281 0.925781 0.867188 0.925781 0.869141 0.927734 0.871094 0.929688 0.871094 0.931641 0.869141 0.931641 0.867188 0.929688 0.865234 0.929688 0.861328 0.931641 0.859375 0.931641 0.851562 0.925781 0.843750
0 0.720703 0.849609 0.716797 0.849609 0.714844 0.851562 0.716797 0.853516 0.716797 0.855469 0.718750 0.855469 0.720703 0.853516
0 0.636719 0.857422 0.636719 0.859375 0.634766 0.861328 0.632812 0.861328 0.632812 0.863281 0.634766 0.865234 0.636719 0.865234 0.638672 0.867188 0.638672 0.869141 0.638672 0.865234 0.640625 0.863281 0.638672 0.861328 0.638672 0.859375
0 0.654297 0.857422 0.648438 0.863281 0.648438 0.867188 0.650391 0.869141 0.650391 0.871094 0.654297 0.871094 0.654297 0.869141 0.656250 0.867188 0.658203 0.869141 0.658203 0.867188 0.656250 0.865234 0.656250 0.859375
0 0.697266 0.855469 0.693359 0.855469 0.691406 0.857422 0.689453 0.857422 0.687500 0.859375 0.687500 0.861328 0.689453 0.863281 0.689453 0.867188 0.693359 0.871094 0.695312 0.871094 0.697266 0.869141 0.699219 0.869141 0.701172 0.867188 0.701172 0.859375
1 0.890625 0.855469 0.886719 0.855469 0.884766 0.857422 0.884766 0.859375 0.886719 0.861328 0.884766 0.863281 0.884766 0.865234 0.880859 0.869141 0.880859 0.875000 0.884766 0.878906 0.886719 0.878906 0.892578 0.875000 0.892578 0.869141 0.888672 0.865234 0.888672 0.861328 0.890625 0.859375
0 0.962891 0.859375 0.958984 0.859375 0.957031 0.861328 0.958984 0.863281 0.960938 0.863281 0.962891 0.861328
0 0.494141 0.863281 0.492188 0.863281 0.490234 0.865234 0.490234 0.869141 0.494141 0.869141
0 0.972656 0.865234 0.972656 0.867188 0.976562 0.871094 0.978516 0.869141 0.980469 0.869141 0.980469 0.865234 0.978516 0.863281 0.974609 0.863281
0 0.716797 0.867188 0.714844 0.869141 0.714844 0.871094 0.716797 0.873047 0.718750 0.873047 0.720703 0.871094 0.720703 0.869141 0.718750 0.867188
0 0.945312 0.876953 0.943359 0.878906 0.943359 0.882812 0.945312 0.884766 0.949219 0.884766 0.951172 0.882812 0.951172 0.876953 0.949219 0.878906 0.947266 0.876953
0 0.560547 0.878906 0.558594 0.878906 0.552734 0.884766 0.550781 0.884766 0.550781 0.890625 0.552734 0.892578 0.558594 0.892578 0.560547 0.890625
0 0.599609 0.878906 0.595703 0.882812 0.595703 0.888672 0.599609 0.892578 0.601562 0.892578 0.603516 0.890625 0.605469 0.892578 0.605469 0.894531 0.609375 0.894531 0.609375 0.892578 0.605469 0.888672 0.607422 0.886719 0.607422 0.880859 0.605469 0.878906
0 0.623047 0.886719 0.621094 0.884766 0.621094 0.886719 0.619141 0.888672 0.617188 0.888672 0.623047 0.888672
1 0.650391 0.898438 0.642578 0.896484 0.640625 0.898438 0.634766 0.898438 0.630859 0.900391 0.626953 0.906250 0.625000 0.906250 0.621094 0.902344 0.615234 0.902344 0.611328 0.906250 0.611328 0.910156 0.603516 0.917969 0.603516 0.927734 0.607422 0.931641 0.607422 0.933594 0.599609 0.943359 0.599609 0.949219 0.605469 0.955078 0.609375 0.955078 0.613281 0.951172 0.613281 0.947266 0.615234 0.945312 0.615234 0.939453 0.613281 0.937500 0.626953 0.921875 0.625000 0.919922 0.625000 0.908203 0.626953 0.906250 0.628906 0.906250 0.632812 0.910156 0.642578 0.910156 0.644531 0.908203 0.650391 0.908203 0.652344 0.906250 0.652344 0.900391
0 0.505859 0.900391 0.503906 0.902344 0.505859 0.904297 0.507812 0.902344
0 0.546875 0.898438 0.542969 0.902344 0.542969 0.906250 0.537109 0.912109 0.537109 0.914062 0.541016 0.914062 0.542969 0.912109 0.546875 0.912109 0.552734 0.916016 0.556641 0.916016 0.558594 0.914062 0.558594 0.910156 0.556641 0.908203 0.554688 0.908203 0.552734 0.906250 0.552734 0.902344 0.550781 0.902344
0 0.707031 0.900391 0.707031 0.906250 0.708984 0.908203 0.710938 0.908203 0.712891 0.906250 0.714844 0.906250 0.714844 0.902344 0.712891 0.900391
0 0.740234 0.900391 0.738281 0.902344 0.740234 0.904297 0.742188 0.902344
0 0.564453 0.902344 0.562500 0.904297 0.562500 0.910156 0.564453 0.912109 0.568359 0.912109 0.570312 0.910156 0.570312 0.904297 0.568359 0.902344
0 0.660156 0.904297 0.654297 0.912109 0.656250 0.925781 0.667969 0.935547 0.667969 0.939453 0.669922 0.941406 0.673828 0.941406 0.683594 0.933594 0.685547 0.923828 0.673828 0.906250 0.667969 0.902344 0.666016 0.904297
0 0.835938 0.904297 0.835938 0.906250 0.833984 0.908203 0.835938 0.910156 0.835938 0.912109 0.839844 0.908203
0 0.443359 0.908203 0.435547 0.917969 0.435547 0.921875 0.437500 0.923828 0.435547 0.925781 0.433594 0.925781 0.435547 0.925781 0.437500 0.927734 0.439453 0.925781 0.443359 0.925781 0.445312 0.927734 0.453125 0.927734 0.455078 0.925781 0.455078 0.914062 0.449219 0.908203
0 0.943359 0.908203 0.943359 0.910156 0.945312 0.912109 0.947266 0.912109 0.949219 0.910156 0.949219 0.908203
0 0.925781 0.917969 0.919922 0.910156 0.916016 0.912109 0.908203 0.921875 0.902344 0.917969 0.898438 0.917969 0.896484 0.919922 0.896484 0.927734 0.898438 0.929688 0.908203 0.929688 0.910156 0.931641 0.912109 0.929688 0.919922 0.929688 0.923828 0.925781 0.923828 0.921875
0 0.857422 0.917969 0.853516 0.919922 0.861328 0.933594 0.861328 0.947266 0.855469 0.964844 0.859375 0.972656 0.886719 0.988281 0.894531 0.980469 0.896484 0.962891 0.888672 0.955078 0.892578 0.941406 0.882812 0.933594 0.884766 0.929688 0.888672 0.931641 0.882812 0.931641 0.873047 0.921875 0.867188 0.923828
0 0.466797 0.923828 0.464844 0.925781 0.464844 0.927734 0.466797 0.929688 0.468750 0.929688 0.470703 0.927734 0.470703 0.925781 0.468750 0.923828
0 0.521484 0.923828 0.519531 0.925781 0.519531 0.927734 0.521484 0.929688 0.521484 0.931641 0.525391 0.931641 0.527344 0.929688 0.527344 0.925781 0.525391 0.923828
0 0.943359 0.923828 0.937500 0.929688 0.937500 0.931641 0.939453 0.933594 0.939453 0.935547 0.941406 0.935547 0.943359 0.937500 0.947266 0.937500 0.949219 0.935547 0.949219 0.933594 0.951172 0.931641 0.951172 0.929688 0.945312 0.923828
0 0.968750 0.931641 0.966797 0.933594 0.966797 0.935547 0.970703 0.939453 0.972656 0.939453 0.974609 0.937500 0.974609 0.933594 0.972656 0.931641
0 0.433594 0.935547 0.429688 0.939453 0.429688 0.941406 0.433594 0.945312 0.435547 0.945312 0.437500 0.947266 0.439453 0.947266 0.441406 0.949219 0.443359 0.949219 0.445312 0.947266 0.445312 0.941406 0.439453 0.935547
0 0.480469 0.935547 0.478516 0.937500 0.478516 0.939453 0.480469 0.941406 0.484375 0.941406 0.486328 0.939453 0.484375 0.937500 0.486328 0.935547
0 0.900391 0.935547 0.902344 0.937500 0.900391 0.939453 0.900391 0.941406 0.902344 0.943359 0.906250 0.943359 0.908203 0.941406 0.908203 0.937500 0.902344 0.937500
0 0.460938 0.937500 0.458984 0.939453 0.458984 0.945312 0.460938 0.947266 0.462891 0.947266 0.466797 0.943359 0.466797 0.941406 0.462891 0.937500
1 0.998047 0.937500 0.994141 0.941406 0.994141 0.947266 0.998047 0.951172
1 0.628906 0.957031 0.628906 0.962891 0.632812 0.966797 0.640625 0.970703 0.646484 0.966797 0.656250 0.978516 0.658203 0.976562 0.664062 0.980469 0.669922 0.976562 0.671875 0.978516 0.675781 0.976562 0.681641 0.968750 0.679688 0.960938 0.675781 0.957031 0.650391 0.958984 0.642578 0.951172 0.634766 0.951172
0 0.451172 0.953125 0.443359 0.957031 0.439453 0.960938 0.437500 0.964844 0.437500 0.972656 0.443359 0.980469 0.447266 0.980469 0.449219 0.982422 0.457031 0.982422 0.458984 0.980469 0.462891 0.980469 0.470703 0.972656 0.470703 0.962891 0.464844 0.957031 0.460938 0.957031 0.457031 0.953125
0 0.623047 0.958984 0.611328 0.966797 0.611328 0.972656 0.605469 0.980469 0.601562 0.980469 0.591797 0.990234 0.589844 0.988281 0.591797 0.990234 0.589844 0.998047 0.630859 0.998047 0.626953 0.988281 0.626953 0.980469 0.623047 0.974609 0.626953 0.968750 0.621094 0.960938
0 0.966797 0.960938 0.966797 0.962891 0.964844 0.964844 0.964844 0.968750 0.966797 0.970703 0.970703 0.970703 0.970703 0.968750 0.972656 0.966797 0.972656 0.964844 0.970703 0.962891 0.968750 0.962891
0 0.416016 0.970703 0.412109 0.970703 0.410156 0.972656 0.410156 0.976562 0.412109 0.976562 0.414062 0.978516 0.416016 0.976562
0 0.708984 0.988281 0.712891 0.998047 0.757812 0.998047 0.757812 0.988281 0.750000 0.978516 0.746094 0.978516 0.740234 0.972656 0.730469 0.968750 0.718750 0.970703 0.714844 0.974609
0 0.521484 0.978516 0.519531 0.980469 0.519531 0.984375 0.521484 0.986328 0.523438 0.986328 0.525391 0.984375 0.525391 0.982422 0.523438 0.980469 0.523438 0.978516
0 0.939453 0.976562 0.939453 0.978516 0.937500 0.980469 0.937500 0.982422 0.941406 0.986328 0.945312 0.986328 0.949219 0.982422 0.949219 0.980469 0.947266 0.978516 0.947266 0.976562
0 0.556641 0.984375 0.556641 0.986328 0.558594 0.988281 0.560547 0.988281 0.560547 0.986328 0.558594 0.984375
0 0.585938 0.984375 0.583984 0.986328 0.583984 0.988281 0.585938 0.988281
0 0.816406 0.992188 0.816406 0.998047 0.826172 0.998047 0.826172 0.992188 0.824219 0.990234 0.820312 0.990234 0.818359 0.992188
0 0.396484 0.994141 0.396484 0.998047 0.404297 0.998047 0.404297 0.994141 0.402344 0.992188 0.398438 0.992188
0 0.916016 0.998047 0.914062 0.996094 0.914062 0.994141 0.912109 0.996094 0.910156 0.996094 0.910156 0.998047
0 0.046875 0.001953 0.042969 0.001953 0.041016 0.000000 0.046875 0.000000
0 0.058594 0.001953 0.054688 0.001953 0.052734 0.000000 0.058594 0.000000
0 0.142578 0.000000 0.142578 0.001953 0.140625 0.001953 0.138672 0.003906 0.134766 0.003906 0.132812 0.001953 0.132812 0.000000
0 0.134766 0.009766 0.134766 0.013672 0.130859 0.013672 0.128906 0.011719 0.132812 0.007812
0 0.144531 0.011719 0.144531 0.015625 0.140625 0.015625 0.138672 0.013672 0.142578 0.009766
0 0.900391 0.041016 0.900391 0.044922 0.896484 0.044922 0.894531 0.042969 0.898438 0.039062
0 0.906250 0.046875 0.906250 0.050781 0.902344 0.050781 0.900391 0.048828 0.904297 0.044922
0 0.898438 0.052734 0.898438 0.056641 0.894531 0.056641 0.892578 0.054688 0.896484 0.050781
0 0.021484 0.121094 0.019531 0.123047 0.019531 0.125000 0.017578 0.126953 0.011719 0.126953 0.009766 0.125000 0.009766 0.123047 0.007812 0.121094 0.007812 0.119141 0.009766 0.117188 0.009766 0.115234 0.011719 0.113281 0.017578 0.113281 0.019531 0.115234 0.019531 0.117188 0.021484 0.119141
0 0.568359 0.128906 0.568359 0.132812 0.564453 0.132812 0.562500 0.130859 0.566406 0.126953
0 0.460938 0.140625 0.458984 0.140625 0.457031 0.142578 0.453125 0.142578 0.451172 0.140625 0.451172 0.134766 0.453125 0.132812 0.457031 0.132812 0.458984 0.134766 0.460938 0.134766
0 0.562500 0.136719 0.562500 0.140625 0.558594 0.140625 0.556641 0.138672 0.560547 0.134766
0 0.464844 0.138672 0.464844 0.142578 0.460938 0.142578 0.458984 0.140625 0.462891 0.136719
0 0.042969 0.144531 0.041016 0.144531 0.039062 0.146484 0.035156 0.146484 0.033203 0.144531 0.033203 0.138672 0.035156 0.136719 0.039062 0.136719 0.041016 0.138672 0.042969 0.138672
0 0.003906 0.158203 0.000000 0.158203 0.000000 0.136719 0.003906 0.136719 0.005859 0.138672 0.005859 0.140625 0.007812 0.140625 0.009766 0.142578 0.009766 0.152344 0.007812 0.154297 0.007812 0.156250 0.005859 0.156250
0 0.503906 0.146484 0.503906 0.150391 0.500000 0.150391 0.498047 0.148438 0.501953 0.144531
0 0.451172 0.148438 0.451172 0.152344 0.447266 0.152344 0.445312 0.150391 0.449219 0.146484
0 0.470703 0.148438 0.470703 0.152344 0.466797 0.152344 0.464844 0.150391 0.468750 0.146484
0 0.513672 0.156250 0.511719 0.156250 0.509766 0.158203 0.505859 0.158203 0.503906 0.156250 0.503906 0.150391 0.505859 0.148438 0.509766 0.148438 0.511719 0.150391 0.513672 0.150391
0 0.470703 0.158203 0.468750 0.158203 0.466797 0.160156 0.462891 0.160156 0.460938 0.158203 0.460938 0.152344 0.462891 0.150391 0.466797 0.150391 0.468750 0.152344 0.470703 0.152344
0 0.458984 0.156250 0.458984 0.160156 0.455078 0.160156 0.453125 0.158203 0.457031 0.154297
0 0.500000 0.162109 0.500000 0.166016 0.496094 0.166016 0.494141 0.164062 0.498047 0.160156
0 0.027344 0.167969 0.025391 0.167969 0.023438 0.169922 0.019531 0.169922 0.017578 0.167969 0.017578 0.162109 0.019531 0.160156 0.023438 0.160156 0.025391 0.162109 0.027344 0.162109
0 0.458984 0.175781 0.457031 0.175781 0.455078 0.177734 0.445312 0.177734 0.439453 0.171875 0.439453 0.162109 0.441406 0.160156 0.443359 0.160156 0.443359 0.158203 0.445312 0.156250 0.455078 0.156250 0.460938 0.162109 0.460938 0.171875 0.458984 0.173828
0 0.068359 0.175781 0.066406 0.175781 0.064453 0.177734 0.060547 0.177734 0.058594 0.175781 0.058594 0.169922 0.060547 0.167969 0.064453 0.167969 0.066406 0.169922 0.068359 0.169922
0 0.453125 0.177734 0.453125 0.181641 0.449219 0.181641 0.447266 0.179688 0.451172 0.175781
0 0.072266 0.185547 0.070312 0.185547 0.068359 0.187500 0.064453 0.187500 0.062500 0.185547 0.062500 0.179688 0.064453 0.177734 0.068359 0.177734 0.070312 0.179688 0.072266 0.179688
0 0.476562 0.181641 0.476562 0.185547 0.472656 0.185547 0.470703 0.183594 0.474609 0.179688
0 0.460938 0.193359 0.458984 0.193359 0.457031 0.195312 0.453125 0.195312 0.451172 0.193359 0.451172 0.187500 0.453125 0.185547 0.457031 0.185547 0.458984 0.187500 0.460938 0.187500
0 0.080078 0.193359 0.078125 0.195312 0.078125 0.197266 0.076172 0.199219 0.070312 0.199219 0.068359 0.197266 0.068359 0.195312 0.066406 0.193359 0.066406 0.191406 0.068359 0.189453 0.068359 0.187500 0.070312 0.185547 0.076172 0.185547 0.078125 0.187500 0.078125 0.189453 0.080078 0.191406
0 0.056641 0.207031 0.054688 0.207031 0.052734 0.208984 0.042969 0.208984 0.037109 0.203125 0.037109 0.193359 0.039062 0.191406 0.041016 0.191406 0.041016 0.189453 0.042969 0.187500 0.052734 0.187500 0.058594 0.193359 0.058594 0.203125 0.056641 0.205078
0 0.011719 0.207031 0.009766 0.207031 0.007812 0.208984 0.003906 0.208984 0.001953 0.207031 0.001953 0.201172 0.003906 0.199219 0.007812 0.199219 0.009766 0.201172 0.011719 0.201172
0 0.447266 0.207031 0.445312 0.207031 0.443359 0.208984 0.439453 0.208984 0.437500 0.207031 0.437500 0.201172 0.439453 0.199219 0.443359 0.199219 0.445312 0.201172 0.447266 0.201172
0 0.021484 0.210938 0.019531 0.210938 0.017578 0.212891 0.013672 0.212891 0.011719 0.210938 0.011719 0.205078 0.013672 0.203125 0.017578 0.203125 0.019531 0.205078 0.021484 0.205078
0 0.083984 0.210938 0.082031 0.212891 0.082031 0.214844 0.080078 0.216797 0.074219 0.216797 0.072266 0.214844 0.072266 0.212891 0.070312 0.210938 0.070312 0.208984 0.072266 0.207031 0.072266 0.205078 0.074219 0.203125 0.080078 0.203125 0.082031 0.205078 0.082031 0.207031 0.083984 0.208984
0 0.435547 0.220703 0.435547 0.224609 0.431641 0.224609 0.429688 0.222656 0.433594 0.218750
0 0.441406 0.224609 0.441406 0.228516 0.437500 0.228516 0.435547 0.226562 0.439453 0.222656
0 0.083984 0.230469 0.082031 0.230469 0.080078 0.232422 0.076172 0.232422 0.074219 0.230469 0.074219 0.224609 0.076172 0.222656 0.080078 0.222656 0.082031 0.224609 0.083984 0.224609
0 0.429688 0.230469 0.427734 0.230469 0.425781 0.232422 0.421875 0.232422 0.419922 0.230469 0.419922 0.224609 0.421875 0.222656 0.425781 0.222656 0.427734 0.224609 0.429688 0.224609
0 0.093750 0.253906 0.091797 0.253906 0.089844 0.255859 0.080078 0.255859 0.074219 0.250000 0.074219 0.240234 0.076172 0.238281 0.078125 0.238281 0.078125 0.236328 0.080078 0.234375 0.089844 0.234375 0.095703 0.240234 0.095703 0.250000 0.093750 0.251953
0 0.019531 0.257812 0.017578 0.257812 0.015625 0.259766 0.005859 0.259766 0.000000 0.253906 0.000000 0.244141 0.005859 0.238281 0.015625 0.238281 0.021484 0.244141 0.021484 0.253906 0.019531 0.255859
0 0.345703 0.255859 0.343750 0.255859 0.341797 0.257812 0.337891 0.257812 0.335938 0.255859 0.335938 0.250000 0.337891 0.248047 0.341797 0.248047 0.343750 0.250000 0.345703 0.250000
0 0.357422 0.255859 0.355469 0.255859 0.353516 0.257812 0.349609 0.257812 0.347656 0.255859 0.347656 0.250000 0.349609 0.248047 0.353516 0.248047 0.355469 0.250000 0.357422 0.250000
0 0.089844 0.265625 0.087891 0.267578 0.087891 0.269531 0.085938 0.271484 0.080078 0.271484 0.078125 0.269531 0.078125 0.267578 0.076172 0.265625 0.076172 0.263672 0.078125 0.261719 0.078125 0.259766 0.080078 0.257812 0.085938 0.257812 0.087891 0.259766 0.087891 0.261719 0.089844 0.263672
0 0.363281 0.269531 0.361328 0.269531 0.359375 0.271484 0.355469 0.271484 0.353516 0.269531 0.353516 0.263672 0.355469 0.261719 0.359375 0.261719 0.361328 0.263672 0.363281 0.263672
0 0.339844 0.273438 0.337891 0.273438 0.335938 0.275391 0.332031 0.275391 0.330078 0.273438 0.330078 0.267578 0.332031 0.265625 0.335938 0.265625 0.337891 0.267578 0.339844 0.267578
0 0.359375 0.277344 0.357422 0.277344 0.355469 0.279297 0.351562 0.279297 0.349609 0.277344 0.349609 0.271484 0.351562 0.269531 0.355469 0.269531 0.357422 0.271484 0.359375 0.271484
0 0.349609 0.281250 0.347656 0.281250 0.345703 0.283203 0.341797 0.283203 0.339844 0.281250 0.339844 0.275391 0.341797 0.273438 0.345703 0.273438 0.347656 0.275391 0.349609 0.275391
0 0.388672 0.285156 0.386719 0.285156 0.384766 0.287109 0.380859 0.287109 0.378906 0.285156 0.378906 0.279297 0.380859 0.277344 0.384766 0.277344 0.386719 0.279297 0.388672 0.279297
0 0.453125 0.287109 0.451172 0.287109 0.449219 0.289062 0.445312 0.289062 0.443359 0.287109 0.443359 0.281250 0.445312 0.279297 0.449219 0.279297 0.451172 0.281250 0.453125 0.281250
0 0.382812 0.291016 0.380859 0.291016 0.378906 0.292969 0.375000 0.292969 0.373047 0.291016 0.373047 0.285156 0.375000 0.283203 0.378906 0.283203 0.380859 0.285156 0.382812 0.285156
0 0.003906 0.300781 0.000000 0.300781 0.000000 0.279297 0.003906 0.279297 0.005859 0.281250 0.005859 0.283203 0.007812 0.283203 0.009766 0.285156 0.009766 0.294922 0.007812 0.296875 0.007812 0.298828 0.005859 0.298828
0 0.402344 0.294922 0.400391 0.294922 0.398438 0.296875 0.394531 0.296875 0.392578 0.294922 0.392578 0.289062 0.394531 0.287109 0.398438 0.287109 0.400391 0.289062 0.402344 0.289062
0 0.437500 0.294922 0.435547 0.294922 0.433594 0.296875 0.429688 0.296875 0.427734 0.294922 0.427734 0.289062 0.429688 0.287109 0.433594 0.287109 0.435547 0.289062 0.437500 0.289062
0 0.460938 0.291016 0.460938 0.294922 0.457031 0.294922 0.455078 0.292969 0.458984 0.289062
0 0.085938 0.296875 0.083984 0.296875 0.082031 0.298828 0.078125 0.298828 0.076172 0.296875 0.076172 0.291016 0.078125 0.289062 0.082031 0.289062 0.083984 0.291016 0.085938 0.291016
0 0.609375 0.296875 0.609375 0.300781 0.605469 0.300781 0.603516 0.298828 0.607422 0.294922
0 0.619141 0.298828 0.619141 0.302734 0.615234 0.302734 0.613281 0.300781 0.617188 0.296875
0 0.636719 0.298828 0.636719 0.302734 0.632812 0.302734 0.630859 0.300781 0.634766 0.296875
0 0.394531 0.304688 0.392578 0.304688 0.390625 0.306641 0.386719 0.306641 0.384766 0.304688 0.384766 0.298828 0.386719 0.296875 0.390625 0.296875 0.392578 0.298828 0.394531 0.298828
0 0.427734 0.304688 0.425781 0.304688 0.423828 0.306641 0.419922 0.306641 0.417969 0.304688 0.417969 0.298828 0.419922 0.296875 0.423828 0.296875 0.425781 0.298828 0.427734 0.298828
0 0.642578 0.304688 0.642578 0.308594 0.638672 0.308594 0.636719 0.306641 0.640625 0.302734
0 0.632812 0.308594 0.632812 0.312500 0.628906 0.312500 0.626953 0.310547 0.630859 0.306641
0 0.003906 0.326172 0.000000 0.326172 0.000000 0.304688 0.003906 0.304688 0.005859 0.306641 0.005859 0.308594 0.007812 0.308594 0.009766 0.310547 0.009766 0.320312 0.007812 0.322266 0.007812 0.324219 0.005859 0.324219
0 0.429688 0.322266 0.427734 0.322266 0.425781 0.324219 0.421875 0.324219 0.419922 0.322266 0.419922 0.316406 0.421875 0.314453 0.425781 0.314453 0.427734 0.316406 0.429688 0.316406
0 0.453125 0.322266 0.451172 0.322266 0.449219 0.324219 0.445312 0.324219 0.443359 0.322266 0.443359 0.316406 0.445312 0.314453 0.449219 0.314453 0.451172 0.316406 0.453125 0.316406
0 0.613281 0.318359 0.613281 0.322266 0.609375 0.322266 0.607422 0.320312 0.611328 0.316406
0 0.601562 0.320312 0.601562 0.324219 0.597656 0.324219 0.595703 0.322266 0.599609 0.318359
0 0.548828 0.328125 0.548828 0.332031 0.544922 0.332031 0.542969 0.330078 0.546875 0.326172
0 0.591797 0.328125 0.591797 0.332031 0.587891 0.332031 0.585938 0.330078 0.589844 0.326172
0 0.537109 0.330078 0.537109 0.333984 0.533203 0.333984 0.531250 0.332031 0.535156 0.328125
0 0.597656 0.333984 0.597656 0.337891 0.593750 0.337891 0.591797 0.335938 0.595703 0.332031
0 0.339844 0.337891 0.339844 0.341797 0.335938 0.341797 0.333984 0.339844 0.337891 0.335938
0 0.382812 0.341797 0.380859 0.341797 0.378906 0.343750 0.375000 0.343750 0.373047 0.341797 0.373047 0.335938 0.375000 0.333984 0.378906 0.333984 0.380859 0.335938 0.382812 0.335938
0 0.392578 0.341797 0.390625 0.341797 0.388672 0.343750 0.384766 0.343750 0.382812 0.341797 0.382812 0.335938 0.384766 0.333984 0.388672 0.333984 0.390625 0.335938 0.392578 0.335938
0 0.648438 0.339844 0.648438 0.343750 0.644531 0.343750 0.642578 0.341797 0.646484 0.337891
0 0.330078 0.341797 0.330078 0.345703 0.326172 0.345703 0.324219 0.343750 0.328125 0.339844
0 0.558594 0.347656 0.556641 0.347656 0.554688 0.349609 0.550781 0.349609 0.548828 0.347656 0.548828 0.341797 0.550781 0.339844 0.554688 0.339844 0.556641 0.341797 0.558594 0.341797
0 0.294922 0.345703 0.294922 0.349609 0.291016 0.349609 0.289062 0.347656 0.292969 0.343750
0 0.640625 0.345703 0.640625 0.349609 0.636719 0.349609 0.634766 0.347656 0.638672 0.343750
0 0.652344 0.345703 0.652344 0.349609 0.648438 0.349609 0.646484 0.347656 0.650391 0.343750
0 0.566406 0.349609 0.564453 0.351562 0.564453 0.353516 0.562500 0.355469 0.556641 0.355469 0.554688 0.353516 0.554688 0.351562 0.552734 0.349609 0.552734 0.347656 0.554688 0.345703 0.554688 0.343750 0.556641 0.341797 0.562500 0.341797 0.564453 0.343750 0.564453 0.345703 0.566406 0.347656
0 0.576172 0.347656 0.576172 0.351562 0.572266 0.351562 0.570312 0.349609 0.574219 0.345703
0 0.048828 0.359375 0.046875 0.359375 0.044922 0.361328 0.035156 0.361328 0.029297 0.355469 0.029297 0.345703 0.031250 0.343750 0.033203 0.343750 0.033203 0.341797 0.035156 0.339844 0.044922 0.339844 0.050781 0.345703 0.050781 0.355469 0.048828 0.357422
0 0.544922 0.353516 0.542969 0.353516 0.541016 0.355469 0.537109 0.355469 0.535156 0.353516 0.535156 0.347656 0.537109 0.345703 0.541016 0.345703 0.542969 0.347656 0.544922 0.347656
0 0.359375 0.351562 0.359375 0.355469 0.355469 0.355469 0.353516 0.353516 0.357422 0.349609
0 0.646484 0.351562 0.646484 0.355469 0.642578 0.355469 0.640625 0.353516 0.644531 0.349609
0 0.250000 0.353516 0.250000 0.357422 0.246094 0.357422 0.244141 0.355469 0.248047 0.351562
0 0.291016 0.353516 0.291016 0.357422 0.287109 0.357422 0.285156 0.355469 0.289062 0.351562
0 0.300781 0.353516 0.300781 0.357422 0.296875 0.357422 0.294922 0.355469 0.298828 0.351562
0 0.347656 0.353516 0.347656 0.357422 0.343750 0.357422 0.341797 0.355469 0.345703 0.351562
0 0.582031 0.353516 0.582031 0.357422 0.578125 0.357422 0.576172 0.355469 0.580078 0.351562
0 0.375000 0.359375 0.369141 0.365234 0.363281 0.365234 0.357422 0.359375 0.357422 0.353516 0.363281 0.347656 0.369141 0.347656 0.375000 0.353516
0 0.378906 0.361328 0.376953 0.361328 0.375000 0.363281 0.371094 0.363281 0.369141 0.361328 0.369141 0.355469 0.371094 0.353516 0.375000 0.353516 0.376953 0.355469 0.378906 0.355469
0 0.253906 0.359375 0.253906 0.363281 0.250000 0.363281 0.248047 0.361328 0.251953 0.357422
0 0.353516 0.359375 0.353516 0.363281 0.349609 0.363281 0.347656 0.361328 0.351562 0.357422
0 0.519531 0.363281 0.517578 0.363281 0.515625 0.365234 0.511719 0.365234 0.509766 0.363281 0.509766 0.357422 0.511719 0.355469 0.515625 0.355469 0.517578 0.357422 0.519531 0.357422
0 0.548828 0.363281 0.546875 0.363281 0.544922 0.365234 0.541016 0.365234 0.539062 0.363281 0.539062 0.357422 0.541016 0.355469 0.544922 0.355469 0.546875 0.357422 0.548828 0.357422
0 0.390625 0.365234 0.388672 0.365234 0.386719 0.367188 0.382812 0.367188 0.380859 0.365234 0.380859 0.359375 0.382812 0.357422 0.386719 0.357422 0.388672 0.359375 0.390625 0.359375
0 0.775391 0.361328 0.775391 0.365234 0.771484 0.365234 0.769531 0.363281 0.773438 0.359375
0 0.248047 0.363281 0.248047 0.367188 0.244141 0.367188 0.242188 0.365234 0.246094 0.361328
0 0.572266 0.367188 0.570312 0.367188 0.568359 0.369141 0.564453 0.369141 0.562500 0.367188 0.562500 0.361328 0.564453 0.359375 0.568359 0.359375 0.570312 0.361328 0.572266 0.361328
0 0.580078 0.367188 0.578125 0.367188 0.576172 0.369141 0.572266 0.369141 0.570312 0.367188 0.570312 0.361328 0.572266 0.359375 0.576172 0.359375 0.578125 0.361328 0.580078 0.361328
0 0.117188 0.367188 0.117188 0.371094 0.113281 0.371094 0.111328 0.369141 0.115234 0.365234
0 0.128906 0.367188 0.128906 0.371094 0.125000 0.371094 0.123047 0.369141 0.126953 0.365234
0 0.779297 0.367188 0.779297 0.371094 0.775391 0.371094 0.773438 0.369141 0.777344 0.365234
0 0.054688 0.380859 0.052734 0.380859 0.050781 0.382812 0.041016 0.382812 0.035156 0.376953 0.035156 0.367188 0.037109 0.365234 0.039062 0.365234 0.039062 0.363281 0.041016 0.361328 0.050781 0.361328 0.056641 0.367188 0.056641 0.376953 0.054688 0.378906
0 0.447266 0.373047 0.447266 0.376953 0.443359 0.376953 0.441406 0.375000 0.445312 0.371094
0 0.763672 0.376953 0.761719 0.376953 0.759766 0.378906 0.755859 0.378906 0.753906 0.376953 0.753906 0.371094 0.755859 0.369141 0.759766 0.369141 0.761719 0.371094 0.763672 0.371094
0 0.544922 0.378906 0.542969 0.378906 0.541016 0.380859 0.537109 0.380859 0.535156 0.378906 0.535156 0.373047 0.537109 0.371094 0.541016 0.371094 0.542969 0.373047 0.544922 0.373047
0 0.775391 0.380859 0.773438 0.380859 0.771484 0.382812 0.767578 0.382812 0.765625 0.380859 0.765625 0.375000 0.767578 0.373047 0.771484 0.373047 0.773438 0.375000 0.775391 0.375000
0 0.435547 0.378906 0.435547 0.382812 0.431641 0.382812 0.429688 0.380859 0.433594 0.376953
0 0.539062 0.382812 0.537109 0.382812 0.535156 0.384766 0.531250 0.384766 0.529297 0.382812 0.529297 0.376953 0.531250 0.375000 0.535156 0.375000 0.537109 0.376953 0.539062 0.376953
0 0.447266 0.382812 0.447266 0.386719 0.443359 0.386719 0.441406 0.384766 0.445312 0.380859
0 0.529297 0.386719 0.523438 0.392578 0.517578 0.392578 0.511719 0.386719 0.511719 0.380859 0.517578 0.375000 0.523438 0.375000 0.529297 0.380859
0 0.076172 0.388672 0.074219 0.388672 0.072266 0.390625 0.068359 0.390625 0.066406 0.388672 0.066406 0.382812 0.068359 0.380859 0.072266 0.380859 0.074219 0.382812 0.076172 0.382812
0 0.613281 0.388672 0.613281 0.392578 0.609375 0.392578 0.607422 0.390625 0.611328 0.386719
0 0.625000 0.390625 0.625000 0.394531 0.621094 0.394531 0.619141 0.392578 0.623047 0.388672
0 0.154297 0.394531 0.154297 0.398438 0.150391 0.398438 0.148438 0.396484 0.152344 0.392578
0 0.587891 0.394531 0.587891 0.398438 0.583984 0.398438 0.582031 0.396484 0.585938 0.392578
0 0.373047 0.398438 0.373047 0.402344 0.369141 0.402344 0.367188 0.400391 0.371094 0.396484
0 0.509766 0.406250 0.507812 0.406250 0.505859 0.408203 0.501953 0.408203 0.500000 0.406250 0.500000 0.400391 0.501953 0.398438 0.505859 0.398438 0.507812 0.400391 0.509766 0.400391
0 0.583984 0.404297 0.583984 0.408203 0.580078 0.408203 0.578125 0.406250 0.582031 0.402344
0 0.148438 0.406250 0.148438 0.410156 0.144531 0.410156 0.142578 0.408203 0.146484 0.404297
0 0.521484 0.410156 0.519531 0.410156 0.517578 0.412109 0.513672 0.412109 0.511719 0.410156 0.511719 0.404297 0.513672 0.402344 0.517578 0.402344 0.519531 0.404297 0.521484 0.404297
0 0.173828 0.410156 0.171875 0.412109 0.171875 0.414062 0.169922 0.416016 0.164062 0.416016 0.162109 0.414062 0.162109 0.412109 0.160156 0.410156 0.160156 0.408203 0.162109 0.406250 0.162109 0.404297 0.164062 0.402344 0.169922 0.402344 0.171875 0.404297 0.171875 0.406250 0.173828 0.408203
0 0.189453 0.408203 0.189453 0.412109 0.185547 0.412109 0.183594 0.410156 0.187500 0.406250
0 0.976562 0.412109 0.974609 0.412109 0.972656 0.414062 0.968750 0.414062 0.966797 0.412109 0.966797 0.406250 0.968750 0.404297 0.972656 0.404297 0.974609 0.406250 0.976562 0.406250
0 0.312500 0.410156 0.312500 0.414062 0.308594 0.414062 0.306641 0.412109 0.310547 0.408203
0 0.373047 0.410156 0.373047 0.414062 0.369141 0.414062 0.367188 0.412109 0.371094 0.408203
0 0.958984 0.416016 0.957031 0.416016 0.955078 0.417969 0.951172 0.417969 0.949219 0.416016 0.949219 0.410156 0.951172 0.408203 0.955078 0.408203 0.957031 0.410156 0.958984 0.410156
0 0.191406 0.414062 0.191406 0.417969 0.187500 0.417969 0.185547 0.416016 0.189453 0.412109
0 0.503906 0.414062 0.503906 0.417969 0.500000 0.417969 0.498047 0.416016 0.501953 0.412109
0 0.365234 0.416016 0.365234 0.419922 0.361328 0.419922 0.359375 0.417969 0.363281 0.414062
0 0.560547 0.416016 0.560547 0.419922 0.556641 0.419922 0.554688 0.417969 0.558594 0.414062
0 0.662109 0.416016 0.662109 0.419922 0.658203 0.419922 0.656250 0.417969 0.660156 0.414062
0 0.552734 0.417969 0.552734 0.421875 0.548828 0.421875 0.546875 0.419922 0.550781 0.416016
0 0.132812 0.425781 0.126953 0.431641 0.121094 0.431641 0.115234 0.425781 0.115234 0.419922 0.121094 0.414062 0.126953 0.414062 0.132812 0.419922
0 0.183594 0.421875 0.183594 0.425781 0.179688 0.425781 0.177734 0.423828 0.181641 0.419922
0 0.566406 0.421875 0.566406 0.425781 0.562500 0.425781 0.560547 0.423828 0.564453 0.419922
0 0.667969 0.421875 0.667969 0.425781 0.664062 0.425781 0.662109 0.423828 0.666016 0.419922
0 0.380859 0.427734 0.378906 0.427734 0.376953 0.429688 0.373047 0.429688 0.371094 0.427734 0.371094 0.421875 0.373047 0.419922 0.376953 0.419922 0.378906 0.421875 0.380859 0.421875
0 0.763672 0.423828 0.763672 0.427734 0.759766 0.427734 0.757812 0.425781 0.761719 0.421875
0 0.312500 0.429688 0.310547 0.429688 0.308594 0.431641 0.304688 0.431641 0.302734 0.429688 0.302734 0.423828 0.304688 0.421875 0.308594 0.421875 0.310547 0.423828 0.312500 0.423828
0 0.330078 0.429688 0.328125 0.429688 0.326172 0.431641 0.322266 0.431641 0.320312 0.429688 0.320312 0.423828 0.322266 0.421875 0.326172 0.421875 0.328125 0.423828 0.330078 0.423828
0 0.390625 0.425781 0.390625 0.429688 0.386719 0.429688 0.384766 0.427734 0.388672 0.423828
0 0.658203 0.425781 0.658203 0.429688 0.654297 0.429688 0.652344 0.427734 0.656250 0.423828
0 0.617188 0.427734 0.617188 0.431641 0.613281 0.431641 0.611328 0.429688 0.615234 0.425781
0 0.560547 0.429688 0.560547 0.433594 0.556641 0.433594 0.554688 0.431641 0.558594 0.427734
0 0.583984 0.431641 0.583984 0.435547 0.580078 0.435547 0.578125 0.433594 0.582031 0.429688
0 0.628906 0.431641 0.628906 0.435547 0.625000 0.435547 0.623047 0.433594 0.626953 0.429688
0 0.589844 0.433594 0.589844 0.437500 0.585938 0.437500 0.583984 0.435547 0.587891 0.431641
0 0.017578 0.447266 0.015625 0.447266 0.013672 0.449219 0.003906 0.449219 0.000000 0.445312 0.000000 0.431641 0.003906 0.427734 0.013672 0.427734 0.019531 0.433594 0.019531 0.443359 0.017578 0.445312
0 0.320312 0.437500 0.320312 0.441406 0.316406 0.441406 0.314453 0.439453 0.318359 0.435547
0 0.386719 0.437500 0.386719 0.441406 0.382812 0.441406 0.380859 0.439453 0.384766 0.435547
0 0.132812 0.447266 0.130859 0.447266 0.128906 0.449219 0.125000 0.449219 0.123047 0.447266 0.123047 0.441406 0.125000 0.439453 0.128906 0.439453 0.130859 0.441406 0.132812 0.441406
0 0.375000 0.453125 0.373047 0.453125 0.371094 0.455078 0.361328 0.455078 0.355469 0.449219 0.355469 0.439453 0.357422 0.437500 0.359375 0.437500 0.359375 0.435547 0.361328 0.433594 0.371094 0.433594 0.376953 0.439453 0.376953 0.449219 0.375000 0.451172
0 0.578125 0.443359 0.578125 0.447266 0.574219 0.447266 0.572266 0.445312 0.576172 0.441406
0 0.443359 0.445312 0.443359 0.449219 0.439453 0.449219 0.437500 0.447266 0.441406 0.443359
0 0.476562 0.445312 0.476562 0.449219 0.472656 0.449219 0.470703 0.447266 0.474609 0.443359
0 0.488281 0.445312 0.488281 0.449219 0.484375 0.449219 0.482422 0.447266 0.486328 0.443359
0 0.433594 0.447266 0.433594 0.451172 0.429688 0.451172 0.427734 0.449219 0.431641 0.445312
0 0.558594 0.449219 0.558594 0.453125 0.554688 0.453125 0.552734 0.451172 0.556641 0.447266
0 0.574219 0.453125 0.568359 0.458984 0.562500 0.458984 0.556641 0.453125 0.556641 0.447266 0.562500 0.441406 0.568359 0.441406 0.574219 0.447266
0 0.587891 0.449219 0.587891 0.453125 0.583984 0.453125 0.582031 0.451172 0.585938 0.447266
0 0.482422 0.451172 0.482422 0.455078 0.478516 0.455078 0.476562 0.453125 0.480469 0.449219
0 0.310547 0.453125 0.310547 0.457031 0.306641 0.457031 0.304688 0.455078 0.308594 0.451172
0 0.439453 0.453125 0.439453 0.457031 0.435547 0.457031 0.433594 0.455078 0.437500 0.451172
0 0.361328 0.458984 0.359375 0.458984 0.357422 0.460938 0.353516 0.460938 0.351562 0.458984 0.351562 0.453125 0.353516 0.451172 0.357422 0.451172 0.359375 0.453125 0.361328 0.453125
0 0.544922 0.462891 0.542969 0.462891 0.541016 0.464844 0.537109 0.464844 0.535156 0.462891 0.535156 0.457031 0.537109 0.455078 0.541016 0.455078 0.542969 0.457031 0.544922 0.457031
0 0.230469 0.464844 0.228516 0.464844 0.226562 0.466797 0.222656 0.466797 0.220703 0.464844 0.220703 0.458984 0.222656 0.457031 0.226562 0.457031 0.228516 0.458984 0.230469 0.458984
0 0.302734 0.460938 0.302734 0.464844 0.298828 0.464844 0.296875 0.462891 0.300781 0.458984
0 0.128906 0.462891 0.128906 0.466797 0.125000 0.466797 0.123047 0.464844 0.126953 0.460938
0 0.373047 0.464844 0.373047 0.468750 0.369141 0.468750 0.367188 0.466797 0.371094 0.462891
0 0.246094 0.470703 0.244141 0.470703 0.242188 0.472656 0.238281 0.472656 0.236328 0.470703 0.236328 0.464844 0.238281 0.462891 0.242188 0.462891 0.244141 0.464844 0.246094 0.464844
0 0.552734 0.472656 0.550781 0.472656 0.548828 0.474609 0.544922 0.474609 0.542969 0.472656 0.542969 0.466797 0.544922 0.464844 0.548828 0.464844 0.550781 0.466797 0.552734 0.466797
0 0.582031 0.472656 0.580078 0.472656 0.578125 0.474609 0.574219 0.474609 0.572266 0.472656 0.572266 0.466797 0.574219 0.464844 0.578125 0.464844 0.580078 0.466797 0.582031 0.466797
0 0.126953 0.470703 0.126953 0.474609 0.123047 0.474609 0.121094 0.472656 0.125000 0.468750
0 0.591797 0.470703 0.591797 0.474609 0.587891 0.474609 0.585938 0.472656 0.589844 0.468750
0 0.248047 0.476562 0.246094 0.476562 0.244141 0.478516 0.240234 0.478516 0.238281 0.476562 0.238281 0.470703 0.240234 0.468750 0.244141 0.468750 0.246094 0.470703 0.248047 0.470703
0 0.224609 0.478516 0.222656 0.478516 0.220703 0.480469 0.216797 0.480469 0.214844 0.478516 0.214844 0.472656 0.216797 0.470703 0.220703 0.470703 0.222656 0.472656 0.224609 0.472656
0 0.570312 0.484375 0.568359 0.484375 0.566406 0.486328 0.556641 0.486328 0.550781 0.480469 0.550781 0.470703 0.552734 0.468750 0.554688 0.468750 0.554688 0.466797 0.556641 0.464844 0.566406 0.464844 0.572266 0.470703 0.572266 0.480469 0.570312 0.482422
0 0.375000 0.488281 0.373047 0.488281 0.371094 0.490234 0.361328 0.490234 0.355469 0.484375 0.355469 0.474609 0.357422 0.472656 0.359375 0.472656 0.359375 0.470703 0.361328 0.468750 0.371094 0.468750 0.376953 0.474609 0.376953 0.484375 0.375000 0.486328
0 0.595703 0.484375 0.593750 0.484375 0.591797 0.486328 0.587891 0.486328 0.585938 0.484375 0.585938 0.478516 0.587891 0.476562 0.591797 0.476562 0.593750 0.478516 0.595703 0.478516
0 0.232422 0.486328 0.230469 0.486328 0.228516 0.488281 0.224609 0.488281 0.222656 0.486328 0.222656 0.480469 0.224609 0.478516 0.228516 0.478516 0.230469 0.480469 0.232422 0.480469
0 0.560547 0.486328 0.558594 0.486328 0.556641 0.488281 0.552734 0.488281 0.550781 0.486328 0.550781 0.480469 0.552734 0.478516 0.556641 0.478516 0.558594 0.480469 0.560547 0.480469
0 0.589844 0.488281 0.587891 0.488281 0.585938 0.490234 0.582031 0.490234 0.580078 0.488281 0.580078 0.482422 0.582031 0.480469 0.585938 0.480469 0.587891 0.482422 0.589844 0.482422
0 0.478516 0.488281 0.478516 0.492188 0.474609 0.492188 0.472656 0.490234 0.476562 0.486328
0 0.533203 0.492188 0.531250 0.492188 0.529297 0.494141 0.525391 0.494141 0.523438 0.492188 0.523438 0.486328 0.525391 0.484375 0.529297 0.484375 0.531250 0.486328 0.533203 0.486328
0 0.517578 0.496094 0.515625 0.496094 0.513672 0.498047 0.509766 0.498047 0.507812 0.496094 0.507812 0.490234 0.509766 0.488281 0.513672 0.488281 0.515625 0.490234 0.517578 0.490234
0 0.593750 0.494141 0.593750 0.498047 0.589844 0.498047 0.587891 0.496094 0.591797 0.492188
0 0.398438 0.500000 0.396484 0.500000 0.394531 0.501953 0.390625 0.501953 0.388672 0.500000 0.388672 0.494141 0.390625 0.492188 0.394531 0.492188 0.396484 0.494141 0.398438 0.494141
0 0.552734 0.500000 0.550781 0.500000 0.548828 0.501953 0.544922 0.501953 0.542969 0.500000 0.542969 0.494141 0.544922 0.492188 0.548828 0.492188 0.550781 0.494141 0.552734 0.494141
0 0.560547 0.498047 0.560547 0.501953 0.556641 0.501953 0.554688 0.500000 0.558594 0.496094
0 0.166016 0.501953 0.166016 0.505859 0.162109 0.505859 0.160156 0.503906 0.164062 0.500000
0 0.484375 0.505859 0.482422 0.505859 0.480469 0.507812 0.476562 0.507812 0.474609 0.505859 0.474609 0.500000 0.476562 0.498047 0.480469 0.498047 0.482422 0.500000 0.484375 0.500000
0 0.773438 0.501953 0.773438 0.505859 0.769531 0.505859 0.767578 0.503906 0.771484 0.500000
0 0.511719 0.513672 0.509766 0.513672 0.507812 0.515625 0.498047 0.515625 0.492188 0.509766 0.492188 0.500000 0.494141 0.498047 0.496094 0.498047 0.496094 0.496094 0.498047 0.494141 0.507812 0.494141 0.513672 0.500000 0.513672 0.509766 0.511719 0.511719
0 0.521484 0.507812 0.519531 0.507812 0.517578 0.509766 0.513672 0.509766 0.511719 0.507812 0.511719 0.501953 0.513672 0.500000 0.517578 0.500000 0.519531 0.501953 0.521484 0.501953
0 0.496094 0.505859 0.496094 0.509766 0.492188 0.509766 0.490234 0.507812 0.494141 0.503906
0 0.779297 0.505859 0.779297 0.509766 0.775391 0.509766 0.773438 0.507812 0.777344 0.503906
0 0.154297 0.507812 0.154297 0.511719 0.150391 0.511719 0.148438 0.509766 0.152344 0.505859
0 0.371094 0.511719 0.369141 0.511719 0.367188 0.513672 0.363281 0.513672 0.361328 0.511719 0.361328 0.505859 0.363281 0.503906 0.367188 0.503906 0.369141 0.505859 0.371094 0.505859
0 0.478516 0.509766 0.476562 0.511719 0.476562 0.513672 0.474609 0.515625 0.468750 0.515625 0.466797 0.513672 0.466797 0.511719 0.464844 0.509766 0.464844 0.507812 0.466797 0.505859 0.466797 0.503906 0.468750 0.501953 0.474609 0.501953 0.476562 0.503906 0.476562 0.505859 0.478516 0.507812
0 0.669922 0.507812 0.669922 0.511719 0.666016 0.511719 0.664062 0.509766 0.667969 0.505859
0 0.765625 0.507812 0.765625 0.511719 0.761719 0.511719 0.759766 0.509766 0.763672 0.505859
0 0.402344 0.509766 0.402344 0.513672 0.398438 0.513672 0.396484 0.511719 0.400391 0.507812
0 0.113281 0.515625 0.107422 0.521484 0.101562 0.521484 0.095703 0.515625 0.095703 0.509766 0.101562 0.503906 0.107422 0.503906 0.113281 0.509766
0 0.099609 0.515625 0.097656 0.517578 0.097656 0.519531 0.095703 0.521484 0.089844 0.521484 0.087891 0.519531 0.087891 0.517578 0.085938 0.515625 0.085938 0.513672 0.087891 0.511719 0.087891 0.509766 0.089844 0.507812 0.095703 0.507812 0.097656 0.509766 0.097656 0.511719 0.099609 0.513672
0 0.800781 0.513672 0.800781 0.517578 0.796875 0.517578 0.794922 0.515625 0.798828 0.511719
0 0.384766 0.519531 0.382812 0.519531 0.380859 0.521484 0.376953 0.521484 0.375000 0.519531 0.375000 0.513672 0.376953 0.511719 0.380859 0.511719 0.382812 0.513672 0.384766 0.513672
0 0.443359 0.515625 0.443359 0.519531 0.439453 0.519531 0.437500 0.517578 0.441406 0.513672
0 0.457031 0.519531 0.455078 0.519531 0.453125 0.521484 0.449219 0.521484 0.447266 0.519531 0.447266 0.513672 0.449219 0.511719 0.453125 0.511719 0.455078 0.513672 0.457031 0.513672
0 0.677734 0.515625 0.677734 0.519531 0.673828 0.519531 0.671875 0.517578 0.675781 0.513672
0 0.779297 0.515625 0.779297 0.519531 0.775391 0.519531 0.773438 0.517578 0.777344 0.513672
0 0.150391 0.521484 0.144531 0.527344 0.138672 0.527344 0.132812 0.521484 0.132812 0.515625 0.138672 0.509766 0.144531 0.509766 0.150391 0.515625
0 0.398438 0.517578 0.398438 0.521484 0.394531 0.521484 0.392578 0.519531 0.396484 0.515625
0 0.474609 0.521484 0.472656 0.521484 0.470703 0.523438 0.466797 0.523438 0.464844 0.521484 0.464844 0.515625 0.466797 0.513672 0.470703 0.513672 0.472656 0.515625 0.474609 0.515625
0 0.716797 0.517578 0.716797 0.521484 0.712891 0.521484 0.710938 0.519531 0.714844 0.515625
0 0.808594 0.517578 0.808594 0.521484 0.804688 0.521484 0.802734 0.519531 0.806641 0.515625
0 0.169922 0.519531 0.169922 0.523438 0.166016 0.523438 0.164062 0.521484 0.167969 0.517578
0 0.265625 0.525391 0.263672 0.525391 0.261719 0.527344 0.257812 0.527344 0.255859 0.525391 0.255859 0.519531 0.257812 0.517578 0.261719 0.517578 0.263672 0.519531 0.265625 0.519531
0 0.417969 0.531250 0.416016 0.531250 0.414062 0.533203 0.404297 0.533203 0.398438 0.527344 0.398438 0.517578 0.400391 0.515625 0.402344 0.515625 0.402344 0.513672 0.404297 0.511719 0.414062 0.511719 0.419922 0.517578 0.419922 0.527344 0.417969 0.529297
0 0.494141 0.523438 0.494141 0.527344 0.490234 0.527344 0.488281 0.525391 0.492188 0.521484
0 0.607422 0.523438 0.607422 0.527344 0.603516 0.527344 0.601562 0.525391 0.605469 0.521484
0 0.710938 0.523438 0.710938 0.527344 0.707031 0.527344 0.705078 0.525391 0.708984 0.521484
0 0.720703 0.523438 0.720703 0.527344 0.716797 0.527344 0.714844 0.525391 0.718750 0.521484
0 0.802734 0.523438 0.802734 0.527344 0.798828 0.527344 0.796875 0.525391 0.800781 0.521484
0 0.156250 0.525391 0.156250 0.529297 0.152344 0.529297 0.150391 0.527344 0.154297 0.523438
0 0.250000 0.525391 0.250000 0.529297 0.246094 0.529297 0.244141 0.527344 0.248047 0.523438
0 0.433594 0.529297 0.431641 0.529297 0.429688 0.531250 0.425781 0.531250 0.423828 0.529297 0.423828 0.523438 0.425781 0.521484 0.429688 0.521484 0.431641 0.523438 0.433594 0.523438
0 0.990234 0.525391 0.990234 0.529297 0.986328 0.529297 0.984375 0.527344 0.988281 0.523438
0 0.361328 0.531250 0.359375 0.531250 0.357422 0.533203 0.353516 0.533203 0.351562 0.531250 0.351562 0.525391 0.353516 0.523438 0.357422 0.523438 0.359375 0.525391 0.361328 0.525391
0 0.683594 0.527344 0.683594 0.531250 0.679688 0.531250 0.677734 0.529297 0.681641 0.525391
0 0.695312 0.527344 0.695312 0.531250 0.691406 0.531250 0.689453 0.529297 0.693359 0.525391
0 0.974609 0.527344 0.974609 0.531250 0.970703 0.531250 0.968750 0.529297 0.972656 0.525391
0 0.998047 0.539062 0.992188 0.539062 0.986328 0.533203 0.986328 0.523438 0.988281 0.521484 0.990234 0.521484 0.990234 0.519531 0.992188 0.517578 0.998047 0.517578
0 0.906250 0.529297 0.906250 0.533203 0.902344 0.533203 0.900391 0.531250 0.904297 0.527344
0 0.128906 0.531250 0.128906 0.535156 0.125000 0.535156 0.123047 0.533203 0.126953 0.529297
0 0.255859 0.531250 0.255859 0.535156 0.251953 0.535156 0.250000 0.533203 0.253906 0.529297
0 0.595703 0.535156 0.593750 0.535156 0.591797 0.537109 0.587891 0.537109 0.585938 0.535156 0.585938 0.529297 0.587891 0.527344 0.591797 0.527344 0.593750 0.529297 0.595703 0.529297
0 0.669922 0.541016 0.667969 0.541016 0.666016 0.542969 0.656250 0.542969 0.650391 0.537109 0.650391 0.527344 0.652344 0.525391 0.654297 0.525391 0.654297 0.523438 0.656250 0.521484 0.666016 0.521484 0.671875 0.527344 0.671875 0.537109 0.669922 0.539062
0 0.486328 0.535156 0.484375 0.537109 0.484375 0.539062 0.482422 0.541016 0.476562 0.541016 0.474609 0.539062 0.474609 0.537109 0.472656 0.535156 0.472656 0.533203 0.474609 0.531250 0.474609 0.529297 0.476562 0.527344 0.482422 0.527344 0.484375 0.529297 0.484375 0.531250 0.486328 0.533203
0 0.605469 0.533203 0.605469 0.537109 0.601562 0.537109 0.599609 0.535156 0.603516 0.531250
0 0.984375 0.533203 0.984375 0.537109 0.980469 0.537109 0.978516 0.535156 0.982422 0.531250
0 0.349609 0.535156 0.349609 0.539062 0.345703 0.539062 0.343750 0.537109 0.347656 0.533203
0 0.417969 0.535156 0.417969 0.539062 0.414062 0.539062 0.412109 0.537109 0.416016 0.533203
0 0.539062 0.535156 0.539062 0.539062 0.535156 0.539062 0.533203 0.537109 0.537109 0.533203
0 0.689453 0.535156 0.689453 0.539062 0.685547 0.539062 0.683594 0.537109 0.687500 0.533203
0 0.171875 0.537109 0.171875 0.541016 0.167969 0.541016 0.166016 0.539062 0.169922 0.535156
0 0.183594 0.537109 0.183594 0.541016 0.179688 0.541016 0.177734 0.539062 0.181641 0.535156
0 0.812500 0.539062 0.810547 0.541016 0.810547 0.542969 0.808594 0.544922 0.802734 0.544922 0.800781 0.542969 0.800781 0.541016 0.798828 0.539062 0.798828 0.537109 0.800781 0.535156 0.800781 0.533203 0.802734 0.531250 0.808594 0.531250 0.810547 0.533203 0.810547 0.535156 0.812500 0.537109
0 0.828125 0.541016 0.826172 0.541016 0.824219 0.542969 0.820312 0.542969 0.818359 0.541016 0.818359 0.535156 0.820312 0.533203 0.824219 0.533203 0.826172 0.535156 0.828125 0.535156
0 0.435547 0.539062 0.435547 0.542969 0.431641 0.542969 0.429688 0.541016 0.433594 0.537109
0 0.076172 0.544922 0.074219 0.544922 0.072266 0.546875 0.068359 0.546875 0.066406 0.544922 0.066406 0.539062 0.068359 0.537109 0.072266 0.537109 0.074219 0.539062 0.076172 0.539062
0 0.308594 0.544922 0.306641 0.544922 0.304688 0.546875 0.300781 0.546875 0.298828 0.544922 0.298828 0.539062 0.300781 0.537109 0.304688 0.537109 0.306641 0.539062 0.308594 0.539062
0 0.531250 0.541016 0.531250 0.544922 0.527344 0.544922 0.525391 0.542969 0.529297 0.539062
0 0.384766 0.552734 0.382812 0.552734 0.380859 0.554688 0.371094 0.554688 0.365234 0.548828 0.365234 0.539062 0.367188 0.537109 0.369141 0.537109 0.369141 0.535156 0.371094 0.533203 0.380859 0.533203 0.386719 0.539062 0.386719 0.548828 0.384766 0.550781
0 0.585938 0.542969 0.585938 0.546875 0.582031 0.546875 0.580078 0.544922 0.583984 0.541016
0 0.615234 0.542969 0.615234 0.546875 0.611328 0.546875 0.609375 0.544922 0.613281 0.541016
0 0.900391 0.542969 0.900391 0.546875 0.896484 0.546875 0.894531 0.544922 0.898438 0.541016
0 0.925781 0.546875 0.923828 0.546875 0.921875 0.548828 0.917969 0.548828 0.916016 0.546875 0.916016 0.541016 0.917969 0.539062 0.921875 0.539062 0.923828 0.541016 0.925781 0.541016
0 0.421875 0.544922 0.421875 0.548828 0.417969 0.548828 0.416016 0.546875 0.419922 0.542969
0 0.449219 0.554688 0.447266 0.554688 0.445312 0.556641 0.435547 0.556641 0.429688 0.550781 0.429688 0.541016 0.431641 0.539062 0.433594 0.539062 0.433594 0.537109 0.435547 0.535156 0.445312 0.535156 0.451172 0.541016 0.451172 0.550781 0.449219 0.552734
0 0.609375 0.548828 0.603516 0.554688 0.597656 0.554688 0.591797 0.548828 0.591797 0.542969 0.597656 0.537109 0.603516 0.537109 0.609375 0.542969
0 0.644531 0.544922 0.644531 0.548828 0.640625 0.548828 0.638672 0.546875 0.642578 0.542969
0 0.656250 0.544922 0.656250 0.548828 0.652344 0.548828 0.650391 0.546875 0.654297 0.542969
0 0.181641 0.550781 0.179688 0.550781 0.177734 0.552734 0.173828 0.552734 0.171875 0.550781 0.171875 0.544922 0.173828 0.542969 0.177734 0.542969 0.179688 0.544922 0.181641 0.544922
0 0.394531 0.546875 0.394531 0.550781 0.390625 0.550781 0.388672 0.548828 0.392578 0.544922
0 0.417969 0.556641 0.416016 0.556641 0.414062 0.558594 0.404297 0.558594 0.398438 0.552734 0.398438 0.542969 0.400391 0.541016 0.402344 0.541016 0.402344 0.539062 0.404297 0.537109 0.414062 0.537109 0.419922 0.542969 0.419922 0.552734 0.417969 0.554688
0 0.535156 0.546875 0.535156 0.550781 0.531250 0.550781 0.529297 0.548828 0.533203 0.544922
0 0.312500 0.554688 0.310547 0.554688 0.308594 0.556641 0.304688 0.556641 0.302734 0.554688 0.302734 0.548828 0.304688 0.546875 0.308594 0.546875 0.310547 0.548828 0.312500 0.548828
0 0.798828 0.552734 0.796875 0.554688 0.796875 0.556641 0.794922 0.558594 0.789062 0.558594 0.787109 0.556641 0.787109 0.554688 0.785156 0.552734 0.785156 0.550781 0.787109 0.548828 0.787109 0.546875 0.789062 0.544922 0.794922 0.544922 0.796875 0.546875 0.796875 0.548828 0.798828 0.550781
0 0.478516 0.552734 0.478516 0.556641 0.474609 0.556641 0.472656 0.554688 0.476562 0.550781
0 0.650391 0.552734 0.650391 0.556641 0.646484 0.556641 0.644531 0.554688 0.648438 0.550781
0 0.906250 0.556641 0.904297 0.556641 0.902344 0.558594 0.898438 0.558594 0.896484 0.556641 0.896484 0.550781 0.898438 0.548828 0.902344 0.548828 0.904297 0.550781 0.906250 0.550781
0 0.287109 0.558594 0.285156 0.558594 0.283203 0.560547 0.279297 0.560547 0.277344 0.558594 0.277344 0.552734 0.279297 0.550781 0.283203 0.550781 0.285156 0.552734 0.287109 0.552734
0 0.613281 0.558594 0.611328 0.558594 0.609375 0.560547 0.605469 0.560547 0.603516 0.558594 0.603516 0.552734 0.605469 0.550781 0.609375 0.550781 0.611328 0.552734 0.613281 0.552734
0 0.187500 0.556641 0.187500 0.560547 0.183594 0.560547 0.181641 0.558594 0.185547 0.554688
0 0.511719 0.556641 0.511719 0.560547 0.507812 0.560547 0.505859 0.558594 0.509766 0.554688
0 0.365234 0.558594 0.365234 0.562500 0.361328 0.562500 0.359375 0.560547 0.363281 0.556641
0 0.175781 0.560547 0.175781 0.564453 0.171875 0.564453 0.169922 0.562500 0.173828 0.558594
0 0.521484 0.560547 0.521484 0.564453 0.517578 0.564453 0.515625 0.562500 0.519531 0.558594
0 0.599609 0.560547 0.599609 0.564453 0.595703 0.564453 0.593750 0.562500 0.597656 0.558594
0 0.085938 0.572266 0.083984 0.572266 0.082031 0.574219 0.072266 0.574219 0.066406 0.568359 0.066406 0.558594 0.068359 0.556641 0.070312 0.556641 0.070312 0.554688 0.072266 0.552734 0.082031 0.552734 0.087891 0.558594 0.087891 0.568359 0.085938 0.570312
0 0.310547 0.566406 0.308594 0.566406 0.306641 0.568359 0.302734 0.568359 0.300781 0.566406 0.300781 0.560547 0.302734 0.558594 0.306641 0.558594 0.308594 0.560547 0.310547 0.560547
0 0.462891 0.566406 0.460938 0.566406 0.458984 0.568359 0.455078 0.568359 0.453125 0.566406 0.453125 0.560547 0.455078 0.558594 0.458984 0.558594 0.460938 0.560547 0.462891 0.560547
0 0.832031 0.564453 0.830078 0.566406 0.830078 0.568359 0.828125 0.570312 0.822266 0.570312 0.820312 0.568359 0.820312 0.566406 0.818359 0.564453 0.818359 0.562500 0.820312 0.560547 0.820312 0.558594 0.822266 0.556641 0.828125 0.556641 0.830078 0.558594 0.830078 0.560547 0.832031 0.562500
0 0.277344 0.568359 0.275391 0.568359 0.273438 0.570312 0.269531 0.570312 0.267578 0.568359 0.267578 0.562500 0.269531 0.560547 0.273438 0.560547 0.275391 0.562500 0.277344 0.562500
0 0.390625 0.568359 0.388672 0.568359 0.386719 0.570312 0.382812 0.570312 0.380859 0.568359 0.380859 0.562500 0.382812 0.560547 0.386719 0.560547 0.388672 0.562500 0.390625 0.562500
0 0.998047 0.572266 0.994141 0.572266 0.992188 0.570312 0.992188 0.568359 0.990234 0.566406 0.990234 0.564453 0.992188 0.562500 0.992188 0.560547 0.994141 0.558594 0.998047 0.558594
0 0.125000 0.568359 0.125000 0.572266 0.121094 0.572266 0.119141 0.570312 0.123047 0.566406
0 0.367188 0.578125 0.365234 0.578125 0.363281 0.580078 0.353516 0.580078 0.347656 0.574219 0.347656 0.564453 0.349609 0.562500 0.351562 0.562500 0.351562 0.560547 0.353516 0.558594 0.363281 0.558594 0.369141 0.564453 0.369141 0.574219 0.367188 0.576172
0 0.406250 0.572266 0.404297 0.572266 0.402344 0.574219 0.398438 0.574219 0.396484 0.572266 0.396484 0.566406 0.398438 0.564453 0.402344 0.564453 0.404297 0.566406 0.406250 0.566406
0 0.437500 0.572266 0.435547 0.572266 0.433594 0.574219 0.429688 0.574219 0.427734 0.572266 0.427734 0.566406 0.429688 0.564453 0.433594 0.564453 0.435547 0.566406 0.437500 0.566406
0 0.824219 0.570312 0.822266 0.572266 0.822266 0.574219 0.820312 0.576172 0.814453 0.576172 0.812500 0.574219 0.812500 0.572266 0.810547 0.570312 0.810547 0.568359 0.812500 0.566406 0.812500 0.564453 0.814453 0.562500 0.820312 0.562500 0.822266 0.564453 0.822266 0.566406 0.824219 0.568359
0 0.843750 0.574219 0.841797 0.574219 0.839844 0.576172 0.835938 0.576172 0.833984 0.574219 0.833984 0.568359 0.835938 0.566406 0.839844 0.566406 0.841797 0.568359 0.843750 0.568359
0 0.986328 0.574219 0.984375 0.574219 0.982422 0.576172 0.978516 0.576172 0.976562 0.574219 0.976562 0.568359 0.978516 0.566406 0.982422 0.566406 0.984375 0.568359 0.986328 0.568359
0 0.375000 0.572266 0.375000 0.576172 0.371094 0.576172 0.369141 0.574219 0.373047 0.570312
0 0.255859 0.576172 0.253906 0.578125 0.253906 0.580078 0.251953 0.582031 0.246094 0.582031 0.244141 0.580078 0.244141 0.578125 0.242188 0.576172 0.242188 0.574219 0.244141 0.572266 0.244141 0.570312 0.246094 0.568359 0.251953 0.568359 0.253906 0.570312 0.253906 0.572266 0.255859 0.574219
0 0.654297 0.576172 0.654297 0.580078 0.650391 0.580078 0.648438 0.578125 0.652344 0.574219
0 0.222656 0.578125 0.222656 0.582031 0.218750 0.582031 0.216797 0.580078 0.220703 0.576172
0 0.212891 0.583984 0.210938 0.583984 0.208984 0.585938 0.205078 0.585938 0.203125 0.583984 0.203125 0.578125 0.205078 0.576172 0.208984 0.576172 0.210938 0.578125 0.212891 0.578125
0 0.660156 0.580078 0.660156 0.583984 0.656250 0.583984 0.654297 0.582031 0.658203 0.578125
0 0.001953 0.589844 0.000000 0.589844 0.000000 0.576172 0.001953 0.576172 0.003906 0.578125 0.003906 0.580078 0.005859 0.582031 0.005859 0.583984 0.003906 0.585938 0.003906 0.587891
0 0.195312 0.585938 0.193359 0.585938 0.191406 0.587891 0.187500 0.587891 0.185547 0.585938 0.185547 0.580078 0.187500 0.578125 0.191406 0.578125 0.193359 0.580078 0.195312 0.580078
0 0.289062 0.583984 0.289062 0.587891 0.285156 0.587891 0.283203 0.585938 0.287109 0.582031
0 0.835938 0.587891 0.833984 0.587891 0.832031 0.589844 0.828125 0.589844 0.826172 0.587891 0.826172 0.582031 0.828125 0.580078 0.832031 0.580078 0.833984 0.582031 0.835938 0.582031
0 0.160156 0.587891 0.158203 0.589844 0.158203 0.591797 0.156250 0.593750 0.150391 0.593750 0.148438 0.591797 0.148438 0.589844 0.146484 0.587891 0.146484 0.585938 0.148438 0.583984 0.148438 0.582031 0.150391 0.580078 0.156250 0.580078 0.158203 0.582031 0.158203 0.583984 0.160156 0.585938
0 0.423828 0.589844 0.421875 0.589844 0.419922 0.591797 0.416016 0.591797 0.414062 0.589844 0.414062 0.583984 0.416016 0.582031 0.419922 0.582031 0.421875 0.583984 0.423828 0.583984
0 0.462891 0.587891 0.460938 0.589844 0.460938 0.591797 0.458984 0.593750 0.453125 0.593750 0.451172 0.591797 0.451172 0.589844 0.449219 0.587891 0.449219 0.585938 0.451172 0.583984 0.451172 0.582031 0.453125 0.580078 0.458984 0.580078 0.460938 0.582031 0.460938 0.583984 0.462891 0.585938
0 0.519531 0.589844 0.517578 0.589844 0.515625 0.591797 0.511719 0.591797 0.509766 0.589844 0.509766 0.583984 0.511719 0.582031 0.515625 0.582031 0.517578 0.583984 0.519531 0.583984
0 0.998047 0.591797 0.994141 0.591797 0.992188 0.589844 0.992188 0.583984 0.994141 0.582031 0.998047 0.582031
0 0.146484 0.591797 0.144531 0.591797 0.142578 0.593750 0.138672 0.593750 0.136719 0.591797 0.136719 0.585938 0.138672 0.583984 0.142578 0.583984 0.144531 0.585938 0.146484 0.585938
0 0.347656 0.587891 0.347656 0.591797 0.343750 0.591797 0.341797 0.589844 0.345703 0.585938
0 0.361328 0.587891 0.361328 0.591797 0.357422 0.591797 0.355469 0.589844 0.359375 0.585938
0 0.701172 0.593750 0.699219 0.593750 0.697266 0.595703 0.693359 0.595703 0.691406 0.593750 0.691406 0.587891 0.693359 0.585938 0.697266 0.585938 0.699219 0.587891 0.701172 0.587891
0 0.714844 0.591797 0.714844 0.595703 0.710938 0.595703 0.708984 0.593750 0.712891 0.589844
0 0.275391 0.597656 0.273438 0.597656 0.271484 0.599609 0.267578 0.599609 0.265625 0.597656 0.265625 0.591797 0.267578 0.589844 0.271484 0.589844 0.273438 0.591797 0.275391 0.591797
0 0.298828 0.603516 0.296875 0.603516 0.294922 0.605469 0.285156 0.605469 0.279297 0.599609 0.279297 0.589844 0.281250 0.587891 0.283203 0.587891 0.283203 0.585938 0.285156 0.583984 0.294922 0.583984 0.300781 0.589844 0.300781 0.599609 0.298828 0.601562
0 0.332031 0.593750 0.332031 0.597656 0.328125 0.597656 0.326172 0.595703 0.330078 0.591797
0 0.527344 0.597656 0.525391 0.597656 0.523438 0.599609 0.519531 0.599609 0.517578 0.597656 0.517578 0.591797 0.519531 0.589844 0.523438 0.589844 0.525391 0.591797 0.527344 0.591797
0 0.003906 0.607422 0.000000 0.607422 0.000000 0.585938 0.003906 0.585938 0.005859 0.587891 0.005859 0.589844 0.007812 0.589844 0.009766 0.591797 0.009766 0.601562 0.007812 0.603516 0.007812 0.605469 0.005859 0.605469
0 0.550781 0.595703 0.550781 0.599609 0.546875 0.599609 0.544922 0.597656 0.548828 0.593750
0 0.937500 0.597656 0.935547 0.599609 0.935547 0.601562 0.933594 0.603516 0.927734 0.603516 0.925781 0.601562 0.925781 0.599609 0.923828 0.597656 0.923828 0.595703 0.925781 0.593750 0.925781 0.591797 0.927734 0.589844 0.933594 0.589844 0.935547 0.591797 0.935547 0.593750 0.937500 0.595703
0 0.128906 0.601562 0.126953 0.601562 0.125000 0.603516 0.121094 0.603516 0.119141 0.601562 0.119141 0.595703 0.121094 0.593750 0.125000 0.593750 0.126953 0.595703 0.128906 0.595703
0 0.248047 0.599609 0.246094 0.601562 0.246094 0.603516 0.244141 0.605469 0.238281 0.605469 0.236328 0.603516 0.236328 0.601562 0.234375 0.599609 0.234375 0.597656 0.236328 0.595703 0.236328 0.593750 0.238281 0.591797 0.244141 0.591797 0.246094 0.593750 0.246094 0.595703 0.248047 0.597656
0 0.257812 0.601562 0.251953 0.607422 0.246094 0.607422 0.240234 0.601562 0.240234 0.595703 0.246094 0.589844 0.251953 0.589844 0.257812 0.595703
0 0.564453 0.601562 0.562500 0.601562 0.560547 0.603516 0.556641 0.603516 0.554688 0.601562 0.554688 0.595703 0.556641 0.593750 0.560547 0.593750 0.562500 0.595703 0.564453 0.595703
0 0.439453 0.601562 0.437500 0.603516 0.437500 0.605469 0.435547 0.607422 0.429688 0.607422 0.427734 0.605469 0.427734 0.603516 0.425781 0.601562 0.425781 0.599609 0.427734 0.597656 0.427734 0.595703 0.429688 0.593750 0.435547 0.593750 0.437500 0.595703 0.437500 0.597656 0.439453 0.599609
0 0.679688 0.599609 0.679688 0.603516 0.675781 0.603516 0.673828 0.601562 0.677734 0.597656
0 0.712891 0.599609 0.712891 0.603516 0.708984 0.603516 0.707031 0.601562 0.710938 0.597656
0 0.234375 0.603516 0.232422 0.605469 0.232422 0.607422 0.230469 0.609375 0.224609 0.609375 0.222656 0.607422 0.222656 0.605469 0.220703 0.603516 0.220703 0.601562 0.222656 0.599609 0.222656 0.597656 0.224609 0.595703 0.230469 0.595703 0.232422 0.597656 0.232422 0.599609 0.234375 0.601562
0 0.458984 0.605469 0.457031 0.605469 0.455078 0.607422 0.451172 0.607422 0.449219 0.605469 0.449219 0.599609 0.451172 0.597656 0.455078 0.597656 0.457031 0.599609 0.458984 0.599609
0 0.220703 0.607422 0.218750 0.607422 0.216797 0.609375 0.212891 0.609375 0.210938 0.607422 0.210938 0.601562 0.212891 0.599609 0.216797 0.599609 0.218750 0.601562 0.220703 0.601562
0 0.513672 0.607422 0.511719 0.607422 0.509766 0.609375 0.505859 0.609375 0.503906 0.607422 0.503906 0.601562 0.505859 0.599609 0.509766 0.599609 0.511719 0.601562 0.513672 0.601562
0 0.656250 0.607422 0.654297 0.607422 0.652344 0.609375 0.648438 0.609375 0.646484 0.607422 0.646484 0.601562 0.648438 0.599609 0.652344 0.599609 0.654297 0.601562 0.656250 0.601562
0 0.472656 0.605469 0.472656 0.609375 0.468750 0.609375 0.466797 0.607422 0.470703 0.603516
0 0.617188 0.605469 0.617188 0.609375 0.613281 0.609375 0.611328 0.607422 0.615234 0.603516
0 0.910156 0.607422 0.908203 0.609375 0.908203 0.611328 0.906250 0.613281 0.900391 0.613281 0.898438 0.611328 0.898438 0.609375 0.896484 0.607422 0.896484 0.605469 0.898438 0.603516 0.898438 0.601562 0.900391 0.599609 0.906250 0.599609 0.908203 0.601562 0.908203 0.603516 0.910156 0.605469
0 0.634766 0.611328 0.632812 0.611328 0.630859 0.613281 0.626953 0.613281 0.625000 0.611328 0.625000 0.605469 0.626953 0.603516 0.630859 0.603516 0.632812 0.605469 0.634766 0.605469
0 0.326172 0.611328 0.324219 0.613281 0.324219 0.615234 0.322266 0.617188 0.316406 0.617188 0.314453 0.615234 0.314453 0.613281 0.312500 0.611328 0.312500 0.609375 0.314453 0.607422 0.314453 0.605469 0.316406 0.603516 0.322266 0.603516 0.324219 0.605469 0.324219 0.607422 0.326172 0.609375
0 0.572266 0.615234 0.570312 0.615234 0.568359 0.617188 0.564453 0.617188 0.562500 0.615234 0.562500 0.609375 0.564453 0.607422 0.568359 0.607422 0.570312 0.609375 0.572266 0.609375
0 0.244141 0.613281 0.244141 0.617188 0.240234 0.617188 0.238281 0.615234 0.242188 0.611328
0 0.562500 0.613281 0.562500 0.617188 0.558594 0.617188 0.556641 0.615234 0.560547 0.611328
0 0.623047 0.613281 0.623047 0.617188 0.619141 0.617188 0.617188 0.615234 0.621094 0.611328
0 0.691406 0.617188 0.689453 0.617188 0.687500 0.619141 0.683594 0.619141 0.681641 0.617188 0.681641 0.611328 0.683594 0.609375 0.687500 0.609375 0.689453 0.611328 0.691406 0.611328
0 0.453125 0.625000 0.451172 0.625000 0.449219 0.626953 0.439453 0.626953 0.433594 0.621094 0.433594 0.611328 0.435547 0.609375 0.437500 0.609375 0.437500 0.607422 0.439453 0.605469 0.449219 0.605469 0.455078 0.611328 0.455078 0.621094 0.453125 0.623047
0 0.519531 0.615234 0.519531 0.619141 0.515625 0.619141 0.513672 0.617188 0.517578 0.613281
0 0.658203 0.619141 0.656250 0.619141 0.654297 0.621094 0.650391 0.621094 0.648438 0.619141 0.648438 0.613281 0.650391 0.611328 0.654297 0.611328 0.656250 0.613281 0.658203 0.613281
0 0.935547 0.617188 0.933594 0.619141 0.933594 0.621094 0.931641 0.623047 0.925781 0.623047 0.923828 0.621094 0.923828 0.619141 0.921875 0.617188 0.921875 0.615234 0.923828 0.613281 0.923828 0.611328 0.925781 0.609375 0.931641 0.609375 0.933594 0.611328 0.933594 0.613281 0.935547 0.615234
0 0.201172 0.621094 0.199219 0.621094 0.197266 0.623047 0.193359 0.623047 0.191406 0.621094 0.191406 0.615234 0.193359 0.613281 0.197266 0.613281 0.199219 0.615234 0.201172 0.615234
0 0.263672 0.619141 0.263672 0.623047 0.259766 0.623047 0.257812 0.621094 0.261719 0.617188
0 0.292969 0.625000 0.287109 0.630859 0.281250 0.630859 0.275391 0.625000 0.275391 0.619141 0.281250 0.613281 0.287109 0.613281 0.292969 0.619141
0 0.337891 0.625000 0.335938 0.625000 0.333984 0.626953 0.330078 0.626953 0.328125 0.625000 0.328125 0.619141 0.330078 0.617188 0.333984 0.617188 0.335938 0.619141 0.337891 0.619141
0 0.386719 0.625000 0.384766 0.626953 0.384766 0.628906 0.382812 0.630859 0.376953 0.630859 0.375000 0.628906 0.375000 0.626953 0.373047 0.625000 0.373047 0.623047 0.375000 0.621094 0.375000 0.619141 0.376953 0.617188 0.382812 0.617188 0.384766 0.619141 0.384766 0.621094 0.386719 0.623047
0 0.447266 0.626953 0.445312 0.626953 0.443359 0.628906 0.439453 0.628906 0.437500 0.626953 0.437500 0.621094 0.439453 0.619141 0.443359 0.619141 0.445312 0.621094 0.447266 0.621094
0 0.667969 0.628906 0.666016 0.628906 0.664062 0.630859 0.660156 0.630859 0.658203 0.628906 0.658203 0.623047 0.660156 0.621094 0.664062 0.621094 0.666016 0.623047 0.667969 0.623047
0 0.181641 0.630859 0.179688 0.630859 0.177734 0.632812 0.173828 0.632812 0.171875 0.630859 0.171875 0.625000 0.173828 0.623047 0.177734 0.623047 0.179688 0.625000 0.181641 0.625000
0 0.398438 0.628906 0.396484 0.630859 0.396484 0.632812 0.394531 0.634766 0.388672 0.634766 0.386719 0.632812 0.386719 0.630859 0.384766 0.628906 0.384766 0.626953 0.386719 0.625000 0.386719 0.623047 0.388672 0.621094 0.394531 0.621094 0.396484 0.623047 0.396484 0.625000 0.398438 0.626953
0 0.480469 0.630859 0.478516 0.630859 0.476562 0.632812 0.472656 0.632812 0.470703 0.630859 0.470703 0.625000 0.472656 0.623047 0.476562 0.623047 0.478516 0.625000 0.480469 0.625000
0 0.675781 0.630859 0.673828 0.630859 0.671875 0.632812 0.667969 0.632812 0.666016 0.630859 0.666016 0.625000 0.667969 0.623047 0.671875 0.623047 0.673828 0.625000 0.675781 0.625000
0 0.291016 0.632812 0.289062 0.632812 0.287109 0.634766 0.283203 0.634766 0.281250 0.632812 0.281250 0.626953 0.283203 0.625000 0.287109 0.625000 0.289062 0.626953 0.291016 0.626953
0 0.431641 0.634766 0.429688 0.634766 0.427734 0.636719 0.423828 0.636719 0.421875 0.634766 0.421875 0.628906 0.423828 0.626953 0.427734 0.626953 0.429688 0.628906 0.431641 0.628906
0 0.572266 0.634766 0.570312 0.634766 0.568359 0.636719 0.564453 0.636719 0.562500 0.634766 0.562500 0.628906 0.564453 0.626953 0.568359 0.626953 0.570312 0.628906 0.572266 0.628906
0 0.457031 0.636719 0.455078 0.636719 0.453125 0.638672 0.449219 0.638672 0.447266 0.636719 0.447266 0.630859 0.449219 0.628906 0.453125 0.628906 0.455078 0.630859 0.457031 0.630859
0 0.517578 0.634766 0.515625 0.636719 0.515625 0.638672 0.513672 0.640625 0.507812 0.640625 0.505859 0.638672 0.505859 0.636719 0.503906 0.634766 0.503906 0.632812 0.505859 0.630859 0.505859 0.628906 0.507812 0.626953 0.513672 0.626953 0.515625 0.628906 0.515625 0.630859 0.517578 0.632812
0 0.322266 0.644531 0.320312 0.644531 0.318359 0.646484 0.308594 0.646484 0.302734 0.640625 0.302734 0.630859 0.304688 0.628906 0.306641 0.628906 0.306641 0.626953 0.308594 0.625000 0.318359 0.625000 0.324219 0.630859 0.324219 0.640625 0.322266 0.642578
0 0.371094 0.638672 0.369141 0.638672 0.367188 0.640625 0.363281 0.640625 0.361328 0.638672 0.361328 0.632812 0.363281 0.630859 0.367188 0.630859 0.369141 0.632812 0.371094 0.632812
0 0.578125 0.638672 0.576172 0.638672 0.574219 0.640625 0.570312 0.640625 0.568359 0.638672 0.568359 0.632812 0.570312 0.630859 0.574219 0.630859 0.576172 0.632812 0.578125 0.632812
0 0.173828 0.640625 0.171875 0.640625 0.169922 0.642578 0.166016 0.642578 0.164062 0.640625 0.164062 0.634766 0.166016 0.632812 0.169922 0.632812 0.171875 0.634766 0.173828 0.634766
0 0.429688 0.640625 0.427734 0.640625 0.425781 0.642578 0.421875 0.642578 0.419922 0.640625 0.419922 0.634766 0.421875 0.632812 0.425781 0.632812 0.427734 0.634766 0.429688 0.634766
0 0.343750 0.644531 0.337891 0.650391 0.332031 0.650391 0.326172 0.644531 0.326172 0.638672 0.332031 0.632812 0.337891 0.632812 0.343750 0.638672
0 0.410156 0.642578 0.408203 0.644531 0.408203 0.646484 0.406250 0.648438 0.400391 0.648438 0.398438 0.646484 0.398438 0.644531 0.396484 0.642578 0.396484 0.640625 0.398438 0.638672 0.398438 0.636719 0.400391 0.634766 0.406250 0.634766 0.408203 0.636719 0.408203 0.638672 0.410156 0.640625
0 0.037109 0.644531 0.035156 0.646484 0.035156 0.648438 0.033203 0.650391 0.027344 0.650391 0.025391 0.648438 0.025391 0.646484 0.023438 0.644531 0.023438 0.642578 0.025391 0.640625 0.025391 0.638672 0.027344 0.636719 0.033203 0.636719 0.035156 0.638672 0.035156 0.640625 0.037109 0.642578
0 0.277344 0.644531 0.275391 0.646484 0.275391 0.648438 0.273438 0.650391 0.267578 0.650391 0.265625 0.648438 0.265625 0.646484 0.263672 0.644531 0.263672 0.642578 0.265625 0.640625 0.265625 0.638672 0.267578 0.636719 0.273438 0.636719 0.275391 0.638672 0.275391 0.640625 0.277344 0.642578
0 0.537109 0.646484 0.535156 0.646484 0.533203 0.648438 0.529297 0.648438 0.527344 0.646484 0.527344 0.640625 0.529297 0.638672 0.533203 0.638672 0.535156 0.640625 0.537109 0.640625
0 0.294922 0.648438 0.292969 0.648438 0.291016 0.650391 0.287109 0.650391 0.285156 0.648438 0.285156 0.642578 0.287109 0.640625 0.291016 0.640625 0.292969 0.642578 0.294922 0.642578
0 0.431641 0.648438 0.429688 0.648438 0.427734 0.650391 0.423828 0.650391 0.421875 0.648438 0.421875 0.642578 0.423828 0.640625 0.427734 0.640625 0.429688 0.642578 0.431641 0.642578
0 0.460938 0.648438 0.458984 0.648438 0.457031 0.650391 0.453125 0.650391 0.451172 0.648438 0.451172 0.642578 0.453125 0.640625 0.457031 0.640625 0.458984 0.642578 0.460938 0.642578
0 0.181641 0.656250 0.179688 0.656250 0.177734 0.658203 0.167969 0.658203 0.162109 0.652344 0.162109 0.642578 0.164062 0.640625 0.166016 0.640625 0.166016 0.638672 0.167969 0.636719 0.177734 0.636719 0.183594 0.642578 0.183594 0.652344 0.181641 0.654297
0 0.214844 0.650391 0.212891 0.650391 0.210938 0.652344 0.207031 0.652344 0.205078 0.650391 0.205078 0.644531 0.207031 0.642578 0.210938 0.642578 0.212891 0.644531 0.214844 0.644531
0 0.587891 0.648438 0.585938 0.650391 0.585938 0.652344 0.583984 0.654297 0.578125 0.654297 0.576172 0.652344 0.576172 0.650391 0.574219 0.648438 0.574219 0.646484 0.576172 0.644531 0.576172 0.642578 0.578125 0.640625 0.583984 0.640625 0.585938 0.642578 0.585938 0.644531 0.587891 0.646484
0 0.201172 0.654297 0.199219 0.654297 0.197266 0.656250 0.193359 0.656250 0.191406 0.654297 0.191406 0.648438 0.193359 0.646484 0.197266 0.646484 0.199219 0.648438 0.201172 0.648438
0 0.367188 0.660156 0.365234 0.660156 0.363281 0.662109 0.353516 0.662109 0.347656 0.656250 0.347656 0.646484 0.349609 0.644531 0.351562 0.644531 0.351562 0.642578 0.353516 0.640625 0.363281 0.640625 0.369141 0.646484 0.369141 0.656250 0.367188 0.658203
0 0.562500 0.652344 0.560547 0.654297 0.560547 0.656250 0.558594 0.658203 0.552734 0.658203 0.550781 0.656250 0.550781 0.654297 0.548828 0.652344 0.548828 0.650391 0.550781 0.648438 0.550781 0.646484 0.552734 0.644531 0.558594 0.644531 0.560547 0.646484 0.560547 0.648438 0.562500 0.650391
0 0.791016 0.654297 0.789062 0.654297 0.787109 0.656250 0.783203 0.656250 0.781250 0.654297 0.781250 0.648438 0.783203 0.646484 0.787109 0.646484 0.789062 0.648438 0.791016 0.648438
0 0.232422 0.656250 0.230469 0.656250 0.228516 0.658203 0.224609 0.658203 0.222656 0.656250 0.222656 0.650391 0.224609 0.648438 0.228516 0.648438 0.230469 0.650391 0.232422 0.650391
0 0.314453 0.662109 0.312500 0.662109 0.310547 0.664062 0.300781 0.664062 0.294922 0.658203 0.294922 0.648438 0.296875 0.646484 0.298828 0.646484 0.298828 0.644531 0.300781 0.642578 0.310547 0.642578 0.316406 0.648438 0.316406 0.658203 0.314453 0.660156
0 0.527344 0.654297 0.525391 0.656250 0.525391 0.658203 0.523438 0.660156 0.517578 0.660156 0.515625 0.658203 0.515625 0.656250 0.513672 0.654297 0.513672 0.652344 0.515625 0.650391 0.515625 0.648438 0.517578 0.646484 0.523438 0.646484 0.525391 0.648438 0.525391 0.650391 0.527344 0.652344
0 0.158203 0.656250 0.156250 0.658203 0.156250 0.660156 0.154297 0.662109 0.148438 0.662109 0.146484 0.660156 0.146484 0.658203 0.144531 0.656250 0.144531 0.654297 0.146484 0.652344 0.146484 0.650391 0.148438 0.648438 0.154297 0.648438 0.156250 0.650391 0.156250 0.652344 0.158203 0.654297
0 0.255859 0.658203 0.253906 0.658203 0.251953 0.660156 0.248047 0.660156 0.246094 0.658203 0.246094 0.652344 0.248047 0.650391 0.251953 0.650391 0.253906 0.652344 0.255859 0.652344
0 0.283203 0.664062 0.281250 0.664062 0.279297 0.666016 0.269531 0.666016 0.263672 0.660156 0.263672 0.650391 0.265625 0.648438 0.267578 0.648438 0.267578 0.646484 0.269531 0.644531 0.279297 0.644531 0.285156 0.650391 0.285156 0.660156 0.283203 0.662109
0 0.402344 0.658203 0.400391 0.658203 0.398438 0.660156 0.394531 0.660156 0.392578 0.658203 0.392578 0.652344 0.394531 0.650391 0.398438 0.650391 0.400391 0.652344 0.402344 0.652344
0 0.558594 0.664062 0.556641 0.664062 0.554688 0.666016 0.544922 0.666016 0.539062 0.660156 0.539062 0.650391 0.541016 0.648438 0.542969 0.648438 0.542969 0.646484 0.544922 0.644531 0.554688 0.644531 0.560547 0.650391 0.560547 0.660156 0.558594 0.662109
0 0.818359 0.654297 0.818359 0.658203 0.814453 0.658203 0.812500 0.656250 0.816406 0.652344
0 0.847656 0.654297 0.847656 0.658203 0.843750 0.658203 0.841797 0.656250 0.845703 0.652344
0 0.855469 0.654297 0.855469 0.658203 0.851562 0.658203 0.849609 0.656250 0.853516 0.652344
0 0.052734 0.660156 0.050781 0.660156 0.048828 0.662109 0.044922 0.662109 0.042969 0.660156 0.042969 0.654297 0.044922 0.652344 0.048828 0.652344 0.050781 0.654297 0.052734 0.654297
0 0.753906 0.656250 0.753906 0.660156 0.750000 0.660156 0.748047 0.658203 0.751953 0.654297
0 0.267578 0.662109 0.265625 0.662109 0.263672 0.664062 0.259766 0.664062 0.257812 0.662109 0.257812 0.656250 0.259766 0.654297 0.263672 0.654297 0.265625 0.656250 0.267578 0.656250
0 0.521484 0.671875 0.519531 0.671875 0.517578 0.673828 0.507812 0.673828 0.501953 0.667969 0.501953 0.658203 0.503906 0.656250 0.505859 0.656250 0.505859 0.654297 0.507812 0.652344 0.517578 0.652344 0.523438 0.658203 0.523438 0.667969 0.521484 0.669922
0 0.580078 0.666016 0.578125 0.666016 0.576172 0.667969 0.572266 0.667969 0.570312 0.666016 0.570312 0.660156 0.572266 0.658203 0.576172 0.658203 0.578125 0.660156 0.580078 0.660156
0 0.761719 0.664062 0.761719 0.667969 0.757812 0.667969 0.755859 0.666016 0.759766 0.662109
0 0.843750 0.664062 0.843750 0.667969 0.839844 0.667969 0.837891 0.666016 0.841797 0.662109
0 0.208984 0.669922 0.207031 0.669922 0.205078 0.671875 0.201172 0.671875 0.199219 0.669922 0.199219 0.664062 0.201172 0.662109 0.205078 0.662109 0.207031 0.664062 0.208984 0.664062
0 0.216797 0.669922 0.214844 0.669922 0.212891 0.671875 0.208984 0.671875 0.207031 0.669922 0.207031 0.664062 0.208984 0.662109 0.212891 0.662109 0.214844 0.664062 0.216797 0.664062
0 0.441406 0.675781 0.439453 0.675781 0.437500 0.677734 0.427734 0.677734 0.421875 0.671875 0.421875 0.662109 0.423828 0.660156 0.425781 0.660156 0.425781 0.658203 0.427734 0.656250 0.437500 0.656250 0.443359 0.662109 0.443359 0.671875 0.441406 0.673828
0 0.488281 0.666016 0.488281 0.669922 0.484375 0.669922 0.482422 0.667969 0.486328 0.664062
0 0.609375 0.667969 0.607422 0.669922 0.607422 0.671875 0.605469 0.673828 0.599609 0.673828 0.597656 0.671875 0.597656 0.669922 0.595703 0.667969 0.595703 0.666016 0.597656 0.664062 0.597656 0.662109 0.599609 0.660156 0.605469 0.660156 0.607422 0.662109 0.607422 0.664062 0.609375 0.666016
0 0.621094 0.666016 0.621094 0.669922 0.617188 0.669922 0.615234 0.667969 0.619141 0.664062
0 0.189453 0.671875 0.187500 0.671875 0.185547 0.673828 0.181641 0.673828 0.179688 0.671875 0.179688 0.666016 0.181641 0.664062 0.185547 0.664062 0.187500 0.666016 0.189453 0.666016
0 0.541016 0.671875 0.539062 0.671875 0.537109 0.673828 0.533203 0.673828 0.531250 0.671875 0.531250 0.666016 0.533203 0.664062 0.537109 0.664062 0.539062 0.666016 0.541016 0.666016
0 0.570312 0.677734 0.568359 0.677734 0.566406 0.679688 0.556641 0.679688 0.550781 0.673828 0.550781 0.664062 0.552734 0.662109 0.554688 0.662109 0.554688 0.660156 0.556641 0.658203 0.566406 0.658203 0.572266 0.664062 0.572266 0.673828 0.570312 0.675781
0 0.599609 0.667969 0.599609 0.671875 0.595703 0.671875 0.593750 0.669922 0.597656 0.666016
0 0.753906 0.667969 0.753906 0.671875 0.750000 0.671875 0.748047 0.669922 0.751953 0.666016
0 0.792969 0.669922 0.791016 0.671875 0.791016 0.673828 0.789062 0.675781 0.783203 0.675781 0.781250 0.673828 0.781250 0.671875 0.779297 0.669922 0.779297 0.667969 0.781250 0.666016 0.781250 0.664062 0.783203 0.662109 0.789062 0.662109 0.791016 0.664062 0.791016 0.666016 0.792969 0.667969
0 0.072266 0.679688 0.070312 0.679688 0.068359 0.681641 0.058594 0.681641 0.052734 0.675781 0.052734 0.666016 0.054688 0.664062 0.056641 0.664062 0.056641 0.662109 0.058594 0.660156 0.068359 0.660156 0.074219 0.666016 0.074219 0.675781 0.072266 0.677734
0 0.251953 0.671875 0.250000 0.673828 0.250000 0.675781 0.248047 0.677734 0.242188 0.677734 0.240234 0.675781 0.240234 0.673828 0.238281 0.671875 0.238281 0.669922 0.240234 0.667969 0.240234 0.666016 0.242188 0.664062 0.248047 0.664062 0.250000 0.666016 0.250000 0.667969 0.251953 0.669922
0 0.496094 0.669922 0.496094 0.673828 0.492188 0.673828 0.490234 0.671875 0.494141 0.667969
0 0.591797 0.673828 0.589844 0.673828 0.587891 0.675781 0.583984 0.675781 0.582031 0.673828 0.582031 0.667969 0.583984 0.666016 0.587891 0.666016 0.589844 0.667969 0.591797 0.667969
0 0.849609 0.669922 0.849609 0.673828 0.845703 0.673828 0.843750 0.671875 0.847656 0.667969
0 0.855469 0.669922 0.855469 0.673828 0.851562 0.673828 0.849609 0.671875 0.853516 0.667969
0 0.458984 0.681641 0.457031 0.681641 0.455078 0.683594 0.445312 0.683594 0.439453 0.677734 0.439453 0.667969 0.441406 0.666016 0.443359 0.666016 0.443359 0.664062 0.445312 0.662109 0.455078 0.662109 0.460938 0.667969 0.460938 0.677734 0.458984 0.679688
0 0.291016 0.675781 0.289062 0.677734 0.289062 0.679688 0.287109 0.681641 0.281250 0.681641 0.279297 0.679688 0.279297 0.677734 0.277344 0.675781 0.277344 0.673828 0.279297 0.671875 0.279297 0.669922 0.281250 0.667969 0.287109 0.667969 0.289062 0.669922 0.289062 0.671875 0.291016 0.673828
0 0.322266 0.677734 0.316406 0.683594 0.310547 0.683594 0.304688 0.677734 0.304688 0.671875 0.310547 0.666016 0.316406 0.666016 0.322266 0.671875
0 0.173828 0.679688 0.171875 0.679688 0.169922 0.681641 0.166016 0.681641 0.164062 0.679688 0.164062 0.673828 0.166016 0.671875 0.169922 0.671875 0.171875 0.673828 0.173828 0.673828
0 0.267578 0.679688 0.265625 0.679688 0.263672 0.681641 0.259766 0.681641 0.257812 0.679688 0.257812 0.673828 0.259766 0.671875 0.263672 0.671875 0.265625 0.673828 0.267578 0.673828
0 0.527344 0.677734 0.525391 0.679688 0.525391 0.681641 0.523438 0.683594 0.517578 0.683594 0.515625 0.681641 0.515625 0.679688 0.513672 0.677734 0.513672 0.675781 0.515625 0.673828 0.515625 0.671875 0.517578 0.669922 0.523438 0.669922 0.525391 0.671875 0.525391 0.673828 0.527344 0.675781
0 0.923828 0.679688 0.921875 0.679688 0.919922 0.681641 0.916016 0.681641 0.914062 0.679688 0.914062 0.673828 0.916016 0.671875 0.919922 0.671875 0.921875 0.673828 0.923828 0.673828
0 0.560547 0.681641 0.558594 0.681641 0.556641 0.683594 0.552734 0.683594 0.550781 0.681641 0.550781 0.675781 0.552734 0.673828 0.556641 0.673828 0.558594 0.675781 0.560547 0.675781
0 0.621094 0.679688 0.619141 0.681641 0.619141 0.683594 0.617188 0.685547 0.611328 0.685547 0.609375 0.683594 0.609375 0.681641 0.607422 0.679688 0.607422 0.677734 0.609375 0.675781 0.609375 0.673828 0.611328 0.671875 0.617188 0.671875 0.619141 0.673828 0.619141 0.675781 0.621094 0.677734
0 0.929688 0.677734 0.929688 0.681641 0.925781 0.681641 0.923828 0.679688 0.927734 0.675781
0 0.501953 0.685547 0.500000 0.685547 0.498047 0.687500 0.494141 0.687500 0.492188 0.685547 0.492188 0.679688 0.494141 0.677734 0.498047 0.677734 0.500000 0.679688 0.501953 0.679688
0 0.777344 0.685547 0.777344 0.689453 0.773438 0.689453 0.771484 0.687500 0.775391 0.683594
0 0.914062 0.685547 0.914062 0.689453 0.910156 0.689453 0.908203 0.687500 0.912109 0.683594
0 0.162109 0.697266 0.160156 0.697266 0.158203 0.699219 0.148438 0.699219 0.142578 0.693359 0.142578 0.683594 0.144531 0.681641 0.146484 0.681641 0.146484 0.679688 0.148438 0.677734 0.158203 0.677734 0.164062 0.683594 0.164062 0.693359 0.162109 0.695312
0 0.554688 0.691406 0.552734 0.691406 0.550781 0.693359 0.546875 0.693359 0.544922 0.691406 0.544922 0.685547 0.546875 0.683594 0.550781 0.683594 0.552734 0.685547 0.554688 0.685547
0 0.537109 0.699219 0.535156 0.699219 0.533203 0.701172 0.523438 0.701172 0.517578 0.695312 0.517578 0.685547 0.519531 0.683594 0.521484 0.683594 0.521484 0.681641 0.523438 0.679688 0.533203 0.679688 0.539062 0.685547 0.539062 0.695312 0.537109 0.697266
0 0.802734 0.693359 0.800781 0.693359 0.798828 0.695312 0.794922 0.695312 0.792969 0.693359 0.792969 0.687500 0.794922 0.685547 0.798828 0.685547 0.800781 0.687500 0.802734 0.687500
0 0.509766 0.693359 0.507812 0.695312 0.507812 0.697266 0.505859 0.699219 0.500000 0.699219 0.498047 0.697266 0.498047 0.695312 0.496094 0.693359 0.496094 0.691406 0.498047 0.689453 0.498047 0.687500 0.500000 0.685547 0.505859 0.685547 0.507812 0.687500 0.507812 0.689453 0.509766 0.691406
0 0.796875 0.693359 0.794922 0.695312 0.794922 0.697266 0.792969 0.699219 0.787109 0.699219 0.785156 0.697266 0.785156 0.695312 0.783203 0.693359 0.783203 0.691406 0.785156 0.689453 0.785156 0.687500 0.787109 0.685547 0.792969 0.685547 0.794922 0.687500 0.794922 0.689453 0.796875 0.691406
0 0.771484 0.693359 0.771484 0.697266 0.767578 0.697266 0.765625 0.695312 0.769531 0.691406
0 0.474609 0.699219 0.472656 0.699219 0.470703 0.701172 0.466797 0.701172 0.464844 0.699219 0.464844 0.693359 0.466797 0.691406 0.470703 0.691406 0.472656 0.693359 0.474609 0.693359
0 0.611328 0.699219 0.609375 0.699219 0.607422 0.701172 0.603516 0.701172 0.601562 0.699219 0.601562 0.693359 0.603516 0.691406 0.607422 0.691406 0.609375 0.693359 0.611328 0.693359
0 0.349609 0.701172 0.343750 0.707031 0.337891 0.707031 0.332031 0.701172 0.332031 0.695312 0.337891 0.689453 0.343750 0.689453 0.349609 0.695312
0 0.921875 0.697266 0.921875 0.701172 0.917969 0.701172 0.916016 0.699219 0.919922 0.695312
0 0.283203 0.701172 0.281250 0.703125 0.281250 0.705078 0.279297 0.707031 0.273438 0.707031 0.271484 0.705078 0.271484 0.703125 0.269531 0.701172 0.269531 0.699219 0.271484 0.697266 0.271484 0.695312 0.273438 0.693359 0.279297 0.693359 0.281250 0.695312 0.281250 0.697266 0.283203 0.699219
0 0.779297 0.699219 0.779297 0.703125 0.775391 0.703125 0.773438 0.701172 0.777344 0.697266
0 0.429688 0.703125 0.427734 0.705078 0.427734 0.707031 0.425781 0.708984 0.419922 0.708984 0.417969 0.707031 0.417969 0.705078 0.416016 0.703125 0.416016 0.701172 0.417969 0.699219 0.417969 0.697266 0.419922 0.695312 0.425781 0.695312 0.427734 0.697266 0.427734 0.699219 0.429688 0.701172
0 0.568359 0.703125 0.566406 0.705078 0.566406 0.707031 0.564453 0.708984 0.558594 0.708984 0.556641 0.707031 0.556641 0.705078 0.554688 0.703125 0.554688 0.701172 0.556641 0.699219 0.556641 0.697266 0.558594 0.695312 0.564453 0.695312 0.566406 0.697266 0.566406 0.699219 0.568359 0.701172
0 0.304688 0.708984 0.302734 0.708984 0.300781 0.710938 0.296875 0.710938 0.294922 0.708984 0.294922 0.703125 0.296875 0.701172 0.300781 0.701172 0.302734 0.703125 0.304688 0.703125
0 0.931641 0.716797 0.929688 0.716797 0.927734 0.718750 0.917969 0.718750 0.912109 0.712891 0.912109 0.703125 0.914062 0.701172 0.916016 0.701172 0.916016 0.699219 0.917969 0.697266 0.927734 0.697266 0.933594 0.703125 0.933594 0.712891 0.931641 0.714844
0 0.289062 0.712891 0.287109 0.712891 0.285156 0.714844 0.281250 0.714844 0.279297 0.712891 0.279297 0.707031 0.281250 0.705078 0.285156 0.705078 0.287109 0.707031 0.289062 0.707031
0 0.556641 0.710938 0.554688 0.712891 0.554688 0.714844 0.552734 0.716797 0.546875 0.716797 0.544922 0.714844 0.544922 0.712891 0.542969 0.710938 0.542969 0.708984 0.544922 0.707031 0.544922 0.705078 0.546875 0.703125 0.552734 0.703125 0.554688 0.705078 0.554688 0.707031 0.556641 0.708984
0 0.376953 0.710938 0.376953 0.714844 0.373047 0.714844 0.371094 0.712891 0.375000 0.708984
0 0.455078 0.720703 0.453125 0.720703 0.451172 0.722656 0.441406 0.722656 0.435547 0.716797 0.435547 0.707031 0.437500 0.705078 0.439453 0.705078 0.439453 0.703125 0.441406 0.701172 0.451172 0.701172 0.457031 0.707031 0.457031 0.716797 0.455078 0.718750
0 0.085938 0.714844 0.083984 0.716797 0.083984 0.718750 0.082031 0.720703 0.076172 0.720703 0.074219 0.718750 0.074219 0.716797 0.072266 0.714844 0.072266 0.712891 0.074219 0.710938 0.074219 0.708984 0.076172 0.707031 0.082031 0.707031 0.083984 0.708984 0.083984 0.710938 0.085938 0.712891
0 0.416016 0.716797 0.414062 0.716797 0.412109 0.718750 0.408203 0.718750 0.406250 0.716797 0.406250 0.710938 0.408203 0.708984 0.412109 0.708984 0.414062 0.710938 0.416016 0.710938
0 0.503906 0.716797 0.501953 0.716797 0.500000 0.718750 0.496094 0.718750 0.494141 0.716797 0.494141 0.710938 0.496094 0.708984 0.500000 0.708984 0.501953 0.710938 0.503906 0.710938
0 0.802734 0.716797 0.800781 0.716797 0.798828 0.718750 0.794922 0.718750 0.792969 0.716797 0.792969 0.710938 0.794922 0.708984 0.798828 0.708984 0.800781 0.710938 0.802734 0.710938
0 0.687500 0.724609 0.685547 0.724609 0.683594 0.726562 0.673828 0.726562 0.667969 0.720703 0.667969 0.710938 0.669922 0.708984 0.671875 0.708984 0.671875 0.707031 0.673828 0.705078 0.683594 0.705078 0.689453 0.710938 0.689453 0.720703 0.687500 0.722656
0 0.691406 0.716797 0.689453 0.718750 0.689453 0.720703 0.687500 0.722656 0.681641 0.722656 0.679688 0.720703 0.679688 0.718750 0.677734 0.716797 0.677734 0.714844 0.679688 0.712891 0.679688 0.710938 0.681641 0.708984 0.687500 0.708984 0.689453 0.710938 0.689453 0.712891 0.691406 0.714844
0 0.716797 0.716797 0.714844 0.718750 0.714844 0.720703 0.712891 0.722656 0.707031 0.722656 0.705078 0.720703 0.705078 0.718750 0.703125 0.716797 0.703125 0.714844 0.705078 0.712891 0.705078 0.710938 0.707031 0.708984 0.712891 0.708984 0.714844 0.710938 0.714844 0.712891 0.716797 0.714844
0 0.896484 0.716797 0.896484 0.720703 0.892578 0.720703 0.890625 0.718750 0.894531 0.714844
0 0.552734 0.728516 0.550781 0.728516 0.548828 0.730469 0.539062 0.730469 0.533203 0.724609 0.533203 0.714844 0.535156 0.712891 0.537109 0.712891 0.537109 0.710938 0.539062 0.708984 0.548828 0.708984 0.554688 0.714844 0.554688 0.724609 0.552734 0.726562
0 0.736328 0.718750 0.736328 0.722656 0.732422 0.722656 0.730469 0.720703 0.734375 0.716797
0 0.748047 0.718750 0.748047 0.722656 0.744141 0.722656 0.742188 0.720703 0.746094 0.716797
0 0.152344 0.724609 0.150391 0.724609 0.148438 0.726562 0.144531 0.726562 0.142578 0.724609 0.142578 0.718750 0.144531 0.716797 0.148438 0.716797 0.150391 0.718750 0.152344 0.718750
0 0.347656 0.726562 0.345703 0.726562 0.343750 0.728516 0.339844 0.728516 0.337891 0.726562 0.337891 0.720703 0.339844 0.718750 0.343750 0.718750 0.345703 0.720703 0.347656 0.720703
0 0.574219 0.726562 0.572266 0.726562 0.570312 0.728516 0.566406 0.728516 0.564453 0.726562 0.564453 0.720703 0.566406 0.718750 0.570312 0.718750 0.572266 0.720703 0.574219 0.720703
0 0.419922 0.724609 0.419922 0.728516 0.416016 0.728516 0.414062 0.726562 0.417969 0.722656
0 0.123047 0.730469 0.117188 0.736328 0.111328 0.736328 0.105469 0.730469 0.105469 0.724609 0.111328 0.718750 0.117188 0.718750 0.123047 0.724609
0 0.828125 0.728516 0.826172 0.730469 0.826172 0.732422 0.824219 0.734375 0.818359 0.734375 0.816406 0.732422 0.816406 0.730469 0.814453 0.728516 0.814453 0.726562 0.816406 0.724609 0.816406 0.722656 0.818359 0.720703 0.824219 0.720703 0.826172 0.722656 0.826172 0.724609 0.828125 0.726562
0 0.535156 0.728516 0.535156 0.732422 0.531250 0.732422 0.529297 0.730469 0.533203 0.726562
0 0.916016 0.732422 0.914062 0.732422 0.912109 0.734375 0.908203 0.734375 0.906250 0.732422 0.906250 0.726562 0.908203 0.724609 0.912109 0.724609 0.914062 0.726562 0.916016 0.726562
0 0.138672 0.734375 0.136719 0.734375 0.134766 0.736328 0.130859 0.736328 0.128906 0.734375 0.128906 0.728516 0.130859 0.726562 0.134766 0.726562 0.136719 0.728516 0.138672 0.728516
0 0.353516 0.730469 0.353516 0.734375 0.349609 0.734375 0.347656 0.732422 0.351562 0.728516
0 0.517578 0.734375 0.515625 0.734375 0.513672 0.736328 0.509766 0.736328 0.507812 0.734375 0.507812 0.728516 0.509766 0.726562 0.513672 0.726562 0.515625 0.728516 0.517578 0.728516
0 0.732422 0.740234 0.730469 0.740234 0.728516 0.742188 0.718750 0.742188 0.712891 0.736328 0.712891 0.726562 0.714844 0.724609 0.716797 0.724609 0.716797 0.722656 0.718750 0.720703 0.728516 0.720703 0.734375 0.726562 0.734375 0.736328 0.732422 0.738281
0 0.441406 0.736328 0.435547 0.742188 0.429688 0.742188 0.423828 0.736328 0.423828 0.730469 0.429688 0.724609 0.435547 0.724609 0.441406 0.730469
0 0.666016 0.736328 0.660156 0.742188 0.654297 0.742188 0.648438 0.736328 0.648438 0.730469 0.654297 0.724609 0.660156 0.724609 0.666016 0.730469
0 0.423828 0.738281 0.421875 0.738281 0.419922 0.740234 0.416016 0.740234 0.414062 0.738281 0.414062 0.732422 0.416016 0.730469 0.419922 0.730469 0.421875 0.732422 0.423828 0.732422
0 0.898438 0.734375 0.898438 0.738281 0.894531 0.738281 0.892578 0.736328 0.896484 0.732422
0 0.939453 0.738281 0.937500 0.738281 0.935547 0.740234 0.931641 0.740234 0.929688 0.738281 0.929688 0.732422 0.931641 0.730469 0.935547 0.730469 0.937500 0.732422 0.939453 0.732422
0 0.289062 0.740234 0.287109 0.740234 0.285156 0.742188 0.281250 0.742188 0.279297 0.740234 0.279297 0.734375 0.281250 0.732422 0.285156 0.732422 0.287109 0.734375 0.289062 0.734375
0 0.527344 0.742188 0.525391 0.742188 0.523438 0.744141 0.519531 0.744141 0.517578 0.742188 0.517578 0.736328 0.519531 0.734375 0.523438 0.734375 0.525391 0.736328 0.527344 0.736328
0 0.806641 0.744141 0.804688 0.744141 0.802734 0.746094 0.798828 0.746094 0.796875 0.744141 0.796875 0.738281 0.798828 0.736328 0.802734 0.736328 0.804688 0.738281 0.806641 0.738281
0 0.537109 0.746094 0.531250 0.751953 0.525391 0.751953 0.519531 0.746094 0.519531 0.740234 0.525391 0.734375 0.531250 0.734375 0.537109 0.740234
0 0.900391 0.742188 0.900391 0.746094 0.896484 0.746094 0.894531 0.744141 0.898438 0.740234
0 0.308594 0.751953 0.306641 0.753906 0.306641 0.755859 0.304688 0.757812 0.298828 0.757812 0.296875 0.755859 0.296875 0.753906 0.294922 0.751953 0.294922 0.750000 0.296875 0.748047 0.296875 0.746094 0.298828 0.744141 0.304688 0.744141 0.306641 0.746094 0.306641 0.748047 0.308594 0.750000
0 0.384766 0.753906 0.382812 0.755859 0.382812 0.757812 0.380859 0.759766 0.375000 0.759766 0.373047 0.757812 0.373047 0.755859 0.371094 0.753906 0.371094 0.751953 0.373047 0.750000 0.373047 0.748047 0.375000 0.746094 0.380859 0.746094 0.382812 0.748047 0.382812 0.750000 0.384766 0.751953
0 0.541016 0.751953 0.541016 0.755859 0.537109 0.755859 0.535156 0.753906 0.539062 0.750000
0 0.755859 0.751953 0.755859 0.755859 0.751953 0.755859 0.750000 0.753906 0.753906 0.750000
0 0.285156 0.757812 0.279297 0.763672 0.273438 0.763672 0.267578 0.757812 0.267578 0.751953 0.273438 0.746094 0.279297 0.746094 0.285156 0.751953
0 0.398438 0.753906 0.398438 0.757812 0.394531 0.757812 0.392578 0.755859 0.396484 0.751953
0 0.990234 0.759766 0.988281 0.759766 0.986328 0.761719 0.982422 0.761719 0.980469 0.759766 0.980469 0.753906 0.982422 0.751953 0.986328 0.751953 0.988281 0.753906 0.990234 0.753906
0 0.337891 0.759766 0.335938 0.761719 0.335938 0.763672 0.333984 0.765625 0.328125 0.765625 0.326172 0.763672 0.326172 0.761719 0.324219 0.759766 0.324219 0.757812 0.326172 0.755859 0.326172 0.753906 0.328125 0.751953 0.333984 0.751953 0.335938 0.753906 0.335938 0.755859 0.337891 0.757812
0 0.519531 0.761719 0.513672 0.767578 0.507812 0.767578 0.501953 0.761719 0.501953 0.755859 0.507812 0.750000 0.513672 0.750000 0.519531 0.755859
0 0.699219 0.759766 0.697266 0.761719 0.697266 0.763672 0.695312 0.765625 0.689453 0.765625 0.687500 0.763672 0.687500 0.761719 0.685547 0.759766 0.685547 0.757812 0.687500 0.755859 0.687500 0.753906 0.689453 0.751953 0.695312 0.751953 0.697266 0.753906 0.697266 0.755859 0.699219 0.757812
0 0.681641 0.763672 0.675781 0.769531 0.669922 0.769531 0.664062 0.763672 0.664062 0.757812 0.669922 0.751953 0.675781 0.751953 0.681641 0.757812
0 0.763672 0.759766 0.763672 0.763672 0.759766 0.763672 0.757812 0.761719 0.761719 0.757812
0 0.750000 0.761719 0.750000 0.765625 0.746094 0.765625 0.744141 0.763672 0.748047 0.759766
0 0.931641 0.763672 0.931641 0.767578 0.927734 0.767578 0.925781 0.765625 0.929688 0.761719
0 0.761719 0.765625 0.761719 0.769531 0.757812 0.769531 0.755859 0.767578 0.759766 0.763672
0 0.996094 0.769531 0.994141 0.769531 0.992188 0.771484 0.988281 0.771484 0.986328 0.769531 0.986328 0.763672 0.988281 0.761719 0.992188 0.761719 0.994141 0.763672 0.996094 0.763672
0 0.998047 0.775391 0.994141 0.775391 0.988281 0.769531 0.988281 0.763672 0.994141 0.757812 0.998047 0.757812
0 0.451172 0.773438 0.445312 0.779297 0.439453 0.779297 0.433594 0.773438 0.433594 0.767578 0.439453 0.761719 0.445312 0.761719 0.451172 0.767578
0 0.488281 0.773438 0.486328 0.773438 0.484375 0.775391 0.480469 0.775391 0.478516 0.773438 0.478516 0.767578 0.480469 0.765625 0.484375 0.765625 0.486328 0.767578 0.488281 0.767578
0 0.537109 0.773438 0.535156 0.773438 0.533203 0.775391 0.529297 0.775391 0.527344 0.773438 0.527344 0.767578 0.529297 0.765625 0.533203 0.765625 0.535156 0.767578 0.537109 0.767578
0 0.937500 0.775391 0.935547 0.775391 0.933594 0.777344 0.929688 0.777344 0.927734 0.775391 0.927734 0.769531 0.929688 0.767578 0.933594 0.767578 0.935547 0.769531 0.937500 0.769531
0 0.414062 0.775391 0.412109 0.777344 0.412109 0.779297 0.410156 0.781250 0.404297 0.781250 0.402344 0.779297 0.402344 0.777344 0.400391 0.775391 0.400391 0.773438 0.402344 0.771484 0.402344 0.769531 0.404297 0.767578 0.410156 0.767578 0.412109 0.769531 0.412109 0.771484 0.414062 0.773438
0 0.982422 0.777344 0.980469 0.777344 0.978516 0.779297 0.974609 0.779297 0.972656 0.777344 0.972656 0.771484 0.974609 0.769531 0.978516 0.769531 0.980469 0.771484 0.982422 0.771484
0 0.654297 0.779297 0.652344 0.779297 0.650391 0.781250 0.646484 0.781250 0.644531 0.779297 0.644531 0.773438 0.646484 0.771484 0.650391 0.771484 0.652344 0.773438 0.654297 0.773438
0 0.695312 0.779297 0.693359 0.779297 0.691406 0.781250 0.687500 0.781250 0.685547 0.779297 0.685547 0.773438 0.687500 0.771484 0.691406 0.771484 0.693359 0.773438 0.695312 0.773438
0 0.601562 0.777344 0.601562 0.781250 0.597656 0.781250 0.595703 0.779297 0.599609 0.775391
0 0.900391 0.781250 0.898438 0.781250 0.896484 0.783203 0.892578 0.783203 0.890625 0.781250 0.890625 0.775391 0.892578 0.773438 0.896484 0.773438 0.898438 0.775391 0.900391 0.775391
0 0.472656 0.781250 0.470703 0.783203 0.470703 0.785156 0.468750 0.787109 0.462891 0.787109 0.460938 0.785156 0.460938 0.783203 0.458984 0.781250 0.458984 0.779297 0.460938 0.777344 0.460938 0.775391 0.462891 0.773438 0.468750 0.773438 0.470703 0.775391 0.470703 0.777344 0.472656 0.779297
0 0.281250 0.783203 0.279297 0.785156 0.279297 0.787109 0.277344 0.789062 0.271484 0.789062 0.269531 0.787109 0.269531 0.785156 0.267578 0.783203 0.267578 0.781250 0.269531 0.779297 0.269531 0.777344 0.271484 0.775391 0.277344 0.775391 0.279297 0.777344 0.279297 0.779297 0.281250 0.781250
0 0.593750 0.783203 0.593750 0.787109 0.589844 0.787109 0.587891 0.785156 0.591797 0.781250
0 0.925781 0.785156 0.923828 0.787109 0.923828 0.789062 0.921875 0.791016 0.916016 0.791016 0.914062 0.789062 0.914062 0.787109 0.912109 0.785156 0.912109 0.783203 0.914062 0.781250 0.914062 0.779297 0.916016 0.777344 0.921875 0.777344 0.923828 0.779297 0.923828 0.781250 0.925781 0.783203
0 0.970703 0.783203 0.970703 0.787109 0.966797 0.787109 0.964844 0.785156 0.968750 0.781250
0 0.439453 0.787109 0.437500 0.789062 0.437500 0.791016 0.435547 0.792969 0.429688 0.792969 0.427734 0.791016 0.427734 0.789062 0.425781 0.787109 0.425781 0.785156 0.427734 0.783203 0.427734 0.781250 0.429688 0.779297 0.435547 0.779297 0.437500 0.781250 0.437500 0.783203 0.439453 0.785156
0 0.519531 0.787109 0.519531 0.791016 0.515625 0.791016 0.513672 0.789062 0.517578 0.785156
0 0.601562 0.787109 0.601562 0.791016 0.597656 0.791016 0.595703 0.789062 0.599609 0.785156
0 0.662109 0.791016 0.660156 0.791016 0.658203 0.792969 0.654297 0.792969 0.652344 0.791016 0.652344 0.785156 0.654297 0.783203 0.658203 0.783203 0.660156 0.785156 0.662109 0.785156
0 0.683594 0.791016 0.681641 0.791016 0.679688 0.792969 0.675781 0.792969 0.673828 0.791016 0.673828 0.785156 0.675781 0.783203 0.679688 0.783203 0.681641 0.785156 0.683594 0.785156
0 0.900391 0.791016 0.898438 0.791016 0.896484 0.792969 0.892578 0.792969 0.890625 0.791016 0.890625 0.785156 0.892578 0.783203 0.896484 0.783203 0.898438 0.785156 0.900391 0.785156
0 0.513672 0.792969 0.513672 0.796875 0.509766 0.796875 0.507812 0.794922 0.511719 0.791016
0 0.423828 0.796875 0.421875 0.798828 0.421875 0.800781 0.419922 0.802734 0.414062 0.802734 0.412109 0.800781 0.412109 0.798828 0.410156 0.796875 0.410156 0.794922 0.412109 0.792969 0.412109 0.791016 0.414062 0.789062 0.419922 0.789062 0.421875 0.791016 0.421875 0.792969 0.423828 0.794922
0 0.527344 0.794922 0.527344 0.798828 0.523438 0.798828 0.521484 0.796875 0.525391 0.792969
0 0.923828 0.794922 0.923828 0.798828 0.919922 0.798828 0.917969 0.796875 0.921875 0.792969
0 0.412109 0.806641 0.410156 0.806641 0.408203 0.808594 0.398438 0.808594 0.392578 0.802734 0.392578 0.792969 0.394531 0.791016 0.396484 0.791016 0.396484 0.789062 0.398438 0.787109 0.408203 0.787109 0.414062 0.792969 0.414062 0.802734 0.412109 0.804688
0 0.517578 0.798828 0.517578 0.802734 0.513672 0.802734 0.511719 0.800781 0.515625 0.796875
0 0.453125 0.804688 0.451172 0.804688 0.449219 0.806641 0.445312 0.806641 0.443359 0.804688 0.443359 0.798828 0.445312 0.796875 0.449219 0.796875 0.451172 0.798828 0.453125 0.798828
0 0.275391 0.806641 0.273438 0.808594 0.273438 0.810547 0.271484 0.812500 0.265625 0.812500 0.263672 0.810547 0.263672 0.808594 0.261719 0.806641 0.261719 0.804688 0.263672 0.802734 0.263672 0.800781 0.265625 0.798828 0.271484 0.798828 0.273438 0.800781 0.273438 0.802734 0.275391 0.804688
0 0.935547 0.810547 0.929688 0.816406 0.923828 0.816406 0.917969 0.810547 0.917969 0.804688 0.923828 0.798828 0.929688 0.798828 0.935547 0.804688
0 0.947266 0.806641 0.947266 0.810547 0.943359 0.810547 0.941406 0.808594 0.945312 0.804688
0 0.410156 0.812500 0.408203 0.812500 0.406250 0.814453 0.402344 0.814453 0.400391 0.812500 0.400391 0.806641 0.402344 0.804688 0.406250 0.804688 0.408203 0.806641 0.410156 0.806641
0 0.439453 0.810547 0.437500 0.812500 0.437500 0.814453 0.435547 0.816406 0.429688 0.816406 0.427734 0.814453 0.427734 0.812500 0.425781 0.810547 0.425781 0.808594 0.427734 0.806641 0.427734 0.804688 0.429688 0.802734 0.435547 0.802734 0.437500 0.804688 0.437500 0.806641 0.439453 0.808594
0 0.716797 0.812500 0.714844 0.812500 0.712891 0.814453 0.708984 0.814453 0.707031 0.812500 0.707031 0.806641 0.708984 0.804688 0.712891 0.804688 0.714844 0.806641 0.716797 0.806641
0 0.488281 0.810547 0.488281 0.814453 0.484375 0.814453 0.482422 0.812500 0.486328 0.808594
0 0.726562 0.816406 0.724609 0.816406 0.722656 0.818359 0.718750 0.818359 0.716797 0.816406 0.716797 0.810547 0.718750 0.808594 0.722656 0.808594 0.724609 0.810547 0.726562 0.810547
0 0.884766 0.816406 0.882812 0.816406 0.880859 0.818359 0.876953 0.818359 0.875000 0.816406 0.875000 0.810547 0.876953 0.808594 0.880859 0.808594 0.882812 0.810547 0.884766 0.810547
0 0.761719 0.814453 0.761719 0.818359 0.757812 0.818359 0.755859 0.816406 0.759766 0.812500
0 0.871094 0.814453 0.871094 0.818359 0.867188 0.818359 0.865234 0.816406 0.869141 0.812500
0 0.525391 0.820312 0.523438 0.820312 0.521484 0.822266 0.517578 0.822266 0.515625 0.820312 0.515625 0.814453 0.517578 0.812500 0.521484 0.812500 0.523438 0.814453 0.525391 0.814453
0 0.693359 0.822266 0.691406 0.822266 0.689453 0.824219 0.685547 0.824219 0.683594 0.822266 0.683594 0.816406 0.685547 0.814453 0.689453 0.814453 0.691406 0.816406 0.693359 0.816406
0 0.439453 0.830078 0.437500 0.830078 0.435547 0.832031 0.425781 0.832031 0.419922 0.826172 0.419922 0.816406 0.421875 0.814453 0.423828 0.814453 0.423828 0.812500 0.425781 0.810547 0.435547 0.810547 0.441406 0.816406 0.441406 0.826172 0.439453 0.828125
0 0.480469 0.824219 0.478516 0.824219 0.476562 0.826172 0.472656 0.826172 0.470703 0.824219 0.470703 0.818359 0.472656 0.816406 0.476562 0.816406 0.478516 0.818359 0.480469 0.818359
0 0.667969 0.824219 0.662109 0.830078 0.656250 0.830078 0.650391 0.824219 0.650391 0.818359 0.656250 0.812500 0.662109 0.812500 0.667969 0.818359
0 0.494141 0.826172 0.492188 0.826172 0.490234 0.828125 0.486328 0.828125 0.484375 0.826172 0.484375 0.820312 0.486328 0.818359 0.490234 0.818359 0.492188 0.820312 0.494141 0.820312
0 0.556641 0.826172 0.554688 0.826172 0.552734 0.828125 0.548828 0.828125 0.546875 0.826172 0.546875 0.820312 0.548828 0.818359 0.552734 0.818359 0.554688 0.820312 0.556641 0.820312
0 0.755859 0.822266 0.755859 0.826172 0.751953 0.826172 0.750000 0.824219 0.753906 0.820312
0 0.935547 0.822266 0.935547 0.826172 0.931641 0.826172 0.929688 0.824219 0.933594 0.820312
0 0.960938 0.828125 0.958984 0.828125 0.957031 0.830078 0.953125 0.830078 0.951172 0.828125 0.951172 0.822266 0.953125 0.820312 0.957031 0.820312 0.958984 0.822266 0.960938 0.822266
0 0.541016 0.830078 0.539062 0.830078 0.537109 0.832031 0.533203 0.832031 0.531250 0.830078 0.531250 0.824219 0.533203 0.822266 0.537109 0.822266 0.539062 0.824219 0.541016 0.824219
0 0.761719 0.826172 0.761719 0.830078 0.757812 0.830078 0.755859 0.828125 0.759766 0.824219
0 0.937500 0.832031 0.935547 0.832031 0.933594 0.833984 0.929688 0.833984 0.927734 0.832031 0.927734 0.826172 0.929688 0.824219 0.933594 0.824219 0.935547 0.826172 0.937500 0.826172
0 0.998047 0.835938 0.994141 0.835938 0.992188 0.833984 0.992188 0.832031 0.990234 0.830078 0.990234 0.828125 0.992188 0.826172 0.992188 0.824219 0.994141 0.822266 0.998047 0.822266
0 0.564453 0.833984 0.562500 0.833984 0.560547 0.835938 0.556641 0.835938 0.554688 0.833984 0.554688 0.828125 0.556641 0.826172 0.560547 0.826172 0.562500 0.828125 0.564453 0.828125
0 0.636719 0.832031 0.634766 0.833984 0.634766 0.835938 0.632812 0.837891 0.626953 0.837891 0.625000 0.835938 0.625000 0.833984 0.623047 0.832031 0.623047 0.830078 0.625000 0.828125 0.625000 0.826172 0.626953 0.824219 0.632812 0.824219 0.634766 0.826172 0.634766 0.828125 0.636719 0.830078
0 0.693359 0.835938 0.691406 0.835938 0.689453 0.837891 0.685547 0.837891 0.683594 0.835938 0.683594 0.830078 0.685547 0.828125 0.689453 0.828125 0.691406 0.830078 0.693359 0.830078
0 0.841797 0.832031 0.841797 0.835938 0.837891 0.835938 0.835938 0.833984 0.839844 0.830078
0 0.914062 0.843750 0.912109 0.843750 0.910156 0.845703 0.900391 0.845703 0.894531 0.839844 0.894531 0.830078 0.896484 0.828125 0.898438 0.828125 0.898438 0.826172 0.900391 0.824219 0.910156 0.824219 0.916016 0.830078 0.916016 0.839844 0.914062 0.841797
0 0.480469 0.835938 0.480469 0.839844 0.476562 0.839844 0.474609 0.837891 0.478516 0.833984
0 0.832031 0.835938 0.832031 0.839844 0.828125 0.839844 0.826172 0.837891 0.830078 0.833984
0 0.449219 0.837891 0.449219 0.841797 0.445312 0.841797 0.443359 0.839844 0.447266 0.835938
0 0.681641 0.841797 0.679688 0.841797 0.677734 0.843750 0.673828 0.843750 0.671875 0.841797 0.671875 0.835938 0.673828 0.833984 0.677734 0.833984 0.679688 0.835938 0.681641 0.835938
0 0.919922 0.845703 0.917969 0.845703 0.916016 0.847656 0.912109 0.847656 0.910156 0.845703 0.910156 0.839844 0.912109 0.837891 0.916016 0.837891 0.917969 0.839844 0.919922 0.839844
0 0.720703 0.843750 0.720703 0.847656 0.716797 0.847656 0.714844 0.845703 0.718750 0.841797
0 0.548828 0.849609 0.546875 0.849609 0.544922 0.851562 0.541016 0.851562 0.539062 0.849609 0.539062 0.843750 0.541016 0.841797 0.544922 0.841797 0.546875 0.843750 0.548828 0.843750
0 0.990234 0.849609 0.988281 0.849609 0.986328 0.851562 0.982422 0.851562 0.980469 0.849609 0.980469 0.843750 0.982422 0.841797 0.986328 0.841797 0.988281 0.843750 0.990234 0.843750
0 0.232422 0.851562 0.230469 0.851562 0.228516 0.853516 0.224609 0.853516 0.222656 0.851562 0.222656 0.845703 0.224609 0.843750 0.228516 0.843750 0.230469 0.845703 0.232422 0.845703
0 0.656250 0.851562 0.650391 0.857422 0.644531 0.857422 0.638672 0.851562 0.638672 0.845703 0.644531 0.839844 0.650391 0.839844 0.656250 0.845703
0 0.458984 0.853516 0.457031 0.853516 0.455078 0.855469 0.451172 0.855469 0.449219 0.853516 0.449219 0.847656 0.451172 0.845703 0.455078 0.845703 0.457031 0.847656 0.458984 0.847656
0 0.662109 0.851562 0.660156 0.853516 0.660156 0.855469 0.658203 0.857422 0.652344 0.857422 0.650391 0.855469 0.650391 0.853516 0.648438 0.851562 0.648438 0.849609 0.650391 0.847656 0.650391 0.845703 0.652344 0.843750 0.658203 0.843750 0.660156 0.845703 0.660156 0.847656 0.662109 0.849609
0 0.726562 0.849609 0.726562 0.853516 0.722656 0.853516 0.720703 0.851562 0.724609 0.847656
0 0.914062 0.855469 0.912109 0.855469 0.910156 0.857422 0.906250 0.857422 0.904297 0.855469 0.904297 0.849609 0.906250 0.847656 0.910156 0.847656 0.912109 0.849609 0.914062 0.849609
0 0.992188 0.855469 0.986328 0.861328 0.980469 0.861328 0.974609 0.855469 0.974609 0.849609 0.980469 0.843750 0.986328 0.843750 0.992188 0.849609
0 0.998047 0.859375 0.994141 0.859375 0.992188 0.857422 0.992188 0.851562 0.994141 0.849609 0.998047 0.849609
0 0.705078 0.857422 0.705078 0.861328 0.701172 0.861328 0.699219 0.859375 0.703125 0.855469
0 0.191406 0.861328 0.189453 0.863281 0.189453 0.865234 0.187500 0.867188 0.181641 0.867188 0.179688 0.865234 0.179688 0.863281 0.177734 0.861328 0.177734 0.859375 0.179688 0.857422 0.179688 0.855469 0.181641 0.853516 0.187500 0.853516 0.189453 0.855469 0.189453 0.857422 0.191406 0.859375
0 0.957031 0.859375 0.957031 0.863281 0.953125 0.863281 0.951172 0.861328 0.955078 0.857422
0 0.978516 0.859375 0.978516 0.863281 0.974609 0.863281 0.972656 0.861328 0.976562 0.857422
0 0.648438 0.865234 0.646484 0.865234 0.644531 0.867188 0.640625 0.867188 0.638672 0.865234 0.638672 0.859375 0.640625 0.857422 0.644531 0.857422 0.646484 0.859375 0.648438 0.859375
0 0.912109 0.871094 0.910156 0.871094 0.908203 0.873047 0.898438 0.873047 0.892578 0.867188 0.892578 0.857422 0.894531 0.855469 0.896484 0.855469 0.896484 0.853516 0.898438 0.851562 0.908203 0.851562 0.914062 0.857422 0.914062 0.867188 0.912109 0.869141
0 0.972656 0.865234 0.970703 0.865234 0.968750 0.867188 0.964844 0.867188 0.962891 0.865234 0.962891 0.859375 0.964844 0.857422 0.968750 0.857422 0.970703 0.859375 0.972656 0.859375
0 0.216797 0.865234 0.214844 0.867188 0.214844 0.869141 0.212891 0.871094 0.207031 0.871094 0.205078 0.869141 0.205078 0.867188 0.203125 0.865234 0.203125 0.863281 0.205078 0.861328 0.205078 0.859375 0.207031 0.857422 0.212891 0.857422 0.214844 0.859375 0.214844 0.861328 0.216797 0.863281
0 0.689453 0.867188 0.687500 0.867188 0.685547 0.869141 0.681641 0.869141 0.679688 0.867188 0.679688 0.861328 0.681641 0.859375 0.685547 0.859375 0.687500 0.861328 0.689453 0.861328
0 0.894531 0.863281 0.894531 0.867188 0.890625 0.867188 0.888672 0.865234 0.892578 0.861328
0 0.634766 0.865234 0.634766 0.869141 0.630859 0.869141 0.628906 0.867188 0.632812 0.863281
0 0.705078 0.865234 0.705078 0.869141 0.701172 0.869141 0.699219 0.867188 0.703125 0.863281
0 0.925781 0.869141 0.923828 0.869141 0.921875 0.871094 0.917969 0.871094 0.916016 0.869141 0.916016 0.863281 0.917969 0.861328 0.921875 0.861328 0.923828 0.863281 0.925781 0.863281
0 0.984375 0.865234 0.984375 0.869141 0.980469 0.869141 0.978516 0.867188 0.982422 0.863281
0 0.253906 0.871094 0.248047 0.876953 0.242188 0.876953 0.236328 0.871094 0.236328 0.865234 0.242188 0.859375 0.248047 0.859375 0.253906 0.865234
0 0.460938 0.873047 0.458984 0.873047 0.457031 0.875000 0.453125 0.875000 0.451172 0.873047 0.451172 0.867188 0.453125 0.865234 0.457031 0.865234 0.458984 0.867188 0.460938 0.867188
0 0.880859 0.869141 0.880859 0.873047 0.876953 0.873047 0.875000 0.871094 0.878906 0.867188
0 0.933594 0.871094 0.933594 0.875000 0.929688 0.875000 0.927734 0.873047 0.931641 0.869141
0 0.978516 0.871094 0.978516 0.875000 0.974609 0.875000 0.972656 0.873047 0.976562 0.869141
0 0.949219 0.873047 0.949219 0.876953 0.945312 0.876953 0.943359 0.875000 0.947266 0.871094
0 0.597656 0.876953 0.597656 0.880859 0.593750 0.880859 0.591797 0.878906 0.595703 0.875000
0 0.943359 0.876953 0.943359 0.880859 0.939453 0.880859 0.937500 0.878906 0.941406 0.875000
0 0.457031 0.878906 0.457031 0.882812 0.453125 0.882812 0.451172 0.880859 0.455078 0.876953
0 0.556641 0.878906 0.556641 0.882812 0.552734 0.882812 0.550781 0.880859 0.554688 0.876953
0 0.955078 0.878906 0.955078 0.882812 0.951172 0.882812 0.949219 0.880859 0.953125 0.876953
0 0.568359 0.886719 0.566406 0.886719 0.564453 0.888672 0.560547 0.888672 0.558594 0.886719 0.558594 0.880859 0.560547 0.878906 0.564453 0.878906 0.566406 0.880859 0.568359 0.880859
0 0.945312 0.882812 0.945312 0.886719 0.941406 0.886719 0.939453 0.884766 0.943359 0.880859
0 0.162109 0.888672 0.156250 0.894531 0.150391 0.894531 0.144531 0.888672 0.144531 0.882812 0.150391 0.876953 0.156250 0.876953 0.162109 0.882812
0 0.615234 0.888672 0.613281 0.888672 0.611328 0.890625 0.607422 0.890625 0.605469 0.888672 0.605469 0.882812 0.607422 0.880859 0.611328 0.880859 0.613281 0.882812 0.615234 0.882812
0 0.597656 0.890625 0.597656 0.894531 0.593750 0.894531 0.591797 0.892578 0.595703 0.888672
0 0.623047 0.896484 0.617188 0.902344 0.611328 0.902344 0.605469 0.896484 0.605469 0.890625 0.611328 0.884766 0.617188 0.884766 0.623047 0.890625
0 0.640625 0.896484 0.638672 0.896484 0.636719 0.898438 0.632812 0.898438 0.630859 0.896484 0.630859 0.890625 0.632812 0.888672 0.636719 0.888672 0.638672 0.890625 0.640625 0.890625
0 0.648438 0.894531 0.648438 0.898438 0.644531 0.898438 0.642578 0.896484 0.646484 0.892578
0 0.628906 0.902344 0.626953 0.902344 0.625000 0.904297 0.621094 0.904297 0.619141 0.902344 0.619141 0.896484 0.621094 0.894531 0.625000 0.894531 0.626953 0.896484 0.628906 0.896484
0 0.572266 0.900391 0.572266 0.904297 0.568359 0.904297 0.566406 0.902344 0.570312 0.898438
0 0.837891 0.900391 0.837891 0.904297 0.833984 0.904297 0.832031 0.902344 0.835938 0.898438
0 0.542969 0.906250 0.541016 0.906250 0.539062 0.908203 0.535156 0.908203 0.533203 0.906250 0.533203 0.900391 0.535156 0.898438 0.539062 0.898438 0.541016 0.900391 0.542969 0.900391
0 0.560547 0.906250 0.558594 0.906250 0.556641 0.908203 0.552734 0.908203 0.550781 0.906250 0.550781 0.900391 0.552734 0.898438 0.556641 0.898438 0.558594 0.900391 0.560547 0.900391
0 0.949219 0.902344 0.949219 0.906250 0.945312 0.906250 0.943359 0.904297 0.947266 0.900391
0 0.562500 0.908203 0.562500 0.912109 0.558594 0.912109 0.556641 0.910156 0.560547 0.906250
0 0.656250 0.912109 0.654297 0.912109 0.652344 0.914062 0.648438 0.914062 0.646484 0.912109 0.646484 0.906250 0.648438 0.904297 0.652344 0.904297 0.654297 0.906250 0.656250 0.906250
0 0.714844 0.908203 0.714844 0.912109 0.710938 0.912109 0.708984 0.910156 0.712891 0.906250
0 0.435547 0.914062 0.429688 0.919922 0.423828 0.919922 0.417969 0.914062 0.417969 0.908203 0.423828 0.902344 0.429688 0.902344 0.435547 0.908203
0 0.611328 0.914062 0.609375 0.914062 0.607422 0.916016 0.603516 0.916016 0.601562 0.914062 0.601562 0.908203 0.603516 0.906250 0.607422 0.906250 0.609375 0.908203 0.611328 0.908203
0 0.833984 0.910156 0.833984 0.914062 0.830078 0.914062 0.828125 0.912109 0.832031 0.908203
0 0.841797 0.910156 0.841797 0.914062 0.837891 0.914062 0.835938 0.912109 0.839844 0.908203
0 0.953125 0.910156 0.953125 0.914062 0.949219 0.914062 0.947266 0.912109 0.951172 0.908203
0 0.636719 0.914062 0.634766 0.916016 0.634766 0.917969 0.632812 0.919922 0.626953 0.919922 0.625000 0.917969 0.625000 0.916016 0.623047 0.914062 0.623047 0.912109 0.625000 0.910156 0.625000 0.908203 0.626953 0.906250 0.632812 0.906250 0.634766 0.908203 0.634766 0.910156 0.636719 0.912109
0 0.550781 0.917969 0.548828 0.917969 0.546875 0.919922 0.542969 0.919922 0.541016 0.917969 0.541016 0.912109 0.542969 0.910156 0.546875 0.910156 0.548828 0.912109 0.550781 0.912109
0 0.687500 0.917969 0.685547 0.917969 0.683594 0.919922 0.679688 0.919922 0.677734 0.917969 0.677734 0.912109 0.679688 0.910156 0.683594 0.910156 0.685547 0.912109 0.687500 0.912109
0 0.912109 0.919922 0.910156 0.919922 0.908203 0.921875 0.904297 0.921875 0.902344 0.919922 0.902344 0.914062 0.904297 0.912109 0.908203 0.912109 0.910156 0.914062 0.912109 0.914062
0 0.412109 0.919922 0.410156 0.921875 0.410156 0.923828 0.408203 0.925781 0.402344 0.925781 0.400391 0.923828 0.400391 0.921875 0.398438 0.919922 0.398438 0.917969 0.400391 0.916016 0.400391 0.914062 0.402344 0.912109 0.408203 0.912109 0.410156 0.914062 0.410156 0.916016 0.412109 0.917969
0 0.462891 0.923828 0.460938 0.923828 0.458984 0.925781 0.455078 0.925781 0.453125 0.923828 0.453125 0.917969 0.455078 0.916016 0.458984 0.916016 0.460938 0.917969 0.462891 0.917969
0 0.869141 0.919922 0.869141 0.923828 0.865234 0.923828 0.863281 0.921875 0.867188 0.917969
0 0.951172 0.923828 0.949219 0.923828 0.947266 0.925781 0.943359 0.925781 0.941406 0.923828 0.941406 0.917969 0.943359 0.916016 0.947266 0.916016 0.949219 0.917969 0.951172 0.917969
0 0.531250 0.923828 0.531250 0.927734 0.527344 0.927734 0.525391 0.925781 0.529297 0.921875
0 0.658203 0.927734 0.656250 0.927734 0.654297 0.929688 0.650391 0.929688 0.648438 0.927734 0.648438 0.921875 0.650391 0.919922 0.654297 0.919922 0.656250 0.921875 0.658203 0.921875
0 0.935547 0.925781 0.933594 0.927734 0.933594 0.929688 0.931641 0.931641 0.925781 0.931641 0.923828 0.929688 0.923828 0.927734 0.921875 0.925781 0.921875 0.923828 0.923828 0.921875 0.923828 0.919922 0.925781 0.917969 0.931641 0.917969 0.933594 0.919922 0.933594 0.921875 0.935547 0.923828
0 0.339844 0.927734 0.337891 0.929688 0.337891 0.931641 0.335938 0.933594 0.330078 0.933594 0.328125 0.931641 0.328125 0.929688 0.326172 0.927734 0.326172 0.925781 0.328125 0.923828 0.328125 0.921875 0.330078 0.919922 0.335938 0.919922 0.337891 0.921875 0.337891 0.923828 0.339844 0.925781
0 0.367188 0.929688 0.365234 0.929688 0.363281 0.931641 0.359375 0.931641 0.357422 0.929688 0.357422 0.923828 0.359375 0.921875 0.363281 0.921875 0.365234 0.923828 0.367188 0.923828
0 0.384766 0.927734 0.382812 0.929688 0.382812 0.931641 0.380859 0.933594 0.375000 0.933594 0.373047 0.931641 0.373047 0.929688 0.371094 0.927734 0.371094 0.925781 0.373047 0.923828 0.373047 0.921875 0.375000 0.919922 0.380859 0.919922 0.382812 0.921875 0.382812 0.923828 0.384766 0.925781
0 0.476562 0.925781 0.476562 0.929688 0.472656 0.929688 0.470703 0.927734 0.474609 0.923828
0 0.521484 0.927734 0.521484 0.931641 0.517578 0.931641 0.515625 0.929688 0.519531 0.925781
0 0.152344 0.931641 0.150391 0.933594 0.150391 0.935547 0.148438 0.937500 0.142578 0.937500 0.140625 0.935547 0.140625 0.933594 0.138672 0.931641 0.138672 0.929688 0.140625 0.927734 0.140625 0.925781 0.142578 0.923828 0.148438 0.923828 0.150391 0.925781 0.150391 0.927734 0.152344 0.929688
0 0.246094 0.933594 0.244141 0.933594 0.242188 0.935547 0.238281 0.935547 0.236328 0.933594 0.236328 0.927734 0.238281 0.925781 0.242188 0.925781 0.244141 0.927734 0.246094 0.927734
0 0.259766 0.933594 0.257812 0.933594 0.255859 0.935547 0.251953 0.935547 0.250000 0.933594 0.250000 0.927734 0.251953 0.925781 0.255859 0.925781 0.257812 0.927734 0.259766 0.927734
0 0.324219 0.931641 0.322266 0.933594 0.322266 0.935547 0.320312 0.937500 0.314453 0.937500 0.312500 0.935547 0.312500 0.933594 0.310547 0.931641 0.310547 0.929688 0.312500 0.927734 0.312500 0.925781 0.314453 0.923828 0.320312 0.923828 0.322266 0.925781 0.322266 0.927734 0.324219 0.929688
0 0.449219 0.931641 0.447266 0.933594 0.447266 0.935547 0.445312 0.937500 0.439453 0.937500 0.437500 0.935547 0.437500 0.933594 0.435547 0.931641 0.435547 0.929688 0.437500 0.927734 0.437500 0.925781 0.439453 0.923828 0.445312 0.923828 0.447266 0.925781 0.447266 0.927734 0.449219 0.929688
0 0.968750 0.929688 0.968750 0.933594 0.964844 0.933594 0.962891 0.931641 0.966797 0.927734
0 0.277344 0.935547 0.275391 0.935547 0.273438 0.937500 0.269531 0.937500 0.267578 0.935547 0.267578 0.929688 0.269531 0.927734 0.273438 0.927734 0.275391 0.929688 0.277344 0.929688
0 0.486328 0.931641 0.486328 0.935547 0.482422 0.935547 0.480469 0.933594 0.484375 0.929688
0 0.607422 0.933594 0.605469 0.935547 0.605469 0.937500 0.603516 0.939453 0.597656 0.939453 0.595703 0.937500 0.595703 0.935547 0.593750 0.933594 0.593750 0.931641 0.595703 0.929688 0.595703 0.927734 0.597656 0.925781 0.603516 0.925781 0.605469 0.927734 0.605469 0.929688 0.607422 0.931641
0 0.861328 0.935547 0.859375 0.935547 0.857422 0.937500 0.853516 0.937500 0.851562 0.935547 0.851562 0.929688 0.853516 0.927734 0.857422 0.927734 0.859375 0.929688 0.861328 0.929688
0 0.898438 0.935547 0.892578 0.941406 0.886719 0.941406 0.880859 0.935547 0.880859 0.929688 0.886719 0.923828 0.892578 0.923828 0.898438 0.929688
0 0.953125 0.931641 0.953125 0.935547 0.949219 0.935547 0.947266 0.933594 0.951172 0.929688
0 0.978516 0.931641 0.978516 0.935547 0.974609 0.935547 0.972656 0.933594 0.976562 0.929688
0 0.296875 0.937500 0.294922 0.937500 0.292969 0.939453 0.289062 0.939453 0.287109 0.937500 0.287109 0.931641 0.289062 0.929688 0.292969 0.929688 0.294922 0.931641 0.296875 0.931641
0 0.621094 0.937500 0.619141 0.937500 0.617188 0.939453 0.613281 0.939453 0.611328 0.937500 0.611328 0.931641 0.613281 0.929688 0.617188 0.929688 0.619141 0.931641 0.621094 0.931641
0 0.667969 0.937500 0.666016 0.937500 0.664062 0.939453 0.660156 0.939453 0.658203 0.937500 0.658203 0.931641 0.660156 0.929688 0.664062 0.929688 0.666016 0.931641 0.667969 0.931641
0 0.476562 0.937500 0.474609 0.939453 0.474609 0.941406 0.472656 0.943359 0.466797 0.943359 0.464844 0.941406 0.464844 0.939453 0.462891 0.937500 0.462891 0.935547 0.464844 0.933594 0.464844 0.931641 0.466797 0.929688 0.472656 0.929688 0.474609 0.931641 0.474609 0.933594 0.476562 0.935547
0 0.683594 0.939453 0.681641 0.939453 0.679688 0.941406 0.675781 0.941406 0.673828 0.939453 0.673828 0.933594 0.675781 0.931641 0.679688 0.931641 0.681641 0.933594 0.683594 0.933594
0 0.490234 0.937500 0.490234 0.941406 0.486328 0.941406 0.484375 0.939453 0.488281 0.935547
0 0.945312 0.937500 0.945312 0.941406 0.941406 0.941406 0.939453 0.939453 0.943359 0.935547
0 0.970703 0.937500 0.970703 0.941406 0.966797 0.941406 0.964844 0.939453 0.968750 0.935547
0 0.601562 0.943359 0.599609 0.943359 0.597656 0.945312 0.593750 0.945312 0.591797 0.943359 0.591797 0.937500 0.593750 0.935547 0.597656 0.935547 0.599609 0.937500 0.601562 0.937500
0 0.992188 0.943359 0.986328 0.949219 0.980469 0.949219 0.974609 0.943359 0.974609 0.937500 0.980469 0.931641 0.986328 0.931641 0.992188 0.937500
0 0.212891 0.951172 0.210938 0.951172 0.208984 0.953125 0.199219 0.953125 0.193359 0.947266 0.193359 0.937500 0.195312 0.935547 0.197266 0.935547 0.197266 0.933594 0.199219 0.931641 0.208984 0.931641 0.214844 0.937500 0.214844 0.947266 0.212891 0.949219
0 0.994141 0.943359 0.994141 0.947266 0.990234 0.947266 0.988281 0.945312 0.992188 0.941406
0 0.152344 0.947266 0.150391 0.949219 0.150391 0.951172 0.148438 0.953125 0.142578 0.953125 0.140625 0.951172 0.140625 0.949219 0.138672 0.947266 0.138672 0.945312 0.140625 0.943359 0.140625 0.941406 0.142578 0.939453 0.148438 0.939453 0.150391 0.941406 0.150391 0.943359 0.152344 0.945312
0 0.671875 0.955078 0.669922 0.955078 0.667969 0.957031 0.658203 0.957031 0.652344 0.951172 0.652344 0.941406 0.654297 0.939453 0.656250 0.939453 0.656250 0.937500 0.658203 0.935547 0.667969 0.935547 0.673828 0.941406 0.673828 0.951172 0.671875 0.953125
0 0.861328 0.949219 0.859375 0.949219 0.857422 0.951172 0.853516 0.951172 0.851562 0.949219 0.851562 0.943359 0.853516 0.941406 0.857422 0.941406 0.859375 0.943359 0.861328 0.943359
0 0.458984 0.949219 0.457031 0.951172 0.457031 0.953125 0.455078 0.955078 0.449219 0.955078 0.447266 0.953125 0.447266 0.951172 0.445312 0.949219 0.445312 0.947266 0.447266 0.945312 0.447266 0.943359 0.449219 0.941406 0.455078 0.941406 0.457031 0.943359 0.457031 0.945312 0.458984 0.947266
0 0.898438 0.951172 0.896484 0.953125 0.896484 0.955078 0.894531 0.957031 0.888672 0.957031 0.886719 0.955078 0.886719 0.953125 0.884766 0.951172 0.884766 0.949219 0.886719 0.947266 0.886719 0.945312 0.888672 0.943359 0.894531 0.943359 0.896484 0.945312 0.896484 0.947266 0.898438 0.949219
0 0.449219 0.955078 0.447266 0.955078 0.445312 0.957031 0.441406 0.957031 0.439453 0.955078 0.439453 0.949219 0.441406 0.947266 0.445312 0.947266 0.447266 0.949219 0.449219 0.949219
0 0.464844 0.955078 0.462891 0.955078 0.460938 0.957031 0.457031 0.957031 0.455078 0.955078 0.455078 0.949219 0.457031 0.947266 0.460938 0.947266 0.462891 0.949219 0.464844 0.949219
0 0.601562 0.951172 0.601562 0.955078 0.597656 0.955078 0.595703 0.953125 0.599609 0.949219
0 0.628906 0.955078 0.623047 0.960938 0.617188 0.960938 0.611328 0.955078 0.611328 0.949219 0.617188 0.943359 0.623047 0.943359 0.628906 0.949219
0 0.445312 0.955078 0.443359 0.957031 0.443359 0.958984 0.441406 0.960938 0.435547 0.960938 0.433594 0.958984 0.433594 0.957031 0.431641 0.955078 0.431641 0.953125 0.433594 0.951172 0.433594 0.949219 0.435547 0.947266 0.441406 0.947266 0.443359 0.949219 0.443359 0.951172 0.445312 0.953125
0 0.658203 0.955078 0.656250 0.957031 0.656250 0.958984 0.654297 0.960938 0.648438 0.960938 0.646484 0.958984 0.646484 0.957031 0.644531 0.955078 0.644531 0.953125 0.646484 0.951172 0.646484 0.949219 0.648438 0.947266 0.654297 0.947266 0.656250 0.949219 0.656250 0.951172 0.658203 0.953125
0 0.154297 0.958984 0.152344 0.960938 0.152344 0.962891 0.150391 0.964844 0.144531 0.964844 0.142578 0.962891 0.142578 0.960938 0.140625 0.958984 0.140625 0.957031 0.142578 0.955078 0.142578 0.953125 0.144531 0.951172 0.150391 0.951172 0.152344 0.953125 0.152344 0.955078 0.154297 0.957031
0 0.857422 0.962891 0.855469 0.962891 0.853516 0.964844 0.849609 0.964844 0.847656 0.962891 0.847656 0.957031 0.849609 0.955078 0.853516 0.955078 0.855469 0.957031 0.857422 0.957031
0 0.683594 0.962891 0.683594 0.966797 0.679688 0.966797 0.677734 0.964844 0.681641 0.960938
0 0.964844 0.962891 0.964844 0.966797 0.960938 0.966797 0.958984 0.964844 0.962891 0.960938
0 0.734375 0.968750 0.732422 0.968750 0.730469 0.970703 0.726562 0.970703 0.724609 0.968750 0.724609 0.962891 0.726562 0.960938 0.730469 0.960938 0.732422 0.962891 0.734375 0.962891
0 0.976562 0.964844 0.976562 0.968750 0.972656 0.968750 0.970703 0.966797 0.974609 0.962891
0 0.177734 0.968750 0.175781 0.970703 0.175781 0.972656 0.173828 0.974609 0.167969 0.974609 0.166016 0.972656 0.166016 0.970703 0.164062 0.968750 0.164062 0.966797 0.166016 0.964844 0.166016 0.962891 0.167969 0.960938 0.173828 0.960938 0.175781 0.962891 0.175781 0.964844 0.177734 0.966797
0 0.476562 0.970703 0.474609 0.970703 0.472656 0.972656 0.468750 0.972656 0.466797 0.970703 0.466797 0.964844 0.468750 0.962891 0.472656 0.962891 0.474609 0.964844 0.476562 0.964844
0 0.859375 0.970703 0.857422 0.970703 0.855469 0.972656 0.851562 0.972656 0.849609 0.970703 0.849609 0.964844 0.851562 0.962891 0.855469 0.962891 0.857422 0.964844 0.859375 0.964844
0 0.650391 0.972656 0.648438 0.972656 0.646484 0.974609 0.642578 0.974609 0.640625 0.972656 0.640625 0.966797 0.642578 0.964844 0.646484 0.964844 0.648438 0.966797 0.650391 0.966797
0 0.966797 0.968750 0.966797 0.972656 0.962891 0.972656 0.960938 0.970703 0.964844 0.966797
0 0.439453 0.974609 0.437500 0.974609 0.435547 0.976562 0.431641 0.976562 0.429688 0.974609 0.429688 0.968750 0.431641 0.966797 0.435547 0.966797 0.437500 0.968750 0.439453 0.968750
0 0.902344 0.974609 0.900391 0.974609 0.898438 0.976562 0.894531 0.976562 0.892578 0.974609 0.892578 0.968750 0.894531 0.966797 0.898438 0.966797 0.900391 0.968750 0.902344 0.968750
0 0.716797 0.976562 0.714844 0.976562 0.712891 0.978516 0.708984 0.978516 0.707031 0.976562 0.707031 0.970703 0.708984 0.968750 0.712891 0.968750 0.714844 0.970703 0.716797 0.970703
0 0.750000 0.976562 0.748047 0.976562 0.746094 0.978516 0.742188 0.978516 0.740234 0.976562 0.740234 0.970703 0.742188 0.968750 0.746094 0.968750 0.748047 0.970703 0.750000 0.970703
0 0.947266 0.972656 0.947266 0.976562 0.943359 0.976562 0.941406 0.974609 0.945312 0.970703
0 0.525391 0.974609 0.525391 0.978516 0.521484 0.978516 0.519531 0.976562 0.523438 0.972656
0 0.609375 0.978516 0.607422 0.978516 0.605469 0.980469 0.601562 0.980469 0.599609 0.978516 0.599609 0.972656 0.601562 0.970703 0.605469 0.970703 0.607422 0.972656 0.609375 0.972656
0 0.644531 0.986328 0.642578 0.986328 0.640625 0.988281 0.630859 0.988281 0.625000 0.982422 0.625000 0.972656 0.626953 0.970703 0.628906 0.970703 0.628906 0.968750 0.630859 0.966797 0.640625 0.966797 0.646484 0.972656 0.646484 0.982422 0.644531 0.984375
0 0.904297 0.978516 0.902344 0.980469 0.902344 0.982422 0.900391 0.984375 0.894531 0.984375 0.892578 0.982422 0.892578 0.980469 0.890625 0.978516 0.890625 0.976562 0.892578 0.974609 0.892578 0.972656 0.894531 0.970703 0.900391 0.970703 0.902344 0.972656 0.902344 0.974609 0.904297 0.976562
0 0.939453 0.976562 0.939453 0.980469 0.935547 0.980469 0.933594 0.978516 0.937500 0.974609
0 0.664062 0.982422 0.662109 0.982422 0.660156 0.984375 0.656250 0.984375 0.654297 0.982422 0.654297 0.976562 0.656250 0.974609 0.660156 0.974609 0.662109 0.976562 0.664062 0.976562
0 0.875000 0.982422 0.873047 0.982422 0.871094 0.984375 0.867188 0.984375 0.865234 0.982422 0.865234 0.976562 0.867188 0.974609 0.871094 0.974609 0.873047 0.976562 0.875000 0.976562
0 0.466797 0.984375 0.464844 0.984375 0.462891 0.986328 0.458984 0.986328 0.457031 0.984375 0.457031 0.978516 0.458984 0.976562 0.462891 0.976562 0.464844 0.978516 0.466797 0.978516
0 0.597656 0.986328 0.595703 0.986328 0.593750 0.988281 0.589844 0.988281 0.587891 0.986328 0.587891 0.980469 0.589844 0.978516 0.593750 0.978516 0.595703 0.980469 0.597656 0.980469
0 0.955078 0.988281 0.953125 0.988281 0.951172 0.990234 0.947266 0.990234 0.945312 0.988281 0.945312 0.982422 0.947266 0.980469 0.951172 0.980469 0.953125 0.982422 0.955078 0.982422
0 0.523438 0.986328 0.523438 0.990234 0.519531 0.990234 0.517578 0.988281 0.521484 0.984375
0 0.634766 0.990234 0.632812 0.990234 0.630859 0.992188 0.626953 0.992188 0.625000 0.990234 0.625000 0.984375 0.626953 0.982422 0.630859 0.982422 0.632812 0.984375 0.634766 0.984375
0 0.947266 0.986328 0.947266 0.990234 0.943359 0.990234 0.941406 0.988281 0.945312 0.984375
0 0.591797 0.998047 0.582031 0.998047 0.582031 0.994141 0.583984 0.992188 0.587891 0.992188 0.589844 0.994141 0.591797 0.994141
0 0.714844 0.998047 0.705078 0.998047 0.705078 0.994141 0.707031 0.992188 0.710938 0.992188 0.712891 0.994141 0.714844 0.994141
0 0.767578 0.998047 0.753906 0.998047 0.753906 0.996094 0.755859 0.994141 0.755859 0.992188 0.757812 0.990234 0.763672 0.990234 0.765625 0.992188 0.765625 0.994141 0.767578 0.996094
0 0.816406 0.998047 0.806641 0.998047 0.806641 0.994141 0.808594 0.992188 0.812500 0.992188 0.814453 0.994141 0.816406 0.994141
0 0.833984 0.998047 0.824219 0.998047 0.824219 0.994141 0.826172 0.992188 0.830078 0.992188 0.832031 0.994141 0.833984 0.994141
0 0.890625 0.998047 0.869141 0.998047 0.869141 0.992188 0.871094 0.990234 0.873047 0.990234 0.873047 0.988281 0.875000 0.986328 0.884766 0.986328 0.890625 0.992188
0 0.953125 0.998047 0.935547 0.998047 0.935547 0.994141 0.941406 0.988281 0.947266 0.988281 0.953125 0.994141
