0 0.810547 0.167969 0.810547 0.171875 0.814453 0.171875 0.816406 0.169922 0.814453 0.167969
0 0.544922 0.175781 0.542969 0.177734 0.542969 0.179688 0.544922 0.181641 0.546875 0.181641 0.548828 0.179688 0.548828 0.177734 0.546875 0.175781
0 0.808594 0.187500 0.806641 0.189453 0.806641 0.193359 0.808594 0.195312 0.814453 0.195312 0.816406 0.193359 0.816406 0.189453 0.814453 0.187500
0 0.916016 0.316406 0.912109 0.320312 0.912109 0.322266 0.916016 0.326172 0.919922 0.326172 0.923828 0.322266 0.923828 0.320312 0.919922 0.316406
0 0.292969 0.345703 0.291016 0.343750 0.289062 0.345703 0.289062 0.347656 0.292969 0.347656
0 0.316406 0.414062 0.314453 0.416016 0.314453 0.417969 0.316406 0.419922 0.320312 0.419922 0.322266 0.417969 0.322266 0.416016 0.320312 0.414062
0 0.935547 0.416016 0.931641 0.419922 0.935547 0.423828 0.937500 0.423828 0.939453 0.421875 0.939453 0.417969 0.937500 0.417969
0 0.250000 0.435547 0.251953 0.437500 0.251953 0.441406 0.253906 0.441406 0.257812 0.445312 0.267578 0.445312 0.273438 0.439453 0.275391 0.433594 0.277344 0.431641 0.281250 0.431641 0.283203 0.427734 0.279297 0.425781 0.275391 0.429688 0.273438 0.429688 0.267578 0.425781 0.257812 0.425781 0.251953 0.429688 0.251953 0.433594
1 0.382812 0.427734 0.382812 0.429688 0.384766 0.431641 0.390625 0.431641 0.392578 0.433594 0.392578 0.435547 0.394531 0.435547 0.396484 0.437500 0.398438 0.437500 0.400391 0.435547 0.400391 0.433594 0.398438 0.431641 0.396484 0.431641 0.394531 0.429688 0.390625 0.429688 0.386719 0.425781 0.384766 0.425781
0 0.294922 0.433594 0.292969 0.431641 0.291016 0.431641 0.289062 0.433594 0.289062 0.435547 0.292969 0.435547
1 0.343750 0.435547 0.341797 0.433594 0.341797 0.431641 0.335938 0.431641 0.333984 0.433594 0.332031 0.433594 0.330078 0.435547 0.332031 0.437500 0.330078 0.439453 0.320312 0.439453 0.318359 0.441406 0.318359 0.445312 0.320312 0.447266 0.326172 0.447266 0.328125 0.445312 0.328125 0.441406 0.330078 0.439453 0.332031 0.439453 0.333984 0.441406 0.333984 0.443359 0.335938 0.445312 0.335938 0.447266 0.337891 0.445312 0.339844 0.445312 0.339844 0.439453
1 0.375000 0.429688 0.373047 0.431641 0.371094 0.431641 0.369141 0.433594 0.365234 0.433594 0.367188 0.435547 0.369141 0.433594 0.375000 0.433594
1 0.410156 0.435547 0.410156 0.437500 0.416016 0.437500 0.419922 0.441406 0.423828 0.441406 0.423828 0.437500 0.419922 0.437500 0.417969 0.439453 0.412109 0.433594
0 0.429688 0.445312 0.429688 0.449219 0.431641 0.451172 0.437500 0.451172 0.441406 0.455078 0.443359 0.455078 0.445312 0.453125 0.445312 0.449219 0.443359 0.447266 0.441406 0.447266 0.439453 0.445312 0.437500 0.445312 0.435547 0.443359 0.431641 0.443359
0 0.511719 0.443359 0.509766 0.445312 0.509766 0.447266 0.511719 0.449219 0.515625 0.449219 0.515625 0.445312 0.513672 0.443359
0 0.300781 0.460938 0.298828 0.458984 0.296875 0.460938 0.296875 0.462891 0.300781 0.462891
0 0.980469 0.457031 0.976562 0.460938 0.976562 0.464844 0.978516 0.466797 0.986328 0.466797 0.988281 0.464844 0.988281 0.460938 0.984375 0.457031
0 0.476562 0.470703 0.474609 0.470703 0.470703 0.474609 0.470703 0.478516 0.472656 0.480469 0.474609 0.480469 0.478516 0.476562 0.478516 0.472656
0 0.445312 0.492188 0.443359 0.494141 0.443359 0.496094 0.445312 0.498047 0.447266 0.498047 0.449219 0.496094 0.449219 0.494141 0.447266 0.492188
0 0.988281 0.492188 0.984375 0.496094 0.984375 0.501953 0.986328 0.503906 0.992188 0.503906 0.994141 0.501953 0.994141 0.496094 0.992188 0.494141 0.992188 0.492188
0 0.433594 0.501953 0.431641 0.503906 0.435547 0.507812 0.437500 0.507812 0.437500 0.505859 0.439453 0.503906 0.439453 0.501953
1 0.408203 0.509766 0.410156 0.511719 0.410156 0.513672 0.412109 0.511719 0.419922 0.511719 0.419922 0.507812 0.417969 0.507812 0.416016 0.509766 0.414062 0.507812 0.410156 0.507812
0 0.636719 0.509766 0.634766 0.511719 0.634766 0.517578 0.636719 0.519531 0.642578 0.519531 0.646484 0.515625 0.646484 0.513672 0.642578 0.509766
0 0.470703 0.519531 0.468750 0.517578 0.466797 0.519531 0.464844 0.519531 0.464844 0.523438 0.468750 0.523438 0.470703 0.521484
0 0.593750 0.515625 0.593750 0.517578 0.589844 0.521484 0.591797 0.523438 0.591797 0.525391 0.593750 0.527344 0.599609 0.527344 0.603516 0.523438 0.603516 0.519531 0.599609 0.515625
0 0.882812 0.515625 0.880859 0.517578 0.882812 0.519531 0.884766 0.519531 0.886719 0.517578 0.884766 0.515625
0 0.304688 0.541016 0.304688 0.544922 0.306641 0.544922 0.312500 0.550781 0.314453 0.548828 0.320312 0.552734 0.318359 0.550781 0.322266 0.546875 0.318359 0.542969 0.318359 0.541016 0.312500 0.541016 0.310547 0.539062 0.306641 0.539062
0 0.535156 0.564453 0.535156 0.566406 0.533203 0.568359 0.531250 0.574219 0.533203 0.576172 0.533203 0.578125 0.535156 0.580078 0.537109 0.585938 0.541016 0.589844 0.542969 0.589844 0.548828 0.585938 0.548828 0.580078 0.546875 0.578125 0.544922 0.572266 0.539062 0.566406 0.537109 0.566406
1 0.488281 0.572266 0.486328 0.574219 0.484375 0.574219 0.484375 0.580078 0.494141 0.589844 0.494141 0.591797 0.492188 0.593750 0.488281 0.593750 0.486328 0.591797 0.486328 0.593750 0.490234 0.593750 0.496094 0.597656 0.496094 0.589844 0.498047 0.587891 0.498047 0.580078 0.494141 0.576172 0.494141 0.574219
0 0.656250 0.572266 0.652344 0.572266 0.650391 0.574219 0.648438 0.574219 0.642578 0.580078 0.642578 0.583984 0.646484 0.587891 0.648438 0.585938 0.650391 0.585938 0.652344 0.583984 0.654297 0.583984 0.658203 0.580078 0.658203 0.574219
0 0.691406 0.576172 0.685547 0.576172 0.681641 0.580078 0.679688 0.580078 0.677734 0.582031 0.677734 0.585938 0.681641 0.589844 0.689453 0.589844 0.691406 0.587891 0.693359 0.587891 0.693359 0.583984 0.691406 0.582031
0 0.867188 0.576172 0.863281 0.576172 0.863281 0.578125 0.865234 0.580078 0.867188 0.578125
0 0.917969 0.587891 0.916016 0.589844 0.916016 0.595703 0.917969 0.597656 0.917969 0.599609 0.919922 0.601562 0.927734 0.601562 0.931641 0.597656 0.931641 0.593750 0.927734 0.589844 0.925781 0.589844 0.923828 0.587891
0 0.539062 0.595703 0.535156 0.599609 0.539062 0.603516 0.541016 0.603516 0.542969 0.601562 0.542969 0.597656 0.541016 0.595703
0 0.861328 0.593750 0.857422 0.593750 0.853516 0.597656 0.853516 0.603516 0.857422 0.607422 0.859375 0.607422 0.863281 0.603516 0.863281 0.597656 0.861328 0.595703
0 0.785156 0.609375 0.781250 0.609375 0.781250 0.611328 0.779297 0.613281 0.779297 0.615234 0.781250 0.617188 0.781250 0.619141 0.787109 0.613281 0.785156 0.611328
0 0.509766 0.621094 0.507812 0.623047 0.507812 0.625000 0.509766 0.626953 0.511719 0.626953 0.513672 0.625000 0.513672 0.623047 0.511719 0.621094
0 0.472656 0.626953 0.470703 0.628906 0.470703 0.630859 0.472656 0.632812 0.474609 0.632812 0.476562 0.630859 0.476562 0.628906 0.474609 0.626953
0 0.794922 0.625000 0.792969 0.626953 0.792969 0.628906 0.794922 0.630859 0.796875 0.630859 0.800781 0.634766 0.802734 0.634766 0.804688 0.632812 0.804688 0.630859 0.800781 0.626953 0.798828 0.626953 0.796875 0.625000
0 0.812500 0.626953 0.814453 0.628906 0.814453 0.626953
0 0.914062 0.626953 0.914062 0.628906 0.912109 0.630859 0.912109 0.636719 0.916016 0.640625 0.916016 0.642578 0.917969 0.642578 0.919922 0.644531 0.925781 0.644531 0.929688 0.640625 0.929688 0.634766 0.927734 0.632812 0.927734 0.630859 0.925781 0.630859 0.921875 0.626953
0 0.488281 0.636719 0.490234 0.638672 0.490234 0.636719
0 0.822266 0.644531 0.818359 0.644531 0.816406 0.646484 0.816406 0.648438 0.818359 0.650391 0.820312 0.650391 0.822266 0.648438
0 0.949219 0.656250 0.945312 0.660156 0.945312 0.662109 0.947266 0.664062 0.949219 0.664062 0.951172 0.662109 0.951172 0.658203
0 0.244141 0.669922 0.244141 0.673828 0.246094 0.671875
1 0.570312 0.671875 0.560547 0.669922 0.542969 0.677734 0.541016 0.681641 0.544922 0.683594 0.546875 0.693359 0.544922 0.695312 0.541016 0.691406 0.533203 0.691406 0.531250 0.705078 0.525391 0.716797 0.511719 0.730469 0.503906 0.730469 0.498047 0.736328 0.496094 0.748047 0.503906 0.757812 0.503906 0.765625 0.500000 0.769531 0.498047 0.765625 0.490234 0.767578 0.490234 0.773438 0.498047 0.775391 0.501953 0.769531 0.505859 0.769531 0.509766 0.773438 0.507812 0.781250 0.513672 0.789062 0.523438 0.787109 0.527344 0.779297 0.523438 0.761719 0.541016 0.742188 0.539062 0.726562 0.542969 0.722656 0.544922 0.695312 0.548828 0.693359 0.560547 0.699219 0.568359 0.699219 0.578125 0.689453 0.578125 0.679688
0 0.667969 0.673828 0.660156 0.673828 0.658203 0.675781 0.658203 0.677734 0.656250 0.679688 0.656250 0.681641 0.660156 0.685547 0.662109 0.685547 0.667969 0.679688
0 0.839844 0.671875 0.837891 0.673828 0.839844 0.675781 0.839844 0.677734 0.841797 0.675781 0.841797 0.673828
0 0.652344 0.689453 0.652344 0.693359 0.656250 0.693359 0.656250 0.689453
0 0.687500 0.691406 0.689453 0.693359 0.689453 0.697266 0.691406 0.699219 0.695312 0.699219 0.697266 0.697266 0.699219 0.697266 0.699219 0.691406 0.695312 0.687500 0.691406 0.687500
0 0.800781 0.689453 0.798828 0.691406 0.798828 0.697266 0.802734 0.701172 0.806641 0.701172 0.808594 0.699219 0.808594 0.693359 0.804688 0.689453
0 0.597656 0.691406 0.593750 0.691406 0.593750 0.695312 0.595703 0.697266 0.597656 0.695312
0 0.925781 0.699219 0.925781 0.707031 0.927734 0.708984 0.933594 0.708984 0.935547 0.707031 0.935547 0.699219 0.933594 0.697266 0.929688 0.697266 0.927734 0.699219
0 0.712891 0.699219 0.710938 0.701172 0.710938 0.707031 0.712891 0.708984 0.714844 0.708984 0.716797 0.710938 0.718750 0.710938 0.722656 0.707031 0.722656 0.703125 0.718750 0.699219
0 0.791016 0.714844 0.791016 0.716797 0.794922 0.716797 0.792969 0.714844
0 0.705078 0.718750 0.703125 0.720703 0.703125 0.724609 0.705078 0.726562 0.708984 0.726562 0.710938 0.724609 0.710938 0.722656 0.707031 0.718750
0 0.826172 0.722656 0.824219 0.724609 0.822266 0.724609 0.820312 0.726562 0.822266 0.728516 0.822266 0.730469 0.824219 0.732422 0.822266 0.730469 0.826172 0.726562 0.824219 0.724609
0 0.585938 0.732422 0.585938 0.736328 0.587891 0.738281 0.589844 0.738281 0.591797 0.736328 0.591797 0.732422
0 0.765625 0.732422 0.761719 0.732422 0.759766 0.730469 0.757812 0.730469 0.755859 0.732422 0.755859 0.736328 0.757812 0.738281 0.757812 0.742188 0.759766 0.740234 0.763672 0.740234 0.765625 0.738281
0 0.574219 0.736328 0.572266 0.738281 0.572266 0.744141 0.574219 0.746094 0.578125 0.746094 0.580078 0.744141 0.580078 0.738281 0.578125 0.736328
0 0.744141 0.734375 0.740234 0.734375 0.736328 0.738281 0.736328 0.740234 0.732422 0.744141 0.732422 0.746094 0.730469 0.748047 0.736328 0.753906 0.744141 0.753906 0.748047 0.748047 0.748047 0.738281
0 0.812500 0.736328 0.810547 0.736328 0.810547 0.738281 0.806641 0.742188 0.806641 0.744141 0.804688 0.746094 0.804688 0.751953 0.806641 0.753906 0.810547 0.753906 0.814453 0.750000 0.814453 0.744141 0.816406 0.742188 0.816406 0.740234
1 0.617188 0.742188 0.615234 0.744141 0.615234 0.746094 0.621094 0.751953 0.621094 0.753906 0.623047 0.755859 0.626953 0.755859 0.628906 0.753906 0.628906 0.751953 0.626953 0.750000 0.625000 0.750000 0.621094 0.746094 0.621094 0.744141 0.619141 0.742188
0 0.716797 0.744141 0.714844 0.746094 0.714844 0.750000 0.716797 0.751953 0.720703 0.751953 0.720703 0.746094 0.718750 0.744141
0 0.773438 0.742188 0.771484 0.744141 0.771484 0.748047 0.775391 0.751953 0.777344 0.751953 0.781250 0.748047 0.779297 0.746094 0.779297 0.744141 0.777344 0.742188
0 0.568359 0.746094 0.562500 0.751953 0.562500 0.753906 0.564453 0.755859 0.568359 0.755859 0.570312 0.753906 0.570312 0.750000 0.568359 0.748047
1 0.662109 0.746094 0.662109 0.751953 0.667969 0.757812 0.666016 0.759766 0.666016 0.761719 0.667969 0.763672 0.669922 0.763672 0.671875 0.761719 0.673828 0.761719 0.671875 0.759766 0.671875 0.757812 0.669922 0.755859 0.667969 0.757812 0.666016 0.755859 0.666016 0.753906 0.667969 0.751953 0.669922 0.751953 0.669922 0.750000 0.666016 0.746094
0 0.544922 0.750000 0.544922 0.755859 0.548828 0.755859 0.548828 0.751953 0.546875 0.751953
0 0.960938 0.753906 0.958984 0.755859 0.958984 0.757812 0.960938 0.759766 0.964844 0.759766 0.966797 0.757812 0.966797 0.755859 0.964844 0.753906
0 0.638672 0.759766 0.638672 0.761719 0.636719 0.763672 0.638672 0.765625 0.642578 0.765625 0.642578 0.761719 0.640625 0.761719
0 0.535156 0.769531 0.535156 0.777344 0.542969 0.785156 0.548828 0.785156 0.550781 0.787109 0.556641 0.783203 0.562500 0.783203 0.564453 0.781250 0.564453 0.775391 0.562500 0.773438 0.558594 0.773438 0.556641 0.769531 0.554688 0.769531 0.552734 0.765625 0.550781 0.765625 0.546875 0.761719 0.544922 0.761719
0 0.712891 0.765625 0.710938 0.767578 0.712891 0.769531 0.714844 0.767578
0 0.466797 0.771484 0.462891 0.771484 0.460938 0.773438 0.457031 0.773438 0.451172 0.779297 0.457031 0.785156 0.458984 0.785156 0.458984 0.783203 0.460938 0.781250 0.462891 0.781250 0.464844 0.779297 0.464844 0.777344 0.466797 0.775391
0 0.578125 0.771484 0.574219 0.775391 0.574219 0.781250 0.576172 0.783203 0.580078 0.783203 0.582031 0.781250 0.583984 0.781250 0.582031 0.779297 0.583984 0.777344 0.583984 0.775391 0.582031 0.773438 0.580078 0.773438
1 0.972656 0.777344 0.964844 0.779297 0.958984 0.787109 0.958984 0.796875 0.968750 0.806641 0.958984 0.816406 0.957031 0.814453 0.935547 0.826172 0.937500 0.837891 0.947266 0.849609 0.957031 0.845703 0.958984 0.826172 0.972656 0.822266 0.972656 0.806641 0.986328 0.796875 0.986328 0.787109
0 0.751953 0.781250 0.748047 0.781250 0.746094 0.783203 0.748047 0.785156 0.750000 0.785156 0.751953 0.783203
0 0.531250 0.785156 0.523438 0.792969 0.523438 0.796875 0.525391 0.796875 0.527344 0.798828 0.529297 0.798828 0.531250 0.800781 0.535156 0.796875 0.535156 0.789062
0 0.589844 0.785156 0.585938 0.789062 0.585938 0.796875 0.587891 0.796875 0.589844 0.798828 0.591797 0.798828 0.597656 0.802734 0.601562 0.802734 0.603516 0.800781 0.603516 0.798828 0.599609 0.794922 0.597656 0.794922 0.595703 0.792969 0.595703 0.789062
0 0.490234 0.792969 0.490234 0.794922 0.494141 0.798828 0.498047 0.798828 0.498047 0.792969 0.496094 0.791016 0.494141 0.791016 0.492188 0.792969
0 0.503906 0.789062 0.503906 0.792969 0.505859 0.791016 0.507812 0.791016 0.505859 0.791016
0 0.576172 0.789062 0.574219 0.789062 0.570312 0.792969 0.570312 0.794922 0.572266 0.796875 0.576172 0.796875 0.578125 0.794922 0.578125 0.792969 0.576172 0.791016
0 0.615234 0.789062 0.613281 0.791016 0.611328 0.791016 0.611328 0.792969 0.609375 0.794922 0.609375 0.798828 0.611328 0.798828 0.615234 0.802734 0.615234 0.804688 0.617188 0.806641 0.619141 0.806641 0.621094 0.804688 0.623047 0.804688 0.623047 0.802734 0.619141 0.798828 0.619141 0.791016 0.617188 0.789062
1 0.669922 0.792969 0.662109 0.798828 0.667969 0.808594 0.679688 0.808594 0.681641 0.802734 0.685547 0.800781 0.687500 0.802734 0.685547 0.806641 0.693359 0.812500 0.683594 0.822266 0.685547 0.830078 0.679688 0.833984 0.683594 0.843750 0.675781 0.851562 0.673828 0.857422 0.675781 0.867188 0.681641 0.873047 0.685547 0.873047 0.693359 0.865234 0.693359 0.859375 0.687500 0.849609 0.699219 0.835938 0.693359 0.828125 0.697266 0.824219 0.703125 0.824219 0.705078 0.830078 0.708984 0.832031 0.710938 0.826172 0.707031 0.824219 0.705078 0.826172 0.703125 0.820312 0.705078 0.818359 0.710938 0.820312 0.712891 0.816406 0.708984 0.812500 0.705078 0.812500 0.699219 0.818359 0.693359 0.814453 0.699219 0.808594 0.699219 0.804688 0.691406 0.800781 0.687500 0.792969 0.681641 0.794922 0.679688 0.800781
0 0.808594 0.794922 0.802734 0.798828 0.802734 0.810547 0.804688 0.810547 0.810547 0.814453 0.814453 0.810547 0.816406 0.810547 0.816406 0.798828 0.814453 0.796875 0.812500 0.796875 0.810547 0.794922
0 0.736328 0.796875 0.734375 0.798828 0.734375 0.802734 0.736328 0.804688 0.738281 0.804688 0.740234 0.802734 0.740234 0.798828 0.738281 0.796875
0 0.843750 0.802734 0.839844 0.806641 0.839844 0.808594 0.837891 0.810547 0.837891 0.812500 0.843750 0.818359 0.845703 0.816406 0.851562 0.816406 0.851562 0.814453 0.853516 0.812500 0.853516 0.806641 0.849609 0.802734
0 0.505859 0.804688 0.498047 0.804688 0.494141 0.808594 0.494141 0.814453 0.498047 0.818359 0.501953 0.818359 0.507812 0.812500 0.507812 0.806641
0 0.609375 0.814453 0.605469 0.814453 0.603516 0.812500 0.601562 0.814453 0.597656 0.814453 0.595703 0.816406 0.595703 0.820312 0.589844 0.828125 0.589844 0.833984 0.593750 0.837891 0.597656 0.837891 0.605469 0.828125 0.609375 0.828125 0.613281 0.824219 0.613281 0.820312
1 0.763672 0.818359 0.765625 0.824219 0.769531 0.828125 0.775391 0.828125 0.783203 0.835938 0.789062 0.835938 0.791016 0.833984 0.791016 0.826172 0.787109 0.822266 0.785156 0.822266 0.783203 0.824219 0.779297 0.824219 0.771484 0.814453 0.767578 0.814453
1 0.658203 0.818359 0.658203 0.820312 0.660156 0.822266 0.667969 0.822266 0.669922 0.820312 0.671875 0.822266 0.671875 0.824219 0.673828 0.824219 0.675781 0.826172 0.677734 0.824219 0.677734 0.822266 0.675781 0.820312 0.673828 0.822266 0.671875 0.822266 0.669922 0.820312 0.667969 0.820312 0.666016 0.818359 0.666016 0.816406 0.660156 0.816406
0 0.722656 0.828125 0.722656 0.832031 0.726562 0.832031 0.726562 0.830078 0.724609 0.828125
0 0.378906 0.835938 0.376953 0.837891 0.376953 0.843750 0.378906 0.845703 0.380859 0.845703 0.382812 0.847656 0.386719 0.843750 0.386719 0.841797 0.384766 0.839844 0.384766 0.837891 0.382812 0.835938
0 0.755859 0.837891 0.751953 0.837891 0.750000 0.839844 0.750000 0.841797 0.751953 0.843750 0.753906 0.843750 0.755859 0.841797
0 0.857422 0.835938 0.857422 0.839844 0.861328 0.839844 0.863281 0.837891 0.861328 0.835938
0 0.402344 0.839844 0.396484 0.843750 0.396484 0.845703 0.398438 0.847656 0.398438 0.853516 0.400391 0.855469 0.400391 0.857422 0.404297 0.861328 0.410156 0.861328 0.416016 0.855469 0.416016 0.849609 0.414062 0.847656 0.416016 0.845703 0.410156 0.839844
1 0.419922 0.839844 0.417969 0.841797 0.423828 0.847656 0.423828 0.849609 0.425781 0.851562 0.427734 0.849609 0.425781 0.847656 0.425781 0.845703 0.423828 0.843750 0.423828 0.841797 0.421875 0.839844
0 0.578125 0.841797 0.578125 0.847656 0.580078 0.849609 0.583984 0.845703 0.580078 0.841797
1 0.632812 0.843750 0.630859 0.845703 0.630859 0.851562 0.628906 0.853516 0.628906 0.863281 0.625000 0.867188 0.625000 0.869141 0.630859 0.876953 0.630859 0.878906 0.628906 0.880859 0.628906 0.894531 0.632812 0.898438 0.632812 0.902344 0.634766 0.904297 0.634766 0.906250 0.632812 0.908203 0.638672 0.910156 0.646484 0.902344 0.646484 0.894531 0.642578 0.890625 0.642578 0.888672 0.636719 0.886719 0.632812 0.882812 0.636719 0.876953 0.634766 0.875000 0.634766 0.871094 0.636719 0.869141 0.636719 0.861328 0.638672 0.859375 0.638672 0.855469 0.640625 0.853516 0.642578 0.847656 0.638672 0.843750
0 0.388672 0.847656 0.386719 0.849609 0.386719 0.851562 0.384766 0.853516 0.384766 0.857422 0.386719 0.859375 0.390625 0.859375 0.392578 0.857422 0.392578 0.851562
0 0.707031 0.849609 0.697266 0.865234 0.697266 0.869141 0.701172 0.873047 0.697266 0.875000 0.695312 0.878906 0.697266 0.880859 0.703125 0.878906 0.708984 0.888672 0.716797 0.888672 0.718750 0.886719 0.718750 0.875000 0.710938 0.869141 0.712891 0.859375 0.714844 0.857422 0.716797 0.861328 0.716797 0.857422 0.710938 0.859375
0 0.535156 0.853516 0.531250 0.857422 0.535156 0.857422 0.537109 0.859375 0.537109 0.855469
0 0.740234 0.851562 0.738281 0.853516 0.738281 0.855469 0.742188 0.859375 0.744141 0.857422 0.744141 0.853516 0.742188 0.851562
0 0.988281 0.869141 0.980469 0.869141 0.978516 0.871094 0.978516 0.878906 0.980469 0.880859 0.980469 0.882812 0.984375 0.886719 0.990234 0.880859 0.990234 0.871094
0 0.427734 0.876953 0.425781 0.878906 0.429688 0.882812 0.431641 0.880859 0.431641 0.878906 0.429688 0.876953
1 0.656250 0.876953 0.652344 0.882812 0.658203 0.888672 0.660156 0.886719 0.666016 0.892578 0.666016 0.904297 0.664062 0.906250 0.662109 0.904297 0.652344 0.904297 0.654297 0.906250 0.652344 0.908203 0.652344 0.912109 0.658203 0.916016 0.660156 0.910156 0.666016 0.906250 0.667969 0.910156 0.664062 0.916016 0.685547 0.935547 0.691406 0.933594 0.693359 0.929688 0.699219 0.929688 0.703125 0.925781 0.705078 0.917969 0.701172 0.916016 0.695312 0.916016 0.693359 0.917969 0.689453 0.914062 0.685547 0.904297 0.671875 0.892578 0.673828 0.890625 0.671875 0.888672 0.673828 0.886719 0.673828 0.880859 0.669922 0.876953 0.667969 0.878906
0 0.773438 0.875000 0.769531 0.878906 0.769531 0.884766 0.773438 0.888672 0.779297 0.888672 0.779297 0.886719 0.781250 0.884766 0.781250 0.878906 0.777344 0.875000
0 0.740234 0.882812 0.738281 0.884766 0.738281 0.890625 0.740234 0.892578 0.744141 0.892578 0.746094 0.890625 0.746094 0.884766 0.744141 0.882812
1 0.837891 0.884766 0.828125 0.884766 0.824219 0.890625 0.820312 0.904297 0.822266 0.919922 0.820312 0.929688 0.816406 0.933594 0.802734 0.933594 0.794922 0.939453 0.781250 0.931641 0.773438 0.937500 0.771484 0.947266 0.777344 0.960938 0.771484 0.966797 0.771484 0.974609 0.777344 0.978516 0.783203 0.978516 0.789062 0.972656 0.789062 0.966797 0.785156 0.960938 0.796875 0.949219 0.808594 0.966797 0.820312 0.964844 0.826172 0.957031 0.824219 0.943359 0.826172 0.941406 0.837891 0.943359 0.853516 0.931641 0.853516 0.923828 0.845703 0.916016 0.845703 0.894531
0 0.865234 0.898438 0.865234 0.904297 0.867188 0.906250 0.875000 0.906250 0.880859 0.916016 0.890625 0.923828 0.898438 0.923828 0.906250 0.919922 0.908203 0.914062 0.904297 0.902344 0.906250 0.900391 0.900391 0.896484 0.900391 0.892578 0.896484 0.888672 0.884766 0.886719
0 0.726562 0.894531 0.724609 0.892578 0.720703 0.892578 0.718750 0.894531 0.712891 0.894531 0.710938 0.896484 0.710938 0.900391 0.712891 0.902344 0.722656 0.902344 0.726562 0.898438
1 0.357422 0.904297 0.355469 0.904297 0.355469 0.906250 0.353516 0.908203 0.355469 0.910156 0.357422 0.908203
0 0.941406 0.908203 0.941406 0.914062 0.945312 0.914062 0.947266 0.916016 0.947266 0.908203
0 0.966797 0.910156 0.964844 0.912109 0.964844 0.914062 0.966797 0.916016 0.968750 0.916016 0.970703 0.914062 0.970703 0.912109 0.968750 0.910156
0 0.925781 0.919922 0.921875 0.923828 0.921875 0.925781 0.917969 0.929688 0.917969 0.931641 0.923828 0.931641 0.925781 0.933594 0.929688 0.933594 0.931641 0.931641 0.931641 0.929688 0.933594 0.927734 0.933594 0.925781 0.929688 0.921875 0.927734 0.921875
1 0.570312 0.929688 0.568359 0.931641 0.568359 0.937500 0.576172 0.941406 0.576172 0.949219 0.574219 0.951172 0.576172 0.949219 0.580078 0.955078 0.585938 0.955078 0.587891 0.953125 0.587891 0.947266 0.585938 0.943359 0.578125 0.937500 0.580078 0.935547 0.580078 0.929688 0.576172 0.927734
0 0.947266 0.925781 0.945312 0.927734 0.945312 0.933594 0.947266 0.935547 0.953125 0.935547 0.955078 0.933594 0.955078 0.927734 0.953125 0.925781
0 0.716797 0.935547 0.714844 0.935547 0.712891 0.933594 0.710938 0.935547 0.710938 0.939453 0.714844 0.939453 0.716797 0.937500
0 0.857422 0.937500 0.855469 0.937500 0.853516 0.939453 0.853516 0.941406 0.851562 0.943359 0.851562 0.945312 0.853516 0.947266 0.857422 0.947266 0.861328 0.943359 0.861328 0.941406
0 0.898438 0.941406 0.888672 0.939453 0.884766 0.943359 0.882812 0.951172 0.867188 0.949219 0.861328 0.955078 0.853516 0.953125 0.851562 0.966797 0.857422 0.972656 0.859375 0.982422 0.863281 0.986328 0.871094 0.984375 0.876953 0.976562 0.882812 0.962891 0.882812 0.955078 0.884766 0.953125 0.894531 0.955078 0.900391 0.949219
0 0.566406 0.943359 0.564453 0.945312 0.566406 0.947266 0.568359 0.947266 0.568359 0.943359
1 0.632812 0.945312 0.630859 0.945312 0.628906 0.943359 0.626953 0.943359 0.626953 0.945312 0.625000 0.947266 0.625000 0.949219 0.623047 0.951172 0.621094 0.951172 0.619141 0.953125 0.623047 0.953125 0.623047 0.951172 0.625000 0.949219 0.626953 0.951172 0.630859 0.947266 0.632812 0.947266
0 0.601562 0.947266 0.601562 0.951172 0.603516 0.951172 0.605469 0.949219 0.603516 0.947266
0 0.513672 0.949219 0.511719 0.951172 0.511719 0.953125 0.513672 0.955078 0.515625 0.955078 0.517578 0.953125 0.517578 0.951172 0.515625 0.949219
1 0.554688 0.949219 0.550781 0.949219 0.548828 0.951172 0.548828 0.953125 0.546875 0.955078 0.546875 0.958984 0.542969 0.962891 0.542969 0.964844 0.541016 0.966797 0.541016 0.970703 0.539062 0.972656 0.531250 0.972656 0.529297 0.970703 0.529297 0.972656 0.527344 0.974609 0.529297 0.974609 0.531250 0.976562 0.531250 0.978516 0.533203 0.976562 0.537109 0.980469 0.537109 0.982422 0.542969 0.982422 0.544922 0.980469 0.544922 0.978516 0.542969 0.976562 0.542969 0.972656 0.548828 0.966797 0.552734 0.966797 0.554688 0.964844 0.558594 0.964844 0.562500 0.960938
0 0.697266 0.949219 0.695312 0.951172 0.695312 0.953125 0.697266 0.955078 0.699219 0.953125 0.699219 0.951172
1 0.732422 0.951172 0.730469 0.951172 0.728516 0.949219 0.726562 0.949219 0.722656 0.953125 0.720703 0.951172 0.718750 0.951172 0.716797 0.953125 0.716797 0.958984 0.712891 0.962891 0.712891 0.968750 0.714844 0.970703 0.718750 0.970703 0.720703 0.968750 0.720703 0.958984 0.722656 0.957031 0.730469 0.957031 0.732422 0.955078
0 0.937500 0.949219 0.933594 0.949219 0.929688 0.953125 0.927734 0.951172 0.927734 0.953125 0.923828 0.958984 0.923828 0.964844 0.921875 0.966797 0.927734 0.972656 0.937500 0.972656 0.945312 0.964844 0.945312 0.957031
0 0.572266 0.962891 0.568359 0.968750 0.568359 0.972656 0.574219 0.978516 0.574219 0.980469 0.582031 0.990234 0.587891 0.986328 0.587891 0.980469 0.583984 0.974609 0.583984 0.968750 0.578125 0.962891
0 0.984375 0.966797 0.982422 0.968750 0.982422 0.970703 0.984375 0.972656 0.986328 0.970703 0.986328 0.968750
0 0.619141 0.974609 0.617188 0.976562 0.617188 0.982422 0.619141 0.984375 0.619141 0.986328 0.626953 0.986328 0.628906 0.984375 0.628906 0.978516 0.625000 0.974609
0 0.427734 0.976562 0.425781 0.978516 0.425781 0.986328 0.419922 0.992188 0.419922 0.998047 0.439453 0.998047 0.439453 0.994141 0.437500 0.992188 0.437500 0.990234 0.431641 0.984375 0.433594 0.982422 0.433594 0.980469 0.429688 0.976562
0 0.449219 0.978516 0.447266 0.978516 0.443359 0.982422 0.443359 0.984375 0.445312 0.986328 0.445312 0.988281 0.449219 0.988281 0.453125 0.984375 0.453125 0.982422
0 0.480469 0.980469 0.478516 0.978516 0.476562 0.980469 0.476562 0.982422 0.480469 0.982422
0 0.505859 0.976562 0.503906 0.978516 0.505859 0.980469 0.507812 0.978516
0 0.720703 0.976562 0.718750 0.976562 0.716797 0.978516 0.716797 0.980469 0.718750 0.982422 0.722656 0.978516
0 0.740234 0.980469 0.740234 0.986328 0.744141 0.986328 0.746094 0.984375 0.746094 0.982422 0.744141 0.980469
1 0.849609 0.998047 0.845703 0.994141 0.845703 0.992188 0.837891 0.984375 0.833984 0.984375 0.828125 0.990234 0.826172 0.990234 0.820312 0.996094 0.818359 0.996094 0.816406 0.994141 0.816406 0.992188 0.810547 0.988281 0.802734 0.988281 0.798828 0.992188 0.798828 0.998047
1 0.660156 0.994141 0.660156 0.998047 0.681641 0.998047 0.681641 0.996094 0.677734 0.992188 0.675781 0.992188 0.669922 0.988281 0.666016 0.988281
0 0.607422 0.994141 0.607422 0.998047 0.621094 0.998047 0.621094 0.994141 0.619141 0.992188 0.609375 0.992188
0 0.011719 0.039062 0.009766 0.039062 0.007812 0.041016 0.003906 0.041016 0.001953 0.039062 0.001953 0.033203 0.003906 0.031250 0.007812 0.031250 0.009766 0.033203 0.011719 0.033203
0 0.052734 0.064453 0.052734 0.068359 0.048828 0.068359 0.046875 0.066406 0.050781 0.062500
0 0.003906 0.078125 0.000000 0.078125 0.000000 0.056641 0.003906 0.056641 0.005859 0.058594 0.005859 0.060547 0.007812 0.060547 0.009766 0.062500 0.009766 0.072266 0.007812 0.074219 0.007812 0.076172 0.005859 0.076172
0 0.056641 0.070312 0.056641 0.074219 0.052734 0.074219 0.050781 0.072266 0.054688 0.068359
0 0.068359 0.087891 0.066406 0.087891 0.064453 0.089844 0.060547 0.089844 0.058594 0.087891 0.058594 0.082031 0.060547 0.080078 0.064453 0.080078 0.066406 0.082031 0.068359 0.082031
0 0.029297 0.099609 0.027344 0.099609 0.025391 0.101562 0.015625 0.101562 0.009766 0.095703 0.009766 0.085938 0.015625 0.080078 0.025391 0.080078 0.031250 0.085938 0.031250 0.095703 0.029297 0.097656
0 0.072266 0.099609 0.070312 0.099609 0.068359 0.101562 0.064453 0.101562 0.062500 0.099609 0.062500 0.093750 0.064453 0.091797 0.068359 0.091797 0.070312 0.093750 0.072266 0.093750
0 0.000000 0.115234 0.000000 0.105469 0.001953 0.107422 0.003906 0.107422 0.003906 0.113281 0.001953 0.113281
0 0.080078 0.121094 0.078125 0.121094 0.076172 0.123047 0.072266 0.123047 0.070312 0.121094 0.070312 0.115234 0.072266 0.113281 0.076172 0.113281 0.078125 0.115234 0.080078 0.115234
0 0.082031 0.128906 0.080078 0.128906 0.078125 0.130859 0.074219 0.130859 0.072266 0.128906 0.072266 0.123047 0.074219 0.121094 0.078125 0.121094 0.080078 0.123047 0.082031 0.123047
0 0.083984 0.144531 0.082031 0.144531 0.080078 0.146484 0.076172 0.146484 0.074219 0.144531 0.074219 0.138672 0.076172 0.136719 0.080078 0.136719 0.082031 0.138672 0.083984 0.138672
0 0.001953 0.167969 0.000000 0.167969 0.000000 0.154297 0.001953 0.154297 0.003906 0.156250 0.003906 0.158203 0.005859 0.160156 0.005859 0.162109 0.003906 0.164062 0.003906 0.166016
0 0.550781 0.171875 0.550781 0.175781 0.546875 0.175781 0.544922 0.173828 0.548828 0.169922
0 0.033203 0.175781 0.031250 0.177734 0.031250 0.179688 0.029297 0.181641 0.023438 0.181641 0.021484 0.179688 0.021484 0.177734 0.019531 0.175781 0.019531 0.173828 0.021484 0.171875 0.021484 0.169922 0.023438 0.167969 0.029297 0.167969 0.031250 0.169922 0.031250 0.171875 0.033203 0.173828
0 0.542969 0.173828 0.542969 0.177734 0.539062 0.177734 0.537109 0.175781 0.541016 0.171875
0 0.003906 0.191406 0.000000 0.191406 0.000000 0.169922 0.003906 0.169922 0.005859 0.171875 0.005859 0.173828 0.007812 0.173828 0.009766 0.175781 0.009766 0.185547 0.007812 0.187500 0.007812 0.189453 0.005859 0.189453
0 0.082031 0.183594 0.080078 0.183594 0.078125 0.185547 0.074219 0.185547 0.072266 0.183594 0.072266 0.177734 0.074219 0.175781 0.078125 0.175781 0.080078 0.177734 0.082031 0.177734
0 0.814453 0.183594 0.812500 0.183594 0.810547 0.185547 0.806641 0.185547 0.804688 0.183594 0.804688 0.177734 0.806641 0.175781 0.810547 0.175781 0.812500 0.177734 0.814453 0.177734
0 0.544922 0.181641 0.544922 0.185547 0.541016 0.185547 0.539062 0.183594 0.542969 0.179688
0 0.824219 0.191406 0.822266 0.191406 0.820312 0.193359 0.816406 0.193359 0.814453 0.191406 0.814453 0.185547 0.816406 0.183594 0.820312 0.183594 0.822266 0.185547 0.824219 0.185547
0 0.806641 0.189453 0.806641 0.193359 0.802734 0.193359 0.800781 0.191406 0.804688 0.187500
0 0.087891 0.203125 0.085938 0.203125 0.083984 0.205078 0.074219 0.205078 0.068359 0.199219 0.068359 0.189453 0.070312 0.187500 0.072266 0.187500 0.072266 0.185547 0.074219 0.183594 0.083984 0.183594 0.089844 0.189453 0.089844 0.199219 0.087891 0.201172
0 0.082031 0.220703 0.080078 0.220703 0.078125 0.222656 0.068359 0.222656 0.062500 0.216797 0.062500 0.207031 0.064453 0.205078 0.066406 0.205078 0.066406 0.203125 0.068359 0.201172 0.078125 0.201172 0.083984 0.207031 0.083984 0.216797 0.082031 0.218750
0 0.078125 0.232422 0.072266 0.238281 0.066406 0.238281 0.060547 0.232422 0.060547 0.226562 0.066406 0.220703 0.072266 0.220703 0.078125 0.226562
0 0.050781 0.300781 0.048828 0.300781 0.046875 0.302734 0.037109 0.302734 0.031250 0.296875 0.031250 0.287109 0.033203 0.285156 0.035156 0.285156 0.035156 0.283203 0.037109 0.281250 0.046875 0.281250 0.052734 0.287109 0.052734 0.296875 0.050781 0.298828
0 0.917969 0.312500 0.917969 0.316406 0.914062 0.316406 0.912109 0.314453 0.916016 0.310547
0 0.925781 0.314453 0.925781 0.318359 0.921875 0.318359 0.919922 0.316406 0.923828 0.312500
0 0.914062 0.324219 0.914062 0.328125 0.910156 0.328125 0.908203 0.326172 0.912109 0.322266
0 0.921875 0.326172 0.921875 0.330078 0.917969 0.330078 0.916016 0.328125 0.919922 0.324219
0 0.048828 0.353516 0.046875 0.353516 0.044922 0.355469 0.035156 0.355469 0.029297 0.349609 0.029297 0.339844 0.031250 0.337891 0.033203 0.337891 0.033203 0.335938 0.035156 0.333984 0.044922 0.333984 0.050781 0.339844 0.050781 0.349609 0.048828 0.351562
0 0.126953 0.353516 0.125000 0.353516 0.123047 0.355469 0.119141 0.355469 0.117188 0.353516 0.117188 0.347656 0.119141 0.345703 0.123047 0.345703 0.125000 0.347656 0.126953 0.347656
0 0.113281 0.353516 0.113281 0.357422 0.109375 0.357422 0.107422 0.355469 0.111328 0.351562
0 0.146484 0.353516 0.146484 0.357422 0.142578 0.357422 0.140625 0.355469 0.144531 0.351562
0 0.156250 0.357422 0.154297 0.357422 0.152344 0.359375 0.148438 0.359375 0.146484 0.357422 0.146484 0.351562 0.148438 0.349609 0.152344 0.349609 0.154297 0.351562 0.156250 0.351562
0 0.162109 0.359375 0.160156 0.359375 0.158203 0.361328 0.154297 0.361328 0.152344 0.359375 0.152344 0.353516 0.154297 0.351562 0.158203 0.351562 0.160156 0.353516 0.162109 0.353516
0 0.083984 0.363281 0.082031 0.363281 0.080078 0.365234 0.076172 0.365234 0.074219 0.363281 0.074219 0.357422 0.076172 0.355469 0.080078 0.355469 0.082031 0.357422 0.083984 0.357422
0 0.169922 0.361328 0.169922 0.365234 0.166016 0.365234 0.164062 0.363281 0.167969 0.359375
0 0.183594 0.371094 0.183594 0.375000 0.179688 0.375000 0.177734 0.373047 0.181641 0.369141
0 0.193359 0.382812 0.191406 0.382812 0.189453 0.384766 0.185547 0.384766 0.183594 0.382812 0.183594 0.376953 0.185547 0.375000 0.189453 0.375000 0.191406 0.376953 0.193359 0.376953
0 0.201172 0.398438 0.199219 0.398438 0.197266 0.400391 0.193359 0.400391 0.191406 0.398438 0.191406 0.392578 0.193359 0.390625 0.197266 0.390625 0.199219 0.392578 0.201172 0.392578
0 0.322266 0.410156 0.322266 0.414062 0.318359 0.414062 0.316406 0.412109 0.320312 0.408203
0 0.214844 0.421875 0.212891 0.423828 0.212891 0.425781 0.210938 0.427734 0.205078 0.427734 0.203125 0.425781 0.203125 0.423828 0.201172 0.421875 0.201172 0.419922 0.203125 0.417969 0.203125 0.416016 0.205078 0.414062 0.210938 0.414062 0.212891 0.416016 0.212891 0.417969 0.214844 0.419922
0 0.265625 0.423828 0.263672 0.423828 0.261719 0.425781 0.257812 0.425781 0.255859 0.423828 0.255859 0.417969 0.257812 0.416016 0.261719 0.416016 0.263672 0.417969 0.265625 0.417969
0 0.318359 0.419922 0.318359 0.423828 0.314453 0.423828 0.312500 0.421875 0.316406 0.417969
0 0.259766 0.425781 0.257812 0.425781 0.255859 0.427734 0.251953 0.427734 0.250000 0.425781 0.250000 0.419922 0.251953 0.417969 0.255859 0.417969 0.257812 0.419922 0.259766 0.419922
0 0.277344 0.427734 0.275391 0.427734 0.273438 0.429688 0.269531 0.429688 0.267578 0.427734 0.267578 0.421875 0.269531 0.419922 0.273438 0.419922 0.275391 0.421875 0.277344 0.421875
0 0.212891 0.431641 0.210938 0.431641 0.208984 0.433594 0.205078 0.433594 0.203125 0.431641 0.203125 0.425781 0.205078 0.423828 0.208984 0.423828 0.210938 0.425781 0.212891 0.425781
0 0.287109 0.427734 0.287109 0.431641 0.283203 0.431641 0.281250 0.429688 0.285156 0.425781
0 0.371094 0.427734 0.371094 0.431641 0.367188 0.431641 0.365234 0.429688 0.369141 0.425781
0 0.382812 0.427734 0.382812 0.431641 0.378906 0.431641 0.376953 0.429688 0.380859 0.425781
0 0.400391 0.427734 0.400391 0.431641 0.396484 0.431641 0.394531 0.429688 0.398438 0.425781
0 0.345703 0.429688 0.345703 0.433594 0.341797 0.433594 0.339844 0.431641 0.343750 0.427734
0 0.300781 0.431641 0.300781 0.435547 0.296875 0.435547 0.294922 0.433594 0.298828 0.429688
0 0.423828 0.431641 0.423828 0.435547 0.419922 0.435547 0.417969 0.433594 0.421875 0.429688
0 0.330078 0.437500 0.328125 0.437500 0.326172 0.439453 0.322266 0.439453 0.320312 0.437500 0.320312 0.431641 0.322266 0.429688 0.326172 0.429688 0.328125 0.431641 0.330078 0.431641
0 0.404297 0.433594 0.404297 0.437500 0.400391 0.437500 0.398438 0.435547 0.402344 0.431641
0 0.251953 0.439453 0.250000 0.439453 0.248047 0.441406 0.244141 0.441406 0.242188 0.439453 0.242188 0.433594 0.244141 0.431641 0.248047 0.431641 0.250000 0.433594 0.251953 0.433594
0 0.281250 0.439453 0.279297 0.439453 0.277344 0.441406 0.273438 0.441406 0.271484 0.439453 0.271484 0.433594 0.273438 0.431641 0.277344 0.431641 0.279297 0.433594 0.281250 0.433594
0 0.392578 0.439453 0.390625 0.439453 0.388672 0.441406 0.384766 0.441406 0.382812 0.439453 0.382812 0.433594 0.384766 0.431641 0.388672 0.431641 0.390625 0.433594 0.392578 0.433594
0 0.417969 0.437500 0.417969 0.441406 0.414062 0.441406 0.412109 0.439453 0.416016 0.435547
0 0.003906 0.451172 0.000000 0.451172 0.000000 0.429688 0.003906 0.429688 0.005859 0.431641 0.005859 0.433594 0.007812 0.433594 0.009766 0.435547 0.009766 0.445312 0.007812 0.447266 0.007812 0.449219 0.005859 0.449219
0 0.333984 0.439453 0.333984 0.443359 0.330078 0.443359 0.328125 0.441406 0.332031 0.437500
0 0.345703 0.439453 0.345703 0.443359 0.341797 0.443359 0.339844 0.441406 0.343750 0.437500
0 0.429688 0.441406 0.429688 0.445312 0.425781 0.445312 0.423828 0.443359 0.427734 0.439453
0 0.216797 0.447266 0.214844 0.447266 0.212891 0.449219 0.208984 0.449219 0.207031 0.447266 0.207031 0.441406 0.208984 0.439453 0.212891 0.439453 0.214844 0.441406 0.216797 0.441406
0 0.255859 0.447266 0.253906 0.447266 0.251953 0.449219 0.248047 0.449219 0.246094 0.447266 0.246094 0.441406 0.248047 0.439453 0.251953 0.439453 0.253906 0.441406 0.255859 0.441406
0 0.318359 0.447266 0.316406 0.447266 0.314453 0.449219 0.310547 0.449219 0.308594 0.447266 0.308594 0.441406 0.310547 0.439453 0.314453 0.439453 0.316406 0.441406 0.318359 0.441406
0 0.265625 0.451172 0.263672 0.451172 0.261719 0.453125 0.257812 0.453125 0.255859 0.451172 0.255859 0.445312 0.257812 0.443359 0.261719 0.443359 0.263672 0.445312 0.265625 0.445312
0 0.322266 0.453125 0.320312 0.453125 0.318359 0.455078 0.314453 0.455078 0.312500 0.453125 0.312500 0.447266 0.314453 0.445312 0.318359 0.445312 0.320312 0.447266 0.322266 0.447266
0 0.437500 0.451172 0.437500 0.455078 0.433594 0.455078 0.431641 0.453125 0.435547 0.449219
0 0.449219 0.451172 0.449219 0.455078 0.445312 0.455078 0.443359 0.453125 0.447266 0.449219
0 0.216797 0.458984 0.214844 0.458984 0.212891 0.460938 0.208984 0.460938 0.207031 0.458984 0.207031 0.453125 0.208984 0.451172 0.212891 0.451172 0.214844 0.453125 0.216797 0.453125
0 0.990234 0.457031 0.990234 0.460938 0.986328 0.460938 0.984375 0.458984 0.988281 0.455078
0 0.294922 0.460938 0.294922 0.464844 0.291016 0.464844 0.289062 0.462891 0.292969 0.458984
0 0.998047 0.470703 0.994141 0.470703 0.988281 0.464844 0.988281 0.458984 0.994141 0.453125 0.998047 0.453125
0 0.984375 0.468750 0.984375 0.472656 0.980469 0.472656 0.978516 0.470703 0.982422 0.466797
0 0.218750 0.472656 0.216797 0.474609 0.216797 0.476562 0.214844 0.478516 0.208984 0.478516 0.207031 0.476562 0.207031 0.474609 0.205078 0.472656 0.205078 0.470703 0.207031 0.468750 0.207031 0.466797 0.208984 0.464844 0.214844 0.464844 0.216797 0.466797 0.216797 0.468750 0.218750 0.470703
0 0.470703 0.472656 0.470703 0.476562 0.466797 0.476562 0.464844 0.474609 0.468750 0.470703
0 0.318359 0.480469 0.316406 0.480469 0.314453 0.482422 0.310547 0.482422 0.308594 0.480469 0.308594 0.474609 0.310547 0.472656 0.314453 0.472656 0.316406 0.474609 0.318359 0.474609
0 0.337891 0.480469 0.335938 0.480469 0.333984 0.482422 0.330078 0.482422 0.328125 0.480469 0.328125 0.474609 0.330078 0.472656 0.333984 0.472656 0.335938 0.474609 0.337891 0.474609
0 0.482422 0.476562 0.482422 0.480469 0.478516 0.480469 0.476562 0.478516 0.480469 0.474609
0 0.353516 0.484375 0.351562 0.484375 0.349609 0.486328 0.345703 0.486328 0.343750 0.484375 0.343750 0.478516 0.345703 0.476562 0.349609 0.476562 0.351562 0.478516 0.353516 0.478516
0 0.472656 0.480469 0.472656 0.484375 0.468750 0.484375 0.466797 0.482422 0.470703 0.478516
0 0.304688 0.486328 0.302734 0.486328 0.300781 0.488281 0.296875 0.488281 0.294922 0.486328 0.294922 0.480469 0.296875 0.478516 0.300781 0.478516 0.302734 0.480469 0.304688 0.480469
0 0.480469 0.486328 0.478516 0.486328 0.476562 0.488281 0.472656 0.488281 0.470703 0.486328 0.470703 0.480469 0.472656 0.478516 0.476562 0.478516 0.478516 0.480469 0.480469 0.480469
0 0.451172 0.486328 0.451172 0.490234 0.447266 0.490234 0.445312 0.488281 0.449219 0.484375
0 0.000000 0.494141 0.000000 0.484375 0.001953 0.486328 0.003906 0.486328 0.003906 0.492188 0.001953 0.492188
0 0.291016 0.492188 0.289062 0.492188 0.287109 0.494141 0.283203 0.494141 0.281250 0.492188 0.281250 0.486328 0.283203 0.484375 0.287109 0.484375 0.289062 0.486328 0.291016 0.486328
0 0.279297 0.494141 0.277344 0.494141 0.275391 0.496094 0.271484 0.496094 0.269531 0.494141 0.269531 0.488281 0.271484 0.486328 0.275391 0.486328 0.277344 0.488281 0.279297 0.488281
0 0.375000 0.496094 0.373047 0.498047 0.373047 0.500000 0.371094 0.501953 0.365234 0.501953 0.363281 0.500000 0.363281 0.498047 0.361328 0.496094 0.361328 0.494141 0.363281 0.492188 0.363281 0.490234 0.365234 0.488281 0.371094 0.488281 0.373047 0.490234 0.373047 0.492188 0.375000 0.494141
0 0.984375 0.494141 0.984375 0.498047 0.980469 0.498047 0.978516 0.496094 0.982422 0.492188
0 0.246094 0.500000 0.244141 0.501953 0.244141 0.503906 0.242188 0.505859 0.236328 0.505859 0.234375 0.503906 0.234375 0.501953 0.232422 0.500000 0.232422 0.498047 0.234375 0.496094 0.234375 0.494141 0.236328 0.492188 0.242188 0.492188 0.244141 0.494141 0.244141 0.496094 0.246094 0.498047
0 0.261719 0.501953 0.259766 0.501953 0.257812 0.503906 0.253906 0.503906 0.251953 0.501953 0.251953 0.496094 0.253906 0.494141 0.257812 0.494141 0.259766 0.496094 0.261719 0.496094
0 0.998047 0.496094 0.998047 0.501953 0.996094 0.501953 0.994141 0.500000
0 0.023438 0.503906 0.021484 0.503906 0.019531 0.505859 0.015625 0.505859 0.013672 0.503906 0.013672 0.498047 0.015625 0.496094 0.019531 0.496094 0.021484 0.498047 0.023438 0.498047
0 0.984375 0.500000 0.984375 0.503906 0.980469 0.503906 0.978516 0.501953 0.982422 0.498047
0 0.216797 0.507812 0.210938 0.513672 0.205078 0.513672 0.199219 0.507812 0.199219 0.501953 0.205078 0.496094 0.210938 0.496094 0.216797 0.501953
0 0.417969 0.503906 0.417969 0.507812 0.414062 0.507812 0.412109 0.505859 0.416016 0.501953
0 0.451172 0.505859 0.449219 0.507812 0.449219 0.509766 0.447266 0.511719 0.441406 0.511719 0.439453 0.509766 0.439453 0.507812 0.437500 0.505859 0.437500 0.503906 0.439453 0.501953 0.439453 0.500000 0.441406 0.498047 0.447266 0.498047 0.449219 0.500000 0.449219 0.501953 0.451172 0.503906
0 0.640625 0.507812 0.638672 0.507812 0.636719 0.509766 0.632812 0.509766 0.630859 0.507812 0.630859 0.501953 0.632812 0.500000 0.636719 0.500000 0.638672 0.501953 0.640625 0.501953
0 0.431641 0.509766 0.429688 0.509766 0.427734 0.511719 0.423828 0.511719 0.421875 0.509766 0.421875 0.503906 0.423828 0.501953 0.427734 0.501953 0.429688 0.503906 0.431641 0.503906
0 0.652344 0.511719 0.650391 0.511719 0.648438 0.513672 0.644531 0.513672 0.642578 0.511719 0.642578 0.505859 0.644531 0.503906 0.648438 0.503906 0.650391 0.505859 0.652344 0.505859
0 0.207031 0.513672 0.205078 0.513672 0.203125 0.515625 0.199219 0.515625 0.197266 0.513672 0.197266 0.507812 0.199219 0.505859 0.203125 0.505859 0.205078 0.507812 0.207031 0.507812
0 0.435547 0.509766 0.435547 0.513672 0.431641 0.513672 0.429688 0.511719 0.433594 0.507812
0 0.601562 0.513672 0.599609 0.513672 0.597656 0.515625 0.593750 0.515625 0.591797 0.513672 0.591797 0.507812 0.593750 0.505859 0.597656 0.505859 0.599609 0.507812 0.601562 0.507812
0 0.886719 0.509766 0.886719 0.513672 0.882812 0.513672 0.880859 0.511719 0.884766 0.507812
0 0.634766 0.517578 0.632812 0.517578 0.630859 0.519531 0.626953 0.519531 0.625000 0.517578 0.625000 0.511719 0.626953 0.509766 0.630859 0.509766 0.632812 0.511719 0.634766 0.511719
0 0.414062 0.519531 0.412109 0.519531 0.410156 0.521484 0.406250 0.521484 0.404297 0.519531 0.404297 0.513672 0.406250 0.511719 0.410156 0.511719 0.412109 0.513672 0.414062 0.513672
0 0.425781 0.519531 0.423828 0.519531 0.421875 0.521484 0.417969 0.521484 0.416016 0.519531 0.416016 0.513672 0.417969 0.511719 0.421875 0.511719 0.423828 0.513672 0.425781 0.513672
0 0.474609 0.515625 0.474609 0.519531 0.470703 0.519531 0.468750 0.517578 0.472656 0.513672
0 0.609375 0.519531 0.607422 0.519531 0.605469 0.521484 0.601562 0.521484 0.599609 0.519531 0.599609 0.513672 0.601562 0.511719 0.605469 0.511719 0.607422 0.513672 0.609375 0.513672
0 0.396484 0.517578 0.396484 0.521484 0.392578 0.521484 0.390625 0.519531 0.394531 0.515625
0 0.464844 0.517578 0.464844 0.521484 0.460938 0.521484 0.458984 0.519531 0.462891 0.515625
0 0.591797 0.521484 0.589844 0.521484 0.587891 0.523438 0.583984 0.523438 0.582031 0.521484 0.582031 0.515625 0.583984 0.513672 0.587891 0.513672 0.589844 0.515625 0.591797 0.515625
0 0.890625 0.517578 0.890625 0.521484 0.886719 0.521484 0.884766 0.519531 0.888672 0.515625
0 0.021484 0.529297 0.019531 0.529297 0.017578 0.531250 0.007812 0.531250 0.001953 0.525391 0.001953 0.515625 0.007812 0.509766 0.017578 0.509766 0.023438 0.515625 0.023438 0.525391 0.021484 0.527344
0 0.441406 0.519531 0.441406 0.523438 0.437500 0.523438 0.435547 0.521484 0.439453 0.517578
0 0.646484 0.525391 0.644531 0.525391 0.642578 0.527344 0.638672 0.527344 0.636719 0.525391 0.636719 0.519531 0.638672 0.517578 0.642578 0.517578 0.644531 0.519531 0.646484 0.519531
0 0.005859 0.535156 0.000000 0.535156 0.000000 0.513672 0.005859 0.513672 0.007812 0.515625 0.007812 0.517578 0.009766 0.517578 0.011719 0.519531 0.011719 0.529297 0.009766 0.531250 0.009766 0.533203 0.007812 0.533203
0 0.433594 0.531250 0.431641 0.531250 0.429688 0.533203 0.425781 0.533203 0.423828 0.531250 0.423828 0.525391 0.425781 0.523438 0.429688 0.523438 0.431641 0.525391 0.433594 0.525391
0 0.601562 0.533203 0.599609 0.533203 0.597656 0.535156 0.593750 0.535156 0.591797 0.533203 0.591797 0.527344 0.593750 0.525391 0.597656 0.525391 0.599609 0.527344 0.601562 0.527344
0 0.472656 0.533203 0.470703 0.535156 0.470703 0.537109 0.468750 0.539062 0.462891 0.539062 0.460938 0.537109 0.460938 0.535156 0.458984 0.533203 0.458984 0.531250 0.460938 0.529297 0.460938 0.527344 0.462891 0.525391 0.468750 0.525391 0.470703 0.527344 0.470703 0.529297 0.472656 0.531250
0 0.388672 0.544922 0.386719 0.544922 0.384766 0.546875 0.375000 0.546875 0.369141 0.541016 0.369141 0.531250 0.371094 0.529297 0.373047 0.529297 0.373047 0.527344 0.375000 0.525391 0.384766 0.525391 0.390625 0.531250 0.390625 0.541016 0.388672 0.542969
0 0.396484 0.539062 0.394531 0.539062 0.392578 0.541016 0.388672 0.541016 0.386719 0.539062 0.386719 0.533203 0.388672 0.531250 0.392578 0.531250 0.394531 0.533203 0.396484 0.533203
0 0.455078 0.546875 0.449219 0.552734 0.443359 0.552734 0.437500 0.546875 0.437500 0.541016 0.443359 0.535156 0.449219 0.535156 0.455078 0.541016
0 0.494141 0.566406 0.492188 0.568359 0.492188 0.570312 0.490234 0.572266 0.484375 0.572266 0.482422 0.570312 0.482422 0.568359 0.480469 0.566406 0.480469 0.564453 0.482422 0.562500 0.482422 0.560547 0.484375 0.558594 0.490234 0.558594 0.492188 0.560547 0.492188 0.562500 0.494141 0.564453
0 0.542969 0.564453 0.542969 0.568359 0.539062 0.568359 0.537109 0.566406 0.541016 0.562500
0 0.533203 0.566406 0.533203 0.570312 0.529297 0.570312 0.527344 0.568359 0.531250 0.564453
0 0.554688 0.572266 0.552734 0.574219 0.552734 0.576172 0.550781 0.578125 0.544922 0.578125 0.542969 0.576172 0.542969 0.574219 0.541016 0.572266 0.541016 0.570312 0.542969 0.568359 0.542969 0.566406 0.544922 0.564453 0.550781 0.564453 0.552734 0.566406 0.552734 0.568359 0.554688 0.570312
0 0.648438 0.576172 0.646484 0.576172 0.644531 0.578125 0.640625 0.578125 0.638672 0.576172 0.638672 0.570312 0.640625 0.568359 0.644531 0.568359 0.646484 0.570312 0.648438 0.570312
0 0.501953 0.578125 0.500000 0.578125 0.498047 0.580078 0.494141 0.580078 0.492188 0.578125 0.492188 0.572266 0.494141 0.570312 0.498047 0.570312 0.500000 0.572266 0.501953 0.572266
0 0.685547 0.574219 0.685547 0.578125 0.681641 0.578125 0.679688 0.576172 0.683594 0.572266
0 0.474609 0.580078 0.472656 0.582031 0.472656 0.583984 0.470703 0.585938 0.464844 0.585938 0.462891 0.583984 0.462891 0.582031 0.460938 0.580078 0.460938 0.578125 0.462891 0.576172 0.462891 0.574219 0.464844 0.572266 0.470703 0.572266 0.472656 0.574219 0.472656 0.576172 0.474609 0.578125
0 0.062500 0.582031 0.060547 0.583984 0.060547 0.585938 0.058594 0.587891 0.052734 0.587891 0.050781 0.585938 0.050781 0.583984 0.048828 0.582031 0.048828 0.580078 0.050781 0.578125 0.050781 0.576172 0.052734 0.574219 0.058594 0.574219 0.060547 0.576172 0.060547 0.578125 0.062500 0.580078
0 0.535156 0.583984 0.533203 0.583984 0.531250 0.585938 0.527344 0.585938 0.525391 0.583984 0.525391 0.578125 0.527344 0.576172 0.531250 0.576172 0.533203 0.578125 0.535156 0.578125
0 0.552734 0.580078 0.552734 0.583984 0.548828 0.583984 0.546875 0.582031 0.550781 0.578125
0 0.695312 0.580078 0.695312 0.583984 0.691406 0.583984 0.689453 0.582031 0.693359 0.578125
0 0.042969 0.583984 0.041016 0.585938 0.041016 0.587891 0.039062 0.589844 0.033203 0.589844 0.031250 0.587891 0.031250 0.585938 0.029297 0.583984 0.029297 0.582031 0.031250 0.580078 0.031250 0.578125 0.033203 0.576172 0.039062 0.576172 0.041016 0.578125 0.041016 0.580078 0.042969 0.582031
0 0.658203 0.582031 0.658203 0.585938 0.654297 0.585938 0.652344 0.583984 0.656250 0.580078
0 0.673828 0.585938 0.667969 0.591797 0.662109 0.591797 0.656250 0.585938 0.656250 0.580078 0.662109 0.574219 0.667969 0.574219 0.673828 0.580078
0 0.488281 0.587891 0.486328 0.587891 0.484375 0.589844 0.480469 0.589844 0.478516 0.587891 0.478516 0.582031 0.480469 0.580078 0.484375 0.580078 0.486328 0.582031 0.488281 0.582031
0 0.925781 0.583984 0.925781 0.587891 0.921875 0.587891 0.919922 0.585938 0.923828 0.582031
0 0.646484 0.585938 0.646484 0.589844 0.642578 0.589844 0.640625 0.587891 0.644531 0.583984
0 0.025391 0.591797 0.023438 0.593750 0.023438 0.595703 0.021484 0.597656 0.015625 0.597656 0.013672 0.595703 0.013672 0.593750 0.011719 0.591797 0.011719 0.589844 0.013672 0.587891 0.013672 0.585938 0.015625 0.583984 0.021484 0.583984 0.023438 0.585938 0.023438 0.587891 0.025391 0.589844
0 0.542969 0.593750 0.541016 0.593750 0.539062 0.595703 0.535156 0.595703 0.533203 0.593750 0.533203 0.587891 0.535156 0.585938 0.539062 0.585938 0.541016 0.587891 0.542969 0.587891
0 0.683594 0.589844 0.683594 0.593750 0.679688 0.593750 0.677734 0.591797 0.681641 0.587891
0 0.935547 0.593750 0.935547 0.597656 0.931641 0.597656 0.929688 0.595703 0.933594 0.591797
0 0.474609 0.601562 0.472656 0.601562 0.470703 0.603516 0.466797 0.603516 0.464844 0.601562 0.464844 0.595703 0.466797 0.593750 0.470703 0.593750 0.472656 0.595703 0.474609 0.595703
0 0.871094 0.601562 0.869141 0.601562 0.867188 0.603516 0.863281 0.603516 0.861328 0.601562 0.861328 0.595703 0.863281 0.593750 0.867188 0.593750 0.869141 0.595703 0.871094 0.595703
0 0.917969 0.597656 0.917969 0.601562 0.914062 0.601562 0.912109 0.599609 0.916016 0.595703
0 0.925781 0.601562 0.925781 0.605469 0.921875 0.605469 0.919922 0.603516 0.923828 0.599609
0 0.541016 0.603516 0.541016 0.607422 0.537109 0.607422 0.535156 0.605469 0.539062 0.601562
0 0.929688 0.623047 0.927734 0.623047 0.925781 0.625000 0.916016 0.625000 0.910156 0.619141 0.910156 0.609375 0.912109 0.607422 0.914062 0.607422 0.914062 0.605469 0.916016 0.603516 0.925781 0.603516 0.931641 0.609375 0.931641 0.619141 0.929688 0.621094
0 0.115234 0.619141 0.113281 0.619141 0.111328 0.621094 0.107422 0.621094 0.105469 0.619141 0.105469 0.613281 0.107422 0.611328 0.111328 0.611328 0.113281 0.613281 0.115234 0.613281
0 0.509766 0.617188 0.509766 0.621094 0.505859 0.621094 0.503906 0.619141 0.507812 0.615234
0 0.517578 0.619141 0.517578 0.623047 0.513672 0.623047 0.511719 0.621094 0.515625 0.617188
0 0.792969 0.623047 0.791016 0.623047 0.789062 0.625000 0.785156 0.625000 0.783203 0.623047 0.783203 0.617188 0.785156 0.615234 0.789062 0.615234 0.791016 0.617188 0.792969 0.617188
0 0.921875 0.623047 0.921875 0.626953 0.917969 0.626953 0.916016 0.625000 0.919922 0.621094
0 0.792969 0.625000 0.792969 0.628906 0.789062 0.628906 0.787109 0.626953 0.791016 0.623047
0 0.804688 0.625000 0.804688 0.628906 0.800781 0.628906 0.798828 0.626953 0.802734 0.623047
0 0.927734 0.625000 0.927734 0.628906 0.923828 0.628906 0.921875 0.626953 0.925781 0.623047
0 0.126953 0.630859 0.125000 0.630859 0.123047 0.632812 0.119141 0.632812 0.117188 0.630859 0.117188 0.625000 0.119141 0.623047 0.123047 0.623047 0.125000 0.625000 0.126953 0.625000
0 0.798828 0.630859 0.798828 0.634766 0.794922 0.634766 0.792969 0.632812 0.796875 0.628906
0 0.912109 0.630859 0.912109 0.634766 0.908203 0.634766 0.906250 0.632812 0.910156 0.628906
0 0.466797 0.638672 0.460938 0.644531 0.455078 0.644531 0.449219 0.638672 0.449219 0.632812 0.455078 0.626953 0.460938 0.626953 0.466797 0.632812
0 0.933594 0.634766 0.933594 0.638672 0.929688 0.638672 0.927734 0.636719 0.931641 0.632812
0 0.820312 0.638672 0.820312 0.642578 0.816406 0.642578 0.814453 0.640625 0.818359 0.636719
0 0.916016 0.640625 0.916016 0.644531 0.912109 0.644531 0.910156 0.642578 0.914062 0.638672
0 0.490234 0.644531 0.488281 0.646484 0.488281 0.648438 0.486328 0.650391 0.480469 0.650391 0.478516 0.648438 0.478516 0.646484 0.476562 0.644531 0.476562 0.642578 0.478516 0.640625 0.478516 0.638672 0.480469 0.636719 0.486328 0.636719 0.488281 0.638672 0.488281 0.640625 0.490234 0.642578
0 0.498047 0.644531 0.496094 0.646484 0.496094 0.648438 0.494141 0.650391 0.488281 0.650391 0.486328 0.648438 0.486328 0.646484 0.484375 0.644531 0.484375 0.642578 0.486328 0.640625 0.486328 0.638672 0.488281 0.636719 0.494141 0.636719 0.496094 0.638672 0.496094 0.640625 0.498047 0.642578
0 0.925781 0.644531 0.925781 0.648438 0.921875 0.648438 0.919922 0.646484 0.923828 0.642578
0 0.816406 0.648438 0.816406 0.652344 0.812500 0.652344 0.810547 0.650391 0.814453 0.646484
0 0.826172 0.648438 0.826172 0.652344 0.822266 0.652344 0.820312 0.650391 0.824219 0.646484
0 0.945312 0.656250 0.945312 0.660156 0.941406 0.660156 0.939453 0.658203 0.943359 0.654297
0 0.957031 0.658203 0.957031 0.662109 0.953125 0.662109 0.951172 0.660156 0.955078 0.656250
0 0.126953 0.666016 0.125000 0.666016 0.123047 0.667969 0.119141 0.667969 0.117188 0.666016 0.117188 0.660156 0.119141 0.658203 0.123047 0.658203 0.125000 0.660156 0.126953 0.660156
0 0.531250 0.669922 0.529297 0.669922 0.527344 0.671875 0.523438 0.671875 0.521484 0.669922 0.521484 0.664062 0.523438 0.662109 0.527344 0.662109 0.529297 0.664062 0.531250 0.664062
0 0.470703 0.677734 0.468750 0.677734 0.466797 0.679688 0.457031 0.679688 0.451172 0.673828 0.451172 0.664062 0.453125 0.662109 0.455078 0.662109 0.455078 0.660156 0.457031 0.658203 0.466797 0.658203 0.472656 0.664062 0.472656 0.673828 0.470703 0.675781
0 0.548828 0.677734 0.546875 0.677734 0.544922 0.679688 0.535156 0.679688 0.529297 0.673828 0.529297 0.664062 0.531250 0.662109 0.533203 0.662109 0.533203 0.660156 0.535156 0.658203 0.544922 0.658203 0.550781 0.664062 0.550781 0.673828 0.548828 0.675781
0 0.574219 0.671875 0.572266 0.671875 0.570312 0.673828 0.566406 0.673828 0.564453 0.671875 0.564453 0.666016 0.566406 0.664062 0.570312 0.664062 0.572266 0.666016 0.574219 0.666016
0 0.664062 0.671875 0.662109 0.671875 0.660156 0.673828 0.656250 0.673828 0.654297 0.671875 0.654297 0.666016 0.656250 0.664062 0.660156 0.664062 0.662109 0.666016 0.664062 0.666016
0 0.542969 0.681641 0.541016 0.681641 0.539062 0.683594 0.529297 0.683594 0.523438 0.677734 0.523438 0.667969 0.525391 0.666016 0.527344 0.666016 0.527344 0.664062 0.529297 0.662109 0.539062 0.662109 0.544922 0.667969 0.544922 0.677734 0.542969 0.679688
0 0.513672 0.675781 0.511719 0.677734 0.511719 0.679688 0.509766 0.681641 0.503906 0.681641 0.501953 0.679688 0.501953 0.677734 0.500000 0.675781 0.500000 0.673828 0.501953 0.671875 0.501953 0.669922 0.503906 0.667969 0.509766 0.667969 0.511719 0.669922 0.511719 0.671875 0.513672 0.673828
0 0.658203 0.673828 0.658203 0.677734 0.654297 0.677734 0.652344 0.675781 0.656250 0.671875
0 0.123047 0.679688 0.121094 0.679688 0.119141 0.681641 0.115234 0.681641 0.113281 0.679688 0.113281 0.673828 0.115234 0.671875 0.119141 0.671875 0.121094 0.673828 0.123047 0.673828
0 0.488281 0.679688 0.486328 0.679688 0.484375 0.681641 0.480469 0.681641 0.478516 0.679688 0.478516 0.673828 0.480469 0.671875 0.484375 0.671875 0.486328 0.673828 0.488281 0.673828
0 0.669922 0.681641 0.669922 0.685547 0.666016 0.685547 0.664062 0.683594 0.667969 0.679688
0 0.697266 0.683594 0.697266 0.687500 0.693359 0.687500 0.691406 0.685547 0.695312 0.681641
0 0.546875 0.689453 0.544922 0.689453 0.542969 0.691406 0.539062 0.691406 0.537109 0.689453 0.537109 0.683594 0.539062 0.681641 0.542969 0.681641 0.544922 0.683594 0.546875 0.683594
0 0.685547 0.695312 0.683594 0.695312 0.681641 0.697266 0.671875 0.697266 0.666016 0.691406 0.666016 0.681641 0.667969 0.679688 0.669922 0.679688 0.669922 0.677734 0.671875 0.675781 0.681641 0.675781 0.687500 0.681641 0.687500 0.691406 0.685547 0.693359
0 0.806641 0.685547 0.806641 0.689453 0.802734 0.689453 0.800781 0.687500 0.804688 0.683594
0 0.666016 0.691406 0.664062 0.691406 0.662109 0.693359 0.658203 0.693359 0.656250 0.691406 0.656250 0.685547 0.658203 0.683594 0.662109 0.683594 0.664062 0.685547 0.666016 0.685547
0 0.587891 0.691406 0.585938 0.693359 0.585938 0.695312 0.583984 0.697266 0.578125 0.697266 0.576172 0.695312 0.576172 0.693359 0.574219 0.691406 0.574219 0.689453 0.576172 0.687500 0.576172 0.685547 0.578125 0.683594 0.583984 0.683594 0.585938 0.685547 0.585938 0.687500 0.587891 0.689453
0 0.123047 0.695312 0.121094 0.695312 0.119141 0.697266 0.115234 0.697266 0.113281 0.695312 0.113281 0.689453 0.115234 0.687500 0.119141 0.687500 0.121094 0.689453 0.123047 0.689453
0 0.603516 0.691406 0.603516 0.695312 0.599609 0.695312 0.597656 0.693359 0.601562 0.689453
0 0.816406 0.697266 0.814453 0.697266 0.812500 0.699219 0.808594 0.699219 0.806641 0.697266 0.806641 0.691406 0.808594 0.689453 0.812500 0.689453 0.814453 0.691406 0.816406 0.691406
0 0.710938 0.697266 0.708984 0.699219 0.708984 0.701172 0.707031 0.703125 0.701172 0.703125 0.699219 0.701172 0.699219 0.699219 0.697266 0.697266 0.697266 0.695312 0.699219 0.693359 0.699219 0.691406 0.701172 0.689453 0.707031 0.689453 0.708984 0.691406 0.708984 0.693359 0.710938 0.695312
0 0.576172 0.701172 0.574219 0.701172 0.572266 0.703125 0.568359 0.703125 0.566406 0.701172 0.566406 0.695312 0.568359 0.693359 0.572266 0.693359 0.574219 0.695312 0.576172 0.695312
0 0.695312 0.699219 0.695312 0.703125 0.691406 0.703125 0.689453 0.701172 0.693359 0.697266
0 0.724609 0.699219 0.724609 0.703125 0.720703 0.703125 0.718750 0.701172 0.722656 0.697266
0 0.460938 0.703125 0.458984 0.705078 0.458984 0.707031 0.457031 0.708984 0.451172 0.708984 0.449219 0.707031 0.449219 0.705078 0.447266 0.703125 0.447266 0.701172 0.449219 0.699219 0.449219 0.697266 0.451172 0.695312 0.457031 0.695312 0.458984 0.697266 0.458984 0.699219 0.460938 0.701172
0 0.478516 0.703125 0.476562 0.705078 0.476562 0.707031 0.474609 0.708984 0.468750 0.708984 0.466797 0.707031 0.466797 0.705078 0.464844 0.703125 0.464844 0.701172 0.466797 0.699219 0.466797 0.697266 0.468750 0.695312 0.474609 0.695312 0.476562 0.697266 0.476562 0.699219 0.478516 0.701172
0 0.558594 0.705078 0.552734 0.710938 0.546875 0.710938 0.541016 0.705078 0.541016 0.699219 0.546875 0.693359 0.552734 0.693359 0.558594 0.699219
0 0.804688 0.701172 0.804688 0.705078 0.800781 0.705078 0.798828 0.703125 0.802734 0.699219
0 0.531250 0.705078 0.529297 0.707031 0.529297 0.708984 0.527344 0.710938 0.521484 0.710938 0.519531 0.708984 0.519531 0.707031 0.517578 0.705078 0.517578 0.703125 0.519531 0.701172 0.519531 0.699219 0.521484 0.697266 0.527344 0.697266 0.529297 0.699219 0.529297 0.701172 0.531250 0.703125
0 0.126953 0.708984 0.125000 0.708984 0.123047 0.710938 0.119141 0.710938 0.117188 0.708984 0.117188 0.703125 0.119141 0.701172 0.123047 0.701172 0.125000 0.703125 0.126953 0.703125
0 0.162109 0.708984 0.160156 0.710938 0.160156 0.712891 0.158203 0.714844 0.152344 0.714844 0.150391 0.712891 0.150391 0.710938 0.148438 0.708984 0.148438 0.707031 0.150391 0.705078 0.150391 0.703125 0.152344 0.701172 0.158203 0.701172 0.160156 0.703125 0.160156 0.705078 0.162109 0.707031
0 0.722656 0.708984 0.722656 0.712891 0.718750 0.712891 0.716797 0.710938 0.720703 0.707031
0 0.935547 0.708984 0.935547 0.712891 0.931641 0.712891 0.929688 0.710938 0.933594 0.707031
0 0.714844 0.714844 0.712891 0.714844 0.710938 0.716797 0.707031 0.716797 0.705078 0.714844 0.705078 0.708984 0.707031 0.707031 0.710938 0.707031 0.712891 0.708984 0.714844 0.708984
0 0.488281 0.714844 0.486328 0.716797 0.486328 0.718750 0.484375 0.720703 0.478516 0.720703 0.476562 0.718750 0.476562 0.716797 0.474609 0.714844 0.474609 0.712891 0.476562 0.710938 0.476562 0.708984 0.478516 0.707031 0.484375 0.707031 0.486328 0.708984 0.486328 0.710938 0.488281 0.712891
0 0.195312 0.726562 0.193359 0.726562 0.191406 0.728516 0.187500 0.728516 0.185547 0.726562 0.185547 0.720703 0.187500 0.718750 0.191406 0.718750 0.193359 0.720703 0.195312 0.720703
0 0.701172 0.722656 0.701172 0.726562 0.697266 0.726562 0.695312 0.724609 0.699219 0.720703
0 0.515625 0.730469 0.513672 0.730469 0.511719 0.732422 0.507812 0.732422 0.505859 0.730469 0.505859 0.724609 0.507812 0.722656 0.511719 0.722656 0.513672 0.724609 0.515625 0.724609
0 0.548828 0.728516 0.546875 0.730469 0.546875 0.732422 0.544922 0.734375 0.539062 0.734375 0.537109 0.732422 0.537109 0.730469 0.535156 0.728516 0.535156 0.726562 0.537109 0.724609 0.537109 0.722656 0.539062 0.720703 0.544922 0.720703 0.546875 0.722656 0.546875 0.724609 0.548828 0.726562
0 0.710938 0.726562 0.710938 0.730469 0.707031 0.730469 0.705078 0.728516 0.708984 0.724609
0 0.763672 0.726562 0.763672 0.730469 0.759766 0.730469 0.757812 0.728516 0.761719 0.724609
0 0.208984 0.734375 0.207031 0.734375 0.205078 0.736328 0.201172 0.736328 0.199219 0.734375 0.199219 0.728516 0.201172 0.726562 0.205078 0.726562 0.207031 0.728516 0.208984 0.728516
0 0.451172 0.746094 0.449219 0.746094 0.447266 0.748047 0.437500 0.748047 0.431641 0.742188 0.431641 0.732422 0.433594 0.730469 0.435547 0.730469 0.435547 0.728516 0.437500 0.726562 0.447266 0.726562 0.453125 0.732422 0.453125 0.742188 0.451172 0.744141
0 0.496094 0.748047 0.494141 0.748047 0.492188 0.750000 0.482422 0.750000 0.476562 0.744141 0.476562 0.734375 0.478516 0.732422 0.480469 0.732422 0.480469 0.730469 0.482422 0.728516 0.492188 0.728516 0.498047 0.734375 0.498047 0.744141 0.496094 0.746094
0 0.583984 0.738281 0.583984 0.742188 0.580078 0.742188 0.578125 0.740234 0.582031 0.736328
0 0.619141 0.738281 0.619141 0.742188 0.615234 0.742188 0.613281 0.740234 0.617188 0.736328
0 0.755859 0.742188 0.753906 0.742188 0.751953 0.744141 0.748047 0.744141 0.746094 0.742188 0.746094 0.736328 0.748047 0.734375 0.751953 0.734375 0.753906 0.736328 0.755859 0.736328
0 0.779297 0.738281 0.779297 0.742188 0.775391 0.742188 0.773438 0.740234 0.777344 0.736328
0 0.572266 0.744141 0.570312 0.744141 0.568359 0.746094 0.564453 0.746094 0.562500 0.744141 0.562500 0.738281 0.564453 0.736328 0.568359 0.736328 0.570312 0.738281 0.572266 0.738281
0 0.671875 0.744141 0.669922 0.744141 0.667969 0.746094 0.664062 0.746094 0.662109 0.744141 0.662109 0.738281 0.664062 0.736328 0.667969 0.736328 0.669922 0.738281 0.671875 0.738281
0 0.734375 0.744141 0.732422 0.744141 0.730469 0.746094 0.726562 0.746094 0.724609 0.744141 0.724609 0.738281 0.726562 0.736328 0.730469 0.736328 0.732422 0.738281 0.734375 0.738281
0 0.771484 0.744141 0.769531 0.744141 0.767578 0.746094 0.763672 0.746094 0.761719 0.744141 0.761719 0.738281 0.763672 0.736328 0.767578 0.736328 0.769531 0.738281 0.771484 0.738281
0 0.800781 0.750000 0.798828 0.750000 0.796875 0.751953 0.787109 0.751953 0.781250 0.746094 0.781250 0.736328 0.783203 0.734375 0.785156 0.734375 0.785156 0.732422 0.787109 0.730469 0.796875 0.730469 0.802734 0.736328 0.802734 0.746094 0.800781 0.748047
0 0.468750 0.746094 0.466797 0.748047 0.466797 0.750000 0.464844 0.751953 0.458984 0.751953 0.457031 0.750000 0.457031 0.748047 0.455078 0.746094 0.455078 0.744141 0.457031 0.742188 0.457031 0.740234 0.458984 0.738281 0.464844 0.738281 0.466797 0.740234 0.466797 0.742188 0.468750 0.744141
0 0.599609 0.746094 0.597656 0.748047 0.597656 0.750000 0.595703 0.751953 0.589844 0.751953 0.587891 0.750000 0.587891 0.748047 0.585938 0.746094 0.585938 0.744141 0.587891 0.742188 0.587891 0.740234 0.589844 0.738281 0.595703 0.738281 0.597656 0.740234 0.597656 0.742188 0.599609 0.744141
0 0.626953 0.744141 0.626953 0.748047 0.623047 0.748047 0.621094 0.746094 0.625000 0.742188
0 0.755859 0.748047 0.753906 0.748047 0.751953 0.750000 0.748047 0.750000 0.746094 0.748047 0.746094 0.742188 0.748047 0.740234 0.751953 0.740234 0.753906 0.742188 0.755859 0.742188
0 0.785156 0.744141 0.785156 0.748047 0.781250 0.748047 0.779297 0.746094 0.783203 0.742188
0 0.818359 0.744141 0.818359 0.748047 0.814453 0.748047 0.812500 0.746094 0.816406 0.742188
0 0.205078 0.751953 0.203125 0.751953 0.201172 0.753906 0.197266 0.753906 0.195312 0.751953 0.195312 0.746094 0.197266 0.744141 0.201172 0.744141 0.203125 0.746094 0.205078 0.746094
0 0.431641 0.751953 0.429688 0.751953 0.427734 0.753906 0.423828 0.753906 0.421875 0.751953 0.421875 0.746094 0.423828 0.744141 0.427734 0.744141 0.429688 0.746094 0.431641 0.746094
0 0.443359 0.757812 0.441406 0.757812 0.439453 0.759766 0.429688 0.759766 0.423828 0.753906 0.423828 0.744141 0.425781 0.742188 0.427734 0.742188 0.427734 0.740234 0.429688 0.738281 0.439453 0.738281 0.445312 0.744141 0.445312 0.753906 0.443359 0.755859
0 0.804688 0.748047 0.804688 0.751953 0.800781 0.751953 0.798828 0.750000 0.802734 0.746094
0 0.775391 0.750000 0.775391 0.753906 0.771484 0.753906 0.769531 0.751953 0.773438 0.748047
0 0.781250 0.750000 0.781250 0.753906 0.777344 0.753906 0.775391 0.751953 0.779297 0.748047
0 0.673828 0.751953 0.673828 0.755859 0.669922 0.755859 0.667969 0.753906 0.671875 0.750000
0 0.666016 0.753906 0.666016 0.757812 0.662109 0.757812 0.660156 0.755859 0.664062 0.751953
0 0.742188 0.753906 0.742188 0.757812 0.738281 0.757812 0.736328 0.755859 0.740234 0.751953
0 0.810547 0.753906 0.810547 0.757812 0.806641 0.757812 0.804688 0.755859 0.808594 0.751953
0 0.970703 0.753906 0.970703 0.757812 0.966797 0.757812 0.964844 0.755859 0.968750 0.751953
0 0.591797 0.759766 0.585938 0.765625 0.580078 0.765625 0.574219 0.759766 0.574219 0.753906 0.580078 0.748047 0.585938 0.748047 0.591797 0.753906
0 0.619141 0.757812 0.617188 0.759766 0.617188 0.761719 0.615234 0.763672 0.609375 0.763672 0.607422 0.761719 0.607422 0.759766 0.605469 0.757812 0.605469 0.755859 0.607422 0.753906 0.607422 0.751953 0.609375 0.750000 0.615234 0.750000 0.617188 0.751953 0.617188 0.753906 0.619141 0.755859
0 0.958984 0.755859 0.958984 0.759766 0.955078 0.759766 0.953125 0.757812 0.957031 0.753906
0 0.505859 0.761719 0.503906 0.761719 0.501953 0.763672 0.498047 0.763672 0.496094 0.761719 0.496094 0.755859 0.498047 0.753906 0.501953 0.753906 0.503906 0.755859 0.505859 0.755859
0 0.539062 0.769531 0.537109 0.769531 0.535156 0.771484 0.525391 0.771484 0.519531 0.765625 0.519531 0.755859 0.521484 0.753906 0.523438 0.753906 0.523438 0.751953 0.525391 0.750000 0.535156 0.750000 0.541016 0.755859 0.541016 0.765625 0.539062 0.767578
0 0.646484 0.759766 0.646484 0.763672 0.642578 0.763672 0.640625 0.761719 0.644531 0.757812
0 0.714844 0.759766 0.714844 0.763672 0.710938 0.763672 0.708984 0.761719 0.712891 0.757812
0 0.632812 0.763672 0.630859 0.765625 0.630859 0.767578 0.628906 0.769531 0.623047 0.769531 0.621094 0.767578 0.621094 0.765625 0.619141 0.763672 0.619141 0.761719 0.621094 0.759766 0.621094 0.757812 0.623047 0.755859 0.628906 0.755859 0.630859 0.757812 0.630859 0.759766 0.632812 0.761719
0 0.562500 0.765625 0.560547 0.767578 0.560547 0.769531 0.558594 0.771484 0.552734 0.771484 0.550781 0.769531 0.550781 0.767578 0.548828 0.765625 0.548828 0.763672 0.550781 0.761719 0.550781 0.759766 0.552734 0.757812 0.558594 0.757812 0.560547 0.759766 0.560547 0.761719 0.562500 0.763672
0 0.640625 0.767578 0.640625 0.771484 0.636719 0.771484 0.634766 0.769531 0.638672 0.765625
0 0.589844 0.773438 0.587891 0.773438 0.585938 0.775391 0.582031 0.775391 0.580078 0.773438 0.580078 0.767578 0.582031 0.765625 0.585938 0.765625 0.587891 0.767578 0.589844 0.767578
0 0.509766 0.777344 0.507812 0.777344 0.505859 0.779297 0.501953 0.779297 0.500000 0.777344 0.500000 0.771484 0.501953 0.769531 0.505859 0.769531 0.507812 0.771484 0.509766 0.771484
0 0.537109 0.775391 0.535156 0.777344 0.535156 0.779297 0.533203 0.781250 0.527344 0.781250 0.525391 0.779297 0.525391 0.777344 0.523438 0.775391 0.523438 0.773438 0.525391 0.771484 0.525391 0.769531 0.527344 0.767578 0.533203 0.767578 0.535156 0.769531 0.535156 0.771484 0.537109 0.773438
0 0.193359 0.779297 0.187500 0.785156 0.181641 0.785156 0.175781 0.779297 0.175781 0.773438 0.181641 0.767578 0.187500 0.767578 0.193359 0.773438
0 0.574219 0.779297 0.572266 0.779297 0.570312 0.781250 0.566406 0.781250 0.564453 0.779297 0.564453 0.773438 0.566406 0.771484 0.570312 0.771484 0.572266 0.773438 0.574219 0.773438
0 0.751953 0.775391 0.751953 0.779297 0.748047 0.779297 0.746094 0.777344 0.750000 0.773438
0 0.978516 0.775391 0.978516 0.779297 0.974609 0.779297 0.972656 0.777344 0.976562 0.773438
0 0.986328 0.781250 0.984375 0.781250 0.982422 0.783203 0.978516 0.783203 0.976562 0.781250 0.976562 0.775391 0.978516 0.773438 0.982422 0.773438 0.984375 0.775391 0.986328 0.775391
0 0.595703 0.781250 0.593750 0.783203 0.593750 0.785156 0.591797 0.787109 0.585938 0.787109 0.583984 0.785156 0.583984 0.783203 0.582031 0.781250 0.582031 0.779297 0.583984 0.777344 0.583984 0.775391 0.585938 0.773438 0.591797 0.773438 0.593750 0.775391 0.593750 0.777344 0.595703 0.779297
0 0.574219 0.783203 0.572266 0.785156 0.572266 0.787109 0.570312 0.789062 0.564453 0.789062 0.562500 0.787109 0.562500 0.785156 0.560547 0.783203 0.560547 0.781250 0.562500 0.779297 0.562500 0.777344 0.564453 0.775391 0.570312 0.775391 0.572266 0.777344 0.572266 0.779297 0.574219 0.781250
0 0.611328 0.791016 0.609375 0.791016 0.607422 0.792969 0.597656 0.792969 0.591797 0.787109 0.591797 0.777344 0.593750 0.775391 0.595703 0.775391 0.595703 0.773438 0.597656 0.771484 0.607422 0.771484 0.613281 0.777344 0.613281 0.787109 0.611328 0.789062
0 0.388672 0.787109 0.382812 0.792969 0.376953 0.792969 0.371094 0.787109 0.371094 0.781250 0.376953 0.775391 0.382812 0.775391 0.388672 0.781250
0 0.960938 0.787109 0.958984 0.787109 0.957031 0.789062 0.953125 0.789062 0.951172 0.787109 0.951172 0.781250 0.953125 0.779297 0.957031 0.779297 0.958984 0.781250 0.960938 0.781250
0 0.312500 0.789062 0.310547 0.791016 0.310547 0.792969 0.308594 0.794922 0.302734 0.794922 0.300781 0.792969 0.300781 0.791016 0.298828 0.789062 0.298828 0.787109 0.300781 0.785156 0.300781 0.783203 0.302734 0.781250 0.308594 0.781250 0.310547 0.783203 0.310547 0.785156 0.312500 0.787109
0 0.345703 0.791016 0.343750 0.791016 0.341797 0.792969 0.337891 0.792969 0.335938 0.791016 0.335938 0.785156 0.337891 0.783203 0.341797 0.783203 0.343750 0.785156 0.345703 0.785156
0 0.365234 0.789062 0.363281 0.791016 0.363281 0.792969 0.361328 0.794922 0.355469 0.794922 0.353516 0.792969 0.353516 0.791016 0.351562 0.789062 0.351562 0.787109 0.353516 0.785156 0.353516 0.783203 0.355469 0.781250 0.361328 0.781250 0.363281 0.783203 0.363281 0.785156 0.365234 0.787109
0 0.585938 0.791016 0.583984 0.791016 0.582031 0.792969 0.578125 0.792969 0.576172 0.791016 0.576172 0.785156 0.578125 0.783203 0.582031 0.783203 0.583984 0.785156 0.585938 0.785156
0 0.187500 0.792969 0.181641 0.798828 0.175781 0.798828 0.169922 0.792969 0.169922 0.787109 0.175781 0.781250 0.181641 0.781250 0.187500 0.787109
0 0.330078 0.792969 0.328125 0.792969 0.326172 0.794922 0.322266 0.794922 0.320312 0.792969 0.320312 0.787109 0.322266 0.785156 0.326172 0.785156 0.328125 0.787109 0.330078 0.787109
0 0.525391 0.792969 0.523438 0.792969 0.521484 0.794922 0.517578 0.794922 0.515625 0.792969 0.515625 0.787109 0.517578 0.785156 0.521484 0.785156 0.523438 0.787109 0.525391 0.787109
0 0.267578 0.800781 0.265625 0.800781 0.263672 0.802734 0.253906 0.802734 0.248047 0.796875 0.248047 0.787109 0.250000 0.785156 0.251953 0.785156 0.251953 0.783203 0.253906 0.781250 0.263672 0.781250 0.269531 0.787109 0.269531 0.796875 0.267578 0.798828
0 0.599609 0.791016 0.599609 0.794922 0.595703 0.794922 0.593750 0.792969 0.597656 0.789062
0 0.998047 0.802734 0.992188 0.802734 0.986328 0.796875 0.986328 0.787109 0.988281 0.785156 0.990234 0.785156 0.990234 0.783203 0.992188 0.781250 0.998047 0.781250
0 0.457031 0.794922 0.455078 0.796875 0.455078 0.798828 0.453125 0.800781 0.447266 0.800781 0.445312 0.798828 0.445312 0.796875 0.443359 0.794922 0.443359 0.792969 0.445312 0.791016 0.445312 0.789062 0.447266 0.787109 0.453125 0.787109 0.455078 0.789062 0.455078 0.791016 0.457031 0.792969
0 0.681641 0.796875 0.679688 0.796875 0.677734 0.798828 0.673828 0.798828 0.671875 0.796875 0.671875 0.791016 0.673828 0.789062 0.677734 0.789062 0.679688 0.791016 0.681641 0.791016
0 0.607422 0.796875 0.607422 0.800781 0.603516 0.800781 0.601562 0.798828 0.605469 0.794922
0 0.699219 0.800781 0.697266 0.800781 0.695312 0.802734 0.691406 0.802734 0.689453 0.800781 0.689453 0.794922 0.691406 0.792969 0.695312 0.792969 0.697266 0.794922 0.699219 0.794922
0 0.732422 0.796875 0.732422 0.800781 0.728516 0.800781 0.726562 0.798828 0.730469 0.794922
0 0.744141 0.796875 0.744141 0.800781 0.740234 0.800781 0.738281 0.798828 0.742188 0.794922
0 0.851562 0.800781 0.849609 0.800781 0.847656 0.802734 0.843750 0.802734 0.841797 0.800781 0.841797 0.794922 0.843750 0.792969 0.847656 0.792969 0.849609 0.794922 0.851562 0.794922
0 0.505859 0.802734 0.503906 0.802734 0.501953 0.804688 0.498047 0.804688 0.496094 0.802734 0.496094 0.796875 0.498047 0.794922 0.501953 0.794922 0.503906 0.796875 0.505859 0.796875
0 0.476562 0.804688 0.474609 0.804688 0.472656 0.806641 0.468750 0.806641 0.466797 0.804688 0.466797 0.798828 0.468750 0.796875 0.472656 0.796875 0.474609 0.798828 0.476562 0.798828
0 0.500000 0.804688 0.498047 0.804688 0.496094 0.806641 0.492188 0.806641 0.490234 0.804688 0.490234 0.798828 0.492188 0.796875 0.496094 0.796875 0.498047 0.798828 0.500000 0.798828
0 0.537109 0.804688 0.535156 0.804688 0.533203 0.806641 0.529297 0.806641 0.527344 0.804688 0.527344 0.798828 0.529297 0.796875 0.533203 0.796875 0.535156 0.798828 0.537109 0.798828
0 0.664062 0.804688 0.662109 0.804688 0.660156 0.806641 0.656250 0.806641 0.654297 0.804688 0.654297 0.798828 0.656250 0.796875 0.660156 0.796875 0.662109 0.798828 0.664062 0.798828
0 0.687500 0.800781 0.687500 0.804688 0.683594 0.804688 0.681641 0.802734 0.685547 0.798828
0 0.361328 0.802734 0.361328 0.806641 0.357422 0.806641 0.355469 0.804688 0.359375 0.800781
0 0.736328 0.802734 0.736328 0.806641 0.732422 0.806641 0.730469 0.804688 0.734375 0.800781
0 0.841797 0.806641 0.839844 0.806641 0.837891 0.808594 0.833984 0.808594 0.832031 0.806641 0.832031 0.800781 0.833984 0.798828 0.837891 0.798828 0.839844 0.800781 0.841797 0.800781
0 0.835938 0.814453 0.833984 0.814453 0.832031 0.816406 0.822266 0.816406 0.816406 0.810547 0.816406 0.800781 0.818359 0.798828 0.820312 0.798828 0.820312 0.796875 0.822266 0.794922 0.832031 0.794922 0.837891 0.800781 0.837891 0.810547 0.835938 0.812500
0 0.966797 0.806641 0.964844 0.808594 0.964844 0.810547 0.962891 0.812500 0.957031 0.812500 0.955078 0.810547 0.955078 0.808594 0.953125 0.806641 0.953125 0.804688 0.955078 0.802734 0.955078 0.800781 0.957031 0.798828 0.962891 0.798828 0.964844 0.800781 0.964844 0.802734 0.966797 0.804688
0 0.978516 0.808594 0.976562 0.808594 0.974609 0.810547 0.970703 0.810547 0.968750 0.808594 0.968750 0.802734 0.970703 0.800781 0.974609 0.800781 0.976562 0.802734 0.978516 0.802734
0 0.490234 0.816406 0.488281 0.816406 0.486328 0.818359 0.476562 0.818359 0.470703 0.812500 0.470703 0.802734 0.472656 0.800781 0.474609 0.800781 0.474609 0.798828 0.476562 0.796875 0.486328 0.796875 0.492188 0.802734 0.492188 0.812500 0.490234 0.814453
0 0.613281 0.808594 0.611328 0.810547 0.611328 0.812500 0.609375 0.814453 0.603516 0.814453 0.601562 0.812500 0.601562 0.810547 0.599609 0.808594 0.599609 0.806641 0.601562 0.804688 0.601562 0.802734 0.603516 0.800781 0.609375 0.800781 0.611328 0.802734 0.611328 0.804688 0.613281 0.806641
0 0.861328 0.810547 0.859375 0.810547 0.857422 0.812500 0.853516 0.812500 0.851562 0.810547 0.851562 0.804688 0.853516 0.802734 0.857422 0.802734 0.859375 0.804688 0.861328 0.804688
0 0.730469 0.820312 0.728516 0.820312 0.726562 0.822266 0.716797 0.822266 0.710938 0.816406 0.710938 0.806641 0.712891 0.804688 0.714844 0.804688 0.714844 0.802734 0.716797 0.800781 0.726562 0.800781 0.732422 0.806641 0.732422 0.816406 0.730469 0.818359
0 0.695312 0.816406 0.693359 0.816406 0.691406 0.818359 0.687500 0.818359 0.685547 0.816406 0.685547 0.810547 0.687500 0.808594 0.691406 0.808594 0.693359 0.810547 0.695312 0.810547
0 0.701172 0.816406 0.699219 0.816406 0.697266 0.818359 0.693359 0.818359 0.691406 0.816406 0.691406 0.810547 0.693359 0.808594 0.697266 0.808594 0.699219 0.810547 0.701172 0.810547
0 0.525391 0.818359 0.519531 0.824219 0.513672 0.824219 0.507812 0.818359 0.507812 0.812500 0.513672 0.806641 0.519531 0.806641 0.525391 0.812500
0 0.560547 0.820312 0.554688 0.826172 0.548828 0.826172 0.542969 0.820312 0.542969 0.814453 0.548828 0.808594 0.554688 0.808594 0.560547 0.814453
0 0.593750 0.822266 0.587891 0.828125 0.582031 0.828125 0.576172 0.822266 0.576172 0.816406 0.582031 0.810547 0.587891 0.810547 0.593750 0.816406
0 0.785156 0.822266 0.783203 0.822266 0.781250 0.824219 0.777344 0.824219 0.775391 0.822266 0.775391 0.816406 0.777344 0.814453 0.781250 0.814453 0.783203 0.816406 0.785156 0.816406
0 0.851562 0.822266 0.849609 0.822266 0.847656 0.824219 0.843750 0.824219 0.841797 0.822266 0.841797 0.816406 0.843750 0.814453 0.847656 0.814453 0.849609 0.816406 0.851562 0.816406
0 0.949219 0.822266 0.947266 0.822266 0.945312 0.824219 0.941406 0.824219 0.939453 0.822266 0.939453 0.816406 0.941406 0.814453 0.945312 0.814453 0.947266 0.816406 0.949219 0.816406
0 0.240234 0.824219 0.234375 0.830078 0.228516 0.830078 0.222656 0.824219 0.222656 0.818359 0.228516 0.812500 0.234375 0.812500 0.240234 0.818359
0 0.976562 0.820312 0.976562 0.824219 0.972656 0.824219 0.970703 0.822266 0.974609 0.818359
0 0.765625 0.826172 0.763672 0.826172 0.761719 0.828125 0.757812 0.828125 0.755859 0.826172 0.755859 0.820312 0.757812 0.818359 0.761719 0.818359 0.763672 0.820312 0.765625 0.820312
0 0.419922 0.835938 0.417969 0.835938 0.416016 0.837891 0.406250 0.837891 0.400391 0.832031 0.400391 0.822266 0.402344 0.820312 0.404297 0.820312 0.404297 0.818359 0.406250 0.816406 0.416016 0.816406 0.421875 0.822266 0.421875 0.832031 0.419922 0.833984
0 0.589844 0.828125 0.587891 0.830078 0.587891 0.832031 0.585938 0.833984 0.580078 0.833984 0.578125 0.832031 0.578125 0.830078 0.576172 0.828125 0.576172 0.826172 0.578125 0.824219 0.578125 0.822266 0.580078 0.820312 0.585938 0.820312 0.587891 0.822266 0.587891 0.824219 0.589844 0.826172
0 0.687500 0.830078 0.685547 0.830078 0.683594 0.832031 0.679688 0.832031 0.677734 0.830078 0.677734 0.824219 0.679688 0.822266 0.683594 0.822266 0.685547 0.824219 0.687500 0.824219
0 0.701172 0.830078 0.699219 0.830078 0.697266 0.832031 0.693359 0.832031 0.691406 0.830078 0.691406 0.824219 0.693359 0.822266 0.697266 0.822266 0.699219 0.824219 0.701172 0.824219
0 0.494141 0.837891 0.492188 0.837891 0.490234 0.839844 0.480469 0.839844 0.474609 0.833984 0.474609 0.824219 0.476562 0.822266 0.478516 0.822266 0.478516 0.820312 0.480469 0.818359 0.490234 0.818359 0.496094 0.824219 0.496094 0.833984 0.494141 0.835938
0 0.609375 0.832031 0.607422 0.832031 0.605469 0.833984 0.601562 0.833984 0.599609 0.832031 0.599609 0.826172 0.601562 0.824219 0.605469 0.824219 0.607422 0.826172 0.609375 0.826172
0 0.732422 0.828125 0.732422 0.832031 0.728516 0.832031 0.726562 0.830078 0.730469 0.826172
0 0.968750 0.830078 0.966797 0.832031 0.966797 0.833984 0.964844 0.835938 0.958984 0.835938 0.957031 0.833984 0.957031 0.832031 0.955078 0.830078 0.955078 0.828125 0.957031 0.826172 0.957031 0.824219 0.958984 0.822266 0.964844 0.822266 0.966797 0.824219 0.966797 0.826172 0.968750 0.828125
0 0.779297 0.833984 0.777344 0.833984 0.775391 0.835938 0.771484 0.835938 0.769531 0.833984 0.769531 0.828125 0.771484 0.826172 0.775391 0.826172 0.777344 0.828125 0.779297 0.828125
0 0.794922 0.830078 0.794922 0.833984 0.791016 0.833984 0.789062 0.832031 0.792969 0.828125
0 0.861328 0.830078 0.861328 0.833984 0.857422 0.833984 0.855469 0.832031 0.859375 0.828125
0 0.724609 0.832031 0.724609 0.835938 0.720703 0.835938 0.718750 0.833984 0.722656 0.830078
0 0.189453 0.837891 0.187500 0.839844 0.187500 0.841797 0.185547 0.843750 0.179688 0.843750 0.177734 0.841797 0.177734 0.839844 0.175781 0.837891 0.175781 0.835938 0.177734 0.833984 0.177734 0.832031 0.179688 0.830078 0.185547 0.830078 0.187500 0.832031 0.187500 0.833984 0.189453 0.835938
0 0.376953 0.835938 0.376953 0.839844 0.373047 0.839844 0.371094 0.837891 0.375000 0.833984
0 0.787109 0.835938 0.787109 0.839844 0.783203 0.839844 0.781250 0.837891 0.785156 0.833984
0 0.867188 0.835938 0.867188 0.839844 0.863281 0.839844 0.861328 0.837891 0.865234 0.833984
0 0.451172 0.847656 0.449219 0.847656 0.447266 0.849609 0.437500 0.849609 0.431641 0.843750 0.431641 0.833984 0.433594 0.832031 0.435547 0.832031 0.435547 0.830078 0.437500 0.828125 0.447266 0.828125 0.453125 0.833984 0.453125 0.843750 0.451172 0.845703
0 0.513672 0.841797 0.511719 0.841797 0.509766 0.843750 0.505859 0.843750 0.503906 0.841797 0.503906 0.835938 0.505859 0.833984 0.509766 0.833984 0.511719 0.835938 0.513672 0.835938
0 0.941406 0.841797 0.939453 0.843750 0.939453 0.845703 0.937500 0.847656 0.931641 0.847656 0.929688 0.845703 0.929688 0.843750 0.927734 0.841797 0.927734 0.839844 0.929688 0.837891 0.929688 0.835938 0.931641 0.833984 0.937500 0.833984 0.939453 0.835938 0.939453 0.837891 0.941406 0.839844
0 0.574219 0.845703 0.572266 0.845703 0.570312 0.847656 0.566406 0.847656 0.564453 0.845703 0.564453 0.839844 0.566406 0.837891 0.570312 0.837891 0.572266 0.839844 0.574219 0.839844
0 0.642578 0.841797 0.642578 0.845703 0.638672 0.845703 0.636719 0.843750 0.640625 0.839844
0 0.863281 0.841797 0.863281 0.845703 0.859375 0.845703 0.857422 0.843750 0.861328 0.839844
0 0.539062 0.845703 0.537109 0.847656 0.537109 0.849609 0.535156 0.851562 0.529297 0.851562 0.527344 0.849609 0.527344 0.847656 0.525391 0.845703 0.525391 0.843750 0.527344 0.841797 0.527344 0.839844 0.529297 0.837891 0.535156 0.837891 0.537109 0.839844 0.537109 0.841797 0.539062 0.843750
0 0.750000 0.849609 0.748047 0.849609 0.746094 0.851562 0.742188 0.851562 0.740234 0.849609 0.740234 0.843750 0.742188 0.841797 0.746094 0.841797 0.748047 0.843750 0.750000 0.843750
0 0.421875 0.851562 0.419922 0.851562 0.417969 0.853516 0.414062 0.853516 0.412109 0.851562 0.412109 0.845703 0.414062 0.843750 0.417969 0.843750 0.419922 0.845703 0.421875 0.845703
0 0.384766 0.853516 0.382812 0.853516 0.380859 0.855469 0.376953 0.855469 0.375000 0.853516 0.375000 0.847656 0.376953 0.845703 0.380859 0.845703 0.382812 0.847656 0.384766 0.847656
0 0.705078 0.853516 0.699219 0.859375 0.693359 0.859375 0.687500 0.853516 0.687500 0.847656 0.693359 0.841797 0.699219 0.841797 0.705078 0.847656
0 0.957031 0.853516 0.955078 0.853516 0.953125 0.855469 0.949219 0.855469 0.947266 0.853516 0.947266 0.847656 0.949219 0.845703 0.953125 0.845703 0.955078 0.847656 0.957031 0.847656
0 0.400391 0.855469 0.398438 0.855469 0.396484 0.857422 0.392578 0.857422 0.390625 0.855469 0.390625 0.849609 0.392578 0.847656 0.396484 0.847656 0.398438 0.849609 0.400391 0.849609
0 0.574219 0.855469 0.568359 0.861328 0.562500 0.861328 0.556641 0.855469 0.556641 0.849609 0.562500 0.843750 0.568359 0.843750 0.574219 0.849609
0 0.494141 0.859375 0.492188 0.859375 0.490234 0.861328 0.486328 0.861328 0.484375 0.859375 0.484375 0.853516 0.486328 0.851562 0.490234 0.851562 0.492188 0.853516 0.494141 0.853516
0 0.712891 0.855469 0.712891 0.859375 0.708984 0.859375 0.707031 0.857422 0.710938 0.853516
0 0.738281 0.855469 0.738281 0.859375 0.734375 0.859375 0.732422 0.857422 0.736328 0.853516
0 0.943359 0.865234 0.941406 0.865234 0.939453 0.867188 0.929688 0.867188 0.923828 0.861328 0.923828 0.851562 0.925781 0.849609 0.927734 0.849609 0.927734 0.847656 0.929688 0.845703 0.939453 0.845703 0.945312 0.851562 0.945312 0.861328 0.943359 0.863281
0 0.630859 0.861328 0.628906 0.861328 0.626953 0.863281 0.623047 0.863281 0.621094 0.861328 0.621094 0.855469 0.623047 0.853516 0.626953 0.853516 0.628906 0.855469 0.630859 0.855469
0 0.744141 0.859375 0.744141 0.863281 0.740234 0.863281 0.738281 0.861328 0.742188 0.857422
0 0.644531 0.865234 0.642578 0.865234 0.640625 0.867188 0.636719 0.867188 0.634766 0.865234 0.634766 0.859375 0.636719 0.857422 0.640625 0.857422 0.642578 0.859375 0.644531 0.859375
0 0.410156 0.867188 0.408203 0.867188 0.406250 0.869141 0.402344 0.869141 0.400391 0.867188 0.400391 0.861328 0.402344 0.859375 0.406250 0.859375 0.408203 0.861328 0.410156 0.861328
0 0.519531 0.867188 0.517578 0.867188 0.515625 0.869141 0.511719 0.869141 0.509766 0.867188 0.509766 0.861328 0.511719 0.859375 0.515625 0.859375 0.517578 0.861328 0.519531 0.861328
0 0.548828 0.873047 0.546875 0.873047 0.544922 0.875000 0.535156 0.875000 0.529297 0.869141 0.529297 0.859375 0.531250 0.857422 0.533203 0.857422 0.533203 0.855469 0.535156 0.853516 0.544922 0.853516 0.550781 0.859375 0.550781 0.869141 0.548828 0.871094
0 0.929688 0.867188 0.927734 0.867188 0.925781 0.869141 0.921875 0.869141 0.919922 0.867188 0.919922 0.861328 0.921875 0.859375 0.925781 0.859375 0.927734 0.861328 0.929688 0.861328
0 0.625000 0.869141 0.619141 0.875000 0.613281 0.875000 0.607422 0.869141 0.607422 0.863281 0.613281 0.857422 0.619141 0.857422 0.625000 0.863281
0 0.716797 0.869141 0.714844 0.869141 0.712891 0.871094 0.708984 0.871094 0.707031 0.869141 0.707031 0.863281 0.708984 0.861328 0.712891 0.861328 0.714844 0.863281 0.716797 0.863281
0 0.990234 0.865234 0.990234 0.869141 0.986328 0.869141 0.984375 0.867188 0.988281 0.863281
0 0.472656 0.871094 0.466797 0.876953 0.460938 0.876953 0.455078 0.871094 0.455078 0.865234 0.460938 0.859375 0.466797 0.859375 0.472656 0.865234
0 0.593750 0.869141 0.591797 0.871094 0.591797 0.873047 0.589844 0.875000 0.583984 0.875000 0.582031 0.873047 0.582031 0.871094 0.580078 0.869141 0.580078 0.867188 0.582031 0.865234 0.582031 0.863281 0.583984 0.861328 0.589844 0.861328 0.591797 0.863281 0.591797 0.865234 0.593750 0.867188
0 0.613281 0.871094 0.611328 0.871094 0.609375 0.873047 0.605469 0.873047 0.603516 0.871094 0.603516 0.865234 0.605469 0.863281 0.609375 0.863281 0.611328 0.865234 0.613281 0.865234
0 0.914062 0.869141 0.912109 0.871094 0.912109 0.873047 0.910156 0.875000 0.904297 0.875000 0.902344 0.873047 0.902344 0.871094 0.900391 0.869141 0.900391 0.867188 0.902344 0.865234 0.902344 0.863281 0.904297 0.861328 0.910156 0.861328 0.912109 0.863281 0.912109 0.865234 0.914062 0.867188
0 0.677734 0.873047 0.671875 0.878906 0.666016 0.878906 0.660156 0.873047 0.660156 0.867188 0.666016 0.861328 0.671875 0.861328 0.677734 0.867188
0 0.697266 0.873047 0.695312 0.873047 0.693359 0.875000 0.689453 0.875000 0.687500 0.873047 0.687500 0.867188 0.689453 0.865234 0.693359 0.865234 0.695312 0.867188 0.697266 0.867188
0 0.939453 0.873047 0.937500 0.873047 0.935547 0.875000 0.931641 0.875000 0.929688 0.873047 0.929688 0.867188 0.931641 0.865234 0.935547 0.865234 0.937500 0.867188 0.939453 0.867188
0 0.628906 0.876953 0.626953 0.878906 0.626953 0.880859 0.625000 0.882812 0.619141 0.882812 0.617188 0.880859 0.617188 0.878906 0.615234 0.876953 0.615234 0.875000 0.617188 0.873047 0.617188 0.871094 0.619141 0.869141 0.625000 0.869141 0.626953 0.871094 0.626953 0.873047 0.628906 0.875000
0 0.667969 0.878906 0.666016 0.878906 0.664062 0.880859 0.660156 0.880859 0.658203 0.878906 0.658203 0.873047 0.660156 0.871094 0.664062 0.871094 0.666016 0.873047 0.667969 0.873047
0 0.998047 0.882812 0.994141 0.882812 0.992188 0.880859 0.992188 0.878906 0.990234 0.876953 0.990234 0.875000 0.992188 0.873047 0.992188 0.871094 0.994141 0.869141 0.998047 0.869141
0 0.507812 0.880859 0.501953 0.886719 0.496094 0.886719 0.490234 0.880859 0.490234 0.875000 0.496094 0.869141 0.501953 0.869141 0.507812 0.875000
0 0.652344 0.882812 0.646484 0.888672 0.640625 0.888672 0.634766 0.882812 0.634766 0.876953 0.640625 0.871094 0.646484 0.871094 0.652344 0.876953
0 0.744141 0.878906 0.744141 0.882812 0.740234 0.882812 0.738281 0.880859 0.742188 0.876953
0 0.769531 0.878906 0.769531 0.882812 0.765625 0.882812 0.763672 0.880859 0.767578 0.876953
0 0.578125 0.882812 0.576172 0.884766 0.576172 0.886719 0.574219 0.888672 0.568359 0.888672 0.566406 0.886719 0.566406 0.884766 0.564453 0.882812 0.564453 0.880859 0.566406 0.878906 0.566406 0.876953 0.568359 0.875000 0.574219 0.875000 0.576172 0.876953 0.576172 0.878906 0.578125 0.880859
0 0.980469 0.880859 0.980469 0.884766 0.976562 0.884766 0.974609 0.882812 0.978516 0.878906
0 0.992188 0.880859 0.992188 0.884766 0.988281 0.884766 0.986328 0.882812 0.990234 0.878906
0 0.535156 0.886719 0.533203 0.886719 0.531250 0.888672 0.527344 0.888672 0.525391 0.886719 0.525391 0.880859 0.527344 0.878906 0.531250 0.878906 0.533203 0.880859 0.535156 0.880859
0 0.707031 0.886719 0.705078 0.886719 0.703125 0.888672 0.699219 0.888672 0.697266 0.886719 0.697266 0.880859 0.699219 0.878906 0.703125 0.878906 0.705078 0.880859 0.707031 0.880859
0 0.785156 0.882812 0.785156 0.886719 0.781250 0.886719 0.779297 0.884766 0.783203 0.880859
0 0.554688 0.888672 0.552734 0.888672 0.550781 0.890625 0.546875 0.890625 0.544922 0.888672 0.544922 0.882812 0.546875 0.880859 0.550781 0.880859 0.552734 0.882812 0.554688 0.882812
0 0.691406 0.894531 0.689453 0.894531 0.687500 0.896484 0.677734 0.896484 0.671875 0.890625 0.671875 0.880859 0.673828 0.878906 0.675781 0.878906 0.675781 0.876953 0.677734 0.875000 0.687500 0.875000 0.693359 0.880859 0.693359 0.890625 0.691406 0.892578
0 0.750000 0.884766 0.750000 0.888672 0.746094 0.888672 0.744141 0.886719 0.748047 0.882812
0 0.884766 0.886719 0.882812 0.888672 0.882812 0.890625 0.880859 0.892578 0.875000 0.892578 0.873047 0.890625 0.873047 0.888672 0.871094 0.886719 0.871094 0.884766 0.873047 0.882812 0.873047 0.880859 0.875000 0.878906 0.880859 0.878906 0.882812 0.880859 0.882812 0.882812 0.884766 0.884766
0 0.626953 0.890625 0.625000 0.890625 0.623047 0.892578 0.619141 0.892578 0.617188 0.890625 0.617188 0.884766 0.619141 0.882812 0.623047 0.882812 0.625000 0.884766 0.626953 0.884766
0 0.914062 0.896484 0.912109 0.896484 0.910156 0.898438 0.900391 0.898438 0.894531 0.892578 0.894531 0.882812 0.896484 0.880859 0.898438 0.880859 0.898438 0.878906 0.900391 0.876953 0.910156 0.876953 0.916016 0.882812 0.916016 0.892578 0.914062 0.894531
0 0.931641 0.890625 0.929688 0.890625 0.927734 0.892578 0.923828 0.892578 0.921875 0.890625 0.921875 0.884766 0.923828 0.882812 0.927734 0.882812 0.929688 0.884766 0.931641 0.884766
0 0.683594 0.890625 0.681641 0.892578 0.681641 0.894531 0.679688 0.896484 0.673828 0.896484 0.671875 0.894531 0.671875 0.892578 0.669922 0.890625 0.669922 0.888672 0.671875 0.886719 0.671875 0.884766 0.673828 0.882812 0.679688 0.882812 0.681641 0.884766 0.681641 0.886719 0.683594 0.888672
0 0.722656 0.892578 0.720703 0.892578 0.718750 0.894531 0.714844 0.894531 0.712891 0.892578 0.712891 0.886719 0.714844 0.884766 0.718750 0.884766 0.720703 0.886719 0.722656 0.886719
0 0.585938 0.900391 0.583984 0.900391 0.582031 0.902344 0.572266 0.902344 0.566406 0.896484 0.566406 0.886719 0.568359 0.884766 0.570312 0.884766 0.570312 0.882812 0.572266 0.880859 0.582031 0.880859 0.587891 0.886719 0.587891 0.896484 0.585938 0.898438
0 0.714844 0.894531 0.712891 0.894531 0.710938 0.896484 0.707031 0.896484 0.705078 0.894531 0.705078 0.888672 0.707031 0.886719 0.710938 0.886719 0.712891 0.888672 0.714844 0.888672
0 0.384766 0.898438 0.382812 0.898438 0.380859 0.900391 0.376953 0.900391 0.375000 0.898438 0.375000 0.892578 0.376953 0.890625 0.380859 0.890625 0.382812 0.892578 0.384766 0.892578
0 0.419922 0.898438 0.414062 0.904297 0.408203 0.904297 0.402344 0.898438 0.402344 0.892578 0.408203 0.886719 0.414062 0.886719 0.419922 0.892578
0 0.664062 0.898438 0.658203 0.904297 0.652344 0.904297 0.646484 0.898438 0.646484 0.892578 0.652344 0.886719 0.658203 0.886719 0.664062 0.892578
0 0.509766 0.902344 0.503906 0.908203 0.498047 0.908203 0.492188 0.902344 0.492188 0.896484 0.498047 0.890625 0.503906 0.890625 0.509766 0.896484
0 0.689453 0.902344 0.687500 0.902344 0.685547 0.904297 0.681641 0.904297 0.679688 0.902344 0.679688 0.896484 0.681641 0.894531 0.685547 0.894531 0.687500 0.896484 0.689453 0.896484
0 0.355469 0.900391 0.355469 0.904297 0.351562 0.904297 0.349609 0.902344 0.353516 0.898438
0 0.619141 0.906250 0.617188 0.906250 0.615234 0.908203 0.611328 0.908203 0.609375 0.906250 0.609375 0.900391 0.611328 0.898438 0.615234 0.898438 0.617188 0.900391 0.619141 0.900391
0 0.703125 0.912109 0.701172 0.912109 0.699219 0.914062 0.689453 0.914062 0.683594 0.908203 0.683594 0.898438 0.685547 0.896484 0.687500 0.896484 0.687500 0.894531 0.689453 0.892578 0.699219 0.892578 0.705078 0.898438 0.705078 0.908203 0.703125 0.910156
0 0.718750 0.902344 0.718750 0.906250 0.714844 0.906250 0.712891 0.904297 0.716797 0.900391
0 0.353516 0.908203 0.353516 0.912109 0.349609 0.912109 0.347656 0.910156 0.351562 0.906250
0 0.449219 0.917969 0.447266 0.917969 0.445312 0.919922 0.435547 0.919922 0.429688 0.914062 0.429688 0.904297 0.431641 0.902344 0.433594 0.902344 0.433594 0.900391 0.435547 0.898438 0.445312 0.898438 0.451172 0.904297 0.451172 0.914062 0.449219 0.916016
0 0.699219 0.910156 0.697266 0.912109 0.697266 0.914062 0.695312 0.916016 0.689453 0.916016 0.687500 0.914062 0.687500 0.912109 0.685547 0.910156 0.685547 0.908203 0.687500 0.906250 0.687500 0.904297 0.689453 0.902344 0.695312 0.902344 0.697266 0.904297 0.697266 0.906250 0.699219 0.908203
0 0.964844 0.908203 0.964844 0.912109 0.960938 0.912109 0.958984 0.910156 0.962891 0.906250
0 0.882812 0.914062 0.876953 0.919922 0.871094 0.919922 0.865234 0.914062 0.865234 0.908203 0.871094 0.902344 0.876953 0.902344 0.882812 0.908203
0 0.857422 0.916016 0.851562 0.921875 0.845703 0.921875 0.839844 0.916016 0.839844 0.910156 0.845703 0.904297 0.851562 0.904297 0.857422 0.910156
0 0.974609 0.912109 0.974609 0.916016 0.970703 0.916016 0.968750 0.914062 0.972656 0.910156
0 0.527344 0.917969 0.525391 0.917969 0.523438 0.919922 0.519531 0.919922 0.517578 0.917969 0.517578 0.912109 0.519531 0.910156 0.523438 0.910156 0.525391 0.912109 0.527344 0.912109
0 0.951172 0.923828 0.949219 0.923828 0.947266 0.925781 0.943359 0.925781 0.941406 0.923828 0.941406 0.917969 0.943359 0.916016 0.947266 0.916016 0.949219 0.917969 0.951172 0.917969
0 0.671875 0.925781 0.669922 0.925781 0.667969 0.927734 0.664062 0.927734 0.662109 0.925781 0.662109 0.919922 0.664062 0.917969 0.667969 0.917969 0.669922 0.919922 0.671875 0.919922
0 0.947266 0.923828 0.945312 0.925781 0.945312 0.927734 0.943359 0.929688 0.937500 0.929688 0.935547 0.927734 0.935547 0.925781 0.933594 0.923828 0.933594 0.921875 0.935547 0.919922 0.935547 0.917969 0.937500 0.916016 0.943359 0.916016 0.945312 0.917969 0.945312 0.919922 0.947266 0.921875
0 0.556641 0.927734 0.554688 0.927734 0.552734 0.929688 0.548828 0.929688 0.546875 0.927734 0.546875 0.921875 0.548828 0.919922 0.552734 0.919922 0.554688 0.921875 0.556641 0.921875
0 0.566406 0.933594 0.564453 0.933594 0.562500 0.935547 0.552734 0.935547 0.546875 0.929688 0.546875 0.919922 0.548828 0.917969 0.550781 0.917969 0.550781 0.916016 0.552734 0.914062 0.562500 0.914062 0.568359 0.919922 0.568359 0.929688 0.566406 0.931641
0 0.597656 0.933594 0.595703 0.933594 0.593750 0.935547 0.583984 0.935547 0.578125 0.929688 0.578125 0.919922 0.580078 0.917969 0.582031 0.917969 0.582031 0.916016 0.583984 0.914062 0.593750 0.914062 0.599609 0.919922 0.599609 0.929688 0.597656 0.931641
0 0.822266 0.933594 0.820312 0.933594 0.818359 0.935547 0.808594 0.935547 0.802734 0.929688 0.802734 0.919922 0.804688 0.917969 0.806641 0.917969 0.806641 0.916016 0.808594 0.914062 0.818359 0.914062 0.824219 0.919922 0.824219 0.929688 0.822266 0.931641
0 0.623047 0.929688 0.621094 0.929688 0.619141 0.931641 0.615234 0.931641 0.613281 0.929688 0.613281 0.923828 0.615234 0.921875 0.619141 0.921875 0.621094 0.923828 0.623047 0.923828
0 0.677734 0.927734 0.677734 0.931641 0.673828 0.931641 0.671875 0.929688 0.675781 0.925781
0 0.900391 0.931641 0.894531 0.937500 0.888672 0.937500 0.882812 0.931641 0.882812 0.925781 0.888672 0.919922 0.894531 0.919922 0.900391 0.925781
0 0.945312 0.929688 0.945312 0.933594 0.941406 0.933594 0.939453 0.931641 0.943359 0.927734
0 0.958984 0.929688 0.958984 0.933594 0.955078 0.933594 0.953125 0.931641 0.957031 0.927734
0 0.505859 0.937500 0.503906 0.937500 0.501953 0.939453 0.498047 0.939453 0.496094 0.937500 0.496094 0.931641 0.498047 0.929688 0.501953 0.929688 0.503906 0.931641 0.505859 0.931641
0 0.800781 0.935547 0.798828 0.937500 0.798828 0.939453 0.796875 0.941406 0.791016 0.941406 0.789062 0.939453 0.789062 0.937500 0.787109 0.935547 0.787109 0.933594 0.789062 0.931641 0.789062 0.929688 0.791016 0.927734 0.796875 0.927734 0.798828 0.929688 0.798828 0.931641 0.800781 0.933594
0 0.349609 0.945312 0.347656 0.945312 0.345703 0.947266 0.335938 0.947266 0.330078 0.941406 0.330078 0.931641 0.332031 0.929688 0.333984 0.929688 0.333984 0.927734 0.335938 0.925781 0.345703 0.925781 0.351562 0.931641 0.351562 0.941406 0.349609 0.943359
0 0.853516 0.939453 0.851562 0.939453 0.849609 0.941406 0.845703 0.941406 0.843750 0.939453 0.843750 0.933594 0.845703 0.931641 0.849609 0.931641 0.851562 0.933594 0.853516 0.933594
0 0.279297 0.941406 0.273438 0.947266 0.267578 0.947266 0.261719 0.941406 0.261719 0.935547 0.267578 0.929688 0.273438 0.929688 0.279297 0.935547
0 0.292969 0.939453 0.291016 0.941406 0.291016 0.943359 0.289062 0.945312 0.283203 0.945312 0.281250 0.943359 0.281250 0.941406 0.279297 0.939453 0.279297 0.937500 0.281250 0.935547 0.281250 0.933594 0.283203 0.931641 0.289062 0.931641 0.291016 0.933594 0.291016 0.935547 0.292969 0.937500
0 0.318359 0.947266 0.316406 0.947266 0.314453 0.949219 0.304688 0.949219 0.298828 0.943359 0.298828 0.933594 0.300781 0.931641 0.302734 0.931641 0.302734 0.929688 0.304688 0.927734 0.314453 0.927734 0.320312 0.933594 0.320312 0.943359 0.318359 0.945312
0 0.507812 0.951172 0.505859 0.951172 0.503906 0.953125 0.494141 0.953125 0.488281 0.947266 0.488281 0.937500 0.490234 0.935547 0.492188 0.935547 0.492188 0.933594 0.494141 0.931641 0.503906 0.931641 0.509766 0.937500 0.509766 0.947266 0.507812 0.949219
0 0.519531 0.945312 0.517578 0.945312 0.515625 0.947266 0.511719 0.947266 0.509766 0.945312 0.509766 0.939453 0.511719 0.937500 0.515625 0.937500 0.517578 0.939453 0.519531 0.939453
0 0.554688 0.945312 0.548828 0.951172 0.542969 0.951172 0.537109 0.945312 0.537109 0.939453 0.542969 0.933594 0.548828 0.933594 0.554688 0.939453
0 0.576172 0.945312 0.574219 0.945312 0.572266 0.947266 0.568359 0.947266 0.566406 0.945312 0.566406 0.939453 0.568359 0.937500 0.572266 0.937500 0.574219 0.939453 0.576172 0.939453
0 0.833984 0.943359 0.832031 0.945312 0.832031 0.947266 0.830078 0.949219 0.824219 0.949219 0.822266 0.947266 0.822266 0.945312 0.820312 0.943359 0.820312 0.941406 0.822266 0.939453 0.822266 0.937500 0.824219 0.935547 0.830078 0.935547 0.832031 0.937500 0.832031 0.939453 0.833984 0.941406
0 0.945312 0.945312 0.939453 0.951172 0.933594 0.951172 0.927734 0.945312 0.927734 0.939453 0.933594 0.933594 0.939453 0.933594 0.945312 0.939453
0 0.591797 0.945312 0.591797 0.949219 0.587891 0.949219 0.585938 0.947266 0.589844 0.943359
0 0.884766 0.951172 0.882812 0.951172 0.880859 0.953125 0.876953 0.953125 0.875000 0.951172 0.875000 0.945312 0.876953 0.943359 0.880859 0.943359 0.882812 0.945312 0.884766 0.945312
0 0.632812 0.949219 0.632812 0.953125 0.628906 0.953125 0.626953 0.951172 0.630859 0.947266
0 0.724609 0.949219 0.724609 0.953125 0.720703 0.953125 0.718750 0.951172 0.722656 0.947266
0 0.433594 0.960938 0.431641 0.960938 0.429688 0.962891 0.419922 0.962891 0.414062 0.957031 0.414062 0.947266 0.416016 0.945312 0.417969 0.945312 0.417969 0.943359 0.419922 0.941406 0.429688 0.941406 0.435547 0.947266 0.435547 0.957031 0.433594 0.958984
0 0.560547 0.951172 0.560547 0.955078 0.556641 0.955078 0.554688 0.953125 0.558594 0.949219
0 0.802734 0.953125 0.800781 0.955078 0.800781 0.957031 0.798828 0.958984 0.792969 0.958984 0.791016 0.957031 0.791016 0.955078 0.789062 0.953125 0.789062 0.951172 0.791016 0.949219 0.791016 0.947266 0.792969 0.945312 0.798828 0.945312 0.800781 0.947266 0.800781 0.949219 0.802734 0.951172
0 0.865234 0.955078 0.863281 0.955078 0.861328 0.957031 0.857422 0.957031 0.855469 0.955078 0.855469 0.949219 0.857422 0.947266 0.861328 0.947266 0.863281 0.949219 0.865234 0.949219
0 0.250000 0.955078 0.248047 0.957031 0.248047 0.958984 0.246094 0.960938 0.240234 0.960938 0.238281 0.958984 0.238281 0.957031 0.236328 0.955078 0.236328 0.953125 0.238281 0.951172 0.238281 0.949219 0.240234 0.947266 0.246094 0.947266 0.248047 0.949219 0.248047 0.951172 0.250000 0.953125
0 0.578125 0.957031 0.572266 0.962891 0.566406 0.962891 0.560547 0.957031 0.560547 0.951172 0.566406 0.945312 0.572266 0.945312 0.578125 0.951172
0 0.736328 0.953125 0.736328 0.957031 0.732422 0.957031 0.730469 0.955078 0.734375 0.951172
0 0.777344 0.955078 0.775391 0.957031 0.775391 0.958984 0.773438 0.960938 0.767578 0.960938 0.765625 0.958984 0.765625 0.957031 0.763672 0.955078 0.763672 0.953125 0.765625 0.951172 0.765625 0.949219 0.767578 0.947266 0.773438 0.947266 0.775391 0.949219 0.775391 0.951172 0.777344 0.953125
0 0.888672 0.958984 0.886719 0.958984 0.884766 0.960938 0.880859 0.960938 0.878906 0.958984 0.878906 0.953125 0.880859 0.951172 0.884766 0.951172 0.886719 0.953125 0.888672 0.953125
0 0.925781 0.958984 0.923828 0.958984 0.921875 0.960938 0.917969 0.960938 0.916016 0.958984 0.916016 0.953125 0.917969 0.951172 0.921875 0.951172 0.923828 0.953125 0.925781 0.953125
0 0.716797 0.957031 0.716797 0.960938 0.712891 0.960938 0.710938 0.958984 0.714844 0.955078
0 0.589844 0.960938 0.587891 0.962891 0.587891 0.964844 0.585938 0.966797 0.580078 0.966797 0.578125 0.964844 0.578125 0.962891 0.576172 0.960938 0.576172 0.958984 0.578125 0.957031 0.578125 0.955078 0.580078 0.953125 0.585938 0.953125 0.587891 0.955078 0.587891 0.957031 0.589844 0.958984
0 0.728516 0.962891 0.726562 0.962891 0.724609 0.964844 0.720703 0.964844 0.718750 0.962891 0.718750 0.957031 0.720703 0.955078 0.724609 0.955078 0.726562 0.957031 0.728516 0.957031
0 0.408203 0.962891 0.406250 0.964844 0.406250 0.966797 0.404297 0.968750 0.398438 0.968750 0.396484 0.966797 0.396484 0.964844 0.394531 0.962891 0.394531 0.960938 0.396484 0.958984 0.396484 0.957031 0.398438 0.955078 0.404297 0.955078 0.406250 0.957031 0.406250 0.958984 0.408203 0.960938
0 0.923828 0.964844 0.921875 0.964844 0.919922 0.966797 0.916016 0.966797 0.914062 0.964844 0.914062 0.958984 0.916016 0.957031 0.919922 0.957031 0.921875 0.958984 0.923828 0.958984
0 0.462891 0.974609 0.460938 0.974609 0.458984 0.976562 0.449219 0.976562 0.443359 0.970703 0.443359 0.960938 0.445312 0.958984 0.447266 0.958984 0.447266 0.957031 0.449219 0.955078 0.458984 0.955078 0.464844 0.960938 0.464844 0.970703 0.462891 0.972656
0 0.712891 0.964844 0.712891 0.968750 0.708984 0.968750 0.707031 0.966797 0.710938 0.962891
0 0.490234 0.970703 0.488281 0.970703 0.486328 0.972656 0.482422 0.972656 0.480469 0.970703 0.480469 0.964844 0.482422 0.962891 0.486328 0.962891 0.488281 0.964844 0.490234 0.964844
0 0.556641 0.970703 0.554688 0.970703 0.552734 0.972656 0.548828 0.972656 0.546875 0.970703 0.546875 0.964844 0.548828 0.962891 0.552734 0.962891 0.554688 0.964844 0.556641 0.964844
0 0.568359 0.974609 0.562500 0.980469 0.556641 0.980469 0.550781 0.974609 0.550781 0.968750 0.556641 0.962891 0.562500 0.962891 0.568359 0.968750
0 0.720703 0.970703 0.720703 0.974609 0.716797 0.974609 0.714844 0.972656 0.718750 0.968750
0 0.591797 0.976562 0.589844 0.976562 0.587891 0.978516 0.583984 0.978516 0.582031 0.976562 0.582031 0.970703 0.583984 0.968750 0.587891 0.968750 0.589844 0.970703 0.591797 0.970703
0 0.628906 0.972656 0.628906 0.976562 0.625000 0.976562 0.623047 0.974609 0.626953 0.970703
0 0.886719 0.974609 0.884766 0.976562 0.884766 0.978516 0.882812 0.980469 0.876953 0.980469 0.875000 0.978516 0.875000 0.976562 0.873047 0.974609 0.873047 0.972656 0.875000 0.970703 0.875000 0.968750 0.876953 0.966797 0.882812 0.966797 0.884766 0.968750 0.884766 0.970703 0.886719 0.972656
0 0.929688 0.976562 0.927734 0.976562 0.925781 0.978516 0.921875 0.978516 0.919922 0.976562 0.919922 0.970703 0.921875 0.968750 0.925781 0.968750 0.927734 0.970703 0.929688 0.970703
0 0.246094 0.976562 0.244141 0.978516 0.244141 0.980469 0.242188 0.982422 0.236328 0.982422 0.234375 0.980469 0.234375 0.978516 0.232422 0.976562 0.232422 0.974609 0.234375 0.972656 0.234375 0.970703 0.236328 0.968750 0.242188 0.968750 0.244141 0.970703 0.244141 0.972656 0.246094 0.974609
0 0.478516 0.974609 0.478516 0.978516 0.474609 0.978516 0.472656 0.976562 0.476562 0.972656
0 0.398438 0.986328 0.396484 0.986328 0.394531 0.988281 0.384766 0.988281 0.378906 0.982422 0.378906 0.972656 0.380859 0.970703 0.382812 0.970703 0.382812 0.968750 0.384766 0.966797 0.394531 0.966797 0.400391 0.972656 0.400391 0.982422 0.398438 0.984375
0 0.535156 0.976562 0.535156 0.980469 0.531250 0.980469 0.529297 0.978516 0.533203 0.974609
0 0.576172 0.982422 0.574219 0.982422 0.572266 0.984375 0.568359 0.984375 0.566406 0.982422 0.566406 0.976562 0.568359 0.974609 0.572266 0.974609 0.574219 0.976562 0.576172 0.976562
0 0.857422 0.988281 0.855469 0.988281 0.853516 0.990234 0.843750 0.990234 0.837891 0.984375 0.837891 0.974609 0.839844 0.972656 0.841797 0.972656 0.841797 0.970703 0.843750 0.968750 0.853516 0.968750 0.859375 0.974609 0.859375 0.984375 0.857422 0.986328
0 0.607422 0.990234 0.605469 0.990234 0.603516 0.992188 0.593750 0.992188 0.587891 0.986328 0.587891 0.976562 0.589844 0.974609 0.591797 0.974609 0.591797 0.972656 0.593750 0.970703 0.603516 0.970703 0.609375 0.976562 0.609375 0.986328 0.607422 0.988281
0 0.750000 0.980469 0.750000 0.984375 0.746094 0.984375 0.744141 0.982422 0.748047 0.978516
0 0.375000 0.986328 0.369141 0.992188 0.363281 0.992188 0.357422 0.986328 0.357422 0.980469 0.363281 0.974609 0.369141 0.974609 0.375000 0.980469
0 0.542969 0.982422 0.542969 0.986328 0.539062 0.986328 0.537109 0.984375 0.541016 0.980469
0 0.425781 0.986328 0.423828 0.988281 0.423828 0.990234 0.421875 0.992188 0.416016 0.992188 0.414062 0.990234 0.414062 0.988281 0.412109 0.986328 0.412109 0.984375 0.414062 0.982422 0.414062 0.980469 0.416016 0.978516 0.421875 0.978516 0.423828 0.980469 0.423828 0.982422 0.425781 0.984375
0 0.443359 0.986328 0.441406 0.988281 0.441406 0.990234 0.439453 0.992188 0.433594 0.992188 0.431641 0.990234 0.431641 0.988281 0.429688 0.986328 0.429688 0.984375 0.431641 0.982422 0.431641 0.980469 0.433594 0.978516 0.439453 0.978516 0.441406 0.980469 0.441406 0.982422 0.443359 0.984375
0 0.345703 0.990234 0.339844 0.996094 0.333984 0.996094 0.328125 0.990234 0.328125 0.984375 0.333984 0.978516 0.339844 0.978516 0.345703 0.984375
0 0.621094 0.990234 0.619141 0.990234 0.617188 0.992188 0.613281 0.992188 0.611328 0.990234 0.611328 0.984375 0.613281 0.982422 0.617188 0.982422 0.619141 0.984375 0.621094 0.984375
0 0.742188 0.986328 0.742188 0.990234 0.738281 0.990234 0.736328 0.988281 0.740234 0.984375
0 0.628906 0.992188 0.626953 0.992188 0.625000 0.994141 0.621094 0.994141 0.619141 0.992188 0.619141 0.986328 0.621094 0.984375 0.625000 0.984375 0.626953 0.986328 0.628906 0.986328
0 0.681641 0.992188 0.679688 0.992188 0.677734 0.994141 0.673828 0.994141 0.671875 0.992188 0.671875 0.986328 0.673828 0.984375 0.677734 0.984375 0.679688 0.986328 0.681641 0.986328
0 0.826172 0.990234 0.824219 0.992188 0.824219 0.994141 0.822266 0.996094 0.816406 0.996094 0.814453 0.994141 0.814453 0.992188 0.812500 0.990234 0.812500 0.988281 0.814453 0.986328 0.814453 0.984375 0.816406 0.982422 0.822266 0.982422 0.824219 0.984375 0.824219 0.986328 0.826172 0.988281
0 0.250000 0.998047 0.236328 0.998047 0.236328 0.996094 0.238281 0.994141 0.238281 0.992188 0.240234 0.990234 0.246094 0.990234 0.248047 0.992188 0.248047 0.994141 0.250000 0.996094
0 0.419922 0.998047 0.406250 0.998047 0.406250 0.996094 0.408203 0.994141 0.408203 0.992188 0.410156 0.990234 0.416016 0.990234 0.417969 0.992188 0.417969 0.994141 0.419922 0.996094
0 0.453125 0.998047 0.435547 0.998047 0.435547 0.994141 0.441406 0.988281 0.447266 0.988281 0.453125 0.994141
0 0.585938 0.998047 0.564453 0.998047 0.564453 0.992188 0.566406 0.990234 0.568359 0.990234 0.568359 0.988281 0.570312 0.986328 0.580078 0.986328 0.585938 0.992188
0 0.662109 0.998047 0.652344 0.998047 0.652344 0.994141 0.654297 0.992188 0.658203 0.992188 0.660156 0.994141 0.662109 0.994141
0 0.750000 0.998047 0.732422 0.998047 0.732422 0.994141 0.738281 0.988281 0.744141 0.988281 0.750000 0.994141
0 0.798828 0.998047 0.789062 0.998047 0.789062 0.994141 0.791016 0.992188 0.794922 0.992188 0.796875 0.994141 0.798828 0.994141
