0 0.759766 0.019531 0.757812 0.021484 0.757812 0.027344 0.759766 0.029297 0.761719 0.029297 0.765625 0.025391 0.765625 0.023438 0.761719 0.019531
0 0.550781 0.048828 0.548828 0.050781 0.546875 0.050781 0.546875 0.054688 0.548828 0.056641 0.550781 0.056641 0.552734 0.054688 0.552734 0.052734 0.550781 0.050781
0 0.666016 0.046875 0.662109 0.046875 0.660156 0.048828 0.660156 0.050781 0.662109 0.052734 0.662109 0.054688 0.664062 0.054688 0.667969 0.050781 0.667969 0.048828
0 0.626953 0.050781 0.626953 0.052734 0.625000 0.054688 0.625000 0.056641 0.626953 0.058594 0.628906 0.058594 0.630859 0.056641 0.630859 0.054688
0 0.882812 0.093750 0.880859 0.095703 0.880859 0.097656 0.882812 0.099609 0.884766 0.099609 0.886719 0.097656 0.886719 0.095703 0.884766 0.093750
0 0.646484 0.109375 0.644531 0.111328 0.644531 0.113281 0.646484 0.115234 0.650391 0.115234 0.652344 0.113281 0.652344 0.111328 0.650391 0.109375
0 0.318359 0.115234 0.314453 0.115234 0.312500 0.117188 0.312500 0.119141 0.314453 0.121094 0.316406 0.121094 0.320312 0.117188
0 0.351562 0.121094 0.349609 0.123047 0.349609 0.128906 0.351562 0.130859 0.355469 0.130859 0.357422 0.128906 0.357422 0.123047 0.355469 0.121094
0 0.574219 0.128906 0.580078 0.134766 0.582031 0.134766 0.583984 0.132812 0.585938 0.132812 0.585938 0.126953 0.583984 0.125000 0.578125 0.125000
0 0.533203 0.150391 0.533203 0.158203 0.539062 0.162109 0.541016 0.162109 0.542969 0.160156 0.548828 0.160156 0.550781 0.158203 0.550781 0.150391 0.548828 0.148438 0.548828 0.146484 0.539062 0.146484
0 0.658203 0.152344 0.658203 0.158203 0.662109 0.162109 0.666016 0.162109 0.669922 0.158203 0.669922 0.156250 0.664062 0.150391 0.662109 0.150391 0.660156 0.152344
0 0.742188 0.152344 0.740234 0.152344 0.738281 0.154297 0.736328 0.154297 0.734375 0.156250 0.732422 0.156250 0.732422 0.164062 0.734375 0.164062 0.736328 0.166016 0.736328 0.169922 0.744141 0.169922 0.746094 0.167969 0.746094 0.166016 0.750000 0.162109 0.748047 0.160156 0.748047 0.158203
1 0.681641 0.158203 0.677734 0.162109 0.677734 0.166016 0.681641 0.169922 0.683594 0.169922 0.685547 0.171875 0.687500 0.171875 0.689453 0.173828 0.691406 0.173828 0.693359 0.175781 0.693359 0.177734 0.693359 0.175781 0.695312 0.173828 0.695312 0.171875 0.691406 0.171875 0.689453 0.169922 0.689453 0.164062 0.683594 0.158203
0 0.470703 0.199219 0.468750 0.201172 0.468750 0.203125 0.470703 0.205078 0.472656 0.203125 0.472656 0.201172
0 0.548828 0.208984 0.546875 0.210938 0.546875 0.214844 0.548828 0.216797 0.554688 0.216797 0.556641 0.214844 0.556641 0.212891 0.552734 0.208984
0 0.515625 0.218750 0.513672 0.220703 0.513672 0.222656 0.515625 0.224609 0.517578 0.224609 0.519531 0.222656 0.519531 0.220703 0.517578 0.218750
0 0.242188 0.222656 0.236328 0.222656 0.232422 0.226562 0.232422 0.228516 0.228516 0.234375 0.228516 0.238281 0.232422 0.242188 0.236328 0.242188 0.242188 0.238281 0.242188 0.232422 0.244141 0.230469 0.244141 0.224609
0 0.658203 0.222656 0.658203 0.224609 0.656250 0.226562 0.656250 0.234375 0.658203 0.234375 0.662109 0.238281 0.666016 0.238281 0.671875 0.232422 0.671875 0.226562 0.669922 0.224609 0.669922 0.222656
0 0.728516 0.238281 0.726562 0.240234 0.726562 0.244141 0.730469 0.248047 0.734375 0.248047 0.736328 0.246094 0.736328 0.242188 0.732422 0.238281
0 0.548828 0.261719 0.546875 0.267578 0.550781 0.271484 0.550781 0.275391 0.552734 0.277344 0.554688 0.277344 0.556641 0.279297 0.566406 0.279297 0.572266 0.275391 0.572266 0.273438 0.570312 0.271484 0.572266 0.269531 0.572266 0.265625 0.568359 0.261719 0.568359 0.259766 0.566406 0.259766 0.564453 0.257812 0.552734 0.257812
0 0.527344 0.265625 0.523438 0.269531 0.523438 0.277344 0.521484 0.279297 0.525391 0.285156 0.525391 0.289062 0.533203 0.294922 0.535156 0.292969 0.539062 0.292969 0.542969 0.289062 0.544922 0.285156 0.542969 0.281250 0.544922 0.279297 0.542969 0.277344 0.542969 0.273438 0.541016 0.269531 0.537109 0.265625
0 0.583984 0.273438 0.582031 0.275391 0.582031 0.283203 0.583984 0.285156 0.587891 0.285156 0.589844 0.287109 0.589844 0.285156 0.591797 0.283203 0.591797 0.277344 0.589844 0.275391 0.587891 0.275391 0.585938 0.273438
0 0.671875 0.285156 0.667969 0.285156 0.666016 0.287109 0.666016 0.289062 0.664062 0.291016 0.664062 0.292969 0.666016 0.294922 0.666016 0.296875 0.667969 0.296875 0.669922 0.298828 0.671875 0.296875 0.673828 0.296875 0.675781 0.294922 0.675781 0.289062
0 0.453125 0.289062 0.449219 0.292969 0.449219 0.294922 0.447266 0.296875 0.447266 0.300781 0.449219 0.302734 0.449219 0.304688 0.455078 0.310547 0.455078 0.314453 0.457031 0.316406 0.457031 0.318359 0.462891 0.318359 0.464844 0.316406 0.464844 0.310547 0.468750 0.304688 0.468750 0.296875 0.462891 0.289062
0 0.191406 0.300781 0.191406 0.302734 0.187500 0.306641 0.187500 0.316406 0.193359 0.322266 0.201172 0.326172 0.214844 0.326172 0.218750 0.324219 0.220703 0.320312 0.220703 0.310547 0.216797 0.306641 0.208984 0.302734 0.205078 0.302734 0.203125 0.300781
0 0.773438 0.308594 0.771484 0.308594 0.769531 0.306641 0.767578 0.306641 0.761719 0.312500 0.761719 0.316406 0.763672 0.318359 0.765625 0.318359 0.767578 0.316406 0.769531 0.316406 0.773438 0.312500
0 0.556641 0.322266 0.556641 0.330078 0.562500 0.341797 0.564453 0.339844 0.566406 0.341797 0.576172 0.341797 0.583984 0.335938 0.595703 0.333984 0.601562 0.328125 0.599609 0.320312 0.593750 0.316406 0.562500 0.314453
0 0.734375 0.314453 0.732422 0.316406 0.732422 0.318359 0.736328 0.322266 0.738281 0.322266 0.740234 0.320312 0.740234 0.316406 0.738281 0.314453
0 0.492188 0.320312 0.490234 0.322266 0.490234 0.324219 0.492188 0.326172 0.494141 0.326172 0.496094 0.324219 0.496094 0.322266 0.494141 0.320312
0 0.675781 0.330078 0.673828 0.332031 0.673828 0.335938 0.677734 0.339844 0.681641 0.339844 0.683594 0.337891 0.683594 0.332031 0.681641 0.330078
0 0.490234 0.332031 0.490234 0.335938 0.492188 0.335938 0.494141 0.333984 0.492188 0.332031
0 0.656250 0.333984 0.656250 0.337891 0.658203 0.339844 0.660156 0.339844 0.662109 0.337891 0.664062 0.337891 0.664062 0.335938 0.662109 0.333984 0.662109 0.332031 0.658203 0.332031
0 0.585938 0.345703 0.582031 0.349609 0.582031 0.355469 0.583984 0.357422 0.589844 0.357422 0.591797 0.355469 0.591797 0.349609 0.589844 0.347656 0.587891 0.347656
0 0.423828 0.347656 0.419922 0.347656 0.416016 0.351562 0.416016 0.353516 0.419922 0.357422 0.421875 0.357422 0.423828 0.355469 0.425781 0.355469 0.425781 0.349609
0 0.619141 0.353516 0.615234 0.353516 0.615234 0.357422 0.617188 0.357422 0.619141 0.355469
0 0.546875 0.355469 0.542969 0.355469 0.541016 0.357422 0.531250 0.357422 0.529297 0.359375 0.527344 0.359375 0.527344 0.361328 0.525391 0.363281 0.525391 0.367188 0.523438 0.369141 0.523438 0.373047 0.529297 0.378906 0.533203 0.378906 0.535156 0.376953 0.537109 0.376953 0.544922 0.369141 0.546875 0.369141 0.550781 0.363281 0.550781 0.359375
0 0.603516 0.367188 0.603516 0.371094 0.605469 0.371094 0.605469 0.367188
0 0.820312 0.369141 0.818359 0.371094 0.818359 0.375000 0.820312 0.376953 0.820312 0.378906 0.826172 0.384766 0.832031 0.384766 0.835938 0.380859 0.835938 0.373047 0.832031 0.369141 0.830078 0.369141 0.828125 0.367188 0.824219 0.367188 0.822266 0.369141
0 0.455078 0.376953 0.451172 0.380859 0.451172 0.382812 0.453125 0.384766 0.457031 0.384766 0.458984 0.382812 0.458984 0.380859
0 0.851562 0.380859 0.847656 0.380859 0.845703 0.382812 0.847656 0.384766 0.849609 0.384766 0.851562 0.382812
0 0.476562 0.382812 0.474609 0.384766 0.474609 0.388672 0.476562 0.388672 0.478516 0.386719 0.478516 0.384766
0 0.523438 0.384766 0.519531 0.388672 0.521484 0.388672 0.523438 0.390625 0.525391 0.390625 0.525391 0.388672 0.527344 0.386719 0.525391 0.386719
0 0.542969 0.388672 0.541016 0.386719 0.539062 0.386719 0.537109 0.388672 0.537109 0.390625 0.541016 0.390625
0 0.373047 0.390625 0.371094 0.392578 0.371094 0.394531 0.373047 0.396484 0.375000 0.396484 0.376953 0.394531 0.376953 0.392578 0.375000 0.390625
0 0.621094 0.392578 0.623047 0.394531 0.626953 0.394531 0.626953 0.392578 0.625000 0.390625 0.623047 0.390625
0 0.701172 0.390625 0.701172 0.392578 0.703125 0.394531 0.705078 0.392578 0.703125 0.390625
0 0.443359 0.394531 0.441406 0.396484 0.441406 0.402344 0.443359 0.404297 0.447266 0.404297 0.451172 0.400391 0.451172 0.398438 0.447266 0.394531
0 0.353516 0.398438 0.349609 0.398438 0.347656 0.400391 0.347656 0.402344 0.349609 0.404297 0.351562 0.404297 0.353516 0.402344
0 0.501953 0.398438 0.500000 0.400391 0.500000 0.404297 0.498047 0.406250 0.498047 0.408203 0.501953 0.412109 0.507812 0.412109 0.513672 0.406250 0.513672 0.404297 0.511719 0.402344 0.511719 0.400391 0.509766 0.398438
0 0.570312 0.400391 0.566406 0.404297 0.566406 0.410156 0.568359 0.408203 0.572266 0.412109 0.572266 0.414062 0.574219 0.416016 0.578125 0.416016 0.578125 0.410156 0.576172 0.408203 0.576172 0.404297 0.574219 0.402344 0.574219 0.400391
0 0.486328 0.412109 0.482422 0.416016 0.482422 0.421875 0.480469 0.423828 0.480469 0.433594 0.482422 0.435547 0.482422 0.437500 0.484375 0.437500 0.486328 0.439453 0.492188 0.439453 0.496094 0.435547 0.496094 0.431641 0.498047 0.429688 0.498047 0.423828 0.496094 0.421875 0.492188 0.412109
0 0.517578 0.416016 0.515625 0.417969 0.515625 0.423828 0.517578 0.425781 0.521484 0.425781 0.523438 0.423828 0.523438 0.417969 0.521484 0.416016
0 0.376953 0.417969 0.375000 0.419922 0.375000 0.421875 0.376953 0.423828 0.378906 0.423828 0.380859 0.421875 0.380859 0.419922 0.378906 0.417969
0 0.857422 0.421875 0.855469 0.423828 0.855469 0.425781 0.857422 0.427734 0.859375 0.427734 0.861328 0.425781 0.861328 0.423828 0.859375 0.421875
0 0.650391 0.427734 0.648438 0.429688 0.648438 0.431641 0.646484 0.433594 0.646484 0.437500 0.652344 0.443359 0.654297 0.443359 0.656250 0.441406 0.658203 0.441406 0.660156 0.439453 0.660156 0.433594 0.658203 0.431641 0.658203 0.429688 0.656250 0.429688 0.654297 0.427734
0 0.441406 0.435547 0.439453 0.437500 0.439453 0.439453 0.441406 0.441406 0.443359 0.439453 0.443359 0.437500
0 0.699219 0.433594 0.699219 0.435547 0.697266 0.437500 0.697266 0.443359 0.699219 0.445312 0.703125 0.445312 0.705078 0.443359 0.705078 0.441406 0.707031 0.439453 0.707031 0.437500 0.703125 0.433594
0 0.832031 0.435547 0.828125 0.439453 0.828125 0.443359 0.830078 0.443359 0.832031 0.445312 0.833984 0.445312 0.837891 0.441406 0.837891 0.439453 0.833984 0.435547
0 0.261719 0.437500 0.257812 0.441406 0.257812 0.443359 0.259766 0.445312 0.263672 0.445312 0.265625 0.443359 0.265625 0.441406
0 0.638672 0.439453 0.638672 0.441406 0.636719 0.443359 0.634766 0.443359 0.634766 0.445312 0.638672 0.449219 0.640625 0.449219 0.644531 0.445312 0.644531 0.443359 0.642578 0.441406 0.640625 0.441406
0 0.462891 0.445312 0.460938 0.447266 0.460938 0.449219 0.462891 0.451172 0.464844 0.451172 0.466797 0.449219 0.466797 0.447266 0.464844 0.445312
0 0.785156 0.445312 0.783203 0.447266 0.783203 0.449219 0.785156 0.451172 0.787109 0.451172 0.789062 0.449219 0.789062 0.447266 0.787109 0.445312
0 0.917969 0.445312 0.914062 0.445312 0.910156 0.449219 0.910156 0.453125 0.914062 0.457031 0.916016 0.457031 0.919922 0.453125 0.919922 0.447266
0 0.714844 0.449219 0.708984 0.455078 0.708984 0.457031 0.710938 0.458984 0.710938 0.460938 0.712891 0.462891 0.712891 0.464844 0.714844 0.464844 0.716797 0.466797 0.718750 0.464844 0.718750 0.462891 0.720703 0.460938 0.720703 0.453125 0.716797 0.449219
0 0.478516 0.455078 0.476562 0.457031 0.472656 0.457031 0.470703 0.458984 0.470703 0.460938 0.468750 0.462891 0.468750 0.466797 0.470703 0.468750 0.472656 0.466797 0.474609 0.468750 0.476562 0.466797 0.478516 0.466797 0.482422 0.462891 0.482422 0.458984 0.480469 0.458984 0.478516 0.457031
0 0.593750 0.455078 0.585938 0.455078 0.578125 0.460938 0.576172 0.455078 0.564453 0.453125 0.558594 0.460938 0.552734 0.458984 0.548828 0.460938 0.550781 0.464844 0.554688 0.462891 0.558594 0.466797 0.556641 0.478516 0.558594 0.492188 0.568359 0.501953 0.576172 0.498047 0.585938 0.478516 0.595703 0.470703 0.597656 0.460938
0 0.845703 0.453125 0.843750 0.455078 0.845703 0.457031
0 0.621094 0.460938 0.619141 0.462891 0.615234 0.462891 0.615234 0.464844 0.613281 0.466797 0.611328 0.466797 0.611328 0.474609 0.613281 0.476562 0.615234 0.482422 0.619141 0.486328 0.621094 0.486328 0.626953 0.490234 0.632812 0.486328 0.634766 0.480469 0.632812 0.478516 0.632812 0.476562 0.626953 0.470703 0.626953 0.466797
0 0.392578 0.464844 0.386719 0.472656 0.386719 0.478516 0.388672 0.480469 0.386719 0.482422 0.390625 0.486328 0.390625 0.494141 0.398438 0.501953 0.408203 0.501953 0.416016 0.494141 0.416016 0.486328 0.412109 0.482422 0.417969 0.476562 0.417969 0.472656 0.416016 0.470703 0.406250 0.472656 0.404297 0.468750 0.398438 0.464844
0 0.960938 0.464844 0.957031 0.468750 0.957031 0.472656 0.958984 0.472656 0.960938 0.474609 0.962891 0.474609 0.966797 0.470703 0.966797 0.468750 0.962891 0.464844
0 0.541016 0.472656 0.531250 0.468750 0.519531 0.474609 0.519531 0.482422 0.523438 0.484375 0.523438 0.490234 0.521484 0.492188 0.515625 0.490234 0.513672 0.492188 0.519531 0.496094 0.519531 0.500000 0.523438 0.498047 0.525391 0.494141 0.531250 0.498047 0.535156 0.498047 0.537109 0.492188 0.544922 0.488281 0.546875 0.484375 0.541016 0.480469 0.542969 0.476562
0 0.728516 0.468750 0.726562 0.468750 0.724609 0.470703 0.722656 0.470703 0.720703 0.472656 0.720703 0.480469 0.724609 0.484375 0.726562 0.484375 0.730469 0.480469 0.730469 0.476562 0.732422 0.474609 0.732422 0.472656
0 0.761719 0.470703 0.761719 0.472656 0.765625 0.476562 0.767578 0.476562 0.769531 0.474609 0.773438 0.474609 0.773438 0.472656 0.771484 0.472656 0.767578 0.468750 0.763672 0.468750
0 0.658203 0.478516 0.656250 0.476562 0.654297 0.476562 0.652344 0.478516 0.652344 0.482422 0.656250 0.482422 0.658203 0.480469
0 0.453125 0.488281 0.451172 0.490234 0.449219 0.490234 0.449219 0.494141 0.451172 0.496094 0.455078 0.496094 0.457031 0.494141 0.457031 0.492188
0 0.472656 0.492188 0.472656 0.498047 0.474609 0.498047 0.476562 0.496094 0.480469 0.496094 0.480469 0.494141 0.482422 0.492188 0.480469 0.492188 0.478516 0.490234 0.474609 0.490234
0 0.689453 0.488281 0.687500 0.490234 0.689453 0.492188 0.691406 0.490234
0 0.871094 0.488281 0.869141 0.490234 0.869141 0.492188 0.871094 0.494141 0.875000 0.494141 0.875000 0.490234 0.873047 0.488281
0 0.429688 0.496094 0.427734 0.496094 0.423828 0.500000 0.423828 0.503906 0.425781 0.503906 0.427734 0.505859 0.431641 0.501953 0.431641 0.498047
0 0.640625 0.496094 0.638672 0.498047 0.638672 0.501953 0.640625 0.503906 0.640625 0.501953 0.642578 0.500000 0.642578 0.498047
0 0.474609 0.505859 0.474609 0.515625 0.478516 0.527344 0.484375 0.521484 0.486328 0.525391 0.488281 0.523438 0.492188 0.527344 0.494141 0.533203 0.500000 0.531250 0.509766 0.537109 0.517578 0.529297 0.519531 0.511719 0.511719 0.501953 0.484375 0.500000
0 0.970703 0.503906 0.966797 0.503906 0.962891 0.507812 0.962891 0.509766 0.966797 0.513672 0.968750 0.513672 0.972656 0.509766 0.972656 0.505859
0 0.425781 0.509766 0.421875 0.513672 0.421875 0.517578 0.423828 0.519531 0.425781 0.519531 0.429688 0.523438 0.429688 0.531250 0.431641 0.533203 0.435547 0.533203 0.437500 0.531250 0.437500 0.527344 0.439453 0.525391 0.439453 0.521484 0.435547 0.517578 0.433594 0.519531 0.429688 0.515625 0.431641 0.513672 0.429688 0.513672
0 0.460938 0.507812 0.458984 0.509766 0.458984 0.513672 0.460938 0.515625 0.462891 0.515625 0.466797 0.511719 0.462891 0.507812
0 0.611328 0.507812 0.609375 0.509766 0.611328 0.511719 0.613281 0.509766
0 0.330078 0.511719 0.324219 0.511719 0.322266 0.513672 0.320312 0.513672 0.320312 0.523438 0.326172 0.529297 0.328125 0.527344 0.330078 0.527344 0.333984 0.523438 0.333984 0.513672 0.332031 0.513672
0 0.585938 0.517578 0.583984 0.519531 0.582031 0.519531 0.582031 0.533203 0.585938 0.537109 0.591797 0.539062 0.595703 0.535156 0.595703 0.531250 0.597656 0.529297 0.597656 0.525391 0.593750 0.519531 0.591797 0.519531 0.589844 0.517578
0 0.357422 0.519531 0.353516 0.523438 0.353516 0.525391 0.355469 0.525391 0.357422 0.527344 0.359375 0.527344 0.361328 0.525391 0.361328 0.521484 0.359375 0.519531
0 0.259766 0.527344 0.259766 0.529297 0.265625 0.529297 0.265625 0.527344 0.263672 0.525391 0.261719 0.525391
0 0.376953 0.529297 0.373047 0.529297 0.373047 0.533203 0.375000 0.533203 0.376953 0.531250
1 0.679688 0.531250 0.669922 0.539062 0.669922 0.554688 0.677734 0.562500 0.677734 0.570312 0.681641 0.572266 0.687500 0.572266 0.689453 0.570312 0.689453 0.564453 0.683594 0.558594 0.685547 0.550781 0.687500 0.548828 0.687500 0.537109 0.681641 0.531250
0 0.955078 0.535156 0.953125 0.537109 0.953125 0.541016 0.955078 0.542969 0.957031 0.542969 0.958984 0.541016 0.958984 0.537109 0.957031 0.535156
0 0.472656 0.554688 0.474609 0.556641 0.474609 0.558594 0.476562 0.556641 0.478516 0.558594 0.478516 0.560547 0.486328 0.566406 0.490234 0.566406 0.494141 0.562500 0.496094 0.562500 0.496094 0.558594 0.498047 0.556641 0.494141 0.552734 0.494141 0.550781 0.492188 0.552734 0.490234 0.550781 0.484375 0.552734 0.484375 0.554688 0.480469 0.558594 0.474609 0.550781 0.474609 0.552734
0 0.587891 0.550781 0.585938 0.552734 0.587891 0.554688 0.589844 0.552734
1 0.623047 0.550781 0.621094 0.552734 0.623047 0.554688 0.623047 0.558594 0.625000 0.558594 0.623047 0.556641 0.623047 0.554688 0.625000 0.552734 0.625000 0.550781
0 0.605469 0.556641 0.601562 0.560547 0.601562 0.562500 0.605469 0.566406 0.609375 0.566406 0.613281 0.562500 0.607422 0.556641
0 0.646484 0.556641 0.644531 0.558594 0.644531 0.560547 0.648438 0.564453 0.652344 0.564453 0.654297 0.562500 0.654297 0.560547 0.650391 0.556641
0 0.703125 0.560547 0.699219 0.564453 0.699219 0.574219 0.703125 0.580078 0.708984 0.580078 0.710938 0.578125 0.712891 0.578125 0.712891 0.576172 0.716797 0.572266 0.716797 0.568359 0.714844 0.566406 0.714844 0.564453 0.710938 0.560547
0 0.214844 0.568359 0.214844 0.578125 0.216797 0.580078 0.230469 0.580078 0.232422 0.582031 0.232422 0.583984 0.234375 0.583984 0.236328 0.585938 0.238281 0.585938 0.240234 0.583984 0.240234 0.578125 0.238281 0.576172 0.238281 0.574219 0.232422 0.568359 0.226562 0.568359 0.224609 0.566406 0.216797 0.566406
0 0.500000 0.568359 0.496094 0.572266 0.496094 0.578125 0.498047 0.580078 0.503906 0.580078 0.507812 0.583984 0.509766 0.583984 0.511719 0.582031 0.509766 0.580078 0.509766 0.578125 0.507812 0.578125 0.505859 0.576172 0.505859 0.572266 0.503906 0.570312 0.501953 0.570312
0 0.535156 0.568359 0.533203 0.570312 0.533203 0.572266 0.535156 0.574219 0.539062 0.574219 0.541016 0.572266 0.541016 0.570312 0.539062 0.570312 0.537109 0.568359
0 0.455078 0.576172 0.457031 0.578125 0.464844 0.578125 0.466797 0.576172 0.466797 0.572266 0.464844 0.570312 0.458984 0.570312 0.457031 0.572266 0.457031 0.574219
0 0.562500 0.578125 0.558594 0.582031 0.558594 0.583984 0.556641 0.585938 0.556641 0.589844 0.558594 0.589844 0.560547 0.591797 0.566406 0.591797 0.568359 0.589844 0.570312 0.589844 0.570312 0.585938 0.568359 0.583984 0.568359 0.582031 0.564453 0.578125
0 0.587891 0.578125 0.580078 0.580078 0.580078 0.583984 0.576172 0.585938 0.578125 0.599609 0.574219 0.603516 0.574219 0.609375 0.580078 0.613281 0.585938 0.609375 0.587891 0.615234 0.580078 0.619141 0.582031 0.621094 0.576172 0.625000 0.578125 0.630859 0.601562 0.619141 0.599609 0.611328 0.603516 0.603516 0.597656 0.595703 0.585938 0.589844 0.589844 0.583984
1 0.625000 0.580078 0.623047 0.582031 0.623047 0.583984 0.621094 0.585938 0.621094 0.587891 0.623047 0.589844 0.625000 0.589844
0 0.652344 0.583984 0.652344 0.587891 0.656250 0.591797 0.666016 0.591797 0.667969 0.589844 0.669922 0.589844 0.675781 0.585938 0.675781 0.582031 0.673828 0.580078 0.669922 0.580078 0.667969 0.578125 0.658203 0.578125
0 0.250000 0.582031 0.248047 0.583984 0.250000 0.585938 0.250000 0.587891 0.251953 0.589844 0.253906 0.589844 0.255859 0.587891 0.255859 0.585938 0.251953 0.582031
0 0.468750 0.582031 0.464844 0.585938 0.466797 0.585938 0.468750 0.587891 0.470703 0.587891 0.470703 0.583984
0 0.539062 0.591797 0.535156 0.595703 0.535156 0.597656 0.537109 0.599609 0.542969 0.599609 0.544922 0.597656 0.544922 0.593750 0.542969 0.593750 0.541016 0.591797
0 0.441406 0.593750 0.433594 0.601562 0.433594 0.611328 0.435547 0.613281 0.443359 0.613281 0.445312 0.615234 0.447266 0.615234 0.449219 0.613281 0.451172 0.613281 0.455078 0.609375 0.455078 0.599609 0.451172 0.595703 0.451172 0.593750
0 0.730469 0.595703 0.728516 0.597656 0.730469 0.599609 0.732422 0.597656
0 0.617188 0.599609 0.615234 0.601562 0.615234 0.605469 0.617188 0.605469 0.619141 0.607422 0.619141 0.605469 0.621094 0.603516 0.621094 0.601562 0.619141 0.599609
0 0.482422 0.603516 0.478516 0.603516 0.478516 0.605469 0.472656 0.611328 0.472656 0.615234 0.474609 0.617188 0.480469 0.617188 0.482422 0.615234
0 0.414062 0.607422 0.416016 0.609375 0.414062 0.611328 0.414062 0.613281 0.416016 0.615234 0.417969 0.615234 0.419922 0.613281 0.419922 0.611328 0.417969 0.609375 0.416016 0.609375
0 0.660156 0.621094 0.662109 0.623047 0.662109 0.625000 0.664062 0.625000 0.667969 0.628906 0.675781 0.628906 0.685547 0.621094 0.683594 0.619141 0.683594 0.617188 0.675781 0.609375 0.666016 0.609375 0.662109 0.613281 0.662109 0.619141
0 0.748047 0.611328 0.746094 0.613281 0.748047 0.615234 0.750000 0.615234 0.750000 0.611328
0 0.556641 0.625000 0.554688 0.626953 0.554688 0.628906 0.556641 0.628906 0.558594 0.630859 0.560547 0.628906 0.558594 0.626953 0.558594 0.625000
0 0.611328 0.626953 0.609375 0.628906 0.611328 0.630859 0.613281 0.628906
0 0.699219 0.625000 0.697266 0.626953 0.699219 0.628906 0.701172 0.626953
0 0.763672 0.625000 0.761719 0.626953 0.761719 0.630859 0.765625 0.634766 0.767578 0.634766 0.769531 0.636719 0.771484 0.636719 0.775391 0.632812 0.773438 0.630859 0.773438 0.628906 0.769531 0.625000
0 0.832031 0.626953 0.828125 0.630859 0.832031 0.634766 0.835938 0.634766 0.837891 0.632812 0.837891 0.628906 0.835938 0.626953
1 0.554688 0.640625 0.546875 0.634766 0.544922 0.628906 0.541016 0.634766 0.535156 0.630859 0.531250 0.634766 0.533203 0.636719 0.531250 0.642578 0.523438 0.650391 0.519531 0.650391 0.513672 0.660156 0.515625 0.662109 0.519531 0.658203 0.523438 0.658203 0.531250 0.650391 0.537109 0.650391 0.539062 0.652344 0.554688 0.650391 0.556641 0.646484
0 0.363281 0.632812 0.361328 0.634766 0.363281 0.636719 0.363281 0.638672 0.367188 0.638672 0.369141 0.636719 0.369141 0.634766 0.367188 0.632812
0 0.572266 0.632812 0.570312 0.632812 0.568359 0.634766 0.566406 0.634766 0.562500 0.638672 0.562500 0.640625 0.560547 0.642578 0.564453 0.646484 0.564453 0.652344 0.566406 0.654297 0.570312 0.650391 0.570312 0.648438 0.574219 0.644531 0.574219 0.642578 0.576172 0.640625 0.576172 0.636719
0 0.894531 0.644531 0.890625 0.648438 0.890625 0.650391 0.888672 0.652344 0.888672 0.658203 0.890625 0.660156 0.890625 0.662109 0.894531 0.666016 0.900391 0.667969 0.902344 0.666016 0.904297 0.666016 0.908203 0.662109 0.908203 0.650391 0.902344 0.646484 0.898438 0.646484 0.896484 0.644531
0 0.929688 0.650391 0.927734 0.648438 0.927734 0.646484 0.925781 0.648438 0.923828 0.648438 0.925781 0.650391
0 0.144531 0.654297 0.144531 0.658203 0.146484 0.660156 0.148438 0.660156 0.150391 0.658203 0.150391 0.654297
0 0.533203 0.658203 0.531250 0.660156 0.531250 0.666016 0.533203 0.667969 0.535156 0.667969 0.537109 0.666016 0.539062 0.666016 0.539062 0.662109 0.535156 0.658203
0 0.697266 0.658203 0.693359 0.658203 0.691406 0.656250 0.689453 0.656250 0.683594 0.662109 0.683594 0.667969 0.681641 0.669922 0.681641 0.673828 0.683594 0.675781 0.693359 0.675781 0.699219 0.669922 0.697266 0.667969 0.699219 0.666016 0.699219 0.660156
0 0.667969 0.662109 0.666016 0.660156 0.664062 0.662109
0 0.173828 0.669922 0.171875 0.667969 0.167969 0.671875 0.167969 0.673828 0.171875 0.673828 0.173828 0.671875
0 0.554688 0.669922 0.550781 0.669922 0.548828 0.671875 0.548828 0.675781 0.550781 0.677734 0.552734 0.677734 0.556641 0.673828 0.554688 0.671875
1 0.634766 0.669922 0.636719 0.669922 0.638672 0.671875 0.642578 0.671875 0.642578 0.667969 0.638672 0.667969 0.636719 0.669922
0 0.185547 0.681641 0.185547 0.683594 0.183594 0.685547 0.183594 0.687500 0.185547 0.689453 0.189453 0.689453 0.191406 0.687500 0.191406 0.685547 0.189453 0.683594 0.189453 0.681641
0 0.548828 0.685547 0.548828 0.687500 0.552734 0.691406 0.554688 0.691406 0.558594 0.687500 0.556641 0.685547 0.556641 0.683594 0.552734 0.683594 0.550781 0.685547
0 0.623047 0.683594 0.619141 0.687500 0.619141 0.693359 0.623047 0.697266 0.628906 0.697266 0.632812 0.693359 0.632812 0.685547 0.630859 0.685547 0.628906 0.683594
0 0.699219 0.683594 0.697266 0.685547 0.697266 0.689453 0.699219 0.689453 0.701172 0.687500 0.699219 0.685547
0 0.656250 0.689453 0.654297 0.691406 0.650391 0.691406 0.646484 0.695312 0.646484 0.699219 0.652344 0.705078 0.658203 0.705078 0.662109 0.701172 0.662109 0.699219 0.660156 0.697266 0.660156 0.691406 0.658203 0.691406
0 0.875000 0.691406 0.875000 0.693359 0.871094 0.697266 0.871094 0.699219 0.873047 0.701172 0.878906 0.701172 0.880859 0.699219 0.880859 0.695312 0.878906 0.693359 0.876953 0.693359
1 0.484375 0.695312 0.482422 0.695312 0.480469 0.697266 0.482422 0.697266
0 0.861328 0.697266 0.859375 0.699219 0.859375 0.701172 0.863281 0.705078 0.865234 0.705078 0.867188 0.703125 0.867188 0.701172 0.863281 0.697266
1 0.486328 0.707031 0.486328 0.708984 0.484375 0.710938 0.484375 0.714844 0.486328 0.714844 0.490234 0.718750 0.492188 0.718750 0.494141 0.716797 0.496094 0.716797 0.498047 0.718750 0.500000 0.718750 0.505859 0.724609 0.505859 0.726562 0.507812 0.728516 0.509766 0.728516 0.515625 0.724609 0.511719 0.718750 0.507812 0.722656 0.505859 0.720703 0.505859 0.718750 0.503906 0.716797 0.503906 0.714844 0.501953 0.712891 0.501953 0.710938 0.500000 0.712891 0.498047 0.710938 0.498047 0.707031 0.500000 0.705078 0.501953 0.707031 0.501953 0.703125 0.498047 0.707031 0.496094 0.707031 0.492188 0.703125 0.490234 0.703125
0 0.537109 0.705078 0.531250 0.705078 0.531250 0.707031 0.527344 0.710938 0.521484 0.710938 0.523438 0.712891 0.523438 0.720703 0.525391 0.722656 0.533203 0.722656 0.539062 0.718750 0.537109 0.716797 0.541016 0.712891 0.541016 0.708984
0 0.619141 0.703125 0.617188 0.705078 0.615234 0.705078 0.613281 0.707031 0.617188 0.710938 0.619141 0.710938 0.621094 0.708984 0.621094 0.705078
0 0.669922 0.712891 0.669922 0.714844 0.667969 0.716797 0.667969 0.720703 0.669922 0.722656 0.677734 0.722656 0.679688 0.720703 0.677734 0.718750 0.677734 0.714844 0.675781 0.712891
0 0.080078 0.714844 0.078125 0.716797 0.078125 0.718750 0.080078 0.720703 0.082031 0.720703 0.083984 0.718750 0.083984 0.716797 0.082031 0.714844
0 0.560547 0.714844 0.550781 0.724609 0.550781 0.728516 0.554688 0.732422 0.556641 0.732422 0.558594 0.734375 0.564453 0.730469 0.564453 0.728516 0.560547 0.722656 0.560547 0.718750 0.562500 0.716797
0 0.794922 0.714844 0.791016 0.718750 0.792969 0.718750 0.798828 0.724609 0.800781 0.724609 0.802734 0.722656 0.802734 0.718750 0.800781 0.716797 0.800781 0.714844
0 0.646484 0.722656 0.644531 0.720703 0.642578 0.720703 0.640625 0.722656 0.640625 0.724609 0.644531 0.724609
0 0.585938 0.722656 0.583984 0.724609 0.583984 0.728516 0.589844 0.728516 0.589844 0.724609 0.587891 0.722656
0 0.394531 0.726562 0.392578 0.728516 0.392578 0.730469 0.396484 0.734375 0.398438 0.734375 0.400391 0.736328 0.400391 0.738281 0.398438 0.740234 0.400391 0.740234 0.402344 0.738281 0.402344 0.736328 0.404297 0.734375 0.404297 0.730469 0.400391 0.726562
1 0.650391 0.728516 0.652344 0.730469 0.652344 0.732422 0.654297 0.734375 0.656250 0.734375 0.658203 0.732422 0.662109 0.736328 0.662109 0.734375 0.660156 0.734375 0.654297 0.728516
0 0.521484 0.732422 0.519531 0.732422 0.517578 0.734375 0.515625 0.734375 0.511719 0.738281 0.511719 0.740234 0.513672 0.742188 0.513672 0.744141 0.515625 0.746094 0.519531 0.746094 0.523438 0.742188 0.525391 0.742188 0.525391 0.736328 0.523438 0.736328 0.521484 0.734375
0 0.587891 0.732422 0.583984 0.736328 0.585938 0.738281 0.587891 0.738281 0.589844 0.736328 0.587891 0.734375
0 0.685547 0.730469 0.683594 0.730469 0.681641 0.732422 0.679688 0.732422 0.679688 0.736328 0.681641 0.736328 0.683594 0.738281 0.685547 0.736328
0 0.486328 0.736328 0.488281 0.738281 0.492188 0.738281 0.492188 0.736328 0.490234 0.734375 0.488281 0.734375
0 0.361328 0.738281 0.357422 0.738281 0.357422 0.742188 0.359375 0.742188 0.361328 0.740234
0 0.966797 0.740234 0.964844 0.742188 0.964844 0.746094 0.966797 0.748047 0.970703 0.748047 0.972656 0.746094 0.972656 0.740234
0 0.353516 0.746094 0.351562 0.746094 0.347656 0.750000 0.347656 0.753906 0.349609 0.755859 0.353516 0.755859 0.355469 0.753906 0.355469 0.748047
1 0.548828 0.753906 0.544922 0.750000 0.542969 0.751953 0.539062 0.751953 0.537109 0.753906 0.535156 0.753906 0.531250 0.759766 0.527344 0.755859 0.525391 0.755859 0.519531 0.763672 0.521484 0.761719 0.527344 0.767578 0.529297 0.767578 0.535156 0.759766 0.537109 0.761719 0.539062 0.761719
0 0.660156 0.750000 0.658203 0.751953 0.658203 0.753906 0.660156 0.755859 0.662109 0.755859 0.664062 0.753906 0.664062 0.751953 0.662109 0.750000
0 0.173828 0.753906 0.171875 0.755859 0.173828 0.757812 0.175781 0.755859
0 0.384766 0.755859 0.380859 0.755859 0.378906 0.757812 0.380859 0.759766 0.380859 0.761719 0.382812 0.761719 0.384766 0.759766
0 0.468750 0.757812 0.468750 0.761719 0.466797 0.763672 0.468750 0.765625 0.468750 0.767578 0.472656 0.763672 0.474609 0.763672 0.472656 0.761719 0.472656 0.759766 0.470703 0.759766
0 0.613281 0.761719 0.611328 0.761719 0.609375 0.763672 0.605469 0.763672 0.607422 0.765625 0.605469 0.767578 0.605469 0.769531 0.607422 0.769531 0.609375 0.771484 0.613281 0.771484 0.615234 0.769531 0.615234 0.763672
0 0.640625 0.763672 0.642578 0.765625 0.640625 0.767578 0.644531 0.771484 0.648438 0.771484 0.650391 0.769531 0.650391 0.763672 0.648438 0.761719 0.644531 0.761719 0.642578 0.763672
0 0.755859 0.767578 0.753906 0.769531 0.753906 0.771484 0.755859 0.773438 0.757812 0.773438 0.759766 0.771484 0.759766 0.769531 0.757812 0.767578
0 0.664062 0.771484 0.662109 0.771484 0.660156 0.773438 0.660156 0.775391 0.662109 0.777344 0.662109 0.779297 0.666016 0.775391 0.666016 0.773438
0 0.685547 0.771484 0.687500 0.773438 0.687500 0.775391 0.691406 0.779297 0.693359 0.777344 0.693359 0.773438 0.691406 0.771484
0 0.371094 0.775391 0.371094 0.779297 0.373047 0.777344
0 0.832031 0.773438 0.830078 0.775391 0.830078 0.777344 0.832031 0.779297 0.833984 0.777344 0.833984 0.775391
0 0.457031 0.781250 0.457031 0.787109 0.458984 0.787109 0.460938 0.789062 0.462891 0.789062 0.464844 0.787109 0.468750 0.791016 0.470703 0.791016 0.472656 0.789062 0.472656 0.787109 0.464844 0.779297 0.458984 0.779297
0 0.636719 0.777344 0.634766 0.777344 0.632812 0.779297 0.628906 0.779297 0.626953 0.781250 0.626953 0.787109 0.628906 0.789062 0.634766 0.789062 0.636719 0.787109
0 0.779297 0.781250 0.777344 0.779297 0.773438 0.779297 0.773438 0.781250 0.771484 0.783203 0.769531 0.783203 0.767578 0.785156 0.767578 0.787109 0.777344 0.787109 0.779297 0.785156
0 0.884766 0.781250 0.888672 0.785156 0.892578 0.785156 0.894531 0.787109 0.894531 0.785156 0.896484 0.783203 0.896484 0.781250 0.894531 0.779297 0.886719 0.779297
0 0.359375 0.783203 0.355469 0.787109 0.355469 0.791016 0.359375 0.794922 0.361328 0.794922 0.365234 0.791016 0.365234 0.787109 0.361328 0.783203
0 0.423828 0.783203 0.423828 0.787109 0.429688 0.787109 0.431641 0.789062 0.433594 0.787109 0.435547 0.787109 0.435547 0.785156 0.433594 0.783203 0.431641 0.785156 0.429688 0.783203 0.429688 0.781250 0.425781 0.781250
0 0.589844 0.781250 0.587891 0.783203 0.589844 0.787109 0.589844 0.792969 0.587891 0.794922 0.587891 0.800781 0.589844 0.802734 0.589844 0.812500 0.593750 0.816406 0.603516 0.816406 0.607422 0.812500 0.609375 0.812500 0.609375 0.806641 0.611328 0.804688 0.607422 0.798828 0.607422 0.792969 0.603516 0.787109 0.595703 0.785156
1 0.664062 0.794922 0.666016 0.800781 0.677734 0.798828 0.681641 0.794922 0.685547 0.796875 0.685547 0.798828 0.677734 0.804688 0.677734 0.812500 0.681641 0.822266 0.681641 0.816406 0.689453 0.810547 0.697266 0.808594 0.701172 0.814453 0.705078 0.814453 0.708984 0.808594 0.716797 0.802734 0.728516 0.804688 0.730469 0.808594 0.726562 0.810547 0.726562 0.814453 0.732422 0.818359 0.736328 0.816406 0.736328 0.810547 0.732422 0.804688 0.738281 0.798828 0.738281 0.791016 0.732422 0.783203 0.730469 0.785156 0.724609 0.785156 0.720703 0.789062 0.714844 0.785156 0.701172 0.783203 0.699219 0.785156 0.693359 0.785156 0.685547 0.794922 0.679688 0.794922 0.677734 0.792969 0.671875 0.794922 0.666016 0.792969
1 0.869141 0.785156 0.865234 0.781250 0.847656 0.781250 0.843750 0.785156 0.843750 0.794922 0.841797 0.796875 0.832031 0.787109 0.828125 0.787109 0.828125 0.804688 0.830078 0.808594 0.833984 0.810547 0.841797 0.802734 0.843750 0.804688 0.841797 0.800781 0.845703 0.794922 0.849609 0.798828 0.859375 0.798828 0.869141 0.792969
0 0.306641 0.787109 0.304688 0.789062 0.304688 0.792969 0.306641 0.794922 0.310547 0.794922 0.310547 0.792969 0.312500 0.791016 0.312500 0.789062 0.310547 0.787109
0 0.580078 0.791016 0.576172 0.791016 0.574219 0.792969 0.574219 0.794922 0.578125 0.794922 0.580078 0.792969
0 0.646484 0.789062 0.642578 0.792969 0.642578 0.798828 0.644531 0.800781 0.644531 0.802734 0.646484 0.802734 0.648438 0.804688 0.650391 0.804688 0.652344 0.802734 0.654297 0.802734 0.654297 0.792969 0.652344 0.791016 0.650391 0.791016 0.648438 0.789062
0 0.322266 0.794922 0.320312 0.794922 0.318359 0.796875 0.318359 0.798828 0.322266 0.798828
0 0.212891 0.798828 0.210938 0.800781 0.210938 0.802734 0.212891 0.804688 0.214844 0.804688 0.216797 0.802734 0.216797 0.800781 0.214844 0.798828
0 0.962891 0.798828 0.960938 0.800781 0.960938 0.804688 0.962891 0.806641 0.964844 0.806641 0.966797 0.804688 0.966797 0.800781 0.964844 0.798828
1 0.427734 0.802734 0.427734 0.804688 0.425781 0.806641 0.423828 0.806641 0.423828 0.808594 0.421875 0.810547 0.421875 0.814453 0.423828 0.816406 0.429688 0.816406 0.431641 0.818359 0.429688 0.820312 0.429688 0.824219 0.431641 0.826172 0.435547 0.826172 0.435547 0.824219 0.437500 0.822266 0.439453 0.822266 0.439453 0.820312 0.437500 0.820312 0.435547 0.818359 0.433594 0.818359 0.431641 0.816406 0.431641 0.814453 0.429688 0.812500 0.429688 0.804688
0 0.796875 0.800781 0.792969 0.800781 0.791016 0.802734 0.791016 0.808594 0.792969 0.810547 0.794922 0.810547 0.798828 0.806641 0.798828 0.802734
0 0.886719 0.800781 0.884766 0.802734 0.882812 0.802734 0.878906 0.806641 0.878906 0.814453 0.876953 0.816406 0.880859 0.816406 0.886719 0.822266 0.890625 0.822266 0.890625 0.820312 0.894531 0.816406 0.894531 0.814453 0.896484 0.812500 0.894531 0.810547 0.894531 0.806641 0.888672 0.800781
0 0.226562 0.806641 0.224609 0.808594 0.222656 0.808594 0.222656 0.810547 0.224609 0.812500 0.226562 0.810547
0 0.564453 0.804688 0.556641 0.804688 0.554688 0.806641 0.554688 0.812500 0.556641 0.814453 0.556641 0.818359 0.560547 0.822266 0.562500 0.820312 0.564453 0.820312 0.568359 0.816406 0.568359 0.808594
0 0.775391 0.806641 0.773438 0.808594 0.773438 0.810547 0.775391 0.812500 0.777344 0.812500 0.779297 0.810547
0 0.365234 0.808594 0.363281 0.810547 0.363281 0.816406 0.365234 0.818359 0.369141 0.818359 0.371094 0.816406 0.371094 0.810547 0.369141 0.808594
0 0.537109 0.812500 0.533203 0.818359 0.535156 0.824219 0.537109 0.826172 0.544922 0.826172 0.546875 0.828125 0.546875 0.830078 0.552734 0.832031 0.554688 0.830078 0.554688 0.826172 0.552734 0.824219 0.550781 0.824219 0.546875 0.828125 0.544922 0.826172 0.544922 0.824219 0.546875 0.822266 0.546875 0.816406 0.542969 0.812500 0.542969 0.810547
1 0.400391 0.814453 0.398438 0.816406 0.398438 0.820312 0.404297 0.826172 0.406250 0.826172 0.406250 0.824219 0.404297 0.824219 0.402344 0.822266 0.402344 0.816406
0 0.574219 0.812500 0.574219 0.814453 0.576172 0.816406 0.574219 0.818359 0.576172 0.820312 0.576172 0.822266 0.578125 0.824219 0.582031 0.824219 0.585938 0.820312 0.585938 0.816406 0.583984 0.814453 0.583984 0.812500
0 0.814453 0.814453 0.812500 0.816406 0.812500 0.826172 0.808594 0.830078 0.808594 0.837891 0.816406 0.843750 0.818359 0.841797 0.828125 0.841797 0.832031 0.839844 0.835938 0.835938 0.835938 0.828125 0.832031 0.824219 0.824219 0.822266 0.820312 0.814453
0 0.644531 0.828125 0.642578 0.826172 0.636719 0.824219 0.630859 0.818359 0.628906 0.818359 0.621094 0.824219 0.621094 0.826172 0.619141 0.828125 0.619141 0.835938 0.623047 0.839844 0.623047 0.841797 0.625000 0.839844 0.626953 0.841797 0.628906 0.841797 0.630859 0.839844 0.632812 0.839844 0.636719 0.833984 0.640625 0.833984 0.644531 0.830078
1 0.349609 0.822266 0.347656 0.826172 0.351562 0.832031 0.347656 0.835938 0.347656 0.839844 0.345703 0.841797 0.347656 0.841797 0.355469 0.849609 0.357422 0.853516 0.363281 0.853516 0.365234 0.851562 0.365234 0.845703 0.359375 0.839844 0.363281 0.837891 0.359375 0.833984 0.355469 0.833984 0.349609 0.830078 0.353516 0.826172 0.353516 0.822266
0 0.667969 0.822266 0.666016 0.824219 0.664062 0.824219 0.660156 0.828125 0.660156 0.830078 0.662109 0.832031 0.667969 0.832031 0.669922 0.830078 0.669922 0.826172 0.667969 0.824219
0 0.761719 0.820312 0.765625 0.826172 0.765625 0.832031 0.761719 0.835938 0.761719 0.839844 0.759766 0.841797 0.761719 0.851562 0.765625 0.855469 0.779297 0.855469 0.781250 0.857422 0.785156 0.855469 0.791016 0.847656 0.791016 0.839844 0.789062 0.835938 0.781250 0.828125 0.777344 0.828125 0.775391 0.826172 0.771484 0.828125 0.765625 0.824219 0.765625 0.820312
0 0.320312 0.828125 0.322266 0.830078 0.324219 0.828125 0.326172 0.828125 0.328125 0.826172 0.324219 0.826172 0.322266 0.824219 0.320312 0.826172
0 0.695312 0.824219 0.693359 0.826172 0.693359 0.828125 0.695312 0.830078 0.697266 0.828125 0.697266 0.826172
0 0.865234 0.830078 0.861328 0.833984 0.861328 0.839844 0.869141 0.845703 0.865234 0.851562 0.867188 0.853516 0.873047 0.853516 0.882812 0.861328 0.886719 0.861328 0.894531 0.853516 0.896484 0.841797 0.892578 0.837891 0.884766 0.837891 0.873047 0.847656 0.871094 0.845703 0.873047 0.843750 0.871094 0.845703 0.869141 0.843750 0.873047 0.837891
0 0.707031 0.839844 0.703125 0.855469 0.724609 0.876953 0.736328 0.878906 0.740234 0.869141 0.736328 0.863281 0.736328 0.855469 0.750000 0.845703 0.748047 0.837891 0.742188 0.833984 0.736328 0.833984 0.726562 0.841797 0.718750 0.837891
0 0.900391 0.832031 0.900391 0.835938 0.902344 0.835938 0.902344 0.833984
0 0.574219 0.835938 0.570312 0.835938 0.566406 0.839844 0.566406 0.841797 0.570312 0.845703 0.572266 0.845703 0.576172 0.841797 0.576172 0.837891
0 0.437500 0.841797 0.437500 0.843750 0.439453 0.845703 0.439453 0.841797
0 0.837891 0.839844 0.837891 0.841797 0.841797 0.841797 0.841797 0.839844
0 0.447266 0.843750 0.445312 0.845703 0.445312 0.847656 0.447266 0.849609 0.449219 0.849609 0.451172 0.847656 0.451172 0.845703 0.449219 0.843750
0 0.482422 0.849609 0.482422 0.851562 0.486328 0.855469 0.492188 0.855469 0.494141 0.853516 0.498047 0.853516 0.498047 0.851562 0.494141 0.847656 0.494141 0.845703 0.490234 0.845703 0.488281 0.843750
0 0.619141 0.847656 0.617188 0.849609 0.617188 0.851562 0.619141 0.851562 0.621094 0.853516 0.623047 0.853516 0.625000 0.851562 0.625000 0.849609 0.623047 0.847656
0 0.439453 0.857422 0.437500 0.857422 0.435547 0.855469 0.435547 0.853516 0.433594 0.855469 0.431641 0.855469 0.429688 0.857422 0.429688 0.859375 0.431641 0.859375 0.433594 0.861328 0.435547 0.861328
0 0.671875 0.853516 0.669922 0.853516 0.667969 0.855469 0.662109 0.855469 0.658203 0.859375 0.660156 0.861328 0.660156 0.863281 0.662109 0.865234 0.662109 0.867188 0.664062 0.869141 0.666016 0.869141 0.667969 0.867188 0.669922 0.867188 0.675781 0.861328 0.673828 0.859375 0.673828 0.855469
0 0.458984 0.865234 0.460938 0.867188 0.460938 0.869141 0.462891 0.871094 0.464844 0.871094 0.464844 0.869141 0.470703 0.863281 0.476562 0.863281 0.478516 0.865234 0.484375 0.859375 0.480469 0.855469 0.476562 0.855469 0.472656 0.859375 0.468750 0.859375 0.464844 0.855469 0.462891 0.855469 0.458984 0.859375
0 0.808594 0.859375 0.806641 0.861328 0.804688 0.861328 0.802734 0.863281 0.800781 0.863281 0.802734 0.865234 0.802734 0.869141 0.804688 0.871094 0.808594 0.871094 0.810547 0.869141 0.810547 0.863281 0.808594 0.861328
0 0.925781 0.859375 0.923828 0.861328 0.925781 0.863281 0.927734 0.861328
0 0.695312 0.865234 0.693359 0.867188 0.691406 0.867188 0.689453 0.869141 0.691406 0.871094 0.689453 0.873047 0.691406 0.875000 0.695312 0.875000 0.699219 0.871094 0.699219 0.869141
0 0.642578 0.873047 0.642578 0.876953 0.646484 0.876953 0.646484 0.873047
1 0.423828 0.875000 0.423828 0.878906 0.431641 0.878906 0.433594 0.880859 0.435547 0.878906 0.435547 0.876953 0.433594 0.875000
0 0.656250 0.875000 0.652344 0.878906 0.652344 0.880859 0.648438 0.886719 0.648438 0.894531 0.656250 0.894531 0.658203 0.896484 0.658203 0.898438 0.656250 0.900391 0.666016 0.900391 0.667969 0.898438 0.667969 0.892578 0.666016 0.890625 0.666016 0.880859 0.662109 0.875000
0 0.757812 0.875000 0.755859 0.876953 0.759766 0.880859 0.761719 0.880859 0.763672 0.878906 0.763672 0.876953 0.761719 0.875000
1 0.740234 0.880859 0.742188 0.882812 0.740234 0.884766 0.742188 0.886719 0.748047 0.886719 0.751953 0.882812 0.751953 0.880859 0.750000 0.882812 0.748047 0.882812 0.746094 0.880859 0.744141 0.880859 0.742188 0.882812
0 0.638672 0.882812 0.638672 0.886719 0.640625 0.886719 0.640625 0.882812
0 0.951172 0.894531 0.951172 0.904297 0.953125 0.906250 0.953125 0.908203 0.955078 0.906250 0.957031 0.908203 0.960938 0.908203 0.966797 0.904297 0.966797 0.896484 0.962891 0.892578 0.955078 0.892578 0.953125 0.894531
0 0.570312 0.900391 0.568359 0.900391 0.566406 0.902344 0.566406 0.904297 0.568359 0.904297 0.570312 0.902344
0 0.775391 0.898438 0.773438 0.900391 0.773438 0.904297 0.777344 0.908203 0.779297 0.908203 0.783203 0.904297 0.783203 0.900391 0.781250 0.898438
0 0.875000 0.900391 0.875000 0.902344 0.876953 0.904297 0.880859 0.904297 0.882812 0.906250 0.882812 0.904297 0.880859 0.902344 0.880859 0.900391 0.878906 0.898438 0.876953 0.900391
0 0.716797 0.904297 0.714844 0.906250 0.712891 0.906250 0.708984 0.912109 0.705078 0.912109 0.703125 0.914062 0.701172 0.914062 0.697266 0.919922 0.710938 0.931641 0.714844 0.927734 0.714844 0.916016 0.720703 0.910156 0.720703 0.908203
0 0.855469 0.902344 0.855469 0.904297 0.857422 0.904297 0.857422 0.902344
0 0.886719 0.904297 0.886719 0.906250 0.888672 0.906250
0 0.548828 0.912109 0.546875 0.914062 0.546875 0.917969 0.548828 0.919922 0.552734 0.919922 0.554688 0.917969 0.554688 0.914062 0.552734 0.912109
1 0.617188 0.916016 0.613281 0.912109 0.611328 0.912109 0.607422 0.916016 0.605469 0.916016 0.601562 0.919922 0.603516 0.919922 0.605469 0.921875 0.607422 0.919922 0.615234 0.919922 0.617188 0.917969
0 0.982422 0.912109 0.978516 0.912109 0.976562 0.914062 0.974609 0.914062 0.970703 0.919922 0.972656 0.925781 0.976562 0.929688 0.978516 0.929688 0.980469 0.931641 0.982422 0.929688 0.984375 0.929688 0.990234 0.923828 0.990234 0.919922 0.988281 0.917969 0.988281 0.916016
0 0.730469 0.919922 0.728516 0.919922 0.724609 0.923828 0.724609 0.931641 0.722656 0.933594 0.722656 0.939453 0.724609 0.941406 0.730469 0.941406 0.736328 0.935547 0.736328 0.931641 0.734375 0.929688 0.734375 0.925781 0.730469 0.921875
0 0.810547 0.917969 0.808594 0.917969 0.804688 0.921875 0.804688 0.925781 0.808594 0.929688 0.810547 0.927734 0.812500 0.927734 0.814453 0.925781 0.814453 0.921875
0 0.888672 0.917969 0.886719 0.919922 0.886719 0.925781 0.888672 0.927734 0.888672 0.931641 0.892578 0.935547 0.896484 0.931641 0.898438 0.931641 0.900391 0.929688 0.900391 0.923828 0.894531 0.917969
0 0.939453 0.919922 0.937500 0.921875 0.941406 0.925781 0.943359 0.923828 0.943359 0.921875 0.941406 0.919922
0 0.564453 0.923828 0.562500 0.923828 0.558594 0.927734 0.558594 0.929688 0.560547 0.931641 0.558594 0.933594 0.558594 0.935547 0.560547 0.937500 0.562500 0.935547 0.564453 0.935547 0.564453 0.933594 0.568359 0.929688 0.568359 0.927734
1 0.691406 0.923828 0.687500 0.923828 0.685547 0.925781 0.685547 0.927734 0.683594 0.929688 0.683594 0.933594 0.685547 0.935547 0.685547 0.937500 0.687500 0.935547 0.689453 0.935547 0.691406 0.933594 0.691406 0.931641 0.689453 0.929688 0.689453 0.927734 0.691406 0.925781
0 0.507812 0.927734 0.505859 0.929688 0.505859 0.931641 0.507812 0.933594 0.509766 0.933594 0.509766 0.929688
1 0.818359 0.933594 0.818359 0.937500 0.824219 0.943359 0.826172 0.943359 0.832031 0.947266 0.835938 0.947266 0.837891 0.945312 0.837891 0.941406 0.835938 0.939453 0.832031 0.939453 0.830078 0.941406 0.828125 0.941406 0.824219 0.937500 0.824219 0.935547 0.822266 0.933594
0 0.865234 0.933594 0.863281 0.935547 0.863281 0.939453 0.865234 0.941406 0.867188 0.941406 0.869141 0.939453 0.869141 0.935547 0.867188 0.933594
0 0.671875 0.939453 0.671875 0.941406 0.669922 0.943359 0.669922 0.949219 0.675781 0.951172 0.679688 0.955078 0.679688 0.958984 0.681641 0.960938 0.685547 0.960938 0.693359 0.953125 0.693359 0.947266 0.691406 0.945312 0.687500 0.945312 0.685547 0.943359 0.683594 0.943359 0.681641 0.941406 0.681641 0.939453
0 0.570312 0.943359 0.562500 0.951172 0.562500 0.953125 0.568359 0.958984 0.568359 0.960938 0.572266 0.966797 0.574219 0.966797 0.576172 0.968750 0.582031 0.968750 0.587891 0.962891 0.585938 0.957031 0.582031 0.953125 0.582031 0.947266 0.578125 0.943359 0.578125 0.941406 0.576172 0.943359
0 0.638672 0.941406 0.634766 0.945312 0.634766 0.947266 0.636719 0.949219 0.636719 0.951172 0.642578 0.951172 0.646484 0.947266 0.646484 0.943359 0.644531 0.941406
0 0.814453 0.943359 0.812500 0.945312 0.812500 0.949219 0.814453 0.951172 0.816406 0.951172 0.816406 0.949219 0.818359 0.947266 0.818359 0.945312 0.816406 0.943359
0 0.933594 0.945312 0.933594 0.947266 0.935547 0.949219 0.941406 0.949219 0.941406 0.945312 0.939453 0.943359 0.935547 0.943359
0 0.619141 0.945312 0.619141 0.949219 0.621094 0.951172 0.625000 0.951172 0.626953 0.949219 0.626953 0.947266 0.625000 0.945312
1 0.544922 0.951172 0.542969 0.951172 0.541016 0.953125 0.541016 0.955078 0.542969 0.957031 0.541016 0.958984 0.541016 0.962891 0.542969 0.964844 0.541016 0.966797 0.541016 0.970703 0.539062 0.972656 0.541016 0.972656 0.541016 0.966797 0.542969 0.964844 0.544922 0.966797 0.546875 0.964844 0.548828 0.964844 0.548828 0.962891 0.546875 0.964844 0.544922 0.962891 0.542969 0.962891 0.541016 0.960938 0.542969 0.958984 0.542969 0.957031 0.544922 0.955078 0.546875 0.955078 0.544922 0.953125
0 0.914062 0.951172 0.912109 0.953125 0.910156 0.953125 0.910156 0.957031 0.912109 0.958984 0.914062 0.958984 0.916016 0.957031 0.916016 0.955078 0.914062 0.953125
0 0.699219 0.953125 0.697266 0.955078 0.697266 0.960938 0.699219 0.962891 0.703125 0.962891 0.707031 0.958984 0.707031 0.957031 0.703125 0.953125
0 0.701172 0.974609 0.703125 0.986328 0.714844 0.998047 0.734375 0.998047 0.744141 0.988281 0.759766 0.992188 0.769531 0.986328 0.767578 0.970703 0.773438 0.964844 0.769531 0.958984 0.761719 0.957031 0.757812 0.962891 0.746094 0.960938 0.732422 0.968750 0.732422 0.957031 0.728516 0.955078 0.726562 0.968750
0 0.861328 0.953125 0.859375 0.955078 0.859375 0.957031 0.861328 0.958984 0.863281 0.958984 0.865234 0.957031 0.865234 0.955078 0.863281 0.953125
0 0.992188 0.953125 0.990234 0.953125 0.988281 0.955078 0.984375 0.955078 0.982422 0.957031 0.982422 0.958984 0.986328 0.962891 0.990234 0.962891 0.992188 0.960938 0.992188 0.958984 0.994141 0.957031 0.994141 0.955078
0 0.482422 0.957031 0.482422 0.958984 0.484375 0.960938 0.486328 0.960938 0.486328 0.957031
0 0.664062 0.958984 0.662109 0.960938 0.662109 0.962891 0.660156 0.964844 0.660156 0.970703 0.664062 0.974609 0.671875 0.974609 0.675781 0.970703 0.675781 0.964844 0.671875 0.960938 0.671875 0.958984
0 0.357422 0.962891 0.353516 0.966797 0.353516 0.970703 0.355469 0.970703 0.359375 0.966797 0.359375 0.964844
0 0.523438 0.962891 0.521484 0.964844 0.521484 0.968750 0.519531 0.970703 0.519531 0.974609 0.521484 0.976562 0.527344 0.976562 0.529297 0.974609 0.531250 0.974609 0.531250 0.972656 0.533203 0.970703 0.533203 0.966797 0.531250 0.964844 0.529297 0.964844 0.527344 0.962891
0 0.796875 0.966797 0.796875 0.962891 0.794922 0.964844 0.792969 0.964844 0.794922 0.966797
0 0.476562 0.964844 0.476562 0.968750 0.478516 0.970703 0.480469 0.970703 0.482422 0.968750 0.482422 0.966797 0.480469 0.964844
0 0.816406 0.964844 0.814453 0.966797 0.814453 0.970703 0.816406 0.972656 0.820312 0.972656 0.822266 0.970703 0.822266 0.966797 0.820312 0.964844
0 0.861328 0.964844 0.859375 0.964844 0.857422 0.966797 0.857422 0.968750 0.855469 0.970703 0.855469 0.972656 0.857422 0.974609 0.861328 0.974609 0.863281 0.972656 0.863281 0.966797
0 0.906250 0.970703 0.906250 0.972656 0.902344 0.976562 0.902344 0.978516 0.904297 0.980469 0.906250 0.980469 0.908203 0.982422 0.912109 0.982422 0.916016 0.978516 0.916016 0.974609 0.914062 0.972656 0.916016 0.970703
0 0.949219 0.970703 0.945312 0.974609 0.945312 0.984375 0.949219 0.988281 0.953125 0.988281 0.955078 0.990234 0.957031 0.988281 0.960938 0.988281 0.962891 0.986328 0.962891 0.976562 0.957031 0.970703
1 0.998047 0.968750 0.996094 0.970703 0.996094 0.972656 0.994141 0.974609 0.994141 0.982422 0.996094 0.984375 0.998047 0.984375
0 0.638672 0.974609 0.636719 0.976562 0.636719 0.978516 0.638672 0.980469 0.640625 0.980469 0.642578 0.978516 0.642578 0.976562 0.640625 0.974609
0 0.250000 0.976562 0.248047 0.976562 0.246094 0.978516 0.246094 0.980469 0.250000 0.980469
0 0.607422 0.978516 0.605469 0.980469 0.605469 0.984375 0.607422 0.986328 0.609375 0.986328 0.611328 0.984375 0.611328 0.980469 0.609375 0.978516
0 0.841797 0.980469 0.839844 0.978516 0.833984 0.978516 0.830078 0.982422 0.828125 0.982422 0.828125 0.986328 0.820312 0.994141 0.820312 0.998047 0.833984 0.998047 0.839844 0.992188 0.839844 0.990234 0.841797 0.988281
1 0.978516 0.998047 0.976562 0.998047 0.972656 0.994141 0.970703 0.996094 0.968750 0.996094 0.966797 0.998047 0.962891 0.998047
0 0.666016 0.041016 0.666016 0.044922 0.662109 0.044922 0.660156 0.042969 0.664062 0.039062
0 0.671875 0.046875 0.671875 0.050781 0.667969 0.050781 0.666016 0.048828 0.669922 0.044922
0 0.544922 0.050781 0.544922 0.054688 0.541016 0.054688 0.539062 0.052734 0.542969 0.048828
0 0.634766 0.050781 0.634766 0.054688 0.630859 0.054688 0.628906 0.052734 0.632812 0.048828
0 0.666016 0.054688 0.666016 0.058594 0.662109 0.058594 0.660156 0.056641 0.664062 0.052734
0 0.886719 0.087891 0.886719 0.091797 0.882812 0.091797 0.880859 0.089844 0.884766 0.085938
0 0.890625 0.095703 0.890625 0.099609 0.886719 0.099609 0.884766 0.097656 0.888672 0.093750
0 0.880859 0.097656 0.880859 0.101562 0.876953 0.101562 0.875000 0.099609 0.878906 0.095703
0 0.316406 0.111328 0.316406 0.115234 0.312500 0.115234 0.310547 0.113281 0.314453 0.109375
0 0.017578 0.117188 0.015625 0.119141 0.015625 0.121094 0.013672 0.123047 0.007812 0.123047 0.005859 0.121094 0.005859 0.119141 0.003906 0.117188 0.003906 0.115234 0.005859 0.113281 0.005859 0.111328 0.007812 0.109375 0.013672 0.109375 0.015625 0.111328 0.015625 0.113281 0.017578 0.115234
0 0.324219 0.117188 0.324219 0.121094 0.320312 0.121094 0.318359 0.119141 0.322266 0.115234
0 0.357422 0.117188 0.357422 0.121094 0.353516 0.121094 0.351562 0.119141 0.355469 0.115234
0 0.585938 0.123047 0.583984 0.123047 0.582031 0.125000 0.578125 0.125000 0.576172 0.123047 0.576172 0.117188 0.578125 0.115234 0.582031 0.115234 0.583984 0.117188 0.585938 0.117188
0 0.363281 0.125000 0.363281 0.128906 0.359375 0.128906 0.357422 0.126953 0.361328 0.123047
0 0.576172 0.125000 0.576172 0.128906 0.572266 0.128906 0.570312 0.126953 0.574219 0.123047
0 0.349609 0.126953 0.349609 0.130859 0.345703 0.130859 0.343750 0.128906 0.347656 0.125000
0 0.591797 0.126953 0.591797 0.130859 0.587891 0.130859 0.585938 0.128906 0.589844 0.125000
0 0.021484 0.136719 0.015625 0.142578 0.009766 0.142578 0.003906 0.136719 0.003906 0.130859 0.009766 0.125000 0.015625 0.125000 0.021484 0.130859
0 0.578125 0.132812 0.578125 0.136719 0.574219 0.136719 0.572266 0.134766 0.576172 0.130859
0 0.587891 0.132812 0.587891 0.136719 0.583984 0.136719 0.582031 0.134766 0.585938 0.130859
0 0.017578 0.146484 0.015625 0.146484 0.013672 0.148438 0.009766 0.148438 0.007812 0.146484 0.007812 0.140625 0.009766 0.138672 0.013672 0.138672 0.015625 0.140625 0.017578 0.140625
0 0.546875 0.142578 0.546875 0.146484 0.542969 0.146484 0.541016 0.144531 0.544922 0.140625
0 0.554688 0.148438 0.554688 0.152344 0.550781 0.152344 0.548828 0.150391 0.552734 0.146484
0 0.677734 0.164062 0.675781 0.164062 0.673828 0.166016 0.669922 0.166016 0.667969 0.164062 0.667969 0.158203 0.669922 0.156250 0.673828 0.156250 0.675781 0.158203 0.677734 0.158203
0 0.548828 0.166016 0.546875 0.166016 0.544922 0.167969 0.541016 0.167969 0.539062 0.166016 0.539062 0.160156 0.541016 0.158203 0.544922 0.158203 0.546875 0.160156 0.548828 0.160156
0 0.697266 0.166016 0.695312 0.166016 0.693359 0.167969 0.689453 0.167969 0.687500 0.166016 0.687500 0.160156 0.689453 0.158203 0.693359 0.158203 0.695312 0.160156 0.697266 0.160156
0 0.683594 0.169922 0.683594 0.173828 0.679688 0.173828 0.677734 0.171875 0.681641 0.167969
0 0.017578 0.179688 0.015625 0.179688 0.013672 0.181641 0.009766 0.181641 0.007812 0.179688 0.007812 0.173828 0.009766 0.171875 0.013672 0.171875 0.015625 0.173828 0.017578 0.173828
0 0.025391 0.207031 0.019531 0.212891 0.013672 0.212891 0.007812 0.207031 0.007812 0.201172 0.013672 0.195312 0.019531 0.195312 0.025391 0.201172
0 0.046875 0.210938 0.044922 0.212891 0.044922 0.214844 0.042969 0.216797 0.037109 0.216797 0.035156 0.214844 0.035156 0.212891 0.033203 0.210938 0.033203 0.208984 0.035156 0.207031 0.035156 0.205078 0.037109 0.203125 0.042969 0.203125 0.044922 0.205078 0.044922 0.207031 0.046875 0.208984
0 0.519531 0.214844 0.519531 0.218750 0.515625 0.218750 0.513672 0.216797 0.517578 0.212891
0 0.554688 0.218750 0.554688 0.222656 0.550781 0.222656 0.548828 0.220703 0.552734 0.216797
0 0.519531 0.224609 0.519531 0.228516 0.515625 0.228516 0.513672 0.226562 0.517578 0.222656
0 0.072266 0.228516 0.070312 0.230469 0.070312 0.232422 0.068359 0.234375 0.062500 0.234375 0.060547 0.232422 0.060547 0.230469 0.058594 0.228516 0.058594 0.226562 0.060547 0.224609 0.060547 0.222656 0.062500 0.220703 0.068359 0.220703 0.070312 0.222656 0.070312 0.224609 0.072266 0.226562
0 0.232422 0.230469 0.230469 0.230469 0.228516 0.232422 0.224609 0.232422 0.222656 0.230469 0.222656 0.224609 0.224609 0.222656 0.228516 0.222656 0.230469 0.224609 0.232422 0.224609
0 0.248047 0.236328 0.246094 0.236328 0.244141 0.238281 0.240234 0.238281 0.238281 0.236328 0.238281 0.230469 0.240234 0.228516 0.244141 0.228516 0.246094 0.230469 0.248047 0.230469
0 0.240234 0.240234 0.240234 0.244141 0.236328 0.244141 0.234375 0.242188 0.238281 0.238281
0 0.582031 0.271484 0.580078 0.273438 0.580078 0.275391 0.578125 0.277344 0.572266 0.277344 0.570312 0.275391 0.570312 0.273438 0.568359 0.271484 0.568359 0.269531 0.570312 0.267578 0.570312 0.265625 0.572266 0.263672 0.578125 0.263672 0.580078 0.265625 0.580078 0.267578 0.582031 0.269531
0 0.552734 0.277344 0.550781 0.279297 0.550781 0.281250 0.548828 0.283203 0.542969 0.283203 0.541016 0.281250 0.541016 0.279297 0.539062 0.277344 0.539062 0.275391 0.541016 0.273438 0.541016 0.271484 0.542969 0.269531 0.548828 0.269531 0.550781 0.271484 0.550781 0.273438 0.552734 0.275391
0 0.580078 0.279297 0.578125 0.281250 0.578125 0.283203 0.576172 0.285156 0.570312 0.285156 0.568359 0.283203 0.568359 0.281250 0.566406 0.279297 0.566406 0.277344 0.568359 0.275391 0.568359 0.273438 0.570312 0.271484 0.576172 0.271484 0.578125 0.273438 0.578125 0.275391 0.580078 0.277344
0 0.457031 0.289062 0.455078 0.289062 0.453125 0.291016 0.449219 0.291016 0.447266 0.289062 0.447266 0.283203 0.449219 0.281250 0.453125 0.281250 0.455078 0.283203 0.457031 0.283203
0 0.666016 0.289062 0.664062 0.289062 0.662109 0.291016 0.658203 0.291016 0.656250 0.289062 0.656250 0.283203 0.658203 0.281250 0.662109 0.281250 0.664062 0.283203 0.666016 0.283203
0 0.527344 0.289062 0.525391 0.291016 0.525391 0.292969 0.523438 0.294922 0.517578 0.294922 0.515625 0.292969 0.515625 0.291016 0.513672 0.289062 0.513672 0.287109 0.515625 0.285156 0.515625 0.283203 0.517578 0.281250 0.523438 0.281250 0.525391 0.283203 0.525391 0.285156 0.527344 0.287109
0 0.683594 0.292969 0.681641 0.292969 0.679688 0.294922 0.675781 0.294922 0.673828 0.292969 0.673828 0.287109 0.675781 0.285156 0.679688 0.285156 0.681641 0.287109 0.683594 0.287109
0 0.474609 0.294922 0.472656 0.294922 0.470703 0.296875 0.466797 0.296875 0.464844 0.294922 0.464844 0.289062 0.466797 0.287109 0.470703 0.287109 0.472656 0.289062 0.474609 0.289062
0 0.001953 0.300781 0.000000 0.300781 0.000000 0.287109 0.001953 0.287109 0.003906 0.289062 0.003906 0.291016 0.005859 0.292969 0.005859 0.294922 0.003906 0.296875 0.003906 0.298828
0 0.201172 0.298828 0.199219 0.298828 0.197266 0.300781 0.193359 0.300781 0.191406 0.298828 0.191406 0.292969 0.193359 0.291016 0.197266 0.291016 0.199219 0.292969 0.201172 0.292969
0 0.449219 0.298828 0.447266 0.298828 0.445312 0.300781 0.441406 0.300781 0.439453 0.298828 0.439453 0.292969 0.441406 0.291016 0.445312 0.291016 0.447266 0.292969 0.449219 0.292969
0 0.544922 0.296875 0.542969 0.298828 0.542969 0.300781 0.541016 0.302734 0.535156 0.302734 0.533203 0.300781 0.533203 0.298828 0.531250 0.296875 0.531250 0.294922 0.533203 0.292969 0.533203 0.291016 0.535156 0.289062 0.541016 0.289062 0.542969 0.291016 0.542969 0.292969 0.544922 0.294922
0 0.669922 0.302734 0.667969 0.302734 0.666016 0.304688 0.662109 0.304688 0.660156 0.302734 0.660156 0.296875 0.662109 0.294922 0.666016 0.294922 0.667969 0.296875 0.669922 0.296875
0 0.677734 0.302734 0.675781 0.302734 0.673828 0.304688 0.669922 0.304688 0.667969 0.302734 0.667969 0.296875 0.669922 0.294922 0.673828 0.294922 0.675781 0.296875 0.677734 0.296875
0 0.216797 0.304688 0.214844 0.304688 0.212891 0.306641 0.208984 0.306641 0.207031 0.304688 0.207031 0.298828 0.208984 0.296875 0.212891 0.296875 0.214844 0.298828 0.216797 0.298828
0 0.066406 0.318359 0.064453 0.318359 0.062500 0.320312 0.052734 0.320312 0.046875 0.314453 0.046875 0.304688 0.048828 0.302734 0.050781 0.302734 0.050781 0.300781 0.052734 0.298828 0.062500 0.298828 0.068359 0.304688 0.068359 0.314453 0.066406 0.316406
0 0.187500 0.312500 0.185547 0.312500 0.183594 0.314453 0.179688 0.314453 0.177734 0.312500 0.177734 0.306641 0.179688 0.304688 0.183594 0.304688 0.185547 0.306641 0.187500 0.306641
0 0.457031 0.312500 0.455078 0.312500 0.453125 0.314453 0.449219 0.314453 0.447266 0.312500 0.447266 0.306641 0.449219 0.304688 0.453125 0.304688 0.455078 0.306641 0.457031 0.306641
0 0.472656 0.312500 0.470703 0.312500 0.468750 0.314453 0.464844 0.314453 0.462891 0.312500 0.462891 0.306641 0.464844 0.304688 0.468750 0.304688 0.470703 0.306641 0.472656 0.306641
0 0.587891 0.314453 0.582031 0.320312 0.576172 0.320312 0.570312 0.314453 0.570312 0.308594 0.576172 0.302734 0.582031 0.302734 0.587891 0.308594
0 0.228516 0.318359 0.226562 0.318359 0.224609 0.320312 0.220703 0.320312 0.218750 0.318359 0.218750 0.312500 0.220703 0.310547 0.224609 0.310547 0.226562 0.312500 0.228516 0.312500
0 0.732422 0.314453 0.732422 0.318359 0.728516 0.318359 0.726562 0.316406 0.730469 0.312500
0 0.976562 0.314453 0.976562 0.318359 0.972656 0.318359 0.970703 0.316406 0.974609 0.312500
0 0.744141 0.316406 0.744141 0.320312 0.740234 0.320312 0.738281 0.318359 0.742188 0.314453
0 0.605469 0.322266 0.603516 0.322266 0.601562 0.324219 0.597656 0.324219 0.595703 0.322266 0.595703 0.316406 0.597656 0.314453 0.601562 0.314453 0.603516 0.316406 0.605469 0.316406
0 0.226562 0.324219 0.224609 0.324219 0.222656 0.326172 0.218750 0.326172 0.216797 0.324219 0.216797 0.318359 0.218750 0.316406 0.222656 0.316406 0.224609 0.318359 0.226562 0.318359
0 0.462891 0.320312 0.462891 0.324219 0.458984 0.324219 0.457031 0.322266 0.460938 0.318359
0 0.611328 0.326172 0.609375 0.328125 0.609375 0.330078 0.607422 0.332031 0.601562 0.332031 0.599609 0.330078 0.599609 0.328125 0.597656 0.326172 0.597656 0.324219 0.599609 0.322266 0.599609 0.320312 0.601562 0.318359 0.607422 0.318359 0.609375 0.320312 0.609375 0.322266 0.611328 0.324219
0 0.207031 0.330078 0.205078 0.330078 0.203125 0.332031 0.199219 0.332031 0.197266 0.330078 0.197266 0.324219 0.199219 0.322266 0.203125 0.322266 0.205078 0.324219 0.207031 0.324219
0 0.494141 0.326172 0.494141 0.330078 0.490234 0.330078 0.488281 0.328125 0.492188 0.324219
0 0.558594 0.328125 0.556641 0.330078 0.556641 0.332031 0.554688 0.333984 0.548828 0.333984 0.546875 0.332031 0.546875 0.330078 0.544922 0.328125 0.544922 0.326172 0.546875 0.324219 0.546875 0.322266 0.548828 0.320312 0.554688 0.320312 0.556641 0.322266 0.556641 0.324219 0.558594 0.326172
0 0.679688 0.326172 0.679688 0.330078 0.675781 0.330078 0.673828 0.328125 0.677734 0.324219
0 0.560547 0.333984 0.558594 0.335938 0.558594 0.337891 0.556641 0.339844 0.550781 0.339844 0.548828 0.337891 0.548828 0.335938 0.546875 0.333984 0.546875 0.332031 0.548828 0.330078 0.548828 0.328125 0.550781 0.326172 0.556641 0.326172 0.558594 0.328125 0.558594 0.330078 0.560547 0.332031
0 0.671875 0.335938 0.669922 0.335938 0.667969 0.337891 0.664062 0.337891 0.662109 0.335938 0.662109 0.330078 0.664062 0.328125 0.667969 0.328125 0.669922 0.330078 0.671875 0.330078
0 0.654297 0.333984 0.654297 0.337891 0.650391 0.337891 0.648438 0.335938 0.652344 0.332031
0 0.490234 0.335938 0.490234 0.339844 0.486328 0.339844 0.484375 0.337891 0.488281 0.333984
0 0.687500 0.335938 0.687500 0.339844 0.683594 0.339844 0.681641 0.337891 0.685547 0.333984
0 0.591797 0.339844 0.589844 0.341797 0.589844 0.343750 0.587891 0.345703 0.582031 0.345703 0.580078 0.343750 0.580078 0.341797 0.578125 0.339844 0.578125 0.337891 0.580078 0.335938 0.580078 0.333984 0.582031 0.332031 0.587891 0.332031 0.589844 0.333984 0.589844 0.335938 0.591797 0.337891
0 0.001953 0.347656 0.000000 0.347656 0.000000 0.333984 0.001953 0.333984 0.003906 0.335938 0.003906 0.337891 0.005859 0.339844 0.005859 0.341797 0.003906 0.343750 0.003906 0.345703
0 0.658203 0.339844 0.658203 0.343750 0.654297 0.343750 0.652344 0.341797 0.656250 0.337891
0 0.664062 0.339844 0.664062 0.343750 0.660156 0.343750 0.658203 0.341797 0.662109 0.337891
0 0.085938 0.345703 0.083984 0.347656 0.083984 0.349609 0.082031 0.351562 0.076172 0.351562 0.074219 0.349609 0.074219 0.347656 0.072266 0.345703 0.072266 0.343750 0.074219 0.341797 0.074219 0.339844 0.076172 0.337891 0.082031 0.337891 0.083984 0.339844 0.083984 0.341797 0.085938 0.343750
0 0.562500 0.353516 0.560547 0.353516 0.558594 0.355469 0.548828 0.355469 0.542969 0.349609 0.542969 0.339844 0.544922 0.337891 0.546875 0.337891 0.546875 0.335938 0.548828 0.333984 0.558594 0.333984 0.564453 0.339844 0.564453 0.349609 0.562500 0.351562
0 0.429688 0.345703 0.429688 0.349609 0.425781 0.349609 0.423828 0.347656 0.427734 0.343750
0 0.035156 0.357422 0.033203 0.357422 0.031250 0.359375 0.021484 0.359375 0.015625 0.353516 0.015625 0.343750 0.017578 0.341797 0.019531 0.341797 0.019531 0.339844 0.021484 0.337891 0.031250 0.337891 0.037109 0.343750 0.037109 0.353516 0.035156 0.355469
0 0.416016 0.347656 0.416016 0.351562 0.412109 0.351562 0.410156 0.349609 0.414062 0.345703
0 0.177734 0.349609 0.177734 0.353516 0.173828 0.353516 0.171875 0.351562 0.175781 0.347656
0 0.429688 0.353516 0.429688 0.357422 0.425781 0.357422 0.423828 0.355469 0.427734 0.351562
0 0.541016 0.357422 0.539062 0.357422 0.537109 0.359375 0.533203 0.359375 0.531250 0.357422 0.531250 0.351562 0.533203 0.349609 0.537109 0.349609 0.539062 0.351562 0.541016 0.351562
0 0.089844 0.357422 0.087891 0.359375 0.087891 0.361328 0.085938 0.363281 0.080078 0.363281 0.078125 0.361328 0.078125 0.359375 0.076172 0.357422 0.076172 0.355469 0.078125 0.353516 0.078125 0.351562 0.080078 0.349609 0.085938 0.349609 0.087891 0.351562 0.087891 0.353516 0.089844 0.355469
0 0.162109 0.361328 0.160156 0.361328 0.158203 0.363281 0.154297 0.363281 0.152344 0.361328 0.152344 0.355469 0.154297 0.353516 0.158203 0.353516 0.160156 0.355469 0.162109 0.355469
0 0.423828 0.357422 0.423828 0.361328 0.419922 0.361328 0.417969 0.359375 0.421875 0.355469
0 0.154297 0.371094 0.152344 0.371094 0.150391 0.373047 0.140625 0.373047 0.134766 0.367188 0.134766 0.357422 0.136719 0.355469 0.138672 0.355469 0.138672 0.353516 0.140625 0.351562 0.150391 0.351562 0.156250 0.357422 0.156250 0.367188 0.154297 0.369141
0 0.183594 0.363281 0.183594 0.367188 0.179688 0.367188 0.177734 0.365234 0.181641 0.361328
0 0.527344 0.367188 0.525391 0.367188 0.523438 0.369141 0.519531 0.369141 0.517578 0.367188 0.517578 0.361328 0.519531 0.359375 0.523438 0.359375 0.525391 0.361328 0.527344 0.361328
0 0.833984 0.367188 0.832031 0.367188 0.830078 0.369141 0.826172 0.369141 0.824219 0.367188 0.824219 0.361328 0.826172 0.359375 0.830078 0.359375 0.832031 0.361328 0.833984 0.361328
0 0.822266 0.365234 0.822266 0.369141 0.818359 0.369141 0.816406 0.367188 0.820312 0.363281
0 0.027344 0.367188 0.027344 0.371094 0.023438 0.371094 0.021484 0.369141 0.025391 0.365234
0 0.839844 0.371094 0.837891 0.371094 0.835938 0.373047 0.832031 0.373047 0.830078 0.371094 0.830078 0.365234 0.832031 0.363281 0.835938 0.363281 0.837891 0.365234 0.839844 0.365234
0 0.142578 0.373047 0.140625 0.375000 0.140625 0.376953 0.138672 0.378906 0.132812 0.378906 0.130859 0.376953 0.130859 0.375000 0.128906 0.373047 0.128906 0.371094 0.130859 0.369141 0.130859 0.367188 0.132812 0.365234 0.138672 0.365234 0.140625 0.367188 0.140625 0.369141 0.142578 0.371094
0 0.548828 0.375000 0.546875 0.375000 0.544922 0.376953 0.541016 0.376953 0.539062 0.375000 0.539062 0.369141 0.541016 0.367188 0.544922 0.367188 0.546875 0.369141 0.548828 0.369141
0 0.179688 0.376953 0.177734 0.376953 0.175781 0.378906 0.171875 0.378906 0.169922 0.376953 0.169922 0.371094 0.171875 0.369141 0.175781 0.369141 0.177734 0.371094 0.179688 0.371094
0 0.089844 0.380859 0.087891 0.382812 0.087891 0.384766 0.085938 0.386719 0.080078 0.386719 0.078125 0.384766 0.078125 0.382812 0.076172 0.380859 0.076172 0.378906 0.078125 0.376953 0.078125 0.375000 0.080078 0.373047 0.085938 0.373047 0.087891 0.375000 0.087891 0.376953 0.089844 0.378906
0 0.117188 0.380859 0.115234 0.382812 0.115234 0.384766 0.113281 0.386719 0.107422 0.386719 0.105469 0.384766 0.105469 0.382812 0.103516 0.380859 0.103516 0.378906 0.105469 0.376953 0.105469 0.375000 0.107422 0.373047 0.113281 0.373047 0.115234 0.375000 0.115234 0.376953 0.117188 0.378906
0 0.451172 0.378906 0.451172 0.382812 0.447266 0.382812 0.445312 0.380859 0.449219 0.376953
0 0.462891 0.378906 0.462891 0.382812 0.458984 0.382812 0.457031 0.380859 0.460938 0.376953
0 0.843750 0.382812 0.841797 0.382812 0.839844 0.384766 0.835938 0.384766 0.833984 0.382812 0.833984 0.376953 0.835938 0.375000 0.839844 0.375000 0.841797 0.376953 0.843750 0.376953
0 0.824219 0.384766 0.822266 0.384766 0.820312 0.386719 0.816406 0.386719 0.814453 0.384766 0.814453 0.378906 0.816406 0.376953 0.820312 0.376953 0.822266 0.378906 0.824219 0.378906
0 0.484375 0.382812 0.484375 0.386719 0.480469 0.386719 0.478516 0.384766 0.482422 0.380859
0 0.160156 0.390625 0.158203 0.390625 0.156250 0.392578 0.152344 0.392578 0.150391 0.390625 0.150391 0.384766 0.152344 0.382812 0.156250 0.382812 0.158203 0.384766 0.160156 0.384766
0 0.380859 0.388672 0.380859 0.392578 0.376953 0.392578 0.375000 0.390625 0.378906 0.386719
0 0.480469 0.388672 0.480469 0.392578 0.476562 0.392578 0.474609 0.390625 0.478516 0.386719
0 0.371094 0.390625 0.371094 0.394531 0.367188 0.394531 0.365234 0.392578 0.369141 0.388672
0 0.351562 0.392578 0.351562 0.396484 0.347656 0.396484 0.345703 0.394531 0.349609 0.390625
0 0.443359 0.392578 0.443359 0.396484 0.439453 0.396484 0.437500 0.394531 0.441406 0.390625
0 0.542969 0.392578 0.542969 0.396484 0.539062 0.396484 0.537109 0.394531 0.541016 0.390625
0 0.380859 0.394531 0.380859 0.398438 0.376953 0.398438 0.375000 0.396484 0.378906 0.392578
0 0.509766 0.394531 0.509766 0.398438 0.505859 0.398438 0.503906 0.396484 0.507812 0.392578
0 0.017578 0.402344 0.015625 0.402344 0.013672 0.404297 0.009766 0.404297 0.007812 0.402344 0.007812 0.396484 0.009766 0.394531 0.013672 0.394531 0.015625 0.396484 0.017578 0.396484
0 0.357422 0.398438 0.357422 0.402344 0.353516 0.402344 0.351562 0.400391 0.355469 0.396484
0 0.455078 0.398438 0.455078 0.402344 0.451172 0.402344 0.449219 0.400391 0.453125 0.396484
0 0.347656 0.400391 0.347656 0.404297 0.343750 0.404297 0.341797 0.402344 0.345703 0.398438
0 0.441406 0.400391 0.441406 0.404297 0.437500 0.404297 0.435547 0.402344 0.439453 0.398438
0 0.117188 0.406250 0.115234 0.406250 0.113281 0.408203 0.109375 0.408203 0.107422 0.406250 0.107422 0.400391 0.109375 0.398438 0.113281 0.398438 0.115234 0.400391 0.117188 0.400391
0 0.580078 0.406250 0.580078 0.410156 0.576172 0.410156 0.574219 0.408203 0.578125 0.404297
0 0.099609 0.410156 0.097656 0.412109 0.097656 0.414062 0.095703 0.416016 0.089844 0.416016 0.087891 0.414062 0.087891 0.412109 0.085938 0.410156 0.085938 0.408203 0.087891 0.406250 0.087891 0.404297 0.089844 0.402344 0.095703 0.402344 0.097656 0.404297 0.097656 0.406250 0.099609 0.408203
0 0.515625 0.416016 0.513672 0.416016 0.511719 0.417969 0.507812 0.417969 0.505859 0.416016 0.505859 0.410156 0.507812 0.408203 0.511719 0.408203 0.513672 0.410156 0.515625 0.410156
0 0.572266 0.412109 0.572266 0.416016 0.568359 0.416016 0.566406 0.414062 0.570312 0.410156
0 0.457031 0.414062 0.457031 0.417969 0.453125 0.417969 0.451172 0.416016 0.455078 0.412109
0 0.505859 0.417969 0.503906 0.419922 0.503906 0.421875 0.501953 0.423828 0.496094 0.423828 0.494141 0.421875 0.494141 0.419922 0.492188 0.417969 0.492188 0.416016 0.494141 0.414062 0.494141 0.412109 0.496094 0.410156 0.501953 0.410156 0.503906 0.412109 0.503906 0.414062 0.505859 0.416016
0 0.859375 0.416016 0.859375 0.419922 0.855469 0.419922 0.853516 0.417969 0.857422 0.414062
0 0.373047 0.417969 0.373047 0.421875 0.369141 0.421875 0.367188 0.419922 0.371094 0.416016
0 0.384766 0.417969 0.384766 0.421875 0.380859 0.421875 0.378906 0.419922 0.382812 0.416016
0 0.527344 0.417969 0.527344 0.421875 0.523438 0.421875 0.521484 0.419922 0.525391 0.416016
0 0.482422 0.419922 0.482422 0.423828 0.478516 0.423828 0.476562 0.421875 0.480469 0.417969
0 0.865234 0.419922 0.865234 0.423828 0.861328 0.423828 0.859375 0.421875 0.863281 0.417969
0 0.853516 0.421875 0.853516 0.425781 0.849609 0.425781 0.847656 0.423828 0.851562 0.419922
0 0.519531 0.425781 0.519531 0.429688 0.515625 0.429688 0.513672 0.427734 0.517578 0.423828
0 0.480469 0.431641 0.478516 0.431641 0.476562 0.433594 0.472656 0.433594 0.470703 0.431641 0.470703 0.425781 0.472656 0.423828 0.476562 0.423828 0.478516 0.425781 0.480469 0.425781
0 0.861328 0.427734 0.861328 0.431641 0.857422 0.431641 0.855469 0.429688 0.859375 0.425781
0 0.082031 0.431641 0.080078 0.433594 0.080078 0.435547 0.078125 0.437500 0.072266 0.437500 0.070312 0.435547 0.070312 0.433594 0.068359 0.431641 0.068359 0.429688 0.070312 0.427734 0.070312 0.425781 0.072266 0.423828 0.078125 0.423828 0.080078 0.425781 0.080078 0.427734 0.082031 0.429688
0 0.666016 0.433594 0.664062 0.433594 0.662109 0.435547 0.658203 0.435547 0.656250 0.433594 0.656250 0.427734 0.658203 0.425781 0.662109 0.425781 0.664062 0.427734 0.666016 0.427734
0 0.445312 0.431641 0.445312 0.435547 0.441406 0.435547 0.439453 0.433594 0.443359 0.429688
0 0.500000 0.431641 0.500000 0.435547 0.496094 0.435547 0.494141 0.433594 0.498047 0.429688
0 0.699219 0.431641 0.699219 0.435547 0.695312 0.435547 0.693359 0.433594 0.697266 0.429688
0 0.646484 0.437500 0.644531 0.437500 0.642578 0.439453 0.638672 0.439453 0.636719 0.437500 0.636719 0.431641 0.638672 0.429688 0.642578 0.429688 0.644531 0.431641 0.646484 0.431641
0 0.832031 0.433594 0.832031 0.437500 0.828125 0.437500 0.826172 0.435547 0.830078 0.431641
0 0.437500 0.437500 0.437500 0.441406 0.433594 0.441406 0.431641 0.439453 0.435547 0.435547
0 0.449219 0.437500 0.449219 0.441406 0.445312 0.441406 0.443359 0.439453 0.447266 0.435547
0 0.257812 0.439453 0.257812 0.443359 0.253906 0.443359 0.251953 0.441406 0.255859 0.437500
0 0.490234 0.439453 0.490234 0.443359 0.486328 0.443359 0.484375 0.441406 0.488281 0.437500
0 0.636719 0.439453 0.636719 0.443359 0.632812 0.443359 0.630859 0.441406 0.634766 0.437500
0 0.697266 0.443359 0.695312 0.443359 0.693359 0.445312 0.689453 0.445312 0.687500 0.443359 0.687500 0.437500 0.689453 0.435547 0.693359 0.435547 0.695312 0.437500 0.697266 0.437500
0 0.845703 0.443359 0.843750 0.443359 0.841797 0.445312 0.837891 0.445312 0.835938 0.443359 0.835938 0.437500 0.837891 0.435547 0.841797 0.435547 0.843750 0.437500 0.845703 0.437500
0 0.919922 0.443359 0.917969 0.443359 0.916016 0.445312 0.912109 0.445312 0.910156 0.443359 0.910156 0.437500 0.912109 0.435547 0.916016 0.435547 0.917969 0.437500 0.919922 0.437500
0 0.269531 0.441406 0.269531 0.445312 0.265625 0.445312 0.263672 0.443359 0.267578 0.439453
0 0.652344 0.445312 0.650391 0.445312 0.648438 0.447266 0.644531 0.447266 0.642578 0.445312 0.642578 0.439453 0.644531 0.437500 0.648438 0.437500 0.650391 0.439453 0.652344 0.439453
0 0.791016 0.441406 0.791016 0.445312 0.787109 0.445312 0.785156 0.443359 0.789062 0.439453
0 0.830078 0.443359 0.830078 0.447266 0.826172 0.447266 0.824219 0.445312 0.828125 0.441406
0 0.712891 0.449219 0.710938 0.449219 0.708984 0.451172 0.705078 0.451172 0.703125 0.449219 0.703125 0.443359 0.705078 0.441406 0.708984 0.441406 0.710938 0.443359 0.712891 0.443359
0 0.912109 0.445312 0.912109 0.449219 0.908203 0.449219 0.906250 0.447266 0.910156 0.443359
0 0.923828 0.449219 0.923828 0.453125 0.919922 0.453125 0.917969 0.451172 0.921875 0.447266
0 0.591797 0.451172 0.591797 0.455078 0.587891 0.455078 0.585938 0.453125 0.589844 0.449219
0 0.710938 0.451172 0.710938 0.455078 0.707031 0.455078 0.705078 0.453125 0.708984 0.449219
0 0.791016 0.451172 0.791016 0.455078 0.787109 0.455078 0.785156 0.453125 0.789062 0.449219
0 0.472656 0.458984 0.470703 0.458984 0.468750 0.460938 0.464844 0.460938 0.462891 0.458984 0.462891 0.453125 0.464844 0.451172 0.468750 0.451172 0.470703 0.453125 0.472656 0.453125
0 0.560547 0.458984 0.558594 0.458984 0.556641 0.460938 0.552734 0.460938 0.550781 0.458984 0.550781 0.453125 0.552734 0.451172 0.556641 0.451172 0.558594 0.453125 0.560547 0.453125
0 0.583984 0.458984 0.582031 0.458984 0.580078 0.460938 0.576172 0.460938 0.574219 0.458984 0.574219 0.453125 0.576172 0.451172 0.580078 0.451172 0.582031 0.453125 0.583984 0.453125
0 0.710938 0.460938 0.708984 0.460938 0.707031 0.462891 0.703125 0.462891 0.701172 0.460938 0.701172 0.455078 0.703125 0.453125 0.707031 0.453125 0.708984 0.455078 0.710938 0.455078
0 0.917969 0.457031 0.917969 0.460938 0.914062 0.460938 0.912109 0.458984 0.916016 0.455078
0 0.080078 0.464844 0.078125 0.464844 0.076172 0.466797 0.072266 0.466797 0.070312 0.464844 0.070312 0.458984 0.072266 0.457031 0.076172 0.457031 0.078125 0.458984 0.080078 0.458984
0 0.726562 0.466797 0.724609 0.466797 0.722656 0.468750 0.718750 0.468750 0.716797 0.466797 0.716797 0.460938 0.718750 0.458984 0.722656 0.458984 0.724609 0.460938 0.726562 0.460938
0 0.533203 0.468750 0.531250 0.468750 0.529297 0.470703 0.525391 0.470703 0.523438 0.468750 0.523438 0.462891 0.525391 0.460938 0.529297 0.460938 0.531250 0.462891 0.533203 0.462891
0 0.480469 0.466797 0.480469 0.470703 0.476562 0.470703 0.474609 0.468750 0.478516 0.464844
0 0.957031 0.470703 0.955078 0.470703 0.953125 0.472656 0.949219 0.472656 0.947266 0.470703 0.947266 0.464844 0.949219 0.462891 0.953125 0.462891 0.955078 0.464844 0.957031 0.464844
0 0.410156 0.472656 0.408203 0.472656 0.406250 0.474609 0.402344 0.474609 0.400391 0.472656 0.400391 0.466797 0.402344 0.464844 0.406250 0.464844 0.408203 0.466797 0.410156 0.466797
0 0.474609 0.468750 0.474609 0.472656 0.470703 0.472656 0.468750 0.470703 0.472656 0.466797
0 0.611328 0.472656 0.605469 0.478516 0.599609 0.478516 0.593750 0.472656 0.593750 0.466797 0.599609 0.460938 0.605469 0.460938 0.611328 0.466797
0 0.773438 0.468750 0.773438 0.472656 0.769531 0.472656 0.767578 0.470703 0.771484 0.466797
0 0.632812 0.470703 0.632812 0.474609 0.628906 0.474609 0.626953 0.472656 0.630859 0.468750
0 0.720703 0.472656 0.718750 0.474609 0.718750 0.476562 0.716797 0.478516 0.710938 0.478516 0.708984 0.476562 0.708984 0.474609 0.707031 0.472656 0.707031 0.470703 0.708984 0.468750 0.708984 0.466797 0.710938 0.464844 0.716797 0.464844 0.718750 0.466797 0.718750 0.468750 0.720703 0.470703
0 0.654297 0.472656 0.654297 0.476562 0.650391 0.476562 0.648438 0.474609 0.652344 0.470703
0 0.968750 0.472656 0.968750 0.476562 0.964844 0.476562 0.962891 0.474609 0.966797 0.470703
0 0.558594 0.478516 0.552734 0.484375 0.546875 0.484375 0.541016 0.478516 0.541016 0.472656 0.546875 0.466797 0.552734 0.466797 0.558594 0.472656
0 0.763672 0.474609 0.763672 0.478516 0.759766 0.478516 0.757812 0.476562 0.761719 0.472656
0 0.960938 0.474609 0.960938 0.478516 0.957031 0.478516 0.955078 0.476562 0.958984 0.472656
0 0.609375 0.486328 0.607422 0.486328 0.605469 0.488281 0.595703 0.488281 0.589844 0.482422 0.589844 0.472656 0.591797 0.470703 0.593750 0.470703 0.593750 0.468750 0.595703 0.466797 0.605469 0.466797 0.611328 0.472656 0.611328 0.482422 0.609375 0.484375
0 0.738281 0.480469 0.736328 0.480469 0.734375 0.482422 0.730469 0.482422 0.728516 0.480469 0.728516 0.474609 0.730469 0.472656 0.734375 0.472656 0.736328 0.474609 0.738281 0.474609
0 0.771484 0.476562 0.771484 0.480469 0.767578 0.480469 0.765625 0.478516 0.769531 0.474609
0 0.093750 0.488281 0.091797 0.488281 0.089844 0.490234 0.080078 0.490234 0.074219 0.484375 0.074219 0.474609 0.076172 0.472656 0.078125 0.472656 0.078125 0.470703 0.080078 0.468750 0.089844 0.468750 0.095703 0.474609 0.095703 0.484375 0.093750 0.486328
0 0.654297 0.482422 0.654297 0.486328 0.650391 0.486328 0.648438 0.484375 0.652344 0.480469
0 0.455078 0.484375 0.455078 0.488281 0.451172 0.488281 0.449219 0.486328 0.453125 0.482422
0 0.619141 0.488281 0.617188 0.488281 0.615234 0.490234 0.611328 0.490234 0.609375 0.488281 0.609375 0.482422 0.611328 0.480469 0.615234 0.480469 0.617188 0.482422 0.619141 0.482422
0 0.724609 0.488281 0.722656 0.488281 0.720703 0.490234 0.716797 0.490234 0.714844 0.488281 0.714844 0.482422 0.716797 0.480469 0.720703 0.480469 0.722656 0.482422 0.724609 0.482422
0 0.427734 0.490234 0.421875 0.496094 0.416016 0.496094 0.410156 0.490234 0.410156 0.484375 0.416016 0.478516 0.421875 0.478516 0.427734 0.484375
0 0.525391 0.490234 0.523438 0.490234 0.521484 0.492188 0.517578 0.492188 0.515625 0.490234 0.515625 0.484375 0.517578 0.482422 0.521484 0.482422 0.523438 0.484375 0.525391 0.484375
0 0.878906 0.486328 0.878906 0.490234 0.875000 0.490234 0.873047 0.488281 0.876953 0.484375
0 0.972656 0.496094 0.970703 0.496094 0.968750 0.498047 0.958984 0.498047 0.953125 0.492188 0.953125 0.482422 0.955078 0.480469 0.957031 0.480469 0.957031 0.478516 0.958984 0.476562 0.968750 0.476562 0.974609 0.482422 0.974609 0.492188 0.972656 0.494141
0 0.394531 0.492188 0.388672 0.498047 0.382812 0.498047 0.376953 0.492188 0.376953 0.486328 0.382812 0.480469 0.388672 0.480469 0.394531 0.486328
0 0.632812 0.488281 0.632812 0.492188 0.628906 0.492188 0.626953 0.490234 0.630859 0.486328
0 0.449219 0.490234 0.449219 0.494141 0.445312 0.494141 0.443359 0.492188 0.447266 0.488281
0 0.460938 0.490234 0.460938 0.494141 0.457031 0.494141 0.455078 0.492188 0.458984 0.488281
0 0.472656 0.490234 0.472656 0.494141 0.468750 0.494141 0.466797 0.492188 0.470703 0.488281
0 0.433594 0.492188 0.433594 0.496094 0.429688 0.496094 0.427734 0.494141 0.431641 0.490234
0 0.556641 0.501953 0.554688 0.501953 0.552734 0.503906 0.542969 0.503906 0.537109 0.498047 0.537109 0.488281 0.539062 0.486328 0.541016 0.486328 0.541016 0.484375 0.542969 0.482422 0.552734 0.482422 0.558594 0.488281 0.558594 0.498047 0.556641 0.500000
0 0.423828 0.496094 0.421875 0.498047 0.421875 0.500000 0.419922 0.501953 0.414062 0.501953 0.412109 0.500000 0.412109 0.498047 0.410156 0.496094 0.410156 0.494141 0.412109 0.492188 0.412109 0.490234 0.414062 0.488281 0.419922 0.488281 0.421875 0.490234 0.421875 0.492188 0.423828 0.494141
0 0.583984 0.498047 0.582031 0.498047 0.580078 0.500000 0.576172 0.500000 0.574219 0.498047 0.574219 0.492188 0.576172 0.490234 0.580078 0.490234 0.582031 0.492188 0.583984 0.492188
0 0.873047 0.494141 0.873047 0.498047 0.869141 0.498047 0.867188 0.496094 0.871094 0.492188
0 0.119141 0.498047 0.117188 0.500000 0.117188 0.501953 0.115234 0.503906 0.109375 0.503906 0.107422 0.501953 0.107422 0.500000 0.105469 0.498047 0.105469 0.496094 0.107422 0.494141 0.107422 0.492188 0.109375 0.490234 0.115234 0.490234 0.117188 0.492188 0.117188 0.494141 0.119141 0.496094
0 0.486328 0.500000 0.484375 0.500000 0.482422 0.501953 0.478516 0.501953 0.476562 0.500000 0.476562 0.494141 0.478516 0.492188 0.482422 0.492188 0.484375 0.494141 0.486328 0.494141
0 0.507812 0.501953 0.505859 0.501953 0.503906 0.503906 0.500000 0.503906 0.498047 0.501953 0.498047 0.496094 0.500000 0.494141 0.503906 0.494141 0.505859 0.496094 0.507812 0.496094
0 0.539062 0.501953 0.537109 0.501953 0.535156 0.503906 0.531250 0.503906 0.529297 0.501953 0.529297 0.496094 0.531250 0.494141 0.535156 0.494141 0.537109 0.496094 0.539062 0.496094
0 0.421875 0.505859 0.416016 0.511719 0.410156 0.511719 0.404297 0.505859 0.404297 0.500000 0.410156 0.494141 0.416016 0.494141 0.421875 0.500000
0 0.646484 0.501953 0.646484 0.505859 0.642578 0.505859 0.640625 0.503906 0.644531 0.500000
0 0.121094 0.507812 0.119141 0.507812 0.117188 0.509766 0.113281 0.509766 0.111328 0.507812 0.111328 0.501953 0.113281 0.500000 0.117188 0.500000 0.119141 0.501953 0.121094 0.501953
0 0.587891 0.513672 0.585938 0.513672 0.583984 0.515625 0.574219 0.515625 0.568359 0.509766 0.568359 0.500000 0.570312 0.498047 0.572266 0.498047 0.572266 0.496094 0.574219 0.494141 0.583984 0.494141 0.589844 0.500000 0.589844 0.509766 0.587891 0.511719
0 0.964844 0.503906 0.964844 0.507812 0.960938 0.507812 0.958984 0.505859 0.962891 0.501953
0 0.976562 0.505859 0.976562 0.509766 0.972656 0.509766 0.970703 0.507812 0.974609 0.503906
0 0.474609 0.511719 0.472656 0.511719 0.470703 0.513672 0.466797 0.513672 0.464844 0.511719 0.464844 0.505859 0.466797 0.503906 0.470703 0.503906 0.472656 0.505859 0.474609 0.505859
0 0.964844 0.511719 0.964844 0.515625 0.960938 0.515625 0.958984 0.513672 0.962891 0.509766
0 0.421875 0.513672 0.421875 0.517578 0.417969 0.517578 0.416016 0.515625 0.419922 0.511719
0 0.435547 0.513672 0.435547 0.517578 0.431641 0.517578 0.429688 0.515625 0.433594 0.511719
0 0.970703 0.513672 0.970703 0.517578 0.966797 0.517578 0.964844 0.515625 0.968750 0.511719
0 0.337891 0.515625 0.337891 0.519531 0.333984 0.519531 0.332031 0.517578 0.335938 0.513672
0 0.583984 0.515625 0.583984 0.519531 0.580078 0.519531 0.578125 0.517578 0.582031 0.513672
0 0.595703 0.515625 0.595703 0.519531 0.591797 0.519531 0.589844 0.517578 0.593750 0.513672
0 0.320312 0.521484 0.318359 0.521484 0.316406 0.523438 0.312500 0.523438 0.310547 0.521484 0.310547 0.515625 0.312500 0.513672 0.316406 0.513672 0.318359 0.515625 0.320312 0.515625
0 0.533203 0.521484 0.527344 0.527344 0.521484 0.527344 0.515625 0.521484 0.515625 0.515625 0.521484 0.509766 0.527344 0.509766 0.533203 0.515625
0 0.478516 0.523438 0.472656 0.529297 0.466797 0.529297 0.460938 0.523438 0.460938 0.517578 0.466797 0.511719 0.472656 0.511719 0.478516 0.517578
0 0.542969 0.523438 0.541016 0.523438 0.539062 0.525391 0.535156 0.525391 0.533203 0.523438 0.533203 0.517578 0.535156 0.515625 0.539062 0.515625 0.541016 0.517578 0.542969 0.517578
0 0.353516 0.521484 0.353516 0.525391 0.349609 0.525391 0.347656 0.523438 0.351562 0.519531
0 0.429688 0.525391 0.427734 0.525391 0.425781 0.527344 0.421875 0.527344 0.419922 0.525391 0.419922 0.519531 0.421875 0.517578 0.425781 0.517578 0.427734 0.519531 0.429688 0.519531
0 0.460938 0.525391 0.458984 0.525391 0.457031 0.527344 0.453125 0.527344 0.451172 0.525391 0.451172 0.519531 0.453125 0.517578 0.457031 0.517578 0.458984 0.519531 0.460938 0.519531
0 0.603516 0.525391 0.601562 0.525391 0.599609 0.527344 0.595703 0.527344 0.593750 0.525391 0.593750 0.519531 0.595703 0.517578 0.599609 0.517578 0.601562 0.519531 0.603516 0.519531
0 0.132812 0.525391 0.130859 0.527344 0.130859 0.529297 0.128906 0.531250 0.123047 0.531250 0.121094 0.529297 0.121094 0.527344 0.119141 0.525391 0.119141 0.523438 0.121094 0.521484 0.121094 0.519531 0.123047 0.517578 0.128906 0.517578 0.130859 0.519531 0.130859 0.521484 0.132812 0.523438
0 0.339844 0.527344 0.337891 0.527344 0.335938 0.529297 0.332031 0.529297 0.330078 0.527344 0.330078 0.521484 0.332031 0.519531 0.335938 0.519531 0.337891 0.521484 0.339844 0.521484
0 0.365234 0.523438 0.365234 0.527344 0.361328 0.527344 0.359375 0.525391 0.363281 0.521484
0 0.271484 0.525391 0.271484 0.529297 0.267578 0.529297 0.265625 0.527344 0.269531 0.523438
0 0.380859 0.525391 0.380859 0.529297 0.376953 0.529297 0.375000 0.527344 0.378906 0.523438
0 0.447266 0.529297 0.445312 0.529297 0.443359 0.531250 0.439453 0.531250 0.437500 0.529297 0.437500 0.523438 0.439453 0.521484 0.443359 0.521484 0.445312 0.523438 0.447266 0.523438
0 0.492188 0.527344 0.490234 0.529297 0.490234 0.531250 0.488281 0.533203 0.482422 0.533203 0.480469 0.531250 0.480469 0.529297 0.478516 0.527344 0.478516 0.525391 0.480469 0.523438 0.480469 0.521484 0.482422 0.519531 0.488281 0.519531 0.490234 0.521484 0.490234 0.523438 0.492188 0.525391
0 0.357422 0.527344 0.357422 0.531250 0.353516 0.531250 0.351562 0.529297 0.355469 0.525391
0 0.556641 0.533203 0.554688 0.533203 0.552734 0.535156 0.548828 0.535156 0.546875 0.533203 0.546875 0.527344 0.548828 0.525391 0.552734 0.525391 0.554688 0.527344 0.556641 0.527344
0 0.263672 0.531250 0.263672 0.535156 0.259766 0.535156 0.257812 0.533203 0.261719 0.529297
0 0.603516 0.535156 0.601562 0.535156 0.599609 0.537109 0.595703 0.537109 0.593750 0.535156 0.593750 0.529297 0.595703 0.527344 0.599609 0.527344 0.601562 0.529297 0.603516 0.529297
0 0.957031 0.531250 0.957031 0.535156 0.953125 0.535156 0.951172 0.533203 0.955078 0.529297
0 0.500000 0.542969 0.498047 0.542969 0.496094 0.544922 0.486328 0.544922 0.480469 0.539062 0.480469 0.529297 0.482422 0.527344 0.484375 0.527344 0.484375 0.525391 0.486328 0.523438 0.496094 0.523438 0.501953 0.529297 0.501953 0.539062 0.500000 0.541016
0 0.525391 0.535156 0.523438 0.537109 0.523438 0.539062 0.521484 0.541016 0.515625 0.541016 0.513672 0.539062 0.513672 0.537109 0.511719 0.535156 0.511719 0.533203 0.513672 0.531250 0.513672 0.529297 0.515625 0.527344 0.521484 0.527344 0.523438 0.529297 0.523438 0.531250 0.525391 0.533203
0 0.582031 0.537109 0.576172 0.542969 0.570312 0.542969 0.564453 0.537109 0.564453 0.531250 0.570312 0.525391 0.576172 0.525391 0.582031 0.531250
0 0.376953 0.535156 0.376953 0.539062 0.373047 0.539062 0.371094 0.537109 0.375000 0.533203
0 0.470703 0.541016 0.468750 0.541016 0.466797 0.542969 0.462891 0.542969 0.460938 0.541016 0.460938 0.535156 0.462891 0.533203 0.466797 0.533203 0.468750 0.535156 0.470703 0.535156
0 0.951172 0.537109 0.951172 0.541016 0.947266 0.541016 0.945312 0.539062 0.949219 0.535156
0 0.962891 0.537109 0.962891 0.541016 0.958984 0.541016 0.957031 0.539062 0.960938 0.535156
0 0.140625 0.541016 0.138672 0.542969 0.138672 0.544922 0.136719 0.546875 0.130859 0.546875 0.128906 0.544922 0.128906 0.542969 0.126953 0.541016 0.126953 0.539062 0.128906 0.537109 0.128906 0.535156 0.130859 0.533203 0.136719 0.533203 0.138672 0.535156 0.138672 0.537109 0.140625 0.539062
0 0.441406 0.542969 0.435547 0.548828 0.429688 0.548828 0.423828 0.542969 0.423828 0.537109 0.429688 0.531250 0.435547 0.531250 0.441406 0.537109
0 0.589844 0.542969 0.587891 0.542969 0.585938 0.544922 0.582031 0.544922 0.580078 0.542969 0.580078 0.537109 0.582031 0.535156 0.585938 0.535156 0.587891 0.537109 0.589844 0.537109
0 0.957031 0.542969 0.957031 0.546875 0.953125 0.546875 0.951172 0.544922 0.955078 0.541016
0 0.488281 0.546875 0.486328 0.548828 0.486328 0.550781 0.484375 0.552734 0.478516 0.552734 0.476562 0.550781 0.476562 0.548828 0.474609 0.546875 0.474609 0.544922 0.476562 0.542969 0.476562 0.541016 0.478516 0.539062 0.484375 0.539062 0.486328 0.541016 0.486328 0.542969 0.488281 0.544922
0 0.552734 0.550781 0.550781 0.550781 0.548828 0.552734 0.544922 0.552734 0.542969 0.550781 0.542969 0.544922 0.544922 0.542969 0.548828 0.542969 0.550781 0.544922 0.552734 0.544922
0 0.650391 0.550781 0.650391 0.554688 0.646484 0.554688 0.644531 0.552734 0.648438 0.548828
0 0.554688 0.556641 0.548828 0.562500 0.542969 0.562500 0.537109 0.556641 0.537109 0.550781 0.542969 0.544922 0.548828 0.544922 0.554688 0.550781
0 0.703125 0.562500 0.701172 0.562500 0.699219 0.564453 0.689453 0.564453 0.683594 0.558594 0.683594 0.548828 0.685547 0.546875 0.687500 0.546875 0.687500 0.544922 0.689453 0.542969 0.699219 0.542969 0.705078 0.548828 0.705078 0.558594 0.703125 0.560547
0 0.515625 0.564453 0.513672 0.564453 0.511719 0.566406 0.501953 0.566406 0.496094 0.560547 0.496094 0.550781 0.498047 0.548828 0.500000 0.548828 0.500000 0.546875 0.501953 0.544922 0.511719 0.544922 0.517578 0.550781 0.517578 0.560547 0.515625 0.562500
0 0.572266 0.554688 0.572266 0.558594 0.568359 0.558594 0.566406 0.556641 0.570312 0.552734
0 0.656250 0.554688 0.656250 0.558594 0.652344 0.558594 0.650391 0.556641 0.654297 0.552734
0 0.613281 0.556641 0.613281 0.560547 0.609375 0.560547 0.607422 0.558594 0.611328 0.554688
0 0.000000 0.564453 0.000000 0.554688 0.001953 0.556641 0.003906 0.556641 0.003906 0.562500 0.001953 0.562500
0 0.449219 0.560547 0.447266 0.562500 0.447266 0.564453 0.445312 0.566406 0.439453 0.566406 0.437500 0.564453 0.437500 0.562500 0.435547 0.560547 0.435547 0.558594 0.437500 0.556641 0.437500 0.554688 0.439453 0.552734 0.445312 0.552734 0.447266 0.554688 0.447266 0.556641 0.449219 0.558594
0 0.482422 0.564453 0.480469 0.564453 0.478516 0.566406 0.474609 0.566406 0.472656 0.564453 0.472656 0.558594 0.474609 0.556641 0.478516 0.556641 0.480469 0.558594 0.482422 0.558594
0 0.601562 0.560547 0.601562 0.564453 0.597656 0.564453 0.595703 0.562500 0.599609 0.558594
0 0.230469 0.566406 0.228516 0.566406 0.226562 0.568359 0.222656 0.568359 0.220703 0.566406 0.220703 0.560547 0.222656 0.558594 0.226562 0.558594 0.228516 0.560547 0.230469 0.560547
0 0.537109 0.566406 0.535156 0.566406 0.533203 0.568359 0.529297 0.568359 0.527344 0.566406 0.527344 0.560547 0.529297 0.558594 0.533203 0.558594 0.535156 0.560547 0.537109 0.560547
0 0.646484 0.562500 0.646484 0.566406 0.642578 0.566406 0.640625 0.564453 0.644531 0.560547
0 0.326172 0.568359 0.324219 0.568359 0.322266 0.570312 0.318359 0.570312 0.316406 0.568359 0.316406 0.562500 0.318359 0.560547 0.322266 0.560547 0.324219 0.562500 0.326172 0.562500
0 0.673828 0.574219 0.671875 0.574219 0.669922 0.576172 0.660156 0.576172 0.654297 0.570312 0.654297 0.560547 0.656250 0.558594 0.658203 0.558594 0.658203 0.556641 0.660156 0.554688 0.669922 0.554688 0.675781 0.560547 0.675781 0.570312 0.673828 0.572266
0 0.304688 0.568359 0.302734 0.570312 0.302734 0.572266 0.300781 0.574219 0.294922 0.574219 0.292969 0.572266 0.292969 0.570312 0.291016 0.568359 0.291016 0.566406 0.292969 0.564453 0.292969 0.562500 0.294922 0.560547 0.300781 0.560547 0.302734 0.562500 0.302734 0.564453 0.304688 0.566406
0 0.353516 0.568359 0.351562 0.570312 0.351562 0.572266 0.349609 0.574219 0.343750 0.574219 0.341797 0.572266 0.341797 0.570312 0.339844 0.568359 0.339844 0.566406 0.341797 0.564453 0.341797 0.562500 0.343750 0.560547 0.349609 0.560547 0.351562 0.562500 0.351562 0.564453 0.353516 0.566406
0 0.396484 0.566406 0.396484 0.570312 0.392578 0.570312 0.390625 0.568359 0.394531 0.564453
0 0.498047 0.570312 0.496094 0.570312 0.494141 0.572266 0.490234 0.572266 0.488281 0.570312 0.488281 0.564453 0.490234 0.562500 0.494141 0.562500 0.496094 0.564453 0.498047 0.564453
0 0.611328 0.566406 0.611328 0.570312 0.607422 0.570312 0.605469 0.568359 0.609375 0.564453
0 0.580078 0.578125 0.578125 0.578125 0.576172 0.580078 0.566406 0.580078 0.560547 0.574219 0.560547 0.564453 0.562500 0.562500 0.564453 0.562500 0.564453 0.560547 0.566406 0.558594 0.576172 0.558594 0.582031 0.564453 0.582031 0.574219 0.580078 0.576172
0 0.722656 0.572266 0.720703 0.572266 0.718750 0.574219 0.714844 0.574219 0.712891 0.572266 0.712891 0.566406 0.714844 0.564453 0.718750 0.564453 0.720703 0.566406 0.722656 0.566406
0 0.039062 0.574219 0.033203 0.580078 0.027344 0.580078 0.021484 0.574219 0.021484 0.568359 0.027344 0.562500 0.033203 0.562500 0.039062 0.568359
0 0.244141 0.574219 0.242188 0.574219 0.240234 0.576172 0.236328 0.576172 0.234375 0.574219 0.234375 0.568359 0.236328 0.566406 0.240234 0.566406 0.242188 0.568359 0.244141 0.568359
0 0.416016 0.574219 0.414062 0.574219 0.412109 0.576172 0.408203 0.576172 0.406250 0.574219 0.406250 0.568359 0.408203 0.566406 0.412109 0.566406 0.414062 0.568359 0.416016 0.568359
0 0.662109 0.574219 0.660156 0.576172 0.660156 0.578125 0.658203 0.580078 0.652344 0.580078 0.650391 0.578125 0.650391 0.576172 0.648438 0.574219 0.648438 0.572266 0.650391 0.570312 0.650391 0.568359 0.652344 0.566406 0.658203 0.566406 0.660156 0.568359 0.660156 0.570312 0.662109 0.572266
0 0.511719 0.574219 0.511719 0.578125 0.507812 0.578125 0.505859 0.576172 0.509766 0.572266
0 0.587891 0.574219 0.587891 0.578125 0.583984 0.578125 0.582031 0.576172 0.585938 0.572266
0 0.673828 0.578125 0.671875 0.578125 0.669922 0.580078 0.666016 0.580078 0.664062 0.578125 0.664062 0.572266 0.666016 0.570312 0.669922 0.570312 0.671875 0.572266 0.673828 0.572266
0 0.154297 0.578125 0.152344 0.580078 0.152344 0.582031 0.150391 0.583984 0.144531 0.583984 0.142578 0.582031 0.142578 0.580078 0.140625 0.578125 0.140625 0.576172 0.142578 0.574219 0.142578 0.572266 0.144531 0.570312 0.150391 0.570312 0.152344 0.572266 0.152344 0.574219 0.154297 0.576172
0 0.285156 0.580078 0.283203 0.580078 0.281250 0.582031 0.277344 0.582031 0.275391 0.580078 0.275391 0.574219 0.277344 0.572266 0.281250 0.572266 0.283203 0.574219 0.285156 0.574219
0 0.406250 0.582031 0.404297 0.582031 0.402344 0.583984 0.398438 0.583984 0.396484 0.582031 0.396484 0.576172 0.398438 0.574219 0.402344 0.574219 0.404297 0.576172 0.406250 0.576172
0 0.429688 0.580078 0.427734 0.582031 0.427734 0.583984 0.425781 0.585938 0.419922 0.585938 0.417969 0.583984 0.417969 0.582031 0.416016 0.580078 0.416016 0.578125 0.417969 0.576172 0.417969 0.574219 0.419922 0.572266 0.425781 0.572266 0.427734 0.574219 0.427734 0.576172 0.429688 0.578125
0 0.718750 0.582031 0.716797 0.582031 0.714844 0.583984 0.710938 0.583984 0.708984 0.582031 0.708984 0.576172 0.710938 0.574219 0.714844 0.574219 0.716797 0.576172 0.718750 0.576172
0 0.218750 0.583984 0.216797 0.583984 0.214844 0.585938 0.210938 0.585938 0.208984 0.583984 0.208984 0.578125 0.210938 0.576172 0.214844 0.576172 0.216797 0.578125 0.218750 0.578125
0 0.232422 0.583984 0.230469 0.583984 0.228516 0.585938 0.224609 0.585938 0.222656 0.583984 0.222656 0.578125 0.224609 0.576172 0.228516 0.576172 0.230469 0.578125 0.232422 0.578125
0 0.505859 0.580078 0.505859 0.583984 0.501953 0.583984 0.500000 0.582031 0.503906 0.578125
0 0.695312 0.589844 0.693359 0.589844 0.691406 0.591797 0.681641 0.591797 0.675781 0.585938 0.675781 0.576172 0.677734 0.574219 0.679688 0.574219 0.679688 0.572266 0.681641 0.570312 0.691406 0.570312 0.697266 0.576172 0.697266 0.585938 0.695312 0.587891
0 0.052734 0.591797 0.050781 0.591797 0.048828 0.593750 0.039062 0.593750 0.033203 0.587891 0.033203 0.578125 0.035156 0.576172 0.037109 0.576172 0.037109 0.574219 0.039062 0.572266 0.048828 0.572266 0.054688 0.578125 0.054688 0.587891 0.052734 0.589844
0 0.558594 0.582031 0.558594 0.585938 0.554688 0.585938 0.552734 0.583984 0.556641 0.580078
0 0.578125 0.585938 0.576172 0.585938 0.574219 0.587891 0.570312 0.587891 0.568359 0.585938 0.568359 0.580078 0.570312 0.578125 0.574219 0.578125 0.576172 0.580078 0.578125 0.580078
0 0.388672 0.587891 0.386719 0.587891 0.384766 0.589844 0.380859 0.589844 0.378906 0.587891 0.378906 0.582031 0.380859 0.580078 0.384766 0.580078 0.386719 0.582031 0.388672 0.582031
0 0.437500 0.593750 0.435547 0.593750 0.433594 0.595703 0.423828 0.595703 0.417969 0.589844 0.417969 0.580078 0.419922 0.578125 0.421875 0.578125 0.421875 0.576172 0.423828 0.574219 0.433594 0.574219 0.439453 0.580078 0.439453 0.589844 0.437500 0.591797
0 0.269531 0.587891 0.267578 0.589844 0.267578 0.591797 0.265625 0.593750 0.259766 0.593750 0.257812 0.591797 0.257812 0.589844 0.255859 0.587891 0.255859 0.585938 0.257812 0.583984 0.257812 0.582031 0.259766 0.580078 0.265625 0.580078 0.267578 0.582031 0.267578 0.583984 0.269531 0.585938
0 0.169922 0.589844 0.167969 0.591797 0.167969 0.593750 0.166016 0.595703 0.160156 0.595703 0.158203 0.593750 0.158203 0.591797 0.156250 0.589844 0.156250 0.587891 0.158203 0.585938 0.158203 0.583984 0.160156 0.582031 0.166016 0.582031 0.167969 0.583984 0.167969 0.585938 0.169922 0.587891
0 0.541016 0.587891 0.541016 0.591797 0.537109 0.591797 0.535156 0.589844 0.539062 0.585938
0 0.601562 0.589844 0.599609 0.591797 0.599609 0.593750 0.597656 0.595703 0.591797 0.595703 0.589844 0.593750 0.589844 0.591797 0.587891 0.589844 0.587891 0.587891 0.589844 0.585938 0.589844 0.583984 0.591797 0.582031 0.597656 0.582031 0.599609 0.583984 0.599609 0.585938 0.601562 0.587891
0 0.419922 0.589844 0.419922 0.593750 0.416016 0.593750 0.414062 0.591797 0.417969 0.587891
0 0.673828 0.593750 0.671875 0.593750 0.669922 0.595703 0.666016 0.595703 0.664062 0.593750 0.664062 0.587891 0.666016 0.585938 0.669922 0.585938 0.671875 0.587891 0.673828 0.587891
0 0.664062 0.591797 0.664062 0.595703 0.660156 0.595703 0.658203 0.593750 0.662109 0.589844
0 0.734375 0.591797 0.734375 0.595703 0.730469 0.595703 0.728516 0.593750 0.732422 0.589844
0 0.197266 0.597656 0.195312 0.597656 0.193359 0.599609 0.189453 0.599609 0.187500 0.597656 0.187500 0.591797 0.189453 0.589844 0.193359 0.589844 0.195312 0.591797 0.197266 0.591797
0 0.458984 0.597656 0.457031 0.597656 0.455078 0.599609 0.451172 0.599609 0.449219 0.597656 0.449219 0.591797 0.451172 0.589844 0.455078 0.589844 0.457031 0.591797 0.458984 0.591797
0 0.509766 0.603516 0.507812 0.603516 0.505859 0.605469 0.496094 0.605469 0.490234 0.599609 0.490234 0.589844 0.492188 0.587891 0.494141 0.587891 0.494141 0.585938 0.496094 0.583984 0.505859 0.583984 0.511719 0.589844 0.511719 0.599609 0.509766 0.601562
0 0.255859 0.599609 0.253906 0.599609 0.251953 0.601562 0.248047 0.601562 0.246094 0.599609 0.246094 0.593750 0.248047 0.591797 0.251953 0.591797 0.253906 0.593750 0.255859 0.593750
0 0.580078 0.599609 0.574219 0.605469 0.568359 0.605469 0.562500 0.599609 0.562500 0.593750 0.568359 0.587891 0.574219 0.587891 0.580078 0.593750
0 0.621094 0.595703 0.621094 0.599609 0.617188 0.599609 0.615234 0.597656 0.619141 0.593750
0 0.726562 0.595703 0.726562 0.599609 0.722656 0.599609 0.720703 0.597656 0.724609 0.593750
0 0.675781 0.601562 0.669922 0.607422 0.664062 0.607422 0.658203 0.601562 0.658203 0.595703 0.664062 0.589844 0.669922 0.589844 0.675781 0.595703
0 0.511719 0.599609 0.511719 0.603516 0.507812 0.603516 0.505859 0.601562 0.509766 0.597656
0 0.541016 0.599609 0.541016 0.603516 0.537109 0.603516 0.535156 0.601562 0.539062 0.597656
0 0.052734 0.605469 0.046875 0.611328 0.041016 0.611328 0.035156 0.605469 0.035156 0.599609 0.041016 0.593750 0.046875 0.593750 0.052734 0.599609
0 0.236328 0.605469 0.234375 0.605469 0.232422 0.607422 0.228516 0.607422 0.226562 0.605469 0.226562 0.599609 0.228516 0.597656 0.232422 0.597656 0.234375 0.599609 0.236328 0.599609
0 0.732422 0.601562 0.732422 0.605469 0.728516 0.605469 0.726562 0.603516 0.730469 0.599609
0 0.208984 0.605469 0.207031 0.607422 0.207031 0.609375 0.205078 0.611328 0.199219 0.611328 0.197266 0.609375 0.197266 0.607422 0.195312 0.605469 0.195312 0.603516 0.197266 0.601562 0.197266 0.599609 0.199219 0.597656 0.205078 0.597656 0.207031 0.599609 0.207031 0.601562 0.208984 0.603516
0 0.388672 0.613281 0.386719 0.613281 0.384766 0.615234 0.375000 0.615234 0.369141 0.609375 0.369141 0.599609 0.371094 0.597656 0.373047 0.597656 0.373047 0.595703 0.375000 0.593750 0.384766 0.593750 0.390625 0.599609 0.390625 0.609375 0.388672 0.611328
0 0.228516 0.615234 0.226562 0.615234 0.224609 0.617188 0.214844 0.617188 0.208984 0.611328 0.208984 0.601562 0.210938 0.599609 0.212891 0.599609 0.212891 0.597656 0.214844 0.595703 0.224609 0.595703 0.230469 0.601562 0.230469 0.611328 0.228516 0.613281
0 0.486328 0.607422 0.486328 0.611328 0.482422 0.611328 0.480469 0.609375 0.484375 0.605469
0 0.521484 0.607422 0.521484 0.611328 0.517578 0.611328 0.515625 0.609375 0.519531 0.605469
0 0.589844 0.613281 0.587891 0.613281 0.585938 0.615234 0.582031 0.615234 0.580078 0.613281 0.580078 0.607422 0.582031 0.605469 0.585938 0.605469 0.587891 0.607422 0.589844 0.607422
0 0.603516 0.609375 0.603516 0.613281 0.599609 0.613281 0.597656 0.611328 0.601562 0.607422
0 0.509766 0.615234 0.507812 0.615234 0.505859 0.617188 0.501953 0.617188 0.500000 0.615234 0.500000 0.609375 0.501953 0.607422 0.505859 0.607422 0.507812 0.609375 0.509766 0.609375
0 0.304688 0.619141 0.298828 0.625000 0.292969 0.625000 0.287109 0.619141 0.287109 0.613281 0.292969 0.607422 0.298828 0.607422 0.304688 0.613281
0 0.455078 0.619141 0.453125 0.619141 0.451172 0.621094 0.447266 0.621094 0.445312 0.619141 0.445312 0.613281 0.447266 0.611328 0.451172 0.611328 0.453125 0.613281 0.455078 0.613281
0 0.375000 0.628906 0.373047 0.628906 0.371094 0.630859 0.361328 0.630859 0.355469 0.625000 0.355469 0.615234 0.357422 0.613281 0.359375 0.613281 0.359375 0.611328 0.361328 0.609375 0.371094 0.609375 0.376953 0.615234 0.376953 0.625000 0.375000 0.626953
0 0.580078 0.628906 0.578125 0.628906 0.576172 0.630859 0.566406 0.630859 0.560547 0.625000 0.560547 0.615234 0.562500 0.613281 0.564453 0.613281 0.564453 0.611328 0.566406 0.609375 0.576172 0.609375 0.582031 0.615234 0.582031 0.625000 0.580078 0.626953
0 0.767578 0.623047 0.765625 0.623047 0.763672 0.625000 0.759766 0.625000 0.757812 0.623047 0.757812 0.617188 0.759766 0.615234 0.763672 0.615234 0.765625 0.617188 0.767578 0.617188
0 0.773438 0.623047 0.771484 0.623047 0.769531 0.625000 0.765625 0.625000 0.763672 0.623047 0.763672 0.617188 0.765625 0.615234 0.769531 0.615234 0.771484 0.617188 0.773438 0.617188
0 0.445312 0.630859 0.443359 0.630859 0.441406 0.632812 0.431641 0.632812 0.425781 0.626953 0.425781 0.617188 0.427734 0.615234 0.429688 0.615234 0.429688 0.613281 0.431641 0.611328 0.441406 0.611328 0.447266 0.617188 0.447266 0.626953 0.445312 0.628906
0 0.517578 0.621094 0.517578 0.625000 0.513672 0.625000 0.511719 0.623047 0.515625 0.619141
0 0.699219 0.621094 0.699219 0.625000 0.695312 0.625000 0.693359 0.623047 0.697266 0.619141
0 0.474609 0.626953 0.472656 0.626953 0.470703 0.628906 0.466797 0.628906 0.464844 0.626953 0.464844 0.621094 0.466797 0.619141 0.470703 0.619141 0.472656 0.621094 0.474609 0.621094
0 0.835938 0.623047 0.835938 0.626953 0.832031 0.626953 0.830078 0.625000 0.833984 0.621094
0 0.707031 0.625000 0.707031 0.628906 0.703125 0.628906 0.701172 0.626953 0.705078 0.623047
0 0.761719 0.625000 0.761719 0.628906 0.757812 0.628906 0.755859 0.626953 0.759766 0.623047
0 0.160156 0.636719 0.158203 0.636719 0.156250 0.638672 0.146484 0.638672 0.140625 0.632812 0.140625 0.623047 0.142578 0.621094 0.144531 0.621094 0.144531 0.619141 0.146484 0.617188 0.156250 0.617188 0.162109 0.623047 0.162109 0.632812 0.160156 0.634766
0 0.535156 0.638672 0.533203 0.638672 0.531250 0.640625 0.521484 0.640625 0.515625 0.634766 0.515625 0.625000 0.517578 0.623047 0.519531 0.623047 0.519531 0.621094 0.521484 0.619141 0.531250 0.619141 0.537109 0.625000 0.537109 0.634766 0.535156 0.636719
0 0.671875 0.630859 0.669922 0.632812 0.669922 0.634766 0.667969 0.636719 0.662109 0.636719 0.660156 0.634766 0.660156 0.632812 0.658203 0.630859 0.658203 0.628906 0.660156 0.626953 0.660156 0.625000 0.662109 0.623047 0.667969 0.623047 0.669922 0.625000 0.669922 0.626953 0.671875 0.628906
0 0.830078 0.630859 0.830078 0.634766 0.826172 0.634766 0.824219 0.632812 0.828125 0.628906
0 0.361328 0.636719 0.359375 0.636719 0.357422 0.638672 0.353516 0.638672 0.351562 0.636719 0.351562 0.630859 0.353516 0.628906 0.357422 0.628906 0.359375 0.630859 0.361328 0.630859
0 0.566406 0.632812 0.566406 0.636719 0.562500 0.636719 0.560547 0.634766 0.564453 0.630859
0 0.125000 0.638672 0.123047 0.638672 0.121094 0.640625 0.117188 0.640625 0.115234 0.638672 0.115234 0.632812 0.117188 0.630859 0.121094 0.630859 0.123047 0.632812 0.125000 0.632812
0 0.562500 0.636719 0.560547 0.638672 0.560547 0.640625 0.558594 0.642578 0.552734 0.642578 0.550781 0.640625 0.550781 0.638672 0.548828 0.636719 0.548828 0.634766 0.550781 0.632812 0.550781 0.630859 0.552734 0.628906 0.558594 0.628906 0.560547 0.630859 0.560547 0.632812 0.562500 0.634766
0 0.763672 0.638672 0.761719 0.638672 0.759766 0.640625 0.755859 0.640625 0.753906 0.638672 0.753906 0.632812 0.755859 0.630859 0.759766 0.630859 0.761719 0.632812 0.763672 0.632812
0 0.837891 0.634766 0.837891 0.638672 0.833984 0.638672 0.832031 0.636719 0.835938 0.632812
0 0.291016 0.640625 0.289062 0.640625 0.287109 0.642578 0.283203 0.642578 0.281250 0.640625 0.281250 0.634766 0.283203 0.632812 0.287109 0.632812 0.289062 0.634766 0.291016 0.634766
0 0.171875 0.642578 0.169922 0.642578 0.167969 0.644531 0.164062 0.644531 0.162109 0.642578 0.162109 0.636719 0.164062 0.634766 0.167969 0.634766 0.169922 0.636719 0.171875 0.636719
0 0.042969 0.650391 0.041016 0.650391 0.039062 0.652344 0.029297 0.652344 0.023438 0.646484 0.023438 0.636719 0.025391 0.634766 0.027344 0.634766 0.027344 0.632812 0.029297 0.630859 0.039062 0.630859 0.044922 0.636719 0.044922 0.646484 0.042969 0.648438
0 0.111328 0.644531 0.109375 0.644531 0.107422 0.646484 0.103516 0.646484 0.101562 0.644531 0.101562 0.638672 0.103516 0.636719 0.107422 0.636719 0.109375 0.638672 0.111328 0.638672
0 0.332031 0.644531 0.330078 0.644531 0.328125 0.646484 0.324219 0.646484 0.322266 0.644531 0.322266 0.638672 0.324219 0.636719 0.328125 0.636719 0.330078 0.638672 0.332031 0.638672
0 0.460938 0.646484 0.455078 0.652344 0.449219 0.652344 0.443359 0.646484 0.443359 0.640625 0.449219 0.634766 0.455078 0.634766 0.460938 0.640625
0 0.529297 0.646484 0.527344 0.646484 0.525391 0.648438 0.521484 0.648438 0.519531 0.646484 0.519531 0.640625 0.521484 0.638672 0.525391 0.638672 0.527344 0.640625 0.529297 0.640625
0 0.562500 0.646484 0.560547 0.646484 0.558594 0.648438 0.554688 0.648438 0.552734 0.646484 0.552734 0.640625 0.554688 0.638672 0.558594 0.638672 0.560547 0.640625 0.562500 0.640625
0 0.583984 0.646484 0.582031 0.648438 0.582031 0.650391 0.580078 0.652344 0.574219 0.652344 0.572266 0.650391 0.572266 0.648438 0.570312 0.646484 0.570312 0.644531 0.572266 0.642578 0.572266 0.640625 0.574219 0.638672 0.580078 0.638672 0.582031 0.640625 0.582031 0.642578 0.583984 0.644531
0 0.345703 0.652344 0.343750 0.652344 0.341797 0.654297 0.337891 0.654297 0.335938 0.652344 0.335938 0.646484 0.337891 0.644531 0.341797 0.644531 0.343750 0.646484 0.345703 0.646484
0 0.593750 0.648438 0.593750 0.652344 0.589844 0.652344 0.587891 0.650391 0.591797 0.646484
0 0.914062 0.652344 0.912109 0.652344 0.910156 0.654297 0.906250 0.654297 0.904297 0.652344 0.904297 0.646484 0.906250 0.644531 0.910156 0.644531 0.912109 0.646484 0.914062 0.646484
0 0.283203 0.654297 0.281250 0.654297 0.279297 0.656250 0.275391 0.656250 0.273438 0.654297 0.273438 0.648438 0.275391 0.646484 0.279297 0.646484 0.281250 0.648438 0.283203 0.648438
0 0.423828 0.660156 0.421875 0.660156 0.419922 0.662109 0.410156 0.662109 0.404297 0.656250 0.404297 0.646484 0.406250 0.644531 0.408203 0.644531 0.408203 0.642578 0.410156 0.640625 0.419922 0.640625 0.425781 0.646484 0.425781 0.656250 0.423828 0.658203
0 0.484375 0.652344 0.482422 0.654297 0.482422 0.656250 0.480469 0.658203 0.474609 0.658203 0.472656 0.656250 0.472656 0.654297 0.470703 0.652344 0.470703 0.650391 0.472656 0.648438 0.472656 0.646484 0.474609 0.644531 0.480469 0.644531 0.482422 0.646484 0.482422 0.648438 0.484375 0.650391
0 0.380859 0.662109 0.378906 0.662109 0.376953 0.664062 0.367188 0.664062 0.361328 0.658203 0.361328 0.648438 0.363281 0.646484 0.365234 0.646484 0.365234 0.644531 0.367188 0.642578 0.376953 0.642578 0.382812 0.648438 0.382812 0.658203 0.380859 0.660156
0 0.541016 0.656250 0.539062 0.656250 0.537109 0.658203 0.533203 0.658203 0.531250 0.656250 0.531250 0.650391 0.533203 0.648438 0.537109 0.648438 0.539062 0.650391 0.541016 0.650391
0 0.699219 0.656250 0.697266 0.656250 0.695312 0.658203 0.691406 0.658203 0.689453 0.656250 0.689453 0.650391 0.691406 0.648438 0.695312 0.648438 0.697266 0.650391 0.699219 0.650391
0 0.142578 0.654297 0.142578 0.658203 0.138672 0.658203 0.136719 0.656250 0.140625 0.652344
0 0.548828 0.656250 0.546875 0.658203 0.546875 0.660156 0.544922 0.662109 0.539062 0.662109 0.537109 0.660156 0.537109 0.658203 0.535156 0.656250 0.535156 0.654297 0.537109 0.652344 0.537109 0.650391 0.539062 0.648438 0.544922 0.648438 0.546875 0.650391 0.546875 0.652344 0.548828 0.654297
0 0.667969 0.654297 0.667969 0.658203 0.664062 0.658203 0.662109 0.656250 0.666016 0.652344
0 0.916016 0.658203 0.914062 0.658203 0.912109 0.660156 0.908203 0.660156 0.906250 0.658203 0.906250 0.652344 0.908203 0.650391 0.912109 0.650391 0.914062 0.652344 0.916016 0.652344
0 0.154297 0.656250 0.154297 0.660156 0.150391 0.660156 0.148438 0.658203 0.152344 0.654297
0 0.435547 0.660156 0.433594 0.660156 0.431641 0.662109 0.427734 0.662109 0.425781 0.660156 0.425781 0.654297 0.427734 0.652344 0.431641 0.652344 0.433594 0.654297 0.435547 0.654297
0 0.496094 0.660156 0.494141 0.660156 0.492188 0.662109 0.488281 0.662109 0.486328 0.660156 0.486328 0.654297 0.488281 0.652344 0.492188 0.652344 0.494141 0.654297 0.496094 0.654297
0 0.599609 0.660156 0.597656 0.660156 0.595703 0.662109 0.591797 0.662109 0.589844 0.660156 0.589844 0.654297 0.591797 0.652344 0.595703 0.652344 0.597656 0.654297 0.599609 0.654297
0 0.089844 0.660156 0.087891 0.662109 0.087891 0.664062 0.085938 0.666016 0.080078 0.666016 0.078125 0.664062 0.078125 0.662109 0.076172 0.660156 0.076172 0.658203 0.078125 0.656250 0.078125 0.654297 0.080078 0.652344 0.085938 0.652344 0.087891 0.654297 0.087891 0.656250 0.089844 0.658203
0 0.890625 0.662109 0.888672 0.662109 0.886719 0.664062 0.882812 0.664062 0.880859 0.662109 0.880859 0.656250 0.882812 0.654297 0.886719 0.654297 0.888672 0.656250 0.890625 0.656250
0 0.195312 0.666016 0.193359 0.666016 0.191406 0.667969 0.187500 0.667969 0.185547 0.666016 0.185547 0.660156 0.187500 0.658203 0.191406 0.658203 0.193359 0.660156 0.195312 0.660156
0 0.507812 0.666016 0.505859 0.666016 0.503906 0.667969 0.500000 0.667969 0.498047 0.666016 0.498047 0.660156 0.500000 0.658203 0.503906 0.658203 0.505859 0.660156 0.507812 0.660156
0 0.683594 0.664062 0.681641 0.666016 0.681641 0.667969 0.679688 0.669922 0.673828 0.669922 0.671875 0.667969 0.671875 0.666016 0.669922 0.664062 0.669922 0.662109 0.671875 0.660156 0.671875 0.658203 0.673828 0.656250 0.679688 0.656250 0.681641 0.658203 0.681641 0.660156 0.683594 0.662109
0 0.089844 0.673828 0.087891 0.673828 0.085938 0.675781 0.076172 0.675781 0.070312 0.669922 0.070312 0.660156 0.072266 0.658203 0.074219 0.658203 0.074219 0.656250 0.076172 0.654297 0.085938 0.654297 0.091797 0.660156 0.091797 0.669922 0.089844 0.671875
0 0.267578 0.667969 0.265625 0.667969 0.263672 0.669922 0.259766 0.669922 0.257812 0.667969 0.257812 0.662109 0.259766 0.660156 0.263672 0.660156 0.265625 0.662109 0.267578 0.662109
0 0.458984 0.675781 0.457031 0.675781 0.455078 0.677734 0.445312 0.677734 0.439453 0.671875 0.439453 0.662109 0.441406 0.660156 0.443359 0.660156 0.443359 0.658203 0.445312 0.656250 0.455078 0.656250 0.460938 0.662109 0.460938 0.671875 0.458984 0.673828
0 0.591797 0.669922 0.589844 0.669922 0.587891 0.671875 0.583984 0.671875 0.582031 0.669922 0.582031 0.664062 0.583984 0.662109 0.587891 0.662109 0.589844 0.664062 0.591797 0.664062
0 0.705078 0.669922 0.703125 0.669922 0.701172 0.671875 0.697266 0.671875 0.695312 0.669922 0.695312 0.664062 0.697266 0.662109 0.701172 0.662109 0.703125 0.664062 0.705078 0.664062
0 0.896484 0.669922 0.894531 0.669922 0.892578 0.671875 0.888672 0.671875 0.886719 0.669922 0.886719 0.664062 0.888672 0.662109 0.892578 0.662109 0.894531 0.664062 0.896484 0.664062
0 0.910156 0.669922 0.908203 0.669922 0.906250 0.671875 0.902344 0.671875 0.900391 0.669922 0.900391 0.664062 0.902344 0.662109 0.906250 0.662109 0.908203 0.664062 0.910156 0.664062
0 0.599609 0.667969 0.599609 0.671875 0.595703 0.671875 0.593750 0.669922 0.597656 0.666016
0 0.207031 0.673828 0.205078 0.675781 0.205078 0.677734 0.203125 0.679688 0.197266 0.679688 0.195312 0.677734 0.195312 0.675781 0.193359 0.673828 0.193359 0.671875 0.195312 0.669922 0.195312 0.667969 0.197266 0.666016 0.203125 0.666016 0.205078 0.667969 0.205078 0.669922 0.207031 0.671875
0 0.494141 0.677734 0.492188 0.677734 0.490234 0.679688 0.486328 0.679688 0.484375 0.677734 0.484375 0.671875 0.486328 0.669922 0.490234 0.669922 0.492188 0.671875 0.494141 0.671875
0 0.591797 0.673828 0.591797 0.677734 0.587891 0.677734 0.585938 0.675781 0.589844 0.671875
0 0.705078 0.675781 0.703125 0.677734 0.703125 0.679688 0.701172 0.681641 0.695312 0.681641 0.693359 0.679688 0.693359 0.677734 0.691406 0.675781 0.691406 0.673828 0.693359 0.671875 0.693359 0.669922 0.695312 0.667969 0.701172 0.667969 0.703125 0.669922 0.703125 0.671875 0.705078 0.673828
0 0.044922 0.679688 0.042969 0.681641 0.042969 0.683594 0.041016 0.685547 0.035156 0.685547 0.033203 0.683594 0.033203 0.681641 0.031250 0.679688 0.031250 0.677734 0.033203 0.675781 0.033203 0.673828 0.035156 0.671875 0.041016 0.671875 0.042969 0.673828 0.042969 0.675781 0.044922 0.677734
0 0.255859 0.687500 0.253906 0.687500 0.251953 0.689453 0.242188 0.689453 0.236328 0.683594 0.236328 0.673828 0.238281 0.671875 0.240234 0.671875 0.240234 0.669922 0.242188 0.667969 0.251953 0.667969 0.257812 0.673828 0.257812 0.683594 0.255859 0.685547
0 0.556641 0.677734 0.556641 0.681641 0.552734 0.681641 0.550781 0.679688 0.554688 0.675781
0 0.630859 0.681641 0.628906 0.681641 0.626953 0.683594 0.623047 0.683594 0.621094 0.681641 0.621094 0.675781 0.623047 0.673828 0.626953 0.673828 0.628906 0.675781 0.630859 0.675781
0 0.076172 0.683594 0.074219 0.683594 0.072266 0.685547 0.068359 0.685547 0.066406 0.683594 0.066406 0.677734 0.068359 0.675781 0.072266 0.675781 0.074219 0.677734 0.076172 0.677734
0 0.376953 0.681641 0.375000 0.683594 0.375000 0.685547 0.373047 0.687500 0.367188 0.687500 0.365234 0.685547 0.365234 0.683594 0.363281 0.681641 0.363281 0.679688 0.365234 0.677734 0.365234 0.675781 0.367188 0.673828 0.373047 0.673828 0.375000 0.675781 0.375000 0.677734 0.376953 0.679688
0 0.441406 0.687500 0.439453 0.687500 0.437500 0.689453 0.433594 0.689453 0.431641 0.687500 0.431641 0.681641 0.433594 0.679688 0.437500 0.679688 0.439453 0.681641 0.441406 0.681641
0 0.562500 0.683594 0.562500 0.687500 0.558594 0.687500 0.556641 0.685547 0.560547 0.681641
0 0.476562 0.689453 0.474609 0.689453 0.472656 0.691406 0.468750 0.691406 0.466797 0.689453 0.466797 0.683594 0.468750 0.681641 0.472656 0.681641 0.474609 0.683594 0.476562 0.683594
0 0.220703 0.697266 0.218750 0.697266 0.216797 0.699219 0.207031 0.699219 0.201172 0.693359 0.201172 0.683594 0.203125 0.681641 0.205078 0.681641 0.205078 0.679688 0.207031 0.677734 0.216797 0.677734 0.222656 0.683594 0.222656 0.693359 0.220703 0.695312
0 0.187500 0.689453 0.187500 0.693359 0.183594 0.693359 0.181641 0.691406 0.185547 0.687500
0 0.419922 0.693359 0.417969 0.693359 0.416016 0.695312 0.412109 0.695312 0.410156 0.693359 0.410156 0.687500 0.412109 0.685547 0.416016 0.685547 0.417969 0.687500 0.419922 0.687500
0 0.066406 0.695312 0.064453 0.695312 0.062500 0.697266 0.058594 0.697266 0.056641 0.695312 0.056641 0.689453 0.058594 0.687500 0.062500 0.687500 0.064453 0.689453 0.066406 0.689453
0 0.335938 0.691406 0.335938 0.695312 0.332031 0.695312 0.330078 0.693359 0.333984 0.689453
0 0.544922 0.701172 0.542969 0.701172 0.541016 0.703125 0.531250 0.703125 0.525391 0.697266 0.525391 0.687500 0.527344 0.685547 0.529297 0.685547 0.529297 0.683594 0.531250 0.681641 0.541016 0.681641 0.546875 0.687500 0.546875 0.697266 0.544922 0.699219
0 0.554688 0.691406 0.554688 0.695312 0.550781 0.695312 0.548828 0.693359 0.552734 0.689453
0 0.638672 0.695312 0.636719 0.695312 0.634766 0.697266 0.630859 0.697266 0.628906 0.695312 0.628906 0.689453 0.630859 0.687500 0.634766 0.687500 0.636719 0.689453 0.638672 0.689453
0 0.455078 0.697266 0.453125 0.697266 0.451172 0.699219 0.447266 0.699219 0.445312 0.697266 0.445312 0.691406 0.447266 0.689453 0.451172 0.689453 0.453125 0.691406 0.455078 0.691406
0 0.669922 0.699219 0.667969 0.699219 0.666016 0.701172 0.662109 0.701172 0.660156 0.699219 0.660156 0.693359 0.662109 0.691406 0.666016 0.691406 0.667969 0.693359 0.669922 0.693359
0 0.394531 0.699219 0.392578 0.701172 0.392578 0.703125 0.390625 0.705078 0.384766 0.705078 0.382812 0.703125 0.382812 0.701172 0.380859 0.699219 0.380859 0.697266 0.382812 0.695312 0.382812 0.693359 0.384766 0.691406 0.390625 0.691406 0.392578 0.693359 0.392578 0.695312 0.394531 0.697266
0 0.623047 0.701172 0.621094 0.701172 0.619141 0.703125 0.615234 0.703125 0.613281 0.701172 0.613281 0.695312 0.615234 0.693359 0.619141 0.693359 0.621094 0.695312 0.623047 0.695312
0 0.871094 0.697266 0.871094 0.701172 0.867188 0.701172 0.865234 0.699219 0.869141 0.695312
0 0.884766 0.697266 0.884766 0.701172 0.880859 0.701172 0.878906 0.699219 0.882812 0.695312
0 0.628906 0.703125 0.626953 0.703125 0.625000 0.705078 0.621094 0.705078 0.619141 0.703125 0.619141 0.697266 0.621094 0.695312 0.625000 0.695312 0.626953 0.697266 0.628906 0.697266
0 0.859375 0.699219 0.859375 0.703125 0.855469 0.703125 0.853516 0.701172 0.857422 0.697266
0 0.539062 0.701172 0.539062 0.705078 0.535156 0.705078 0.533203 0.703125 0.537109 0.699219
0 0.486328 0.708984 0.484375 0.708984 0.482422 0.710938 0.478516 0.710938 0.476562 0.708984 0.476562 0.703125 0.478516 0.701172 0.482422 0.701172 0.484375 0.703125 0.486328 0.703125
0 0.531250 0.705078 0.531250 0.708984 0.527344 0.708984 0.525391 0.707031 0.529297 0.703125
0 0.080078 0.710938 0.080078 0.714844 0.076172 0.714844 0.074219 0.712891 0.078125 0.708984
0 0.619141 0.710938 0.619141 0.714844 0.615234 0.714844 0.613281 0.712891 0.617188 0.708984
0 0.242188 0.716797 0.240234 0.716797 0.238281 0.718750 0.234375 0.718750 0.232422 0.716797 0.232422 0.710938 0.234375 0.708984 0.238281 0.708984 0.240234 0.710938 0.242188 0.710938
0 0.666016 0.716797 0.660156 0.722656 0.654297 0.722656 0.648438 0.716797 0.648438 0.710938 0.654297 0.705078 0.660156 0.705078 0.666016 0.710938
0 0.076172 0.716797 0.076172 0.720703 0.072266 0.720703 0.070312 0.718750 0.074219 0.714844
0 0.523438 0.720703 0.521484 0.720703 0.519531 0.722656 0.515625 0.722656 0.513672 0.720703 0.513672 0.714844 0.515625 0.712891 0.519531 0.712891 0.521484 0.714844 0.523438 0.714844
0 0.550781 0.718750 0.548828 0.720703 0.548828 0.722656 0.546875 0.724609 0.541016 0.724609 0.539062 0.722656 0.539062 0.720703 0.537109 0.718750 0.537109 0.716797 0.539062 0.714844 0.539062 0.712891 0.541016 0.710938 0.546875 0.710938 0.548828 0.712891 0.548828 0.714844 0.550781 0.716797
0 0.646484 0.716797 0.646484 0.720703 0.642578 0.720703 0.640625 0.718750 0.644531 0.714844
0 0.087891 0.718750 0.087891 0.722656 0.083984 0.722656 0.082031 0.720703 0.085938 0.716797
0 0.498047 0.722656 0.496094 0.722656 0.494141 0.724609 0.490234 0.724609 0.488281 0.722656 0.488281 0.716797 0.490234 0.714844 0.494141 0.714844 0.496094 0.716797 0.498047 0.716797
0 0.589844 0.718750 0.589844 0.722656 0.585938 0.722656 0.583984 0.720703 0.587891 0.716797
0 0.564453 0.720703 0.564453 0.724609 0.560547 0.724609 0.558594 0.722656 0.562500 0.718750
0 0.794922 0.720703 0.794922 0.724609 0.791016 0.724609 0.789062 0.722656 0.792969 0.718750
0 0.400391 0.722656 0.400391 0.726562 0.396484 0.726562 0.394531 0.724609 0.398438 0.720703
0 0.804688 0.722656 0.804688 0.726562 0.800781 0.726562 0.798828 0.724609 0.802734 0.720703
0 0.208984 0.726562 0.207031 0.728516 0.207031 0.730469 0.205078 0.732422 0.199219 0.732422 0.197266 0.730469 0.197266 0.728516 0.195312 0.726562 0.195312 0.724609 0.197266 0.722656 0.197266 0.720703 0.199219 0.718750 0.205078 0.718750 0.207031 0.720703 0.207031 0.722656 0.208984 0.724609
0 0.529297 0.728516 0.527344 0.730469 0.527344 0.732422 0.525391 0.734375 0.519531 0.734375 0.517578 0.732422 0.517578 0.730469 0.515625 0.728516 0.515625 0.726562 0.517578 0.724609 0.517578 0.722656 0.519531 0.720703 0.525391 0.720703 0.527344 0.722656 0.527344 0.724609 0.529297 0.726562
0 0.646484 0.726562 0.646484 0.730469 0.642578 0.730469 0.640625 0.728516 0.644531 0.724609
0 0.679688 0.730469 0.677734 0.730469 0.675781 0.732422 0.671875 0.732422 0.669922 0.730469 0.669922 0.724609 0.671875 0.722656 0.675781 0.722656 0.677734 0.724609 0.679688 0.724609
0 0.585938 0.728516 0.585938 0.732422 0.582031 0.732422 0.580078 0.730469 0.583984 0.726562
0 0.591797 0.728516 0.591797 0.732422 0.587891 0.732422 0.585938 0.730469 0.589844 0.726562
0 0.664062 0.728516 0.664062 0.732422 0.660156 0.732422 0.658203 0.730469 0.662109 0.726562
0 0.494141 0.730469 0.494141 0.734375 0.490234 0.734375 0.488281 0.732422 0.492188 0.728516
0 0.544922 0.740234 0.542969 0.740234 0.541016 0.742188 0.531250 0.742188 0.525391 0.736328 0.525391 0.726562 0.527344 0.724609 0.529297 0.724609 0.529297 0.722656 0.531250 0.720703 0.541016 0.720703 0.546875 0.726562 0.546875 0.736328 0.544922 0.738281
0 0.486328 0.732422 0.486328 0.736328 0.482422 0.736328 0.480469 0.734375 0.484375 0.730469
0 0.556641 0.732422 0.556641 0.736328 0.552734 0.736328 0.550781 0.734375 0.554688 0.730469
0 0.564453 0.732422 0.564453 0.736328 0.560547 0.736328 0.558594 0.734375 0.562500 0.730469
0 0.660156 0.734375 0.660156 0.738281 0.656250 0.738281 0.654297 0.736328 0.658203 0.732422
0 0.406250 0.736328 0.406250 0.740234 0.402344 0.740234 0.400391 0.738281 0.404297 0.734375
0 0.689453 0.736328 0.689453 0.740234 0.685547 0.740234 0.683594 0.738281 0.687500 0.734375
0 0.968750 0.736328 0.968750 0.740234 0.964844 0.740234 0.962891 0.738281 0.966797 0.734375
0 0.976562 0.738281 0.976562 0.742188 0.972656 0.742188 0.970703 0.740234 0.974609 0.736328
0 0.230469 0.744141 0.228516 0.744141 0.226562 0.746094 0.222656 0.746094 0.220703 0.744141 0.220703 0.738281 0.222656 0.736328 0.226562 0.736328 0.228516 0.738281 0.230469 0.738281
0 0.513672 0.742188 0.513672 0.746094 0.509766 0.746094 0.507812 0.744141 0.511719 0.740234
0 0.359375 0.744141 0.359375 0.748047 0.355469 0.748047 0.353516 0.746094 0.357422 0.742188
0 0.662109 0.746094 0.662109 0.750000 0.658203 0.750000 0.656250 0.748047 0.660156 0.744141
0 0.347656 0.748047 0.347656 0.751953 0.343750 0.751953 0.341797 0.750000 0.345703 0.746094
0 0.531250 0.750000 0.529297 0.751953 0.529297 0.753906 0.527344 0.755859 0.521484 0.755859 0.519531 0.753906 0.519531 0.751953 0.517578 0.750000 0.517578 0.748047 0.519531 0.746094 0.519531 0.744141 0.521484 0.742188 0.527344 0.742188 0.529297 0.744141 0.529297 0.746094 0.531250 0.748047
0 0.550781 0.748047 0.550781 0.751953 0.546875 0.751953 0.544922 0.750000 0.548828 0.746094
0 0.970703 0.748047 0.970703 0.751953 0.966797 0.751953 0.964844 0.750000 0.968750 0.746094
0 0.232422 0.759766 0.230469 0.759766 0.228516 0.761719 0.218750 0.761719 0.212891 0.755859 0.212891 0.746094 0.214844 0.744141 0.216797 0.744141 0.216797 0.742188 0.218750 0.740234 0.228516 0.740234 0.234375 0.746094 0.234375 0.755859 0.232422 0.757812
0 0.539062 0.750000 0.539062 0.753906 0.535156 0.753906 0.533203 0.751953 0.537109 0.748047
0 0.662109 0.755859 0.662109 0.759766 0.658203 0.759766 0.656250 0.757812 0.660156 0.753906
0 0.544922 0.757812 0.544922 0.761719 0.541016 0.761719 0.539062 0.759766 0.542969 0.755859
0 0.609375 0.759766 0.609375 0.763672 0.605469 0.763672 0.603516 0.761719 0.607422 0.757812
0 0.617188 0.759766 0.617188 0.763672 0.613281 0.763672 0.611328 0.761719 0.615234 0.757812
0 0.179688 0.763672 0.177734 0.765625 0.177734 0.767578 0.175781 0.769531 0.169922 0.769531 0.167969 0.767578 0.167969 0.765625 0.166016 0.763672 0.166016 0.761719 0.167969 0.759766 0.167969 0.757812 0.169922 0.755859 0.175781 0.755859 0.177734 0.757812 0.177734 0.759766 0.179688 0.761719
0 0.664062 0.763672 0.662109 0.765625 0.662109 0.767578 0.660156 0.769531 0.654297 0.769531 0.652344 0.767578 0.652344 0.765625 0.650391 0.763672 0.650391 0.761719 0.652344 0.759766 0.652344 0.757812 0.654297 0.755859 0.660156 0.755859 0.662109 0.757812 0.662109 0.759766 0.664062 0.761719
0 0.761719 0.763672 0.761719 0.767578 0.757812 0.767578 0.755859 0.765625 0.759766 0.761719
0 0.367188 0.775391 0.365234 0.775391 0.363281 0.777344 0.353516 0.777344 0.347656 0.771484 0.347656 0.761719 0.349609 0.759766 0.351562 0.759766 0.351562 0.757812 0.353516 0.755859 0.363281 0.755859 0.369141 0.761719 0.369141 0.771484 0.367188 0.773438
0 0.636719 0.775391 0.634766 0.775391 0.632812 0.777344 0.623047 0.777344 0.617188 0.771484 0.617188 0.761719 0.619141 0.759766 0.621094 0.759766 0.621094 0.757812 0.623047 0.755859 0.632812 0.755859 0.638672 0.761719 0.638672 0.771484 0.636719 0.773438
0 0.693359 0.765625 0.693359 0.769531 0.689453 0.769531 0.687500 0.767578 0.691406 0.763672
0 0.542969 0.769531 0.541016 0.771484 0.541016 0.773438 0.539062 0.775391 0.533203 0.775391 0.531250 0.773438 0.531250 0.771484 0.529297 0.769531 0.529297 0.767578 0.531250 0.765625 0.531250 0.763672 0.533203 0.761719 0.539062 0.761719 0.541016 0.763672 0.541016 0.765625 0.542969 0.767578
0 0.619141 0.767578 0.619141 0.771484 0.615234 0.771484 0.613281 0.769531 0.617188 0.765625
0 0.208984 0.771484 0.207031 0.773438 0.207031 0.775391 0.205078 0.777344 0.199219 0.777344 0.197266 0.775391 0.197266 0.773438 0.195312 0.771484 0.195312 0.769531 0.197266 0.767578 0.197266 0.765625 0.199219 0.763672 0.205078 0.763672 0.207031 0.765625 0.207031 0.767578 0.208984 0.769531
0 0.642578 0.771484 0.640625 0.773438 0.640625 0.775391 0.638672 0.777344 0.632812 0.777344 0.630859 0.775391 0.630859 0.773438 0.628906 0.771484 0.628906 0.769531 0.630859 0.767578 0.630859 0.765625 0.632812 0.763672 0.638672 0.763672 0.640625 0.765625 0.640625 0.767578 0.642578 0.769531
0 0.658203 0.773438 0.656250 0.773438 0.654297 0.775391 0.650391 0.775391 0.648438 0.773438 0.648438 0.767578 0.650391 0.765625 0.654297 0.765625 0.656250 0.767578 0.658203 0.767578
0 0.613281 0.771484 0.613281 0.775391 0.609375 0.775391 0.607422 0.773438 0.611328 0.769531
0 0.671875 0.771484 0.671875 0.775391 0.667969 0.775391 0.666016 0.773438 0.669922 0.769531
0 0.500000 0.777344 0.498047 0.777344 0.496094 0.779297 0.492188 0.779297 0.490234 0.777344 0.490234 0.771484 0.492188 0.769531 0.496094 0.769531 0.498047 0.771484 0.500000 0.771484
0 0.755859 0.773438 0.755859 0.777344 0.751953 0.777344 0.750000 0.775391 0.753906 0.771484
0 0.890625 0.773438 0.890625 0.777344 0.886719 0.777344 0.884766 0.775391 0.888672 0.771484
0 0.378906 0.775391 0.378906 0.779297 0.375000 0.779297 0.373047 0.777344 0.376953 0.773438
0 0.589844 0.775391 0.589844 0.779297 0.585938 0.779297 0.583984 0.777344 0.587891 0.773438
0 0.779297 0.775391 0.779297 0.779297 0.775391 0.779297 0.773438 0.777344 0.777344 0.773438
0 0.154297 0.787109 0.152344 0.787109 0.150391 0.789062 0.140625 0.789062 0.134766 0.783203 0.134766 0.773438 0.136719 0.771484 0.138672 0.771484 0.138672 0.769531 0.140625 0.767578 0.150391 0.767578 0.156250 0.773438 0.156250 0.783203 0.154297 0.785156
0 0.193359 0.781250 0.191406 0.781250 0.189453 0.783203 0.185547 0.783203 0.183594 0.781250 0.183594 0.775391 0.185547 0.773438 0.189453 0.773438 0.191406 0.775391 0.193359 0.775391
0 0.861328 0.781250 0.859375 0.781250 0.857422 0.783203 0.853516 0.783203 0.851562 0.781250 0.851562 0.775391 0.853516 0.773438 0.857422 0.773438 0.859375 0.775391 0.861328 0.775391
0 0.550781 0.783203 0.548828 0.783203 0.546875 0.785156 0.542969 0.785156 0.541016 0.783203 0.541016 0.777344 0.542969 0.775391 0.546875 0.775391 0.548828 0.777344 0.550781 0.777344
0 0.656250 0.783203 0.650391 0.789062 0.644531 0.789062 0.638672 0.783203 0.638672 0.777344 0.644531 0.771484 0.650391 0.771484 0.656250 0.777344
0 0.773438 0.779297 0.773438 0.783203 0.769531 0.783203 0.767578 0.781250 0.771484 0.777344
0 0.371094 0.785156 0.369141 0.785156 0.367188 0.787109 0.363281 0.787109 0.361328 0.785156 0.361328 0.779297 0.363281 0.777344 0.367188 0.777344 0.369141 0.779297 0.371094 0.779297
0 0.527344 0.785156 0.525391 0.785156 0.523438 0.787109 0.519531 0.787109 0.517578 0.785156 0.517578 0.779297 0.519531 0.777344 0.523438 0.777344 0.525391 0.779297 0.527344 0.779297
0 0.703125 0.783203 0.701172 0.785156 0.701172 0.787109 0.699219 0.789062 0.693359 0.789062 0.691406 0.787109 0.691406 0.785156 0.689453 0.783203 0.689453 0.781250 0.691406 0.779297 0.691406 0.777344 0.693359 0.775391 0.699219 0.775391 0.701172 0.777344 0.701172 0.779297 0.703125 0.781250
0 0.785156 0.781250 0.785156 0.785156 0.781250 0.785156 0.779297 0.783203 0.783203 0.779297
0 0.310547 0.783203 0.310547 0.787109 0.306641 0.787109 0.304688 0.785156 0.308594 0.781250
0 0.765625 0.783203 0.765625 0.787109 0.761719 0.787109 0.759766 0.785156 0.763672 0.781250
0 0.103516 0.789062 0.101562 0.789062 0.099609 0.791016 0.095703 0.791016 0.093750 0.789062 0.093750 0.783203 0.095703 0.781250 0.099609 0.781250 0.101562 0.783203 0.103516 0.783203
0 0.355469 0.785156 0.355469 0.789062 0.351562 0.789062 0.349609 0.787109 0.353516 0.783203
0 0.890625 0.785156 0.890625 0.789062 0.886719 0.789062 0.884766 0.787109 0.888672 0.783203
0 0.693359 0.791016 0.687500 0.796875 0.681641 0.796875 0.675781 0.791016 0.675781 0.785156 0.681641 0.779297 0.687500 0.779297 0.693359 0.785156
0 0.589844 0.792969 0.587891 0.792969 0.585938 0.794922 0.582031 0.794922 0.580078 0.792969 0.580078 0.787109 0.582031 0.785156 0.585938 0.785156 0.587891 0.787109 0.589844 0.787109
0 0.642578 0.792969 0.640625 0.792969 0.638672 0.794922 0.634766 0.794922 0.632812 0.792969 0.632812 0.787109 0.634766 0.785156 0.638672 0.785156 0.640625 0.787109 0.642578 0.787109
0 0.843750 0.792969 0.841797 0.792969 0.839844 0.794922 0.835938 0.794922 0.833984 0.792969 0.833984 0.787109 0.835938 0.785156 0.839844 0.785156 0.841797 0.787109 0.843750 0.787109
0 0.304688 0.791016 0.304688 0.794922 0.300781 0.794922 0.298828 0.792969 0.302734 0.789062
0 0.671875 0.791016 0.671875 0.794922 0.667969 0.794922 0.666016 0.792969 0.669922 0.789062
0 0.216797 0.792969 0.216797 0.796875 0.212891 0.796875 0.210938 0.794922 0.214844 0.791016
0 0.316406 0.792969 0.316406 0.796875 0.312500 0.796875 0.310547 0.794922 0.314453 0.791016
0 0.662109 0.796875 0.660156 0.796875 0.658203 0.798828 0.654297 0.798828 0.652344 0.796875 0.652344 0.791016 0.654297 0.789062 0.658203 0.789062 0.660156 0.791016 0.662109 0.791016
0 0.466797 0.796875 0.464844 0.798828 0.464844 0.800781 0.462891 0.802734 0.457031 0.802734 0.455078 0.800781 0.455078 0.798828 0.453125 0.796875 0.453125 0.794922 0.455078 0.792969 0.455078 0.791016 0.457031 0.789062 0.462891 0.789062 0.464844 0.791016 0.464844 0.792969 0.466797 0.794922
0 0.617188 0.796875 0.615234 0.798828 0.615234 0.800781 0.613281 0.802734 0.607422 0.802734 0.605469 0.800781 0.605469 0.798828 0.603516 0.796875 0.603516 0.794922 0.605469 0.792969 0.605469 0.791016 0.607422 0.789062 0.613281 0.789062 0.615234 0.791016 0.615234 0.792969 0.617188 0.794922
0 0.181641 0.800781 0.175781 0.806641 0.169922 0.806641 0.164062 0.800781 0.164062 0.794922 0.169922 0.789062 0.175781 0.789062 0.181641 0.794922
0 0.687500 0.800781 0.685547 0.800781 0.683594 0.802734 0.679688 0.802734 0.677734 0.800781 0.677734 0.794922 0.679688 0.792969 0.683594 0.792969 0.685547 0.794922 0.687500 0.794922
0 0.369141 0.800781 0.367188 0.802734 0.367188 0.804688 0.365234 0.806641 0.359375 0.806641 0.357422 0.804688 0.357422 0.802734 0.355469 0.800781 0.355469 0.798828 0.357422 0.796875 0.357422 0.794922 0.359375 0.792969 0.365234 0.792969 0.367188 0.794922 0.367188 0.796875 0.369141 0.798828
0 0.849609 0.802734 0.847656 0.802734 0.845703 0.804688 0.841797 0.804688 0.839844 0.802734 0.839844 0.796875 0.841797 0.794922 0.845703 0.794922 0.847656 0.796875 0.849609 0.796875
0 0.226562 0.804688 0.224609 0.804688 0.222656 0.806641 0.218750 0.806641 0.216797 0.804688 0.216797 0.798828 0.218750 0.796875 0.222656 0.796875 0.224609 0.798828 0.226562 0.798828
0 0.324219 0.800781 0.324219 0.804688 0.320312 0.804688 0.318359 0.802734 0.322266 0.798828
0 0.541016 0.810547 0.539062 0.810547 0.537109 0.812500 0.527344 0.812500 0.521484 0.806641 0.521484 0.796875 0.523438 0.794922 0.525391 0.794922 0.525391 0.792969 0.527344 0.791016 0.537109 0.791016 0.542969 0.796875 0.542969 0.806641 0.541016 0.808594
0 0.562500 0.800781 0.562500 0.804688 0.558594 0.804688 0.556641 0.802734 0.560547 0.798828
0 0.802734 0.800781 0.802734 0.804688 0.798828 0.804688 0.796875 0.802734 0.800781 0.798828
0 0.427734 0.802734 0.427734 0.806641 0.423828 0.806641 0.421875 0.804688 0.425781 0.800781
0 0.589844 0.806641 0.583984 0.812500 0.578125 0.812500 0.572266 0.806641 0.572266 0.800781 0.578125 0.794922 0.583984 0.794922 0.589844 0.800781
0 0.646484 0.806641 0.644531 0.806641 0.642578 0.808594 0.638672 0.808594 0.636719 0.806641 0.636719 0.800781 0.638672 0.798828 0.642578 0.798828 0.644531 0.800781 0.646484 0.800781
0 0.677734 0.806641 0.675781 0.806641 0.673828 0.808594 0.669922 0.808594 0.667969 0.806641 0.667969 0.800781 0.669922 0.798828 0.673828 0.798828 0.675781 0.800781 0.677734 0.800781
0 0.972656 0.802734 0.972656 0.806641 0.968750 0.806641 0.966797 0.804688 0.970703 0.800781
0 0.513672 0.808594 0.511719 0.808594 0.509766 0.810547 0.505859 0.810547 0.503906 0.808594 0.503906 0.802734 0.505859 0.800781 0.509766 0.800781 0.511719 0.802734 0.513672 0.802734
0 0.789062 0.808594 0.787109 0.808594 0.785156 0.810547 0.781250 0.810547 0.779297 0.808594 0.779297 0.802734 0.781250 0.800781 0.785156 0.800781 0.787109 0.802734 0.789062 0.802734
0 0.726562 0.810547 0.720703 0.816406 0.714844 0.816406 0.708984 0.810547 0.708984 0.804688 0.714844 0.798828 0.720703 0.798828 0.726562 0.804688
0 0.421875 0.808594 0.421875 0.812500 0.417969 0.812500 0.416016 0.810547 0.419922 0.806641
0 0.671875 0.818359 0.669922 0.818359 0.667969 0.820312 0.658203 0.820312 0.652344 0.814453 0.652344 0.804688 0.654297 0.802734 0.656250 0.802734 0.656250 0.800781 0.658203 0.798828 0.667969 0.798828 0.673828 0.804688 0.673828 0.814453 0.671875 0.816406
0 0.447266 0.812500 0.445312 0.814453 0.445312 0.816406 0.443359 0.818359 0.437500 0.818359 0.435547 0.816406 0.435547 0.814453 0.433594 0.812500 0.433594 0.810547 0.435547 0.808594 0.435547 0.806641 0.437500 0.804688 0.443359 0.804688 0.445312 0.806641 0.445312 0.808594 0.447266 0.810547
0 0.625000 0.820312 0.623047 0.820312 0.621094 0.822266 0.611328 0.822266 0.605469 0.816406 0.605469 0.806641 0.607422 0.804688 0.609375 0.804688 0.609375 0.802734 0.611328 0.800781 0.621094 0.800781 0.626953 0.806641 0.626953 0.816406 0.625000 0.818359
0 0.648438 0.820312 0.646484 0.820312 0.644531 0.822266 0.634766 0.822266 0.628906 0.816406 0.628906 0.806641 0.630859 0.804688 0.632812 0.804688 0.632812 0.802734 0.634766 0.800781 0.644531 0.800781 0.650391 0.806641 0.650391 0.816406 0.648438 0.818359
0 0.701172 0.812500 0.699219 0.814453 0.699219 0.816406 0.697266 0.818359 0.691406 0.818359 0.689453 0.816406 0.689453 0.814453 0.687500 0.812500 0.687500 0.810547 0.689453 0.808594 0.689453 0.806641 0.691406 0.804688 0.697266 0.804688 0.699219 0.806641 0.699219 0.808594 0.701172 0.810547
0 0.740234 0.812500 0.740234 0.816406 0.736328 0.816406 0.734375 0.814453 0.738281 0.810547
0 0.685547 0.814453 0.685547 0.818359 0.681641 0.818359 0.679688 0.816406 0.683594 0.812500
0 0.396484 0.816406 0.396484 0.820312 0.392578 0.820312 0.390625 0.818359 0.394531 0.814453
0 0.408203 0.816406 0.408203 0.820312 0.404297 0.820312 0.402344 0.818359 0.406250 0.814453
0 0.556641 0.820312 0.554688 0.820312 0.552734 0.822266 0.548828 0.822266 0.546875 0.820312 0.546875 0.814453 0.548828 0.812500 0.552734 0.812500 0.554688 0.814453 0.556641 0.814453
0 0.574219 0.820312 0.572266 0.820312 0.570312 0.822266 0.566406 0.822266 0.564453 0.820312 0.564453 0.814453 0.566406 0.812500 0.570312 0.812500 0.572266 0.814453 0.574219 0.814453
0 0.597656 0.820312 0.595703 0.822266 0.595703 0.824219 0.593750 0.826172 0.587891 0.826172 0.585938 0.824219 0.585938 0.822266 0.583984 0.820312 0.583984 0.818359 0.585938 0.816406 0.585938 0.814453 0.587891 0.812500 0.593750 0.812500 0.595703 0.814453 0.595703 0.816406 0.597656 0.818359
0 0.830078 0.822266 0.828125 0.822266 0.826172 0.824219 0.822266 0.824219 0.820312 0.822266 0.820312 0.816406 0.822266 0.814453 0.826172 0.814453 0.828125 0.816406 0.830078 0.816406
0 0.185547 0.822266 0.183594 0.824219 0.183594 0.826172 0.181641 0.828125 0.175781 0.828125 0.173828 0.826172 0.173828 0.824219 0.171875 0.822266 0.171875 0.820312 0.173828 0.818359 0.173828 0.816406 0.175781 0.814453 0.181641 0.814453 0.183594 0.816406 0.183594 0.818359 0.185547 0.820312
0 0.640625 0.824219 0.638672 0.824219 0.636719 0.826172 0.632812 0.826172 0.630859 0.824219 0.630859 0.818359 0.632812 0.816406 0.636719 0.816406 0.638672 0.818359 0.640625 0.818359
0 0.347656 0.822266 0.347656 0.826172 0.343750 0.826172 0.341797 0.824219 0.345703 0.820312
0 0.359375 0.822266 0.359375 0.826172 0.355469 0.826172 0.353516 0.824219 0.357422 0.820312
0 0.402344 0.822266 0.402344 0.826172 0.398438 0.826172 0.396484 0.824219 0.400391 0.820312
0 0.662109 0.822266 0.662109 0.826172 0.658203 0.826172 0.656250 0.824219 0.660156 0.820312
0 0.814453 0.826172 0.812500 0.828125 0.812500 0.830078 0.810547 0.832031 0.804688 0.832031 0.802734 0.830078 0.802734 0.828125 0.800781 0.826172 0.800781 0.824219 0.802734 0.822266 0.802734 0.820312 0.804688 0.818359 0.810547 0.818359 0.812500 0.820312 0.812500 0.822266 0.814453 0.824219
0 0.539062 0.830078 0.537109 0.830078 0.535156 0.832031 0.531250 0.832031 0.529297 0.830078 0.529297 0.824219 0.531250 0.822266 0.535156 0.822266 0.537109 0.824219 0.539062 0.824219
0 0.574219 0.830078 0.568359 0.835938 0.562500 0.835938 0.556641 0.830078 0.556641 0.824219 0.562500 0.818359 0.568359 0.818359 0.574219 0.824219
0 0.673828 0.826172 0.673828 0.830078 0.669922 0.830078 0.667969 0.828125 0.671875 0.824219
0 0.353516 0.828125 0.353516 0.832031 0.349609 0.832031 0.347656 0.830078 0.351562 0.826172
0 0.546875 0.832031 0.544922 0.832031 0.542969 0.833984 0.539062 0.833984 0.537109 0.832031 0.537109 0.826172 0.539062 0.824219 0.542969 0.824219 0.544922 0.826172 0.546875 0.826172
0 0.621094 0.832031 0.619141 0.832031 0.617188 0.833984 0.613281 0.833984 0.611328 0.832031 0.611328 0.826172 0.613281 0.824219 0.617188 0.824219 0.619141 0.826172 0.621094 0.826172
0 0.119141 0.832031 0.117188 0.833984 0.117188 0.835938 0.115234 0.837891 0.109375 0.837891 0.107422 0.835938 0.107422 0.833984 0.105469 0.832031 0.105469 0.830078 0.107422 0.828125 0.107422 0.826172 0.109375 0.824219 0.115234 0.824219 0.117188 0.826172 0.117188 0.828125 0.119141 0.830078
0 0.162109 0.839844 0.160156 0.839844 0.158203 0.841797 0.148438 0.841797 0.142578 0.835938 0.142578 0.826172 0.144531 0.824219 0.146484 0.824219 0.146484 0.822266 0.148438 0.820312 0.158203 0.820312 0.164062 0.826172 0.164062 0.835938 0.162109 0.837891
0 0.658203 0.832031 0.656250 0.833984 0.656250 0.835938 0.654297 0.837891 0.648438 0.837891 0.646484 0.835938 0.646484 0.833984 0.644531 0.832031 0.644531 0.830078 0.646484 0.828125 0.646484 0.826172 0.648438 0.824219 0.654297 0.824219 0.656250 0.826172 0.656250 0.828125 0.658203 0.830078
0 0.791016 0.833984 0.789062 0.833984 0.787109 0.835938 0.783203 0.835938 0.781250 0.833984 0.781250 0.828125 0.783203 0.826172 0.787109 0.826172 0.789062 0.828125 0.791016 0.828125
0 0.494141 0.835938 0.488281 0.841797 0.482422 0.841797 0.476562 0.835938 0.476562 0.830078 0.482422 0.824219 0.488281 0.824219 0.494141 0.830078
0 0.669922 0.832031 0.669922 0.835938 0.666016 0.835938 0.664062 0.833984 0.667969 0.830078
0 0.712891 0.835938 0.710938 0.837891 0.710938 0.839844 0.708984 0.841797 0.703125 0.841797 0.701172 0.839844 0.701172 0.837891 0.699219 0.835938 0.699219 0.833984 0.701172 0.832031 0.701172 0.830078 0.703125 0.828125 0.708984 0.828125 0.710938 0.830078 0.710938 0.832031 0.712891 0.833984
0 0.732422 0.837891 0.726562 0.843750 0.720703 0.843750 0.714844 0.837891 0.714844 0.832031 0.720703 0.826172 0.726562 0.826172 0.732422 0.832031
0 0.763672 0.837891 0.757812 0.843750 0.751953 0.843750 0.746094 0.837891 0.746094 0.832031 0.751953 0.826172 0.757812 0.826172 0.763672 0.832031
0 0.861328 0.833984 0.861328 0.837891 0.857422 0.837891 0.855469 0.835938 0.859375 0.832031
0 0.458984 0.837891 0.457031 0.839844 0.457031 0.841797 0.455078 0.843750 0.449219 0.843750 0.447266 0.841797 0.447266 0.839844 0.445312 0.837891 0.445312 0.835938 0.447266 0.833984 0.447266 0.832031 0.449219 0.830078 0.455078 0.830078 0.457031 0.832031 0.457031 0.833984 0.458984 0.835938
0 0.806641 0.845703 0.804688 0.845703 0.802734 0.847656 0.792969 0.847656 0.787109 0.841797 0.787109 0.832031 0.789062 0.830078 0.791016 0.830078 0.791016 0.828125 0.792969 0.826172 0.802734 0.826172 0.808594 0.832031 0.808594 0.841797 0.806641 0.843750
0 0.837891 0.835938 0.837891 0.839844 0.833984 0.839844 0.832031 0.837891 0.835938 0.833984
0 0.371094 0.843750 0.369141 0.843750 0.367188 0.845703 0.363281 0.845703 0.361328 0.843750 0.361328 0.837891 0.363281 0.835938 0.367188 0.835938 0.369141 0.837891 0.371094 0.837891
0 0.580078 0.841797 0.580078 0.845703 0.576172 0.845703 0.574219 0.843750 0.578125 0.839844
0 0.828125 0.845703 0.826172 0.845703 0.824219 0.847656 0.820312 0.847656 0.818359 0.845703 0.818359 0.839844 0.820312 0.837891 0.824219 0.837891 0.826172 0.839844 0.828125 0.839844
0 0.878906 0.845703 0.876953 0.845703 0.875000 0.847656 0.871094 0.847656 0.869141 0.845703 0.869141 0.839844 0.871094 0.837891 0.875000 0.837891 0.876953 0.839844 0.878906 0.839844
0 0.904297 0.845703 0.902344 0.845703 0.900391 0.847656 0.896484 0.847656 0.894531 0.845703 0.894531 0.839844 0.896484 0.837891 0.900391 0.837891 0.902344 0.839844 0.904297 0.839844
0 0.507812 0.847656 0.505859 0.849609 0.505859 0.851562 0.503906 0.853516 0.498047 0.853516 0.496094 0.851562 0.496094 0.849609 0.494141 0.847656 0.494141 0.845703 0.496094 0.843750 0.496094 0.841797 0.498047 0.839844 0.503906 0.839844 0.505859 0.841797 0.505859 0.843750 0.507812 0.845703
0 0.550781 0.849609 0.548828 0.849609 0.546875 0.851562 0.542969 0.851562 0.541016 0.849609 0.541016 0.843750 0.542969 0.841797 0.546875 0.841797 0.548828 0.843750 0.550781 0.843750
0 0.355469 0.851562 0.353516 0.851562 0.351562 0.853516 0.347656 0.853516 0.345703 0.851562 0.345703 0.845703 0.347656 0.843750 0.351562 0.843750 0.353516 0.845703 0.355469 0.845703
0 0.437500 0.851562 0.435547 0.851562 0.433594 0.853516 0.429688 0.853516 0.427734 0.851562 0.427734 0.845703 0.429688 0.843750 0.433594 0.843750 0.435547 0.845703 0.437500 0.845703
0 0.669922 0.853516 0.667969 0.853516 0.666016 0.855469 0.662109 0.855469 0.660156 0.853516 0.660156 0.847656 0.662109 0.845703 0.666016 0.845703 0.667969 0.847656 0.669922 0.847656
0 0.539062 0.855469 0.533203 0.861328 0.527344 0.861328 0.521484 0.855469 0.521484 0.849609 0.527344 0.843750 0.533203 0.843750 0.539062 0.849609
0 0.486328 0.853516 0.486328 0.857422 0.482422 0.857422 0.480469 0.855469 0.484375 0.851562
0 0.744141 0.855469 0.742188 0.857422 0.742188 0.859375 0.740234 0.861328 0.734375 0.861328 0.732422 0.859375 0.732422 0.857422 0.730469 0.855469 0.730469 0.853516 0.732422 0.851562 0.732422 0.849609 0.734375 0.847656 0.740234 0.847656 0.742188 0.849609 0.742188 0.851562 0.744141 0.853516
0 0.619141 0.857422 0.617188 0.859375 0.617188 0.861328 0.615234 0.863281 0.609375 0.863281 0.607422 0.861328 0.607422 0.859375 0.605469 0.857422 0.605469 0.855469 0.607422 0.853516 0.607422 0.851562 0.609375 0.849609 0.615234 0.849609 0.617188 0.851562 0.617188 0.853516 0.619141 0.855469
0 0.779297 0.859375 0.777344 0.859375 0.775391 0.861328 0.771484 0.861328 0.769531 0.859375 0.769531 0.853516 0.771484 0.851562 0.775391 0.851562 0.777344 0.853516 0.779297 0.853516
0 0.902344 0.857422 0.900391 0.859375 0.900391 0.861328 0.898438 0.863281 0.892578 0.863281 0.890625 0.861328 0.890625 0.859375 0.888672 0.857422 0.888672 0.855469 0.890625 0.853516 0.890625 0.851562 0.892578 0.849609 0.898438 0.849609 0.900391 0.851562 0.900391 0.853516 0.902344 0.855469
0 0.458984 0.857422 0.458984 0.861328 0.455078 0.861328 0.453125 0.859375 0.457031 0.855469
0 0.214844 0.869141 0.208984 0.875000 0.203125 0.875000 0.197266 0.869141 0.197266 0.863281 0.203125 0.857422 0.208984 0.857422 0.214844 0.863281
0 0.458984 0.865234 0.458984 0.869141 0.455078 0.869141 0.453125 0.867188 0.457031 0.863281
0 0.802734 0.865234 0.802734 0.869141 0.798828 0.869141 0.796875 0.867188 0.800781 0.863281
0 0.816406 0.865234 0.816406 0.869141 0.812500 0.869141 0.810547 0.867188 0.814453 0.863281
0 0.164062 0.869141 0.162109 0.871094 0.162109 0.873047 0.160156 0.875000 0.154297 0.875000 0.152344 0.873047 0.152344 0.871094 0.150391 0.869141 0.150391 0.867188 0.152344 0.865234 0.152344 0.863281 0.154297 0.861328 0.160156 0.861328 0.162109 0.863281 0.162109 0.865234 0.164062 0.867188
0 0.542969 0.871094 0.537109 0.876953 0.531250 0.876953 0.525391 0.871094 0.525391 0.865234 0.531250 0.859375 0.537109 0.859375 0.542969 0.865234
0 0.566406 0.873047 0.560547 0.878906 0.554688 0.878906 0.548828 0.873047 0.548828 0.867188 0.554688 0.861328 0.560547 0.861328 0.566406 0.867188
0 0.664062 0.871094 0.662109 0.873047 0.662109 0.875000 0.660156 0.876953 0.654297 0.876953 0.652344 0.875000 0.652344 0.873047 0.650391 0.871094 0.650391 0.869141 0.652344 0.867188 0.652344 0.865234 0.654297 0.863281 0.660156 0.863281 0.662109 0.865234 0.662109 0.867188 0.664062 0.869141
0 0.722656 0.871094 0.720703 0.873047 0.720703 0.875000 0.718750 0.876953 0.712891 0.876953 0.710938 0.875000 0.710938 0.873047 0.708984 0.871094 0.708984 0.869141 0.710938 0.867188 0.710938 0.865234 0.712891 0.863281 0.718750 0.863281 0.720703 0.865234 0.720703 0.867188 0.722656 0.869141
0 0.248047 0.875000 0.242188 0.880859 0.236328 0.880859 0.230469 0.875000 0.230469 0.869141 0.236328 0.863281 0.242188 0.863281 0.248047 0.869141
0 0.626953 0.875000 0.625000 0.875000 0.623047 0.876953 0.619141 0.876953 0.617188 0.875000 0.617188 0.869141 0.619141 0.867188 0.623047 0.867188 0.625000 0.869141 0.626953 0.869141
0 0.763672 0.871094 0.763672 0.875000 0.759766 0.875000 0.757812 0.873047 0.761719 0.869141
0 0.806641 0.871094 0.806641 0.875000 0.802734 0.875000 0.800781 0.873047 0.804688 0.869141
0 0.697266 0.875000 0.697266 0.878906 0.693359 0.878906 0.691406 0.876953 0.695312 0.873047
0 0.265625 0.878906 0.263672 0.880859 0.263672 0.882812 0.261719 0.884766 0.255859 0.884766 0.253906 0.882812 0.253906 0.880859 0.251953 0.878906 0.251953 0.876953 0.253906 0.875000 0.253906 0.873047 0.255859 0.871094 0.261719 0.871094 0.263672 0.873047 0.263672 0.875000 0.265625 0.876953
0 0.517578 0.886719 0.515625 0.886719 0.513672 0.888672 0.503906 0.888672 0.498047 0.882812 0.498047 0.873047 0.500000 0.871094 0.501953 0.871094 0.501953 0.869141 0.503906 0.867188 0.513672 0.867188 0.519531 0.873047 0.519531 0.882812 0.517578 0.884766
0 0.767578 0.876953 0.767578 0.880859 0.763672 0.880859 0.761719 0.878906 0.765625 0.875000
0 0.544922 0.882812 0.542969 0.882812 0.541016 0.884766 0.537109 0.884766 0.535156 0.882812 0.535156 0.876953 0.537109 0.875000 0.541016 0.875000 0.542969 0.876953 0.544922 0.876953
0 0.734375 0.880859 0.732422 0.882812 0.732422 0.884766 0.730469 0.886719 0.724609 0.886719 0.722656 0.884766 0.722656 0.882812 0.720703 0.880859 0.720703 0.878906 0.722656 0.876953 0.722656 0.875000 0.724609 0.873047 0.730469 0.873047 0.732422 0.875000 0.732422 0.876953 0.734375 0.878906
0 0.757812 0.878906 0.757812 0.882812 0.753906 0.882812 0.751953 0.880859 0.755859 0.876953
0 0.626953 0.880859 0.626953 0.884766 0.623047 0.884766 0.621094 0.882812 0.625000 0.878906
0 0.652344 0.884766 0.650391 0.884766 0.648438 0.886719 0.644531 0.886719 0.642578 0.884766 0.642578 0.878906 0.644531 0.876953 0.648438 0.876953 0.650391 0.878906 0.652344 0.878906
0 0.361328 0.886719 0.359375 0.886719 0.357422 0.888672 0.353516 0.888672 0.351562 0.886719 0.351562 0.880859 0.353516 0.878906 0.357422 0.878906 0.359375 0.880859 0.361328 0.880859
0 0.615234 0.884766 0.613281 0.886719 0.613281 0.888672 0.611328 0.890625 0.605469 0.890625 0.603516 0.888672 0.603516 0.886719 0.601562 0.884766 0.601562 0.882812 0.603516 0.880859 0.603516 0.878906 0.605469 0.876953 0.611328 0.876953 0.613281 0.878906 0.613281 0.880859 0.615234 0.882812
0 0.316406 0.888672 0.314453 0.888672 0.312500 0.890625 0.308594 0.890625 0.306641 0.888672 0.306641 0.882812 0.308594 0.880859 0.312500 0.880859 0.314453 0.882812 0.316406 0.882812
0 0.400391 0.888672 0.394531 0.894531 0.388672 0.894531 0.382812 0.888672 0.382812 0.882812 0.388672 0.876953 0.394531 0.876953 0.400391 0.882812
0 0.433594 0.888672 0.431641 0.888672 0.429688 0.890625 0.425781 0.890625 0.423828 0.888672 0.423828 0.882812 0.425781 0.880859 0.429688 0.880859 0.431641 0.882812 0.433594 0.882812
0 0.966797 0.886719 0.964844 0.888672 0.964844 0.890625 0.962891 0.892578 0.957031 0.892578 0.955078 0.890625 0.955078 0.888672 0.953125 0.886719 0.953125 0.884766 0.955078 0.882812 0.955078 0.880859 0.957031 0.878906 0.962891 0.878906 0.964844 0.880859 0.964844 0.882812 0.966797 0.884766
0 0.671875 0.890625 0.669922 0.890625 0.667969 0.892578 0.664062 0.892578 0.662109 0.890625 0.662109 0.884766 0.664062 0.882812 0.667969 0.882812 0.669922 0.884766 0.671875 0.884766
0 0.750000 0.886719 0.750000 0.890625 0.746094 0.890625 0.744141 0.888672 0.748047 0.884766
0 0.335938 0.894531 0.333984 0.894531 0.332031 0.896484 0.328125 0.896484 0.326172 0.894531 0.326172 0.888672 0.328125 0.886719 0.332031 0.886719 0.333984 0.888672 0.335938 0.888672
0 0.482422 0.894531 0.480469 0.894531 0.478516 0.896484 0.474609 0.896484 0.472656 0.894531 0.472656 0.888672 0.474609 0.886719 0.478516 0.886719 0.480469 0.888672 0.482422 0.888672
0 0.500000 0.894531 0.498047 0.894531 0.496094 0.896484 0.492188 0.896484 0.490234 0.894531 0.490234 0.888672 0.492188 0.886719 0.496094 0.886719 0.498047 0.888672 0.500000 0.888672
0 0.539062 0.894531 0.537109 0.894531 0.535156 0.896484 0.531250 0.896484 0.529297 0.894531 0.529297 0.888672 0.531250 0.886719 0.535156 0.886719 0.537109 0.888672 0.539062 0.888672
0 0.591797 0.894531 0.585938 0.900391 0.580078 0.900391 0.574219 0.894531 0.574219 0.888672 0.580078 0.882812 0.585938 0.882812 0.591797 0.888672
0 0.628906 0.892578 0.628906 0.896484 0.625000 0.896484 0.623047 0.894531 0.626953 0.890625
0 0.953125 0.894531 0.951172 0.896484 0.951172 0.898438 0.949219 0.900391 0.943359 0.900391 0.941406 0.898438 0.941406 0.896484 0.939453 0.894531 0.939453 0.892578 0.941406 0.890625 0.941406 0.888672 0.943359 0.886719 0.949219 0.886719 0.951172 0.888672 0.951172 0.890625 0.953125 0.892578
0 0.595703 0.898438 0.593750 0.898438 0.591797 0.900391 0.587891 0.900391 0.585938 0.898438 0.585938 0.892578 0.587891 0.890625 0.591797 0.890625 0.593750 0.892578 0.595703 0.892578
0 0.783203 0.894531 0.783203 0.898438 0.779297 0.898438 0.777344 0.896484 0.781250 0.892578
0 0.880859 0.894531 0.880859 0.898438 0.876953 0.898438 0.875000 0.896484 0.878906 0.892578
0 0.648438 0.906250 0.646484 0.906250 0.644531 0.908203 0.634766 0.908203 0.628906 0.902344 0.628906 0.892578 0.630859 0.890625 0.632812 0.890625 0.632812 0.888672 0.634766 0.886719 0.644531 0.886719 0.650391 0.892578 0.650391 0.902344 0.648438 0.904297
0 0.433594 0.902344 0.431641 0.902344 0.429688 0.904297 0.425781 0.904297 0.423828 0.902344 0.423828 0.896484 0.425781 0.894531 0.429688 0.894531 0.431641 0.896484 0.433594 0.896484
0 0.451172 0.902344 0.449219 0.902344 0.447266 0.904297 0.443359 0.904297 0.441406 0.902344 0.441406 0.896484 0.443359 0.894531 0.447266 0.894531 0.449219 0.896484 0.451172 0.896484
0 0.886719 0.898438 0.886719 0.902344 0.882812 0.902344 0.880859 0.900391 0.884766 0.896484
0 0.562500 0.902344 0.560547 0.904297 0.560547 0.906250 0.558594 0.908203 0.552734 0.908203 0.550781 0.906250 0.550781 0.904297 0.548828 0.902344 0.548828 0.900391 0.550781 0.898438 0.550781 0.896484 0.552734 0.894531 0.558594 0.894531 0.560547 0.896484 0.560547 0.898438 0.562500 0.900391
0 0.664062 0.900391 0.664062 0.904297 0.660156 0.904297 0.658203 0.902344 0.662109 0.898438
0 0.716797 0.900391 0.716797 0.904297 0.712891 0.904297 0.710938 0.902344 0.714844 0.898438
0 0.875000 0.900391 0.875000 0.904297 0.871094 0.904297 0.869141 0.902344 0.873047 0.898438
0 0.421875 0.906250 0.419922 0.908203 0.419922 0.910156 0.417969 0.912109 0.412109 0.912109 0.410156 0.910156 0.410156 0.908203 0.408203 0.906250 0.408203 0.904297 0.410156 0.902344 0.410156 0.900391 0.412109 0.898438 0.417969 0.898438 0.419922 0.900391 0.419922 0.902344 0.421875 0.904297
0 0.468750 0.908203 0.466797 0.908203 0.464844 0.910156 0.460938 0.910156 0.458984 0.908203 0.458984 0.902344 0.460938 0.900391 0.464844 0.900391 0.466797 0.902344 0.468750 0.902344
0 0.492188 0.908203 0.490234 0.910156 0.490234 0.912109 0.488281 0.914062 0.482422 0.914062 0.480469 0.912109 0.480469 0.910156 0.478516 0.908203 0.478516 0.906250 0.480469 0.904297 0.480469 0.902344 0.482422 0.900391 0.488281 0.900391 0.490234 0.902344 0.490234 0.904297 0.492188 0.906250
0 0.523438 0.910156 0.521484 0.910156 0.519531 0.912109 0.515625 0.912109 0.513672 0.910156 0.513672 0.904297 0.515625 0.902344 0.519531 0.902344 0.521484 0.904297 0.523438 0.904297
0 0.777344 0.906250 0.777344 0.910156 0.773438 0.910156 0.771484 0.908203 0.775391 0.904297
0 0.783203 0.906250 0.783203 0.910156 0.779297 0.910156 0.777344 0.908203 0.781250 0.904297
0 0.859375 0.906250 0.859375 0.910156 0.855469 0.910156 0.853516 0.908203 0.857422 0.904297
0 0.710938 0.912109 0.708984 0.912109 0.707031 0.914062 0.703125 0.914062 0.701172 0.912109 0.701172 0.906250 0.703125 0.904297 0.707031 0.904297 0.708984 0.906250 0.710938 0.906250
0 0.976562 0.910156 0.974609 0.912109 0.974609 0.914062 0.972656 0.916016 0.966797 0.916016 0.964844 0.914062 0.964844 0.912109 0.962891 0.910156 0.962891 0.908203 0.964844 0.906250 0.964844 0.904297 0.966797 0.902344 0.972656 0.902344 0.974609 0.904297 0.974609 0.906250 0.976562 0.908203
0 0.988281 0.912109 0.986328 0.912109 0.984375 0.914062 0.980469 0.914062 0.978516 0.912109 0.978516 0.906250 0.980469 0.904297 0.984375 0.904297 0.986328 0.906250 0.988281 0.906250
0 0.152344 0.912109 0.150391 0.914062 0.150391 0.916016 0.148438 0.917969 0.142578 0.917969 0.140625 0.916016 0.140625 0.914062 0.138672 0.912109 0.138672 0.910156 0.140625 0.908203 0.140625 0.906250 0.142578 0.904297 0.148438 0.904297 0.150391 0.906250 0.150391 0.908203 0.152344 0.910156
0 0.238281 0.919922 0.236328 0.919922 0.234375 0.921875 0.224609 0.921875 0.218750 0.916016 0.218750 0.906250 0.220703 0.904297 0.222656 0.904297 0.222656 0.902344 0.224609 0.900391 0.234375 0.900391 0.240234 0.906250 0.240234 0.916016 0.238281 0.917969
0 0.802734 0.919922 0.800781 0.919922 0.798828 0.921875 0.789062 0.921875 0.783203 0.916016 0.783203 0.906250 0.785156 0.904297 0.787109 0.904297 0.787109 0.902344 0.789062 0.900391 0.798828 0.900391 0.804688 0.906250 0.804688 0.916016 0.802734 0.917969
0 0.505859 0.916016 0.503906 0.916016 0.501953 0.917969 0.498047 0.917969 0.496094 0.916016 0.496094 0.910156 0.498047 0.908203 0.501953 0.908203 0.503906 0.910156 0.505859 0.910156
0 0.207031 0.917969 0.205078 0.919922 0.205078 0.921875 0.203125 0.923828 0.197266 0.923828 0.195312 0.921875 0.195312 0.919922 0.193359 0.917969 0.193359 0.916016 0.195312 0.914062 0.195312 0.912109 0.197266 0.910156 0.203125 0.910156 0.205078 0.912109 0.205078 0.914062 0.207031 0.916016
0 0.546875 0.916016 0.546875 0.919922 0.542969 0.919922 0.541016 0.917969 0.544922 0.914062
0 0.621094 0.916016 0.621094 0.919922 0.617188 0.919922 0.615234 0.917969 0.619141 0.914062
0 0.726562 0.919922 0.724609 0.921875 0.724609 0.923828 0.722656 0.925781 0.716797 0.925781 0.714844 0.923828 0.714844 0.921875 0.712891 0.919922 0.712891 0.917969 0.714844 0.916016 0.714844 0.914062 0.716797 0.912109 0.722656 0.912109 0.724609 0.914062 0.724609 0.916016 0.726562 0.917969
0 0.816406 0.917969 0.816406 0.921875 0.812500 0.921875 0.810547 0.919922 0.814453 0.916016
0 0.998047 0.929688 0.994141 0.929688 0.988281 0.923828 0.988281 0.917969 0.994141 0.912109 0.998047 0.912109
0 0.560547 0.925781 0.558594 0.925781 0.556641 0.927734 0.552734 0.927734 0.550781 0.925781 0.550781 0.919922 0.552734 0.917969 0.556641 0.917969 0.558594 0.919922 0.560547 0.919922
0 0.615234 0.921875 0.615234 0.925781 0.611328 0.925781 0.609375 0.923828 0.613281 0.919922
0 0.804688 0.925781 0.802734 0.925781 0.800781 0.927734 0.796875 0.927734 0.794922 0.925781 0.794922 0.919922 0.796875 0.917969 0.800781 0.917969 0.802734 0.919922 0.804688 0.919922
0 0.972656 0.925781 0.970703 0.925781 0.968750 0.927734 0.964844 0.927734 0.962891 0.925781 0.962891 0.919922 0.964844 0.917969 0.968750 0.917969 0.970703 0.919922 0.972656 0.919922
0 0.410156 0.927734 0.408203 0.927734 0.406250 0.929688 0.402344 0.929688 0.400391 0.927734 0.400391 0.921875 0.402344 0.919922 0.406250 0.919922 0.408203 0.921875 0.410156 0.921875
0 0.685547 0.923828 0.685547 0.927734 0.681641 0.927734 0.679688 0.925781 0.683594 0.921875
0 0.154297 0.929688 0.152344 0.929688 0.150391 0.931641 0.146484 0.931641 0.144531 0.929688 0.144531 0.923828 0.146484 0.921875 0.150391 0.921875 0.152344 0.923828 0.154297 0.923828
0 0.261719 0.935547 0.259766 0.935547 0.257812 0.937500 0.248047 0.937500 0.242188 0.931641 0.242188 0.921875 0.244141 0.919922 0.246094 0.919922 0.246094 0.917969 0.248047 0.916016 0.257812 0.916016 0.263672 0.921875 0.263672 0.931641 0.261719 0.933594
0 0.707031 0.929688 0.705078 0.929688 0.703125 0.931641 0.699219 0.931641 0.697266 0.929688 0.697266 0.923828 0.699219 0.921875 0.703125 0.921875 0.705078 0.923828 0.707031 0.923828
0 0.742188 0.929688 0.740234 0.929688 0.738281 0.931641 0.734375 0.931641 0.732422 0.929688 0.732422 0.923828 0.734375 0.921875 0.738281 0.921875 0.740234 0.923828 0.742188 0.923828
0 0.888672 0.927734 0.888672 0.931641 0.884766 0.931641 0.882812 0.929688 0.886719 0.925781
0 0.789062 0.929688 0.789062 0.933594 0.785156 0.933594 0.783203 0.931641 0.787109 0.927734
0 0.818359 0.933594 0.816406 0.933594 0.814453 0.935547 0.810547 0.935547 0.808594 0.933594 0.808594 0.927734 0.810547 0.925781 0.814453 0.925781 0.816406 0.927734 0.818359 0.927734
0 0.869141 0.929688 0.869141 0.933594 0.865234 0.933594 0.863281 0.931641 0.867188 0.927734
0 0.990234 0.933594 0.988281 0.933594 0.986328 0.935547 0.982422 0.935547 0.980469 0.933594 0.980469 0.927734 0.982422 0.925781 0.986328 0.925781 0.988281 0.927734 0.990234 0.927734
0 0.423828 0.941406 0.421875 0.941406 0.419922 0.943359 0.410156 0.943359 0.404297 0.937500 0.404297 0.927734 0.406250 0.925781 0.408203 0.925781 0.408203 0.923828 0.410156 0.921875 0.419922 0.921875 0.425781 0.927734 0.425781 0.937500 0.423828 0.939453
0 0.505859 0.931641 0.505859 0.935547 0.501953 0.935547 0.500000 0.933594 0.503906 0.929688
0 0.626953 0.941406 0.625000 0.941406 0.623047 0.943359 0.613281 0.943359 0.607422 0.937500 0.607422 0.927734 0.609375 0.925781 0.611328 0.925781 0.611328 0.923828 0.613281 0.921875 0.623047 0.921875 0.628906 0.927734 0.628906 0.937500 0.626953 0.939453
0 0.900391 0.931641 0.900391 0.935547 0.896484 0.935547 0.894531 0.933594 0.898438 0.929688
0 0.683594 0.937500 0.681641 0.937500 0.679688 0.939453 0.675781 0.939453 0.673828 0.937500 0.673828 0.931641 0.675781 0.929688 0.679688 0.929688 0.681641 0.931641 0.683594 0.931641
0 0.833984 0.937500 0.832031 0.937500 0.830078 0.939453 0.826172 0.939453 0.824219 0.937500 0.824219 0.931641 0.826172 0.929688 0.830078 0.929688 0.832031 0.931641 0.833984 0.931641
0 0.576172 0.937500 0.574219 0.939453 0.574219 0.941406 0.572266 0.943359 0.566406 0.943359 0.564453 0.941406 0.564453 0.939453 0.562500 0.937500 0.562500 0.935547 0.564453 0.933594 0.564453 0.931641 0.566406 0.929688 0.572266 0.929688 0.574219 0.931641 0.574219 0.933594 0.576172 0.935547
0 0.707031 0.945312 0.705078 0.945312 0.703125 0.947266 0.693359 0.947266 0.687500 0.941406 0.687500 0.931641 0.689453 0.929688 0.691406 0.929688 0.691406 0.927734 0.693359 0.925781 0.703125 0.925781 0.708984 0.931641 0.708984 0.941406 0.707031 0.943359
0 0.195312 0.939453 0.193359 0.941406 0.193359 0.943359 0.191406 0.945312 0.185547 0.945312 0.183594 0.943359 0.183594 0.941406 0.181641 0.939453 0.181641 0.937500 0.183594 0.935547 0.183594 0.933594 0.185547 0.931641 0.191406 0.931641 0.193359 0.933594 0.193359 0.935547 0.195312 0.937500
0 0.158203 0.943359 0.156250 0.943359 0.154297 0.945312 0.150391 0.945312 0.148438 0.943359 0.148438 0.937500 0.150391 0.935547 0.154297 0.935547 0.156250 0.937500 0.158203 0.937500
0 0.691406 0.943359 0.689453 0.943359 0.687500 0.945312 0.683594 0.945312 0.681641 0.943359 0.681641 0.937500 0.683594 0.935547 0.687500 0.935547 0.689453 0.937500 0.691406 0.937500
0 0.820312 0.939453 0.820312 0.943359 0.816406 0.943359 0.814453 0.941406 0.818359 0.937500
0 0.873047 0.939453 0.873047 0.943359 0.869141 0.943359 0.867188 0.941406 0.871094 0.937500
0 0.941406 0.939453 0.941406 0.943359 0.937500 0.943359 0.935547 0.941406 0.939453 0.937500
0 0.273438 0.943359 0.271484 0.945312 0.271484 0.947266 0.269531 0.949219 0.263672 0.949219 0.261719 0.947266 0.261719 0.945312 0.259766 0.943359 0.259766 0.941406 0.261719 0.939453 0.261719 0.937500 0.263672 0.935547 0.269531 0.935547 0.271484 0.937500 0.271484 0.939453 0.273438 0.941406
0 0.582031 0.941406 0.582031 0.945312 0.578125 0.945312 0.576172 0.943359 0.580078 0.939453
0 0.621094 0.941406 0.621094 0.945312 0.617188 0.945312 0.615234 0.943359 0.619141 0.939453
0 0.841797 0.943359 0.841797 0.947266 0.837891 0.947266 0.835938 0.945312 0.839844 0.941406
0 0.443359 0.947266 0.441406 0.949219 0.441406 0.951172 0.439453 0.953125 0.433594 0.953125 0.431641 0.951172 0.431641 0.949219 0.429688 0.947266 0.429688 0.945312 0.431641 0.943359 0.431641 0.941406 0.433594 0.939453 0.439453 0.939453 0.441406 0.941406 0.441406 0.943359 0.443359 0.945312
0 0.634766 0.949219 0.632812 0.949219 0.630859 0.951172 0.626953 0.951172 0.625000 0.949219 0.625000 0.943359 0.626953 0.941406 0.630859 0.941406 0.632812 0.943359 0.634766 0.943359
0 0.736328 0.947266 0.734375 0.949219 0.734375 0.951172 0.732422 0.953125 0.726562 0.953125 0.724609 0.951172 0.724609 0.949219 0.722656 0.947266 0.722656 0.945312 0.724609 0.943359 0.724609 0.941406 0.726562 0.939453 0.732422 0.939453 0.734375 0.941406 0.734375 0.943359 0.736328 0.945312
0 0.830078 0.949219 0.828125 0.949219 0.826172 0.951172 0.822266 0.951172 0.820312 0.949219 0.820312 0.943359 0.822266 0.941406 0.826172 0.941406 0.828125 0.943359 0.830078 0.943359
0 0.857422 0.955078 0.855469 0.955078 0.853516 0.957031 0.843750 0.957031 0.837891 0.951172 0.837891 0.941406 0.839844 0.939453 0.841797 0.939453 0.841797 0.937500 0.843750 0.935547 0.853516 0.935547 0.859375 0.941406 0.859375 0.951172 0.857422 0.953125
0 0.867188 0.949219 0.865234 0.949219 0.863281 0.951172 0.859375 0.951172 0.857422 0.949219 0.857422 0.943359 0.859375 0.941406 0.863281 0.941406 0.865234 0.943359 0.867188 0.943359
0 0.914062 0.947266 0.914062 0.951172 0.910156 0.951172 0.908203 0.949219 0.912109 0.945312
0 0.945312 0.947266 0.945312 0.951172 0.941406 0.951172 0.939453 0.949219 0.943359 0.945312
0 0.589844 0.953125 0.587891 0.953125 0.585938 0.955078 0.582031 0.955078 0.580078 0.953125 0.580078 0.947266 0.582031 0.945312 0.585938 0.945312 0.587891 0.947266 0.589844 0.947266
0 0.646484 0.949219 0.646484 0.953125 0.642578 0.953125 0.640625 0.951172 0.644531 0.947266
0 0.835938 0.949219 0.835938 0.953125 0.832031 0.953125 0.830078 0.951172 0.833984 0.947266
0 0.937500 0.949219 0.937500 0.953125 0.933594 0.953125 0.931641 0.951172 0.935547 0.947266
0 0.339844 0.955078 0.333984 0.960938 0.328125 0.960938 0.322266 0.955078 0.322266 0.949219 0.328125 0.943359 0.333984 0.943359 0.339844 0.949219
0 0.375000 0.953125 0.373047 0.955078 0.373047 0.957031 0.371094 0.958984 0.365234 0.958984 0.363281 0.957031 0.363281 0.955078 0.361328 0.953125 0.361328 0.951172 0.363281 0.949219 0.363281 0.947266 0.365234 0.945312 0.371094 0.945312 0.373047 0.947266 0.373047 0.949219 0.375000 0.951172
0 0.621094 0.951172 0.621094 0.955078 0.617188 0.955078 0.615234 0.953125 0.619141 0.949219
0 0.988281 0.951172 0.988281 0.955078 0.984375 0.955078 0.982422 0.953125 0.986328 0.949219
0 0.541016 0.955078 0.541016 0.958984 0.537109 0.958984 0.535156 0.957031 0.539062 0.953125
0 0.677734 0.958984 0.675781 0.958984 0.673828 0.960938 0.669922 0.960938 0.667969 0.958984 0.667969 0.953125 0.669922 0.951172 0.673828 0.951172 0.675781 0.953125 0.677734 0.953125
0 0.869141 0.955078 0.869141 0.958984 0.865234 0.958984 0.863281 0.957031 0.867188 0.953125
0 0.919922 0.955078 0.919922 0.958984 0.916016 0.958984 0.914062 0.957031 0.917969 0.953125
0 0.492188 0.957031 0.492188 0.960938 0.488281 0.960938 0.486328 0.958984 0.490234 0.955078
0 0.539062 0.958984 0.537109 0.960938 0.537109 0.962891 0.535156 0.964844 0.529297 0.964844 0.527344 0.962891 0.527344 0.960938 0.525391 0.958984 0.525391 0.957031 0.527344 0.955078 0.527344 0.953125 0.529297 0.951172 0.535156 0.951172 0.537109 0.953125 0.537109 0.955078 0.539062 0.957031
0 0.548828 0.957031 0.548828 0.960938 0.544922 0.960938 0.542969 0.958984 0.546875 0.955078
0 0.568359 0.960938 0.566406 0.960938 0.564453 0.962891 0.560547 0.962891 0.558594 0.960938 0.558594 0.955078 0.560547 0.953125 0.564453 0.953125 0.566406 0.955078 0.568359 0.955078
0 0.695312 0.960938 0.693359 0.960938 0.691406 0.962891 0.687500 0.962891 0.685547 0.960938 0.685547 0.955078 0.687500 0.953125 0.691406 0.953125 0.693359 0.955078 0.695312 0.955078
0 0.761719 0.958984 0.759766 0.960938 0.759766 0.962891 0.757812 0.964844 0.751953 0.964844 0.750000 0.962891 0.750000 0.960938 0.748047 0.958984 0.748047 0.957031 0.750000 0.955078 0.750000 0.953125 0.751953 0.951172 0.757812 0.951172 0.759766 0.953125 0.759766 0.955078 0.761719 0.957031
0 0.775391 0.958984 0.775391 0.962891 0.771484 0.962891 0.769531 0.960938 0.773438 0.957031
0 0.417969 0.964844 0.412109 0.970703 0.406250 0.970703 0.400391 0.964844 0.400391 0.958984 0.406250 0.953125 0.412109 0.953125 0.417969 0.958984
0 0.484375 0.960938 0.484375 0.964844 0.480469 0.964844 0.478516 0.962891 0.482422 0.958984
0 0.662109 0.964844 0.660156 0.964844 0.658203 0.966797 0.654297 0.966797 0.652344 0.964844 0.652344 0.958984 0.654297 0.957031 0.658203 0.957031 0.660156 0.958984 0.662109 0.958984
0 0.865234 0.960938 0.865234 0.964844 0.861328 0.964844 0.859375 0.962891 0.863281 0.958984
0 0.724609 0.966797 0.718750 0.972656 0.712891 0.972656 0.707031 0.966797 0.707031 0.960938 0.712891 0.955078 0.718750 0.955078 0.724609 0.960938
0 0.916016 0.966797 0.914062 0.966797 0.912109 0.968750 0.908203 0.968750 0.906250 0.966797 0.906250 0.960938 0.908203 0.958984 0.912109 0.958984 0.914062 0.960938 0.916016 0.960938
0 0.998047 0.970703 0.994141 0.970703 0.992188 0.968750 0.992188 0.966797 0.990234 0.964844 0.990234 0.962891 0.992188 0.960938 0.992188 0.958984 0.994141 0.957031 0.998047 0.957031
0 0.521484 0.968750 0.519531 0.968750 0.517578 0.970703 0.513672 0.970703 0.511719 0.968750 0.511719 0.962891 0.513672 0.960938 0.517578 0.960938 0.519531 0.962891 0.521484 0.962891
0 0.857422 0.964844 0.857422 0.968750 0.853516 0.968750 0.851562 0.966797 0.855469 0.962891
0 0.964844 0.972656 0.962891 0.972656 0.960938 0.974609 0.957031 0.974609 0.955078 0.972656 0.955078 0.966797 0.957031 0.964844 0.960938 0.964844 0.962891 0.966797 0.964844 0.966797
0 0.316406 0.972656 0.314453 0.974609 0.314453 0.976562 0.312500 0.978516 0.306641 0.978516 0.304688 0.976562 0.304688 0.974609 0.302734 0.972656 0.302734 0.970703 0.304688 0.968750 0.304688 0.966797 0.306641 0.964844 0.312500 0.964844 0.314453 0.966797 0.314453 0.968750 0.316406 0.970703
0 0.468750 0.972656 0.466797 0.974609 0.466797 0.976562 0.464844 0.978516 0.458984 0.978516 0.457031 0.976562 0.457031 0.974609 0.455078 0.972656 0.455078 0.970703 0.457031 0.968750 0.457031 0.966797 0.458984 0.964844 0.464844 0.964844 0.466797 0.966797 0.466797 0.968750 0.468750 0.970703
0 0.640625 0.970703 0.640625 0.974609 0.636719 0.974609 0.634766 0.972656 0.638672 0.968750
0 0.867188 0.970703 0.867188 0.974609 0.863281 0.974609 0.861328 0.972656 0.865234 0.968750
0 0.904297 0.970703 0.904297 0.974609 0.900391 0.974609 0.898438 0.972656 0.902344 0.968750
0 0.779297 0.974609 0.777344 0.976562 0.777344 0.978516 0.775391 0.980469 0.769531 0.980469 0.767578 0.978516 0.767578 0.976562 0.765625 0.974609 0.765625 0.972656 0.767578 0.970703 0.767578 0.968750 0.769531 0.966797 0.775391 0.966797 0.777344 0.968750 0.777344 0.970703 0.779297 0.972656
0 0.609375 0.974609 0.609375 0.978516 0.605469 0.978516 0.603516 0.976562 0.607422 0.972656
0 0.919922 0.974609 0.919922 0.978516 0.916016 0.978516 0.914062 0.976562 0.917969 0.972656
0 0.980469 0.984375 0.978516 0.984375 0.976562 0.986328 0.966797 0.986328 0.960938 0.980469 0.960938 0.970703 0.962891 0.968750 0.964844 0.968750 0.964844 0.966797 0.966797 0.964844 0.976562 0.964844 0.982422 0.970703 0.982422 0.980469 0.980469 0.982422
0 0.535156 0.980469 0.533203 0.980469 0.531250 0.982422 0.527344 0.982422 0.525391 0.980469 0.525391 0.974609 0.527344 0.972656 0.531250 0.972656 0.533203 0.974609 0.535156 0.974609
0 0.673828 0.980469 0.671875 0.980469 0.669922 0.982422 0.666016 0.982422 0.664062 0.980469 0.664062 0.974609 0.666016 0.972656 0.669922 0.972656 0.671875 0.974609 0.673828 0.974609
0 0.972656 0.978516 0.970703 0.980469 0.970703 0.982422 0.968750 0.984375 0.962891 0.984375 0.960938 0.982422 0.960938 0.980469 0.958984 0.978516 0.958984 0.976562 0.960938 0.974609 0.960938 0.972656 0.962891 0.970703 0.968750 0.970703 0.970703 0.972656 0.970703 0.974609 0.972656 0.976562
0 0.615234 0.978516 0.615234 0.982422 0.611328 0.982422 0.609375 0.980469 0.613281 0.976562
0 0.636719 0.978516 0.636719 0.982422 0.632812 0.982422 0.630859 0.980469 0.634766 0.976562
0 0.945312 0.982422 0.943359 0.982422 0.941406 0.984375 0.937500 0.984375 0.935547 0.982422 0.935547 0.976562 0.937500 0.974609 0.941406 0.974609 0.943359 0.976562 0.945312 0.976562
0 0.906250 0.980469 0.906250 0.984375 0.902344 0.984375 0.900391 0.982422 0.904297 0.978516
0 0.605469 0.984375 0.605469 0.988281 0.601562 0.988281 0.599609 0.986328 0.603516 0.982422
0 0.972656 0.986328 0.970703 0.988281 0.970703 0.990234 0.968750 0.992188 0.962891 0.992188 0.960938 0.990234 0.960938 0.988281 0.958984 0.986328 0.958984 0.984375 0.960938 0.982422 0.960938 0.980469 0.962891 0.978516 0.968750 0.978516 0.970703 0.980469 0.970703 0.982422 0.972656 0.984375
0 0.998047 0.982422 0.998047 0.988281 0.996094 0.988281 0.994141 0.986328
0 0.826172 0.990234 0.824219 0.990234 0.822266 0.992188 0.818359 0.992188 0.816406 0.990234 0.816406 0.984375 0.818359 0.982422 0.822266 0.982422 0.824219 0.984375 0.826172 0.984375
0 0.949219 0.990234 0.947266 0.990234 0.945312 0.992188 0.941406 0.992188 0.939453 0.990234 0.939453 0.984375 0.941406 0.982422 0.945312 0.982422 0.947266 0.984375 0.949219 0.984375
0 0.453125 0.998047 0.435547 0.998047 0.435547 0.994141 0.441406 0.988281 0.447266 0.988281 0.453125 0.994141
0 0.484375 0.998047 0.466797 0.998047 0.466797 0.994141 0.472656 0.988281 0.478516 0.988281 0.484375 0.994141
0 0.615234 0.998047 0.597656 0.998047 0.597656 0.994141 0.603516 0.988281 0.609375 0.988281 0.615234 0.994141
0 0.718750 0.998047 0.705078 0.998047 0.705078 0.996094 0.707031 0.994141 0.707031 0.992188 0.708984 0.990234 0.714844 0.990234 0.716797 0.992188 0.716797 0.994141 0.718750 0.996094
0 0.753906 0.998047 0.732422 0.998047 0.732422 0.992188 0.734375 0.990234 0.736328 0.990234 0.736328 0.988281 0.738281 0.986328 0.748047 0.986328 0.753906 0.992188
0 0.847656 0.998047 0.833984 0.998047 0.833984 0.996094 0.835938 0.994141 0.835938 0.992188 0.837891 0.990234 0.843750 0.990234 0.845703 0.992188 0.845703 0.994141 0.847656 0.996094
0 0.875000 0.996094 0.875000 0.998047 0.869141 0.998047 0.873047 0.994141
0 0.919922 0.998047 0.898438 0.998047 0.898438 0.992188 0.900391 0.990234 0.902344 0.990234 0.902344 0.988281 0.904297 0.986328 0.914062 0.986328 0.919922 0.992188
0 0.960938 0.998047 0.943359 0.998047 0.943359 0.994141 0.949219 0.988281 0.955078 0.988281 0.960938 0.994141
0 0.998047 0.986328 0.998047 0.998047 0.986328 0.998047 0.986328 0.992188 0.988281 0.990234 0.990234 0.990234 0.990234 0.988281 0.992188 0.986328
