0 0.851562 0.021484 0.849609 0.023438 0.849609 0.027344 0.851562 0.029297 0.855469 0.029297 0.857422 0.027344 0.857422 0.023438 0.855469 0.021484
0 0.685547 0.041016 0.683594 0.042969 0.683594 0.044922 0.687500 0.048828 0.689453 0.046875 0.689453 0.042969 0.687500 0.041016
0 0.736328 0.054688 0.734375 0.056641 0.734375 0.058594 0.738281 0.062500 0.742188 0.062500 0.744141 0.060547 0.744141 0.058594 0.742188 0.056641 0.742188 0.054688
0 0.357422 0.121094 0.355469 0.123047 0.355469 0.125000 0.357422 0.126953 0.359375 0.126953 0.361328 0.125000 0.361328 0.123047 0.359375 0.121094
0 0.425781 0.130859 0.425781 0.136719 0.427734 0.138672 0.431641 0.138672 0.433594 0.136719 0.433594 0.132812 0.431641 0.130859
0 0.583984 0.142578 0.582031 0.144531 0.583984 0.146484 0.585938 0.144531
0 0.681641 0.148438 0.679688 0.150391 0.677734 0.150391 0.675781 0.152344 0.675781 0.154297 0.677734 0.156250 0.677734 0.158203 0.679688 0.160156 0.681641 0.160156 0.685547 0.156250 0.685547 0.152344
0 0.875000 0.162109 0.871094 0.166016 0.869141 0.166016 0.867188 0.167969 0.867188 0.175781 0.869141 0.177734 0.876953 0.177734 0.878906 0.179688 0.882812 0.175781 0.882812 0.167969 0.878906 0.164062 0.876953 0.164062
0 0.822266 0.171875 0.826172 0.175781 0.830078 0.175781 0.832031 0.173828 0.833984 0.173828 0.833984 0.167969 0.832031 0.166016 0.826172 0.166016 0.824219 0.167969 0.824219 0.169922
0 0.626953 0.183594 0.626953 0.189453 0.628906 0.191406 0.628906 0.193359 0.640625 0.193359 0.646484 0.187500 0.646484 0.183594 0.642578 0.179688 0.630859 0.179688
0 0.789062 0.199219 0.787109 0.201172 0.787109 0.207031 0.789062 0.208984 0.796875 0.208984 0.798828 0.207031 0.798828 0.201172 0.796875 0.199219
0 0.603516 0.224609 0.601562 0.226562 0.599609 0.226562 0.599609 0.228516 0.601562 0.230469 0.603516 0.230469 0.605469 0.228516 0.605469 0.226562
0 0.787109 0.244141 0.787109 0.246094 0.785156 0.248047 0.783203 0.248047 0.785156 0.250000 0.781250 0.253906 0.781250 0.255859 0.789062 0.263672 0.791016 0.263672 0.792969 0.261719 0.794922 0.261719 0.798828 0.257812 0.798828 0.251953 0.796875 0.250000 0.796875 0.248047 0.792969 0.248047 0.789062 0.244141
0 0.662109 0.246094 0.662109 0.251953 0.666016 0.255859 0.667969 0.255859 0.671875 0.251953 0.669922 0.250000 0.669922 0.248047 0.667969 0.246094
0 0.880859 0.261719 0.878906 0.263672 0.878906 0.267578 0.882812 0.271484 0.888672 0.271484 0.890625 0.269531 0.890625 0.263672 0.888672 0.263672 0.886719 0.261719
0 0.281250 0.271484 0.281250 0.277344 0.283203 0.279297 0.285156 0.279297 0.289062 0.283203 0.294922 0.283203 0.296875 0.281250 0.298828 0.281250 0.298828 0.275391 0.296875 0.273438 0.296875 0.271484 0.294922 0.271484 0.292969 0.269531 0.292969 0.267578 0.285156 0.267578
1 0.677734 0.292969 0.669922 0.285156 0.667969 0.287109 0.658203 0.285156 0.650391 0.292969 0.648438 0.304688 0.632812 0.302734 0.621094 0.310547 0.623047 0.326172 0.638672 0.328125 0.648438 0.320312 0.652344 0.312500 0.671875 0.314453 0.677734 0.306641
0 0.539062 0.289062 0.539062 0.291016 0.537109 0.292969 0.537109 0.294922 0.541016 0.298828 0.542969 0.298828 0.544922 0.296875 0.544922 0.291016 0.542969 0.289062
0 0.728516 0.312500 0.726562 0.314453 0.726562 0.316406 0.724609 0.318359 0.724609 0.320312 0.726562 0.322266 0.726562 0.324219 0.728516 0.326172 0.736328 0.326172 0.736328 0.324219 0.738281 0.322266 0.738281 0.318359 0.732422 0.312500
0 0.791016 0.314453 0.789062 0.316406 0.789062 0.324219 0.791016 0.326172 0.796875 0.326172 0.798828 0.324219 0.798828 0.316406 0.796875 0.314453
1 0.601562 0.316406 0.597656 0.316406 0.597656 0.318359 0.593750 0.322266 0.593750 0.324219 0.595703 0.326172 0.597656 0.326172 0.597656 0.324219 0.601562 0.320312
0 0.845703 0.328125 0.841797 0.328125 0.839844 0.330078 0.839844 0.332031 0.841797 0.333984 0.843750 0.333984 0.847656 0.330078
0 0.546875 0.337891 0.544922 0.339844 0.541016 0.339844 0.539062 0.341797 0.537109 0.341797 0.537109 0.351562 0.541016 0.355469 0.541016 0.357422 0.542969 0.357422 0.544922 0.359375 0.548828 0.359375 0.550781 0.357422 0.554688 0.357422 0.554688 0.355469 0.558594 0.351562 0.558594 0.345703 0.554688 0.341797 0.552734 0.341797
0 0.496094 0.339844 0.492188 0.343750 0.490234 0.343750 0.490234 0.347656 0.494141 0.351562 0.496094 0.351562 0.500000 0.347656 0.500000 0.345703 0.496094 0.341797
0 0.621094 0.345703 0.617188 0.349609 0.617188 0.357422 0.621094 0.361328 0.625000 0.361328 0.630859 0.355469 0.630859 0.351562 0.625000 0.345703
0 0.755859 0.347656 0.751953 0.347656 0.750000 0.349609 0.746094 0.349609 0.744141 0.351562 0.744141 0.355469 0.746094 0.357422 0.751953 0.357422 0.753906 0.355469 0.753906 0.353516 0.755859 0.351562
0 0.414062 0.353516 0.412109 0.355469 0.412109 0.357422 0.414062 0.359375 0.416016 0.359375 0.417969 0.357422 0.417969 0.355469 0.416016 0.353516
0 0.658203 0.365234 0.660156 0.376953 0.667969 0.384766 0.677734 0.384766 0.683594 0.378906 0.687500 0.378906 0.693359 0.382812 0.699219 0.382812 0.705078 0.376953 0.705078 0.365234 0.701172 0.357422 0.697266 0.355469 0.687500 0.355469 0.685547 0.357422 0.666016 0.355469
0 0.250000 0.359375 0.246094 0.363281 0.246094 0.382812 0.253906 0.390625 0.265625 0.388672 0.271484 0.380859 0.271484 0.365234 0.265625 0.359375
0 0.722656 0.365234 0.720703 0.367188 0.718750 0.367188 0.718750 0.369141 0.716797 0.371094 0.716797 0.378906 0.722656 0.382812 0.728516 0.382812 0.730469 0.380859 0.732422 0.380859 0.732422 0.378906 0.734375 0.376953 0.734375 0.369141 0.732422 0.369141 0.726562 0.365234
0 0.804688 0.369141 0.804688 0.373047 0.802734 0.375000 0.804688 0.376953 0.808594 0.376953 0.810547 0.378906 0.810547 0.376953 0.812500 0.375000 0.812500 0.371094 0.810547 0.369141
0 0.578125 0.371094 0.576172 0.373047 0.576172 0.375000 0.578125 0.376953 0.580078 0.376953 0.582031 0.375000 0.582031 0.373047 0.580078 0.371094
0 0.746094 0.373047 0.746094 0.376953 0.750000 0.376953 0.750000 0.375000 0.748047 0.373047
0 0.533203 0.378906 0.531250 0.380859 0.531250 0.384766 0.533203 0.386719 0.537109 0.386719 0.537109 0.380859 0.535156 0.378906
0 0.609375 0.378906 0.603516 0.384766 0.605469 0.386719 0.605469 0.388672 0.609375 0.392578 0.613281 0.392578 0.617188 0.388672 0.617188 0.384766 0.611328 0.378906
0 0.845703 0.384766 0.843750 0.386719 0.843750 0.390625 0.845703 0.388672 0.847656 0.388672 0.847656 0.386719
0 0.931641 0.396484 0.931641 0.398438 0.933594 0.400391 0.933594 0.402344 0.939453 0.408203 0.949219 0.408203 0.949219 0.404297 0.951172 0.402344 0.951172 0.396484 0.949219 0.394531 0.945312 0.394531 0.943359 0.392578 0.935547 0.392578
0 0.521484 0.410156 0.521484 0.412109 0.525391 0.416016 0.527344 0.416016 0.529297 0.414062 0.531250 0.414062 0.533203 0.412109 0.533203 0.408203 0.531250 0.406250 0.523438 0.406250 0.523438 0.408203
0 0.646484 0.410156 0.638672 0.410156 0.630859 0.419922 0.630859 0.425781 0.634766 0.429688 0.636719 0.429688 0.638672 0.431641 0.640625 0.429688 0.642578 0.429688 0.650391 0.421875 0.650391 0.414062
0 0.779297 0.412109 0.777344 0.414062 0.779297 0.416016 0.781250 0.416016 0.783203 0.414062 0.781250 0.412109
0 0.986328 0.410156 0.986328 0.414062 0.990234 0.414062 0.990234 0.412109 0.988281 0.410156
0 0.675781 0.416016 0.673828 0.417969 0.675781 0.419922 0.677734 0.417969
1 0.439453 0.417969 0.435547 0.417969 0.433594 0.419922 0.433594 0.425781 0.431641 0.427734 0.431641 0.429688 0.433594 0.431641 0.433594 0.433594 0.435547 0.435547 0.437500 0.433594 0.437500 0.431641 0.439453 0.429688 0.439453 0.427734 0.437500 0.425781 0.441406 0.421875 0.441406 0.419922
0 0.662109 0.421875 0.660156 0.423828 0.660156 0.425781 0.662109 0.427734 0.664062 0.427734 0.666016 0.425781 0.666016 0.423828 0.664062 0.421875
0 0.617188 0.425781 0.611328 0.431641 0.611328 0.433594 0.615234 0.437500 0.617188 0.437500 0.621094 0.433594 0.621094 0.429688
0 0.570312 0.429688 0.566406 0.429688 0.560547 0.435547 0.560547 0.437500 0.562500 0.439453 0.562500 0.441406 0.566406 0.445312 0.568359 0.445312 0.574219 0.439453 0.574219 0.435547 0.572266 0.433594 0.572266 0.431641
0 0.707031 0.433594 0.705078 0.435547 0.705078 0.437500 0.707031 0.439453 0.708984 0.439453 0.710938 0.437500 0.710938 0.435547 0.708984 0.433594
0 0.541016 0.437500 0.539062 0.439453 0.541016 0.441406 0.542969 0.439453
0 0.945312 0.439453 0.943359 0.439453 0.941406 0.441406 0.939453 0.441406 0.937500 0.443359 0.939453 0.445312 0.939453 0.449219 0.941406 0.451172 0.943359 0.451172 0.947266 0.447266 0.947266 0.441406
0 0.759766 0.443359 0.753906 0.443359 0.750000 0.447266 0.748047 0.453125 0.742188 0.458984 0.742188 0.464844 0.744141 0.466797 0.746094 0.466797 0.753906 0.458984 0.759766 0.458984 0.763672 0.455078 0.763672 0.447266
0 0.816406 0.447266 0.814453 0.449219 0.814453 0.457031 0.816406 0.458984 0.820312 0.458984 0.824219 0.455078 0.824219 0.451172 0.820312 0.447266
0 0.609375 0.449219 0.607422 0.451172 0.611328 0.455078 0.613281 0.453125 0.613281 0.451172 0.611328 0.449219
0 0.269531 0.453125 0.265625 0.457031 0.267578 0.457031 0.269531 0.458984 0.271484 0.458984 0.273438 0.457031 0.273438 0.455078 0.271484 0.453125
0 0.546875 0.455078 0.548828 0.457031 0.544922 0.460938 0.544922 0.466797 0.548828 0.470703 0.550781 0.470703 0.552734 0.472656 0.558594 0.472656 0.560547 0.470703 0.562500 0.470703 0.562500 0.468750 0.564453 0.466797 0.562500 0.464844 0.562500 0.458984 0.558594 0.455078 0.550781 0.455078 0.548828 0.457031
0 0.732422 0.455078 0.730469 0.453125 0.726562 0.457031 0.720703 0.457031 0.718750 0.458984 0.716797 0.458984 0.716797 0.462891 0.718750 0.464844 0.716797 0.466797 0.718750 0.466797 0.720703 0.468750 0.722656 0.468750 0.724609 0.466797 0.726562 0.466797 0.728516 0.464844 0.728516 0.462891 0.732422 0.458984
0 0.531250 0.466797 0.533203 0.468750 0.537109 0.468750 0.537109 0.466797 0.535156 0.464844 0.533203 0.464844
1 0.660156 0.470703 0.656250 0.472656 0.658203 0.478516 0.656250 0.480469 0.648438 0.482422 0.638672 0.490234 0.634766 0.501953 0.630859 0.505859 0.632812 0.513672 0.640625 0.519531 0.652344 0.519531 0.656250 0.515625 0.658203 0.503906 0.664062 0.494141 0.662109 0.486328 0.656250 0.480469 0.662109 0.472656
0 0.824219 0.474609 0.824219 0.478516 0.830078 0.484375 0.832031 0.482422 0.837891 0.482422 0.837891 0.472656 0.835938 0.470703 0.828125 0.470703
0 0.593750 0.474609 0.593750 0.482422 0.595703 0.484375 0.601562 0.484375 0.605469 0.480469 0.605469 0.478516 0.603516 0.476562 0.603516 0.474609 0.601562 0.472656 0.597656 0.472656 0.595703 0.474609
0 0.958984 0.472656 0.957031 0.474609 0.957031 0.476562 0.958984 0.478516 0.962891 0.478516 0.964844 0.476562 0.964844 0.474609 0.962891 0.472656
0 0.326172 0.480469 0.324219 0.478516 0.322266 0.480469 0.322266 0.482422 0.324219 0.482422
0 0.527344 0.484375 0.525391 0.486328 0.525391 0.488281 0.527344 0.490234 0.531250 0.490234 0.533203 0.488281 0.533203 0.486328 0.531250 0.484375
0 0.572266 0.486328 0.566406 0.492188 0.566406 0.501953 0.568359 0.503906 0.572266 0.503906 0.574219 0.501953 0.574219 0.500000 0.576172 0.498047 0.576172 0.490234
1 0.736328 0.486328 0.730469 0.486328 0.726562 0.488281 0.714844 0.500000 0.714844 0.509766 0.716797 0.511719 0.722656 0.511719 0.738281 0.498047 0.744141 0.498047 0.744141 0.496094 0.740234 0.496094 0.738281 0.494141 0.738281 0.490234
0 0.927734 0.484375 0.925781 0.484375 0.921875 0.488281 0.921875 0.490234 0.923828 0.492188 0.927734 0.492188 0.929688 0.490234 0.929688 0.486328
0 0.769531 0.488281 0.767578 0.490234 0.767578 0.492188 0.769531 0.494141 0.771484 0.494141 0.773438 0.492188 0.773438 0.490234 0.771484 0.488281
0 0.843750 0.494141 0.841797 0.496094 0.841797 0.498047 0.839844 0.500000 0.839844 0.503906 0.841797 0.503906 0.843750 0.505859 0.845703 0.505859 0.847656 0.507812 0.849609 0.505859 0.853516 0.505859 0.853516 0.503906 0.855469 0.501953 0.855469 0.496094 0.853516 0.494141
0 0.964844 0.494141 0.962891 0.492188 0.958984 0.492188 0.957031 0.494141 0.957031 0.496094 0.955078 0.498047 0.962891 0.498047 0.964844 0.496094
0 0.609375 0.496094 0.605469 0.496094 0.603516 0.498047 0.599609 0.498047 0.595703 0.501953 0.595703 0.503906 0.593750 0.505859 0.593750 0.511719 0.599609 0.517578 0.603516 0.517578 0.605469 0.519531 0.607422 0.517578 0.613281 0.517578 0.617188 0.513672 0.617188 0.505859 0.611328 0.500000 0.611328 0.498047
0 0.503906 0.505859 0.500000 0.509766 0.500000 0.513672 0.501953 0.513672 0.503906 0.515625 0.505859 0.515625 0.507812 0.513672 0.509766 0.513672 0.509766 0.509766 0.507812 0.507812 0.505859 0.507812
0 0.765625 0.503906 0.765625 0.507812 0.767578 0.509766 0.769531 0.507812
0 0.562500 0.507812 0.560547 0.507812 0.556641 0.511719 0.556641 0.515625 0.558594 0.517578 0.562500 0.517578 0.564453 0.515625 0.564453 0.509766
0 0.687500 0.513672 0.683594 0.519531 0.683594 0.527344 0.685547 0.529297 0.685547 0.531250 0.687500 0.531250 0.689453 0.533203 0.693359 0.533203 0.699219 0.527344 0.699219 0.521484 0.695312 0.515625 0.689453 0.515625
0 0.548828 0.521484 0.546875 0.523438 0.546875 0.527344 0.548828 0.529297 0.550781 0.529297 0.552734 0.527344 0.552734 0.523438 0.550781 0.521484
0 0.660156 0.527344 0.658203 0.529297 0.658203 0.531250 0.660156 0.533203 0.660156 0.535156 0.664062 0.535156 0.666016 0.533203 0.666016 0.529297 0.664062 0.527344
1 0.687500 0.537109 0.679688 0.537109 0.673828 0.542969 0.673828 0.554688 0.677734 0.560547 0.675781 0.562500 0.671875 0.562500 0.671875 0.570312 0.669922 0.572266 0.671875 0.570312 0.677734 0.570312 0.683594 0.566406 0.683594 0.562500 0.681641 0.560547 0.691406 0.550781 0.691406 0.541016
0 0.541016 0.539062 0.539062 0.541016 0.539062 0.544922 0.541016 0.546875 0.546875 0.546875 0.546875 0.542969 0.542969 0.539062
0 0.751953 0.539062 0.750000 0.541016 0.751953 0.542969 0.750000 0.544922 0.751953 0.542969 0.753906 0.542969 0.755859 0.544922 0.753906 0.542969 0.753906 0.539062
0 0.705078 0.544922 0.703125 0.544922 0.701172 0.542969 0.699219 0.544922 0.697266 0.544922 0.697266 0.548828 0.699219 0.550781 0.703125 0.550781 0.705078 0.548828
0 0.851562 0.542969 0.853516 0.544922 0.855469 0.542969
0 0.298828 0.558594 0.296875 0.560547 0.296875 0.562500 0.298828 0.564453 0.300781 0.564453 0.302734 0.562500 0.302734 0.560547 0.300781 0.558594
0 0.386719 0.558594 0.382812 0.562500 0.382812 0.564453 0.380859 0.566406 0.382812 0.568359 0.382812 0.572266 0.384766 0.572266 0.392578 0.580078 0.396484 0.580078 0.400391 0.576172 0.396484 0.572266 0.396484 0.562500 0.392578 0.558594
0 0.779297 0.562500 0.775391 0.568359 0.775391 0.574219 0.773438 0.576172 0.775391 0.585938 0.781250 0.589844 0.792969 0.583984 0.796875 0.587891 0.796875 0.583984 0.792969 0.582031 0.794922 0.578125 0.794922 0.568359 0.791016 0.562500
0 0.656250 0.572266 0.648438 0.580078 0.648438 0.585938 0.650391 0.587891 0.650391 0.591797 0.654297 0.595703 0.660156 0.595703 0.664062 0.591797 0.664062 0.574219 0.662109 0.572266
0 0.412109 0.574219 0.410156 0.576172 0.410156 0.578125 0.412109 0.580078 0.414062 0.578125 0.414062 0.576172
0 0.544922 0.576172 0.544922 0.578125 0.542969 0.580078 0.542969 0.585938 0.539062 0.591797 0.546875 0.591797 0.548828 0.593750 0.552734 0.589844 0.552734 0.582031 0.554688 0.580078 0.554688 0.578125 0.552734 0.578125 0.550781 0.576172
0 0.439453 0.580078 0.437500 0.582031 0.439453 0.583984 0.441406 0.582031
0 0.703125 0.582031 0.697266 0.582031 0.693359 0.585938 0.693359 0.587891 0.691406 0.589844 0.689453 0.589844 0.691406 0.591797 0.691406 0.595703 0.693359 0.597656 0.699219 0.591797 0.703125 0.591797 0.703125 0.589844 0.705078 0.587891 0.705078 0.583984
0 0.460938 0.589844 0.458984 0.591797 0.460938 0.591797 0.462891 0.593750 0.460938 0.591797
0 0.580078 0.593750 0.578125 0.595703 0.578125 0.597656 0.580078 0.599609 0.580078 0.601562 0.582031 0.603516 0.582031 0.605469 0.583984 0.605469 0.585938 0.607422 0.587891 0.607422 0.591797 0.603516 0.591797 0.597656 0.589844 0.595703 0.585938 0.595703 0.583984 0.593750
0 0.740234 0.595703 0.738281 0.597656 0.740234 0.599609 0.742188 0.597656
0 0.830078 0.613281 0.826172 0.609375 0.826172 0.607422 0.822266 0.605469 0.818359 0.605469 0.812500 0.597656 0.806641 0.597656 0.804688 0.599609 0.800781 0.599609 0.798828 0.597656 0.792969 0.603516 0.792969 0.607422 0.796875 0.615234 0.792969 0.619141 0.789062 0.617188 0.785156 0.617188 0.781250 0.619141 0.791016 0.632812 0.798828 0.632812 0.806641 0.623047 0.798828 0.615234 0.802734 0.611328 0.806641 0.609375 0.808594 0.611328 0.808594 0.619141 0.810547 0.623047 0.822266 0.623047 0.830078 0.615234
0 0.648438 0.603516 0.646484 0.605469 0.646484 0.609375 0.648438 0.611328 0.650391 0.611328 0.652344 0.609375 0.652344 0.605469 0.650391 0.605469
0 0.744141 0.603516 0.744141 0.609375 0.746094 0.611328 0.746094 0.613281 0.750000 0.613281 0.750000 0.611328 0.751953 0.609375 0.751953 0.607422 0.748047 0.603516
0 0.689453 0.623047 0.687500 0.623047 0.681641 0.619141 0.677734 0.619141 0.671875 0.609375 0.667969 0.609375 0.666016 0.607422 0.664062 0.607422 0.660156 0.613281 0.660156 0.621094 0.654297 0.626953 0.654297 0.630859 0.652344 0.632812 0.650391 0.632812 0.650391 0.638672 0.654297 0.642578 0.654297 0.644531 0.658203 0.644531 0.662109 0.640625 0.664062 0.640625 0.666016 0.638672 0.664062 0.636719 0.664062 0.630859 0.662109 0.628906 0.662109 0.626953 0.666016 0.623047 0.667969 0.623047 0.669922 0.625000 0.669922 0.628906 0.673828 0.632812 0.671875 0.634766 0.673828 0.636719 0.677734 0.636719 0.679688 0.634766 0.685547 0.636719 0.685547 0.634766 0.687500 0.632812 0.687500 0.625000
0 0.539062 0.625000 0.537109 0.626953 0.537109 0.628906 0.539062 0.630859 0.541016 0.630859 0.542969 0.628906 0.542969 0.626953 0.541016 0.625000
1 0.562500 0.630859 0.568359 0.642578 0.578125 0.644531 0.583984 0.638672 0.601562 0.652344 0.611328 0.648438 0.617188 0.642578 0.613281 0.632812 0.605469 0.628906 0.605469 0.632812 0.599609 0.636719 0.591797 0.625000 0.583984 0.632812 0.576172 0.626953
0 0.716797 0.626953 0.714844 0.625000 0.712891 0.625000 0.707031 0.630859 0.705078 0.628906 0.699219 0.628906 0.697266 0.630859 0.697266 0.636719 0.701172 0.640625 0.707031 0.640625 0.712891 0.634766 0.716797 0.634766
0 0.316406 0.638672 0.312500 0.634766 0.312500 0.632812 0.308594 0.632812 0.302734 0.636719 0.300781 0.634766 0.298828 0.634766 0.292969 0.638672 0.292969 0.646484 0.294922 0.648438 0.300781 0.648438 0.302734 0.646484 0.306641 0.646484 0.308594 0.644531 0.314453 0.644531 0.314453 0.640625
0 0.453125 0.634766 0.449219 0.638672 0.449219 0.642578 0.453125 0.646484 0.453125 0.650391 0.451172 0.652344 0.451172 0.654297 0.457031 0.654297 0.457031 0.652344 0.458984 0.650391 0.458984 0.648438 0.462891 0.644531 0.462891 0.642578 0.460938 0.640625 0.460938 0.636719 0.458984 0.634766
0 0.878906 0.632812 0.876953 0.634766 0.876953 0.636719 0.878906 0.638672 0.880859 0.636719 0.880859 0.634766
0 0.494141 0.646484 0.494141 0.648438 0.496094 0.650391 0.498047 0.650391 0.500000 0.648438 0.498047 0.646484
0 0.525391 0.648438 0.519531 0.648438 0.511719 0.654297 0.507812 0.652344 0.501953 0.656250 0.501953 0.664062 0.509766 0.673828 0.513672 0.673828 0.515625 0.675781 0.519531 0.673828 0.523438 0.675781 0.527344 0.671875 0.527344 0.667969 0.529297 0.666016 0.529297 0.662109 0.527344 0.660156 0.529297 0.658203 0.527344 0.656250 0.527344 0.650391
0 0.644531 0.648438 0.642578 0.650391 0.642578 0.652344 0.640625 0.654297 0.644531 0.658203 0.648438 0.658203 0.650391 0.656250 0.650391 0.650391 0.648438 0.648438
0 0.707031 0.652344 0.707031 0.660156 0.712891 0.666016 0.724609 0.666016 0.726562 0.664062 0.726562 0.658203 0.720703 0.652344 0.718750 0.652344 0.714844 0.648438 0.712891 0.648438
0 0.750000 0.650391 0.750000 0.654297 0.751953 0.656250 0.753906 0.654297 0.755859 0.654297 0.755859 0.652344 0.753906 0.650391
0 0.771484 0.650391 0.769531 0.652344 0.767578 0.652344 0.763672 0.656250 0.763672 0.658203 0.761719 0.660156 0.761719 0.664062 0.763672 0.666016 0.763672 0.669922 0.769531 0.669922 0.771484 0.671875 0.771484 0.673828 0.775391 0.673828 0.775391 0.671875 0.777344 0.669922 0.781250 0.669922 0.781250 0.666016 0.783203 0.664062 0.783203 0.662109 0.781250 0.660156 0.781250 0.656250 0.777344 0.652344 0.773438 0.652344
0 0.882812 0.652344 0.882812 0.654297 0.888672 0.660156 0.890625 0.660156 0.892578 0.662109 0.892578 0.660156 0.894531 0.658203 0.896484 0.660156 0.898438 0.660156 0.898438 0.658203 0.896484 0.658203 0.894531 0.656250 0.896484 0.654297 0.894531 0.654297 0.892578 0.652344 0.892578 0.650391 0.890625 0.650391 0.888672 0.648438 0.886719 0.650391 0.884766 0.650391
0 0.257812 0.654297 0.253906 0.658203 0.255859 0.660156 0.257812 0.660156 0.259766 0.658203 0.259766 0.656250
0 0.289062 0.652344 0.285156 0.656250 0.285156 0.658203 0.283203 0.660156 0.283203 0.666016 0.287109 0.671875 0.289062 0.671875 0.291016 0.673828 0.296875 0.673828 0.300781 0.667969 0.300781 0.662109 0.298828 0.660156 0.296875 0.654297 0.291016 0.654297
0 0.474609 0.658203 0.472656 0.660156 0.474609 0.662109 0.476562 0.662109 0.476562 0.660156
0 0.537109 0.660156 0.535156 0.662109 0.535156 0.664062 0.537109 0.666016 0.539062 0.666016 0.541016 0.664062 0.541016 0.662109 0.539062 0.660156
0 0.841797 0.662109 0.839844 0.664062 0.839844 0.666016 0.841797 0.667969 0.843750 0.667969 0.845703 0.666016 0.845703 0.664062 0.843750 0.662109
0 0.322266 0.666016 0.318359 0.669922 0.318359 0.671875 0.320312 0.673828 0.324219 0.673828 0.326172 0.671875 0.326172 0.669922 0.324219 0.669922 0.322266 0.667969
0 0.664062 0.669922 0.664062 0.666016 0.662109 0.666016 0.660156 0.667969 0.658203 0.667969 0.660156 0.669922
1 0.900391 0.669922 0.904297 0.673828 0.904297 0.669922 0.902344 0.671875
0 0.607422 0.671875 0.605469 0.673828 0.605469 0.675781 0.607422 0.677734 0.609375 0.677734 0.611328 0.675781 0.611328 0.673828 0.609375 0.671875
0 0.697266 0.671875 0.695312 0.673828 0.695312 0.677734 0.697266 0.679688 0.703125 0.679688 0.705078 0.677734 0.705078 0.673828 0.703125 0.671875
0 0.646484 0.679688 0.644531 0.677734 0.642578 0.677734 0.640625 0.679688 0.638672 0.679688 0.636719 0.681641 0.636719 0.683594 0.638672 0.685547 0.644531 0.685547 0.646484 0.683594
0 0.462891 0.679688 0.453125 0.685547 0.449219 0.695312 0.449219 0.708984 0.455078 0.718750 0.447266 0.734375 0.453125 0.771484 0.460938 0.779297 0.472656 0.779297 0.488281 0.765625 0.494141 0.750000 0.511719 0.753906 0.515625 0.740234 0.507812 0.728516 0.496094 0.724609 0.498047 0.707031 0.482422 0.685547
0 0.746094 0.681641 0.746094 0.683594 0.748047 0.685547 0.750000 0.683594 0.748047 0.681641
0 0.501953 0.683594 0.501953 0.685547 0.503906 0.685547 0.503906 0.683594
0 0.552734 0.689453 0.552734 0.695312 0.554688 0.697266 0.562500 0.697266 0.564453 0.699219 0.570312 0.699219 0.574219 0.695312 0.574219 0.689453 0.570312 0.685547 0.562500 0.685547 0.560547 0.687500 0.556641 0.687500 0.554688 0.689453
0 0.968750 0.691406 0.968750 0.701172 0.972656 0.705078 0.974609 0.705078 0.976562 0.707031 0.986328 0.707031 0.988281 0.705078 0.990234 0.705078 0.994141 0.701172 0.994141 0.697266 0.992188 0.695312 0.992188 0.693359 0.990234 0.693359 0.984375 0.687500 0.972656 0.687500
0 0.656250 0.691406 0.648438 0.691406 0.640625 0.701172 0.640625 0.716797 0.644531 0.720703 0.644531 0.722656 0.648438 0.722656 0.650391 0.724609 0.658203 0.714844 0.662109 0.716797 0.658203 0.714844 0.658203 0.705078 0.660156 0.703125 0.660156 0.699219
0 0.695312 0.691406 0.693359 0.693359 0.693359 0.695312 0.691406 0.697266 0.695312 0.701172 0.701172 0.701172 0.701172 0.699219 0.703125 0.697266 0.703125 0.691406
1 0.757812 0.693359 0.755859 0.693359 0.750000 0.699219 0.746094 0.695312 0.746094 0.699219 0.750000 0.699219 0.751953 0.697266 0.753906 0.699219 0.757812 0.695312
1 0.558594 0.707031 0.556641 0.703125 0.544922 0.701172 0.535156 0.695312 0.533203 0.697266 0.521484 0.697266 0.515625 0.699219 0.507812 0.707031 0.505859 0.720703 0.509766 0.724609 0.517578 0.724609 0.533203 0.708984 0.537109 0.708984 0.544922 0.718750 0.550781 0.720703 0.558594 0.716797 0.556641 0.712891
0 0.621094 0.695312 0.615234 0.695312 0.613281 0.697266 0.613281 0.701172 0.611328 0.703125 0.611328 0.707031 0.613281 0.708984 0.615234 0.708984 0.619141 0.705078 0.621094 0.705078 0.623047 0.703125 0.623047 0.697266
0 0.679688 0.697266 0.679688 0.699219 0.677734 0.701172 0.675781 0.701172 0.671875 0.705078 0.667969 0.705078 0.666016 0.707031 0.669922 0.710938 0.669922 0.712891 0.671875 0.712891 0.675781 0.716797 0.677734 0.714844 0.679688 0.714844 0.685547 0.708984 0.685547 0.707031 0.683594 0.705078 0.683594 0.701172 0.681641 0.701172 0.679688 0.699219
1 0.724609 0.699219 0.724609 0.703125 0.728516 0.707031 0.728516 0.708984 0.732422 0.708984 0.730469 0.707031 0.730469 0.703125 0.726562 0.699219
0 0.742188 0.705078 0.740234 0.707031 0.742188 0.708984 0.744141 0.707031
0 0.800781 0.705078 0.792969 0.707031 0.791016 0.708984 0.791016 0.714844 0.789062 0.716797 0.785156 0.716797 0.787109 0.718750 0.783203 0.722656 0.781250 0.720703 0.781250 0.722656 0.789062 0.722656 0.794922 0.726562 0.791016 0.732422 0.792969 0.736328 0.796875 0.734375 0.794922 0.732422 0.798828 0.728516 0.808594 0.728516 0.806641 0.724609 0.806641 0.710938
0 0.708984 0.707031 0.708984 0.708984 0.710938 0.710938 0.712891 0.710938 0.714844 0.708984 0.714844 0.707031
0 0.623047 0.710938 0.621094 0.712891 0.623047 0.714844 0.625000 0.714844 0.626953 0.712891 0.625000 0.710938
0 0.750000 0.712891 0.748047 0.714844 0.746094 0.714844 0.746094 0.720703 0.751953 0.720703 0.751953 0.716797 0.750000 0.714844
0 0.234375 0.716797 0.232422 0.718750 0.226562 0.718750 0.224609 0.720703 0.224609 0.722656 0.226562 0.724609 0.230469 0.724609 0.232422 0.722656 0.234375 0.722656
0 0.382812 0.718750 0.376953 0.722656 0.376953 0.728516 0.378906 0.730469 0.378906 0.732422 0.382812 0.732422 0.390625 0.740234 0.394531 0.736328 0.396484 0.736328 0.396484 0.726562 0.394531 0.724609 0.394531 0.722656
1 0.697266 0.718750 0.695312 0.718750 0.691406 0.722656 0.691406 0.724609 0.693359 0.726562 0.693359 0.732422 0.695312 0.732422 0.697266 0.730469 0.697266 0.724609 0.699219 0.722656 0.699219 0.720703
1 0.587891 0.740234 0.582031 0.738281 0.570312 0.728516 0.562500 0.724609 0.558594 0.726562 0.558594 0.730469 0.552734 0.740234 0.552734 0.744141 0.548828 0.748047 0.546875 0.746094 0.541016 0.746094 0.537109 0.742188 0.541016 0.736328 0.541016 0.730469 0.535156 0.726562 0.531250 0.730469 0.531250 0.738281 0.525391 0.744141 0.525391 0.748047 0.523438 0.750000 0.523438 0.759766 0.525391 0.761719 0.525391 0.765625 0.527344 0.767578 0.533203 0.767578 0.542969 0.753906 0.544922 0.755859 0.552734 0.755859 0.558594 0.750000 0.564453 0.750000 0.566406 0.751953 0.574219 0.750000 0.576172 0.751953 0.580078 0.751953 0.582031 0.750000 0.582031 0.746094
0 0.982422 0.722656 0.982422 0.728516 0.984375 0.730469 0.988281 0.730469 0.990234 0.728516 0.990234 0.726562 0.988281 0.724609 0.988281 0.722656
0 0.734375 0.726562 0.732422 0.728516 0.732422 0.730469 0.734375 0.732422 0.736328 0.732422 0.738281 0.730469 0.738281 0.728516 0.736328 0.726562
0 0.669922 0.730469 0.666016 0.730469 0.662109 0.734375 0.662109 0.738281 0.666016 0.742188 0.667969 0.742188 0.671875 0.738281 0.671875 0.732422
0 0.765625 0.732422 0.763672 0.734375 0.753906 0.734375 0.755859 0.736328 0.751953 0.740234 0.753906 0.742188 0.753906 0.748047 0.759766 0.751953 0.763672 0.751953 0.763672 0.750000 0.767578 0.746094 0.767578 0.744141 0.769531 0.742188 0.769531 0.740234 0.767578 0.738281
0 0.613281 0.736328 0.613281 0.738281 0.617188 0.742188 0.619141 0.740234 0.621094 0.740234 0.621094 0.738281 0.617188 0.734375 0.615234 0.734375
0 0.730469 0.738281 0.728516 0.740234 0.728516 0.742188 0.730469 0.744141 0.732422 0.744141 0.732422 0.740234
0 0.707031 0.742188 0.705078 0.744141 0.705078 0.746094 0.707031 0.748047 0.708984 0.748047 0.710938 0.746094 0.710938 0.744141 0.708984 0.742188
0 0.205078 0.746094 0.201172 0.746094 0.199219 0.748047 0.199219 0.751953 0.203125 0.751953 0.205078 0.750000
0 0.824219 0.755859 0.826172 0.757812 0.833984 0.757812 0.833984 0.751953 0.830078 0.751953 0.828125 0.750000 0.826172 0.751953 0.826172 0.753906
0 0.736328 0.753906 0.736328 0.755859 0.740234 0.755859 0.740234 0.753906
0 0.632812 0.759766 0.630859 0.761719 0.632812 0.763672 0.634766 0.761719
0 0.791016 0.759766 0.785156 0.765625 0.785156 0.767578 0.787109 0.767578 0.789062 0.769531 0.791016 0.769531 0.794922 0.773438 0.796875 0.771484 0.796875 0.767578 0.798828 0.765625 0.796875 0.763672 0.798828 0.761719 0.796875 0.761719 0.794922 0.759766
0 0.605469 0.763672 0.603516 0.765625 0.601562 0.765625 0.599609 0.767578 0.597656 0.767578 0.601562 0.771484 0.603516 0.771484 0.605469 0.769531
0 0.845703 0.761719 0.847656 0.763672 0.849609 0.763672 0.849609 0.761719
0 0.333984 0.765625 0.332031 0.767578 0.332031 0.771484 0.333984 0.773438 0.335938 0.773438 0.337891 0.771484 0.337891 0.769531 0.335938 0.767578 0.335938 0.765625
0 0.416016 0.765625 0.412109 0.769531 0.412109 0.771484 0.416016 0.775391 0.419922 0.775391 0.421875 0.773438 0.421875 0.771484 0.419922 0.769531 0.419922 0.767578 0.417969 0.765625
0 0.501953 0.777344 0.500000 0.779297 0.500000 0.781250 0.501953 0.783203 0.503906 0.783203 0.505859 0.781250 0.505859 0.779297 0.503906 0.777344
0 0.343750 0.781250 0.339844 0.785156 0.339844 0.789062 0.341797 0.791016 0.341797 0.792969 0.347656 0.792969 0.349609 0.791016 0.349609 0.785156 0.347656 0.783203 0.345703 0.783203
0 0.623047 0.783203 0.619141 0.787109 0.619141 0.791016 0.621094 0.792969 0.628906 0.792969 0.628906 0.787109 0.626953 0.785156 0.626953 0.783203
0 0.742188 0.787109 0.742188 0.791016 0.746094 0.794922 0.748047 0.794922 0.750000 0.796875 0.751953 0.794922 0.753906 0.794922 0.755859 0.796875 0.757812 0.796875 0.759766 0.794922 0.757812 0.792969 0.757812 0.789062 0.755859 0.787109 0.755859 0.785156 0.750000 0.781250 0.748047 0.783203 0.746094 0.783203
0 0.810547 0.781250 0.806641 0.781250 0.806641 0.785156 0.808594 0.787109 0.812500 0.783203
0 0.642578 0.787109 0.638672 0.787109 0.638672 0.789062 0.640625 0.791016 0.642578 0.789062
0 0.443359 0.794922 0.443359 0.798828 0.445312 0.800781 0.447266 0.800781 0.449219 0.798828 0.449219 0.794922
0 0.720703 0.796875 0.720703 0.798828 0.722656 0.800781 0.730469 0.800781 0.730469 0.796875 0.726562 0.792969 0.724609 0.792969
0 0.777344 0.794922 0.775391 0.794922 0.773438 0.792969 0.771484 0.794922 0.769531 0.794922 0.767578 0.796875 0.767578 0.802734 0.769531 0.804688 0.775391 0.804688 0.777344 0.802734
0 0.251953 0.798828 0.251953 0.800781 0.253906 0.800781
0 0.666016 0.802734 0.662109 0.802734 0.658203 0.806641 0.658203 0.814453 0.662109 0.818359 0.664062 0.818359 0.666016 0.816406 0.669922 0.816406 0.669922 0.814453 0.673828 0.810547 0.669922 0.806641 0.669922 0.804688 0.667969 0.804688
0 0.630859 0.812500 0.626953 0.808594 0.625000 0.808594 0.623047 0.806641 0.621094 0.808594 0.613281 0.808594 0.611328 0.810547 0.611328 0.818359 0.615234 0.822266 0.621094 0.822266 0.623047 0.820312 0.623047 0.818359 0.625000 0.816406 0.626953 0.816406
0 0.832031 0.808594 0.830078 0.810547 0.830078 0.812500 0.832031 0.814453 0.833984 0.814453 0.835938 0.812500 0.835938 0.810547 0.833984 0.808594
0 0.953125 0.810547 0.953125 0.814453 0.955078 0.816406 0.957031 0.816406 0.958984 0.814453 0.957031 0.812500 0.957031 0.810547
0 0.488281 0.814453 0.488281 0.820312 0.490234 0.822266 0.494141 0.822266 0.494141 0.816406 0.492188 0.814453
0 0.931641 0.814453 0.929688 0.816406 0.921875 0.816406 0.921875 0.818359 0.917969 0.822266 0.919922 0.824219 0.917969 0.826172 0.917969 0.830078 0.919922 0.832031 0.921875 0.832031 0.923828 0.833984 0.931641 0.833984 0.935547 0.830078 0.935547 0.828125 0.937500 0.826172 0.935547 0.824219 0.935547 0.818359
0 0.763672 0.816406 0.759766 0.820312 0.759766 0.822266 0.761719 0.824219 0.761719 0.826172 0.767578 0.826172 0.767578 0.824219 0.769531 0.822266 0.769531 0.818359 0.767578 0.818359 0.765625 0.816406
0 0.445312 0.824219 0.443359 0.826172 0.443359 0.828125 0.445312 0.830078 0.447266 0.830078 0.449219 0.828125 0.449219 0.826172 0.447266 0.824219
0 0.531250 0.830078 0.531250 0.832031 0.529297 0.833984 0.529297 0.837891 0.533203 0.841797 0.535156 0.841797 0.539062 0.837891 0.539062 0.833984 0.535156 0.830078
0 0.699219 0.828125 0.693359 0.828125 0.687500 0.833984 0.687500 0.845703 0.689453 0.849609 0.685547 0.851562 0.679688 0.859375 0.681641 0.859375 0.685547 0.865234 0.687500 0.863281 0.691406 0.863281 0.693359 0.861328 0.693359 0.855469 0.707031 0.845703 0.707031 0.833984
0 0.800781 0.843750 0.804688 0.859375 0.812500 0.865234 0.822266 0.863281 0.828125 0.855469 0.845703 0.857422 0.843750 0.855469 0.849609 0.847656 0.849609 0.841797 0.843750 0.833984 0.833984 0.833984 0.830078 0.837891 0.826172 0.837891 0.818359 0.830078 0.810547 0.828125
0 0.980469 0.828125 0.974609 0.832031 0.974609 0.843750 0.976562 0.845703 0.980469 0.845703 0.982422 0.847656 0.988281 0.841797 0.990234 0.841797 0.992188 0.839844 0.992188 0.837891 0.982422 0.828125
0 0.767578 0.835938 0.765625 0.837891 0.765625 0.839844 0.763672 0.841797 0.763672 0.845703 0.771484 0.853516 0.777344 0.847656 0.775391 0.845703 0.777344 0.843750 0.775391 0.841797 0.775391 0.837891 0.773438 0.837891 0.771484 0.835938
0 0.945312 0.839844 0.941406 0.845703 0.941406 0.849609 0.943359 0.851562 0.943359 0.859375 0.945312 0.861328 0.947266 0.859375 0.949219 0.861328 0.953125 0.855469 0.953125 0.851562 0.955078 0.849609 0.955078 0.845703 0.951172 0.841797 0.949219 0.841797 0.947266 0.839844
0 0.587891 0.845703 0.585938 0.847656 0.587891 0.849609 0.589844 0.849609 0.591797 0.847656 0.589844 0.845703
0 0.916016 0.843750 0.914062 0.845703 0.914062 0.847656 0.917969 0.851562 0.919922 0.851562 0.923828 0.847656 0.919922 0.843750
0 0.484375 0.851562 0.484375 0.853516 0.486328 0.853516 0.488281 0.855469 0.490234 0.855469 0.492188 0.853516 0.492188 0.851562 0.490234 0.849609 0.488281 0.849609 0.486328 0.851562
0 0.556641 0.849609 0.554688 0.849609 0.552734 0.851562 0.552734 0.853516 0.550781 0.855469 0.552734 0.857422 0.554688 0.857422 0.556641 0.855469
0 0.363281 0.851562 0.361328 0.853516 0.361328 0.855469 0.363281 0.857422 0.365234 0.855469 0.365234 0.853516
0 0.753906 0.853516 0.751953 0.855469 0.751953 0.857422 0.753906 0.859375 0.755859 0.859375 0.757812 0.857422 0.757812 0.855469 0.755859 0.853516
0 0.410156 0.857422 0.406250 0.861328 0.406250 0.863281 0.408203 0.865234 0.414062 0.865234 0.414062 0.859375 0.412109 0.857422
0 0.464844 0.855469 0.462891 0.857422 0.462891 0.861328 0.460938 0.863281 0.462891 0.865234 0.462891 0.867188 0.470703 0.867188 0.470703 0.865234 0.472656 0.863281 0.472656 0.859375 0.468750 0.855469
0 0.851562 0.855469 0.849609 0.857422 0.849609 0.861328 0.855469 0.861328 0.855469 0.859375 0.857422 0.857422 0.855469 0.855469
0 0.867188 0.855469 0.863281 0.859375 0.863281 0.863281 0.867188 0.867188 0.869141 0.867188 0.871094 0.865234 0.871094 0.857422 0.869141 0.857422
1 0.660156 0.863281 0.662109 0.873047 0.671875 0.880859 0.673828 0.888672 0.675781 0.886719 0.677734 0.888672 0.687500 0.890625 0.691406 0.884766 0.697266 0.880859 0.697266 0.876953 0.695312 0.875000 0.677734 0.873047 0.675781 0.871094 0.675781 0.865234 0.669922 0.859375 0.664062 0.859375
1 0.509766 0.865234 0.503906 0.865234 0.501953 0.867188 0.501953 0.878906 0.503906 0.880859 0.505859 0.878906 0.507812 0.878906 0.507812 0.876953 0.509766 0.875000 0.507812 0.873047 0.509766 0.871094
0 0.287109 0.867188 0.285156 0.867188 0.283203 0.869141 0.281250 0.869141 0.281250 0.875000 0.283203 0.875000 0.285156 0.876953 0.289062 0.873047 0.289062 0.869141
0 0.734375 0.867188 0.730469 0.867188 0.728516 0.869141 0.728516 0.871094 0.730469 0.873047 0.732422 0.873047 0.734375 0.871094
0 0.853516 0.871094 0.849609 0.867188 0.847656 0.869141 0.847656 0.873047 0.851562 0.873047
0 0.935547 0.871094 0.933594 0.869141 0.931641 0.871094 0.931641 0.873047 0.933594 0.873047
0 0.865234 0.871094 0.863281 0.871094 0.861328 0.873047 0.857422 0.873047 0.857422 0.875000 0.855469 0.876953 0.855469 0.886719 0.859375 0.890625 0.863281 0.890625 0.865234 0.888672 0.869141 0.888672 0.873047 0.884766 0.873047 0.878906 0.871094 0.876953 0.871094 0.875000 0.869141 0.875000
0 0.318359 0.876953 0.316406 0.878906 0.316406 0.880859 0.318359 0.882812 0.320312 0.882812 0.322266 0.880859 0.322266 0.878906 0.320312 0.876953
0 0.724609 0.876953 0.722656 0.878906 0.718750 0.878906 0.718750 0.880859 0.714844 0.886719 0.714844 0.890625 0.716797 0.892578 0.714844 0.894531 0.720703 0.902344 0.728516 0.902344 0.730469 0.900391 0.732422 0.900391 0.732422 0.898438 0.734375 0.896484 0.734375 0.894531 0.732422 0.892578 0.734375 0.890625 0.734375 0.888672 0.732422 0.886719 0.734375 0.884766
0 0.783203 0.876953 0.781250 0.878906 0.781250 0.882812 0.783203 0.884766 0.787109 0.884766 0.791016 0.880859 0.787109 0.876953
0 0.914062 0.882812 0.914062 0.884766 0.912109 0.886719 0.914062 0.892578 0.919922 0.896484 0.923828 0.896484 0.925781 0.898438 0.925781 0.900391 0.929688 0.900391 0.931641 0.898438 0.931641 0.896484 0.929688 0.894531 0.929688 0.886719 0.925781 0.882812 0.921875 0.882812 0.919922 0.880859
0 0.425781 0.884766 0.421875 0.884766 0.419922 0.886719 0.419922 0.888672 0.417969 0.890625 0.416016 0.888672 0.417969 0.890625 0.417969 0.892578 0.416016 0.894531 0.419922 0.898438 0.423828 0.898438 0.427734 0.894531 0.427734 0.886719
0 0.474609 0.884766 0.472656 0.884766 0.468750 0.888672 0.468750 0.894531 0.470703 0.896484 0.474609 0.896484 0.476562 0.894531 0.476562 0.886719
0 0.947266 0.882812 0.939453 0.890625 0.941406 0.892578 0.941406 0.896484 0.947266 0.902344 0.953125 0.902344 0.955078 0.904297 0.958984 0.904297 0.958984 0.902344 0.960938 0.900391 0.960938 0.896484 0.958984 0.894531 0.958984 0.886719 0.955078 0.882812
0 0.886719 0.890625 0.882812 0.894531 0.878906 0.902344 0.880859 0.916016 0.882812 0.919922 0.884766 0.919922 0.888672 0.923828 0.896484 0.923828 0.902344 0.917969 0.904297 0.906250 0.902344 0.904297 0.900391 0.896484 0.894531 0.890625
0 0.496094 0.894531 0.494141 0.896484 0.494141 0.900391 0.496094 0.902344 0.498047 0.902344 0.500000 0.900391 0.500000 0.896484 0.498047 0.894531
0 0.519531 0.894531 0.517578 0.896484 0.517578 0.902344 0.521484 0.906250 0.523438 0.906250 0.527344 0.902344 0.527344 0.898438 0.523438 0.894531
0 0.861328 0.904297 0.851562 0.898438 0.843750 0.898438 0.837891 0.906250 0.832031 0.902344 0.816406 0.900391 0.814453 0.914062 0.810547 0.919922 0.812500 0.939453 0.818359 0.943359 0.832031 0.945312 0.832031 0.941406 0.841797 0.931641 0.845703 0.919922 0.861328 0.910156 0.859375 0.908203
0 0.394531 0.902344 0.392578 0.904297 0.392578 0.908203 0.394531 0.910156 0.396484 0.910156 0.398438 0.908203 0.398438 0.904297 0.396484 0.902344
0 0.652344 0.902344 0.650391 0.904297 0.648438 0.904297 0.642578 0.910156 0.642578 0.917969 0.640625 0.919922 0.644531 0.919922 0.646484 0.921875 0.646484 0.923828 0.656250 0.923828 0.662109 0.917969 0.662109 0.910156 0.656250 0.904297 0.654297 0.904297
0 0.695312 0.902344 0.691406 0.906250 0.695312 0.910156 0.699219 0.910156 0.701172 0.908203 0.701172 0.904297 0.699219 0.902344
0 0.513672 0.910156 0.511719 0.912109 0.511719 0.916016 0.513672 0.917969 0.515625 0.917969 0.517578 0.916016 0.517578 0.912109 0.515625 0.910156
0 0.974609 0.910156 0.972656 0.912109 0.972656 0.916016 0.974609 0.917969 0.974609 0.919922 0.980469 0.919922 0.982422 0.917969 0.982422 0.912109 0.980469 0.910156
0 0.529297 0.914062 0.525391 0.914062 0.523438 0.916016 0.523438 0.917969 0.525391 0.919922 0.527344 0.919922 0.529297 0.917969
0 0.753906 0.916016 0.751953 0.917969 0.751953 0.919922 0.753906 0.921875 0.757812 0.921875 0.759766 0.919922 0.759766 0.917969 0.757812 0.916016
0 0.593750 0.917969 0.591797 0.919922 0.589844 0.919922 0.585938 0.923828 0.583984 0.923828 0.583984 0.927734 0.587891 0.931641 0.591797 0.931641 0.593750 0.929688 0.595703 0.929688 0.597656 0.927734 0.597656 0.923828 0.595703 0.921875 0.595703 0.919922
1 0.730469 0.929688 0.722656 0.923828 0.716797 0.925781 0.714844 0.933594 0.701172 0.941406 0.701172 0.951172 0.689453 0.958984 0.687500 0.968750 0.701172 0.970703 0.705078 0.966797 0.707031 0.958984 0.720703 0.945312 0.730469 0.941406
0 0.789062 0.925781 0.789062 0.933594 0.791016 0.935547 0.798828 0.935547 0.798828 0.927734 0.796875 0.925781
0 0.558594 0.935547 0.552734 0.935547 0.550781 0.937500 0.550781 0.947266 0.552734 0.949219 0.554688 0.949219 0.560547 0.943359 0.560547 0.941406 0.558594 0.939453
0 0.455078 0.941406 0.455078 0.949219 0.457031 0.951172 0.462891 0.951172 0.466797 0.947266 0.466797 0.945312 0.460938 0.939453 0.458984 0.939453 0.457031 0.941406
1 0.570312 0.939453 0.570312 0.945312 0.576172 0.951172 0.574219 0.953125 0.574219 0.960938 0.576172 0.962891 0.585938 0.962891 0.587891 0.960938 0.587891 0.953125 0.578125 0.947266 0.578125 0.945312 0.580078 0.943359 0.580078 0.939453 0.578125 0.937500 0.574219 0.937500 0.572266 0.939453
0 0.958984 0.937500 0.957031 0.939453 0.957031 0.941406 0.958984 0.943359 0.958984 0.941406 0.960938 0.939453
0 0.802734 0.949219 0.800781 0.947266 0.798828 0.949219 0.798828 0.951172 0.800781 0.951172
0 0.861328 0.947266 0.859375 0.949219 0.861328 0.951172 0.863281 0.949219
0 0.892578 0.945312 0.886719 0.945312 0.886719 0.951172 0.888672 0.953125 0.888672 0.955078 0.894531 0.949219 0.894531 0.947266
0 0.925781 0.947266 0.923828 0.949219 0.925781 0.951172 0.927734 0.951172 0.927734 0.947266
0 0.904297 0.949219 0.904297 0.951172 0.902344 0.953125 0.906250 0.957031 0.908203 0.957031 0.910156 0.955078 0.910156 0.951172 0.908203 0.949219
0 0.765625 0.953125 0.761719 0.957031 0.761719 0.960938 0.763672 0.962891 0.765625 0.962891 0.767578 0.964844 0.769531 0.964844 0.771484 0.962891 0.771484 0.955078 0.769531 0.953125
0 0.783203 0.955078 0.779297 0.955078 0.779297 0.957031 0.781250 0.958984 0.783203 0.957031
0 0.818359 0.953125 0.814453 0.957031 0.814453 0.958984 0.818359 0.962891 0.820312 0.962891 0.822266 0.960938 0.822266 0.955078 0.820312 0.953125
0 0.748047 0.957031 0.746094 0.958984 0.746094 0.964844 0.744141 0.966797 0.744141 0.976562 0.748047 0.980469 0.753906 0.982422 0.755859 0.980469 0.757812 0.980469 0.757812 0.978516 0.759766 0.976562 0.759766 0.968750 0.753906 0.962891 0.753906 0.960938 0.750000 0.957031
0 0.958984 0.964844 0.957031 0.966797 0.957031 0.974609 0.958984 0.976562 0.962891 0.976562 0.966797 0.972656 0.966797 0.970703 0.964844 0.968750 0.964844 0.966797 0.962891 0.964844
1 0.503906 0.974609 0.501953 0.970703 0.500000 0.972656 0.490234 0.968750 0.474609 0.984375 0.457031 0.976562 0.449219 0.980469 0.427734 0.978516 0.421875 0.982422 0.421875 0.992188 0.427734 0.998047 0.472656 0.998047 0.482422 0.988281 0.488281 0.992188 0.498047 0.992188
0 0.718750 0.968750 0.716797 0.970703 0.716797 0.972656 0.720703 0.976562 0.722656 0.976562 0.724609 0.978516 0.728516 0.974609 0.728516 0.972656 0.724609 0.968750
0 0.832031 0.968750 0.830078 0.970703 0.830078 0.972656 0.833984 0.976562 0.835938 0.976562 0.837891 0.974609 0.837891 0.970703 0.835938 0.968750
1 0.675781 0.978516 0.677734 0.978516 0.679688 0.980469 0.681641 0.980469 0.679688 0.978516 0.679688 0.976562 0.677734 0.976562
0 0.910156 0.976562 0.908203 0.978516 0.908203 0.980469 0.910156 0.982422 0.912109 0.980469 0.912109 0.978516
0 0.919922 0.976562 0.917969 0.978516 0.917969 0.984375 0.919922 0.986328 0.925781 0.986328 0.929688 0.982422 0.929688 0.980469 0.927734 0.978516 0.927734 0.976562
0 0.720703 0.990234 0.720703 0.996094 0.722656 0.998047 0.744141 0.998047 0.744141 0.996094 0.740234 0.992188 0.734375 0.998047 0.732422 0.998047 0.730469 0.996094 0.730469 0.994141 0.734375 0.990234 0.736328 0.990234 0.736328 0.984375 0.732422 0.980469 0.728516 0.984375 0.728516 0.986328 0.726562 0.988281 0.722656 0.988281
1 0.802734 0.986328 0.802734 0.994141 0.806641 0.998047 0.812500 0.998047 0.816406 0.994141 0.818359 0.994141 0.820312 0.996094 0.820312 0.998047 0.832031 0.998047 0.826172 0.992188 0.820312 0.992188 0.818359 0.990234 0.816406 0.984375 0.810547 0.980469
1 0.498047 0.996094 0.498047 0.998047 0.503906 0.998047 0.501953 0.998047 0.500000 0.996094
1 0.966797 0.998047 0.974609 0.998047 0.972656 0.998047 0.970703 0.996094 0.968750 0.996094
0 0.849609 0.019531 0.849609 0.023438 0.845703 0.023438 0.843750 0.021484 0.847656 0.017578
0 0.861328 0.021484 0.861328 0.025391 0.857422 0.025391 0.855469 0.023438 0.859375 0.019531
0 0.740234 0.050781 0.740234 0.054688 0.736328 0.054688 0.734375 0.052734 0.738281 0.048828
0 0.748047 0.056641 0.748047 0.060547 0.744141 0.060547 0.742188 0.058594 0.746094 0.054688
0 0.740234 0.062500 0.740234 0.066406 0.736328 0.066406 0.734375 0.064453 0.738281 0.060547
0 0.029297 0.101562 0.029297 0.105469 0.025391 0.105469 0.023438 0.103516 0.027344 0.099609
0 0.039062 0.105469 0.039062 0.109375 0.035156 0.109375 0.033203 0.107422 0.037109 0.103516
0 0.019531 0.111328 0.019531 0.115234 0.015625 0.115234 0.013672 0.113281 0.017578 0.109375
0 0.003906 0.126953 0.000000 0.126953 0.000000 0.105469 0.003906 0.105469 0.005859 0.107422 0.005859 0.109375 0.007812 0.109375 0.009766 0.111328 0.009766 0.121094 0.007812 0.123047 0.007812 0.125000 0.005859 0.125000
0 0.363281 0.117188 0.363281 0.121094 0.359375 0.121094 0.357422 0.119141 0.361328 0.115234
0 0.042969 0.125000 0.041016 0.125000 0.039062 0.126953 0.035156 0.126953 0.033203 0.125000 0.033203 0.119141 0.035156 0.117188 0.039062 0.117188 0.041016 0.119141 0.042969 0.119141
0 0.355469 0.123047 0.355469 0.126953 0.351562 0.126953 0.349609 0.125000 0.353516 0.121094
0 0.365234 0.125000 0.365234 0.128906 0.361328 0.128906 0.359375 0.126953 0.363281 0.123047
0 0.425781 0.132812 0.423828 0.132812 0.421875 0.134766 0.417969 0.134766 0.416016 0.132812 0.416016 0.126953 0.417969 0.125000 0.421875 0.125000 0.423828 0.126953 0.425781 0.126953
0 0.023438 0.138672 0.021484 0.138672 0.019531 0.140625 0.015625 0.140625 0.013672 0.138672 0.013672 0.132812 0.015625 0.130859 0.019531 0.130859 0.021484 0.132812 0.023438 0.132812
0 0.437500 0.134766 0.437500 0.138672 0.433594 0.138672 0.431641 0.136719 0.435547 0.132812
0 0.429688 0.138672 0.429688 0.142578 0.425781 0.142578 0.423828 0.140625 0.427734 0.136719
0 0.683594 0.148438 0.681641 0.148438 0.679688 0.150391 0.675781 0.150391 0.673828 0.148438 0.673828 0.142578 0.675781 0.140625 0.679688 0.140625 0.681641 0.142578 0.683594 0.142578
0 0.689453 0.150391 0.689453 0.154297 0.685547 0.154297 0.683594 0.152344 0.687500 0.148438
0 0.675781 0.154297 0.675781 0.158203 0.671875 0.158203 0.669922 0.156250 0.673828 0.152344
0 0.019531 0.160156 0.017578 0.162109 0.017578 0.164062 0.015625 0.166016 0.009766 0.166016 0.007812 0.164062 0.007812 0.162109 0.005859 0.160156 0.005859 0.158203 0.007812 0.156250 0.007812 0.154297 0.009766 0.152344 0.015625 0.152344 0.017578 0.154297 0.017578 0.156250 0.019531 0.158203
0 0.683594 0.160156 0.683594 0.164062 0.679688 0.164062 0.677734 0.162109 0.681641 0.158203
0 0.642578 0.177734 0.640625 0.177734 0.638672 0.179688 0.634766 0.179688 0.632812 0.177734 0.632812 0.171875 0.634766 0.169922 0.638672 0.169922 0.640625 0.171875 0.642578 0.171875
0 0.000000 0.191406 0.000000 0.181641 0.001953 0.183594 0.003906 0.183594 0.003906 0.189453 0.001953 0.189453
0 0.039062 0.197266 0.037109 0.197266 0.035156 0.199219 0.025391 0.199219 0.019531 0.193359 0.019531 0.183594 0.021484 0.181641 0.023438 0.181641 0.023438 0.179688 0.025391 0.177734 0.035156 0.177734 0.041016 0.183594 0.041016 0.193359 0.039062 0.195312
0 0.646484 0.197266 0.644531 0.197266 0.642578 0.199219 0.638672 0.199219 0.636719 0.197266 0.636719 0.191406 0.638672 0.189453 0.642578 0.189453 0.644531 0.191406 0.646484 0.191406
0 0.794922 0.197266 0.792969 0.197266 0.791016 0.199219 0.787109 0.199219 0.785156 0.197266 0.785156 0.191406 0.787109 0.189453 0.791016 0.189453 0.792969 0.191406 0.794922 0.191406
0 0.787109 0.205078 0.787109 0.208984 0.783203 0.208984 0.781250 0.207031 0.785156 0.203125
0 0.798828 0.208984 0.798828 0.212891 0.794922 0.212891 0.792969 0.210938 0.796875 0.207031
0 0.605469 0.220703 0.605469 0.224609 0.601562 0.224609 0.599609 0.222656 0.603516 0.218750
0 0.078125 0.228516 0.076172 0.230469 0.076172 0.232422 0.074219 0.234375 0.068359 0.234375 0.066406 0.232422 0.066406 0.230469 0.064453 0.228516 0.064453 0.226562 0.066406 0.224609 0.066406 0.222656 0.068359 0.220703 0.074219 0.220703 0.076172 0.222656 0.076172 0.224609 0.078125 0.226562
0 0.603516 0.230469 0.603516 0.234375 0.599609 0.234375 0.597656 0.232422 0.601562 0.228516
0 0.091797 0.240234 0.089844 0.240234 0.087891 0.242188 0.083984 0.242188 0.082031 0.240234 0.082031 0.234375 0.083984 0.232422 0.087891 0.232422 0.089844 0.234375 0.091797 0.234375
0 0.675781 0.246094 0.675781 0.250000 0.671875 0.250000 0.669922 0.248047 0.673828 0.244141
0 0.091797 0.251953 0.089844 0.253906 0.089844 0.255859 0.087891 0.257812 0.082031 0.257812 0.080078 0.255859 0.080078 0.253906 0.078125 0.251953 0.078125 0.250000 0.080078 0.248047 0.080078 0.246094 0.082031 0.244141 0.087891 0.244141 0.089844 0.246094 0.089844 0.248047 0.091797 0.250000
0 0.662109 0.251953 0.662109 0.255859 0.658203 0.255859 0.656250 0.253906 0.660156 0.250000
0 0.093750 0.269531 0.091797 0.269531 0.089844 0.271484 0.080078 0.271484 0.074219 0.265625 0.074219 0.255859 0.076172 0.253906 0.078125 0.253906 0.078125 0.251953 0.080078 0.250000 0.089844 0.250000 0.095703 0.255859 0.095703 0.265625 0.093750 0.267578
0 0.298828 0.269531 0.296875 0.269531 0.294922 0.271484 0.291016 0.271484 0.289062 0.269531 0.289062 0.263672 0.291016 0.261719 0.294922 0.261719 0.296875 0.263672 0.298828 0.263672
0 0.281250 0.275391 0.279297 0.275391 0.277344 0.277344 0.273438 0.277344 0.271484 0.275391 0.271484 0.269531 0.273438 0.267578 0.277344 0.267578 0.279297 0.269531 0.281250 0.269531
0 0.306641 0.279297 0.304688 0.279297 0.302734 0.281250 0.298828 0.281250 0.296875 0.279297 0.296875 0.273438 0.298828 0.271484 0.302734 0.271484 0.304688 0.273438 0.306641 0.273438
0 0.673828 0.285156 0.671875 0.285156 0.669922 0.287109 0.660156 0.287109 0.654297 0.281250 0.654297 0.271484 0.656250 0.269531 0.658203 0.269531 0.658203 0.267578 0.660156 0.265625 0.669922 0.265625 0.675781 0.271484 0.675781 0.281250 0.673828 0.283203
0 0.289062 0.285156 0.287109 0.285156 0.285156 0.287109 0.281250 0.287109 0.279297 0.285156 0.279297 0.279297 0.281250 0.277344 0.285156 0.277344 0.287109 0.279297 0.289062 0.279297
0 0.550781 0.292969 0.550781 0.296875 0.546875 0.296875 0.544922 0.294922 0.548828 0.291016
0 0.101562 0.300781 0.099609 0.300781 0.097656 0.302734 0.093750 0.302734 0.091797 0.300781 0.091797 0.294922 0.093750 0.292969 0.097656 0.292969 0.099609 0.294922 0.101562 0.294922
0 0.128906 0.298828 0.126953 0.300781 0.126953 0.302734 0.125000 0.304688 0.119141 0.304688 0.117188 0.302734 0.117188 0.300781 0.115234 0.298828 0.115234 0.296875 0.117188 0.294922 0.117188 0.292969 0.119141 0.291016 0.125000 0.291016 0.126953 0.292969 0.126953 0.294922 0.128906 0.296875
0 0.539062 0.296875 0.539062 0.300781 0.535156 0.300781 0.533203 0.298828 0.537109 0.294922
0 0.652344 0.300781 0.650391 0.302734 0.650391 0.304688 0.648438 0.306641 0.642578 0.306641 0.640625 0.304688 0.640625 0.302734 0.638672 0.300781 0.638672 0.298828 0.640625 0.296875 0.640625 0.294922 0.642578 0.292969 0.648438 0.292969 0.650391 0.294922 0.650391 0.296875 0.652344 0.298828
0 0.146484 0.302734 0.144531 0.304688 0.144531 0.306641 0.142578 0.308594 0.136719 0.308594 0.134766 0.306641 0.134766 0.304688 0.132812 0.302734 0.132812 0.300781 0.134766 0.298828 0.134766 0.296875 0.136719 0.294922 0.142578 0.294922 0.144531 0.296875 0.144531 0.298828 0.146484 0.300781
0 0.691406 0.306641 0.685547 0.312500 0.679688 0.312500 0.673828 0.306641 0.673828 0.300781 0.679688 0.294922 0.685547 0.294922 0.691406 0.300781
0 0.074219 0.306641 0.072266 0.308594 0.072266 0.310547 0.070312 0.312500 0.064453 0.312500 0.062500 0.310547 0.062500 0.308594 0.060547 0.306641 0.060547 0.304688 0.062500 0.302734 0.062500 0.300781 0.064453 0.298828 0.070312 0.298828 0.072266 0.300781 0.072266 0.302734 0.074219 0.304688
0 0.603516 0.310547 0.603516 0.314453 0.599609 0.314453 0.597656 0.312500 0.601562 0.308594
0 0.595703 0.316406 0.595703 0.320312 0.591797 0.320312 0.589844 0.318359 0.593750 0.314453
0 0.623047 0.320312 0.617188 0.326172 0.611328 0.326172 0.605469 0.320312 0.605469 0.314453 0.611328 0.308594 0.617188 0.308594 0.623047 0.314453
0 0.662109 0.320312 0.656250 0.326172 0.650391 0.326172 0.644531 0.320312 0.644531 0.314453 0.650391 0.308594 0.656250 0.308594 0.662109 0.314453
0 0.603516 0.320312 0.603516 0.324219 0.599609 0.324219 0.597656 0.322266 0.601562 0.318359
0 0.789062 0.324219 0.787109 0.324219 0.785156 0.326172 0.781250 0.326172 0.779297 0.324219 0.779297 0.318359 0.781250 0.316406 0.785156 0.316406 0.787109 0.318359 0.789062 0.318359
0 0.806641 0.324219 0.804688 0.324219 0.802734 0.326172 0.798828 0.326172 0.796875 0.324219 0.796875 0.318359 0.798828 0.316406 0.802734 0.316406 0.804688 0.318359 0.806641 0.318359
0 0.845703 0.322266 0.845703 0.326172 0.841797 0.326172 0.839844 0.324219 0.843750 0.320312
0 0.173828 0.330078 0.171875 0.330078 0.169922 0.332031 0.166016 0.332031 0.164062 0.330078 0.164062 0.324219 0.166016 0.322266 0.169922 0.322266 0.171875 0.324219 0.173828 0.324219
0 0.595703 0.326172 0.595703 0.330078 0.591797 0.330078 0.589844 0.328125 0.593750 0.324219
0 0.800781 0.332031 0.798828 0.332031 0.796875 0.333984 0.792969 0.333984 0.791016 0.332031 0.791016 0.326172 0.792969 0.324219 0.796875 0.324219 0.798828 0.326172 0.800781 0.326172
0 0.839844 0.332031 0.839844 0.335938 0.835938 0.335938 0.833984 0.333984 0.837891 0.330078
0 0.177734 0.337891 0.175781 0.337891 0.173828 0.339844 0.169922 0.339844 0.167969 0.337891 0.167969 0.332031 0.169922 0.330078 0.173828 0.330078 0.175781 0.332031 0.177734 0.332031
0 0.638672 0.343750 0.636719 0.343750 0.634766 0.345703 0.625000 0.345703 0.619141 0.339844 0.619141 0.330078 0.621094 0.328125 0.623047 0.328125 0.623047 0.326172 0.625000 0.324219 0.634766 0.324219 0.640625 0.330078 0.640625 0.339844 0.638672 0.341797
0 0.847656 0.333984 0.847656 0.337891 0.843750 0.337891 0.841797 0.335938 0.845703 0.332031
0 0.556641 0.339844 0.554688 0.339844 0.552734 0.341797 0.548828 0.341797 0.546875 0.339844 0.546875 0.333984 0.548828 0.332031 0.552734 0.332031 0.554688 0.333984 0.556641 0.333984
0 0.490234 0.341797 0.490234 0.345703 0.486328 0.345703 0.484375 0.343750 0.488281 0.339844
0 0.503906 0.343750 0.503906 0.347656 0.500000 0.347656 0.498047 0.345703 0.501953 0.341797
0 0.750000 0.345703 0.750000 0.349609 0.746094 0.349609 0.744141 0.347656 0.748047 0.343750
0 0.419922 0.349609 0.419922 0.353516 0.416016 0.353516 0.414062 0.351562 0.417969 0.347656
0 0.492188 0.349609 0.492188 0.353516 0.488281 0.353516 0.486328 0.351562 0.490234 0.347656
0 0.412109 0.351562 0.412109 0.355469 0.408203 0.355469 0.406250 0.353516 0.410156 0.349609
0 0.617188 0.355469 0.615234 0.355469 0.613281 0.357422 0.609375 0.357422 0.607422 0.355469 0.607422 0.349609 0.609375 0.347656 0.613281 0.347656 0.615234 0.349609 0.617188 0.349609
0 0.634766 0.351562 0.634766 0.355469 0.630859 0.355469 0.628906 0.353516 0.632812 0.349609
0 0.263672 0.357422 0.261719 0.357422 0.259766 0.359375 0.255859 0.359375 0.253906 0.357422 0.253906 0.351562 0.255859 0.349609 0.259766 0.349609 0.261719 0.351562 0.263672 0.351562
0 0.541016 0.357422 0.539062 0.357422 0.537109 0.359375 0.533203 0.359375 0.531250 0.357422 0.531250 0.351562 0.533203 0.349609 0.537109 0.349609 0.539062 0.351562 0.541016 0.351562
0 0.689453 0.355469 0.687500 0.357422 0.687500 0.359375 0.685547 0.361328 0.679688 0.361328 0.677734 0.359375 0.677734 0.357422 0.675781 0.355469 0.675781 0.353516 0.677734 0.351562 0.677734 0.349609 0.679688 0.347656 0.685547 0.347656 0.687500 0.349609 0.687500 0.351562 0.689453 0.353516
0 0.757812 0.353516 0.757812 0.357422 0.753906 0.357422 0.751953 0.355469 0.755859 0.351562
0 0.421875 0.357422 0.421875 0.361328 0.417969 0.361328 0.416016 0.359375 0.419922 0.355469
0 0.748047 0.357422 0.748047 0.361328 0.744141 0.361328 0.742188 0.359375 0.746094 0.355469
0 0.414062 0.359375 0.414062 0.363281 0.410156 0.363281 0.408203 0.361328 0.412109 0.357422
0 0.554688 0.363281 0.552734 0.363281 0.550781 0.365234 0.546875 0.365234 0.544922 0.363281 0.544922 0.357422 0.546875 0.355469 0.550781 0.355469 0.552734 0.357422 0.554688 0.357422
0 0.628906 0.359375 0.628906 0.363281 0.625000 0.363281 0.623047 0.361328 0.626953 0.357422
0 0.748047 0.367188 0.742188 0.373047 0.736328 0.373047 0.730469 0.367188 0.730469 0.361328 0.736328 0.355469 0.742188 0.355469 0.748047 0.361328
0 0.179688 0.369141 0.177734 0.369141 0.175781 0.371094 0.171875 0.371094 0.169922 0.369141 0.169922 0.363281 0.171875 0.361328 0.175781 0.361328 0.177734 0.363281 0.179688 0.363281
0 0.812500 0.365234 0.812500 0.369141 0.808594 0.369141 0.806641 0.367188 0.810547 0.363281
0 0.583984 0.367188 0.583984 0.371094 0.580078 0.371094 0.578125 0.369141 0.582031 0.365234
0 0.625000 0.371094 0.619141 0.376953 0.613281 0.376953 0.607422 0.371094 0.607422 0.365234 0.613281 0.359375 0.619141 0.359375 0.625000 0.365234
0 0.804688 0.367188 0.804688 0.371094 0.800781 0.371094 0.798828 0.369141 0.802734 0.365234
0 0.279297 0.375000 0.277344 0.375000 0.275391 0.376953 0.271484 0.376953 0.269531 0.375000 0.269531 0.369141 0.271484 0.367188 0.275391 0.367188 0.277344 0.369141 0.279297 0.369141
0 0.714844 0.373047 0.712891 0.375000 0.712891 0.376953 0.710938 0.378906 0.705078 0.378906 0.703125 0.376953 0.703125 0.375000 0.701172 0.373047 0.701172 0.371094 0.703125 0.369141 0.703125 0.367188 0.705078 0.365234 0.710938 0.365234 0.712891 0.367188 0.712891 0.369141 0.714844 0.371094
0 0.585938 0.375000 0.585938 0.378906 0.582031 0.378906 0.580078 0.376953 0.583984 0.373047
0 0.195312 0.380859 0.193359 0.380859 0.191406 0.382812 0.187500 0.382812 0.185547 0.380859 0.185547 0.375000 0.187500 0.373047 0.191406 0.373047 0.193359 0.375000 0.195312 0.375000
0 0.607422 0.376953 0.607422 0.380859 0.603516 0.380859 0.601562 0.378906 0.605469 0.375000
0 0.664062 0.378906 0.662109 0.380859 0.662109 0.382812 0.660156 0.384766 0.654297 0.384766 0.652344 0.382812 0.652344 0.380859 0.650391 0.378906 0.650391 0.376953 0.652344 0.375000 0.652344 0.373047 0.654297 0.371094 0.660156 0.371094 0.662109 0.373047 0.662109 0.375000 0.664062 0.376953
0 0.248047 0.382812 0.246094 0.382812 0.244141 0.384766 0.240234 0.384766 0.238281 0.382812 0.238281 0.376953 0.240234 0.375000 0.244141 0.375000 0.246094 0.376953 0.248047 0.376953
0 0.531250 0.378906 0.531250 0.382812 0.527344 0.382812 0.525391 0.380859 0.529297 0.376953
0 0.541016 0.378906 0.541016 0.382812 0.537109 0.382812 0.535156 0.380859 0.539062 0.376953
0 0.691406 0.380859 0.689453 0.382812 0.689453 0.384766 0.687500 0.386719 0.681641 0.386719 0.679688 0.384766 0.679688 0.382812 0.677734 0.380859 0.677734 0.378906 0.679688 0.376953 0.679688 0.375000 0.681641 0.373047 0.687500 0.373047 0.689453 0.375000 0.689453 0.376953 0.691406 0.378906
0 0.744141 0.380859 0.742188 0.382812 0.742188 0.384766 0.740234 0.386719 0.734375 0.386719 0.732422 0.384766 0.732422 0.382812 0.730469 0.380859 0.730469 0.378906 0.732422 0.376953 0.732422 0.375000 0.734375 0.373047 0.740234 0.373047 0.742188 0.375000 0.742188 0.376953 0.744141 0.378906
0 0.810547 0.378906 0.810547 0.382812 0.806641 0.382812 0.804688 0.380859 0.808594 0.376953
0 0.275391 0.386719 0.273438 0.386719 0.271484 0.388672 0.267578 0.388672 0.265625 0.386719 0.265625 0.380859 0.267578 0.378906 0.271484 0.378906 0.273438 0.380859 0.275391 0.380859
0 0.621094 0.382812 0.621094 0.386719 0.617188 0.386719 0.615234 0.384766 0.619141 0.380859
0 0.203125 0.390625 0.201172 0.390625 0.199219 0.392578 0.195312 0.392578 0.193359 0.390625 0.193359 0.384766 0.195312 0.382812 0.199219 0.382812 0.201172 0.384766 0.203125 0.384766
0 0.251953 0.390625 0.250000 0.390625 0.248047 0.392578 0.244141 0.392578 0.242188 0.390625 0.242188 0.384766 0.244141 0.382812 0.248047 0.382812 0.250000 0.384766 0.251953 0.384766
0 0.535156 0.386719 0.535156 0.390625 0.531250 0.390625 0.529297 0.388672 0.533203 0.384766
0 0.943359 0.390625 0.941406 0.390625 0.939453 0.392578 0.935547 0.392578 0.933594 0.390625 0.933594 0.384766 0.935547 0.382812 0.939453 0.382812 0.941406 0.384766 0.943359 0.384766
0 0.265625 0.394531 0.263672 0.394531 0.261719 0.396484 0.257812 0.396484 0.255859 0.394531 0.255859 0.388672 0.257812 0.386719 0.261719 0.386719 0.263672 0.388672 0.265625 0.388672
0 0.609375 0.390625 0.609375 0.394531 0.605469 0.394531 0.603516 0.392578 0.607422 0.388672
0 0.617188 0.390625 0.617188 0.394531 0.613281 0.394531 0.611328 0.392578 0.615234 0.388672
0 0.208984 0.400391 0.207031 0.400391 0.205078 0.402344 0.201172 0.402344 0.199219 0.400391 0.199219 0.394531 0.201172 0.392578 0.205078 0.392578 0.207031 0.394531 0.208984 0.394531
0 0.525391 0.402344 0.525391 0.406250 0.521484 0.406250 0.519531 0.404297 0.523438 0.400391
0 0.953125 0.404297 0.953125 0.408203 0.949219 0.408203 0.947266 0.406250 0.951172 0.402344
0 0.212891 0.410156 0.210938 0.410156 0.208984 0.412109 0.205078 0.412109 0.203125 0.410156 0.203125 0.404297 0.205078 0.402344 0.208984 0.402344 0.210938 0.404297 0.212891 0.404297
0 0.537109 0.406250 0.537109 0.410156 0.533203 0.410156 0.531250 0.408203 0.535156 0.404297
0 0.939453 0.410156 0.937500 0.410156 0.935547 0.412109 0.931641 0.412109 0.929688 0.410156 0.929688 0.404297 0.931641 0.402344 0.935547 0.402344 0.937500 0.404297 0.939453 0.404297
0 0.521484 0.408203 0.521484 0.412109 0.517578 0.412109 0.515625 0.410156 0.519531 0.406250
0 0.441406 0.414062 0.441406 0.417969 0.437500 0.417969 0.435547 0.416016 0.439453 0.412109
0 0.531250 0.416016 0.531250 0.419922 0.527344 0.419922 0.525391 0.417969 0.529297 0.414062
0 0.671875 0.419922 0.669922 0.419922 0.667969 0.421875 0.664062 0.421875 0.662109 0.419922 0.662109 0.414062 0.664062 0.412109 0.667969 0.412109 0.669922 0.414062 0.671875 0.414062
0 0.433594 0.421875 0.433594 0.425781 0.429688 0.425781 0.427734 0.423828 0.431641 0.419922
0 0.441406 0.423828 0.441406 0.427734 0.437500 0.427734 0.435547 0.425781 0.439453 0.421875
0 0.632812 0.427734 0.630859 0.429688 0.630859 0.431641 0.628906 0.433594 0.623047 0.433594 0.621094 0.431641 0.621094 0.429688 0.619141 0.427734 0.619141 0.425781 0.621094 0.423828 0.621094 0.421875 0.623047 0.419922 0.628906 0.419922 0.630859 0.421875 0.630859 0.423828 0.632812 0.425781
0 0.658203 0.427734 0.656250 0.429688 0.656250 0.431641 0.654297 0.433594 0.648438 0.433594 0.646484 0.431641 0.646484 0.429688 0.644531 0.427734 0.644531 0.425781 0.646484 0.423828 0.646484 0.421875 0.648438 0.419922 0.654297 0.419922 0.656250 0.421875 0.656250 0.423828 0.658203 0.425781
0 0.708984 0.427734 0.708984 0.431641 0.705078 0.431641 0.703125 0.429688 0.707031 0.425781
0 0.611328 0.433594 0.609375 0.433594 0.607422 0.435547 0.603516 0.435547 0.601562 0.433594 0.601562 0.427734 0.603516 0.425781 0.607422 0.425781 0.609375 0.427734 0.611328 0.427734
0 0.216797 0.435547 0.214844 0.435547 0.212891 0.437500 0.208984 0.437500 0.207031 0.435547 0.207031 0.429688 0.208984 0.427734 0.212891 0.427734 0.214844 0.429688 0.216797 0.429688
0 0.441406 0.431641 0.441406 0.435547 0.437500 0.435547 0.435547 0.433594 0.439453 0.429688
0 0.542969 0.431641 0.542969 0.435547 0.539062 0.435547 0.537109 0.433594 0.541016 0.429688
0 0.578125 0.433594 0.578125 0.437500 0.574219 0.437500 0.572266 0.435547 0.576172 0.431641
0 0.943359 0.439453 0.941406 0.439453 0.939453 0.441406 0.935547 0.441406 0.933594 0.439453 0.933594 0.433594 0.935547 0.431641 0.939453 0.431641 0.941406 0.433594 0.943359 0.433594
0 0.617188 0.443359 0.615234 0.443359 0.613281 0.445312 0.609375 0.445312 0.607422 0.443359 0.607422 0.437500 0.609375 0.435547 0.613281 0.435547 0.615234 0.437500 0.617188 0.437500
0 0.576172 0.441406 0.576172 0.445312 0.572266 0.445312 0.570312 0.443359 0.574219 0.439453
0 0.824219 0.445312 0.824219 0.449219 0.820312 0.449219 0.818359 0.447266 0.822266 0.443359
0 0.271484 0.447266 0.271484 0.451172 0.267578 0.451172 0.265625 0.449219 0.269531 0.445312
0 0.566406 0.449219 0.564453 0.451172 0.564453 0.453125 0.562500 0.455078 0.556641 0.455078 0.554688 0.453125 0.554688 0.451172 0.552734 0.449219 0.552734 0.447266 0.554688 0.445312 0.554688 0.443359 0.556641 0.441406 0.562500 0.441406 0.564453 0.443359 0.564453 0.445312 0.566406 0.447266
0 0.939453 0.447266 0.939453 0.451172 0.935547 0.451172 0.933594 0.449219 0.937500 0.445312
0 0.750000 0.453125 0.748047 0.453125 0.746094 0.455078 0.742188 0.455078 0.740234 0.453125 0.740234 0.447266 0.742188 0.445312 0.746094 0.445312 0.748047 0.447266 0.750000 0.447266
0 0.949219 0.449219 0.949219 0.453125 0.945312 0.453125 0.943359 0.451172 0.947266 0.447266
0 0.607422 0.451172 0.607422 0.455078 0.603516 0.455078 0.601562 0.453125 0.605469 0.449219
0 0.814453 0.451172 0.814453 0.455078 0.810547 0.455078 0.808594 0.453125 0.812500 0.449219
0 0.277344 0.453125 0.277344 0.457031 0.273438 0.457031 0.271484 0.455078 0.275391 0.451172
0 0.615234 0.455078 0.615234 0.458984 0.611328 0.458984 0.609375 0.457031 0.613281 0.453125
0 0.000000 0.464844 0.000000 0.455078 0.001953 0.457031 0.003906 0.457031 0.003906 0.462891 0.001953 0.462891
0 0.269531 0.458984 0.269531 0.462891 0.265625 0.462891 0.263672 0.460938 0.267578 0.457031
0 0.757812 0.464844 0.755859 0.464844 0.753906 0.466797 0.750000 0.466797 0.748047 0.464844 0.748047 0.458984 0.750000 0.457031 0.753906 0.457031 0.755859 0.458984 0.757812 0.458984
0 0.966797 0.460938 0.966797 0.464844 0.962891 0.464844 0.960938 0.462891 0.964844 0.458984
0 0.212891 0.464844 0.210938 0.466797 0.210938 0.468750 0.208984 0.470703 0.203125 0.470703 0.201172 0.468750 0.201172 0.466797 0.199219 0.464844 0.199219 0.462891 0.201172 0.460938 0.201172 0.458984 0.203125 0.457031 0.208984 0.457031 0.210938 0.458984 0.210938 0.460938 0.212891 0.462891
0 0.832031 0.464844 0.830078 0.466797 0.830078 0.468750 0.828125 0.470703 0.822266 0.470703 0.820312 0.468750 0.820312 0.466797 0.818359 0.464844 0.818359 0.462891 0.820312 0.460938 0.820312 0.458984 0.822266 0.457031 0.828125 0.457031 0.830078 0.458984 0.830078 0.460938 0.832031 0.462891
0 0.603516 0.470703 0.601562 0.470703 0.599609 0.472656 0.595703 0.472656 0.593750 0.470703 0.593750 0.464844 0.595703 0.462891 0.599609 0.462891 0.601562 0.464844 0.603516 0.464844
0 0.548828 0.472656 0.546875 0.472656 0.544922 0.474609 0.541016 0.474609 0.539062 0.472656 0.539062 0.466797 0.541016 0.464844 0.544922 0.464844 0.546875 0.466797 0.548828 0.466797
0 0.554688 0.476562 0.552734 0.476562 0.550781 0.478516 0.546875 0.478516 0.544922 0.476562 0.544922 0.470703 0.546875 0.468750 0.550781 0.468750 0.552734 0.470703 0.554688 0.470703
0 0.845703 0.476562 0.843750 0.476562 0.841797 0.478516 0.837891 0.478516 0.835938 0.476562 0.835938 0.470703 0.837891 0.468750 0.841797 0.468750 0.843750 0.470703 0.845703 0.470703
0 0.666016 0.484375 0.664062 0.484375 0.662109 0.486328 0.658203 0.486328 0.656250 0.484375 0.656250 0.478516 0.658203 0.476562 0.662109 0.476562 0.664062 0.478516 0.666016 0.478516
0 0.828125 0.484375 0.826172 0.484375 0.824219 0.486328 0.820312 0.486328 0.818359 0.484375 0.818359 0.478516 0.820312 0.476562 0.824219 0.476562 0.826172 0.478516 0.828125 0.478516
0 0.923828 0.482422 0.923828 0.486328 0.919922 0.486328 0.917969 0.484375 0.921875 0.480469
0 0.525391 0.484375 0.525391 0.488281 0.521484 0.488281 0.519531 0.486328 0.523438 0.482422
0 0.964844 0.488281 0.962891 0.488281 0.960938 0.490234 0.957031 0.490234 0.955078 0.488281 0.955078 0.482422 0.957031 0.480469 0.960938 0.480469 0.962891 0.482422 0.964844 0.482422
0 0.642578 0.490234 0.640625 0.490234 0.638672 0.492188 0.634766 0.492188 0.632812 0.490234 0.632812 0.484375 0.634766 0.482422 0.638672 0.482422 0.640625 0.484375 0.642578 0.484375
0 0.847656 0.488281 0.845703 0.490234 0.845703 0.492188 0.843750 0.494141 0.837891 0.494141 0.835938 0.492188 0.835938 0.490234 0.833984 0.488281 0.833984 0.486328 0.835938 0.484375 0.835938 0.482422 0.837891 0.480469 0.843750 0.480469 0.845703 0.482422 0.845703 0.484375 0.847656 0.486328
0 0.933594 0.486328 0.933594 0.490234 0.929688 0.490234 0.927734 0.488281 0.931641 0.484375
0 0.724609 0.488281 0.724609 0.492188 0.720703 0.492188 0.718750 0.490234 0.722656 0.486328
0 0.527344 0.490234 0.527344 0.494141 0.523438 0.494141 0.521484 0.492188 0.525391 0.488281
0 0.533203 0.490234 0.533203 0.494141 0.529297 0.494141 0.527344 0.492188 0.531250 0.488281
0 0.777344 0.490234 0.777344 0.494141 0.773438 0.494141 0.771484 0.492188 0.775391 0.488281
0 0.187500 0.496094 0.185547 0.496094 0.183594 0.498047 0.179688 0.498047 0.177734 0.496094 0.177734 0.490234 0.179688 0.488281 0.183594 0.488281 0.185547 0.490234 0.187500 0.490234
0 0.603516 0.494141 0.601562 0.496094 0.601562 0.498047 0.599609 0.500000 0.593750 0.500000 0.591797 0.498047 0.591797 0.496094 0.589844 0.494141 0.589844 0.492188 0.591797 0.490234 0.591797 0.488281 0.593750 0.486328 0.599609 0.486328 0.601562 0.488281 0.601562 0.490234 0.603516 0.492188
0 0.720703 0.496094 0.718750 0.496094 0.716797 0.498047 0.712891 0.498047 0.710938 0.496094 0.710938 0.490234 0.712891 0.488281 0.716797 0.488281 0.718750 0.490234 0.720703 0.490234
0 0.925781 0.492188 0.925781 0.496094 0.921875 0.496094 0.919922 0.494141 0.923828 0.490234
0 0.968750 0.492188 0.968750 0.496094 0.964844 0.496094 0.962891 0.494141 0.966797 0.490234
0 0.001953 0.501953 0.000000 0.501953 0.000000 0.488281 0.001953 0.488281 0.003906 0.490234 0.003906 0.492188 0.005859 0.494141 0.005859 0.496094 0.003906 0.498047 0.003906 0.500000
0 0.595703 0.503906 0.593750 0.503906 0.591797 0.505859 0.582031 0.505859 0.576172 0.500000 0.576172 0.490234 0.578125 0.488281 0.580078 0.488281 0.580078 0.486328 0.582031 0.484375 0.591797 0.484375 0.597656 0.490234 0.597656 0.500000 0.595703 0.501953
0 0.771484 0.494141 0.771484 0.498047 0.767578 0.498047 0.765625 0.496094 0.769531 0.492188
0 0.177734 0.501953 0.175781 0.501953 0.173828 0.503906 0.169922 0.503906 0.167969 0.501953 0.167969 0.496094 0.169922 0.494141 0.173828 0.494141 0.175781 0.496094 0.177734 0.496094
0 0.566406 0.498047 0.566406 0.501953 0.562500 0.501953 0.560547 0.500000 0.564453 0.496094
0 0.632812 0.507812 0.630859 0.507812 0.628906 0.509766 0.619141 0.509766 0.613281 0.503906 0.613281 0.494141 0.615234 0.492188 0.617188 0.492188 0.617188 0.490234 0.619141 0.488281 0.628906 0.488281 0.634766 0.494141 0.634766 0.503906 0.632812 0.505859
0 0.964844 0.500000 0.964844 0.503906 0.960938 0.503906 0.958984 0.501953 0.962891 0.498047
0 0.167969 0.505859 0.166016 0.505859 0.164062 0.507812 0.160156 0.507812 0.158203 0.505859 0.158203 0.500000 0.160156 0.498047 0.164062 0.498047 0.166016 0.500000 0.167969 0.500000
0 0.861328 0.507812 0.859375 0.507812 0.857422 0.509766 0.853516 0.509766 0.851562 0.507812 0.851562 0.501953 0.853516 0.500000 0.857422 0.500000 0.859375 0.501953 0.861328 0.501953
0 0.138672 0.507812 0.136719 0.509766 0.136719 0.511719 0.134766 0.513672 0.128906 0.513672 0.126953 0.511719 0.126953 0.509766 0.125000 0.507812 0.125000 0.505859 0.126953 0.503906 0.126953 0.501953 0.128906 0.500000 0.134766 0.500000 0.136719 0.501953 0.136719 0.503906 0.138672 0.505859
0 0.501953 0.505859 0.501953 0.509766 0.498047 0.509766 0.496094 0.507812 0.500000 0.503906
0 0.667969 0.507812 0.666016 0.509766 0.666016 0.511719 0.664062 0.513672 0.658203 0.513672 0.656250 0.511719 0.656250 0.509766 0.654297 0.507812 0.654297 0.505859 0.656250 0.503906 0.656250 0.501953 0.658203 0.500000 0.664062 0.500000 0.666016 0.501953 0.666016 0.503906 0.667969 0.505859
0 0.736328 0.509766 0.734375 0.509766 0.732422 0.511719 0.728516 0.511719 0.726562 0.509766 0.726562 0.503906 0.728516 0.501953 0.732422 0.501953 0.734375 0.503906 0.736328 0.503906
0 0.763672 0.505859 0.763672 0.509766 0.759766 0.509766 0.757812 0.507812 0.761719 0.503906
0 0.712891 0.517578 0.710938 0.517578 0.708984 0.519531 0.699219 0.519531 0.693359 0.513672 0.693359 0.503906 0.695312 0.501953 0.697266 0.501953 0.697266 0.500000 0.699219 0.498047 0.708984 0.498047 0.714844 0.503906 0.714844 0.513672 0.712891 0.515625
0 0.853516 0.511719 0.851562 0.511719 0.849609 0.513672 0.845703 0.513672 0.843750 0.511719 0.843750 0.505859 0.845703 0.503906 0.849609 0.503906 0.851562 0.505859 0.853516 0.505859
0 0.513672 0.509766 0.513672 0.513672 0.509766 0.513672 0.507812 0.511719 0.511719 0.507812
0 0.693359 0.509766 0.693359 0.513672 0.689453 0.513672 0.687500 0.511719 0.691406 0.507812
0 0.714844 0.517578 0.708984 0.523438 0.703125 0.523438 0.697266 0.517578 0.697266 0.511719 0.703125 0.505859 0.708984 0.505859 0.714844 0.511719
0 0.556641 0.519531 0.554688 0.519531 0.552734 0.521484 0.548828 0.521484 0.546875 0.519531 0.546875 0.513672 0.548828 0.511719 0.552734 0.511719 0.554688 0.513672 0.556641 0.513672
0 0.601562 0.521484 0.599609 0.521484 0.597656 0.523438 0.593750 0.523438 0.591797 0.521484 0.591797 0.515625 0.593750 0.513672 0.597656 0.513672 0.599609 0.515625 0.601562 0.515625
0 0.617188 0.521484 0.615234 0.521484 0.613281 0.523438 0.609375 0.523438 0.607422 0.521484 0.607422 0.515625 0.609375 0.513672 0.613281 0.513672 0.615234 0.515625 0.617188 0.515625
0 0.642578 0.521484 0.640625 0.521484 0.638672 0.523438 0.634766 0.523438 0.632812 0.521484 0.632812 0.515625 0.634766 0.513672 0.638672 0.513672 0.640625 0.515625 0.642578 0.515625
0 0.658203 0.523438 0.656250 0.525391 0.656250 0.527344 0.654297 0.529297 0.648438 0.529297 0.646484 0.527344 0.646484 0.525391 0.644531 0.523438 0.644531 0.521484 0.646484 0.519531 0.646484 0.517578 0.648438 0.515625 0.654297 0.515625 0.656250 0.517578 0.656250 0.519531 0.658203 0.521484
0 0.703125 0.521484 0.703125 0.525391 0.699219 0.525391 0.697266 0.523438 0.701172 0.519531
0 0.544922 0.523438 0.544922 0.527344 0.541016 0.527344 0.539062 0.525391 0.542969 0.521484
0 0.701172 0.527344 0.701172 0.531250 0.697266 0.531250 0.695312 0.529297 0.699219 0.525391
0 0.687500 0.535156 0.685547 0.535156 0.683594 0.537109 0.679688 0.537109 0.677734 0.535156 0.677734 0.529297 0.679688 0.527344 0.683594 0.527344 0.685547 0.529297 0.687500 0.529297
0 0.144531 0.537109 0.142578 0.537109 0.140625 0.539062 0.136719 0.539062 0.134766 0.537109 0.134766 0.531250 0.136719 0.529297 0.140625 0.529297 0.142578 0.531250 0.144531 0.531250
0 0.693359 0.537109 0.691406 0.537109 0.689453 0.539062 0.685547 0.539062 0.683594 0.537109 0.683594 0.531250 0.685547 0.529297 0.689453 0.529297 0.691406 0.531250 0.693359 0.531250
0 0.316406 0.541016 0.316406 0.544922 0.312500 0.544922 0.310547 0.542969 0.314453 0.539062
0 0.494141 0.542969 0.492188 0.544922 0.492188 0.546875 0.490234 0.548828 0.484375 0.548828 0.482422 0.546875 0.482422 0.544922 0.480469 0.542969 0.480469 0.541016 0.482422 0.539062 0.482422 0.537109 0.484375 0.535156 0.490234 0.535156 0.492188 0.537109 0.492188 0.539062 0.494141 0.541016
0 0.539062 0.541016 0.539062 0.544922 0.535156 0.544922 0.533203 0.542969 0.537109 0.539062
0 0.640625 0.544922 0.638672 0.544922 0.636719 0.546875 0.632812 0.546875 0.630859 0.544922 0.630859 0.539062 0.632812 0.537109 0.636719 0.537109 0.638672 0.539062 0.640625 0.539062
0 0.513672 0.546875 0.511719 0.546875 0.509766 0.548828 0.505859 0.548828 0.503906 0.546875 0.503906 0.541016 0.505859 0.539062 0.509766 0.539062 0.511719 0.541016 0.513672 0.541016
0 0.556641 0.546875 0.554688 0.546875 0.552734 0.548828 0.548828 0.548828 0.546875 0.546875 0.546875 0.541016 0.548828 0.539062 0.552734 0.539062 0.554688 0.541016 0.556641 0.541016
0 0.599609 0.548828 0.597656 0.548828 0.595703 0.550781 0.591797 0.550781 0.589844 0.548828 0.589844 0.542969 0.591797 0.541016 0.595703 0.541016 0.597656 0.542969 0.599609 0.542969
0 0.695312 0.544922 0.695312 0.548828 0.691406 0.548828 0.689453 0.546875 0.693359 0.542969
0 0.320312 0.546875 0.320312 0.550781 0.316406 0.550781 0.314453 0.548828 0.318359 0.544922
0 0.855469 0.546875 0.855469 0.550781 0.851562 0.550781 0.849609 0.548828 0.853516 0.544922
0 0.001953 0.556641 0.000000 0.556641 0.000000 0.542969 0.001953 0.542969 0.003906 0.544922 0.003906 0.546875 0.005859 0.548828 0.005859 0.550781 0.003906 0.552734 0.003906 0.554688
0 0.578125 0.552734 0.576172 0.552734 0.574219 0.554688 0.570312 0.554688 0.568359 0.552734 0.568359 0.546875 0.570312 0.544922 0.574219 0.544922 0.576172 0.546875 0.578125 0.546875
0 0.673828 0.548828 0.673828 0.552734 0.669922 0.552734 0.667969 0.550781 0.671875 0.546875
0 0.625000 0.556641 0.623047 0.556641 0.621094 0.558594 0.617188 0.558594 0.615234 0.556641 0.615234 0.550781 0.617188 0.548828 0.621094 0.548828 0.623047 0.550781 0.625000 0.550781
0 0.306641 0.556641 0.306641 0.560547 0.302734 0.560547 0.300781 0.558594 0.304688 0.554688
0 0.294922 0.558594 0.294922 0.562500 0.291016 0.562500 0.289062 0.560547 0.292969 0.556641
0 0.486328 0.560547 0.484375 0.562500 0.484375 0.564453 0.482422 0.566406 0.476562 0.566406 0.474609 0.564453 0.474609 0.562500 0.472656 0.560547 0.472656 0.558594 0.474609 0.556641 0.474609 0.554688 0.476562 0.552734 0.482422 0.552734 0.484375 0.554688 0.484375 0.556641 0.486328 0.558594
0 0.671875 0.568359 0.669922 0.568359 0.667969 0.570312 0.658203 0.570312 0.652344 0.564453 0.652344 0.554688 0.654297 0.552734 0.656250 0.552734 0.656250 0.550781 0.658203 0.548828 0.667969 0.548828 0.673828 0.554688 0.673828 0.564453 0.671875 0.566406
0 0.144531 0.566406 0.142578 0.568359 0.142578 0.570312 0.140625 0.572266 0.134766 0.572266 0.132812 0.570312 0.132812 0.568359 0.130859 0.566406 0.130859 0.564453 0.132812 0.562500 0.132812 0.560547 0.134766 0.558594 0.140625 0.558594 0.142578 0.560547 0.142578 0.562500 0.144531 0.564453
0 0.300781 0.564453 0.300781 0.568359 0.296875 0.568359 0.294922 0.566406 0.298828 0.562500
0 0.591797 0.576172 0.589844 0.576172 0.587891 0.578125 0.578125 0.578125 0.572266 0.572266 0.572266 0.562500 0.574219 0.560547 0.576172 0.560547 0.576172 0.558594 0.578125 0.556641 0.587891 0.556641 0.593750 0.562500 0.593750 0.572266 0.591797 0.574219
0 0.402344 0.572266 0.400391 0.572266 0.398438 0.574219 0.394531 0.574219 0.392578 0.572266 0.392578 0.566406 0.394531 0.564453 0.398438 0.564453 0.400391 0.566406 0.402344 0.566406
0 0.556641 0.570312 0.554688 0.572266 0.554688 0.574219 0.552734 0.576172 0.546875 0.576172 0.544922 0.574219 0.544922 0.572266 0.542969 0.570312 0.542969 0.568359 0.544922 0.566406 0.544922 0.564453 0.546875 0.562500 0.552734 0.562500 0.554688 0.564453 0.554688 0.566406 0.556641 0.568359
0 0.615234 0.570312 0.613281 0.572266 0.613281 0.574219 0.611328 0.576172 0.605469 0.576172 0.603516 0.574219 0.603516 0.572266 0.601562 0.570312 0.601562 0.568359 0.603516 0.566406 0.603516 0.564453 0.605469 0.562500 0.611328 0.562500 0.613281 0.564453 0.613281 0.566406 0.615234 0.568359
0 0.525391 0.574219 0.519531 0.580078 0.513672 0.580078 0.507812 0.574219 0.507812 0.568359 0.513672 0.562500 0.519531 0.562500 0.525391 0.568359
0 0.777344 0.572266 0.775391 0.574219 0.775391 0.576172 0.773438 0.578125 0.767578 0.578125 0.765625 0.576172 0.765625 0.574219 0.763672 0.572266 0.763672 0.570312 0.765625 0.568359 0.765625 0.566406 0.767578 0.564453 0.773438 0.564453 0.775391 0.566406 0.775391 0.568359 0.777344 0.570312
0 0.804688 0.574219 0.802734 0.576172 0.802734 0.578125 0.800781 0.580078 0.794922 0.580078 0.792969 0.578125 0.792969 0.576172 0.791016 0.574219 0.791016 0.572266 0.792969 0.570312 0.792969 0.568359 0.794922 0.566406 0.800781 0.566406 0.802734 0.568359 0.802734 0.570312 0.804688 0.572266
0 0.652344 0.574219 0.652344 0.578125 0.648438 0.578125 0.646484 0.576172 0.650391 0.572266
0 0.035156 0.585938 0.033203 0.585938 0.031250 0.587891 0.021484 0.587891 0.015625 0.582031 0.015625 0.572266 0.017578 0.570312 0.019531 0.570312 0.019531 0.568359 0.021484 0.566406 0.031250 0.566406 0.037109 0.572266 0.037109 0.582031 0.035156 0.583984
0 0.390625 0.580078 0.388672 0.580078 0.386719 0.582031 0.382812 0.582031 0.380859 0.580078 0.380859 0.574219 0.382812 0.572266 0.386719 0.572266 0.388672 0.574219 0.390625 0.574219
0 0.669922 0.585938 0.667969 0.585938 0.666016 0.587891 0.662109 0.587891 0.660156 0.585938 0.660156 0.580078 0.662109 0.578125 0.666016 0.578125 0.667969 0.580078 0.669922 0.580078
0 0.542969 0.587891 0.541016 0.587891 0.539062 0.589844 0.535156 0.589844 0.533203 0.587891 0.533203 0.582031 0.535156 0.580078 0.539062 0.580078 0.541016 0.582031 0.542969 0.582031
0 0.605469 0.589844 0.603516 0.589844 0.601562 0.591797 0.597656 0.591797 0.595703 0.589844 0.595703 0.583984 0.597656 0.582031 0.601562 0.582031 0.603516 0.583984 0.605469 0.583984
0 0.644531 0.595703 0.642578 0.595703 0.640625 0.597656 0.630859 0.597656 0.625000 0.591797 0.625000 0.582031 0.626953 0.580078 0.628906 0.580078 0.628906 0.578125 0.630859 0.576172 0.640625 0.576172 0.646484 0.582031 0.646484 0.591797 0.644531 0.593750
0 0.650391 0.587891 0.650391 0.591797 0.646484 0.591797 0.644531 0.589844 0.648438 0.585938
0 0.177734 0.595703 0.175781 0.595703 0.173828 0.597656 0.169922 0.597656 0.167969 0.595703 0.167969 0.589844 0.169922 0.587891 0.173828 0.587891 0.175781 0.589844 0.177734 0.589844
0 0.632812 0.595703 0.630859 0.595703 0.628906 0.597656 0.625000 0.597656 0.623047 0.595703 0.623047 0.589844 0.625000 0.587891 0.628906 0.587891 0.630859 0.589844 0.632812 0.589844
0 0.798828 0.595703 0.792969 0.601562 0.787109 0.601562 0.781250 0.595703 0.781250 0.589844 0.787109 0.583984 0.792969 0.583984 0.798828 0.589844
0 0.701172 0.593750 0.701172 0.597656 0.697266 0.597656 0.695312 0.595703 0.699219 0.591797
0 0.533203 0.599609 0.531250 0.599609 0.529297 0.601562 0.525391 0.601562 0.523438 0.599609 0.523438 0.593750 0.525391 0.591797 0.529297 0.591797 0.531250 0.593750 0.533203 0.593750
0 0.542969 0.599609 0.537109 0.605469 0.531250 0.605469 0.525391 0.599609 0.525391 0.593750 0.531250 0.587891 0.537109 0.587891 0.542969 0.593750
0 0.654297 0.599609 0.652344 0.599609 0.650391 0.601562 0.646484 0.601562 0.644531 0.599609 0.644531 0.593750 0.646484 0.591797 0.650391 0.591797 0.652344 0.593750 0.654297 0.593750
0 0.175781 0.597656 0.175781 0.601562 0.171875 0.601562 0.169922 0.599609 0.173828 0.595703
0 0.613281 0.603516 0.611328 0.603516 0.609375 0.605469 0.605469 0.605469 0.603516 0.603516 0.603516 0.597656 0.605469 0.595703 0.609375 0.595703 0.611328 0.597656 0.613281 0.597656
0 0.746094 0.599609 0.746094 0.603516 0.742188 0.603516 0.740234 0.601562 0.744141 0.597656
0 0.822266 0.603516 0.820312 0.603516 0.818359 0.605469 0.814453 0.605469 0.812500 0.603516 0.812500 0.597656 0.814453 0.595703 0.818359 0.595703 0.820312 0.597656 0.822266 0.597656
0 0.582031 0.605469 0.580078 0.605469 0.578125 0.607422 0.574219 0.607422 0.572266 0.605469 0.572266 0.599609 0.574219 0.597656 0.578125 0.597656 0.580078 0.599609 0.582031 0.599609
0 0.744141 0.607422 0.744141 0.611328 0.740234 0.611328 0.738281 0.609375 0.742188 0.605469
0 0.755859 0.607422 0.755859 0.611328 0.751953 0.611328 0.750000 0.609375 0.753906 0.605469
0 0.408203 0.613281 0.406250 0.613281 0.404297 0.615234 0.400391 0.615234 0.398438 0.613281 0.398438 0.607422 0.400391 0.605469 0.404297 0.605469 0.406250 0.607422 0.408203 0.607422
0 0.681641 0.617188 0.679688 0.617188 0.677734 0.619141 0.673828 0.619141 0.671875 0.617188 0.671875 0.611328 0.673828 0.609375 0.677734 0.609375 0.679688 0.611328 0.681641 0.611328
0 0.796875 0.617188 0.794922 0.617188 0.792969 0.619141 0.789062 0.619141 0.787109 0.617188 0.787109 0.611328 0.789062 0.609375 0.792969 0.609375 0.794922 0.611328 0.796875 0.611328
0 0.812500 0.615234 0.810547 0.617188 0.810547 0.619141 0.808594 0.621094 0.802734 0.621094 0.800781 0.619141 0.800781 0.617188 0.798828 0.615234 0.798828 0.613281 0.800781 0.611328 0.800781 0.609375 0.802734 0.607422 0.808594 0.607422 0.810547 0.609375 0.810547 0.611328 0.812500 0.613281
0 0.429688 0.617188 0.427734 0.619141 0.427734 0.621094 0.425781 0.623047 0.419922 0.623047 0.417969 0.621094 0.417969 0.619141 0.416016 0.617188 0.416016 0.615234 0.417969 0.613281 0.417969 0.611328 0.419922 0.609375 0.425781 0.609375 0.427734 0.611328 0.427734 0.613281 0.429688 0.615234
0 0.187500 0.619141 0.185547 0.621094 0.185547 0.623047 0.183594 0.625000 0.177734 0.625000 0.175781 0.623047 0.175781 0.621094 0.173828 0.619141 0.173828 0.617188 0.175781 0.615234 0.175781 0.613281 0.177734 0.611328 0.183594 0.611328 0.185547 0.613281 0.185547 0.615234 0.187500 0.617188
0 0.492188 0.621094 0.490234 0.621094 0.488281 0.623047 0.484375 0.623047 0.482422 0.621094 0.482422 0.615234 0.484375 0.613281 0.488281 0.613281 0.490234 0.615234 0.492188 0.615234
0 0.589844 0.626953 0.587891 0.626953 0.585938 0.628906 0.576172 0.628906 0.570312 0.623047 0.570312 0.613281 0.572266 0.611328 0.574219 0.611328 0.574219 0.609375 0.576172 0.607422 0.585938 0.607422 0.591797 0.613281 0.591797 0.623047 0.589844 0.625000
0 0.662109 0.623047 0.656250 0.628906 0.650391 0.628906 0.644531 0.623047 0.644531 0.617188 0.650391 0.611328 0.656250 0.611328 0.662109 0.617188
0 0.380859 0.623047 0.378906 0.625000 0.378906 0.626953 0.376953 0.628906 0.371094 0.628906 0.369141 0.626953 0.369141 0.625000 0.367188 0.623047 0.367188 0.621094 0.369141 0.619141 0.369141 0.617188 0.371094 0.615234 0.376953 0.615234 0.378906 0.617188 0.378906 0.619141 0.380859 0.621094
0 0.511719 0.625000 0.509766 0.625000 0.507812 0.626953 0.503906 0.626953 0.501953 0.625000 0.501953 0.619141 0.503906 0.617188 0.507812 0.617188 0.509766 0.619141 0.511719 0.619141
0 0.830078 0.625000 0.828125 0.625000 0.826172 0.626953 0.822266 0.626953 0.820312 0.625000 0.820312 0.619141 0.822266 0.617188 0.826172 0.617188 0.828125 0.619141 0.830078 0.619141
0 0.671875 0.628906 0.669922 0.628906 0.667969 0.630859 0.664062 0.630859 0.662109 0.628906 0.662109 0.623047 0.664062 0.621094 0.667969 0.621094 0.669922 0.623047 0.671875 0.623047
0 0.720703 0.625000 0.720703 0.628906 0.716797 0.628906 0.714844 0.626953 0.718750 0.623047
0 0.814453 0.626953 0.812500 0.628906 0.812500 0.630859 0.810547 0.632812 0.804688 0.632812 0.802734 0.630859 0.802734 0.628906 0.800781 0.626953 0.800781 0.625000 0.802734 0.623047 0.802734 0.621094 0.804688 0.619141 0.810547 0.619141 0.812500 0.621094 0.812500 0.623047 0.814453 0.625000
0 0.708984 0.626953 0.708984 0.630859 0.705078 0.630859 0.703125 0.628906 0.707031 0.625000
0 0.789062 0.626953 0.789062 0.630859 0.785156 0.630859 0.783203 0.628906 0.787109 0.625000
0 0.587891 0.632812 0.585938 0.632812 0.583984 0.634766 0.580078 0.634766 0.578125 0.632812 0.578125 0.626953 0.580078 0.625000 0.583984 0.625000 0.585938 0.626953 0.587891 0.626953
0 0.695312 0.632812 0.693359 0.632812 0.691406 0.634766 0.687500 0.634766 0.685547 0.632812 0.685547 0.626953 0.687500 0.625000 0.691406 0.625000 0.693359 0.626953 0.695312 0.626953
0 0.306641 0.634766 0.304688 0.634766 0.302734 0.636719 0.298828 0.636719 0.296875 0.634766 0.296875 0.628906 0.298828 0.626953 0.302734 0.626953 0.304688 0.628906 0.306641 0.628906
0 0.457031 0.630859 0.457031 0.634766 0.453125 0.634766 0.451172 0.632812 0.455078 0.628906
0 0.541016 0.630859 0.541016 0.634766 0.537109 0.634766 0.535156 0.632812 0.539062 0.628906
0 0.603516 0.634766 0.601562 0.634766 0.599609 0.636719 0.595703 0.636719 0.593750 0.634766 0.593750 0.628906 0.595703 0.626953 0.599609 0.626953 0.601562 0.628906 0.603516 0.628906
0 0.886719 0.632812 0.886719 0.636719 0.882812 0.636719 0.880859 0.634766 0.884766 0.630859
0 0.197266 0.638672 0.195312 0.638672 0.193359 0.640625 0.189453 0.640625 0.187500 0.638672 0.187500 0.632812 0.189453 0.630859 0.193359 0.630859 0.195312 0.632812 0.197266 0.632812
0 0.623047 0.638672 0.621094 0.638672 0.619141 0.640625 0.615234 0.640625 0.613281 0.638672 0.613281 0.632812 0.615234 0.630859 0.619141 0.630859 0.621094 0.632812 0.623047 0.632812
0 0.875000 0.634766 0.875000 0.638672 0.871094 0.638672 0.869141 0.636719 0.873047 0.632812
0 0.464844 0.636719 0.464844 0.640625 0.460938 0.640625 0.458984 0.638672 0.462891 0.634766
0 0.699219 0.636719 0.699219 0.640625 0.695312 0.640625 0.693359 0.638672 0.697266 0.634766
0 0.039062 0.642578 0.037109 0.642578 0.035156 0.644531 0.031250 0.644531 0.029297 0.642578 0.029297 0.636719 0.031250 0.634766 0.035156 0.634766 0.037109 0.636719 0.039062 0.636719
0 0.353516 0.644531 0.351562 0.644531 0.349609 0.646484 0.345703 0.646484 0.343750 0.644531 0.343750 0.638672 0.345703 0.636719 0.349609 0.636719 0.351562 0.638672 0.353516 0.638672
0 0.517578 0.650391 0.515625 0.650391 0.513672 0.652344 0.503906 0.652344 0.498047 0.646484 0.498047 0.636719 0.500000 0.634766 0.501953 0.634766 0.501953 0.632812 0.503906 0.630859 0.513672 0.630859 0.519531 0.636719 0.519531 0.646484 0.517578 0.648438
0 0.589844 0.644531 0.587891 0.644531 0.585938 0.646484 0.582031 0.646484 0.580078 0.644531 0.580078 0.638672 0.582031 0.636719 0.585938 0.636719 0.587891 0.638672 0.589844 0.638672
0 0.720703 0.642578 0.718750 0.644531 0.718750 0.646484 0.716797 0.648438 0.710938 0.648438 0.708984 0.646484 0.708984 0.644531 0.707031 0.642578 0.707031 0.640625 0.708984 0.638672 0.708984 0.636719 0.710938 0.634766 0.716797 0.634766 0.718750 0.636719 0.718750 0.638672 0.720703 0.640625
0 0.570312 0.644531 0.568359 0.646484 0.568359 0.648438 0.566406 0.650391 0.560547 0.650391 0.558594 0.648438 0.558594 0.646484 0.556641 0.644531 0.556641 0.642578 0.558594 0.640625 0.558594 0.638672 0.560547 0.636719 0.566406 0.636719 0.568359 0.638672 0.568359 0.640625 0.570312 0.642578
0 0.652344 0.646484 0.650391 0.646484 0.648438 0.648438 0.644531 0.648438 0.642578 0.646484 0.642578 0.640625 0.644531 0.638672 0.648438 0.638672 0.650391 0.640625 0.652344 0.640625
0 0.888672 0.646484 0.886719 0.646484 0.884766 0.648438 0.880859 0.648438 0.878906 0.646484 0.878906 0.640625 0.880859 0.638672 0.884766 0.638672 0.886719 0.640625 0.888672 0.640625
0 0.335938 0.644531 0.335938 0.648438 0.332031 0.648438 0.330078 0.646484 0.333984 0.642578
0 0.634766 0.654297 0.632812 0.654297 0.630859 0.656250 0.621094 0.656250 0.615234 0.650391 0.615234 0.640625 0.617188 0.638672 0.619141 0.638672 0.619141 0.636719 0.621094 0.634766 0.630859 0.634766 0.636719 0.640625 0.636719 0.650391 0.634766 0.652344
0 0.753906 0.644531 0.753906 0.648438 0.750000 0.648438 0.748047 0.646484 0.751953 0.642578
0 0.207031 0.650391 0.205078 0.650391 0.203125 0.652344 0.199219 0.652344 0.197266 0.650391 0.197266 0.644531 0.199219 0.642578 0.203125 0.642578 0.205078 0.644531 0.207031 0.644531
0 0.449219 0.650391 0.443359 0.656250 0.437500 0.656250 0.431641 0.650391 0.431641 0.644531 0.437500 0.638672 0.443359 0.638672 0.449219 0.644531
0 0.464844 0.646484 0.464844 0.650391 0.460938 0.650391 0.458984 0.648438 0.462891 0.644531
0 0.613281 0.652344 0.611328 0.652344 0.609375 0.654297 0.605469 0.654297 0.603516 0.652344 0.603516 0.646484 0.605469 0.644531 0.609375 0.644531 0.611328 0.646484 0.613281 0.646484
0 0.726562 0.652344 0.724609 0.652344 0.722656 0.654297 0.718750 0.654297 0.716797 0.652344 0.716797 0.646484 0.718750 0.644531 0.722656 0.644531 0.724609 0.646484 0.726562 0.646484
0 0.044922 0.654297 0.042969 0.654297 0.041016 0.656250 0.037109 0.656250 0.035156 0.654297 0.035156 0.648438 0.037109 0.646484 0.041016 0.646484 0.042969 0.648438 0.044922 0.648438
0 0.220703 0.654297 0.218750 0.654297 0.216797 0.656250 0.212891 0.656250 0.210938 0.654297 0.210938 0.648438 0.212891 0.646484 0.216797 0.646484 0.218750 0.648438 0.220703 0.648438
0 0.748047 0.650391 0.748047 0.654297 0.744141 0.654297 0.742188 0.652344 0.746094 0.648438
0 0.089844 0.662109 0.087891 0.662109 0.085938 0.664062 0.076172 0.664062 0.070312 0.658203 0.070312 0.648438 0.072266 0.646484 0.074219 0.646484 0.074219 0.644531 0.076172 0.642578 0.085938 0.642578 0.091797 0.648438 0.091797 0.658203 0.089844 0.660156
0 0.099609 0.662109 0.097656 0.662109 0.095703 0.664062 0.085938 0.664062 0.080078 0.658203 0.080078 0.648438 0.082031 0.646484 0.083984 0.646484 0.083984 0.644531 0.085938 0.642578 0.095703 0.642578 0.101562 0.648438 0.101562 0.658203 0.099609 0.660156
0 0.306641 0.654297 0.304688 0.656250 0.304688 0.658203 0.302734 0.660156 0.296875 0.660156 0.294922 0.658203 0.294922 0.656250 0.292969 0.654297 0.292969 0.652344 0.294922 0.650391 0.294922 0.648438 0.296875 0.646484 0.302734 0.646484 0.304688 0.648438 0.304688 0.650391 0.306641 0.652344
0 0.640625 0.652344 0.640625 0.656250 0.636719 0.656250 0.634766 0.654297 0.638672 0.650391
0 0.232422 0.658203 0.230469 0.658203 0.228516 0.660156 0.224609 0.660156 0.222656 0.658203 0.222656 0.652344 0.224609 0.650391 0.228516 0.650391 0.230469 0.652344 0.232422 0.652344
0 0.478516 0.654297 0.478516 0.658203 0.474609 0.658203 0.472656 0.656250 0.476562 0.652344
0 0.763672 0.658203 0.761719 0.658203 0.759766 0.660156 0.755859 0.660156 0.753906 0.658203 0.753906 0.652344 0.755859 0.650391 0.759766 0.650391 0.761719 0.652344 0.763672 0.652344
0 0.753906 0.656250 0.753906 0.660156 0.750000 0.660156 0.748047 0.658203 0.751953 0.654297
0 0.884766 0.656250 0.884766 0.660156 0.880859 0.660156 0.878906 0.658203 0.882812 0.654297
0 0.650391 0.658203 0.650391 0.662109 0.646484 0.662109 0.644531 0.660156 0.648438 0.656250
0 0.841797 0.658203 0.841797 0.662109 0.837891 0.662109 0.835938 0.660156 0.839844 0.656250
0 0.244141 0.664062 0.242188 0.664062 0.240234 0.666016 0.236328 0.666016 0.234375 0.664062 0.234375 0.658203 0.236328 0.656250 0.240234 0.656250 0.242188 0.658203 0.244141 0.658203
0 0.505859 0.669922 0.503906 0.669922 0.501953 0.671875 0.498047 0.671875 0.496094 0.669922 0.496094 0.664062 0.498047 0.662109 0.501953 0.662109 0.503906 0.664062 0.505859 0.664062
0 0.654297 0.669922 0.648438 0.675781 0.642578 0.675781 0.636719 0.669922 0.636719 0.664062 0.642578 0.658203 0.648438 0.658203 0.654297 0.664062
0 0.613281 0.667969 0.613281 0.671875 0.609375 0.671875 0.607422 0.669922 0.611328 0.666016
0 0.716797 0.669922 0.714844 0.671875 0.714844 0.673828 0.712891 0.675781 0.707031 0.675781 0.705078 0.673828 0.705078 0.671875 0.703125 0.669922 0.703125 0.667969 0.705078 0.666016 0.705078 0.664062 0.707031 0.662109 0.712891 0.662109 0.714844 0.664062 0.714844 0.666016 0.716797 0.667969
0 0.841797 0.667969 0.841797 0.671875 0.837891 0.671875 0.835938 0.669922 0.839844 0.666016
0 0.107422 0.675781 0.101562 0.681641 0.095703 0.681641 0.089844 0.675781 0.089844 0.669922 0.095703 0.664062 0.101562 0.664062 0.107422 0.669922
0 0.253906 0.675781 0.251953 0.675781 0.250000 0.677734 0.246094 0.677734 0.244141 0.675781 0.244141 0.669922 0.246094 0.667969 0.250000 0.667969 0.251953 0.669922 0.253906 0.669922
0 0.289062 0.675781 0.287109 0.675781 0.285156 0.677734 0.281250 0.677734 0.279297 0.675781 0.279297 0.669922 0.281250 0.667969 0.285156 0.667969 0.287109 0.669922 0.289062 0.669922
0 0.378906 0.683594 0.376953 0.683594 0.375000 0.685547 0.365234 0.685547 0.359375 0.679688 0.359375 0.669922 0.361328 0.667969 0.363281 0.667969 0.363281 0.666016 0.365234 0.664062 0.375000 0.664062 0.380859 0.669922 0.380859 0.679688 0.378906 0.681641
0 0.605469 0.673828 0.605469 0.677734 0.601562 0.677734 0.599609 0.675781 0.603516 0.671875
0 0.615234 0.673828 0.615234 0.677734 0.611328 0.677734 0.609375 0.675781 0.613281 0.671875
0 0.314453 0.685547 0.312500 0.685547 0.310547 0.687500 0.300781 0.687500 0.294922 0.681641 0.294922 0.671875 0.296875 0.669922 0.298828 0.669922 0.298828 0.667969 0.300781 0.666016 0.310547 0.666016 0.316406 0.671875 0.316406 0.681641 0.314453 0.683594
0 0.433594 0.677734 0.431641 0.679688 0.431641 0.681641 0.429688 0.683594 0.423828 0.683594 0.421875 0.681641 0.421875 0.679688 0.419922 0.677734 0.419922 0.675781 0.421875 0.673828 0.421875 0.671875 0.423828 0.669922 0.429688 0.669922 0.431641 0.671875 0.431641 0.673828 0.433594 0.675781
0 0.640625 0.675781 0.640625 0.679688 0.636719 0.679688 0.634766 0.677734 0.638672 0.673828
0 0.337891 0.683594 0.332031 0.689453 0.326172 0.689453 0.320312 0.683594 0.320312 0.677734 0.326172 0.671875 0.332031 0.671875 0.337891 0.677734
0 0.701172 0.679688 0.701172 0.683594 0.697266 0.683594 0.695312 0.681641 0.699219 0.677734
0 0.576172 0.685547 0.574219 0.685547 0.572266 0.687500 0.568359 0.687500 0.566406 0.685547 0.566406 0.679688 0.568359 0.677734 0.572266 0.677734 0.574219 0.679688 0.576172 0.679688
0 0.562500 0.687500 0.560547 0.687500 0.558594 0.689453 0.554688 0.689453 0.552734 0.687500 0.552734 0.681641 0.554688 0.679688 0.558594 0.679688 0.560547 0.681641 0.562500 0.681641
0 0.529297 0.695312 0.527344 0.695312 0.525391 0.697266 0.515625 0.697266 0.509766 0.691406 0.509766 0.681641 0.511719 0.679688 0.513672 0.679688 0.513672 0.677734 0.515625 0.675781 0.525391 0.675781 0.531250 0.681641 0.531250 0.691406 0.529297 0.693359
0 0.275391 0.697266 0.273438 0.697266 0.271484 0.699219 0.261719 0.699219 0.255859 0.693359 0.255859 0.683594 0.257812 0.681641 0.259766 0.681641 0.259766 0.679688 0.261719 0.677734 0.271484 0.677734 0.277344 0.683594 0.277344 0.693359 0.275391 0.695312
0 0.648438 0.691406 0.646484 0.691406 0.644531 0.693359 0.640625 0.693359 0.638672 0.691406 0.638672 0.685547 0.640625 0.683594 0.644531 0.683594 0.646484 0.685547 0.648438 0.685547
0 0.753906 0.693359 0.751953 0.693359 0.750000 0.695312 0.746094 0.695312 0.744141 0.693359 0.744141 0.687500 0.746094 0.685547 0.750000 0.685547 0.751953 0.687500 0.753906 0.687500
0 0.626953 0.693359 0.626953 0.697266 0.623047 0.697266 0.621094 0.695312 0.625000 0.691406
0 0.998047 0.701172 0.994141 0.701172 0.992188 0.699219 0.992188 0.697266 0.990234 0.695312 0.990234 0.693359 0.992188 0.691406 0.992188 0.689453 0.994141 0.687500 0.998047 0.687500
0 0.576172 0.695312 0.576172 0.699219 0.572266 0.699219 0.570312 0.697266 0.574219 0.693359
0 0.402344 0.701172 0.400391 0.701172 0.398438 0.703125 0.394531 0.703125 0.392578 0.701172 0.392578 0.695312 0.394531 0.693359 0.398438 0.693359 0.400391 0.695312 0.402344 0.695312
0 0.431641 0.701172 0.429688 0.701172 0.427734 0.703125 0.423828 0.703125 0.421875 0.701172 0.421875 0.695312 0.423828 0.693359 0.427734 0.693359 0.429688 0.695312 0.431641 0.695312
0 0.550781 0.701172 0.548828 0.701172 0.546875 0.703125 0.542969 0.703125 0.541016 0.701172 0.541016 0.695312 0.542969 0.693359 0.546875 0.693359 0.548828 0.695312 0.550781 0.695312
0 0.613281 0.699219 0.613281 0.703125 0.609375 0.703125 0.607422 0.701172 0.611328 0.697266
0 0.642578 0.703125 0.636719 0.708984 0.630859 0.708984 0.625000 0.703125 0.625000 0.697266 0.630859 0.691406 0.636719 0.691406 0.642578 0.697266
0 0.804688 0.701172 0.802734 0.703125 0.802734 0.705078 0.800781 0.707031 0.794922 0.707031 0.792969 0.705078 0.792969 0.703125 0.791016 0.701172 0.791016 0.699219 0.792969 0.697266 0.792969 0.695312 0.794922 0.693359 0.800781 0.693359 0.802734 0.695312 0.802734 0.697266 0.804688 0.699219
0 0.566406 0.703125 0.564453 0.705078 0.564453 0.707031 0.562500 0.708984 0.556641 0.708984 0.554688 0.707031 0.554688 0.705078 0.552734 0.703125 0.552734 0.701172 0.554688 0.699219 0.554688 0.697266 0.556641 0.695312 0.562500 0.695312 0.564453 0.697266 0.564453 0.699219 0.566406 0.701172
0 0.714844 0.701172 0.714844 0.705078 0.710938 0.705078 0.708984 0.703125 0.712891 0.699219
0 0.093750 0.708984 0.087891 0.714844 0.082031 0.714844 0.076172 0.708984 0.076172 0.703125 0.082031 0.697266 0.087891 0.697266 0.093750 0.703125
0 0.623047 0.705078 0.623047 0.708984 0.619141 0.708984 0.617188 0.707031 0.621094 0.703125
0 0.726562 0.705078 0.726562 0.708984 0.722656 0.708984 0.720703 0.707031 0.724609 0.703125
0 0.753906 0.708984 0.751953 0.708984 0.750000 0.710938 0.746094 0.710938 0.744141 0.708984 0.744141 0.703125 0.746094 0.701172 0.750000 0.701172 0.751953 0.703125 0.753906 0.703125
0 0.349609 0.710938 0.347656 0.710938 0.345703 0.712891 0.341797 0.712891 0.339844 0.710938 0.339844 0.705078 0.341797 0.703125 0.345703 0.703125 0.347656 0.705078 0.349609 0.705078
0 0.669922 0.708984 0.667969 0.710938 0.667969 0.712891 0.666016 0.714844 0.660156 0.714844 0.658203 0.712891 0.658203 0.710938 0.656250 0.708984 0.656250 0.707031 0.658203 0.705078 0.658203 0.703125 0.660156 0.701172 0.666016 0.701172 0.667969 0.703125 0.667969 0.705078 0.669922 0.707031
0 0.998047 0.720703 0.992188 0.720703 0.986328 0.714844 0.986328 0.705078 0.988281 0.703125 0.990234 0.703125 0.990234 0.701172 0.992188 0.699219 0.998047 0.699219
0 0.242188 0.712891 0.240234 0.714844 0.240234 0.716797 0.238281 0.718750 0.232422 0.718750 0.230469 0.716797 0.230469 0.714844 0.228516 0.712891 0.228516 0.710938 0.230469 0.708984 0.230469 0.707031 0.232422 0.705078 0.238281 0.705078 0.240234 0.707031 0.240234 0.708984 0.242188 0.710938
0 0.332031 0.712891 0.330078 0.714844 0.330078 0.716797 0.328125 0.718750 0.322266 0.718750 0.320312 0.716797 0.320312 0.714844 0.318359 0.712891 0.318359 0.710938 0.320312 0.708984 0.320312 0.707031 0.322266 0.705078 0.328125 0.705078 0.330078 0.707031 0.330078 0.708984 0.332031 0.710938
0 0.791016 0.714844 0.789062 0.714844 0.787109 0.716797 0.783203 0.716797 0.781250 0.714844 0.781250 0.708984 0.783203 0.707031 0.787109 0.707031 0.789062 0.708984 0.791016 0.708984
0 0.990234 0.712891 0.988281 0.714844 0.988281 0.716797 0.986328 0.718750 0.980469 0.718750 0.978516 0.716797 0.978516 0.714844 0.976562 0.712891 0.976562 0.710938 0.978516 0.708984 0.978516 0.707031 0.980469 0.705078 0.986328 0.705078 0.988281 0.707031 0.988281 0.708984 0.990234 0.710938
0 0.228516 0.716797 0.226562 0.716797 0.224609 0.718750 0.220703 0.718750 0.218750 0.716797 0.218750 0.710938 0.220703 0.708984 0.224609 0.708984 0.226562 0.710938 0.228516 0.710938
0 0.640625 0.712891 0.640625 0.716797 0.636719 0.716797 0.634766 0.714844 0.638672 0.710938
0 0.689453 0.716797 0.687500 0.716797 0.685547 0.718750 0.681641 0.718750 0.679688 0.716797 0.679688 0.710938 0.681641 0.708984 0.685547 0.708984 0.687500 0.710938 0.689453 0.710938
0 0.201172 0.718750 0.199219 0.718750 0.197266 0.720703 0.193359 0.720703 0.191406 0.718750 0.191406 0.712891 0.193359 0.710938 0.197266 0.710938 0.199219 0.712891 0.201172 0.712891
0 0.216797 0.716797 0.214844 0.718750 0.214844 0.720703 0.212891 0.722656 0.207031 0.722656 0.205078 0.720703 0.205078 0.718750 0.203125 0.716797 0.203125 0.714844 0.205078 0.712891 0.205078 0.710938 0.207031 0.708984 0.212891 0.708984 0.214844 0.710938 0.214844 0.712891 0.216797 0.714844
0 0.324219 0.724609 0.322266 0.724609 0.320312 0.726562 0.310547 0.726562 0.304688 0.720703 0.304688 0.710938 0.306641 0.708984 0.308594 0.708984 0.308594 0.707031 0.310547 0.705078 0.320312 0.705078 0.326172 0.710938 0.326172 0.720703 0.324219 0.722656
0 0.541016 0.718750 0.535156 0.724609 0.529297 0.724609 0.523438 0.718750 0.523438 0.712891 0.529297 0.707031 0.535156 0.707031 0.541016 0.712891
0 0.744141 0.716797 0.742188 0.718750 0.742188 0.720703 0.740234 0.722656 0.734375 0.722656 0.732422 0.720703 0.732422 0.718750 0.730469 0.716797 0.730469 0.714844 0.732422 0.712891 0.732422 0.710938 0.734375 0.708984 0.740234 0.708984 0.742188 0.710938 0.742188 0.712891 0.744141 0.714844
0 0.757812 0.714844 0.757812 0.718750 0.753906 0.718750 0.751953 0.716797 0.755859 0.712891
0 0.162109 0.720703 0.160156 0.720703 0.158203 0.722656 0.154297 0.722656 0.152344 0.720703 0.152344 0.714844 0.154297 0.712891 0.158203 0.712891 0.160156 0.714844 0.162109 0.714844
0 0.458984 0.720703 0.453125 0.726562 0.447266 0.726562 0.441406 0.720703 0.441406 0.714844 0.447266 0.708984 0.453125 0.708984 0.458984 0.714844
0 0.574219 0.726562 0.572266 0.726562 0.570312 0.728516 0.560547 0.728516 0.554688 0.722656 0.554688 0.712891 0.556641 0.710938 0.558594 0.710938 0.558594 0.708984 0.560547 0.707031 0.570312 0.707031 0.576172 0.712891 0.576172 0.722656 0.574219 0.724609
0 0.818359 0.718750 0.816406 0.720703 0.816406 0.722656 0.814453 0.724609 0.808594 0.724609 0.806641 0.722656 0.806641 0.720703 0.804688 0.718750 0.804688 0.716797 0.806641 0.714844 0.806641 0.712891 0.808594 0.710938 0.814453 0.710938 0.816406 0.712891 0.816406 0.714844 0.818359 0.716797
0 0.179688 0.722656 0.177734 0.722656 0.175781 0.724609 0.171875 0.724609 0.169922 0.722656 0.169922 0.716797 0.171875 0.714844 0.175781 0.714844 0.177734 0.716797 0.179688 0.716797
0 0.150391 0.724609 0.148438 0.724609 0.146484 0.726562 0.142578 0.726562 0.140625 0.724609 0.140625 0.718750 0.142578 0.716797 0.146484 0.716797 0.148438 0.718750 0.150391 0.718750
0 0.408203 0.722656 0.406250 0.724609 0.406250 0.726562 0.404297 0.728516 0.398438 0.728516 0.396484 0.726562 0.396484 0.724609 0.394531 0.722656 0.394531 0.720703 0.396484 0.718750 0.396484 0.716797 0.398438 0.714844 0.404297 0.714844 0.406250 0.716797 0.406250 0.718750 0.408203 0.720703
0 0.341797 0.726562 0.339844 0.726562 0.337891 0.728516 0.333984 0.728516 0.332031 0.726562 0.332031 0.720703 0.333984 0.718750 0.337891 0.718750 0.339844 0.720703 0.341797 0.720703
0 0.650391 0.722656 0.650391 0.726562 0.646484 0.726562 0.644531 0.724609 0.648438 0.720703
0 0.701172 0.724609 0.701172 0.728516 0.697266 0.728516 0.695312 0.726562 0.699219 0.722656
0 0.794922 0.728516 0.792969 0.728516 0.791016 0.730469 0.787109 0.730469 0.785156 0.728516 0.785156 0.722656 0.787109 0.720703 0.791016 0.720703 0.792969 0.722656 0.794922 0.722656
0 0.515625 0.730469 0.513672 0.730469 0.511719 0.732422 0.507812 0.732422 0.505859 0.730469 0.505859 0.724609 0.507812 0.722656 0.511719 0.722656 0.513672 0.724609 0.515625 0.724609
0 0.759766 0.728516 0.757812 0.730469 0.757812 0.732422 0.755859 0.734375 0.750000 0.734375 0.748047 0.732422 0.748047 0.730469 0.746094 0.728516 0.746094 0.726562 0.748047 0.724609 0.748047 0.722656 0.750000 0.720703 0.755859 0.720703 0.757812 0.722656 0.757812 0.724609 0.759766 0.726562
0 0.556641 0.738281 0.554688 0.738281 0.552734 0.740234 0.542969 0.740234 0.537109 0.734375 0.537109 0.724609 0.539062 0.722656 0.541016 0.722656 0.541016 0.720703 0.542969 0.718750 0.552734 0.718750 0.558594 0.724609 0.558594 0.734375 0.556641 0.736328
0 0.580078 0.732422 0.578125 0.732422 0.576172 0.734375 0.572266 0.734375 0.570312 0.732422 0.570312 0.726562 0.572266 0.724609 0.576172 0.724609 0.578125 0.726562 0.580078 0.726562
0 0.744141 0.728516 0.744141 0.732422 0.740234 0.732422 0.738281 0.730469 0.742188 0.726562
0 0.804688 0.732422 0.802734 0.732422 0.800781 0.734375 0.796875 0.734375 0.794922 0.732422 0.794922 0.726562 0.796875 0.724609 0.800781 0.724609 0.802734 0.726562 0.804688 0.726562
0 0.277344 0.734375 0.275391 0.734375 0.273438 0.736328 0.269531 0.736328 0.267578 0.734375 0.267578 0.728516 0.269531 0.726562 0.273438 0.726562 0.275391 0.728516 0.277344 0.728516
0 0.529297 0.740234 0.527344 0.740234 0.525391 0.742188 0.515625 0.742188 0.509766 0.736328 0.509766 0.726562 0.511719 0.724609 0.513672 0.724609 0.513672 0.722656 0.515625 0.720703 0.525391 0.720703 0.531250 0.726562 0.531250 0.736328 0.529297 0.738281
0 0.619141 0.730469 0.619141 0.734375 0.615234 0.734375 0.613281 0.732422 0.617188 0.728516
0 0.986328 0.730469 0.986328 0.734375 0.982422 0.734375 0.980469 0.732422 0.984375 0.728516
0 0.259766 0.736328 0.257812 0.736328 0.255859 0.738281 0.251953 0.738281 0.250000 0.736328 0.250000 0.730469 0.251953 0.728516 0.255859 0.728516 0.257812 0.730469 0.259766 0.730469
0 0.384766 0.738281 0.382812 0.738281 0.380859 0.740234 0.376953 0.740234 0.375000 0.738281 0.375000 0.732422 0.376953 0.730469 0.380859 0.730469 0.382812 0.732422 0.384766 0.732422
0 0.087891 0.746094 0.085938 0.746094 0.083984 0.748047 0.074219 0.748047 0.068359 0.742188 0.068359 0.732422 0.070312 0.730469 0.072266 0.730469 0.072266 0.728516 0.074219 0.726562 0.083984 0.726562 0.089844 0.732422 0.089844 0.742188 0.087891 0.744141
0 0.132812 0.740234 0.126953 0.746094 0.121094 0.746094 0.115234 0.740234 0.115234 0.734375 0.121094 0.728516 0.126953 0.728516 0.132812 0.734375
0 0.613281 0.736328 0.613281 0.740234 0.609375 0.740234 0.607422 0.738281 0.611328 0.734375
0 0.625000 0.736328 0.625000 0.740234 0.621094 0.740234 0.619141 0.738281 0.623047 0.734375
0 0.675781 0.736328 0.675781 0.740234 0.671875 0.740234 0.669922 0.738281 0.673828 0.734375
0 0.794922 0.736328 0.794922 0.740234 0.791016 0.740234 0.789062 0.738281 0.792969 0.734375
0 0.281250 0.748047 0.279297 0.748047 0.277344 0.750000 0.267578 0.750000 0.261719 0.744141 0.261719 0.734375 0.263672 0.732422 0.265625 0.732422 0.265625 0.730469 0.267578 0.728516 0.277344 0.728516 0.283203 0.734375 0.283203 0.744141 0.281250 0.746094
0 0.708984 0.738281 0.708984 0.742188 0.705078 0.742188 0.703125 0.740234 0.707031 0.736328
0 0.738281 0.738281 0.738281 0.742188 0.734375 0.742188 0.732422 0.740234 0.736328 0.736328
0 0.332031 0.742188 0.330078 0.744141 0.330078 0.746094 0.328125 0.748047 0.322266 0.748047 0.320312 0.746094 0.320312 0.744141 0.318359 0.742188 0.318359 0.740234 0.320312 0.738281 0.320312 0.736328 0.322266 0.734375 0.328125 0.734375 0.330078 0.736328 0.330078 0.738281 0.332031 0.740234
0 0.714844 0.740234 0.714844 0.744141 0.710938 0.744141 0.708984 0.742188 0.712891 0.738281
0 0.726562 0.742188 0.724609 0.744141 0.724609 0.746094 0.722656 0.748047 0.716797 0.748047 0.714844 0.746094 0.714844 0.744141 0.712891 0.742188 0.712891 0.740234 0.714844 0.738281 0.714844 0.736328 0.716797 0.734375 0.722656 0.734375 0.724609 0.736328 0.724609 0.738281 0.726562 0.740234
0 0.619141 0.742188 0.619141 0.746094 0.615234 0.746094 0.613281 0.744141 0.617188 0.740234
0 0.587891 0.748047 0.585938 0.748047 0.583984 0.750000 0.580078 0.750000 0.578125 0.748047 0.578125 0.742188 0.580078 0.740234 0.583984 0.740234 0.585938 0.742188 0.587891 0.742188
0 0.667969 0.746094 0.666016 0.748047 0.666016 0.750000 0.664062 0.751953 0.658203 0.751953 0.656250 0.750000 0.656250 0.748047 0.654297 0.746094 0.654297 0.744141 0.656250 0.742188 0.656250 0.740234 0.658203 0.738281 0.664062 0.738281 0.666016 0.740234 0.666016 0.742188 0.667969 0.744141
0 0.730469 0.744141 0.730469 0.748047 0.726562 0.748047 0.724609 0.746094 0.728516 0.742188
0 0.708984 0.748047 0.708984 0.751953 0.705078 0.751953 0.703125 0.750000 0.707031 0.746094
0 0.833984 0.748047 0.833984 0.751953 0.830078 0.751953 0.828125 0.750000 0.832031 0.746094
0 0.525391 0.751953 0.523438 0.753906 0.523438 0.755859 0.521484 0.757812 0.515625 0.757812 0.513672 0.755859 0.513672 0.753906 0.511719 0.751953 0.511719 0.750000 0.513672 0.748047 0.513672 0.746094 0.515625 0.744141 0.521484 0.744141 0.523438 0.746094 0.523438 0.748047 0.525391 0.750000
0 0.564453 0.753906 0.562500 0.753906 0.560547 0.755859 0.556641 0.755859 0.554688 0.753906 0.554688 0.748047 0.556641 0.746094 0.560547 0.746094 0.562500 0.748047 0.564453 0.748047
0 0.824219 0.750000 0.824219 0.753906 0.820312 0.753906 0.818359 0.751953 0.822266 0.748047
0 0.576172 0.755859 0.574219 0.755859 0.572266 0.757812 0.568359 0.757812 0.566406 0.755859 0.566406 0.750000 0.568359 0.748047 0.572266 0.748047 0.574219 0.750000 0.576172 0.750000
0 0.839844 0.751953 0.839844 0.755859 0.835938 0.755859 0.833984 0.753906 0.837891 0.750000
0 0.306641 0.755859 0.304688 0.757812 0.304688 0.759766 0.302734 0.761719 0.296875 0.761719 0.294922 0.759766 0.294922 0.757812 0.292969 0.755859 0.292969 0.753906 0.294922 0.751953 0.294922 0.750000 0.296875 0.748047 0.302734 0.748047 0.304688 0.750000 0.304688 0.751953 0.306641 0.753906
0 0.455078 0.757812 0.449219 0.763672 0.443359 0.763672 0.437500 0.757812 0.437500 0.751953 0.443359 0.746094 0.449219 0.746094 0.455078 0.751953
0 0.500000 0.755859 0.498047 0.757812 0.498047 0.759766 0.496094 0.761719 0.490234 0.761719 0.488281 0.759766 0.488281 0.757812 0.486328 0.755859 0.486328 0.753906 0.488281 0.751953 0.488281 0.750000 0.490234 0.748047 0.496094 0.748047 0.498047 0.750000 0.498047 0.751953 0.500000 0.753906
0 0.669922 0.753906 0.669922 0.757812 0.666016 0.757812 0.664062 0.755859 0.667969 0.751953
0 0.546875 0.759766 0.544922 0.759766 0.542969 0.761719 0.539062 0.761719 0.537109 0.759766 0.537109 0.753906 0.539062 0.751953 0.542969 0.751953 0.544922 0.753906 0.546875 0.753906
0 0.658203 0.761719 0.656250 0.761719 0.654297 0.763672 0.650391 0.763672 0.648438 0.761719 0.648438 0.755859 0.650391 0.753906 0.654297 0.753906 0.656250 0.755859 0.658203 0.755859
0 0.833984 0.757812 0.833984 0.761719 0.830078 0.761719 0.828125 0.759766 0.832031 0.755859
0 0.601562 0.761719 0.601562 0.765625 0.597656 0.765625 0.595703 0.763672 0.599609 0.759766
0 0.330078 0.767578 0.324219 0.773438 0.318359 0.773438 0.312500 0.767578 0.312500 0.761719 0.318359 0.755859 0.324219 0.755859 0.330078 0.761719
0 0.851562 0.765625 0.851562 0.769531 0.847656 0.769531 0.845703 0.767578 0.849609 0.763672
0 0.085938 0.777344 0.083984 0.777344 0.082031 0.779297 0.072266 0.779297 0.066406 0.773438 0.066406 0.763672 0.068359 0.761719 0.070312 0.761719 0.070312 0.759766 0.072266 0.757812 0.082031 0.757812 0.087891 0.763672 0.087891 0.773438 0.085938 0.775391
0 0.302734 0.777344 0.300781 0.777344 0.298828 0.779297 0.289062 0.779297 0.283203 0.773438 0.283203 0.763672 0.285156 0.761719 0.287109 0.761719 0.287109 0.759766 0.289062 0.757812 0.298828 0.757812 0.304688 0.763672 0.304688 0.773438 0.302734 0.775391
0 0.531250 0.767578 0.531250 0.771484 0.527344 0.771484 0.525391 0.769531 0.529297 0.765625
0 0.425781 0.769531 0.425781 0.773438 0.421875 0.773438 0.419922 0.771484 0.423828 0.767578
0 0.414062 0.773438 0.414062 0.777344 0.410156 0.777344 0.408203 0.775391 0.412109 0.771484
0 0.421875 0.775391 0.421875 0.779297 0.417969 0.779297 0.416016 0.777344 0.419922 0.773438
0 0.484375 0.777344 0.482422 0.779297 0.482422 0.781250 0.480469 0.783203 0.474609 0.783203 0.472656 0.781250 0.472656 0.779297 0.470703 0.777344 0.470703 0.775391 0.472656 0.773438 0.472656 0.771484 0.474609 0.769531 0.480469 0.769531 0.482422 0.771484 0.482422 0.773438 0.484375 0.775391
0 0.658203 0.775391 0.658203 0.779297 0.654297 0.779297 0.652344 0.777344 0.656250 0.773438
0 0.810547 0.775391 0.810547 0.779297 0.806641 0.779297 0.804688 0.777344 0.808594 0.773438
0 0.300781 0.779297 0.298828 0.781250 0.298828 0.783203 0.296875 0.785156 0.291016 0.785156 0.289062 0.783203 0.289062 0.781250 0.287109 0.779297 0.287109 0.777344 0.289062 0.775391 0.289062 0.773438 0.291016 0.771484 0.296875 0.771484 0.298828 0.773438 0.298828 0.775391 0.300781 0.777344
0 0.509766 0.777344 0.509766 0.781250 0.505859 0.781250 0.503906 0.779297 0.507812 0.775391
0 0.650391 0.781250 0.648438 0.781250 0.646484 0.783203 0.642578 0.783203 0.640625 0.781250 0.640625 0.775391 0.642578 0.773438 0.646484 0.773438 0.648438 0.775391 0.650391 0.775391
0 0.089844 0.783203 0.087891 0.783203 0.085938 0.785156 0.082031 0.785156 0.080078 0.783203 0.080078 0.777344 0.082031 0.775391 0.085938 0.775391 0.087891 0.777344 0.089844 0.777344
0 0.322266 0.783203 0.320312 0.783203 0.318359 0.785156 0.314453 0.785156 0.312500 0.783203 0.312500 0.777344 0.314453 0.775391 0.318359 0.775391 0.320312 0.777344 0.322266 0.777344
0 0.341797 0.783203 0.339844 0.783203 0.337891 0.785156 0.333984 0.785156 0.332031 0.783203 0.332031 0.777344 0.333984 0.775391 0.337891 0.775391 0.339844 0.777344 0.341797 0.777344
0 0.623047 0.779297 0.623047 0.783203 0.619141 0.783203 0.617188 0.781250 0.621094 0.777344
0 0.761719 0.785156 0.759766 0.785156 0.757812 0.787109 0.753906 0.787109 0.751953 0.785156 0.751953 0.779297 0.753906 0.777344 0.757812 0.777344 0.759766 0.779297 0.761719 0.779297
0 0.804688 0.781250 0.804688 0.785156 0.800781 0.785156 0.798828 0.783203 0.802734 0.779297
0 0.501953 0.783203 0.501953 0.787109 0.498047 0.787109 0.496094 0.785156 0.500000 0.781250
0 0.816406 0.783203 0.816406 0.787109 0.812500 0.787109 0.810547 0.785156 0.814453 0.781250
0 0.111328 0.789062 0.109375 0.789062 0.107422 0.791016 0.103516 0.791016 0.101562 0.789062 0.101562 0.783203 0.103516 0.781250 0.107422 0.781250 0.109375 0.783203 0.111328 0.783203
0 0.353516 0.785156 0.353516 0.789062 0.349609 0.789062 0.347656 0.787109 0.351562 0.783203
0 0.517578 0.785156 0.517578 0.789062 0.513672 0.789062 0.511719 0.787109 0.515625 0.783203
0 0.619141 0.785156 0.619141 0.789062 0.615234 0.789062 0.613281 0.787109 0.617188 0.783203
0 0.636719 0.789062 0.634766 0.789062 0.632812 0.791016 0.628906 0.791016 0.626953 0.789062 0.626953 0.783203 0.628906 0.781250 0.632812 0.781250 0.634766 0.783203 0.636719 0.783203
0 0.666016 0.796875 0.664062 0.796875 0.662109 0.798828 0.652344 0.798828 0.646484 0.792969 0.646484 0.783203 0.648438 0.781250 0.650391 0.781250 0.650391 0.779297 0.652344 0.777344 0.662109 0.777344 0.667969 0.783203 0.667969 0.792969 0.666016 0.794922
0 0.341797 0.789062 0.341797 0.792969 0.337891 0.792969 0.335938 0.791016 0.339844 0.787109
0 0.769531 0.791016 0.767578 0.792969 0.767578 0.794922 0.765625 0.796875 0.759766 0.796875 0.757812 0.794922 0.757812 0.792969 0.755859 0.791016 0.755859 0.789062 0.757812 0.787109 0.757812 0.785156 0.759766 0.783203 0.765625 0.783203 0.767578 0.785156 0.767578 0.787109 0.769531 0.789062
0 0.722656 0.791016 0.722656 0.794922 0.718750 0.794922 0.716797 0.792969 0.720703 0.789062
0 0.742188 0.792969 0.740234 0.794922 0.740234 0.796875 0.738281 0.798828 0.732422 0.798828 0.730469 0.796875 0.730469 0.794922 0.728516 0.792969 0.728516 0.791016 0.730469 0.789062 0.730469 0.787109 0.732422 0.785156 0.738281 0.785156 0.740234 0.787109 0.740234 0.789062 0.742188 0.791016
0 0.291016 0.794922 0.289062 0.796875 0.289062 0.798828 0.287109 0.800781 0.281250 0.800781 0.279297 0.798828 0.279297 0.796875 0.277344 0.794922 0.277344 0.792969 0.279297 0.791016 0.279297 0.789062 0.281250 0.787109 0.287109 0.787109 0.289062 0.789062 0.289062 0.791016 0.291016 0.792969
0 0.753906 0.800781 0.751953 0.800781 0.750000 0.802734 0.746094 0.802734 0.744141 0.800781 0.744141 0.794922 0.746094 0.792969 0.750000 0.792969 0.751953 0.794922 0.753906 0.794922
0 0.781250 0.798828 0.781250 0.802734 0.777344 0.802734 0.775391 0.800781 0.779297 0.796875
0 0.625000 0.802734 0.623047 0.804688 0.623047 0.806641 0.621094 0.808594 0.615234 0.808594 0.613281 0.806641 0.613281 0.804688 0.611328 0.802734 0.611328 0.800781 0.613281 0.798828 0.613281 0.796875 0.615234 0.794922 0.621094 0.794922 0.623047 0.796875 0.623047 0.798828 0.625000 0.800781
0 0.730469 0.800781 0.730469 0.804688 0.726562 0.804688 0.724609 0.802734 0.728516 0.798828
0 0.765625 0.804688 0.759766 0.810547 0.753906 0.810547 0.748047 0.804688 0.748047 0.798828 0.753906 0.792969 0.759766 0.792969 0.765625 0.798828
0 0.310547 0.804688 0.308594 0.806641 0.308594 0.808594 0.306641 0.810547 0.300781 0.810547 0.298828 0.808594 0.298828 0.806641 0.296875 0.804688 0.296875 0.802734 0.298828 0.800781 0.298828 0.798828 0.300781 0.796875 0.306641 0.796875 0.308594 0.798828 0.308594 0.800781 0.310547 0.802734
0 0.281250 0.808594 0.279297 0.808594 0.277344 0.810547 0.273438 0.810547 0.271484 0.808594 0.271484 0.802734 0.273438 0.800781 0.277344 0.800781 0.279297 0.802734 0.281250 0.802734
0 0.613281 0.806641 0.613281 0.810547 0.609375 0.810547 0.607422 0.808594 0.611328 0.804688
0 0.958984 0.806641 0.958984 0.810547 0.955078 0.810547 0.953125 0.808594 0.957031 0.804688
0 0.658203 0.812500 0.656250 0.812500 0.654297 0.814453 0.650391 0.814453 0.648438 0.812500 0.648438 0.806641 0.650391 0.804688 0.654297 0.804688 0.656250 0.806641 0.658203 0.806641
0 0.773438 0.810547 0.771484 0.812500 0.771484 0.814453 0.769531 0.816406 0.763672 0.816406 0.761719 0.814453 0.761719 0.812500 0.759766 0.810547 0.759766 0.808594 0.761719 0.806641 0.761719 0.804688 0.763672 0.802734 0.769531 0.802734 0.771484 0.804688 0.771484 0.806641 0.773438 0.808594
0 0.839844 0.808594 0.839844 0.812500 0.835938 0.812500 0.833984 0.810547 0.837891 0.806641
0 0.929688 0.812500 0.929688 0.816406 0.925781 0.816406 0.923828 0.814453 0.927734 0.810547
0 0.962891 0.812500 0.962891 0.816406 0.958984 0.816406 0.957031 0.814453 0.960938 0.810547
0 0.662109 0.816406 0.662109 0.820312 0.658203 0.820312 0.656250 0.818359 0.660156 0.814453
0 0.669922 0.816406 0.669922 0.820312 0.666016 0.820312 0.664062 0.818359 0.667969 0.814453
0 0.939453 0.818359 0.939453 0.822266 0.935547 0.822266 0.933594 0.820312 0.937500 0.816406
0 0.304688 0.824219 0.302734 0.824219 0.300781 0.826172 0.296875 0.826172 0.294922 0.824219 0.294922 0.818359 0.296875 0.816406 0.300781 0.816406 0.302734 0.818359 0.304688 0.818359
0 0.615234 0.820312 0.615234 0.824219 0.611328 0.824219 0.609375 0.822266 0.613281 0.818359
0 0.443359 0.822266 0.443359 0.826172 0.439453 0.826172 0.437500 0.824219 0.441406 0.820312
0 0.632812 0.824219 0.630859 0.826172 0.630859 0.828125 0.628906 0.830078 0.623047 0.830078 0.621094 0.828125 0.621094 0.826172 0.619141 0.824219 0.619141 0.822266 0.621094 0.820312 0.621094 0.818359 0.623047 0.816406 0.628906 0.816406 0.630859 0.818359 0.630859 0.820312 0.632812 0.822266
0 0.687500 0.832031 0.685547 0.832031 0.683594 0.833984 0.673828 0.833984 0.667969 0.828125 0.667969 0.818359 0.669922 0.816406 0.671875 0.816406 0.671875 0.814453 0.673828 0.812500 0.683594 0.812500 0.689453 0.818359 0.689453 0.828125 0.687500 0.830078
0 0.919922 0.822266 0.919922 0.826172 0.916016 0.826172 0.914062 0.824219 0.917969 0.820312
0 0.279297 0.828125 0.277344 0.828125 0.275391 0.830078 0.271484 0.830078 0.269531 0.828125 0.269531 0.822266 0.271484 0.820312 0.275391 0.820312 0.277344 0.822266 0.279297 0.822266
0 0.453125 0.824219 0.453125 0.828125 0.449219 0.828125 0.447266 0.826172 0.451172 0.822266
0 0.626953 0.828125 0.625000 0.830078 0.625000 0.832031 0.623047 0.833984 0.617188 0.833984 0.615234 0.832031 0.615234 0.830078 0.613281 0.828125 0.613281 0.826172 0.615234 0.824219 0.615234 0.822266 0.617188 0.820312 0.623047 0.820312 0.625000 0.822266 0.625000 0.824219 0.626953 0.826172
0 0.443359 0.828125 0.443359 0.832031 0.439453 0.832031 0.437500 0.830078 0.441406 0.826172
0 0.531250 0.832031 0.529297 0.832031 0.527344 0.833984 0.523438 0.833984 0.521484 0.832031 0.521484 0.826172 0.523438 0.824219 0.527344 0.824219 0.529297 0.826172 0.531250 0.826172
0 0.998047 0.837891 0.994141 0.837891 0.988281 0.832031 0.988281 0.826172 0.994141 0.820312 0.998047 0.820312
0 0.941406 0.833984 0.939453 0.833984 0.937500 0.835938 0.933594 0.835938 0.931641 0.833984 0.931641 0.828125 0.933594 0.826172 0.937500 0.826172 0.939453 0.828125 0.941406 0.828125
0 0.773438 0.832031 0.773438 0.835938 0.769531 0.835938 0.767578 0.833984 0.771484 0.830078
0 0.833984 0.833984 0.832031 0.835938 0.832031 0.837891 0.830078 0.839844 0.824219 0.839844 0.822266 0.837891 0.822266 0.835938 0.820312 0.833984 0.820312 0.832031 0.822266 0.830078 0.822266 0.828125 0.824219 0.826172 0.830078 0.826172 0.832031 0.828125 0.832031 0.830078 0.833984 0.832031
0 0.808594 0.835938 0.806641 0.837891 0.806641 0.839844 0.804688 0.841797 0.798828 0.841797 0.796875 0.839844 0.796875 0.837891 0.794922 0.835938 0.794922 0.833984 0.796875 0.832031 0.796875 0.830078 0.798828 0.828125 0.804688 0.828125 0.806641 0.830078 0.806641 0.832031 0.808594 0.833984
0 0.529297 0.839844 0.527344 0.839844 0.525391 0.841797 0.521484 0.841797 0.519531 0.839844 0.519531 0.833984 0.521484 0.832031 0.525391 0.832031 0.527344 0.833984 0.529297 0.833984
0 0.716797 0.837891 0.714844 0.839844 0.714844 0.841797 0.712891 0.843750 0.707031 0.843750 0.705078 0.841797 0.705078 0.839844 0.703125 0.837891 0.703125 0.835938 0.705078 0.833984 0.705078 0.832031 0.707031 0.830078 0.712891 0.830078 0.714844 0.832031 0.714844 0.833984 0.716797 0.835938
0 0.927734 0.839844 0.925781 0.839844 0.923828 0.841797 0.919922 0.841797 0.917969 0.839844 0.917969 0.833984 0.919922 0.832031 0.923828 0.832031 0.925781 0.833984 0.927734 0.833984
0 0.265625 0.839844 0.263672 0.841797 0.263672 0.843750 0.261719 0.845703 0.255859 0.845703 0.253906 0.843750 0.253906 0.841797 0.251953 0.839844 0.251953 0.837891 0.253906 0.835938 0.253906 0.833984 0.255859 0.832031 0.261719 0.832031 0.263672 0.833984 0.263672 0.835938 0.265625 0.837891
0 0.541016 0.837891 0.541016 0.841797 0.537109 0.841797 0.535156 0.839844 0.539062 0.835938
0 0.623047 0.841797 0.621094 0.841797 0.619141 0.843750 0.615234 0.843750 0.613281 0.841797 0.613281 0.835938 0.615234 0.833984 0.619141 0.833984 0.621094 0.835938 0.623047 0.835938
0 0.779297 0.837891 0.779297 0.841797 0.775391 0.841797 0.773438 0.839844 0.777344 0.835938
0 0.800781 0.853516 0.798828 0.853516 0.796875 0.855469 0.787109 0.855469 0.781250 0.849609 0.781250 0.839844 0.783203 0.837891 0.785156 0.837891 0.785156 0.835938 0.787109 0.833984 0.796875 0.833984 0.802734 0.839844 0.802734 0.849609 0.800781 0.851562
0 0.287109 0.847656 0.285156 0.849609 0.285156 0.851562 0.283203 0.853516 0.277344 0.853516 0.275391 0.851562 0.275391 0.849609 0.273438 0.847656 0.273438 0.845703 0.275391 0.843750 0.275391 0.841797 0.277344 0.839844 0.283203 0.839844 0.285156 0.841797 0.285156 0.843750 0.287109 0.845703
0 0.490234 0.845703 0.490234 0.849609 0.486328 0.849609 0.484375 0.847656 0.488281 0.843750
0 0.765625 0.849609 0.763672 0.849609 0.761719 0.851562 0.757812 0.851562 0.755859 0.849609 0.755859 0.843750 0.757812 0.841797 0.761719 0.841797 0.763672 0.843750 0.765625 0.843750
0 0.863281 0.849609 0.857422 0.855469 0.851562 0.855469 0.845703 0.849609 0.845703 0.843750 0.851562 0.837891 0.857422 0.837891 0.863281 0.843750
0 0.972656 0.855469 0.970703 0.855469 0.968750 0.857422 0.958984 0.857422 0.953125 0.851562 0.953125 0.841797 0.955078 0.839844 0.957031 0.839844 0.957031 0.837891 0.958984 0.835938 0.968750 0.835938 0.974609 0.841797 0.974609 0.851562 0.972656 0.853516
0 0.992188 0.849609 0.990234 0.849609 0.988281 0.851562 0.984375 0.851562 0.982422 0.849609 0.982422 0.843750 0.984375 0.841797 0.988281 0.841797 0.990234 0.843750 0.992188 0.843750
0 0.246094 0.851562 0.244141 0.851562 0.242188 0.853516 0.238281 0.853516 0.236328 0.851562 0.236328 0.845703 0.238281 0.843750 0.242188 0.843750 0.244141 0.845703 0.246094 0.845703
0 0.646484 0.851562 0.644531 0.851562 0.642578 0.853516 0.638672 0.853516 0.636719 0.851562 0.636719 0.845703 0.638672 0.843750 0.642578 0.843750 0.644531 0.845703 0.646484 0.845703
0 0.998047 0.861328 0.992188 0.861328 0.986328 0.855469 0.986328 0.845703 0.988281 0.843750 0.990234 0.843750 0.990234 0.841797 0.992188 0.839844 0.998047 0.839844
0 0.359375 0.851562 0.359375 0.855469 0.355469 0.855469 0.353516 0.853516 0.357422 0.849609
0 0.777344 0.851562 0.777344 0.855469 0.773438 0.855469 0.771484 0.853516 0.775391 0.849609
0 0.806641 0.853516 0.804688 0.855469 0.804688 0.857422 0.802734 0.859375 0.796875 0.859375 0.794922 0.857422 0.794922 0.855469 0.792969 0.853516 0.792969 0.851562 0.794922 0.849609 0.794922 0.847656 0.796875 0.845703 0.802734 0.845703 0.804688 0.847656 0.804688 0.849609 0.806641 0.851562
0 0.921875 0.851562 0.921875 0.855469 0.917969 0.855469 0.916016 0.853516 0.919922 0.849609
0 0.943359 0.855469 0.941406 0.855469 0.939453 0.857422 0.935547 0.857422 0.933594 0.855469 0.933594 0.849609 0.935547 0.847656 0.939453 0.847656 0.941406 0.849609 0.943359 0.849609
0 0.960938 0.855469 0.958984 0.855469 0.957031 0.857422 0.953125 0.857422 0.951172 0.855469 0.951172 0.849609 0.953125 0.847656 0.957031 0.847656 0.958984 0.849609 0.960938 0.849609
0 0.275391 0.857422 0.273438 0.857422 0.271484 0.859375 0.267578 0.859375 0.265625 0.857422 0.265625 0.851562 0.267578 0.849609 0.271484 0.849609 0.273438 0.851562 0.275391 0.851562
0 0.705078 0.855469 0.703125 0.857422 0.703125 0.859375 0.701172 0.861328 0.695312 0.861328 0.693359 0.859375 0.693359 0.857422 0.691406 0.855469 0.691406 0.853516 0.693359 0.851562 0.693359 0.849609 0.695312 0.847656 0.701172 0.847656 0.703125 0.849609 0.703125 0.851562 0.705078 0.853516
0 0.638672 0.857422 0.636719 0.859375 0.636719 0.861328 0.634766 0.863281 0.628906 0.863281 0.626953 0.861328 0.626953 0.859375 0.625000 0.857422 0.625000 0.855469 0.626953 0.853516 0.626953 0.851562 0.628906 0.849609 0.634766 0.849609 0.636719 0.851562 0.636719 0.853516 0.638672 0.855469
0 0.671875 0.855469 0.671875 0.859375 0.667969 0.859375 0.666016 0.857422 0.669922 0.853516
0 0.835938 0.857422 0.833984 0.859375 0.833984 0.861328 0.832031 0.863281 0.826172 0.863281 0.824219 0.861328 0.824219 0.859375 0.822266 0.857422 0.822266 0.855469 0.824219 0.853516 0.824219 0.851562 0.826172 0.849609 0.832031 0.849609 0.833984 0.851562 0.833984 0.853516 0.835938 0.855469
0 0.484375 0.859375 0.482422 0.861328 0.482422 0.863281 0.480469 0.865234 0.474609 0.865234 0.472656 0.863281 0.472656 0.861328 0.470703 0.859375 0.470703 0.857422 0.472656 0.855469 0.472656 0.853516 0.474609 0.851562 0.480469 0.851562 0.482422 0.853516 0.482422 0.855469 0.484375 0.857422
0 0.878906 0.861328 0.876953 0.861328 0.875000 0.863281 0.871094 0.863281 0.869141 0.861328 0.869141 0.855469 0.871094 0.853516 0.875000 0.853516 0.876953 0.855469 0.878906 0.855469
0 0.173828 0.861328 0.171875 0.863281 0.171875 0.865234 0.169922 0.867188 0.164062 0.867188 0.162109 0.865234 0.162109 0.863281 0.160156 0.861328 0.160156 0.859375 0.162109 0.857422 0.162109 0.855469 0.164062 0.853516 0.169922 0.853516 0.171875 0.855469 0.171875 0.857422 0.173828 0.859375
0 0.460938 0.859375 0.460938 0.863281 0.457031 0.863281 0.455078 0.861328 0.458984 0.857422
0 0.755859 0.859375 0.755859 0.863281 0.751953 0.863281 0.750000 0.861328 0.753906 0.857422
0 0.417969 0.861328 0.417969 0.865234 0.414062 0.865234 0.412109 0.863281 0.416016 0.859375
0 0.732422 0.863281 0.732422 0.867188 0.728516 0.867188 0.726562 0.865234 0.730469 0.861328
0 0.191406 0.867188 0.189453 0.869141 0.189453 0.871094 0.187500 0.873047 0.181641 0.873047 0.179688 0.871094 0.179688 0.869141 0.177734 0.867188 0.177734 0.865234 0.179688 0.863281 0.179688 0.861328 0.181641 0.859375 0.187500 0.859375 0.189453 0.861328 0.189453 0.863281 0.191406 0.865234
0 0.224609 0.869141 0.222656 0.869141 0.220703 0.871094 0.216797 0.871094 0.214844 0.869141 0.214844 0.863281 0.216797 0.861328 0.220703 0.861328 0.222656 0.863281 0.224609 0.863281
0 0.814453 0.867188 0.812500 0.869141 0.812500 0.871094 0.810547 0.873047 0.804688 0.873047 0.802734 0.871094 0.802734 0.869141 0.800781 0.867188 0.800781 0.865234 0.802734 0.863281 0.802734 0.861328 0.804688 0.859375 0.810547 0.859375 0.812500 0.861328 0.812500 0.863281 0.814453 0.865234
0 0.865234 0.867188 0.863281 0.869141 0.863281 0.871094 0.861328 0.873047 0.855469 0.873047 0.853516 0.871094 0.853516 0.869141 0.851562 0.867188 0.851562 0.865234 0.853516 0.863281 0.853516 0.861328 0.855469 0.859375 0.861328 0.859375 0.863281 0.861328 0.863281 0.863281 0.865234 0.865234
0 0.468750 0.867188 0.468750 0.871094 0.464844 0.871094 0.462891 0.869141 0.466797 0.865234
0 0.687500 0.869141 0.685547 0.871094 0.685547 0.873047 0.683594 0.875000 0.677734 0.875000 0.675781 0.873047 0.675781 0.871094 0.673828 0.869141 0.673828 0.867188 0.675781 0.865234 0.675781 0.863281 0.677734 0.861328 0.683594 0.861328 0.685547 0.863281 0.685547 0.865234 0.687500 0.867188
0 0.292969 0.869141 0.292969 0.873047 0.289062 0.873047 0.287109 0.871094 0.291016 0.867188
0 0.613281 0.873047 0.611328 0.873047 0.609375 0.875000 0.605469 0.875000 0.603516 0.873047 0.603516 0.867188 0.605469 0.865234 0.609375 0.865234 0.611328 0.867188 0.613281 0.867188
0 0.660156 0.873047 0.654297 0.878906 0.648438 0.878906 0.642578 0.873047 0.642578 0.867188 0.648438 0.861328 0.654297 0.861328 0.660156 0.867188
0 0.873047 0.873047 0.871094 0.873047 0.869141 0.875000 0.865234 0.875000 0.863281 0.873047 0.863281 0.867188 0.865234 0.865234 0.869141 0.865234 0.871094 0.867188 0.873047 0.867188
0 0.501953 0.871094 0.501953 0.875000 0.498047 0.875000 0.496094 0.873047 0.500000 0.869141
0 0.511719 0.871094 0.511719 0.875000 0.507812 0.875000 0.505859 0.873047 0.509766 0.869141
0 0.628906 0.875000 0.623047 0.880859 0.617188 0.880859 0.611328 0.875000 0.611328 0.869141 0.617188 0.863281 0.623047 0.863281 0.628906 0.869141
0 0.257812 0.875000 0.255859 0.876953 0.255859 0.878906 0.253906 0.880859 0.248047 0.880859 0.246094 0.878906 0.246094 0.876953 0.244141 0.875000 0.244141 0.873047 0.246094 0.871094 0.246094 0.869141 0.248047 0.867188 0.253906 0.867188 0.255859 0.869141 0.255859 0.871094 0.257812 0.873047
0 0.783203 0.873047 0.783203 0.876953 0.779297 0.876953 0.777344 0.875000 0.781250 0.871094
0 0.250000 0.878906 0.248047 0.878906 0.246094 0.880859 0.242188 0.880859 0.240234 0.878906 0.240234 0.873047 0.242188 0.871094 0.246094 0.871094 0.248047 0.873047 0.250000 0.873047
0 0.474609 0.878906 0.468750 0.884766 0.462891 0.884766 0.457031 0.878906 0.457031 0.873047 0.462891 0.867188 0.468750 0.867188 0.474609 0.873047
0 0.212891 0.886719 0.210938 0.886719 0.208984 0.888672 0.199219 0.888672 0.193359 0.882812 0.193359 0.873047 0.195312 0.871094 0.197266 0.871094 0.197266 0.869141 0.199219 0.867188 0.208984 0.867188 0.214844 0.873047 0.214844 0.882812 0.212891 0.884766
0 0.556641 0.880859 0.554688 0.880859 0.552734 0.882812 0.548828 0.882812 0.546875 0.880859 0.546875 0.875000 0.548828 0.873047 0.552734 0.873047 0.554688 0.875000 0.556641 0.875000
0 0.736328 0.880859 0.734375 0.880859 0.732422 0.882812 0.728516 0.882812 0.726562 0.880859 0.726562 0.875000 0.728516 0.873047 0.732422 0.873047 0.734375 0.875000 0.736328 0.875000
0 0.855469 0.880859 0.853516 0.880859 0.851562 0.882812 0.847656 0.882812 0.845703 0.880859 0.845703 0.875000 0.847656 0.873047 0.851562 0.873047 0.853516 0.875000 0.855469 0.875000
0 0.152344 0.882812 0.150391 0.882812 0.148438 0.884766 0.144531 0.884766 0.142578 0.882812 0.142578 0.876953 0.144531 0.875000 0.148438 0.875000 0.150391 0.876953 0.152344 0.876953
0 0.236328 0.882812 0.234375 0.882812 0.232422 0.884766 0.228516 0.884766 0.226562 0.882812 0.226562 0.876953 0.228516 0.875000 0.232422 0.875000 0.234375 0.876953 0.236328 0.876953
0 0.589844 0.882812 0.583984 0.888672 0.578125 0.888672 0.572266 0.882812 0.572266 0.876953 0.578125 0.871094 0.583984 0.871094 0.589844 0.876953
0 0.623047 0.882812 0.621094 0.882812 0.619141 0.884766 0.615234 0.884766 0.613281 0.882812 0.613281 0.876953 0.615234 0.875000 0.619141 0.875000 0.621094 0.876953 0.623047 0.876953
0 0.779297 0.878906 0.779297 0.882812 0.775391 0.882812 0.773438 0.880859 0.777344 0.876953
0 0.783203 0.884766 0.783203 0.888672 0.779297 0.888672 0.777344 0.886719 0.781250 0.882812
0 0.744141 0.888672 0.742188 0.890625 0.742188 0.892578 0.740234 0.894531 0.734375 0.894531 0.732422 0.892578 0.732422 0.890625 0.730469 0.888672 0.730469 0.886719 0.732422 0.884766 0.732422 0.882812 0.734375 0.880859 0.740234 0.880859 0.742188 0.882812 0.742188 0.884766 0.744141 0.886719
0 0.230469 0.892578 0.224609 0.898438 0.218750 0.898438 0.212891 0.892578 0.212891 0.886719 0.218750 0.880859 0.224609 0.880859 0.230469 0.886719
0 0.517578 0.892578 0.511719 0.898438 0.505859 0.898438 0.500000 0.892578 0.500000 0.886719 0.505859 0.880859 0.511719 0.880859 0.517578 0.886719
0 0.523438 0.892578 0.521484 0.892578 0.519531 0.894531 0.515625 0.894531 0.513672 0.892578 0.513672 0.886719 0.515625 0.884766 0.519531 0.884766 0.521484 0.886719 0.523438 0.886719
0 0.550781 0.892578 0.548828 0.892578 0.546875 0.894531 0.542969 0.894531 0.541016 0.892578 0.541016 0.886719 0.542969 0.884766 0.546875 0.884766 0.548828 0.886719 0.550781 0.886719
0 0.498047 0.890625 0.498047 0.894531 0.494141 0.894531 0.492188 0.892578 0.496094 0.888672
0 0.712891 0.900391 0.710938 0.900391 0.708984 0.902344 0.699219 0.902344 0.693359 0.896484 0.693359 0.886719 0.695312 0.884766 0.697266 0.884766 0.697266 0.882812 0.699219 0.880859 0.708984 0.880859 0.714844 0.886719 0.714844 0.896484 0.712891 0.898438
0 0.943359 0.892578 0.941406 0.894531 0.941406 0.896484 0.939453 0.898438 0.933594 0.898438 0.931641 0.896484 0.931641 0.894531 0.929688 0.892578 0.929688 0.890625 0.931641 0.888672 0.931641 0.886719 0.933594 0.884766 0.939453 0.884766 0.941406 0.886719 0.941406 0.888672 0.943359 0.890625
0 0.503906 0.892578 0.503906 0.896484 0.500000 0.896484 0.498047 0.894531 0.501953 0.890625
0 0.863281 0.894531 0.861328 0.896484 0.861328 0.898438 0.859375 0.900391 0.853516 0.900391 0.851562 0.898438 0.851562 0.896484 0.849609 0.894531 0.849609 0.892578 0.851562 0.890625 0.851562 0.888672 0.853516 0.886719 0.859375 0.886719 0.861328 0.888672 0.861328 0.890625 0.863281 0.892578
0 0.966797 0.896484 0.964844 0.896484 0.962891 0.898438 0.958984 0.898438 0.957031 0.896484 0.957031 0.890625 0.958984 0.888672 0.962891 0.888672 0.964844 0.890625 0.966797 0.890625
0 0.695312 0.898438 0.689453 0.904297 0.683594 0.904297 0.677734 0.898438 0.677734 0.892578 0.683594 0.886719 0.689453 0.886719 0.695312 0.892578
0 0.630859 0.900391 0.625000 0.906250 0.619141 0.906250 0.613281 0.900391 0.613281 0.894531 0.619141 0.888672 0.625000 0.888672 0.630859 0.894531
0 0.396484 0.898438 0.396484 0.902344 0.392578 0.902344 0.390625 0.900391 0.394531 0.896484
0 0.843750 0.902344 0.837891 0.908203 0.832031 0.908203 0.826172 0.902344 0.826172 0.896484 0.832031 0.890625 0.837891 0.890625 0.843750 0.896484
0 0.878906 0.908203 0.876953 0.908203 0.875000 0.910156 0.865234 0.910156 0.859375 0.904297 0.859375 0.894531 0.861328 0.892578 0.863281 0.892578 0.863281 0.890625 0.865234 0.888672 0.875000 0.888672 0.880859 0.894531 0.880859 0.904297 0.878906 0.906250
0 0.916016 0.902344 0.910156 0.908203 0.904297 0.908203 0.898438 0.902344 0.898438 0.896484 0.904297 0.890625 0.910156 0.890625 0.916016 0.896484
0 0.515625 0.902344 0.513672 0.904297 0.513672 0.906250 0.511719 0.908203 0.505859 0.908203 0.503906 0.906250 0.503906 0.904297 0.501953 0.902344 0.501953 0.900391 0.503906 0.898438 0.503906 0.896484 0.505859 0.894531 0.511719 0.894531 0.513672 0.896484 0.513672 0.898438 0.515625 0.900391
0 0.585938 0.904297 0.583984 0.904297 0.582031 0.906250 0.578125 0.906250 0.576172 0.904297 0.576172 0.898438 0.578125 0.896484 0.582031 0.896484 0.583984 0.898438 0.585938 0.898438
0 0.402344 0.902344 0.402344 0.906250 0.398438 0.906250 0.396484 0.904297 0.400391 0.900391
0 0.498047 0.902344 0.498047 0.906250 0.494141 0.906250 0.492188 0.904297 0.496094 0.900391
0 0.705078 0.902344 0.705078 0.906250 0.701172 0.906250 0.699219 0.904297 0.703125 0.900391
0 0.951172 0.906250 0.949219 0.906250 0.947266 0.908203 0.943359 0.908203 0.941406 0.906250 0.941406 0.900391 0.943359 0.898438 0.947266 0.898438 0.949219 0.900391 0.951172 0.900391
0 0.548828 0.908203 0.546875 0.908203 0.544922 0.910156 0.541016 0.910156 0.539062 0.908203 0.539062 0.902344 0.541016 0.900391 0.544922 0.900391 0.546875 0.902344 0.548828 0.902344
0 0.392578 0.906250 0.392578 0.910156 0.388672 0.910156 0.386719 0.908203 0.390625 0.904297
0 0.591797 0.910156 0.585938 0.916016 0.580078 0.916016 0.574219 0.910156 0.574219 0.904297 0.580078 0.898438 0.585938 0.898438 0.591797 0.904297
0 0.525391 0.912109 0.523438 0.912109 0.521484 0.914062 0.517578 0.914062 0.515625 0.912109 0.515625 0.906250 0.517578 0.904297 0.521484 0.904297 0.523438 0.906250 0.525391 0.906250
0 0.693359 0.908203 0.693359 0.912109 0.689453 0.912109 0.687500 0.910156 0.691406 0.906250
0 0.611328 0.914062 0.605469 0.919922 0.599609 0.919922 0.593750 0.914062 0.593750 0.908203 0.599609 0.902344 0.605469 0.902344 0.611328 0.908203
0 0.160156 0.914062 0.158203 0.916016 0.158203 0.917969 0.156250 0.919922 0.150391 0.919922 0.148438 0.917969 0.148438 0.916016 0.146484 0.914062 0.146484 0.912109 0.148438 0.910156 0.148438 0.908203 0.150391 0.906250 0.156250 0.906250 0.158203 0.908203 0.158203 0.910156 0.160156 0.912109
0 0.216797 0.925781 0.214844 0.925781 0.212891 0.927734 0.203125 0.927734 0.197266 0.921875 0.197266 0.912109 0.199219 0.910156 0.201172 0.910156 0.201172 0.908203 0.203125 0.906250 0.212891 0.906250 0.218750 0.912109 0.218750 0.921875 0.216797 0.923828
0 0.521484 0.916016 0.521484 0.919922 0.517578 0.919922 0.515625 0.917969 0.519531 0.914062
0 0.640625 0.917969 0.638672 0.919922 0.638672 0.921875 0.636719 0.923828 0.630859 0.923828 0.628906 0.921875 0.628906 0.919922 0.626953 0.917969 0.626953 0.916016 0.628906 0.914062 0.628906 0.912109 0.630859 0.910156 0.636719 0.910156 0.638672 0.912109 0.638672 0.914062 0.640625 0.916016
0 0.763672 0.916016 0.763672 0.919922 0.759766 0.919922 0.757812 0.917969 0.761719 0.914062
0 0.814453 0.925781 0.812500 0.925781 0.810547 0.927734 0.800781 0.927734 0.794922 0.921875 0.794922 0.912109 0.796875 0.910156 0.798828 0.910156 0.798828 0.908203 0.800781 0.906250 0.810547 0.906250 0.816406 0.912109 0.816406 0.921875 0.814453 0.923828
0 0.986328 0.916016 0.986328 0.919922 0.982422 0.919922 0.980469 0.917969 0.984375 0.914062
0 0.751953 0.917969 0.751953 0.921875 0.748047 0.921875 0.746094 0.919922 0.750000 0.916016
0 0.853516 0.919922 0.851562 0.921875 0.851562 0.923828 0.849609 0.925781 0.843750 0.925781 0.841797 0.923828 0.841797 0.921875 0.839844 0.919922 0.839844 0.917969 0.841797 0.916016 0.841797 0.914062 0.843750 0.912109 0.849609 0.912109 0.851562 0.914062 0.851562 0.916016 0.853516 0.917969
0 0.677734 0.929688 0.675781 0.929688 0.673828 0.931641 0.664062 0.931641 0.658203 0.925781 0.658203 0.916016 0.660156 0.914062 0.662109 0.914062 0.662109 0.912109 0.664062 0.910156 0.673828 0.910156 0.679688 0.916016 0.679688 0.925781 0.677734 0.927734
0 0.980469 0.919922 0.980469 0.923828 0.976562 0.923828 0.974609 0.921875 0.978516 0.917969
0 0.761719 0.921875 0.761719 0.925781 0.757812 0.925781 0.755859 0.923828 0.759766 0.919922
0 0.187500 0.925781 0.185547 0.927734 0.185547 0.929688 0.183594 0.931641 0.177734 0.931641 0.175781 0.929688 0.175781 0.927734 0.173828 0.925781 0.173828 0.923828 0.175781 0.921875 0.175781 0.919922 0.177734 0.917969 0.183594 0.917969 0.185547 0.919922 0.185547 0.921875 0.187500 0.923828
0 0.626953 0.927734 0.625000 0.927734 0.623047 0.929688 0.619141 0.929688 0.617188 0.927734 0.617188 0.921875 0.619141 0.919922 0.623047 0.919922 0.625000 0.921875 0.626953 0.921875
0 0.789062 0.923828 0.789062 0.927734 0.785156 0.927734 0.783203 0.925781 0.787109 0.921875
0 0.558594 0.927734 0.556641 0.929688 0.556641 0.931641 0.554688 0.933594 0.548828 0.933594 0.546875 0.931641 0.546875 0.929688 0.544922 0.927734 0.544922 0.925781 0.546875 0.923828 0.546875 0.921875 0.548828 0.919922 0.554688 0.919922 0.556641 0.921875 0.556641 0.923828 0.558594 0.925781
0 0.656250 0.931641 0.650391 0.937500 0.644531 0.937500 0.638672 0.931641 0.638672 0.925781 0.644531 0.919922 0.650391 0.919922 0.656250 0.925781
0 0.812500 0.929688 0.810547 0.931641 0.810547 0.933594 0.808594 0.935547 0.802734 0.935547 0.800781 0.933594 0.800781 0.931641 0.798828 0.929688 0.798828 0.927734 0.800781 0.925781 0.800781 0.923828 0.802734 0.921875 0.808594 0.921875 0.810547 0.923828 0.810547 0.925781 0.812500 0.927734
0 0.574219 0.933594 0.568359 0.939453 0.562500 0.939453 0.556641 0.933594 0.556641 0.927734 0.562500 0.921875 0.568359 0.921875 0.574219 0.927734
0 0.712891 0.933594 0.707031 0.939453 0.701172 0.939453 0.695312 0.933594 0.695312 0.927734 0.701172 0.921875 0.707031 0.921875 0.712891 0.927734
0 0.789062 0.931641 0.789062 0.935547 0.785156 0.935547 0.783203 0.933594 0.787109 0.929688
0 0.740234 0.935547 0.738281 0.937500 0.738281 0.939453 0.736328 0.941406 0.730469 0.941406 0.728516 0.939453 0.728516 0.937500 0.726562 0.935547 0.726562 0.933594 0.728516 0.931641 0.728516 0.929688 0.730469 0.927734 0.736328 0.927734 0.738281 0.929688 0.738281 0.931641 0.740234 0.933594
0 0.470703 0.941406 0.468750 0.941406 0.466797 0.943359 0.462891 0.943359 0.460938 0.941406 0.460938 0.935547 0.462891 0.933594 0.466797 0.933594 0.468750 0.935547 0.470703 0.935547
0 0.845703 0.939453 0.843750 0.941406 0.843750 0.943359 0.841797 0.945312 0.835938 0.945312 0.833984 0.943359 0.833984 0.941406 0.832031 0.939453 0.832031 0.937500 0.833984 0.935547 0.833984 0.933594 0.835938 0.931641 0.841797 0.931641 0.843750 0.933594 0.843750 0.935547 0.845703 0.937500
0 0.798828 0.943359 0.796875 0.943359 0.794922 0.945312 0.791016 0.945312 0.789062 0.943359 0.789062 0.937500 0.791016 0.935547 0.794922 0.935547 0.796875 0.937500 0.798828 0.937500
0 0.455078 0.945312 0.453125 0.945312 0.451172 0.947266 0.447266 0.947266 0.445312 0.945312 0.445312 0.939453 0.447266 0.937500 0.451172 0.937500 0.453125 0.939453 0.455078 0.939453
0 0.863281 0.941406 0.863281 0.945312 0.859375 0.945312 0.857422 0.943359 0.861328 0.939453
0 0.261719 0.955078 0.259766 0.955078 0.257812 0.957031 0.248047 0.957031 0.242188 0.951172 0.242188 0.941406 0.244141 0.939453 0.246094 0.939453 0.246094 0.937500 0.248047 0.935547 0.257812 0.935547 0.263672 0.941406 0.263672 0.951172 0.261719 0.953125
0 0.585938 0.949219 0.583984 0.949219 0.582031 0.951172 0.578125 0.951172 0.576172 0.949219 0.576172 0.943359 0.578125 0.941406 0.582031 0.941406 0.583984 0.943359 0.585938 0.943359
0 0.634766 0.949219 0.632812 0.949219 0.630859 0.951172 0.626953 0.951172 0.625000 0.949219 0.625000 0.943359 0.626953 0.941406 0.630859 0.941406 0.632812 0.943359 0.634766 0.943359
0 0.828125 0.947266 0.826172 0.949219 0.826172 0.951172 0.824219 0.953125 0.818359 0.953125 0.816406 0.951172 0.816406 0.949219 0.814453 0.947266 0.814453 0.945312 0.816406 0.943359 0.816406 0.941406 0.818359 0.939453 0.824219 0.939453 0.826172 0.941406 0.826172 0.943359 0.828125 0.945312
0 0.910156 0.945312 0.910156 0.949219 0.906250 0.949219 0.904297 0.947266 0.908203 0.943359
0 0.703125 0.949219 0.701172 0.951172 0.701172 0.953125 0.699219 0.955078 0.693359 0.955078 0.691406 0.953125 0.691406 0.951172 0.689453 0.949219 0.689453 0.947266 0.691406 0.945312 0.691406 0.943359 0.693359 0.941406 0.699219 0.941406 0.701172 0.943359 0.701172 0.945312 0.703125 0.947266
0 0.722656 0.951172 0.720703 0.951172 0.718750 0.953125 0.714844 0.953125 0.712891 0.951172 0.712891 0.945312 0.714844 0.943359 0.718750 0.943359 0.720703 0.945312 0.722656 0.945312
0 0.769531 0.949219 0.769531 0.953125 0.765625 0.953125 0.763672 0.951172 0.767578 0.947266
0 0.902344 0.953125 0.900391 0.953125 0.898438 0.955078 0.894531 0.955078 0.892578 0.953125 0.892578 0.947266 0.894531 0.945312 0.898438 0.945312 0.900391 0.947266 0.902344 0.947266
0 0.294922 0.953125 0.292969 0.955078 0.292969 0.957031 0.291016 0.958984 0.285156 0.958984 0.283203 0.957031 0.283203 0.955078 0.281250 0.953125 0.281250 0.951172 0.283203 0.949219 0.283203 0.947266 0.285156 0.945312 0.291016 0.945312 0.292969 0.947266 0.292969 0.949219 0.294922 0.951172
0 0.861328 0.951172 0.861328 0.955078 0.857422 0.955078 0.855469 0.953125 0.859375 0.949219
0 0.802734 0.953125 0.802734 0.957031 0.798828 0.957031 0.796875 0.955078 0.800781 0.951172
0 0.927734 0.953125 0.927734 0.957031 0.923828 0.957031 0.921875 0.955078 0.925781 0.951172
0 0.591797 0.955078 0.591797 0.958984 0.587891 0.958984 0.585938 0.957031 0.589844 0.953125
0 0.685547 0.964844 0.683594 0.964844 0.681641 0.966797 0.671875 0.966797 0.666016 0.960938 0.666016 0.951172 0.667969 0.949219 0.669922 0.949219 0.669922 0.947266 0.671875 0.945312 0.681641 0.945312 0.687500 0.951172 0.687500 0.960938 0.685547 0.962891
0 0.662109 0.958984 0.660156 0.960938 0.660156 0.962891 0.658203 0.964844 0.652344 0.964844 0.650391 0.962891 0.650391 0.960938 0.648438 0.958984 0.648438 0.957031 0.650391 0.955078 0.650391 0.953125 0.652344 0.951172 0.658203 0.951172 0.660156 0.953125 0.660156 0.955078 0.662109 0.957031
0 0.908203 0.957031 0.908203 0.960938 0.904297 0.960938 0.902344 0.958984 0.906250 0.955078
0 0.566406 0.968750 0.564453 0.968750 0.562500 0.970703 0.552734 0.970703 0.546875 0.964844 0.546875 0.955078 0.548828 0.953125 0.550781 0.953125 0.550781 0.951172 0.552734 0.949219 0.562500 0.949219 0.568359 0.955078 0.568359 0.964844 0.566406 0.966797
0 0.716797 0.960938 0.714844 0.962891 0.714844 0.964844 0.712891 0.966797 0.707031 0.966797 0.705078 0.964844 0.705078 0.962891 0.703125 0.960938 0.703125 0.958984 0.705078 0.957031 0.705078 0.955078 0.707031 0.953125 0.712891 0.953125 0.714844 0.955078 0.714844 0.957031 0.716797 0.958984
0 0.761719 0.962891 0.759766 0.962891 0.757812 0.964844 0.753906 0.964844 0.751953 0.962891 0.751953 0.957031 0.753906 0.955078 0.757812 0.955078 0.759766 0.957031 0.761719 0.957031
0 0.779297 0.962891 0.777344 0.962891 0.775391 0.964844 0.771484 0.964844 0.769531 0.962891 0.769531 0.957031 0.771484 0.955078 0.775391 0.955078 0.777344 0.957031 0.779297 0.957031
0 0.746094 0.960938 0.746094 0.964844 0.742188 0.964844 0.740234 0.962891 0.744141 0.958984
0 0.580078 0.962891 0.580078 0.966797 0.576172 0.966797 0.574219 0.964844 0.578125 0.960938
0 0.835938 0.962891 0.835938 0.966797 0.832031 0.966797 0.830078 0.964844 0.833984 0.960938
0 0.958984 0.962891 0.958984 0.966797 0.955078 0.966797 0.953125 0.964844 0.957031 0.960938
0 0.537109 0.968750 0.535156 0.968750 0.533203 0.970703 0.529297 0.970703 0.527344 0.968750 0.527344 0.962891 0.529297 0.960938 0.533203 0.960938 0.535156 0.962891 0.537109 0.962891
0 0.968750 0.964844 0.968750 0.968750 0.964844 0.968750 0.962891 0.966797 0.966797 0.962891
0 0.212891 0.976562 0.210938 0.976562 0.208984 0.978516 0.199219 0.978516 0.193359 0.972656 0.193359 0.962891 0.195312 0.960938 0.197266 0.960938 0.197266 0.958984 0.199219 0.957031 0.208984 0.957031 0.214844 0.962891 0.214844 0.972656 0.212891 0.974609
0 0.500000 0.970703 0.498047 0.970703 0.496094 0.972656 0.492188 0.972656 0.490234 0.970703 0.490234 0.964844 0.492188 0.962891 0.496094 0.962891 0.498047 0.964844 0.500000 0.964844
0 0.341797 0.978516 0.339844 0.978516 0.337891 0.980469 0.328125 0.980469 0.322266 0.974609 0.322266 0.964844 0.324219 0.962891 0.326172 0.962891 0.326172 0.960938 0.328125 0.958984 0.337891 0.958984 0.343750 0.964844 0.343750 0.974609 0.341797 0.976562
0 0.552734 0.974609 0.550781 0.974609 0.548828 0.976562 0.544922 0.976562 0.542969 0.974609 0.542969 0.968750 0.544922 0.966797 0.548828 0.966797 0.550781 0.968750 0.552734 0.968750
0 0.603516 0.980469 0.601562 0.980469 0.599609 0.982422 0.589844 0.982422 0.583984 0.976562 0.583984 0.966797 0.585938 0.964844 0.587891 0.964844 0.587891 0.962891 0.589844 0.960938 0.599609 0.960938 0.605469 0.966797 0.605469 0.976562 0.603516 0.978516
0 0.634766 0.980469 0.632812 0.980469 0.630859 0.982422 0.621094 0.982422 0.615234 0.976562 0.615234 0.966797 0.617188 0.964844 0.619141 0.964844 0.619141 0.962891 0.621094 0.960938 0.630859 0.960938 0.636719 0.966797 0.636719 0.976562 0.634766 0.978516
0 0.697266 0.974609 0.695312 0.974609 0.693359 0.976562 0.689453 0.976562 0.687500 0.974609 0.687500 0.968750 0.689453 0.966797 0.693359 0.966797 0.695312 0.968750 0.697266 0.968750
0 0.957031 0.970703 0.957031 0.974609 0.953125 0.974609 0.951172 0.972656 0.955078 0.968750
0 0.841797 0.972656 0.841797 0.976562 0.837891 0.976562 0.835938 0.974609 0.839844 0.970703
0 0.925781 0.972656 0.925781 0.976562 0.921875 0.976562 0.919922 0.974609 0.923828 0.970703
0 0.523438 0.974609 0.523438 0.978516 0.519531 0.978516 0.517578 0.976562 0.521484 0.972656
0 0.744141 0.976562 0.742188 0.978516 0.742188 0.980469 0.740234 0.982422 0.734375 0.982422 0.732422 0.980469 0.732422 0.978516 0.730469 0.976562 0.730469 0.974609 0.732422 0.972656 0.732422 0.970703 0.734375 0.968750 0.740234 0.968750 0.742188 0.970703 0.742188 0.972656 0.744141 0.974609
0 0.949219 0.984375 0.947266 0.984375 0.945312 0.986328 0.935547 0.986328 0.929688 0.980469 0.929688 0.970703 0.931641 0.968750 0.933594 0.968750 0.933594 0.966797 0.935547 0.964844 0.945312 0.964844 0.951172 0.970703 0.951172 0.980469 0.949219 0.982422
0 0.972656 0.978516 0.970703 0.978516 0.968750 0.980469 0.964844 0.980469 0.962891 0.978516 0.962891 0.972656 0.964844 0.970703 0.968750 0.970703 0.970703 0.972656 0.972656 0.972656
0 0.427734 0.980469 0.425781 0.980469 0.423828 0.982422 0.419922 0.982422 0.417969 0.980469 0.417969 0.974609 0.419922 0.972656 0.423828 0.972656 0.425781 0.974609 0.427734 0.974609
0 0.447266 0.978516 0.445312 0.980469 0.445312 0.982422 0.443359 0.984375 0.437500 0.984375 0.435547 0.982422 0.435547 0.980469 0.433594 0.978516 0.433594 0.976562 0.435547 0.974609 0.435547 0.972656 0.437500 0.970703 0.443359 0.970703 0.445312 0.972656 0.445312 0.974609 0.447266 0.976562
0 0.482422 0.980469 0.476562 0.986328 0.470703 0.986328 0.464844 0.980469 0.464844 0.974609 0.470703 0.968750 0.476562 0.968750 0.482422 0.974609
0 0.906250 0.976562 0.906250 0.980469 0.902344 0.980469 0.900391 0.978516 0.904297 0.974609
0 0.917969 0.976562 0.917969 0.980469 0.914062 0.980469 0.912109 0.978516 0.916016 0.974609
0 0.962891 0.976562 0.962891 0.980469 0.958984 0.980469 0.957031 0.978516 0.960938 0.974609
0 0.574219 0.982422 0.572266 0.982422 0.570312 0.984375 0.566406 0.984375 0.564453 0.982422 0.564453 0.976562 0.566406 0.974609 0.570312 0.974609 0.572266 0.976562 0.574219 0.976562
0 0.933594 0.978516 0.933594 0.982422 0.929688 0.982422 0.927734 0.980469 0.931641 0.976562
0 0.507812 0.984375 0.505859 0.984375 0.503906 0.986328 0.500000 0.986328 0.498047 0.984375 0.498047 0.978516 0.500000 0.976562 0.503906 0.976562 0.505859 0.978516 0.507812 0.978516
0 0.533203 0.984375 0.531250 0.984375 0.529297 0.986328 0.525391 0.986328 0.523438 0.984375 0.523438 0.978516 0.525391 0.976562 0.529297 0.976562 0.531250 0.978516 0.533203 0.978516
0 0.550781 0.986328 0.548828 0.986328 0.546875 0.988281 0.542969 0.988281 0.541016 0.986328 0.541016 0.980469 0.542969 0.978516 0.546875 0.978516 0.548828 0.980469 0.550781 0.980469
0 0.750000 0.984375 0.748047 0.986328 0.748047 0.988281 0.746094 0.990234 0.740234 0.990234 0.738281 0.988281 0.738281 0.986328 0.736328 0.984375 0.736328 0.982422 0.738281 0.980469 0.738281 0.978516 0.740234 0.976562 0.746094 0.976562 0.748047 0.978516 0.748047 0.980469 0.750000 0.982422
0 0.396484 0.988281 0.394531 0.988281 0.392578 0.990234 0.388672 0.990234 0.386719 0.988281 0.386719 0.982422 0.388672 0.980469 0.392578 0.980469 0.394531 0.982422 0.396484 0.982422
0 0.804688 0.988281 0.802734 0.988281 0.800781 0.990234 0.796875 0.990234 0.794922 0.988281 0.794922 0.982422 0.796875 0.980469 0.800781 0.980469 0.802734 0.982422 0.804688 0.982422
0 0.375000 0.990234 0.369141 0.996094 0.363281 0.996094 0.357422 0.990234 0.357422 0.984375 0.363281 0.978516 0.369141 0.978516 0.375000 0.984375
0 0.824219 0.990234 0.822266 0.990234 0.820312 0.992188 0.816406 0.992188 0.814453 0.990234 0.814453 0.984375 0.816406 0.982422 0.820312 0.982422 0.822266 0.984375 0.824219 0.984375
0 0.927734 0.992188 0.925781 0.992188 0.923828 0.994141 0.919922 0.994141 0.917969 0.992188 0.917969 0.986328 0.919922 0.984375 0.923828 0.984375 0.925781 0.986328 0.927734 0.986328
0 0.738281 0.996094 0.736328 0.996094 0.734375 0.998047 0.730469 0.998047 0.728516 0.996094 0.728516 0.990234 0.730469 0.988281 0.734375 0.988281 0.736328 0.990234 0.738281 0.990234
0 0.832031 0.992188 0.832031 0.996094 0.828125 0.996094 0.826172 0.994141 0.830078 0.990234
0 0.968750 0.992188 0.968750 0.996094 0.964844 0.996094 0.962891 0.994141 0.966797 0.990234
0 0.269531 0.998047 0.248047 0.998047 0.248047 0.992188 0.250000 0.990234 0.251953 0.990234 0.251953 0.988281 0.253906 0.986328 0.263672 0.986328 0.269531 0.992188
0 0.312500 0.998047 0.291016 0.998047 0.291016 0.992188 0.292969 0.990234 0.294922 0.990234 0.294922 0.988281 0.296875 0.986328 0.306641 0.986328 0.312500 0.992188
0 0.429688 0.998047 0.419922 0.998047 0.419922 0.994141 0.421875 0.992188 0.425781 0.992188 0.427734 0.994141 0.429688 0.994141
0 0.490234 0.998047 0.472656 0.998047 0.472656 0.994141 0.478516 0.988281 0.484375 0.988281 0.490234 0.994141
0 0.558594 0.998047 0.537109 0.998047 0.537109 0.992188 0.539062 0.990234 0.541016 0.990234 0.541016 0.988281 0.542969 0.986328 0.552734 0.986328 0.558594 0.992188
0 0.611328 0.998047 0.597656 0.998047 0.597656 0.996094 0.599609 0.994141 0.599609 0.992188 0.601562 0.990234 0.607422 0.990234 0.609375 0.992188 0.609375 0.994141 0.611328 0.996094
0 0.634766 0.998047 0.625000 0.998047 0.625000 0.994141 0.626953 0.992188 0.630859 0.992188 0.632812 0.994141 0.634766 0.994141
0 0.650391 0.998047 0.636719 0.998047 0.636719 0.996094 0.638672 0.994141 0.638672 0.992188 0.640625 0.990234 0.646484 0.990234 0.648438 0.992188 0.648438 0.994141 0.650391 0.996094
0 0.720703 0.996094 0.720703 0.998047 0.714844 0.998047 0.718750 0.994141
0 0.806641 0.998047 0.796875 0.998047 0.796875 0.994141 0.798828 0.992188 0.802734 0.992188 0.804688 0.994141 0.806641 0.994141
0 0.820312 0.998047 0.810547 0.998047 0.810547 0.994141 0.812500 0.992188 0.816406 0.992188 0.818359 0.994141 0.820312 0.994141
0 0.929688 0.998047 0.908203 0.998047 0.908203 0.992188 0.910156 0.990234 0.912109 0.990234 0.912109 0.988281 0.914062 0.986328 0.923828 0.986328 0.929688 0.992188
