0 0.894531 0.078125 0.894531 0.082031 0.896484 0.083984 0.898438 0.083984 0.900391 0.085938 0.902344 0.083984 0.902344 0.082031 0.898438 0.078125
0 0.433594 0.099609 0.431641 0.101562 0.431641 0.103516 0.433594 0.105469 0.437500 0.105469 0.439453 0.103516 0.439453 0.101562 0.437500 0.099609
0 0.511719 0.097656 0.511719 0.101562 0.513672 0.103516 0.515625 0.103516 0.517578 0.101562 0.517578 0.099609 0.515625 0.097656
0 0.525391 0.121094 0.525391 0.123047 0.527344 0.125000 0.527344 0.126953 0.529297 0.126953 0.531250 0.125000 0.533203 0.125000 0.533203 0.121094 0.531250 0.119141 0.527344 0.119141
0 0.886719 0.117188 0.884766 0.119141 0.884766 0.123047 0.886719 0.125000 0.890625 0.125000 0.892578 0.123047 0.892578 0.119141 0.890625 0.117188
0 0.154297 0.136719 0.148438 0.142578 0.150391 0.144531 0.148438 0.146484 0.150391 0.148438 0.150391 0.150391 0.154297 0.154297 0.164062 0.154297 0.167969 0.150391 0.167969 0.140625 0.164062 0.136719
0 0.242188 0.144531 0.240234 0.146484 0.242188 0.148438 0.244141 0.146484
0 0.599609 0.152344 0.597656 0.154297 0.597656 0.158203 0.599609 0.158203 0.601562 0.160156 0.603516 0.160156 0.607422 0.156250 0.607422 0.154297 0.605469 0.152344
0 0.683594 0.195312 0.681641 0.197266 0.681641 0.201172 0.685547 0.205078 0.687500 0.205078 0.689453 0.203125 0.689453 0.197266 0.687500 0.195312
1 0.054688 0.218750 0.056641 0.218750 0.058594 0.222656 0.072266 0.222656 0.076172 0.220703 0.082031 0.226562 0.083984 0.224609 0.085938 0.228516 0.085938 0.222656 0.082031 0.222656 0.080078 0.220703 0.080078 0.216797 0.078125 0.218750 0.076172 0.216797 0.076172 0.208984 0.074219 0.207031 0.068359 0.207031 0.056641 0.218750
0 0.541016 0.207031 0.539062 0.208984 0.539062 0.210938 0.541016 0.212891 0.542969 0.212891 0.544922 0.210938 0.544922 0.208984 0.542969 0.207031
0 0.736328 0.230469 0.734375 0.232422 0.732422 0.232422 0.728516 0.242188 0.732422 0.248047 0.730469 0.250000 0.736328 0.248047 0.740234 0.251953 0.742188 0.250000 0.748047 0.248047 0.748047 0.242188 0.750000 0.240234 0.750000 0.236328 0.746094 0.232422 0.740234 0.232422 0.738281 0.230469
0 0.675781 0.236328 0.673828 0.234375 0.671875 0.236328 0.671875 0.238281 0.675781 0.238281
0 0.115234 0.255859 0.113281 0.257812 0.113281 0.261719 0.115234 0.263672 0.117188 0.263672 0.119141 0.265625 0.123047 0.261719 0.123047 0.259766 0.121094 0.259766 0.117188 0.255859
0 0.449219 0.257812 0.447266 0.259766 0.447266 0.261719 0.445312 0.263672 0.449219 0.267578 0.449219 0.269531 0.453125 0.269531 0.457031 0.265625 0.457031 0.259766 0.455078 0.257812
0 0.408203 0.277344 0.408203 0.279297 0.412109 0.283203 0.417969 0.283203 0.419922 0.285156 0.423828 0.285156 0.425781 0.283203 0.425781 0.277344 0.423828 0.275391 0.410156 0.275391
0 0.154297 0.296875 0.152344 0.298828 0.152344 0.302734 0.154297 0.304688 0.156250 0.304688 0.158203 0.302734 0.158203 0.298828 0.156250 0.296875
0 0.224609 0.296875 0.222656 0.298828 0.222656 0.304688 0.224609 0.306641 0.228516 0.306641 0.230469 0.304688 0.230469 0.298828 0.228516 0.296875
0 0.251953 0.306641 0.251953 0.308594 0.253906 0.310547 0.253906 0.312500 0.255859 0.312500 0.257812 0.314453 0.265625 0.314453 0.269531 0.310547 0.269531 0.306641 0.265625 0.302734 0.255859 0.302734
0 0.349609 0.308594 0.347656 0.312500 0.347656 0.318359 0.353516 0.324219 0.363281 0.339844 0.373047 0.339844 0.378906 0.332031 0.378906 0.324219 0.376953 0.322266 0.376953 0.318359 0.371094 0.314453 0.365234 0.314453 0.361328 0.318359 0.355469 0.310547 0.351562 0.310547
0 0.416016 0.322266 0.412109 0.318359 0.406250 0.318359 0.398438 0.326172 0.396484 0.326172 0.394531 0.328125 0.394531 0.335938 0.396484 0.337891 0.412109 0.337891 0.416016 0.333984 0.416016 0.332031 0.417969 0.330078 0.417969 0.326172 0.416016 0.324219
0 0.423828 0.324219 0.423828 0.330078 0.427734 0.333984 0.431641 0.333984 0.437500 0.328125 0.439453 0.330078 0.441406 0.330078 0.441406 0.328125 0.439453 0.326172 0.437500 0.328125 0.433594 0.328125 0.427734 0.322266 0.425781 0.322266
0 0.271484 0.337891 0.271484 0.343750 0.277344 0.349609 0.279297 0.349609 0.281250 0.353516 0.285156 0.355469 0.285156 0.357422 0.289062 0.359375 0.294922 0.359375 0.302734 0.353516 0.302734 0.341797 0.296875 0.335938 0.292969 0.335938 0.289062 0.332031 0.287109 0.333984 0.281250 0.332031 0.279297 0.333984 0.275391 0.333984
0 0.480469 0.333984 0.476562 0.337891 0.476562 0.339844 0.478516 0.341797 0.478516 0.343750 0.480469 0.345703 0.484375 0.345703 0.488281 0.341797 0.488281 0.337891 0.486328 0.335938 0.486328 0.333984
0 0.443359 0.335938 0.439453 0.335938 0.437500 0.337891 0.437500 0.339844 0.435547 0.341797 0.435547 0.343750 0.431641 0.347656 0.431641 0.349609 0.433594 0.351562 0.433594 0.355469 0.435547 0.357422 0.441406 0.357422 0.443359 0.355469 0.443359 0.353516 0.447266 0.349609 0.447266 0.345703 0.445312 0.343750 0.445312 0.337891
0 0.513672 0.335938 0.509766 0.339844 0.509766 0.341797 0.513672 0.345703 0.517578 0.341797 0.517578 0.339844
0 0.445312 0.373047 0.445312 0.380859 0.447266 0.380859 0.449219 0.382812 0.453125 0.382812 0.453125 0.380859 0.455078 0.378906 0.455078 0.373047 0.453125 0.371094 0.449219 0.371094 0.447266 0.373047
0 0.609375 0.373047 0.605469 0.376953 0.605469 0.382812 0.607422 0.384766 0.609375 0.384766 0.611328 0.386719 0.613281 0.386719 0.615234 0.384766 0.617188 0.384766 0.619141 0.382812 0.619141 0.376953 0.615234 0.373047
0 0.902344 0.373047 0.894531 0.373047 0.890625 0.376953 0.886719 0.375000 0.886719 0.376953 0.880859 0.384766 0.882812 0.386719 0.880859 0.388672 0.884766 0.392578 0.884766 0.394531 0.892578 0.400391 0.894531 0.398438 0.902344 0.398438 0.912109 0.390625 0.912109 0.382812 0.910156 0.378906
0 0.498047 0.378906 0.494141 0.375000 0.492188 0.375000 0.490234 0.376953 0.490234 0.378906 0.488281 0.380859 0.490234 0.382812 0.494141 0.382812
0 0.324219 0.382812 0.320312 0.382812 0.318359 0.384766 0.318359 0.386719 0.320312 0.388672 0.322266 0.388672 0.324219 0.386719
0 0.816406 0.384766 0.814453 0.386719 0.814453 0.388672 0.818359 0.392578 0.820312 0.392578 0.822266 0.390625 0.822266 0.388672 0.818359 0.384766
0 0.416016 0.404297 0.417969 0.406250 0.417969 0.408203 0.421875 0.408203 0.423828 0.406250 0.425781 0.406250 0.425781 0.404297 0.421875 0.400391 0.419922 0.400391
0 0.439453 0.400391 0.439453 0.404297 0.441406 0.406250 0.443359 0.406250 0.445312 0.404297 0.447266 0.404297 0.447266 0.400391 0.445312 0.398438 0.441406 0.398438
0 0.654297 0.402344 0.654297 0.404297 0.656250 0.404297 0.656250 0.402344
0 0.960938 0.404297 0.957031 0.404297 0.955078 0.406250 0.949219 0.408203 0.949219 0.410156 0.945312 0.414062 0.947266 0.416016 0.947266 0.423828 0.949219 0.425781 0.955078 0.425781 0.957031 0.423828 0.962891 0.423828 0.964844 0.421875 0.966797 0.421875 0.966797 0.417969 0.968750 0.416016
0 0.482422 0.408203 0.486328 0.412109 0.486328 0.408203
1 0.429688 0.412109 0.425781 0.414062 0.425781 0.417969 0.433594 0.421875 0.433594 0.427734 0.437500 0.433594 0.437500 0.439453 0.441406 0.441406 0.443359 0.439453 0.443359 0.433594 0.447266 0.427734 0.447266 0.423828 0.443359 0.417969 0.437500 0.417969 0.433594 0.419922
0 0.367188 0.433594 0.361328 0.439453 0.361328 0.445312 0.363281 0.447266 0.365234 0.447266 0.367188 0.449219 0.369141 0.449219 0.371094 0.447266 0.373047 0.447266 0.375000 0.445312 0.375000 0.439453 0.371094 0.435547 0.369141 0.435547
0 0.410156 0.437500 0.408203 0.439453 0.410156 0.441406 0.412109 0.439453
0 0.419922 0.437500 0.419922 0.439453 0.417969 0.441406 0.419922 0.443359 0.419922 0.445312 0.421875 0.447266 0.421875 0.449219 0.419922 0.451172 0.421875 0.453125 0.423828 0.453125 0.425781 0.451172 0.425781 0.445312 0.427734 0.443359 0.427734 0.439453 0.425781 0.437500
0 0.751953 0.453125 0.748047 0.453125 0.744141 0.457031 0.742188 0.457031 0.738281 0.464844 0.740234 0.480469 0.748047 0.488281 0.750000 0.486328 0.757812 0.486328 0.761719 0.484375 0.767578 0.476562 0.767578 0.466797 0.765625 0.464844 0.765625 0.460938
1 0.394531 0.457031 0.390625 0.462891 0.398438 0.472656 0.402344 0.470703 0.410156 0.472656 0.414062 0.476562 0.412109 0.486328 0.416016 0.490234 0.421875 0.490234 0.429688 0.498047 0.435547 0.488281 0.431641 0.482422 0.431641 0.476562 0.423828 0.468750 0.417969 0.466797 0.414062 0.460938 0.408203 0.462891 0.400391 0.457031
0 0.095703 0.476562 0.089844 0.476562 0.087891 0.478516 0.087891 0.482422 0.089844 0.482422 0.091797 0.484375 0.091797 0.486328 0.091797 0.484375 0.093750 0.482422 0.095703 0.482422 0.097656 0.480469 0.097656 0.478516
0 0.785156 0.488281 0.783203 0.490234 0.783203 0.492188 0.785156 0.494141 0.787109 0.494141 0.789062 0.492188 0.789062 0.490234 0.787109 0.488281
0 0.257812 0.500000 0.255859 0.501953 0.255859 0.503906 0.253906 0.505859 0.253906 0.509766 0.257812 0.513672 0.257812 0.515625 0.263672 0.515625 0.265625 0.513672 0.267578 0.513672 0.267578 0.503906 0.265625 0.501953 0.263672 0.501953 0.261719 0.500000
0 0.451172 0.501953 0.449219 0.503906 0.449219 0.505859 0.451172 0.507812 0.451172 0.509766 0.455078 0.509766 0.457031 0.507812 0.457031 0.503906 0.455078 0.501953
0 0.810547 0.503906 0.804688 0.509766 0.804688 0.517578 0.806641 0.519531 0.804688 0.521484 0.808594 0.529297 0.810547 0.529297 0.814453 0.533203 0.824219 0.533203 0.828125 0.531250 0.835938 0.521484 0.833984 0.519531 0.833984 0.513672 0.830078 0.505859 0.822266 0.501953
0 0.871094 0.501953 0.869141 0.503906 0.869141 0.505859 0.871094 0.507812 0.873047 0.507812 0.875000 0.505859 0.873047 0.503906 0.873047 0.501953
0 0.980469 0.505859 0.978516 0.505859 0.976562 0.507812 0.976562 0.509766 0.978516 0.511719 0.982422 0.507812
0 0.652344 0.511719 0.650391 0.513672 0.648438 0.513672 0.648438 0.523438 0.650391 0.525391 0.654297 0.525391 0.656250 0.527344 0.662109 0.521484 0.662109 0.519531 0.660156 0.517578 0.660156 0.515625 0.658203 0.513672 0.656250 0.513672 0.654297 0.511719
0 0.279297 0.521484 0.275391 0.517578 0.273438 0.517578 0.271484 0.519531 0.269531 0.519531 0.265625 0.523438 0.265625 0.527344 0.267578 0.529297 0.273438 0.529297 0.273438 0.527344
0 0.730469 0.521484 0.730469 0.523438 0.732422 0.525391 0.738281 0.525391 0.740234 0.527344 0.744141 0.527344 0.746094 0.525391 0.738281 0.517578 0.734375 0.517578
0 0.910156 0.523438 0.908203 0.525391 0.908203 0.527344 0.912109 0.531250 0.914062 0.531250 0.916016 0.529297 0.916016 0.525391 0.914062 0.523438
0 0.642578 0.529297 0.640625 0.529297 0.638672 0.531250 0.636719 0.531250 0.634766 0.533203 0.634766 0.541016 0.636719 0.542969 0.638672 0.542969 0.640625 0.544922 0.642578 0.542969 0.644531 0.542969 0.646484 0.541016 0.646484 0.539062 0.648438 0.537109 0.648438 0.535156
0 0.886719 0.527344 0.886719 0.531250 0.888672 0.533203 0.890625 0.533203 0.892578 0.531250 0.892578 0.529297 0.890625 0.527344
0 0.726562 0.533203 0.724609 0.535156 0.722656 0.535156 0.716797 0.541016 0.718750 0.542969 0.718750 0.546875 0.720703 0.546875 0.722656 0.544922 0.726562 0.544922 0.728516 0.542969 0.728516 0.539062 0.726562 0.537109
0 0.882812 0.539062 0.880859 0.541016 0.880859 0.544922 0.882812 0.546875 0.882812 0.548828 0.884766 0.550781 0.886719 0.550781 0.888672 0.548828 0.888672 0.546875 0.890625 0.544922 0.890625 0.542969 0.886719 0.539062
0 0.267578 0.550781 0.263672 0.546875 0.261719 0.548828 0.261719 0.552734 0.265625 0.552734
1 0.283203 0.548828 0.283203 0.550781 0.287109 0.554688 0.287109 0.556641 0.291016 0.560547 0.292969 0.560547 0.291016 0.558594 0.292969 0.556641 0.292969 0.554688 0.291016 0.552734 0.291016 0.550781 0.287109 0.546875 0.285156 0.548828
0 0.451172 0.546875 0.449219 0.548828 0.449219 0.552734 0.451172 0.554688 0.453125 0.554688 0.455078 0.552734 0.455078 0.548828 0.453125 0.546875
0 0.781250 0.556641 0.781250 0.560547 0.783203 0.562500 0.781250 0.564453 0.783203 0.562500 0.785156 0.566406 0.789062 0.566406 0.798828 0.576172 0.814453 0.572266 0.812500 0.568359 0.816406 0.560547 0.812500 0.556641 0.796875 0.554688 0.789062 0.550781
0 0.841797 0.550781 0.837891 0.552734 0.832031 0.560547 0.830078 0.576172 0.837891 0.585938 0.847656 0.587891 0.851562 0.585938 0.857422 0.578125 0.857422 0.574219 0.859375 0.572266 0.857422 0.570312 0.859375 0.568359 0.859375 0.562500 0.857422 0.560547 0.857422 0.556641 0.849609 0.550781
0 0.619141 0.554688 0.611328 0.560547 0.611328 0.562500 0.609375 0.564453 0.609375 0.572266 0.607422 0.574219 0.607422 0.576172 0.609375 0.576172 0.611328 0.578125 0.611328 0.580078 0.617188 0.583984 0.621094 0.583984 0.626953 0.580078 0.626953 0.572266 0.628906 0.570312 0.626953 0.568359 0.626953 0.560547
0 0.757812 0.558594 0.753906 0.562500 0.753906 0.566406 0.755859 0.568359 0.761719 0.568359 0.763672 0.566406 0.763672 0.560547 0.761719 0.558594
0 0.257812 0.562500 0.255859 0.564453 0.255859 0.566406 0.261719 0.572266 0.263672 0.572266 0.265625 0.570312 0.263672 0.568359 0.263672 0.566406 0.261719 0.564453 0.261719 0.562500
0 0.406250 0.574219 0.404297 0.576172 0.402344 0.576172 0.402344 0.578125 0.398438 0.582031 0.396484 0.582031 0.390625 0.585938 0.390625 0.589844 0.392578 0.591797 0.392578 0.593750 0.398438 0.597656 0.404297 0.597656 0.408203 0.593750 0.408203 0.589844 0.406250 0.587891 0.406250 0.583984 0.410156 0.580078 0.410156 0.576172 0.408203 0.576172
0 0.738281 0.574219 0.734375 0.578125 0.734375 0.580078 0.736328 0.582031 0.736328 0.585938 0.746094 0.585938 0.748047 0.583984 0.748047 0.576172 0.746094 0.574219
0 0.517578 0.582031 0.515625 0.583984 0.515625 0.587891 0.517578 0.589844 0.519531 0.589844 0.521484 0.587891 0.521484 0.583984 0.519531 0.582031
0 0.638672 0.587891 0.636719 0.589844 0.634766 0.589844 0.630859 0.593750 0.630859 0.599609 0.634766 0.603516 0.640625 0.603516 0.644531 0.599609 0.644531 0.593750
0 0.490234 0.591797 0.488281 0.593750 0.488281 0.597656 0.486328 0.599609 0.488281 0.599609 0.490234 0.601562 0.494141 0.601562 0.496094 0.599609 0.496094 0.595703 0.494141 0.593750 0.494141 0.591797
0 0.937500 0.593750 0.933594 0.597656 0.933594 0.601562 0.937500 0.605469 0.937500 0.607422 0.943359 0.607422 0.945312 0.605469 0.945312 0.603516 0.947266 0.601562 0.947266 0.597656 0.943359 0.593750
0 0.244141 0.597656 0.244141 0.599609 0.242188 0.601562 0.244141 0.601562 0.246094 0.603516 0.248047 0.601562 0.248047 0.599609 0.246094 0.597656
1 0.353516 0.605469 0.355469 0.607422 0.357422 0.607422 0.359375 0.609375 0.359375 0.611328 0.363281 0.611328 0.361328 0.609375 0.359375 0.609375 0.357422 0.607422 0.357422 0.605469
0 0.695312 0.607422 0.691406 0.611328 0.689453 0.611328 0.691406 0.613281 0.687500 0.617188 0.691406 0.621094 0.691406 0.623047 0.693359 0.625000 0.701172 0.625000 0.703125 0.623047 0.705078 0.623047 0.705078 0.621094 0.707031 0.619141 0.707031 0.615234 0.705078 0.613281 0.705078 0.611328 0.701172 0.607422
1 0.326172 0.617188 0.322266 0.617188 0.322266 0.621094 0.324219 0.623047 0.324219 0.625000 0.324219 0.623047 0.326172 0.621094
0 0.158203 0.623047 0.160156 0.625000 0.162109 0.625000 0.162109 0.623047
0 0.810547 0.626953 0.812500 0.628906 0.808594 0.632812 0.808594 0.644531 0.814453 0.648438 0.822266 0.648438 0.826172 0.644531 0.826172 0.634766 0.820312 0.628906 0.818359 0.628906 0.816406 0.626953
0 0.841797 0.625000 0.839844 0.626953 0.839844 0.632812 0.841797 0.634766 0.847656 0.634766 0.849609 0.632812 0.849609 0.628906 0.845703 0.625000
0 0.324219 0.628906 0.324219 0.634766 0.326172 0.636719 0.324219 0.638672 0.322266 0.638672 0.324219 0.638672 0.330078 0.644531 0.345703 0.644531 0.347656 0.642578 0.347656 0.638672 0.343750 0.632812 0.341797 0.632812 0.339844 0.630859 0.330078 0.630859 0.328125 0.628906
0 0.873047 0.628906 0.871094 0.630859 0.869141 0.630859 0.869141 0.634766 0.867188 0.636719 0.867188 0.640625 0.873047 0.646484 0.878906 0.646484 0.884766 0.640625 0.884766 0.636719 0.882812 0.634766 0.882812 0.632812 0.878906 0.628906
0 0.925781 0.628906 0.923828 0.630859 0.923828 0.632812 0.925781 0.634766 0.927734 0.634766 0.929688 0.632812 0.929688 0.630859 0.927734 0.628906
0 0.310547 0.632812 0.308594 0.634766 0.308594 0.640625 0.310547 0.642578 0.314453 0.642578 0.316406 0.640625 0.316406 0.634766 0.314453 0.632812
0 0.218750 0.638672 0.216797 0.638672 0.216797 0.644531 0.218750 0.642578 0.220703 0.642578 0.220703 0.640625
0 0.660156 0.640625 0.650391 0.642578 0.640625 0.648438 0.632812 0.662109 0.640625 0.671875 0.644531 0.671875 0.656250 0.683594 0.662109 0.669922 0.669922 0.667969 0.673828 0.671875 0.681641 0.671875 0.689453 0.666016 0.689453 0.660156 0.685547 0.656250 0.677734 0.658203 0.671875 0.656250 0.669922 0.648438
1 0.726562 0.640625 0.718750 0.640625 0.714844 0.644531 0.714844 0.652344 0.710938 0.654297 0.703125 0.666016 0.703125 0.675781 0.707031 0.679688 0.710938 0.679688 0.716797 0.673828 0.714844 0.667969 0.718750 0.666016 0.722656 0.660156 0.728516 0.660156 0.730469 0.658203 0.732422 0.660156 0.734375 0.658203 0.736328 0.650391
0 0.449219 0.644531 0.445312 0.648438 0.445312 0.652344 0.447266 0.654297 0.453125 0.654297 0.455078 0.652344 0.455078 0.648438 0.453125 0.646484 0.453125 0.644531
0 0.478516 0.646484 0.478516 0.648438 0.480469 0.650391 0.480469 0.646484
0 0.556641 0.646484 0.556641 0.648438 0.560547 0.648438 0.560547 0.646484
0 0.792969 0.646484 0.791016 0.648438 0.791016 0.650391 0.792969 0.652344 0.794922 0.650391 0.794922 0.648438
0 0.884766 0.646484 0.880859 0.650391 0.880859 0.660156 0.886719 0.666016 0.888672 0.666016 0.890625 0.667969 0.896484 0.667969 0.900391 0.664062 0.900391 0.660156 0.902344 0.658203 0.902344 0.656250 0.900391 0.654297 0.900391 0.650391 0.890625 0.644531 0.888672 0.646484
0 0.259766 0.648438 0.257812 0.650391 0.259766 0.652344 0.261719 0.650391
0 0.509766 0.648438 0.500000 0.648438 0.494141 0.654297 0.494141 0.662109 0.498047 0.666016 0.501953 0.666016 0.507812 0.660156 0.509766 0.660156 0.513672 0.656250 0.513672 0.652344
0 0.869141 0.652344 0.863281 0.658203 0.863281 0.662109 0.865234 0.664062 0.869141 0.664062 0.873047 0.660156 0.873047 0.656250
1 0.939453 0.660156 0.939453 0.664062 0.943359 0.669922 0.953125 0.669922 0.960938 0.662109 0.968750 0.666016 0.970703 0.669922 0.974609 0.669922 0.974609 0.664062 0.972656 0.662109 0.974609 0.658203 0.972656 0.654297 0.968750 0.652344 0.962891 0.654297 0.960938 0.658203 0.958984 0.658203 0.953125 0.652344 0.945312 0.652344
1 0.560547 0.656250 0.556641 0.656250 0.552734 0.660156 0.552734 0.664062 0.548828 0.667969 0.548828 0.669922 0.546875 0.671875 0.548828 0.673828 0.552734 0.673828 0.556641 0.667969 0.560547 0.667969 0.562500 0.666016 0.562500 0.660156 0.560547 0.658203
0 0.794922 0.658203 0.792969 0.660156 0.792969 0.666016 0.794922 0.667969 0.796875 0.667969 0.798828 0.669922 0.800781 0.667969 0.802734 0.667969 0.804688 0.666016 0.804688 0.660156 0.802734 0.658203
1 0.439453 0.662109 0.433594 0.666016 0.423828 0.667969 0.416016 0.675781 0.416016 0.679688 0.419922 0.683594 0.419922 0.685547 0.427734 0.685547 0.431641 0.681641 0.431641 0.673828 0.433594 0.671875 0.433594 0.669922 0.437500 0.666016 0.439453 0.666016
0 0.287109 0.666016 0.287109 0.669922 0.289062 0.669922 0.289062 0.666016
0 0.759766 0.669922 0.761719 0.669922 0.763672 0.671875 0.763672 0.673828 0.761719 0.675781 0.759766 0.675781 0.759766 0.677734 0.761719 0.677734 0.765625 0.681641 0.769531 0.677734 0.773438 0.677734 0.779297 0.681641 0.783203 0.677734 0.783203 0.673828 0.781250 0.671875 0.775391 0.671875 0.769531 0.666016 0.767578 0.667969 0.765625 0.666016 0.763672 0.666016
0 0.275391 0.669922 0.275391 0.671875 0.273438 0.673828 0.273438 0.675781 0.275391 0.677734 0.279297 0.677734 0.279297 0.671875 0.281250 0.669922
0 0.443359 0.667969 0.443359 0.671875 0.445312 0.673828 0.447266 0.671875 0.447266 0.669922 0.445312 0.667969
1 0.492188 0.675781 0.492188 0.679688 0.498047 0.685547 0.500000 0.683594 0.501953 0.683594 0.507812 0.677734 0.509766 0.677734 0.511719 0.679688 0.515625 0.679688 0.517578 0.677734 0.517578 0.673828 0.515625 0.671875 0.511719 0.671875 0.509766 0.673828 0.507812 0.671875 0.505859 0.673828 0.503906 0.671875 0.503906 0.669922 0.498047 0.669922
0 0.462891 0.671875 0.460938 0.673828 0.460938 0.679688 0.462891 0.681641 0.468750 0.681641 0.468750 0.679688 0.470703 0.677734 0.470703 0.675781 0.466797 0.671875
0 0.613281 0.677734 0.605469 0.677734 0.601562 0.681641 0.603516 0.683594 0.601562 0.685547 0.603516 0.687500 0.603516 0.689453 0.605469 0.691406 0.607422 0.691406 0.609375 0.693359 0.615234 0.687500 0.617188 0.687500 0.617188 0.685547 0.615234 0.683594 0.615234 0.679688
1 0.990234 0.677734 0.984375 0.683594 0.984375 0.695312 0.986328 0.697266 0.986328 0.699219 0.990234 0.703125 0.992188 0.703125 0.998047 0.707031 0.998047 0.681641 0.994141 0.677734
0 0.732422 0.679688 0.730469 0.681641 0.728516 0.681641 0.730469 0.683594 0.730469 0.685547 0.732422 0.685547 0.734375 0.683594 0.732422 0.681641
0 0.349609 0.683594 0.345703 0.683594 0.343750 0.685547 0.345703 0.687500 0.347656 0.687500 0.349609 0.685547
0 0.414062 0.685547 0.410156 0.689453 0.412109 0.691406 0.414062 0.691406
0 0.742188 0.689453 0.742188 0.697266 0.750000 0.707031 0.753906 0.705078 0.757812 0.708984 0.769531 0.708984 0.773438 0.705078 0.781250 0.701172 0.781250 0.695312 0.775391 0.691406 0.767578 0.691406 0.763672 0.687500 0.750000 0.687500 0.748047 0.685547
0 0.886719 0.685547 0.886719 0.687500 0.888672 0.689453 0.888672 0.691406 0.896484 0.691406 0.896484 0.685547 0.894531 0.685547 0.892578 0.683594 0.890625 0.683594 0.888672 0.685547
0 0.523438 0.691406 0.517578 0.705078 0.533203 0.728516 0.537109 0.775391 0.564453 0.775391 0.580078 0.765625 0.578125 0.755859 0.607422 0.736328 0.611328 0.724609 0.607422 0.716797 0.578125 0.708984 0.570312 0.699219 0.556641 0.699219 0.544922 0.689453
0 0.792969 0.687500 0.791016 0.689453 0.792969 0.691406 0.794922 0.689453
0 0.925781 0.687500 0.921875 0.687500 0.916016 0.693359 0.912109 0.693359 0.908203 0.697266 0.908203 0.707031 0.914062 0.712891 0.916016 0.712891 0.921875 0.716797 0.925781 0.712891 0.925781 0.708984 0.923828 0.707031 0.923828 0.699219 0.921875 0.697266 0.925781 0.693359
0 0.503906 0.691406 0.501953 0.693359 0.500000 0.691406 0.496094 0.691406 0.494141 0.693359 0.494141 0.697266 0.496094 0.699219 0.500000 0.699219 0.501953 0.697266 0.501953 0.693359
0 0.970703 0.693359 0.968750 0.695312 0.968750 0.703125 0.970703 0.705078 0.976562 0.705078 0.978516 0.703125 0.978516 0.701172 0.980469 0.699219 0.980469 0.697266 0.976562 0.693359
0 0.429688 0.695312 0.429688 0.699219 0.431641 0.699219 0.433594 0.697266 0.431641 0.695312
0 0.472656 0.695312 0.470703 0.697266 0.470703 0.699219 0.472656 0.701172 0.474609 0.701172 0.476562 0.699219 0.476562 0.697266 0.474609 0.695312
0 0.605469 0.697266 0.601562 0.701172 0.601562 0.705078 0.605469 0.708984 0.609375 0.708984 0.611328 0.707031 0.611328 0.705078 0.613281 0.703125 0.607422 0.697266
0 0.853516 0.695312 0.847656 0.699219 0.845703 0.705078 0.845703 0.710938 0.843750 0.712891 0.845703 0.716797 0.843750 0.718750 0.845703 0.716797 0.847656 0.720703 0.843750 0.728516 0.857422 0.720703 0.859375 0.724609 0.867188 0.730469 0.871094 0.726562 0.871094 0.718750 0.861328 0.712891 0.867188 0.701172 0.861328 0.695312
0 0.732422 0.703125 0.726562 0.710938 0.726562 0.724609 0.736328 0.736328 0.748047 0.736328 0.748047 0.734375 0.751953 0.730469 0.751953 0.720703 0.750000 0.718750 0.751953 0.716797 0.746094 0.708984 0.740234 0.708984 0.736328 0.705078 0.736328 0.703125
1 0.814453 0.707031 0.806641 0.703125 0.802734 0.703125 0.794922 0.708984 0.785156 0.708984 0.783203 0.707031 0.783203 0.710938 0.779297 0.712891 0.779297 0.716797 0.777344 0.718750 0.779297 0.720703 0.779297 0.724609 0.783203 0.726562 0.789062 0.726562 0.796875 0.720703 0.802734 0.720703 0.806641 0.722656 0.814453 0.716797
0 0.498047 0.707031 0.494141 0.710938 0.494141 0.712891 0.496094 0.714844 0.496094 0.718750 0.498047 0.720703 0.505859 0.720703 0.505859 0.718750 0.507812 0.716797 0.505859 0.714844 0.505859 0.710938 0.501953 0.707031
0 0.888672 0.710938 0.886719 0.712891 0.884766 0.712891 0.884766 0.714844 0.882812 0.716797 0.882812 0.718750 0.886719 0.722656 0.890625 0.722656 0.892578 0.720703 0.892578 0.714844
1 0.443359 0.714844 0.437500 0.720703 0.439453 0.722656 0.439453 0.726562 0.449219 0.734375 0.449219 0.736328 0.445312 0.740234 0.445312 0.742188 0.449219 0.742188 0.449219 0.740234 0.447266 0.738281 0.449219 0.736328 0.449219 0.734375 0.447266 0.732422 0.451172 0.728516 0.451172 0.718750 0.447266 0.714844
1 0.689453 0.716797 0.689453 0.722656 0.691406 0.724609 0.693359 0.724609 0.695312 0.722656 0.691406 0.718750 0.691406 0.716797
0 0.994141 0.714844 0.992188 0.716797 0.992188 0.722656 0.994141 0.724609 0.998047 0.724609 0.998047 0.714844
0 0.476562 0.720703 0.474609 0.718750 0.472656 0.720703 0.472656 0.722656 0.476562 0.722656
0 0.623047 0.724609 0.621094 0.722656 0.617188 0.726562 0.617188 0.728516 0.621094 0.728516 0.623047 0.726562
0 0.490234 0.728516 0.486328 0.732422 0.486328 0.734375 0.484375 0.736328 0.484375 0.740234 0.488281 0.744141 0.490234 0.744141 0.492188 0.742188 0.494141 0.742188 0.496094 0.744141 0.494141 0.742188 0.494141 0.732422 0.492188 0.732422 0.490234 0.730469
0 0.111328 0.732422 0.109375 0.734375 0.109375 0.738281 0.111328 0.740234 0.113281 0.740234 0.115234 0.738281 0.115234 0.734375 0.113281 0.732422
0 0.765625 0.732422 0.767578 0.734375 0.765625 0.736328 0.765625 0.742188 0.767578 0.744141 0.769531 0.744141 0.773438 0.740234 0.773438 0.736328 0.771484 0.734375 0.767578 0.734375
0 0.650391 0.734375 0.644531 0.738281 0.640625 0.736328 0.638672 0.738281 0.634766 0.738281 0.625000 0.746094 0.628906 0.763672 0.638672 0.769531 0.656250 0.759766 0.654297 0.757812 0.656250 0.753906 0.654297 0.750000 0.654297 0.740234
0 0.937500 0.734375 0.935547 0.734375 0.931641 0.740234 0.923828 0.740234 0.921875 0.738281 0.916016 0.744141 0.914062 0.753906 0.921875 0.763672 0.929688 0.763672 0.937500 0.757812 0.939453 0.753906 0.939453 0.746094 0.935547 0.742188 0.935547 0.740234 0.939453 0.736328
0 0.359375 0.738281 0.359375 0.740234 0.361328 0.740234 0.361328 0.738281
0 0.380859 0.738281 0.378906 0.740234 0.378906 0.744141 0.380859 0.746094 0.382812 0.744141 0.384766 0.744141 0.382812 0.742188 0.382812 0.740234
0 0.695312 0.751953 0.687500 0.744141 0.681641 0.746094 0.679688 0.750000 0.675781 0.750000 0.673828 0.748047 0.666016 0.750000 0.664062 0.751953 0.664062 0.757812 0.669922 0.763672 0.679688 0.755859 0.689453 0.763672 0.695312 0.757812
0 0.777344 0.755859 0.773438 0.751953 0.771484 0.751953 0.763672 0.761719 0.761719 0.761719 0.757812 0.757812 0.753906 0.757812 0.750000 0.761719 0.750000 0.765625 0.753906 0.769531 0.757812 0.769531 0.759766 0.767578 0.765625 0.771484 0.769531 0.771484 0.777344 0.763672
0 0.687500 0.787109 0.687500 0.792969 0.693359 0.798828 0.710938 0.796875 0.726562 0.798828 0.734375 0.792969 0.742188 0.794922 0.744141 0.791016 0.740234 0.789062 0.738281 0.791016 0.734375 0.787109 0.738281 0.777344 0.732422 0.769531 0.734375 0.759766 0.728516 0.755859 0.703125 0.757812 0.697266 0.767578 0.699219 0.775391
0 0.837891 0.765625 0.833984 0.761719 0.828125 0.761719 0.826172 0.759766 0.822266 0.761719 0.820312 0.759766 0.818359 0.761719 0.814453 0.761719 0.806641 0.767578 0.804688 0.775391 0.802734 0.777344 0.802734 0.783203 0.806641 0.787109 0.810547 0.785156 0.814453 0.787109 0.822266 0.787109 0.833984 0.779297 0.837891 0.773438
0 0.884766 0.757812 0.884766 0.759766 0.882812 0.761719 0.882812 0.765625 0.886719 0.769531 0.888672 0.769531 0.892578 0.765625 0.892578 0.759766 0.890625 0.757812
1 0.628906 0.781250 0.628906 0.785156 0.630859 0.785156 0.632812 0.787109 0.638672 0.787109 0.640625 0.789062 0.640625 0.792969 0.638672 0.794922 0.640625 0.792969 0.642578 0.794922 0.648438 0.794922 0.650391 0.792969 0.650391 0.789062 0.648438 0.787109 0.644531 0.787109 0.642578 0.785156 0.640625 0.785156 0.638672 0.783203 0.638672 0.781250 0.634766 0.777344 0.632812 0.777344
0 0.757812 0.777344 0.755859 0.777344 0.753906 0.779297 0.750000 0.779297 0.746094 0.783203 0.746094 0.785156 0.748047 0.787109 0.748047 0.789062 0.757812 0.789062 0.761719 0.785156 0.761719 0.783203 0.757812 0.779297
0 0.570312 0.791016 0.572266 0.794922 0.570312 0.796875 0.572266 0.806641 0.576172 0.812500 0.580078 0.814453 0.605469 0.816406 0.613281 0.810547 0.613281 0.802734 0.607422 0.796875 0.603516 0.796875 0.591797 0.781250 0.583984 0.781250 0.582031 0.783203 0.578125 0.781250
0 0.781250 0.781250 0.781250 0.785156 0.783203 0.785156 0.785156 0.787109 0.789062 0.783203 0.787109 0.781250
0 0.562500 0.792969 0.562500 0.794922 0.564453 0.796875 0.566406 0.796875 0.566406 0.792969
1 0.748047 0.800781 0.748047 0.810547 0.753906 0.814453 0.759766 0.814453 0.763672 0.812500 0.765625 0.814453 0.765625 0.822266 0.771484 0.830078 0.771484 0.833984 0.767578 0.837891 0.775391 0.847656 0.796875 0.847656 0.800781 0.845703 0.800781 0.841797 0.796875 0.837891 0.791016 0.837891 0.789062 0.835938 0.791016 0.832031 0.789062 0.828125 0.787109 0.830078 0.785156 0.828125 0.787109 0.824219 0.787109 0.816406 0.785156 0.814453 0.787109 0.812500 0.785156 0.814453 0.777344 0.808594 0.771484 0.808594 0.763672 0.812500 0.761719 0.810547 0.761719 0.804688 0.757812 0.800781 0.757812 0.798828 0.753906 0.796875
1 0.423828 0.810547 0.425781 0.812500 0.425781 0.816406 0.423828 0.818359 0.423828 0.826172 0.427734 0.830078 0.429688 0.830078 0.431641 0.832031 0.437500 0.832031 0.439453 0.830078 0.439453 0.822266 0.433594 0.816406 0.431641 0.816406 0.427734 0.812500 0.427734 0.808594 0.425781 0.810547
0 0.703125 0.808594 0.699219 0.812500 0.699219 0.814453 0.701172 0.816406 0.703125 0.816406 0.705078 0.814453 0.705078 0.810547
0 0.808594 0.808594 0.806641 0.810547 0.802734 0.810547 0.802734 0.812500 0.800781 0.814453 0.800781 0.818359 0.796875 0.824219 0.798828 0.824219 0.806641 0.832031 0.812500 0.832031 0.814453 0.830078 0.816406 0.830078 0.820312 0.826172 0.820312 0.816406 0.816406 0.810547 0.812500 0.810547 0.810547 0.808594
0 0.888672 0.818359 0.894531 0.824219 0.896484 0.824219 0.902344 0.830078 0.904297 0.830078 0.908203 0.826172 0.908203 0.822266 0.900391 0.814453 0.898438 0.814453 0.896484 0.812500 0.890625 0.818359
0 0.921875 0.816406 0.921875 0.822266 0.923828 0.824219 0.931641 0.824219 0.931641 0.816406 0.929688 0.814453 0.925781 0.814453 0.923828 0.816406
1 0.675781 0.816406 0.675781 0.820312 0.673828 0.822266 0.675781 0.824219 0.675781 0.826172 0.677734 0.826172 0.679688 0.828125 0.683594 0.828125 0.691406 0.835938 0.695312 0.835938 0.701172 0.830078 0.699219 0.828125 0.699219 0.826172 0.697266 0.826172 0.693359 0.822266 0.689453 0.826172 0.685547 0.822266 0.685547 0.818359 0.683594 0.816406
0 0.832031 0.822266 0.830078 0.824219 0.830078 0.828125 0.832031 0.830078 0.835938 0.830078 0.837891 0.828125 0.837891 0.824219 0.835938 0.822266
0 0.462891 0.824219 0.458984 0.828125 0.458984 0.830078 0.460938 0.832031 0.464844 0.832031 0.466797 0.830078 0.466797 0.828125
0 0.414062 0.830078 0.412109 0.830078 0.410156 0.832031 0.410156 0.833984 0.414062 0.837891 0.414062 0.839844 0.412109 0.841797 0.410156 0.841797 0.412109 0.843750 0.412109 0.845703 0.419922 0.837891 0.419922 0.835938
0 0.482422 0.830078 0.480469 0.830078 0.478516 0.832031 0.478516 0.833984 0.480469 0.835938 0.482422 0.833984
0 0.974609 0.828125 0.972656 0.830078 0.972656 0.835938 0.974609 0.837891 0.976562 0.837891 0.978516 0.839844 0.978516 0.837891 0.982422 0.833984 0.980469 0.832031 0.980469 0.830078 0.978516 0.828125
0 0.443359 0.832031 0.443359 0.833984 0.445312 0.835938 0.445312 0.832031
1 0.828125 0.832031 0.826172 0.833984 0.822266 0.833984 0.814453 0.843750 0.816406 0.853516 0.822266 0.857422 0.816406 0.865234 0.816406 0.873047 0.818359 0.875000 0.822266 0.875000 0.826172 0.871094 0.826172 0.863281 0.824219 0.859375 0.835938 0.851562 0.833984 0.849609 0.835938 0.843750
0 0.847656 0.835938 0.845703 0.833984 0.843750 0.833984 0.839844 0.837891 0.841797 0.839844 0.845703 0.839844 0.847656 0.837891
0 0.962891 0.833984 0.960938 0.832031 0.958984 0.832031 0.957031 0.833984 0.957031 0.835938 0.960938 0.835938
1 0.947266 0.835938 0.941406 0.843750 0.939453 0.849609 0.943359 0.851562 0.941406 0.855469 0.943359 0.857422 0.943359 0.861328 0.951172 0.867188 0.957031 0.863281 0.957031 0.855469 0.955078 0.853516 0.947266 0.853516 0.943359 0.849609 0.947266 0.845703 0.951172 0.845703 0.955078 0.841797 0.951172 0.835938
0 0.390625 0.839844 0.386719 0.843750 0.386719 0.847656 0.388672 0.849609 0.390625 0.849609 0.392578 0.851562 0.394531 0.849609 0.394531 0.843750
0 0.423828 0.845703 0.421875 0.845703 0.417969 0.849609 0.417969 0.855469 0.419922 0.857422 0.423828 0.857422 0.427734 0.853516 0.427734 0.849609
0 0.615234 0.843750 0.611328 0.847656 0.611328 0.855469 0.615234 0.855469 0.617188 0.857422 0.619141 0.857422 0.623047 0.853516 0.623047 0.847656 0.619141 0.843750
0 0.718750 0.849609 0.712891 0.851562 0.707031 0.859375 0.693359 0.859375 0.689453 0.863281 0.691406 0.865234 0.691406 0.871094 0.701172 0.878906 0.710938 0.878906 0.716797 0.873047 0.714844 0.871094 0.714844 0.867188 0.718750 0.865234 0.718750 0.863281 0.722656 0.859375 0.722656 0.853516 0.720703 0.853516
0 0.476562 0.853516 0.476562 0.855469 0.474609 0.857422 0.474609 0.863281 0.480469 0.863281 0.482422 0.861328 0.482422 0.857422 0.478516 0.853516
1 0.730469 0.857422 0.730469 0.855469 0.732422 0.853516 0.734375 0.855469 0.734375 0.857422 0.740234 0.857422 0.742188 0.855469 0.740234 0.853516 0.740234 0.851562 0.734375 0.851562 0.730469 0.855469
0 0.839844 0.857422 0.837891 0.859375 0.837891 0.865234 0.839844 0.867188 0.845703 0.867188 0.847656 0.865234 0.847656 0.863281 0.845703 0.861328 0.845703 0.857422
0 0.886719 0.855469 0.884766 0.857422 0.884766 0.859375 0.886719 0.861328 0.888672 0.861328 0.890625 0.859375 0.890625 0.857422 0.888672 0.855469
0 0.960938 0.861328 0.962891 0.863281 0.962891 0.871094 0.966797 0.878906 0.974609 0.882812 0.978516 0.880859 0.986328 0.880859 0.988281 0.882812 0.988281 0.878906 0.986328 0.876953 0.986328 0.863281 0.980469 0.855469 0.968750 0.855469 0.962891 0.861328
0 0.466797 0.865234 0.462891 0.869141 0.462891 0.871094 0.464844 0.873047 0.470703 0.873047 0.470703 0.867188 0.468750 0.865234
0 0.769531 0.873047 0.769531 0.875000 0.771484 0.876953 0.775391 0.876953 0.783203 0.884766 0.789062 0.884766 0.792969 0.878906 0.792969 0.875000 0.791016 0.873047 0.791016 0.869141 0.787109 0.865234 0.781250 0.865234 0.781250 0.867188 0.779297 0.869141 0.777344 0.869141 0.775391 0.871094 0.771484 0.871094
0 0.626953 0.869141 0.625000 0.871094 0.625000 0.878906 0.626953 0.878906 0.628906 0.880859 0.630859 0.880859 0.634766 0.876953 0.634766 0.871094 0.632812 0.869141
0 0.896484 0.867188 0.894531 0.869141 0.896484 0.871094 0.898438 0.871094 0.900391 0.869141 0.898438 0.867188
0 0.576172 0.873047 0.574219 0.875000 0.572266 0.875000 0.570312 0.876953 0.572266 0.878906 0.576172 0.878906
0 0.669922 0.871094 0.669922 0.875000 0.671875 0.875000 0.673828 0.873047 0.671875 0.871094
0 0.958984 0.873047 0.957031 0.873047 0.955078 0.871094 0.953125 0.871094 0.949219 0.875000 0.949219 0.880859 0.953125 0.880859 0.957031 0.876953 0.957031 0.875000
0 0.548828 0.878906 0.544922 0.882812 0.544922 0.888672 0.548828 0.892578 0.552734 0.892578 0.556641 0.888672 0.556641 0.882812 0.552734 0.878906
0 0.908203 0.878906 0.904297 0.882812 0.904297 0.884766 0.902344 0.886719 0.902344 0.890625 0.908203 0.896484 0.916016 0.896484 0.917969 0.894531 0.919922 0.894531 0.921875 0.892578 0.921875 0.882812 0.917969 0.878906
0 0.935547 0.878906 0.933594 0.878906 0.933594 0.880859
0 0.517578 0.884766 0.515625 0.882812 0.513672 0.884766 0.511719 0.884766 0.513672 0.884766 0.515625 0.886719
0 0.675781 0.886719 0.671875 0.890625 0.671875 0.892578 0.675781 0.896484 0.677734 0.896484 0.679688 0.894531 0.679688 0.888672 0.677734 0.886719
0 0.640625 0.890625 0.638672 0.890625 0.634766 0.894531 0.634766 0.898438 0.636719 0.900391 0.636719 0.902344 0.640625 0.902344 0.642578 0.900391 0.642578 0.894531 0.640625 0.892578
0 0.781250 0.890625 0.781250 0.892578 0.779297 0.894531 0.779297 0.896484 0.781250 0.898438 0.783203 0.898438 0.785156 0.896484 0.785156 0.892578 0.783203 0.890625
0 0.980469 0.890625 0.978516 0.892578 0.978516 0.894531 0.980469 0.896484 0.982422 0.896484 0.982422 0.890625
0 0.832031 0.898438 0.835938 0.902344 0.837891 0.902344 0.837891 0.898438 0.835938 0.896484 0.833984 0.898438
0 0.878906 0.902344 0.878906 0.904297 0.880859 0.906250 0.880859 0.908203 0.882812 0.910156 0.890625 0.910156 0.890625 0.908203 0.892578 0.906250 0.892578 0.902344 0.888672 0.898438 0.884766 0.898438 0.882812 0.900391 0.880859 0.900391
0 0.898438 0.900391 0.898438 0.902344 0.900391 0.904297 0.902344 0.904297 0.904297 0.902344 0.902344 0.900391
0 0.806641 0.902344 0.804688 0.904297 0.804688 0.906250 0.810547 0.912109 0.810547 0.904297 0.808594 0.902344
0 0.257812 0.908203 0.255859 0.910156 0.255859 0.916016 0.257812 0.917969 0.263672 0.917969 0.265625 0.916016 0.265625 0.910156 0.263672 0.908203
0 0.857422 0.906250 0.857422 0.908203 0.853516 0.912109 0.853516 0.916016 0.859375 0.916016 0.859375 0.912109 0.861328 0.910156 0.859375 0.910156 0.857422 0.908203
0 0.351562 0.910156 0.349609 0.912109 0.349609 0.914062 0.351562 0.916016 0.355469 0.916016 0.355469 0.910156
0 0.544922 0.910156 0.542969 0.912109 0.542969 0.914062 0.544922 0.916016 0.546875 0.916016 0.548828 0.914062 0.548828 0.912109 0.546875 0.910156
0 0.980469 0.912109 0.976562 0.912109 0.978516 0.914062 0.972656 0.919922 0.970703 0.919922 0.970703 0.921875 0.968750 0.923828 0.968750 0.927734 0.972656 0.931641 0.978516 0.931641 0.980469 0.929688 0.982422 0.929688 0.982422 0.921875 0.980469 0.919922 0.980469 0.916016 0.978516 0.914062
1 0.681641 0.916016 0.673828 0.916016 0.671875 0.917969 0.671875 0.919922 0.669922 0.921875 0.669922 0.925781 0.662109 0.931641 0.662109 0.943359 0.671875 0.943359 0.673828 0.941406 0.673828 0.931641 0.679688 0.925781 0.679688 0.923828 0.681641 0.921875 0.679688 0.919922 0.681641 0.917969
0 0.824219 0.916016 0.822266 0.914062 0.820312 0.916016 0.820312 0.917969 0.824219 0.917969
1 0.894531 0.917969 0.892578 0.917969 0.890625 0.919922 0.892578 0.919922
0 0.371094 0.931641 0.367188 0.931641 0.363281 0.935547 0.363281 0.939453 0.367188 0.943359 0.369141 0.943359 0.371094 0.941406 0.373047 0.941406 0.373047 0.933594
0 0.933594 0.945312 0.935547 0.947266 0.921875 0.966797 0.931641 0.972656 0.931641 0.992188 0.927734 0.998047 0.968750 0.998047 0.960938 0.996094 0.957031 0.990234 0.960938 0.986328 0.957031 0.976562 0.970703 0.964844 0.968750 0.957031 0.953125 0.941406
0 0.697266 0.947266 0.691406 0.953125 0.691406 0.957031 0.695312 0.960938 0.703125 0.960938 0.707031 0.957031 0.707031 0.951172 0.705078 0.949219 0.703125 0.949219 0.701172 0.947266
0 0.345703 0.960938 0.343750 0.962891 0.343750 0.964844 0.345703 0.966797 0.347656 0.964844 0.347656 0.962891
0 0.673828 0.964844 0.671875 0.964844 0.666016 0.970703 0.666016 0.974609 0.664062 0.976562 0.664062 0.984375 0.667969 0.988281 0.669922 0.986328 0.671875 0.986328 0.675781 0.982422 0.677734 0.982422 0.681641 0.978516 0.681641 0.970703 0.679688 0.968750 0.677734 0.968750
0 0.740234 0.972656 0.738281 0.974609 0.738281 0.976562 0.740234 0.978516 0.742188 0.978516 0.744141 0.976562 0.744141 0.974609 0.742188 0.972656
0 0.896484 0.978516 0.896484 0.980469 0.894531 0.982422 0.894531 0.984375 0.898438 0.988281 0.902344 0.984375 0.902344 0.982422 0.898438 0.978516
1 0.718750 0.990234 0.714844 0.986328 0.710938 0.986328 0.707031 0.992188 0.687500 0.988281 0.685547 0.990234 0.679688 0.990234 0.671875 0.998047 0.714844 0.998047
0 0.785156 0.986328 0.783203 0.988281 0.783203 0.990234 0.785156 0.992188 0.787109 0.992188 0.789062 0.990234 0.787109 0.988281 0.787109 0.986328
0 0.974609 0.988281 0.972656 0.990234 0.972656 0.994141 0.974609 0.996094 0.978516 0.996094 0.980469 0.994141 0.980469 0.990234 0.978516 0.990234 0.976562 0.988281
1 0.642578 0.998047 0.636719 0.992188 0.634766 0.994141 0.632812 0.994141 0.628906 0.998047
1 0.775391 0.998047 0.773438 0.996094 0.769531 0.996094 0.767578 0.998047 0.755859 0.998047
0 0.023438 0.000000 0.023438 0.001953 0.017578 0.007812 0.011719 0.007812 0.005859 0.001953 0.005859 0.000000
0 0.017578 0.041016 0.015625 0.042969 0.015625 0.044922 0.013672 0.046875 0.007812 0.046875 0.005859 0.044922 0.005859 0.042969 0.003906 0.041016 0.003906 0.039062 0.005859 0.037109 0.005859 0.035156 0.007812 0.033203 0.013672 0.033203 0.015625 0.035156 0.015625 0.037109 0.017578 0.039062
0 0.031250 0.072266 0.025391 0.078125 0.019531 0.078125 0.013672 0.072266 0.013672 0.066406 0.019531 0.060547 0.025391 0.060547 0.031250 0.066406
0 0.033203 0.091797 0.031250 0.091797 0.029297 0.093750 0.025391 0.093750 0.023438 0.091797 0.023438 0.085938 0.025391 0.083984 0.029297 0.083984 0.031250 0.085938 0.033203 0.085938
0 0.041016 0.119141 0.039062 0.119141 0.037109 0.121094 0.033203 0.121094 0.031250 0.119141 0.031250 0.113281 0.033203 0.111328 0.037109 0.111328 0.039062 0.113281 0.041016 0.113281
0 0.529297 0.115234 0.529297 0.119141 0.525391 0.119141 0.523438 0.117188 0.527344 0.113281
0 0.537109 0.119141 0.537109 0.123047 0.533203 0.123047 0.531250 0.121094 0.535156 0.117188
0 0.884766 0.119141 0.884766 0.123047 0.880859 0.123047 0.878906 0.121094 0.882812 0.117188
0 0.896484 0.119141 0.896484 0.123047 0.892578 0.123047 0.890625 0.121094 0.894531 0.117188
0 0.037109 0.123047 0.037109 0.126953 0.033203 0.126953 0.031250 0.125000 0.035156 0.121094
0 0.527344 0.125000 0.527344 0.128906 0.523438 0.128906 0.521484 0.126953 0.525391 0.123047
0 0.894531 0.125000 0.894531 0.128906 0.890625 0.128906 0.888672 0.126953 0.892578 0.123047
0 0.533203 0.126953 0.533203 0.130859 0.529297 0.130859 0.527344 0.128906 0.531250 0.125000
0 0.164062 0.134766 0.162109 0.134766 0.160156 0.136719 0.156250 0.136719 0.154297 0.134766 0.154297 0.128906 0.156250 0.126953 0.160156 0.126953 0.162109 0.128906 0.164062 0.128906
0 0.154297 0.152344 0.154297 0.156250 0.150391 0.156250 0.148438 0.154297 0.152344 0.150391
0 0.164062 0.160156 0.162109 0.160156 0.160156 0.162109 0.156250 0.162109 0.154297 0.160156 0.154297 0.154297 0.156250 0.152344 0.160156 0.152344 0.162109 0.154297 0.164062 0.154297
0 0.693359 0.195312 0.693359 0.199219 0.689453 0.199219 0.687500 0.197266 0.691406 0.193359
0 0.681641 0.197266 0.681641 0.201172 0.677734 0.201172 0.675781 0.199219 0.679688 0.195312
0 0.033203 0.205078 0.027344 0.210938 0.021484 0.210938 0.015625 0.205078 0.015625 0.199219 0.021484 0.193359 0.027344 0.193359 0.033203 0.199219
0 0.691406 0.203125 0.691406 0.207031 0.687500 0.207031 0.685547 0.205078 0.689453 0.201172
0 0.066406 0.210938 0.064453 0.210938 0.062500 0.212891 0.058594 0.212891 0.056641 0.210938 0.056641 0.205078 0.058594 0.203125 0.062500 0.203125 0.064453 0.205078 0.066406 0.205078
0 0.083984 0.212891 0.082031 0.212891 0.080078 0.214844 0.076172 0.214844 0.074219 0.212891 0.074219 0.207031 0.076172 0.205078 0.080078 0.205078 0.082031 0.207031 0.083984 0.207031
0 0.550781 0.208984 0.550781 0.212891 0.546875 0.212891 0.544922 0.210938 0.548828 0.207031
0 0.042969 0.232422 0.041016 0.232422 0.039062 0.234375 0.029297 0.234375 0.023438 0.228516 0.023438 0.218750 0.025391 0.216797 0.027344 0.216797 0.027344 0.214844 0.029297 0.212891 0.039062 0.212891 0.044922 0.218750 0.044922 0.228516 0.042969 0.230469
0 0.074219 0.228516 0.072266 0.228516 0.070312 0.230469 0.066406 0.230469 0.064453 0.228516 0.064453 0.222656 0.066406 0.220703 0.070312 0.220703 0.072266 0.222656 0.074219 0.222656
0 0.044922 0.242188 0.042969 0.244141 0.042969 0.246094 0.041016 0.248047 0.035156 0.248047 0.033203 0.246094 0.033203 0.244141 0.031250 0.242188 0.031250 0.240234 0.033203 0.238281 0.033203 0.236328 0.035156 0.234375 0.041016 0.234375 0.042969 0.236328 0.042969 0.238281 0.044922 0.240234
0 0.046875 0.255859 0.044922 0.257812 0.044922 0.259766 0.042969 0.261719 0.037109 0.261719 0.035156 0.259766 0.035156 0.257812 0.033203 0.255859 0.033203 0.253906 0.035156 0.251953 0.035156 0.250000 0.037109 0.248047 0.042969 0.248047 0.044922 0.250000 0.044922 0.251953 0.046875 0.253906
0 0.123047 0.253906 0.123047 0.257812 0.119141 0.257812 0.117188 0.255859 0.121094 0.251953
0 0.447266 0.261719 0.445312 0.261719 0.443359 0.263672 0.439453 0.263672 0.437500 0.261719 0.437500 0.255859 0.439453 0.253906 0.443359 0.253906 0.445312 0.255859 0.447266 0.255859
0 0.113281 0.259766 0.113281 0.263672 0.109375 0.263672 0.107422 0.261719 0.111328 0.257812
0 0.464844 0.265625 0.462891 0.265625 0.460938 0.267578 0.457031 0.267578 0.455078 0.265625 0.455078 0.259766 0.457031 0.257812 0.460938 0.257812 0.462891 0.259766 0.464844 0.259766
0 0.119141 0.265625 0.119141 0.269531 0.115234 0.269531 0.113281 0.267578 0.117188 0.263672
0 0.046875 0.271484 0.044922 0.273438 0.044922 0.275391 0.042969 0.277344 0.037109 0.277344 0.035156 0.275391 0.035156 0.273438 0.033203 0.271484 0.033203 0.269531 0.035156 0.267578 0.035156 0.265625 0.037109 0.263672 0.042969 0.263672 0.044922 0.265625 0.044922 0.267578 0.046875 0.269531
0 0.419922 0.273438 0.417969 0.273438 0.416016 0.275391 0.412109 0.275391 0.410156 0.273438 0.410156 0.267578 0.412109 0.265625 0.416016 0.265625 0.417969 0.267578 0.419922 0.267578
0 0.443359 0.279297 0.441406 0.279297 0.439453 0.281250 0.429688 0.281250 0.423828 0.275391 0.423828 0.265625 0.425781 0.263672 0.427734 0.263672 0.427734 0.261719 0.429688 0.259766 0.439453 0.259766 0.445312 0.265625 0.445312 0.275391 0.443359 0.277344
0 0.041016 0.287109 0.039062 0.287109 0.037109 0.289062 0.033203 0.289062 0.031250 0.287109 0.031250 0.281250 0.033203 0.279297 0.037109 0.279297 0.039062 0.281250 0.041016 0.281250
0 0.419922 0.289062 0.417969 0.289062 0.416016 0.291016 0.412109 0.291016 0.410156 0.289062 0.410156 0.283203 0.412109 0.281250 0.416016 0.281250 0.417969 0.283203 0.419922 0.283203
0 0.156250 0.292969 0.156250 0.296875 0.152344 0.296875 0.150391 0.294922 0.154297 0.291016
0 0.228516 0.292969 0.228516 0.296875 0.224609 0.296875 0.222656 0.294922 0.226562 0.291016
0 0.234375 0.298828 0.234375 0.302734 0.230469 0.302734 0.228516 0.300781 0.232422 0.296875
0 0.265625 0.298828 0.265625 0.302734 0.261719 0.302734 0.259766 0.300781 0.263672 0.296875
0 0.179688 0.310547 0.177734 0.310547 0.175781 0.312500 0.166016 0.312500 0.160156 0.306641 0.160156 0.296875 0.162109 0.294922 0.164062 0.294922 0.164062 0.292969 0.166016 0.291016 0.175781 0.291016 0.181641 0.296875 0.181641 0.306641 0.179688 0.308594
0 0.197266 0.304688 0.195312 0.304688 0.193359 0.306641 0.189453 0.306641 0.187500 0.304688 0.187500 0.298828 0.189453 0.296875 0.193359 0.296875 0.195312 0.298828 0.197266 0.298828
0 0.042969 0.304688 0.041016 0.306641 0.041016 0.308594 0.039062 0.310547 0.033203 0.310547 0.031250 0.308594 0.031250 0.306641 0.029297 0.304688 0.029297 0.302734 0.031250 0.300781 0.031250 0.298828 0.033203 0.296875 0.039062 0.296875 0.041016 0.298828 0.041016 0.300781 0.042969 0.302734
0 0.208984 0.302734 0.208984 0.306641 0.205078 0.306641 0.203125 0.304688 0.207031 0.300781
0 0.251953 0.306641 0.246094 0.312500 0.240234 0.312500 0.234375 0.306641 0.234375 0.300781 0.240234 0.294922 0.246094 0.294922 0.251953 0.300781
0 0.218750 0.306641 0.216797 0.308594 0.216797 0.310547 0.214844 0.312500 0.208984 0.312500 0.207031 0.310547 0.207031 0.308594 0.205078 0.306641 0.205078 0.304688 0.207031 0.302734 0.207031 0.300781 0.208984 0.298828 0.214844 0.298828 0.216797 0.300781 0.216797 0.302734 0.218750 0.304688
0 0.164062 0.314453 0.158203 0.320312 0.152344 0.320312 0.146484 0.314453 0.146484 0.308594 0.152344 0.302734 0.158203 0.302734 0.164062 0.308594
0 0.347656 0.312500 0.347656 0.316406 0.343750 0.316406 0.341797 0.314453 0.345703 0.310547
0 0.365234 0.316406 0.363281 0.316406 0.361328 0.318359 0.357422 0.318359 0.355469 0.316406 0.355469 0.310547 0.357422 0.308594 0.361328 0.308594 0.363281 0.310547 0.365234 0.310547
0 0.263672 0.314453 0.263672 0.318359 0.259766 0.318359 0.257812 0.316406 0.261719 0.312500
0 0.414062 0.314453 0.414062 0.318359 0.410156 0.318359 0.408203 0.316406 0.412109 0.312500
0 0.402344 0.324219 0.400391 0.324219 0.398438 0.326172 0.394531 0.326172 0.392578 0.324219 0.392578 0.318359 0.394531 0.316406 0.398438 0.316406 0.400391 0.318359 0.402344 0.318359
0 0.058594 0.326172 0.056641 0.326172 0.054688 0.328125 0.050781 0.328125 0.048828 0.326172 0.048828 0.320312 0.050781 0.318359 0.054688 0.318359 0.056641 0.320312 0.058594 0.320312
0 0.281250 0.332031 0.279297 0.332031 0.277344 0.333984 0.267578 0.333984 0.261719 0.328125 0.261719 0.318359 0.263672 0.316406 0.265625 0.316406 0.265625 0.314453 0.267578 0.312500 0.277344 0.312500 0.283203 0.318359 0.283203 0.328125 0.281250 0.330078
0 0.136719 0.328125 0.134766 0.328125 0.132812 0.330078 0.128906 0.330078 0.126953 0.328125 0.126953 0.322266 0.128906 0.320312 0.132812 0.320312 0.134766 0.322266 0.136719 0.322266
0 0.201172 0.328125 0.199219 0.328125 0.197266 0.330078 0.193359 0.330078 0.191406 0.328125 0.191406 0.322266 0.193359 0.320312 0.197266 0.320312 0.199219 0.322266 0.201172 0.322266
0 0.392578 0.332031 0.386719 0.337891 0.380859 0.337891 0.375000 0.332031 0.375000 0.326172 0.380859 0.320312 0.386719 0.320312 0.392578 0.326172
0 0.423828 0.332031 0.421875 0.332031 0.419922 0.333984 0.416016 0.333984 0.414062 0.332031 0.414062 0.326172 0.416016 0.324219 0.419922 0.324219 0.421875 0.326172 0.423828 0.326172
0 0.125000 0.333984 0.123047 0.333984 0.121094 0.335938 0.117188 0.335938 0.115234 0.333984 0.115234 0.328125 0.117188 0.326172 0.121094 0.326172 0.123047 0.328125 0.125000 0.328125
0 0.279297 0.330078 0.279297 0.333984 0.275391 0.333984 0.273438 0.332031 0.277344 0.328125
0 0.289062 0.330078 0.289062 0.333984 0.285156 0.333984 0.283203 0.332031 0.287109 0.328125
0 0.437500 0.330078 0.437500 0.333984 0.433594 0.333984 0.431641 0.332031 0.435547 0.328125
0 0.445312 0.330078 0.445312 0.333984 0.441406 0.333984 0.439453 0.332031 0.443359 0.328125
0 0.361328 0.333984 0.359375 0.335938 0.359375 0.337891 0.357422 0.339844 0.351562 0.339844 0.349609 0.337891 0.349609 0.335938 0.347656 0.333984 0.347656 0.332031 0.349609 0.330078 0.349609 0.328125 0.351562 0.326172 0.357422 0.326172 0.359375 0.328125 0.359375 0.330078 0.361328 0.332031
0 0.187500 0.335938 0.185547 0.337891 0.185547 0.339844 0.183594 0.341797 0.177734 0.341797 0.175781 0.339844 0.175781 0.337891 0.173828 0.335938 0.173828 0.333984 0.175781 0.332031 0.175781 0.330078 0.177734 0.328125 0.183594 0.328125 0.185547 0.330078 0.185547 0.332031 0.187500 0.333984
0 0.429688 0.341797 0.423828 0.347656 0.417969 0.347656 0.412109 0.341797 0.412109 0.335938 0.417969 0.330078 0.423828 0.330078 0.429688 0.335938
0 0.435547 0.341797 0.433594 0.341797 0.431641 0.343750 0.427734 0.343750 0.425781 0.341797 0.425781 0.335938 0.427734 0.333984 0.431641 0.333984 0.433594 0.335938 0.435547 0.335938
0 0.408203 0.343750 0.406250 0.343750 0.404297 0.345703 0.400391 0.345703 0.398438 0.343750 0.398438 0.337891 0.400391 0.335938 0.404297 0.335938 0.406250 0.337891 0.408203 0.337891
0 0.449219 0.339844 0.449219 0.343750 0.445312 0.343750 0.443359 0.341797 0.447266 0.337891
0 0.099609 0.351562 0.097656 0.351562 0.095703 0.353516 0.085938 0.353516 0.080078 0.347656 0.080078 0.337891 0.082031 0.335938 0.083984 0.335938 0.083984 0.333984 0.085938 0.332031 0.095703 0.332031 0.101562 0.337891 0.101562 0.347656 0.099609 0.349609
0 0.064453 0.351562 0.058594 0.357422 0.052734 0.357422 0.046875 0.351562 0.046875 0.345703 0.052734 0.339844 0.058594 0.339844 0.064453 0.345703
0 0.310547 0.351562 0.308594 0.351562 0.306641 0.353516 0.302734 0.353516 0.300781 0.351562 0.300781 0.345703 0.302734 0.343750 0.306641 0.343750 0.308594 0.345703 0.310547 0.345703
0 0.447266 0.351562 0.447266 0.355469 0.443359 0.355469 0.441406 0.353516 0.445312 0.349609
0 0.285156 0.357422 0.283203 0.357422 0.281250 0.359375 0.277344 0.359375 0.275391 0.357422 0.275391 0.351562 0.277344 0.349609 0.281250 0.349609 0.283203 0.351562 0.285156 0.351562
0 0.433594 0.353516 0.433594 0.357422 0.429688 0.357422 0.427734 0.355469 0.431641 0.351562
0 0.154297 0.365234 0.152344 0.365234 0.150391 0.367188 0.140625 0.367188 0.134766 0.361328 0.134766 0.351562 0.136719 0.349609 0.138672 0.349609 0.138672 0.347656 0.140625 0.345703 0.150391 0.345703 0.156250 0.351562 0.156250 0.361328 0.154297 0.363281
0 0.449219 0.363281 0.447266 0.365234 0.447266 0.367188 0.445312 0.369141 0.439453 0.369141 0.437500 0.367188 0.437500 0.365234 0.435547 0.363281 0.435547 0.361328 0.437500 0.359375 0.437500 0.357422 0.439453 0.355469 0.445312 0.355469 0.447266 0.357422 0.447266 0.359375 0.449219 0.361328
0 0.904297 0.369141 0.898438 0.375000 0.892578 0.375000 0.886719 0.369141 0.886719 0.363281 0.892578 0.357422 0.898438 0.357422 0.904297 0.363281
0 0.910156 0.371094 0.904297 0.376953 0.898438 0.376953 0.892578 0.371094 0.892578 0.365234 0.898438 0.359375 0.904297 0.359375 0.910156 0.365234
0 0.617188 0.369141 0.617188 0.373047 0.613281 0.373047 0.611328 0.371094 0.615234 0.367188
0 0.609375 0.375000 0.607422 0.375000 0.605469 0.376953 0.601562 0.376953 0.599609 0.375000 0.599609 0.369141 0.601562 0.367188 0.605469 0.367188 0.607422 0.369141 0.609375 0.369141
0 0.490234 0.375000 0.490234 0.378906 0.486328 0.378906 0.484375 0.376953 0.488281 0.373047
0 0.445312 0.376953 0.445312 0.380859 0.441406 0.380859 0.439453 0.378906 0.443359 0.375000
0 0.462891 0.380859 0.460938 0.380859 0.458984 0.382812 0.455078 0.382812 0.453125 0.380859 0.453125 0.375000 0.455078 0.373047 0.458984 0.373047 0.460938 0.375000 0.462891 0.375000
0 0.626953 0.380859 0.625000 0.380859 0.623047 0.382812 0.619141 0.382812 0.617188 0.380859 0.617188 0.375000 0.619141 0.373047 0.623047 0.373047 0.625000 0.375000 0.626953 0.375000
0 0.144531 0.382812 0.142578 0.382812 0.140625 0.384766 0.136719 0.384766 0.134766 0.382812 0.134766 0.376953 0.136719 0.375000 0.140625 0.375000 0.142578 0.376953 0.144531 0.376953
0 0.320312 0.378906 0.320312 0.382812 0.316406 0.382812 0.314453 0.380859 0.318359 0.376953
0 0.330078 0.382812 0.330078 0.386719 0.326172 0.386719 0.324219 0.384766 0.328125 0.380859
0 0.451172 0.382812 0.451172 0.386719 0.447266 0.386719 0.445312 0.384766 0.449219 0.380859
0 0.498047 0.382812 0.498047 0.386719 0.494141 0.386719 0.492188 0.384766 0.496094 0.380859
0 0.623047 0.388672 0.621094 0.388672 0.619141 0.390625 0.615234 0.390625 0.613281 0.388672 0.613281 0.382812 0.615234 0.380859 0.619141 0.380859 0.621094 0.382812 0.623047 0.382812
0 0.318359 0.386719 0.318359 0.390625 0.314453 0.390625 0.312500 0.388672 0.316406 0.384766
0 0.003906 0.404297 0.000000 0.404297 0.000000 0.382812 0.003906 0.382812 0.005859 0.384766 0.005859 0.386719 0.007812 0.386719 0.009766 0.388672 0.009766 0.398438 0.007812 0.400391 0.007812 0.402344 0.005859 0.402344
0 0.175781 0.394531 0.173828 0.396484 0.173828 0.398438 0.171875 0.400391 0.166016 0.400391 0.164062 0.398438 0.164062 0.396484 0.162109 0.394531 0.162109 0.392578 0.164062 0.390625 0.164062 0.388672 0.166016 0.386719 0.171875 0.386719 0.173828 0.388672 0.173828 0.390625 0.175781 0.392578
0 0.908203 0.402344 0.906250 0.404297 0.906250 0.406250 0.904297 0.408203 0.898438 0.408203 0.896484 0.406250 0.896484 0.404297 0.894531 0.402344 0.894531 0.400391 0.896484 0.398438 0.896484 0.396484 0.898438 0.394531 0.904297 0.394531 0.906250 0.396484 0.906250 0.398438 0.908203 0.400391
0 0.285156 0.408203 0.283203 0.410156 0.283203 0.412109 0.281250 0.414062 0.275391 0.414062 0.273438 0.412109 0.273438 0.410156 0.271484 0.408203 0.271484 0.406250 0.273438 0.404297 0.273438 0.402344 0.275391 0.400391 0.281250 0.400391 0.283203 0.402344 0.283203 0.404297 0.285156 0.406250
0 0.482422 0.408203 0.482422 0.412109 0.478516 0.412109 0.476562 0.410156 0.480469 0.406250
0 0.425781 0.410156 0.425781 0.414062 0.421875 0.414062 0.419922 0.412109 0.423828 0.408203
0 0.445312 0.412109 0.443359 0.414062 0.443359 0.416016 0.441406 0.417969 0.435547 0.417969 0.433594 0.416016 0.433594 0.414062 0.431641 0.412109 0.431641 0.410156 0.433594 0.408203 0.433594 0.406250 0.435547 0.404297 0.441406 0.404297 0.443359 0.406250 0.443359 0.408203 0.445312 0.410156
0 0.314453 0.414062 0.312500 0.416016 0.312500 0.417969 0.310547 0.419922 0.304688 0.419922 0.302734 0.417969 0.302734 0.416016 0.300781 0.414062 0.300781 0.412109 0.302734 0.410156 0.302734 0.408203 0.304688 0.406250 0.310547 0.406250 0.312500 0.408203 0.312500 0.410156 0.314453 0.412109
0 0.199219 0.416016 0.197266 0.417969 0.197266 0.419922 0.195312 0.421875 0.189453 0.421875 0.187500 0.419922 0.187500 0.417969 0.185547 0.416016 0.185547 0.414062 0.187500 0.412109 0.187500 0.410156 0.189453 0.408203 0.195312 0.408203 0.197266 0.410156 0.197266 0.412109 0.199219 0.414062
0 0.250000 0.421875 0.248047 0.421875 0.246094 0.423828 0.242188 0.423828 0.240234 0.421875 0.240234 0.416016 0.242188 0.414062 0.246094 0.414062 0.248047 0.416016 0.250000 0.416016
0 0.947266 0.421875 0.945312 0.421875 0.943359 0.423828 0.939453 0.423828 0.937500 0.421875 0.937500 0.416016 0.939453 0.414062 0.943359 0.414062 0.945312 0.416016 0.947266 0.416016
0 0.433594 0.419922 0.433594 0.423828 0.429688 0.423828 0.427734 0.421875 0.431641 0.417969
0 0.201172 0.427734 0.199219 0.427734 0.197266 0.429688 0.193359 0.429688 0.191406 0.427734 0.191406 0.421875 0.193359 0.419922 0.197266 0.419922 0.199219 0.421875 0.201172 0.421875
0 0.001953 0.433594 0.000000 0.433594 0.000000 0.419922 0.001953 0.419922 0.003906 0.421875 0.003906 0.423828 0.005859 0.425781 0.005859 0.427734 0.003906 0.429688 0.003906 0.431641
0 0.949219 0.425781 0.949219 0.429688 0.945312 0.429688 0.943359 0.427734 0.947266 0.423828
0 0.958984 0.431641 0.957031 0.431641 0.955078 0.433594 0.951172 0.433594 0.949219 0.431641 0.949219 0.425781 0.951172 0.423828 0.955078 0.423828 0.957031 0.425781 0.958984 0.425781
0 0.435547 0.431641 0.433594 0.433594 0.433594 0.435547 0.431641 0.437500 0.425781 0.437500 0.423828 0.435547 0.423828 0.433594 0.421875 0.431641 0.421875 0.429688 0.423828 0.427734 0.423828 0.425781 0.425781 0.423828 0.431641 0.423828 0.433594 0.425781 0.433594 0.427734 0.435547 0.429688
0 0.234375 0.435547 0.232422 0.435547 0.230469 0.437500 0.226562 0.437500 0.224609 0.435547 0.224609 0.429688 0.226562 0.427734 0.230469 0.427734 0.232422 0.429688 0.234375 0.429688
0 0.373047 0.431641 0.373047 0.435547 0.369141 0.435547 0.367188 0.433594 0.371094 0.429688
0 0.447266 0.431641 0.447266 0.435547 0.443359 0.435547 0.441406 0.433594 0.445312 0.429688
0 0.277344 0.443359 0.275391 0.443359 0.273438 0.445312 0.263672 0.445312 0.257812 0.439453 0.257812 0.429688 0.259766 0.427734 0.261719 0.427734 0.261719 0.425781 0.263672 0.423828 0.273438 0.423828 0.279297 0.429688 0.279297 0.439453 0.277344 0.441406
0 0.417969 0.437500 0.417969 0.441406 0.414062 0.441406 0.412109 0.439453 0.416016 0.435547
0 0.378906 0.441406 0.378906 0.445312 0.375000 0.445312 0.373047 0.443359 0.376953 0.439453
0 0.419922 0.447266 0.417969 0.447266 0.416016 0.449219 0.412109 0.449219 0.410156 0.447266 0.410156 0.441406 0.412109 0.439453 0.416016 0.439453 0.417969 0.441406 0.419922 0.441406
0 0.208984 0.449219 0.207031 0.449219 0.205078 0.451172 0.201172 0.451172 0.199219 0.449219 0.199219 0.443359 0.201172 0.441406 0.205078 0.441406 0.207031 0.443359 0.208984 0.443359
0 0.240234 0.449219 0.238281 0.449219 0.236328 0.451172 0.232422 0.451172 0.230469 0.449219 0.230469 0.443359 0.232422 0.441406 0.236328 0.441406 0.238281 0.443359 0.240234 0.443359
0 0.300781 0.453125 0.298828 0.455078 0.298828 0.457031 0.296875 0.458984 0.291016 0.458984 0.289062 0.457031 0.289062 0.455078 0.287109 0.453125 0.287109 0.451172 0.289062 0.449219 0.289062 0.447266 0.291016 0.445312 0.296875 0.445312 0.298828 0.447266 0.298828 0.449219 0.300781 0.451172
0 0.363281 0.460938 0.361328 0.460938 0.359375 0.462891 0.349609 0.462891 0.343750 0.457031 0.343750 0.447266 0.345703 0.445312 0.347656 0.445312 0.347656 0.443359 0.349609 0.441406 0.359375 0.441406 0.365234 0.447266 0.365234 0.457031 0.363281 0.458984
0 0.378906 0.455078 0.376953 0.457031 0.376953 0.458984 0.375000 0.460938 0.369141 0.460938 0.367188 0.458984 0.367188 0.457031 0.365234 0.455078 0.365234 0.453125 0.367188 0.451172 0.367188 0.449219 0.369141 0.447266 0.375000 0.447266 0.376953 0.449219 0.376953 0.451172 0.378906 0.453125
0 0.771484 0.457031 0.765625 0.462891 0.759766 0.462891 0.753906 0.457031 0.753906 0.451172 0.759766 0.445312 0.765625 0.445312 0.771484 0.451172
0 0.412109 0.460938 0.410156 0.460938 0.408203 0.462891 0.404297 0.462891 0.402344 0.460938 0.402344 0.455078 0.404297 0.453125 0.408203 0.453125 0.410156 0.455078 0.412109 0.455078
0 0.218750 0.466797 0.212891 0.472656 0.207031 0.472656 0.201172 0.466797 0.201172 0.460938 0.207031 0.455078 0.212891 0.455078 0.218750 0.460938
0 0.423828 0.466797 0.421875 0.466797 0.419922 0.468750 0.416016 0.468750 0.414062 0.466797 0.414062 0.460938 0.416016 0.458984 0.419922 0.458984 0.421875 0.460938 0.423828 0.460938
0 0.324219 0.474609 0.322266 0.474609 0.320312 0.476562 0.310547 0.476562 0.304688 0.470703 0.304688 0.460938 0.306641 0.458984 0.308594 0.458984 0.308594 0.457031 0.310547 0.455078 0.320312 0.455078 0.326172 0.460938 0.326172 0.470703 0.324219 0.472656
0 0.337891 0.474609 0.335938 0.474609 0.333984 0.476562 0.330078 0.476562 0.328125 0.474609 0.328125 0.468750 0.330078 0.466797 0.333984 0.466797 0.335938 0.468750 0.337891 0.468750
0 0.742188 0.476562 0.736328 0.482422 0.730469 0.482422 0.724609 0.476562 0.724609 0.470703 0.730469 0.464844 0.736328 0.464844 0.742188 0.470703
0 0.412109 0.476562 0.410156 0.478516 0.410156 0.480469 0.408203 0.482422 0.402344 0.482422 0.400391 0.480469 0.400391 0.478516 0.398438 0.476562 0.398438 0.474609 0.400391 0.472656 0.400391 0.470703 0.402344 0.468750 0.408203 0.468750 0.410156 0.470703 0.410156 0.472656 0.412109 0.474609
0 0.390625 0.486328 0.388672 0.486328 0.386719 0.488281 0.376953 0.488281 0.371094 0.482422 0.371094 0.472656 0.373047 0.470703 0.375000 0.470703 0.375000 0.468750 0.376953 0.466797 0.386719 0.466797 0.392578 0.472656 0.392578 0.482422 0.390625 0.484375
0 0.781250 0.486328 0.779297 0.486328 0.777344 0.488281 0.767578 0.488281 0.761719 0.482422 0.761719 0.472656 0.763672 0.470703 0.765625 0.470703 0.765625 0.468750 0.767578 0.466797 0.777344 0.466797 0.783203 0.472656 0.783203 0.482422 0.781250 0.484375
0 0.349609 0.482422 0.347656 0.482422 0.345703 0.484375 0.341797 0.484375 0.339844 0.482422 0.339844 0.476562 0.341797 0.474609 0.345703 0.474609 0.347656 0.476562 0.349609 0.476562
0 0.380859 0.480469 0.378906 0.482422 0.378906 0.484375 0.376953 0.486328 0.371094 0.486328 0.369141 0.484375 0.369141 0.482422 0.367188 0.480469 0.367188 0.478516 0.369141 0.476562 0.369141 0.474609 0.371094 0.472656 0.376953 0.472656 0.378906 0.474609 0.378906 0.476562 0.380859 0.478516
0 0.349609 0.494141 0.347656 0.494141 0.345703 0.496094 0.335938 0.496094 0.330078 0.490234 0.330078 0.480469 0.332031 0.478516 0.333984 0.478516 0.333984 0.476562 0.335938 0.474609 0.345703 0.474609 0.351562 0.480469 0.351562 0.490234 0.349609 0.492188
0 0.314453 0.490234 0.312500 0.492188 0.312500 0.494141 0.310547 0.496094 0.304688 0.496094 0.302734 0.494141 0.302734 0.492188 0.300781 0.490234 0.300781 0.488281 0.302734 0.486328 0.302734 0.484375 0.304688 0.482422 0.310547 0.482422 0.312500 0.484375 0.312500 0.486328 0.314453 0.488281
0 0.333984 0.492188 0.332031 0.492188 0.330078 0.494141 0.326172 0.494141 0.324219 0.492188 0.324219 0.486328 0.326172 0.484375 0.330078 0.484375 0.332031 0.486328 0.333984 0.486328
0 0.355469 0.492188 0.353516 0.492188 0.351562 0.494141 0.347656 0.494141 0.345703 0.492188 0.345703 0.486328 0.347656 0.484375 0.351562 0.484375 0.353516 0.486328 0.355469 0.486328
0 0.410156 0.500000 0.408203 0.500000 0.406250 0.501953 0.396484 0.501953 0.390625 0.496094 0.390625 0.486328 0.392578 0.484375 0.394531 0.484375 0.394531 0.482422 0.396484 0.480469 0.406250 0.480469 0.412109 0.486328 0.412109 0.496094 0.410156 0.498047
0 0.425781 0.496094 0.423828 0.496094 0.421875 0.498047 0.417969 0.498047 0.416016 0.496094 0.416016 0.490234 0.417969 0.488281 0.421875 0.488281 0.423828 0.490234 0.425781 0.490234
0 0.435547 0.492188 0.435547 0.496094 0.431641 0.496094 0.429688 0.494141 0.433594 0.490234
0 0.322266 0.496094 0.322266 0.500000 0.318359 0.500000 0.316406 0.498047 0.320312 0.494141
0 0.292969 0.501953 0.291016 0.501953 0.289062 0.503906 0.285156 0.503906 0.283203 0.501953 0.283203 0.496094 0.285156 0.494141 0.289062 0.494141 0.291016 0.496094 0.292969 0.496094
0 0.421875 0.507812 0.419922 0.507812 0.417969 0.509766 0.408203 0.509766 0.402344 0.503906 0.402344 0.494141 0.404297 0.492188 0.406250 0.492188 0.406250 0.490234 0.408203 0.488281 0.417969 0.488281 0.423828 0.494141 0.423828 0.503906 0.421875 0.505859
0 0.017578 0.505859 0.015625 0.507812 0.015625 0.509766 0.013672 0.511719 0.007812 0.511719 0.005859 0.509766 0.005859 0.507812 0.003906 0.505859 0.003906 0.503906 0.005859 0.501953 0.005859 0.500000 0.007812 0.498047 0.013672 0.498047 0.015625 0.500000 0.015625 0.501953 0.017578 0.503906
0 0.287109 0.513672 0.285156 0.513672 0.283203 0.515625 0.273438 0.515625 0.267578 0.509766 0.267578 0.500000 0.269531 0.498047 0.271484 0.498047 0.271484 0.496094 0.273438 0.494141 0.283203 0.494141 0.289062 0.500000 0.289062 0.509766 0.287109 0.511719
0 0.460938 0.503906 0.460938 0.507812 0.457031 0.507812 0.455078 0.505859 0.458984 0.501953
0 0.363281 0.509766 0.361328 0.509766 0.359375 0.511719 0.355469 0.511719 0.353516 0.509766 0.353516 0.503906 0.355469 0.501953 0.359375 0.501953 0.361328 0.503906 0.363281 0.503906
0 0.806641 0.515625 0.804688 0.515625 0.802734 0.517578 0.792969 0.517578 0.787109 0.511719 0.787109 0.501953 0.789062 0.500000 0.791016 0.500000 0.791016 0.498047 0.792969 0.496094 0.802734 0.496094 0.808594 0.501953 0.808594 0.511719 0.806641 0.513672
0 0.845703 0.515625 0.843750 0.515625 0.841797 0.517578 0.832031 0.517578 0.826172 0.511719 0.826172 0.501953 0.828125 0.500000 0.830078 0.500000 0.830078 0.498047 0.832031 0.496094 0.841797 0.496094 0.847656 0.501953 0.847656 0.511719 0.845703 0.513672
0 0.308594 0.511719 0.306641 0.511719 0.304688 0.513672 0.300781 0.513672 0.298828 0.511719 0.298828 0.505859 0.300781 0.503906 0.304688 0.503906 0.306641 0.505859 0.308594 0.505859
0 0.451172 0.507812 0.451172 0.511719 0.447266 0.511719 0.445312 0.509766 0.449219 0.505859
0 0.662109 0.511719 0.660156 0.511719 0.658203 0.513672 0.654297 0.513672 0.652344 0.511719 0.652344 0.505859 0.654297 0.503906 0.658203 0.503906 0.660156 0.505859 0.662109 0.505859
0 0.273438 0.517578 0.271484 0.517578 0.269531 0.519531 0.265625 0.519531 0.263672 0.517578 0.263672 0.511719 0.265625 0.509766 0.269531 0.509766 0.271484 0.511719 0.273438 0.511719
0 0.205078 0.519531 0.203125 0.519531 0.201172 0.521484 0.197266 0.521484 0.195312 0.519531 0.195312 0.513672 0.197266 0.511719 0.201172 0.511719 0.203125 0.513672 0.205078 0.513672
0 0.296875 0.519531 0.294922 0.519531 0.292969 0.521484 0.289062 0.521484 0.287109 0.519531 0.287109 0.513672 0.289062 0.511719 0.292969 0.511719 0.294922 0.513672 0.296875 0.513672
0 0.667969 0.519531 0.666016 0.519531 0.664062 0.521484 0.660156 0.521484 0.658203 0.519531 0.658203 0.513672 0.660156 0.511719 0.664062 0.511719 0.666016 0.513672 0.667969 0.513672
0 0.744141 0.517578 0.744141 0.521484 0.740234 0.521484 0.738281 0.519531 0.742188 0.515625
0 0.425781 0.525391 0.423828 0.525391 0.421875 0.527344 0.417969 0.527344 0.416016 0.525391 0.416016 0.519531 0.417969 0.517578 0.421875 0.517578 0.423828 0.519531 0.425781 0.519531
0 0.808594 0.525391 0.802734 0.531250 0.796875 0.531250 0.791016 0.525391 0.791016 0.519531 0.796875 0.513672 0.802734 0.513672 0.808594 0.519531
0 0.892578 0.521484 0.892578 0.525391 0.888672 0.525391 0.886719 0.523438 0.890625 0.519531
0 0.279297 0.523438 0.279297 0.527344 0.275391 0.527344 0.273438 0.525391 0.277344 0.521484
0 0.650391 0.529297 0.648438 0.529297 0.646484 0.531250 0.642578 0.531250 0.640625 0.529297 0.640625 0.523438 0.642578 0.521484 0.646484 0.521484 0.648438 0.523438 0.650391 0.523438
0 0.740234 0.525391 0.740234 0.529297 0.736328 0.529297 0.734375 0.527344 0.738281 0.523438
0 0.638672 0.527344 0.638672 0.531250 0.634766 0.531250 0.632812 0.529297 0.636719 0.525391
0 0.267578 0.533203 0.265625 0.533203 0.263672 0.535156 0.259766 0.535156 0.257812 0.533203 0.257812 0.527344 0.259766 0.525391 0.263672 0.525391 0.265625 0.527344 0.267578 0.527344
0 0.371094 0.533203 0.369141 0.533203 0.367188 0.535156 0.363281 0.535156 0.361328 0.533203 0.361328 0.527344 0.363281 0.525391 0.367188 0.525391 0.369141 0.527344 0.371094 0.527344
0 0.888672 0.533203 0.888672 0.537109 0.884766 0.537109 0.882812 0.535156 0.886719 0.531250
0 0.244141 0.542969 0.238281 0.548828 0.232422 0.548828 0.226562 0.542969 0.226562 0.537109 0.232422 0.531250 0.238281 0.531250 0.244141 0.537109
0 0.634766 0.539062 0.634766 0.542969 0.630859 0.542969 0.628906 0.541016 0.632812 0.537109
0 0.408203 0.544922 0.402344 0.550781 0.396484 0.550781 0.390625 0.544922 0.390625 0.539062 0.396484 0.533203 0.402344 0.533203 0.408203 0.539062
0 0.390625 0.546875 0.388672 0.546875 0.386719 0.548828 0.382812 0.548828 0.380859 0.546875 0.380859 0.541016 0.382812 0.539062 0.386719 0.539062 0.388672 0.541016 0.390625 0.541016
0 0.453125 0.542969 0.453125 0.546875 0.449219 0.546875 0.447266 0.544922 0.451172 0.541016
0 0.644531 0.542969 0.644531 0.546875 0.640625 0.546875 0.638672 0.544922 0.642578 0.541016
0 0.880859 0.542969 0.880859 0.546875 0.876953 0.546875 0.875000 0.544922 0.878906 0.541016
0 0.458984 0.544922 0.458984 0.548828 0.455078 0.548828 0.453125 0.546875 0.457031 0.542969
0 0.892578 0.544922 0.892578 0.548828 0.888672 0.548828 0.886719 0.546875 0.890625 0.542969
0 0.345703 0.546875 0.345703 0.550781 0.341797 0.550781 0.339844 0.548828 0.343750 0.544922
0 0.294922 0.548828 0.294922 0.552734 0.291016 0.552734 0.289062 0.550781 0.292969 0.546875
0 0.804688 0.550781 0.802734 0.552734 0.802734 0.554688 0.800781 0.556641 0.794922 0.556641 0.792969 0.554688 0.792969 0.552734 0.791016 0.550781 0.791016 0.548828 0.792969 0.546875 0.792969 0.544922 0.794922 0.542969 0.800781 0.542969 0.802734 0.544922 0.802734 0.546875 0.804688 0.548828
0 0.205078 0.562500 0.203125 0.562500 0.201172 0.564453 0.191406 0.564453 0.185547 0.558594 0.185547 0.548828 0.187500 0.546875 0.189453 0.546875 0.189453 0.544922 0.191406 0.542969 0.201172 0.542969 0.207031 0.548828 0.207031 0.558594 0.205078 0.560547
0 0.257812 0.556641 0.251953 0.562500 0.246094 0.562500 0.240234 0.556641 0.240234 0.550781 0.246094 0.544922 0.251953 0.544922 0.257812 0.550781
0 0.421875 0.554688 0.419922 0.556641 0.419922 0.558594 0.417969 0.560547 0.412109 0.560547 0.410156 0.558594 0.410156 0.556641 0.408203 0.554688 0.408203 0.552734 0.410156 0.550781 0.410156 0.548828 0.412109 0.546875 0.417969 0.546875 0.419922 0.548828 0.419922 0.550781 0.421875 0.552734
0 0.052734 0.554688 0.052734 0.558594 0.048828 0.558594 0.046875 0.556641 0.050781 0.552734
0 0.287109 0.554688 0.287109 0.558594 0.283203 0.558594 0.281250 0.556641 0.285156 0.552734
0 0.453125 0.554688 0.453125 0.558594 0.449219 0.558594 0.447266 0.556641 0.451172 0.552734
0 0.642578 0.564453 0.640625 0.564453 0.638672 0.566406 0.628906 0.566406 0.623047 0.560547 0.623047 0.550781 0.625000 0.548828 0.626953 0.548828 0.626953 0.546875 0.628906 0.544922 0.638672 0.544922 0.644531 0.550781 0.644531 0.560547 0.642578 0.562500
0 0.763672 0.554688 0.763672 0.558594 0.759766 0.558594 0.757812 0.556641 0.761719 0.552734
0 0.228516 0.560547 0.226562 0.560547 0.224609 0.562500 0.220703 0.562500 0.218750 0.560547 0.218750 0.554688 0.220703 0.552734 0.224609 0.552734 0.226562 0.554688 0.228516 0.554688
0 0.328125 0.560547 0.326172 0.560547 0.324219 0.562500 0.320312 0.562500 0.318359 0.560547 0.318359 0.554688 0.320312 0.552734 0.324219 0.552734 0.326172 0.554688 0.328125 0.554688
0 0.402344 0.556641 0.402344 0.560547 0.398438 0.560547 0.396484 0.558594 0.400391 0.554688
0 0.755859 0.556641 0.755859 0.560547 0.751953 0.560547 0.750000 0.558594 0.753906 0.554688
0 0.781250 0.562500 0.775391 0.568359 0.769531 0.568359 0.763672 0.562500 0.763672 0.556641 0.769531 0.550781 0.775391 0.550781 0.781250 0.556641
0 0.611328 0.566406 0.609375 0.566406 0.607422 0.568359 0.603516 0.568359 0.601562 0.566406 0.601562 0.560547 0.603516 0.558594 0.607422 0.558594 0.609375 0.560547 0.611328 0.560547
0 0.832031 0.574219 0.830078 0.574219 0.828125 0.576172 0.818359 0.576172 0.812500 0.570312 0.812500 0.560547 0.814453 0.558594 0.816406 0.558594 0.816406 0.556641 0.818359 0.554688 0.828125 0.554688 0.833984 0.560547 0.833984 0.570312 0.832031 0.572266
0 0.767578 0.566406 0.767578 0.570312 0.763672 0.570312 0.761719 0.568359 0.765625 0.564453
0 0.376953 0.570312 0.375000 0.572266 0.375000 0.574219 0.373047 0.576172 0.367188 0.576172 0.365234 0.574219 0.365234 0.572266 0.363281 0.570312 0.363281 0.568359 0.365234 0.566406 0.365234 0.564453 0.367188 0.562500 0.373047 0.562500 0.375000 0.564453 0.375000 0.566406 0.376953 0.568359
0 0.755859 0.570312 0.753906 0.572266 0.753906 0.574219 0.751953 0.576172 0.746094 0.576172 0.744141 0.574219 0.744141 0.572266 0.742188 0.570312 0.742188 0.568359 0.744141 0.566406 0.744141 0.564453 0.746094 0.562500 0.751953 0.562500 0.753906 0.564453 0.753906 0.566406 0.755859 0.568359
0 0.794922 0.570312 0.792969 0.572266 0.792969 0.574219 0.791016 0.576172 0.785156 0.576172 0.783203 0.574219 0.783203 0.572266 0.781250 0.570312 0.781250 0.568359 0.783203 0.566406 0.783203 0.564453 0.785156 0.562500 0.791016 0.562500 0.792969 0.564453 0.792969 0.566406 0.794922 0.568359
0 0.240234 0.574219 0.238281 0.574219 0.236328 0.576172 0.232422 0.576172 0.230469 0.574219 0.230469 0.568359 0.232422 0.566406 0.236328 0.566406 0.238281 0.568359 0.240234 0.568359
0 0.292969 0.576172 0.291016 0.576172 0.289062 0.578125 0.285156 0.578125 0.283203 0.576172 0.283203 0.570312 0.285156 0.568359 0.289062 0.568359 0.291016 0.570312 0.292969 0.570312
0 0.634766 0.576172 0.632812 0.576172 0.630859 0.578125 0.626953 0.578125 0.625000 0.576172 0.625000 0.570312 0.626953 0.568359 0.630859 0.568359 0.632812 0.570312 0.634766 0.570312
0 0.871094 0.576172 0.865234 0.582031 0.859375 0.582031 0.853516 0.576172 0.853516 0.570312 0.859375 0.564453 0.865234 0.564453 0.871094 0.570312
0 0.056641 0.578125 0.054688 0.580078 0.054688 0.582031 0.052734 0.583984 0.046875 0.583984 0.044922 0.582031 0.044922 0.580078 0.042969 0.578125 0.042969 0.576172 0.044922 0.574219 0.044922 0.572266 0.046875 0.570312 0.052734 0.570312 0.054688 0.572266 0.054688 0.574219 0.056641 0.576172
0 0.402344 0.580078 0.400391 0.580078 0.398438 0.582031 0.394531 0.582031 0.392578 0.580078 0.392578 0.574219 0.394531 0.572266 0.398438 0.572266 0.400391 0.574219 0.402344 0.574219
0 0.271484 0.582031 0.269531 0.582031 0.267578 0.583984 0.263672 0.583984 0.261719 0.582031 0.261719 0.576172 0.263672 0.574219 0.267578 0.574219 0.269531 0.576172 0.271484 0.576172
0 0.519531 0.578125 0.519531 0.582031 0.515625 0.582031 0.513672 0.580078 0.517578 0.576172
0 0.810547 0.580078 0.808594 0.582031 0.808594 0.583984 0.806641 0.585938 0.800781 0.585938 0.798828 0.583984 0.798828 0.582031 0.796875 0.580078 0.796875 0.578125 0.798828 0.576172 0.798828 0.574219 0.800781 0.572266 0.806641 0.572266 0.808594 0.574219 0.808594 0.576172 0.810547 0.578125
0 0.224609 0.583984 0.222656 0.583984 0.220703 0.585938 0.216797 0.585938 0.214844 0.583984 0.214844 0.578125 0.216797 0.576172 0.220703 0.576172 0.222656 0.578125 0.224609 0.578125
0 0.318359 0.589844 0.316406 0.589844 0.314453 0.591797 0.304688 0.591797 0.298828 0.585938 0.298828 0.576172 0.300781 0.574219 0.302734 0.574219 0.302734 0.572266 0.304688 0.570312 0.314453 0.570312 0.320312 0.576172 0.320312 0.585938 0.318359 0.587891
0 0.613281 0.583984 0.611328 0.583984 0.609375 0.585938 0.605469 0.585938 0.603516 0.583984 0.603516 0.578125 0.605469 0.576172 0.609375 0.576172 0.611328 0.578125 0.613281 0.578125
0 0.736328 0.583984 0.734375 0.583984 0.732422 0.585938 0.728516 0.585938 0.726562 0.583984 0.726562 0.578125 0.728516 0.576172 0.732422 0.576172 0.734375 0.578125 0.736328 0.578125
0 0.513672 0.582031 0.513672 0.585938 0.509766 0.585938 0.507812 0.583984 0.511719 0.580078
0 0.634766 0.583984 0.632812 0.585938 0.632812 0.587891 0.630859 0.589844 0.625000 0.589844 0.623047 0.587891 0.623047 0.585938 0.621094 0.583984 0.621094 0.582031 0.623047 0.580078 0.623047 0.578125 0.625000 0.576172 0.630859 0.576172 0.632812 0.578125 0.632812 0.580078 0.634766 0.582031
0 0.837891 0.585938 0.835938 0.585938 0.833984 0.587891 0.830078 0.587891 0.828125 0.585938 0.828125 0.580078 0.830078 0.578125 0.833984 0.578125 0.835938 0.580078 0.837891 0.580078
0 0.410156 0.583984 0.410156 0.587891 0.406250 0.587891 0.404297 0.585938 0.408203 0.582031
0 0.220703 0.589844 0.218750 0.589844 0.216797 0.591797 0.212891 0.591797 0.210938 0.589844 0.210938 0.583984 0.212891 0.582031 0.216797 0.582031 0.218750 0.583984 0.220703 0.583984
0 0.369141 0.587891 0.367188 0.589844 0.367188 0.591797 0.365234 0.593750 0.359375 0.593750 0.357422 0.591797 0.357422 0.589844 0.355469 0.587891 0.355469 0.585938 0.357422 0.583984 0.357422 0.582031 0.359375 0.580078 0.365234 0.580078 0.367188 0.582031 0.367188 0.583984 0.369141 0.585938
0 0.746094 0.591797 0.744141 0.591797 0.742188 0.593750 0.738281 0.593750 0.736328 0.591797 0.736328 0.585938 0.738281 0.583984 0.742188 0.583984 0.744141 0.585938 0.746094 0.585938
0 0.945312 0.591797 0.943359 0.591797 0.941406 0.593750 0.937500 0.593750 0.935547 0.591797 0.935547 0.585938 0.937500 0.583984 0.941406 0.583984 0.943359 0.585938 0.945312 0.585938
0 0.236328 0.593750 0.234375 0.593750 0.232422 0.595703 0.228516 0.595703 0.226562 0.593750 0.226562 0.587891 0.228516 0.585938 0.232422 0.585938 0.234375 0.587891 0.236328 0.587891
0 0.519531 0.589844 0.519531 0.593750 0.515625 0.593750 0.513672 0.591797 0.517578 0.587891
0 0.500000 0.591797 0.500000 0.595703 0.496094 0.595703 0.494141 0.593750 0.498047 0.589844
0 0.953125 0.597656 0.951172 0.597656 0.949219 0.599609 0.945312 0.599609 0.943359 0.597656 0.943359 0.591797 0.945312 0.589844 0.949219 0.589844 0.951172 0.591797 0.953125 0.591797
0 0.357422 0.597656 0.355469 0.599609 0.355469 0.601562 0.353516 0.603516 0.347656 0.603516 0.345703 0.601562 0.345703 0.599609 0.343750 0.597656 0.343750 0.595703 0.345703 0.593750 0.345703 0.591797 0.347656 0.589844 0.353516 0.589844 0.355469 0.591797 0.355469 0.593750 0.357422 0.595703
0 0.486328 0.595703 0.486328 0.599609 0.482422 0.599609 0.480469 0.597656 0.484375 0.593750
0 0.648438 0.595703 0.648438 0.599609 0.644531 0.599609 0.642578 0.597656 0.646484 0.593750
0 0.400391 0.601562 0.398438 0.601562 0.396484 0.603516 0.392578 0.603516 0.390625 0.601562 0.390625 0.595703 0.392578 0.593750 0.396484 0.593750 0.398438 0.595703 0.400391 0.595703
0 0.500000 0.597656 0.500000 0.601562 0.496094 0.601562 0.494141 0.599609 0.498047 0.595703
0 0.490234 0.601562 0.490234 0.605469 0.486328 0.605469 0.484375 0.603516 0.488281 0.599609
0 0.634766 0.601562 0.634766 0.605469 0.630859 0.605469 0.628906 0.603516 0.632812 0.599609
0 0.935547 0.605469 0.933594 0.605469 0.931641 0.607422 0.927734 0.607422 0.925781 0.605469 0.925781 0.599609 0.927734 0.597656 0.931641 0.597656 0.933594 0.599609 0.935547 0.599609
0 0.328125 0.605469 0.326172 0.607422 0.326172 0.609375 0.324219 0.611328 0.318359 0.611328 0.316406 0.609375 0.316406 0.607422 0.314453 0.605469 0.314453 0.603516 0.316406 0.601562 0.316406 0.599609 0.318359 0.597656 0.324219 0.597656 0.326172 0.599609 0.326172 0.601562 0.328125 0.603516
0 0.949219 0.603516 0.949219 0.607422 0.945312 0.607422 0.943359 0.605469 0.947266 0.601562
0 0.201172 0.607422 0.199219 0.609375 0.199219 0.611328 0.197266 0.613281 0.191406 0.613281 0.189453 0.611328 0.189453 0.609375 0.187500 0.607422 0.187500 0.605469 0.189453 0.603516 0.189453 0.601562 0.191406 0.599609 0.197266 0.599609 0.199219 0.601562 0.199219 0.603516 0.201172 0.605469
0 0.712891 0.613281 0.710938 0.613281 0.708984 0.615234 0.705078 0.615234 0.703125 0.613281 0.703125 0.607422 0.705078 0.605469 0.708984 0.605469 0.710938 0.607422 0.712891 0.607422
0 0.167969 0.613281 0.166016 0.615234 0.166016 0.617188 0.164062 0.619141 0.158203 0.619141 0.156250 0.617188 0.156250 0.615234 0.154297 0.613281 0.154297 0.611328 0.156250 0.609375 0.156250 0.607422 0.158203 0.605469 0.164062 0.605469 0.166016 0.607422 0.166016 0.609375 0.167969 0.611328
0 0.269531 0.617188 0.267578 0.617188 0.265625 0.619141 0.261719 0.619141 0.259766 0.617188 0.259766 0.611328 0.261719 0.609375 0.265625 0.609375 0.267578 0.611328 0.269531 0.611328
0 0.300781 0.617188 0.298828 0.619141 0.298828 0.621094 0.296875 0.623047 0.291016 0.623047 0.289062 0.621094 0.289062 0.619141 0.287109 0.617188 0.287109 0.615234 0.289062 0.613281 0.289062 0.611328 0.291016 0.609375 0.296875 0.609375 0.298828 0.611328 0.298828 0.613281 0.300781 0.615234
0 0.345703 0.625000 0.343750 0.625000 0.341797 0.626953 0.332031 0.626953 0.326172 0.621094 0.326172 0.611328 0.328125 0.609375 0.330078 0.609375 0.330078 0.607422 0.332031 0.605469 0.341797 0.605469 0.347656 0.611328 0.347656 0.621094 0.345703 0.623047
0 0.042969 0.623047 0.041016 0.623047 0.039062 0.625000 0.035156 0.625000 0.033203 0.623047 0.033203 0.617188 0.035156 0.615234 0.039062 0.615234 0.041016 0.617188 0.042969 0.617188
0 0.193359 0.621094 0.191406 0.623047 0.191406 0.625000 0.189453 0.626953 0.183594 0.626953 0.181641 0.625000 0.181641 0.623047 0.179688 0.621094 0.179688 0.619141 0.181641 0.617188 0.181641 0.615234 0.183594 0.613281 0.189453 0.613281 0.191406 0.615234 0.191406 0.617188 0.193359 0.619141
0 0.277344 0.623047 0.275391 0.623047 0.273438 0.625000 0.269531 0.625000 0.267578 0.623047 0.267578 0.617188 0.269531 0.615234 0.273438 0.615234 0.275391 0.617188 0.277344 0.617188
0 0.185547 0.630859 0.183594 0.630859 0.181641 0.632812 0.171875 0.632812 0.166016 0.626953 0.166016 0.617188 0.167969 0.615234 0.169922 0.615234 0.169922 0.613281 0.171875 0.611328 0.181641 0.611328 0.187500 0.617188 0.187500 0.626953 0.185547 0.628906
0 0.210938 0.625000 0.208984 0.625000 0.207031 0.626953 0.203125 0.626953 0.201172 0.625000 0.201172 0.619141 0.203125 0.617188 0.207031 0.617188 0.208984 0.619141 0.210938 0.619141
0 0.851562 0.623047 0.851562 0.626953 0.847656 0.626953 0.845703 0.625000 0.849609 0.621094
0 0.875000 0.628906 0.873047 0.628906 0.871094 0.630859 0.867188 0.630859 0.865234 0.628906 0.865234 0.623047 0.867188 0.621094 0.871094 0.621094 0.873047 0.623047 0.875000 0.623047
0 0.044922 0.630859 0.042969 0.630859 0.041016 0.632812 0.037109 0.632812 0.035156 0.630859 0.035156 0.625000 0.037109 0.623047 0.041016 0.623047 0.042969 0.625000 0.044922 0.625000
0 0.824219 0.626953 0.824219 0.630859 0.820312 0.630859 0.818359 0.628906 0.822266 0.625000
0 0.933594 0.628906 0.933594 0.632812 0.929688 0.632812 0.927734 0.630859 0.931641 0.626953
0 0.175781 0.640625 0.173828 0.640625 0.171875 0.642578 0.162109 0.642578 0.156250 0.636719 0.156250 0.626953 0.158203 0.625000 0.160156 0.625000 0.160156 0.623047 0.162109 0.621094 0.171875 0.621094 0.177734 0.626953 0.177734 0.636719 0.175781 0.638672
0 0.347656 0.630859 0.347656 0.634766 0.343750 0.634766 0.341797 0.632812 0.345703 0.628906
0 0.835938 0.632812 0.833984 0.634766 0.833984 0.636719 0.832031 0.638672 0.826172 0.638672 0.824219 0.636719 0.824219 0.634766 0.822266 0.632812 0.822266 0.630859 0.824219 0.628906 0.824219 0.626953 0.826172 0.625000 0.832031 0.625000 0.833984 0.626953 0.833984 0.628906 0.835938 0.630859
0 0.923828 0.630859 0.923828 0.634766 0.919922 0.634766 0.917969 0.632812 0.921875 0.628906
0 0.308594 0.636719 0.308594 0.640625 0.304688 0.640625 0.302734 0.638672 0.306641 0.634766
0 0.199219 0.642578 0.197266 0.642578 0.195312 0.644531 0.191406 0.644531 0.189453 0.642578 0.189453 0.636719 0.191406 0.634766 0.195312 0.634766 0.197266 0.636719 0.199219 0.636719
0 0.326172 0.642578 0.324219 0.642578 0.322266 0.644531 0.318359 0.644531 0.316406 0.642578 0.316406 0.636719 0.318359 0.634766 0.322266 0.634766 0.324219 0.636719 0.326172 0.636719
0 0.650391 0.648438 0.648438 0.648438 0.646484 0.650391 0.636719 0.650391 0.630859 0.644531 0.630859 0.634766 0.632812 0.632812 0.634766 0.632812 0.634766 0.630859 0.636719 0.628906 0.646484 0.628906 0.652344 0.634766 0.652344 0.644531 0.650391 0.646484
0 0.451172 0.640625 0.451172 0.644531 0.447266 0.644531 0.445312 0.642578 0.449219 0.638672
0 0.224609 0.642578 0.224609 0.646484 0.220703 0.646484 0.218750 0.644531 0.222656 0.640625
0 0.457031 0.642578 0.457031 0.646484 0.453125 0.646484 0.451172 0.644531 0.455078 0.640625
0 0.738281 0.646484 0.736328 0.646484 0.734375 0.648438 0.730469 0.648438 0.728516 0.646484 0.728516 0.640625 0.730469 0.638672 0.734375 0.638672 0.736328 0.640625 0.738281 0.640625
0 0.888672 0.646484 0.886719 0.646484 0.884766 0.648438 0.880859 0.648438 0.878906 0.646484 0.878906 0.640625 0.880859 0.638672 0.884766 0.638672 0.886719 0.640625 0.888672 0.640625
0 0.337891 0.644531 0.337891 0.648438 0.333984 0.648438 0.332031 0.646484 0.335938 0.642578
0 0.501953 0.648438 0.500000 0.648438 0.498047 0.650391 0.494141 0.650391 0.492188 0.648438 0.492188 0.642578 0.494141 0.640625 0.498047 0.640625 0.500000 0.642578 0.501953 0.642578
0 0.812500 0.648438 0.810547 0.650391 0.810547 0.652344 0.808594 0.654297 0.802734 0.654297 0.800781 0.652344 0.800781 0.650391 0.798828 0.648438 0.798828 0.646484 0.800781 0.644531 0.800781 0.642578 0.802734 0.640625 0.808594 0.640625 0.810547 0.642578 0.810547 0.644531 0.812500 0.646484
0 0.519531 0.652344 0.517578 0.652344 0.515625 0.654297 0.511719 0.654297 0.509766 0.652344 0.509766 0.646484 0.511719 0.644531 0.515625 0.644531 0.517578 0.646484 0.519531 0.646484
0 0.716797 0.652344 0.714844 0.652344 0.712891 0.654297 0.708984 0.654297 0.707031 0.652344 0.707031 0.646484 0.708984 0.644531 0.712891 0.644531 0.714844 0.646484 0.716797 0.646484
0 0.882812 0.650391 0.880859 0.652344 0.880859 0.654297 0.878906 0.656250 0.873047 0.656250 0.871094 0.654297 0.871094 0.652344 0.869141 0.650391 0.869141 0.648438 0.871094 0.646484 0.871094 0.644531 0.873047 0.642578 0.878906 0.642578 0.880859 0.644531 0.880859 0.646484 0.882812 0.648438
0 0.496094 0.650391 0.496094 0.654297 0.492188 0.654297 0.490234 0.652344 0.494141 0.648438
0 0.681641 0.652344 0.679688 0.654297 0.679688 0.656250 0.677734 0.658203 0.671875 0.658203 0.669922 0.656250 0.669922 0.654297 0.667969 0.652344 0.667969 0.650391 0.669922 0.648438 0.669922 0.646484 0.671875 0.644531 0.677734 0.644531 0.679688 0.646484 0.679688 0.648438 0.681641 0.650391
0 0.822266 0.654297 0.820312 0.654297 0.818359 0.656250 0.814453 0.656250 0.812500 0.654297 0.812500 0.648438 0.814453 0.646484 0.818359 0.646484 0.820312 0.648438 0.822266 0.648438
0 0.185547 0.656250 0.183594 0.656250 0.181641 0.658203 0.177734 0.658203 0.175781 0.656250 0.175781 0.650391 0.177734 0.648438 0.181641 0.648438 0.183594 0.650391 0.185547 0.650391
0 0.558594 0.656250 0.556641 0.656250 0.554688 0.658203 0.550781 0.658203 0.548828 0.656250 0.548828 0.650391 0.550781 0.648438 0.554688 0.648438 0.556641 0.650391 0.558594 0.650391
0 0.566406 0.656250 0.564453 0.656250 0.562500 0.658203 0.558594 0.658203 0.556641 0.656250 0.556641 0.650391 0.558594 0.648438 0.562500 0.648438 0.564453 0.650391 0.566406 0.650391
0 0.962891 0.656250 0.960938 0.656250 0.958984 0.658203 0.955078 0.658203 0.953125 0.656250 0.953125 0.650391 0.955078 0.648438 0.958984 0.648438 0.960938 0.650391 0.962891 0.650391
0 0.062500 0.660156 0.060547 0.660156 0.058594 0.662109 0.054688 0.662109 0.052734 0.660156 0.052734 0.654297 0.054688 0.652344 0.058594 0.652344 0.060547 0.654297 0.062500 0.654297
0 0.451172 0.660156 0.449219 0.660156 0.447266 0.662109 0.443359 0.662109 0.441406 0.660156 0.441406 0.654297 0.443359 0.652344 0.447266 0.652344 0.449219 0.654297 0.451172 0.654297
0 0.566406 0.658203 0.566406 0.662109 0.562500 0.662109 0.560547 0.660156 0.564453 0.656250
0 0.880859 0.662109 0.878906 0.662109 0.876953 0.664062 0.873047 0.664062 0.871094 0.662109 0.871094 0.656250 0.873047 0.654297 0.876953 0.654297 0.878906 0.656250 0.880859 0.656250
0 0.976562 0.660156 0.976562 0.664062 0.972656 0.664062 0.970703 0.662109 0.974609 0.658203
0 0.464844 0.666016 0.458984 0.671875 0.453125 0.671875 0.447266 0.666016 0.447266 0.660156 0.453125 0.654297 0.458984 0.654297 0.464844 0.660156
0 0.552734 0.662109 0.552734 0.666016 0.548828 0.666016 0.546875 0.664062 0.550781 0.660156
0 0.705078 0.666016 0.699219 0.671875 0.693359 0.671875 0.687500 0.666016 0.687500 0.660156 0.693359 0.654297 0.699219 0.654297 0.705078 0.660156
0 0.082031 0.667969 0.080078 0.667969 0.078125 0.669922 0.074219 0.669922 0.072266 0.667969 0.072266 0.662109 0.074219 0.660156 0.078125 0.660156 0.080078 0.662109 0.082031 0.662109
0 0.427734 0.667969 0.425781 0.667969 0.423828 0.669922 0.419922 0.669922 0.417969 0.667969 0.417969 0.662109 0.419922 0.660156 0.423828 0.660156 0.425781 0.662109 0.427734 0.662109
0 0.509766 0.667969 0.507812 0.667969 0.505859 0.669922 0.501953 0.669922 0.500000 0.667969 0.500000 0.662109 0.501953 0.660156 0.505859 0.660156 0.507812 0.662109 0.509766 0.662109
0 0.865234 0.664062 0.865234 0.667969 0.861328 0.667969 0.859375 0.666016 0.863281 0.662109
0 0.964844 0.667969 0.962891 0.667969 0.960938 0.669922 0.957031 0.669922 0.955078 0.667969 0.955078 0.662109 0.957031 0.660156 0.960938 0.660156 0.962891 0.662109 0.964844 0.662109
0 0.500000 0.669922 0.498047 0.669922 0.496094 0.671875 0.492188 0.671875 0.490234 0.669922 0.490234 0.664062 0.492188 0.662109 0.496094 0.662109 0.498047 0.664062 0.500000 0.664062
0 0.726562 0.667969 0.724609 0.669922 0.724609 0.671875 0.722656 0.673828 0.716797 0.673828 0.714844 0.671875 0.714844 0.669922 0.712891 0.667969 0.712891 0.666016 0.714844 0.664062 0.714844 0.662109 0.716797 0.660156 0.722656 0.660156 0.724609 0.662109 0.724609 0.664062 0.726562 0.666016
0 0.468750 0.667969 0.468750 0.671875 0.464844 0.671875 0.462891 0.669922 0.466797 0.666016
0 0.794922 0.669922 0.792969 0.671875 0.792969 0.673828 0.791016 0.675781 0.785156 0.675781 0.783203 0.673828 0.783203 0.671875 0.781250 0.669922 0.781250 0.667969 0.783203 0.666016 0.783203 0.664062 0.785156 0.662109 0.791016 0.662109 0.792969 0.664062 0.792969 0.666016 0.794922 0.667969
0 0.945312 0.671875 0.943359 0.671875 0.941406 0.673828 0.937500 0.673828 0.935547 0.671875 0.935547 0.666016 0.937500 0.664062 0.941406 0.664062 0.943359 0.666016 0.945312 0.666016
0 0.105469 0.671875 0.103516 0.673828 0.103516 0.675781 0.101562 0.677734 0.095703 0.677734 0.093750 0.675781 0.093750 0.673828 0.091797 0.671875 0.091797 0.669922 0.093750 0.667969 0.093750 0.666016 0.095703 0.664062 0.101562 0.664062 0.103516 0.666016 0.103516 0.667969 0.105469 0.669922
0 0.804688 0.673828 0.802734 0.673828 0.800781 0.675781 0.796875 0.675781 0.794922 0.673828 0.794922 0.667969 0.796875 0.666016 0.800781 0.666016 0.802734 0.667969 0.804688 0.667969
0 0.283203 0.671875 0.283203 0.675781 0.279297 0.675781 0.277344 0.673828 0.281250 0.669922
0 0.435547 0.671875 0.435547 0.675781 0.431641 0.675781 0.429688 0.673828 0.433594 0.669922
0 0.666016 0.675781 0.664062 0.675781 0.662109 0.677734 0.658203 0.677734 0.656250 0.675781 0.656250 0.669922 0.658203 0.667969 0.662109 0.667969 0.664062 0.669922 0.666016 0.669922
0 0.679688 0.675781 0.677734 0.675781 0.675781 0.677734 0.671875 0.677734 0.669922 0.675781 0.669922 0.669922 0.671875 0.667969 0.675781 0.667969 0.677734 0.669922 0.679688 0.669922
0 0.273438 0.673828 0.273438 0.677734 0.269531 0.677734 0.267578 0.675781 0.271484 0.671875
0 0.458984 0.673828 0.458984 0.677734 0.455078 0.677734 0.453125 0.675781 0.457031 0.671875
0 0.648438 0.677734 0.646484 0.677734 0.644531 0.679688 0.640625 0.679688 0.638672 0.677734 0.638672 0.671875 0.640625 0.669922 0.644531 0.669922 0.646484 0.671875 0.648438 0.671875
0 0.169922 0.677734 0.167969 0.679688 0.167969 0.681641 0.166016 0.683594 0.160156 0.683594 0.158203 0.681641 0.158203 0.679688 0.156250 0.677734 0.156250 0.675781 0.158203 0.673828 0.158203 0.671875 0.160156 0.669922 0.166016 0.669922 0.167969 0.671875 0.167969 0.673828 0.169922 0.675781
0 0.998047 0.681641 0.994141 0.681641 0.992188 0.679688 0.992188 0.673828 0.994141 0.671875 0.998047 0.671875
0 0.277344 0.679688 0.277344 0.683594 0.273438 0.683594 0.271484 0.681641 0.275391 0.677734
0 0.417969 0.683594 0.416016 0.683594 0.414062 0.685547 0.410156 0.685547 0.408203 0.683594 0.408203 0.677734 0.410156 0.675781 0.414062 0.675781 0.416016 0.677734 0.417969 0.677734
0 0.462891 0.679688 0.462891 0.683594 0.458984 0.683594 0.457031 0.681641 0.460938 0.677734
0 0.710938 0.679688 0.710938 0.683594 0.707031 0.683594 0.705078 0.681641 0.708984 0.677734
0 0.468750 0.681641 0.468750 0.685547 0.464844 0.685547 0.462891 0.683594 0.466797 0.679688
0 0.509766 0.685547 0.507812 0.685547 0.505859 0.687500 0.501953 0.687500 0.500000 0.685547 0.500000 0.679688 0.501953 0.677734 0.505859 0.677734 0.507812 0.679688 0.509766 0.679688
0 0.759766 0.685547 0.757812 0.685547 0.755859 0.687500 0.751953 0.687500 0.750000 0.685547 0.750000 0.679688 0.751953 0.677734 0.755859 0.677734 0.757812 0.679688 0.759766 0.679688
0 0.775391 0.685547 0.773438 0.687500 0.773438 0.689453 0.771484 0.691406 0.765625 0.691406 0.763672 0.689453 0.763672 0.687500 0.761719 0.685547 0.761719 0.683594 0.763672 0.681641 0.763672 0.679688 0.765625 0.677734 0.771484 0.677734 0.773438 0.679688 0.773438 0.681641 0.775391 0.683594
0 0.125000 0.685547 0.125000 0.689453 0.121094 0.689453 0.119141 0.687500 0.123047 0.683594
0 0.423828 0.689453 0.421875 0.689453 0.419922 0.691406 0.416016 0.691406 0.414062 0.689453 0.414062 0.683594 0.416016 0.681641 0.419922 0.681641 0.421875 0.683594 0.423828 0.683594
0 0.498047 0.689453 0.496094 0.689453 0.494141 0.691406 0.490234 0.691406 0.488281 0.689453 0.488281 0.683594 0.490234 0.681641 0.494141 0.681641 0.496094 0.683594 0.498047 0.683594
0 0.349609 0.689453 0.349609 0.693359 0.345703 0.693359 0.343750 0.691406 0.347656 0.687500
0 0.521484 0.699219 0.519531 0.699219 0.517578 0.701172 0.507812 0.701172 0.501953 0.695312 0.501953 0.685547 0.503906 0.683594 0.505859 0.683594 0.505859 0.681641 0.507812 0.679688 0.517578 0.679688 0.523438 0.685547 0.523438 0.695312 0.521484 0.697266
0 0.533203 0.693359 0.531250 0.693359 0.529297 0.695312 0.525391 0.695312 0.523438 0.693359 0.523438 0.687500 0.525391 0.685547 0.529297 0.685547 0.531250 0.687500 0.533203 0.687500
0 0.476562 0.691406 0.476562 0.695312 0.472656 0.695312 0.470703 0.693359 0.474609 0.689453
0 0.859375 0.691406 0.859375 0.695312 0.855469 0.695312 0.853516 0.693359 0.857422 0.689453
0 0.564453 0.695312 0.562500 0.697266 0.562500 0.699219 0.560547 0.701172 0.554688 0.701172 0.552734 0.699219 0.552734 0.697266 0.550781 0.695312 0.550781 0.693359 0.552734 0.691406 0.552734 0.689453 0.554688 0.687500 0.560547 0.687500 0.562500 0.689453 0.562500 0.691406 0.564453 0.693359
0 0.615234 0.697266 0.613281 0.697266 0.611328 0.699219 0.607422 0.699219 0.605469 0.697266 0.605469 0.691406 0.607422 0.689453 0.611328 0.689453 0.613281 0.691406 0.615234 0.691406
0 0.986328 0.697266 0.984375 0.697266 0.982422 0.699219 0.978516 0.699219 0.976562 0.697266 0.976562 0.691406 0.978516 0.689453 0.982422 0.689453 0.984375 0.691406 0.986328 0.691406
0 0.468750 0.695312 0.468750 0.699219 0.464844 0.699219 0.462891 0.697266 0.466797 0.693359
0 0.925781 0.695312 0.925781 0.699219 0.921875 0.699219 0.919922 0.697266 0.923828 0.693359
0 0.480469 0.697266 0.480469 0.701172 0.476562 0.701172 0.474609 0.699219 0.478516 0.695312
0 0.968750 0.703125 0.966797 0.703125 0.964844 0.705078 0.960938 0.705078 0.958984 0.703125 0.958984 0.697266 0.960938 0.695312 0.964844 0.695312 0.966797 0.697266 0.968750 0.697266
0 0.990234 0.701172 0.988281 0.703125 0.988281 0.705078 0.986328 0.707031 0.980469 0.707031 0.978516 0.705078 0.978516 0.703125 0.976562 0.701172 0.976562 0.699219 0.978516 0.697266 0.978516 0.695312 0.980469 0.693359 0.986328 0.693359 0.988281 0.695312 0.988281 0.697266 0.990234 0.699219
0 0.474609 0.703125 0.474609 0.707031 0.470703 0.707031 0.468750 0.705078 0.472656 0.701172
0 0.500000 0.707031 0.498047 0.707031 0.496094 0.708984 0.492188 0.708984 0.490234 0.707031 0.490234 0.701172 0.492188 0.699219 0.496094 0.699219 0.498047 0.701172 0.500000 0.701172
0 0.595703 0.712891 0.593750 0.712891 0.591797 0.714844 0.582031 0.714844 0.576172 0.708984 0.576172 0.699219 0.578125 0.697266 0.580078 0.697266 0.580078 0.695312 0.582031 0.693359 0.591797 0.693359 0.597656 0.699219 0.597656 0.708984 0.595703 0.710938
0 0.750000 0.705078 0.748047 0.707031 0.748047 0.708984 0.746094 0.710938 0.740234 0.710938 0.738281 0.708984 0.738281 0.707031 0.736328 0.705078 0.736328 0.703125 0.738281 0.701172 0.738281 0.699219 0.740234 0.697266 0.746094 0.697266 0.748047 0.699219 0.748047 0.701172 0.750000 0.703125
0 0.253906 0.708984 0.251953 0.708984 0.250000 0.710938 0.246094 0.710938 0.244141 0.708984 0.244141 0.703125 0.246094 0.701172 0.250000 0.701172 0.251953 0.703125 0.253906 0.703125
0 0.378906 0.707031 0.376953 0.708984 0.376953 0.710938 0.375000 0.712891 0.369141 0.712891 0.367188 0.710938 0.367188 0.708984 0.365234 0.707031 0.365234 0.705078 0.367188 0.703125 0.367188 0.701172 0.369141 0.699219 0.375000 0.699219 0.376953 0.701172 0.376953 0.703125 0.378906 0.705078
0 0.972656 0.705078 0.972656 0.708984 0.968750 0.708984 0.966797 0.707031 0.970703 0.703125
0 0.777344 0.710938 0.775391 0.710938 0.773438 0.712891 0.769531 0.712891 0.767578 0.710938 0.767578 0.705078 0.769531 0.703125 0.773438 0.703125 0.775391 0.705078 0.777344 0.705078
0 0.908203 0.710938 0.902344 0.716797 0.896484 0.716797 0.890625 0.710938 0.890625 0.705078 0.896484 0.699219 0.902344 0.699219 0.908203 0.705078
0 0.910156 0.707031 0.910156 0.710938 0.906250 0.710938 0.904297 0.708984 0.908203 0.705078
0 0.845703 0.712891 0.843750 0.712891 0.841797 0.714844 0.837891 0.714844 0.835938 0.712891 0.835938 0.707031 0.837891 0.705078 0.841797 0.705078 0.843750 0.707031 0.845703 0.707031
0 0.230469 0.712891 0.228516 0.714844 0.228516 0.716797 0.226562 0.718750 0.220703 0.718750 0.218750 0.716797 0.218750 0.714844 0.216797 0.712891 0.216797 0.710938 0.218750 0.708984 0.218750 0.707031 0.220703 0.705078 0.226562 0.705078 0.228516 0.707031 0.228516 0.708984 0.230469 0.710938
0 0.822266 0.714844 0.820312 0.714844 0.818359 0.716797 0.814453 0.716797 0.812500 0.714844 0.812500 0.708984 0.814453 0.707031 0.818359 0.707031 0.820312 0.708984 0.822266 0.708984
0 0.869141 0.714844 0.867188 0.714844 0.865234 0.716797 0.861328 0.716797 0.859375 0.714844 0.859375 0.708984 0.861328 0.707031 0.865234 0.707031 0.867188 0.708984 0.869141 0.708984
0 0.218750 0.716797 0.216797 0.718750 0.216797 0.720703 0.214844 0.722656 0.208984 0.722656 0.207031 0.720703 0.207031 0.718750 0.205078 0.716797 0.205078 0.714844 0.207031 0.712891 0.207031 0.710938 0.208984 0.708984 0.214844 0.708984 0.216797 0.710938 0.216797 0.712891 0.218750 0.714844
0 0.273438 0.716797 0.271484 0.718750 0.271484 0.720703 0.269531 0.722656 0.263672 0.722656 0.261719 0.720703 0.261719 0.718750 0.259766 0.716797 0.259766 0.714844 0.261719 0.712891 0.261719 0.710938 0.263672 0.708984 0.269531 0.708984 0.271484 0.710938 0.271484 0.712891 0.273438 0.714844
0 0.496094 0.714844 0.496094 0.718750 0.492188 0.718750 0.490234 0.716797 0.494141 0.712891
0 0.183594 0.726562 0.181641 0.726562 0.179688 0.728516 0.169922 0.728516 0.164062 0.722656 0.164062 0.712891 0.166016 0.710938 0.167969 0.710938 0.167969 0.708984 0.169922 0.707031 0.179688 0.707031 0.185547 0.712891 0.185547 0.722656 0.183594 0.724609
0 0.390625 0.716797 0.390625 0.720703 0.386719 0.720703 0.384766 0.718750 0.388672 0.714844
0 0.697266 0.716797 0.697266 0.720703 0.693359 0.720703 0.691406 0.718750 0.695312 0.714844
0 0.378906 0.724609 0.376953 0.724609 0.375000 0.726562 0.371094 0.726562 0.369141 0.724609 0.369141 0.718750 0.371094 0.716797 0.375000 0.716797 0.376953 0.718750 0.378906 0.718750
0 0.687500 0.720703 0.687500 0.724609 0.683594 0.724609 0.681641 0.722656 0.685547 0.718750
0 0.728516 0.724609 0.726562 0.724609 0.724609 0.726562 0.720703 0.726562 0.718750 0.724609 0.718750 0.718750 0.720703 0.716797 0.724609 0.716797 0.726562 0.718750 0.728516 0.718750
0 0.859375 0.724609 0.857422 0.724609 0.855469 0.726562 0.851562 0.726562 0.849609 0.724609 0.849609 0.718750 0.851562 0.716797 0.855469 0.716797 0.857422 0.718750 0.859375 0.718750
0 0.804688 0.724609 0.802734 0.726562 0.802734 0.728516 0.800781 0.730469 0.794922 0.730469 0.792969 0.728516 0.792969 0.726562 0.791016 0.724609 0.791016 0.722656 0.792969 0.720703 0.792969 0.718750 0.794922 0.716797 0.800781 0.716797 0.802734 0.718750 0.802734 0.720703 0.804688 0.722656
0 0.888672 0.722656 0.888672 0.726562 0.884766 0.726562 0.882812 0.724609 0.886719 0.720703
0 0.291016 0.726562 0.289062 0.728516 0.289062 0.730469 0.287109 0.732422 0.281250 0.732422 0.279297 0.730469 0.279297 0.728516 0.277344 0.726562 0.277344 0.724609 0.279297 0.722656 0.279297 0.720703 0.281250 0.718750 0.287109 0.718750 0.289062 0.720703 0.289062 0.722656 0.291016 0.724609
0 0.441406 0.728516 0.439453 0.728516 0.437500 0.730469 0.433594 0.730469 0.431641 0.728516 0.431641 0.722656 0.433594 0.720703 0.437500 0.720703 0.439453 0.722656 0.441406 0.722656
0 0.501953 0.726562 0.500000 0.728516 0.500000 0.730469 0.498047 0.732422 0.492188 0.732422 0.490234 0.730469 0.490234 0.728516 0.488281 0.726562 0.488281 0.724609 0.490234 0.722656 0.490234 0.720703 0.492188 0.718750 0.498047 0.718750 0.500000 0.720703 0.500000 0.722656 0.501953 0.724609
0 0.533203 0.728516 0.531250 0.728516 0.529297 0.730469 0.525391 0.730469 0.523438 0.728516 0.523438 0.722656 0.525391 0.720703 0.529297 0.720703 0.531250 0.722656 0.533203 0.722656
0 0.693359 0.726562 0.693359 0.730469 0.689453 0.730469 0.687500 0.728516 0.691406 0.724609
0 0.998047 0.732422 0.994141 0.732422 0.992188 0.730469 0.992188 0.724609 0.994141 0.722656 0.998047 0.722656
0 0.615234 0.732422 0.613281 0.732422 0.611328 0.734375 0.607422 0.734375 0.605469 0.732422 0.605469 0.726562 0.607422 0.724609 0.611328 0.724609 0.613281 0.726562 0.615234 0.726562
0 0.732422 0.732422 0.730469 0.732422 0.728516 0.734375 0.724609 0.734375 0.722656 0.732422 0.722656 0.726562 0.724609 0.724609 0.728516 0.724609 0.730469 0.726562 0.732422 0.726562
0 0.757812 0.732422 0.755859 0.732422 0.753906 0.734375 0.750000 0.734375 0.748047 0.732422 0.748047 0.726562 0.750000 0.724609 0.753906 0.724609 0.755859 0.726562 0.757812 0.726562
0 0.142578 0.740234 0.140625 0.740234 0.138672 0.742188 0.128906 0.742188 0.123047 0.736328 0.123047 0.726562 0.125000 0.724609 0.126953 0.724609 0.126953 0.722656 0.128906 0.720703 0.138672 0.720703 0.144531 0.726562 0.144531 0.736328 0.142578 0.738281
0 0.867188 0.730469 0.867188 0.734375 0.863281 0.734375 0.861328 0.732422 0.865234 0.728516
0 0.460938 0.734375 0.458984 0.736328 0.458984 0.738281 0.457031 0.740234 0.451172 0.740234 0.449219 0.738281 0.449219 0.736328 0.447266 0.734375 0.447266 0.732422 0.449219 0.730469 0.449219 0.728516 0.451172 0.726562 0.457031 0.726562 0.458984 0.728516 0.458984 0.730469 0.460938 0.732422
0 0.642578 0.738281 0.640625 0.738281 0.638672 0.740234 0.634766 0.740234 0.632812 0.738281 0.632812 0.732422 0.634766 0.730469 0.638672 0.730469 0.640625 0.732422 0.642578 0.732422
0 0.107422 0.736328 0.107422 0.740234 0.103516 0.740234 0.101562 0.738281 0.105469 0.734375
0 0.777344 0.736328 0.777344 0.740234 0.773438 0.740234 0.771484 0.738281 0.775391 0.734375
0 0.933594 0.736328 0.933594 0.740234 0.929688 0.740234 0.927734 0.738281 0.931641 0.734375
0 0.304688 0.740234 0.302734 0.742188 0.302734 0.744141 0.300781 0.746094 0.294922 0.746094 0.292969 0.744141 0.292969 0.742188 0.291016 0.740234 0.291016 0.738281 0.292969 0.736328 0.292969 0.734375 0.294922 0.732422 0.300781 0.732422 0.302734 0.734375 0.302734 0.736328 0.304688 0.738281
0 0.623047 0.748047 0.621094 0.748047 0.619141 0.750000 0.609375 0.750000 0.603516 0.744141 0.603516 0.734375 0.605469 0.732422 0.607422 0.732422 0.607422 0.730469 0.609375 0.728516 0.619141 0.728516 0.625000 0.734375 0.625000 0.744141 0.623047 0.746094
0 0.746094 0.742188 0.744141 0.742188 0.742188 0.744141 0.738281 0.744141 0.736328 0.742188 0.736328 0.736328 0.738281 0.734375 0.742188 0.734375 0.744141 0.736328 0.746094 0.736328
0 0.736328 0.750000 0.734375 0.750000 0.732422 0.751953 0.722656 0.751953 0.716797 0.746094 0.716797 0.736328 0.718750 0.734375 0.720703 0.734375 0.720703 0.732422 0.722656 0.730469 0.732422 0.730469 0.738281 0.736328 0.738281 0.746094 0.736328 0.748047
0 0.945312 0.746094 0.943359 0.746094 0.941406 0.748047 0.937500 0.748047 0.935547 0.746094 0.935547 0.740234 0.937500 0.738281 0.941406 0.738281 0.943359 0.740234 0.945312 0.740234
0 0.486328 0.746094 0.484375 0.748047 0.484375 0.750000 0.482422 0.751953 0.476562 0.751953 0.474609 0.750000 0.474609 0.748047 0.472656 0.746094 0.472656 0.744141 0.474609 0.742188 0.474609 0.740234 0.476562 0.738281 0.482422 0.738281 0.484375 0.740234 0.484375 0.742188 0.486328 0.744141
0 0.601562 0.748047 0.599609 0.748047 0.597656 0.750000 0.593750 0.750000 0.591797 0.748047 0.591797 0.742188 0.593750 0.740234 0.597656 0.740234 0.599609 0.742188 0.601562 0.742188
0 0.660156 0.748047 0.658203 0.748047 0.656250 0.750000 0.652344 0.750000 0.650391 0.748047 0.650391 0.742188 0.652344 0.740234 0.656250 0.740234 0.658203 0.742188 0.660156 0.742188
0 0.916016 0.748047 0.914062 0.748047 0.912109 0.750000 0.908203 0.750000 0.906250 0.748047 0.906250 0.742188 0.908203 0.740234 0.912109 0.740234 0.914062 0.742188 0.916016 0.742188
0 0.681641 0.750000 0.679688 0.750000 0.677734 0.751953 0.673828 0.751953 0.671875 0.750000 0.671875 0.744141 0.673828 0.742188 0.677734 0.742188 0.679688 0.744141 0.681641 0.744141
0 0.775391 0.750000 0.773438 0.750000 0.771484 0.751953 0.767578 0.751953 0.765625 0.750000 0.765625 0.744141 0.767578 0.742188 0.771484 0.742188 0.773438 0.744141 0.775391 0.744141
0 0.537109 0.757812 0.535156 0.757812 0.533203 0.759766 0.523438 0.759766 0.517578 0.753906 0.517578 0.744141 0.519531 0.742188 0.521484 0.742188 0.521484 0.740234 0.523438 0.738281 0.533203 0.738281 0.539062 0.744141 0.539062 0.753906 0.537109 0.755859
0 0.339844 0.753906 0.333984 0.759766 0.328125 0.759766 0.322266 0.753906 0.322266 0.748047 0.328125 0.742188 0.333984 0.742188 0.339844 0.748047
0 0.449219 0.759766 0.447266 0.759766 0.445312 0.761719 0.435547 0.761719 0.429688 0.755859 0.429688 0.746094 0.431641 0.744141 0.433594 0.744141 0.433594 0.742188 0.435547 0.740234 0.445312 0.740234 0.451172 0.746094 0.451172 0.755859 0.449219 0.757812
0 0.589844 0.753906 0.587891 0.755859 0.587891 0.757812 0.585938 0.759766 0.580078 0.759766 0.578125 0.757812 0.578125 0.755859 0.576172 0.753906 0.576172 0.751953 0.578125 0.750000 0.578125 0.748047 0.580078 0.746094 0.585938 0.746094 0.587891 0.748047 0.587891 0.750000 0.589844 0.751953
0 0.724609 0.753906 0.722656 0.755859 0.722656 0.757812 0.720703 0.759766 0.714844 0.759766 0.712891 0.757812 0.712891 0.755859 0.710938 0.753906 0.710938 0.751953 0.712891 0.750000 0.712891 0.748047 0.714844 0.746094 0.720703 0.746094 0.722656 0.748047 0.722656 0.750000 0.724609 0.751953
0 0.128906 0.755859 0.126953 0.757812 0.126953 0.759766 0.125000 0.761719 0.119141 0.761719 0.117188 0.759766 0.117188 0.757812 0.115234 0.755859 0.115234 0.753906 0.117188 0.751953 0.117188 0.750000 0.119141 0.748047 0.125000 0.748047 0.126953 0.750000 0.126953 0.751953 0.128906 0.753906
0 0.626953 0.757812 0.625000 0.757812 0.623047 0.759766 0.619141 0.759766 0.617188 0.757812 0.617188 0.751953 0.619141 0.750000 0.623047 0.750000 0.625000 0.751953 0.626953 0.751953
0 0.945312 0.757812 0.943359 0.757812 0.941406 0.759766 0.937500 0.759766 0.935547 0.757812 0.935547 0.751953 0.937500 0.750000 0.941406 0.750000 0.943359 0.751953 0.945312 0.751953
0 0.429688 0.759766 0.427734 0.759766 0.425781 0.761719 0.421875 0.761719 0.419922 0.759766 0.419922 0.753906 0.421875 0.751953 0.425781 0.751953 0.427734 0.753906 0.429688 0.753906
0 0.662109 0.759766 0.660156 0.759766 0.658203 0.761719 0.654297 0.761719 0.652344 0.759766 0.652344 0.753906 0.654297 0.751953 0.658203 0.751953 0.660156 0.753906 0.662109 0.753906
0 0.683594 0.759766 0.681641 0.759766 0.679688 0.761719 0.675781 0.761719 0.673828 0.759766 0.673828 0.753906 0.675781 0.751953 0.679688 0.751953 0.681641 0.753906 0.683594 0.753906
0 0.703125 0.759766 0.701172 0.759766 0.699219 0.761719 0.695312 0.761719 0.693359 0.759766 0.693359 0.753906 0.695312 0.751953 0.699219 0.751953 0.701172 0.753906 0.703125 0.753906
0 0.785156 0.759766 0.783203 0.759766 0.781250 0.761719 0.777344 0.761719 0.775391 0.759766 0.775391 0.753906 0.777344 0.751953 0.781250 0.751953 0.783203 0.753906 0.785156 0.753906
0 0.828125 0.759766 0.826172 0.759766 0.824219 0.761719 0.820312 0.761719 0.818359 0.759766 0.818359 0.753906 0.820312 0.751953 0.824219 0.751953 0.826172 0.753906 0.828125 0.753906
0 0.767578 0.761719 0.765625 0.761719 0.763672 0.763672 0.759766 0.763672 0.757812 0.761719 0.757812 0.755859 0.759766 0.753906 0.763672 0.753906 0.765625 0.755859 0.767578 0.755859
0 0.818359 0.761719 0.816406 0.761719 0.814453 0.763672 0.810547 0.763672 0.808594 0.761719 0.808594 0.755859 0.810547 0.753906 0.814453 0.753906 0.816406 0.755859 0.818359 0.755859
0 0.917969 0.763672 0.916016 0.763672 0.914062 0.765625 0.910156 0.765625 0.908203 0.763672 0.908203 0.757812 0.910156 0.755859 0.914062 0.755859 0.916016 0.757812 0.917969 0.757812
0 0.941406 0.763672 0.939453 0.763672 0.937500 0.765625 0.933594 0.765625 0.931641 0.763672 0.931641 0.757812 0.933594 0.755859 0.937500 0.755859 0.939453 0.757812 0.941406 0.757812
0 0.406250 0.765625 0.400391 0.771484 0.394531 0.771484 0.388672 0.765625 0.388672 0.759766 0.394531 0.753906 0.400391 0.753906 0.406250 0.759766
0 0.537109 0.767578 0.535156 0.767578 0.533203 0.769531 0.529297 0.769531 0.527344 0.767578 0.527344 0.761719 0.529297 0.759766 0.533203 0.759766 0.535156 0.761719 0.537109 0.761719
0 0.935547 0.767578 0.933594 0.767578 0.931641 0.769531 0.927734 0.769531 0.925781 0.767578 0.925781 0.761719 0.927734 0.759766 0.931641 0.759766 0.933594 0.761719 0.935547 0.761719
0 0.513672 0.775391 0.511719 0.775391 0.509766 0.777344 0.500000 0.777344 0.494141 0.771484 0.494141 0.761719 0.496094 0.759766 0.498047 0.759766 0.498047 0.757812 0.500000 0.755859 0.509766 0.755859 0.515625 0.761719 0.515625 0.771484 0.513672 0.773438
0 0.652344 0.769531 0.650391 0.769531 0.648438 0.771484 0.644531 0.771484 0.642578 0.769531 0.642578 0.763672 0.644531 0.761719 0.648438 0.761719 0.650391 0.763672 0.652344 0.763672
0 0.638672 0.771484 0.636719 0.771484 0.634766 0.773438 0.630859 0.773438 0.628906 0.771484 0.628906 0.765625 0.630859 0.763672 0.634766 0.763672 0.636719 0.765625 0.638672 0.765625
0 0.779297 0.771484 0.777344 0.771484 0.775391 0.773438 0.771484 0.773438 0.769531 0.771484 0.769531 0.765625 0.771484 0.763672 0.775391 0.763672 0.777344 0.765625 0.779297 0.765625
0 0.806641 0.771484 0.804688 0.771484 0.802734 0.773438 0.798828 0.773438 0.796875 0.771484 0.796875 0.765625 0.798828 0.763672 0.802734 0.763672 0.804688 0.765625 0.806641 0.765625
0 0.097656 0.773438 0.095703 0.773438 0.093750 0.775391 0.089844 0.775391 0.087891 0.773438 0.087891 0.767578 0.089844 0.765625 0.093750 0.765625 0.095703 0.767578 0.097656 0.767578
0 0.203125 0.773438 0.201172 0.773438 0.199219 0.775391 0.195312 0.775391 0.193359 0.773438 0.193359 0.767578 0.195312 0.765625 0.199219 0.765625 0.201172 0.767578 0.203125 0.767578
0 0.748047 0.781250 0.746094 0.781250 0.744141 0.783203 0.734375 0.783203 0.728516 0.777344 0.728516 0.767578 0.730469 0.765625 0.732422 0.765625 0.732422 0.763672 0.734375 0.761719 0.744141 0.761719 0.750000 0.767578 0.750000 0.777344 0.748047 0.779297
0 0.757812 0.777344 0.755859 0.777344 0.753906 0.779297 0.750000 0.779297 0.748047 0.777344 0.748047 0.771484 0.750000 0.769531 0.753906 0.769531 0.755859 0.771484 0.757812 0.771484
0 0.804688 0.777344 0.802734 0.777344 0.800781 0.779297 0.796875 0.779297 0.794922 0.777344 0.794922 0.771484 0.796875 0.769531 0.800781 0.769531 0.802734 0.771484 0.804688 0.771484
0 0.542969 0.779297 0.537109 0.785156 0.531250 0.785156 0.525391 0.779297 0.525391 0.773438 0.531250 0.767578 0.537109 0.767578 0.542969 0.773438
0 0.972656 0.779297 0.970703 0.779297 0.968750 0.781250 0.964844 0.781250 0.962891 0.779297 0.962891 0.773438 0.964844 0.771484 0.968750 0.771484 0.970703 0.773438 0.972656 0.773438
0 0.460938 0.781250 0.455078 0.787109 0.449219 0.787109 0.443359 0.781250 0.443359 0.775391 0.449219 0.769531 0.455078 0.769531 0.460938 0.775391
0 0.578125 0.787109 0.576172 0.787109 0.574219 0.789062 0.564453 0.789062 0.558594 0.783203 0.558594 0.773438 0.560547 0.771484 0.562500 0.771484 0.562500 0.769531 0.564453 0.767578 0.574219 0.767578 0.580078 0.773438 0.580078 0.783203 0.578125 0.785156
0 0.953125 0.777344 0.953125 0.781250 0.949219 0.781250 0.947266 0.779297 0.951172 0.775391
0 0.171875 0.789062 0.169922 0.789062 0.167969 0.791016 0.158203 0.791016 0.152344 0.785156 0.152344 0.775391 0.154297 0.773438 0.156250 0.773438 0.156250 0.771484 0.158203 0.769531 0.167969 0.769531 0.173828 0.775391 0.173828 0.785156 0.171875 0.787109
0 0.835938 0.785156 0.833984 0.785156 0.832031 0.787109 0.828125 0.787109 0.826172 0.785156 0.826172 0.779297 0.828125 0.777344 0.832031 0.777344 0.833984 0.779297 0.835938 0.779297
0 0.158203 0.785156 0.156250 0.787109 0.156250 0.789062 0.154297 0.791016 0.148438 0.791016 0.146484 0.789062 0.146484 0.787109 0.144531 0.785156 0.144531 0.783203 0.146484 0.781250 0.146484 0.779297 0.148438 0.777344 0.154297 0.777344 0.156250 0.779297 0.156250 0.781250 0.158203 0.783203
0 0.744141 0.785156 0.742188 0.787109 0.742188 0.789062 0.740234 0.791016 0.734375 0.791016 0.732422 0.789062 0.732422 0.787109 0.730469 0.785156 0.730469 0.783203 0.732422 0.781250 0.732422 0.779297 0.734375 0.777344 0.740234 0.777344 0.742188 0.779297 0.742188 0.781250 0.744141 0.783203
0 0.419922 0.787109 0.417969 0.789062 0.417969 0.791016 0.416016 0.792969 0.410156 0.792969 0.408203 0.791016 0.408203 0.789062 0.406250 0.787109 0.406250 0.785156 0.408203 0.783203 0.408203 0.781250 0.410156 0.779297 0.416016 0.779297 0.417969 0.781250 0.417969 0.783203 0.419922 0.785156
0 0.484375 0.789062 0.482422 0.791016 0.482422 0.792969 0.480469 0.794922 0.474609 0.794922 0.472656 0.792969 0.472656 0.791016 0.470703 0.789062 0.470703 0.787109 0.472656 0.785156 0.472656 0.783203 0.474609 0.781250 0.480469 0.781250 0.482422 0.783203 0.482422 0.785156 0.484375 0.787109
0 0.640625 0.787109 0.640625 0.791016 0.636719 0.791016 0.634766 0.789062 0.638672 0.785156
0 0.816406 0.791016 0.814453 0.791016 0.812500 0.792969 0.808594 0.792969 0.806641 0.791016 0.806641 0.785156 0.808594 0.783203 0.812500 0.783203 0.814453 0.785156 0.816406 0.785156
0 0.958984 0.787109 0.958984 0.791016 0.955078 0.791016 0.953125 0.789062 0.957031 0.785156
0 0.230469 0.792969 0.228516 0.792969 0.226562 0.794922 0.222656 0.794922 0.220703 0.792969 0.220703 0.787109 0.222656 0.785156 0.226562 0.785156 0.228516 0.787109 0.230469 0.787109
0 0.972656 0.791016 0.970703 0.792969 0.970703 0.794922 0.968750 0.796875 0.962891 0.796875 0.960938 0.794922 0.960938 0.792969 0.958984 0.791016 0.958984 0.789062 0.960938 0.787109 0.960938 0.785156 0.962891 0.783203 0.968750 0.783203 0.970703 0.785156 0.970703 0.787109 0.972656 0.789062
0 0.609375 0.792969 0.607422 0.794922 0.607422 0.796875 0.605469 0.798828 0.599609 0.798828 0.597656 0.796875 0.597656 0.794922 0.595703 0.792969 0.595703 0.791016 0.597656 0.789062 0.597656 0.787109 0.599609 0.785156 0.605469 0.785156 0.607422 0.787109 0.607422 0.789062 0.609375 0.791016
0 0.757812 0.794922 0.755859 0.794922 0.753906 0.796875 0.750000 0.796875 0.748047 0.794922 0.748047 0.789062 0.750000 0.787109 0.753906 0.787109 0.755859 0.789062 0.757812 0.789062
0 0.144531 0.794922 0.142578 0.796875 0.142578 0.798828 0.140625 0.800781 0.134766 0.800781 0.132812 0.798828 0.132812 0.796875 0.130859 0.794922 0.130859 0.792969 0.132812 0.791016 0.132812 0.789062 0.134766 0.787109 0.140625 0.787109 0.142578 0.789062 0.142578 0.791016 0.144531 0.792969
0 0.738281 0.796875 0.736328 0.796875 0.734375 0.798828 0.730469 0.798828 0.728516 0.796875 0.728516 0.791016 0.730469 0.789062 0.734375 0.789062 0.736328 0.791016 0.738281 0.791016
0 0.748047 0.804688 0.746094 0.804688 0.744141 0.806641 0.734375 0.806641 0.728516 0.800781 0.728516 0.791016 0.730469 0.789062 0.732422 0.789062 0.732422 0.787109 0.734375 0.785156 0.744141 0.785156 0.750000 0.791016 0.750000 0.800781 0.748047 0.802734
0 0.822266 0.804688 0.820312 0.804688 0.818359 0.806641 0.808594 0.806641 0.802734 0.800781 0.802734 0.791016 0.804688 0.789062 0.806641 0.789062 0.806641 0.787109 0.808594 0.785156 0.818359 0.785156 0.824219 0.791016 0.824219 0.800781 0.822266 0.802734
0 0.525391 0.798828 0.523438 0.800781 0.523438 0.802734 0.521484 0.804688 0.515625 0.804688 0.513672 0.802734 0.513672 0.800781 0.511719 0.798828 0.511719 0.796875 0.513672 0.794922 0.513672 0.792969 0.515625 0.791016 0.521484 0.791016 0.523438 0.792969 0.523438 0.794922 0.525391 0.796875
0 0.646484 0.796875 0.646484 0.800781 0.642578 0.800781 0.640625 0.798828 0.644531 0.794922
0 0.716797 0.800781 0.714844 0.800781 0.712891 0.802734 0.708984 0.802734 0.707031 0.800781 0.707031 0.794922 0.708984 0.792969 0.712891 0.792969 0.714844 0.794922 0.716797 0.794922
0 0.982422 0.796875 0.982422 0.800781 0.978516 0.800781 0.976562 0.798828 0.980469 0.794922
0 0.427734 0.802734 0.425781 0.802734 0.423828 0.804688 0.419922 0.804688 0.417969 0.802734 0.417969 0.796875 0.419922 0.794922 0.423828 0.794922 0.425781 0.796875 0.427734 0.796875
0 0.500000 0.804688 0.498047 0.804688 0.496094 0.806641 0.492188 0.806641 0.490234 0.804688 0.490234 0.798828 0.492188 0.796875 0.496094 0.796875 0.498047 0.798828 0.500000 0.798828
0 0.574219 0.802734 0.572266 0.804688 0.572266 0.806641 0.570312 0.808594 0.564453 0.808594 0.562500 0.806641 0.562500 0.804688 0.560547 0.802734 0.560547 0.800781 0.562500 0.798828 0.562500 0.796875 0.564453 0.794922 0.570312 0.794922 0.572266 0.796875 0.572266 0.798828 0.574219 0.800781
0 0.953125 0.800781 0.953125 0.804688 0.949219 0.804688 0.947266 0.802734 0.951172 0.798828
0 0.392578 0.806641 0.390625 0.806641 0.388672 0.808594 0.384766 0.808594 0.382812 0.806641 0.382812 0.800781 0.384766 0.798828 0.388672 0.798828 0.390625 0.800781 0.392578 0.800781
0 0.773438 0.806641 0.771484 0.808594 0.771484 0.810547 0.769531 0.812500 0.763672 0.812500 0.761719 0.810547 0.761719 0.808594 0.759766 0.806641 0.759766 0.804688 0.761719 0.802734 0.761719 0.800781 0.763672 0.798828 0.769531 0.798828 0.771484 0.800781 0.771484 0.802734 0.773438 0.804688
0 0.966797 0.808594 0.964844 0.808594 0.962891 0.810547 0.958984 0.810547 0.957031 0.808594 0.957031 0.802734 0.958984 0.800781 0.962891 0.800781 0.964844 0.802734 0.966797 0.802734
0 0.445312 0.810547 0.439453 0.816406 0.433594 0.816406 0.427734 0.810547 0.427734 0.804688 0.433594 0.798828 0.439453 0.798828 0.445312 0.804688
0 0.980469 0.806641 0.980469 0.810547 0.976562 0.810547 0.974609 0.808594 0.978516 0.804688
0 0.894531 0.810547 0.894531 0.814453 0.890625 0.814453 0.888672 0.812500 0.892578 0.808594
0 0.929688 0.810547 0.929688 0.814453 0.925781 0.814453 0.923828 0.812500 0.927734 0.808594
0 0.132812 0.816406 0.126953 0.822266 0.121094 0.822266 0.115234 0.816406 0.115234 0.810547 0.121094 0.804688 0.126953 0.804688 0.132812 0.810547
0 0.232422 0.812500 0.232422 0.816406 0.228516 0.816406 0.226562 0.814453 0.230469 0.810547
0 0.599609 0.816406 0.597656 0.818359 0.597656 0.820312 0.595703 0.822266 0.589844 0.822266 0.587891 0.820312 0.587891 0.818359 0.585938 0.816406 0.585938 0.814453 0.587891 0.812500 0.587891 0.810547 0.589844 0.808594 0.595703 0.808594 0.597656 0.810547 0.597656 0.812500 0.599609 0.814453
0 0.939453 0.818359 0.937500 0.818359 0.935547 0.820312 0.931641 0.820312 0.929688 0.818359 0.929688 0.812500 0.931641 0.810547 0.935547 0.810547 0.937500 0.812500 0.939453 0.812500
0 0.394531 0.820312 0.392578 0.820312 0.390625 0.822266 0.386719 0.822266 0.384766 0.820312 0.384766 0.814453 0.386719 0.812500 0.390625 0.812500 0.392578 0.814453 0.394531 0.814453
0 0.699219 0.818359 0.697266 0.820312 0.697266 0.822266 0.695312 0.824219 0.689453 0.824219 0.687500 0.822266 0.687500 0.820312 0.685547 0.818359 0.685547 0.816406 0.687500 0.814453 0.687500 0.812500 0.689453 0.810547 0.695312 0.810547 0.697266 0.812500 0.697266 0.814453 0.699219 0.816406
0 0.908203 0.816406 0.908203 0.820312 0.904297 0.820312 0.902344 0.818359 0.906250 0.814453
0 0.919922 0.818359 0.917969 0.820312 0.917969 0.822266 0.916016 0.824219 0.910156 0.824219 0.908203 0.822266 0.908203 0.820312 0.906250 0.818359 0.906250 0.816406 0.908203 0.814453 0.908203 0.812500 0.910156 0.810547 0.916016 0.810547 0.917969 0.812500 0.917969 0.814453 0.919922 0.816406
0 0.837891 0.818359 0.837891 0.822266 0.833984 0.822266 0.832031 0.820312 0.835938 0.816406
0 0.447266 0.826172 0.445312 0.826172 0.443359 0.828125 0.439453 0.828125 0.437500 0.826172 0.437500 0.820312 0.439453 0.818359 0.443359 0.818359 0.445312 0.820312 0.447266 0.820312
0 0.460938 0.822266 0.460938 0.826172 0.457031 0.826172 0.455078 0.824219 0.458984 0.820312
0 0.470703 0.824219 0.470703 0.828125 0.466797 0.828125 0.464844 0.826172 0.468750 0.822266
0 0.800781 0.828125 0.794922 0.833984 0.789062 0.833984 0.783203 0.828125 0.783203 0.822266 0.789062 0.816406 0.794922 0.816406 0.800781 0.822266
0 0.929688 0.830078 0.927734 0.830078 0.925781 0.832031 0.921875 0.832031 0.919922 0.830078 0.919922 0.824219 0.921875 0.822266 0.925781 0.822266 0.927734 0.824219 0.929688 0.824219
0 0.828125 0.830078 0.826172 0.832031 0.826172 0.833984 0.824219 0.835938 0.818359 0.835938 0.816406 0.833984 0.816406 0.832031 0.814453 0.830078 0.814453 0.828125 0.816406 0.826172 0.816406 0.824219 0.818359 0.822266 0.824219 0.822266 0.826172 0.824219 0.826172 0.826172 0.828125 0.828125
0 0.908203 0.828125 0.908203 0.832031 0.904297 0.832031 0.902344 0.830078 0.906250 0.826172
0 0.240234 0.833984 0.238281 0.833984 0.236328 0.835938 0.232422 0.835938 0.230469 0.833984 0.230469 0.828125 0.232422 0.826172 0.236328 0.826172 0.238281 0.828125 0.240234 0.828125
0 0.773438 0.832031 0.771484 0.833984 0.771484 0.835938 0.769531 0.837891 0.763672 0.837891 0.761719 0.835938 0.761719 0.833984 0.759766 0.832031 0.759766 0.830078 0.761719 0.828125 0.761719 0.826172 0.763672 0.824219 0.769531 0.824219 0.771484 0.826172 0.771484 0.828125 0.773438 0.830078
0 0.945312 0.833984 0.939453 0.839844 0.933594 0.839844 0.927734 0.833984 0.927734 0.828125 0.933594 0.822266 0.939453 0.822266 0.945312 0.828125
0 0.970703 0.833984 0.968750 0.833984 0.966797 0.835938 0.962891 0.835938 0.960938 0.833984 0.960938 0.828125 0.962891 0.826172 0.966797 0.826172 0.968750 0.828125 0.970703 0.828125
0 0.087891 0.833984 0.085938 0.835938 0.085938 0.837891 0.083984 0.839844 0.078125 0.839844 0.076172 0.837891 0.076172 0.835938 0.074219 0.833984 0.074219 0.832031 0.076172 0.830078 0.076172 0.828125 0.078125 0.826172 0.083984 0.826172 0.085938 0.828125 0.085938 0.830078 0.087891 0.832031
0 0.460938 0.832031 0.460938 0.835938 0.457031 0.835938 0.455078 0.833984 0.458984 0.830078
0 0.687500 0.835938 0.685547 0.835938 0.683594 0.837891 0.679688 0.837891 0.677734 0.835938 0.677734 0.830078 0.679688 0.828125 0.683594 0.828125 0.685547 0.830078 0.687500 0.830078
0 0.837891 0.835938 0.835938 0.835938 0.833984 0.837891 0.830078 0.837891 0.828125 0.835938 0.828125 0.830078 0.830078 0.828125 0.833984 0.828125 0.835938 0.830078 0.837891 0.830078
0 0.234375 0.843750 0.232422 0.843750 0.230469 0.845703 0.220703 0.845703 0.214844 0.839844 0.214844 0.830078 0.216797 0.828125 0.218750 0.828125 0.218750 0.826172 0.220703 0.824219 0.230469 0.824219 0.236328 0.830078 0.236328 0.839844 0.234375 0.841797
0 0.433594 0.835938 0.431641 0.837891 0.431641 0.839844 0.429688 0.841797 0.423828 0.841797 0.421875 0.839844 0.421875 0.837891 0.419922 0.835938 0.419922 0.833984 0.421875 0.832031 0.421875 0.830078 0.423828 0.828125 0.429688 0.828125 0.431641 0.830078 0.431641 0.832031 0.433594 0.833984
0 0.820312 0.835938 0.818359 0.837891 0.818359 0.839844 0.816406 0.841797 0.810547 0.841797 0.808594 0.839844 0.808594 0.837891 0.806641 0.835938 0.806641 0.833984 0.808594 0.832031 0.808594 0.830078 0.810547 0.828125 0.816406 0.828125 0.818359 0.830078 0.818359 0.832031 0.820312 0.833984
0 0.957031 0.833984 0.957031 0.837891 0.953125 0.837891 0.951172 0.835938 0.955078 0.832031
0 0.390625 0.839844 0.388672 0.839844 0.386719 0.841797 0.382812 0.841797 0.380859 0.839844 0.380859 0.833984 0.382812 0.832031 0.386719 0.832031 0.388672 0.833984 0.390625 0.833984
0 0.414062 0.835938 0.414062 0.839844 0.410156 0.839844 0.408203 0.837891 0.412109 0.833984
0 0.617188 0.843750 0.615234 0.843750 0.613281 0.845703 0.609375 0.845703 0.607422 0.843750 0.607422 0.837891 0.609375 0.835938 0.613281 0.835938 0.615234 0.837891 0.617188 0.837891
0 0.224609 0.843750 0.222656 0.845703 0.222656 0.847656 0.220703 0.849609 0.214844 0.849609 0.212891 0.847656 0.212891 0.845703 0.210938 0.843750 0.210938 0.841797 0.212891 0.839844 0.212891 0.837891 0.214844 0.835938 0.220703 0.835938 0.222656 0.837891 0.222656 0.839844 0.224609 0.841797
0 0.398438 0.841797 0.398438 0.845703 0.394531 0.845703 0.392578 0.843750 0.396484 0.839844
0 0.476562 0.853516 0.474609 0.853516 0.472656 0.855469 0.462891 0.855469 0.457031 0.849609 0.457031 0.839844 0.458984 0.837891 0.460938 0.837891 0.460938 0.835938 0.462891 0.833984 0.472656 0.833984 0.478516 0.839844 0.478516 0.849609 0.476562 0.851562
0 0.203125 0.849609 0.201172 0.849609 0.199219 0.851562 0.195312 0.851562 0.193359 0.849609 0.193359 0.843750 0.195312 0.841797 0.199219 0.841797 0.201172 0.843750 0.203125 0.843750
0 0.419922 0.845703 0.419922 0.849609 0.416016 0.849609 0.414062 0.847656 0.417969 0.843750
0 0.937500 0.845703 0.937500 0.849609 0.933594 0.849609 0.931641 0.847656 0.935547 0.843750
0 0.611328 0.851562 0.609375 0.851562 0.607422 0.853516 0.603516 0.853516 0.601562 0.851562 0.601562 0.845703 0.603516 0.843750 0.607422 0.843750 0.609375 0.845703 0.611328 0.845703
0 0.740234 0.847656 0.740234 0.851562 0.736328 0.851562 0.734375 0.849609 0.738281 0.845703
0 0.845703 0.849609 0.843750 0.851562 0.843750 0.853516 0.841797 0.855469 0.835938 0.855469 0.833984 0.853516 0.833984 0.851562 0.832031 0.849609 0.832031 0.847656 0.833984 0.845703 0.833984 0.843750 0.835938 0.841797 0.841797 0.841797 0.843750 0.843750 0.843750 0.845703 0.845703 0.847656
0 0.955078 0.851562 0.953125 0.851562 0.951172 0.853516 0.947266 0.853516 0.945312 0.851562 0.945312 0.845703 0.947266 0.843750 0.951172 0.843750 0.953125 0.845703 0.955078 0.845703
0 0.181641 0.853516 0.179688 0.853516 0.177734 0.855469 0.173828 0.855469 0.171875 0.853516 0.171875 0.847656 0.173828 0.845703 0.177734 0.845703 0.179688 0.847656 0.181641 0.847656
0 0.300781 0.853516 0.294922 0.859375 0.289062 0.859375 0.283203 0.853516 0.283203 0.847656 0.289062 0.841797 0.294922 0.841797 0.300781 0.847656
0 0.431641 0.849609 0.431641 0.853516 0.427734 0.853516 0.425781 0.851562 0.429688 0.847656
0 0.480469 0.849609 0.480469 0.853516 0.476562 0.853516 0.474609 0.851562 0.478516 0.847656
0 0.630859 0.853516 0.628906 0.853516 0.626953 0.855469 0.623047 0.855469 0.621094 0.853516 0.621094 0.847656 0.623047 0.845703 0.626953 0.845703 0.628906 0.847656 0.630859 0.847656
0 0.384766 0.853516 0.382812 0.855469 0.382812 0.857422 0.380859 0.859375 0.375000 0.859375 0.373047 0.857422 0.373047 0.855469 0.371094 0.853516 0.371094 0.851562 0.373047 0.849609 0.373047 0.847656 0.375000 0.845703 0.380859 0.845703 0.382812 0.847656 0.382812 0.849609 0.384766 0.851562
0 0.730469 0.855469 0.728516 0.855469 0.726562 0.857422 0.722656 0.857422 0.720703 0.855469 0.720703 0.849609 0.722656 0.847656 0.726562 0.847656 0.728516 0.849609 0.730469 0.849609
0 0.943359 0.851562 0.943359 0.855469 0.939453 0.855469 0.937500 0.853516 0.941406 0.849609
0 0.427734 0.855469 0.427734 0.859375 0.423828 0.859375 0.421875 0.857422 0.425781 0.853516
0 0.615234 0.855469 0.615234 0.859375 0.611328 0.859375 0.609375 0.857422 0.613281 0.853516
0 0.707031 0.859375 0.705078 0.859375 0.703125 0.861328 0.699219 0.861328 0.697266 0.859375 0.697266 0.853516 0.699219 0.851562 0.703125 0.851562 0.705078 0.853516 0.707031 0.853516
0 0.791016 0.859375 0.785156 0.865234 0.779297 0.865234 0.773438 0.859375 0.773438 0.853516 0.779297 0.847656 0.785156 0.847656 0.791016 0.853516
0 0.824219 0.859375 0.822266 0.859375 0.820312 0.861328 0.816406 0.861328 0.814453 0.859375 0.814453 0.853516 0.816406 0.851562 0.820312 0.851562 0.822266 0.853516 0.824219 0.853516
0 0.835938 0.859375 0.833984 0.861328 0.833984 0.863281 0.832031 0.865234 0.826172 0.865234 0.824219 0.863281 0.824219 0.861328 0.822266 0.859375 0.822266 0.857422 0.824219 0.855469 0.824219 0.853516 0.826172 0.851562 0.832031 0.851562 0.833984 0.853516 0.833984 0.855469 0.835938 0.857422
0 0.261719 0.863281 0.259766 0.863281 0.257812 0.865234 0.253906 0.865234 0.251953 0.863281 0.251953 0.857422 0.253906 0.855469 0.257812 0.855469 0.259766 0.857422 0.261719 0.857422
0 0.472656 0.863281 0.470703 0.863281 0.468750 0.865234 0.464844 0.865234 0.462891 0.863281 0.462891 0.857422 0.464844 0.855469 0.468750 0.855469 0.470703 0.857422 0.472656 0.857422
0 0.486328 0.859375 0.486328 0.863281 0.482422 0.863281 0.480469 0.861328 0.484375 0.857422
0 0.851562 0.859375 0.851562 0.863281 0.847656 0.863281 0.845703 0.861328 0.849609 0.857422
0 0.628906 0.863281 0.626953 0.865234 0.626953 0.867188 0.625000 0.869141 0.619141 0.869141 0.617188 0.867188 0.617188 0.865234 0.615234 0.863281 0.615234 0.861328 0.617188 0.859375 0.617188 0.857422 0.619141 0.855469 0.625000 0.855469 0.626953 0.857422 0.626953 0.859375 0.628906 0.861328
0 0.896484 0.863281 0.896484 0.867188 0.892578 0.867188 0.890625 0.865234 0.894531 0.861328
0 0.253906 0.869141 0.251953 0.869141 0.250000 0.871094 0.246094 0.871094 0.244141 0.869141 0.244141 0.863281 0.246094 0.861328 0.250000 0.861328 0.251953 0.863281 0.253906 0.863281
0 0.478516 0.869141 0.476562 0.869141 0.474609 0.871094 0.470703 0.871094 0.468750 0.869141 0.468750 0.863281 0.470703 0.861328 0.474609 0.861328 0.476562 0.863281 0.478516 0.863281
0 0.722656 0.869141 0.720703 0.869141 0.718750 0.871094 0.714844 0.871094 0.712891 0.869141 0.712891 0.863281 0.714844 0.861328 0.718750 0.861328 0.720703 0.863281 0.722656 0.863281
0 0.781250 0.869141 0.779297 0.869141 0.777344 0.871094 0.773438 0.871094 0.771484 0.869141 0.771484 0.863281 0.773438 0.861328 0.777344 0.861328 0.779297 0.863281 0.781250 0.863281
0 0.962891 0.869141 0.960938 0.869141 0.958984 0.871094 0.955078 0.871094 0.953125 0.869141 0.953125 0.863281 0.955078 0.861328 0.958984 0.861328 0.960938 0.863281 0.962891 0.863281
0 0.951172 0.871094 0.949219 0.871094 0.947266 0.873047 0.943359 0.873047 0.941406 0.871094 0.941406 0.865234 0.943359 0.863281 0.947266 0.863281 0.949219 0.865234 0.951172 0.865234
0 0.994141 0.871094 0.992188 0.871094 0.990234 0.873047 0.986328 0.873047 0.984375 0.871094 0.984375 0.865234 0.986328 0.863281 0.990234 0.863281 0.992188 0.865234 0.994141 0.865234
0 0.998047 0.878906 0.992188 0.878906 0.986328 0.873047 0.986328 0.863281 0.988281 0.861328 0.990234 0.861328 0.990234 0.859375 0.992188 0.857422 0.998047 0.857422
0 0.310547 0.873047 0.308594 0.873047 0.306641 0.875000 0.302734 0.875000 0.300781 0.873047 0.300781 0.867188 0.302734 0.865234 0.306641 0.865234 0.308594 0.867188 0.310547 0.867188
0 0.462891 0.869141 0.462891 0.873047 0.458984 0.873047 0.457031 0.871094 0.460938 0.867188
0 0.576172 0.869141 0.576172 0.873047 0.572266 0.873047 0.570312 0.871094 0.574219 0.867188
0 0.693359 0.873047 0.691406 0.873047 0.689453 0.875000 0.685547 0.875000 0.683594 0.873047 0.683594 0.867188 0.685547 0.865234 0.689453 0.865234 0.691406 0.867188 0.693359 0.867188
0 0.794922 0.869141 0.794922 0.873047 0.791016 0.873047 0.789062 0.871094 0.792969 0.867188
0 0.816406 0.869141 0.816406 0.873047 0.812500 0.873047 0.810547 0.871094 0.814453 0.867188
0 0.332031 0.873047 0.330078 0.875000 0.330078 0.876953 0.328125 0.878906 0.322266 0.878906 0.320312 0.876953 0.320312 0.875000 0.318359 0.873047 0.318359 0.871094 0.320312 0.869141 0.320312 0.867188 0.322266 0.865234 0.328125 0.865234 0.330078 0.867188 0.330078 0.869141 0.332031 0.871094
0 0.351562 0.880859 0.349609 0.880859 0.347656 0.882812 0.337891 0.882812 0.332031 0.876953 0.332031 0.867188 0.333984 0.865234 0.335938 0.865234 0.335938 0.863281 0.337891 0.861328 0.347656 0.861328 0.353516 0.867188 0.353516 0.876953 0.351562 0.878906
0 0.625000 0.871094 0.625000 0.875000 0.621094 0.875000 0.619141 0.873047 0.623047 0.869141
0 0.251953 0.875000 0.250000 0.876953 0.250000 0.878906 0.248047 0.880859 0.242188 0.880859 0.240234 0.878906 0.240234 0.876953 0.238281 0.875000 0.238281 0.873047 0.240234 0.871094 0.240234 0.869141 0.242188 0.867188 0.248047 0.867188 0.250000 0.869141 0.250000 0.871094 0.251953 0.873047
0 0.269531 0.873047 0.269531 0.876953 0.265625 0.876953 0.263672 0.875000 0.267578 0.871094
0 0.732422 0.882812 0.730469 0.882812 0.728516 0.884766 0.718750 0.884766 0.712891 0.878906 0.712891 0.869141 0.714844 0.867188 0.716797 0.867188 0.716797 0.865234 0.718750 0.863281 0.728516 0.863281 0.734375 0.869141 0.734375 0.878906 0.732422 0.880859
0 0.582031 0.875000 0.582031 0.878906 0.578125 0.878906 0.576172 0.876953 0.580078 0.873047
0 0.638672 0.875000 0.638672 0.878906 0.634766 0.878906 0.632812 0.876953 0.636719 0.873047
0 0.824219 0.875000 0.824219 0.878906 0.820312 0.878906 0.818359 0.876953 0.822266 0.873047
0 0.171875 0.880859 0.166016 0.886719 0.160156 0.886719 0.154297 0.880859 0.154297 0.875000 0.160156 0.869141 0.166016 0.869141 0.171875 0.875000
0 0.701172 0.880859 0.699219 0.880859 0.697266 0.882812 0.693359 0.882812 0.691406 0.880859 0.691406 0.875000 0.693359 0.873047 0.697266 0.873047 0.699219 0.875000 0.701172 0.875000
0 0.908203 0.878906 0.906250 0.880859 0.906250 0.882812 0.904297 0.884766 0.898438 0.884766 0.896484 0.882812 0.896484 0.880859 0.894531 0.878906 0.894531 0.876953 0.896484 0.875000 0.896484 0.873047 0.898438 0.871094 0.904297 0.871094 0.906250 0.873047 0.906250 0.875000 0.908203 0.876953
0 0.929688 0.878906 0.927734 0.880859 0.927734 0.882812 0.925781 0.884766 0.919922 0.884766 0.917969 0.882812 0.917969 0.880859 0.916016 0.878906 0.916016 0.876953 0.917969 0.875000 0.917969 0.873047 0.919922 0.871094 0.925781 0.871094 0.927734 0.873047 0.927734 0.875000 0.929688 0.876953
0 0.259766 0.878906 0.259766 0.882812 0.255859 0.882812 0.253906 0.880859 0.257812 0.876953
0 0.546875 0.882812 0.544922 0.882812 0.542969 0.884766 0.539062 0.884766 0.537109 0.882812 0.537109 0.876953 0.539062 0.875000 0.542969 0.875000 0.544922 0.876953 0.546875 0.876953
0 0.562500 0.882812 0.560547 0.882812 0.558594 0.884766 0.554688 0.884766 0.552734 0.882812 0.552734 0.876953 0.554688 0.875000 0.558594 0.875000 0.560547 0.876953 0.562500 0.876953
0 0.576172 0.880859 0.576172 0.884766 0.572266 0.884766 0.570312 0.882812 0.574219 0.878906
0 0.677734 0.884766 0.675781 0.884766 0.673828 0.886719 0.669922 0.886719 0.667969 0.884766 0.667969 0.878906 0.669922 0.876953 0.673828 0.876953 0.675781 0.878906 0.677734 0.878906
0 0.972656 0.884766 0.970703 0.884766 0.968750 0.886719 0.964844 0.886719 0.962891 0.884766 0.962891 0.878906 0.964844 0.876953 0.968750 0.876953 0.970703 0.878906 0.972656 0.878906
0 0.986328 0.884766 0.984375 0.884766 0.982422 0.886719 0.978516 0.886719 0.976562 0.884766 0.976562 0.878906 0.978516 0.876953 0.982422 0.876953 0.984375 0.878906 0.986328 0.878906
0 0.783203 0.884766 0.781250 0.886719 0.781250 0.888672 0.779297 0.890625 0.773438 0.890625 0.771484 0.888672 0.771484 0.886719 0.769531 0.884766 0.769531 0.882812 0.771484 0.880859 0.771484 0.878906 0.773438 0.876953 0.779297 0.876953 0.781250 0.878906 0.781250 0.880859 0.783203 0.882812
0 0.638672 0.886719 0.636719 0.888672 0.636719 0.890625 0.634766 0.892578 0.628906 0.892578 0.626953 0.890625 0.626953 0.888672 0.625000 0.886719 0.625000 0.884766 0.626953 0.882812 0.626953 0.880859 0.628906 0.878906 0.634766 0.878906 0.636719 0.880859 0.636719 0.882812 0.638672 0.884766
0 0.933594 0.886719 0.931641 0.888672 0.931641 0.890625 0.929688 0.892578 0.923828 0.892578 0.921875 0.890625 0.921875 0.888672 0.919922 0.886719 0.919922 0.884766 0.921875 0.882812 0.921875 0.880859 0.923828 0.878906 0.929688 0.878906 0.931641 0.880859 0.931641 0.882812 0.933594 0.884766
0 0.562500 0.892578 0.560547 0.892578 0.558594 0.894531 0.554688 0.894531 0.552734 0.892578 0.552734 0.886719 0.554688 0.884766 0.558594 0.884766 0.560547 0.886719 0.562500 0.886719
0 0.671875 0.888672 0.671875 0.892578 0.667969 0.892578 0.666016 0.890625 0.669922 0.886719
0 0.683594 0.890625 0.683594 0.894531 0.679688 0.894531 0.677734 0.892578 0.681641 0.888672
0 0.904297 0.894531 0.898438 0.900391 0.892578 0.900391 0.886719 0.894531 0.886719 0.888672 0.892578 0.882812 0.898438 0.882812 0.904297 0.888672
0 0.550781 0.896484 0.548828 0.896484 0.546875 0.898438 0.542969 0.898438 0.541016 0.896484 0.541016 0.890625 0.542969 0.888672 0.546875 0.888672 0.548828 0.890625 0.550781 0.890625
0 0.839844 0.892578 0.839844 0.896484 0.835938 0.896484 0.833984 0.894531 0.837891 0.890625
0 0.634766 0.894531 0.634766 0.898438 0.630859 0.898438 0.628906 0.896484 0.632812 0.892578
0 0.886719 0.898438 0.884766 0.898438 0.882812 0.900391 0.878906 0.900391 0.876953 0.898438 0.876953 0.892578 0.878906 0.890625 0.882812 0.890625 0.884766 0.892578 0.886719 0.892578
0 0.648438 0.896484 0.648438 0.900391 0.644531 0.900391 0.642578 0.898438 0.646484 0.894531
0 0.677734 0.896484 0.677734 0.900391 0.673828 0.900391 0.671875 0.898438 0.675781 0.894531
0 0.912109 0.900391 0.910156 0.900391 0.908203 0.902344 0.904297 0.902344 0.902344 0.900391 0.902344 0.894531 0.904297 0.892578 0.908203 0.892578 0.910156 0.894531 0.912109 0.894531
0 0.232422 0.908203 0.230469 0.908203 0.228516 0.910156 0.218750 0.910156 0.212891 0.904297 0.212891 0.894531 0.214844 0.892578 0.216797 0.892578 0.216797 0.890625 0.218750 0.888672 0.228516 0.888672 0.234375 0.894531 0.234375 0.904297 0.232422 0.906250
0 0.785156 0.898438 0.785156 0.902344 0.781250 0.902344 0.779297 0.900391 0.783203 0.896484
0 0.832031 0.898438 0.832031 0.902344 0.828125 0.902344 0.826172 0.900391 0.830078 0.896484
0 0.263672 0.906250 0.261719 0.906250 0.259766 0.908203 0.255859 0.908203 0.253906 0.906250 0.253906 0.900391 0.255859 0.898438 0.259766 0.898438 0.261719 0.900391 0.263672 0.900391
0 0.640625 0.902344 0.640625 0.906250 0.636719 0.906250 0.634766 0.904297 0.638672 0.900391
0 0.730469 0.912109 0.728516 0.912109 0.726562 0.914062 0.716797 0.914062 0.710938 0.908203 0.710938 0.898438 0.712891 0.896484 0.714844 0.896484 0.714844 0.894531 0.716797 0.892578 0.726562 0.892578 0.732422 0.898438 0.732422 0.908203 0.730469 0.910156
0 0.755859 0.906250 0.753906 0.906250 0.751953 0.908203 0.748047 0.908203 0.746094 0.906250 0.746094 0.900391 0.748047 0.898438 0.751953 0.898438 0.753906 0.900391 0.755859 0.900391
0 0.896484 0.902344 0.896484 0.906250 0.892578 0.906250 0.890625 0.904297 0.894531 0.900391
0 0.816406 0.904297 0.816406 0.908203 0.812500 0.908203 0.810547 0.906250 0.814453 0.902344
0 0.898438 0.912109 0.896484 0.912109 0.894531 0.914062 0.890625 0.914062 0.888672 0.912109 0.888672 0.906250 0.890625 0.904297 0.894531 0.904297 0.896484 0.906250 0.898438 0.906250
0 0.269531 0.912109 0.269531 0.916016 0.265625 0.916016 0.263672 0.914062 0.267578 0.910156
0 0.718750 0.916016 0.716797 0.916016 0.714844 0.917969 0.710938 0.917969 0.708984 0.916016 0.708984 0.910156 0.710938 0.908203 0.714844 0.908203 0.716797 0.910156 0.718750 0.910156
0 0.890625 0.916016 0.888672 0.916016 0.886719 0.917969 0.882812 0.917969 0.880859 0.916016 0.880859 0.910156 0.882812 0.908203 0.886719 0.908203 0.888672 0.910156 0.890625 0.910156
0 0.738281 0.917969 0.736328 0.917969 0.734375 0.919922 0.730469 0.919922 0.728516 0.917969 0.728516 0.912109 0.730469 0.910156 0.734375 0.910156 0.736328 0.912109 0.738281 0.912109
0 0.988281 0.919922 0.986328 0.919922 0.984375 0.921875 0.980469 0.921875 0.978516 0.919922 0.978516 0.914062 0.980469 0.912109 0.984375 0.912109 0.986328 0.914062 0.988281 0.914062
0 0.173828 0.933594 0.171875 0.933594 0.169922 0.935547 0.160156 0.935547 0.154297 0.929688 0.154297 0.919922 0.156250 0.917969 0.158203 0.917969 0.158203 0.916016 0.160156 0.914062 0.169922 0.914062 0.175781 0.919922 0.175781 0.929688 0.173828 0.931641
0 0.669922 0.927734 0.667969 0.927734 0.666016 0.929688 0.662109 0.929688 0.660156 0.927734 0.660156 0.921875 0.662109 0.919922 0.666016 0.919922 0.667969 0.921875 0.669922 0.921875
0 0.759766 0.925781 0.757812 0.927734 0.757812 0.929688 0.755859 0.931641 0.750000 0.931641 0.748047 0.929688 0.748047 0.927734 0.746094 0.925781 0.746094 0.923828 0.748047 0.921875 0.748047 0.919922 0.750000 0.917969 0.755859 0.917969 0.757812 0.919922 0.757812 0.921875 0.759766 0.923828
0 0.791016 0.929688 0.789062 0.929688 0.787109 0.931641 0.783203 0.931641 0.781250 0.929688 0.781250 0.923828 0.783203 0.921875 0.787109 0.921875 0.789062 0.923828 0.791016 0.923828
0 0.804688 0.929688 0.802734 0.929688 0.800781 0.931641 0.796875 0.931641 0.794922 0.929688 0.794922 0.923828 0.796875 0.921875 0.800781 0.921875 0.802734 0.923828 0.804688 0.923828
0 0.843750 0.927734 0.841797 0.929688 0.841797 0.931641 0.839844 0.933594 0.833984 0.933594 0.832031 0.931641 0.832031 0.929688 0.830078 0.927734 0.830078 0.925781 0.832031 0.923828 0.832031 0.921875 0.833984 0.919922 0.839844 0.919922 0.841797 0.921875 0.841797 0.923828 0.843750 0.925781
0 0.234375 0.931641 0.232422 0.931641 0.230469 0.933594 0.226562 0.933594 0.224609 0.931641 0.224609 0.925781 0.226562 0.923828 0.230469 0.923828 0.232422 0.925781 0.234375 0.925781
0 0.251953 0.927734 0.251953 0.931641 0.248047 0.931641 0.246094 0.929688 0.250000 0.925781
0 0.371094 0.927734 0.371094 0.931641 0.367188 0.931641 0.365234 0.929688 0.369141 0.925781
0 0.820312 0.931641 0.814453 0.937500 0.808594 0.937500 0.802734 0.931641 0.802734 0.925781 0.808594 0.919922 0.814453 0.919922 0.820312 0.925781
0 0.365234 0.931641 0.365234 0.935547 0.361328 0.935547 0.359375 0.933594 0.363281 0.929688
0 0.662109 0.937500 0.660156 0.937500 0.658203 0.939453 0.654297 0.939453 0.652344 0.937500 0.652344 0.931641 0.654297 0.929688 0.658203 0.929688 0.660156 0.931641 0.662109 0.931641
0 0.779297 0.939453 0.777344 0.939453 0.775391 0.941406 0.771484 0.941406 0.769531 0.939453 0.769531 0.933594 0.771484 0.931641 0.775391 0.931641 0.777344 0.933594 0.779297 0.933594
0 0.363281 0.937500 0.363281 0.941406 0.359375 0.941406 0.357422 0.939453 0.361328 0.935547
0 0.722656 0.941406 0.716797 0.947266 0.710938 0.947266 0.705078 0.941406 0.705078 0.935547 0.710938 0.929688 0.716797 0.929688 0.722656 0.935547
0 0.376953 0.939453 0.376953 0.943359 0.373047 0.943359 0.371094 0.941406 0.375000 0.937500
0 0.970703 0.949219 0.968750 0.949219 0.966797 0.951172 0.957031 0.951172 0.951172 0.945312 0.951172 0.935547 0.953125 0.933594 0.955078 0.933594 0.955078 0.931641 0.957031 0.929688 0.966797 0.929688 0.972656 0.935547 0.972656 0.945312 0.970703 0.947266
0 0.253906 0.945312 0.251953 0.945312 0.250000 0.947266 0.246094 0.947266 0.244141 0.945312 0.244141 0.939453 0.246094 0.937500 0.250000 0.937500 0.251953 0.939453 0.253906 0.939453
0 0.693359 0.951172 0.691406 0.951172 0.689453 0.953125 0.679688 0.953125 0.673828 0.947266 0.673828 0.937500 0.675781 0.935547 0.677734 0.935547 0.677734 0.933594 0.679688 0.931641 0.689453 0.931641 0.695312 0.937500 0.695312 0.947266 0.693359 0.949219
0 0.671875 0.949219 0.669922 0.949219 0.667969 0.951172 0.664062 0.951172 0.662109 0.949219 0.662109 0.943359 0.664062 0.941406 0.667969 0.941406 0.669922 0.943359 0.671875 0.943359
0 0.234375 0.951172 0.232422 0.953125 0.232422 0.955078 0.230469 0.957031 0.224609 0.957031 0.222656 0.955078 0.222656 0.953125 0.220703 0.951172 0.220703 0.949219 0.222656 0.947266 0.222656 0.945312 0.224609 0.943359 0.230469 0.943359 0.232422 0.945312 0.232422 0.947266 0.234375 0.949219
0 0.769531 0.955078 0.763672 0.960938 0.757812 0.960938 0.751953 0.955078 0.751953 0.949219 0.757812 0.943359 0.763672 0.943359 0.769531 0.949219
0 0.796875 0.955078 0.794922 0.955078 0.792969 0.957031 0.789062 0.957031 0.787109 0.955078 0.787109 0.949219 0.789062 0.947266 0.792969 0.947266 0.794922 0.949219 0.796875 0.949219
0 0.828125 0.960938 0.826172 0.960938 0.824219 0.962891 0.814453 0.962891 0.808594 0.957031 0.808594 0.947266 0.810547 0.945312 0.812500 0.945312 0.812500 0.943359 0.814453 0.941406 0.824219 0.941406 0.830078 0.947266 0.830078 0.957031 0.828125 0.958984
0 0.933594 0.953125 0.931641 0.955078 0.931641 0.957031 0.929688 0.958984 0.923828 0.958984 0.921875 0.957031 0.921875 0.955078 0.919922 0.953125 0.919922 0.951172 0.921875 0.949219 0.921875 0.947266 0.923828 0.945312 0.929688 0.945312 0.931641 0.947266 0.931641 0.949219 0.933594 0.951172
0 0.974609 0.957031 0.972656 0.957031 0.970703 0.958984 0.966797 0.958984 0.964844 0.957031 0.964844 0.951172 0.966797 0.949219 0.970703 0.949219 0.972656 0.951172 0.974609 0.951172
0 0.689453 0.964844 0.687500 0.964844 0.685547 0.966797 0.675781 0.966797 0.669922 0.960938 0.669922 0.951172 0.671875 0.949219 0.673828 0.949219 0.673828 0.947266 0.675781 0.945312 0.685547 0.945312 0.691406 0.951172 0.691406 0.960938 0.689453 0.962891
0 0.179688 0.960938 0.173828 0.966797 0.167969 0.966797 0.162109 0.960938 0.162109 0.955078 0.167969 0.949219 0.173828 0.949219 0.179688 0.955078
0 0.351562 0.958984 0.351562 0.962891 0.347656 0.962891 0.345703 0.960938 0.349609 0.957031
0 0.716797 0.960938 0.714844 0.962891 0.714844 0.964844 0.712891 0.966797 0.707031 0.966797 0.705078 0.964844 0.705078 0.962891 0.703125 0.960938 0.703125 0.958984 0.705078 0.957031 0.705078 0.955078 0.707031 0.953125 0.712891 0.953125 0.714844 0.955078 0.714844 0.957031 0.716797 0.958984
0 0.341797 0.962891 0.341797 0.966797 0.337891 0.966797 0.335938 0.964844 0.339844 0.960938
0 0.867188 0.976562 0.865234 0.976562 0.863281 0.978516 0.853516 0.978516 0.847656 0.972656 0.847656 0.962891 0.849609 0.960938 0.851562 0.960938 0.851562 0.958984 0.853516 0.957031 0.863281 0.957031 0.869141 0.962891 0.869141 0.972656 0.867188 0.974609
0 0.347656 0.968750 0.347656 0.972656 0.343750 0.972656 0.341797 0.970703 0.345703 0.966797
0 0.933594 0.974609 0.931641 0.974609 0.929688 0.976562 0.925781 0.976562 0.923828 0.974609 0.923828 0.968750 0.925781 0.966797 0.929688 0.966797 0.931641 0.968750 0.933594 0.968750
0 0.666016 0.976562 0.664062 0.976562 0.662109 0.978516 0.658203 0.978516 0.656250 0.976562 0.656250 0.970703 0.658203 0.968750 0.662109 0.968750 0.664062 0.970703 0.666016 0.970703
0 0.748047 0.974609 0.748047 0.978516 0.744141 0.978516 0.742188 0.976562 0.746094 0.972656
0 0.195312 0.980469 0.193359 0.980469 0.191406 0.982422 0.187500 0.982422 0.185547 0.980469 0.185547 0.974609 0.187500 0.972656 0.191406 0.972656 0.193359 0.974609 0.195312 0.974609
0 0.894531 0.982422 0.892578 0.984375 0.892578 0.986328 0.890625 0.988281 0.884766 0.988281 0.882812 0.986328 0.882812 0.984375 0.880859 0.982422 0.880859 0.980469 0.882812 0.978516 0.882812 0.976562 0.884766 0.974609 0.890625 0.974609 0.892578 0.976562 0.892578 0.978516 0.894531 0.980469
0 0.906250 0.982422 0.906250 0.986328 0.902344 0.986328 0.900391 0.984375 0.904297 0.980469
0 0.687500 0.986328 0.685547 0.988281 0.685547 0.990234 0.683594 0.992188 0.677734 0.992188 0.675781 0.990234 0.675781 0.988281 0.673828 0.986328 0.673828 0.984375 0.675781 0.982422 0.675781 0.980469 0.677734 0.978516 0.683594 0.978516 0.685547 0.980469 0.685547 0.982422 0.687500 0.984375
0 0.636719 0.992188 0.634766 0.992188 0.632812 0.994141 0.628906 0.994141 0.626953 0.992188 0.626953 0.986328 0.628906 0.984375 0.632812 0.984375 0.634766 0.986328 0.636719 0.986328
0 0.677734 0.998047 0.656250 0.998047 0.656250 0.992188 0.658203 0.990234 0.660156 0.990234 0.660156 0.988281 0.662109 0.986328 0.671875 0.986328 0.677734 0.992188
0 0.722656 0.998047 0.712891 0.998047 0.712891 0.994141 0.714844 0.992188 0.718750 0.992188 0.720703 0.994141 0.722656 0.994141
0 0.789062 0.998047 0.779297 0.998047 0.779297 0.994141 0.781250 0.992188 0.785156 0.992188 0.787109 0.994141 0.789062 0.994141
0 0.853516 0.998047 0.832031 0.998047 0.832031 0.992188 0.833984 0.990234 0.835938 0.990234 0.835938 0.988281 0.837891 0.986328 0.847656 0.986328 0.853516 0.992188
0 0.876953 0.998047 0.863281 0.998047 0.863281 0.996094 0.865234 0.994141 0.865234 0.992188 0.867188 0.990234 0.873047 0.990234 0.875000 0.992188 0.875000 0.994141 0.876953 0.996094
0 0.933594 0.998047 0.916016 0.998047 0.916016 0.994141 0.921875 0.988281 0.927734 0.988281 0.933594 0.994141
0 0.980469 0.996094 0.980469 0.998047 0.974609 0.998047 0.978516 0.994141
