1 0.449219 0.000000 0.451172 0.001953 0.455078 0.001953 0.457031 0.000000
1 0.000000 0.074219 0.000000 0.158203 0.001953 0.156250 0.001953 0.130859 0.003906 0.128906 0.003906 0.091797 0.001953 0.089844 0.001953 0.076172
0 0.837891 0.078125 0.835938 0.080078 0.835938 0.082031 0.837891 0.083984 0.841797 0.083984 0.843750 0.082031 0.843750 0.080078 0.841797 0.078125
0 0.490234 0.099609 0.488281 0.101562 0.488281 0.103516 0.490234 0.105469 0.492188 0.105469 0.494141 0.103516 0.494141 0.101562 0.492188 0.099609
0 0.847656 0.113281 0.843750 0.117188 0.843750 0.123047 0.845703 0.123047 0.847656 0.125000 0.849609 0.125000 0.855469 0.119141 0.857422 0.119141 0.855469 0.117188 0.853516 0.117188 0.849609 0.113281
0 0.419922 0.117188 0.419922 0.121094 0.425781 0.121094 0.425781 0.119141 0.423828 0.117188
0 0.507812 0.121094 0.503906 0.125000 0.503906 0.126953 0.505859 0.128906 0.511719 0.128906 0.511719 0.123047 0.509766 0.121094
0 0.134766 0.128906 0.134766 0.134766 0.140625 0.138672 0.150391 0.138672 0.154297 0.134766 0.154297 0.128906 0.152344 0.128906 0.148438 0.125000 0.136719 0.125000 0.136719 0.126953
0 0.230469 0.136719 0.228516 0.138672 0.228516 0.142578 0.230469 0.142578 0.232422 0.140625 0.232422 0.138672
0 0.564453 0.148438 0.562500 0.150391 0.562500 0.152344 0.564453 0.154297 0.568359 0.154297 0.570312 0.152344 0.570312 0.150391 0.568359 0.148438
0 0.052734 0.193359 0.052734 0.197266 0.054688 0.199219 0.054688 0.201172 0.060547 0.205078 0.064453 0.205078 0.066406 0.203125 0.068359 0.203125 0.072266 0.199219 0.072266 0.197266 0.070312 0.195312 0.070312 0.193359 0.064453 0.189453 0.056641 0.189453
0 0.664062 0.191406 0.662109 0.191406 0.658203 0.195312 0.658203 0.197266 0.660156 0.199219 0.664062 0.199219 0.666016 0.197266 0.666016 0.193359
0 0.523438 0.205078 0.521484 0.207031 0.521484 0.210938 0.523438 0.212891 0.525391 0.212891 0.527344 0.210938 0.527344 0.207031 0.525391 0.205078
0 0.707031 0.226562 0.705078 0.226562 0.701172 0.222656 0.699219 0.222656 0.697266 0.224609 0.687500 0.224609 0.687500 0.236328 0.689453 0.236328 0.691406 0.238281 0.691406 0.240234 0.695312 0.240234 0.697266 0.238281 0.701172 0.238281 0.703125 0.236328 0.703125 0.234375 0.705078 0.232422
0 0.955078 0.228516 0.951172 0.228516 0.951172 0.230469 0.949219 0.232422 0.947266 0.230469 0.947266 0.234375 0.949219 0.236328 0.949219 0.238281 0.951172 0.240234 0.953125 0.240234 0.955078 0.238281 0.957031 0.238281 0.957031 0.234375 0.958984 0.232422
0 0.095703 0.238281 0.095703 0.242188 0.099609 0.246094 0.103516 0.246094 0.105469 0.244141 0.105469 0.238281 0.103516 0.236328 0.099609 0.236328 0.097656 0.238281
0 0.421875 0.244141 0.417969 0.248047 0.417969 0.255859 0.419922 0.257812 0.425781 0.257812 0.429688 0.253906 0.427734 0.251953 0.427734 0.246094 0.425781 0.244141
0 0.398438 0.265625 0.394531 0.269531 0.394531 0.275391 0.398438 0.279297 0.402344 0.279297 0.404297 0.277344 0.404297 0.271484 0.402344 0.269531 0.402344 0.267578 0.400391 0.265625
0 0.238281 0.289062 0.234375 0.292969 0.234375 0.296875 0.236328 0.298828 0.236328 0.300781 0.240234 0.304688 0.242188 0.304688 0.244141 0.302734 0.244141 0.292969 0.240234 0.289062
0 0.351562 0.316406 0.351562 0.304688 0.343750 0.298828 0.337891 0.300781 0.330078 0.310547 0.326172 0.310547 0.324219 0.308594 0.324219 0.302734 0.322266 0.300781 0.318359 0.300781 0.314453 0.304688 0.322266 0.318359 0.328125 0.318359 0.330078 0.316406 0.339844 0.326172
0 0.968750 0.298828 0.966797 0.296875 0.964844 0.298828 0.964844 0.300781 0.968750 0.300781
1 0.367188 0.308594 0.367188 0.318359 0.371094 0.322266 0.373047 0.322266 0.375000 0.324219 0.382812 0.324219 0.386719 0.320312 0.394531 0.320312 0.396484 0.318359 0.398438 0.318359 0.400391 0.320312 0.400391 0.324219 0.402344 0.326172 0.402344 0.328125 0.396484 0.333984 0.396484 0.335938 0.404297 0.341797 0.410156 0.335938 0.410156 0.333984 0.412109 0.332031 0.410156 0.330078 0.410156 0.322266 0.404297 0.316406 0.404297 0.314453 0.396484 0.308594 0.390625 0.310547 0.390625 0.312500 0.388672 0.314453 0.386719 0.314453 0.384766 0.312500 0.384766 0.310547 0.380859 0.304688 0.371094 0.304688
0 0.253906 0.314453 0.248047 0.320312 0.250000 0.328125 0.257812 0.335938 0.257812 0.337891 0.259766 0.337891 0.265625 0.343750 0.275391 0.341797 0.277344 0.339844 0.277344 0.330078 0.275391 0.328125 0.275391 0.322266 0.269531 0.312500 0.259766 0.312500 0.257812 0.314453
0 0.449219 0.333984 0.443359 0.333984 0.441406 0.335938 0.441406 0.337891 0.439453 0.339844 0.445312 0.345703 0.451172 0.339844 0.451172 0.335938
0 0.468750 0.337891 0.468750 0.341797 0.470703 0.343750 0.472656 0.343750 0.474609 0.341797 0.476562 0.341797 0.476562 0.335938 0.470703 0.335938
0 0.410156 0.355469 0.408203 0.357422 0.408203 0.361328 0.412109 0.365234 0.417969 0.365234 0.419922 0.363281 0.419922 0.361328 0.421875 0.359375 0.417969 0.355469
0 0.572266 0.363281 0.572266 0.369141 0.580078 0.376953 0.585938 0.376953 0.587891 0.375000 0.589844 0.375000 0.589844 0.369141 0.585938 0.365234 0.583984 0.365234 0.582031 0.363281 0.578125 0.363281 0.576172 0.361328 0.574219 0.363281
0 0.675781 0.361328 0.673828 0.363281 0.675781 0.365234 0.677734 0.363281
0 0.351562 0.365234 0.349609 0.363281 0.347656 0.363281 0.345703 0.365234 0.345703 0.369141 0.349609 0.369141 0.351562 0.367188
0 0.865234 0.363281 0.857422 0.363281 0.851562 0.367188 0.847656 0.367188 0.843750 0.369141 0.839844 0.373047 0.843750 0.384766 0.845703 0.384766 0.849609 0.388672 0.853516 0.388672 0.855469 0.386719 0.859375 0.386719 0.863281 0.384766 0.869141 0.378906 0.869141 0.367188
0 0.298828 0.369141 0.296875 0.371094 0.296875 0.376953 0.298828 0.376953 0.302734 0.373047
0 0.451172 0.371094 0.449219 0.373047 0.449219 0.375000 0.453125 0.378906 0.455078 0.378906 0.457031 0.376953 0.457031 0.373047 0.455078 0.371094
0 0.388672 0.380859 0.384766 0.380859 0.382812 0.382812 0.382812 0.386719 0.384766 0.388672 0.384766 0.390625 0.386719 0.388672 0.388672 0.388672 0.388672 0.386719 0.390625 0.384766 0.390625 0.382812
0 0.408203 0.378906 0.406250 0.380859 0.406250 0.386719 0.408203 0.388672 0.410156 0.388672 0.412109 0.386719 0.412109 0.380859 0.410156 0.378906
0 0.441406 0.382812 0.439453 0.384766 0.441406 0.386719 0.443359 0.384766
0 0.902344 0.396484 0.902344 0.400391 0.904297 0.402344 0.902344 0.404297 0.906250 0.410156 0.916016 0.410156 0.921875 0.406250 0.921875 0.398438 0.917969 0.392578 0.906250 0.392578 0.906250 0.394531 0.904297 0.396484
0 0.593750 0.394531 0.591797 0.396484 0.591797 0.398438 0.593750 0.398438
1 0.396484 0.408203 0.396484 0.410156 0.394531 0.412109 0.388672 0.414062 0.388672 0.416016 0.386719 0.417969 0.388672 0.419922 0.388672 0.421875 0.392578 0.425781 0.390625 0.427734 0.388672 0.427734 0.388672 0.429688 0.390625 0.431641 0.392578 0.429688 0.392578 0.423828 0.398438 0.417969 0.398438 0.416016 0.400391 0.414062 0.400391 0.410156 0.398438 0.410156
0 0.416016 0.408203 0.412109 0.412109 0.412109 0.419922 0.414062 0.419922 0.417969 0.423828 0.421875 0.423828 0.423828 0.421875 0.425781 0.421875 0.425781 0.410156 0.423828 0.408203
0 0.341797 0.427734 0.339844 0.429688 0.339844 0.437500 0.343750 0.441406 0.347656 0.441406 0.351562 0.437500 0.351562 0.431641 0.347656 0.427734
0 0.406250 0.425781 0.404297 0.427734 0.402344 0.427734 0.402344 0.431641 0.404297 0.431641 0.406250 0.433594 0.408203 0.431641 0.408203 0.427734
0 0.904297 0.425781 0.902344 0.427734 0.902344 0.429688 0.904297 0.431641 0.906250 0.431641 0.906250 0.429688 0.908203 0.427734 0.906250 0.425781
0 0.080078 0.435547 0.082031 0.435547 0.083984 0.437500 0.082031 0.439453 0.080078 0.439453 0.080078 0.443359 0.082031 0.445312 0.087891 0.445312 0.087891 0.441406 0.089844 0.439453 0.093750 0.439453 0.091797 0.439453 0.089844 0.437500 0.089844 0.439453 0.087891 0.441406 0.082031 0.435547
0 0.101562 0.435547 0.103516 0.437500 0.101562 0.439453 0.101562 0.441406 0.103516 0.443359 0.105469 0.443359 0.107422 0.441406 0.107422 0.439453 0.105469 0.437500 0.107422 0.435547
0 0.380859 0.437500 0.378906 0.439453 0.378906 0.441406 0.380859 0.443359 0.384766 0.443359 0.386719 0.441406 0.386719 0.439453 0.384766 0.437500
0 0.720703 0.437500 0.708984 0.441406 0.703125 0.449219 0.705078 0.453125 0.703125 0.457031 0.705078 0.464844 0.708984 0.466797 0.710938 0.470703 0.726562 0.468750 0.730469 0.460938 0.730469 0.451172 0.728516 0.449219 0.728516 0.445312
0 0.970703 0.453125 0.966797 0.453125 0.964844 0.455078 0.964844 0.457031 0.966797 0.458984 0.968750 0.458984 0.970703 0.457031
0 0.099609 0.458984 0.095703 0.458984 0.093750 0.460938 0.093750 0.464844 0.095703 0.466797 0.097656 0.466797 0.101562 0.462891 0.101562 0.460938
0 0.240234 0.478516 0.236328 0.478516 0.230469 0.484375 0.230469 0.490234 0.234375 0.494141 0.238281 0.494141 0.244141 0.488281 0.244141 0.482422
0 0.402344 0.484375 0.408203 0.490234 0.410156 0.488281 0.412109 0.488281 0.412109 0.486328 0.408203 0.482422 0.404297 0.482422
0 0.732422 0.482422 0.726562 0.482422 0.726562 0.486328 0.728516 0.488281 0.730469 0.486328 0.730469 0.484375
0 0.771484 0.488281 0.769531 0.492188 0.771484 0.494141 0.769531 0.505859 0.771484 0.507812 0.771484 0.513672 0.777344 0.519531 0.789062 0.519531 0.796875 0.513672 0.800781 0.515625 0.798828 0.509766 0.798828 0.503906 0.802734 0.498047 0.800781 0.492188 0.794922 0.488281 0.791016 0.488281 0.789062 0.484375 0.783203 0.484375 0.781250 0.482422 0.777344 0.484375 0.773438 0.490234
0 0.173828 0.490234 0.171875 0.492188 0.169922 0.492188 0.169922 0.494141 0.171875 0.492188 0.173828 0.494141 0.173828 0.496094 0.173828 0.494141 0.175781 0.492188
0 0.201172 0.498047 0.199219 0.498047 0.197266 0.500000 0.197266 0.501953 0.199219 0.503906 0.203125 0.500000
1 0.621094 0.496094 0.617188 0.496094 0.613281 0.500000 0.613281 0.505859 0.617188 0.509766 0.617188 0.513672 0.609375 0.519531 0.609375 0.525391 0.613281 0.529297 0.619141 0.529297 0.623047 0.525391 0.623047 0.519531 0.619141 0.515625 0.619141 0.513672 0.626953 0.507812 0.626953 0.500000
0 0.927734 0.500000 0.923828 0.500000 0.923828 0.503906 0.925781 0.505859 0.927734 0.503906
0 0.990234 0.501953 0.984375 0.507812 0.984375 0.517578 0.988281 0.521484 0.990234 0.521484 0.992188 0.523438 0.998047 0.523438 0.998047 0.501953
0 0.093750 0.507812 0.093750 0.509766 0.091797 0.511719 0.091797 0.513672 0.097656 0.519531 0.099609 0.519531 0.105469 0.513672 0.103516 0.511719 0.103516 0.509766 0.095703 0.509766
0 0.320312 0.513672 0.316406 0.509766 0.314453 0.509766 0.312500 0.511719 0.312500 0.513672 0.308594 0.517578 0.310547 0.519531 0.312500 0.519531 0.314453 0.517578 0.316406 0.519531 0.320312 0.515625
0 0.683594 0.507812 0.681641 0.509766 0.681641 0.513672 0.683594 0.515625 0.687500 0.515625 0.689453 0.513672 0.689453 0.509766 0.687500 0.507812
0 0.857422 0.509766 0.855469 0.511719 0.855469 0.513672 0.859375 0.517578 0.861328 0.517578 0.863281 0.515625 0.863281 0.511719 0.861328 0.509766
1 0.253906 0.517578 0.251953 0.519531 0.251953 0.521484 0.253906 0.523438 0.253906 0.525391 0.248047 0.531250 0.251953 0.535156 0.253906 0.535156 0.255859 0.533203 0.255859 0.529297 0.253906 0.527344 0.253906 0.525391 0.255859 0.523438 0.255859 0.521484 0.257812 0.519531 0.255859 0.519531
0 0.273438 0.517578 0.269531 0.521484 0.269531 0.523438 0.271484 0.525391 0.277344 0.525391 0.279297 0.523438 0.279297 0.521484 0.277344 0.519531 0.275391 0.519531
0 0.408203 0.521484 0.404297 0.521484 0.402344 0.523438 0.402344 0.525391 0.404297 0.527344 0.402344 0.529297 0.402344 0.531250 0.400391 0.533203 0.402344 0.535156 0.404297 0.533203 0.404297 0.531250 0.406250 0.529297 0.408203 0.529297 0.410156 0.527344 0.410156 0.523438
1 0.851562 0.523438 0.847656 0.519531 0.845703 0.519531 0.841797 0.525391 0.835938 0.521484 0.833984 0.523438 0.832031 0.523438 0.832031 0.529297 0.833984 0.531250 0.835938 0.531250 0.837891 0.529297 0.839844 0.529297 0.839844 0.527344 0.841797 0.525391 0.843750 0.527344 0.845703 0.525391 0.847656 0.527344 0.849609 0.527344 0.851562 0.525391
0 0.671875 0.523438 0.669922 0.525391 0.669922 0.527344 0.667969 0.529297 0.671875 0.533203 0.677734 0.533203 0.681641 0.529297 0.675781 0.523438
0 0.699219 0.525391 0.697266 0.527344 0.699219 0.529297 0.701172 0.527344
0 0.593750 0.533203 0.589844 0.533203 0.587891 0.535156 0.585938 0.535156 0.582031 0.539062 0.582031 0.541016 0.580078 0.542969 0.580078 0.554688 0.583984 0.558594 0.589844 0.558594 0.599609 0.548828 0.599609 0.539062 0.597656 0.537109 0.597656 0.535156 0.595703 0.535156
0 0.748047 0.531250 0.740234 0.539062 0.742188 0.542969 0.742188 0.546875 0.748047 0.552734 0.751953 0.552734 0.757812 0.558594 0.765625 0.558594 0.769531 0.554688 0.769531 0.548828 0.763672 0.542969 0.763672 0.537109 0.755859 0.531250
0 0.810547 0.533203 0.804688 0.533203 0.796875 0.537109 0.796875 0.539062 0.792969 0.542969 0.792969 0.556641 0.798828 0.564453 0.802734 0.564453 0.804688 0.566406 0.812500 0.564453 0.816406 0.560547 0.818359 0.560547 0.822266 0.554688 0.822266 0.542969
0 0.966797 0.535156 0.964844 0.537109 0.966797 0.539062 0.968750 0.539062 0.968750 0.535156
0 0.988281 0.537109 0.986328 0.537109 0.984375 0.539062 0.980469 0.539062 0.976562 0.544922 0.976562 0.548828 0.978516 0.550781 0.978516 0.554688 0.982422 0.558594 0.990234 0.558594 0.992188 0.556641 0.994141 0.556641 0.994141 0.554688 0.996094 0.552734 0.996094 0.546875 0.994141 0.544922 0.994141 0.542969
0 0.242188 0.539062 0.240234 0.539062 0.238281 0.541016 0.242188 0.541016
0 0.718750 0.558594 0.718750 0.562500 0.720703 0.562500 0.722656 0.564453 0.722656 0.566406 0.734375 0.566406 0.736328 0.564453 0.736328 0.558594 0.734375 0.556641 0.728516 0.556641 0.726562 0.558594 0.724609 0.556641 0.720703 0.556641
0 0.376953 0.558594 0.375000 0.558594 0.369141 0.564453 0.365234 0.564453 0.363281 0.566406 0.363281 0.572266 0.365234 0.574219 0.365234 0.578125 0.369141 0.582031 0.376953 0.582031 0.378906 0.580078 0.378906 0.576172 0.375000 0.570312 0.375000 0.568359 0.378906 0.564453 0.378906 0.560547
0 0.328125 0.572266 0.328125 0.574219 0.330078 0.576172 0.332031 0.576172 0.332031 0.574219 0.330078 0.572266
0 0.486328 0.570312 0.484375 0.572266 0.484375 0.576172 0.490234 0.576172 0.490234 0.572266 0.488281 0.570312
0 0.695312 0.570312 0.693359 0.572266 0.693359 0.574219 0.695312 0.576172 0.693359 0.578125 0.697266 0.582031 0.703125 0.582031 0.705078 0.580078 0.705078 0.574219 0.701172 0.570312
0 0.800781 0.570312 0.796875 0.570312 0.794922 0.572266 0.794922 0.576172 0.796875 0.578125 0.798828 0.578125 0.802734 0.574219 0.802734 0.572266
0 0.943359 0.572266 0.941406 0.574219 0.943359 0.576172 0.943359 0.578125 0.945312 0.576172 0.945312 0.574219
0 0.992188 0.572266 0.990234 0.570312 0.986328 0.574219 0.992188 0.574219
0 0.462891 0.578125 0.458984 0.582031 0.458984 0.585938 0.460938 0.587891 0.466797 0.587891 0.468750 0.585938 0.468750 0.580078 0.466797 0.580078 0.464844 0.578125
1 0.312500 0.583984 0.314453 0.585938 0.314453 0.589844 0.310547 0.595703 0.310547 0.601562 0.316406 0.607422 0.318359 0.605469 0.322266 0.605469 0.322266 0.591797 0.320312 0.591797 0.316406 0.587891 0.316406 0.585938 0.314453 0.583984
0 0.326172 0.582031 0.324219 0.582031 0.324219 0.585938 0.326172 0.583984
0 0.611328 0.582031 0.607422 0.585938 0.607422 0.591797 0.609375 0.593750 0.617188 0.593750 0.617188 0.591797 0.621094 0.587891 0.621094 0.585938 0.617188 0.582031
0 0.654297 0.587891 0.652344 0.587891 0.652344 0.589844 0.650391 0.591797 0.648438 0.591797 0.648438 0.593750 0.646484 0.595703 0.646484 0.601562 0.650391 0.605469 0.650391 0.607422 0.654297 0.607422 0.656250 0.605469 0.658203 0.605469 0.662109 0.601562 0.662109 0.595703 0.660156 0.593750 0.660156 0.591797
0 0.898438 0.585938 0.898438 0.587891 0.896484 0.589844 0.896484 0.591797 0.898438 0.593750 0.898438 0.595703 0.900391 0.597656 0.904297 0.597656 0.906250 0.595703 0.908203 0.595703 0.908203 0.589844 0.906250 0.587891 0.906250 0.585938
0 0.976562 0.603516 0.974609 0.603516 0.972656 0.605469 0.972656 0.611328 0.974609 0.611328 0.978516 0.607422 0.978516 0.605469
0 0.546875 0.605469 0.544922 0.607422 0.542969 0.605469 0.541016 0.607422 0.539062 0.607422 0.541016 0.609375 0.541016 0.611328 0.544922 0.611328 0.544922 0.607422
0 0.255859 0.615234 0.255859 0.619141 0.257812 0.619141 0.257812 0.617188
0 0.802734 0.615234 0.802734 0.621094 0.804688 0.623047 0.808594 0.623047 0.810547 0.621094 0.810547 0.617188 0.808594 0.615234
0 0.246094 0.619141 0.244141 0.621094 0.246094 0.623047 0.246094 0.625000 0.250000 0.625000 0.250000 0.623047 0.251953 0.621094 0.250000 0.619141
0 0.613281 0.617188 0.607422 0.619141 0.603516 0.623047 0.601562 0.634766 0.603516 0.636719 0.603516 0.644531 0.609375 0.650391 0.611328 0.660156 0.617188 0.662109 0.621094 0.656250 0.619141 0.650391 0.625000 0.646484 0.632812 0.632812 0.628906 0.623047 0.625000 0.619141
0 0.787109 0.619141 0.783203 0.623047 0.783203 0.625000 0.781250 0.626953 0.783203 0.628906 0.783203 0.634766 0.785156 0.636719 0.785156 0.638672 0.789062 0.642578 0.796875 0.642578 0.798828 0.640625 0.796875 0.638672 0.798828 0.636719 0.798828 0.625000 0.794922 0.621094 0.792969 0.621094 0.791016 0.619141
0 0.841797 0.619141 0.837891 0.623047 0.837891 0.630859 0.841797 0.634766 0.847656 0.634766 0.847656 0.632812 0.851562 0.628906 0.851562 0.623047 0.849609 0.623047 0.845703 0.619141
0 0.994141 0.619141 0.986328 0.619141 0.982422 0.621094 0.970703 0.636719 0.970703 0.644531 0.974609 0.650391 0.982422 0.652344 0.986328 0.650391 0.994141 0.640625 0.998047 0.632812 0.998047 0.623047
1 0.310547 0.623047 0.308594 0.623047 0.306641 0.625000 0.306641 0.626953 0.304688 0.628906 0.304688 0.630859 0.306641 0.632812 0.308594 0.630859 0.308594 0.626953 0.310547 0.625000
0 0.412109 0.621094 0.408203 0.625000 0.408203 0.630859 0.410156 0.630859 0.412109 0.632812 0.414062 0.632812 0.416016 0.630859 0.416016 0.628906 0.417969 0.626953 0.417969 0.625000 0.414062 0.621094
0 0.474609 0.625000 0.470703 0.628906 0.470703 0.630859 0.466797 0.636719 0.468750 0.638672 0.468750 0.640625 0.474609 0.646484 0.478516 0.646484 0.480469 0.644531 0.482422 0.644531 0.482422 0.638672 0.480469 0.636719 0.482422 0.634766 0.482422 0.630859 0.478516 0.625000
1 0.679688 0.625000 0.675781 0.628906 0.671875 0.638672 0.669922 0.640625 0.666016 0.638672 0.671875 0.640625 0.675781 0.650391 0.679688 0.652344 0.675781 0.658203 0.675781 0.662109 0.679688 0.666016 0.685547 0.666016 0.687500 0.664062 0.687500 0.658203 0.685547 0.656250 0.689453 0.650391 0.689453 0.628906 0.685547 0.625000
0 0.876953 0.625000 0.875000 0.626953 0.875000 0.628906 0.876953 0.630859 0.878906 0.630859 0.880859 0.628906 0.880859 0.626953 0.878906 0.625000
1 0.904297 0.626953 0.900391 0.630859 0.898438 0.630859 0.898438 0.634766 0.896484 0.636719 0.896484 0.638672 0.898438 0.640625 0.898438 0.644531 0.908203 0.652344 0.904297 0.656250 0.904297 0.658203 0.906250 0.660156 0.908203 0.666016 0.910156 0.666016 0.910156 0.664062 0.914062 0.660156 0.919922 0.666016 0.921875 0.666016 0.923828 0.664062 0.923828 0.662109 0.921875 0.660156 0.919922 0.660156 0.917969 0.662109 0.912109 0.656250 0.912109 0.654297 0.910156 0.652344 0.910156 0.650391 0.914062 0.646484 0.914062 0.644531 0.916016 0.642578 0.916016 0.636719 0.914062 0.634766 0.914062 0.632812 0.910156 0.628906
1 0.591797 0.634766 0.589844 0.636719 0.583984 0.636719 0.580078 0.640625 0.578125 0.638672 0.578125 0.642578 0.580078 0.642578 0.582031 0.640625 0.585938 0.644531 0.587891 0.644531 0.585938 0.642578 0.589844 0.638672 0.591797 0.638672 0.589844 0.636719
0 0.638672 0.638672 0.632812 0.644531 0.632812 0.646484 0.630859 0.648438 0.632812 0.650391 0.632812 0.652344 0.630859 0.654297 0.632812 0.654297 0.636719 0.658203 0.644531 0.658203 0.648438 0.654297 0.648438 0.644531 0.646484 0.642578 0.646484 0.640625 0.642578 0.640625 0.640625 0.638672
0 0.716797 0.638672 0.714844 0.640625 0.712891 0.640625 0.710938 0.638672 0.705078 0.644531 0.705078 0.648438 0.703125 0.650391 0.701172 0.650391 0.705078 0.654297 0.707031 0.654297 0.708984 0.656250 0.710938 0.656250 0.712891 0.654297 0.716797 0.654297 0.720703 0.648438 0.720703 0.646484 0.718750 0.644531
0 0.214844 0.640625 0.212891 0.642578 0.212891 0.646484 0.216797 0.646484 0.216797 0.642578
0 0.400391 0.642578 0.398438 0.640625 0.396484 0.640625 0.394531 0.642578 0.384766 0.642578 0.384766 0.644531 0.380859 0.648438 0.380859 0.656250 0.382812 0.658203 0.390625 0.658203 0.392578 0.656250 0.394531 0.656250 0.396484 0.654297 0.396484 0.652344 0.400391 0.648438
1 0.507812 0.642578 0.507812 0.644531 0.509766 0.646484 0.511719 0.646484 0.513672 0.648438 0.515625 0.646484 0.517578 0.648438 0.519531 0.648438 0.523438 0.652344 0.525391 0.652344 0.529297 0.648438 0.529297 0.644531 0.527344 0.642578 0.521484 0.642578 0.519531 0.644531 0.517578 0.644531 0.511719 0.640625 0.509766 0.640625
0 0.744141 0.642578 0.742188 0.644531 0.742188 0.648438 0.740234 0.650391 0.740234 0.654297 0.744141 0.658203 0.742188 0.660156 0.742188 0.664062 0.740234 0.666016 0.740234 0.667969 0.746094 0.669922 0.748047 0.667969 0.748047 0.660156 0.753906 0.654297 0.753906 0.648438
0 0.841797 0.644531 0.841797 0.648438 0.845703 0.652344 0.843750 0.654297 0.845703 0.652344 0.847656 0.654297 0.851562 0.654297 0.857422 0.660156 0.863281 0.660156 0.871094 0.652344 0.871094 0.644531 0.867188 0.640625 0.845703 0.640625
0 0.664062 0.646484 0.660156 0.650391 0.660156 0.652344 0.658203 0.654297 0.658203 0.656250 0.662109 0.660156 0.667969 0.660156 0.671875 0.656250 0.669922 0.654297 0.669922 0.650391 0.666016 0.646484
0 0.931641 0.648438 0.927734 0.644531 0.925781 0.644531 0.923828 0.646484 0.921875 0.646484 0.921875 0.654297 0.919922 0.656250 0.921875 0.654297 0.923828 0.656250 0.927734 0.656250 0.931641 0.652344
0 0.474609 0.650391 0.470703 0.650391 0.468750 0.652344 0.466797 0.652344 0.464844 0.654297 0.464844 0.660156 0.466797 0.662109 0.466797 0.664062 0.468750 0.666016 0.472656 0.666016 0.476562 0.662109 0.476562 0.652344
0 0.558594 0.650391 0.556641 0.652344 0.556641 0.656250 0.554688 0.658203 0.554688 0.664062 0.556641 0.666016 0.564453 0.666016 0.568359 0.662109 0.568359 0.658203 0.570312 0.656250 0.570312 0.654297 0.568359 0.654297 0.566406 0.652344 0.560547 0.652344
0 0.818359 0.652344 0.820312 0.654297 0.820312 0.656250 0.824219 0.656250 0.826172 0.658203 0.830078 0.658203 0.832031 0.656250 0.832031 0.652344 0.830078 0.652344 0.828125 0.650391 0.820312 0.650391
0 0.439453 0.652344 0.435547 0.656250 0.435547 0.660156 0.437500 0.662109 0.445312 0.662109 0.445312 0.656250 0.441406 0.652344
0 0.500000 0.658203 0.500000 0.662109 0.501953 0.664062 0.503906 0.664062 0.505859 0.662109 0.505859 0.658203
0 0.939453 0.660156 0.939453 0.664062 0.937500 0.666016 0.937500 0.671875 0.941406 0.675781 0.941406 0.677734 0.943359 0.677734 0.945312 0.679688 0.949219 0.679688 0.951172 0.681641 0.953125 0.679688 0.958984 0.679688 0.964844 0.673828 0.964844 0.666016 0.962891 0.664062 0.962891 0.662109 0.960938 0.662109 0.958984 0.660156 0.953125 0.660156 0.951172 0.658203 0.947266 0.658203 0.945312 0.660156
0 0.367188 0.662109 0.367188 0.666016 0.371094 0.666016 0.371094 0.662109
1 0.271484 0.666016 0.271484 0.669922 0.275391 0.669922 0.277344 0.667969 0.279297 0.669922 0.275391 0.666016
0 0.458984 0.666016 0.455078 0.669922 0.455078 0.671875 0.457031 0.673828 0.458984 0.673828 0.460938 0.675781 0.464844 0.671875 0.464844 0.669922 0.460938 0.666016
0 0.490234 0.664062 0.486328 0.667969 0.486328 0.679688 0.492188 0.685547 0.498047 0.681641 0.498047 0.679688 0.500000 0.677734 0.500000 0.673828 0.498047 0.671875 0.498047 0.667969 0.496094 0.666016 0.494141 0.666016 0.492188 0.664062
0 0.722656 0.667969 0.716797 0.673828 0.720703 0.681641 0.718750 0.685547 0.722656 0.687500 0.724609 0.693359 0.728516 0.697266 0.732422 0.699219 0.742188 0.699219 0.746094 0.693359 0.748047 0.683594 0.744141 0.679688 0.740234 0.679688 0.734375 0.673828 0.730469 0.666016 0.728516 0.667969
0 0.234375 0.667969 0.232422 0.667969 0.230469 0.669922 0.232422 0.671875 0.234375 0.669922
1 0.322266 0.675781 0.322266 0.677734 0.318359 0.683594 0.318359 0.687500 0.322266 0.691406 0.326172 0.691406 0.328125 0.693359 0.330078 0.691406 0.335938 0.691406 0.339844 0.697266 0.341797 0.697266 0.343750 0.699219 0.345703 0.699219 0.347656 0.697266 0.351562 0.701172 0.351562 0.705078 0.353516 0.707031 0.357422 0.707031 0.361328 0.703125 0.359375 0.697266 0.353516 0.697266 0.349609 0.693359 0.349609 0.689453 0.347656 0.687500 0.347656 0.685547 0.351562 0.679688 0.351562 0.677734 0.349609 0.675781 0.347656 0.675781 0.347656 0.679688 0.349609 0.681641 0.349609 0.683594 0.347656 0.685547 0.341797 0.679688 0.339844 0.679688 0.337891 0.677734 0.337891 0.675781 0.335938 0.675781 0.332031 0.671875 0.330078 0.673828 0.324219 0.673828
0 0.380859 0.673828 0.378906 0.671875 0.376953 0.673828 0.376953 0.675781 0.380859 0.675781
0 0.445312 0.677734 0.443359 0.679688 0.443359 0.681641 0.445312 0.683594 0.449219 0.683594 0.449219 0.679688 0.447266 0.677734
0 0.878906 0.677734 0.873047 0.679688 0.873047 0.683594 0.869141 0.689453 0.869141 0.693359 0.871094 0.695312 0.871094 0.699219 0.873047 0.701172 0.876953 0.701172 0.880859 0.697266 0.882812 0.697266 0.886719 0.691406 0.886719 0.687500 0.880859 0.681641 0.880859 0.679688
0 0.572266 0.681641 0.568359 0.681641 0.566406 0.683594 0.564453 0.683594 0.564453 0.689453 0.568359 0.693359 0.570312 0.693359 0.576172 0.687500 0.576172 0.685547
0 0.767578 0.679688 0.765625 0.681641 0.763672 0.681641 0.759766 0.687500 0.761719 0.689453 0.761719 0.695312 0.763672 0.695312 0.767578 0.699219 0.769531 0.697266 0.775391 0.695312 0.775391 0.693359 0.779297 0.689453 0.781250 0.689453 0.779297 0.689453 0.775391 0.683594 0.773438 0.683594
0 0.923828 0.687500 0.921875 0.689453 0.921875 0.693359 0.919922 0.695312 0.921875 0.697266 0.921875 0.699219 0.919922 0.701172 0.919922 0.703125 0.923828 0.707031 0.929688 0.707031 0.929688 0.705078 0.931641 0.703125 0.931641 0.689453 0.929688 0.687500
0 0.464844 0.691406 0.462891 0.691406 0.457031 0.697266 0.457031 0.701172 0.460938 0.705078 0.464844 0.705078 0.466797 0.703125 0.466797 0.701172 0.470703 0.697266 0.468750 0.699219 0.466797 0.697266 0.466797 0.693359
0 0.703125 0.691406 0.697266 0.701172 0.697266 0.705078 0.699219 0.707031 0.701172 0.714844 0.710938 0.722656 0.718750 0.720703 0.724609 0.714844 0.724609 0.699219 0.718750 0.693359 0.718750 0.691406 0.716797 0.693359 0.714844 0.691406
0 0.646484 0.697266 0.644531 0.699219 0.646484 0.701172 0.648438 0.701172 0.650391 0.699219 0.648438 0.697266
1 0.333984 0.701172 0.333984 0.708984 0.337891 0.708984 0.337891 0.705078 0.335938 0.705078 0.333984 0.703125
0 0.416016 0.699219 0.410156 0.699219 0.408203 0.701172 0.408203 0.703125 0.406250 0.705078 0.406250 0.707031 0.408203 0.708984 0.408203 0.710938 0.410156 0.712891 0.412109 0.712891 0.414062 0.710938 0.416016 0.710938 0.419922 0.707031 0.419922 0.703125
1 0.865234 0.701172 0.863281 0.699219 0.861328 0.699219 0.857422 0.703125 0.857422 0.705078 0.857422 0.703125 0.859375 0.701172 0.861328 0.703125 0.865234 0.703125
0 0.837891 0.707031 0.837891 0.710938 0.839844 0.710938 0.841797 0.712891 0.845703 0.712891 0.847656 0.710938 0.851562 0.710938 0.849609 0.708984 0.849609 0.707031 0.847656 0.705078 0.845703 0.705078 0.843750 0.703125 0.841797 0.703125
0 0.955078 0.714844 0.951172 0.710938 0.949219 0.712891 0.949219 0.716797 0.953125 0.716797
0 0.605469 0.714844 0.601562 0.716797 0.595703 0.724609 0.597656 0.736328 0.607422 0.746094 0.611328 0.748047 0.617188 0.748047 0.623047 0.742188 0.623047 0.726562 0.621094 0.722656 0.611328 0.714844
0 0.939453 0.718750 0.937500 0.716797 0.935547 0.716797 0.933594 0.718750 0.933594 0.722656 0.937500 0.722656 0.939453 0.720703
0 0.398438 0.724609 0.396484 0.726562 0.396484 0.728516 0.398438 0.730469 0.402344 0.730469 0.402344 0.726562 0.400391 0.724609
0 0.876953 0.726562 0.875000 0.728516 0.876953 0.732422 0.876953 0.738281 0.880859 0.746094 0.884766 0.750000 0.890625 0.750000 0.892578 0.751953 0.896484 0.750000 0.904297 0.742188 0.904297 0.736328 0.902344 0.732422 0.900391 0.732422 0.894531 0.726562 0.890625 0.724609
0 0.236328 0.736328 0.232422 0.732422 0.230469 0.732422 0.226562 0.736328 0.224609 0.736328 0.222656 0.738281 0.222656 0.742188 0.224609 0.742188 0.226562 0.744141 0.230469 0.744141 0.232422 0.742188 0.234375 0.742188 0.236328 0.740234
0 0.634766 0.736328 0.634766 0.748047 0.650391 0.750000 0.646484 0.755859 0.646484 0.765625 0.652344 0.769531 0.662109 0.767578 0.666016 0.775391 0.675781 0.771484 0.695312 0.771484 0.699219 0.763672 0.683594 0.734375 0.671875 0.732422 0.667969 0.736328 0.667969 0.744141 0.660156 0.751953 0.648438 0.746094 0.652344 0.740234 0.646484 0.734375
0 0.728516 0.736328 0.722656 0.730469 0.720703 0.732422 0.718750 0.730469 0.718750 0.732422 0.712891 0.738281 0.710938 0.738281 0.708984 0.740234 0.708984 0.744141 0.707031 0.746094 0.707031 0.748047 0.708984 0.748047 0.710938 0.750000 0.712891 0.750000 0.714844 0.748047 0.718750 0.748047 0.728516 0.740234
0 0.771484 0.753906 0.773438 0.765625 0.777344 0.769531 0.785156 0.771484 0.787109 0.769531 0.792969 0.769531 0.800781 0.765625 0.800781 0.755859 0.802734 0.753906 0.796875 0.746094 0.789062 0.742188 0.783203 0.742188 0.779297 0.746094 0.777344 0.746094
0 0.753906 0.748047 0.751953 0.750000 0.751953 0.755859 0.755859 0.755859 0.757812 0.757812 0.757812 0.755859 0.761719 0.751953 0.757812 0.748047
0 0.591797 0.751953 0.591797 0.753906 0.589844 0.755859 0.589844 0.759766 0.591797 0.761719 0.591797 0.763672 0.595703 0.767578 0.601562 0.767578 0.605469 0.763672 0.605469 0.761719 0.603516 0.759766 0.603516 0.757812 0.601562 0.755859 0.599609 0.755859 0.597656 0.753906 0.595703 0.753906 0.593750 0.751953
0 0.839844 0.750000 0.837891 0.751953 0.837891 0.755859 0.839844 0.757812 0.845703 0.757812 0.847656 0.755859 0.847656 0.753906 0.845703 0.751953 0.845703 0.750000
0 0.537109 0.757812 0.533203 0.763672 0.535156 0.765625 0.535156 0.769531 0.542969 0.779297 0.550781 0.783203 0.560547 0.783203 0.562500 0.785156 0.570312 0.785156 0.574219 0.781250 0.574219 0.771484 0.568359 0.763672 0.560547 0.757812 0.560547 0.755859 0.546875 0.755859 0.544922 0.753906
0 0.714844 0.763672 0.714844 0.771484 0.718750 0.775391 0.724609 0.775391 0.726562 0.773438 0.730469 0.773438 0.732422 0.775391 0.734375 0.775391 0.736328 0.773438 0.736328 0.769531 0.734375 0.767578 0.728516 0.767578 0.722656 0.761719 0.716797 0.761719
1 0.910156 0.761719 0.906250 0.765625 0.906250 0.773438 0.902344 0.779297 0.904297 0.781250 0.908203 0.777344 0.912109 0.781250 0.912109 0.785156 0.917969 0.791016 0.916016 0.794922 0.917969 0.794922 0.921875 0.800781 0.929688 0.794922 0.931641 0.789062 0.919922 0.775391 0.917969 0.765625
0 0.746094 0.765625 0.744141 0.765625 0.742188 0.767578 0.744141 0.769531 0.746094 0.767578
0 0.429688 0.775391 0.425781 0.775391 0.425781 0.779297 0.427734 0.781250 0.429688 0.779297
0 0.703125 0.783203 0.699219 0.787109 0.699219 0.794922 0.701172 0.796875 0.701172 0.798828 0.707031 0.798828 0.710938 0.794922 0.712891 0.794922 0.712891 0.785156 0.710938 0.785156 0.708984 0.783203
0 0.406250 0.787109 0.402344 0.791016 0.400391 0.791016 0.400391 0.792969 0.398438 0.794922 0.398438 0.804688 0.402344 0.808594 0.404297 0.808594 0.412109 0.800781 0.412109 0.796875 0.414062 0.794922 0.412109 0.792969 0.412109 0.791016
1 0.644531 0.785156 0.642578 0.787109 0.642578 0.789062 0.644531 0.791016 0.640625 0.794922 0.640625 0.808594 0.644531 0.812500 0.648438 0.812500 0.650391 0.810547 0.650391 0.806641 0.652344 0.804688 0.652344 0.800781 0.654297 0.798828 0.652344 0.796875 0.652344 0.794922 0.650391 0.792969 0.648438 0.787109 0.646484 0.785156
1 0.732422 0.789062 0.728516 0.791016 0.722656 0.798828 0.724609 0.804688 0.728516 0.808594 0.720703 0.816406 0.718750 0.826172 0.724609 0.830078 0.732422 0.830078 0.738281 0.833984 0.738281 0.832031 0.742188 0.830078 0.742188 0.820312 0.744141 0.818359 0.744141 0.812500 0.742188 0.810547 0.744141 0.796875 0.740234 0.791016
1 0.755859 0.794922 0.755859 0.798828 0.753906 0.800781 0.755859 0.806641 0.763672 0.812500 0.765625 0.810547 0.767578 0.814453 0.769531 0.814453 0.767578 0.812500 0.769531 0.810547 0.773438 0.812500 0.773438 0.816406 0.769531 0.818359 0.767578 0.832031 0.769531 0.833984 0.783203 0.833984 0.792969 0.841797 0.792969 0.845703 0.794922 0.847656 0.798828 0.847656 0.802734 0.839844 0.800781 0.837891 0.800781 0.826172 0.796875 0.820312 0.796875 0.812500 0.791016 0.808594 0.789062 0.810547 0.789062 0.814453 0.787109 0.816406 0.783203 0.816406 0.779297 0.814453 0.775391 0.808594 0.777344 0.806641 0.783203 0.806641 0.785156 0.802734 0.779297 0.800781 0.773438 0.792969 0.761719 0.791016
0 0.433594 0.792969 0.431641 0.794922 0.431641 0.798828 0.435547 0.802734 0.437500 0.802734 0.439453 0.800781 0.439453 0.794922 0.437500 0.792969
0 0.855469 0.792969 0.855469 0.796875 0.851562 0.800781 0.851562 0.802734 0.853516 0.804688 0.853516 0.806641 0.857422 0.810547 0.861328 0.810547 0.863281 0.808594 0.863281 0.800781 0.861328 0.798828 0.861328 0.796875 0.859375 0.794922 0.859375 0.792969
0 0.886719 0.796875 0.880859 0.796875 0.878906 0.798828 0.878906 0.804688 0.882812 0.808594 0.884766 0.806641 0.886719 0.806641 0.888672 0.804688 0.888672 0.798828
0 0.923828 0.808594 0.923828 0.812500 0.921875 0.814453 0.921875 0.818359 0.923828 0.820312 0.927734 0.820312 0.929688 0.818359 0.929688 0.814453 0.927734 0.812500 0.927734 0.810547 0.925781 0.808594
0 0.394531 0.818359 0.392578 0.820312 0.392578 0.822266 0.390625 0.824219 0.390625 0.826172 0.394531 0.830078 0.400391 0.830078 0.400391 0.828125 0.402344 0.826172 0.402344 0.822266 0.400391 0.820312 0.400391 0.818359
0 0.902344 0.816406 0.900391 0.818359 0.900391 0.824219 0.898438 0.826172 0.900391 0.826172 0.902344 0.828125 0.902344 0.830078 0.904297 0.832031 0.908203 0.828125 0.908203 0.824219 0.906250 0.822266 0.906250 0.820312
1 0.447266 0.826172 0.441406 0.826172 0.439453 0.828125 0.439453 0.832031 0.443359 0.835938 0.443359 0.837891 0.441406 0.839844 0.439453 0.839844 0.439453 0.845703 0.441406 0.847656 0.443359 0.847656 0.445312 0.845703 0.445312 0.841797 0.443359 0.839844 0.443359 0.837891 0.449219 0.832031 0.449219 0.828125
0 0.814453 0.826172 0.816406 0.828125 0.820312 0.828125 0.822266 0.826172 0.820312 0.826172 0.818359 0.824219 0.816406 0.824219
0 0.591797 0.828125 0.587891 0.828125 0.583984 0.832031 0.583984 0.839844 0.585938 0.841797 0.589844 0.841797 0.593750 0.837891 0.593750 0.835938 0.595703 0.833984 0.593750 0.832031 0.593750 0.830078
1 0.687500 0.832031 0.683594 0.832031 0.675781 0.837891 0.660156 0.839844 0.652344 0.845703 0.658203 0.857422 0.656250 0.859375 0.662109 0.867188 0.664062 0.867188 0.681641 0.847656 0.687500 0.845703 0.691406 0.841797 0.691406 0.835938
0 0.884766 0.833984 0.884766 0.837891 0.886719 0.839844 0.888672 0.839844 0.890625 0.837891 0.890625 0.835938 0.888672 0.833984
0 0.523438 0.835938 0.521484 0.837891 0.521484 0.839844 0.523438 0.841797 0.525391 0.841797 0.527344 0.839844 0.527344 0.837891 0.525391 0.835938
0 0.826172 0.837891 0.824219 0.839844 0.826172 0.841797 0.828125 0.841797 0.828125 0.837891
1 0.908203 0.837891 0.902344 0.837891 0.898438 0.841797 0.898438 0.849609 0.900391 0.851562 0.902344 0.851562 0.904297 0.853516 0.904297 0.855469 0.898438 0.859375 0.892578 0.859375 0.892578 0.861328 0.894531 0.861328 0.896484 0.863281 0.900391 0.863281 0.902344 0.861328 0.908203 0.859375 0.908203 0.857422 0.910156 0.855469 0.910156 0.853516 0.908203 0.851562 0.908203 0.849609 0.910156 0.847656 0.910156 0.839844
0 0.921875 0.841797 0.923828 0.843750 0.923828 0.851562 0.927734 0.857422 0.935547 0.857422 0.937500 0.859375 0.943359 0.859375 0.951172 0.855469 0.949219 0.845703 0.943359 0.839844 0.939453 0.837891 0.929688 0.835938
0 0.615234 0.841797 0.615234 0.847656 0.617188 0.849609 0.619141 0.849609 0.621094 0.847656 0.621094 0.845703 0.617188 0.841797
0 0.746094 0.845703 0.740234 0.841797 0.736328 0.841797 0.736328 0.843750 0.730469 0.849609 0.728516 0.855469 0.722656 0.861328 0.722656 0.863281 0.724609 0.865234 0.726562 0.865234 0.730469 0.861328 0.732422 0.861328 0.734375 0.863281 0.740234 0.863281 0.744141 0.859375 0.744141 0.853516 0.746094 0.851562
0 0.779297 0.845703 0.775391 0.849609 0.775391 0.853516 0.779297 0.857422 0.785156 0.857422 0.789062 0.853516 0.789062 0.851562 0.783203 0.845703
0 0.517578 0.847656 0.511719 0.847656 0.507812 0.851562 0.509766 0.853516 0.507812 0.855469 0.511719 0.859375 0.513672 0.859375 0.515625 0.857422 0.517578 0.857422 0.519531 0.855469 0.519531 0.849609
0 0.458984 0.853516 0.458984 0.857422 0.460938 0.857422 0.462891 0.855469 0.460938 0.853516
0 0.597656 0.851562 0.593750 0.855469 0.593750 0.859375 0.595703 0.861328 0.595703 0.867188 0.599609 0.871094 0.601562 0.871094 0.603516 0.869141 0.603516 0.853516 0.601562 0.851562
0 0.632812 0.855469 0.630859 0.857422 0.630859 0.863281 0.632812 0.865234 0.634766 0.865234 0.636719 0.863281 0.636719 0.857422 0.634766 0.857422
0 0.982422 0.857422 0.978516 0.861328 0.976562 0.861328 0.972656 0.865234 0.972656 0.867188 0.970703 0.869141 0.968750 0.869141 0.970703 0.871094 0.970703 0.875000 0.972656 0.876953 0.972656 0.878906 0.974609 0.878906 0.976562 0.880859 0.984375 0.880859 0.990234 0.875000 0.990234 0.869141 0.988281 0.867188 0.988281 0.865234 0.982422 0.859375
0 0.873047 0.865234 0.871094 0.867188 0.871094 0.876953 0.873047 0.878906 0.873047 0.880859 0.880859 0.880859 0.884766 0.876953 0.884766 0.869141 0.880859 0.865234
0 0.957031 0.863281 0.955078 0.865234 0.955078 0.869141 0.957031 0.871094 0.960938 0.871094 0.962891 0.869141 0.962891 0.865234 0.960938 0.863281
1 0.734375 0.871094 0.734375 0.875000 0.736328 0.876953 0.738281 0.876953 0.740234 0.875000 0.748047 0.875000 0.750000 0.876953 0.750000 0.878906 0.751953 0.880859 0.753906 0.878906 0.751953 0.876953 0.750000 0.876953 0.748047 0.875000 0.748047 0.873047 0.744141 0.869141 0.742188 0.869141 0.740234 0.871094
0 0.248047 0.873047 0.242188 0.878906 0.246094 0.882812 0.246094 0.884766 0.248047 0.884766 0.251953 0.880859 0.251953 0.876953
0 0.314453 0.873047 0.314453 0.875000 0.312500 0.876953 0.312500 0.878906 0.314453 0.880859 0.316406 0.880859 0.318359 0.878906 0.318359 0.876953
0 0.794922 0.871094 0.791016 0.871094 0.789062 0.873047 0.789062 0.876953 0.791016 0.878906 0.791016 0.882812 0.792969 0.884766 0.794922 0.882812 0.794922 0.880859 0.796875 0.878906 0.796875 0.873047
0 0.486328 0.876953 0.486328 0.880859 0.488281 0.882812 0.490234 0.882812 0.490234 0.880859 0.492188 0.878906 0.488281 0.878906
1 0.662109 0.876953 0.658203 0.880859 0.658203 0.884766 0.664062 0.888672 0.664062 0.898438 0.656250 0.906250 0.656250 0.910156 0.662109 0.916016 0.664062 0.916016 0.669922 0.910156 0.667969 0.898438 0.673828 0.894531 0.671875 0.892578 0.673828 0.890625 0.671875 0.890625 0.667969 0.886719 0.666016 0.880859
0 0.837891 0.875000 0.835938 0.876953 0.835938 0.878906 0.837891 0.880859 0.837891 0.882812 0.839844 0.884766 0.839844 0.886719 0.841797 0.886719 0.843750 0.888672 0.845703 0.886719 0.847656 0.886719 0.849609 0.884766 0.849609 0.880859 0.843750 0.875000
0 0.722656 0.880859 0.720703 0.882812 0.720703 0.884766 0.724609 0.888672 0.726562 0.888672 0.726562 0.886719 0.728516 0.884766 0.728516 0.882812 0.726562 0.880859
0 0.994141 0.880859 0.988281 0.886719 0.988281 0.892578 0.990234 0.894531 0.990234 0.896484 0.992188 0.896484 0.994141 0.898438 0.998047 0.898438 0.998047 0.880859
0 0.763672 0.888672 0.761719 0.886719 0.759766 0.886719 0.757812 0.888672 0.755859 0.888672 0.757812 0.888672 0.759766 0.890625 0.761719 0.890625
0 0.339844 0.896484 0.335938 0.900391 0.335938 0.904297 0.339844 0.908203 0.343750 0.908203 0.347656 0.904297 0.347656 0.902344 0.345703 0.900391 0.345703 0.898438 0.343750 0.898438 0.341797 0.896484
0 0.927734 0.896484 0.921875 0.902344 0.921875 0.904297 0.923828 0.904297 0.927734 0.908203 0.933594 0.908203 0.937500 0.904297 0.937500 0.902344 0.935547 0.900391 0.935547 0.898438 0.933594 0.896484
0 0.808594 0.900391 0.785156 0.921875 0.791016 0.933594 0.785156 0.941406 0.785156 0.953125 0.775391 0.958984 0.779297 0.962891 0.787109 0.958984 0.798828 0.964844 0.804688 0.962891 0.818359 0.974609 0.826172 0.970703 0.826172 0.964844 0.812500 0.957031 0.814453 0.947266 0.822266 0.941406 0.820312 0.933594 0.828125 0.925781 0.826172 0.908203 0.818359 0.900391
0 0.984375 0.919922 0.976562 0.923828 0.976562 0.925781 0.972656 0.929688 0.972656 0.933594 0.968750 0.935547 0.972656 0.937500 0.974609 0.943359 0.982422 0.951172 0.992188 0.951172 0.998047 0.947266 0.998047 0.927734
0 0.312500 0.923828 0.310547 0.925781 0.310547 0.927734 0.312500 0.929688 0.314453 0.929688 0.316406 0.927734 0.316406 0.925781 0.314453 0.923828
0 0.773438 0.933594 0.769531 0.937500 0.769531 0.941406 0.773438 0.945312 0.775391 0.945312 0.779297 0.941406 0.779297 0.937500 0.777344 0.935547 0.775391 0.935547
0 0.875000 0.935547 0.873047 0.937500 0.871094 0.937500 0.867188 0.941406 0.873047 0.947266 0.873047 0.949219 0.875000 0.951172 0.878906 0.951172 0.880859 0.949219 0.880859 0.943359 0.878906 0.943359 0.875000 0.939453
0 0.626953 0.939453 0.625000 0.941406 0.625000 0.947266 0.626953 0.949219 0.628906 0.949219 0.630859 0.947266 0.630859 0.941406 0.628906 0.939453
0 0.636719 0.947266 0.632812 0.951172 0.632812 0.960938 0.642578 0.968750 0.640625 0.980469 0.650391 0.998047 0.666016 0.998047 0.677734 0.982422 0.675781 0.970703 0.685547 0.966797 0.685547 0.960938 0.681641 0.957031 0.671875 0.966797 0.656250 0.958984 0.654297 0.955078 0.650391 0.957031 0.644531 0.947266
0 0.724609 0.947266 0.720703 0.947266 0.718750 0.949219 0.720703 0.951172 0.722656 0.951172 0.724609 0.949219
0 0.851562 0.955078 0.847656 0.958984 0.851562 0.962891 0.853516 0.962891 0.855469 0.960938 0.855469 0.957031 0.853516 0.955078
0 0.607422 0.962891 0.599609 0.962891 0.595703 0.964844 0.595703 0.974609 0.597656 0.976562 0.597656 0.980469 0.593750 0.984375 0.593750 0.994141 0.597656 0.998047 0.599609 0.996094 0.607422 0.996094 0.619141 0.986328 0.619141 0.982422 0.611328 0.966797
0 0.736328 0.966797 0.734375 0.968750 0.732422 0.968750 0.726562 0.974609 0.726562 0.978516 0.728516 0.980469 0.730469 0.980469 0.734375 0.984375 0.734375 0.986328 0.736328 0.988281 0.742188 0.988281 0.744141 0.986328 0.744141 0.980469 0.742188 0.978516 0.744141 0.972656 0.738281 0.966797
0 0.705078 0.970703 0.701172 0.974609 0.701172 0.982422 0.705078 0.986328 0.707031 0.986328 0.708984 0.988281 0.710938 0.988281 0.716797 0.984375 0.716797 0.982422 0.718750 0.980469 0.718750 0.976562 0.712891 0.970703
0 0.574219 0.974609 0.572266 0.974609 0.570312 0.976562 0.570312 0.982422 0.572266 0.980469 0.574219 0.980469 0.576172 0.978516 0.576172 0.976562
0 0.857422 0.980469 0.855469 0.978516 0.853516 0.980469
0 0.873047 0.976562 0.869141 0.980469 0.869141 0.982422 0.873047 0.986328 0.875000 0.984375 0.876953 0.984375 0.876953 0.980469
0 0.787109 0.982422 0.785156 0.984375 0.783203 0.984375 0.783203 0.990234 0.789062 0.996094 0.791016 0.996094 0.794922 0.992188 0.794922 0.986328 0.791016 0.982422
0 0.457031 0.000000 0.457031 0.005859 0.453125 0.005859 0.451172 0.003906 0.455078 0.000000
0 0.005859 0.087891 0.001953 0.087891 0.000000 0.085938 0.000000 0.083984 0.001953 0.082031 0.005859 0.083984
0 0.011719 0.097656 0.009766 0.097656 0.007812 0.099609 0.003906 0.099609 0.001953 0.097656 0.001953 0.091797 0.003906 0.089844 0.007812 0.089844 0.009766 0.091797 0.011719 0.091797
0 0.144531 0.119141 0.144531 0.123047 0.140625 0.123047 0.138672 0.121094 0.142578 0.117188
0 0.843750 0.119141 0.843750 0.123047 0.839844 0.123047 0.837891 0.121094 0.841797 0.117188
0 0.150391 0.121094 0.150391 0.125000 0.146484 0.125000 0.144531 0.123047 0.148438 0.119141
0 0.515625 0.121094 0.515625 0.125000 0.511719 0.125000 0.509766 0.123047 0.513672 0.119141
0 0.011719 0.126953 0.009766 0.126953 0.007812 0.128906 0.003906 0.128906 0.001953 0.126953 0.001953 0.121094 0.003906 0.119141 0.007812 0.119141 0.009766 0.121094 0.011719 0.121094
0 0.503906 0.123047 0.503906 0.126953 0.500000 0.126953 0.498047 0.125000 0.501953 0.121094
0 0.849609 0.125000 0.849609 0.128906 0.845703 0.128906 0.843750 0.126953 0.847656 0.123047
0 0.158203 0.126953 0.158203 0.130859 0.154297 0.130859 0.152344 0.128906 0.156250 0.125000
0 0.009766 0.132812 0.007812 0.132812 0.005859 0.134766 0.001953 0.134766 0.000000 0.132812 0.000000 0.126953 0.001953 0.125000 0.005859 0.125000 0.007812 0.126953 0.009766 0.126953
0 0.134766 0.128906 0.134766 0.132812 0.130859 0.132812 0.128906 0.130859 0.132812 0.126953
0 0.513672 0.128906 0.513672 0.132812 0.509766 0.132812 0.507812 0.130859 0.511719 0.126953
0 0.226562 0.138672 0.226562 0.142578 0.222656 0.142578 0.220703 0.140625 0.224609 0.136719
0 0.144531 0.144531 0.142578 0.144531 0.140625 0.146484 0.136719 0.146484 0.134766 0.144531 0.134766 0.138672 0.136719 0.136719 0.140625 0.136719 0.142578 0.138672 0.144531 0.138672
0 0.152344 0.144531 0.150391 0.144531 0.148438 0.146484 0.144531 0.146484 0.142578 0.144531 0.142578 0.138672 0.144531 0.136719 0.148438 0.136719 0.150391 0.138672 0.152344 0.138672
0 0.005859 0.146484 0.001953 0.146484 0.000000 0.144531 0.000000 0.142578 0.001953 0.140625 0.005859 0.142578
0 0.568359 0.156250 0.568359 0.160156 0.564453 0.160156 0.562500 0.158203 0.566406 0.154297
0 0.070312 0.189453 0.068359 0.189453 0.066406 0.191406 0.062500 0.191406 0.060547 0.189453 0.060547 0.183594 0.062500 0.181641 0.066406 0.181641 0.068359 0.183594 0.070312 0.183594
0 0.664062 0.187500 0.664062 0.191406 0.660156 0.191406 0.658203 0.189453 0.662109 0.185547
0 0.658203 0.193359 0.658203 0.197266 0.654297 0.197266 0.652344 0.195312 0.656250 0.191406
0 0.671875 0.193359 0.671875 0.197266 0.667969 0.197266 0.666016 0.195312 0.669922 0.191406
0 0.664062 0.199219 0.664062 0.203125 0.660156 0.203125 0.658203 0.201172 0.662109 0.197266
0 0.070312 0.208984 0.068359 0.208984 0.066406 0.210938 0.062500 0.210938 0.060547 0.208984 0.060547 0.203125 0.062500 0.201172 0.066406 0.201172 0.068359 0.203125 0.070312 0.203125
0 0.017578 0.210938 0.015625 0.212891 0.015625 0.214844 0.013672 0.216797 0.007812 0.216797 0.005859 0.214844 0.005859 0.212891 0.003906 0.210938 0.003906 0.208984 0.005859 0.207031 0.005859 0.205078 0.007812 0.203125 0.013672 0.203125 0.015625 0.205078 0.015625 0.207031 0.017578 0.208984
0 0.531250 0.208984 0.531250 0.212891 0.527344 0.212891 0.525391 0.210938 0.529297 0.207031
0 0.521484 0.210938 0.521484 0.214844 0.517578 0.214844 0.515625 0.212891 0.519531 0.208984
0 0.017578 0.226562 0.015625 0.226562 0.013672 0.228516 0.009766 0.228516 0.007812 0.226562 0.007812 0.220703 0.009766 0.218750 0.013672 0.218750 0.015625 0.220703 0.017578 0.220703
0 0.101562 0.232422 0.101562 0.236328 0.097656 0.236328 0.095703 0.234375 0.099609 0.230469
0 0.095703 0.240234 0.095703 0.244141 0.091797 0.244141 0.089844 0.242188 0.093750 0.238281
0 0.109375 0.240234 0.109375 0.244141 0.105469 0.244141 0.103516 0.242188 0.107422 0.238281
0 0.425781 0.240234 0.425781 0.244141 0.421875 0.244141 0.419922 0.242188 0.423828 0.238281
0 0.023438 0.246094 0.021484 0.248047 0.021484 0.250000 0.019531 0.251953 0.013672 0.251953 0.011719 0.250000 0.011719 0.248047 0.009766 0.246094 0.009766 0.244141 0.011719 0.242188 0.011719 0.240234 0.013672 0.238281 0.019531 0.238281 0.021484 0.240234 0.021484 0.242188 0.023438 0.244141
0 0.101562 0.246094 0.101562 0.250000 0.097656 0.250000 0.095703 0.248047 0.099609 0.244141
0 0.435547 0.251953 0.433594 0.251953 0.431641 0.253906 0.427734 0.253906 0.425781 0.251953 0.425781 0.246094 0.427734 0.244141 0.431641 0.244141 0.433594 0.246094 0.435547 0.246094
0 0.417969 0.253906 0.416016 0.253906 0.414062 0.255859 0.410156 0.255859 0.408203 0.253906 0.408203 0.248047 0.410156 0.246094 0.414062 0.246094 0.416016 0.248047 0.417969 0.248047
0 0.425781 0.259766 0.425781 0.263672 0.421875 0.263672 0.419922 0.261719 0.423828 0.257812
0 0.419922 0.265625 0.414062 0.271484 0.408203 0.271484 0.402344 0.265625 0.402344 0.259766 0.408203 0.253906 0.414062 0.253906 0.419922 0.259766
0 0.394531 0.273438 0.392578 0.273438 0.390625 0.275391 0.386719 0.275391 0.384766 0.273438 0.384766 0.267578 0.386719 0.265625 0.390625 0.265625 0.392578 0.267578 0.394531 0.267578
0 0.412109 0.273438 0.410156 0.273438 0.408203 0.275391 0.404297 0.275391 0.402344 0.273438 0.402344 0.267578 0.404297 0.265625 0.408203 0.265625 0.410156 0.267578 0.412109 0.267578
0 0.021484 0.277344 0.019531 0.279297 0.019531 0.281250 0.017578 0.283203 0.011719 0.283203 0.009766 0.281250 0.009766 0.279297 0.007812 0.277344 0.007812 0.275391 0.009766 0.273438 0.009766 0.271484 0.011719 0.269531 0.017578 0.269531 0.019531 0.271484 0.019531 0.273438 0.021484 0.275391
0 0.396484 0.277344 0.396484 0.281250 0.392578 0.281250 0.390625 0.279297 0.394531 0.275391
0 0.169922 0.281250 0.167969 0.283203 0.167969 0.285156 0.166016 0.287109 0.160156 0.287109 0.158203 0.285156 0.158203 0.283203 0.156250 0.281250 0.156250 0.279297 0.158203 0.277344 0.158203 0.275391 0.160156 0.273438 0.166016 0.273438 0.167969 0.275391 0.167969 0.277344 0.169922 0.279297
0 0.146484 0.289062 0.144531 0.289062 0.142578 0.291016 0.138672 0.291016 0.136719 0.289062 0.136719 0.283203 0.138672 0.281250 0.142578 0.281250 0.144531 0.283203 0.146484 0.283203
0 0.189453 0.287109 0.187500 0.289062 0.187500 0.291016 0.185547 0.292969 0.179688 0.292969 0.177734 0.291016 0.177734 0.289062 0.175781 0.287109 0.175781 0.285156 0.177734 0.283203 0.177734 0.281250 0.179688 0.279297 0.185547 0.279297 0.187500 0.281250 0.187500 0.283203 0.189453 0.285156
0 0.214844 0.289062 0.212891 0.289062 0.210938 0.291016 0.207031 0.291016 0.205078 0.289062 0.205078 0.283203 0.207031 0.281250 0.210938 0.281250 0.212891 0.283203 0.214844 0.283203
0 0.048828 0.291016 0.046875 0.291016 0.044922 0.292969 0.041016 0.292969 0.039062 0.291016 0.039062 0.285156 0.041016 0.283203 0.044922 0.283203 0.046875 0.285156 0.048828 0.285156
0 0.134766 0.294922 0.132812 0.294922 0.130859 0.296875 0.126953 0.296875 0.125000 0.294922 0.125000 0.289062 0.126953 0.287109 0.130859 0.287109 0.132812 0.289062 0.134766 0.289062
0 0.121094 0.296875 0.119141 0.296875 0.117188 0.298828 0.113281 0.298828 0.111328 0.296875 0.111328 0.291016 0.113281 0.289062 0.117188 0.289062 0.119141 0.291016 0.121094 0.291016
0 0.234375 0.296875 0.232422 0.298828 0.232422 0.300781 0.230469 0.302734 0.224609 0.302734 0.222656 0.300781 0.222656 0.298828 0.220703 0.296875 0.220703 0.294922 0.222656 0.292969 0.222656 0.291016 0.224609 0.289062 0.230469 0.289062 0.232422 0.291016 0.232422 0.292969 0.234375 0.294922
0 0.216797 0.296875 0.216797 0.300781 0.212891 0.300781 0.210938 0.298828 0.214844 0.294922
0 0.205078 0.302734 0.203125 0.302734 0.201172 0.304688 0.197266 0.304688 0.195312 0.302734 0.195312 0.296875 0.197266 0.294922 0.201172 0.294922 0.203125 0.296875 0.205078 0.296875
0 0.376953 0.302734 0.375000 0.302734 0.373047 0.304688 0.369141 0.304688 0.367188 0.302734 0.367188 0.296875 0.369141 0.294922 0.373047 0.294922 0.375000 0.296875 0.376953 0.296875
0 0.314453 0.300781 0.314453 0.304688 0.310547 0.304688 0.308594 0.302734 0.312500 0.298828
0 0.101562 0.302734 0.101562 0.306641 0.097656 0.306641 0.095703 0.304688 0.099609 0.300781
0 0.240234 0.302734 0.240234 0.306641 0.236328 0.306641 0.234375 0.304688 0.238281 0.300781
0 0.193359 0.304688 0.193359 0.308594 0.189453 0.308594 0.187500 0.306641 0.191406 0.302734
0 0.333984 0.308594 0.332031 0.308594 0.330078 0.310547 0.326172 0.310547 0.324219 0.308594 0.324219 0.302734 0.326172 0.300781 0.330078 0.300781 0.332031 0.302734 0.333984 0.302734
0 0.093750 0.306641 0.093750 0.310547 0.089844 0.310547 0.087891 0.308594 0.091797 0.304688
0 0.400391 0.306641 0.400391 0.310547 0.396484 0.310547 0.394531 0.308594 0.398438 0.304688
0 0.261719 0.312500 0.259766 0.312500 0.257812 0.314453 0.253906 0.314453 0.251953 0.312500 0.251953 0.306641 0.253906 0.304688 0.257812 0.304688 0.259766 0.306641 0.261719 0.306641
0 0.058594 0.314453 0.052734 0.320312 0.046875 0.320312 0.041016 0.314453 0.041016 0.308594 0.046875 0.302734 0.052734 0.302734 0.058594 0.308594
0 0.388672 0.310547 0.388672 0.314453 0.384766 0.314453 0.382812 0.312500 0.386719 0.308594
0 0.367188 0.316406 0.361328 0.322266 0.355469 0.322266 0.349609 0.316406 0.349609 0.310547 0.355469 0.304688 0.361328 0.304688 0.367188 0.310547
0 0.177734 0.324219 0.175781 0.324219 0.173828 0.326172 0.164062 0.326172 0.158203 0.320312 0.158203 0.310547 0.160156 0.308594 0.162109 0.308594 0.162109 0.306641 0.164062 0.304688 0.173828 0.304688 0.179688 0.310547 0.179688 0.320312 0.177734 0.322266
0 0.412109 0.318359 0.410156 0.318359 0.408203 0.320312 0.404297 0.320312 0.402344 0.318359 0.402344 0.312500 0.404297 0.310547 0.408203 0.310547 0.410156 0.312500 0.412109 0.312500
0 0.335938 0.322266 0.333984 0.322266 0.332031 0.324219 0.328125 0.324219 0.326172 0.322266 0.326172 0.316406 0.328125 0.314453 0.332031 0.314453 0.333984 0.316406 0.335938 0.316406
0 0.144531 0.324219 0.142578 0.326172 0.142578 0.328125 0.140625 0.330078 0.134766 0.330078 0.132812 0.328125 0.132812 0.326172 0.130859 0.324219 0.130859 0.322266 0.132812 0.320312 0.132812 0.318359 0.134766 0.316406 0.140625 0.316406 0.142578 0.318359 0.142578 0.320312 0.144531 0.322266
0 0.281250 0.326172 0.279297 0.326172 0.277344 0.328125 0.273438 0.328125 0.271484 0.326172 0.271484 0.320312 0.273438 0.318359 0.277344 0.318359 0.279297 0.320312 0.281250 0.320312
0 0.375000 0.328125 0.373047 0.328125 0.371094 0.330078 0.367188 0.330078 0.365234 0.328125 0.365234 0.322266 0.367188 0.320312 0.371094 0.320312 0.373047 0.322266 0.375000 0.322266
0 0.400391 0.326172 0.398438 0.328125 0.398438 0.330078 0.396484 0.332031 0.390625 0.332031 0.388672 0.330078 0.388672 0.328125 0.386719 0.326172 0.386719 0.324219 0.388672 0.322266 0.388672 0.320312 0.390625 0.318359 0.396484 0.318359 0.398438 0.320312 0.398438 0.322266 0.400391 0.324219
0 0.402344 0.326172 0.402344 0.330078 0.398438 0.330078 0.396484 0.328125 0.400391 0.324219
0 0.417969 0.330078 0.416016 0.330078 0.414062 0.332031 0.410156 0.332031 0.408203 0.330078 0.408203 0.324219 0.410156 0.322266 0.414062 0.322266 0.416016 0.324219 0.417969 0.324219
0 0.449219 0.330078 0.449219 0.333984 0.445312 0.333984 0.443359 0.332031 0.447266 0.328125
0 0.255859 0.335938 0.253906 0.335938 0.251953 0.337891 0.248047 0.337891 0.246094 0.335938 0.246094 0.330078 0.248047 0.328125 0.251953 0.328125 0.253906 0.330078 0.255859 0.330078
0 0.412109 0.335938 0.412109 0.339844 0.408203 0.339844 0.406250 0.337891 0.410156 0.333984
0 0.400391 0.339844 0.400391 0.343750 0.396484 0.343750 0.394531 0.341797 0.398438 0.337891
0 0.275391 0.347656 0.273438 0.347656 0.271484 0.349609 0.267578 0.349609 0.265625 0.347656 0.265625 0.341797 0.267578 0.339844 0.271484 0.339844 0.273438 0.341797 0.275391 0.341797
0 0.416016 0.345703 0.414062 0.347656 0.414062 0.349609 0.412109 0.351562 0.406250 0.351562 0.404297 0.349609 0.404297 0.347656 0.402344 0.345703 0.402344 0.343750 0.404297 0.341797 0.404297 0.339844 0.406250 0.337891 0.412109 0.337891 0.414062 0.339844 0.414062 0.341797 0.416016 0.343750
0 0.451172 0.343750 0.451172 0.347656 0.447266 0.347656 0.445312 0.345703 0.449219 0.341797
0 0.156250 0.345703 0.156250 0.349609 0.152344 0.349609 0.150391 0.347656 0.154297 0.343750
0 0.419922 0.351562 0.419922 0.355469 0.416016 0.355469 0.414062 0.353516 0.417969 0.349609
0 0.408203 0.359375 0.408203 0.363281 0.404297 0.363281 0.402344 0.361328 0.406250 0.357422
0 0.587891 0.363281 0.585938 0.363281 0.583984 0.365234 0.580078 0.365234 0.578125 0.363281 0.578125 0.357422 0.580078 0.355469 0.583984 0.355469 0.585938 0.357422 0.587891 0.357422
0 0.857422 0.361328 0.855469 0.363281 0.855469 0.365234 0.853516 0.367188 0.847656 0.367188 0.845703 0.365234 0.845703 0.363281 0.843750 0.361328 0.843750 0.359375 0.845703 0.357422 0.845703 0.355469 0.847656 0.353516 0.853516 0.353516 0.855469 0.355469 0.855469 0.357422 0.857422 0.359375
0 0.423828 0.361328 0.423828 0.365234 0.419922 0.365234 0.417969 0.363281 0.421875 0.359375
0 0.304688 0.367188 0.304688 0.371094 0.300781 0.371094 0.298828 0.369141 0.302734 0.365234
0 0.457031 0.367188 0.457031 0.371094 0.453125 0.371094 0.451172 0.369141 0.455078 0.365234
0 0.132812 0.373047 0.130859 0.373047 0.128906 0.375000 0.125000 0.375000 0.123047 0.373047 0.123047 0.367188 0.125000 0.365234 0.128906 0.365234 0.130859 0.367188 0.132812 0.367188
0 0.164062 0.373047 0.162109 0.373047 0.160156 0.375000 0.156250 0.375000 0.154297 0.373047 0.154297 0.367188 0.156250 0.365234 0.160156 0.365234 0.162109 0.367188 0.164062 0.367188
0 0.417969 0.371094 0.416016 0.373047 0.416016 0.375000 0.414062 0.376953 0.408203 0.376953 0.406250 0.375000 0.406250 0.373047 0.404297 0.371094 0.404297 0.369141 0.406250 0.367188 0.406250 0.365234 0.408203 0.363281 0.414062 0.363281 0.416016 0.365234 0.416016 0.367188 0.417969 0.369141
0 0.294922 0.371094 0.294922 0.375000 0.291016 0.375000 0.289062 0.373047 0.292969 0.369141
0 0.460938 0.375000 0.460938 0.378906 0.457031 0.378906 0.455078 0.376953 0.458984 0.373047
0 0.580078 0.378906 0.578125 0.378906 0.576172 0.380859 0.572266 0.380859 0.570312 0.378906 0.570312 0.373047 0.572266 0.371094 0.576172 0.371094 0.578125 0.373047 0.580078 0.373047
0 0.001953 0.384766 0.000000 0.384766 0.000000 0.371094 0.001953 0.371094 0.003906 0.373047 0.003906 0.375000 0.005859 0.376953 0.005859 0.378906 0.003906 0.380859 0.003906 0.382812
0 0.156250 0.376953 0.156250 0.380859 0.152344 0.380859 0.150391 0.378906 0.154297 0.375000
0 0.300781 0.376953 0.300781 0.380859 0.296875 0.380859 0.294922 0.378906 0.298828 0.375000
0 0.390625 0.376953 0.390625 0.380859 0.386719 0.380859 0.384766 0.378906 0.388672 0.375000
0 0.382812 0.378906 0.382812 0.382812 0.378906 0.382812 0.376953 0.380859 0.380859 0.376953
0 0.406250 0.378906 0.406250 0.382812 0.402344 0.382812 0.400391 0.380859 0.404297 0.376953
0 0.451172 0.382812 0.449219 0.382812 0.447266 0.384766 0.443359 0.384766 0.441406 0.382812 0.441406 0.376953 0.443359 0.375000 0.447266 0.375000 0.449219 0.376953 0.451172 0.376953
0 0.273438 0.384766 0.271484 0.384766 0.269531 0.386719 0.265625 0.386719 0.263672 0.384766 0.263672 0.378906 0.265625 0.376953 0.269531 0.376953 0.271484 0.378906 0.273438 0.378906
0 0.416016 0.382812 0.416016 0.386719 0.412109 0.386719 0.410156 0.384766 0.414062 0.380859
0 0.873047 0.386719 0.871094 0.388672 0.871094 0.390625 0.869141 0.392578 0.863281 0.392578 0.861328 0.390625 0.861328 0.388672 0.859375 0.386719 0.859375 0.384766 0.861328 0.382812 0.861328 0.380859 0.863281 0.378906 0.869141 0.378906 0.871094 0.380859 0.871094 0.382812 0.873047 0.384766
0 0.382812 0.386719 0.382812 0.390625 0.378906 0.390625 0.376953 0.388672 0.380859 0.384766
0 0.847656 0.390625 0.841797 0.396484 0.835938 0.396484 0.830078 0.390625 0.830078 0.384766 0.835938 0.378906 0.841797 0.378906 0.847656 0.384766
0 0.410156 0.388672 0.410156 0.392578 0.406250 0.392578 0.404297 0.390625 0.408203 0.386719
0 0.388672 0.390625 0.388672 0.394531 0.384766 0.394531 0.382812 0.392578 0.386719 0.388672
0 0.294922 0.398438 0.292969 0.400391 0.292969 0.402344 0.291016 0.404297 0.285156 0.404297 0.283203 0.402344 0.283203 0.400391 0.281250 0.398438 0.281250 0.396484 0.283203 0.394531 0.283203 0.392578 0.285156 0.390625 0.291016 0.390625 0.292969 0.392578 0.292969 0.394531 0.294922 0.396484
0 0.148438 0.410156 0.146484 0.410156 0.144531 0.412109 0.134766 0.412109 0.128906 0.406250 0.128906 0.396484 0.130859 0.394531 0.132812 0.394531 0.132812 0.392578 0.134766 0.390625 0.144531 0.390625 0.150391 0.396484 0.150391 0.406250 0.148438 0.408203
0 0.234375 0.406250 0.234375 0.410156 0.230469 0.410156 0.228516 0.408203 0.232422 0.404297
0 0.251953 0.408203 0.250000 0.410156 0.250000 0.412109 0.248047 0.414062 0.242188 0.414062 0.240234 0.412109 0.240234 0.410156 0.238281 0.408203 0.238281 0.406250 0.240234 0.404297 0.240234 0.402344 0.242188 0.400391 0.248047 0.400391 0.250000 0.402344 0.250000 0.404297 0.251953 0.406250
0 0.226562 0.410156 0.224609 0.412109 0.224609 0.414062 0.222656 0.416016 0.216797 0.416016 0.214844 0.414062 0.214844 0.412109 0.212891 0.410156 0.212891 0.408203 0.214844 0.406250 0.214844 0.404297 0.216797 0.402344 0.222656 0.402344 0.224609 0.404297 0.224609 0.406250 0.226562 0.408203
0 0.392578 0.410156 0.392578 0.414062 0.388672 0.414062 0.386719 0.412109 0.390625 0.408203
0 0.412109 0.417969 0.410156 0.419922 0.410156 0.421875 0.408203 0.423828 0.402344 0.423828 0.400391 0.421875 0.400391 0.419922 0.398438 0.417969 0.398438 0.416016 0.400391 0.414062 0.400391 0.412109 0.402344 0.410156 0.408203 0.410156 0.410156 0.412109 0.410156 0.414062 0.412109 0.416016
0 0.916016 0.417969 0.914062 0.419922 0.914062 0.421875 0.912109 0.423828 0.906250 0.423828 0.904297 0.421875 0.904297 0.419922 0.902344 0.417969 0.902344 0.416016 0.904297 0.414062 0.904297 0.412109 0.906250 0.410156 0.912109 0.410156 0.914062 0.412109 0.914062 0.414062 0.916016 0.416016
0 0.433594 0.421875 0.431641 0.421875 0.429688 0.423828 0.425781 0.423828 0.423828 0.421875 0.423828 0.416016 0.425781 0.414062 0.429688 0.414062 0.431641 0.416016 0.433594 0.416016
0 0.144531 0.421875 0.142578 0.423828 0.142578 0.425781 0.140625 0.427734 0.134766 0.427734 0.132812 0.425781 0.132812 0.423828 0.130859 0.421875 0.130859 0.419922 0.132812 0.417969 0.132812 0.416016 0.134766 0.414062 0.140625 0.414062 0.142578 0.416016 0.142578 0.417969 0.144531 0.419922
0 0.906250 0.419922 0.906250 0.423828 0.902344 0.423828 0.900391 0.421875 0.904297 0.417969
0 0.390625 0.421875 0.390625 0.425781 0.386719 0.425781 0.384766 0.423828 0.388672 0.419922
0 0.402344 0.425781 0.400391 0.425781 0.398438 0.427734 0.394531 0.427734 0.392578 0.425781 0.392578 0.419922 0.394531 0.417969 0.398438 0.417969 0.400391 0.419922 0.402344 0.419922
0 0.332031 0.433594 0.330078 0.433594 0.328125 0.435547 0.318359 0.435547 0.312500 0.429688 0.312500 0.419922 0.314453 0.417969 0.316406 0.417969 0.316406 0.416016 0.318359 0.414062 0.328125 0.414062 0.333984 0.419922 0.333984 0.429688 0.332031 0.431641
0 0.349609 0.423828 0.349609 0.427734 0.345703 0.427734 0.343750 0.425781 0.347656 0.421875
0 0.189453 0.429688 0.187500 0.429688 0.185547 0.431641 0.181641 0.431641 0.179688 0.429688 0.179688 0.423828 0.181641 0.421875 0.185547 0.421875 0.187500 0.423828 0.189453 0.423828
0 0.912109 0.425781 0.912109 0.429688 0.908203 0.429688 0.906250 0.427734 0.910156 0.423828
0 0.902344 0.429688 0.902344 0.433594 0.898438 0.433594 0.896484 0.431641 0.900391 0.427734
0 0.388672 0.435547 0.386719 0.435547 0.384766 0.437500 0.380859 0.437500 0.378906 0.435547 0.378906 0.429688 0.380859 0.427734 0.384766 0.427734 0.386719 0.429688 0.388672 0.429688
0 0.160156 0.437500 0.154297 0.443359 0.148438 0.443359 0.142578 0.437500 0.142578 0.431641 0.148438 0.425781 0.154297 0.425781 0.160156 0.431641
0 0.408203 0.433594 0.408203 0.437500 0.404297 0.437500 0.402344 0.435547 0.406250 0.431641
0 0.353516 0.447266 0.351562 0.449219 0.351562 0.451172 0.349609 0.453125 0.343750 0.453125 0.341797 0.451172 0.341797 0.449219 0.339844 0.447266 0.339844 0.445312 0.341797 0.443359 0.341797 0.441406 0.343750 0.439453 0.349609 0.439453 0.351562 0.441406 0.351562 0.443359 0.353516 0.445312
0 0.382812 0.449219 0.380859 0.451172 0.380859 0.453125 0.378906 0.455078 0.373047 0.455078 0.371094 0.453125 0.371094 0.451172 0.369141 0.449219 0.369141 0.447266 0.371094 0.445312 0.371094 0.443359 0.373047 0.441406 0.378906 0.441406 0.380859 0.443359 0.380859 0.445312 0.382812 0.447266
0 0.968750 0.447266 0.968750 0.451172 0.964844 0.451172 0.962891 0.449219 0.966797 0.445312
0 0.335938 0.453125 0.333984 0.453125 0.332031 0.455078 0.328125 0.455078 0.326172 0.453125 0.326172 0.447266 0.328125 0.445312 0.332031 0.445312 0.333984 0.447266 0.335938 0.447266
0 0.707031 0.455078 0.701172 0.460938 0.695312 0.460938 0.689453 0.455078 0.689453 0.449219 0.695312 0.443359 0.701172 0.443359 0.707031 0.449219
0 0.744141 0.457031 0.738281 0.462891 0.732422 0.462891 0.726562 0.457031 0.726562 0.451172 0.732422 0.445312 0.738281 0.445312 0.744141 0.451172
0 0.384766 0.455078 0.384766 0.458984 0.380859 0.458984 0.378906 0.457031 0.382812 0.453125
0 0.396484 0.466797 0.394531 0.466797 0.392578 0.468750 0.388672 0.468750 0.386719 0.466797 0.386719 0.460938 0.388672 0.458984 0.392578 0.458984 0.394531 0.460938 0.396484 0.460938
0 0.376953 0.474609 0.371094 0.480469 0.365234 0.480469 0.359375 0.474609 0.359375 0.468750 0.365234 0.462891 0.371094 0.462891 0.376953 0.468750
0 0.728516 0.474609 0.726562 0.476562 0.726562 0.478516 0.724609 0.480469 0.718750 0.480469 0.716797 0.478516 0.716797 0.476562 0.714844 0.474609 0.714844 0.472656 0.716797 0.470703 0.716797 0.468750 0.718750 0.466797 0.724609 0.466797 0.726562 0.468750 0.726562 0.470703 0.728516 0.472656
0 0.308594 0.478516 0.306641 0.478516 0.304688 0.480469 0.300781 0.480469 0.298828 0.478516 0.298828 0.472656 0.300781 0.470703 0.304688 0.470703 0.306641 0.472656 0.308594 0.472656
0 0.322266 0.486328 0.320312 0.486328 0.318359 0.488281 0.308594 0.488281 0.302734 0.482422 0.302734 0.472656 0.304688 0.470703 0.306641 0.470703 0.306641 0.468750 0.308594 0.466797 0.318359 0.466797 0.324219 0.472656 0.324219 0.482422 0.322266 0.484375
0 0.378906 0.486328 0.376953 0.486328 0.375000 0.488281 0.365234 0.488281 0.359375 0.482422 0.359375 0.472656 0.361328 0.470703 0.363281 0.470703 0.363281 0.468750 0.365234 0.466797 0.375000 0.466797 0.380859 0.472656 0.380859 0.482422 0.378906 0.484375
0 0.001953 0.486328 0.000000 0.486328 0.000000 0.472656 0.001953 0.472656 0.003906 0.474609 0.003906 0.476562 0.005859 0.478516 0.005859 0.480469 0.003906 0.482422 0.003906 0.484375
0 0.800781 0.484375 0.798828 0.486328 0.798828 0.488281 0.796875 0.490234 0.791016 0.490234 0.789062 0.488281 0.789062 0.486328 0.787109 0.484375 0.787109 0.482422 0.789062 0.480469 0.789062 0.478516 0.791016 0.476562 0.796875 0.476562 0.798828 0.478516 0.798828 0.480469 0.800781 0.482422
0 0.296875 0.488281 0.294922 0.488281 0.292969 0.490234 0.289062 0.490234 0.287109 0.488281 0.287109 0.482422 0.289062 0.480469 0.292969 0.480469 0.294922 0.482422 0.296875 0.482422
0 0.285156 0.490234 0.283203 0.490234 0.281250 0.492188 0.277344 0.492188 0.275391 0.490234 0.275391 0.484375 0.277344 0.482422 0.281250 0.482422 0.283203 0.484375 0.285156 0.484375
0 0.400391 0.488281 0.398438 0.490234 0.398438 0.492188 0.396484 0.494141 0.390625 0.494141 0.388672 0.492188 0.388672 0.490234 0.386719 0.488281 0.386719 0.486328 0.388672 0.484375 0.388672 0.482422 0.390625 0.480469 0.396484 0.480469 0.398438 0.482422 0.398438 0.484375 0.400391 0.486328
0 0.623047 0.494141 0.621094 0.494141 0.619141 0.496094 0.615234 0.496094 0.613281 0.494141 0.613281 0.488281 0.615234 0.486328 0.619141 0.486328 0.621094 0.488281 0.623047 0.488281
0 0.332031 0.496094 0.330078 0.496094 0.328125 0.498047 0.324219 0.498047 0.322266 0.496094 0.322266 0.490234 0.324219 0.488281 0.328125 0.488281 0.330078 0.490234 0.332031 0.490234
0 0.998047 0.503906 0.994141 0.503906 0.992188 0.501953 0.992188 0.500000 0.990234 0.498047 0.990234 0.496094 0.992188 0.494141 0.992188 0.492188 0.994141 0.490234 0.998047 0.490234
0 0.275391 0.501953 0.273438 0.501953 0.271484 0.503906 0.267578 0.503906 0.265625 0.501953 0.265625 0.496094 0.267578 0.494141 0.271484 0.494141 0.273438 0.496094 0.275391 0.496094
0 0.634766 0.505859 0.632812 0.505859 0.630859 0.507812 0.626953 0.507812 0.625000 0.505859 0.625000 0.500000 0.626953 0.498047 0.630859 0.498047 0.632812 0.500000 0.634766 0.500000
0 0.771484 0.511719 0.769531 0.511719 0.767578 0.513672 0.757812 0.513672 0.751953 0.507812 0.751953 0.498047 0.753906 0.496094 0.755859 0.496094 0.755859 0.494141 0.757812 0.492188 0.767578 0.492188 0.773438 0.498047 0.773438 0.507812 0.771484 0.509766
0 0.388672 0.507812 0.386719 0.507812 0.384766 0.509766 0.380859 0.509766 0.378906 0.507812 0.378906 0.501953 0.380859 0.500000 0.384766 0.500000 0.386719 0.501953 0.388672 0.501953
0 0.808594 0.505859 0.806641 0.507812 0.806641 0.509766 0.804688 0.511719 0.798828 0.511719 0.796875 0.509766 0.796875 0.507812 0.794922 0.505859 0.794922 0.503906 0.796875 0.501953 0.796875 0.500000 0.798828 0.498047 0.804688 0.498047 0.806641 0.500000 0.806641 0.501953 0.808594 0.503906
0 0.269531 0.513672 0.263672 0.519531 0.257812 0.519531 0.251953 0.513672 0.251953 0.507812 0.257812 0.501953 0.263672 0.501953 0.269531 0.507812
0 0.617188 0.513672 0.615234 0.513672 0.613281 0.515625 0.609375 0.515625 0.607422 0.513672 0.607422 0.507812 0.609375 0.505859 0.613281 0.505859 0.615234 0.507812 0.617188 0.507812
0 0.029297 0.515625 0.027344 0.515625 0.025391 0.517578 0.021484 0.517578 0.019531 0.515625 0.019531 0.509766 0.021484 0.507812 0.025391 0.507812 0.027344 0.509766 0.029297 0.509766
0 0.626953 0.515625 0.625000 0.515625 0.623047 0.517578 0.619141 0.517578 0.617188 0.515625 0.617188 0.509766 0.619141 0.507812 0.623047 0.507812 0.625000 0.509766 0.626953 0.509766
0 0.773438 0.521484 0.771484 0.521484 0.769531 0.523438 0.759766 0.523438 0.753906 0.517578 0.753906 0.507812 0.755859 0.505859 0.757812 0.505859 0.757812 0.503906 0.759766 0.501953 0.769531 0.501953 0.775391 0.507812 0.775391 0.517578 0.773438 0.519531
0 0.853516 0.517578 0.851562 0.517578 0.849609 0.519531 0.845703 0.519531 0.843750 0.517578 0.843750 0.511719 0.845703 0.509766 0.849609 0.509766 0.851562 0.511719 0.853516 0.511719
0 0.250000 0.519531 0.248047 0.519531 0.246094 0.521484 0.242188 0.521484 0.240234 0.519531 0.240234 0.513672 0.242188 0.511719 0.246094 0.511719 0.248047 0.513672 0.250000 0.513672
0 0.273438 0.515625 0.273438 0.519531 0.269531 0.519531 0.267578 0.517578 0.271484 0.513672
0 0.330078 0.519531 0.328125 0.521484 0.328125 0.523438 0.326172 0.525391 0.320312 0.525391 0.318359 0.523438 0.318359 0.521484 0.316406 0.519531 0.316406 0.517578 0.318359 0.515625 0.318359 0.513672 0.320312 0.511719 0.326172 0.511719 0.328125 0.513672 0.328125 0.515625 0.330078 0.517578
0 0.683594 0.521484 0.681641 0.521484 0.679688 0.523438 0.675781 0.523438 0.673828 0.521484 0.673828 0.515625 0.675781 0.513672 0.679688 0.513672 0.681641 0.515625 0.683594 0.515625
0 0.031250 0.519531 0.031250 0.523438 0.027344 0.523438 0.025391 0.521484 0.029297 0.517578
0 0.859375 0.523438 0.857422 0.523438 0.855469 0.525391 0.851562 0.525391 0.849609 0.523438 0.849609 0.517578 0.851562 0.515625 0.855469 0.515625 0.857422 0.517578 0.859375 0.517578
0 0.414062 0.521484 0.414062 0.525391 0.410156 0.525391 0.408203 0.523438 0.412109 0.519531
0 0.626953 0.521484 0.626953 0.525391 0.623047 0.525391 0.621094 0.523438 0.625000 0.519531
0 0.693359 0.523438 0.691406 0.525391 0.691406 0.527344 0.689453 0.529297 0.683594 0.529297 0.681641 0.527344 0.681641 0.525391 0.679688 0.523438 0.679688 0.521484 0.681641 0.519531 0.681641 0.517578 0.683594 0.515625 0.689453 0.515625 0.691406 0.517578 0.691406 0.519531 0.693359 0.521484
0 0.843750 0.521484 0.843750 0.525391 0.839844 0.525391 0.837891 0.523438 0.841797 0.519531
0 0.402344 0.527344 0.400391 0.527344 0.398438 0.529297 0.394531 0.529297 0.392578 0.527344 0.392578 0.521484 0.394531 0.519531 0.398438 0.519531 0.400391 0.521484 0.402344 0.521484
0 0.277344 0.525391 0.277344 0.529297 0.273438 0.529297 0.271484 0.527344 0.275391 0.523438
0 0.355469 0.529297 0.353516 0.531250 0.353516 0.533203 0.351562 0.535156 0.345703 0.535156 0.343750 0.533203 0.343750 0.531250 0.341797 0.529297 0.341797 0.527344 0.343750 0.525391 0.343750 0.523438 0.345703 0.521484 0.351562 0.521484 0.353516 0.523438 0.353516 0.525391 0.355469 0.527344
0 0.625000 0.527344 0.625000 0.531250 0.621094 0.531250 0.619141 0.529297 0.623047 0.525391
0 0.802734 0.537109 0.800781 0.537109 0.798828 0.539062 0.789062 0.539062 0.783203 0.533203 0.783203 0.523438 0.785156 0.521484 0.787109 0.521484 0.787109 0.519531 0.789062 0.517578 0.798828 0.517578 0.804688 0.523438 0.804688 0.533203 0.802734 0.535156
0 0.386719 0.533203 0.384766 0.533203 0.382812 0.535156 0.378906 0.535156 0.376953 0.533203 0.376953 0.527344 0.378906 0.525391 0.382812 0.525391 0.384766 0.527344 0.386719 0.527344
0 0.410156 0.529297 0.410156 0.533203 0.406250 0.533203 0.404297 0.531250 0.408203 0.527344
0 0.617188 0.529297 0.617188 0.533203 0.613281 0.533203 0.611328 0.531250 0.615234 0.527344
0 0.701172 0.531250 0.701172 0.535156 0.697266 0.535156 0.695312 0.533203 0.699219 0.529297
0 0.998047 0.542969 0.992188 0.542969 0.986328 0.537109 0.986328 0.527344 0.988281 0.525391 0.990234 0.525391 0.990234 0.523438 0.992188 0.521484 0.998047 0.521484
0 0.613281 0.537109 0.607422 0.542969 0.601562 0.542969 0.595703 0.537109 0.595703 0.531250 0.601562 0.525391 0.607422 0.525391 0.613281 0.531250
0 0.302734 0.541016 0.300781 0.541016 0.298828 0.542969 0.294922 0.542969 0.292969 0.541016 0.292969 0.535156 0.294922 0.533203 0.298828 0.533203 0.300781 0.535156 0.302734 0.535156
0 0.833984 0.541016 0.828125 0.546875 0.822266 0.546875 0.816406 0.541016 0.816406 0.535156 0.822266 0.529297 0.828125 0.529297 0.833984 0.535156
0 0.582031 0.539062 0.582031 0.542969 0.578125 0.542969 0.576172 0.541016 0.580078 0.537109
0 0.265625 0.542969 0.263672 0.544922 0.263672 0.546875 0.261719 0.548828 0.255859 0.548828 0.253906 0.546875 0.253906 0.544922 0.251953 0.542969 0.251953 0.541016 0.253906 0.539062 0.253906 0.537109 0.255859 0.535156 0.261719 0.535156 0.263672 0.537109 0.263672 0.539062 0.265625 0.541016
0 0.771484 0.544922 0.769531 0.544922 0.767578 0.546875 0.763672 0.546875 0.761719 0.544922 0.761719 0.539062 0.763672 0.537109 0.767578 0.537109 0.769531 0.539062 0.771484 0.539062
0 0.039062 0.544922 0.037109 0.546875 0.037109 0.548828 0.035156 0.550781 0.029297 0.550781 0.027344 0.548828 0.027344 0.546875 0.025391 0.544922 0.025391 0.542969 0.027344 0.541016 0.027344 0.539062 0.029297 0.537109 0.035156 0.537109 0.037109 0.539062 0.037109 0.541016 0.039062 0.542969
0 0.339844 0.546875 0.337891 0.548828 0.337891 0.550781 0.335938 0.552734 0.330078 0.552734 0.328125 0.550781 0.328125 0.548828 0.326172 0.546875 0.326172 0.544922 0.328125 0.542969 0.328125 0.541016 0.330078 0.539062 0.335938 0.539062 0.337891 0.541016 0.337891 0.542969 0.339844 0.544922
0 0.236328 0.556641 0.234375 0.556641 0.232422 0.558594 0.222656 0.558594 0.216797 0.552734 0.216797 0.542969 0.218750 0.541016 0.220703 0.541016 0.220703 0.539062 0.222656 0.537109 0.232422 0.537109 0.238281 0.542969 0.238281 0.552734 0.236328 0.554688
0 0.580078 0.550781 0.578125 0.550781 0.576172 0.552734 0.572266 0.552734 0.570312 0.550781 0.570312 0.544922 0.572266 0.542969 0.576172 0.542969 0.578125 0.544922 0.580078 0.544922
0 0.742188 0.550781 0.740234 0.552734 0.740234 0.554688 0.738281 0.556641 0.732422 0.556641 0.730469 0.554688 0.730469 0.552734 0.728516 0.550781 0.728516 0.548828 0.730469 0.546875 0.730469 0.544922 0.732422 0.542969 0.738281 0.542969 0.740234 0.544922 0.740234 0.546875 0.742188 0.548828
0 0.978516 0.552734 0.976562 0.552734 0.974609 0.554688 0.970703 0.554688 0.968750 0.552734 0.968750 0.546875 0.970703 0.544922 0.974609 0.544922 0.976562 0.546875 0.978516 0.546875
0 0.287109 0.554688 0.285156 0.556641 0.285156 0.558594 0.283203 0.560547 0.277344 0.560547 0.275391 0.558594 0.275391 0.556641 0.273438 0.554688 0.273438 0.552734 0.275391 0.550781 0.275391 0.548828 0.277344 0.546875 0.283203 0.546875 0.285156 0.548828 0.285156 0.550781 0.287109 0.552734
0 0.998047 0.558594 0.994141 0.558594 0.992188 0.556641 0.992188 0.550781 0.994141 0.548828 0.998047 0.548828
0 0.220703 0.558594 0.218750 0.558594 0.216797 0.560547 0.212891 0.560547 0.210938 0.558594 0.210938 0.552734 0.212891 0.550781 0.216797 0.550781 0.218750 0.552734 0.220703 0.552734
0 0.601562 0.558594 0.599609 0.558594 0.597656 0.560547 0.593750 0.560547 0.591797 0.558594 0.591797 0.552734 0.593750 0.550781 0.597656 0.550781 0.599609 0.552734 0.601562 0.552734
0 0.753906 0.560547 0.748047 0.566406 0.742188 0.566406 0.736328 0.560547 0.736328 0.554688 0.742188 0.548828 0.748047 0.548828 0.753906 0.554688
0 0.587891 0.558594 0.587891 0.562500 0.583984 0.562500 0.582031 0.560547 0.585938 0.556641
0 0.767578 0.564453 0.765625 0.564453 0.763672 0.566406 0.759766 0.566406 0.757812 0.564453 0.757812 0.558594 0.759766 0.556641 0.763672 0.556641 0.765625 0.558594 0.767578 0.558594
0 0.740234 0.562500 0.740234 0.566406 0.736328 0.566406 0.734375 0.564453 0.738281 0.560547
0 0.804688 0.568359 0.802734 0.568359 0.800781 0.570312 0.796875 0.570312 0.794922 0.568359 0.794922 0.562500 0.796875 0.560547 0.800781 0.560547 0.802734 0.562500 0.804688 0.562500
0 0.488281 0.566406 0.488281 0.570312 0.484375 0.570312 0.482422 0.568359 0.486328 0.564453
0 0.708984 0.570312 0.707031 0.570312 0.705078 0.572266 0.701172 0.572266 0.699219 0.570312 0.699219 0.564453 0.701172 0.562500 0.705078 0.562500 0.707031 0.564453 0.708984 0.564453
0 0.730469 0.566406 0.730469 0.570312 0.726562 0.570312 0.724609 0.568359 0.728516 0.564453
0 0.814453 0.568359 0.812500 0.570312 0.812500 0.572266 0.810547 0.574219 0.804688 0.574219 0.802734 0.572266 0.802734 0.570312 0.800781 0.568359 0.800781 0.566406 0.802734 0.564453 0.802734 0.562500 0.804688 0.560547 0.810547 0.560547 0.812500 0.562500 0.812500 0.564453 0.814453 0.566406
0 0.326172 0.570312 0.324219 0.572266 0.324219 0.574219 0.322266 0.576172 0.316406 0.576172 0.314453 0.574219 0.314453 0.572266 0.312500 0.570312 0.312500 0.568359 0.314453 0.566406 0.314453 0.564453 0.316406 0.562500 0.322266 0.562500 0.324219 0.564453 0.324219 0.566406 0.326172 0.568359
0 0.378906 0.568359 0.378906 0.572266 0.375000 0.572266 0.373047 0.570312 0.376953 0.566406
0 0.027344 0.574219 0.025391 0.574219 0.023438 0.576172 0.019531 0.576172 0.017578 0.574219 0.017578 0.568359 0.019531 0.566406 0.023438 0.566406 0.025391 0.568359 0.027344 0.568359
0 0.214844 0.574219 0.212891 0.574219 0.210938 0.576172 0.207031 0.576172 0.205078 0.574219 0.205078 0.568359 0.207031 0.566406 0.210938 0.566406 0.212891 0.568359 0.214844 0.568359
0 0.365234 0.576172 0.363281 0.576172 0.361328 0.578125 0.357422 0.578125 0.355469 0.576172 0.355469 0.570312 0.357422 0.568359 0.361328 0.568359 0.363281 0.570312 0.365234 0.570312
0 0.496094 0.572266 0.496094 0.576172 0.492188 0.576172 0.490234 0.574219 0.494141 0.570312
0 0.724609 0.582031 0.722656 0.582031 0.720703 0.583984 0.710938 0.583984 0.705078 0.578125 0.705078 0.568359 0.707031 0.566406 0.708984 0.566406 0.708984 0.564453 0.710938 0.562500 0.720703 0.562500 0.726562 0.568359 0.726562 0.578125 0.724609 0.580078
0 0.794922 0.572266 0.794922 0.576172 0.791016 0.576172 0.789062 0.574219 0.792969 0.570312
0 0.693359 0.578125 0.691406 0.578125 0.689453 0.580078 0.685547 0.580078 0.683594 0.578125 0.683594 0.572266 0.685547 0.570312 0.689453 0.570312 0.691406 0.572266 0.693359 0.572266
0 0.298828 0.580078 0.296875 0.580078 0.294922 0.582031 0.291016 0.582031 0.289062 0.580078 0.289062 0.574219 0.291016 0.572266 0.294922 0.572266 0.296875 0.574219 0.298828 0.574219
0 0.470703 0.576172 0.470703 0.580078 0.466797 0.580078 0.464844 0.578125 0.468750 0.574219
0 0.490234 0.578125 0.490234 0.582031 0.486328 0.582031 0.484375 0.580078 0.488281 0.576172
0 0.708984 0.578125 0.708984 0.582031 0.705078 0.582031 0.703125 0.580078 0.707031 0.576172
0 0.800781 0.578125 0.800781 0.582031 0.796875 0.582031 0.794922 0.580078 0.798828 0.576172
0 0.609375 0.580078 0.609375 0.583984 0.605469 0.583984 0.603516 0.582031 0.607422 0.578125
0 0.623047 0.580078 0.623047 0.583984 0.619141 0.583984 0.617188 0.582031 0.621094 0.578125
0 0.904297 0.583984 0.902344 0.583984 0.900391 0.585938 0.896484 0.585938 0.894531 0.583984 0.894531 0.578125 0.896484 0.576172 0.900391 0.576172 0.902344 0.578125 0.904297 0.578125
0 0.316406 0.585938 0.314453 0.587891 0.314453 0.589844 0.312500 0.591797 0.306641 0.591797 0.304688 0.589844 0.304688 0.587891 0.302734 0.585938 0.302734 0.583984 0.304688 0.582031 0.304688 0.580078 0.306641 0.578125 0.312500 0.578125 0.314453 0.580078 0.314453 0.582031 0.316406 0.583984
0 0.375000 0.587891 0.373047 0.587891 0.371094 0.589844 0.367188 0.589844 0.365234 0.587891 0.365234 0.582031 0.367188 0.580078 0.371094 0.580078 0.373047 0.582031 0.375000 0.582031
0 0.458984 0.583984 0.458984 0.587891 0.455078 0.587891 0.453125 0.585938 0.457031 0.582031
0 0.701172 0.587891 0.699219 0.587891 0.697266 0.589844 0.693359 0.589844 0.691406 0.587891 0.691406 0.582031 0.693359 0.580078 0.697266 0.580078 0.699219 0.582031 0.701172 0.582031
0 0.027344 0.589844 0.025391 0.589844 0.023438 0.591797 0.019531 0.591797 0.017578 0.589844 0.017578 0.583984 0.019531 0.582031 0.023438 0.582031 0.025391 0.583984 0.027344 0.583984
0 0.244141 0.589844 0.242188 0.589844 0.240234 0.591797 0.236328 0.591797 0.234375 0.589844 0.234375 0.583984 0.236328 0.582031 0.240234 0.582031 0.242188 0.583984 0.244141 0.583984
0 0.472656 0.585938 0.472656 0.589844 0.468750 0.589844 0.466797 0.587891 0.470703 0.583984
0 0.199219 0.591797 0.197266 0.591797 0.195312 0.593750 0.191406 0.593750 0.189453 0.591797 0.189453 0.585938 0.191406 0.583984 0.195312 0.583984 0.197266 0.585938 0.199219 0.585938
0 0.916016 0.591797 0.914062 0.591797 0.912109 0.593750 0.908203 0.593750 0.906250 0.591797 0.906250 0.585938 0.908203 0.583984 0.912109 0.583984 0.914062 0.585938 0.916016 0.585938
0 0.466797 0.589844 0.466797 0.593750 0.462891 0.593750 0.460938 0.591797 0.464844 0.587891
0 0.671875 0.591797 0.669922 0.593750 0.669922 0.595703 0.667969 0.597656 0.662109 0.597656 0.660156 0.595703 0.660156 0.593750 0.658203 0.591797 0.658203 0.589844 0.660156 0.587891 0.660156 0.585938 0.662109 0.583984 0.667969 0.583984 0.669922 0.585938 0.669922 0.587891 0.671875 0.589844
0 0.896484 0.593750 0.894531 0.593750 0.892578 0.595703 0.888672 0.595703 0.886719 0.593750 0.886719 0.587891 0.888672 0.585938 0.892578 0.585938 0.894531 0.587891 0.896484 0.587891
0 0.273438 0.595703 0.271484 0.595703 0.269531 0.597656 0.265625 0.597656 0.263672 0.595703 0.263672 0.589844 0.265625 0.587891 0.269531 0.587891 0.271484 0.589844 0.273438 0.589844
0 0.263672 0.597656 0.261719 0.597656 0.259766 0.599609 0.255859 0.599609 0.253906 0.597656 0.253906 0.591797 0.255859 0.589844 0.259766 0.589844 0.261719 0.591797 0.263672 0.591797
0 0.615234 0.593750 0.615234 0.597656 0.611328 0.597656 0.609375 0.595703 0.613281 0.591797
0 0.029297 0.597656 0.027344 0.599609 0.027344 0.601562 0.025391 0.603516 0.019531 0.603516 0.017578 0.601562 0.017578 0.599609 0.015625 0.597656 0.015625 0.595703 0.017578 0.593750 0.017578 0.591797 0.019531 0.589844 0.025391 0.589844 0.027344 0.591797 0.027344 0.593750 0.029297 0.595703
0 0.310547 0.599609 0.308594 0.599609 0.306641 0.601562 0.302734 0.601562 0.300781 0.599609 0.300781 0.593750 0.302734 0.591797 0.306641 0.591797 0.308594 0.593750 0.310547 0.593750
0 0.326172 0.597656 0.326172 0.601562 0.322266 0.601562 0.320312 0.599609 0.324219 0.595703
0 0.669922 0.601562 0.667969 0.601562 0.666016 0.603516 0.662109 0.603516 0.660156 0.601562 0.660156 0.595703 0.662109 0.593750 0.666016 0.593750 0.667969 0.595703 0.669922 0.595703
0 0.906250 0.603516 0.904297 0.603516 0.902344 0.605469 0.898438 0.605469 0.896484 0.603516 0.896484 0.597656 0.898438 0.595703 0.902344 0.595703 0.904297 0.597656 0.906250 0.597656
0 0.191406 0.607422 0.189453 0.609375 0.189453 0.611328 0.187500 0.613281 0.181641 0.613281 0.179688 0.611328 0.179688 0.609375 0.177734 0.607422 0.177734 0.605469 0.179688 0.603516 0.179688 0.601562 0.181641 0.599609 0.187500 0.599609 0.189453 0.601562 0.189453 0.603516 0.191406 0.605469
0 0.623047 0.615234 0.621094 0.615234 0.619141 0.617188 0.609375 0.617188 0.603516 0.611328 0.603516 0.601562 0.605469 0.599609 0.607422 0.599609 0.607422 0.597656 0.609375 0.595703 0.619141 0.595703 0.625000 0.601562 0.625000 0.611328 0.623047 0.613281
0 0.662109 0.611328 0.660156 0.611328 0.658203 0.613281 0.654297 0.613281 0.652344 0.611328 0.652344 0.605469 0.654297 0.603516 0.658203 0.603516 0.660156 0.605469 0.662109 0.605469
0 0.037109 0.617188 0.031250 0.623047 0.025391 0.623047 0.019531 0.617188 0.019531 0.611328 0.025391 0.605469 0.031250 0.605469 0.037109 0.611328
0 0.263672 0.615234 0.263672 0.619141 0.259766 0.619141 0.257812 0.617188 0.261719 0.613281
0 0.851562 0.619141 0.849609 0.619141 0.847656 0.621094 0.843750 0.621094 0.841797 0.619141 0.841797 0.613281 0.843750 0.611328 0.847656 0.611328 0.849609 0.613281 0.851562 0.613281
0 0.998047 0.623047 0.994141 0.623047 0.992188 0.621094 0.992188 0.615234 0.994141 0.613281 0.998047 0.613281
0 0.255859 0.619141 0.255859 0.623047 0.251953 0.623047 0.250000 0.621094 0.253906 0.617188
0 0.687500 0.623047 0.685547 0.623047 0.683594 0.625000 0.679688 0.625000 0.677734 0.623047 0.677734 0.617188 0.679688 0.615234 0.683594 0.615234 0.685547 0.617188 0.687500 0.617188
0 0.814453 0.619141 0.814453 0.623047 0.810547 0.623047 0.808594 0.621094 0.812500 0.617188
0 0.880859 0.619141 0.880859 0.623047 0.876953 0.623047 0.875000 0.621094 0.878906 0.617188
0 0.681641 0.625000 0.679688 0.625000 0.677734 0.626953 0.673828 0.626953 0.671875 0.625000 0.671875 0.619141 0.673828 0.617188 0.677734 0.617188 0.679688 0.619141 0.681641 0.619141
0 0.306641 0.623047 0.306641 0.626953 0.302734 0.626953 0.300781 0.625000 0.304688 0.621094
0 0.044922 0.628906 0.042969 0.628906 0.041016 0.630859 0.037109 0.630859 0.035156 0.628906 0.035156 0.623047 0.037109 0.621094 0.041016 0.621094 0.042969 0.623047 0.044922 0.623047
0 0.250000 0.625000 0.250000 0.628906 0.246094 0.628906 0.244141 0.626953 0.248047 0.623047
0 0.978516 0.626953 0.976562 0.628906 0.976562 0.630859 0.974609 0.632812 0.968750 0.632812 0.966797 0.630859 0.966797 0.628906 0.964844 0.626953 0.964844 0.625000 0.966797 0.623047 0.966797 0.621094 0.968750 0.619141 0.974609 0.619141 0.976562 0.621094 0.976562 0.623047 0.978516 0.625000
0 0.408203 0.626953 0.408203 0.630859 0.404297 0.630859 0.402344 0.628906 0.406250 0.625000
0 0.421875 0.626953 0.421875 0.630859 0.417969 0.630859 0.416016 0.628906 0.419922 0.625000
0 0.470703 0.630859 0.468750 0.630859 0.466797 0.632812 0.462891 0.632812 0.460938 0.630859 0.460938 0.625000 0.462891 0.623047 0.466797 0.623047 0.468750 0.625000 0.470703 0.625000
0 0.806641 0.630859 0.804688 0.630859 0.802734 0.632812 0.798828 0.632812 0.796875 0.630859 0.796875 0.625000 0.798828 0.623047 0.802734 0.623047 0.804688 0.625000 0.806641 0.625000
0 0.837891 0.630859 0.835938 0.630859 0.833984 0.632812 0.830078 0.632812 0.828125 0.630859 0.828125 0.625000 0.830078 0.623047 0.833984 0.623047 0.835938 0.625000 0.837891 0.625000
0 0.166016 0.632812 0.164062 0.634766 0.164062 0.636719 0.162109 0.638672 0.156250 0.638672 0.154297 0.636719 0.154297 0.634766 0.152344 0.632812 0.152344 0.630859 0.154297 0.628906 0.154297 0.626953 0.156250 0.625000 0.162109 0.625000 0.164062 0.626953 0.164062 0.628906 0.166016 0.630859
0 0.060547 0.636719 0.058594 0.636719 0.056641 0.638672 0.052734 0.638672 0.050781 0.636719 0.050781 0.630859 0.052734 0.628906 0.056641 0.628906 0.058594 0.630859 0.060547 0.630859
0 0.488281 0.636719 0.486328 0.636719 0.484375 0.638672 0.480469 0.638672 0.478516 0.636719 0.478516 0.630859 0.480469 0.628906 0.484375 0.628906 0.486328 0.630859 0.488281 0.630859
0 0.785156 0.636719 0.783203 0.636719 0.781250 0.638672 0.777344 0.638672 0.775391 0.636719 0.775391 0.630859 0.777344 0.628906 0.781250 0.628906 0.783203 0.630859 0.785156 0.630859
0 0.605469 0.638672 0.599609 0.644531 0.593750 0.644531 0.587891 0.638672 0.587891 0.632812 0.593750 0.626953 0.599609 0.626953 0.605469 0.632812
0 0.859375 0.636719 0.857422 0.638672 0.857422 0.640625 0.855469 0.642578 0.849609 0.642578 0.847656 0.640625 0.847656 0.638672 0.845703 0.636719 0.845703 0.634766 0.847656 0.632812 0.847656 0.630859 0.849609 0.628906 0.855469 0.628906 0.857422 0.630859 0.857422 0.632812 0.859375 0.634766
0 0.638672 0.638672 0.636719 0.640625 0.636719 0.642578 0.634766 0.644531 0.628906 0.644531 0.626953 0.642578 0.626953 0.640625 0.625000 0.638672 0.625000 0.636719 0.626953 0.634766 0.626953 0.632812 0.628906 0.630859 0.634766 0.630859 0.636719 0.632812 0.636719 0.634766 0.638672 0.636719
0 0.523438 0.638672 0.523438 0.642578 0.519531 0.642578 0.517578 0.640625 0.521484 0.636719
0 0.843750 0.642578 0.837891 0.648438 0.832031 0.648438 0.826172 0.642578 0.826172 0.636719 0.832031 0.630859 0.837891 0.630859 0.843750 0.636719
0 0.701172 0.642578 0.699219 0.644531 0.699219 0.646484 0.697266 0.648438 0.691406 0.648438 0.689453 0.646484 0.689453 0.644531 0.687500 0.642578 0.687500 0.640625 0.689453 0.638672 0.689453 0.636719 0.691406 0.634766 0.697266 0.634766 0.699219 0.636719 0.699219 0.638672 0.701172 0.640625
0 0.755859 0.644531 0.753906 0.644531 0.751953 0.646484 0.748047 0.646484 0.746094 0.644531 0.746094 0.638672 0.748047 0.636719 0.751953 0.636719 0.753906 0.638672 0.755859 0.638672
0 0.998047 0.648438 0.994141 0.648438 0.992188 0.646484 0.992188 0.644531 0.990234 0.642578 0.990234 0.640625 0.992188 0.638672 0.992188 0.636719 0.994141 0.634766 0.998047 0.634766
0 0.082031 0.644531 0.080078 0.646484 0.080078 0.648438 0.078125 0.650391 0.072266 0.650391 0.070312 0.648438 0.070312 0.646484 0.068359 0.644531 0.068359 0.642578 0.070312 0.640625 0.070312 0.638672 0.072266 0.636719 0.078125 0.636719 0.080078 0.638672 0.080078 0.640625 0.082031 0.642578
0 0.210938 0.642578 0.210938 0.646484 0.207031 0.646484 0.205078 0.644531 0.208984 0.640625
0 0.222656 0.642578 0.222656 0.646484 0.218750 0.646484 0.216797 0.644531 0.220703 0.640625
0 0.888672 0.652344 0.886719 0.652344 0.884766 0.654297 0.875000 0.654297 0.869141 0.648438 0.869141 0.638672 0.871094 0.636719 0.873047 0.636719 0.873047 0.634766 0.875000 0.632812 0.884766 0.632812 0.890625 0.638672 0.890625 0.648438 0.888672 0.650391
0 0.382812 0.648438 0.380859 0.648438 0.378906 0.650391 0.375000 0.650391 0.373047 0.648438 0.373047 0.642578 0.375000 0.640625 0.378906 0.640625 0.380859 0.642578 0.382812 0.642578
0 0.431641 0.654297 0.429688 0.654297 0.427734 0.656250 0.417969 0.656250 0.412109 0.650391 0.412109 0.640625 0.414062 0.638672 0.416016 0.638672 0.416016 0.636719 0.417969 0.634766 0.427734 0.634766 0.433594 0.640625 0.433594 0.650391 0.431641 0.652344
0 0.472656 0.648438 0.470703 0.648438 0.468750 0.650391 0.464844 0.650391 0.462891 0.648438 0.462891 0.642578 0.464844 0.640625 0.468750 0.640625 0.470703 0.642578 0.472656 0.642578
0 0.533203 0.644531 0.533203 0.648438 0.529297 0.648438 0.527344 0.646484 0.531250 0.642578
0 0.607422 0.656250 0.605469 0.656250 0.603516 0.658203 0.593750 0.658203 0.587891 0.652344 0.587891 0.642578 0.589844 0.640625 0.591797 0.640625 0.591797 0.638672 0.593750 0.636719 0.603516 0.636719 0.609375 0.642578 0.609375 0.652344 0.607422 0.654297
0 0.826172 0.646484 0.826172 0.650391 0.822266 0.650391 0.820312 0.648438 0.824219 0.644531
0 0.634766 0.652344 0.628906 0.658203 0.623047 0.658203 0.617188 0.652344 0.617188 0.646484 0.623047 0.640625 0.628906 0.640625 0.634766 0.646484
0 0.660156 0.650391 0.658203 0.652344 0.658203 0.654297 0.656250 0.656250 0.650391 0.656250 0.648438 0.654297 0.648438 0.652344 0.646484 0.650391 0.646484 0.648438 0.648438 0.646484 0.648438 0.644531 0.650391 0.642578 0.656250 0.642578 0.658203 0.644531 0.658203 0.646484 0.660156 0.648438
0 0.917969 0.652344 0.916016 0.652344 0.914062 0.654297 0.910156 0.654297 0.908203 0.652344 0.908203 0.646484 0.910156 0.644531 0.914062 0.644531 0.916016 0.646484 0.917969 0.646484
0 0.437500 0.650391 0.437500 0.654297 0.433594 0.654297 0.431641 0.652344 0.435547 0.648438
0 0.556641 0.654297 0.554688 0.654297 0.552734 0.656250 0.548828 0.656250 0.546875 0.654297 0.546875 0.648438 0.548828 0.646484 0.552734 0.646484 0.554688 0.648438 0.556641 0.648438
0 0.611328 0.654297 0.609375 0.654297 0.607422 0.656250 0.603516 0.656250 0.601562 0.654297 0.601562 0.648438 0.603516 0.646484 0.607422 0.646484 0.609375 0.648438 0.611328 0.648438
0 0.679688 0.654297 0.677734 0.654297 0.675781 0.656250 0.671875 0.656250 0.669922 0.654297 0.669922 0.648438 0.671875 0.646484 0.675781 0.646484 0.677734 0.648438 0.679688 0.648438
0 0.908203 0.654297 0.906250 0.654297 0.904297 0.656250 0.900391 0.656250 0.898438 0.654297 0.898438 0.648438 0.900391 0.646484 0.904297 0.646484 0.906250 0.648438 0.908203 0.648438
0 0.970703 0.660156 0.968750 0.660156 0.966797 0.662109 0.957031 0.662109 0.951172 0.656250 0.951172 0.646484 0.953125 0.644531 0.955078 0.644531 0.955078 0.642578 0.957031 0.640625 0.966797 0.640625 0.972656 0.646484 0.972656 0.656250 0.970703 0.658203
0 0.494141 0.662109 0.492188 0.662109 0.490234 0.664062 0.480469 0.664062 0.474609 0.658203 0.474609 0.648438 0.476562 0.646484 0.478516 0.646484 0.478516 0.644531 0.480469 0.642578 0.490234 0.642578 0.496094 0.648438 0.496094 0.658203 0.494141 0.660156
0 0.693359 0.656250 0.691406 0.656250 0.689453 0.658203 0.685547 0.658203 0.683594 0.656250 0.683594 0.650391 0.685547 0.648438 0.689453 0.648438 0.691406 0.650391 0.693359 0.650391
0 0.955078 0.654297 0.953125 0.656250 0.953125 0.658203 0.951172 0.660156 0.945312 0.660156 0.943359 0.658203 0.943359 0.656250 0.941406 0.654297 0.941406 0.652344 0.943359 0.650391 0.943359 0.648438 0.945312 0.646484 0.951172 0.646484 0.953125 0.648438 0.953125 0.650391 0.955078 0.652344
0 0.380859 0.654297 0.380859 0.658203 0.376953 0.658203 0.375000 0.656250 0.378906 0.652344
0 0.875000 0.658203 0.873047 0.658203 0.871094 0.660156 0.867188 0.660156 0.865234 0.658203 0.865234 0.652344 0.867188 0.650391 0.871094 0.650391 0.873047 0.652344 0.875000 0.652344
0 0.101562 0.660156 0.099609 0.660156 0.097656 0.662109 0.093750 0.662109 0.091797 0.660156 0.091797 0.654297 0.093750 0.652344 0.097656 0.652344 0.099609 0.654297 0.101562 0.654297
0 0.462891 0.660156 0.457031 0.666016 0.451172 0.666016 0.445312 0.660156 0.445312 0.654297 0.451172 0.648438 0.457031 0.648438 0.462891 0.654297
0 0.824219 0.656250 0.824219 0.660156 0.820312 0.660156 0.818359 0.658203 0.822266 0.654297
0 0.855469 0.658203 0.853516 0.660156 0.853516 0.662109 0.851562 0.664062 0.845703 0.664062 0.843750 0.662109 0.843750 0.660156 0.841797 0.658203 0.841797 0.656250 0.843750 0.654297 0.843750 0.652344 0.845703 0.650391 0.851562 0.650391 0.853516 0.652344 0.853516 0.654297 0.855469 0.656250
0 0.390625 0.658203 0.390625 0.662109 0.386719 0.662109 0.384766 0.660156 0.388672 0.656250
0 0.435547 0.658203 0.435547 0.662109 0.431641 0.662109 0.429688 0.660156 0.433594 0.656250
0 0.449219 0.658203 0.449219 0.662109 0.445312 0.662109 0.443359 0.660156 0.447266 0.656250
0 0.755859 0.662109 0.753906 0.662109 0.751953 0.664062 0.748047 0.664062 0.746094 0.662109 0.746094 0.656250 0.748047 0.654297 0.751953 0.654297 0.753906 0.656250 0.755859 0.656250
0 0.832031 0.658203 0.832031 0.662109 0.828125 0.662109 0.826172 0.660156 0.830078 0.656250
0 0.904297 0.658203 0.904297 0.662109 0.900391 0.662109 0.898438 0.660156 0.902344 0.656250
0 0.275391 0.660156 0.275391 0.664062 0.271484 0.664062 0.269531 0.662109 0.273438 0.658203
0 0.466797 0.664062 0.464844 0.664062 0.462891 0.666016 0.458984 0.666016 0.457031 0.664062 0.457031 0.658203 0.458984 0.656250 0.462891 0.656250 0.464844 0.658203 0.466797 0.658203
0 0.916016 0.660156 0.916016 0.664062 0.912109 0.664062 0.910156 0.662109 0.914062 0.658203
0 0.488281 0.664062 0.486328 0.666016 0.486328 0.667969 0.484375 0.669922 0.478516 0.669922 0.476562 0.667969 0.476562 0.666016 0.474609 0.664062 0.474609 0.662109 0.476562 0.660156 0.476562 0.658203 0.478516 0.656250 0.484375 0.656250 0.486328 0.658203 0.486328 0.660156 0.488281 0.662109
0 0.939453 0.664062 0.937500 0.666016 0.937500 0.667969 0.935547 0.669922 0.929688 0.669922 0.927734 0.667969 0.927734 0.666016 0.925781 0.664062 0.925781 0.662109 0.927734 0.660156 0.927734 0.658203 0.929688 0.656250 0.935547 0.656250 0.937500 0.658203 0.937500 0.660156 0.939453 0.662109
0 0.441406 0.664062 0.441406 0.667969 0.437500 0.667969 0.435547 0.666016 0.439453 0.662109
0 0.619141 0.667969 0.617188 0.667969 0.615234 0.669922 0.611328 0.669922 0.609375 0.667969 0.609375 0.662109 0.611328 0.660156 0.615234 0.660156 0.617188 0.662109 0.619141 0.662109
0 0.726562 0.664062 0.726562 0.667969 0.722656 0.667969 0.720703 0.666016 0.724609 0.662109
0 0.283203 0.666016 0.283203 0.669922 0.279297 0.669922 0.277344 0.667969 0.281250 0.664062
0 0.453125 0.667969 0.451172 0.669922 0.451172 0.671875 0.449219 0.673828 0.443359 0.673828 0.441406 0.671875 0.441406 0.669922 0.439453 0.667969 0.439453 0.666016 0.441406 0.664062 0.441406 0.662109 0.443359 0.660156 0.449219 0.660156 0.451172 0.662109 0.451172 0.664062 0.453125 0.666016
0 0.371094 0.667969 0.371094 0.671875 0.367188 0.671875 0.365234 0.669922 0.369141 0.666016
0 0.875000 0.677734 0.873047 0.677734 0.871094 0.679688 0.861328 0.679688 0.855469 0.673828 0.855469 0.664062 0.857422 0.662109 0.859375 0.662109 0.859375 0.660156 0.861328 0.658203 0.871094 0.658203 0.876953 0.664062 0.876953 0.673828 0.875000 0.675781
0 0.330078 0.669922 0.330078 0.673828 0.326172 0.673828 0.324219 0.671875 0.328125 0.667969
0 0.275391 0.671875 0.275391 0.675781 0.271484 0.675781 0.269531 0.673828 0.273438 0.669922
0 0.511719 0.673828 0.509766 0.675781 0.509766 0.677734 0.507812 0.679688 0.501953 0.679688 0.500000 0.677734 0.500000 0.675781 0.498047 0.673828 0.498047 0.671875 0.500000 0.669922 0.500000 0.667969 0.501953 0.666016 0.507812 0.666016 0.509766 0.667969 0.509766 0.669922 0.511719 0.671875
0 0.742188 0.675781 0.740234 0.675781 0.738281 0.677734 0.734375 0.677734 0.732422 0.675781 0.732422 0.669922 0.734375 0.667969 0.738281 0.667969 0.740234 0.669922 0.742188 0.669922
0 0.343750 0.677734 0.341797 0.677734 0.339844 0.679688 0.335938 0.679688 0.333984 0.677734 0.333984 0.671875 0.335938 0.669922 0.339844 0.669922 0.341797 0.671875 0.343750 0.671875
0 0.542969 0.675781 0.541016 0.677734 0.541016 0.679688 0.539062 0.681641 0.533203 0.681641 0.531250 0.679688 0.531250 0.677734 0.529297 0.675781 0.529297 0.673828 0.531250 0.671875 0.531250 0.669922 0.533203 0.667969 0.539062 0.667969 0.541016 0.669922 0.541016 0.671875 0.542969 0.673828
0 0.162109 0.677734 0.160156 0.679688 0.160156 0.681641 0.158203 0.683594 0.152344 0.683594 0.150391 0.681641 0.150391 0.679688 0.148438 0.677734 0.148438 0.675781 0.150391 0.673828 0.150391 0.671875 0.152344 0.669922 0.158203 0.669922 0.160156 0.671875 0.160156 0.673828 0.162109 0.675781
0 0.322266 0.679688 0.320312 0.679688 0.318359 0.681641 0.314453 0.681641 0.312500 0.679688 0.312500 0.673828 0.314453 0.671875 0.318359 0.671875 0.320312 0.673828 0.322266 0.673828
0 0.458984 0.679688 0.457031 0.679688 0.455078 0.681641 0.451172 0.681641 0.449219 0.679688 0.449219 0.673828 0.451172 0.671875 0.455078 0.671875 0.457031 0.673828 0.458984 0.673828
0 0.781250 0.677734 0.779297 0.679688 0.779297 0.681641 0.777344 0.683594 0.771484 0.683594 0.769531 0.681641 0.769531 0.679688 0.767578 0.677734 0.767578 0.675781 0.769531 0.673828 0.769531 0.671875 0.771484 0.669922 0.777344 0.669922 0.779297 0.671875 0.779297 0.673828 0.781250 0.675781
0 0.443359 0.677734 0.443359 0.681641 0.439453 0.681641 0.437500 0.679688 0.441406 0.675781
0 0.482422 0.687500 0.480469 0.687500 0.478516 0.689453 0.468750 0.689453 0.462891 0.683594 0.462891 0.673828 0.464844 0.671875 0.466797 0.671875 0.466797 0.669922 0.468750 0.667969 0.478516 0.667969 0.484375 0.673828 0.484375 0.683594 0.482422 0.685547
0 0.556641 0.687500 0.554688 0.687500 0.552734 0.689453 0.542969 0.689453 0.537109 0.683594 0.537109 0.673828 0.539062 0.671875 0.541016 0.671875 0.541016 0.669922 0.542969 0.667969 0.552734 0.667969 0.558594 0.673828 0.558594 0.683594 0.556641 0.685547
0 0.572266 0.677734 0.572266 0.681641 0.568359 0.681641 0.566406 0.679688 0.570312 0.675781
0 0.201172 0.683594 0.195312 0.689453 0.189453 0.689453 0.183594 0.683594 0.183594 0.677734 0.189453 0.671875 0.195312 0.671875 0.201172 0.677734
0 0.884766 0.679688 0.884766 0.683594 0.880859 0.683594 0.878906 0.681641 0.882812 0.677734
0 0.945312 0.683594 0.939453 0.689453 0.933594 0.689453 0.927734 0.683594 0.927734 0.677734 0.933594 0.671875 0.939453 0.671875 0.945312 0.677734
0 0.218750 0.683594 0.216797 0.685547 0.216797 0.687500 0.214844 0.689453 0.208984 0.689453 0.207031 0.687500 0.207031 0.685547 0.205078 0.683594 0.205078 0.681641 0.207031 0.679688 0.207031 0.677734 0.208984 0.675781 0.214844 0.675781 0.216797 0.677734 0.216797 0.679688 0.218750 0.681641
0 0.830078 0.681641 0.830078 0.685547 0.826172 0.685547 0.824219 0.683594 0.828125 0.679688
0 0.873047 0.681641 0.873047 0.685547 0.869141 0.685547 0.867188 0.683594 0.871094 0.679688
0 0.445312 0.683594 0.445312 0.687500 0.441406 0.687500 0.439453 0.685547 0.443359 0.681641
0 0.462891 0.687500 0.460938 0.689453 0.460938 0.691406 0.458984 0.693359 0.453125 0.693359 0.451172 0.691406 0.451172 0.689453 0.449219 0.687500 0.449219 0.685547 0.451172 0.683594 0.451172 0.681641 0.453125 0.679688 0.458984 0.679688 0.460938 0.681641 0.460938 0.683594 0.462891 0.685547
0 0.814453 0.685547 0.814453 0.689453 0.810547 0.689453 0.808594 0.687500 0.812500 0.683594
0 0.724609 0.693359 0.722656 0.693359 0.720703 0.695312 0.716797 0.695312 0.714844 0.693359 0.714844 0.687500 0.716797 0.685547 0.720703 0.685547 0.722656 0.687500 0.724609 0.687500
0 0.753906 0.693359 0.751953 0.693359 0.750000 0.695312 0.746094 0.695312 0.744141 0.693359 0.744141 0.687500 0.746094 0.685547 0.750000 0.685547 0.751953 0.687500 0.753906 0.687500
0 0.242188 0.695312 0.240234 0.695312 0.238281 0.697266 0.234375 0.697266 0.232422 0.695312 0.232422 0.689453 0.234375 0.687500 0.238281 0.687500 0.240234 0.689453 0.242188 0.689453
0 0.335938 0.695312 0.333984 0.695312 0.332031 0.697266 0.328125 0.697266 0.326172 0.695312 0.326172 0.689453 0.328125 0.687500 0.332031 0.687500 0.333984 0.689453 0.335938 0.689453
0 0.357422 0.695312 0.355469 0.695312 0.353516 0.697266 0.349609 0.697266 0.347656 0.695312 0.347656 0.689453 0.349609 0.687500 0.353516 0.687500 0.355469 0.689453 0.357422 0.689453
0 0.470703 0.691406 0.470703 0.695312 0.466797 0.695312 0.464844 0.693359 0.468750 0.689453
0 0.259766 0.697266 0.257812 0.697266 0.255859 0.699219 0.251953 0.699219 0.250000 0.697266 0.250000 0.691406 0.251953 0.689453 0.255859 0.689453 0.257812 0.691406 0.259766 0.691406
0 0.458984 0.693359 0.458984 0.697266 0.455078 0.697266 0.453125 0.695312 0.457031 0.691406
0 0.568359 0.697266 0.566406 0.697266 0.564453 0.699219 0.560547 0.699219 0.558594 0.697266 0.558594 0.691406 0.560547 0.689453 0.564453 0.689453 0.566406 0.691406 0.568359 0.691406
0 0.871094 0.697266 0.869141 0.697266 0.867188 0.699219 0.863281 0.699219 0.861328 0.697266 0.861328 0.691406 0.863281 0.689453 0.867188 0.689453 0.869141 0.691406 0.871094 0.691406
0 0.921875 0.697266 0.919922 0.697266 0.917969 0.699219 0.914062 0.699219 0.912109 0.697266 0.912109 0.691406 0.914062 0.689453 0.917969 0.689453 0.919922 0.691406 0.921875 0.691406
0 0.808594 0.695312 0.808594 0.699219 0.804688 0.699219 0.802734 0.697266 0.806641 0.693359
0 0.939453 0.699219 0.937500 0.699219 0.935547 0.701172 0.931641 0.701172 0.929688 0.699219 0.929688 0.693359 0.931641 0.691406 0.935547 0.691406 0.937500 0.693359 0.939453 0.693359
0 0.275391 0.699219 0.273438 0.701172 0.273438 0.703125 0.271484 0.705078 0.265625 0.705078 0.263672 0.703125 0.263672 0.701172 0.261719 0.699219 0.261719 0.697266 0.263672 0.695312 0.263672 0.693359 0.265625 0.691406 0.271484 0.691406 0.273438 0.693359 0.273438 0.695312 0.275391 0.697266
0 0.644531 0.697266 0.644531 0.701172 0.640625 0.701172 0.638672 0.699219 0.642578 0.695312
0 0.654297 0.697266 0.654297 0.701172 0.650391 0.701172 0.648438 0.699219 0.652344 0.695312
0 0.699219 0.701172 0.697266 0.701172 0.695312 0.703125 0.691406 0.703125 0.689453 0.701172 0.689453 0.695312 0.691406 0.693359 0.695312 0.693359 0.697266 0.695312 0.699219 0.695312
0 0.730469 0.701172 0.728516 0.701172 0.726562 0.703125 0.722656 0.703125 0.720703 0.701172 0.720703 0.695312 0.722656 0.693359 0.726562 0.693359 0.728516 0.695312 0.730469 0.695312
0 0.779297 0.701172 0.777344 0.701172 0.775391 0.703125 0.771484 0.703125 0.769531 0.701172 0.769531 0.695312 0.771484 0.693359 0.775391 0.693359 0.777344 0.695312 0.779297 0.695312
0 0.884766 0.697266 0.884766 0.701172 0.880859 0.701172 0.878906 0.699219 0.882812 0.695312
0 0.351562 0.703125 0.349609 0.703125 0.347656 0.705078 0.343750 0.705078 0.341797 0.703125 0.341797 0.697266 0.343750 0.695312 0.347656 0.695312 0.349609 0.697266 0.351562 0.697266
0 0.365234 0.699219 0.365234 0.703125 0.361328 0.703125 0.359375 0.701172 0.363281 0.697266
0 0.835938 0.703125 0.833984 0.703125 0.832031 0.705078 0.828125 0.705078 0.826172 0.703125 0.826172 0.697266 0.828125 0.695312 0.832031 0.695312 0.833984 0.697266 0.835938 0.697266
0 0.121094 0.710938 0.119141 0.710938 0.117188 0.712891 0.107422 0.712891 0.101562 0.707031 0.101562 0.697266 0.103516 0.695312 0.105469 0.695312 0.105469 0.693359 0.107422 0.691406 0.117188 0.691406 0.123047 0.697266 0.123047 0.707031 0.121094 0.708984
0 0.408203 0.705078 0.406250 0.705078 0.404297 0.707031 0.400391 0.707031 0.398438 0.705078 0.398438 0.699219 0.400391 0.697266 0.404297 0.697266 0.406250 0.699219 0.408203 0.699219
0 0.470703 0.701172 0.470703 0.705078 0.466797 0.705078 0.464844 0.703125 0.468750 0.699219
0 0.648438 0.703125 0.648438 0.707031 0.644531 0.707031 0.642578 0.705078 0.646484 0.701172
0 0.814453 0.703125 0.814453 0.707031 0.810547 0.707031 0.808594 0.705078 0.812500 0.701172
0 0.947266 0.707031 0.941406 0.712891 0.935547 0.712891 0.929688 0.707031 0.929688 0.701172 0.935547 0.695312 0.941406 0.695312 0.947266 0.701172
0 0.359375 0.707031 0.359375 0.710938 0.355469 0.710938 0.353516 0.708984 0.357422 0.705078
0 0.437500 0.710938 0.435547 0.710938 0.433594 0.712891 0.429688 0.712891 0.427734 0.710938 0.427734 0.705078 0.429688 0.703125 0.433594 0.703125 0.435547 0.705078 0.437500 0.705078
0 0.460938 0.708984 0.458984 0.710938 0.458984 0.712891 0.457031 0.714844 0.451172 0.714844 0.449219 0.712891 0.449219 0.710938 0.447266 0.708984 0.447266 0.707031 0.449219 0.705078 0.449219 0.703125 0.451172 0.701172 0.457031 0.701172 0.458984 0.703125 0.458984 0.705078 0.460938 0.707031
0 0.585938 0.712891 0.583984 0.712891 0.582031 0.714844 0.578125 0.714844 0.576172 0.712891 0.576172 0.707031 0.578125 0.705078 0.582031 0.705078 0.583984 0.707031 0.585938 0.707031
0 0.822266 0.710938 0.822266 0.714844 0.818359 0.714844 0.816406 0.712891 0.820312 0.708984
0 0.851562 0.710938 0.851562 0.714844 0.847656 0.714844 0.845703 0.712891 0.849609 0.708984
0 0.890625 0.720703 0.888672 0.720703 0.886719 0.722656 0.876953 0.722656 0.871094 0.716797 0.871094 0.707031 0.873047 0.705078 0.875000 0.705078 0.875000 0.703125 0.876953 0.701172 0.886719 0.701172 0.892578 0.707031 0.892578 0.716797 0.890625 0.718750
0 0.306641 0.716797 0.300781 0.722656 0.294922 0.722656 0.289062 0.716797 0.289062 0.710938 0.294922 0.705078 0.300781 0.705078 0.306641 0.710938
0 0.703125 0.716797 0.701172 0.716797 0.699219 0.718750 0.695312 0.718750 0.693359 0.716797 0.693359 0.710938 0.695312 0.708984 0.699219 0.708984 0.701172 0.710938 0.703125 0.710938
0 0.958984 0.712891 0.958984 0.716797 0.955078 0.716797 0.953125 0.714844 0.957031 0.710938
0 0.621094 0.718750 0.619141 0.718750 0.617188 0.720703 0.613281 0.720703 0.611328 0.718750 0.611328 0.712891 0.613281 0.710938 0.617188 0.710938 0.619141 0.712891 0.621094 0.712891
0 0.947266 0.718750 0.945312 0.718750 0.943359 0.720703 0.939453 0.720703 0.937500 0.718750 0.937500 0.712891 0.939453 0.710938 0.943359 0.710938 0.945312 0.712891 0.947266 0.712891
0 0.111328 0.726562 0.109375 0.726562 0.107422 0.728516 0.097656 0.728516 0.091797 0.722656 0.091797 0.712891 0.093750 0.710938 0.095703 0.710938 0.095703 0.708984 0.097656 0.707031 0.107422 0.707031 0.113281 0.712891 0.113281 0.722656 0.111328 0.724609
0 0.595703 0.726562 0.593750 0.726562 0.591797 0.728516 0.582031 0.728516 0.576172 0.722656 0.576172 0.712891 0.578125 0.710938 0.580078 0.710938 0.580078 0.708984 0.582031 0.707031 0.591797 0.707031 0.597656 0.712891 0.597656 0.722656 0.595703 0.724609
0 0.330078 0.722656 0.328125 0.722656 0.326172 0.724609 0.322266 0.724609 0.320312 0.722656 0.320312 0.716797 0.322266 0.714844 0.326172 0.714844 0.328125 0.716797 0.330078 0.716797
0 0.500000 0.728516 0.498047 0.728516 0.496094 0.730469 0.486328 0.730469 0.480469 0.724609 0.480469 0.714844 0.482422 0.712891 0.484375 0.712891 0.484375 0.710938 0.486328 0.708984 0.496094 0.708984 0.501953 0.714844 0.501953 0.724609 0.500000 0.726562
0 0.953125 0.718750 0.953125 0.722656 0.949219 0.722656 0.947266 0.720703 0.951172 0.716797
0 0.933594 0.720703 0.933594 0.724609 0.929688 0.724609 0.927734 0.722656 0.931641 0.718750
0 0.447266 0.726562 0.445312 0.726562 0.443359 0.728516 0.439453 0.728516 0.437500 0.726562 0.437500 0.720703 0.439453 0.718750 0.443359 0.718750 0.445312 0.720703 0.447266 0.720703
0 0.578125 0.726562 0.576172 0.726562 0.574219 0.728516 0.570312 0.728516 0.568359 0.726562 0.568359 0.720703 0.570312 0.718750 0.574219 0.718750 0.576172 0.720703 0.578125 0.720703
0 0.726562 0.724609 0.724609 0.726562 0.724609 0.728516 0.722656 0.730469 0.716797 0.730469 0.714844 0.728516 0.714844 0.726562 0.712891 0.724609 0.712891 0.722656 0.714844 0.720703 0.714844 0.718750 0.716797 0.716797 0.722656 0.716797 0.724609 0.718750 0.724609 0.720703 0.726562 0.722656
0 0.882812 0.722656 0.882812 0.726562 0.878906 0.726562 0.876953 0.724609 0.880859 0.720703
0 0.681641 0.730469 0.679688 0.730469 0.677734 0.732422 0.673828 0.732422 0.671875 0.730469 0.671875 0.724609 0.673828 0.722656 0.677734 0.722656 0.679688 0.724609 0.681641 0.724609
0 0.464844 0.730469 0.462891 0.732422 0.462891 0.734375 0.460938 0.736328 0.455078 0.736328 0.453125 0.734375 0.453125 0.732422 0.451172 0.730469 0.451172 0.728516 0.453125 0.726562 0.453125 0.724609 0.455078 0.722656 0.460938 0.722656 0.462891 0.724609 0.462891 0.726562 0.464844 0.728516
0 0.560547 0.730469 0.558594 0.732422 0.558594 0.734375 0.556641 0.736328 0.550781 0.736328 0.548828 0.734375 0.548828 0.732422 0.546875 0.730469 0.546875 0.728516 0.548828 0.726562 0.548828 0.724609 0.550781 0.722656 0.556641 0.722656 0.558594 0.724609 0.558594 0.726562 0.560547 0.728516
0 0.902344 0.728516 0.902344 0.732422 0.898438 0.732422 0.896484 0.730469 0.900391 0.726562
0 0.423828 0.740234 0.421875 0.740234 0.419922 0.742188 0.410156 0.742188 0.404297 0.736328 0.404297 0.726562 0.406250 0.724609 0.408203 0.724609 0.408203 0.722656 0.410156 0.720703 0.419922 0.720703 0.425781 0.726562 0.425781 0.736328 0.423828 0.738281
0 0.648438 0.734375 0.646484 0.734375 0.644531 0.736328 0.640625 0.736328 0.638672 0.734375 0.638672 0.728516 0.640625 0.726562 0.644531 0.726562 0.646484 0.728516 0.648438 0.728516
0 0.730469 0.732422 0.730469 0.736328 0.726562 0.736328 0.724609 0.734375 0.728516 0.730469
0 0.910156 0.736328 0.908203 0.736328 0.906250 0.738281 0.902344 0.738281 0.900391 0.736328 0.900391 0.730469 0.902344 0.728516 0.906250 0.728516 0.908203 0.730469 0.910156 0.730469
0 0.400391 0.738281 0.398438 0.738281 0.396484 0.740234 0.392578 0.740234 0.390625 0.738281 0.390625 0.732422 0.392578 0.730469 0.396484 0.730469 0.398438 0.732422 0.400391 0.732422
0 0.634766 0.736328 0.632812 0.738281 0.632812 0.740234 0.630859 0.742188 0.625000 0.742188 0.623047 0.740234 0.623047 0.738281 0.621094 0.736328 0.621094 0.734375 0.623047 0.732422 0.623047 0.730469 0.625000 0.728516 0.630859 0.728516 0.632812 0.730469 0.632812 0.732422 0.634766 0.734375
0 0.347656 0.740234 0.345703 0.740234 0.343750 0.742188 0.339844 0.742188 0.337891 0.740234 0.337891 0.734375 0.339844 0.732422 0.343750 0.732422 0.345703 0.734375 0.347656 0.734375
0 0.386719 0.746094 0.384766 0.746094 0.382812 0.748047 0.373047 0.748047 0.367188 0.742188 0.367188 0.732422 0.369141 0.730469 0.371094 0.730469 0.371094 0.728516 0.373047 0.726562 0.382812 0.726562 0.388672 0.732422 0.388672 0.742188 0.386719 0.744141
0 0.511719 0.738281 0.509766 0.740234 0.509766 0.742188 0.507812 0.744141 0.501953 0.744141 0.500000 0.742188 0.500000 0.740234 0.498047 0.738281 0.498047 0.736328 0.500000 0.734375 0.500000 0.732422 0.501953 0.730469 0.507812 0.730469 0.509766 0.732422 0.509766 0.734375 0.511719 0.736328
0 0.878906 0.742188 0.876953 0.742188 0.875000 0.744141 0.871094 0.744141 0.869141 0.742188 0.869141 0.736328 0.871094 0.734375 0.875000 0.734375 0.876953 0.736328 0.878906 0.736328
0 0.371094 0.744141 0.369141 0.744141 0.367188 0.746094 0.363281 0.746094 0.361328 0.744141 0.361328 0.738281 0.363281 0.736328 0.367188 0.736328 0.369141 0.738281 0.371094 0.738281
0 0.798828 0.744141 0.796875 0.744141 0.794922 0.746094 0.791016 0.746094 0.789062 0.744141 0.789062 0.738281 0.791016 0.736328 0.794922 0.736328 0.796875 0.738281 0.798828 0.738281
0 0.484375 0.744141 0.482422 0.746094 0.482422 0.748047 0.480469 0.750000 0.474609 0.750000 0.472656 0.748047 0.472656 0.746094 0.470703 0.744141 0.470703 0.742188 0.472656 0.740234 0.472656 0.738281 0.474609 0.736328 0.480469 0.736328 0.482422 0.738281 0.482422 0.740234 0.484375 0.742188
0 0.667969 0.746094 0.662109 0.751953 0.656250 0.751953 0.650391 0.746094 0.650391 0.740234 0.656250 0.734375 0.662109 0.734375 0.667969 0.740234
0 0.705078 0.751953 0.703125 0.751953 0.701172 0.753906 0.691406 0.753906 0.685547 0.748047 0.685547 0.738281 0.687500 0.736328 0.689453 0.736328 0.689453 0.734375 0.691406 0.732422 0.701172 0.732422 0.707031 0.738281 0.707031 0.748047 0.705078 0.750000
0 0.781250 0.746094 0.779297 0.746094 0.777344 0.748047 0.773438 0.748047 0.771484 0.746094 0.771484 0.740234 0.773438 0.738281 0.777344 0.738281 0.779297 0.740234 0.781250 0.740234
0 0.607422 0.746094 0.605469 0.748047 0.605469 0.750000 0.603516 0.751953 0.597656 0.751953 0.595703 0.750000 0.595703 0.748047 0.593750 0.746094 0.593750 0.744141 0.595703 0.742188 0.595703 0.740234 0.597656 0.738281 0.603516 0.738281 0.605469 0.740234 0.605469 0.742188 0.607422 0.744141
0 0.757812 0.744141 0.757812 0.748047 0.753906 0.748047 0.751953 0.746094 0.755859 0.742188
0 0.562500 0.755859 0.560547 0.755859 0.558594 0.757812 0.548828 0.757812 0.542969 0.751953 0.542969 0.742188 0.544922 0.740234 0.546875 0.740234 0.546875 0.738281 0.548828 0.736328 0.558594 0.736328 0.564453 0.742188 0.564453 0.751953 0.562500 0.753906
0 0.650391 0.751953 0.648438 0.751953 0.646484 0.753906 0.642578 0.753906 0.640625 0.751953 0.640625 0.746094 0.642578 0.744141 0.646484 0.744141 0.648438 0.746094 0.650391 0.746094
0 0.728516 0.751953 0.726562 0.753906 0.726562 0.755859 0.724609 0.757812 0.718750 0.757812 0.716797 0.755859 0.716797 0.753906 0.714844 0.751953 0.714844 0.750000 0.716797 0.748047 0.716797 0.746094 0.718750 0.744141 0.724609 0.744141 0.726562 0.746094 0.726562 0.748047 0.728516 0.750000
0 0.751953 0.750000 0.751953 0.753906 0.748047 0.753906 0.746094 0.751953 0.750000 0.748047
0 0.851562 0.750000 0.851562 0.753906 0.847656 0.753906 0.845703 0.751953 0.849609 0.748047
0 0.888672 0.753906 0.886719 0.753906 0.884766 0.755859 0.880859 0.755859 0.878906 0.753906 0.878906 0.748047 0.880859 0.746094 0.884766 0.746094 0.886719 0.748047 0.888672 0.748047
0 0.171875 0.761719 0.169922 0.761719 0.167969 0.763672 0.158203 0.763672 0.152344 0.757812 0.152344 0.748047 0.154297 0.746094 0.156250 0.746094 0.156250 0.744141 0.158203 0.742188 0.167969 0.742188 0.173828 0.748047 0.173828 0.757812 0.171875 0.759766
0 0.773438 0.753906 0.771484 0.755859 0.771484 0.757812 0.769531 0.759766 0.763672 0.759766 0.761719 0.757812 0.761719 0.755859 0.759766 0.753906 0.759766 0.751953 0.761719 0.750000 0.761719 0.748047 0.763672 0.746094 0.769531 0.746094 0.771484 0.748047 0.771484 0.750000 0.773438 0.751953
0 0.542969 0.755859 0.541016 0.757812 0.541016 0.759766 0.539062 0.761719 0.533203 0.761719 0.531250 0.759766 0.531250 0.757812 0.529297 0.755859 0.529297 0.753906 0.531250 0.751953 0.531250 0.750000 0.533203 0.748047 0.539062 0.748047 0.541016 0.750000 0.541016 0.751953 0.542969 0.753906
0 0.908203 0.757812 0.902344 0.763672 0.896484 0.763672 0.890625 0.757812 0.890625 0.751953 0.896484 0.746094 0.902344 0.746094 0.908203 0.751953
0 0.066406 0.759766 0.064453 0.759766 0.062500 0.761719 0.058594 0.761719 0.056641 0.759766 0.056641 0.753906 0.058594 0.751953 0.062500 0.751953 0.064453 0.753906 0.066406 0.753906
0 0.513672 0.757812 0.511719 0.759766 0.511719 0.761719 0.509766 0.763672 0.503906 0.763672 0.501953 0.761719 0.501953 0.759766 0.500000 0.757812 0.500000 0.755859 0.501953 0.753906 0.501953 0.751953 0.503906 0.750000 0.509766 0.750000 0.511719 0.751953 0.511719 0.753906 0.513672 0.755859
0 0.433594 0.759766 0.431641 0.761719 0.431641 0.763672 0.429688 0.765625 0.423828 0.765625 0.421875 0.763672 0.421875 0.761719 0.419922 0.759766 0.419922 0.757812 0.421875 0.755859 0.421875 0.753906 0.423828 0.751953 0.429688 0.751953 0.431641 0.753906 0.431641 0.755859 0.433594 0.757812
0 0.806641 0.761719 0.804688 0.761719 0.802734 0.763672 0.798828 0.763672 0.796875 0.761719 0.796875 0.755859 0.798828 0.753906 0.802734 0.753906 0.804688 0.755859 0.806641 0.755859
0 0.917969 0.759766 0.917969 0.763672 0.914062 0.763672 0.912109 0.761719 0.916016 0.757812
0 0.576172 0.763672 0.574219 0.765625 0.574219 0.767578 0.572266 0.769531 0.566406 0.769531 0.564453 0.767578 0.564453 0.765625 0.562500 0.763672 0.562500 0.761719 0.564453 0.759766 0.564453 0.757812 0.566406 0.755859 0.572266 0.755859 0.574219 0.757812 0.574219 0.759766 0.576172 0.761719
0 0.732422 0.765625 0.730469 0.765625 0.728516 0.767578 0.724609 0.767578 0.722656 0.765625 0.722656 0.759766 0.724609 0.757812 0.728516 0.757812 0.730469 0.759766 0.732422 0.759766
0 0.394531 0.769531 0.388672 0.775391 0.382812 0.775391 0.376953 0.769531 0.376953 0.763672 0.382812 0.757812 0.388672 0.757812 0.394531 0.763672
0 0.134766 0.777344 0.132812 0.777344 0.130859 0.779297 0.121094 0.779297 0.115234 0.773438 0.115234 0.763672 0.117188 0.761719 0.119141 0.761719 0.119141 0.759766 0.121094 0.757812 0.130859 0.757812 0.136719 0.763672 0.136719 0.773438 0.134766 0.775391
0 0.494141 0.769531 0.492188 0.771484 0.492188 0.773438 0.490234 0.775391 0.484375 0.775391 0.482422 0.773438 0.482422 0.771484 0.480469 0.769531 0.480469 0.767578 0.482422 0.765625 0.482422 0.763672 0.484375 0.761719 0.490234 0.761719 0.492188 0.763672 0.492188 0.765625 0.494141 0.767578
0 0.207031 0.781250 0.205078 0.781250 0.203125 0.783203 0.193359 0.783203 0.187500 0.777344 0.187500 0.767578 0.189453 0.765625 0.191406 0.765625 0.191406 0.763672 0.193359 0.761719 0.203125 0.761719 0.208984 0.767578 0.208984 0.777344 0.207031 0.779297
0 0.683594 0.775391 0.681641 0.775391 0.679688 0.777344 0.675781 0.777344 0.673828 0.775391 0.673828 0.769531 0.675781 0.767578 0.679688 0.767578 0.681641 0.769531 0.683594 0.769531
0 0.791016 0.775391 0.789062 0.775391 0.787109 0.777344 0.783203 0.777344 0.781250 0.775391 0.781250 0.769531 0.783203 0.767578 0.787109 0.767578 0.789062 0.769531 0.791016 0.769531
0 0.906250 0.771484 0.906250 0.775391 0.902344 0.775391 0.900391 0.773438 0.904297 0.769531
0 0.931641 0.775391 0.929688 0.777344 0.929688 0.779297 0.927734 0.781250 0.921875 0.781250 0.919922 0.779297 0.919922 0.777344 0.917969 0.775391 0.917969 0.773438 0.919922 0.771484 0.919922 0.769531 0.921875 0.767578 0.927734 0.767578 0.929688 0.769531 0.929688 0.771484 0.931641 0.773438
0 0.363281 0.777344 0.361328 0.779297 0.361328 0.781250 0.359375 0.783203 0.353516 0.783203 0.351562 0.781250 0.351562 0.779297 0.349609 0.777344 0.349609 0.775391 0.351562 0.773438 0.351562 0.771484 0.353516 0.769531 0.359375 0.769531 0.361328 0.771484 0.361328 0.773438 0.363281 0.775391
0 0.542969 0.777344 0.541016 0.779297 0.541016 0.781250 0.539062 0.783203 0.533203 0.783203 0.531250 0.781250 0.531250 0.779297 0.529297 0.777344 0.529297 0.775391 0.531250 0.773438 0.531250 0.771484 0.533203 0.769531 0.539062 0.769531 0.541016 0.771484 0.541016 0.773438 0.542969 0.775391
0 0.693359 0.779297 0.691406 0.779297 0.689453 0.781250 0.685547 0.781250 0.683594 0.779297 0.683594 0.773438 0.685547 0.771484 0.689453 0.771484 0.691406 0.773438 0.693359 0.773438
0 0.419922 0.781250 0.414062 0.787109 0.408203 0.787109 0.402344 0.781250 0.402344 0.775391 0.408203 0.769531 0.414062 0.769531 0.419922 0.775391
0 0.666016 0.787109 0.664062 0.787109 0.662109 0.789062 0.652344 0.789062 0.646484 0.783203 0.646484 0.773438 0.648438 0.771484 0.650391 0.771484 0.650391 0.769531 0.652344 0.767578 0.662109 0.767578 0.667969 0.773438 0.667969 0.783203 0.666016 0.785156
0 0.646484 0.781250 0.646484 0.785156 0.642578 0.785156 0.640625 0.783203 0.644531 0.779297
0 0.562500 0.787109 0.560547 0.789062 0.560547 0.791016 0.558594 0.792969 0.552734 0.792969 0.550781 0.791016 0.550781 0.789062 0.548828 0.787109 0.548828 0.785156 0.550781 0.783203 0.550781 0.781250 0.552734 0.779297 0.558594 0.779297 0.560547 0.781250 0.560547 0.783203 0.562500 0.785156
0 0.730469 0.789062 0.724609 0.794922 0.718750 0.794922 0.712891 0.789062 0.712891 0.783203 0.718750 0.777344 0.724609 0.777344 0.730469 0.783203
0 0.115234 0.791016 0.109375 0.796875 0.103516 0.796875 0.097656 0.791016 0.097656 0.785156 0.103516 0.779297 0.109375 0.779297 0.115234 0.785156
0 0.402344 0.791016 0.400391 0.791016 0.398438 0.792969 0.394531 0.792969 0.392578 0.791016 0.392578 0.785156 0.394531 0.783203 0.398438 0.783203 0.400391 0.785156 0.402344 0.785156
0 0.642578 0.789062 0.642578 0.792969 0.638672 0.792969 0.636719 0.791016 0.640625 0.787109
0 0.658203 0.792969 0.656250 0.792969 0.654297 0.794922 0.650391 0.794922 0.648438 0.792969 0.648438 0.787109 0.650391 0.785156 0.654297 0.785156 0.656250 0.787109 0.658203 0.787109
0 0.441406 0.791016 0.441406 0.794922 0.437500 0.794922 0.435547 0.792969 0.439453 0.789062
0 0.890625 0.794922 0.888672 0.794922 0.886719 0.796875 0.882812 0.796875 0.880859 0.794922 0.880859 0.789062 0.882812 0.787109 0.886719 0.787109 0.888672 0.789062 0.890625 0.789062
0 0.072266 0.798828 0.070312 0.800781 0.070312 0.802734 0.068359 0.804688 0.062500 0.804688 0.060547 0.802734 0.060547 0.800781 0.058594 0.798828 0.058594 0.796875 0.060547 0.794922 0.060547 0.792969 0.062500 0.791016 0.068359 0.791016 0.070312 0.792969 0.070312 0.794922 0.072266 0.796875
0 0.357422 0.800781 0.355469 0.800781 0.353516 0.802734 0.349609 0.802734 0.347656 0.800781 0.347656 0.794922 0.349609 0.792969 0.353516 0.792969 0.355469 0.794922 0.357422 0.794922
0 0.931641 0.802734 0.929688 0.802734 0.927734 0.804688 0.923828 0.804688 0.921875 0.802734 0.921875 0.796875 0.923828 0.794922 0.927734 0.794922 0.929688 0.796875 0.931641 0.796875
0 0.417969 0.804688 0.416016 0.804688 0.414062 0.806641 0.410156 0.806641 0.408203 0.804688 0.408203 0.798828 0.410156 0.796875 0.414062 0.796875 0.416016 0.798828 0.417969 0.798828
0 0.435547 0.800781 0.435547 0.804688 0.431641 0.804688 0.429688 0.802734 0.433594 0.798828
0 0.640625 0.804688 0.638672 0.804688 0.636719 0.806641 0.632812 0.806641 0.630859 0.804688 0.630859 0.798828 0.632812 0.796875 0.636719 0.796875 0.638672 0.798828 0.640625 0.798828
0 0.876953 0.802734 0.875000 0.804688 0.875000 0.806641 0.873047 0.808594 0.867188 0.808594 0.865234 0.806641 0.865234 0.804688 0.863281 0.802734 0.863281 0.800781 0.865234 0.798828 0.865234 0.796875 0.867188 0.794922 0.873047 0.794922 0.875000 0.796875 0.875000 0.798828 0.876953 0.800781
0 0.896484 0.804688 0.894531 0.804688 0.892578 0.806641 0.888672 0.806641 0.886719 0.804688 0.886719 0.798828 0.888672 0.796875 0.892578 0.796875 0.894531 0.798828 0.896484 0.798828
0 0.660156 0.806641 0.658203 0.806641 0.656250 0.808594 0.652344 0.808594 0.650391 0.806641 0.650391 0.800781 0.652344 0.798828 0.656250 0.798828 0.658203 0.800781 0.660156 0.800781
0 0.867188 0.802734 0.867188 0.806641 0.863281 0.806641 0.861328 0.804688 0.865234 0.800781
0 0.757812 0.808594 0.751953 0.814453 0.746094 0.814453 0.740234 0.808594 0.740234 0.802734 0.746094 0.796875 0.751953 0.796875 0.757812 0.802734
0 0.853516 0.804688 0.853516 0.808594 0.849609 0.808594 0.847656 0.806641 0.851562 0.802734
0 0.728516 0.808594 0.726562 0.810547 0.726562 0.812500 0.724609 0.814453 0.718750 0.814453 0.716797 0.812500 0.716797 0.810547 0.714844 0.808594 0.714844 0.806641 0.716797 0.804688 0.716797 0.802734 0.718750 0.800781 0.724609 0.800781 0.726562 0.802734 0.726562 0.804688 0.728516 0.806641
0 0.884766 0.812500 0.882812 0.812500 0.880859 0.814453 0.876953 0.814453 0.875000 0.812500 0.875000 0.806641 0.876953 0.804688 0.880859 0.804688 0.882812 0.806641 0.884766 0.806641
0 0.208984 0.820312 0.207031 0.820312 0.205078 0.822266 0.195312 0.822266 0.189453 0.816406 0.189453 0.806641 0.191406 0.804688 0.193359 0.804688 0.193359 0.802734 0.195312 0.800781 0.205078 0.800781 0.210938 0.806641 0.210938 0.816406 0.208984 0.818359
0 0.404297 0.812500 0.402344 0.814453 0.402344 0.816406 0.400391 0.818359 0.394531 0.818359 0.392578 0.816406 0.392578 0.814453 0.390625 0.812500 0.390625 0.810547 0.392578 0.808594 0.392578 0.806641 0.394531 0.804688 0.400391 0.804688 0.402344 0.806641 0.402344 0.808594 0.404297 0.810547
0 0.445312 0.822266 0.443359 0.822266 0.441406 0.824219 0.431641 0.824219 0.425781 0.818359 0.425781 0.808594 0.427734 0.806641 0.429688 0.806641 0.429688 0.804688 0.431641 0.802734 0.441406 0.802734 0.447266 0.808594 0.447266 0.818359 0.445312 0.820312
0 0.773438 0.816406 0.771484 0.818359 0.771484 0.820312 0.769531 0.822266 0.763672 0.822266 0.761719 0.820312 0.761719 0.818359 0.759766 0.816406 0.759766 0.814453 0.761719 0.812500 0.761719 0.810547 0.763672 0.808594 0.769531 0.808594 0.771484 0.810547 0.771484 0.812500 0.773438 0.814453
0 0.908203 0.814453 0.908203 0.818359 0.904297 0.818359 0.902344 0.816406 0.906250 0.812500
0 0.804688 0.820312 0.802734 0.820312 0.800781 0.822266 0.796875 0.822266 0.794922 0.820312 0.794922 0.814453 0.796875 0.812500 0.800781 0.812500 0.802734 0.814453 0.804688 0.814453
0 0.392578 0.822266 0.390625 0.822266 0.388672 0.824219 0.384766 0.824219 0.382812 0.822266 0.382812 0.816406 0.384766 0.814453 0.388672 0.814453 0.390625 0.816406 0.392578 0.816406
0 0.898438 0.818359 0.898438 0.822266 0.894531 0.822266 0.892578 0.820312 0.896484 0.816406
0 0.406250 0.822266 0.406250 0.826172 0.402344 0.826172 0.400391 0.824219 0.404297 0.820312
0 0.445312 0.822266 0.445312 0.826172 0.441406 0.826172 0.439453 0.824219 0.443359 0.820312
0 0.392578 0.830078 0.390625 0.830078 0.388672 0.832031 0.384766 0.832031 0.382812 0.830078 0.382812 0.824219 0.384766 0.822266 0.388672 0.822266 0.390625 0.824219 0.392578 0.824219
0 0.453125 0.828125 0.453125 0.832031 0.449219 0.832031 0.447266 0.830078 0.451172 0.826172
0 0.527344 0.830078 0.527344 0.833984 0.523438 0.833984 0.521484 0.832031 0.525391 0.828125
0 0.755859 0.839844 0.753906 0.839844 0.751953 0.841797 0.742188 0.841797 0.736328 0.835938 0.736328 0.826172 0.738281 0.824219 0.740234 0.824219 0.740234 0.822266 0.742188 0.820312 0.751953 0.820312 0.757812 0.826172 0.757812 0.835938 0.755859 0.837891
0 0.888672 0.830078 0.888672 0.833984 0.884766 0.833984 0.882812 0.832031 0.886719 0.828125
0 0.267578 0.841797 0.265625 0.841797 0.263672 0.843750 0.253906 0.843750 0.248047 0.837891 0.248047 0.828125 0.250000 0.826172 0.251953 0.826172 0.251953 0.824219 0.253906 0.822266 0.263672 0.822266 0.269531 0.828125 0.269531 0.837891 0.267578 0.839844
0 0.330078 0.835938 0.328125 0.835938 0.326172 0.837891 0.322266 0.837891 0.320312 0.835938 0.320312 0.830078 0.322266 0.828125 0.326172 0.828125 0.328125 0.830078 0.330078 0.830078
0 0.400391 0.835938 0.398438 0.835938 0.396484 0.837891 0.392578 0.837891 0.390625 0.835938 0.390625 0.830078 0.392578 0.828125 0.396484 0.828125 0.398438 0.830078 0.400391 0.830078
0 0.583984 0.835938 0.582031 0.835938 0.580078 0.837891 0.576172 0.837891 0.574219 0.835938 0.574219 0.830078 0.576172 0.828125 0.580078 0.828125 0.582031 0.830078 0.583984 0.830078
0 0.697266 0.835938 0.695312 0.835938 0.693359 0.837891 0.689453 0.837891 0.687500 0.835938 0.687500 0.830078 0.689453 0.828125 0.693359 0.828125 0.695312 0.830078 0.697266 0.830078
0 0.826172 0.835938 0.824219 0.835938 0.822266 0.837891 0.818359 0.837891 0.816406 0.835938 0.816406 0.830078 0.818359 0.828125 0.822266 0.828125 0.824219 0.830078 0.826172 0.830078
0 0.927734 0.833984 0.927734 0.837891 0.923828 0.837891 0.921875 0.835938 0.925781 0.832031
0 0.666016 0.839844 0.664062 0.839844 0.662109 0.841797 0.658203 0.841797 0.656250 0.839844 0.656250 0.833984 0.658203 0.832031 0.662109 0.832031 0.664062 0.833984 0.666016 0.833984
0 0.736328 0.839844 0.730469 0.845703 0.724609 0.845703 0.718750 0.839844 0.718750 0.833984 0.724609 0.828125 0.730469 0.828125 0.736328 0.833984
0 0.900391 0.839844 0.898438 0.839844 0.896484 0.841797 0.892578 0.841797 0.890625 0.839844 0.890625 0.833984 0.892578 0.832031 0.896484 0.832031 0.898438 0.833984 0.900391 0.833984
0 0.789062 0.839844 0.787109 0.841797 0.787109 0.843750 0.785156 0.845703 0.779297 0.845703 0.777344 0.843750 0.777344 0.841797 0.775391 0.839844 0.775391 0.837891 0.777344 0.835938 0.777344 0.833984 0.779297 0.832031 0.785156 0.832031 0.787109 0.833984 0.787109 0.835938 0.789062 0.837891
0 0.158203 0.843750 0.152344 0.849609 0.146484 0.849609 0.140625 0.843750 0.140625 0.837891 0.146484 0.832031 0.152344 0.832031 0.158203 0.837891
0 0.306641 0.843750 0.300781 0.849609 0.294922 0.849609 0.289062 0.843750 0.289062 0.837891 0.294922 0.832031 0.300781 0.832031 0.306641 0.837891
0 0.953125 0.843750 0.951172 0.843750 0.949219 0.845703 0.945312 0.845703 0.943359 0.843750 0.943359 0.837891 0.945312 0.835938 0.949219 0.835938 0.951172 0.837891 0.953125 0.837891
0 0.806641 0.841797 0.806641 0.845703 0.802734 0.845703 0.800781 0.843750 0.804688 0.839844
0 0.439453 0.843750 0.439453 0.847656 0.435547 0.847656 0.433594 0.845703 0.437500 0.841797
0 0.523438 0.847656 0.521484 0.847656 0.519531 0.849609 0.515625 0.849609 0.513672 0.847656 0.513672 0.841797 0.515625 0.839844 0.519531 0.839844 0.521484 0.841797 0.523438 0.841797
0 0.601562 0.845703 0.599609 0.847656 0.599609 0.849609 0.597656 0.851562 0.591797 0.851562 0.589844 0.849609 0.589844 0.847656 0.587891 0.845703 0.587891 0.843750 0.589844 0.841797 0.589844 0.839844 0.591797 0.837891 0.597656 0.837891 0.599609 0.839844 0.599609 0.841797 0.601562 0.843750
0 0.792969 0.847656 0.791016 0.847656 0.789062 0.849609 0.785156 0.849609 0.783203 0.847656 0.783203 0.841797 0.785156 0.839844 0.789062 0.839844 0.791016 0.841797 0.792969 0.841797
0 0.921875 0.845703 0.919922 0.847656 0.919922 0.849609 0.917969 0.851562 0.912109 0.851562 0.910156 0.849609 0.910156 0.847656 0.908203 0.845703 0.908203 0.843750 0.910156 0.841797 0.910156 0.839844 0.912109 0.837891 0.917969 0.837891 0.919922 0.839844 0.919922 0.841797 0.921875 0.843750
0 0.238281 0.849609 0.236328 0.851562 0.236328 0.853516 0.234375 0.855469 0.228516 0.855469 0.226562 0.853516 0.226562 0.851562 0.224609 0.849609 0.224609 0.847656 0.226562 0.845703 0.226562 0.843750 0.228516 0.841797 0.234375 0.841797 0.236328 0.843750 0.236328 0.845703 0.238281 0.847656
0 0.509766 0.851562 0.507812 0.851562 0.505859 0.853516 0.501953 0.853516 0.500000 0.851562 0.500000 0.845703 0.501953 0.843750 0.505859 0.843750 0.507812 0.845703 0.509766 0.845703
0 0.732422 0.851562 0.730469 0.851562 0.728516 0.853516 0.724609 0.853516 0.722656 0.851562 0.722656 0.845703 0.724609 0.843750 0.728516 0.843750 0.730469 0.845703 0.732422 0.845703
0 0.775391 0.853516 0.773438 0.853516 0.771484 0.855469 0.767578 0.855469 0.765625 0.853516 0.765625 0.847656 0.767578 0.845703 0.771484 0.845703 0.773438 0.847656 0.775391 0.847656
0 0.658203 0.855469 0.656250 0.855469 0.654297 0.857422 0.650391 0.857422 0.648438 0.855469 0.648438 0.849609 0.650391 0.847656 0.654297 0.847656 0.656250 0.849609 0.658203 0.849609
0 0.748047 0.851562 0.748047 0.855469 0.744141 0.855469 0.742188 0.853516 0.746094 0.849609
0 0.902344 0.855469 0.900391 0.855469 0.898438 0.857422 0.894531 0.857422 0.892578 0.855469 0.892578 0.849609 0.894531 0.847656 0.898438 0.847656 0.900391 0.849609 0.902344 0.849609
0 0.779297 0.855469 0.779297 0.859375 0.775391 0.859375 0.773438 0.857422 0.777344 0.853516
0 0.630859 0.857422 0.630859 0.861328 0.626953 0.861328 0.625000 0.859375 0.628906 0.855469
0 0.687500 0.861328 0.681641 0.867188 0.675781 0.867188 0.669922 0.861328 0.669922 0.855469 0.675781 0.849609 0.681641 0.849609 0.687500 0.855469
0 0.785156 0.857422 0.785156 0.861328 0.781250 0.861328 0.779297 0.859375 0.783203 0.855469
0 0.214844 0.861328 0.212891 0.863281 0.212891 0.865234 0.210938 0.867188 0.205078 0.867188 0.203125 0.865234 0.203125 0.863281 0.201172 0.861328 0.201172 0.859375 0.203125 0.857422 0.203125 0.855469 0.205078 0.853516 0.210938 0.853516 0.212891 0.855469 0.212891 0.857422 0.214844 0.859375
0 0.517578 0.859375 0.517578 0.863281 0.513672 0.863281 0.511719 0.861328 0.515625 0.857422
0 0.595703 0.863281 0.593750 0.863281 0.591797 0.865234 0.587891 0.865234 0.585938 0.863281 0.585938 0.857422 0.587891 0.855469 0.591797 0.855469 0.593750 0.857422 0.595703 0.857422
0 0.611328 0.863281 0.609375 0.863281 0.607422 0.865234 0.603516 0.865234 0.601562 0.863281 0.601562 0.857422 0.603516 0.855469 0.607422 0.855469 0.609375 0.857422 0.611328 0.857422
0 0.941406 0.863281 0.939453 0.863281 0.937500 0.865234 0.933594 0.865234 0.931641 0.863281 0.931641 0.857422 0.933594 0.855469 0.937500 0.855469 0.939453 0.857422 0.941406 0.857422
0 0.724609 0.873047 0.722656 0.873047 0.720703 0.875000 0.710938 0.875000 0.705078 0.869141 0.705078 0.859375 0.707031 0.857422 0.708984 0.857422 0.708984 0.855469 0.710938 0.853516 0.720703 0.853516 0.726562 0.859375 0.726562 0.869141 0.724609 0.871094
0 0.744141 0.867188 0.742188 0.867188 0.740234 0.869141 0.736328 0.869141 0.734375 0.867188 0.734375 0.861328 0.736328 0.859375 0.740234 0.859375 0.742188 0.861328 0.744141 0.861328
0 0.972656 0.869141 0.970703 0.869141 0.968750 0.871094 0.964844 0.871094 0.962891 0.869141 0.962891 0.863281 0.964844 0.861328 0.968750 0.861328 0.970703 0.863281 0.972656 0.863281
0 0.707031 0.871094 0.705078 0.871094 0.703125 0.873047 0.699219 0.873047 0.697266 0.871094 0.697266 0.865234 0.699219 0.863281 0.703125 0.863281 0.705078 0.865234 0.707031 0.865234
0 0.896484 0.869141 0.894531 0.871094 0.894531 0.873047 0.892578 0.875000 0.886719 0.875000 0.884766 0.873047 0.884766 0.871094 0.882812 0.869141 0.882812 0.867188 0.884766 0.865234 0.884766 0.863281 0.886719 0.861328 0.892578 0.861328 0.894531 0.863281 0.894531 0.865234 0.896484 0.867188
0 0.248047 0.869141 0.248047 0.873047 0.244141 0.873047 0.242188 0.871094 0.246094 0.867188
0 0.849609 0.875000 0.847656 0.875000 0.845703 0.876953 0.841797 0.876953 0.839844 0.875000 0.839844 0.869141 0.841797 0.867188 0.845703 0.867188 0.847656 0.869141 0.849609 0.869141
0 0.958984 0.871094 0.958984 0.875000 0.955078 0.875000 0.953125 0.873047 0.957031 0.869141
0 0.998047 0.880859 0.994141 0.880859 0.988281 0.875000 0.988281 0.869141 0.994141 0.863281 0.998047 0.863281
0 0.492188 0.873047 0.492188 0.876953 0.488281 0.876953 0.486328 0.875000 0.490234 0.871094
0 0.867188 0.882812 0.865234 0.882812 0.863281 0.884766 0.853516 0.884766 0.847656 0.878906 0.847656 0.869141 0.849609 0.867188 0.851562 0.867188 0.851562 0.865234 0.853516 0.863281 0.863281 0.863281 0.869141 0.869141 0.869141 0.878906 0.867188 0.880859
0 0.310547 0.875000 0.310547 0.878906 0.306641 0.878906 0.304688 0.876953 0.308594 0.873047
0 0.744141 0.875000 0.744141 0.878906 0.740234 0.878906 0.738281 0.876953 0.742188 0.873047
0 0.757812 0.875000 0.757812 0.878906 0.753906 0.878906 0.751953 0.876953 0.755859 0.873047
0 0.152344 0.886719 0.150391 0.886719 0.148438 0.888672 0.138672 0.888672 0.132812 0.882812 0.132812 0.873047 0.134766 0.871094 0.136719 0.871094 0.136719 0.869141 0.138672 0.867188 0.148438 0.867188 0.154297 0.873047 0.154297 0.882812 0.152344 0.884766
0 0.255859 0.876953 0.255859 0.880859 0.251953 0.880859 0.250000 0.878906 0.253906 0.875000
0 0.734375 0.880859 0.732422 0.880859 0.730469 0.882812 0.726562 0.882812 0.724609 0.880859 0.724609 0.875000 0.726562 0.873047 0.730469 0.873047 0.732422 0.875000 0.734375 0.875000
0 0.789062 0.878906 0.789062 0.882812 0.785156 0.882812 0.783203 0.880859 0.787109 0.876953
0 0.800781 0.878906 0.800781 0.882812 0.796875 0.882812 0.794922 0.880859 0.798828 0.876953
0 0.689453 0.890625 0.687500 0.890625 0.685547 0.892578 0.675781 0.892578 0.669922 0.886719 0.669922 0.876953 0.671875 0.875000 0.673828 0.875000 0.673828 0.873047 0.675781 0.871094 0.685547 0.871094 0.691406 0.876953 0.691406 0.886719 0.689453 0.888672
0 0.837891 0.884766 0.835938 0.884766 0.833984 0.886719 0.830078 0.886719 0.828125 0.884766 0.828125 0.878906 0.830078 0.876953 0.833984 0.876953 0.835938 0.878906 0.837891 0.878906
0 0.488281 0.882812 0.488281 0.886719 0.484375 0.886719 0.482422 0.884766 0.486328 0.880859
0 0.990234 0.884766 0.988281 0.886719 0.988281 0.888672 0.986328 0.890625 0.980469 0.890625 0.978516 0.888672 0.978516 0.886719 0.976562 0.884766 0.976562 0.882812 0.978516 0.880859 0.978516 0.878906 0.980469 0.876953 0.986328 0.876953 0.988281 0.878906 0.988281 0.880859 0.990234 0.882812
0 0.218750 0.888672 0.212891 0.894531 0.207031 0.894531 0.201172 0.888672 0.201172 0.882812 0.207031 0.876953 0.212891 0.876953 0.218750 0.882812
0 0.685547 0.888672 0.683594 0.890625 0.683594 0.892578 0.681641 0.894531 0.675781 0.894531 0.673828 0.892578 0.673828 0.890625 0.671875 0.888672 0.671875 0.886719 0.673828 0.884766 0.673828 0.882812 0.675781 0.880859 0.681641 0.880859 0.683594 0.882812 0.683594 0.884766 0.685547 0.886719
0 0.849609 0.886719 0.849609 0.890625 0.845703 0.890625 0.843750 0.888672 0.847656 0.884766
0 0.347656 0.894531 0.347656 0.898438 0.343750 0.898438 0.341797 0.896484 0.345703 0.892578
0 0.634766 0.900391 0.632812 0.900391 0.630859 0.902344 0.626953 0.902344 0.625000 0.900391 0.625000 0.894531 0.626953 0.892578 0.630859 0.892578 0.632812 0.894531 0.634766 0.894531
0 0.664062 0.900391 0.662109 0.900391 0.660156 0.902344 0.656250 0.902344 0.654297 0.900391 0.654297 0.894531 0.656250 0.892578 0.660156 0.892578 0.662109 0.894531 0.664062 0.894531
0 0.826172 0.898438 0.824219 0.900391 0.824219 0.902344 0.822266 0.904297 0.816406 0.904297 0.814453 0.902344 0.814453 0.900391 0.812500 0.898438 0.812500 0.896484 0.814453 0.894531 0.814453 0.892578 0.816406 0.890625 0.822266 0.890625 0.824219 0.892578 0.824219 0.894531 0.826172 0.896484
0 0.335938 0.898438 0.335938 0.902344 0.332031 0.902344 0.330078 0.900391 0.333984 0.896484
0 0.675781 0.902344 0.673828 0.902344 0.671875 0.904297 0.667969 0.904297 0.666016 0.902344 0.666016 0.896484 0.667969 0.894531 0.671875 0.894531 0.673828 0.896484 0.675781 0.896484
0 0.736328 0.904297 0.734375 0.904297 0.732422 0.906250 0.728516 0.906250 0.726562 0.904297 0.726562 0.898438 0.728516 0.896484 0.732422 0.896484 0.734375 0.898438 0.736328 0.898438
0 0.759766 0.910156 0.757812 0.910156 0.755859 0.912109 0.746094 0.912109 0.740234 0.906250 0.740234 0.896484 0.742188 0.894531 0.744141 0.894531 0.744141 0.892578 0.746094 0.890625 0.755859 0.890625 0.761719 0.896484 0.761719 0.906250 0.759766 0.908203
0 0.236328 0.902344 0.236328 0.906250 0.232422 0.906250 0.230469 0.904297 0.234375 0.900391
0 0.349609 0.904297 0.349609 0.908203 0.345703 0.908203 0.343750 0.906250 0.347656 0.902344
0 0.656250 0.906250 0.654297 0.908203 0.654297 0.910156 0.652344 0.912109 0.646484 0.912109 0.644531 0.910156 0.644531 0.908203 0.642578 0.906250 0.642578 0.904297 0.644531 0.902344 0.644531 0.900391 0.646484 0.898438 0.652344 0.898438 0.654297 0.900391 0.654297 0.902344 0.656250 0.904297
0 0.718750 0.910156 0.716797 0.910156 0.714844 0.912109 0.710938 0.912109 0.708984 0.910156 0.708984 0.904297 0.710938 0.902344 0.714844 0.902344 0.716797 0.904297 0.718750 0.904297
0 0.765625 0.910156 0.763672 0.910156 0.761719 0.912109 0.757812 0.912109 0.755859 0.910156 0.755859 0.904297 0.757812 0.902344 0.761719 0.902344 0.763672 0.904297 0.765625 0.904297
0 0.341797 0.908203 0.341797 0.912109 0.337891 0.912109 0.335938 0.910156 0.339844 0.906250
0 0.750000 0.912109 0.748047 0.912109 0.746094 0.914062 0.742188 0.914062 0.740234 0.912109 0.740234 0.906250 0.742188 0.904297 0.746094 0.904297 0.748047 0.906250 0.750000 0.906250
0 0.796875 0.917969 0.794922 0.917969 0.792969 0.919922 0.783203 0.919922 0.777344 0.914062 0.777344 0.904297 0.779297 0.902344 0.781250 0.902344 0.781250 0.900391 0.783203 0.898438 0.792969 0.898438 0.798828 0.904297 0.798828 0.914062 0.796875 0.916016
0 0.218750 0.914062 0.216797 0.916016 0.216797 0.917969 0.214844 0.919922 0.208984 0.919922 0.207031 0.917969 0.207031 0.916016 0.205078 0.914062 0.205078 0.912109 0.207031 0.910156 0.207031 0.908203 0.208984 0.906250 0.214844 0.906250 0.216797 0.908203 0.216797 0.910156 0.218750 0.912109
0 0.835938 0.914062 0.833984 0.916016 0.833984 0.917969 0.832031 0.919922 0.826172 0.919922 0.824219 0.917969 0.824219 0.916016 0.822266 0.914062 0.822266 0.912109 0.824219 0.910156 0.824219 0.908203 0.826172 0.906250 0.832031 0.906250 0.833984 0.908203 0.833984 0.910156 0.835938 0.912109
0 0.160156 0.923828 0.158203 0.923828 0.156250 0.925781 0.146484 0.925781 0.140625 0.919922 0.140625 0.910156 0.142578 0.908203 0.144531 0.908203 0.144531 0.906250 0.146484 0.904297 0.156250 0.904297 0.162109 0.910156 0.162109 0.919922 0.160156 0.921875
0 0.636719 0.917969 0.634766 0.917969 0.632812 0.919922 0.628906 0.919922 0.626953 0.917969 0.626953 0.912109 0.628906 0.910156 0.632812 0.910156 0.634766 0.912109 0.636719 0.912109
0 0.687500 0.917969 0.681641 0.923828 0.675781 0.923828 0.669922 0.917969 0.669922 0.912109 0.675781 0.906250 0.681641 0.906250 0.687500 0.912109
0 0.658203 0.925781 0.656250 0.925781 0.654297 0.927734 0.644531 0.927734 0.638672 0.921875 0.638672 0.912109 0.640625 0.910156 0.642578 0.910156 0.642578 0.908203 0.644531 0.906250 0.654297 0.906250 0.660156 0.912109 0.660156 0.921875 0.658203 0.923828
0 0.664062 0.919922 0.662109 0.919922 0.660156 0.921875 0.656250 0.921875 0.654297 0.919922 0.654297 0.914062 0.656250 0.912109 0.660156 0.912109 0.662109 0.914062 0.664062 0.914062
0 0.998047 0.929688 0.994141 0.929688 0.988281 0.923828 0.988281 0.917969 0.994141 0.912109 0.998047 0.912109
0 0.310547 0.921875 0.310547 0.925781 0.306641 0.925781 0.304688 0.923828 0.308594 0.919922
0 0.724609 0.925781 0.722656 0.925781 0.720703 0.927734 0.716797 0.927734 0.714844 0.925781 0.714844 0.919922 0.716797 0.917969 0.720703 0.917969 0.722656 0.919922 0.724609 0.919922
0 0.320312 0.923828 0.320312 0.927734 0.316406 0.927734 0.314453 0.925781 0.318359 0.921875
0 0.736328 0.927734 0.734375 0.927734 0.732422 0.929688 0.728516 0.929688 0.726562 0.927734 0.726562 0.921875 0.728516 0.919922 0.732422 0.919922 0.734375 0.921875 0.736328 0.921875
0 0.933594 0.925781 0.931641 0.927734 0.931641 0.929688 0.929688 0.931641 0.923828 0.931641 0.921875 0.929688 0.921875 0.927734 0.919922 0.925781 0.919922 0.923828 0.921875 0.921875 0.921875 0.919922 0.923828 0.917969 0.929688 0.917969 0.931641 0.919922 0.931641 0.921875 0.933594 0.923828
0 0.978516 0.925781 0.976562 0.927734 0.976562 0.929688 0.974609 0.931641 0.968750 0.931641 0.966797 0.929688 0.966797 0.927734 0.964844 0.925781 0.964844 0.923828 0.966797 0.921875 0.966797 0.919922 0.968750 0.917969 0.974609 0.917969 0.976562 0.919922 0.976562 0.921875 0.978516 0.923828
0 0.734375 0.931641 0.728516 0.937500 0.722656 0.937500 0.716797 0.931641 0.716797 0.925781 0.722656 0.919922 0.728516 0.919922 0.734375 0.925781
0 0.777344 0.929688 0.775391 0.931641 0.775391 0.933594 0.773438 0.935547 0.767578 0.935547 0.765625 0.933594 0.765625 0.931641 0.763672 0.929688 0.763672 0.927734 0.765625 0.925781 0.765625 0.923828 0.767578 0.921875 0.773438 0.921875 0.775391 0.923828 0.775391 0.925781 0.777344 0.927734
0 0.662109 0.933594 0.660156 0.933594 0.658203 0.935547 0.654297 0.935547 0.652344 0.933594 0.652344 0.927734 0.654297 0.925781 0.658203 0.925781 0.660156 0.927734 0.662109 0.927734
0 0.679688 0.933594 0.677734 0.933594 0.675781 0.935547 0.671875 0.935547 0.669922 0.933594 0.669922 0.927734 0.671875 0.925781 0.675781 0.925781 0.677734 0.927734 0.679688 0.927734
0 0.791016 0.939453 0.789062 0.939453 0.787109 0.941406 0.777344 0.941406 0.771484 0.935547 0.771484 0.925781 0.773438 0.923828 0.775391 0.923828 0.775391 0.921875 0.777344 0.919922 0.787109 0.919922 0.792969 0.925781 0.792969 0.935547 0.791016 0.937500
0 0.751953 0.935547 0.750000 0.935547 0.748047 0.937500 0.744141 0.937500 0.742188 0.935547 0.742188 0.929688 0.744141 0.927734 0.748047 0.927734 0.750000 0.929688 0.751953 0.929688
0 0.832031 0.933594 0.830078 0.935547 0.830078 0.937500 0.828125 0.939453 0.822266 0.939453 0.820312 0.937500 0.820312 0.935547 0.818359 0.933594 0.818359 0.931641 0.820312 0.929688 0.820312 0.927734 0.822266 0.925781 0.828125 0.925781 0.830078 0.927734 0.830078 0.929688 0.832031 0.931641
0 0.873047 0.933594 0.873047 0.937500 0.869141 0.937500 0.867188 0.935547 0.871094 0.931641
0 0.628906 0.935547 0.628906 0.939453 0.625000 0.939453 0.623047 0.937500 0.626953 0.933594
0 0.695312 0.943359 0.693359 0.943359 0.691406 0.945312 0.687500 0.945312 0.685547 0.943359 0.685547 0.937500 0.687500 0.935547 0.691406 0.935547 0.693359 0.937500 0.695312 0.937500
0 0.623047 0.943359 0.623047 0.947266 0.619141 0.947266 0.617188 0.945312 0.621094 0.941406
0 0.640625 0.947266 0.638672 0.947266 0.636719 0.949219 0.632812 0.949219 0.630859 0.947266 0.630859 0.941406 0.632812 0.939453 0.636719 0.939453 0.638672 0.941406 0.640625 0.941406
0 0.900391 0.947266 0.894531 0.953125 0.888672 0.953125 0.882812 0.947266 0.882812 0.941406 0.888672 0.935547 0.894531 0.935547 0.900391 0.941406
0 0.978516 0.945312 0.976562 0.947266 0.976562 0.949219 0.974609 0.951172 0.968750 0.951172 0.966797 0.949219 0.966797 0.947266 0.964844 0.945312 0.964844 0.943359 0.966797 0.941406 0.966797 0.939453 0.968750 0.937500 0.974609 0.937500 0.976562 0.939453 0.976562 0.941406 0.978516 0.943359
0 0.181641 0.949219 0.179688 0.949219 0.177734 0.951172 0.173828 0.951172 0.171875 0.949219 0.171875 0.943359 0.173828 0.941406 0.177734 0.941406 0.179688 0.943359 0.181641 0.943359
0 0.873047 0.945312 0.873047 0.949219 0.869141 0.949219 0.867188 0.947266 0.871094 0.943359
0 0.787109 0.949219 0.785156 0.951172 0.785156 0.953125 0.783203 0.955078 0.777344 0.955078 0.775391 0.953125 0.775391 0.951172 0.773438 0.949219 0.773438 0.947266 0.775391 0.945312 0.775391 0.943359 0.777344 0.941406 0.783203 0.941406 0.785156 0.943359 0.785156 0.945312 0.787109 0.947266
0 0.998047 0.957031 0.994141 0.957031 0.992188 0.955078 0.992188 0.953125 0.990234 0.951172 0.990234 0.949219 0.992188 0.947266 0.992188 0.945312 0.994141 0.943359 0.998047 0.943359
0 0.634766 0.955078 0.632812 0.955078 0.630859 0.957031 0.626953 0.957031 0.625000 0.955078 0.625000 0.949219 0.626953 0.947266 0.630859 0.947266 0.632812 0.949219 0.634766 0.949219
0 0.826172 0.955078 0.820312 0.960938 0.814453 0.960938 0.808594 0.955078 0.808594 0.949219 0.814453 0.943359 0.820312 0.943359 0.826172 0.949219
0 0.931641 0.955078 0.925781 0.960938 0.919922 0.960938 0.914062 0.955078 0.914062 0.949219 0.919922 0.943359 0.925781 0.943359 0.931641 0.949219
0 0.849609 0.955078 0.849609 0.958984 0.845703 0.958984 0.843750 0.957031 0.847656 0.953125
0 0.673828 0.960938 0.671875 0.962891 0.671875 0.964844 0.669922 0.966797 0.664062 0.966797 0.662109 0.964844 0.662109 0.962891 0.660156 0.960938 0.660156 0.958984 0.662109 0.957031 0.662109 0.955078 0.664062 0.953125 0.669922 0.953125 0.671875 0.955078 0.671875 0.957031 0.673828 0.958984
0 0.859375 0.958984 0.859375 0.962891 0.855469 0.962891 0.853516 0.960938 0.857422 0.957031
0 0.894531 0.964844 0.892578 0.964844 0.890625 0.966797 0.886719 0.966797 0.884766 0.964844 0.884766 0.958984 0.886719 0.957031 0.890625 0.957031 0.892578 0.958984 0.894531 0.958984
0 0.927734 0.968750 0.925781 0.968750 0.923828 0.970703 0.919922 0.970703 0.917969 0.968750 0.917969 0.962891 0.919922 0.960938 0.923828 0.960938 0.925781 0.962891 0.927734 0.962891
0 0.734375 0.970703 0.732422 0.970703 0.730469 0.972656 0.726562 0.972656 0.724609 0.970703 0.724609 0.964844 0.726562 0.962891 0.730469 0.962891 0.732422 0.964844 0.734375 0.964844
0 0.572266 0.970703 0.572266 0.974609 0.568359 0.974609 0.566406 0.972656 0.570312 0.968750
0 0.806641 0.980469 0.804688 0.980469 0.802734 0.982422 0.792969 0.982422 0.787109 0.976562 0.787109 0.966797 0.789062 0.964844 0.791016 0.964844 0.791016 0.962891 0.792969 0.960938 0.802734 0.960938 0.808594 0.966797 0.808594 0.976562 0.806641 0.978516
0 0.621094 0.976562 0.619141 0.976562 0.617188 0.978516 0.613281 0.978516 0.611328 0.976562 0.611328 0.970703 0.613281 0.968750 0.617188 0.968750 0.619141 0.970703 0.621094 0.970703
0 0.642578 0.982422 0.640625 0.982422 0.638672 0.984375 0.628906 0.984375 0.623047 0.978516 0.623047 0.968750 0.625000 0.966797 0.626953 0.966797 0.626953 0.964844 0.628906 0.962891 0.638672 0.962891 0.644531 0.968750 0.644531 0.978516 0.642578 0.980469
0 0.685547 0.974609 0.683594 0.976562 0.683594 0.978516 0.681641 0.980469 0.675781 0.980469 0.673828 0.978516 0.673828 0.976562 0.671875 0.974609 0.671875 0.972656 0.673828 0.970703 0.673828 0.968750 0.675781 0.966797 0.681641 0.966797 0.683594 0.968750 0.683594 0.970703 0.685547 0.972656
0 0.898438 0.976562 0.896484 0.976562 0.894531 0.978516 0.890625 0.978516 0.888672 0.976562 0.888672 0.970703 0.890625 0.968750 0.894531 0.968750 0.896484 0.970703 0.898438 0.970703
0 0.750000 0.978516 0.748047 0.978516 0.746094 0.980469 0.742188 0.980469 0.740234 0.978516 0.740234 0.972656 0.742188 0.970703 0.746094 0.970703 0.748047 0.972656 0.750000 0.972656
0 0.822266 0.978516 0.820312 0.978516 0.818359 0.980469 0.814453 0.980469 0.812500 0.978516 0.812500 0.972656 0.814453 0.970703 0.818359 0.970703 0.820312 0.972656 0.822266 0.972656
0 0.935547 0.978516 0.933594 0.978516 0.931641 0.980469 0.927734 0.980469 0.925781 0.978516 0.925781 0.972656 0.927734 0.970703 0.931641 0.970703 0.933594 0.972656 0.935547 0.972656
0 0.599609 0.978516 0.597656 0.980469 0.597656 0.982422 0.595703 0.984375 0.589844 0.984375 0.587891 0.982422 0.587891 0.980469 0.585938 0.978516 0.585938 0.976562 0.587891 0.974609 0.587891 0.972656 0.589844 0.970703 0.595703 0.970703 0.597656 0.972656 0.597656 0.974609 0.599609 0.976562
0 0.869141 0.980469 0.867188 0.980469 0.865234 0.982422 0.861328 0.982422 0.859375 0.980469 0.859375 0.974609 0.861328 0.972656 0.865234 0.972656 0.867188 0.974609 0.869141 0.974609
0 0.792969 0.978516 0.792969 0.982422 0.789062 0.982422 0.787109 0.980469 0.791016 0.976562
0 0.730469 0.982422 0.728516 0.984375 0.728516 0.986328 0.726562 0.988281 0.720703 0.988281 0.718750 0.986328 0.718750 0.984375 0.716797 0.982422 0.716797 0.980469 0.718750 0.978516 0.718750 0.976562 0.720703 0.974609 0.726562 0.974609 0.728516 0.976562 0.728516 0.978516 0.730469 0.980469
0 0.734375 0.986328 0.732422 0.986328 0.730469 0.988281 0.726562 0.988281 0.724609 0.986328 0.724609 0.980469 0.726562 0.978516 0.730469 0.978516 0.732422 0.980469 0.734375 0.980469
0 0.798828 0.982422 0.798828 0.986328 0.794922 0.986328 0.792969 0.984375 0.796875 0.980469
0 0.914062 0.984375 0.912109 0.986328 0.912109 0.988281 0.910156 0.990234 0.904297 0.990234 0.902344 0.988281 0.902344 0.986328 0.900391 0.984375 0.900391 0.982422 0.902344 0.980469 0.902344 0.978516 0.904297 0.976562 0.910156 0.976562 0.912109 0.978516 0.912109 0.980469 0.914062 0.982422
0 0.708984 0.990234 0.707031 0.990234 0.705078 0.992188 0.701172 0.992188 0.699219 0.990234 0.699219 0.984375 0.701172 0.982422 0.705078 0.982422 0.707031 0.984375 0.708984 0.984375
0 0.617188 0.998047 0.603516 0.998047 0.603516 0.996094 0.605469 0.994141 0.605469 0.992188 0.607422 0.990234 0.613281 0.990234 0.615234 0.992188 0.615234 0.994141 0.617188 0.996094
0 0.652344 0.998047 0.634766 0.998047 0.634766 0.994141 0.640625 0.988281 0.646484 0.988281 0.652344 0.994141
0 0.679688 0.998047 0.662109 0.998047 0.662109 0.994141 0.667969 0.988281 0.673828 0.988281 0.679688 0.994141
0 0.722656 0.998047 0.701172 0.998047 0.701172 0.992188 0.703125 0.990234 0.705078 0.990234 0.705078 0.988281 0.707031 0.986328 0.716797 0.986328 0.722656 0.992188
0 0.792969 0.996094 0.792969 0.998047 0.787109 0.998047 0.791016 0.994141
