0 0.226562 0.000000 0.228516 0.001953 0.230469 0.000000
1 0.300781 0.000000 0.302734 0.001953 0.304688 0.001953 0.306641 0.000000
0 0.046875 0.011719 0.042969 0.011719 0.041016 0.013672 0.041016 0.017578 0.042969 0.019531 0.044922 0.019531 0.048828 0.015625 0.048828 0.013672
0 0.183594 0.011719 0.181641 0.013672 0.179688 0.013672 0.179688 0.017578 0.181641 0.019531 0.183594 0.019531 0.185547 0.017578 0.185547 0.013672
0 0.960938 0.033203 0.960938 0.039062 0.964844 0.039062 0.966797 0.037109 0.966797 0.035156 0.964844 0.033203
0 0.658203 0.132812 0.656250 0.134766 0.656250 0.136719 0.658203 0.138672 0.660156 0.138672 0.662109 0.136719 0.662109 0.134766 0.660156 0.132812
0 0.587891 0.140625 0.585938 0.142578 0.587891 0.144531 0.589844 0.144531 0.589844 0.140625
0 0.531250 0.164062 0.527344 0.167969 0.527344 0.175781 0.529297 0.177734 0.537109 0.177734 0.541016 0.173828 0.541016 0.166016 0.539062 0.164062
0 0.576172 0.167969 0.574219 0.169922 0.574219 0.175781 0.576172 0.177734 0.582031 0.177734 0.583984 0.175781 0.583984 0.169922 0.582031 0.167969
0 0.990234 0.205078 0.988281 0.207031 0.988281 0.210938 0.990234 0.210938 0.992188 0.212891 0.994141 0.212891 0.996094 0.210938 0.996094 0.208984 0.994141 0.207031 0.994141 0.205078
1 0.544922 0.212891 0.539062 0.207031 0.537109 0.207031 0.529297 0.214844 0.521484 0.208984 0.515625 0.208984 0.513672 0.210938 0.509766 0.210938 0.505859 0.214844 0.505859 0.220703 0.507812 0.224609 0.515625 0.230469 0.523438 0.230469 0.531250 0.222656 0.539062 0.228516 0.544922 0.224609
0 0.515625 0.261719 0.513672 0.259766 0.511719 0.261719 0.511719 0.263672 0.515625 0.263672
0 0.523438 0.273438 0.521484 0.275391 0.523438 0.277344 0.523438 0.279297 0.525391 0.281250 0.527344 0.281250 0.529297 0.279297 0.529297 0.275391 0.527344 0.273438
0 0.406250 0.287109 0.402344 0.291016 0.402344 0.304688 0.406250 0.308594 0.406250 0.310547 0.408203 0.308594 0.410156 0.310547 0.414062 0.310547 0.419922 0.306641 0.419922 0.298828 0.421875 0.296875 0.419922 0.294922 0.419922 0.292969 0.416016 0.289062 0.414062 0.289062 0.412109 0.287109
0 0.781250 0.302734 0.781250 0.304688 0.783203 0.306641 0.785156 0.306641 0.785156 0.302734
0 0.507812 0.312500 0.505859 0.314453 0.505859 0.320312 0.507812 0.320312 0.509766 0.322266 0.513672 0.322266 0.515625 0.320312 0.515625 0.314453 0.513672 0.314453 0.511719 0.312500
0 0.572266 0.314453 0.570312 0.316406 0.572266 0.318359 0.574219 0.316406
0 0.462891 0.320312 0.457031 0.320312 0.453125 0.324219 0.453125 0.332031 0.455078 0.333984 0.457031 0.333984 0.458984 0.335938 0.460938 0.333984 0.462891 0.333984 0.464844 0.332031 0.466797 0.332031 0.468750 0.330078 0.466797 0.328125 0.466797 0.324219
0 0.734375 0.324219 0.736328 0.326172 0.736328 0.324219
1 0.535156 0.328125 0.533203 0.330078 0.533203 0.333984 0.531250 0.335938 0.531250 0.337891 0.529297 0.339844 0.529297 0.345703 0.531250 0.347656 0.535156 0.347656 0.537109 0.345703 0.537109 0.343750 0.539062 0.341797 0.535156 0.337891 0.535156 0.333984 0.537109 0.332031 0.537109 0.330078
0 0.027344 0.333984 0.025391 0.335938 0.025391 0.337891 0.027344 0.339844 0.031250 0.339844 0.031250 0.335938 0.029297 0.333984
0 0.753906 0.335938 0.751953 0.333984 0.750000 0.333984 0.750000 0.335938 0.748047 0.337891 0.751953 0.337891
0 0.496094 0.339844 0.496094 0.349609 0.503906 0.357422 0.513672 0.357422 0.519531 0.351562 0.519531 0.341797 0.513672 0.335938 0.501953 0.335938 0.498047 0.339844
0 0.000000 0.339844 0.000000 0.341797 0.001953 0.343750 0.005859 0.343750 0.005859 0.341797 0.003906 0.341797 0.001953 0.339844
0 0.722656 0.347656 0.720703 0.347656 0.718750 0.345703 0.716797 0.345703 0.714844 0.347656 0.714844 0.351562 0.716797 0.353516 0.718750 0.351562 0.720703 0.351562 0.722656 0.349609
0 0.533203 0.359375 0.531250 0.361328 0.531250 0.363281 0.533203 0.365234 0.535156 0.365234 0.537109 0.363281 0.537109 0.361328 0.535156 0.359375
0 0.626953 0.365234 0.623047 0.369141 0.623047 0.371094 0.621094 0.373047 0.621094 0.375000 0.623047 0.376953 0.623047 0.378906 0.626953 0.382812 0.634766 0.382812 0.638672 0.378906 0.638672 0.371094 0.632812 0.365234
1 0.421875 0.367188 0.421875 0.369141 0.417969 0.373047 0.417969 0.376953 0.416016 0.378906 0.416016 0.380859 0.417969 0.382812 0.417969 0.386719 0.425781 0.394531 0.425781 0.396484 0.429688 0.400391 0.431641 0.400391 0.433594 0.398438 0.433594 0.390625 0.431641 0.388672 0.433594 0.386719 0.433594 0.376953 0.429688 0.371094 0.427734 0.371094
0 0.693359 0.369141 0.693359 0.373047 0.695312 0.373047 0.697266 0.375000 0.699219 0.373047 0.699219 0.371094 0.697266 0.369141
0 0.478516 0.373047 0.474609 0.373047 0.474609 0.376953 0.476562 0.376953 0.478516 0.375000
0 0.570312 0.373047 0.570312 0.376953 0.572266 0.376953 0.574219 0.378906 0.576172 0.376953 0.576172 0.373047
0 0.826172 0.376953 0.826172 0.378906 0.824219 0.380859 0.824219 0.384766 0.828125 0.388672 0.833984 0.388672 0.835938 0.386719 0.835938 0.378906 0.833984 0.376953
0 0.404297 0.378906 0.402344 0.380859 0.402344 0.382812 0.406250 0.386719 0.408203 0.386719 0.410156 0.384766 0.410156 0.380859 0.408203 0.378906
0 0.753906 0.380859 0.753906 0.382812 0.755859 0.384766 0.757812 0.384766 0.759766 0.382812 0.761719 0.382812 0.761719 0.378906 0.755859 0.378906
0 0.351562 0.382812 0.349609 0.384766 0.349609 0.386719 0.351562 0.388672 0.353516 0.388672 0.355469 0.386719 0.355469 0.384766 0.353516 0.382812
0 0.486328 0.384766 0.484375 0.384766 0.480469 0.388672 0.480469 0.392578 0.482422 0.394531 0.486328 0.394531 0.490234 0.390625 0.490234 0.388672
0 0.621094 0.388672 0.623047 0.390625 0.625000 0.390625 0.625000 0.388672
0 0.291016 0.390625 0.289062 0.392578 0.289062 0.394531 0.291016 0.396484 0.292969 0.396484 0.294922 0.394531 0.294922 0.392578 0.292969 0.390625
0 0.648438 0.396484 0.644531 0.392578 0.642578 0.392578 0.640625 0.394531 0.638672 0.394531 0.638672 0.396484 0.636719 0.398438 0.636719 0.400391 0.638672 0.402344 0.646484 0.402344 0.646484 0.400391 0.648438 0.398438
0 0.666016 0.392578 0.664062 0.394531 0.662109 0.394531 0.660156 0.396484 0.660156 0.402344 0.664062 0.406250 0.669922 0.406250 0.671875 0.404297 0.671875 0.396484 0.669922 0.394531 0.667969 0.394531
0 0.628906 0.396484 0.623047 0.398438 0.621094 0.402344 0.623047 0.406250 0.621094 0.408203 0.609375 0.402344 0.603516 0.406250 0.601562 0.414062 0.611328 0.425781 0.621094 0.427734 0.626953 0.421875 0.626953 0.414062 0.621094 0.408203 0.623047 0.406250 0.628906 0.406250 0.628906 0.402344 0.630859 0.400391
0 0.490234 0.400391 0.492188 0.402344 0.494141 0.402344 0.494141 0.400391
0 0.572266 0.398438 0.570312 0.400391 0.570312 0.402344 0.572266 0.404297 0.576172 0.404297 0.576172 0.398438
0 0.166016 0.404297 0.166016 0.408203 0.167969 0.408203 0.169922 0.406250 0.167969 0.404297
0 0.435547 0.408203 0.433594 0.410156 0.433594 0.412109 0.435547 0.414062 0.437500 0.412109 0.437500 0.410156
0 0.251953 0.412109 0.246094 0.412109 0.242188 0.416016 0.244141 0.417969 0.242188 0.419922 0.244141 0.417969 0.248047 0.421875 0.251953 0.417969
0 0.449219 0.412109 0.447266 0.414062 0.447266 0.416016 0.449219 0.417969 0.451172 0.416016 0.451172 0.414062
0 0.736328 0.410156 0.734375 0.412109 0.734375 0.416016 0.736328 0.416016 0.738281 0.414062 0.738281 0.412109
0 0.570312 0.414062 0.566406 0.414062 0.564453 0.416016 0.564453 0.419922 0.566406 0.421875 0.566406 0.423828 0.568359 0.425781 0.572266 0.421875 0.572266 0.416016
0 0.888672 0.417969 0.886719 0.419922 0.886719 0.421875 0.888672 0.423828 0.890625 0.423828 0.892578 0.421875 0.892578 0.419922 0.890625 0.417969
0 0.732422 0.421875 0.730469 0.423828 0.730469 0.425781 0.734375 0.429688 0.736328 0.429688 0.738281 0.427734 0.738281 0.421875
0 0.693359 0.437500 0.693359 0.439453 0.695312 0.441406 0.697266 0.441406 0.699219 0.439453 0.699219 0.437500
0 0.595703 0.443359 0.595703 0.445312 0.593750 0.447266 0.593750 0.451172 0.591797 0.453125 0.595703 0.457031 0.597656 0.457031 0.601562 0.460938 0.607422 0.455078 0.607422 0.447266 0.605469 0.445312 0.605469 0.443359
0 0.455078 0.449219 0.453125 0.451172 0.453125 0.453125 0.455078 0.455078 0.457031 0.453125 0.457031 0.451172
0 0.777344 0.449219 0.775391 0.451172 0.775391 0.453125 0.777344 0.455078 0.779297 0.453125 0.779297 0.451172
0 0.632812 0.460938 0.632812 0.464844 0.636719 0.468750 0.636719 0.470703 0.642578 0.470703 0.644531 0.472656 0.648438 0.472656 0.650391 0.474609 0.656250 0.470703 0.654297 0.468750 0.654297 0.466797 0.652344 0.464844 0.650391 0.464844 0.642578 0.457031 0.636719 0.457031
0 0.203125 0.460938 0.201172 0.462891 0.201172 0.468750 0.205078 0.472656 0.210938 0.472656 0.214844 0.468750 0.214844 0.464844 0.212891 0.462891 0.212891 0.460938
0 0.447266 0.462891 0.447266 0.466797 0.451172 0.466797 0.453125 0.464844 0.451172 0.462891
0 0.458984 0.460938 0.458984 0.462891 0.462891 0.462891 0.462891 0.460938
0 0.382812 0.466797 0.376953 0.472656 0.376953 0.474609 0.378906 0.476562 0.378906 0.482422 0.380859 0.482422 0.382812 0.484375 0.386719 0.484375 0.388672 0.482422 0.388672 0.480469 0.390625 0.478516 0.388672 0.476562 0.388672 0.474609 0.390625 0.472656 0.388672 0.470703 0.388672 0.468750 0.386719 0.468750 0.384766 0.466797
0 0.591797 0.468750 0.589844 0.470703 0.589844 0.474609 0.593750 0.478516 0.599609 0.478516 0.601562 0.476562 0.601562 0.470703 0.599609 0.470703 0.595703 0.466797 0.593750 0.468750
0 0.666016 0.466797 0.662109 0.470703 0.664062 0.470703 0.666016 0.472656 0.667969 0.472656 0.667969 0.470703 0.666016 0.468750 0.667969 0.466797
0 0.773438 0.472656 0.771484 0.474609 0.771484 0.476562 0.773438 0.478516 0.775391 0.478516 0.777344 0.476562 0.777344 0.474609 0.775391 0.472656
0 0.794922 0.474609 0.794922 0.478516 0.796875 0.478516 0.798828 0.476562 0.796875 0.474609
0 0.333984 0.478516 0.330078 0.482422 0.333984 0.486328 0.335938 0.486328 0.337891 0.484375 0.337891 0.480469 0.335938 0.478516
0 0.726562 0.478516 0.726562 0.484375 0.728516 0.486328 0.730469 0.486328 0.732422 0.484375 0.732422 0.480469 0.730469 0.478516
0 0.457031 0.484375 0.453125 0.484375 0.449219 0.488281 0.449219 0.494141 0.451172 0.494141 0.453125 0.496094 0.455078 0.496094 0.457031 0.494141 0.458984 0.494141 0.460938 0.492188 0.460938 0.488281
0 0.564453 0.486328 0.564453 0.490234 0.566406 0.490234 0.568359 0.488281 0.566406 0.486328
0 0.630859 0.492188 0.630859 0.494141 0.634766 0.498047 0.634766 0.500000 0.636719 0.501953 0.646484 0.501953 0.650391 0.498047 0.650391 0.490234 0.646484 0.486328 0.638672 0.486328 0.634766 0.490234 0.632812 0.490234
0 0.710938 0.490234 0.710938 0.494141 0.712891 0.494141 0.714844 0.492188 0.712891 0.490234
0 0.255859 0.492188 0.255859 0.496094 0.257812 0.498047 0.259766 0.498047 0.259766 0.492188
0 0.265625 0.503906 0.261719 0.507812 0.261719 0.513672 0.265625 0.517578 0.275391 0.517578 0.279297 0.513672 0.279297 0.507812 0.275391 0.503906 0.273438 0.503906 0.271484 0.501953 0.269531 0.501953 0.267578 0.503906
0 0.570312 0.503906 0.568359 0.505859 0.568359 0.509766 0.570312 0.511719 0.572266 0.511719 0.574219 0.509766 0.574219 0.505859 0.572266 0.503906
0 0.341797 0.507812 0.339844 0.509766 0.339844 0.511719 0.341797 0.513672 0.343750 0.513672 0.343750 0.507812
0 0.677734 0.509766 0.675781 0.511719 0.675781 0.513672 0.679688 0.517578 0.681641 0.517578 0.683594 0.515625 0.683594 0.511719 0.681641 0.509766
1 0.775391 0.507812 0.773438 0.507812 0.771484 0.509766 0.771484 0.513672 0.769531 0.515625 0.763672 0.515625 0.761719 0.517578 0.761719 0.521484 0.763672 0.523438 0.767578 0.523438 0.769531 0.521484 0.769531 0.515625 0.771484 0.513672 0.773438 0.513672 0.775391 0.511719
0 0.617188 0.513672 0.615234 0.515625 0.615234 0.517578 0.617188 0.519531 0.621094 0.519531 0.623047 0.517578 0.623047 0.515625 0.621094 0.515625 0.619141 0.513672
1 0.421875 0.517578 0.417969 0.521484 0.419922 0.529297 0.417969 0.541016 0.419922 0.544922 0.429688 0.550781 0.429688 0.556641 0.437500 0.564453 0.453125 0.562500 0.458984 0.552734 0.455078 0.542969 0.447266 0.537109 0.439453 0.539062 0.437500 0.535156 0.441406 0.531250 0.441406 0.525391 0.433594 0.519531 0.427734 0.521484
1 0.632812 0.525391 0.632812 0.527344 0.634766 0.527344 0.636719 0.529297 0.642578 0.529297 0.644531 0.527344 0.648438 0.531250 0.648438 0.533203 0.650391 0.535156 0.650391 0.537109 0.652344 0.537109 0.654297 0.539062 0.656250 0.537109 0.656250 0.529297 0.654297 0.529297 0.652344 0.527344 0.652344 0.525391 0.648438 0.529297 0.646484 0.529297 0.644531 0.527344 0.644531 0.523438 0.642578 0.521484 0.636719 0.521484
0 0.710938 0.525391 0.708984 0.527344 0.710938 0.529297 0.712891 0.529297 0.712891 0.525391
0 0.798828 0.523438 0.796875 0.525391 0.798828 0.527344 0.800781 0.527344 0.800781 0.523438
0 0.884766 0.523438 0.882812 0.525391 0.882812 0.527344 0.884766 0.529297 0.886719 0.529297 0.888672 0.527344 0.888672 0.525391 0.886719 0.523438
0 0.546875 0.533203 0.546875 0.537109 0.550781 0.541016 0.560547 0.541016 0.564453 0.537109 0.558594 0.531250 0.550781 0.531250 0.548828 0.533203
0 0.792969 0.533203 0.789062 0.533203 0.787109 0.535156 0.787109 0.537109 0.791016 0.541016 0.794922 0.537109 0.794922 0.535156
0 0.828125 0.537109 0.828125 0.539062 0.833984 0.544922 0.837891 0.544922 0.839844 0.542969 0.841797 0.542969 0.843750 0.544922 0.843750 0.542969 0.845703 0.541016 0.843750 0.541016 0.839844 0.537109 0.839844 0.533203 0.837891 0.533203 0.835938 0.531250 0.833984 0.531250
1 0.599609 0.537109 0.599609 0.544922 0.601562 0.544922 0.605469 0.548828 0.615234 0.542969 0.619141 0.544922 0.623047 0.548828 0.623047 0.550781 0.626953 0.552734 0.626953 0.554688 0.634766 0.550781 0.634766 0.544922 0.630859 0.541016 0.628906 0.541016 0.625000 0.544922 0.619141 0.537109 0.615234 0.539062 0.609375 0.539062 0.605469 0.535156 0.601562 0.535156
0 0.667969 0.535156 0.666016 0.537109 0.666016 0.542969 0.667969 0.544922 0.671875 0.544922 0.673828 0.542969 0.673828 0.539062 0.669922 0.535156
0 0.734375 0.537109 0.734375 0.539062 0.736328 0.541016 0.738281 0.539062 0.736328 0.537109
0 0.755859 0.535156 0.753906 0.537109 0.753906 0.541016 0.755859 0.542969 0.759766 0.542969 0.761719 0.541016 0.761719 0.537109 0.759766 0.535156
1 0.585938 0.556641 0.583984 0.554688 0.576172 0.554688 0.572266 0.550781 0.564453 0.550781 0.556641 0.556641 0.550781 0.556641 0.548828 0.554688 0.542969 0.562500 0.544922 0.568359 0.542969 0.572266 0.544922 0.570312 0.552734 0.578125 0.558594 0.574219 0.562500 0.574219 0.568359 0.568359 0.572266 0.568359 0.578125 0.560547 0.583984 0.562500
0 0.281250 0.556641 0.281250 0.562500 0.285156 0.566406 0.294922 0.566406 0.294922 0.560547 0.291016 0.556641 0.289062 0.556641 0.287109 0.554688 0.283203 0.554688
0 0.685547 0.554688 0.685547 0.556641 0.687500 0.558594 0.689453 0.558594 0.691406 0.556641 0.689453 0.554688
0 0.666016 0.558594 0.664062 0.560547 0.662109 0.560547 0.664062 0.562500 0.664062 0.564453 0.666016 0.564453 0.667969 0.562500 0.667969 0.560547
0 0.476562 0.562500 0.472656 0.562500 0.472656 0.566406 0.474609 0.568359 0.476562 0.566406
0 0.880859 0.562500 0.876953 0.568359 0.876953 0.574219 0.875000 0.576172 0.878906 0.583984 0.878906 0.591797 0.896484 0.607422 0.900391 0.607422 0.904297 0.603516 0.902344 0.582031 0.892578 0.572266 0.892578 0.566406 0.888672 0.562500
0 0.992188 0.564453 0.990234 0.566406 0.988281 0.564453 0.986328 0.566406 0.984375 0.566406 0.976562 0.574219 0.976562 0.580078 0.980469 0.583984 0.988281 0.583984 0.990234 0.582031 0.992188 0.582031 0.996094 0.578125 0.996094 0.572266 0.994141 0.570312
0 0.732422 0.566406 0.728516 0.570312 0.728516 0.574219 0.730469 0.576172 0.736328 0.576172 0.738281 0.574219 0.738281 0.570312 0.734375 0.566406
0 0.609375 0.570312 0.611328 0.572266 0.611328 0.570312
0 0.185547 0.574219 0.183594 0.576172 0.181641 0.576172 0.177734 0.580078 0.177734 0.589844 0.179688 0.591797 0.179688 0.593750 0.185547 0.593750 0.187500 0.591797 0.189453 0.591797 0.193359 0.587891 0.193359 0.580078 0.189453 0.576172 0.187500 0.576172
1 0.759766 0.580078 0.761719 0.582031 0.763672 0.582031 0.765625 0.580078 0.771484 0.580078 0.769531 0.578125 0.767578 0.580078 0.763672 0.580078 0.761719 0.578125 0.763672 0.576172 0.765625 0.576172 0.761719 0.576172 0.761719 0.578125
0 0.406250 0.580078 0.404297 0.582031 0.402344 0.582031 0.400391 0.583984 0.400391 0.589844 0.402344 0.591797 0.402344 0.593750 0.404297 0.595703 0.406250 0.595703 0.408203 0.597656 0.412109 0.597656 0.414062 0.595703 0.414062 0.585938 0.410156 0.582031 0.408203 0.582031
0 0.486328 0.580078 0.482422 0.583984 0.482422 0.587891 0.484375 0.589844 0.484375 0.591797 0.488281 0.595703 0.496094 0.595703 0.500000 0.591797 0.500000 0.589844 0.501953 0.587891 0.494141 0.580078
0 0.685547 0.582031 0.681641 0.585938 0.681641 0.587891 0.683594 0.589844 0.689453 0.589844 0.691406 0.587891 0.691406 0.585938 0.687500 0.582031
0 0.435547 0.585938 0.431641 0.591797 0.431641 0.597656 0.435547 0.603516 0.437500 0.603516 0.439453 0.605469 0.441406 0.605469 0.447266 0.601562 0.447266 0.589844 0.443359 0.585938
0 0.554688 0.585938 0.552734 0.587891 0.554688 0.589844 0.556641 0.587891
0 0.322266 0.591797 0.318359 0.591797 0.318359 0.595703 0.320312 0.595703 0.322266 0.593750
0 0.523438 0.589844 0.519531 0.593750 0.519531 0.595703 0.523438 0.599609 0.525391 0.599609 0.529297 0.595703 0.529297 0.591797 0.527344 0.591797 0.525391 0.589844
0 0.802734 0.595703 0.802734 0.597656 0.804688 0.599609 0.806641 0.597656 0.804688 0.595703
0 0.128906 0.605469 0.128906 0.609375 0.132812 0.613281 0.142578 0.613281 0.144531 0.615234 0.152344 0.615234 0.156250 0.611328 0.154297 0.609375 0.154297 0.605469 0.150391 0.599609 0.142578 0.599609 0.140625 0.601562 0.132812 0.601562
0 0.650391 0.599609 0.654297 0.603516 0.658203 0.603516 0.660156 0.601562 0.656250 0.597656 0.654297 0.597656 0.652344 0.599609
0 0.189453 0.603516 0.187500 0.603516 0.183594 0.607422 0.183594 0.611328 0.185547 0.613281 0.185547 0.615234 0.187500 0.613281 0.191406 0.613281 0.193359 0.611328 0.193359 0.607422
0 0.201172 0.609375 0.203125 0.611328 0.201172 0.613281 0.199219 0.613281 0.197266 0.615234 0.197266 0.619141 0.199219 0.619141 0.201172 0.621094 0.203125 0.621094 0.208984 0.615234 0.205078 0.611328 0.203125 0.611328
0 0.302734 0.611328 0.296875 0.617188 0.296875 0.619141 0.300781 0.623047 0.304688 0.623047 0.304688 0.621094 0.306641 0.619141 0.306641 0.615234
0 0.628906 0.613281 0.628906 0.619141 0.638672 0.619141 0.638672 0.613281 0.636719 0.611328 0.630859 0.611328
0 0.712891 0.613281 0.714844 0.615234 0.716797 0.615234 0.718750 0.613281 0.722656 0.613281 0.724609 0.611328 0.724609 0.609375 0.714844 0.609375 0.712891 0.611328
0 0.748047 0.609375 0.746094 0.611328 0.746094 0.613281 0.748047 0.615234 0.750000 0.615234 0.751953 0.613281 0.751953 0.611328 0.750000 0.609375
0 0.773438 0.613281 0.769531 0.617188 0.769531 0.625000 0.771484 0.626953 0.779297 0.626953 0.779297 0.625000 0.781250 0.623047 0.781250 0.621094 0.783203 0.619141 0.777344 0.613281
0 0.443359 0.621094 0.441406 0.623047 0.441406 0.626953 0.443359 0.628906 0.447266 0.628906 0.449219 0.626953 0.449219 0.623047 0.447266 0.621094
0 0.494141 0.621094 0.492188 0.623047 0.492188 0.625000 0.494141 0.626953 0.498047 0.626953 0.498047 0.623047 0.496094 0.621094
0 0.531250 0.623047 0.523438 0.621094 0.519531 0.625000 0.509766 0.626953 0.505859 0.630859 0.503906 0.628906 0.496094 0.634766 0.496094 0.648438 0.501953 0.654297 0.505859 0.654297 0.507812 0.658203 0.517578 0.654297 0.525391 0.658203 0.533203 0.658203 0.537109 0.652344 0.537109 0.642578 0.533203 0.636719 0.535156 0.628906
0 0.621094 0.621094 0.617188 0.625000 0.617188 0.628906 0.619141 0.630859 0.621094 0.630859 0.623047 0.632812 0.625000 0.632812 0.626953 0.630859 0.626953 0.628906 0.628906 0.626953 0.626953 0.625000 0.626953 0.623047 0.625000 0.623047 0.623047 0.621094
0 0.115234 0.625000 0.113281 0.626953 0.113281 0.628906 0.115234 0.630859 0.117188 0.630859 0.119141 0.628906 0.119141 0.626953 0.117188 0.625000
1 0.347656 0.626953 0.347656 0.628906 0.349609 0.630859 0.349609 0.632812 0.353516 0.632812 0.355469 0.630859 0.357422 0.632812 0.359375 0.632812 0.363281 0.628906 0.359375 0.628906 0.357422 0.626953 0.355469 0.626953 0.353516 0.625000 0.349609 0.625000
0 0.560547 0.625000 0.556641 0.628906 0.556641 0.630859 0.560547 0.634766 0.564453 0.634766 0.566406 0.632812 0.566406 0.630859 0.568359 0.628906 0.568359 0.626953 0.566406 0.625000
0 0.582031 0.630859 0.580078 0.632812 0.580078 0.636719 0.578125 0.638672 0.578125 0.644531 0.580078 0.642578 0.582031 0.644531 0.583984 0.644531 0.585938 0.642578 0.585938 0.640625 0.587891 0.638672 0.585938 0.636719 0.585938 0.634766
1 0.707031 0.628906 0.705078 0.630859 0.710938 0.636719 0.710938 0.640625 0.712891 0.642578 0.718750 0.642578 0.720703 0.640625 0.720703 0.636719 0.716797 0.632812 0.712891 0.632812 0.710938 0.630859 0.708984 0.630859
0 0.400391 0.632812 0.400391 0.634766 0.402344 0.636719 0.402344 0.638672 0.406250 0.638672 0.406250 0.636719 0.408203 0.634766 0.406250 0.632812
0 0.746094 0.632812 0.740234 0.636719 0.732422 0.636719 0.722656 0.644531 0.722656 0.648438 0.720703 0.650391 0.720703 0.662109 0.722656 0.664062 0.730469 0.666016 0.740234 0.658203 0.742188 0.646484 0.744141 0.644531 0.744141 0.638672 0.748047 0.634766
0 0.343750 0.654297 0.343750 0.658203 0.345703 0.658203 0.345703 0.654297
0 0.687500 0.654297 0.687500 0.656250 0.689453 0.658203 0.691406 0.658203 0.693359 0.656250 0.691406 0.654297
0 0.650391 0.664062 0.652344 0.666016 0.656250 0.666016 0.656250 0.662109 0.652344 0.662109
0 0.419922 0.666016 0.417969 0.667969 0.419922 0.669922 0.419922 0.673828 0.421875 0.675781 0.427734 0.675781 0.429688 0.673828 0.429688 0.669922 0.425781 0.666016
0 0.802734 0.666016 0.802734 0.669922 0.808594 0.669922 0.806641 0.667969 0.806641 0.666016
1 0.396484 0.669922 0.394531 0.671875 0.394531 0.673828 0.404297 0.683594 0.408203 0.683594 0.410156 0.681641 0.410156 0.677734 0.406250 0.673828 0.402344 0.673828 0.400391 0.671875 0.400391 0.669922
0 0.634766 0.673828 0.632812 0.671875 0.630859 0.671875 0.626953 0.667969 0.621094 0.669922 0.615234 0.675781 0.615234 0.681641 0.617188 0.683594 0.613281 0.687500 0.621094 0.687500 0.623047 0.689453 0.630859 0.689453 0.634766 0.685547
1 0.921875 0.673828 0.919922 0.675781 0.919922 0.679688 0.925781 0.683594 0.925781 0.685547 0.923828 0.687500 0.923828 0.691406 0.927734 0.695312 0.935547 0.695312 0.939453 0.691406 0.939453 0.689453 0.935547 0.685547 0.935547 0.683594 0.929688 0.683594 0.927734 0.681641 0.927734 0.675781 0.925781 0.673828
0 0.537109 0.675781 0.531250 0.681641 0.533203 0.683594 0.533203 0.685547 0.537109 0.689453 0.541016 0.689453 0.544922 0.685547 0.544922 0.679688 0.541016 0.675781
0 0.710938 0.677734 0.707031 0.681641 0.707031 0.683594 0.705078 0.685547 0.703125 0.685547 0.703125 0.691406 0.705078 0.691406 0.707031 0.693359 0.707031 0.695312 0.710938 0.695312 0.712891 0.697266 0.716797 0.697266 0.718750 0.695312 0.716797 0.693359 0.716797 0.691406 0.712891 0.687500 0.712891 0.685547 0.714844 0.683594 0.714844 0.681641 0.712891 0.681641 0.710938 0.679688
0 0.496094 0.681641 0.494141 0.683594 0.492188 0.681641 0.470703 0.683594 0.466797 0.701172 0.462891 0.701172 0.457031 0.695312 0.447266 0.695312 0.433594 0.705078 0.431641 0.718750 0.435547 0.724609 0.451172 0.730469 0.455078 0.734375 0.453125 0.742188 0.457031 0.746094 0.462891 0.740234 0.453125 0.732422 0.464844 0.720703 0.466797 0.726562 0.474609 0.732422 0.478516 0.728516 0.474609 0.718750 0.470703 0.718750 0.468750 0.722656 0.464844 0.720703 0.470703 0.703125 0.480469 0.712891 0.480469 0.718750 0.484375 0.724609 0.490234 0.724609 0.496094 0.718750 0.494141 0.712891 0.500000 0.705078 0.500000 0.693359 0.494141 0.683594
0 0.593750 0.679688 0.589844 0.685547 0.589844 0.691406 0.593750 0.695312 0.603516 0.695312 0.609375 0.689453 0.607422 0.687500 0.607422 0.683594 0.603516 0.679688
1 0.869141 0.681641 0.859375 0.687500 0.857422 0.693359 0.865234 0.695312 0.869141 0.699219 0.871094 0.712891 0.884766 0.718750 0.884766 0.724609 0.878906 0.728516 0.873047 0.728516 0.867188 0.736328 0.867188 0.744141 0.873047 0.750000 0.873047 0.763672 0.878906 0.771484 0.886719 0.771484 0.894531 0.777344 0.906250 0.775391 0.908203 0.771484 0.906250 0.761719 0.884766 0.744141 0.886719 0.734375 0.894531 0.726562 0.894531 0.722656 0.886719 0.718750 0.894531 0.708984 0.894531 0.699219 0.888672 0.693359 0.884766 0.693359 0.873047 0.681641
0 0.755859 0.685547 0.755859 0.691406 0.757812 0.693359 0.759766 0.693359 0.759766 0.691406 0.761719 0.689453 0.761719 0.687500 0.759766 0.685547
0 0.646484 0.687500 0.644531 0.689453 0.644531 0.691406 0.648438 0.695312 0.650391 0.695312 0.652344 0.693359 0.652344 0.689453 0.650391 0.687500
0 0.427734 0.693359 0.425781 0.695312 0.423828 0.695312 0.423828 0.697266 0.425781 0.699219 0.427734 0.699219 0.429688 0.697266 0.429688 0.695312
0 0.550781 0.691406 0.548828 0.693359 0.548828 0.697266 0.550781 0.699219 0.552734 0.699219 0.554688 0.697266 0.554688 0.693359 0.552734 0.691406
0 0.582031 0.697266 0.582031 0.699219 0.580078 0.701172 0.578125 0.701172 0.578125 0.703125 0.576172 0.705078 0.576172 0.708984 0.574219 0.710938 0.576172 0.712891 0.578125 0.718750 0.582031 0.718750 0.585938 0.722656 0.591797 0.712891 0.591797 0.708984 0.587891 0.703125 0.587891 0.699219 0.585938 0.697266
1 0.599609 0.708984 0.599609 0.716797 0.603516 0.720703 0.630859 0.720703 0.632812 0.722656 0.640625 0.720703 0.638672 0.710938 0.634766 0.707031 0.625000 0.707031 0.621094 0.703125 0.617188 0.707031 0.611328 0.703125 0.609375 0.705078 0.603516 0.705078
0 0.685547 0.703125 0.683594 0.705078 0.683594 0.708984 0.685547 0.710938 0.691406 0.710938 0.693359 0.708984 0.693359 0.705078 0.691406 0.703125
0 0.248047 0.726562 0.246094 0.726562 0.242188 0.730469 0.242188 0.736328 0.244141 0.738281 0.248047 0.738281 0.250000 0.736328 0.251953 0.736328 0.251953 0.730469
0 0.515625 0.726562 0.515625 0.728516 0.517578 0.730469 0.517578 0.726562
0 0.623047 0.730469 0.621094 0.728516 0.619141 0.730469 0.619141 0.732422 0.621094 0.732422
0 0.644531 0.726562 0.642578 0.728516 0.642578 0.734375 0.640625 0.736328 0.644531 0.740234 0.644531 0.742188 0.646484 0.742188 0.648438 0.744141 0.654297 0.738281 0.654297 0.732422 0.652344 0.730469 0.648438 0.730469
1 0.998047 0.732422 0.996094 0.734375 0.996094 0.738281 0.998047 0.740234
0 0.601562 0.734375 0.595703 0.740234 0.595703 0.742188 0.593750 0.744141 0.593750 0.748047 0.597656 0.751953 0.599609 0.751953 0.601562 0.753906 0.603516 0.753906 0.609375 0.748047 0.609375 0.740234 0.607422 0.740234 0.605469 0.738281 0.607422 0.736328 0.605469 0.738281
0 0.970703 0.736328 0.968750 0.738281 0.968750 0.740234 0.970703 0.742188 0.972656 0.742188 0.974609 0.740234 0.974609 0.738281 0.972656 0.736328
1 0.634766 0.748047 0.634766 0.750000 0.640625 0.753906 0.640625 0.757812 0.638672 0.759766 0.642578 0.763672 0.644531 0.763672 0.646484 0.765625 0.656250 0.759766 0.660156 0.763672 0.660156 0.767578 0.662109 0.767578 0.664062 0.769531 0.667969 0.769531 0.669922 0.771484 0.673828 0.771484 0.675781 0.773438 0.679688 0.773438 0.681641 0.775391 0.679688 0.773438 0.681641 0.771484 0.675781 0.765625 0.675781 0.759766 0.671875 0.755859 0.664062 0.755859 0.658203 0.761719 0.654297 0.757812 0.654297 0.755859 0.652344 0.753906 0.650391 0.753906 0.648438 0.751953 0.646484 0.753906 0.644531 0.751953 0.640625 0.751953 0.638672 0.750000 0.640625 0.748047
0 0.693359 0.746094 0.689453 0.750000 0.691406 0.750000 0.693359 0.751953 0.695312 0.751953 0.695312 0.746094
0 0.841797 0.748047 0.837891 0.748047 0.835938 0.750000 0.835938 0.755859 0.837891 0.757812 0.839844 0.757812 0.841797 0.755859 0.843750 0.755859 0.845703 0.753906 0.845703 0.751953
0 0.742188 0.750000 0.740234 0.751953 0.742188 0.753906 0.744141 0.753906 0.744141 0.750000
0 0.785156 0.753906 0.779297 0.753906 0.773438 0.765625 0.744141 0.761719 0.724609 0.779297 0.732422 0.798828 0.744141 0.804688 0.755859 0.804688 0.763672 0.816406 0.773438 0.814453 0.771484 0.824219 0.775391 0.830078 0.783203 0.830078 0.785156 0.820312 0.773438 0.814453 0.775391 0.806641 0.771484 0.800781 0.787109 0.775391
0 0.996094 0.757812 0.992188 0.757812 0.986328 0.763672 0.986328 0.769531 0.990234 0.773438 0.994141 0.773438 0.996094 0.771484 0.998047 0.771484 0.998047 0.759766
0 0.593750 0.765625 0.591797 0.763672 0.583984 0.763672 0.580078 0.767578 0.580078 0.769531 0.578125 0.771484 0.576172 0.771484 0.576172 0.773438 0.578125 0.771484 0.582031 0.775391 0.587891 0.775391 0.591797 0.771484 0.593750 0.771484
0 0.509766 0.777344 0.509766 0.773438 0.507812 0.771484 0.507812 0.769531 0.505859 0.769531 0.501953 0.765625 0.501953 0.767578 0.500000 0.769531 0.498047 0.767578 0.494141 0.771484 0.490234 0.771484 0.488281 0.769531 0.482422 0.769531 0.480469 0.771484 0.482422 0.777344 0.488281 0.777344 0.496094 0.783203 0.503906 0.783203
0 0.208984 0.769531 0.205078 0.769531 0.203125 0.771484 0.203125 0.775391 0.205078 0.777344 0.207031 0.777344 0.210938 0.773438 0.210938 0.771484
0 0.402344 0.777344 0.398438 0.781250 0.398438 0.783203 0.402344 0.787109 0.406250 0.787109 0.408203 0.785156 0.408203 0.783203 0.406250 0.781250 0.406250 0.779297 0.404297 0.779297
0 0.683594 0.783203 0.681641 0.783203 0.679688 0.785156 0.679688 0.789062 0.677734 0.791016 0.675781 0.791016 0.673828 0.789062 0.671875 0.791016 0.666016 0.791016 0.666016 0.792969 0.664062 0.794922 0.664062 0.804688 0.667969 0.808594 0.677734 0.808594 0.681641 0.804688 0.681641 0.798828 0.679688 0.796875 0.685547 0.789062 0.685547 0.785156
0 0.826172 0.785156 0.824219 0.787109 0.824219 0.792969 0.826172 0.794922 0.832031 0.794922 0.833984 0.792969 0.833984 0.787109 0.832031 0.785156
0 0.455078 0.789062 0.453125 0.791016 0.453125 0.794922 0.455078 0.794922 0.457031 0.792969 0.457031 0.791016
0 0.484375 0.789062 0.480469 0.792969 0.480469 0.794922 0.482422 0.796875 0.482422 0.798828 0.486328 0.798828 0.490234 0.794922 0.490234 0.792969 0.488281 0.791016 0.486328 0.791016
0 0.486328 0.804688 0.488281 0.810547 0.492188 0.810547 0.496094 0.806641 0.498047 0.808594 0.500000 0.804688 0.505859 0.806641 0.509766 0.810547 0.505859 0.814453 0.505859 0.818359 0.509766 0.822266 0.517578 0.820312 0.527344 0.822266 0.531250 0.816406 0.531250 0.810547 0.525391 0.804688 0.523438 0.796875 0.515625 0.791016 0.503906 0.792969 0.500000 0.796875 0.500000 0.804688 0.498047 0.806641 0.492188 0.802734
0 0.792969 0.792969 0.792969 0.796875 0.794922 0.796875 0.796875 0.798828 0.796875 0.792969
0 0.765625 0.826172 0.759766 0.820312 0.755859 0.820312 0.753906 0.818359 0.751953 0.820312 0.750000 0.818359 0.748047 0.820312 0.746094 0.820312 0.738281 0.828125 0.738281 0.830078 0.736328 0.832031 0.736328 0.835938 0.738281 0.837891 0.740234 0.835938 0.744141 0.839844 0.753906 0.839844 0.755859 0.837891 0.761719 0.835938 0.765625 0.832031
0 0.855469 0.818359 0.853516 0.820312 0.853516 0.824219 0.851562 0.826172 0.855469 0.830078 0.865234 0.830078 0.867188 0.828125 0.867188 0.824219 0.863281 0.820312 0.863281 0.818359
0 0.992188 0.820312 0.986328 0.826172 0.986328 0.830078 0.988281 0.832031 0.988281 0.833984 0.990234 0.835938 0.996094 0.835938 0.998047 0.837891 0.998047 0.820312
0 0.457031 0.830078 0.455078 0.828125 0.453125 0.830078
0 0.683594 0.830078 0.681641 0.832031 0.681641 0.833984 0.683594 0.835938 0.687500 0.835938 0.689453 0.833984 0.689453 0.832031 0.687500 0.830078
0 0.585938 0.832031 0.583984 0.833984 0.585938 0.835938 0.587891 0.835938 0.587891 0.832031
0 0.804688 0.832031 0.802734 0.833984 0.800781 0.833984 0.798828 0.835938 0.796875 0.835938 0.796875 0.837891 0.794922 0.839844 0.796875 0.841797 0.794922 0.843750 0.798828 0.849609 0.808594 0.849609 0.810547 0.847656 0.810547 0.843750 0.812500 0.841797 0.810547 0.839844 0.810547 0.837891 0.808594 0.835938 0.808594 0.833984 0.806641 0.833984
0 0.517578 0.835938 0.515625 0.837891 0.515625 0.839844 0.517578 0.841797 0.519531 0.841797 0.519531 0.837891
0 0.966797 0.851562 0.966797 0.859375 0.972656 0.865234 0.980469 0.865234 0.986328 0.861328 0.990234 0.861328 0.992188 0.859375 0.994141 0.859375 0.994141 0.857422 0.992188 0.857422 0.986328 0.853516 0.986328 0.849609 0.984375 0.847656 0.982422 0.847656 0.980469 0.845703 0.976562 0.845703 0.974609 0.843750 0.972656 0.845703 0.970703 0.845703
0 0.566406 0.847656 0.564453 0.849609 0.564453 0.851562 0.566406 0.853516 0.570312 0.853516 0.572266 0.851562 0.572266 0.849609 0.570312 0.847656
0 0.589844 0.857422 0.589844 0.859375 0.591797 0.861328 0.593750 0.861328 0.593750 0.857422
0 0.619141 0.863281 0.621094 0.865234 0.621094 0.867188 0.623047 0.869141 0.625000 0.867188 0.632812 0.867188 0.634766 0.865234 0.632812 0.863281 0.628906 0.863281 0.625000 0.859375 0.621094 0.859375 0.621094 0.861328
0 0.685547 0.861328 0.683594 0.863281 0.685547 0.865234 0.687500 0.865234 0.689453 0.863281 0.687500 0.863281
0 0.716797 0.861328 0.714844 0.863281 0.708984 0.863281 0.708984 0.865234 0.707031 0.867188 0.707031 0.875000 0.705078 0.876953 0.707031 0.878906 0.707031 0.880859 0.710938 0.884766 0.716797 0.884766 0.718750 0.886719 0.718750 0.884766 0.724609 0.880859 0.726562 0.875000 0.724609 0.873047 0.724609 0.867188 0.720703 0.863281 0.718750 0.863281
0 0.769531 0.861328 0.765625 0.861328 0.763672 0.863281 0.761719 0.863281 0.757812 0.867188 0.757812 0.876953 0.761719 0.880859 0.763672 0.880859 0.765625 0.882812 0.767578 0.880859 0.771484 0.880859 0.775391 0.876953 0.775391 0.867188
0 0.830078 0.863281 0.826172 0.863281 0.826172 0.865234 0.824219 0.867188 0.824219 0.869141 0.826172 0.871094 0.828125 0.871094 0.832031 0.867188 0.830078 0.865234
0 0.875000 0.867188 0.873047 0.869141 0.873047 0.871094 0.875000 0.873047 0.876953 0.873047 0.878906 0.871094 0.878906 0.869141 0.876953 0.867188
1 0.492188 0.871094 0.492188 0.873047 0.494141 0.871094 0.496094 0.873047 0.494141 0.871094
0 0.951172 0.876953 0.949219 0.878906 0.949219 0.880859 0.951172 0.882812 0.951172 0.884766 0.955078 0.884766 0.955078 0.882812 0.957031 0.880859 0.957031 0.878906 0.955078 0.878906 0.953125 0.876953
0 0.648438 0.878906 0.646484 0.880859 0.648438 0.882812 0.650391 0.880859
0 0.734375 0.878906 0.730469 0.882812 0.730469 0.884766 0.728516 0.886719 0.730469 0.888672 0.730469 0.894531 0.732422 0.896484 0.732422 0.898438 0.742188 0.898438 0.744141 0.896484 0.746094 0.896484 0.748047 0.894531 0.748047 0.884766 0.742188 0.878906
0 0.521484 0.896484 0.519531 0.898438 0.519531 0.900391 0.521484 0.902344 0.523438 0.902344 0.525391 0.900391 0.525391 0.898438 0.523438 0.896484
0 0.832031 0.894531 0.830078 0.896484 0.830078 0.900391 0.832031 0.902344 0.833984 0.902344 0.835938 0.900391 0.835938 0.896484 0.833984 0.894531
0 0.664062 0.900391 0.658203 0.908203 0.658203 0.917969 0.656250 0.919922 0.658203 0.917969 0.662109 0.923828 0.673828 0.923828 0.675781 0.919922 0.679688 0.916016 0.681641 0.916016 0.677734 0.914062 0.679688 0.910156 0.679688 0.906250 0.671875 0.900391
0 0.589844 0.904297 0.587891 0.906250 0.587891 0.908203 0.589844 0.910156 0.593750 0.910156 0.593750 0.904297
0 0.630859 0.906250 0.630859 0.910156 0.632812 0.912109 0.640625 0.912109 0.642578 0.910156 0.644531 0.910156 0.644531 0.904297 0.642578 0.902344 0.634766 0.902344
0 0.980469 0.902344 0.976562 0.906250 0.974609 0.906250 0.974609 0.912109 0.976562 0.912109 0.978516 0.914062 0.982422 0.914062 0.984375 0.916016 0.986328 0.914062 0.986328 0.912109 0.988281 0.910156 0.988281 0.908203 0.986328 0.906250 0.986328 0.904297 0.984375 0.904297 0.982422 0.902344
0 0.542969 0.912109 0.541016 0.914062 0.541016 0.921875 0.542969 0.923828 0.550781 0.923828 0.552734 0.921875 0.552734 0.914062 0.550781 0.912109
0 0.736328 0.916016 0.734375 0.917969 0.734375 0.923828 0.736328 0.925781 0.742188 0.925781 0.744141 0.923828 0.744141 0.919922 0.740234 0.916016
0 0.792969 0.916016 0.789062 0.919922 0.789062 0.925781 0.794922 0.931641 0.798828 0.931641 0.802734 0.927734 0.802734 0.919922 0.798828 0.916016
0 0.572266 0.917969 0.570312 0.919922 0.570312 0.925781 0.572266 0.927734 0.578125 0.927734 0.580078 0.925781 0.580078 0.919922 0.578125 0.917969
0 0.671875 0.933594 0.671875 0.935547 0.667969 0.939453 0.667969 0.943359 0.669922 0.945312 0.669922 0.947266 0.677734 0.947266 0.681641 0.943359 0.681641 0.939453 0.679688 0.937500 0.679688 0.935547 0.677734 0.933594
0 0.818359 0.937500 0.816406 0.939453 0.816406 0.943359 0.818359 0.945312 0.820312 0.945312 0.822266 0.943359 0.822266 0.939453 0.820312 0.937500
0 0.628906 0.943359 0.626953 0.945312 0.625000 0.945312 0.626953 0.947266 0.628906 0.945312
0 0.931641 0.945312 0.933594 0.947266 0.937500 0.947266 0.939453 0.945312 0.937500 0.943359 0.933594 0.943359
0 0.806641 0.945312 0.804688 0.947266 0.804688 0.951172 0.802734 0.953125 0.804688 0.953125 0.806641 0.955078 0.808594 0.955078 0.812500 0.951172 0.812500 0.949219 0.808594 0.945312
0 0.941406 0.949219 0.941406 0.955078 0.945312 0.958984 0.949219 0.958984 0.951172 0.957031 0.951172 0.949219 0.949219 0.947266 0.945312 0.947266 0.943359 0.949219
0 0.359375 0.949219 0.357422 0.951172 0.357422 0.955078 0.359375 0.957031 0.363281 0.957031 0.365234 0.955078 0.365234 0.951172 0.363281 0.949219
0 0.974609 0.955078 0.974609 0.960938 0.978516 0.964844 0.982422 0.964844 0.984375 0.966797 0.994141 0.966797 0.994141 0.964844 0.996094 0.962891 0.998047 0.964844 0.998047 0.966797 0.998047 0.964844 0.996094 0.962891 0.998047 0.960938 0.996094 0.951172 0.994141 0.951172 0.992188 0.949219 0.984375 0.949219
1 0.638672 0.957031 0.634766 0.953125 0.632812 0.955078 0.630859 0.955078 0.626953 0.960938 0.621094 0.960938 0.619141 0.962891 0.619141 0.964844 0.623047 0.968750 0.626953 0.964844 0.628906 0.964844 0.630859 0.962891 0.632812 0.964844 0.636719 0.964844 0.636719 0.962891 0.638672 0.960938
0 0.718750 0.962891 0.714844 0.966797 0.714844 0.972656 0.718750 0.976562 0.718750 0.978516 0.720703 0.978516 0.722656 0.980469 0.724609 0.978516 0.728516 0.978516 0.728516 0.976562 0.730469 0.974609 0.730469 0.968750 0.724609 0.962891
0 0.671875 0.970703 0.673828 0.972656 0.671875 0.974609 0.671875 0.980469 0.677734 0.986328 0.683594 0.986328 0.685547 0.988281 0.691406 0.988281 0.693359 0.990234 0.697266 0.990234 0.699219 0.988281 0.701172 0.990234 0.699219 0.988281 0.703125 0.982422 0.701172 0.974609 0.695312 0.974609 0.685547 0.964844 0.677734 0.964844
0 0.363281 0.968750 0.363281 0.974609 0.369141 0.974609 0.371094 0.972656 0.369141 0.970703 0.369141 0.968750
0 0.744141 0.972656 0.740234 0.982422 0.744141 0.986328 0.746094 0.992188 0.742188 0.998047 0.767578 0.998047 0.769531 0.996094 0.773438 0.998047 0.777344 0.994141 0.777344 0.990234 0.773438 0.988281 0.765625 0.978516 0.753906 0.970703
0 0.806641 0.968750 0.804688 0.970703 0.806641 0.972656 0.808594 0.972656 0.810547 0.970703 0.808594 0.968750
0 0.878906 0.968750 0.878906 0.972656 0.880859 0.974609 0.882812 0.972656
0 0.968750 0.970703 0.966797 0.972656 0.966797 0.976562 0.968750 0.978516 0.970703 0.978516 0.972656 0.976562 0.972656 0.972656 0.970703 0.972656
0 0.667969 0.990234 0.667969 0.998047 0.681641 0.998047 0.681641 0.996094 0.673828 0.988281 0.669922 0.988281
1 0.943359 0.996094 0.943359 0.998047 0.970703 0.998047 0.968750 0.996094 0.968750 0.994141 0.962891 0.988281 0.955078 0.988281 0.953125 0.990234 0.947266 0.992188
1 0.546875 0.998047 0.554688 0.998047 0.552734 0.996094 0.548828 0.996094
0 0.044922 0.007812 0.044922 0.011719 0.041016 0.011719 0.039062 0.009766 0.042969 0.005859
0 0.185547 0.007812 0.185547 0.011719 0.181641 0.011719 0.179688 0.009766 0.183594 0.005859
0 0.179688 0.013672 0.179688 0.017578 0.175781 0.017578 0.173828 0.015625 0.177734 0.011719
0 0.191406 0.013672 0.191406 0.017578 0.187500 0.017578 0.185547 0.015625 0.189453 0.011719
0 0.050781 0.017578 0.050781 0.021484 0.046875 0.021484 0.044922 0.019531 0.048828 0.015625
0 0.185547 0.019531 0.185547 0.023438 0.181641 0.023438 0.179688 0.021484 0.183594 0.017578
0 0.972656 0.033203 0.972656 0.037109 0.968750 0.037109 0.966797 0.035156 0.970703 0.031250
0 0.662109 0.128906 0.662109 0.132812 0.658203 0.132812 0.656250 0.130859 0.660156 0.126953
0 0.654297 0.132812 0.654297 0.136719 0.650391 0.136719 0.648438 0.134766 0.652344 0.130859
0 0.037109 0.162109 0.035156 0.162109 0.033203 0.164062 0.023438 0.164062 0.017578 0.158203 0.017578 0.148438 0.019531 0.146484 0.021484 0.146484 0.021484 0.144531 0.023438 0.142578 0.033203 0.142578 0.039062 0.148438 0.039062 0.158203 0.037109 0.160156
0 0.066406 0.162109 0.064453 0.164062 0.064453 0.166016 0.062500 0.167969 0.056641 0.167969 0.054688 0.166016 0.054688 0.164062 0.052734 0.162109 0.052734 0.160156 0.054688 0.158203 0.054688 0.156250 0.056641 0.154297 0.062500 0.154297 0.064453 0.156250 0.064453 0.158203 0.066406 0.160156
0 0.542969 0.162109 0.542969 0.166016 0.539062 0.166016 0.537109 0.164062 0.541016 0.160156
0 0.582031 0.162109 0.582031 0.166016 0.578125 0.166016 0.576172 0.164062 0.580078 0.160156
0 0.082031 0.167969 0.080078 0.169922 0.080078 0.171875 0.078125 0.173828 0.072266 0.173828 0.070312 0.171875 0.070312 0.169922 0.068359 0.167969 0.068359 0.166016 0.070312 0.164062 0.070312 0.162109 0.072266 0.160156 0.078125 0.160156 0.080078 0.162109 0.080078 0.164062 0.082031 0.166016
0 0.574219 0.167969 0.574219 0.171875 0.570312 0.171875 0.568359 0.169922 0.572266 0.166016
0 0.587891 0.167969 0.587891 0.171875 0.583984 0.171875 0.582031 0.169922 0.585938 0.166016
0 0.527344 0.173828 0.525391 0.173828 0.523438 0.175781 0.519531 0.175781 0.517578 0.173828 0.517578 0.167969 0.519531 0.166016 0.523438 0.166016 0.525391 0.167969 0.527344 0.167969
0 0.541016 0.175781 0.541016 0.179688 0.537109 0.179688 0.535156 0.177734 0.539062 0.173828
0 0.007812 0.189453 0.000000 0.189453 0.000000 0.167969 0.007812 0.167969 0.009766 0.169922 0.009766 0.171875 0.011719 0.171875 0.013672 0.173828 0.013672 0.183594 0.011719 0.185547 0.011719 0.187500 0.009766 0.187500
0 0.533203 0.177734 0.533203 0.181641 0.529297 0.181641 0.527344 0.179688 0.531250 0.175781
0 0.582031 0.177734 0.582031 0.181641 0.578125 0.181641 0.576172 0.179688 0.580078 0.175781
0 0.101562 0.181641 0.099609 0.183594 0.099609 0.185547 0.097656 0.187500 0.091797 0.187500 0.089844 0.185547 0.089844 0.183594 0.087891 0.181641 0.087891 0.179688 0.089844 0.177734 0.089844 0.175781 0.091797 0.173828 0.097656 0.173828 0.099609 0.175781 0.099609 0.177734 0.101562 0.179688
0 0.107422 0.197266 0.105469 0.197266 0.103516 0.199219 0.099609 0.199219 0.097656 0.197266 0.097656 0.191406 0.099609 0.189453 0.103516 0.189453 0.105469 0.191406 0.107422 0.191406
0 0.472656 0.199219 0.472656 0.203125 0.468750 0.203125 0.466797 0.201172 0.470703 0.197266
0 0.998047 0.203125 0.998047 0.208984 0.996094 0.208984 0.994141 0.207031
0 0.001953 0.216797 0.000000 0.216797 0.000000 0.203125 0.001953 0.203125 0.003906 0.205078 0.003906 0.207031 0.005859 0.208984 0.005859 0.210938 0.003906 0.212891 0.003906 0.214844
0 0.121094 0.212891 0.119141 0.212891 0.117188 0.214844 0.113281 0.214844 0.111328 0.212891 0.111328 0.207031 0.113281 0.205078 0.117188 0.205078 0.119141 0.207031 0.121094 0.207031
0 0.533203 0.212891 0.531250 0.212891 0.529297 0.214844 0.525391 0.214844 0.523438 0.212891 0.523438 0.207031 0.525391 0.205078 0.529297 0.205078 0.531250 0.207031 0.533203 0.207031
0 0.507812 0.214844 0.505859 0.214844 0.503906 0.216797 0.500000 0.216797 0.498047 0.214844 0.498047 0.208984 0.500000 0.207031 0.503906 0.207031 0.505859 0.208984 0.507812 0.208984
0 0.548828 0.210938 0.548828 0.214844 0.544922 0.214844 0.542969 0.212891 0.546875 0.208984
0 0.548828 0.220703 0.548828 0.224609 0.544922 0.224609 0.542969 0.222656 0.546875 0.218750
0 0.130859 0.226562 0.128906 0.226562 0.126953 0.228516 0.123047 0.228516 0.121094 0.226562 0.121094 0.220703 0.123047 0.218750 0.126953 0.218750 0.128906 0.220703 0.130859 0.220703
0 0.533203 0.228516 0.531250 0.228516 0.529297 0.230469 0.525391 0.230469 0.523438 0.228516 0.523438 0.222656 0.525391 0.220703 0.529297 0.220703 0.531250 0.222656 0.533203 0.222656
0 0.544922 0.226562 0.544922 0.230469 0.541016 0.230469 0.539062 0.228516 0.542969 0.224609
0 0.517578 0.234375 0.515625 0.234375 0.513672 0.236328 0.509766 0.236328 0.507812 0.234375 0.507812 0.228516 0.509766 0.226562 0.513672 0.226562 0.515625 0.228516 0.517578 0.228516
0 0.146484 0.248047 0.144531 0.250000 0.144531 0.251953 0.142578 0.253906 0.136719 0.253906 0.134766 0.251953 0.134766 0.250000 0.132812 0.248047 0.132812 0.246094 0.134766 0.244141 0.134766 0.242188 0.136719 0.240234 0.142578 0.240234 0.144531 0.242188 0.144531 0.244141 0.146484 0.246094
0 0.000000 0.259766 0.000000 0.250000 0.001953 0.251953 0.003906 0.251953 0.003906 0.257812 0.001953 0.257812
0 0.511719 0.257812 0.511719 0.261719 0.507812 0.261719 0.505859 0.259766 0.509766 0.255859
0 0.521484 0.259766 0.521484 0.263672 0.517578 0.263672 0.515625 0.261719 0.519531 0.257812
0 0.513672 0.265625 0.513672 0.269531 0.509766 0.269531 0.507812 0.267578 0.511719 0.263672
0 0.021484 0.273438 0.015625 0.279297 0.009766 0.279297 0.003906 0.273438 0.003906 0.267578 0.009766 0.261719 0.015625 0.261719 0.021484 0.267578
0 0.427734 0.302734 0.425781 0.302734 0.423828 0.304688 0.419922 0.304688 0.417969 0.302734 0.417969 0.296875 0.419922 0.294922 0.423828 0.294922 0.425781 0.296875 0.427734 0.296875
0 0.017578 0.302734 0.015625 0.304688 0.015625 0.306641 0.013672 0.308594 0.007812 0.308594 0.005859 0.306641 0.005859 0.304688 0.003906 0.302734 0.003906 0.300781 0.005859 0.298828 0.005859 0.296875 0.007812 0.294922 0.013672 0.294922 0.015625 0.296875 0.015625 0.298828 0.017578 0.300781
0 0.404297 0.302734 0.402344 0.304688 0.402344 0.306641 0.400391 0.308594 0.394531 0.308594 0.392578 0.306641 0.392578 0.304688 0.390625 0.302734 0.390625 0.300781 0.392578 0.298828 0.392578 0.296875 0.394531 0.294922 0.400391 0.294922 0.402344 0.296875 0.402344 0.298828 0.404297 0.300781
0 0.054688 0.314453 0.052734 0.314453 0.050781 0.316406 0.041016 0.316406 0.035156 0.310547 0.035156 0.300781 0.037109 0.298828 0.039062 0.298828 0.039062 0.296875 0.041016 0.294922 0.050781 0.294922 0.056641 0.300781 0.056641 0.310547 0.054688 0.312500
0 0.511719 0.306641 0.511719 0.310547 0.507812 0.310547 0.505859 0.308594 0.509766 0.304688
0 0.171875 0.312500 0.169922 0.314453 0.169922 0.316406 0.167969 0.318359 0.162109 0.318359 0.160156 0.316406 0.160156 0.314453 0.158203 0.312500 0.158203 0.310547 0.160156 0.308594 0.160156 0.306641 0.162109 0.304688 0.167969 0.304688 0.169922 0.306641 0.169922 0.308594 0.171875 0.310547
0 0.416016 0.314453 0.414062 0.314453 0.412109 0.316406 0.408203 0.316406 0.406250 0.314453 0.406250 0.308594 0.408203 0.306641 0.412109 0.306641 0.414062 0.308594 0.416016 0.308594
0 0.505859 0.314453 0.505859 0.318359 0.501953 0.318359 0.500000 0.316406 0.503906 0.312500
0 0.519531 0.314453 0.519531 0.318359 0.515625 0.318359 0.513672 0.316406 0.517578 0.312500
0 0.458984 0.320312 0.457031 0.320312 0.455078 0.322266 0.451172 0.322266 0.449219 0.320312 0.449219 0.314453 0.451172 0.312500 0.455078 0.312500 0.457031 0.314453 0.458984 0.314453
0 0.076172 0.322266 0.074219 0.324219 0.074219 0.326172 0.072266 0.328125 0.066406 0.328125 0.064453 0.326172 0.064453 0.324219 0.062500 0.322266 0.062500 0.320312 0.064453 0.318359 0.064453 0.316406 0.066406 0.314453 0.072266 0.314453 0.074219 0.316406 0.074219 0.318359 0.076172 0.320312
0 0.060547 0.322266 0.060547 0.326172 0.056641 0.326172 0.054688 0.324219 0.058594 0.320312
0 0.029297 0.326172 0.027344 0.328125 0.027344 0.330078 0.025391 0.332031 0.019531 0.332031 0.017578 0.330078 0.017578 0.328125 0.015625 0.326172 0.015625 0.324219 0.017578 0.322266 0.017578 0.320312 0.019531 0.318359 0.025391 0.318359 0.027344 0.320312 0.027344 0.322266 0.029297 0.324219
0 0.474609 0.328125 0.472656 0.328125 0.470703 0.330078 0.466797 0.330078 0.464844 0.328125 0.464844 0.322266 0.466797 0.320312 0.470703 0.320312 0.472656 0.322266 0.474609 0.322266
0 0.515625 0.330078 0.513672 0.332031 0.513672 0.333984 0.511719 0.335938 0.505859 0.335938 0.503906 0.333984 0.503906 0.332031 0.501953 0.330078 0.501953 0.328125 0.503906 0.326172 0.503906 0.324219 0.505859 0.322266 0.511719 0.322266 0.513672 0.324219 0.513672 0.326172 0.515625 0.328125
0 0.021484 0.333984 0.015625 0.339844 0.009766 0.339844 0.003906 0.333984 0.003906 0.328125 0.009766 0.322266 0.015625 0.322266 0.021484 0.328125
0 0.033203 0.330078 0.033203 0.333984 0.029297 0.333984 0.027344 0.332031 0.031250 0.328125
0 0.074219 0.333984 0.072266 0.333984 0.070312 0.335938 0.066406 0.335938 0.064453 0.333984 0.064453 0.328125 0.066406 0.326172 0.070312 0.326172 0.072266 0.328125 0.074219 0.328125
0 0.455078 0.333984 0.453125 0.333984 0.451172 0.335938 0.447266 0.335938 0.445312 0.333984 0.445312 0.328125 0.447266 0.326172 0.451172 0.326172 0.453125 0.328125 0.455078 0.328125
0 0.050781 0.335938 0.044922 0.341797 0.039062 0.341797 0.033203 0.335938 0.033203 0.330078 0.039062 0.324219 0.044922 0.324219 0.050781 0.330078
0 0.748047 0.332031 0.748047 0.335938 0.744141 0.335938 0.742188 0.333984 0.746094 0.330078
0 0.757812 0.332031 0.757812 0.335938 0.753906 0.335938 0.751953 0.333984 0.755859 0.330078
0 0.539062 0.333984 0.539062 0.337891 0.535156 0.337891 0.533203 0.335938 0.537109 0.332031
0 0.466797 0.339844 0.464844 0.339844 0.462891 0.341797 0.458984 0.341797 0.457031 0.339844 0.457031 0.333984 0.458984 0.332031 0.462891 0.332031 0.464844 0.333984 0.466797 0.333984
0 0.035156 0.337891 0.035156 0.341797 0.031250 0.341797 0.029297 0.339844 0.033203 0.335938
0 0.025391 0.339844 0.025391 0.343750 0.021484 0.343750 0.019531 0.341797 0.023438 0.337891
0 0.751953 0.339844 0.751953 0.343750 0.748047 0.343750 0.746094 0.341797 0.750000 0.337891
0 0.720703 0.341797 0.720703 0.345703 0.716797 0.345703 0.714844 0.343750 0.718750 0.339844
0 0.527344 0.347656 0.525391 0.347656 0.523438 0.349609 0.519531 0.349609 0.517578 0.347656 0.517578 0.341797 0.519531 0.339844 0.523438 0.339844 0.525391 0.341797 0.527344 0.341797
0 0.724609 0.351562 0.724609 0.355469 0.720703 0.355469 0.718750 0.353516 0.722656 0.349609
0 0.501953 0.357422 0.500000 0.357422 0.498047 0.359375 0.494141 0.359375 0.492188 0.357422 0.492188 0.351562 0.494141 0.349609 0.498047 0.349609 0.500000 0.351562 0.501953 0.351562
0 0.718750 0.353516 0.718750 0.357422 0.714844 0.357422 0.712891 0.355469 0.716797 0.351562
0 0.175781 0.359375 0.173828 0.359375 0.171875 0.361328 0.167969 0.361328 0.166016 0.359375 0.166016 0.353516 0.167969 0.351562 0.171875 0.351562 0.173828 0.353516 0.175781 0.353516
0 0.515625 0.363281 0.513672 0.363281 0.511719 0.365234 0.507812 0.365234 0.505859 0.363281 0.505859 0.357422 0.507812 0.355469 0.511719 0.355469 0.513672 0.357422 0.515625 0.357422
0 0.541016 0.359375 0.541016 0.363281 0.537109 0.363281 0.535156 0.361328 0.539062 0.357422
0 0.626953 0.367188 0.625000 0.367188 0.623047 0.369141 0.619141 0.369141 0.617188 0.367188 0.617188 0.361328 0.619141 0.359375 0.623047 0.359375 0.625000 0.361328 0.626953 0.361328
0 0.431641 0.369141 0.429688 0.369141 0.427734 0.371094 0.423828 0.371094 0.421875 0.369141 0.421875 0.363281 0.423828 0.361328 0.427734 0.361328 0.429688 0.363281 0.431641 0.363281
0 0.701172 0.365234 0.701172 0.369141 0.697266 0.369141 0.695312 0.367188 0.699219 0.363281
0 0.175781 0.371094 0.173828 0.371094 0.171875 0.373047 0.167969 0.373047 0.166016 0.371094 0.166016 0.365234 0.167969 0.363281 0.171875 0.363281 0.173828 0.365234 0.175781 0.365234
0 0.644531 0.371094 0.642578 0.371094 0.640625 0.373047 0.636719 0.373047 0.634766 0.371094 0.634766 0.365234 0.636719 0.363281 0.640625 0.363281 0.642578 0.365234 0.644531 0.365234
0 0.691406 0.369141 0.691406 0.373047 0.687500 0.373047 0.685547 0.371094 0.689453 0.367188
0 0.472656 0.371094 0.472656 0.375000 0.468750 0.375000 0.466797 0.373047 0.470703 0.369141
0 0.833984 0.375000 0.832031 0.375000 0.830078 0.376953 0.826172 0.376953 0.824219 0.375000 0.824219 0.369141 0.826172 0.367188 0.830078 0.367188 0.832031 0.369141 0.833984 0.369141
0 0.759766 0.373047 0.759766 0.376953 0.755859 0.376953 0.753906 0.375000 0.757812 0.371094
0 0.697266 0.375000 0.697266 0.378906 0.693359 0.378906 0.691406 0.376953 0.695312 0.373047
0 0.025391 0.388672 0.023438 0.388672 0.021484 0.390625 0.011719 0.390625 0.005859 0.384766 0.005859 0.375000 0.011719 0.369141 0.021484 0.369141 0.027344 0.375000 0.027344 0.384766 0.025391 0.386719
0 0.625000 0.382812 0.623047 0.382812 0.621094 0.384766 0.617188 0.384766 0.615234 0.382812 0.615234 0.376953 0.617188 0.375000 0.621094 0.375000 0.623047 0.376953 0.625000 0.376953
0 0.765625 0.378906 0.765625 0.382812 0.761719 0.382812 0.759766 0.380859 0.763672 0.376953
0 0.039062 0.382812 0.037109 0.384766 0.037109 0.386719 0.035156 0.388672 0.029297 0.388672 0.027344 0.386719 0.027344 0.384766 0.025391 0.382812 0.025391 0.380859 0.027344 0.378906 0.027344 0.376953 0.029297 0.375000 0.035156 0.375000 0.037109 0.376953 0.037109 0.378906 0.039062 0.380859
0 0.417969 0.384766 0.416016 0.384766 0.414062 0.386719 0.410156 0.386719 0.408203 0.384766 0.408203 0.378906 0.410156 0.376953 0.414062 0.376953 0.416016 0.378906 0.417969 0.378906
0 0.482422 0.384766 0.480469 0.384766 0.478516 0.386719 0.474609 0.386719 0.472656 0.384766 0.472656 0.378906 0.474609 0.376953 0.478516 0.376953 0.480469 0.378906 0.482422 0.378906
0 0.753906 0.380859 0.753906 0.384766 0.750000 0.384766 0.748047 0.382812 0.751953 0.378906
0 0.824219 0.384766 0.822266 0.384766 0.820312 0.386719 0.816406 0.386719 0.814453 0.384766 0.814453 0.378906 0.816406 0.376953 0.820312 0.376953 0.822266 0.378906 0.824219 0.378906
0 0.843750 0.384766 0.841797 0.384766 0.839844 0.386719 0.835938 0.386719 0.833984 0.384766 0.833984 0.378906 0.835938 0.376953 0.839844 0.376953 0.841797 0.378906 0.843750 0.378906
0 0.349609 0.382812 0.349609 0.386719 0.345703 0.386719 0.343750 0.384766 0.347656 0.380859
0 0.359375 0.382812 0.359375 0.386719 0.355469 0.386719 0.353516 0.384766 0.357422 0.380859
0 0.404297 0.384766 0.404297 0.388672 0.400391 0.388672 0.398438 0.386719 0.402344 0.382812
0 0.439453 0.390625 0.437500 0.390625 0.435547 0.392578 0.431641 0.392578 0.429688 0.390625 0.429688 0.384766 0.431641 0.382812 0.435547 0.382812 0.437500 0.384766 0.439453 0.384766
0 0.640625 0.388672 0.638672 0.390625 0.638672 0.392578 0.636719 0.394531 0.630859 0.394531 0.628906 0.392578 0.628906 0.390625 0.626953 0.388672 0.626953 0.386719 0.628906 0.384766 0.628906 0.382812 0.630859 0.380859 0.636719 0.380859 0.638672 0.382812 0.638672 0.384766 0.640625 0.386719
0 0.480469 0.388672 0.480469 0.392578 0.476562 0.392578 0.474609 0.390625 0.478516 0.386719
0 0.666016 0.390625 0.666016 0.394531 0.662109 0.394531 0.660156 0.392578 0.664062 0.388672
0 0.832031 0.394531 0.830078 0.394531 0.828125 0.396484 0.824219 0.396484 0.822266 0.394531 0.822266 0.388672 0.824219 0.386719 0.828125 0.386719 0.830078 0.388672 0.832031 0.388672
0 0.289062 0.392578 0.289062 0.396484 0.285156 0.396484 0.283203 0.394531 0.287109 0.390625
0 0.425781 0.396484 0.423828 0.396484 0.421875 0.398438 0.417969 0.398438 0.416016 0.396484 0.416016 0.390625 0.417969 0.388672 0.421875 0.388672 0.423828 0.390625 0.425781 0.390625
0 0.673828 0.392578 0.673828 0.396484 0.669922 0.396484 0.667969 0.394531 0.671875 0.390625
0 0.490234 0.394531 0.490234 0.398438 0.486328 0.398438 0.484375 0.396484 0.488281 0.392578
0 0.296875 0.396484 0.296875 0.400391 0.292969 0.400391 0.291016 0.398438 0.294922 0.394531
0 0.162109 0.402344 0.160156 0.402344 0.158203 0.404297 0.154297 0.404297 0.152344 0.402344 0.152344 0.396484 0.154297 0.394531 0.158203 0.394531 0.160156 0.396484 0.162109 0.396484
0 0.582031 0.398438 0.582031 0.402344 0.578125 0.402344 0.576172 0.400391 0.580078 0.396484
0 0.660156 0.400391 0.658203 0.402344 0.658203 0.404297 0.656250 0.406250 0.650391 0.406250 0.648438 0.404297 0.648438 0.402344 0.646484 0.400391 0.646484 0.398438 0.648438 0.396484 0.648438 0.394531 0.650391 0.392578 0.656250 0.392578 0.658203 0.394531 0.658203 0.396484 0.660156 0.398438
0 0.638672 0.404297 0.636719 0.404297 0.634766 0.406250 0.630859 0.406250 0.628906 0.404297 0.628906 0.398438 0.630859 0.396484 0.634766 0.396484 0.636719 0.398438 0.638672 0.398438
0 0.435547 0.406250 0.433594 0.406250 0.431641 0.408203 0.427734 0.408203 0.425781 0.406250 0.425781 0.400391 0.427734 0.398438 0.431641 0.398438 0.433594 0.400391 0.435547 0.400391
0 0.494141 0.404297 0.494141 0.408203 0.490234 0.408203 0.488281 0.406250 0.492188 0.402344
0 0.603516 0.410156 0.601562 0.410156 0.599609 0.412109 0.595703 0.412109 0.593750 0.410156 0.593750 0.404297 0.595703 0.402344 0.599609 0.402344 0.601562 0.404297 0.603516 0.404297
0 0.625000 0.406250 0.625000 0.410156 0.621094 0.410156 0.619141 0.408203 0.623047 0.404297
0 0.667969 0.406250 0.667969 0.410156 0.664062 0.410156 0.662109 0.408203 0.666016 0.404297
0 0.171875 0.408203 0.171875 0.412109 0.167969 0.412109 0.166016 0.410156 0.169922 0.406250
0 0.576172 0.412109 0.574219 0.412109 0.572266 0.414062 0.568359 0.414062 0.566406 0.412109 0.566406 0.406250 0.568359 0.404297 0.572266 0.404297 0.574219 0.406250 0.576172 0.406250
0 0.443359 0.410156 0.443359 0.414062 0.439453 0.414062 0.437500 0.412109 0.441406 0.408203
0 0.455078 0.410156 0.455078 0.414062 0.451172 0.414062 0.449219 0.412109 0.453125 0.408203
0 0.433594 0.412109 0.433594 0.416016 0.429688 0.416016 0.427734 0.414062 0.431641 0.410156
0 0.451172 0.417969 0.451172 0.421875 0.447266 0.421875 0.445312 0.419922 0.449219 0.416016
0 0.564453 0.417969 0.564453 0.421875 0.560547 0.421875 0.558594 0.419922 0.562500 0.416016
0 0.744141 0.421875 0.742188 0.421875 0.740234 0.423828 0.736328 0.423828 0.734375 0.421875 0.734375 0.416016 0.736328 0.414062 0.740234 0.414062 0.742188 0.416016 0.744141 0.416016
0 0.576172 0.419922 0.576172 0.423828 0.572266 0.423828 0.570312 0.421875 0.574219 0.417969
0 0.609375 0.425781 0.607422 0.425781 0.605469 0.427734 0.601562 0.427734 0.599609 0.425781 0.599609 0.419922 0.601562 0.417969 0.605469 0.417969 0.607422 0.419922 0.609375 0.419922
0 0.632812 0.425781 0.630859 0.425781 0.628906 0.427734 0.625000 0.427734 0.623047 0.425781 0.623047 0.419922 0.625000 0.417969 0.628906 0.417969 0.630859 0.419922 0.632812 0.419922
0 0.099609 0.431641 0.097656 0.433594 0.097656 0.435547 0.095703 0.437500 0.089844 0.437500 0.087891 0.435547 0.087891 0.433594 0.085938 0.431641 0.085938 0.429688 0.087891 0.427734 0.087891 0.425781 0.089844 0.423828 0.095703 0.423828 0.097656 0.425781 0.097656 0.427734 0.099609 0.429688
0 0.611328 0.439453 0.609375 0.439453 0.607422 0.441406 0.597656 0.441406 0.591797 0.435547 0.591797 0.425781 0.593750 0.423828 0.595703 0.423828 0.595703 0.421875 0.597656 0.419922 0.607422 0.419922 0.613281 0.425781 0.613281 0.435547 0.611328 0.437500
0 0.738281 0.429688 0.738281 0.433594 0.734375 0.433594 0.732422 0.431641 0.736328 0.427734
0 0.699219 0.431641 0.699219 0.435547 0.695312 0.435547 0.693359 0.433594 0.697266 0.429688
0 0.160156 0.437500 0.158203 0.437500 0.156250 0.439453 0.152344 0.439453 0.150391 0.437500 0.150391 0.431641 0.152344 0.429688 0.156250 0.429688 0.158203 0.431641 0.160156 0.431641
0 0.183594 0.445312 0.181641 0.445312 0.179688 0.447266 0.175781 0.447266 0.173828 0.445312 0.173828 0.439453 0.175781 0.437500 0.179688 0.437500 0.181641 0.439453 0.183594 0.439453
0 0.001953 0.453125 0.000000 0.453125 0.000000 0.435547 0.001953 0.435547 0.007812 0.441406 0.007812 0.447266
0 0.457031 0.445312 0.457031 0.449219 0.453125 0.449219 0.451172 0.447266 0.455078 0.443359
0 0.615234 0.449219 0.613281 0.449219 0.611328 0.451172 0.607422 0.451172 0.605469 0.449219 0.605469 0.443359 0.607422 0.441406 0.611328 0.441406 0.613281 0.443359 0.615234 0.443359
0 0.779297 0.445312 0.779297 0.449219 0.775391 0.449219 0.773438 0.447266 0.777344 0.443359
0 0.169922 0.449219 0.169922 0.453125 0.166016 0.453125 0.164062 0.451172 0.167969 0.447266
0 0.191406 0.449219 0.191406 0.453125 0.187500 0.453125 0.185547 0.451172 0.189453 0.447266
0 0.785156 0.451172 0.785156 0.455078 0.781250 0.455078 0.779297 0.453125 0.783203 0.449219
0 0.615234 0.457031 0.613281 0.457031 0.611328 0.458984 0.607422 0.458984 0.605469 0.457031 0.605469 0.451172 0.607422 0.449219 0.611328 0.449219 0.613281 0.451172 0.615234 0.451172
0 0.636719 0.453125 0.636719 0.457031 0.632812 0.457031 0.630859 0.455078 0.634766 0.451172
0 0.208984 0.455078 0.208984 0.458984 0.205078 0.458984 0.203125 0.457031 0.207031 0.453125
0 0.779297 0.455078 0.779297 0.458984 0.775391 0.458984 0.773438 0.457031 0.777344 0.453125
0 0.201172 0.458984 0.199219 0.460938 0.199219 0.462891 0.197266 0.464844 0.191406 0.464844 0.189453 0.462891 0.189453 0.460938 0.187500 0.458984 0.187500 0.457031 0.189453 0.455078 0.189453 0.453125 0.191406 0.451172 0.197266 0.451172 0.199219 0.453125 0.199219 0.455078 0.201172 0.457031
0 0.654297 0.462891 0.652344 0.462891 0.650391 0.464844 0.646484 0.464844 0.644531 0.462891 0.644531 0.457031 0.646484 0.455078 0.650391 0.455078 0.652344 0.457031 0.654297 0.457031
0 0.457031 0.460938 0.457031 0.464844 0.453125 0.464844 0.451172 0.462891 0.455078 0.458984
0 0.603516 0.462891 0.601562 0.464844 0.601562 0.466797 0.599609 0.468750 0.593750 0.468750 0.591797 0.466797 0.591797 0.464844 0.589844 0.462891 0.589844 0.460938 0.591797 0.458984 0.591797 0.457031 0.593750 0.455078 0.599609 0.455078 0.601562 0.457031 0.601562 0.458984 0.603516 0.460938
0 0.181641 0.464844 0.179688 0.466797 0.179688 0.468750 0.177734 0.470703 0.171875 0.470703 0.169922 0.468750 0.169922 0.466797 0.167969 0.464844 0.167969 0.462891 0.169922 0.460938 0.169922 0.458984 0.171875 0.457031 0.177734 0.457031 0.179688 0.458984 0.179688 0.460938 0.181641 0.462891
0 0.386719 0.462891 0.386719 0.466797 0.382812 0.466797 0.380859 0.464844 0.384766 0.460938
0 0.632812 0.462891 0.632812 0.466797 0.628906 0.466797 0.626953 0.464844 0.630859 0.460938
0 0.218750 0.464844 0.218750 0.468750 0.214844 0.468750 0.212891 0.466797 0.216797 0.462891
0 0.380859 0.464844 0.380859 0.468750 0.376953 0.468750 0.375000 0.466797 0.378906 0.462891
0 0.451172 0.468750 0.451172 0.472656 0.447266 0.472656 0.445312 0.470703 0.449219 0.466797
0 0.777344 0.468750 0.777344 0.472656 0.773438 0.472656 0.771484 0.470703 0.775391 0.466797
0 0.396484 0.474609 0.394531 0.474609 0.392578 0.476562 0.388672 0.476562 0.386719 0.474609 0.386719 0.468750 0.388672 0.466797 0.392578 0.466797 0.394531 0.468750 0.396484 0.468750
0 0.658203 0.470703 0.658203 0.474609 0.654297 0.474609 0.652344 0.472656 0.656250 0.468750
0 0.207031 0.472656 0.207031 0.476562 0.203125 0.476562 0.201172 0.474609 0.205078 0.470703
0 0.212891 0.472656 0.212891 0.476562 0.208984 0.476562 0.207031 0.474609 0.210938 0.470703
0 0.378906 0.478516 0.376953 0.478516 0.375000 0.480469 0.371094 0.480469 0.369141 0.478516 0.369141 0.472656 0.371094 0.470703 0.375000 0.470703 0.376953 0.472656 0.378906 0.472656
0 0.605469 0.474609 0.605469 0.478516 0.601562 0.478516 0.599609 0.476562 0.603516 0.472656
0 0.769531 0.474609 0.769531 0.478516 0.765625 0.478516 0.763672 0.476562 0.767578 0.472656
0 0.781250 0.474609 0.781250 0.478516 0.777344 0.478516 0.775391 0.476562 0.779297 0.472656
0 0.646484 0.480469 0.640625 0.486328 0.634766 0.486328 0.628906 0.480469 0.628906 0.474609 0.634766 0.468750 0.640625 0.468750 0.646484 0.474609
0 0.726562 0.476562 0.726562 0.480469 0.722656 0.480469 0.720703 0.478516 0.724609 0.474609
0 0.736328 0.476562 0.736328 0.480469 0.732422 0.480469 0.730469 0.478516 0.734375 0.474609
0 0.341797 0.478516 0.341797 0.482422 0.337891 0.482422 0.335938 0.480469 0.339844 0.476562
0 0.595703 0.478516 0.595703 0.482422 0.591797 0.482422 0.589844 0.480469 0.593750 0.476562
0 0.457031 0.480469 0.457031 0.484375 0.453125 0.484375 0.451172 0.482422 0.455078 0.478516
0 0.462891 0.482422 0.462891 0.486328 0.458984 0.486328 0.457031 0.484375 0.460938 0.480469
0 0.726562 0.482422 0.726562 0.486328 0.722656 0.486328 0.720703 0.484375 0.724609 0.480469
0 0.332031 0.484375 0.332031 0.488281 0.328125 0.488281 0.326172 0.486328 0.330078 0.482422
0 0.386719 0.484375 0.386719 0.488281 0.382812 0.488281 0.380859 0.486328 0.384766 0.482422
0 0.734375 0.484375 0.734375 0.488281 0.730469 0.488281 0.728516 0.486328 0.732422 0.482422
0 0.449219 0.490234 0.447266 0.490234 0.445312 0.492188 0.441406 0.492188 0.439453 0.490234 0.439453 0.484375 0.441406 0.482422 0.445312 0.482422 0.447266 0.484375 0.449219 0.484375
0 0.636719 0.486328 0.636719 0.490234 0.632812 0.490234 0.630859 0.488281 0.634766 0.484375
0 0.189453 0.496094 0.187500 0.496094 0.185547 0.498047 0.181641 0.498047 0.179688 0.496094 0.179688 0.490234 0.181641 0.488281 0.185547 0.488281 0.187500 0.490234 0.189453 0.490234
0 0.462891 0.492188 0.462891 0.496094 0.458984 0.496094 0.457031 0.494141 0.460938 0.490234
0 0.654297 0.494141 0.654297 0.498047 0.650391 0.498047 0.648438 0.496094 0.652344 0.492188
0 0.269531 0.501953 0.267578 0.501953 0.265625 0.503906 0.261719 0.503906 0.259766 0.501953 0.259766 0.496094 0.261719 0.494141 0.265625 0.494141 0.267578 0.496094 0.269531 0.496094
0 0.277344 0.501953 0.275391 0.501953 0.273438 0.503906 0.269531 0.503906 0.267578 0.501953 0.267578 0.496094 0.269531 0.494141 0.273438 0.494141 0.275391 0.496094 0.277344 0.496094
0 0.572266 0.500000 0.572266 0.503906 0.568359 0.503906 0.566406 0.501953 0.570312 0.498047
0 0.638672 0.503906 0.636719 0.503906 0.634766 0.505859 0.630859 0.505859 0.628906 0.503906 0.628906 0.498047 0.630859 0.496094 0.634766 0.496094 0.636719 0.498047 0.638672 0.498047
0 0.685547 0.505859 0.685547 0.509766 0.681641 0.509766 0.679688 0.507812 0.683594 0.503906
0 0.568359 0.507812 0.568359 0.511719 0.564453 0.511719 0.562500 0.509766 0.566406 0.505859
0 0.677734 0.507812 0.677734 0.511719 0.673828 0.511719 0.671875 0.509766 0.675781 0.505859
0 0.615234 0.511719 0.615234 0.515625 0.611328 0.515625 0.609375 0.513672 0.613281 0.509766
0 0.769531 0.511719 0.769531 0.515625 0.765625 0.515625 0.763672 0.513672 0.767578 0.509766
0 0.687500 0.513672 0.687500 0.517578 0.683594 0.517578 0.681641 0.515625 0.685547 0.511719
0 0.187500 0.519531 0.185547 0.519531 0.183594 0.521484 0.179688 0.521484 0.177734 0.519531 0.177734 0.513672 0.179688 0.511719 0.183594 0.511719 0.185547 0.513672 0.187500 0.513672
0 0.761719 0.515625 0.761719 0.519531 0.757812 0.519531 0.755859 0.517578 0.759766 0.513672
0 0.003906 0.529297 0.000000 0.529297 0.000000 0.507812 0.003906 0.507812 0.005859 0.509766 0.005859 0.511719 0.007812 0.511719 0.009766 0.513672 0.009766 0.523438 0.007812 0.525391 0.007812 0.527344 0.005859 0.527344
0 0.433594 0.521484 0.431641 0.521484 0.429688 0.523438 0.425781 0.523438 0.423828 0.521484 0.423828 0.515625 0.425781 0.513672 0.429688 0.513672 0.431641 0.515625 0.433594 0.515625
0 0.800781 0.517578 0.800781 0.521484 0.796875 0.521484 0.794922 0.519531 0.798828 0.515625
0 0.275391 0.523438 0.273438 0.523438 0.271484 0.525391 0.267578 0.525391 0.265625 0.523438 0.265625 0.517578 0.267578 0.515625 0.271484 0.515625 0.273438 0.517578 0.275391 0.517578
0 0.619141 0.519531 0.619141 0.523438 0.615234 0.523438 0.613281 0.521484 0.617188 0.517578
0 0.634766 0.519531 0.634766 0.523438 0.630859 0.523438 0.628906 0.521484 0.632812 0.517578
0 0.888672 0.519531 0.888672 0.523438 0.884766 0.523438 0.882812 0.521484 0.886719 0.517578
0 0.652344 0.525391 0.650391 0.525391 0.648438 0.527344 0.644531 0.527344 0.642578 0.525391 0.642578 0.519531 0.644531 0.517578 0.648438 0.517578 0.650391 0.519531 0.652344 0.519531
0 0.673828 0.531250 0.671875 0.531250 0.669922 0.533203 0.660156 0.533203 0.654297 0.527344 0.654297 0.517578 0.656250 0.515625 0.658203 0.515625 0.658203 0.513672 0.660156 0.511719 0.669922 0.511719 0.675781 0.517578 0.675781 0.527344 0.673828 0.529297
0 0.771484 0.521484 0.771484 0.525391 0.767578 0.525391 0.765625 0.523438 0.769531 0.519531
0 0.558594 0.529297 0.556641 0.529297 0.554688 0.531250 0.550781 0.531250 0.548828 0.529297 0.548828 0.523438 0.550781 0.521484 0.554688 0.521484 0.556641 0.523438 0.558594 0.523438
0 0.794922 0.529297 0.792969 0.529297 0.791016 0.531250 0.787109 0.531250 0.785156 0.529297 0.785156 0.523438 0.787109 0.521484 0.791016 0.521484 0.792969 0.523438 0.794922 0.523438
0 0.646484 0.527344 0.646484 0.531250 0.642578 0.531250 0.640625 0.529297 0.644531 0.525391
0 0.708984 0.527344 0.708984 0.531250 0.705078 0.531250 0.703125 0.529297 0.707031 0.525391
0 0.882812 0.527344 0.882812 0.531250 0.878906 0.531250 0.876953 0.529297 0.880859 0.525391
0 0.892578 0.527344 0.892578 0.531250 0.888672 0.531250 0.886719 0.529297 0.890625 0.525391
0 0.419922 0.533203 0.417969 0.533203 0.416016 0.535156 0.412109 0.535156 0.410156 0.533203 0.410156 0.527344 0.412109 0.525391 0.416016 0.525391 0.417969 0.527344 0.419922 0.527344
0 0.771484 0.531250 0.769531 0.533203 0.769531 0.535156 0.767578 0.537109 0.761719 0.537109 0.759766 0.535156 0.759766 0.533203 0.757812 0.531250 0.757812 0.529297 0.759766 0.527344 0.759766 0.525391 0.761719 0.523438 0.767578 0.523438 0.769531 0.525391 0.769531 0.527344 0.771484 0.529297
0 0.802734 0.535156 0.800781 0.535156 0.798828 0.537109 0.794922 0.537109 0.792969 0.535156 0.792969 0.529297 0.794922 0.527344 0.798828 0.527344 0.800781 0.529297 0.802734 0.529297
0 0.830078 0.531250 0.830078 0.535156 0.826172 0.535156 0.824219 0.533203 0.828125 0.529297
0 0.666016 0.537109 0.664062 0.537109 0.662109 0.539062 0.658203 0.539062 0.656250 0.537109 0.656250 0.531250 0.658203 0.529297 0.662109 0.529297 0.664062 0.531250 0.666016 0.531250
0 0.675781 0.533203 0.675781 0.537109 0.671875 0.537109 0.669922 0.535156 0.673828 0.531250
0 0.443359 0.539062 0.441406 0.539062 0.439453 0.541016 0.435547 0.541016 0.433594 0.539062 0.433594 0.533203 0.435547 0.531250 0.439453 0.531250 0.441406 0.533203 0.443359 0.533203
0 0.640625 0.537109 0.638672 0.539062 0.638672 0.541016 0.636719 0.542969 0.630859 0.542969 0.628906 0.541016 0.628906 0.539062 0.626953 0.537109 0.626953 0.535156 0.628906 0.533203 0.628906 0.531250 0.630859 0.529297 0.636719 0.529297 0.638672 0.531250 0.638672 0.533203 0.640625 0.535156
0 0.845703 0.535156 0.845703 0.539062 0.841797 0.539062 0.839844 0.537109 0.843750 0.533203
0 0.193359 0.541016 0.187500 0.546875 0.181641 0.546875 0.175781 0.541016 0.175781 0.535156 0.181641 0.529297 0.187500 0.529297 0.193359 0.535156
0 0.753906 0.537109 0.753906 0.541016 0.750000 0.541016 0.748047 0.539062 0.751953 0.535156
0 0.765625 0.537109 0.765625 0.541016 0.761719 0.541016 0.759766 0.539062 0.763672 0.535156
0 0.419922 0.541016 0.419922 0.544922 0.416016 0.544922 0.414062 0.542969 0.417969 0.539062
0 0.462891 0.546875 0.460938 0.546875 0.458984 0.548828 0.455078 0.548828 0.453125 0.546875 0.453125 0.541016 0.455078 0.539062 0.458984 0.539062 0.460938 0.541016 0.462891 0.541016
0 0.675781 0.542969 0.675781 0.546875 0.671875 0.546875 0.669922 0.544922 0.673828 0.541016
0 0.759766 0.542969 0.759766 0.546875 0.755859 0.546875 0.753906 0.544922 0.757812 0.541016
0 0.839844 0.544922 0.839844 0.548828 0.835938 0.548828 0.833984 0.546875 0.837891 0.542969
0 0.431641 0.552734 0.429688 0.552734 0.427734 0.554688 0.423828 0.554688 0.421875 0.552734 0.421875 0.546875 0.423828 0.544922 0.427734 0.544922 0.429688 0.546875 0.431641 0.546875
0 0.623047 0.550781 0.621094 0.552734 0.621094 0.554688 0.619141 0.556641 0.613281 0.556641 0.611328 0.554688 0.611328 0.552734 0.609375 0.550781 0.609375 0.548828 0.611328 0.546875 0.611328 0.544922 0.613281 0.542969 0.619141 0.542969 0.621094 0.544922 0.621094 0.546875 0.623047 0.548828
0 0.638672 0.548828 0.638672 0.552734 0.634766 0.552734 0.632812 0.550781 0.636719 0.546875
0 0.669922 0.550781 0.667969 0.552734 0.667969 0.554688 0.666016 0.556641 0.660156 0.556641 0.658203 0.554688 0.658203 0.552734 0.656250 0.550781 0.656250 0.548828 0.658203 0.546875 0.658203 0.544922 0.660156 0.542969 0.666016 0.542969 0.667969 0.544922 0.667969 0.546875 0.669922 0.548828
0 0.292969 0.554688 0.291016 0.554688 0.289062 0.556641 0.285156 0.556641 0.283203 0.554688 0.283203 0.548828 0.285156 0.546875 0.289062 0.546875 0.291016 0.548828 0.292969 0.548828
0 0.560547 0.554688 0.558594 0.554688 0.556641 0.556641 0.552734 0.556641 0.550781 0.554688 0.550781 0.548828 0.552734 0.546875 0.556641 0.546875 0.558594 0.548828 0.560547 0.548828
0 0.578125 0.550781 0.578125 0.554688 0.574219 0.554688 0.572266 0.552734 0.576172 0.548828
0 0.677734 0.552734 0.675781 0.554688 0.675781 0.556641 0.673828 0.558594 0.667969 0.558594 0.666016 0.556641 0.666016 0.554688 0.664062 0.552734 0.664062 0.550781 0.666016 0.548828 0.666016 0.546875 0.667969 0.544922 0.673828 0.544922 0.675781 0.546875 0.675781 0.548828 0.677734 0.550781
0 0.695312 0.552734 0.695312 0.556641 0.691406 0.556641 0.689453 0.554688 0.693359 0.550781
0 0.630859 0.558594 0.628906 0.558594 0.626953 0.560547 0.623047 0.560547 0.621094 0.558594 0.621094 0.552734 0.623047 0.550781 0.626953 0.550781 0.628906 0.552734 0.630859 0.552734
0 0.894531 0.558594 0.892578 0.560547 0.892578 0.562500 0.890625 0.564453 0.884766 0.564453 0.882812 0.562500 0.882812 0.560547 0.880859 0.558594 0.880859 0.556641 0.882812 0.554688 0.882812 0.552734 0.884766 0.550781 0.890625 0.550781 0.892578 0.552734 0.892578 0.554688 0.894531 0.556641
0 0.464844 0.560547 0.462891 0.562500 0.462891 0.564453 0.460938 0.566406 0.455078 0.566406 0.453125 0.564453 0.453125 0.562500 0.451172 0.560547 0.451172 0.558594 0.453125 0.556641 0.453125 0.554688 0.455078 0.552734 0.460938 0.552734 0.462891 0.554688 0.462891 0.556641 0.464844 0.558594
0 0.662109 0.560547 0.662109 0.564453 0.658203 0.564453 0.656250 0.562500 0.660156 0.558594
0 0.671875 0.562500 0.671875 0.566406 0.667969 0.566406 0.666016 0.564453 0.669922 0.560547
0 0.441406 0.568359 0.439453 0.568359 0.437500 0.570312 0.433594 0.570312 0.431641 0.568359 0.431641 0.562500 0.433594 0.560547 0.437500 0.560547 0.439453 0.562500 0.441406 0.562500
0 0.453125 0.568359 0.451172 0.568359 0.449219 0.570312 0.445312 0.570312 0.443359 0.568359 0.443359 0.562500 0.445312 0.560547 0.449219 0.560547 0.451172 0.562500 0.453125 0.562500
0 0.582031 0.568359 0.580078 0.568359 0.578125 0.570312 0.574219 0.570312 0.572266 0.568359 0.572266 0.562500 0.574219 0.560547 0.578125 0.560547 0.580078 0.562500 0.582031 0.562500
0 0.984375 0.564453 0.984375 0.568359 0.980469 0.568359 0.978516 0.566406 0.982422 0.562500
0 0.287109 0.570312 0.285156 0.570312 0.283203 0.572266 0.279297 0.572266 0.277344 0.570312 0.277344 0.564453 0.279297 0.562500 0.283203 0.562500 0.285156 0.564453 0.287109 0.564453
0 0.730469 0.566406 0.730469 0.570312 0.726562 0.570312 0.724609 0.568359 0.728516 0.564453
0 0.570312 0.568359 0.570312 0.572266 0.566406 0.572266 0.564453 0.570312 0.568359 0.566406
0 0.904297 0.572266 0.902344 0.574219 0.902344 0.576172 0.900391 0.578125 0.894531 0.578125 0.892578 0.576172 0.892578 0.574219 0.890625 0.572266 0.890625 0.570312 0.892578 0.568359 0.892578 0.566406 0.894531 0.564453 0.900391 0.564453 0.902344 0.566406 0.902344 0.568359 0.904297 0.570312
0 0.978516 0.570312 0.978516 0.574219 0.974609 0.574219 0.972656 0.572266 0.976562 0.568359
0 0.191406 0.572266 0.191406 0.576172 0.187500 0.576172 0.185547 0.574219 0.189453 0.570312
0 0.451172 0.582031 0.449219 0.582031 0.447266 0.583984 0.437500 0.583984 0.431641 0.578125 0.431641 0.568359 0.433594 0.566406 0.435547 0.566406 0.435547 0.564453 0.437500 0.562500 0.447266 0.562500 0.453125 0.568359 0.453125 0.578125 0.451172 0.580078
0 0.742188 0.572266 0.742188 0.576172 0.738281 0.576172 0.736328 0.574219 0.740234 0.570312
0 0.998047 0.570312 0.998047 0.576172 0.996094 0.576172 0.994141 0.574219
0 0.156250 0.578125 0.154297 0.578125 0.152344 0.580078 0.148438 0.580078 0.146484 0.578125 0.146484 0.572266 0.148438 0.570312 0.152344 0.570312 0.154297 0.572266 0.156250 0.572266
0 0.496094 0.578125 0.494141 0.578125 0.492188 0.580078 0.488281 0.580078 0.486328 0.578125 0.486328 0.572266 0.488281 0.570312 0.492188 0.570312 0.494141 0.572266 0.496094 0.572266
0 0.562500 0.580078 0.560547 0.580078 0.558594 0.582031 0.554688 0.582031 0.552734 0.580078 0.552734 0.574219 0.554688 0.572266 0.558594 0.572266 0.560547 0.574219 0.562500 0.574219
0 0.689453 0.578125 0.689453 0.582031 0.685547 0.582031 0.683594 0.580078 0.687500 0.576172
0 0.734375 0.578125 0.734375 0.582031 0.730469 0.582031 0.728516 0.580078 0.732422 0.576172
0 0.998047 0.583984 0.994141 0.583984 0.992188 0.582031 0.992188 0.576172 0.994141 0.574219 0.998047 0.574219
0 0.177734 0.580078 0.177734 0.583984 0.173828 0.583984 0.171875 0.582031 0.175781 0.578125
0 0.416016 0.580078 0.416016 0.583984 0.412109 0.583984 0.410156 0.582031 0.414062 0.578125
0 0.880859 0.585938 0.875000 0.591797 0.869141 0.591797 0.863281 0.585938 0.863281 0.580078 0.869141 0.574219 0.875000 0.574219 0.880859 0.580078
0 0.681641 0.587891 0.679688 0.587891 0.677734 0.589844 0.673828 0.589844 0.671875 0.587891 0.671875 0.582031 0.673828 0.580078 0.677734 0.580078 0.679688 0.582031 0.681641 0.582031
0 0.986328 0.583984 0.986328 0.587891 0.982422 0.587891 0.980469 0.585938 0.984375 0.582031
0 0.400391 0.585938 0.400391 0.589844 0.396484 0.589844 0.394531 0.587891 0.398438 0.583984
0 0.177734 0.587891 0.177734 0.591797 0.173828 0.591797 0.171875 0.589844 0.175781 0.585938
0 0.503906 0.587891 0.503906 0.591797 0.500000 0.591797 0.498047 0.589844 0.501953 0.585938
0 0.912109 0.589844 0.910156 0.591797 0.910156 0.593750 0.908203 0.595703 0.902344 0.595703 0.900391 0.593750 0.900391 0.591797 0.898438 0.589844 0.898438 0.587891 0.900391 0.585938 0.900391 0.583984 0.902344 0.582031 0.908203 0.582031 0.910156 0.583984 0.910156 0.585938 0.912109 0.587891
0 0.140625 0.599609 0.138672 0.599609 0.136719 0.601562 0.126953 0.601562 0.121094 0.595703 0.121094 0.585938 0.123047 0.583984 0.125000 0.583984 0.125000 0.582031 0.126953 0.580078 0.136719 0.580078 0.142578 0.585938 0.142578 0.595703 0.140625 0.597656
0 0.431641 0.593750 0.425781 0.599609 0.419922 0.599609 0.414062 0.593750 0.414062 0.587891 0.419922 0.582031 0.425781 0.582031 0.431641 0.587891
0 0.521484 0.589844 0.521484 0.593750 0.517578 0.593750 0.515625 0.591797 0.519531 0.587891
0 0.691406 0.589844 0.691406 0.593750 0.687500 0.593750 0.685547 0.591797 0.689453 0.587891
0 0.455078 0.595703 0.453125 0.595703 0.451172 0.597656 0.447266 0.597656 0.445312 0.595703 0.445312 0.589844 0.447266 0.587891 0.451172 0.587891 0.453125 0.589844 0.455078 0.589844
0 0.486328 0.591797 0.486328 0.595703 0.482422 0.595703 0.480469 0.593750 0.484375 0.589844
0 0.533203 0.591797 0.533203 0.595703 0.529297 0.595703 0.527344 0.593750 0.531250 0.589844
0 0.500000 0.593750 0.500000 0.597656 0.496094 0.597656 0.494141 0.595703 0.498047 0.591797
0 0.195312 0.597656 0.193359 0.599609 0.193359 0.601562 0.191406 0.603516 0.185547 0.603516 0.183594 0.601562 0.183594 0.599609 0.181641 0.597656 0.181641 0.595703 0.183594 0.593750 0.183594 0.591797 0.185547 0.589844 0.191406 0.589844 0.193359 0.591797 0.193359 0.593750 0.195312 0.595703
0 0.521484 0.595703 0.521484 0.599609 0.517578 0.599609 0.515625 0.597656 0.519531 0.593750
0 0.408203 0.601562 0.406250 0.601562 0.404297 0.603516 0.400391 0.603516 0.398438 0.601562 0.398438 0.595703 0.400391 0.593750 0.404297 0.593750 0.406250 0.595703 0.408203 0.595703
0 0.890625 0.601562 0.888672 0.603516 0.888672 0.605469 0.886719 0.607422 0.880859 0.607422 0.878906 0.605469 0.878906 0.603516 0.876953 0.601562 0.876953 0.599609 0.878906 0.597656 0.878906 0.595703 0.880859 0.593750 0.886719 0.593750 0.888672 0.595703 0.888672 0.597656 0.890625 0.599609
0 0.156250 0.601562 0.156250 0.605469 0.152344 0.605469 0.150391 0.603516 0.154297 0.599609
0 0.324219 0.605469 0.322266 0.605469 0.320312 0.607422 0.316406 0.607422 0.314453 0.605469 0.314453 0.599609 0.316406 0.597656 0.320312 0.597656 0.322266 0.599609 0.324219 0.599609
0 0.449219 0.601562 0.449219 0.605469 0.445312 0.605469 0.443359 0.603516 0.447266 0.599609
0 0.441406 0.609375 0.439453 0.609375 0.437500 0.611328 0.433594 0.611328 0.431641 0.609375 0.431641 0.603516 0.433594 0.601562 0.437500 0.601562 0.439453 0.603516 0.441406 0.603516
0 0.720703 0.605469 0.720703 0.609375 0.716797 0.609375 0.714844 0.607422 0.718750 0.603516
0 0.753906 0.605469 0.753906 0.609375 0.750000 0.609375 0.748047 0.607422 0.751953 0.603516
0 0.904297 0.605469 0.904297 0.609375 0.900391 0.609375 0.898438 0.607422 0.902344 0.603516
0 0.201172 0.611328 0.199219 0.611328 0.197266 0.613281 0.193359 0.613281 0.191406 0.611328 0.191406 0.605469 0.193359 0.603516 0.197266 0.603516 0.199219 0.605469 0.201172 0.605469
0 0.630859 0.607422 0.630859 0.611328 0.626953 0.611328 0.625000 0.609375 0.628906 0.605469
0 0.746094 0.607422 0.746094 0.611328 0.742188 0.611328 0.740234 0.609375 0.744141 0.605469
0 0.105469 0.619141 0.103516 0.619141 0.101562 0.621094 0.091797 0.621094 0.085938 0.615234 0.085938 0.605469 0.087891 0.603516 0.089844 0.603516 0.089844 0.601562 0.091797 0.599609 0.101562 0.599609 0.107422 0.605469 0.107422 0.615234 0.105469 0.617188
0 0.185547 0.611328 0.185547 0.615234 0.181641 0.615234 0.179688 0.613281 0.183594 0.609375
0 0.144531 0.617188 0.142578 0.617188 0.140625 0.619141 0.136719 0.619141 0.134766 0.617188 0.134766 0.611328 0.136719 0.609375 0.140625 0.609375 0.142578 0.611328 0.144531 0.611328
0 0.722656 0.613281 0.722656 0.617188 0.718750 0.617188 0.716797 0.615234 0.720703 0.611328
0 0.783203 0.613281 0.783203 0.617188 0.779297 0.617188 0.777344 0.615234 0.781250 0.611328
0 0.029297 0.625000 0.027344 0.625000 0.025391 0.626953 0.015625 0.626953 0.009766 0.621094 0.009766 0.611328 0.015625 0.605469 0.025391 0.605469 0.031250 0.611328 0.031250 0.621094 0.029297 0.623047
0 0.210938 0.615234 0.210938 0.619141 0.207031 0.619141 0.205078 0.617188 0.208984 0.613281
0 0.322266 0.619141 0.320312 0.619141 0.318359 0.621094 0.314453 0.621094 0.312500 0.619141 0.312500 0.613281 0.314453 0.611328 0.318359 0.611328 0.320312 0.613281 0.322266 0.613281
0 0.642578 0.615234 0.642578 0.619141 0.638672 0.619141 0.636719 0.617188 0.640625 0.613281
0 0.453125 0.619141 0.453125 0.623047 0.449219 0.623047 0.447266 0.621094 0.451172 0.617188
0 0.203125 0.621094 0.203125 0.625000 0.199219 0.625000 0.197266 0.623047 0.201172 0.619141
0 0.441406 0.621094 0.441406 0.625000 0.437500 0.625000 0.435547 0.623047 0.439453 0.619141
0 0.568359 0.621094 0.568359 0.625000 0.564453 0.625000 0.562500 0.623047 0.566406 0.619141
0 0.769531 0.625000 0.767578 0.625000 0.765625 0.626953 0.761719 0.626953 0.759766 0.625000 0.759766 0.619141 0.761719 0.617188 0.765625 0.617188 0.767578 0.619141 0.769531 0.619141
0 0.513672 0.625000 0.511719 0.626953 0.511719 0.628906 0.509766 0.630859 0.503906 0.630859 0.501953 0.628906 0.501953 0.626953 0.500000 0.625000 0.500000 0.623047 0.501953 0.621094 0.501953 0.619141 0.503906 0.617188 0.509766 0.617188 0.511719 0.619141 0.511719 0.621094 0.513672 0.623047
0 0.783203 0.623047 0.783203 0.626953 0.779297 0.626953 0.777344 0.625000 0.781250 0.621094
0 0.345703 0.628906 0.343750 0.628906 0.341797 0.630859 0.337891 0.630859 0.335938 0.628906 0.335938 0.623047 0.337891 0.621094 0.341797 0.621094 0.343750 0.623047 0.345703 0.623047
0 0.558594 0.625000 0.558594 0.628906 0.554688 0.628906 0.552734 0.626953 0.556641 0.623047
0 0.443359 0.626953 0.443359 0.630859 0.439453 0.630859 0.437500 0.628906 0.441406 0.625000
0 0.583984 0.626953 0.583984 0.630859 0.580078 0.630859 0.578125 0.628906 0.582031 0.625000
0 0.304688 0.630859 0.302734 0.632812 0.302734 0.634766 0.300781 0.636719 0.294922 0.636719 0.292969 0.634766 0.292969 0.632812 0.291016 0.630859 0.291016 0.628906 0.292969 0.626953 0.292969 0.625000 0.294922 0.623047 0.300781 0.623047 0.302734 0.625000 0.302734 0.626953 0.304688 0.628906
0 0.410156 0.628906 0.410156 0.632812 0.406250 0.632812 0.404297 0.630859 0.408203 0.626953
0 0.775391 0.632812 0.773438 0.632812 0.771484 0.634766 0.767578 0.634766 0.765625 0.632812 0.765625 0.626953 0.767578 0.625000 0.771484 0.625000 0.773438 0.626953 0.775391 0.626953
0 0.574219 0.634766 0.572266 0.634766 0.570312 0.636719 0.566406 0.636719 0.564453 0.634766 0.564453 0.628906 0.566406 0.626953 0.570312 0.626953 0.572266 0.628906 0.574219 0.628906
0 0.275391 0.636719 0.269531 0.642578 0.263672 0.642578 0.257812 0.636719 0.257812 0.630859 0.263672 0.625000 0.269531 0.625000 0.275391 0.630859
0 0.357422 0.632812 0.357422 0.636719 0.353516 0.636719 0.351562 0.634766 0.355469 0.630859
0 0.589844 0.632812 0.589844 0.636719 0.585938 0.636719 0.583984 0.634766 0.587891 0.630859
0 0.740234 0.636719 0.738281 0.636719 0.736328 0.638672 0.732422 0.638672 0.730469 0.636719 0.730469 0.630859 0.732422 0.628906 0.736328 0.628906 0.738281 0.630859 0.740234 0.630859
0 0.257812 0.638672 0.255859 0.638672 0.253906 0.640625 0.250000 0.640625 0.248047 0.638672 0.248047 0.632812 0.250000 0.630859 0.253906 0.630859 0.255859 0.632812 0.257812 0.632812
0 0.400391 0.634766 0.400391 0.638672 0.396484 0.638672 0.394531 0.636719 0.398438 0.632812
0 0.710938 0.634766 0.710938 0.638672 0.707031 0.638672 0.705078 0.636719 0.708984 0.632812
0 0.251953 0.640625 0.250000 0.640625 0.248047 0.642578 0.244141 0.642578 0.242188 0.640625 0.242188 0.634766 0.244141 0.632812 0.248047 0.632812 0.250000 0.634766 0.251953 0.634766
0 0.333984 0.640625 0.332031 0.640625 0.330078 0.642578 0.326172 0.642578 0.324219 0.640625 0.324219 0.634766 0.326172 0.632812 0.330078 0.632812 0.332031 0.634766 0.333984 0.634766
0 0.542969 0.638672 0.541016 0.640625 0.541016 0.642578 0.539062 0.644531 0.533203 0.644531 0.531250 0.642578 0.531250 0.640625 0.529297 0.638672 0.529297 0.636719 0.531250 0.634766 0.531250 0.632812 0.533203 0.630859 0.539062 0.630859 0.541016 0.632812 0.541016 0.634766 0.542969 0.636719
0 0.728516 0.640625 0.726562 0.640625 0.724609 0.642578 0.720703 0.642578 0.718750 0.640625 0.718750 0.634766 0.720703 0.632812 0.724609 0.632812 0.726562 0.634766 0.728516 0.634766
0 0.246094 0.642578 0.244141 0.642578 0.242188 0.644531 0.238281 0.644531 0.236328 0.642578 0.236328 0.636719 0.238281 0.634766 0.242188 0.634766 0.244141 0.636719 0.246094 0.636719
0 0.498047 0.640625 0.496094 0.642578 0.496094 0.644531 0.494141 0.646484 0.488281 0.646484 0.486328 0.644531 0.486328 0.642578 0.484375 0.640625 0.484375 0.638672 0.486328 0.636719 0.486328 0.634766 0.488281 0.632812 0.494141 0.632812 0.496094 0.634766 0.496094 0.636719 0.498047 0.638672
0 0.238281 0.652344 0.236328 0.652344 0.234375 0.654297 0.224609 0.654297 0.218750 0.648438 0.218750 0.638672 0.220703 0.636719 0.222656 0.636719 0.222656 0.634766 0.224609 0.632812 0.234375 0.632812 0.240234 0.638672 0.240234 0.648438 0.238281 0.650391
0 0.724609 0.646484 0.722656 0.646484 0.720703 0.648438 0.716797 0.648438 0.714844 0.646484 0.714844 0.640625 0.716797 0.638672 0.720703 0.638672 0.722656 0.640625 0.724609 0.640625
0 0.199219 0.648438 0.197266 0.648438 0.195312 0.650391 0.191406 0.650391 0.189453 0.648438 0.189453 0.642578 0.191406 0.640625 0.195312 0.640625 0.197266 0.642578 0.199219 0.642578
0 0.240234 0.644531 0.240234 0.648438 0.236328 0.648438 0.234375 0.646484 0.238281 0.642578
0 0.214844 0.650391 0.208984 0.656250 0.203125 0.656250 0.197266 0.650391 0.197266 0.644531 0.203125 0.638672 0.208984 0.638672 0.214844 0.644531
0 0.748047 0.650391 0.746094 0.650391 0.744141 0.652344 0.740234 0.652344 0.738281 0.650391 0.738281 0.644531 0.740234 0.642578 0.744141 0.642578 0.746094 0.644531 0.748047 0.644531
0 0.300781 0.652344 0.298828 0.652344 0.296875 0.654297 0.292969 0.654297 0.291016 0.652344 0.291016 0.646484 0.292969 0.644531 0.296875 0.644531 0.298828 0.646484 0.300781 0.646484
0 0.320312 0.652344 0.318359 0.652344 0.316406 0.654297 0.312500 0.654297 0.310547 0.652344 0.310547 0.646484 0.312500 0.644531 0.316406 0.644531 0.318359 0.646484 0.320312 0.646484
0 0.113281 0.660156 0.111328 0.660156 0.109375 0.662109 0.099609 0.662109 0.093750 0.656250 0.093750 0.646484 0.095703 0.644531 0.097656 0.644531 0.097656 0.642578 0.099609 0.640625 0.109375 0.640625 0.115234 0.646484 0.115234 0.656250 0.113281 0.658203
0 0.312500 0.654297 0.310547 0.654297 0.308594 0.656250 0.304688 0.656250 0.302734 0.654297 0.302734 0.648438 0.304688 0.646484 0.308594 0.646484 0.310547 0.648438 0.312500 0.648438
0 0.164062 0.656250 0.162109 0.656250 0.160156 0.658203 0.156250 0.658203 0.154297 0.656250 0.154297 0.650391 0.156250 0.648438 0.160156 0.648438 0.162109 0.650391 0.164062 0.650391
0 0.283203 0.658203 0.281250 0.658203 0.279297 0.660156 0.275391 0.660156 0.273438 0.658203 0.273438 0.652344 0.275391 0.650391 0.279297 0.650391 0.281250 0.652344 0.283203 0.652344
0 0.523438 0.658203 0.521484 0.660156 0.521484 0.662109 0.519531 0.664062 0.513672 0.664062 0.511719 0.662109 0.511719 0.660156 0.509766 0.658203 0.509766 0.656250 0.511719 0.654297 0.511719 0.652344 0.513672 0.650391 0.519531 0.650391 0.521484 0.652344 0.521484 0.654297 0.523438 0.656250
0 0.144531 0.662109 0.142578 0.664062 0.142578 0.666016 0.140625 0.667969 0.134766 0.667969 0.132812 0.666016 0.132812 0.664062 0.130859 0.662109 0.130859 0.660156 0.132812 0.658203 0.132812 0.656250 0.134766 0.654297 0.140625 0.654297 0.142578 0.656250 0.142578 0.658203 0.144531 0.660156
0 0.265625 0.666016 0.263672 0.666016 0.261719 0.667969 0.257812 0.667969 0.255859 0.666016 0.255859 0.660156 0.257812 0.658203 0.261719 0.658203 0.263672 0.660156 0.265625 0.660156
0 0.810547 0.662109 0.810547 0.666016 0.806641 0.666016 0.804688 0.664062 0.808594 0.660156
0 0.250000 0.667969 0.248047 0.667969 0.246094 0.669922 0.242188 0.669922 0.240234 0.667969 0.240234 0.662109 0.242188 0.660156 0.246094 0.660156 0.248047 0.662109 0.250000 0.662109
0 0.634766 0.669922 0.632812 0.669922 0.630859 0.671875 0.626953 0.671875 0.625000 0.669922 0.625000 0.664062 0.626953 0.662109 0.630859 0.662109 0.632812 0.664062 0.634766 0.664062
0 0.240234 0.673828 0.238281 0.673828 0.236328 0.675781 0.232422 0.675781 0.230469 0.673828 0.230469 0.667969 0.232422 0.666016 0.236328 0.666016 0.238281 0.667969 0.240234 0.667969
0 0.406250 0.669922 0.406250 0.673828 0.402344 0.673828 0.400391 0.671875 0.404297 0.667969
0 0.417969 0.671875 0.416016 0.673828 0.416016 0.675781 0.414062 0.677734 0.408203 0.677734 0.406250 0.675781 0.406250 0.673828 0.404297 0.671875 0.404297 0.669922 0.406250 0.667969 0.406250 0.666016 0.408203 0.664062 0.414062 0.664062 0.416016 0.666016 0.416016 0.667969 0.417969 0.669922
0 0.433594 0.669922 0.433594 0.673828 0.429688 0.673828 0.427734 0.671875 0.431641 0.667969
0 0.804688 0.671875 0.804688 0.675781 0.800781 0.675781 0.798828 0.673828 0.802734 0.669922
0 0.048828 0.683594 0.046875 0.683594 0.044922 0.685547 0.035156 0.685547 0.029297 0.679688 0.029297 0.669922 0.031250 0.667969 0.033203 0.667969 0.033203 0.666016 0.035156 0.664062 0.044922 0.664062 0.050781 0.669922 0.050781 0.679688 0.048828 0.681641
0 0.224609 0.679688 0.222656 0.679688 0.220703 0.681641 0.216797 0.681641 0.214844 0.679688 0.214844 0.673828 0.216797 0.671875 0.220703 0.671875 0.222656 0.673828 0.224609 0.673828
0 0.919922 0.675781 0.919922 0.679688 0.916016 0.679688 0.914062 0.677734 0.917969 0.673828
0 0.486328 0.681641 0.484375 0.681641 0.482422 0.683594 0.478516 0.683594 0.476562 0.681641 0.476562 0.675781 0.478516 0.673828 0.482422 0.673828 0.484375 0.675781 0.486328 0.675781
0 0.353516 0.681641 0.351562 0.683594 0.351562 0.685547 0.349609 0.687500 0.343750 0.687500 0.341797 0.685547 0.341797 0.683594 0.339844 0.681641 0.339844 0.679688 0.341797 0.677734 0.341797 0.675781 0.343750 0.673828 0.349609 0.673828 0.351562 0.675781 0.351562 0.677734 0.353516 0.679688
0 0.396484 0.681641 0.394531 0.683594 0.394531 0.685547 0.392578 0.687500 0.386719 0.687500 0.384766 0.685547 0.384766 0.683594 0.382812 0.681641 0.382812 0.679688 0.384766 0.677734 0.384766 0.675781 0.386719 0.673828 0.392578 0.673828 0.394531 0.675781 0.394531 0.677734 0.396484 0.679688
0 0.617188 0.681641 0.615234 0.683594 0.615234 0.685547 0.613281 0.687500 0.607422 0.687500 0.605469 0.685547 0.605469 0.683594 0.603516 0.681641 0.603516 0.679688 0.605469 0.677734 0.605469 0.675781 0.607422 0.673828 0.613281 0.673828 0.615234 0.675781 0.615234 0.677734 0.617188 0.679688
0 0.646484 0.681641 0.644531 0.683594 0.644531 0.685547 0.642578 0.687500 0.636719 0.687500 0.634766 0.685547 0.634766 0.683594 0.632812 0.681641 0.632812 0.679688 0.634766 0.677734 0.634766 0.675781 0.636719 0.673828 0.642578 0.673828 0.644531 0.675781 0.644531 0.677734 0.646484 0.679688
0 0.296875 0.697266 0.294922 0.697266 0.292969 0.699219 0.283203 0.699219 0.277344 0.693359 0.277344 0.683594 0.279297 0.681641 0.281250 0.681641 0.281250 0.679688 0.283203 0.677734 0.292969 0.677734 0.298828 0.683594 0.298828 0.693359 0.296875 0.695312
0 0.656250 0.687500 0.656250 0.691406 0.652344 0.691406 0.650391 0.689453 0.654297 0.685547
0 0.890625 0.689453 0.888672 0.691406 0.888672 0.693359 0.886719 0.695312 0.880859 0.695312 0.878906 0.693359 0.878906 0.691406 0.876953 0.689453 0.876953 0.687500 0.878906 0.685547 0.878906 0.683594 0.880859 0.681641 0.886719 0.681641 0.888672 0.683594 0.888672 0.685547 0.890625 0.687500
0 0.548828 0.693359 0.546875 0.693359 0.544922 0.695312 0.541016 0.695312 0.539062 0.693359 0.539062 0.687500 0.541016 0.685547 0.544922 0.685547 0.546875 0.687500 0.548828 0.687500
0 0.056641 0.693359 0.054688 0.695312 0.054688 0.697266 0.052734 0.699219 0.046875 0.699219 0.044922 0.697266 0.044922 0.695312 0.042969 0.693359 0.042969 0.691406 0.044922 0.689453 0.044922 0.687500 0.046875 0.685547 0.052734 0.685547 0.054688 0.687500 0.054688 0.689453 0.056641 0.691406
0 0.281250 0.695312 0.279297 0.695312 0.277344 0.697266 0.273438 0.697266 0.271484 0.695312 0.271484 0.689453 0.273438 0.687500 0.277344 0.687500 0.279297 0.689453 0.281250 0.689453
0 0.302734 0.695312 0.300781 0.695312 0.298828 0.697266 0.294922 0.697266 0.292969 0.695312 0.292969 0.689453 0.294922 0.687500 0.298828 0.687500 0.300781 0.689453 0.302734 0.689453
0 0.367188 0.695312 0.361328 0.701172 0.355469 0.701172 0.349609 0.695312 0.349609 0.689453 0.355469 0.683594 0.361328 0.683594 0.367188 0.689453
0 0.451172 0.693359 0.449219 0.695312 0.449219 0.697266 0.447266 0.699219 0.441406 0.699219 0.439453 0.697266 0.439453 0.695312 0.437500 0.693359 0.437500 0.691406 0.439453 0.689453 0.439453 0.687500 0.441406 0.685547 0.447266 0.685547 0.449219 0.687500 0.449219 0.689453 0.451172 0.691406
0 0.558594 0.691406 0.558594 0.695312 0.554688 0.695312 0.552734 0.693359 0.556641 0.689453
0 0.722656 0.691406 0.722656 0.695312 0.718750 0.695312 0.716797 0.693359 0.720703 0.689453
0 0.925781 0.691406 0.925781 0.695312 0.921875 0.695312 0.919922 0.693359 0.923828 0.689453
0 0.318359 0.697266 0.316406 0.697266 0.314453 0.699219 0.310547 0.699219 0.308594 0.697266 0.308594 0.691406 0.310547 0.689453 0.314453 0.689453 0.316406 0.691406 0.318359 0.691406
0 0.623047 0.703125 0.621094 0.703125 0.619141 0.705078 0.609375 0.705078 0.603516 0.699219 0.603516 0.689453 0.605469 0.687500 0.607422 0.687500 0.607422 0.685547 0.609375 0.683594 0.619141 0.683594 0.625000 0.689453 0.625000 0.699219 0.623047 0.701172
0 0.265625 0.699219 0.263672 0.699219 0.261719 0.701172 0.257812 0.701172 0.255859 0.699219 0.255859 0.693359 0.257812 0.691406 0.261719 0.691406 0.263672 0.693359 0.265625 0.693359
0 0.470703 0.697266 0.468750 0.699219 0.468750 0.701172 0.466797 0.703125 0.460938 0.703125 0.458984 0.701172 0.458984 0.699219 0.457031 0.697266 0.457031 0.695312 0.458984 0.693359 0.458984 0.691406 0.460938 0.689453 0.466797 0.689453 0.468750 0.691406 0.468750 0.693359 0.470703 0.695312
0 0.505859 0.699219 0.503906 0.699219 0.501953 0.701172 0.498047 0.701172 0.496094 0.699219 0.496094 0.693359 0.498047 0.691406 0.501953 0.691406 0.503906 0.693359 0.505859 0.693359
0 0.650391 0.695312 0.650391 0.699219 0.646484 0.699219 0.644531 0.697266 0.648438 0.693359
0 0.931641 0.695312 0.931641 0.699219 0.927734 0.699219 0.925781 0.697266 0.929688 0.693359
0 0.937500 0.695312 0.937500 0.699219 0.933594 0.699219 0.931641 0.697266 0.935547 0.693359
0 0.216797 0.707031 0.214844 0.707031 0.212891 0.708984 0.203125 0.708984 0.197266 0.703125 0.197266 0.693359 0.199219 0.691406 0.201172 0.691406 0.201172 0.689453 0.203125 0.687500 0.212891 0.687500 0.218750 0.693359 0.218750 0.703125 0.216797 0.705078
0 0.582031 0.697266 0.582031 0.701172 0.578125 0.701172 0.576172 0.699219 0.580078 0.695312
0 0.869141 0.701172 0.867188 0.701172 0.865234 0.703125 0.861328 0.703125 0.859375 0.701172 0.859375 0.695312 0.861328 0.693359 0.865234 0.693359 0.867188 0.695312 0.869141 0.695312
0 0.410156 0.701172 0.408203 0.703125 0.408203 0.705078 0.406250 0.707031 0.400391 0.707031 0.398438 0.705078 0.398438 0.703125 0.396484 0.701172 0.396484 0.699219 0.398438 0.697266 0.398438 0.695312 0.400391 0.693359 0.406250 0.693359 0.408203 0.695312 0.408203 0.697266 0.410156 0.699219
0 0.691406 0.699219 0.691406 0.703125 0.687500 0.703125 0.685547 0.701172 0.689453 0.697266
0 0.246094 0.705078 0.244141 0.705078 0.242188 0.707031 0.238281 0.707031 0.236328 0.705078 0.236328 0.699219 0.238281 0.697266 0.242188 0.697266 0.244141 0.699219 0.246094 0.699219
0 0.552734 0.701172 0.552734 0.705078 0.548828 0.705078 0.546875 0.703125 0.550781 0.699219
0 0.578125 0.705078 0.576172 0.705078 0.574219 0.707031 0.570312 0.707031 0.568359 0.705078 0.568359 0.699219 0.570312 0.697266 0.574219 0.697266 0.576172 0.699219 0.578125 0.699219
0 0.601562 0.703125 0.599609 0.705078 0.599609 0.707031 0.597656 0.708984 0.591797 0.708984 0.589844 0.707031 0.589844 0.705078 0.587891 0.703125 0.587891 0.701172 0.589844 0.699219 0.589844 0.697266 0.591797 0.695312 0.597656 0.695312 0.599609 0.697266 0.599609 0.699219 0.601562 0.701172
0 0.236328 0.707031 0.234375 0.707031 0.232422 0.708984 0.228516 0.708984 0.226562 0.707031 0.226562 0.701172 0.228516 0.699219 0.232422 0.699219 0.234375 0.701172 0.236328 0.701172
0 0.683594 0.703125 0.683594 0.707031 0.679688 0.707031 0.677734 0.705078 0.681641 0.701172
0 0.697266 0.705078 0.697266 0.708984 0.693359 0.708984 0.691406 0.707031 0.695312 0.703125
0 0.201172 0.710938 0.199219 0.710938 0.197266 0.712891 0.193359 0.712891 0.191406 0.710938 0.191406 0.705078 0.193359 0.703125 0.197266 0.703125 0.199219 0.705078 0.201172 0.705078
0 0.222656 0.707031 0.222656 0.710938 0.218750 0.710938 0.216797 0.708984 0.220703 0.705078
0 0.435547 0.710938 0.429688 0.716797 0.423828 0.716797 0.417969 0.710938 0.417969 0.705078 0.423828 0.699219 0.429688 0.699219 0.435547 0.705078
0 0.078125 0.710938 0.076172 0.712891 0.076172 0.714844 0.074219 0.716797 0.068359 0.716797 0.066406 0.714844 0.066406 0.712891 0.064453 0.710938 0.064453 0.708984 0.066406 0.707031 0.066406 0.705078 0.068359 0.703125 0.074219 0.703125 0.076172 0.705078 0.076172 0.707031 0.078125 0.708984
0 0.476562 0.710938 0.474609 0.712891 0.474609 0.714844 0.472656 0.716797 0.466797 0.716797 0.464844 0.714844 0.464844 0.712891 0.462891 0.710938 0.462891 0.708984 0.464844 0.707031 0.464844 0.705078 0.466797 0.703125 0.472656 0.703125 0.474609 0.705078 0.474609 0.707031 0.476562 0.708984
0 0.501953 0.712891 0.500000 0.712891 0.498047 0.714844 0.494141 0.714844 0.492188 0.712891 0.492188 0.707031 0.494141 0.705078 0.498047 0.705078 0.500000 0.707031 0.501953 0.707031
0 0.576172 0.712891 0.574219 0.712891 0.572266 0.714844 0.568359 0.714844 0.566406 0.712891 0.566406 0.707031 0.568359 0.705078 0.572266 0.705078 0.574219 0.707031 0.576172 0.707031
0 0.279297 0.712891 0.277344 0.714844 0.277344 0.716797 0.275391 0.718750 0.269531 0.718750 0.267578 0.716797 0.267578 0.714844 0.265625 0.712891 0.265625 0.710938 0.267578 0.708984 0.267578 0.707031 0.269531 0.705078 0.275391 0.705078 0.277344 0.707031 0.277344 0.708984 0.279297 0.710938
0 0.646484 0.714844 0.644531 0.714844 0.642578 0.716797 0.638672 0.716797 0.636719 0.714844 0.636719 0.708984 0.638672 0.707031 0.642578 0.707031 0.644531 0.708984 0.646484 0.708984
0 0.691406 0.710938 0.691406 0.714844 0.687500 0.714844 0.685547 0.712891 0.689453 0.708984
0 0.308594 0.716797 0.302734 0.722656 0.296875 0.722656 0.291016 0.716797 0.291016 0.710938 0.296875 0.705078 0.302734 0.705078 0.308594 0.710938
0 0.894531 0.718750 0.892578 0.718750 0.890625 0.720703 0.886719 0.720703 0.884766 0.718750 0.884766 0.712891 0.886719 0.710938 0.890625 0.710938 0.892578 0.712891 0.894531 0.712891
0 0.253906 0.718750 0.251953 0.720703 0.251953 0.722656 0.250000 0.724609 0.244141 0.724609 0.242188 0.722656 0.242188 0.720703 0.240234 0.718750 0.240234 0.716797 0.242188 0.714844 0.242188 0.712891 0.244141 0.710938 0.250000 0.710938 0.251953 0.712891 0.251953 0.714844 0.253906 0.716797
0 0.337891 0.720703 0.332031 0.726562 0.326172 0.726562 0.320312 0.720703 0.320312 0.714844 0.326172 0.708984 0.332031 0.708984 0.337891 0.714844
0 0.228516 0.722656 0.226562 0.722656 0.224609 0.724609 0.220703 0.724609 0.218750 0.722656 0.218750 0.716797 0.220703 0.714844 0.224609 0.714844 0.226562 0.716797 0.228516 0.716797
0 0.583984 0.718750 0.583984 0.722656 0.580078 0.722656 0.578125 0.720703 0.582031 0.716797
0 0.208984 0.726562 0.207031 0.726562 0.205078 0.728516 0.201172 0.728516 0.199219 0.726562 0.199219 0.720703 0.201172 0.718750 0.205078 0.718750 0.207031 0.720703 0.208984 0.720703
0 0.289062 0.726562 0.287109 0.726562 0.285156 0.728516 0.281250 0.728516 0.279297 0.726562 0.279297 0.720703 0.281250 0.718750 0.285156 0.718750 0.287109 0.720703 0.289062 0.720703
0 0.884766 0.726562 0.882812 0.726562 0.880859 0.728516 0.876953 0.728516 0.875000 0.726562 0.875000 0.720703 0.876953 0.718750 0.880859 0.718750 0.882812 0.720703 0.884766 0.720703
0 0.435547 0.734375 0.433594 0.734375 0.431641 0.736328 0.421875 0.736328 0.416016 0.730469 0.416016 0.720703 0.417969 0.718750 0.419922 0.718750 0.419922 0.716797 0.421875 0.714844 0.431641 0.714844 0.437500 0.720703 0.437500 0.730469 0.435547 0.732422
0 0.603516 0.734375 0.601562 0.734375 0.599609 0.736328 0.589844 0.736328 0.583984 0.730469 0.583984 0.720703 0.585938 0.718750 0.587891 0.718750 0.587891 0.716797 0.589844 0.714844 0.599609 0.714844 0.605469 0.720703 0.605469 0.730469 0.603516 0.732422
0 0.654297 0.728516 0.652344 0.728516 0.650391 0.730469 0.646484 0.730469 0.644531 0.728516 0.644531 0.722656 0.646484 0.720703 0.650391 0.720703 0.652344 0.722656 0.654297 0.722656
0 0.486328 0.730469 0.484375 0.730469 0.482422 0.732422 0.478516 0.732422 0.476562 0.730469 0.476562 0.724609 0.478516 0.722656 0.482422 0.722656 0.484375 0.724609 0.486328 0.724609
0 0.615234 0.730469 0.609375 0.736328 0.603516 0.736328 0.597656 0.730469 0.597656 0.724609 0.603516 0.718750 0.609375 0.718750 0.615234 0.724609
0 0.355469 0.732422 0.349609 0.738281 0.343750 0.738281 0.337891 0.732422 0.337891 0.726562 0.343750 0.720703 0.349609 0.720703 0.355469 0.726562
0 0.511719 0.738281 0.509766 0.738281 0.507812 0.740234 0.498047 0.740234 0.492188 0.734375 0.492188 0.724609 0.494141 0.722656 0.496094 0.722656 0.496094 0.720703 0.498047 0.718750 0.507812 0.718750 0.513672 0.724609 0.513672 0.734375 0.511719 0.736328
0 0.455078 0.734375 0.453125 0.734375 0.451172 0.736328 0.447266 0.736328 0.445312 0.734375 0.445312 0.728516 0.447266 0.726562 0.451172 0.726562 0.453125 0.728516 0.455078 0.728516
0 0.537109 0.736328 0.535156 0.736328 0.533203 0.738281 0.529297 0.738281 0.527344 0.736328 0.527344 0.730469 0.529297 0.728516 0.533203 0.728516 0.535156 0.730469 0.537109 0.730469
0 0.894531 0.736328 0.892578 0.736328 0.890625 0.738281 0.886719 0.738281 0.884766 0.736328 0.884766 0.730469 0.886719 0.728516 0.890625 0.728516 0.892578 0.730469 0.894531 0.730469
0 0.201172 0.744141 0.199219 0.744141 0.197266 0.746094 0.187500 0.746094 0.181641 0.740234 0.181641 0.730469 0.183594 0.728516 0.185547 0.728516 0.185547 0.726562 0.187500 0.724609 0.197266 0.724609 0.203125 0.730469 0.203125 0.740234 0.201172 0.742188
0 0.994141 0.734375 0.994141 0.738281 0.990234 0.738281 0.988281 0.736328 0.992188 0.732422
0 0.113281 0.738281 0.111328 0.740234 0.111328 0.742188 0.109375 0.744141 0.103516 0.744141 0.101562 0.742188 0.101562 0.740234 0.099609 0.738281 0.099609 0.736328 0.101562 0.734375 0.101562 0.732422 0.103516 0.730469 0.109375 0.730469 0.111328 0.732422 0.111328 0.734375 0.113281 0.736328
0 0.292969 0.740234 0.291016 0.740234 0.289062 0.742188 0.285156 0.742188 0.283203 0.740234 0.283203 0.734375 0.285156 0.732422 0.289062 0.732422 0.291016 0.734375 0.292969 0.734375
0 0.419922 0.746094 0.417969 0.746094 0.416016 0.748047 0.406250 0.748047 0.400391 0.742188 0.400391 0.732422 0.402344 0.730469 0.404297 0.730469 0.404297 0.728516 0.406250 0.726562 0.416016 0.726562 0.421875 0.732422 0.421875 0.742188 0.419922 0.744141
0 0.476562 0.740234 0.474609 0.742188 0.474609 0.744141 0.472656 0.746094 0.466797 0.746094 0.464844 0.744141 0.464844 0.742188 0.462891 0.740234 0.462891 0.738281 0.464844 0.736328 0.464844 0.734375 0.466797 0.732422 0.472656 0.732422 0.474609 0.734375 0.474609 0.736328 0.476562 0.738281
0 0.615234 0.742188 0.613281 0.742188 0.611328 0.744141 0.607422 0.744141 0.605469 0.742188 0.605469 0.736328 0.607422 0.734375 0.611328 0.734375 0.613281 0.736328 0.615234 0.736328
0 0.251953 0.744141 0.250000 0.744141 0.248047 0.746094 0.244141 0.746094 0.242188 0.744141 0.242188 0.738281 0.244141 0.736328 0.248047 0.736328 0.250000 0.738281 0.251953 0.738281
0 0.595703 0.744141 0.593750 0.744141 0.591797 0.746094 0.587891 0.746094 0.585938 0.744141 0.585938 0.738281 0.587891 0.736328 0.591797 0.736328 0.593750 0.738281 0.595703 0.738281
0 0.455078 0.742188 0.455078 0.746094 0.451172 0.746094 0.449219 0.744141 0.453125 0.740234
0 0.896484 0.744141 0.894531 0.746094 0.894531 0.748047 0.892578 0.750000 0.886719 0.750000 0.884766 0.748047 0.884766 0.746094 0.882812 0.744141 0.882812 0.742188 0.884766 0.740234 0.884766 0.738281 0.886719 0.736328 0.892578 0.736328 0.894531 0.738281 0.894531 0.740234 0.896484 0.742188
0 0.841797 0.744141 0.841797 0.748047 0.837891 0.748047 0.835938 0.746094 0.839844 0.742188
0 0.195312 0.748047 0.193359 0.750000 0.193359 0.751953 0.191406 0.753906 0.185547 0.753906 0.183594 0.751953 0.183594 0.750000 0.181641 0.748047 0.181641 0.746094 0.183594 0.744141 0.183594 0.742188 0.185547 0.740234 0.191406 0.740234 0.193359 0.742188 0.193359 0.744141 0.195312 0.746094
0 0.650391 0.750000 0.648438 0.750000 0.646484 0.751953 0.642578 0.751953 0.640625 0.750000 0.640625 0.744141 0.642578 0.742188 0.646484 0.742188 0.648438 0.744141 0.650391 0.744141
0 0.666016 0.751953 0.660156 0.757812 0.654297 0.757812 0.648438 0.751953 0.648438 0.746094 0.654297 0.740234 0.660156 0.740234 0.666016 0.746094
0 0.382812 0.753906 0.376953 0.759766 0.371094 0.759766 0.365234 0.753906 0.365234 0.748047 0.371094 0.742188 0.376953 0.742188 0.382812 0.748047
0 0.835938 0.750000 0.835938 0.753906 0.832031 0.753906 0.830078 0.751953 0.833984 0.748047
0 0.875000 0.753906 0.873047 0.753906 0.871094 0.755859 0.867188 0.755859 0.865234 0.753906 0.865234 0.748047 0.867188 0.746094 0.871094 0.746094 0.873047 0.748047 0.875000 0.748047
0 0.521484 0.757812 0.519531 0.759766 0.519531 0.761719 0.517578 0.763672 0.511719 0.763672 0.509766 0.761719 0.509766 0.759766 0.507812 0.757812 0.507812 0.755859 0.509766 0.753906 0.509766 0.751953 0.511719 0.750000 0.517578 0.750000 0.519531 0.751953 0.519531 0.753906 0.521484 0.755859
0 0.562500 0.759766 0.560547 0.759766 0.558594 0.761719 0.554688 0.761719 0.552734 0.759766 0.552734 0.753906 0.554688 0.751953 0.558594 0.751953 0.560547 0.753906 0.562500 0.753906
0 0.599609 0.757812 0.597656 0.759766 0.597656 0.761719 0.595703 0.763672 0.589844 0.763672 0.587891 0.761719 0.587891 0.759766 0.585938 0.757812 0.585938 0.755859 0.587891 0.753906 0.587891 0.751953 0.589844 0.750000 0.595703 0.750000 0.597656 0.751953 0.597656 0.753906 0.599609 0.755859
0 0.662109 0.759766 0.660156 0.759766 0.658203 0.761719 0.654297 0.761719 0.652344 0.759766 0.652344 0.753906 0.654297 0.751953 0.658203 0.751953 0.660156 0.753906 0.662109 0.753906
0 0.845703 0.755859 0.845703 0.759766 0.841797 0.759766 0.839844 0.757812 0.843750 0.753906
0 0.998047 0.753906 0.998047 0.759766 0.996094 0.759766 0.994141 0.757812
0 0.640625 0.761719 0.638672 0.761719 0.636719 0.763672 0.632812 0.763672 0.630859 0.761719 0.630859 0.755859 0.632812 0.753906 0.636719 0.753906 0.638672 0.755859 0.640625 0.755859
0 0.500000 0.763672 0.498047 0.765625 0.498047 0.767578 0.496094 0.769531 0.490234 0.769531 0.488281 0.767578 0.488281 0.765625 0.486328 0.763672 0.486328 0.761719 0.488281 0.759766 0.488281 0.757812 0.490234 0.755859 0.496094 0.755859 0.498047 0.757812 0.498047 0.759766 0.500000 0.761719
0 0.683594 0.765625 0.681641 0.765625 0.679688 0.767578 0.675781 0.767578 0.673828 0.765625 0.673828 0.759766 0.675781 0.757812 0.679688 0.757812 0.681641 0.759766 0.683594 0.759766
0 0.775391 0.763672 0.773438 0.765625 0.773438 0.767578 0.771484 0.769531 0.765625 0.769531 0.763672 0.767578 0.763672 0.765625 0.761719 0.763672 0.761719 0.761719 0.763672 0.759766 0.763672 0.757812 0.765625 0.755859 0.771484 0.755859 0.773438 0.757812 0.773438 0.759766 0.775391 0.761719
0 0.742188 0.767578 0.736328 0.773438 0.730469 0.773438 0.724609 0.767578 0.724609 0.761719 0.730469 0.755859 0.736328 0.755859 0.742188 0.761719
0 0.986328 0.763672 0.986328 0.767578 0.982422 0.767578 0.980469 0.765625 0.984375 0.761719
0 0.662109 0.767578 0.660156 0.769531 0.660156 0.771484 0.658203 0.773438 0.652344 0.773438 0.650391 0.771484 0.650391 0.769531 0.648438 0.767578 0.648438 0.765625 0.650391 0.763672 0.650391 0.761719 0.652344 0.759766 0.658203 0.759766 0.660156 0.761719 0.660156 0.763672 0.662109 0.765625
0 0.792969 0.769531 0.791016 0.769531 0.789062 0.771484 0.785156 0.771484 0.783203 0.769531 0.783203 0.763672 0.785156 0.761719 0.789062 0.761719 0.791016 0.763672 0.792969 0.763672
0 0.193359 0.769531 0.191406 0.771484 0.191406 0.773438 0.189453 0.775391 0.183594 0.775391 0.181641 0.773438 0.181641 0.771484 0.179688 0.769531 0.179688 0.767578 0.181641 0.765625 0.181641 0.763672 0.183594 0.761719 0.189453 0.761719 0.191406 0.763672 0.191406 0.765625 0.193359 0.767578
0 0.597656 0.767578 0.597656 0.771484 0.593750 0.771484 0.591797 0.769531 0.595703 0.765625
0 0.580078 0.777344 0.578125 0.777344 0.576172 0.779297 0.572266 0.779297 0.570312 0.777344 0.570312 0.771484 0.572266 0.769531 0.576172 0.769531 0.578125 0.771484 0.580078 0.771484
0 0.890625 0.775391 0.888672 0.777344 0.888672 0.779297 0.886719 0.781250 0.880859 0.781250 0.878906 0.779297 0.878906 0.777344 0.876953 0.775391 0.876953 0.773438 0.878906 0.771484 0.878906 0.769531 0.880859 0.767578 0.886719 0.767578 0.888672 0.769531 0.888672 0.771484 0.890625 0.773438
0 0.998047 0.779297 0.994141 0.779297 0.992188 0.777344 0.992188 0.771484 0.994141 0.769531 0.998047 0.769531
0 0.382812 0.775391 0.382812 0.779297 0.378906 0.779297 0.376953 0.777344 0.380859 0.773438
0 0.562500 0.779297 0.560547 0.779297 0.558594 0.781250 0.554688 0.781250 0.552734 0.779297 0.552734 0.773438 0.554688 0.771484 0.558594 0.771484 0.560547 0.773438 0.562500 0.773438
0 0.123047 0.781250 0.121094 0.783203 0.121094 0.785156 0.119141 0.787109 0.113281 0.787109 0.111328 0.785156 0.111328 0.783203 0.109375 0.781250 0.109375 0.779297 0.111328 0.777344 0.111328 0.775391 0.113281 0.773438 0.119141 0.773438 0.121094 0.775391 0.121094 0.777344 0.123047 0.779297
0 0.158203 0.783203 0.156250 0.785156 0.156250 0.787109 0.154297 0.789062 0.148438 0.789062 0.146484 0.787109 0.146484 0.785156 0.144531 0.783203 0.144531 0.781250 0.146484 0.779297 0.146484 0.777344 0.148438 0.775391 0.154297 0.775391 0.156250 0.777344 0.156250 0.779297 0.158203 0.781250
0 0.677734 0.785156 0.671875 0.791016 0.666016 0.791016 0.660156 0.785156 0.660156 0.779297 0.666016 0.773438 0.671875 0.773438 0.677734 0.779297
0 0.832031 0.781250 0.832031 0.785156 0.828125 0.785156 0.826172 0.783203 0.830078 0.779297
0 0.125000 0.789062 0.123047 0.789062 0.121094 0.791016 0.117188 0.791016 0.115234 0.789062 0.115234 0.783203 0.117188 0.781250 0.121094 0.781250 0.123047 0.783203 0.125000 0.783203
0 0.513672 0.787109 0.511719 0.789062 0.511719 0.791016 0.509766 0.792969 0.503906 0.792969 0.501953 0.791016 0.501953 0.789062 0.500000 0.787109 0.500000 0.785156 0.501953 0.783203 0.501953 0.781250 0.503906 0.779297 0.509766 0.779297 0.511719 0.781250 0.511719 0.783203 0.513672 0.785156
0 0.595703 0.794922 0.593750 0.794922 0.591797 0.796875 0.582031 0.796875 0.576172 0.791016 0.576172 0.781250 0.578125 0.779297 0.580078 0.779297 0.580078 0.777344 0.582031 0.775391 0.591797 0.775391 0.597656 0.781250 0.597656 0.791016 0.595703 0.792969
0 0.824219 0.787109 0.824219 0.791016 0.820312 0.791016 0.818359 0.789062 0.822266 0.785156
0 0.837891 0.787109 0.837891 0.791016 0.833984 0.791016 0.832031 0.789062 0.835938 0.785156
0 0.451172 0.789062 0.451172 0.792969 0.447266 0.792969 0.445312 0.791016 0.449219 0.787109
0 0.462891 0.789062 0.462891 0.792969 0.458984 0.792969 0.457031 0.791016 0.460938 0.787109
0 0.482422 0.789062 0.482422 0.792969 0.478516 0.792969 0.476562 0.791016 0.480469 0.787109
0 0.562500 0.794922 0.556641 0.800781 0.550781 0.800781 0.544922 0.794922 0.544922 0.789062 0.550781 0.783203 0.556641 0.783203 0.562500 0.789062
0 0.628906 0.796875 0.626953 0.796875 0.625000 0.798828 0.621094 0.798828 0.619141 0.796875 0.619141 0.791016 0.621094 0.789062 0.625000 0.789062 0.626953 0.791016 0.628906 0.791016
0 0.832031 0.794922 0.832031 0.798828 0.828125 0.798828 0.826172 0.796875 0.830078 0.792969
0 0.691406 0.798828 0.689453 0.800781 0.689453 0.802734 0.687500 0.804688 0.681641 0.804688 0.679688 0.802734 0.679688 0.800781 0.677734 0.798828 0.677734 0.796875 0.679688 0.794922 0.679688 0.792969 0.681641 0.791016 0.687500 0.791016 0.689453 0.792969 0.689453 0.794922 0.691406 0.796875
0 0.533203 0.800781 0.531250 0.802734 0.531250 0.804688 0.529297 0.806641 0.523438 0.806641 0.521484 0.804688 0.521484 0.802734 0.519531 0.800781 0.519531 0.798828 0.521484 0.796875 0.521484 0.794922 0.523438 0.792969 0.529297 0.792969 0.531250 0.794922 0.531250 0.796875 0.533203 0.798828
0 0.789062 0.808594 0.787109 0.808594 0.785156 0.810547 0.775391 0.810547 0.769531 0.804688 0.769531 0.794922 0.771484 0.792969 0.773438 0.792969 0.773438 0.791016 0.775391 0.789062 0.785156 0.789062 0.791016 0.794922 0.791016 0.804688 0.789062 0.806641
0 0.486328 0.804688 0.484375 0.804688 0.482422 0.806641 0.478516 0.806641 0.476562 0.804688 0.476562 0.798828 0.478516 0.796875 0.482422 0.796875 0.484375 0.798828 0.486328 0.798828
0 0.666016 0.804688 0.664062 0.804688 0.662109 0.806641 0.658203 0.806641 0.656250 0.804688 0.656250 0.798828 0.658203 0.796875 0.662109 0.796875 0.664062 0.798828 0.666016 0.798828
0 0.607422 0.810547 0.605469 0.810547 0.603516 0.812500 0.599609 0.812500 0.597656 0.810547 0.597656 0.804688 0.599609 0.802734 0.603516 0.802734 0.605469 0.804688 0.607422 0.804688
0 0.511719 0.812500 0.509766 0.812500 0.507812 0.814453 0.503906 0.814453 0.501953 0.812500 0.501953 0.806641 0.503906 0.804688 0.507812 0.804688 0.509766 0.806641 0.511719 0.806641
0 0.580078 0.812500 0.574219 0.818359 0.568359 0.818359 0.562500 0.812500 0.562500 0.806641 0.568359 0.800781 0.574219 0.800781 0.580078 0.806641
0 0.679688 0.812500 0.677734 0.812500 0.675781 0.814453 0.671875 0.814453 0.669922 0.812500 0.669922 0.806641 0.671875 0.804688 0.675781 0.804688 0.677734 0.806641 0.679688 0.806641
0 0.759766 0.812500 0.753906 0.818359 0.748047 0.818359 0.742188 0.812500 0.742188 0.806641 0.748047 0.800781 0.753906 0.800781 0.759766 0.806641
0 0.363281 0.814453 0.361328 0.816406 0.361328 0.818359 0.359375 0.820312 0.353516 0.820312 0.351562 0.818359 0.351562 0.816406 0.349609 0.814453 0.349609 0.812500 0.351562 0.810547 0.351562 0.808594 0.353516 0.806641 0.359375 0.806641 0.361328 0.808594 0.361328 0.810547 0.363281 0.812500
0 0.998047 0.820312 0.994141 0.820312 0.992188 0.818359 0.992188 0.812500 0.994141 0.810547 0.998047 0.810547
0 0.548828 0.822266 0.542969 0.828125 0.537109 0.828125 0.531250 0.822266 0.531250 0.816406 0.537109 0.810547 0.542969 0.810547 0.548828 0.816406
0 0.771484 0.820312 0.769531 0.822266 0.769531 0.824219 0.767578 0.826172 0.761719 0.826172 0.759766 0.824219 0.759766 0.822266 0.757812 0.820312 0.757812 0.818359 0.759766 0.816406 0.759766 0.814453 0.761719 0.812500 0.767578 0.812500 0.769531 0.814453 0.769531 0.816406 0.771484 0.818359
0 0.873047 0.822266 0.871094 0.822266 0.869141 0.824219 0.865234 0.824219 0.863281 0.822266 0.863281 0.816406 0.865234 0.814453 0.869141 0.814453 0.871094 0.816406 0.873047 0.816406
0 0.523438 0.824219 0.521484 0.824219 0.519531 0.826172 0.515625 0.826172 0.513672 0.824219 0.513672 0.818359 0.515625 0.816406 0.519531 0.816406 0.521484 0.818359 0.523438 0.818359
0 0.789062 0.822266 0.789062 0.826172 0.785156 0.826172 0.783203 0.824219 0.787109 0.820312
0 0.332031 0.826172 0.330078 0.828125 0.330078 0.830078 0.328125 0.832031 0.322266 0.832031 0.320312 0.830078 0.320312 0.828125 0.318359 0.826172 0.318359 0.824219 0.320312 0.822266 0.320312 0.820312 0.322266 0.818359 0.328125 0.818359 0.330078 0.820312 0.330078 0.822266 0.332031 0.824219
0 0.398438 0.833984 0.396484 0.833984 0.394531 0.835938 0.384766 0.835938 0.378906 0.830078 0.378906 0.820312 0.380859 0.818359 0.382812 0.818359 0.382812 0.816406 0.384766 0.814453 0.394531 0.814453 0.400391 0.820312 0.400391 0.830078 0.398438 0.832031
0 0.437500 0.828125 0.435547 0.828125 0.433594 0.830078 0.429688 0.830078 0.427734 0.828125 0.427734 0.822266 0.429688 0.820312 0.433594 0.820312 0.435547 0.822266 0.437500 0.822266
0 0.988281 0.828125 0.986328 0.828125 0.984375 0.830078 0.980469 0.830078 0.978516 0.828125 0.978516 0.822266 0.980469 0.820312 0.984375 0.820312 0.986328 0.822266 0.988281 0.822266
0 0.681641 0.830078 0.681641 0.833984 0.677734 0.833984 0.675781 0.832031 0.679688 0.828125
0 0.693359 0.830078 0.693359 0.833984 0.689453 0.833984 0.687500 0.832031 0.691406 0.828125
0 0.576172 0.837891 0.574219 0.839844 0.574219 0.841797 0.572266 0.843750 0.566406 0.843750 0.564453 0.841797 0.564453 0.839844 0.562500 0.837891 0.562500 0.835938 0.564453 0.833984 0.564453 0.832031 0.566406 0.830078 0.572266 0.830078 0.574219 0.832031 0.574219 0.833984 0.576172 0.835938
0 0.685547 0.835938 0.685547 0.839844 0.681641 0.839844 0.679688 0.837891 0.683594 0.833984
0 0.539062 0.841797 0.537109 0.841797 0.535156 0.843750 0.531250 0.843750 0.529297 0.841797 0.529297 0.835938 0.531250 0.833984 0.535156 0.833984 0.537109 0.835938 0.539062 0.835938
0 0.748047 0.843750 0.746094 0.843750 0.744141 0.845703 0.740234 0.845703 0.738281 0.843750 0.738281 0.837891 0.740234 0.835938 0.744141 0.835938 0.746094 0.837891 0.748047 0.837891
0 0.763672 0.841797 0.761719 0.843750 0.761719 0.845703 0.759766 0.847656 0.753906 0.847656 0.751953 0.845703 0.751953 0.843750 0.750000 0.841797 0.750000 0.839844 0.751953 0.837891 0.751953 0.835938 0.753906 0.833984 0.759766 0.833984 0.761719 0.835938 0.761719 0.837891 0.763672 0.839844
0 0.339844 0.843750 0.337891 0.845703 0.337891 0.847656 0.335938 0.849609 0.330078 0.849609 0.328125 0.847656 0.328125 0.845703 0.326172 0.843750 0.326172 0.841797 0.328125 0.839844 0.328125 0.837891 0.330078 0.835938 0.335938 0.835938 0.337891 0.837891 0.337891 0.839844 0.339844 0.841797
0 0.513672 0.845703 0.511719 0.845703 0.509766 0.847656 0.505859 0.847656 0.503906 0.845703 0.503906 0.839844 0.505859 0.837891 0.509766 0.837891 0.511719 0.839844 0.513672 0.839844
0 0.566406 0.845703 0.564453 0.845703 0.562500 0.847656 0.558594 0.847656 0.556641 0.845703 0.556641 0.839844 0.558594 0.837891 0.562500 0.837891 0.564453 0.839844 0.566406 0.839844
0 0.818359 0.845703 0.816406 0.845703 0.814453 0.847656 0.810547 0.847656 0.808594 0.845703 0.808594 0.839844 0.810547 0.837891 0.814453 0.837891 0.816406 0.839844 0.818359 0.839844
0 0.443359 0.847656 0.441406 0.847656 0.439453 0.849609 0.435547 0.849609 0.433594 0.847656 0.433594 0.841797 0.435547 0.839844 0.439453 0.839844 0.441406 0.841797 0.443359 0.841797
0 0.525391 0.847656 0.523438 0.847656 0.521484 0.849609 0.517578 0.849609 0.515625 0.847656 0.515625 0.841797 0.517578 0.839844 0.521484 0.839844 0.523438 0.841797 0.525391 0.841797
0 0.486328 0.849609 0.484375 0.849609 0.482422 0.851562 0.478516 0.851562 0.476562 0.849609 0.476562 0.843750 0.478516 0.841797 0.482422 0.841797 0.484375 0.843750 0.486328 0.843750
0 0.767578 0.855469 0.765625 0.855469 0.763672 0.857422 0.753906 0.857422 0.748047 0.851562 0.748047 0.841797 0.750000 0.839844 0.751953 0.839844 0.751953 0.837891 0.753906 0.835938 0.763672 0.835938 0.769531 0.841797 0.769531 0.851562 0.767578 0.853516
0 0.998047 0.857422 0.992188 0.857422 0.986328 0.851562 0.986328 0.841797 0.988281 0.839844 0.990234 0.839844 0.990234 0.837891 0.992188 0.835938 0.998047 0.835938
0 0.546875 0.851562 0.544922 0.851562 0.542969 0.853516 0.539062 0.853516 0.537109 0.851562 0.537109 0.845703 0.539062 0.843750 0.542969 0.843750 0.544922 0.845703 0.546875 0.845703
0 0.968750 0.851562 0.966797 0.853516 0.966797 0.855469 0.964844 0.857422 0.958984 0.857422 0.957031 0.855469 0.957031 0.853516 0.955078 0.851562 0.955078 0.849609 0.957031 0.847656 0.957031 0.845703 0.958984 0.843750 0.964844 0.843750 0.966797 0.845703 0.966797 0.847656 0.968750 0.849609
0 0.810547 0.855469 0.808594 0.855469 0.806641 0.857422 0.802734 0.857422 0.800781 0.855469 0.800781 0.849609 0.802734 0.847656 0.806641 0.847656 0.808594 0.849609 0.810547 0.849609
0 0.513672 0.857422 0.511719 0.857422 0.509766 0.859375 0.505859 0.859375 0.503906 0.857422 0.503906 0.851562 0.505859 0.849609 0.509766 0.849609 0.511719 0.851562 0.513672 0.851562
0 0.625000 0.855469 0.625000 0.859375 0.621094 0.859375 0.619141 0.857422 0.623047 0.853516
0 0.630859 0.859375 0.630859 0.863281 0.626953 0.863281 0.625000 0.861328 0.628906 0.857422
0 0.500000 0.865234 0.498047 0.865234 0.496094 0.867188 0.492188 0.867188 0.490234 0.865234 0.490234 0.859375 0.492188 0.857422 0.496094 0.857422 0.498047 0.859375 0.500000 0.859375
0 0.527344 0.865234 0.525391 0.865234 0.523438 0.867188 0.519531 0.867188 0.517578 0.865234 0.517578 0.859375 0.519531 0.857422 0.523438 0.857422 0.525391 0.859375 0.527344 0.859375
0 0.619141 0.861328 0.619141 0.865234 0.615234 0.865234 0.613281 0.863281 0.617188 0.859375
0 0.761719 0.865234 0.759766 0.865234 0.757812 0.867188 0.753906 0.867188 0.751953 0.865234 0.751953 0.859375 0.753906 0.857422 0.757812 0.857422 0.759766 0.859375 0.761719 0.859375
0 0.775391 0.861328 0.775391 0.865234 0.771484 0.865234 0.769531 0.863281 0.773438 0.859375
0 0.880859 0.863281 0.880859 0.867188 0.876953 0.867188 0.875000 0.865234 0.878906 0.861328
0 0.462891 0.869141 0.457031 0.875000 0.451172 0.875000 0.445312 0.869141 0.445312 0.863281 0.451172 0.857422 0.457031 0.857422 0.462891 0.863281
0 0.349609 0.869141 0.347656 0.871094 0.347656 0.873047 0.345703 0.875000 0.339844 0.875000 0.337891 0.873047 0.337891 0.871094 0.335938 0.869141 0.335938 0.867188 0.337891 0.865234 0.337891 0.863281 0.339844 0.861328 0.345703 0.861328 0.347656 0.863281 0.347656 0.865234 0.349609 0.867188
0 0.484375 0.869141 0.482422 0.871094 0.482422 0.873047 0.480469 0.875000 0.474609 0.875000 0.472656 0.873047 0.472656 0.871094 0.470703 0.869141 0.470703 0.867188 0.472656 0.865234 0.472656 0.863281 0.474609 0.861328 0.480469 0.861328 0.482422 0.863281 0.482422 0.865234 0.484375 0.867188
0 0.628906 0.867188 0.628906 0.871094 0.625000 0.871094 0.623047 0.869141 0.626953 0.865234
0 0.708984 0.869141 0.707031 0.871094 0.707031 0.873047 0.705078 0.875000 0.699219 0.875000 0.697266 0.873047 0.697266 0.871094 0.695312 0.869141 0.695312 0.867188 0.697266 0.865234 0.697266 0.863281 0.699219 0.861328 0.705078 0.861328 0.707031 0.863281 0.707031 0.865234 0.708984 0.867188
0 0.779297 0.867188 0.779297 0.871094 0.775391 0.871094 0.773438 0.869141 0.777344 0.865234
0 0.873047 0.867188 0.873047 0.871094 0.869141 0.871094 0.867188 0.869141 0.871094 0.865234
0 0.984375 0.869141 0.982422 0.871094 0.982422 0.873047 0.980469 0.875000 0.974609 0.875000 0.972656 0.873047 0.972656 0.871094 0.970703 0.869141 0.970703 0.867188 0.972656 0.865234 0.972656 0.863281 0.974609 0.861328 0.980469 0.861328 0.982422 0.863281 0.982422 0.865234 0.984375 0.867188
0 0.878906 0.873047 0.878906 0.876953 0.875000 0.876953 0.873047 0.875000 0.876953 0.871094
0 0.958984 0.875000 0.958984 0.878906 0.955078 0.878906 0.953125 0.876953 0.957031 0.873047
0 0.775391 0.878906 0.775391 0.882812 0.771484 0.882812 0.769531 0.880859 0.773438 0.876953
0 0.949219 0.878906 0.949219 0.882812 0.945312 0.882812 0.943359 0.880859 0.947266 0.876953
0 0.761719 0.884766 0.755859 0.890625 0.750000 0.890625 0.744141 0.884766 0.744141 0.878906 0.750000 0.873047 0.755859 0.873047 0.761719 0.878906
0 0.958984 0.882812 0.958984 0.886719 0.955078 0.886719 0.953125 0.884766 0.957031 0.880859
0 0.472656 0.888672 0.470703 0.890625 0.470703 0.892578 0.468750 0.894531 0.462891 0.894531 0.460938 0.892578 0.460938 0.890625 0.458984 0.888672 0.458984 0.886719 0.460938 0.884766 0.460938 0.882812 0.462891 0.880859 0.468750 0.880859 0.470703 0.882812 0.470703 0.884766 0.472656 0.886719
0 0.730469 0.890625 0.728516 0.890625 0.726562 0.892578 0.722656 0.892578 0.720703 0.890625 0.720703 0.884766 0.722656 0.882812 0.726562 0.882812 0.728516 0.884766 0.730469 0.884766
0 0.839844 0.894531 0.839844 0.898438 0.835938 0.898438 0.833984 0.896484 0.837891 0.892578
0 0.640625 0.900391 0.638672 0.900391 0.636719 0.902344 0.632812 0.902344 0.630859 0.900391 0.630859 0.894531 0.632812 0.892578 0.636719 0.892578 0.638672 0.894531 0.640625 0.894531
0 0.681641 0.902344 0.679688 0.902344 0.677734 0.904297 0.673828 0.904297 0.671875 0.902344 0.671875 0.896484 0.673828 0.894531 0.677734 0.894531 0.679688 0.896484 0.681641 0.896484
0 0.744141 0.902344 0.742188 0.902344 0.740234 0.904297 0.736328 0.904297 0.734375 0.902344 0.734375 0.896484 0.736328 0.894531 0.740234 0.894531 0.742188 0.896484 0.744141 0.896484
0 0.830078 0.898438 0.830078 0.902344 0.826172 0.902344 0.824219 0.900391 0.828125 0.896484
0 0.343750 0.902344 0.341797 0.904297 0.341797 0.906250 0.339844 0.908203 0.333984 0.908203 0.332031 0.906250 0.332031 0.904297 0.330078 0.902344 0.330078 0.900391 0.332031 0.898438 0.332031 0.896484 0.333984 0.894531 0.339844 0.894531 0.341797 0.896484 0.341797 0.898438 0.343750 0.900391
0 0.988281 0.900391 0.988281 0.904297 0.984375 0.904297 0.982422 0.902344 0.986328 0.898438
0 0.976562 0.902344 0.976562 0.906250 0.972656 0.906250 0.970703 0.904297 0.974609 0.900391
0 0.503906 0.908203 0.501953 0.908203 0.500000 0.910156 0.496094 0.910156 0.494141 0.908203 0.494141 0.902344 0.496094 0.900391 0.500000 0.900391 0.501953 0.902344 0.503906 0.902344
0 0.480469 0.916016 0.478516 0.916016 0.476562 0.917969 0.466797 0.917969 0.460938 0.912109 0.460938 0.902344 0.462891 0.900391 0.464844 0.900391 0.464844 0.898438 0.466797 0.896484 0.476562 0.896484 0.482422 0.902344 0.482422 0.912109 0.480469 0.914062
0 0.552734 0.910156 0.550781 0.910156 0.548828 0.912109 0.544922 0.912109 0.542969 0.910156 0.542969 0.904297 0.544922 0.902344 0.548828 0.902344 0.550781 0.904297 0.552734 0.904297
0 0.996094 0.910156 0.994141 0.910156 0.992188 0.912109 0.988281 0.912109 0.986328 0.910156 0.986328 0.904297 0.988281 0.902344 0.992188 0.902344 0.994141 0.904297 0.996094 0.904297
0 0.341797 0.910156 0.339844 0.912109 0.339844 0.914062 0.337891 0.916016 0.332031 0.916016 0.330078 0.914062 0.330078 0.912109 0.328125 0.910156 0.328125 0.908203 0.330078 0.906250 0.330078 0.904297 0.332031 0.902344 0.337891 0.902344 0.339844 0.904297 0.339844 0.906250 0.341797 0.908203
0 0.658203 0.910156 0.656250 0.912109 0.656250 0.914062 0.654297 0.916016 0.648438 0.916016 0.646484 0.914062 0.646484 0.912109 0.644531 0.910156 0.644531 0.908203 0.646484 0.906250 0.646484 0.904297 0.648438 0.902344 0.654297 0.902344 0.656250 0.904297 0.656250 0.906250 0.658203 0.908203
0 0.685547 0.914062 0.683594 0.914062 0.681641 0.916016 0.677734 0.916016 0.675781 0.914062 0.675781 0.908203 0.677734 0.906250 0.681641 0.906250 0.683594 0.908203 0.685547 0.908203
0 0.998047 0.919922 0.994141 0.919922 0.988281 0.914062 0.988281 0.908203 0.994141 0.902344 0.998047 0.902344
0 0.640625 0.912109 0.640625 0.916016 0.636719 0.916016 0.634766 0.914062 0.638672 0.910156
0 0.794922 0.916016 0.792969 0.916016 0.791016 0.917969 0.787109 0.917969 0.785156 0.916016 0.785156 0.910156 0.787109 0.908203 0.791016 0.908203 0.792969 0.910156 0.794922 0.910156
0 0.560547 0.917969 0.558594 0.917969 0.556641 0.919922 0.552734 0.919922 0.550781 0.917969 0.550781 0.912109 0.552734 0.910156 0.556641 0.910156 0.558594 0.912109 0.560547 0.912109
0 0.574219 0.914062 0.574219 0.917969 0.570312 0.917969 0.568359 0.916016 0.572266 0.912109
0 0.982422 0.914062 0.982422 0.917969 0.978516 0.917969 0.976562 0.916016 0.980469 0.912109
0 0.734375 0.916016 0.734375 0.919922 0.730469 0.919922 0.728516 0.917969 0.732422 0.914062
0 0.808594 0.919922 0.806641 0.919922 0.804688 0.921875 0.800781 0.921875 0.798828 0.919922 0.798828 0.914062 0.800781 0.912109 0.804688 0.912109 0.806641 0.914062 0.808594 0.914062
0 0.748047 0.919922 0.748047 0.923828 0.744141 0.923828 0.742188 0.921875 0.746094 0.917969
0 0.541016 0.923828 0.539062 0.925781 0.539062 0.927734 0.537109 0.929688 0.531250 0.929688 0.529297 0.927734 0.529297 0.925781 0.527344 0.923828 0.527344 0.921875 0.529297 0.919922 0.529297 0.917969 0.531250 0.916016 0.537109 0.916016 0.539062 0.917969 0.539062 0.919922 0.541016 0.921875
0 0.583984 0.921875 0.583984 0.925781 0.580078 0.925781 0.578125 0.923828 0.582031 0.919922
0 0.734375 0.921875 0.734375 0.925781 0.730469 0.925781 0.728516 0.923828 0.732422 0.919922
0 0.806641 0.921875 0.806641 0.925781 0.802734 0.925781 0.800781 0.923828 0.804688 0.919922
0 0.552734 0.929688 0.550781 0.929688 0.548828 0.931641 0.544922 0.931641 0.542969 0.929688 0.542969 0.923828 0.544922 0.921875 0.548828 0.921875 0.550781 0.923828 0.552734 0.923828
0 0.740234 0.925781 0.740234 0.929688 0.736328 0.929688 0.734375 0.927734 0.738281 0.923828
0 0.576172 0.927734 0.576172 0.931641 0.572266 0.931641 0.570312 0.929688 0.574219 0.925781
0 0.675781 0.929688 0.673828 0.931641 0.673828 0.933594 0.671875 0.935547 0.666016 0.935547 0.664062 0.933594 0.664062 0.931641 0.662109 0.929688 0.662109 0.927734 0.664062 0.925781 0.664062 0.923828 0.666016 0.921875 0.671875 0.921875 0.673828 0.923828 0.673828 0.925781 0.675781 0.927734
0 0.244141 0.933594 0.238281 0.939453 0.232422 0.939453 0.226562 0.933594 0.226562 0.927734 0.232422 0.921875 0.238281 0.921875 0.244141 0.927734
0 0.333984 0.931641 0.332031 0.933594 0.332031 0.935547 0.330078 0.937500 0.324219 0.937500 0.322266 0.935547 0.322266 0.933594 0.320312 0.931641 0.320312 0.929688 0.322266 0.927734 0.322266 0.925781 0.324219 0.923828 0.330078 0.923828 0.332031 0.925781 0.332031 0.927734 0.333984 0.929688
0 0.792969 0.933594 0.791016 0.933594 0.789062 0.935547 0.785156 0.935547 0.783203 0.933594 0.783203 0.927734 0.785156 0.925781 0.789062 0.925781 0.791016 0.927734 0.792969 0.927734
0 0.208984 0.935547 0.207031 0.937500 0.207031 0.939453 0.205078 0.941406 0.199219 0.941406 0.197266 0.939453 0.197266 0.937500 0.195312 0.935547 0.195312 0.933594 0.197266 0.931641 0.197266 0.929688 0.199219 0.927734 0.205078 0.927734 0.207031 0.929688 0.207031 0.931641 0.208984 0.933594
0 0.683594 0.933594 0.683594 0.937500 0.679688 0.937500 0.677734 0.935547 0.681641 0.931641
0 0.826172 0.935547 0.826172 0.939453 0.822266 0.939453 0.820312 0.937500 0.824219 0.933594
0 0.937500 0.937500 0.937500 0.941406 0.933594 0.941406 0.931641 0.939453 0.935547 0.935547
0 0.667969 0.939453 0.667969 0.943359 0.664062 0.943359 0.662109 0.941406 0.666016 0.937500
0 0.947266 0.945312 0.945312 0.945312 0.943359 0.947266 0.939453 0.947266 0.937500 0.945312 0.937500 0.939453 0.939453 0.937500 0.943359 0.937500 0.945312 0.939453 0.947266 0.939453
0 0.826172 0.943359 0.826172 0.947266 0.822266 0.947266 0.820312 0.945312 0.824219 0.941406
0 0.285156 0.947266 0.283203 0.949219 0.283203 0.951172 0.281250 0.953125 0.275391 0.953125 0.273438 0.951172 0.273438 0.949219 0.271484 0.947266 0.271484 0.945312 0.273438 0.943359 0.273438 0.941406 0.275391 0.939453 0.281250 0.939453 0.283203 0.941406 0.283203 0.943359 0.285156 0.945312
0 0.310547 0.955078 0.308594 0.955078 0.306641 0.957031 0.296875 0.957031 0.291016 0.951172 0.291016 0.941406 0.292969 0.939453 0.294922 0.939453 0.294922 0.937500 0.296875 0.935547 0.306641 0.935547 0.312500 0.941406 0.312500 0.951172 0.310547 0.953125
0 0.671875 0.947266 0.671875 0.951172 0.667969 0.951172 0.666016 0.949219 0.669922 0.945312
0 0.679688 0.947266 0.679688 0.951172 0.675781 0.951172 0.673828 0.949219 0.677734 0.945312
0 0.820312 0.951172 0.818359 0.951172 0.816406 0.953125 0.812500 0.953125 0.810547 0.951172 0.810547 0.945312 0.812500 0.943359 0.816406 0.943359 0.818359 0.945312 0.820312 0.945312
0 0.986328 0.951172 0.984375 0.951172 0.982422 0.953125 0.978516 0.953125 0.976562 0.951172 0.976562 0.945312 0.978516 0.943359 0.982422 0.943359 0.984375 0.945312 0.986328 0.945312
0 0.195312 0.953125 0.193359 0.955078 0.193359 0.957031 0.191406 0.958984 0.185547 0.958984 0.183594 0.957031 0.183594 0.955078 0.181641 0.953125 0.181641 0.951172 0.183594 0.949219 0.183594 0.947266 0.185547 0.945312 0.191406 0.945312 0.193359 0.947266 0.193359 0.949219 0.195312 0.951172
0 0.537109 0.951172 0.537109 0.955078 0.533203 0.955078 0.531250 0.953125 0.535156 0.949219
0 0.941406 0.955078 0.939453 0.955078 0.937500 0.957031 0.933594 0.957031 0.931641 0.955078 0.931641 0.949219 0.933594 0.947266 0.937500 0.947266 0.939453 0.949219 0.941406 0.949219
0 0.955078 0.953125 0.955078 0.957031 0.951172 0.957031 0.949219 0.955078 0.953125 0.951172
0 0.691406 0.964844 0.689453 0.964844 0.687500 0.966797 0.677734 0.966797 0.671875 0.960938 0.671875 0.951172 0.673828 0.949219 0.675781 0.949219 0.675781 0.947266 0.677734 0.945312 0.687500 0.945312 0.693359 0.951172 0.693359 0.960938 0.691406 0.962891
0 0.972656 0.964844 0.970703 0.964844 0.968750 0.966797 0.958984 0.966797 0.953125 0.960938 0.953125 0.951172 0.955078 0.949219 0.957031 0.949219 0.957031 0.947266 0.958984 0.945312 0.968750 0.945312 0.974609 0.951172 0.974609 0.960938 0.972656 0.962891
0 0.193359 0.962891 0.187500 0.968750 0.181641 0.968750 0.175781 0.962891 0.175781 0.957031 0.181641 0.951172 0.187500 0.951172 0.193359 0.957031
0 0.642578 0.958984 0.642578 0.962891 0.638672 0.962891 0.636719 0.960938 0.640625 0.957031
0 0.720703 0.958984 0.720703 0.962891 0.716797 0.962891 0.714844 0.960938 0.718750 0.957031
0 0.810547 0.962891 0.808594 0.962891 0.806641 0.964844 0.802734 0.964844 0.800781 0.962891 0.800781 0.957031 0.802734 0.955078 0.806641 0.955078 0.808594 0.957031 0.810547 0.957031
0 0.998047 0.966797 0.994141 0.966797 0.992188 0.964844 0.992188 0.958984 0.994141 0.957031 0.998047 0.957031
0 0.619141 0.962891 0.619141 0.966797 0.615234 0.966797 0.613281 0.964844 0.617188 0.960938
0 0.732422 0.964844 0.732422 0.968750 0.728516 0.968750 0.726562 0.966797 0.730469 0.962891
0 0.537109 0.968750 0.535156 0.970703 0.535156 0.972656 0.533203 0.974609 0.527344 0.974609 0.525391 0.972656 0.525391 0.970703 0.523438 0.968750 0.523438 0.966797 0.525391 0.964844 0.525391 0.962891 0.527344 0.960938 0.533203 0.960938 0.535156 0.962891 0.535156 0.964844 0.537109 0.966797
0 0.753906 0.966797 0.753906 0.970703 0.750000 0.970703 0.748047 0.968750 0.751953 0.964844
0 0.986328 0.970703 0.984375 0.970703 0.982422 0.972656 0.978516 0.972656 0.976562 0.970703 0.976562 0.964844 0.978516 0.962891 0.982422 0.962891 0.984375 0.964844 0.986328 0.964844
0 0.625000 0.968750 0.625000 0.972656 0.621094 0.972656 0.619141 0.970703 0.623047 0.966797
0 0.697266 0.972656 0.695312 0.972656 0.693359 0.974609 0.689453 0.974609 0.687500 0.972656 0.687500 0.966797 0.689453 0.964844 0.693359 0.964844 0.695312 0.966797 0.697266 0.966797
0 0.767578 0.976562 0.765625 0.976562 0.763672 0.978516 0.759766 0.978516 0.757812 0.976562 0.757812 0.970703 0.759766 0.968750 0.763672 0.968750 0.765625 0.970703 0.767578 0.970703
0 0.714844 0.976562 0.712891 0.978516 0.712891 0.980469 0.710938 0.982422 0.705078 0.982422 0.703125 0.980469 0.703125 0.978516 0.701172 0.976562 0.701172 0.974609 0.703125 0.972656 0.703125 0.970703 0.705078 0.968750 0.710938 0.968750 0.712891 0.970703 0.712891 0.972656 0.714844 0.974609
0 0.742188 0.978516 0.740234 0.980469 0.740234 0.982422 0.738281 0.984375 0.732422 0.984375 0.730469 0.982422 0.730469 0.980469 0.728516 0.978516 0.728516 0.976562 0.730469 0.974609 0.730469 0.972656 0.732422 0.970703 0.738281 0.970703 0.740234 0.972656 0.740234 0.974609 0.742188 0.976562
0 0.515625 0.984375 0.513672 0.986328 0.513672 0.988281 0.511719 0.990234 0.505859 0.990234 0.503906 0.988281 0.503906 0.986328 0.501953 0.984375 0.501953 0.982422 0.503906 0.980469 0.503906 0.978516 0.505859 0.976562 0.511719 0.976562 0.513672 0.978516 0.513672 0.980469 0.515625 0.982422
0 0.705078 0.984375 0.705078 0.988281 0.701172 0.988281 0.699219 0.986328 0.703125 0.982422
0 0.955078 0.990234 0.953125 0.990234 0.951172 0.992188 0.947266 0.992188 0.945312 0.990234 0.945312 0.984375 0.947266 0.982422 0.951172 0.982422 0.953125 0.984375 0.955078 0.984375
0 0.689453 0.990234 0.687500 0.992188 0.687500 0.994141 0.685547 0.996094 0.679688 0.996094 0.677734 0.994141 0.677734 0.992188 0.675781 0.990234 0.675781 0.988281 0.677734 0.986328 0.677734 0.984375 0.679688 0.982422 0.685547 0.982422 0.687500 0.984375 0.687500 0.986328 0.689453 0.988281
0 0.197266 0.998047 0.175781 0.998047 0.175781 0.992188 0.177734 0.990234 0.179688 0.990234 0.179688 0.988281 0.181641 0.986328 0.191406 0.986328 0.197266 0.992188
0 0.263672 0.998047 0.246094 0.998047 0.246094 0.994141 0.251953 0.988281 0.257812 0.988281 0.263672 0.994141
0 0.330078 0.998047 0.308594 0.998047 0.308594 0.992188 0.310547 0.990234 0.312500 0.990234 0.312500 0.988281 0.314453 0.986328 0.324219 0.986328 0.330078 0.992188
0 0.480469 0.998047 0.470703 0.998047 0.470703 0.994141 0.472656 0.992188 0.476562 0.992188 0.478516 0.994141 0.480469 0.994141
0 0.488281 0.998047 0.474609 0.998047 0.474609 0.996094 0.476562 0.994141 0.476562 0.992188 0.478516 0.990234 0.484375 0.990234 0.486328 0.992188 0.486328 0.994141 0.488281 0.996094
0 0.507812 0.998047 0.486328 0.998047 0.486328 0.992188 0.488281 0.990234 0.490234 0.990234 0.490234 0.988281 0.492188 0.986328 0.501953 0.986328 0.507812 0.992188
0 0.667969 0.998047 0.658203 0.998047 0.658203 0.994141 0.660156 0.992188 0.664062 0.992188 0.666016 0.994141 0.667969 0.994141
0 0.697266 0.998047 0.679688 0.998047 0.679688 0.994141 0.685547 0.988281 0.691406 0.988281 0.697266 0.994141
0 0.746094 0.998047 0.732422 0.998047 0.732422 0.996094 0.734375 0.994141 0.734375 0.992188 0.736328 0.990234 0.742188 0.990234 0.744141 0.992188 0.744141 0.994141 0.746094 0.996094
0 0.791016 0.998047 0.769531 0.998047 0.769531 0.992188 0.771484 0.990234 0.773438 0.990234 0.773438 0.988281 0.775391 0.986328 0.785156 0.986328 0.791016 0.992188
